ISO-10303-21;
HEADER;
/* Generated by software containing ST-Developer
 * from STEP Tools, Inc. (www.steptools.com) 
 */

FILE_DESCRIPTION(
/* description */ (''),
/* implementation_level */ '2;1');

FILE_NAME(
/* name */ 'ConnectorPartBcap.step',
/* time_stamp */ '2026-06-07T20:28:24-05:00',
/* author */ (''),
/* organization */ (''),
/* preprocessor_version */ 'ST-DEVELOPER v20.1',
/* originating_system */ 'Autodesk Translation Framework v14.21.0.0',
/* authorisation */ '');

FILE_SCHEMA (('AUTOMOTIVE_DESIGN { 1 0 10303 214 3 1 1 }'));
ENDSEC;

DATA;
#10=MECHANICAL_DESIGN_GEOMETRIC_PRESENTATION_REPRESENTATION('',(#13),#3416);
#11=SHAPE_REPRESENTATION_RELATIONSHIP('SRR','None',#3423,#12);
#12=ADVANCED_BREP_SHAPE_REPRESENTATION('',(#14),#3415);
#13=STYLED_ITEM('',(#3432),#14);
#14=MANIFOLD_SOLID_BREP('Body1',#1870);
#15=CONICAL_SURFACE('',#2174,15.28,0.540419500270584);
#16=SPHERICAL_SURFACE('',#1954,0.2);
#17=SPHERICAL_SURFACE('',#1962,0.2);
#18=SPHERICAL_SURFACE('',#1976,0.2);
#19=SPHERICAL_SURFACE('',#1989,0.2);
#20=SPHERICAL_SURFACE('',#2007,0.2);
#21=SPHERICAL_SURFACE('',#2033,0.2);
#22=SPHERICAL_SURFACE('',#2038,0.2);
#23=SPHERICAL_SURFACE('',#2054,0.2);
#24=SPHERICAL_SURFACE('',#2069,0.2);
#25=SPHERICAL_SURFACE('',#2073,0.2);
#26=SPHERICAL_SURFACE('',#2084,0.2);
#27=SPHERICAL_SURFACE('',#2094,0.2);
#28=LINE('',#2876,#131);
#29=LINE('',#2893,#132);
#30=LINE('',#2907,#133);
#31=LINE('',#2919,#134);
#32=LINE('',#2945,#135);
#33=LINE('',#2960,#136);
#34=LINE('',#2964,#137);
#35=LINE('',#2968,#138);
#36=LINE('',#2971,#139);
#37=LINE('',#2980,#140);
#38=LINE('',#3044,#141);
#39=LINE('',#3053,#142);
#40=LINE('',#3054,#143);
#41=LINE('',#3056,#144);
#42=LINE('',#3057,#145);
#43=LINE('',#3068,#146);
#44=LINE('',#3069,#147);
#45=LINE('',#3071,#148);
#46=LINE('',#3072,#149);
#47=LINE('',#3105,#150);
#48=LINE('',#3107,#151);
#49=LINE('',#3127,#152);
#50=LINE('',#3128,#153);
#51=LINE('',#3137,#154);
#52=LINE('',#3138,#155);
#53=LINE('',#3165,#156);
#54=LINE('',#3166,#157);
#55=LINE('',#3168,#158);
#56=LINE('',#3169,#159);
#57=LINE('',#3196,#160);
#58=LINE('',#3197,#161);
#59=LINE('',#3222,#162);
#60=LINE('',#3223,#163);
#61=LINE('',#3225,#164);
#62=LINE('',#3226,#165);
#63=LINE('',#3244,#166);
#64=LINE('',#3245,#167);
#65=LINE('',#3263,#168);
#66=LINE('',#3264,#169);
#67=LINE('',#3266,#170);
#68=LINE('',#3267,#171);
#69=LINE('',#3287,#172);
#70=LINE('',#3288,#173);
#71=LINE('',#3290,#174);
#72=LINE('',#3291,#175);
#73=LINE('',#3293,#176);
#74=LINE('',#3294,#177);
#75=LINE('',#3296,#178);
#76=LINE('',#3297,#179);
#77=LINE('',#3299,#180);
#78=LINE('',#3300,#181);
#79=LINE('',#3302,#182);
#80=LINE('',#3303,#183);
#81=LINE('',#3305,#184);
#82=LINE('',#3306,#185);
#83=LINE('',#3308,#186);
#84=LINE('',#3309,#187);
#85=LINE('',#3311,#188);
#86=LINE('',#3312,#189);
#87=LINE('',#3314,#190);
#88=LINE('',#3315,#191);
#89=LINE('',#3317,#192);
#90=LINE('',#3318,#193);
#91=LINE('',#3320,#194);
#92=LINE('',#3321,#195);
#93=LINE('',#3323,#196);
#94=LINE('',#3324,#197);
#95=LINE('',#3326,#198);
#96=LINE('',#3327,#199);
#97=LINE('',#3329,#200);
#98=LINE('',#3330,#201);
#99=LINE('',#3332,#202);
#100=LINE('',#3333,#203);
#101=LINE('',#3335,#204);
#102=LINE('',#3336,#205);
#103=LINE('',#3338,#206);
#104=LINE('',#3339,#207);
#105=LINE('',#3341,#208);
#106=LINE('',#3342,#209);
#107=LINE('',#3344,#210);
#108=LINE('',#3345,#211);
#109=LINE('',#3347,#212);
#110=LINE('',#3348,#213);
#111=LINE('',#3350,#214);
#112=LINE('',#3351,#215);
#113=LINE('',#3353,#216);
#114=LINE('',#3354,#217);
#115=LINE('',#3356,#218);
#116=LINE('',#3357,#219);
#117=LINE('',#3359,#220);
#118=LINE('',#3360,#221);
#119=LINE('',#3362,#222);
#120=LINE('',#3363,#223);
#121=LINE('',#3365,#224);
#122=LINE('',#3367,#225);
#123=LINE('',#3368,#226);
#124=LINE('',#3370,#227);
#125=LINE('',#3371,#228);
#126=LINE('',#3373,#229);
#127=LINE('',#3374,#230);
#128=LINE('',#3376,#231);
#129=LINE('',#3377,#232);
#130=LINE('',#3412,#233);
#131=VECTOR('',#2193,3.5);
#132=VECTOR('',#2214,3.5);
#133=VECTOR('',#2231,1.4);
#134=VECTOR('',#2246,1.4);
#135=VECTOR('',#2281,2.66);
#136=VECTOR('',#2298,10.);
#137=VECTOR('',#2301,10.);
#138=VECTOR('',#2304,10.);
#139=VECTOR('',#2307,10.);
#140=VECTOR('',#2318,2.66);
#141=VECTOR('',#2397,10.);
#142=VECTOR('',#2408,10.);
#143=VECTOR('',#2409,10.);
#144=VECTOR('',#2412,10.);
#145=VECTOR('',#2413,10.);
#146=VECTOR('',#2426,10.);
#147=VECTOR('',#2427,10.);
#148=VECTOR('',#2430,10.);
#149=VECTOR('',#2431,10.);
#150=VECTOR('',#2470,10.);
#151=VECTOR('',#2473,10.);
#152=VECTOR('',#2496,10.);
#153=VECTOR('',#2497,10.);
#154=VECTOR('',#2508,10.);
#155=VECTOR('',#2509,10.);
#156=VECTOR('',#2540,10.);
#157=VECTOR('',#2541,10.);
#158=VECTOR('',#2544,10.);
#159=VECTOR('',#2545,10.);
#160=VECTOR('',#2576,10.);
#161=VECTOR('',#2577,10.);
#162=VECTOR('',#2606,10.);
#163=VECTOR('',#2607,10.);
#164=VECTOR('',#2610,10.);
#165=VECTOR('',#2611,10.);
#166=VECTOR('',#2632,10.);
#167=VECTOR('',#2633,10.);
#168=VECTOR('',#2654,10.);
#169=VECTOR('',#2655,10.);
#170=VECTOR('',#2658,10.);
#171=VECTOR('',#2659,10.);
#172=VECTOR('',#2682,10.);
#173=VECTOR('',#2683,10.);
#174=VECTOR('',#2686,10.);
#175=VECTOR('',#2687,10.);
#176=VECTOR('',#2690,10.);
#177=VECTOR('',#2691,10.);
#178=VECTOR('',#2694,10.);
#179=VECTOR('',#2695,10.);
#180=VECTOR('',#2698,10.);
#181=VECTOR('',#2699,10.);
#182=VECTOR('',#2702,10.);
#183=VECTOR('',#2703,10.);
#184=VECTOR('',#2706,10.);
#185=VECTOR('',#2707,10.);
#186=VECTOR('',#2710,10.);
#187=VECTOR('',#2711,10.);
#188=VECTOR('',#2714,10.);
#189=VECTOR('',#2715,10.);
#190=VECTOR('',#2718,10.);
#191=VECTOR('',#2719,10.);
#192=VECTOR('',#2722,10.);
#193=VECTOR('',#2723,10.);
#194=VECTOR('',#2726,10.);
#195=VECTOR('',#2727,10.);
#196=VECTOR('',#2730,10.);
#197=VECTOR('',#2731,10.);
#198=VECTOR('',#2734,10.);
#199=VECTOR('',#2735,10.);
#200=VECTOR('',#2738,10.);
#201=VECTOR('',#2739,10.);
#202=VECTOR('',#2742,10.);
#203=VECTOR('',#2743,10.);
#204=VECTOR('',#2746,10.);
#205=VECTOR('',#2747,10.);
#206=VECTOR('',#2750,10.);
#207=VECTOR('',#2751,10.);
#208=VECTOR('',#2754,10.);
#209=VECTOR('',#2755,10.);
#210=VECTOR('',#2758,10.);
#211=VECTOR('',#2759,10.);
#212=VECTOR('',#2762,10.);
#213=VECTOR('',#2763,10.);
#214=VECTOR('',#2766,10.);
#215=VECTOR('',#2767,10.);
#216=VECTOR('',#2770,10.);
#217=VECTOR('',#2771,10.);
#218=VECTOR('',#2774,10.);
#219=VECTOR('',#2775,10.);
#220=VECTOR('',#2778,10.);
#221=VECTOR('',#2779,10.);
#222=VECTOR('',#2782,10.);
#223=VECTOR('',#2783,10.);
#224=VECTOR('',#2786,10.);
#225=VECTOR('',#2789,10.);
#226=VECTOR('',#2790,10.);
#227=VECTOR('',#2793,10.);
#228=VECTOR('',#2794,10.);
#229=VECTOR('',#2797,10.);
#230=VECTOR('',#2798,10.);
#231=VECTOR('',#2801,10.);
#232=VECTOR('',#2802,10.);
#233=VECTOR('',#2861,15.28);
#234=CYLINDRICAL_SURFACE('',#1891,3.5);
#235=CYLINDRICAL_SURFACE('',#1901,3.5);
#236=CYLINDRICAL_SURFACE('',#1908,1.4);
#237=CYLINDRICAL_SURFACE('',#1915,1.4);
#238=CYLINDRICAL_SURFACE('',#1932,2.66);
#239=CYLINDRICAL_SURFACE('',#1949,2.66);
#240=CYLINDRICAL_SURFACE('',#1988,0.2);
#241=CYLINDRICAL_SURFACE('',#1993,0.2);
#242=CYLINDRICAL_SURFACE('',#1994,0.2);
#243=CYLINDRICAL_SURFACE('',#2000,0.2);
#244=CYLINDRICAL_SURFACE('',#2001,0.2);
#245=CYLINDRICAL_SURFACE('',#2020,0.2);
#246=CYLINDRICAL_SURFACE('',#2021,0.2);
#247=CYLINDRICAL_SURFACE('',#2032,0.2);
#248=CYLINDRICAL_SURFACE('',#2037,0.2);
#249=CYLINDRICAL_SURFACE('',#2052,0.2);
#250=CYLINDRICAL_SURFACE('',#2053,0.2);
#251=CYLINDRICAL_SURFACE('',#2068,0.2);
#252=CYLINDRICAL_SURFACE('',#2082,0.2);
#253=CYLINDRICAL_SURFACE('',#2083,0.2);
#254=CYLINDRICAL_SURFACE('',#2093,0.2);
#255=CYLINDRICAL_SURFACE('',#2103,0.2);
#256=CYLINDRICAL_SURFACE('',#2104,0.2);
#257=CYLINDRICAL_SURFACE('',#2115,0.2);
#258=CYLINDRICAL_SURFACE('',#2116,0.2);
#259=CYLINDRICAL_SURFACE('',#2117,0.2);
#260=CYLINDRICAL_SURFACE('',#2118,0.2);
#261=CYLINDRICAL_SURFACE('',#2119,0.2);
#262=CYLINDRICAL_SURFACE('',#2120,0.2);
#263=CYLINDRICAL_SURFACE('',#2121,0.2);
#264=CYLINDRICAL_SURFACE('',#2122,0.2);
#265=CYLINDRICAL_SURFACE('',#2123,0.2);
#266=CYLINDRICAL_SURFACE('',#2124,0.2);
#267=CYLINDRICAL_SURFACE('',#2125,0.2);
#268=CYLINDRICAL_SURFACE('',#2126,0.2);
#269=CYLINDRICAL_SURFACE('',#2127,0.2);
#270=CYLINDRICAL_SURFACE('',#2128,0.2);
#271=CYLINDRICAL_SURFACE('',#2129,0.2);
#272=CYLINDRICAL_SURFACE('',#2130,0.2);
#273=CYLINDRICAL_SURFACE('',#2131,0.2);
#274=CYLINDRICAL_SURFACE('',#2132,0.2);
#275=CYLINDRICAL_SURFACE('',#2133,0.2);
#276=CYLINDRICAL_SURFACE('',#2134,0.2);
#277=CYLINDRICAL_SURFACE('',#2135,0.2);
#278=CYLINDRICAL_SURFACE('',#2136,0.2);
#279=CYLINDRICAL_SURFACE('',#2137,0.2);
#280=CYLINDRICAL_SURFACE('',#2138,0.2);
#281=CYLINDRICAL_SURFACE('',#2139,0.2);
#282=CYLINDRICAL_SURFACE('',#2140,0.2);
#283=CYLINDRICAL_SURFACE('',#2141,0.2);
#284=CYLINDRICAL_SURFACE('',#2142,0.2);
#285=CYLINDRICAL_SURFACE('',#2143,0.2);
#286=CYLINDRICAL_SURFACE('',#2144,0.2);
#287=CYLINDRICAL_SURFACE('',#2145,0.2);
#288=FACE_BOUND('',#444,.T.);
#289=FACE_BOUND('',#448,.T.);
#290=FACE_BOUND('',#456,.T.);
#291=FACE_BOUND('',#459,.T.);
#292=FACE_BOUND('',#464,.T.);
#293=FACE_BOUND('',#465,.T.);
#294=FACE_BOUND('',#466,.T.);
#295=FACE_BOUND('',#561,.T.);
#296=FACE_BOUND('',#562,.T.);
#297=FACE_BOUND('',#563,.T.);
#298=PLANE('',#1889);
#299=PLANE('',#1899);
#300=PLANE('',#1921);
#301=PLANE('',#1926);
#302=PLANE('',#1938);
#303=PLANE('',#2146);
#304=PLANE('',#2147);
#305=PLANE('',#2148);
#306=PLANE('',#2149);
#307=PLANE('',#2150);
#308=PLANE('',#2151);
#309=PLANE('',#2152);
#310=PLANE('',#2153);
#311=PLANE('',#2154);
#312=PLANE('',#2155);
#313=PLANE('',#2156);
#314=PLANE('',#2160);
#315=PLANE('',#2161);
#316=PLANE('',#2162);
#317=PLANE('',#2163);
#318=PLANE('',#2164);
#319=PLANE('',#2165);
#320=FACE_OUTER_BOUND('',#442,.T.);
#321=FACE_OUTER_BOUND('',#443,.T.);
#322=FACE_OUTER_BOUND('',#445,.T.);
#323=FACE_OUTER_BOUND('',#446,.T.);
#324=FACE_OUTER_BOUND('',#447,.T.);
#325=FACE_OUTER_BOUND('',#449,.T.);
#326=FACE_OUTER_BOUND('',#450,.T.);
#327=FACE_OUTER_BOUND('',#451,.T.);
#328=FACE_OUTER_BOUND('',#452,.T.);
#329=FACE_OUTER_BOUND('',#453,.T.);
#330=FACE_OUTER_BOUND('',#454,.T.);
#331=FACE_OUTER_BOUND('',#455,.T.);
#332=FACE_OUTER_BOUND('',#457,.T.);
#333=FACE_OUTER_BOUND('',#458,.T.);
#334=FACE_OUTER_BOUND('',#460,.T.);
#335=FACE_OUTER_BOUND('',#461,.T.);
#336=FACE_OUTER_BOUND('',#462,.T.);
#337=FACE_OUTER_BOUND('',#463,.T.);
#338=FACE_OUTER_BOUND('',#467,.T.);
#339=FACE_OUTER_BOUND('',#468,.T.);
#340=FACE_OUTER_BOUND('',#469,.T.);
#341=FACE_OUTER_BOUND('',#470,.T.);
#342=FACE_OUTER_BOUND('',#471,.T.);
#343=FACE_OUTER_BOUND('',#472,.T.);
#344=FACE_OUTER_BOUND('',#473,.T.);
#345=FACE_OUTER_BOUND('',#474,.T.);
#346=FACE_OUTER_BOUND('',#475,.T.);
#347=FACE_OUTER_BOUND('',#476,.T.);
#348=FACE_OUTER_BOUND('',#477,.T.);
#349=FACE_OUTER_BOUND('',#478,.T.);
#350=FACE_OUTER_BOUND('',#479,.T.);
#351=FACE_OUTER_BOUND('',#480,.T.);
#352=FACE_OUTER_BOUND('',#481,.T.);
#353=FACE_OUTER_BOUND('',#482,.T.);
#354=FACE_OUTER_BOUND('',#483,.T.);
#355=FACE_OUTER_BOUND('',#484,.T.);
#356=FACE_OUTER_BOUND('',#485,.T.);
#357=FACE_OUTER_BOUND('',#486,.T.);
#358=FACE_OUTER_BOUND('',#487,.T.);
#359=FACE_OUTER_BOUND('',#488,.T.);
#360=FACE_OUTER_BOUND('',#489,.T.);
#361=FACE_OUTER_BOUND('',#490,.T.);
#362=FACE_OUTER_BOUND('',#491,.T.);
#363=FACE_OUTER_BOUND('',#492,.T.);
#364=FACE_OUTER_BOUND('',#493,.T.);
#365=FACE_OUTER_BOUND('',#494,.T.);
#366=FACE_OUTER_BOUND('',#495,.T.);
#367=FACE_OUTER_BOUND('',#496,.T.);
#368=FACE_OUTER_BOUND('',#497,.T.);
#369=FACE_OUTER_BOUND('',#498,.T.);
#370=FACE_OUTER_BOUND('',#499,.T.);
#371=FACE_OUTER_BOUND('',#500,.T.);
#372=FACE_OUTER_BOUND('',#501,.T.);
#373=FACE_OUTER_BOUND('',#502,.T.);
#374=FACE_OUTER_BOUND('',#503,.T.);
#375=FACE_OUTER_BOUND('',#504,.T.);
#376=FACE_OUTER_BOUND('',#505,.T.);
#377=FACE_OUTER_BOUND('',#506,.T.);
#378=FACE_OUTER_BOUND('',#507,.T.);
#379=FACE_OUTER_BOUND('',#508,.T.);
#380=FACE_OUTER_BOUND('',#509,.T.);
#381=FACE_OUTER_BOUND('',#510,.T.);
#382=FACE_OUTER_BOUND('',#511,.T.);
#383=FACE_OUTER_BOUND('',#512,.T.);
#384=FACE_OUTER_BOUND('',#513,.T.);
#385=FACE_OUTER_BOUND('',#514,.T.);
#386=FACE_OUTER_BOUND('',#515,.T.);
#387=FACE_OUTER_BOUND('',#516,.T.);
#388=FACE_OUTER_BOUND('',#517,.T.);
#389=FACE_OUTER_BOUND('',#518,.T.);
#390=FACE_OUTER_BOUND('',#519,.T.);
#391=FACE_OUTER_BOUND('',#520,.T.);
#392=FACE_OUTER_BOUND('',#521,.T.);
#393=FACE_OUTER_BOUND('',#522,.T.);
#394=FACE_OUTER_BOUND('',#523,.T.);
#395=FACE_OUTER_BOUND('',#524,.T.);
#396=FACE_OUTER_BOUND('',#525,.T.);
#397=FACE_OUTER_BOUND('',#526,.T.);
#398=FACE_OUTER_BOUND('',#527,.T.);
#399=FACE_OUTER_BOUND('',#528,.T.);
#400=FACE_OUTER_BOUND('',#529,.T.);
#401=FACE_OUTER_BOUND('',#530,.T.);
#402=FACE_OUTER_BOUND('',#531,.T.);
#403=FACE_OUTER_BOUND('',#532,.T.);
#404=FACE_OUTER_BOUND('',#533,.T.);
#405=FACE_OUTER_BOUND('',#534,.T.);
#406=FACE_OUTER_BOUND('',#535,.T.);
#407=FACE_OUTER_BOUND('',#536,.T.);
#408=FACE_OUTER_BOUND('',#537,.T.);
#409=FACE_OUTER_BOUND('',#538,.T.);
#410=FACE_OUTER_BOUND('',#539,.T.);
#411=FACE_OUTER_BOUND('',#540,.T.);
#412=FACE_OUTER_BOUND('',#541,.T.);
#413=FACE_OUTER_BOUND('',#542,.T.);
#414=FACE_OUTER_BOUND('',#543,.T.);
#415=FACE_OUTER_BOUND('',#544,.T.);
#416=FACE_OUTER_BOUND('',#545,.T.);
#417=FACE_OUTER_BOUND('',#546,.T.);
#418=FACE_OUTER_BOUND('',#547,.T.);
#419=FACE_OUTER_BOUND('',#548,.T.);
#420=FACE_OUTER_BOUND('',#549,.T.);
#421=FACE_OUTER_BOUND('',#550,.T.);
#422=FACE_OUTER_BOUND('',#551,.T.);
#423=FACE_OUTER_BOUND('',#552,.T.);
#424=FACE_OUTER_BOUND('',#553,.T.);
#425=FACE_OUTER_BOUND('',#554,.T.);
#426=FACE_OUTER_BOUND('',#555,.T.);
#427=FACE_OUTER_BOUND('',#556,.T.);
#428=FACE_OUTER_BOUND('',#557,.T.);
#429=FACE_OUTER_BOUND('',#558,.T.);
#430=FACE_OUTER_BOUND('',#559,.T.);
#431=FACE_OUTER_BOUND('',#560,.T.);
#432=FACE_OUTER_BOUND('',#564,.T.);
#433=FACE_OUTER_BOUND('',#565,.T.);
#434=FACE_OUTER_BOUND('',#566,.T.);
#435=FACE_OUTER_BOUND('',#567,.T.);
#436=FACE_OUTER_BOUND('',#568,.T.);
#437=FACE_OUTER_BOUND('',#569,.T.);
#438=FACE_OUTER_BOUND('',#570,.T.);
#439=FACE_OUTER_BOUND('',#571,.T.);
#440=FACE_OUTER_BOUND('',#572,.T.);
#441=FACE_OUTER_BOUND('',#573,.T.);
#442=EDGE_LOOP('',(#1171,#1172,#1173,#1174,#1175));
#443=EDGE_LOOP('',(#1176));
#444=EDGE_LOOP('',(#1177));
#445=EDGE_LOOP('',(#1178,#1179,#1180,#1181,#1182,#1183));
#446=EDGE_LOOP('',(#1184,#1185,#1186,#1187,#1188));
#447=EDGE_LOOP('',(#1189));
#448=EDGE_LOOP('',(#1190));
#449=EDGE_LOOP('',(#1191,#1192,#1193,#1194,#1195,#1196));
#450=EDGE_LOOP('',(#1197,#1198,#1199,#1200,#1201));
#451=EDGE_LOOP('',(#1202,#1203,#1204,#1205,#1206,#1207));
#452=EDGE_LOOP('',(#1208,#1209,#1210,#1211,#1212));
#453=EDGE_LOOP('',(#1213,#1214,#1215,#1216,#1217,#1218));
#454=EDGE_LOOP('',(#1219,#1220,#1221,#1222,#1223));
#455=EDGE_LOOP('',(#1224));
#456=EDGE_LOOP('',(#1225));
#457=EDGE_LOOP('',(#1226,#1227,#1228,#1229,#1230));
#458=EDGE_LOOP('',(#1231));
#459=EDGE_LOOP('',(#1232));
#460=EDGE_LOOP('',(#1233,#1234,#1235,#1236,#1237));
#461=EDGE_LOOP('',(#1238,#1239,#1240,#1241,#1242,#1243));
#462=EDGE_LOOP('',(#1244,#1245,#1246,#1247,#1248));
#463=EDGE_LOOP('',(#1249));
#464=EDGE_LOOP('',(#1250));
#465=EDGE_LOOP('',(#1251,#1252,#1253,#1254,#1255,#1256,#1257,#1258));
#466=EDGE_LOOP('',(#1259));
#467=EDGE_LOOP('',(#1260,#1261,#1262,#1263,#1264));
#468=EDGE_LOOP('',(#1265,#1266,#1267,#1268,#1269,#1270));
#469=EDGE_LOOP('',(#1271,#1272,#1273,#1274,#1275));
#470=EDGE_LOOP('',(#1276,#1277,#1278));
#471=EDGE_LOOP('',(#1279,#1280,#1281,#1282));
#472=EDGE_LOOP('',(#1283,#1284,#1285));
#473=EDGE_LOOP('',(#1286,#1287,#1288,#1289));
#474=EDGE_LOOP('',(#1290,#1291,#1292,#1293));
#475=EDGE_LOOP('',(#1294,#1295,#1296));
#476=EDGE_LOOP('',(#1297,#1298,#1299,#1300));
#477=EDGE_LOOP('',(#1301,#1302,#1303,#1304));
#478=EDGE_LOOP('',(#1305,#1306,#1307,#1308));
#479=EDGE_LOOP('',(#1309,#1310,#1311));
#480=EDGE_LOOP('',(#1312,#1313,#1314,#1315));
#481=EDGE_LOOP('',(#1316,#1317,#1318,#1319));
#482=EDGE_LOOP('',(#1320,#1321,#1322,#1323));
#483=EDGE_LOOP('',(#1324,#1325,#1326,#1327));
#484=EDGE_LOOP('',(#1328,#1329,#1330,#1331));
#485=EDGE_LOOP('',(#1332,#1333,#1334,#1335));
#486=EDGE_LOOP('',(#1336,#1337,#1338));
#487=EDGE_LOOP('',(#1339,#1340,#1341,#1342));
#488=EDGE_LOOP('',(#1343,#1344,#1345,#1346));
#489=EDGE_LOOP('',(#1347,#1348,#1349,#1350));
#490=EDGE_LOOP('',(#1351,#1352,#1353,#1354));
#491=EDGE_LOOP('',(#1355,#1356,#1357,#1358));
#492=EDGE_LOOP('',(#1359,#1360,#1361,#1362));
#493=EDGE_LOOP('',(#1363,#1364,#1365,#1366));
#494=EDGE_LOOP('',(#1367,#1368,#1369));
#495=EDGE_LOOP('',(#1370,#1371,#1372,#1373));
#496=EDGE_LOOP('',(#1374,#1375,#1376));
#497=EDGE_LOOP('',(#1377,#1378,#1379,#1380));
#498=EDGE_LOOP('',(#1381,#1382,#1383,#1384));
#499=EDGE_LOOP('',(#1385,#1386,#1387,#1388));
#500=EDGE_LOOP('',(#1389,#1390,#1391,#1392));
#501=EDGE_LOOP('',(#1393,#1394,#1395));
#502=EDGE_LOOP('',(#1396,#1397,#1398,#1399));
#503=EDGE_LOOP('',(#1400,#1401,#1402,#1403));
#504=EDGE_LOOP('',(#1404,#1405,#1406,#1407));
#505=EDGE_LOOP('',(#1408,#1409,#1410));
#506=EDGE_LOOP('',(#1411,#1412,#1413));
#507=EDGE_LOOP('',(#1414,#1415,#1416,#1417));
#508=EDGE_LOOP('',(#1418,#1419,#1420,#1421));
#509=EDGE_LOOP('',(#1422,#1423,#1424,#1425));
#510=EDGE_LOOP('',(#1426,#1427,#1428));
#511=EDGE_LOOP('',(#1429,#1430,#1431,#1432));
#512=EDGE_LOOP('',(#1433,#1434,#1435,#1436));
#513=EDGE_LOOP('',(#1437,#1438,#1439));
#514=EDGE_LOOP('',(#1440,#1441,#1442,#1443));
#515=EDGE_LOOP('',(#1444,#1445,#1446,#1447));
#516=EDGE_LOOP('',(#1448,#1449,#1450,#1451));
#517=EDGE_LOOP('',(#1452,#1453,#1454,#1455));
#518=EDGE_LOOP('',(#1456,#1457,#1458,#1459));
#519=EDGE_LOOP('',(#1460,#1461,#1462,#1463));
#520=EDGE_LOOP('',(#1464,#1465,#1466,#1467));
#521=EDGE_LOOP('',(#1468,#1469,#1470,#1471));
#522=EDGE_LOOP('',(#1472,#1473,#1474,#1475));
#523=EDGE_LOOP('',(#1476,#1477,#1478,#1479));
#524=EDGE_LOOP('',(#1480,#1481,#1482,#1483));
#525=EDGE_LOOP('',(#1484,#1485,#1486,#1487));
#526=EDGE_LOOP('',(#1488,#1489,#1490,#1491));
#527=EDGE_LOOP('',(#1492,#1493,#1494,#1495));
#528=EDGE_LOOP('',(#1496,#1497,#1498,#1499));
#529=EDGE_LOOP('',(#1500,#1501,#1502,#1503));
#530=EDGE_LOOP('',(#1504,#1505,#1506,#1507));
#531=EDGE_LOOP('',(#1508,#1509,#1510,#1511));
#532=EDGE_LOOP('',(#1512,#1513,#1514,#1515));
#533=EDGE_LOOP('',(#1516,#1517,#1518,#1519));
#534=EDGE_LOOP('',(#1520,#1521,#1522,#1523));
#535=EDGE_LOOP('',(#1524,#1525,#1526,#1527));
#536=EDGE_LOOP('',(#1528,#1529,#1530,#1531));
#537=EDGE_LOOP('',(#1532,#1533,#1534,#1535));
#538=EDGE_LOOP('',(#1536,#1537,#1538,#1539));
#539=EDGE_LOOP('',(#1540,#1541,#1542,#1543));
#540=EDGE_LOOP('',(#1544,#1545,#1546,#1547));
#541=EDGE_LOOP('',(#1548,#1549,#1550,#1551));
#542=EDGE_LOOP('',(#1552,#1553,#1554,#1555));
#543=EDGE_LOOP('',(#1556,#1557,#1558,#1559));
#544=EDGE_LOOP('',(#1560,#1561,#1562,#1563));
#545=EDGE_LOOP('',(#1564,#1565,#1566,#1567));
#546=EDGE_LOOP('',(#1568,#1569,#1570,#1571));
#547=EDGE_LOOP('',(#1572,#1573,#1574,#1575));
#548=EDGE_LOOP('',(#1576,#1577,#1578,#1579));
#549=EDGE_LOOP('',(#1580,#1581,#1582,#1583));
#550=EDGE_LOOP('',(#1584,#1585,#1586,#1587));
#551=EDGE_LOOP('',(#1588,#1589,#1590,#1591));
#552=EDGE_LOOP('',(#1592,#1593,#1594,#1595,#1596,#1597,#1598,#1599,#1600,
#1601));
#553=EDGE_LOOP('',(#1602,#1603,#1604,#1605));
#554=EDGE_LOOP('',(#1606,#1607,#1608,#1609,#1610,#1611,#1612,#1613,#1614,
#1615));
#555=EDGE_LOOP('',(#1616,#1617,#1618,#1619));
#556=EDGE_LOOP('',(#1620,#1621,#1622,#1623));
#557=EDGE_LOOP('',(#1624,#1625,#1626,#1627));
#558=EDGE_LOOP('',(#1628,#1629,#1630,#1631,#1632,#1633,#1634,#1635,#1636,
#1637));
#559=EDGE_LOOP('',(#1638,#1639,#1640,#1641));
#560=EDGE_LOOP('',(#1642));
#561=EDGE_LOOP('',(#1643));
#562=EDGE_LOOP('',(#1644));
#563=EDGE_LOOP('',(#1645,#1646,#1647,#1648,#1649,#1650,#1651,#1652,#1653,
#1654,#1655,#1656,#1657,#1658,#1659,#1660,#1661,#1662,#1663,#1664));
#564=EDGE_LOOP('',(#1665,#1666,#1667,#1668));
#565=EDGE_LOOP('',(#1669,#1670,#1671,#1672));
#566=EDGE_LOOP('',(#1673,#1674,#1675,#1676,#1677,#1678,#1679,#1680,#1681,
#1682));
#567=EDGE_LOOP('',(#1683,#1684,#1685,#1686));
#568=EDGE_LOOP('',(#1687,#1688,#1689,#1690));
#569=EDGE_LOOP('',(#1691,#1692,#1693,#1694));
#570=EDGE_LOOP('',(#1695,#1696,#1697,#1698,#1699));
#571=EDGE_LOOP('',(#1700,#1701,#1702,#1703,#1704));
#572=EDGE_LOOP('',(#1705,#1706,#1707,#1708,#1709));
#573=EDGE_LOOP('',(#1710,#1711,#1712,#1713,#1714));
#574=CIRCLE('',#1885,3.);
#575=CIRCLE('',#1886,0.5);
#576=CIRCLE('',#1887,3.5);
#577=CIRCLE('',#1888,3.5);
#578=CIRCLE('',#1890,1.7);
#579=CIRCLE('',#1892,3.5);
#580=CIRCLE('',#1893,3.5);
#581=CIRCLE('',#1895,3.);
#582=CIRCLE('',#1896,0.5);
#583=CIRCLE('',#1897,3.5);
#584=CIRCLE('',#1898,3.5);
#585=CIRCLE('',#1900,1.7);
#586=CIRCLE('',#1902,3.5);
#587=CIRCLE('',#1903,3.5);
#588=CIRCLE('',#1905,0.3);
#589=CIRCLE('',#1906,1.4);
#590=CIRCLE('',#1907,1.4);
#591=CIRCLE('',#1909,1.4);
#592=CIRCLE('',#1910,1.4);
#593=CIRCLE('',#1912,0.3);
#594=CIRCLE('',#1913,1.4);
#595=CIRCLE('',#1914,1.4);
#596=CIRCLE('',#1916,1.4);
#597=CIRCLE('',#1917,1.4);
#598=CIRCLE('',#1919,1.7);
#599=CIRCLE('',#1920,0.3);
#600=CIRCLE('',#1922,2.36);
#601=CIRCLE('',#1924,1.7);
#602=CIRCLE('',#1925,0.3);
#603=CIRCLE('',#1927,2.36);
#604=CIRCLE('',#1929,0.3);
#605=CIRCLE('',#1930,2.66);
#606=CIRCLE('',#1931,2.66);
#607=CIRCLE('',#1933,2.66);
#608=CIRCLE('',#1934,2.66);
#609=CIRCLE('',#1936,2.96);
#610=CIRCLE('',#1937,0.3);
#611=CIRCLE('',#1939,14.8);
#612=CIRCLE('',#1940,2.96);
#613=CIRCLE('',#1941,0.4);
#614=CIRCLE('',#1942,0.4);
#615=CIRCLE('',#1943,0.4);
#616=CIRCLE('',#1944,0.4);
#617=CIRCLE('',#1946,0.3);
#618=CIRCLE('',#1947,2.66);
#619=CIRCLE('',#1948,2.66);
#620=CIRCLE('',#1950,2.66);
#621=CIRCLE('',#1951,2.66);
#622=CIRCLE('',#1953,0.3);
#623=CIRCLE('',#1955,0.2);
#624=CIRCLE('',#1956,0.2);
#625=CIRCLE('',#1957,0.2);
#626=CIRCLE('',#1959,0.200000000000001);
#627=CIRCLE('',#1960,0.2);
#628=CIRCLE('',#1961,0.2);
#629=CIRCLE('',#1963,0.2);
#630=CIRCLE('',#1964,0.2);
#631=CIRCLE('',#1965,0.2);
#632=CIRCLE('',#1967,0.2);
#633=CIRCLE('',#1968,0.2);
#634=CIRCLE('',#1969,0.399999999999999);
#635=CIRCLE('',#1970,0.200000000000001);
#636=CIRCLE('',#1972,0.2);
#637=CIRCLE('',#1973,0.2);
#638=CIRCLE('',#1974,0.399999999999999);
#639=CIRCLE('',#1975,0.2);
#640=CIRCLE('',#1977,0.2);
#641=CIRCLE('',#1978,0.2);
#642=CIRCLE('',#1979,0.2);
#643=CIRCLE('',#1981,0.2);
#644=CIRCLE('',#1982,0.2);
#645=CIRCLE('',#1983,0.2);
#646=CIRCLE('',#1985,0.199999999999999);
#647=CIRCLE('',#1986,0.2);
#648=CIRCLE('',#1987,0.199999999999999);
#649=CIRCLE('',#1990,0.2);
#650=CIRCLE('',#1991,0.2);
#651=CIRCLE('',#1992,0.2);
#652=CIRCLE('',#1996,0.4);
#653=CIRCLE('',#1997,0.2);
#654=CIRCLE('',#1998,0.2);
#655=CIRCLE('',#1999,0.2);
#656=CIRCLE('',#2003,0.399999999999999);
#657=CIRCLE('',#2004,0.199999999999999);
#658=CIRCLE('',#2005,0.2);
#659=CIRCLE('',#2006,0.2);
#660=CIRCLE('',#2008,0.2);
#661=CIRCLE('',#2009,0.2);
#662=CIRCLE('',#2010,0.2);
#663=CIRCLE('',#2012,0.4);
#664=CIRCLE('',#2013,0.2);
#665=CIRCLE('',#2014,0.2);
#666=CIRCLE('',#2015,0.2);
#667=CIRCLE('',#2017,0.2);
#668=CIRCLE('',#2018,0.2);
#669=CIRCLE('',#2019,0.2);
#670=CIRCLE('',#2023,0.400000000000001);
#671=CIRCLE('',#2024,0.200000000000001);
#672=CIRCLE('',#2025,0.2);
#673=CIRCLE('',#2026,0.2);
#674=CIRCLE('',#2028,0.2);
#675=CIRCLE('',#2029,0.199999999999999);
#676=CIRCLE('',#2030,0.4);
#677=CIRCLE('',#2031,0.2);
#678=CIRCLE('',#2034,0.2);
#679=CIRCLE('',#2035,0.2);
#680=CIRCLE('',#2036,0.2);
#681=CIRCLE('',#2039,0.2);
#682=CIRCLE('',#2040,0.2);
#683=CIRCLE('',#2041,0.2);
#684=CIRCLE('',#2043,0.400000000000002);
#685=CIRCLE('',#2044,0.2);
#686=CIRCLE('',#2045,0.200000000000001);
#687=CIRCLE('',#2046,0.2);
#688=CIRCLE('',#2048,0.4);
#689=CIRCLE('',#2049,0.2);
#690=CIRCLE('',#2050,0.2);
#691=CIRCLE('',#2051,0.2);
#692=CIRCLE('',#2055,0.2);
#693=CIRCLE('',#2056,0.2);
#694=CIRCLE('',#2057,0.2);
#695=CIRCLE('',#2059,0.2);
#696=CIRCLE('',#2060,0.2);
#697=CIRCLE('',#2061,0.199999999999999);
#698=CIRCLE('',#2062,0.4);
#699=CIRCLE('',#2064,0.2);
#700=CIRCLE('',#2065,0.2);
#701=CIRCLE('',#2066,0.200000000000001);
#702=CIRCLE('',#2067,0.4);
#703=CIRCLE('',#2070,0.2);
#704=CIRCLE('',#2071,0.2);
#705=CIRCLE('',#2072,0.2);
#706=CIRCLE('',#2074,0.2);
#707=CIRCLE('',#2075,0.2);
#708=CIRCLE('',#2076,0.2);
#709=CIRCLE('',#2078,0.399999999999999);
#710=CIRCLE('',#2079,0.2);
#711=CIRCLE('',#2080,0.199999999999999);
#712=CIRCLE('',#2081,0.2);
#713=CIRCLE('',#2085,0.2);
#714=CIRCLE('',#2086,0.2);
#715=CIRCLE('',#2087,0.2);
#716=CIRCLE('',#2089,0.400000000000003);
#717=CIRCLE('',#2090,0.2);
#718=CIRCLE('',#2091,0.2);
#719=CIRCLE('',#2092,0.2);
#720=CIRCLE('',#2095,0.2);
#721=CIRCLE('',#2096,0.2);
#722=CIRCLE('',#2097,0.2);
#723=CIRCLE('',#2099,0.4);
#724=CIRCLE('',#2100,0.2);
#725=CIRCLE('',#2101,0.2);
#726=CIRCLE('',#2102,0.2);
#727=CIRCLE('',#2106,0.4);
#728=CIRCLE('',#2107,0.2);
#729=CIRCLE('',#2108,0.2);
#730=CIRCLE('',#2109,0.2);
#731=CIRCLE('',#2111,0.2);
#732=CIRCLE('',#2112,0.2);
#733=CIRCLE('',#2113,0.4);
#734=CIRCLE('',#2114,0.2);
#735=CIRCLE('',#2157,15.5833809621031);
#736=CIRCLE('',#2158,3.7);
#737=CIRCLE('',#2159,3.7);
#738=CIRCLE('',#2167,0.2);
#739=CIRCLE('',#2169,0.2);
#740=CIRCLE('',#2171,0.1);
#741=CIRCLE('',#2172,15.6691302546744);
#742=CIRCLE('',#2173,15.6691302546744);
#743=VERTEX_POINT('',#2864);
#744=VERTEX_POINT('',#2866);
#745=VERTEX_POINT('',#2868);
#746=VERTEX_POINT('',#2872);
#747=VERTEX_POINT('',#2875);
#748=VERTEX_POINT('',#2877);
#749=VERTEX_POINT('',#2881);
#750=VERTEX_POINT('',#2883);
#751=VERTEX_POINT('',#2885);
#752=VERTEX_POINT('',#2889);
#753=VERTEX_POINT('',#2892);
#754=VERTEX_POINT('',#2894);
#755=VERTEX_POINT('',#2898);
#756=VERTEX_POINT('',#2900);
#757=VERTEX_POINT('',#2904);
#758=VERTEX_POINT('',#2905);
#759=VERTEX_POINT('',#2910);
#760=VERTEX_POINT('',#2912);
#761=VERTEX_POINT('',#2916);
#762=VERTEX_POINT('',#2917);
#763=VERTEX_POINT('',#2922);
#764=VERTEX_POINT('',#2926);
#765=VERTEX_POINT('',#2929);
#766=VERTEX_POINT('',#2933);
#767=VERTEX_POINT('',#2936);
#768=VERTEX_POINT('',#2938);
#769=VERTEX_POINT('',#2942);
#770=VERTEX_POINT('',#2943);
#771=VERTEX_POINT('',#2948);
#772=VERTEX_POINT('',#2952);
#773=VERTEX_POINT('',#2954);
#774=VERTEX_POINT('',#2956);
#775=VERTEX_POINT('',#2957);
#776=VERTEX_POINT('',#2959);
#777=VERTEX_POINT('',#2961);
#778=VERTEX_POINT('',#2963);
#779=VERTEX_POINT('',#2965);
#780=VERTEX_POINT('',#2967);
#781=VERTEX_POINT('',#2969);
#782=VERTEX_POINT('',#2973);
#783=VERTEX_POINT('',#2975);
#784=VERTEX_POINT('',#2979);
#785=VERTEX_POINT('',#2981);
#786=VERTEX_POINT('',#2987);
#787=VERTEX_POINT('',#2988);
#788=VERTEX_POINT('',#2990);
#789=VERTEX_POINT('',#2994);
#790=VERTEX_POINT('',#2996);
#791=VERTEX_POINT('',#3000);
#792=VERTEX_POINT('',#3001);
#793=VERTEX_POINT('',#3003);
#794=VERTEX_POINT('',#3007);
#795=VERTEX_POINT('',#3008);
#796=VERTEX_POINT('',#3010);
#797=VERTEX_POINT('',#3012);
#798=VERTEX_POINT('',#3016);
#799=VERTEX_POINT('',#3017);
#800=VERTEX_POINT('',#3019);
#801=VERTEX_POINT('',#3021);
#802=VERTEX_POINT('',#3025);
#803=VERTEX_POINT('',#3026);
#804=VERTEX_POINT('',#3028);
#805=VERTEX_POINT('',#3032);
#806=VERTEX_POINT('',#3033);
#807=VERTEX_POINT('',#3038);
#808=VERTEX_POINT('',#3039);
#809=VERTEX_POINT('',#3046);
#810=VERTEX_POINT('',#3047);
#811=VERTEX_POINT('',#3049);
#812=VERTEX_POINT('',#3059);
#813=VERTEX_POINT('',#3060);
#814=VERTEX_POINT('',#3062);
#815=VERTEX_POINT('',#3064);
#816=VERTEX_POINT('',#3074);
#817=VERTEX_POINT('',#3075);
#818=VERTEX_POINT('',#3077);
#819=VERTEX_POINT('',#3079);
#820=VERTEX_POINT('',#3083);
#821=VERTEX_POINT('',#3084);
#822=VERTEX_POINT('',#3086);
#823=VERTEX_POINT('',#3090);
#824=VERTEX_POINT('',#3091);
#825=VERTEX_POINT('',#3093);
#826=VERTEX_POINT('',#3095);
#827=VERTEX_POINT('',#3099);
#828=VERTEX_POINT('',#3100);
#829=VERTEX_POINT('',#3109);
#830=VERTEX_POINT('',#3110);
#831=VERTEX_POINT('',#3112);
#832=VERTEX_POINT('',#3114);
#833=VERTEX_POINT('',#3118);
#834=VERTEX_POINT('',#3119);
#835=VERTEX_POINT('',#3121);
#836=VERTEX_POINT('',#3123);
#837=VERTEX_POINT('',#3130);
#838=VERTEX_POINT('',#3131);
#839=VERTEX_POINT('',#3133);
#840=VERTEX_POINT('',#3140);
#841=VERTEX_POINT('',#3141);
#842=VERTEX_POINT('',#3143);
#843=VERTEX_POINT('',#3147);
#844=VERTEX_POINT('',#3148);
#845=VERTEX_POINT('',#3150);
#846=VERTEX_POINT('',#3152);
#847=VERTEX_POINT('',#3156);
#848=VERTEX_POINT('',#3157);
#849=VERTEX_POINT('',#3159);
#850=VERTEX_POINT('',#3161);
#851=VERTEX_POINT('',#3171);
#852=VERTEX_POINT('',#3172);
#853=VERTEX_POINT('',#3174);
#854=VERTEX_POINT('',#3178);
#855=VERTEX_POINT('',#3179);
#856=VERTEX_POINT('',#3181);
#857=VERTEX_POINT('',#3183);
#858=VERTEX_POINT('',#3187);
#859=VERTEX_POINT('',#3188);
#860=VERTEX_POINT('',#3190);
#861=VERTEX_POINT('',#3192);
#862=VERTEX_POINT('',#3199);
#863=VERTEX_POINT('',#3200);
#864=VERTEX_POINT('',#3202);
#865=VERTEX_POINT('',#3206);
#866=VERTEX_POINT('',#3207);
#867=VERTEX_POINT('',#3209);
#868=VERTEX_POINT('',#3213);
#869=VERTEX_POINT('',#3214);
#870=VERTEX_POINT('',#3216);
#871=VERTEX_POINT('',#3218);
#872=VERTEX_POINT('',#3228);
#873=VERTEX_POINT('',#3229);
#874=VERTEX_POINT('',#3231);
#875=VERTEX_POINT('',#3235);
#876=VERTEX_POINT('',#3236);
#877=VERTEX_POINT('',#3238);
#878=VERTEX_POINT('',#3240);
#879=VERTEX_POINT('',#3247);
#880=VERTEX_POINT('',#3248);
#881=VERTEX_POINT('',#3250);
#882=VERTEX_POINT('',#3254);
#883=VERTEX_POINT('',#3255);
#884=VERTEX_POINT('',#3257);
#885=VERTEX_POINT('',#3259);
#886=VERTEX_POINT('',#3269);
#887=VERTEX_POINT('',#3270);
#888=VERTEX_POINT('',#3272);
#889=VERTEX_POINT('',#3274);
#890=VERTEX_POINT('',#3278);
#891=VERTEX_POINT('',#3279);
#892=VERTEX_POINT('',#3281);
#893=VERTEX_POINT('',#3283);
#894=VERTEX_POINT('',#3389);
#895=VERTEX_POINT('',#3391);
#896=VERTEX_POINT('',#3393);
#897=VERTEX_POINT('',#3406);
#898=VERTEX_POINT('',#3408);
#899=EDGE_CURVE('',#743,#743,#574,.T.);
#900=EDGE_CURVE('',#743,#744,#575,.T.);
#901=EDGE_CURVE('',#744,#745,#576,.T.);
#902=EDGE_CURVE('',#745,#744,#577,.T.);
#903=EDGE_CURVE('',#746,#746,#578,.T.);
#904=EDGE_CURVE('',#745,#747,#28,.T.);
#905=EDGE_CURVE('',#748,#747,#579,.T.);
#906=EDGE_CURVE('',#747,#748,#580,.T.);
#907=EDGE_CURVE('',#749,#749,#581,.T.);
#908=EDGE_CURVE('',#749,#750,#582,.T.);
#909=EDGE_CURVE('',#750,#751,#583,.T.);
#910=EDGE_CURVE('',#751,#750,#584,.T.);
#911=EDGE_CURVE('',#752,#752,#585,.T.);
#912=EDGE_CURVE('',#751,#753,#29,.T.);
#913=EDGE_CURVE('',#754,#753,#586,.T.);
#914=EDGE_CURVE('',#753,#754,#587,.T.);
#915=EDGE_CURVE('',#752,#755,#588,.T.);
#916=EDGE_CURVE('',#755,#756,#589,.T.);
#917=EDGE_CURVE('',#756,#755,#590,.T.);
#918=EDGE_CURVE('',#757,#758,#591,.T.);
#919=EDGE_CURVE('',#757,#756,#30,.T.);
#920=EDGE_CURVE('',#758,#757,#592,.T.);
#921=EDGE_CURVE('',#746,#759,#593,.T.);
#922=EDGE_CURVE('',#759,#760,#594,.T.);
#923=EDGE_CURVE('',#760,#759,#595,.T.);
#924=EDGE_CURVE('',#761,#762,#596,.T.);
#925=EDGE_CURVE('',#761,#760,#31,.T.);
#926=EDGE_CURVE('',#762,#761,#597,.T.);
#927=EDGE_CURVE('',#763,#763,#598,.T.);
#928=EDGE_CURVE('',#763,#762,#599,.T.);
#929=EDGE_CURVE('',#764,#764,#600,.T.);
#930=EDGE_CURVE('',#765,#765,#601,.T.);
#931=EDGE_CURVE('',#765,#758,#602,.T.);
#932=EDGE_CURVE('',#766,#766,#603,.T.);
#933=EDGE_CURVE('',#766,#767,#604,.T.);
#934=EDGE_CURVE('',#767,#768,#605,.T.);
#935=EDGE_CURVE('',#768,#767,#606,.T.);
#936=EDGE_CURVE('',#769,#770,#607,.T.);
#937=EDGE_CURVE('',#769,#768,#32,.T.);
#938=EDGE_CURVE('',#770,#769,#608,.T.);
#939=EDGE_CURVE('',#771,#771,#609,.T.);
#940=EDGE_CURVE('',#771,#770,#610,.T.);
#941=EDGE_CURVE('',#772,#772,#611,.T.);
#942=EDGE_CURVE('',#773,#773,#612,.T.);
#943=EDGE_CURVE('',#774,#775,#613,.T.);
#944=EDGE_CURVE('',#776,#774,#33,.T.);
#945=EDGE_CURVE('',#777,#776,#614,.T.);
#946=EDGE_CURVE('',#778,#777,#34,.T.);
#947=EDGE_CURVE('',#779,#778,#615,.T.);
#948=EDGE_CURVE('',#780,#779,#35,.T.);
#949=EDGE_CURVE('',#781,#780,#616,.T.);
#950=EDGE_CURVE('',#775,#781,#36,.T.);
#951=EDGE_CURVE('',#773,#782,#617,.T.);
#952=EDGE_CURVE('',#782,#783,#618,.T.);
#953=EDGE_CURVE('',#783,#782,#619,.T.);
#954=EDGE_CURVE('',#783,#784,#37,.T.);
#955=EDGE_CURVE('',#785,#784,#620,.T.);
#956=EDGE_CURVE('',#784,#785,#621,.T.);
#957=EDGE_CURVE('',#764,#785,#622,.T.);
#958=EDGE_CURVE('',#786,#787,#623,.F.);
#959=EDGE_CURVE('',#788,#786,#624,.F.);
#960=EDGE_CURVE('',#787,#788,#625,.F.);
#961=EDGE_CURVE('',#789,#778,#626,.T.);
#962=EDGE_CURVE('',#790,#789,#627,.F.);
#963=EDGE_CURVE('',#779,#790,#628,.T.);
#964=EDGE_CURVE('',#791,#792,#629,.F.);
#965=EDGE_CURVE('',#793,#791,#630,.F.);
#966=EDGE_CURVE('',#792,#793,#631,.F.);
#967=EDGE_CURVE('',#794,#795,#632,.F.);
#968=EDGE_CURVE('',#796,#794,#633,.T.);
#969=EDGE_CURVE('',#796,#797,#634,.T.);
#970=EDGE_CURVE('',#795,#797,#635,.T.);
#971=EDGE_CURVE('',#798,#799,#636,.F.);
#972=EDGE_CURVE('',#800,#798,#637,.T.);
#973=EDGE_CURVE('',#800,#801,#638,.T.);
#974=EDGE_CURVE('',#799,#801,#639,.T.);
#975=EDGE_CURVE('',#802,#803,#640,.F.);
#976=EDGE_CURVE('',#804,#802,#641,.F.);
#977=EDGE_CURVE('',#803,#804,#642,.F.);
#978=EDGE_CURVE('',#805,#806,#643,.F.);
#979=EDGE_CURVE('',#781,#805,#644,.T.);
#980=EDGE_CURVE('',#806,#780,#645,.T.);
#981=EDGE_CURVE('',#807,#808,#646,.F.);
#982=EDGE_CURVE('',#777,#807,#647,.T.);
#983=EDGE_CURVE('',#808,#776,#648,.T.);
#984=EDGE_CURVE('',#807,#789,#38,.T.);
#985=EDGE_CURVE('',#809,#810,#649,.F.);
#986=EDGE_CURVE('',#811,#809,#650,.F.);
#987=EDGE_CURVE('',#810,#811,#651,.F.);
#988=EDGE_CURVE('',#792,#811,#39,.T.);
#989=EDGE_CURVE('',#809,#791,#40,.T.);
#990=EDGE_CURVE('',#811,#796,#41,.T.);
#991=EDGE_CURVE('',#794,#810,#42,.T.);
#992=EDGE_CURVE('',#812,#813,#652,.T.);
#993=EDGE_CURVE('',#814,#813,#653,.T.);
#994=EDGE_CURVE('',#815,#814,#654,.F.);
#995=EDGE_CURVE('',#812,#815,#655,.T.);
#996=EDGE_CURVE('',#813,#800,#43,.T.);
#997=EDGE_CURVE('',#798,#814,#44,.T.);
#998=EDGE_CURVE('',#791,#815,#45,.T.);
#999=EDGE_CURVE('',#814,#793,#46,.T.);
#1000=EDGE_CURVE('',#816,#817,#656,.T.);
#1001=EDGE_CURVE('',#818,#817,#657,.T.);
#1002=EDGE_CURVE('',#819,#818,#658,.F.);
#1003=EDGE_CURVE('',#816,#819,#659,.T.);
#1004=EDGE_CURVE('',#820,#821,#660,.F.);
#1005=EDGE_CURVE('',#822,#820,#661,.F.);
#1006=EDGE_CURVE('',#821,#822,#662,.F.);
#1007=EDGE_CURVE('',#823,#824,#663,.T.);
#1008=EDGE_CURVE('',#825,#824,#664,.T.);
#1009=EDGE_CURVE('',#826,#825,#665,.F.);
#1010=EDGE_CURVE('',#823,#826,#666,.T.);
#1011=EDGE_CURVE('',#827,#828,#667,.F.);
#1012=EDGE_CURVE('',#774,#827,#668,.T.);
#1013=EDGE_CURVE('',#828,#775,#669,.T.);
#1014=EDGE_CURVE('',#827,#808,#47,.T.);
#1015=EDGE_CURVE('',#805,#828,#48,.T.);
#1016=EDGE_CURVE('',#829,#830,#670,.T.);
#1017=EDGE_CURVE('',#831,#830,#671,.T.);
#1018=EDGE_CURVE('',#832,#831,#672,.F.);
#1019=EDGE_CURVE('',#829,#832,#673,.T.);
#1020=EDGE_CURVE('',#833,#834,#674,.F.);
#1021=EDGE_CURVE('',#835,#833,#675,.T.);
#1022=EDGE_CURVE('',#835,#836,#676,.T.);
#1023=EDGE_CURVE('',#834,#836,#677,.T.);
#1024=EDGE_CURVE('',#833,#809,#49,.T.);
#1025=EDGE_CURVE('',#810,#835,#50,.T.);
#1026=EDGE_CURVE('',#837,#838,#678,.F.);
#1027=EDGE_CURVE('',#839,#837,#679,.F.);
#1028=EDGE_CURVE('',#838,#839,#680,.F.);
#1029=EDGE_CURVE('',#830,#839,#51,.T.);
#1030=EDGE_CURVE('',#837,#831,#52,.T.);
#1031=EDGE_CURVE('',#840,#841,#681,.F.);
#1032=EDGE_CURVE('',#842,#840,#682,.F.);
#1033=EDGE_CURVE('',#841,#842,#683,.F.);
#1034=EDGE_CURVE('',#843,#844,#684,.T.);
#1035=EDGE_CURVE('',#845,#844,#685,.T.);
#1036=EDGE_CURVE('',#846,#845,#686,.F.);
#1037=EDGE_CURVE('',#843,#846,#687,.T.);
#1038=EDGE_CURVE('',#847,#848,#688,.T.);
#1039=EDGE_CURVE('',#849,#848,#689,.T.);
#1040=EDGE_CURVE('',#850,#849,#690,.F.);
#1041=EDGE_CURVE('',#847,#850,#691,.T.);
#1042=EDGE_CURVE('',#848,#829,#53,.T.);
#1043=EDGE_CURVE('',#832,#849,#54,.T.);
#1044=EDGE_CURVE('',#849,#827,#55,.T.);
#1045=EDGE_CURVE('',#828,#850,#56,.T.);
#1046=EDGE_CURVE('',#851,#852,#692,.F.);
#1047=EDGE_CURVE('',#853,#851,#693,.F.);
#1048=EDGE_CURVE('',#852,#853,#694,.F.);
#1049=EDGE_CURVE('',#854,#855,#695,.T.);
#1050=EDGE_CURVE('',#856,#854,#696,.F.);
#1051=EDGE_CURVE('',#857,#856,#697,.T.);
#1052=EDGE_CURVE('',#857,#855,#698,.T.);
#1053=EDGE_CURVE('',#858,#859,#699,.T.);
#1054=EDGE_CURVE('',#860,#858,#700,.F.);
#1055=EDGE_CURVE('',#861,#860,#701,.T.);
#1056=EDGE_CURVE('',#861,#859,#702,.T.);
#1057=EDGE_CURVE('',#844,#860,#57,.T.);
#1058=EDGE_CURVE('',#858,#845,#58,.T.);
#1059=EDGE_CURVE('',#862,#863,#703,.F.);
#1060=EDGE_CURVE('',#864,#862,#704,.F.);
#1061=EDGE_CURVE('',#863,#864,#705,.F.);
#1062=EDGE_CURVE('',#865,#866,#706,.F.);
#1063=EDGE_CURVE('',#867,#865,#707,.F.);
#1064=EDGE_CURVE('',#866,#867,#708,.F.);
#1065=EDGE_CURVE('',#868,#869,#709,.T.);
#1066=EDGE_CURVE('',#870,#869,#710,.T.);
#1067=EDGE_CURVE('',#871,#870,#711,.F.);
#1068=EDGE_CURVE('',#868,#871,#712,.T.);
#1069=EDGE_CURVE('',#869,#856,#59,.T.);
#1070=EDGE_CURVE('',#854,#870,#60,.T.);
#1071=EDGE_CURVE('',#851,#871,#61,.T.);
#1072=EDGE_CURVE('',#870,#853,#62,.T.);
#1073=EDGE_CURVE('',#872,#873,#713,.F.);
#1074=EDGE_CURVE('',#874,#872,#714,.F.);
#1075=EDGE_CURVE('',#873,#874,#715,.F.);
#1076=EDGE_CURVE('',#875,#876,#716,.T.);
#1077=EDGE_CURVE('',#877,#876,#717,.T.);
#1078=EDGE_CURVE('',#878,#877,#718,.F.);
#1079=EDGE_CURVE('',#875,#878,#719,.T.);
#1080=EDGE_CURVE('',#860,#877,#63,.T.);
#1081=EDGE_CURVE('',#876,#861,#64,.T.);
#1082=EDGE_CURVE('',#879,#880,#720,.F.);
#1083=EDGE_CURVE('',#881,#879,#721,.F.);
#1084=EDGE_CURVE('',#880,#881,#722,.F.);
#1085=EDGE_CURVE('',#882,#883,#723,.T.);
#1086=EDGE_CURVE('',#884,#883,#724,.T.);
#1087=EDGE_CURVE('',#885,#884,#725,.F.);
#1088=EDGE_CURVE('',#882,#885,#726,.T.);
#1089=EDGE_CURVE('',#883,#868,#65,.T.);
#1090=EDGE_CURVE('',#871,#884,#66,.T.);
#1091=EDGE_CURVE('',#865,#885,#67,.T.);
#1092=EDGE_CURVE('',#884,#867,#68,.T.);
#1093=EDGE_CURVE('',#886,#887,#727,.T.);
#1094=EDGE_CURVE('',#888,#887,#728,.T.);
#1095=EDGE_CURVE('',#889,#888,#729,.F.);
#1096=EDGE_CURVE('',#886,#889,#730,.T.);
#1097=EDGE_CURVE('',#890,#891,#731,.F.);
#1098=EDGE_CURVE('',#892,#890,#732,.T.);
#1099=EDGE_CURVE('',#892,#893,#733,.T.);
#1100=EDGE_CURVE('',#891,#893,#734,.T.);
#1101=EDGE_CURVE('',#887,#892,#69,.T.);
#1102=EDGE_CURVE('',#890,#888,#70,.T.);
#1103=EDGE_CURVE('',#893,#882,#71,.T.);
#1104=EDGE_CURVE('',#885,#891,#72,.T.);
#1105=EDGE_CURVE('',#879,#890,#73,.T.);
#1106=EDGE_CURVE('',#891,#881,#74,.T.);
#1107=EDGE_CURVE('',#872,#889,#75,.T.);
#1108=EDGE_CURVE('',#888,#874,#76,.T.);
#1109=EDGE_CURVE('',#877,#886,#77,.T.);
#1110=EDGE_CURVE('',#889,#878,#78,.T.);
#1111=EDGE_CURVE('',#866,#880,#79,.T.);
#1112=EDGE_CURVE('',#881,#865,#80,.T.);
#1113=EDGE_CURVE('',#880,#873,#81,.T.);
#1114=EDGE_CURVE('',#874,#879,#82,.T.);
#1115=EDGE_CURVE('',#878,#862,#83,.T.);
#1116=EDGE_CURVE('',#863,#875,#84,.T.);
#1117=EDGE_CURVE('',#873,#864,#85,.T.);
#1118=EDGE_CURVE('',#862,#872,#86,.T.);
#1119=EDGE_CURVE('',#852,#866,#87,.T.);
#1120=EDGE_CURVE('',#867,#851,#88,.T.);
#1121=EDGE_CURVE('',#864,#847,#89,.T.);
#1122=EDGE_CURVE('',#850,#863,#90,.T.);
#1123=EDGE_CURVE('',#840,#858,#91,.T.);
#1124=EDGE_CURVE('',#859,#842,#92,.T.);
#1125=EDGE_CURVE('',#856,#834,#93,.T.);
#1126=EDGE_CURVE('',#836,#857,#94,.T.);
#1127=EDGE_CURVE('',#838,#854,#95,.T.);
#1128=EDGE_CURVE('',#855,#837,#96,.T.);
#1129=EDGE_CURVE('',#839,#852,#97,.T.);
#1130=EDGE_CURVE('',#853,#838,#98,.T.);
#1131=EDGE_CURVE('',#820,#846,#99,.T.);
#1132=EDGE_CURVE('',#845,#822,#100,.T.);
#1133=EDGE_CURVE('',#824,#843,#101,.T.);
#1134=EDGE_CURVE('',#846,#825,#102,.T.);
#1135=EDGE_CURVE('',#817,#841,#103,.T.);
#1136=EDGE_CURVE('',#842,#818,#104,.T.);
#1137=EDGE_CURVE('',#841,#821,#105,.T.);
#1138=EDGE_CURVE('',#822,#840,#106,.T.);
#1139=EDGE_CURVE('',#834,#812,#107,.T.);
#1140=EDGE_CURVE('',#815,#833,#108,.T.);
#1141=EDGE_CURVE('',#831,#807,#109,.T.);
#1142=EDGE_CURVE('',#808,#832,#110,.T.);
#1143=EDGE_CURVE('',#802,#826,#111,.T.);
#1144=EDGE_CURVE('',#825,#804,#112,.T.);
#1145=EDGE_CURVE('',#801,#823,#113,.T.);
#1146=EDGE_CURVE('',#826,#799,#114,.T.);
#1147=EDGE_CURVE('',#821,#803,#115,.T.);
#1148=EDGE_CURVE('',#804,#820,#116,.T.);
#1149=EDGE_CURVE('',#818,#805,#117,.T.);
#1150=EDGE_CURVE('',#806,#819,#118,.T.);
#1151=EDGE_CURVE('',#797,#816,#119,.T.);
#1152=EDGE_CURVE('',#819,#795,#120,.T.);
#1153=EDGE_CURVE('',#790,#806,#121,.T.);
#1154=EDGE_CURVE('',#803,#787,#122,.T.);
#1155=EDGE_CURVE('',#788,#802,#123,.T.);
#1156=EDGE_CURVE('',#786,#798,#124,.T.);
#1157=EDGE_CURVE('',#799,#788,#125,.T.);
#1158=EDGE_CURVE('',#795,#790,#126,.T.);
#1159=EDGE_CURVE('',#789,#794,#127,.T.);
#1160=EDGE_CURVE('',#787,#792,#128,.T.);
#1161=EDGE_CURVE('',#793,#786,#129,.T.);
#1162=EDGE_CURVE('',#894,#894,#735,.T.);
#1163=EDGE_CURVE('',#895,#895,#736,.T.);
#1164=EDGE_CURVE('',#896,#896,#737,.T.);
#1165=EDGE_CURVE('',#754,#895,#738,.T.);
#1166=EDGE_CURVE('',#748,#896,#739,.T.);
#1167=EDGE_CURVE('',#894,#897,#740,.T.);
#1168=EDGE_CURVE('',#897,#898,#741,.T.);
#1169=EDGE_CURVE('',#898,#897,#742,.T.);
#1170=EDGE_CURVE('',#898,#772,#130,.T.);
#1171=ORIENTED_EDGE('',*,*,#899,.T.);
#1172=ORIENTED_EDGE('',*,*,#900,.T.);
#1173=ORIENTED_EDGE('',*,*,#901,.T.);
#1174=ORIENTED_EDGE('',*,*,#902,.T.);
#1175=ORIENTED_EDGE('',*,*,#900,.F.);
#1176=ORIENTED_EDGE('',*,*,#899,.F.);
#1177=ORIENTED_EDGE('',*,*,#903,.F.);
#1178=ORIENTED_EDGE('',*,*,#902,.F.);
#1179=ORIENTED_EDGE('',*,*,#904,.T.);
#1180=ORIENTED_EDGE('',*,*,#905,.F.);
#1181=ORIENTED_EDGE('',*,*,#906,.F.);
#1182=ORIENTED_EDGE('',*,*,#904,.F.);
#1183=ORIENTED_EDGE('',*,*,#901,.F.);
#1184=ORIENTED_EDGE('',*,*,#907,.T.);
#1185=ORIENTED_EDGE('',*,*,#908,.T.);
#1186=ORIENTED_EDGE('',*,*,#909,.T.);
#1187=ORIENTED_EDGE('',*,*,#910,.T.);
#1188=ORIENTED_EDGE('',*,*,#908,.F.);
#1189=ORIENTED_EDGE('',*,*,#907,.F.);
#1190=ORIENTED_EDGE('',*,*,#911,.F.);
#1191=ORIENTED_EDGE('',*,*,#910,.F.);
#1192=ORIENTED_EDGE('',*,*,#912,.T.);
#1193=ORIENTED_EDGE('',*,*,#913,.F.);
#1194=ORIENTED_EDGE('',*,*,#914,.F.);
#1195=ORIENTED_EDGE('',*,*,#912,.F.);
#1196=ORIENTED_EDGE('',*,*,#909,.F.);
#1197=ORIENTED_EDGE('',*,*,#911,.T.);
#1198=ORIENTED_EDGE('',*,*,#915,.T.);
#1199=ORIENTED_EDGE('',*,*,#916,.T.);
#1200=ORIENTED_EDGE('',*,*,#917,.T.);
#1201=ORIENTED_EDGE('',*,*,#915,.F.);
#1202=ORIENTED_EDGE('',*,*,#918,.F.);
#1203=ORIENTED_EDGE('',*,*,#919,.T.);
#1204=ORIENTED_EDGE('',*,*,#916,.F.);
#1205=ORIENTED_EDGE('',*,*,#917,.F.);
#1206=ORIENTED_EDGE('',*,*,#919,.F.);
#1207=ORIENTED_EDGE('',*,*,#920,.F.);
#1208=ORIENTED_EDGE('',*,*,#903,.T.);
#1209=ORIENTED_EDGE('',*,*,#921,.T.);
#1210=ORIENTED_EDGE('',*,*,#922,.T.);
#1211=ORIENTED_EDGE('',*,*,#923,.T.);
#1212=ORIENTED_EDGE('',*,*,#921,.F.);
#1213=ORIENTED_EDGE('',*,*,#924,.F.);
#1214=ORIENTED_EDGE('',*,*,#925,.T.);
#1215=ORIENTED_EDGE('',*,*,#922,.F.);
#1216=ORIENTED_EDGE('',*,*,#923,.F.);
#1217=ORIENTED_EDGE('',*,*,#925,.F.);
#1218=ORIENTED_EDGE('',*,*,#926,.F.);
#1219=ORIENTED_EDGE('',*,*,#927,.T.);
#1220=ORIENTED_EDGE('',*,*,#928,.T.);
#1221=ORIENTED_EDGE('',*,*,#926,.T.);
#1222=ORIENTED_EDGE('',*,*,#924,.T.);
#1223=ORIENTED_EDGE('',*,*,#928,.F.);
#1224=ORIENTED_EDGE('',*,*,#929,.F.);
#1225=ORIENTED_EDGE('',*,*,#927,.F.);
#1226=ORIENTED_EDGE('',*,*,#930,.T.);
#1227=ORIENTED_EDGE('',*,*,#931,.T.);
#1228=ORIENTED_EDGE('',*,*,#920,.T.);
#1229=ORIENTED_EDGE('',*,*,#918,.T.);
#1230=ORIENTED_EDGE('',*,*,#931,.F.);
#1231=ORIENTED_EDGE('',*,*,#932,.F.);
#1232=ORIENTED_EDGE('',*,*,#930,.F.);
#1233=ORIENTED_EDGE('',*,*,#932,.T.);
#1234=ORIENTED_EDGE('',*,*,#933,.T.);
#1235=ORIENTED_EDGE('',*,*,#934,.T.);
#1236=ORIENTED_EDGE('',*,*,#935,.T.);
#1237=ORIENTED_EDGE('',*,*,#933,.F.);
#1238=ORIENTED_EDGE('',*,*,#936,.F.);
#1239=ORIENTED_EDGE('',*,*,#937,.T.);
#1240=ORIENTED_EDGE('',*,*,#934,.F.);
#1241=ORIENTED_EDGE('',*,*,#935,.F.);
#1242=ORIENTED_EDGE('',*,*,#937,.F.);
#1243=ORIENTED_EDGE('',*,*,#938,.F.);
#1244=ORIENTED_EDGE('',*,*,#939,.T.);
#1245=ORIENTED_EDGE('',*,*,#940,.T.);
#1246=ORIENTED_EDGE('',*,*,#938,.T.);
#1247=ORIENTED_EDGE('',*,*,#936,.T.);
#1248=ORIENTED_EDGE('',*,*,#940,.F.);
#1249=ORIENTED_EDGE('',*,*,#941,.F.);
#1250=ORIENTED_EDGE('',*,*,#942,.F.);
#1251=ORIENTED_EDGE('',*,*,#943,.F.);
#1252=ORIENTED_EDGE('',*,*,#944,.F.);
#1253=ORIENTED_EDGE('',*,*,#945,.F.);
#1254=ORIENTED_EDGE('',*,*,#946,.F.);
#1255=ORIENTED_EDGE('',*,*,#947,.F.);
#1256=ORIENTED_EDGE('',*,*,#948,.F.);
#1257=ORIENTED_EDGE('',*,*,#949,.F.);
#1258=ORIENTED_EDGE('',*,*,#950,.F.);
#1259=ORIENTED_EDGE('',*,*,#939,.F.);
#1260=ORIENTED_EDGE('',*,*,#942,.T.);
#1261=ORIENTED_EDGE('',*,*,#951,.T.);
#1262=ORIENTED_EDGE('',*,*,#952,.T.);
#1263=ORIENTED_EDGE('',*,*,#953,.T.);
#1264=ORIENTED_EDGE('',*,*,#951,.F.);
#1265=ORIENTED_EDGE('',*,*,#953,.F.);
#1266=ORIENTED_EDGE('',*,*,#954,.T.);
#1267=ORIENTED_EDGE('',*,*,#955,.F.);
#1268=ORIENTED_EDGE('',*,*,#956,.F.);
#1269=ORIENTED_EDGE('',*,*,#954,.F.);
#1270=ORIENTED_EDGE('',*,*,#952,.F.);
#1271=ORIENTED_EDGE('',*,*,#929,.T.);
#1272=ORIENTED_EDGE('',*,*,#957,.T.);
#1273=ORIENTED_EDGE('',*,*,#955,.T.);
#1274=ORIENTED_EDGE('',*,*,#956,.T.);
#1275=ORIENTED_EDGE('',*,*,#957,.F.);
#1276=ORIENTED_EDGE('',*,*,#958,.F.);
#1277=ORIENTED_EDGE('',*,*,#959,.F.);
#1278=ORIENTED_EDGE('',*,*,#960,.F.);
#1279=ORIENTED_EDGE('',*,*,#947,.T.);
#1280=ORIENTED_EDGE('',*,*,#961,.F.);
#1281=ORIENTED_EDGE('',*,*,#962,.F.);
#1282=ORIENTED_EDGE('',*,*,#963,.F.);
#1283=ORIENTED_EDGE('',*,*,#964,.F.);
#1284=ORIENTED_EDGE('',*,*,#965,.F.);
#1285=ORIENTED_EDGE('',*,*,#966,.F.);
#1286=ORIENTED_EDGE('',*,*,#967,.F.);
#1287=ORIENTED_EDGE('',*,*,#968,.F.);
#1288=ORIENTED_EDGE('',*,*,#969,.T.);
#1289=ORIENTED_EDGE('',*,*,#970,.F.);
#1290=ORIENTED_EDGE('',*,*,#971,.F.);
#1291=ORIENTED_EDGE('',*,*,#972,.F.);
#1292=ORIENTED_EDGE('',*,*,#973,.T.);
#1293=ORIENTED_EDGE('',*,*,#974,.F.);
#1294=ORIENTED_EDGE('',*,*,#975,.F.);
#1295=ORIENTED_EDGE('',*,*,#976,.F.);
#1296=ORIENTED_EDGE('',*,*,#977,.F.);
#1297=ORIENTED_EDGE('',*,*,#978,.F.);
#1298=ORIENTED_EDGE('',*,*,#979,.F.);
#1299=ORIENTED_EDGE('',*,*,#949,.T.);
#1300=ORIENTED_EDGE('',*,*,#980,.F.);
#1301=ORIENTED_EDGE('',*,*,#981,.F.);
#1302=ORIENTED_EDGE('',*,*,#982,.F.);
#1303=ORIENTED_EDGE('',*,*,#945,.T.);
#1304=ORIENTED_EDGE('',*,*,#983,.F.);
#1305=ORIENTED_EDGE('',*,*,#961,.T.);
#1306=ORIENTED_EDGE('',*,*,#946,.T.);
#1307=ORIENTED_EDGE('',*,*,#982,.T.);
#1308=ORIENTED_EDGE('',*,*,#984,.T.);
#1309=ORIENTED_EDGE('',*,*,#985,.F.);
#1310=ORIENTED_EDGE('',*,*,#986,.F.);
#1311=ORIENTED_EDGE('',*,*,#987,.F.);
#1312=ORIENTED_EDGE('',*,*,#964,.T.);
#1313=ORIENTED_EDGE('',*,*,#988,.T.);
#1314=ORIENTED_EDGE('',*,*,#986,.T.);
#1315=ORIENTED_EDGE('',*,*,#989,.T.);
#1316=ORIENTED_EDGE('',*,*,#987,.T.);
#1317=ORIENTED_EDGE('',*,*,#990,.T.);
#1318=ORIENTED_EDGE('',*,*,#968,.T.);
#1319=ORIENTED_EDGE('',*,*,#991,.T.);
#1320=ORIENTED_EDGE('',*,*,#992,.T.);
#1321=ORIENTED_EDGE('',*,*,#993,.F.);
#1322=ORIENTED_EDGE('',*,*,#994,.F.);
#1323=ORIENTED_EDGE('',*,*,#995,.F.);
#1324=ORIENTED_EDGE('',*,*,#993,.T.);
#1325=ORIENTED_EDGE('',*,*,#996,.T.);
#1326=ORIENTED_EDGE('',*,*,#972,.T.);
#1327=ORIENTED_EDGE('',*,*,#997,.T.);
#1328=ORIENTED_EDGE('',*,*,#965,.T.);
#1329=ORIENTED_EDGE('',*,*,#998,.T.);
#1330=ORIENTED_EDGE('',*,*,#994,.T.);
#1331=ORIENTED_EDGE('',*,*,#999,.T.);
#1332=ORIENTED_EDGE('',*,*,#1000,.T.);
#1333=ORIENTED_EDGE('',*,*,#1001,.F.);
#1334=ORIENTED_EDGE('',*,*,#1002,.F.);
#1335=ORIENTED_EDGE('',*,*,#1003,.F.);
#1336=ORIENTED_EDGE('',*,*,#1004,.F.);
#1337=ORIENTED_EDGE('',*,*,#1005,.F.);
#1338=ORIENTED_EDGE('',*,*,#1006,.F.);
#1339=ORIENTED_EDGE('',*,*,#1007,.T.);
#1340=ORIENTED_EDGE('',*,*,#1008,.F.);
#1341=ORIENTED_EDGE('',*,*,#1009,.F.);
#1342=ORIENTED_EDGE('',*,*,#1010,.F.);
#1343=ORIENTED_EDGE('',*,*,#1011,.F.);
#1344=ORIENTED_EDGE('',*,*,#1012,.F.);
#1345=ORIENTED_EDGE('',*,*,#943,.T.);
#1346=ORIENTED_EDGE('',*,*,#1013,.F.);
#1347=ORIENTED_EDGE('',*,*,#983,.T.);
#1348=ORIENTED_EDGE('',*,*,#944,.T.);
#1349=ORIENTED_EDGE('',*,*,#1012,.T.);
#1350=ORIENTED_EDGE('',*,*,#1014,.T.);
#1351=ORIENTED_EDGE('',*,*,#1013,.T.);
#1352=ORIENTED_EDGE('',*,*,#950,.T.);
#1353=ORIENTED_EDGE('',*,*,#979,.T.);
#1354=ORIENTED_EDGE('',*,*,#1015,.T.);
#1355=ORIENTED_EDGE('',*,*,#1016,.T.);
#1356=ORIENTED_EDGE('',*,*,#1017,.F.);
#1357=ORIENTED_EDGE('',*,*,#1018,.F.);
#1358=ORIENTED_EDGE('',*,*,#1019,.F.);
#1359=ORIENTED_EDGE('',*,*,#1020,.F.);
#1360=ORIENTED_EDGE('',*,*,#1021,.F.);
#1361=ORIENTED_EDGE('',*,*,#1022,.T.);
#1362=ORIENTED_EDGE('',*,*,#1023,.F.);
#1363=ORIENTED_EDGE('',*,*,#1021,.T.);
#1364=ORIENTED_EDGE('',*,*,#1024,.T.);
#1365=ORIENTED_EDGE('',*,*,#985,.T.);
#1366=ORIENTED_EDGE('',*,*,#1025,.T.);
#1367=ORIENTED_EDGE('',*,*,#1026,.F.);
#1368=ORIENTED_EDGE('',*,*,#1027,.F.);
#1369=ORIENTED_EDGE('',*,*,#1028,.F.);
#1370=ORIENTED_EDGE('',*,*,#1017,.T.);
#1371=ORIENTED_EDGE('',*,*,#1029,.T.);
#1372=ORIENTED_EDGE('',*,*,#1027,.T.);
#1373=ORIENTED_EDGE('',*,*,#1030,.T.);
#1374=ORIENTED_EDGE('',*,*,#1031,.F.);
#1375=ORIENTED_EDGE('',*,*,#1032,.F.);
#1376=ORIENTED_EDGE('',*,*,#1033,.F.);
#1377=ORIENTED_EDGE('',*,*,#1034,.T.);
#1378=ORIENTED_EDGE('',*,*,#1035,.F.);
#1379=ORIENTED_EDGE('',*,*,#1036,.F.);
#1380=ORIENTED_EDGE('',*,*,#1037,.F.);
#1381=ORIENTED_EDGE('',*,*,#1038,.T.);
#1382=ORIENTED_EDGE('',*,*,#1039,.F.);
#1383=ORIENTED_EDGE('',*,*,#1040,.F.);
#1384=ORIENTED_EDGE('',*,*,#1041,.F.);
#1385=ORIENTED_EDGE('',*,*,#1039,.T.);
#1386=ORIENTED_EDGE('',*,*,#1042,.T.);
#1387=ORIENTED_EDGE('',*,*,#1019,.T.);
#1388=ORIENTED_EDGE('',*,*,#1043,.T.);
#1389=ORIENTED_EDGE('',*,*,#1040,.T.);
#1390=ORIENTED_EDGE('',*,*,#1044,.T.);
#1391=ORIENTED_EDGE('',*,*,#1011,.T.);
#1392=ORIENTED_EDGE('',*,*,#1045,.T.);
#1393=ORIENTED_EDGE('',*,*,#1046,.F.);
#1394=ORIENTED_EDGE('',*,*,#1047,.F.);
#1395=ORIENTED_EDGE('',*,*,#1048,.F.);
#1396=ORIENTED_EDGE('',*,*,#1049,.F.);
#1397=ORIENTED_EDGE('',*,*,#1050,.F.);
#1398=ORIENTED_EDGE('',*,*,#1051,.F.);
#1399=ORIENTED_EDGE('',*,*,#1052,.T.);
#1400=ORIENTED_EDGE('',*,*,#1053,.F.);
#1401=ORIENTED_EDGE('',*,*,#1054,.F.);
#1402=ORIENTED_EDGE('',*,*,#1055,.F.);
#1403=ORIENTED_EDGE('',*,*,#1056,.T.);
#1404=ORIENTED_EDGE('',*,*,#1035,.T.);
#1405=ORIENTED_EDGE('',*,*,#1057,.T.);
#1406=ORIENTED_EDGE('',*,*,#1054,.T.);
#1407=ORIENTED_EDGE('',*,*,#1058,.T.);
#1408=ORIENTED_EDGE('',*,*,#1059,.F.);
#1409=ORIENTED_EDGE('',*,*,#1060,.F.);
#1410=ORIENTED_EDGE('',*,*,#1061,.F.);
#1411=ORIENTED_EDGE('',*,*,#1062,.F.);
#1412=ORIENTED_EDGE('',*,*,#1063,.F.);
#1413=ORIENTED_EDGE('',*,*,#1064,.F.);
#1414=ORIENTED_EDGE('',*,*,#1065,.T.);
#1415=ORIENTED_EDGE('',*,*,#1066,.F.);
#1416=ORIENTED_EDGE('',*,*,#1067,.F.);
#1417=ORIENTED_EDGE('',*,*,#1068,.F.);
#1418=ORIENTED_EDGE('',*,*,#1066,.T.);
#1419=ORIENTED_EDGE('',*,*,#1069,.T.);
#1420=ORIENTED_EDGE('',*,*,#1050,.T.);
#1421=ORIENTED_EDGE('',*,*,#1070,.T.);
#1422=ORIENTED_EDGE('',*,*,#1047,.T.);
#1423=ORIENTED_EDGE('',*,*,#1071,.T.);
#1424=ORIENTED_EDGE('',*,*,#1067,.T.);
#1425=ORIENTED_EDGE('',*,*,#1072,.T.);
#1426=ORIENTED_EDGE('',*,*,#1073,.F.);
#1427=ORIENTED_EDGE('',*,*,#1074,.F.);
#1428=ORIENTED_EDGE('',*,*,#1075,.F.);
#1429=ORIENTED_EDGE('',*,*,#1076,.T.);
#1430=ORIENTED_EDGE('',*,*,#1077,.F.);
#1431=ORIENTED_EDGE('',*,*,#1078,.F.);
#1432=ORIENTED_EDGE('',*,*,#1079,.F.);
#1433=ORIENTED_EDGE('',*,*,#1055,.T.);
#1434=ORIENTED_EDGE('',*,*,#1080,.T.);
#1435=ORIENTED_EDGE('',*,*,#1077,.T.);
#1436=ORIENTED_EDGE('',*,*,#1081,.T.);
#1437=ORIENTED_EDGE('',*,*,#1082,.F.);
#1438=ORIENTED_EDGE('',*,*,#1083,.F.);
#1439=ORIENTED_EDGE('',*,*,#1084,.F.);
#1440=ORIENTED_EDGE('',*,*,#1085,.T.);
#1441=ORIENTED_EDGE('',*,*,#1086,.F.);
#1442=ORIENTED_EDGE('',*,*,#1087,.F.);
#1443=ORIENTED_EDGE('',*,*,#1088,.F.);
#1444=ORIENTED_EDGE('',*,*,#1086,.T.);
#1445=ORIENTED_EDGE('',*,*,#1089,.T.);
#1446=ORIENTED_EDGE('',*,*,#1068,.T.);
#1447=ORIENTED_EDGE('',*,*,#1090,.T.);
#1448=ORIENTED_EDGE('',*,*,#1063,.T.);
#1449=ORIENTED_EDGE('',*,*,#1091,.T.);
#1450=ORIENTED_EDGE('',*,*,#1087,.T.);
#1451=ORIENTED_EDGE('',*,*,#1092,.T.);
#1452=ORIENTED_EDGE('',*,*,#1093,.T.);
#1453=ORIENTED_EDGE('',*,*,#1094,.F.);
#1454=ORIENTED_EDGE('',*,*,#1095,.F.);
#1455=ORIENTED_EDGE('',*,*,#1096,.F.);
#1456=ORIENTED_EDGE('',*,*,#1097,.F.);
#1457=ORIENTED_EDGE('',*,*,#1098,.F.);
#1458=ORIENTED_EDGE('',*,*,#1099,.T.);
#1459=ORIENTED_EDGE('',*,*,#1100,.F.);
#1460=ORIENTED_EDGE('',*,*,#1094,.T.);
#1461=ORIENTED_EDGE('',*,*,#1101,.T.);
#1462=ORIENTED_EDGE('',*,*,#1098,.T.);
#1463=ORIENTED_EDGE('',*,*,#1102,.T.);
#1464=ORIENTED_EDGE('',*,*,#1100,.T.);
#1465=ORIENTED_EDGE('',*,*,#1103,.T.);
#1466=ORIENTED_EDGE('',*,*,#1088,.T.);
#1467=ORIENTED_EDGE('',*,*,#1104,.T.);
#1468=ORIENTED_EDGE('',*,*,#1083,.T.);
#1469=ORIENTED_EDGE('',*,*,#1105,.T.);
#1470=ORIENTED_EDGE('',*,*,#1097,.T.);
#1471=ORIENTED_EDGE('',*,*,#1106,.T.);
#1472=ORIENTED_EDGE('',*,*,#1074,.T.);
#1473=ORIENTED_EDGE('',*,*,#1107,.T.);
#1474=ORIENTED_EDGE('',*,*,#1095,.T.);
#1475=ORIENTED_EDGE('',*,*,#1108,.T.);
#1476=ORIENTED_EDGE('',*,*,#1078,.T.);
#1477=ORIENTED_EDGE('',*,*,#1109,.T.);
#1478=ORIENTED_EDGE('',*,*,#1096,.T.);
#1479=ORIENTED_EDGE('',*,*,#1110,.T.);
#1480=ORIENTED_EDGE('',*,*,#1062,.T.);
#1481=ORIENTED_EDGE('',*,*,#1111,.T.);
#1482=ORIENTED_EDGE('',*,*,#1084,.T.);
#1483=ORIENTED_EDGE('',*,*,#1112,.T.);
#1484=ORIENTED_EDGE('',*,*,#1082,.T.);
#1485=ORIENTED_EDGE('',*,*,#1113,.T.);
#1486=ORIENTED_EDGE('',*,*,#1075,.T.);
#1487=ORIENTED_EDGE('',*,*,#1114,.T.);
#1488=ORIENTED_EDGE('',*,*,#1079,.T.);
#1489=ORIENTED_EDGE('',*,*,#1115,.T.);
#1490=ORIENTED_EDGE('',*,*,#1059,.T.);
#1491=ORIENTED_EDGE('',*,*,#1116,.T.);
#1492=ORIENTED_EDGE('',*,*,#1073,.T.);
#1493=ORIENTED_EDGE('',*,*,#1117,.T.);
#1494=ORIENTED_EDGE('',*,*,#1060,.T.);
#1495=ORIENTED_EDGE('',*,*,#1118,.T.);
#1496=ORIENTED_EDGE('',*,*,#1046,.T.);
#1497=ORIENTED_EDGE('',*,*,#1119,.T.);
#1498=ORIENTED_EDGE('',*,*,#1064,.T.);
#1499=ORIENTED_EDGE('',*,*,#1120,.T.);
#1500=ORIENTED_EDGE('',*,*,#1061,.T.);
#1501=ORIENTED_EDGE('',*,*,#1121,.T.);
#1502=ORIENTED_EDGE('',*,*,#1041,.T.);
#1503=ORIENTED_EDGE('',*,*,#1122,.T.);
#1504=ORIENTED_EDGE('',*,*,#1032,.T.);
#1505=ORIENTED_EDGE('',*,*,#1123,.T.);
#1506=ORIENTED_EDGE('',*,*,#1053,.T.);
#1507=ORIENTED_EDGE('',*,*,#1124,.T.);
#1508=ORIENTED_EDGE('',*,*,#1051,.T.);
#1509=ORIENTED_EDGE('',*,*,#1125,.T.);
#1510=ORIENTED_EDGE('',*,*,#1023,.T.);
#1511=ORIENTED_EDGE('',*,*,#1126,.T.);
#1512=ORIENTED_EDGE('',*,*,#1026,.T.);
#1513=ORIENTED_EDGE('',*,*,#1127,.T.);
#1514=ORIENTED_EDGE('',*,*,#1049,.T.);
#1515=ORIENTED_EDGE('',*,*,#1128,.T.);
#1516=ORIENTED_EDGE('',*,*,#1028,.T.);
#1517=ORIENTED_EDGE('',*,*,#1129,.T.);
#1518=ORIENTED_EDGE('',*,*,#1048,.T.);
#1519=ORIENTED_EDGE('',*,*,#1130,.T.);
#1520=ORIENTED_EDGE('',*,*,#1005,.T.);
#1521=ORIENTED_EDGE('',*,*,#1131,.T.);
#1522=ORIENTED_EDGE('',*,*,#1036,.T.);
#1523=ORIENTED_EDGE('',*,*,#1132,.T.);
#1524=ORIENTED_EDGE('',*,*,#1008,.T.);
#1525=ORIENTED_EDGE('',*,*,#1133,.T.);
#1526=ORIENTED_EDGE('',*,*,#1037,.T.);
#1527=ORIENTED_EDGE('',*,*,#1134,.T.);
#1528=ORIENTED_EDGE('',*,*,#1001,.T.);
#1529=ORIENTED_EDGE('',*,*,#1135,.T.);
#1530=ORIENTED_EDGE('',*,*,#1033,.T.);
#1531=ORIENTED_EDGE('',*,*,#1136,.T.);
#1532=ORIENTED_EDGE('',*,*,#1031,.T.);
#1533=ORIENTED_EDGE('',*,*,#1137,.T.);
#1534=ORIENTED_EDGE('',*,*,#1006,.T.);
#1535=ORIENTED_EDGE('',*,*,#1138,.T.);
#1536=ORIENTED_EDGE('',*,*,#1020,.T.);
#1537=ORIENTED_EDGE('',*,*,#1139,.T.);
#1538=ORIENTED_EDGE('',*,*,#995,.T.);
#1539=ORIENTED_EDGE('',*,*,#1140,.T.);
#1540=ORIENTED_EDGE('',*,*,#1018,.T.);
#1541=ORIENTED_EDGE('',*,*,#1141,.T.);
#1542=ORIENTED_EDGE('',*,*,#981,.T.);
#1543=ORIENTED_EDGE('',*,*,#1142,.T.);
#1544=ORIENTED_EDGE('',*,*,#976,.T.);
#1545=ORIENTED_EDGE('',*,*,#1143,.T.);
#1546=ORIENTED_EDGE('',*,*,#1009,.T.);
#1547=ORIENTED_EDGE('',*,*,#1144,.T.);
#1548=ORIENTED_EDGE('',*,*,#974,.T.);
#1549=ORIENTED_EDGE('',*,*,#1145,.T.);
#1550=ORIENTED_EDGE('',*,*,#1010,.T.);
#1551=ORIENTED_EDGE('',*,*,#1146,.T.);
#1552=ORIENTED_EDGE('',*,*,#1004,.T.);
#1553=ORIENTED_EDGE('',*,*,#1147,.T.);
#1554=ORIENTED_EDGE('',*,*,#977,.T.);
#1555=ORIENTED_EDGE('',*,*,#1148,.T.);
#1556=ORIENTED_EDGE('',*,*,#1002,.T.);
#1557=ORIENTED_EDGE('',*,*,#1149,.T.);
#1558=ORIENTED_EDGE('',*,*,#978,.T.);
#1559=ORIENTED_EDGE('',*,*,#1150,.T.);
#1560=ORIENTED_EDGE('',*,*,#970,.T.);
#1561=ORIENTED_EDGE('',*,*,#1151,.T.);
#1562=ORIENTED_EDGE('',*,*,#1003,.T.);
#1563=ORIENTED_EDGE('',*,*,#1152,.T.);
#1564=ORIENTED_EDGE('',*,*,#980,.T.);
#1565=ORIENTED_EDGE('',*,*,#948,.T.);
#1566=ORIENTED_EDGE('',*,*,#963,.T.);
#1567=ORIENTED_EDGE('',*,*,#1153,.T.);
#1568=ORIENTED_EDGE('',*,*,#975,.T.);
#1569=ORIENTED_EDGE('',*,*,#1154,.T.);
#1570=ORIENTED_EDGE('',*,*,#960,.T.);
#1571=ORIENTED_EDGE('',*,*,#1155,.T.);
#1572=ORIENTED_EDGE('',*,*,#959,.T.);
#1573=ORIENTED_EDGE('',*,*,#1156,.T.);
#1574=ORIENTED_EDGE('',*,*,#971,.T.);
#1575=ORIENTED_EDGE('',*,*,#1157,.T.);
#1576=ORIENTED_EDGE('',*,*,#967,.T.);
#1577=ORIENTED_EDGE('',*,*,#1158,.T.);
#1578=ORIENTED_EDGE('',*,*,#962,.T.);
#1579=ORIENTED_EDGE('',*,*,#1159,.T.);
#1580=ORIENTED_EDGE('',*,*,#958,.T.);
#1581=ORIENTED_EDGE('',*,*,#1160,.T.);
#1582=ORIENTED_EDGE('',*,*,#966,.T.);
#1583=ORIENTED_EDGE('',*,*,#1161,.T.);
#1584=ORIENTED_EDGE('',*,*,#989,.F.);
#1585=ORIENTED_EDGE('',*,*,#1024,.F.);
#1586=ORIENTED_EDGE('',*,*,#1140,.F.);
#1587=ORIENTED_EDGE('',*,*,#998,.F.);
#1588=ORIENTED_EDGE('',*,*,#997,.F.);
#1589=ORIENTED_EDGE('',*,*,#1156,.F.);
#1590=ORIENTED_EDGE('',*,*,#1161,.F.);
#1591=ORIENTED_EDGE('',*,*,#999,.F.);
#1592=ORIENTED_EDGE('',*,*,#1000,.F.);
#1593=ORIENTED_EDGE('',*,*,#1151,.F.);
#1594=ORIENTED_EDGE('',*,*,#969,.F.);
#1595=ORIENTED_EDGE('',*,*,#990,.F.);
#1596=ORIENTED_EDGE('',*,*,#988,.F.);
#1597=ORIENTED_EDGE('',*,*,#1160,.F.);
#1598=ORIENTED_EDGE('',*,*,#1154,.F.);
#1599=ORIENTED_EDGE('',*,*,#1147,.F.);
#1600=ORIENTED_EDGE('',*,*,#1137,.F.);
#1601=ORIENTED_EDGE('',*,*,#1135,.F.);
#1602=ORIENTED_EDGE('',*,*,#1043,.F.);
#1603=ORIENTED_EDGE('',*,*,#1142,.F.);
#1604=ORIENTED_EDGE('',*,*,#1014,.F.);
#1605=ORIENTED_EDGE('',*,*,#1044,.F.);
#1606=ORIENTED_EDGE('',*,*,#1052,.F.);
#1607=ORIENTED_EDGE('',*,*,#1126,.F.);
#1608=ORIENTED_EDGE('',*,*,#1022,.F.);
#1609=ORIENTED_EDGE('',*,*,#1025,.F.);
#1610=ORIENTED_EDGE('',*,*,#991,.F.);
#1611=ORIENTED_EDGE('',*,*,#1159,.F.);
#1612=ORIENTED_EDGE('',*,*,#984,.F.);
#1613=ORIENTED_EDGE('',*,*,#1141,.F.);
#1614=ORIENTED_EDGE('',*,*,#1030,.F.);
#1615=ORIENTED_EDGE('',*,*,#1128,.F.);
#1616=ORIENTED_EDGE('',*,*,#1058,.F.);
#1617=ORIENTED_EDGE('',*,*,#1123,.F.);
#1618=ORIENTED_EDGE('',*,*,#1138,.F.);
#1619=ORIENTED_EDGE('',*,*,#1132,.F.);
#1620=ORIENTED_EDGE('',*,*,#1070,.F.);
#1621=ORIENTED_EDGE('',*,*,#1127,.F.);
#1622=ORIENTED_EDGE('',*,*,#1130,.F.);
#1623=ORIENTED_EDGE('',*,*,#1072,.F.);
#1624=ORIENTED_EDGE('',*,*,#1071,.F.);
#1625=ORIENTED_EDGE('',*,*,#1120,.F.);
#1626=ORIENTED_EDGE('',*,*,#1092,.F.);
#1627=ORIENTED_EDGE('',*,*,#1090,.F.);
#1628=ORIENTED_EDGE('',*,*,#1076,.F.);
#1629=ORIENTED_EDGE('',*,*,#1116,.F.);
#1630=ORIENTED_EDGE('',*,*,#1122,.F.);
#1631=ORIENTED_EDGE('',*,*,#1045,.F.);
#1632=ORIENTED_EDGE('',*,*,#1015,.F.);
#1633=ORIENTED_EDGE('',*,*,#1149,.F.);
#1634=ORIENTED_EDGE('',*,*,#1136,.F.);
#1635=ORIENTED_EDGE('',*,*,#1124,.F.);
#1636=ORIENTED_EDGE('',*,*,#1056,.F.);
#1637=ORIENTED_EDGE('',*,*,#1081,.F.);
#1638=ORIENTED_EDGE('',*,*,#1091,.F.);
#1639=ORIENTED_EDGE('',*,*,#1112,.F.);
#1640=ORIENTED_EDGE('',*,*,#1106,.F.);
#1641=ORIENTED_EDGE('',*,*,#1104,.F.);
#1642=ORIENTED_EDGE('',*,*,#1162,.F.);
#1643=ORIENTED_EDGE('',*,*,#1163,.F.);
#1644=ORIENTED_EDGE('',*,*,#1164,.F.);
#1645=ORIENTED_EDGE('',*,*,#1099,.F.);
#1646=ORIENTED_EDGE('',*,*,#1101,.F.);
#1647=ORIENTED_EDGE('',*,*,#1093,.F.);
#1648=ORIENTED_EDGE('',*,*,#1109,.F.);
#1649=ORIENTED_EDGE('',*,*,#1080,.F.);
#1650=ORIENTED_EDGE('',*,*,#1057,.F.);
#1651=ORIENTED_EDGE('',*,*,#1034,.F.);
#1652=ORIENTED_EDGE('',*,*,#1133,.F.);
#1653=ORIENTED_EDGE('',*,*,#1007,.F.);
#1654=ORIENTED_EDGE('',*,*,#1145,.F.);
#1655=ORIENTED_EDGE('',*,*,#973,.F.);
#1656=ORIENTED_EDGE('',*,*,#996,.F.);
#1657=ORIENTED_EDGE('',*,*,#992,.F.);
#1658=ORIENTED_EDGE('',*,*,#1139,.F.);
#1659=ORIENTED_EDGE('',*,*,#1125,.F.);
#1660=ORIENTED_EDGE('',*,*,#1069,.F.);
#1661=ORIENTED_EDGE('',*,*,#1065,.F.);
#1662=ORIENTED_EDGE('',*,*,#1089,.F.);
#1663=ORIENTED_EDGE('',*,*,#1085,.F.);
#1664=ORIENTED_EDGE('',*,*,#1103,.F.);
#1665=ORIENTED_EDGE('',*,*,#1102,.F.);
#1666=ORIENTED_EDGE('',*,*,#1105,.F.);
#1667=ORIENTED_EDGE('',*,*,#1114,.F.);
#1668=ORIENTED_EDGE('',*,*,#1108,.F.);
#1669=ORIENTED_EDGE('',*,*,#1107,.F.);
#1670=ORIENTED_EDGE('',*,*,#1118,.F.);
#1671=ORIENTED_EDGE('',*,*,#1115,.F.);
#1672=ORIENTED_EDGE('',*,*,#1110,.F.);
#1673=ORIENTED_EDGE('',*,*,#1111,.F.);
#1674=ORIENTED_EDGE('',*,*,#1119,.F.);
#1675=ORIENTED_EDGE('',*,*,#1129,.F.);
#1676=ORIENTED_EDGE('',*,*,#1029,.F.);
#1677=ORIENTED_EDGE('',*,*,#1016,.F.);
#1678=ORIENTED_EDGE('',*,*,#1042,.F.);
#1679=ORIENTED_EDGE('',*,*,#1038,.F.);
#1680=ORIENTED_EDGE('',*,*,#1121,.F.);
#1681=ORIENTED_EDGE('',*,*,#1117,.F.);
#1682=ORIENTED_EDGE('',*,*,#1113,.F.);
#1683=ORIENTED_EDGE('',*,*,#1131,.F.);
#1684=ORIENTED_EDGE('',*,*,#1148,.F.);
#1685=ORIENTED_EDGE('',*,*,#1144,.F.);
#1686=ORIENTED_EDGE('',*,*,#1134,.F.);
#1687=ORIENTED_EDGE('',*,*,#1143,.F.);
#1688=ORIENTED_EDGE('',*,*,#1155,.F.);
#1689=ORIENTED_EDGE('',*,*,#1157,.F.);
#1690=ORIENTED_EDGE('',*,*,#1146,.F.);
#1691=ORIENTED_EDGE('',*,*,#1150,.F.);
#1692=ORIENTED_EDGE('',*,*,#1153,.F.);
#1693=ORIENTED_EDGE('',*,*,#1158,.F.);
#1694=ORIENTED_EDGE('',*,*,#1152,.F.);
#1695=ORIENTED_EDGE('',*,*,#914,.T.);
#1696=ORIENTED_EDGE('',*,*,#1165,.T.);
#1697=ORIENTED_EDGE('',*,*,#1163,.T.);
#1698=ORIENTED_EDGE('',*,*,#1165,.F.);
#1699=ORIENTED_EDGE('',*,*,#913,.T.);
#1700=ORIENTED_EDGE('',*,*,#906,.T.);
#1701=ORIENTED_EDGE('',*,*,#1166,.T.);
#1702=ORIENTED_EDGE('',*,*,#1164,.T.);
#1703=ORIENTED_EDGE('',*,*,#1166,.F.);
#1704=ORIENTED_EDGE('',*,*,#905,.T.);
#1705=ORIENTED_EDGE('',*,*,#1162,.T.);
#1706=ORIENTED_EDGE('',*,*,#1167,.T.);
#1707=ORIENTED_EDGE('',*,*,#1168,.T.);
#1708=ORIENTED_EDGE('',*,*,#1169,.T.);
#1709=ORIENTED_EDGE('',*,*,#1167,.F.);
#1710=ORIENTED_EDGE('',*,*,#1169,.F.);
#1711=ORIENTED_EDGE('',*,*,#1170,.T.);
#1712=ORIENTED_EDGE('',*,*,#941,.T.);
#1713=ORIENTED_EDGE('',*,*,#1170,.F.);
#1714=ORIENTED_EDGE('',*,*,#1168,.F.);
#1715=TOROIDAL_SURFACE('',#1884,3.,0.5);
#1716=TOROIDAL_SURFACE('',#1894,3.,0.5);
#1717=TOROIDAL_SURFACE('',#1904,1.7,0.3);
#1718=TOROIDAL_SURFACE('',#1911,1.7,0.3);
#1719=TOROIDAL_SURFACE('',#1918,1.7,0.3);
#1720=TOROIDAL_SURFACE('',#1923,1.7,0.3);
#1721=TOROIDAL_SURFACE('',#1928,2.36,0.3);
#1722=TOROIDAL_SURFACE('',#1935,2.96,0.3);
#1723=TOROIDAL_SURFACE('',#1945,2.96,0.3);
#1724=TOROIDAL_SURFACE('',#1952,2.36,0.3);
#1725=TOROIDAL_SURFACE('',#1958,0.4,0.2);
#1726=TOROIDAL_SURFACE('',#1966,0.4,0.200000000000001);
#1727=TOROIDAL_SURFACE('',#1971,0.4,0.2);
#1728=TOROIDAL_SURFACE('',#1980,0.399999999999999,0.2);
#1729=TOROIDAL_SURFACE('',#1984,0.399999999999999,0.199999999999999);
#1730=TOROIDAL_SURFACE('',#1995,0.4,0.2);
#1731=TOROIDAL_SURFACE('',#2002,0.399999999999999,0.2);
#1732=TOROIDAL_SURFACE('',#2011,0.4,0.2);
#1733=TOROIDAL_SURFACE('',#2016,0.4,0.2);
#1734=TOROIDAL_SURFACE('',#2022,0.400000000000001,0.2);
#1735=TOROIDAL_SURFACE('',#2027,0.4,0.2);
#1736=TOROIDAL_SURFACE('',#2042,0.400000000000001,0.2);
#1737=TOROIDAL_SURFACE('',#2047,0.4,0.2);
#1738=TOROIDAL_SURFACE('',#2058,0.4,0.2);
#1739=TOROIDAL_SURFACE('',#2063,0.4,0.2);
#1740=TOROIDAL_SURFACE('',#2077,0.399999999999999,0.2);
#1741=TOROIDAL_SURFACE('',#2088,0.400000000000003,0.2);
#1742=TOROIDAL_SURFACE('',#2098,0.400000000000003,0.2);
#1743=TOROIDAL_SURFACE('',#2105,0.4,0.2);
#1744=TOROIDAL_SURFACE('',#2110,0.399999999999998,0.2);
#1745=TOROIDAL_SURFACE('',#2166,3.7,0.2);
#1746=TOROIDAL_SURFACE('',#2168,3.7,0.2);
#1747=TOROIDAL_SURFACE('',#2170,15.5833809621031,0.1);
#1748=ADVANCED_FACE('',(#320),#1715,.T.);
#1749=ADVANCED_FACE('',(#321,#288),#298,.T.);
#1750=ADVANCED_FACE('',(#322),#234,.T.);
#1751=ADVANCED_FACE('',(#323),#1716,.T.);
#1752=ADVANCED_FACE('',(#324,#289),#299,.T.);
#1753=ADVANCED_FACE('',(#325),#235,.T.);
#1754=ADVANCED_FACE('',(#326),#1717,.T.);
#1755=ADVANCED_FACE('',(#327),#236,.F.);
#1756=ADVANCED_FACE('',(#328),#1718,.T.);
#1757=ADVANCED_FACE('',(#329),#237,.F.);
#1758=ADVANCED_FACE('',(#330),#1719,.T.);
#1759=ADVANCED_FACE('',(#331,#290),#300,.T.);
#1760=ADVANCED_FACE('',(#332),#1720,.T.);
#1761=ADVANCED_FACE('',(#333,#291),#301,.T.);
#1762=ADVANCED_FACE('',(#334),#1721,.F.);
#1763=ADVANCED_FACE('',(#335),#238,.F.);
#1764=ADVANCED_FACE('',(#336),#1722,.T.);
#1765=ADVANCED_FACE('',(#337,#292,#293,#294),#302,.T.);
#1766=ADVANCED_FACE('',(#338),#1723,.T.);
#1767=ADVANCED_FACE('',(#339),#239,.F.);
#1768=ADVANCED_FACE('',(#340),#1724,.F.);
#1769=ADVANCED_FACE('',(#341),#16,.T.);
#1770=ADVANCED_FACE('',(#342),#1725,.T.);
#1771=ADVANCED_FACE('',(#343),#17,.T.);
#1772=ADVANCED_FACE('',(#344),#1726,.T.);
#1773=ADVANCED_FACE('',(#345),#1727,.F.);
#1774=ADVANCED_FACE('',(#346),#18,.T.);
#1775=ADVANCED_FACE('',(#347),#1728,.T.);
#1776=ADVANCED_FACE('',(#348),#1729,.T.);
#1777=ADVANCED_FACE('',(#349),#240,.T.);
#1778=ADVANCED_FACE('',(#350),#19,.T.);
#1779=ADVANCED_FACE('',(#351),#241,.T.);
#1780=ADVANCED_FACE('',(#352),#242,.T.);
#1781=ADVANCED_FACE('',(#353),#1730,.F.);
#1782=ADVANCED_FACE('',(#354),#243,.F.);
#1783=ADVANCED_FACE('',(#355),#244,.T.);
#1784=ADVANCED_FACE('',(#356),#1731,.T.);
#1785=ADVANCED_FACE('',(#357),#20,.T.);
#1786=ADVANCED_FACE('',(#358),#1732,.F.);
#1787=ADVANCED_FACE('',(#359),#1733,.T.);
#1788=ADVANCED_FACE('',(#360),#245,.T.);
#1789=ADVANCED_FACE('',(#361),#246,.T.);
#1790=ADVANCED_FACE('',(#362),#1734,.T.);
#1791=ADVANCED_FACE('',(#363),#1735,.T.);
#1792=ADVANCED_FACE('',(#364),#247,.T.);
#1793=ADVANCED_FACE('',(#365),#21,.T.);
#1794=ADVANCED_FACE('',(#366),#248,.T.);
#1795=ADVANCED_FACE('',(#367),#22,.T.);
#1796=ADVANCED_FACE('',(#368),#1736,.F.);
#1797=ADVANCED_FACE('',(#369),#1737,.T.);
#1798=ADVANCED_FACE('',(#370),#249,.T.);
#1799=ADVANCED_FACE('',(#371),#250,.F.);
#1800=ADVANCED_FACE('',(#372),#23,.T.);
#1801=ADVANCED_FACE('',(#373),#1738,.T.);
#1802=ADVANCED_FACE('',(#374),#1739,.T.);
#1803=ADVANCED_FACE('',(#375),#251,.F.);
#1804=ADVANCED_FACE('',(#376),#24,.T.);
#1805=ADVANCED_FACE('',(#377),#25,.T.);
#1806=ADVANCED_FACE('',(#378),#1740,.F.);
#1807=ADVANCED_FACE('',(#379),#252,.F.);
#1808=ADVANCED_FACE('',(#380),#253,.T.);
#1809=ADVANCED_FACE('',(#381),#26,.T.);
#1810=ADVANCED_FACE('',(#382),#1741,.T.);
#1811=ADVANCED_FACE('',(#383),#254,.T.);
#1812=ADVANCED_FACE('',(#384),#27,.T.);
#1813=ADVANCED_FACE('',(#385),#1742,.F.);
#1814=ADVANCED_FACE('',(#386),#255,.F.);
#1815=ADVANCED_FACE('',(#387),#256,.T.);
#1816=ADVANCED_FACE('',(#388),#1743,.F.);
#1817=ADVANCED_FACE('',(#389),#1744,.F.);
#1818=ADVANCED_FACE('',(#390),#257,.F.);
#1819=ADVANCED_FACE('',(#391),#258,.F.);
#1820=ADVANCED_FACE('',(#392),#259,.T.);
#1821=ADVANCED_FACE('',(#393),#260,.T.);
#1822=ADVANCED_FACE('',(#394),#261,.F.);
#1823=ADVANCED_FACE('',(#395),#262,.T.);
#1824=ADVANCED_FACE('',(#396),#263,.T.);
#1825=ADVANCED_FACE('',(#397),#264,.T.);
#1826=ADVANCED_FACE('',(#398),#265,.T.);
#1827=ADVANCED_FACE('',(#399),#266,.T.);
#1828=ADVANCED_FACE('',(#400),#267,.T.);
#1829=ADVANCED_FACE('',(#401),#268,.T.);
#1830=ADVANCED_FACE('',(#402),#269,.T.);
#1831=ADVANCED_FACE('',(#403),#270,.T.);
#1832=ADVANCED_FACE('',(#404),#271,.T.);
#1833=ADVANCED_FACE('',(#405),#272,.T.);
#1834=ADVANCED_FACE('',(#406),#273,.F.);
#1835=ADVANCED_FACE('',(#407),#274,.T.);
#1836=ADVANCED_FACE('',(#408),#275,.T.);
#1837=ADVANCED_FACE('',(#409),#276,.F.);
#1838=ADVANCED_FACE('',(#410),#277,.F.);
#1839=ADVANCED_FACE('',(#411),#278,.T.);
#1840=ADVANCED_FACE('',(#412),#279,.F.);
#1841=ADVANCED_FACE('',(#413),#280,.T.);
#1842=ADVANCED_FACE('',(#414),#281,.F.);
#1843=ADVANCED_FACE('',(#415),#282,.T.);
#1844=ADVANCED_FACE('',(#416),#283,.T.);
#1845=ADVANCED_FACE('',(#417),#284,.T.);
#1846=ADVANCED_FACE('',(#418),#285,.T.);
#1847=ADVANCED_FACE('',(#419),#286,.F.);
#1848=ADVANCED_FACE('',(#420),#287,.T.);
#1849=ADVANCED_FACE('',(#421),#303,.T.);
#1850=ADVANCED_FACE('',(#422),#304,.T.);
#1851=ADVANCED_FACE('',(#423),#305,.T.);
#1852=ADVANCED_FACE('',(#424),#306,.F.);
#1853=ADVANCED_FACE('',(#425),#307,.F.);
#1854=ADVANCED_FACE('',(#426),#308,.T.);
#1855=ADVANCED_FACE('',(#427),#309,.T.);
#1856=ADVANCED_FACE('',(#428),#310,.T.);
#1857=ADVANCED_FACE('',(#429),#311,.F.);
#1858=ADVANCED_FACE('',(#430),#312,.T.);
#1859=ADVANCED_FACE('',(#431,#295,#296,#297),#313,.T.);
#1860=ADVANCED_FACE('',(#432),#314,.T.);
#1861=ADVANCED_FACE('',(#433),#315,.T.);
#1862=ADVANCED_FACE('',(#434),#316,.T.);
#1863=ADVANCED_FACE('',(#435),#317,.T.);
#1864=ADVANCED_FACE('',(#436),#318,.T.);
#1865=ADVANCED_FACE('',(#437),#319,.F.);
#1866=ADVANCED_FACE('',(#438),#1745,.F.);
#1867=ADVANCED_FACE('',(#439),#1746,.F.);
#1868=ADVANCED_FACE('',(#440),#1747,.T.);
#1869=ADVANCED_FACE('',(#441),#15,.T.);
#1870=CLOSED_SHELL('',(#1748,#1749,#1750,#1751,#1752,#1753,#1754,#1755,
#1756,#1757,#1758,#1759,#1760,#1761,#1762,#1763,#1764,#1765,#1766,#1767,
#1768,#1769,#1770,#1771,#1772,#1773,#1774,#1775,#1776,#1777,#1778,#1779,
#1780,#1781,#1782,#1783,#1784,#1785,#1786,#1787,#1788,#1789,#1790,#1791,
#1792,#1793,#1794,#1795,#1796,#1797,#1798,#1799,#1800,#1801,#1802,#1803,
#1804,#1805,#1806,#1807,#1808,#1809,#1810,#1811,#1812,#1813,#1814,#1815,
#1816,#1817,#1818,#1819,#1820,#1821,#1822,#1823,#1824,#1825,#1826,#1827,
#1828,#1829,#1830,#1831,#1832,#1833,#1834,#1835,#1836,#1837,#1838,#1839,
#1840,#1841,#1842,#1843,#1844,#1845,#1846,#1847,#1848,#1849,#1850,#1851,
#1852,#1853,#1854,#1855,#1856,#1857,#1858,#1859,#1860,#1861,#1862,#1863,
#1864,#1865,#1866,#1867,#1868,#1869));
#1871=DERIVED_UNIT_ELEMENT(#1873,1.);
#1872=DERIVED_UNIT_ELEMENT(#3418,-3.);
#1873=(
MASS_UNIT()
NAMED_UNIT(*)
SI_UNIT(.KILO.,.GRAM.)
);
#1874=DERIVED_UNIT((#1871,#1872));
#1875=MEASURE_REPRESENTATION_ITEM('density measure',
POSITIVE_RATIO_MEASURE(1000.),#1874);
#1876=PROPERTY_DEFINITION_REPRESENTATION(#1881,#1878);
#1877=PROPERTY_DEFINITION_REPRESENTATION(#1882,#1879);
#1878=REPRESENTATION('material name',(#1880),#3415);
#1879=REPRESENTATION('density',(#1875),#3415);
#1880=DESCRIPTIVE_REPRESENTATION_ITEM('Generic','Generic');
#1881=PROPERTY_DEFINITION('material property','material name',#3425);
#1882=PROPERTY_DEFINITION('material property','density of part',#3425);
#1883=AXIS2_PLACEMENT_3D('',#2862,#2175,#2176);
#1884=AXIS2_PLACEMENT_3D('',#2863,#2177,#2178);
#1885=AXIS2_PLACEMENT_3D('',#2865,#2179,#2180);
#1886=AXIS2_PLACEMENT_3D('',#2867,#2181,#2182);
#1887=AXIS2_PLACEMENT_3D('',#2869,#2183,#2184);
#1888=AXIS2_PLACEMENT_3D('',#2870,#2185,#2186);
#1889=AXIS2_PLACEMENT_3D('',#2871,#2187,#2188);
#1890=AXIS2_PLACEMENT_3D('',#2873,#2189,#2190);
#1891=AXIS2_PLACEMENT_3D('',#2874,#2191,#2192);
#1892=AXIS2_PLACEMENT_3D('',#2878,#2194,#2195);
#1893=AXIS2_PLACEMENT_3D('',#2879,#2196,#2197);
#1894=AXIS2_PLACEMENT_3D('',#2880,#2198,#2199);
#1895=AXIS2_PLACEMENT_3D('',#2882,#2200,#2201);
#1896=AXIS2_PLACEMENT_3D('',#2884,#2202,#2203);
#1897=AXIS2_PLACEMENT_3D('',#2886,#2204,#2205);
#1898=AXIS2_PLACEMENT_3D('',#2887,#2206,#2207);
#1899=AXIS2_PLACEMENT_3D('',#2888,#2208,#2209);
#1900=AXIS2_PLACEMENT_3D('',#2890,#2210,#2211);
#1901=AXIS2_PLACEMENT_3D('',#2891,#2212,#2213);
#1902=AXIS2_PLACEMENT_3D('',#2895,#2215,#2216);
#1903=AXIS2_PLACEMENT_3D('',#2896,#2217,#2218);
#1904=AXIS2_PLACEMENT_3D('',#2897,#2219,#2220);
#1905=AXIS2_PLACEMENT_3D('',#2899,#2221,#2222);
#1906=AXIS2_PLACEMENT_3D('',#2901,#2223,#2224);
#1907=AXIS2_PLACEMENT_3D('',#2902,#2225,#2226);
#1908=AXIS2_PLACEMENT_3D('',#2903,#2227,#2228);
#1909=AXIS2_PLACEMENT_3D('',#2906,#2229,#2230);
#1910=AXIS2_PLACEMENT_3D('',#2908,#2232,#2233);
#1911=AXIS2_PLACEMENT_3D('',#2909,#2234,#2235);
#1912=AXIS2_PLACEMENT_3D('',#2911,#2236,#2237);
#1913=AXIS2_PLACEMENT_3D('',#2913,#2238,#2239);
#1914=AXIS2_PLACEMENT_3D('',#2914,#2240,#2241);
#1915=AXIS2_PLACEMENT_3D('',#2915,#2242,#2243);
#1916=AXIS2_PLACEMENT_3D('',#2918,#2244,#2245);
#1917=AXIS2_PLACEMENT_3D('',#2920,#2247,#2248);
#1918=AXIS2_PLACEMENT_3D('',#2921,#2249,#2250);
#1919=AXIS2_PLACEMENT_3D('',#2923,#2251,#2252);
#1920=AXIS2_PLACEMENT_3D('',#2924,#2253,#2254);
#1921=AXIS2_PLACEMENT_3D('',#2925,#2255,#2256);
#1922=AXIS2_PLACEMENT_3D('',#2927,#2257,#2258);
#1923=AXIS2_PLACEMENT_3D('',#2928,#2259,#2260);
#1924=AXIS2_PLACEMENT_3D('',#2930,#2261,#2262);
#1925=AXIS2_PLACEMENT_3D('',#2931,#2263,#2264);
#1926=AXIS2_PLACEMENT_3D('',#2932,#2265,#2266);
#1927=AXIS2_PLACEMENT_3D('',#2934,#2267,#2268);
#1928=AXIS2_PLACEMENT_3D('',#2935,#2269,#2270);
#1929=AXIS2_PLACEMENT_3D('',#2937,#2271,#2272);
#1930=AXIS2_PLACEMENT_3D('',#2939,#2273,#2274);
#1931=AXIS2_PLACEMENT_3D('',#2940,#2275,#2276);
#1932=AXIS2_PLACEMENT_3D('',#2941,#2277,#2278);
#1933=AXIS2_PLACEMENT_3D('',#2944,#2279,#2280);
#1934=AXIS2_PLACEMENT_3D('',#2946,#2282,#2283);
#1935=AXIS2_PLACEMENT_3D('',#2947,#2284,#2285);
#1936=AXIS2_PLACEMENT_3D('',#2949,#2286,#2287);
#1937=AXIS2_PLACEMENT_3D('',#2950,#2288,#2289);
#1938=AXIS2_PLACEMENT_3D('',#2951,#2290,#2291);
#1939=AXIS2_PLACEMENT_3D('',#2953,#2292,#2293);
#1940=AXIS2_PLACEMENT_3D('',#2955,#2294,#2295);
#1941=AXIS2_PLACEMENT_3D('',#2958,#2296,#2297);
#1942=AXIS2_PLACEMENT_3D('',#2962,#2299,#2300);
#1943=AXIS2_PLACEMENT_3D('',#2966,#2302,#2303);
#1944=AXIS2_PLACEMENT_3D('',#2970,#2305,#2306);
#1945=AXIS2_PLACEMENT_3D('',#2972,#2308,#2309);
#1946=AXIS2_PLACEMENT_3D('',#2974,#2310,#2311);
#1947=AXIS2_PLACEMENT_3D('',#2976,#2312,#2313);
#1948=AXIS2_PLACEMENT_3D('',#2977,#2314,#2315);
#1949=AXIS2_PLACEMENT_3D('',#2978,#2316,#2317);
#1950=AXIS2_PLACEMENT_3D('',#2982,#2319,#2320);
#1951=AXIS2_PLACEMENT_3D('',#2983,#2321,#2322);
#1952=AXIS2_PLACEMENT_3D('',#2984,#2323,#2324);
#1953=AXIS2_PLACEMENT_3D('',#2985,#2325,#2326);
#1954=AXIS2_PLACEMENT_3D('',#2986,#2327,#2328);
#1955=AXIS2_PLACEMENT_3D('',#2989,#2329,#2330);
#1956=AXIS2_PLACEMENT_3D('',#2991,#2331,#2332);
#1957=AXIS2_PLACEMENT_3D('',#2992,#2333,#2334);
#1958=AXIS2_PLACEMENT_3D('',#2993,#2335,#2336);
#1959=AXIS2_PLACEMENT_3D('',#2995,#2337,#2338);
#1960=AXIS2_PLACEMENT_3D('',#2997,#2339,#2340);
#1961=AXIS2_PLACEMENT_3D('',#2998,#2341,#2342);
#1962=AXIS2_PLACEMENT_3D('',#2999,#2343,#2344);
#1963=AXIS2_PLACEMENT_3D('',#3002,#2345,#2346);
#1964=AXIS2_PLACEMENT_3D('',#3004,#2347,#2348);
#1965=AXIS2_PLACEMENT_3D('',#3005,#2349,#2350);
#1966=AXIS2_PLACEMENT_3D('',#3006,#2351,#2352);
#1967=AXIS2_PLACEMENT_3D('',#3009,#2353,#2354);
#1968=AXIS2_PLACEMENT_3D('',#3011,#2355,#2356);
#1969=AXIS2_PLACEMENT_3D('',#3013,#2357,#2358);
#1970=AXIS2_PLACEMENT_3D('',#3014,#2359,#2360);
#1971=AXIS2_PLACEMENT_3D('',#3015,#2361,#2362);
#1972=AXIS2_PLACEMENT_3D('',#3018,#2363,#2364);
#1973=AXIS2_PLACEMENT_3D('',#3020,#2365,#2366);
#1974=AXIS2_PLACEMENT_3D('',#3022,#2367,#2368);
#1975=AXIS2_PLACEMENT_3D('',#3023,#2369,#2370);
#1976=AXIS2_PLACEMENT_3D('',#3024,#2371,#2372);
#1977=AXIS2_PLACEMENT_3D('',#3027,#2373,#2374);
#1978=AXIS2_PLACEMENT_3D('',#3029,#2375,#2376);
#1979=AXIS2_PLACEMENT_3D('',#3030,#2377,#2378);
#1980=AXIS2_PLACEMENT_3D('',#3031,#2379,#2380);
#1981=AXIS2_PLACEMENT_3D('',#3034,#2381,#2382);
#1982=AXIS2_PLACEMENT_3D('',#3035,#2383,#2384);
#1983=AXIS2_PLACEMENT_3D('',#3036,#2385,#2386);
#1984=AXIS2_PLACEMENT_3D('',#3037,#2387,#2388);
#1985=AXIS2_PLACEMENT_3D('',#3040,#2389,#2390);
#1986=AXIS2_PLACEMENT_3D('',#3041,#2391,#2392);
#1987=AXIS2_PLACEMENT_3D('',#3042,#2393,#2394);
#1988=AXIS2_PLACEMENT_3D('',#3043,#2395,#2396);
#1989=AXIS2_PLACEMENT_3D('',#3045,#2398,#2399);
#1990=AXIS2_PLACEMENT_3D('',#3048,#2400,#2401);
#1991=AXIS2_PLACEMENT_3D('',#3050,#2402,#2403);
#1992=AXIS2_PLACEMENT_3D('',#3051,#2404,#2405);
#1993=AXIS2_PLACEMENT_3D('',#3052,#2406,#2407);
#1994=AXIS2_PLACEMENT_3D('',#3055,#2410,#2411);
#1995=AXIS2_PLACEMENT_3D('',#3058,#2414,#2415);
#1996=AXIS2_PLACEMENT_3D('',#3061,#2416,#2417);
#1997=AXIS2_PLACEMENT_3D('',#3063,#2418,#2419);
#1998=AXIS2_PLACEMENT_3D('',#3065,#2420,#2421);
#1999=AXIS2_PLACEMENT_3D('',#3066,#2422,#2423);
#2000=AXIS2_PLACEMENT_3D('',#3067,#2424,#2425);
#2001=AXIS2_PLACEMENT_3D('',#3070,#2428,#2429);
#2002=AXIS2_PLACEMENT_3D('',#3073,#2432,#2433);
#2003=AXIS2_PLACEMENT_3D('',#3076,#2434,#2435);
#2004=AXIS2_PLACEMENT_3D('',#3078,#2436,#2437);
#2005=AXIS2_PLACEMENT_3D('',#3080,#2438,#2439);
#2006=AXIS2_PLACEMENT_3D('',#3081,#2440,#2441);
#2007=AXIS2_PLACEMENT_3D('',#3082,#2442,#2443);
#2008=AXIS2_PLACEMENT_3D('',#3085,#2444,#2445);
#2009=AXIS2_PLACEMENT_3D('',#3087,#2446,#2447);
#2010=AXIS2_PLACEMENT_3D('',#3088,#2448,#2449);
#2011=AXIS2_PLACEMENT_3D('',#3089,#2450,#2451);
#2012=AXIS2_PLACEMENT_3D('',#3092,#2452,#2453);
#2013=AXIS2_PLACEMENT_3D('',#3094,#2454,#2455);
#2014=AXIS2_PLACEMENT_3D('',#3096,#2456,#2457);
#2015=AXIS2_PLACEMENT_3D('',#3097,#2458,#2459);
#2016=AXIS2_PLACEMENT_3D('',#3098,#2460,#2461);
#2017=AXIS2_PLACEMENT_3D('',#3101,#2462,#2463);
#2018=AXIS2_PLACEMENT_3D('',#3102,#2464,#2465);
#2019=AXIS2_PLACEMENT_3D('',#3103,#2466,#2467);
#2020=AXIS2_PLACEMENT_3D('',#3104,#2468,#2469);
#2021=AXIS2_PLACEMENT_3D('',#3106,#2471,#2472);
#2022=AXIS2_PLACEMENT_3D('',#3108,#2474,#2475);
#2023=AXIS2_PLACEMENT_3D('',#3111,#2476,#2477);
#2024=AXIS2_PLACEMENT_3D('',#3113,#2478,#2479);
#2025=AXIS2_PLACEMENT_3D('',#3115,#2480,#2481);
#2026=AXIS2_PLACEMENT_3D('',#3116,#2482,#2483);
#2027=AXIS2_PLACEMENT_3D('',#3117,#2484,#2485);
#2028=AXIS2_PLACEMENT_3D('',#3120,#2486,#2487);
#2029=AXIS2_PLACEMENT_3D('',#3122,#2488,#2489);
#2030=AXIS2_PLACEMENT_3D('',#3124,#2490,#2491);
#2031=AXIS2_PLACEMENT_3D('',#3125,#2492,#2493);
#2032=AXIS2_PLACEMENT_3D('',#3126,#2494,#2495);
#2033=AXIS2_PLACEMENT_3D('',#3129,#2498,#2499);
#2034=AXIS2_PLACEMENT_3D('',#3132,#2500,#2501);
#2035=AXIS2_PLACEMENT_3D('',#3134,#2502,#2503);
#2036=AXIS2_PLACEMENT_3D('',#3135,#2504,#2505);
#2037=AXIS2_PLACEMENT_3D('',#3136,#2506,#2507);
#2038=AXIS2_PLACEMENT_3D('',#3139,#2510,#2511);
#2039=AXIS2_PLACEMENT_3D('',#3142,#2512,#2513);
#2040=AXIS2_PLACEMENT_3D('',#3144,#2514,#2515);
#2041=AXIS2_PLACEMENT_3D('',#3145,#2516,#2517);
#2042=AXIS2_PLACEMENT_3D('',#3146,#2518,#2519);
#2043=AXIS2_PLACEMENT_3D('',#3149,#2520,#2521);
#2044=AXIS2_PLACEMENT_3D('',#3151,#2522,#2523);
#2045=AXIS2_PLACEMENT_3D('',#3153,#2524,#2525);
#2046=AXIS2_PLACEMENT_3D('',#3154,#2526,#2527);
#2047=AXIS2_PLACEMENT_3D('',#3155,#2528,#2529);
#2048=AXIS2_PLACEMENT_3D('',#3158,#2530,#2531);
#2049=AXIS2_PLACEMENT_3D('',#3160,#2532,#2533);
#2050=AXIS2_PLACEMENT_3D('',#3162,#2534,#2535);
#2051=AXIS2_PLACEMENT_3D('',#3163,#2536,#2537);
#2052=AXIS2_PLACEMENT_3D('',#3164,#2538,#2539);
#2053=AXIS2_PLACEMENT_3D('',#3167,#2542,#2543);
#2054=AXIS2_PLACEMENT_3D('',#3170,#2546,#2547);
#2055=AXIS2_PLACEMENT_3D('',#3173,#2548,#2549);
#2056=AXIS2_PLACEMENT_3D('',#3175,#2550,#2551);
#2057=AXIS2_PLACEMENT_3D('',#3176,#2552,#2553);
#2058=AXIS2_PLACEMENT_3D('',#3177,#2554,#2555);
#2059=AXIS2_PLACEMENT_3D('',#3180,#2556,#2557);
#2060=AXIS2_PLACEMENT_3D('',#3182,#2558,#2559);
#2061=AXIS2_PLACEMENT_3D('',#3184,#2560,#2561);
#2062=AXIS2_PLACEMENT_3D('',#3185,#2562,#2563);
#2063=AXIS2_PLACEMENT_3D('',#3186,#2564,#2565);
#2064=AXIS2_PLACEMENT_3D('',#3189,#2566,#2567);
#2065=AXIS2_PLACEMENT_3D('',#3191,#2568,#2569);
#2066=AXIS2_PLACEMENT_3D('',#3193,#2570,#2571);
#2067=AXIS2_PLACEMENT_3D('',#3194,#2572,#2573);
#2068=AXIS2_PLACEMENT_3D('',#3195,#2574,#2575);
#2069=AXIS2_PLACEMENT_3D('',#3198,#2578,#2579);
#2070=AXIS2_PLACEMENT_3D('',#3201,#2580,#2581);
#2071=AXIS2_PLACEMENT_3D('',#3203,#2582,#2583);
#2072=AXIS2_PLACEMENT_3D('',#3204,#2584,#2585);
#2073=AXIS2_PLACEMENT_3D('',#3205,#2586,#2587);
#2074=AXIS2_PLACEMENT_3D('',#3208,#2588,#2589);
#2075=AXIS2_PLACEMENT_3D('',#3210,#2590,#2591);
#2076=AXIS2_PLACEMENT_3D('',#3211,#2592,#2593);
#2077=AXIS2_PLACEMENT_3D('',#3212,#2594,#2595);
#2078=AXIS2_PLACEMENT_3D('',#3215,#2596,#2597);
#2079=AXIS2_PLACEMENT_3D('',#3217,#2598,#2599);
#2080=AXIS2_PLACEMENT_3D('',#3219,#2600,#2601);
#2081=AXIS2_PLACEMENT_3D('',#3220,#2602,#2603);
#2082=AXIS2_PLACEMENT_3D('',#3221,#2604,#2605);
#2083=AXIS2_PLACEMENT_3D('',#3224,#2608,#2609);
#2084=AXIS2_PLACEMENT_3D('',#3227,#2612,#2613);
#2085=AXIS2_PLACEMENT_3D('',#3230,#2614,#2615);
#2086=AXIS2_PLACEMENT_3D('',#3232,#2616,#2617);
#2087=AXIS2_PLACEMENT_3D('',#3233,#2618,#2619);
#2088=AXIS2_PLACEMENT_3D('',#3234,#2620,#2621);
#2089=AXIS2_PLACEMENT_3D('',#3237,#2622,#2623);
#2090=AXIS2_PLACEMENT_3D('',#3239,#2624,#2625);
#2091=AXIS2_PLACEMENT_3D('',#3241,#2626,#2627);
#2092=AXIS2_PLACEMENT_3D('',#3242,#2628,#2629);
#2093=AXIS2_PLACEMENT_3D('',#3243,#2630,#2631);
#2094=AXIS2_PLACEMENT_3D('',#3246,#2634,#2635);
#2095=AXIS2_PLACEMENT_3D('',#3249,#2636,#2637);
#2096=AXIS2_PLACEMENT_3D('',#3251,#2638,#2639);
#2097=AXIS2_PLACEMENT_3D('',#3252,#2640,#2641);
#2098=AXIS2_PLACEMENT_3D('',#3253,#2642,#2643);
#2099=AXIS2_PLACEMENT_3D('',#3256,#2644,#2645);
#2100=AXIS2_PLACEMENT_3D('',#3258,#2646,#2647);
#2101=AXIS2_PLACEMENT_3D('',#3260,#2648,#2649);
#2102=AXIS2_PLACEMENT_3D('',#3261,#2650,#2651);
#2103=AXIS2_PLACEMENT_3D('',#3262,#2652,#2653);
#2104=AXIS2_PLACEMENT_3D('',#3265,#2656,#2657);
#2105=AXIS2_PLACEMENT_3D('',#3268,#2660,#2661);
#2106=AXIS2_PLACEMENT_3D('',#3271,#2662,#2663);
#2107=AXIS2_PLACEMENT_3D('',#3273,#2664,#2665);
#2108=AXIS2_PLACEMENT_3D('',#3275,#2666,#2667);
#2109=AXIS2_PLACEMENT_3D('',#3276,#2668,#2669);
#2110=AXIS2_PLACEMENT_3D('',#3277,#2670,#2671);
#2111=AXIS2_PLACEMENT_3D('',#3280,#2672,#2673);
#2112=AXIS2_PLACEMENT_3D('',#3282,#2674,#2675);
#2113=AXIS2_PLACEMENT_3D('',#3284,#2676,#2677);
#2114=AXIS2_PLACEMENT_3D('',#3285,#2678,#2679);
#2115=AXIS2_PLACEMENT_3D('',#3286,#2680,#2681);
#2116=AXIS2_PLACEMENT_3D('',#3289,#2684,#2685);
#2117=AXIS2_PLACEMENT_3D('',#3292,#2688,#2689);
#2118=AXIS2_PLACEMENT_3D('',#3295,#2692,#2693);
#2119=AXIS2_PLACEMENT_3D('',#3298,#2696,#2697);
#2120=AXIS2_PLACEMENT_3D('',#3301,#2700,#2701);
#2121=AXIS2_PLACEMENT_3D('',#3304,#2704,#2705);
#2122=AXIS2_PLACEMENT_3D('',#3307,#2708,#2709);
#2123=AXIS2_PLACEMENT_3D('',#3310,#2712,#2713);
#2124=AXIS2_PLACEMENT_3D('',#3313,#2716,#2717);
#2125=AXIS2_PLACEMENT_3D('',#3316,#2720,#2721);
#2126=AXIS2_PLACEMENT_3D('',#3319,#2724,#2725);
#2127=AXIS2_PLACEMENT_3D('',#3322,#2728,#2729);
#2128=AXIS2_PLACEMENT_3D('',#3325,#2732,#2733);
#2129=AXIS2_PLACEMENT_3D('',#3328,#2736,#2737);
#2130=AXIS2_PLACEMENT_3D('',#3331,#2740,#2741);
#2131=AXIS2_PLACEMENT_3D('',#3334,#2744,#2745);
#2132=AXIS2_PLACEMENT_3D('',#3337,#2748,#2749);
#2133=AXIS2_PLACEMENT_3D('',#3340,#2752,#2753);
#2134=AXIS2_PLACEMENT_3D('',#3343,#2756,#2757);
#2135=AXIS2_PLACEMENT_3D('',#3346,#2760,#2761);
#2136=AXIS2_PLACEMENT_3D('',#3349,#2764,#2765);
#2137=AXIS2_PLACEMENT_3D('',#3352,#2768,#2769);
#2138=AXIS2_PLACEMENT_3D('',#3355,#2772,#2773);
#2139=AXIS2_PLACEMENT_3D('',#3358,#2776,#2777);
#2140=AXIS2_PLACEMENT_3D('',#3361,#2780,#2781);
#2141=AXIS2_PLACEMENT_3D('',#3364,#2784,#2785);
#2142=AXIS2_PLACEMENT_3D('',#3366,#2787,#2788);
#2143=AXIS2_PLACEMENT_3D('',#3369,#2791,#2792);
#2144=AXIS2_PLACEMENT_3D('',#3372,#2795,#2796);
#2145=AXIS2_PLACEMENT_3D('',#3375,#2799,#2800);
#2146=AXIS2_PLACEMENT_3D('',#3378,#2803,#2804);
#2147=AXIS2_PLACEMENT_3D('',#3379,#2805,#2806);
#2148=AXIS2_PLACEMENT_3D('',#3380,#2807,#2808);
#2149=AXIS2_PLACEMENT_3D('',#3381,#2809,#2810);
#2150=AXIS2_PLACEMENT_3D('',#3382,#2811,#2812);
#2151=AXIS2_PLACEMENT_3D('',#3383,#2813,#2814);
#2152=AXIS2_PLACEMENT_3D('',#3384,#2815,#2816);
#2153=AXIS2_PLACEMENT_3D('',#3385,#2817,#2818);
#2154=AXIS2_PLACEMENT_3D('',#3386,#2819,#2820);
#2155=AXIS2_PLACEMENT_3D('',#3387,#2821,#2822);
#2156=AXIS2_PLACEMENT_3D('',#3388,#2823,#2824);
#2157=AXIS2_PLACEMENT_3D('',#3390,#2825,#2826);
#2158=AXIS2_PLACEMENT_3D('',#3392,#2827,#2828);
#2159=AXIS2_PLACEMENT_3D('',#3394,#2829,#2830);
#2160=AXIS2_PLACEMENT_3D('',#3395,#2831,#2832);
#2161=AXIS2_PLACEMENT_3D('',#3396,#2833,#2834);
#2162=AXIS2_PLACEMENT_3D('',#3397,#2835,#2836);
#2163=AXIS2_PLACEMENT_3D('',#3398,#2837,#2838);
#2164=AXIS2_PLACEMENT_3D('',#3399,#2839,#2840);
#2165=AXIS2_PLACEMENT_3D('',#3400,#2841,#2842);
#2166=AXIS2_PLACEMENT_3D('',#3401,#2843,#2844);
#2167=AXIS2_PLACEMENT_3D('',#3402,#2845,#2846);
#2168=AXIS2_PLACEMENT_3D('',#3403,#2847,#2848);
#2169=AXIS2_PLACEMENT_3D('',#3404,#2849,#2850);
#2170=AXIS2_PLACEMENT_3D('',#3405,#2851,#2852);
#2171=AXIS2_PLACEMENT_3D('',#3407,#2853,#2854);
#2172=AXIS2_PLACEMENT_3D('',#3409,#2855,#2856);
#2173=AXIS2_PLACEMENT_3D('',#3410,#2857,#2858);
#2174=AXIS2_PLACEMENT_3D('',#3411,#2859,#2860);
#2175=DIRECTION('axis',(0.,0.,1.));
#2176=DIRECTION('refdir',(1.,0.,0.));
#2177=DIRECTION('center_axis',(-1.42726670208134E-16,-1.,0.));
#2178=DIRECTION('ref_axis',(0.,0.,-1.));
#2179=DIRECTION('center_axis',(1.42726670208134E-16,1.,0.));
#2180=DIRECTION('ref_axis',(-1.,1.42726670208134E-16,1.22464679914735E-16));
#2181=DIRECTION('center_axis',(-1.,1.42726670208134E-16,0.));
#2182=DIRECTION('ref_axis',(0.,0.,1.));
#2183=DIRECTION('center_axis',(-1.42726670208134E-16,-1.,0.));
#2184=DIRECTION('ref_axis',(-1.,1.38777878078145E-16,1.22464679914735E-16));
#2185=DIRECTION('center_axis',(-1.42726670208134E-16,-1.,0.));
#2186=DIRECTION('ref_axis',(-1.,1.38777878078145E-16,1.22464679914735E-16));
#2187=DIRECTION('center_axis',(-1.42726670208134E-16,-1.,0.));
#2188=DIRECTION('ref_axis',(0.,0.,-1.));
#2189=DIRECTION('center_axis',(-1.42726670208134E-16,-1.,0.));
#2190=DIRECTION('ref_axis',(1.,-1.42726670208134E-16,0.));
#2191=DIRECTION('center_axis',(0.,-1.,0.));
#2192=DIRECTION('ref_axis',(1.,0.,0.));
#2193=DIRECTION('',(0.,1.,0.));
#2194=DIRECTION('center_axis',(1.42726670208134E-16,1.,0.));
#2195=DIRECTION('ref_axis',(-1.,1.38777878078145E-16,-1.22464679914735E-16));
#2196=DIRECTION('center_axis',(1.42726670208134E-16,1.,0.));
#2197=DIRECTION('ref_axis',(-1.,1.38777878078145E-16,-1.22464679914735E-16));
#2198=DIRECTION('center_axis',(-1.42726670208134E-16,-1.,0.));
#2199=DIRECTION('ref_axis',(0.,0.,-1.));
#2200=DIRECTION('center_axis',(1.42726670208134E-16,1.,0.));
#2201=DIRECTION('ref_axis',(-1.,1.42726670208134E-16,1.22464679914735E-16));
#2202=DIRECTION('center_axis',(-1.,1.42726670208134E-16,0.));
#2203=DIRECTION('ref_axis',(0.,0.,1.));
#2204=DIRECTION('center_axis',(-1.42726670208134E-16,-1.,0.));
#2205=DIRECTION('ref_axis',(-1.,1.38777878078145E-16,1.22464679914735E-16));
#2206=DIRECTION('center_axis',(-1.42726670208134E-16,-1.,0.));
#2207=DIRECTION('ref_axis',(-1.,1.38777878078145E-16,1.22464679914735E-16));
#2208=DIRECTION('center_axis',(-1.42726670208134E-16,-1.,0.));
#2209=DIRECTION('ref_axis',(0.,0.,-1.));
#2210=DIRECTION('center_axis',(-1.42726670208134E-16,-1.,0.));
#2211=DIRECTION('ref_axis',(1.,-1.42726670208134E-16,0.));
#2212=DIRECTION('center_axis',(0.,-1.,0.));
#2213=DIRECTION('ref_axis',(1.,0.,0.));
#2214=DIRECTION('',(0.,1.,0.));
#2215=DIRECTION('center_axis',(1.42726670208134E-16,1.,0.));
#2216=DIRECTION('ref_axis',(-1.,1.38777878078145E-16,-1.22464679914735E-16));
#2217=DIRECTION('center_axis',(1.42726670208134E-16,1.,0.));
#2218=DIRECTION('ref_axis',(-1.,1.38777878078145E-16,-1.22464679914735E-16));
#2219=DIRECTION('center_axis',(1.42726670208134E-16,1.,0.));
#2220=DIRECTION('ref_axis',(0.,0.,1.));
#2221=DIRECTION('center_axis',(-1.,1.42726670208134E-16,0.));
#2222=DIRECTION('ref_axis',(0.,0.,-1.));
#2223=DIRECTION('center_axis',(1.42726670208134E-16,1.,0.));
#2224=DIRECTION('ref_axis',(1.,-1.48690583655155E-16,0.));
#2225=DIRECTION('center_axis',(1.42726670208134E-16,1.,0.));
#2226=DIRECTION('ref_axis',(1.,-1.48690583655155E-16,0.));
#2227=DIRECTION('center_axis',(-1.11022302462516E-16,-1.,0.));
#2228=DIRECTION('ref_axis',(1.,-1.11022302462516E-16,0.));
#2229=DIRECTION('center_axis',(-1.42726670208134E-16,-1.,0.));
#2230=DIRECTION('ref_axis',(1.,-1.48690583655155E-16,0.));
#2231=DIRECTION('',(-1.11022302462516E-16,-1.,0.));
#2232=DIRECTION('center_axis',(-1.42726670208134E-16,-1.,0.));
#2233=DIRECTION('ref_axis',(1.,-1.48690583655155E-16,0.));
#2234=DIRECTION('center_axis',(1.42726670208134E-16,1.,0.));
#2235=DIRECTION('ref_axis',(0.,0.,1.));
#2236=DIRECTION('center_axis',(-1.,1.42726670208134E-16,0.));
#2237=DIRECTION('ref_axis',(0.,0.,-1.));
#2238=DIRECTION('center_axis',(1.42726670208134E-16,1.,0.));
#2239=DIRECTION('ref_axis',(1.,-1.48690583655155E-16,0.));
#2240=DIRECTION('center_axis',(1.42726670208134E-16,1.,0.));
#2241=DIRECTION('ref_axis',(1.,-1.48690583655155E-16,0.));
#2242=DIRECTION('center_axis',(-1.66533453693773E-16,-1.,0.));
#2243=DIRECTION('ref_axis',(1.,-1.66533453693773E-16,0.));
#2244=DIRECTION('center_axis',(-1.42726670208134E-16,-1.,0.));
#2245=DIRECTION('ref_axis',(1.,-1.48690583655155E-16,0.));
#2246=DIRECTION('',(-1.66533453693773E-16,-1.,0.));
#2247=DIRECTION('center_axis',(-1.42726670208134E-16,-1.,0.));
#2248=DIRECTION('ref_axis',(1.,-1.48690583655155E-16,0.));
#2249=DIRECTION('center_axis',(-1.42726670208134E-16,-1.,0.));
#2250=DIRECTION('ref_axis',(0.,0.,-1.));
#2251=DIRECTION('center_axis',(1.42726670208134E-16,1.,0.));
#2252=DIRECTION('ref_axis',(1.,-1.42726670208134E-16,0.));
#2253=DIRECTION('center_axis',(-1.,1.42726670208134E-16,0.));
#2254=DIRECTION('ref_axis',(0.,0.,1.));
#2255=DIRECTION('center_axis',(1.42726670208134E-16,1.,0.));
#2256=DIRECTION('ref_axis',(0.,0.,1.));
#2257=DIRECTION('center_axis',(-1.42726670208134E-16,-1.,0.));
#2258=DIRECTION('ref_axis',(-1.,1.42726670208134E-16,-1.22464679914735E-16));
#2259=DIRECTION('center_axis',(-1.42726670208134E-16,-1.,0.));
#2260=DIRECTION('ref_axis',(0.,0.,-1.));
#2261=DIRECTION('center_axis',(1.42726670208134E-16,1.,0.));
#2262=DIRECTION('ref_axis',(1.,-1.42726670208134E-16,0.));
#2263=DIRECTION('center_axis',(-1.,1.42726670208134E-16,0.));
#2264=DIRECTION('ref_axis',(0.,0.,1.));
#2265=DIRECTION('center_axis',(1.42726670208134E-16,1.,0.));
#2266=DIRECTION('ref_axis',(0.,0.,1.));
#2267=DIRECTION('center_axis',(-1.42726670208134E-16,-1.,0.));
#2268=DIRECTION('ref_axis',(-1.,1.42726670208134E-16,-1.22464679914735E-16));
#2269=DIRECTION('center_axis',(-1.42726670208134E-16,-1.,0.));
#2270=DIRECTION('ref_axis',(0.,0.,-1.));
#2271=DIRECTION('center_axis',(-1.,1.42726670208134E-16,0.));
#2272=DIRECTION('ref_axis',(0.,0.,1.));
#2273=DIRECTION('center_axis',(1.42726670208134E-16,1.,0.));
#2274=DIRECTION('ref_axis',(-1.,1.4347337019357E-16,-1.22464679914735E-16));
#2275=DIRECTION('center_axis',(1.42726670208134E-16,1.,0.));
#2276=DIRECTION('ref_axis',(-1.,1.4347337019357E-16,-1.22464679914735E-16));
#2277=DIRECTION('center_axis',(0.,-1.,0.));
#2278=DIRECTION('ref_axis',(1.,0.,0.));
#2279=DIRECTION('center_axis',(-1.42726670208134E-16,-1.,0.));
#2280=DIRECTION('ref_axis',(-1.,1.4347337019357E-16,1.22464679914735E-16));
#2281=DIRECTION('',(0.,-1.,0.));
#2282=DIRECTION('center_axis',(-1.42726670208134E-16,-1.,0.));
#2283=DIRECTION('ref_axis',(-1.,1.4347337019357E-16,1.22464679914735E-16));
#2284=DIRECTION('center_axis',(-1.42726670208134E-16,-1.,0.));
#2285=DIRECTION('ref_axis',(0.,0.,-1.));
#2286=DIRECTION('center_axis',(1.42726670208134E-16,1.,0.));
#2287=DIRECTION('ref_axis',(-1.,1.42726670208134E-16,1.22464679914735E-16));
#2288=DIRECTION('center_axis',(-1.,1.42726670208134E-16,0.));
#2289=DIRECTION('ref_axis',(0.,0.,1.));
#2290=DIRECTION('center_axis',(1.42726670208134E-16,1.,0.));
#2291=DIRECTION('ref_axis',(0.,0.,1.));
#2292=DIRECTION('center_axis',(-1.42726670208134E-16,-1.,0.));
#2293=DIRECTION('ref_axis',(1.,-1.42726670208134E-16,0.));
#2294=DIRECTION('center_axis',(1.42726670208134E-16,1.,0.));
#2295=DIRECTION('ref_axis',(-1.,1.42726670208134E-16,1.22464679914735E-16));
#2296=DIRECTION('center_axis',(1.42726670208134E-16,1.,0.));
#2297=DIRECTION('ref_axis',(0.707106781186547,0.,0.707106781186547));
#2298=DIRECTION('',(1.,-1.42726670208134E-16,9.40866970021319E-17));
#2299=DIRECTION('center_axis',(1.42726670208134E-16,1.,0.));
#2300=DIRECTION('ref_axis',(-0.707106781186549,0.,0.707106781186546));
#2301=DIRECTION('',(-1.11917643611407E-16,1.59736326101968E-32,1.));
#2302=DIRECTION('center_axis',(1.42726670208134E-16,1.,0.));
#2303=DIRECTION('ref_axis',(-0.707106781186547,-9.81307786677358E-16,-0.707106781186547));
#2304=DIRECTION('',(-1.,1.42726670208134E-16,3.76346788008528E-16));
#2305=DIRECTION('center_axis',(1.42726670208134E-16,1.,0.));
#2306=DIRECTION('ref_axis',(0.707106781186549,0.,-0.707106781186546));
#2307=DIRECTION('',(-5.59588218057034E-17,7.98681630509838E-33,-1.));
#2308=DIRECTION('center_axis',(-1.42726670208134E-16,-1.,0.));
#2309=DIRECTION('ref_axis',(0.,0.,-1.));
#2310=DIRECTION('center_axis',(-1.,1.42726670208134E-16,0.));
#2311=DIRECTION('ref_axis',(0.,0.,1.));
#2312=DIRECTION('center_axis',(-1.42726670208134E-16,-1.,0.));
#2313=DIRECTION('ref_axis',(-1.,1.4347337019357E-16,1.22464679914735E-16));
#2314=DIRECTION('center_axis',(-1.42726670208134E-16,-1.,0.));
#2315=DIRECTION('ref_axis',(-1.,1.4347337019357E-16,1.22464679914735E-16));
#2316=DIRECTION('center_axis',(0.,-1.,0.));
#2317=DIRECTION('ref_axis',(1.,0.,0.));
#2318=DIRECTION('',(0.,-1.,0.));
#2319=DIRECTION('center_axis',(1.42726670208134E-16,1.,0.));
#2320=DIRECTION('ref_axis',(-1.,1.4347337019357E-16,-1.22464679914735E-16));
#2321=DIRECTION('center_axis',(1.42726670208134E-16,1.,0.));
#2322=DIRECTION('ref_axis',(-1.,1.4347337019357E-16,-1.22464679914735E-16));
#2323=DIRECTION('center_axis',(-1.42726670208134E-16,-1.,0.));
#2324=DIRECTION('ref_axis',(0.,0.,-1.));
#2325=DIRECTION('center_axis',(-1.,1.42726670208134E-16,0.));
#2326=DIRECTION('ref_axis',(0.,0.,1.));
#2327=DIRECTION('center_axis',(0.408248290463864,-0.816496580927727,0.40824829046386));
#2328=DIRECTION('ref_axis',(-0.577350269189628,-0.577350269189627,-0.577350269189623));
#2329=DIRECTION('center_axis',(0.,0.,-1.));
#2330=DIRECTION('ref_axis',(-1.,0.,0.));
#2331=DIRECTION('center_axis',(0.,-1.,0.));
#2332=DIRECTION('ref_axis',(0.,0.,-1.));
#2333=DIRECTION('center_axis',(-1.,0.,0.));
#2334=DIRECTION('ref_axis',(0.,-1.,0.));
#2335=DIRECTION('center_axis',(0.,1.,0.));
#2336=DIRECTION('ref_axis',(0.,0.,1.));
#2337=DIRECTION('center_axis',(0.,0.,1.));
#2338=DIRECTION('ref_axis',(1.,0.,0.));
#2339=DIRECTION('center_axis',(0.,-1.,0.));
#2340=DIRECTION('ref_axis',(0.,0.,-1.));
#2341=DIRECTION('center_axis',(1.,0.,0.));
#2342=DIRECTION('ref_axis',(0.,1.,0.));
#2343=DIRECTION('center_axis',(-0.408248290463864,-0.408248290463859,-0.816496580927728));
#2344=DIRECTION('ref_axis',(-0.577350269189631,-0.577350269189624,0.577350269189623));
#2345=DIRECTION('center_axis',(-1.,5.55111512312578E-15,0.));
#2346=DIRECTION('ref_axis',(0.,0.,1.));
#2347=DIRECTION('center_axis',(0.,-1.,0.));
#2348=DIRECTION('ref_axis',(-1.,0.,0.));
#2349=DIRECTION('center_axis',(0.,0.,1.));
#2350=DIRECTION('ref_axis',(0.,-1.,0.));
#2351=DIRECTION('center_axis',(0.,1.,0.));
#2352=DIRECTION('ref_axis',(0.,0.,1.));
#2353=DIRECTION('center_axis',(0.,1.,0.));
#2354=DIRECTION('ref_axis',(-1.,0.,0.));
#2355=DIRECTION('center_axis',(0.,0.,1.));
#2356=DIRECTION('ref_axis',(0.,-1.,0.));
#2357=DIRECTION('center_axis',(0.,-1.,0.));
#2358=DIRECTION('ref_axis',(-0.707106781186547,0.,-0.707106781186547));
#2359=DIRECTION('center_axis',(1.,0.,0.));
#2360=DIRECTION('ref_axis',(0.,0.,1.));
#2361=DIRECTION('center_axis',(0.,1.,0.));
#2362=DIRECTION('ref_axis',(0.,0.,1.));
#2363=DIRECTION('center_axis',(0.,1.,-1.73472347597681E-16));
#2364=DIRECTION('ref_axis',(-1.,0.,0.));
#2365=DIRECTION('center_axis',(0.,0.,-1.));
#2366=DIRECTION('ref_axis',(0.,1.,0.));
#2367=DIRECTION('center_axis',(-1.42726670208134E-16,-1.,0.));
#2368=DIRECTION('ref_axis',(-0.707106781186547,2.4532694666934E-16,-0.707106781186547));
#2369=DIRECTION('center_axis',(-1.,0.,0.));
#2370=DIRECTION('ref_axis',(0.,0.,1.));
#2371=DIRECTION('center_axis',(-0.408248290463864,-0.816496580927727,0.40824829046386));
#2372=DIRECTION('ref_axis',(0.577350269189628,-0.577350269189627,-0.577350269189623));
#2373=DIRECTION('center_axis',(1.,0.,0.));
#2374=DIRECTION('ref_axis',(0.,0.,-1.));
#2375=DIRECTION('center_axis',(0.,-1.,0.));
#2376=DIRECTION('ref_axis',(1.,0.,0.));
#2377=DIRECTION('center_axis',(0.,0.,-1.));
#2378=DIRECTION('ref_axis',(0.,-1.,0.));
#2379=DIRECTION('center_axis',(0.,-1.,0.));
#2380=DIRECTION('ref_axis',(0.,0.,-1.));
#2381=DIRECTION('center_axis',(0.,-1.,0.));
#2382=DIRECTION('ref_axis',(1.,0.,0.));
#2383=DIRECTION('center_axis',(0.,0.,1.));
#2384=DIRECTION('ref_axis',(0.,1.,0.));
#2385=DIRECTION('center_axis',(-1.,0.,0.));
#2386=DIRECTION('ref_axis',(0.,0.,1.));
#2387=DIRECTION('center_axis',(0.,-1.,0.));
#2388=DIRECTION('ref_axis',(0.,0.,-1.));
#2389=DIRECTION('center_axis',(0.,-1.,0.));
#2390=DIRECTION('ref_axis',(-1.,0.,0.));
#2391=DIRECTION('center_axis',(0.,0.,-1.));
#2392=DIRECTION('ref_axis',(0.,1.,0.));
#2393=DIRECTION('center_axis',(1.,0.,0.));
#2394=DIRECTION('ref_axis',(0.,0.,-1.));
#2395=DIRECTION('center_axis',(1.11917643611407E-16,-1.59736326101968E-32,
-1.));
#2396=DIRECTION('ref_axis',(0.707106781186548,0.707106781186548,0.));
#2397=DIRECTION('',(1.11917643611407E-16,-1.59736326101968E-32,-1.));
#2398=DIRECTION('center_axis',(-0.408248290463864,-0.816496580927725,-0.408248290463864));
#2399=DIRECTION('ref_axis',(0.577350269189623,-0.577350269189627,0.577350269189628));
#2400=DIRECTION('center_axis',(1.38777878078145E-15,-1.,0.));
#2401=DIRECTION('ref_axis',(0.,0.,1.));
#2402=DIRECTION('center_axis',(1.,0.,0.));
#2403=DIRECTION('ref_axis',(0.,-1.,0.));
#2404=DIRECTION('center_axis',(0.,0.,1.));
#2405=DIRECTION('ref_axis',(1.,0.,0.));
#2406=DIRECTION('center_axis',(-1.,0.,-3.36431219583381E-16));
#2407=DIRECTION('ref_axis',(0.,-0.707106781186547,0.707106781186548));
#2408=DIRECTION('',(1.,0.,3.36431219583381E-16));
#2409=DIRECTION('',(-1.,0.,-3.36431219583381E-16));
#2410=DIRECTION('center_axis',(-1.11917643611407E-16,0.,1.));
#2411=DIRECTION('ref_axis',(0.707106781186548,-0.707106781186548,0.));
#2412=DIRECTION('',(1.11917643611407E-16,0.,-1.));
#2413=DIRECTION('',(-1.11917643611407E-16,0.,1.));
#2414=DIRECTION('center_axis',(0.,-1.,0.));
#2415=DIRECTION('ref_axis',(0.,0.,-1.));
#2416=DIRECTION('center_axis',(-1.42726670208134E-16,-1.,0.));
#2417=DIRECTION('ref_axis',(-0.707106781186547,2.4532694666934E-16,0.707106781186547));
#2418=DIRECTION('center_axis',(0.,0.,1.));
#2419=DIRECTION('ref_axis',(1.,0.,0.));
#2420=DIRECTION('center_axis',(3.46944695195361E-16,1.,0.));
#2421=DIRECTION('ref_axis',(0.,0.,1.));
#2422=DIRECTION('center_axis',(-1.,0.,0.));
#2423=DIRECTION('ref_axis',(0.,1.,0.));
#2424=DIRECTION('center_axis',(1.35255596908649E-15,-1.9304580973785E-31,
1.));
#2425=DIRECTION('ref_axis',(0.707106781186548,0.707106781186547,0.));
#2426=DIRECTION('',(-1.35255596908649E-15,1.9304580973785E-31,-1.));
#2427=DIRECTION('',(1.35255596908649E-15,-1.9304580973785E-31,1.));
#2428=DIRECTION('center_axis',(0.,-1.,0.));
#2429=DIRECTION('ref_axis',(-0.707106781186548,0.,0.707106781186548));
#2430=DIRECTION('',(0.,1.,0.));
#2431=DIRECTION('',(0.,-1.,0.));
#2432=DIRECTION('center_axis',(0.,-1.,0.));
#2433=DIRECTION('ref_axis',(0.,0.,-1.));
#2434=DIRECTION('center_axis',(0.,-1.,0.));
#2435=DIRECTION('ref_axis',(0.707106781186548,0.,-0.707106781186548));
#2436=DIRECTION('center_axis',(0.,0.,1.));
#2437=DIRECTION('ref_axis',(-1.,0.,0.));
#2438=DIRECTION('center_axis',(0.,1.,0.));
#2439=DIRECTION('ref_axis',(0.,0.,-1.));
#2440=DIRECTION('center_axis',(-1.,0.,0.));
#2441=DIRECTION('ref_axis',(0.,-1.,0.));
#2442=DIRECTION('center_axis',(0.408248290463864,-0.408248290463859,-0.816496580927728));
#2443=DIRECTION('ref_axis',(0.577350269189631,-0.577350269189624,0.577350269189623));
#2444=DIRECTION('center_axis',(0.,0.,1.));
#2445=DIRECTION('ref_axis',(1.,0.,0.));
#2446=DIRECTION('center_axis',(0.,-1.,0.));
#2447=DIRECTION('ref_axis',(0.,0.,1.));
#2448=DIRECTION('center_axis',(1.,0.,0.));
#2449=DIRECTION('ref_axis',(0.,-1.,0.));
#2450=DIRECTION('center_axis',(0.,-1.,0.));
#2451=DIRECTION('ref_axis',(0.,0.,-1.));
#2452=DIRECTION('center_axis',(-1.42726670208134E-16,-1.,0.));
#2453=DIRECTION('ref_axis',(0.707106781186547,-2.4532694666934E-16,-0.707106781186547));
#2454=DIRECTION('center_axis',(0.,0.,-1.));
#2455=DIRECTION('ref_axis',(-1.,0.,0.));
#2456=DIRECTION('center_axis',(3.46944695195361E-16,1.,0.));
#2457=DIRECTION('ref_axis',(0.,0.,-1.));
#2458=DIRECTION('center_axis',(1.,0.,0.));
#2459=DIRECTION('ref_axis',(0.,1.,0.));
#2460=DIRECTION('center_axis',(0.,-1.,0.));
#2461=DIRECTION('ref_axis',(0.,0.,-1.));
#2462=DIRECTION('center_axis',(0.,-1.,0.));
#2463=DIRECTION('ref_axis',(0.,0.,1.));
#2464=DIRECTION('center_axis',(-1.,0.,0.));
#2465=DIRECTION('ref_axis',(0.,1.,0.));
#2466=DIRECTION('center_axis',(0.,0.,-1.));
#2467=DIRECTION('ref_axis',(-1.,0.,0.));
#2468=DIRECTION('center_axis',(-1.,1.42726670208134E-16,-9.40866970021319E-17));
#2469=DIRECTION('ref_axis',(0.,0.707106781186548,-0.707106781186548));
#2470=DIRECTION('',(-1.,1.42726670208134E-16,-9.40866970021319E-17));
#2471=DIRECTION('center_axis',(5.59588218057034E-17,-7.98681630509838E-33,
1.));
#2472=DIRECTION('ref_axis',(-0.707106781186548,0.707106781186548,0.));
#2473=DIRECTION('',(5.59588218057034E-17,-7.98681630509838E-33,1.));
#2474=DIRECTION('center_axis',(0.,-1.,0.));
#2475=DIRECTION('ref_axis',(0.,0.,-1.));
#2476=DIRECTION('center_axis',(0.,-1.,0.));
#2477=DIRECTION('ref_axis',(-0.707106781186545,0.,0.707106781186549));
#2478=DIRECTION('center_axis',(0.,0.,-1.));
#2479=DIRECTION('ref_axis',(1.,0.,0.));
#2480=DIRECTION('center_axis',(0.,1.,0.));
#2481=DIRECTION('ref_axis',(0.,0.,1.));
#2482=DIRECTION('center_axis',(1.,0.,0.));
#2483=DIRECTION('ref_axis',(0.,-1.,0.));
#2484=DIRECTION('center_axis',(-1.,0.,0.));
#2485=DIRECTION('ref_axis',(0.,0.,1.));
#2486=DIRECTION('center_axis',(-1.,0.,0.));
#2487=DIRECTION('ref_axis',(0.,0.,-1.));
#2488=DIRECTION('center_axis',(0.,-1.,0.));
#2489=DIRECTION('ref_axis',(1.,0.,0.));
#2490=DIRECTION('center_axis',(1.,-1.66533453693773E-16,1.11917643611407E-16));
#2491=DIRECTION('ref_axis',(0.,0.707106781186547,-0.707106781186548));
#2492=DIRECTION('center_axis',(0.,0.,1.));
#2493=DIRECTION('ref_axis',(0.,-1.,0.));
#2494=DIRECTION('center_axis',(1.66533453693773E-16,1.,5.60270529276287E-32));
#2495=DIRECTION('ref_axis',(0.707106781186544,0.,0.707106781186551));
#2496=DIRECTION('',(-1.66533453693773E-16,-1.,-5.60270529276287E-32));
#2497=DIRECTION('',(1.66533453693773E-16,1.,5.60270529276287E-32));
#2498=DIRECTION('center_axis',(-0.408248290463864,0.408248290463859,-0.816496580927728));
#2499=DIRECTION('ref_axis',(0.577350269189632,-0.577350269189623,-0.577350269189623));
#2500=DIRECTION('center_axis',(0.,-1.,0.));
#2501=DIRECTION('ref_axis',(1.,0.,0.));
#2502=DIRECTION('center_axis',(0.,0.,-1.));
#2503=DIRECTION('ref_axis',(0.,-1.,0.));
#2504=DIRECTION('center_axis',(1.,0.,0.));
#2505=DIRECTION('ref_axis',(0.,0.,-1.));
#2506=DIRECTION('center_axis',(-1.11917643611407E-16,0.,1.));
#2507=DIRECTION('ref_axis',(0.707106781186548,-0.707106781186547,0.));
#2508=DIRECTION('',(1.11917643611407E-16,0.,-1.));
#2509=DIRECTION('',(-1.11917643611407E-16,0.,1.));
#2510=DIRECTION('center_axis',(-0.408248290463864,-0.408248290463861,-0.816496580927727));
#2511=DIRECTION('ref_axis',(-0.577350269189627,-0.577350269189624,0.577350269189627));
#2512=DIRECTION('center_axis',(-1.,0.,0.));
#2513=DIRECTION('ref_axis',(0.,0.,1.));
#2514=DIRECTION('center_axis',(0.,-1.,0.));
#2515=DIRECTION('ref_axis',(-1.,0.,0.));
#2516=DIRECTION('center_axis',(0.,0.,1.));
#2517=DIRECTION('ref_axis',(0.,-1.,0.));
#2518=DIRECTION('center_axis',(0.,-1.,0.));
#2519=DIRECTION('ref_axis',(0.,0.,-1.));
#2520=DIRECTION('center_axis',(-1.42726670208134E-16,-1.,0.));
#2521=DIRECTION('ref_axis',(0.707106781186547,-2.4532694666934E-16,0.707106781186547));
#2522=DIRECTION('center_axis',(1.,0.,0.));
#2523=DIRECTION('ref_axis',(0.,0.,-1.));
#2524=DIRECTION('center_axis',(0.,1.,-1.73472347597681E-16));
#2525=DIRECTION('ref_axis',(1.,0.,0.));
#2526=DIRECTION('center_axis',(0.,0.,1.));
#2527=DIRECTION('ref_axis',(0.,1.,0.));
#2528=DIRECTION('center_axis',(0.,-1.,0.));
#2529=DIRECTION('ref_axis',(0.,0.,-1.));
#2530=DIRECTION('center_axis',(0.,-1.,0.));
#2531=DIRECTION('ref_axis',(0.707106781186546,0.,0.707106781186549));
#2532=DIRECTION('center_axis',(-1.,0.,0.));
#2533=DIRECTION('ref_axis',(0.,0.,-1.));
#2534=DIRECTION('center_axis',(0.,1.,0.));
#2535=DIRECTION('ref_axis',(1.,0.,0.));
#2536=DIRECTION('center_axis',(0.,0.,-1.));
#2537=DIRECTION('ref_axis',(0.,-1.,0.));
#2538=DIRECTION('center_axis',(1.,0.,9.40866970021319E-17));
#2539=DIRECTION('ref_axis',(0.,-0.707106781186547,-0.707106781186548));
#2540=DIRECTION('',(-1.,0.,-9.40866970021319E-17));
#2541=DIRECTION('',(1.,0.,9.40866970021319E-17));
#2542=DIRECTION('center_axis',(-1.66533453693773E-16,-1.,0.));
#2543=DIRECTION('ref_axis',(0.707106781186548,0.,0.707106781186548));
#2544=DIRECTION('',(1.66533453693773E-16,1.,0.));
#2545=DIRECTION('',(-1.66533453693773E-16,-1.,0.));
#2546=DIRECTION('center_axis',(-0.816496580927728,0.408248290463862,0.40824829046386));
#2547=DIRECTION('ref_axis',(-0.577350269189622,-0.577350269189629,-0.577350269189627));
#2548=DIRECTION('center_axis',(-5.55111512312578E-15,0.,-1.));
#2549=DIRECTION('ref_axis',(-1.,0.,5.55111512312578E-15));
#2550=DIRECTION('center_axis',(0.,-1.,0.));
#2551=DIRECTION('ref_axis',(0.,0.,-1.));
#2552=DIRECTION('center_axis',(-1.,0.,5.55111512312578E-15));
#2553=DIRECTION('ref_axis',(0.,-1.,0.));
#2554=DIRECTION('center_axis',(-1.,0.,0.));
#2555=DIRECTION('ref_axis',(0.,0.,1.));
#2556=DIRECTION('center_axis',(0.,-1.,0.));
#2557=DIRECTION('ref_axis',(0.,0.,-1.));
#2558=DIRECTION('center_axis',(-1.,0.,-5.55111512312578E-15));
#2559=DIRECTION('ref_axis',(0.,1.,0.));
#2560=DIRECTION('center_axis',(0.,0.,-1.));
#2561=DIRECTION('ref_axis',(1.,0.,0.));
#2562=DIRECTION('center_axis',(1.,-1.66533453693773E-16,1.11917643611407E-16));
#2563=DIRECTION('ref_axis',(0.,0.707106781186547,0.707106781186548));
#2564=DIRECTION('center_axis',(1.,0.,0.));
#2565=DIRECTION('ref_axis',(0.,0.,-1.));
#2566=DIRECTION('center_axis',(0.,-1.,0.));
#2567=DIRECTION('ref_axis',(0.,0.,1.));
#2568=DIRECTION('center_axis',(1.,0.,-5.55111512312578E-15));
#2569=DIRECTION('ref_axis',(0.,1.,0.));
#2570=DIRECTION('center_axis',(0.,0.,1.));
#2571=DIRECTION('ref_axis',(-1.,0.,0.));
#2572=DIRECTION('center_axis',(-1.,1.66533453693773E-16,5.59588218057034E-17));
#2573=DIRECTION('ref_axis',(0.,0.707106781186547,-0.707106781186548));
#2574=DIRECTION('center_axis',(1.,-1.42726670208134E-16,3.36431219583381E-16));
#2575=DIRECTION('ref_axis',(0.,0.707106781186547,-0.707106781186548));
#2576=DIRECTION('',(-1.,1.42726670208134E-16,-3.36431219583381E-16));
#2577=DIRECTION('',(1.,-1.42726670208134E-16,3.36431219583381E-16));
#2578=DIRECTION('center_axis',(0.40824829046386,-0.816496580927723,0.408248290463873));
#2579=DIRECTION('ref_axis',(-0.577350269189614,-0.577350269189632,-0.577350269189632));
#2580=DIRECTION('center_axis',(1.38777878078144E-15,-1.,0.));
#2581=DIRECTION('ref_axis',(0.,0.,-1.));
#2582=DIRECTION('center_axis',(-1.,0.,-1.11022302462516E-14));
#2583=DIRECTION('ref_axis',(0.,-1.,0.));
#2584=DIRECTION('center_axis',(0.,0.,-1.));
#2585=DIRECTION('ref_axis',(-1.,0.,0.));
#2586=DIRECTION('center_axis',(0.408248290463864,-0.816496580927727,-0.40824829046386));
#2587=DIRECTION('ref_axis',(-0.577350269189628,-0.577350269189627,0.577350269189623));
#2588=DIRECTION('center_axis',(-1.,0.,0.));
#2589=DIRECTION('ref_axis',(0.,0.,1.));
#2590=DIRECTION('center_axis',(0.,-1.,0.));
#2591=DIRECTION('ref_axis',(-1.,0.,0.));
#2592=DIRECTION('center_axis',(1.11022302462516E-14,0.,1.));
#2593=DIRECTION('ref_axis',(0.,-1.,0.));
#2594=DIRECTION('center_axis',(0.,-1.,0.));
#2595=DIRECTION('ref_axis',(0.,0.,-1.));
#2596=DIRECTION('center_axis',(-1.42726670208134E-16,-1.,0.));
#2597=DIRECTION('ref_axis',(-0.707106781186548,2.45326946669341E-16,-0.707106781186548));
#2598=DIRECTION('center_axis',(-1.,0.,0.));
#2599=DIRECTION('ref_axis',(0.,0.,1.));
#2600=DIRECTION('center_axis',(-9.62964972193622E-31,1.,-1.73472347597681E-16));
#2601=DIRECTION('ref_axis',(-1.,0.,5.55111512312581E-15));
#2602=DIRECTION('center_axis',(-5.55111512312578E-15,0.,-1.));
#2603=DIRECTION('ref_axis',(0.,1.,0.));
#2604=DIRECTION('center_axis',(-1.,1.42726670208134E-16,-3.36431219583381E-16));
#2605=DIRECTION('ref_axis',(0.,0.707106781186547,0.707106781186548));
#2606=DIRECTION('',(1.,-1.42726670208134E-16,3.36431219583381E-16));
#2607=DIRECTION('',(-1.,1.42726670208134E-16,-3.36431219583381E-16));
#2608=DIRECTION('center_axis',(0.,-1.,0.));
#2609=DIRECTION('ref_axis',(-0.707106781186544,0.,-0.707106781186551));
#2610=DIRECTION('',(0.,1.,0.));
#2611=DIRECTION('',(0.,-1.,0.));
#2612=DIRECTION('center_axis',(-0.408248290463863,-0.816496580927726,0.408248290463863));
#2613=DIRECTION('ref_axis',(0.577350269189626,-0.577350269189625,-0.577350269189626));
#2614=DIRECTION('center_axis',(1.,0.,0.));
#2615=DIRECTION('ref_axis',(0.,0.,-1.));
#2616=DIRECTION('center_axis',(0.,-1.,0.));
#2617=DIRECTION('ref_axis',(1.,0.,0.));
#2618=DIRECTION('center_axis',(0.,0.,-1.));
#2619=DIRECTION('ref_axis',(0.,-1.,0.));
#2620=DIRECTION('center_axis',(-1.,0.,0.));
#2621=DIRECTION('ref_axis',(0.,0.,1.));
#2622=DIRECTION('center_axis',(-1.,1.66533453693773E-16,5.59588218057034E-17));
#2623=DIRECTION('ref_axis',(0.,0.707106781186545,0.70710678118655));
#2624=DIRECTION('center_axis',(0.,0.,-1.));
#2625=DIRECTION('ref_axis',(0.,-1.,0.));
#2626=DIRECTION('center_axis',(1.,-1.11022302462516E-14,0.));
#2627=DIRECTION('ref_axis',(0.,0.,1.));
#2628=DIRECTION('center_axis',(0.,-1.,0.));
#2629=DIRECTION('ref_axis',(-1.,0.,0.));
#2630=DIRECTION('center_axis',(-5.59588218057034E-17,7.98681630509838E-33,
-1.));
#2631=DIRECTION('ref_axis',(-0.707106781186548,-0.707106781186547,0.));
#2632=DIRECTION('',(5.59588218057034E-17,-7.98681630509838E-33,1.));
#2633=DIRECTION('',(-5.59588218057034E-17,7.98681630509838E-33,-1.));
#2634=DIRECTION('center_axis',(0.408248290463857,-0.408248290463855,-0.816496580927733));
#2635=DIRECTION('ref_axis',(0.577350269189632,-0.577350269189631,0.577350269189614));
#2636=DIRECTION('center_axis',(0.,-1.11022302462516E-14,1.));
#2637=DIRECTION('ref_axis',(1.,0.,0.));
#2638=DIRECTION('center_axis',(0.,-1.,0.));
#2639=DIRECTION('ref_axis',(0.,0.,1.));
#2640=DIRECTION('center_axis',(1.,0.,0.));
#2641=DIRECTION('ref_axis',(0.,-1.,0.));
#2642=DIRECTION('center_axis',(0.,-1.,0.));
#2643=DIRECTION('ref_axis',(0.,0.,-1.));
#2644=DIRECTION('center_axis',(-1.42726670208134E-16,-1.,0.));
#2645=DIRECTION('ref_axis',(-0.707106781186544,2.45326946669338E-16,0.707106781186551));
#2646=DIRECTION('center_axis',(1.11022302462516E-14,0.,1.));
#2647=DIRECTION('ref_axis',(1.,0.,-1.11022302462516E-14));
#2648=DIRECTION('center_axis',(3.46944695195361E-16,1.,0.));
#2649=DIRECTION('ref_axis',(0.,0.,1.));
#2650=DIRECTION('center_axis',(-1.,0.,0.));
#2651=DIRECTION('ref_axis',(0.,1.,0.));
#2652=DIRECTION('center_axis',(5.41022387634599E-15,-7.72183238951406E-31,
1.));
#2653=DIRECTION('ref_axis',(0.707106781186548,0.707106781186547,0.));
#2654=DIRECTION('',(-5.41022387634599E-15,7.72183238951406E-31,-1.));
#2655=DIRECTION('',(5.41022387634599E-15,-7.72183238951406E-31,1.));
#2656=DIRECTION('center_axis',(0.,-1.,0.));
#2657=DIRECTION('ref_axis',(-0.707106781186548,0.,0.707106781186548));
#2658=DIRECTION('',(0.,1.,0.));
#2659=DIRECTION('',(0.,-1.,0.));
#2660=DIRECTION('center_axis',(0.,-1.,0.));
#2661=DIRECTION('ref_axis',(0.,0.,-1.));
#2662=DIRECTION('center_axis',(-1.42726670208134E-16,-1.,0.));
#2663=DIRECTION('ref_axis',(0.707106781186547,-2.4532694666934E-16,-0.707106781186547));
#2664=DIRECTION('center_axis',(0.,0.,-1.));
#2665=DIRECTION('ref_axis',(-1.,0.,0.));
#2666=DIRECTION('center_axis',(3.46944695195361E-16,1.,0.));
#2667=DIRECTION('ref_axis',(0.,0.,-1.));
#2668=DIRECTION('center_axis',(1.,0.,0.));
#2669=DIRECTION('ref_axis',(0.,1.,0.));
#2670=DIRECTION('center_axis',(0.,1.,0.));
#2671=DIRECTION('ref_axis',(0.,0.,1.));
#2672=DIRECTION('center_axis',(0.,1.,-1.73472347597681E-16));
#2673=DIRECTION('ref_axis',(1.,0.,0.));
#2674=DIRECTION('center_axis',(0.,0.,1.));
#2675=DIRECTION('ref_axis',(0.,1.,0.));
#2676=DIRECTION('center_axis',(-1.42726670208134E-16,-1.,0.));
#2677=DIRECTION('ref_axis',(0.707106781186551,-2.45326946669341E-16,0.707106781186544));
#2678=DIRECTION('center_axis',(1.,0.,0.));
#2679=DIRECTION('ref_axis',(0.,0.,-1.));
#2680=DIRECTION('center_axis',(0.,0.,-1.));
#2681=DIRECTION('ref_axis',(-0.707106781186548,0.707106781186547,0.));
#2682=DIRECTION('',(0.,0.,1.));
#2683=DIRECTION('',(0.,0.,-1.));
#2684=DIRECTION('center_axis',(1.,-1.42726670208134E-16,3.36431219583381E-16));
#2685=DIRECTION('ref_axis',(0.,0.707106781186547,-0.707106781186548));
#2686=DIRECTION('',(-1.,1.42726670208134E-16,-3.36431219583381E-16));
#2687=DIRECTION('',(1.,-1.42726670208134E-16,3.36431219583381E-16));
#2688=DIRECTION('center_axis',(0.,-1.,0.));
#2689=DIRECTION('ref_axis',(0.707106781186548,0.,0.707106781186548));
#2690=DIRECTION('',(0.,1.,0.));
#2691=DIRECTION('',(0.,-1.,0.));
#2692=DIRECTION('center_axis',(0.,-1.,0.));
#2693=DIRECTION('ref_axis',(0.707106781186548,0.,-0.707106781186548));
#2694=DIRECTION('',(0.,1.,0.));
#2695=DIRECTION('',(0.,-1.,0.));
#2696=DIRECTION('center_axis',(-1.,1.42726670208134E-16,-3.36431219583381E-16));
#2697=DIRECTION('ref_axis',(0.,0.707106781186547,0.707106781186548));
#2698=DIRECTION('',(1.,-1.42726670208134E-16,3.36431219583381E-16));
#2699=DIRECTION('',(-1.,1.42726670208134E-16,-3.36431219583381E-16));
#2700=DIRECTION('center_axis',(-1.,0.,-3.36431219583381E-16));
#2701=DIRECTION('ref_axis',(0.,-0.707106781186547,0.707106781186548));
#2702=DIRECTION('',(1.,0.,3.36431219583381E-16));
#2703=DIRECTION('',(-1.,0.,-3.36431219583381E-16));
#2704=DIRECTION('center_axis',(0.,0.,1.));
#2705=DIRECTION('ref_axis',(0.707106781186548,-0.707106781186547,0.));
#2706=DIRECTION('',(0.,0.,-1.));
#2707=DIRECTION('',(0.,0.,1.));
#2708=DIRECTION('center_axis',(1.66533453693773E-16,1.,5.60270529276287E-32));
#2709=DIRECTION('ref_axis',(-0.707106781186548,0.,-0.707106781186548));
#2710=DIRECTION('',(-1.66533453693773E-16,-1.,-5.60270529276287E-32));
#2711=DIRECTION('',(1.66533453693773E-16,1.,5.60270529276287E-32));
#2712=DIRECTION('center_axis',(1.,0.,3.36431219583381E-16));
#2713=DIRECTION('ref_axis',(0.,-0.707106781186547,-0.707106781186548));
#2714=DIRECTION('',(-1.,0.,-3.36431219583381E-16));
#2715=DIRECTION('',(1.,0.,3.36431219583381E-16));
#2716=DIRECTION('center_axis',(-5.41022387634599E-15,0.,-1.));
#2717=DIRECTION('ref_axis',(-0.707106781186548,-0.707106781186547,0.));
#2718=DIRECTION('',(5.41022387634599E-15,0.,1.));
#2719=DIRECTION('',(-5.41022387634599E-15,0.,-1.));
#2720=DIRECTION('center_axis',(-5.59588218057034E-17,0.,-1.));
#2721=DIRECTION('ref_axis',(-0.707106781186548,-0.707106781186547,0.));
#2722=DIRECTION('',(5.59588218057034E-17,0.,1.));
#2723=DIRECTION('',(-5.59588218057034E-17,0.,-1.));
#2724=DIRECTION('center_axis',(-1.66533453693773E-16,-1.,-5.60270529276287E-32));
#2725=DIRECTION('ref_axis',(-0.707106781186548,0.,0.707106781186548));
#2726=DIRECTION('',(1.66533453693773E-16,1.,5.60270529276287E-32));
#2727=DIRECTION('',(-1.66533453693773E-16,-1.,-5.60270529276287E-32));
#2728=DIRECTION('center_axis',(-1.11917643611407E-16,1.59736326101968E-32,
1.));
#2729=DIRECTION('ref_axis',(0.707106781186548,-0.707106781186547,0.));
#2730=DIRECTION('',(1.11917643611407E-16,-1.59736326101968E-32,-1.));
#2731=DIRECTION('',(-1.11917643611407E-16,1.59736326101968E-32,1.));
#2732=DIRECTION('center_axis',(-1.66533453693773E-16,-1.,-5.60270529276287E-32));
#2733=DIRECTION('ref_axis',(0.707106781186548,0.,-0.707106781186548));
#2734=DIRECTION('',(1.66533453693773E-16,1.,5.60270529276287E-32));
#2735=DIRECTION('',(-1.66533453693773E-16,-1.,-5.60270529276287E-32));
#2736=DIRECTION('center_axis',(1.,0.,3.36431219583381E-16));
#2737=DIRECTION('ref_axis',(0.,-0.707106781186547,-0.707106781186548));
#2738=DIRECTION('',(-1.,0.,-3.36431219583381E-16));
#2739=DIRECTION('',(1.,0.,3.36431219583381E-16));
#2740=DIRECTION('center_axis',(0.,-1.,0.));
#2741=DIRECTION('ref_axis',(0.707106781186548,0.,0.707106781186548));
#2742=DIRECTION('',(0.,1.,0.));
#2743=DIRECTION('',(0.,-1.,0.));
#2744=DIRECTION('center_axis',(-2.25425994847747E-16,3.2174301622975E-32,
-1.));
#2745=DIRECTION('ref_axis',(-0.707106781186548,0.707106781186547,0.));
#2746=DIRECTION('',(2.25425994847747E-16,-3.2174301622975E-32,1.));
#2747=DIRECTION('',(-2.25425994847747E-16,3.2174301622975E-32,-1.));
#2748=DIRECTION('center_axis',(-5.59588218057034E-17,0.,-1.));
#2749=DIRECTION('ref_axis',(-0.707106781186548,-0.707106781186548,0.));
#2750=DIRECTION('',(5.59588218057034E-17,0.,1.));
#2751=DIRECTION('',(-5.59588218057034E-17,0.,-1.));
#2752=DIRECTION('center_axis',(-1.,0.,-3.36431219583381E-16));
#2753=DIRECTION('ref_axis',(0.,-0.707106781186547,0.707106781186548));
#2754=DIRECTION('',(1.,0.,3.36431219583381E-16));
#2755=DIRECTION('',(-1.,0.,-3.36431219583381E-16));
#2756=DIRECTION('center_axis',(1.,-1.42726670208134E-16,3.36431219583381E-16));
#2757=DIRECTION('ref_axis',(0.,0.707106781186547,-0.707106781186548));
#2758=DIRECTION('',(-1.,1.42726670208134E-16,-3.36431219583381E-16));
#2759=DIRECTION('',(1.,-1.42726670208134E-16,3.36431219583381E-16));
#2760=DIRECTION('center_axis',(-1.66533453693773E-16,-1.,0.));
#2761=DIRECTION('ref_axis',(-0.707106781186548,0.,0.707106781186548));
#2762=DIRECTION('',(1.66533453693773E-16,1.,0.));
#2763=DIRECTION('',(-1.66533453693773E-16,-1.,0.));
#2764=DIRECTION('center_axis',(0.,-1.,0.));
#2765=DIRECTION('ref_axis',(0.707106781186548,0.,-0.707106781186548));
#2766=DIRECTION('',(0.,1.,0.));
#2767=DIRECTION('',(0.,-1.,0.));
#2768=DIRECTION('center_axis',(-1.,1.42726670208134E-16,0.));
#2769=DIRECTION('ref_axis',(0.,0.707106781186547,0.707106781186548));
#2770=DIRECTION('',(1.,-1.42726670208134E-16,0.));
#2771=DIRECTION('',(-1.,1.42726670208134E-16,0.));
#2772=DIRECTION('center_axis',(2.25425994847747E-16,0.,1.));
#2773=DIRECTION('ref_axis',(0.707106781186548,-0.707106781186547,0.));
#2774=DIRECTION('',(-2.25425994847747E-16,0.,-1.));
#2775=DIRECTION('',(2.25425994847747E-16,0.,1.));
#2776=DIRECTION('center_axis',(-1.66533453693773E-16,-1.,0.));
#2777=DIRECTION('ref_axis',(0.707106781186548,0.,-0.707106781186548));
#2778=DIRECTION('',(1.66533453693773E-16,1.,0.));
#2779=DIRECTION('',(-1.66533453693773E-16,-1.,0.));
#2780=DIRECTION('center_axis',(-1.,0.,3.76346788008528E-16));
#2781=DIRECTION('ref_axis',(0.,-0.707106781186548,0.707106781186548));
#2782=DIRECTION('',(1.,0.,-3.76346788008528E-16));
#2783=DIRECTION('',(-1.,0.,3.76346788008528E-16));
#2784=DIRECTION('center_axis',(1.,-1.42726670208134E-16,-3.76346788008528E-16));
#2785=DIRECTION('ref_axis',(0.,0.707106781186548,0.707106781186548));
#2786=DIRECTION('',(1.,-1.42726670208134E-16,-3.76346788008528E-16));
#2787=DIRECTION('center_axis',(1.,0.,0.));
#2788=DIRECTION('ref_axis',(0.,-0.707106781186547,-0.707106781186548));
#2789=DIRECTION('',(-1.,0.,0.));
#2790=DIRECTION('',(1.,0.,0.));
#2791=DIRECTION('center_axis',(0.,-1.,0.));
#2792=DIRECTION('ref_axis',(-0.707106781186548,0.,-0.707106781186548));
#2793=DIRECTION('',(0.,1.,0.));
#2794=DIRECTION('',(0.,-1.,0.));
#2795=DIRECTION('center_axis',(-1.66533453693773E-16,-1.,0.));
#2796=DIRECTION('ref_axis',(-0.707106781186548,0.,-0.707106781186548));
#2797=DIRECTION('',(1.66533453693773E-16,1.,0.));
#2798=DIRECTION('',(-1.66533453693773E-16,-1.,0.));
#2799=DIRECTION('center_axis',(-1.35255596908649E-15,0.,-1.));
#2800=DIRECTION('ref_axis',(-0.707106781186548,-0.707106781186547,0.));
#2801=DIRECTION('',(1.35255596908649E-15,0.,1.));
#2802=DIRECTION('',(-1.35255596908649E-15,0.,-1.));
#2803=DIRECTION('center_axis',(-3.36431219583381E-16,0.,1.));
#2804=DIRECTION('ref_axis',(-1.,1.42726670208134E-16,-3.36431219583381E-16));
#2805=DIRECTION('center_axis',(-1.,0.,1.35255596908649E-15));
#2806=DIRECTION('ref_axis',(-1.35255596908649E-15,1.9304580973785E-31,-1.));
#2807=DIRECTION('center_axis',(0.,-1.,0.));
#2808=DIRECTION('ref_axis',(0.,0.,-1.));
#2809=DIRECTION('center_axis',(-9.40866970021319E-17,1.56685825984046E-32,
1.));
#2810=DIRECTION('ref_axis',(-1.,1.42726670208134E-16,-9.40866970021319E-17));
#2811=DIRECTION('center_axis',(-1.,1.66533453693773E-16,-1.11917643611407E-16));
#2812=DIRECTION('ref_axis',(1.11917643611407E-16,-1.59736326101968E-32,
-1.));
#2813=DIRECTION('center_axis',(-3.36431219583381E-16,0.,1.));
#2814=DIRECTION('ref_axis',(-1.,1.42726670208134E-16,-3.36431219583381E-16));
#2815=DIRECTION('center_axis',(3.36431219583381E-16,0.,-1.));
#2816=DIRECTION('ref_axis',(1.,-1.42726670208134E-16,3.36431219583381E-16));
#2817=DIRECTION('center_axis',(-1.,0.,5.41022387634599E-15));
#2818=DIRECTION('ref_axis',(-5.41022387634599E-15,7.72183238951406E-31,
-1.));
#2819=DIRECTION('center_axis',(1.,-1.66533453693773E-16,-5.59588218057034E-17));
#2820=DIRECTION('ref_axis',(5.59588218057034E-17,-7.98681630509838E-33,
1.));
#2821=DIRECTION('center_axis',(-3.36431219583381E-16,0.,1.));
#2822=DIRECTION('ref_axis',(-1.,1.42726670208134E-16,-3.36431219583381E-16));
#2823=DIRECTION('center_axis',(-1.42726670208134E-16,-1.,0.));
#2824=DIRECTION('ref_axis',(0.,0.,-1.));
#2825=DIRECTION('center_axis',(1.42726670208134E-16,1.,0.));
#2826=DIRECTION('ref_axis',(-1.,1.42726670208134E-16,1.22464679914735E-16));
#2827=DIRECTION('center_axis',(-1.42726670208134E-16,-1.,0.));
#2828=DIRECTION('ref_axis',(-1.,1.42726670208134E-16,-1.22464679914735E-16));
#2829=DIRECTION('center_axis',(-1.42726670208134E-16,-1.,0.));
#2830=DIRECTION('ref_axis',(-1.,1.42726670208134E-16,-1.22464679914735E-16));
#2831=DIRECTION('center_axis',(1.,0.,0.));
#2832=DIRECTION('ref_axis',(0.,0.,1.));
#2833=DIRECTION('center_axis',(3.36431219583381E-16,0.,-1.));
#2834=DIRECTION('ref_axis',(1.,-1.42726670208134E-16,3.36431219583381E-16));
#2835=DIRECTION('center_axis',(0.,-1.,0.));
#2836=DIRECTION('ref_axis',(0.,0.,-1.));
#2837=DIRECTION('center_axis',(1.,0.,-2.25425994847747E-16));
#2838=DIRECTION('ref_axis',(2.25425994847747E-16,-3.2174301622975E-32,1.));
#2839=DIRECTION('center_axis',(0.,0.,-1.));
#2840=DIRECTION('ref_axis',(1.,-1.42726670208134E-16,0.));
#2841=DIRECTION('center_axis',(-3.76346788008528E-16,6.26743303936185E-32,
-1.));
#2842=DIRECTION('ref_axis',(1.,-1.42726670208134E-16,-3.76346788008528E-16));
#2843=DIRECTION('center_axis',(1.42726670208134E-16,1.,0.));
#2844=DIRECTION('ref_axis',(0.,0.,1.));
#2845=DIRECTION('center_axis',(-1.,1.42726670208134E-16,0.));
#2846=DIRECTION('ref_axis',(0.,0.,-1.));
#2847=DIRECTION('center_axis',(1.42726670208134E-16,1.,0.));
#2848=DIRECTION('ref_axis',(0.,0.,1.));
#2849=DIRECTION('center_axis',(-1.,1.42726670208134E-16,0.));
#2850=DIRECTION('ref_axis',(0.,0.,-1.));
#2851=DIRECTION('center_axis',(-1.42726670208134E-16,-1.,0.));
#2852=DIRECTION('ref_axis',(0.,0.,-1.));
#2853=DIRECTION('center_axis',(-1.,1.42726670208134E-16,-1.22464679914735E-16));
#2854=DIRECTION('ref_axis',(-1.22464679914735E-16,0.,1.));
#2855=DIRECTION('center_axis',(-1.4170831521347E-16,-1.,2.46582094746568E-32));
#2856=DIRECTION('ref_axis',(-1.,1.4170831521347E-16,1.57327834330834E-32));
#2857=DIRECTION('center_axis',(-1.4170831521347E-16,-1.,2.46582094746568E-32));
#2858=DIRECTION('ref_axis',(-1.,1.4170831521347E-16,1.57327834330834E-32));
#2859=DIRECTION('center_axis',(-1.42726670208134E-16,-1.,0.));
#2860=DIRECTION('ref_axis',(1.,-1.32615824132698E-16,0.));
#2861=DIRECTION('',(0.514495755427526,0.857492925712544,6.30075580059219E-17));
#2862=CARTESIAN_POINT('',(0.,0.,0.));
#2863=CARTESIAN_POINT('Origin',(-11.3,-1.1,-6.91925441518255E-16));
#2864=CARTESIAN_POINT('',(-11.3,-1.6,3.));
#2865=CARTESIAN_POINT('Origin',(-11.3,-1.6,-6.91925441518255E-16));
#2866=CARTESIAN_POINT('',(-11.3,-1.1,3.5));
#2867=CARTESIAN_POINT('Origin',(-11.3,-1.1,3.));
#2868=CARTESIAN_POINT('',(-14.8,-1.1,-1.12055182121983E-15));
#2869=CARTESIAN_POINT('Origin',(-11.3,-1.1,-6.91925441518255E-16));
#2870=CARTESIAN_POINT('Origin',(-11.3,-1.1,-6.91925441518255E-16));
#2871=CARTESIAN_POINT('Origin',(-11.3,-1.6,-5.55111512312578E-16));
#2872=CARTESIAN_POINT('',(-11.3,-1.6,-1.7));
#2873=CARTESIAN_POINT('Origin',(-11.3,-1.6,1.38385088303651E-15));
#2874=CARTESIAN_POINT('Origin',(-11.3,0.399999999999999,-6.91925441518255E-16));
#2875=CARTESIAN_POINT('',(-14.8,0.199999999999998,-1.12055182121983E-15));
#2876=CARTESIAN_POINT('',(-14.8,0.399999999999999,-1.12055182121983E-15));
#2877=CARTESIAN_POINT('',(-11.3,0.199999999999997,-3.5));
#2878=CARTESIAN_POINT('Origin',(-11.3,0.199999999999997,-6.91925441518255E-16));
#2879=CARTESIAN_POINT('Origin',(-11.3,0.199999999999997,-6.91925441518255E-16));
#2880=CARTESIAN_POINT('Origin',(11.3,-1.1,-6.73555739531044E-16));
#2881=CARTESIAN_POINT('',(11.3,-1.6,3.));
#2882=CARTESIAN_POINT('Origin',(11.3,-1.6,-6.73555739531044E-16));
#2883=CARTESIAN_POINT('',(11.3,-1.1,3.5));
#2884=CARTESIAN_POINT('Origin',(11.3,-1.1,3.));
#2885=CARTESIAN_POINT('',(7.8,-1.1,-1.10218211923262E-15));
#2886=CARTESIAN_POINT('Origin',(11.3,-1.1,-6.73555739531044E-16));
#2887=CARTESIAN_POINT('Origin',(11.3,-1.1,-6.73555739531044E-16));
#2888=CARTESIAN_POINT('Origin',(11.3,-1.6,-5.55111512312578E-16));
#2889=CARTESIAN_POINT('',(11.3,-1.6,-1.7));
#2890=CARTESIAN_POINT('Origin',(11.3,-1.6,1.38385088303651E-15));
#2891=CARTESIAN_POINT('Origin',(11.3,0.399999999999996,-6.73555739531044E-16));
#2892=CARTESIAN_POINT('',(7.8,0.199999999999998,-1.10218211923262E-15));
#2893=CARTESIAN_POINT('',(7.8,0.399999999999996,-1.10218211923262E-15));
#2894=CARTESIAN_POINT('',(11.3,0.199999999999997,-3.5));
#2895=CARTESIAN_POINT('Origin',(11.3,0.199999999999997,-6.73555739531044E-16));
#2896=CARTESIAN_POINT('Origin',(11.3,0.199999999999997,-6.73555739531044E-16));
#2897=CARTESIAN_POINT('Origin',(11.3,-1.3,1.38385088303651E-15));
#2898=CARTESIAN_POINT('',(11.3,-1.3,-1.4));
#2899=CARTESIAN_POINT('Origin',(11.3,-1.3,-1.7));
#2900=CARTESIAN_POINT('',(9.9,-1.3,1.55530143491714E-15));
#2901=CARTESIAN_POINT('Origin',(11.3,-1.3,1.38385088303651E-15));
#2902=CARTESIAN_POINT('Origin',(11.3,-1.3,1.38385088303651E-15));
#2903=CARTESIAN_POINT('Origin',(11.3,2.,1.38385088303651E-15));
#2904=CARTESIAN_POINT('',(9.9,-0.299999999999999,1.21240033115588E-15));
#2905=CARTESIAN_POINT('',(11.3,-0.3,1.4));
#2906=CARTESIAN_POINT('Origin',(11.3,-0.3,1.38385088303651E-15));
#2907=CARTESIAN_POINT('',(9.9,2.,1.21240033115588E-15));
#2908=CARTESIAN_POINT('Origin',(11.3,-0.3,1.38385088303651E-15));
#2909=CARTESIAN_POINT('Origin',(-11.3,-1.3,1.38385088303651E-15));
#2910=CARTESIAN_POINT('',(-11.3,-1.3,-1.4));
#2911=CARTESIAN_POINT('Origin',(-11.3,-1.3,-1.7));
#2912=CARTESIAN_POINT('',(-12.7,-1.3,1.55530143491714E-15));
#2913=CARTESIAN_POINT('Origin',(-11.3,-1.3,1.38385088303651E-15));
#2914=CARTESIAN_POINT('Origin',(-11.3,-1.3,1.38385088303651E-15));
#2915=CARTESIAN_POINT('Origin',(-11.3,2.,1.38385088303651E-15));
#2916=CARTESIAN_POINT('',(-12.7,-0.299999999999996,1.21240033115588E-15));
#2917=CARTESIAN_POINT('',(-11.3,-0.299999999999996,1.4));
#2918=CARTESIAN_POINT('Origin',(-11.3,-0.299999999999996,1.38385088303651E-15));
#2919=CARTESIAN_POINT('',(-12.7,2.,1.21240033115588E-15));
#2920=CARTESIAN_POINT('Origin',(-11.3,-0.299999999999996,1.38385088303651E-15));
#2921=CARTESIAN_POINT('Origin',(-11.3,-0.299999999999996,1.38385088303651E-15));
#2922=CARTESIAN_POINT('',(-11.3,3.60822483003176E-15,1.7));
#2923=CARTESIAN_POINT('Origin',(-11.3,3.60822483003176E-15,1.38385088303651E-15));
#2924=CARTESIAN_POINT('Origin',(-11.3,-0.299999999999996,1.7));
#2925=CARTESIAN_POINT('Origin',(-11.3,3.60822483003176E-15,1.11022302462516E-15));
#2926=CARTESIAN_POINT('',(-11.3,3.60822483003176E-15,2.36));
#2927=CARTESIAN_POINT('Origin',(-11.3,3.60822483003176E-15,1.38385088303651E-15));
#2928=CARTESIAN_POINT('Origin',(11.3,-0.3,1.38385088303651E-15));
#2929=CARTESIAN_POINT('',(11.3,2.77555756156289E-16,1.7));
#2930=CARTESIAN_POINT('Origin',(11.3,2.77555756156289E-16,1.38385088303651E-15));
#2931=CARTESIAN_POINT('Origin',(11.3,-0.3,1.7));
#2932=CARTESIAN_POINT('Origin',(11.3,2.77555756156289E-16,-1.11022302462516E-15));
#2933=CARTESIAN_POINT('',(11.3,2.77555756156289E-16,2.36));
#2934=CARTESIAN_POINT('Origin',(11.3,2.77555756156289E-16,-1.38385088303651E-15));
#2935=CARTESIAN_POINT('Origin',(11.3,0.3,-1.38385088303651E-15));
#2936=CARTESIAN_POINT('',(11.3,0.3,2.66));
#2937=CARTESIAN_POINT('Origin',(11.3,0.3,2.36));
#2938=CARTESIAN_POINT('',(8.64,0.3,-1.7096069316097E-15));
#2939=CARTESIAN_POINT('Origin',(11.3,0.3,-1.38385088303651E-15));
#2940=CARTESIAN_POINT('Origin',(11.3,0.3,-1.38385088303651E-15));
#2941=CARTESIAN_POINT('Origin',(11.3,2.,-1.38385088303651E-15));
#2942=CARTESIAN_POINT('',(8.64,1.7,-1.7096069316097E-15));
#2943=CARTESIAN_POINT('',(11.3,1.7,2.66));
#2944=CARTESIAN_POINT('Origin',(11.3,1.7,-1.38385088303651E-15));
#2945=CARTESIAN_POINT('',(8.64,2.,-1.7096069316097E-15));
#2946=CARTESIAN_POINT('Origin',(11.3,1.7,-1.38385088303651E-15));
#2947=CARTESIAN_POINT('Origin',(11.3,1.7,-1.38385088303651E-15));
#2948=CARTESIAN_POINT('',(11.3,2.,2.96));
#2949=CARTESIAN_POINT('Origin',(11.3,2.,-1.38385088303651E-15));
#2950=CARTESIAN_POINT('Origin',(11.3,1.7,2.96));
#2951=CARTESIAN_POINT('Origin',(14.8,2.,0.));
#2952=CARTESIAN_POINT('',(-14.8,2.,-1.81247726273808E-15));
#2953=CARTESIAN_POINT('Origin',(1.24791922812701E-30,2.,0.));
#2954=CARTESIAN_POINT('',(-11.3,2.,2.96));
#2955=CARTESIAN_POINT('Origin',(-11.3,2.,1.38385088303651E-15));
#2956=CARTESIAN_POINT('',(5.7,2.,10.12));
#2957=CARTESIAN_POINT('',(6.1,2.,9.72));
#2958=CARTESIAN_POINT('Origin',(5.7,2.,9.72));
#2959=CARTESIAN_POINT('',(-5.7,2.,10.12));
#2960=CARTESIAN_POINT('',(10.35,2.,10.12));
#2961=CARTESIAN_POINT('',(-6.1,2.,9.72));
#2962=CARTESIAN_POINT('Origin',(-5.7,2.,9.72));
#2963=CARTESIAN_POINT('',(-6.1,2.,-9.72));
#2964=CARTESIAN_POINT('',(-6.1,2.,4.96));
#2965=CARTESIAN_POINT('',(-5.7,2.,-10.12));
#2966=CARTESIAN_POINT('Origin',(-5.7,2.,-9.72));
#2967=CARTESIAN_POINT('',(5.7,2.,-10.12));
#2968=CARTESIAN_POINT('',(4.45,2.,-10.12));
#2969=CARTESIAN_POINT('',(6.1,2.,-9.72));
#2970=CARTESIAN_POINT('Origin',(5.7,2.,-9.72));
#2971=CARTESIAN_POINT('',(6.1,2.,-4.96));
#2972=CARTESIAN_POINT('Origin',(-11.3,1.7,1.38385088303651E-15));
#2973=CARTESIAN_POINT('',(-11.3,1.7,2.66));
#2974=CARTESIAN_POINT('Origin',(-11.3,1.7,2.96));
#2975=CARTESIAN_POINT('',(-13.96,1.7,1.05809483446331E-15));
#2976=CARTESIAN_POINT('Origin',(-11.3,1.7,1.38385088303651E-15));
#2977=CARTESIAN_POINT('Origin',(-11.3,1.7,1.38385088303651E-15));
#2978=CARTESIAN_POINT('Origin',(-11.3,2.,1.38385088303651E-15));
#2979=CARTESIAN_POINT('',(-13.96,0.300000000000003,1.05809483446331E-15));
#2980=CARTESIAN_POINT('',(-13.96,2.,1.05809483446331E-15));
#2981=CARTESIAN_POINT('',(-11.3,0.300000000000004,2.66));
#2982=CARTESIAN_POINT('Origin',(-11.3,0.300000000000004,1.38385088303651E-15));
#2983=CARTESIAN_POINT('Origin',(-11.3,0.300000000000004,1.38385088303651E-15));
#2984=CARTESIAN_POINT('Origin',(-11.3,0.300000000000004,1.38385088303651E-15));
#2985=CARTESIAN_POINT('Origin',(-11.3,0.300000000000004,2.36));
#2986=CARTESIAN_POINT('Origin',(-6.4,-0.600000000000002,-10.725));
#2987=CARTESIAN_POINT('',(-6.6,-0.600000000000002,-10.725));
#2988=CARTESIAN_POINT('',(-6.4,-0.800000000000002,-10.725));
#2989=CARTESIAN_POINT('Origin',(-6.4,-0.600000000000002,-10.725));
#2990=CARTESIAN_POINT('',(-6.4,-0.600000000000002,-10.925));
#2991=CARTESIAN_POINT('Origin',(-6.4,-0.600000000000002,-10.725));
#2992=CARTESIAN_POINT('Origin',(-6.4,-0.600000000000002,-10.725));
#2993=CARTESIAN_POINT('Origin',(-5.7,1.8,-9.72));
#2994=CARTESIAN_POINT('',(-5.9,1.8,-9.72));
#2995=CARTESIAN_POINT('Origin',(-6.1,1.8,-9.72));
#2996=CARTESIAN_POINT('',(-5.7,1.8,-9.92));
#2997=CARTESIAN_POINT('Origin',(-5.7,1.8,-9.72));
#2998=CARTESIAN_POINT('Origin',(-5.7,1.8,-10.12));
#2999=CARTESIAN_POINT('Origin',(-6.4,-0.600000000000002,-6.2));
#3000=CARTESIAN_POINT('',(-6.4,-0.600000000000002,-6.));
#3001=CARTESIAN_POINT('',(-6.4,-0.800000000000002,-6.2));
#3002=CARTESIAN_POINT('Origin',(-6.4,-0.600000000000002,-6.2));
#3003=CARTESIAN_POINT('',(-6.6,-0.600000000000002,-6.2));
#3004=CARTESIAN_POINT('Origin',(-6.4,-0.600000000000002,-6.2));
#3005=CARTESIAN_POINT('Origin',(-6.4,-0.600000000000002,-6.2));
#3006=CARTESIAN_POINT('Origin',(-5.7,-0.600000000000002,-9.72));
#3007=CARTESIAN_POINT('',(-5.9,-0.600000000000002,-9.72));
#3008=CARTESIAN_POINT('',(-5.7,-0.600000000000002,-9.92));
#3009=CARTESIAN_POINT('Origin',(-5.7,-0.600000000000002,-9.72));
#3010=CARTESIAN_POINT('',(-6.1,-0.800000000000002,-9.72));
#3011=CARTESIAN_POINT('Origin',(-6.1,-0.600000000000002,-9.72));
#3012=CARTESIAN_POINT('',(-5.7,-0.800000000000002,-10.12));
#3013=CARTESIAN_POINT('Origin',(-5.7,-0.800000000000002,-9.72));
#3014=CARTESIAN_POINT('Origin',(-5.7,-0.600000000000002,-10.12));
#3015=CARTESIAN_POINT('Origin',(-6.4,0.199999999999998,-10.725));
#3016=CARTESIAN_POINT('',(-6.6,0.199999999999998,-10.725));
#3017=CARTESIAN_POINT('',(-6.4,0.199999999999998,-10.925));
#3018=CARTESIAN_POINT('Origin',(-6.4,0.199999999999998,-10.725));
#3019=CARTESIAN_POINT('',(-6.8,0.399999999999998,-10.725));
#3020=CARTESIAN_POINT('Origin',(-6.8,0.199999999999998,-10.725));
#3021=CARTESIAN_POINT('',(-6.4,0.399999999999998,-11.125));
#3022=CARTESIAN_POINT('Origin',(-6.4,0.399999999999998,-10.725));
#3023=CARTESIAN_POINT('Origin',(-6.4,0.199999999999998,-11.125));
#3024=CARTESIAN_POINT('Origin',(6.4,-0.600000000000002,-10.725));
#3025=CARTESIAN_POINT('',(6.4,-0.600000000000002,-10.925));
#3026=CARTESIAN_POINT('',(6.4,-0.800000000000002,-10.725));
#3027=CARTESIAN_POINT('Origin',(6.4,-0.600000000000002,-10.725));
#3028=CARTESIAN_POINT('',(6.6,-0.600000000000002,-10.725));
#3029=CARTESIAN_POINT('Origin',(6.4,-0.600000000000002,-10.725));
#3030=CARTESIAN_POINT('Origin',(6.4,-0.600000000000002,-10.725));
#3031=CARTESIAN_POINT('Origin',(5.7,1.8,-9.72));
#3032=CARTESIAN_POINT('',(5.9,1.8,-9.72));
#3033=CARTESIAN_POINT('',(5.7,1.8,-9.92));
#3034=CARTESIAN_POINT('Origin',(5.7,1.8,-9.72));
#3035=CARTESIAN_POINT('Origin',(6.1,1.8,-9.72));
#3036=CARTESIAN_POINT('Origin',(5.7,1.8,-10.12));
#3037=CARTESIAN_POINT('Origin',(-5.7,1.8,9.72));
#3038=CARTESIAN_POINT('',(-5.9,1.8,9.72));
#3039=CARTESIAN_POINT('',(-5.7,1.8,9.92));
#3040=CARTESIAN_POINT('Origin',(-5.7,1.8,9.72));
#3041=CARTESIAN_POINT('Origin',(-6.1,1.8,9.72));
#3042=CARTESIAN_POINT('Origin',(-5.7,1.8,10.12));
#3043=CARTESIAN_POINT('Origin',(-6.1,1.8,4.96));
#3044=CARTESIAN_POINT('',(-5.9,1.8,4.96));
#3045=CARTESIAN_POINT('Origin',(-6.1,-0.600000000000002,-6.2));
#3046=CARTESIAN_POINT('',(-6.1,-0.600000000000002,-6.));
#3047=CARTESIAN_POINT('',(-5.9,-0.600000000000002,-6.2));
#3048=CARTESIAN_POINT('Origin',(-6.1,-0.600000000000002,-6.2));
#3049=CARTESIAN_POINT('',(-6.1,-0.800000000000002,-6.2));
#3050=CARTESIAN_POINT('Origin',(-6.1,-0.600000000000002,-6.2));
#3051=CARTESIAN_POINT('Origin',(-6.1,-0.600000000000002,-6.2));
#3052=CARTESIAN_POINT('Origin',(3.3,-0.600000000000002,-6.2));
#3053=CARTESIAN_POINT('',(3.3,-0.800000000000002,-6.2));
#3054=CARTESIAN_POINT('',(3.3,-0.600000000000002,-6.));
#3055=CARTESIAN_POINT('Origin',(-6.1,-0.600000000000002,0.72875));
#3056=CARTESIAN_POINT('',(-6.1,-0.800000000000002,0.72875));
#3057=CARTESIAN_POINT('',(-5.9,-0.600000000000002,0.72875));
#3058=CARTESIAN_POINT('Origin',(-6.4,0.199999999999998,-6.2));
#3059=CARTESIAN_POINT('',(-6.4,0.399999999999998,-5.8));
#3060=CARTESIAN_POINT('',(-6.8,0.399999999999998,-6.2));
#3061=CARTESIAN_POINT('Origin',(-6.4,0.399999999999998,-6.2));
#3062=CARTESIAN_POINT('',(-6.6,0.199999999999998,-6.2));
#3063=CARTESIAN_POINT('Origin',(-6.8,0.199999999999998,-6.2));
#3064=CARTESIAN_POINT('',(-6.4,0.199999999999998,-6.));
#3065=CARTESIAN_POINT('Origin',(-6.4,0.199999999999998,-6.2));
#3066=CARTESIAN_POINT('Origin',(-6.4,0.199999999999998,-5.8));
#3067=CARTESIAN_POINT('Origin',(-6.79999999999999,0.199999999999998,-3.));
#3068=CARTESIAN_POINT('',(-6.79999999999999,0.399999999999998,-3.));
#3069=CARTESIAN_POINT('',(-6.59999999999999,0.199999999999998,-3.));
#3070=CARTESIAN_POINT('Origin',(-6.4,0.399999999999997,-6.2));
#3071=CARTESIAN_POINT('',(-6.4,0.399999999999997,-6.));
#3072=CARTESIAN_POINT('',(-6.6,0.399999999999997,-6.2));
#3073=CARTESIAN_POINT('Origin',(5.7,-0.600000000000002,-9.72));
#3074=CARTESIAN_POINT('',(5.7,-0.800000000000002,-10.12));
#3075=CARTESIAN_POINT('',(6.1,-0.800000000000002,-9.72));
#3076=CARTESIAN_POINT('Origin',(5.7,-0.800000000000002,-9.72));
#3077=CARTESIAN_POINT('',(5.9,-0.600000000000002,-9.72));
#3078=CARTESIAN_POINT('Origin',(6.1,-0.600000000000002,-9.72));
#3079=CARTESIAN_POINT('',(5.7,-0.600000000000002,-9.92));
#3080=CARTESIAN_POINT('Origin',(5.7,-0.600000000000002,-9.72));
#3081=CARTESIAN_POINT('Origin',(5.7,-0.600000000000002,-10.12));
#3082=CARTESIAN_POINT('Origin',(6.4,-0.600000000000002,-6.2));
#3083=CARTESIAN_POINT('',(6.6,-0.600000000000002,-6.2));
#3084=CARTESIAN_POINT('',(6.4,-0.800000000000002,-6.2));
#3085=CARTESIAN_POINT('Origin',(6.4,-0.600000000000002,-6.2));
#3086=CARTESIAN_POINT('',(6.4,-0.600000000000002,-6.));
#3087=CARTESIAN_POINT('Origin',(6.4,-0.600000000000002,-6.2));
#3088=CARTESIAN_POINT('Origin',(6.4,-0.600000000000002,-6.2));
#3089=CARTESIAN_POINT('Origin',(6.4,0.199999999999996,-10.725));
#3090=CARTESIAN_POINT('',(6.4,0.399999999999996,-11.125));
#3091=CARTESIAN_POINT('',(6.8,0.399999999999996,-10.725));
#3092=CARTESIAN_POINT('Origin',(6.4,0.399999999999996,-10.725));
#3093=CARTESIAN_POINT('',(6.6,0.199999999999996,-10.725));
#3094=CARTESIAN_POINT('Origin',(6.8,0.199999999999996,-10.725));
#3095=CARTESIAN_POINT('',(6.4,0.199999999999996,-10.925));
#3096=CARTESIAN_POINT('Origin',(6.4,0.199999999999996,-10.725));
#3097=CARTESIAN_POINT('Origin',(6.4,0.199999999999996,-11.125));
#3098=CARTESIAN_POINT('Origin',(5.7,1.8,9.72));
#3099=CARTESIAN_POINT('',(5.7,1.8,9.92));
#3100=CARTESIAN_POINT('',(5.9,1.8,9.72));
#3101=CARTESIAN_POINT('Origin',(5.7,1.8,9.72));
#3102=CARTESIAN_POINT('Origin',(5.7,1.8,10.12));
#3103=CARTESIAN_POINT('Origin',(6.1,1.8,9.72));
#3104=CARTESIAN_POINT('Origin',(10.35,1.8,10.12));
#3105=CARTESIAN_POINT('',(10.35,1.8,9.92));
#3106=CARTESIAN_POINT('Origin',(6.1,1.8,-4.96));
#3107=CARTESIAN_POINT('',(5.9,1.8,-4.96));
#3108=CARTESIAN_POINT('Origin',(-5.7,-0.600000000000004,9.72));
#3109=CARTESIAN_POINT('',(-5.7,-0.800000000000004,10.12));
#3110=CARTESIAN_POINT('',(-6.1,-0.800000000000004,9.72));
#3111=CARTESIAN_POINT('Origin',(-5.7,-0.800000000000004,9.72));
#3112=CARTESIAN_POINT('',(-5.9,-0.600000000000004,9.72));
#3113=CARTESIAN_POINT('Origin',(-6.1,-0.600000000000004,9.72));
#3114=CARTESIAN_POINT('',(-5.7,-0.600000000000004,9.92));
#3115=CARTESIAN_POINT('Origin',(-5.7,-0.600000000000004,9.72));
#3116=CARTESIAN_POINT('Origin',(-5.7,-0.600000000000004,10.12));
#3117=CARTESIAN_POINT('Origin',(-6.1,0.199999999999998,-5.8));
#3118=CARTESIAN_POINT('',(-6.1,0.199999999999998,-6.));
#3119=CARTESIAN_POINT('',(-6.1,0.399999999999998,-5.8));
#3120=CARTESIAN_POINT('Origin',(-6.1,0.199999999999998,-5.8));
#3121=CARTESIAN_POINT('',(-5.9,0.199999999999998,-6.2));
#3122=CARTESIAN_POINT('Origin',(-6.1,0.199999999999998,-6.2));
#3123=CARTESIAN_POINT('',(-5.9,0.599999999999998,-5.8));
#3124=CARTESIAN_POINT('Origin',(-5.9,0.199999999999998,-5.8));
#3125=CARTESIAN_POINT('Origin',(-6.1,0.599999999999998,-5.8));
#3126=CARTESIAN_POINT('Origin',(-6.1,1.2,-6.2));
#3127=CARTESIAN_POINT('',(-6.1,1.2,-6.));
#3128=CARTESIAN_POINT('',(-5.9,1.2,-6.2));
#3129=CARTESIAN_POINT('Origin',(-6.1,-0.600000000000004,6.2));
#3130=CARTESIAN_POINT('',(-5.9,-0.600000000000004,6.2));
#3131=CARTESIAN_POINT('',(-6.1,-0.600000000000004,6.));
#3132=CARTESIAN_POINT('Origin',(-6.1,-0.600000000000004,6.2));
#3133=CARTESIAN_POINT('',(-6.1,-0.800000000000004,6.2));
#3134=CARTESIAN_POINT('Origin',(-6.1,-0.600000000000004,6.2));
#3135=CARTESIAN_POINT('Origin',(-6.1,-0.600000000000004,6.2));
#3136=CARTESIAN_POINT('Origin',(-6.1,-0.600000000000004,9.19125));
#3137=CARTESIAN_POINT('',(-6.1,-0.800000000000004,9.19125));
#3138=CARTESIAN_POINT('',(-5.9,-0.600000000000004,9.19125));
#3139=CARTESIAN_POINT('Origin',(6.1,-0.600000000000002,-6.2));
#3140=CARTESIAN_POINT('',(6.1,-0.600000000000002,-6.));
#3141=CARTESIAN_POINT('',(6.1,-0.800000000000002,-6.2));
#3142=CARTESIAN_POINT('Origin',(6.1,-0.600000000000002,-6.2));
#3143=CARTESIAN_POINT('',(5.9,-0.600000000000002,-6.2));
#3144=CARTESIAN_POINT('Origin',(6.1,-0.600000000000002,-6.2));
#3145=CARTESIAN_POINT('Origin',(6.1,-0.600000000000002,-6.2));
#3146=CARTESIAN_POINT('Origin',(6.4,0.199999999999996,-6.2));
#3147=CARTESIAN_POINT('',(6.8,0.399999999999996,-6.2));
#3148=CARTESIAN_POINT('',(6.4,0.399999999999996,-5.8));
#3149=CARTESIAN_POINT('Origin',(6.4,0.399999999999996,-6.2));
#3150=CARTESIAN_POINT('',(6.4,0.199999999999996,-6.));
#3151=CARTESIAN_POINT('Origin',(6.4,0.199999999999996,-5.8));
#3152=CARTESIAN_POINT('',(6.6,0.199999999999996,-6.2));
#3153=CARTESIAN_POINT('Origin',(6.4,0.199999999999996,-6.2));
#3154=CARTESIAN_POINT('Origin',(6.8,0.199999999999996,-6.2));
#3155=CARTESIAN_POINT('Origin',(5.7,-0.600000000000004,9.72));
#3156=CARTESIAN_POINT('',(6.1,-0.800000000000004,9.72));
#3157=CARTESIAN_POINT('',(5.7,-0.800000000000004,10.12));
#3158=CARTESIAN_POINT('Origin',(5.7,-0.800000000000004,9.72));
#3159=CARTESIAN_POINT('',(5.7,-0.600000000000004,9.92));
#3160=CARTESIAN_POINT('Origin',(5.7,-0.600000000000004,10.12));
#3161=CARTESIAN_POINT('',(5.9,-0.600000000000004,9.72));
#3162=CARTESIAN_POINT('Origin',(5.7,-0.600000000000004,9.72));
#3163=CARTESIAN_POINT('Origin',(6.1,-0.600000000000004,9.72));
#3164=CARTESIAN_POINT('Origin',(2.95,-0.600000000000004,10.12));
#3165=CARTESIAN_POINT('',(2.95,-0.800000000000004,10.12));
#3166=CARTESIAN_POINT('',(2.95,-0.600000000000004,9.92));
#3167=CARTESIAN_POINT('Origin',(5.7,2.,9.72));
#3168=CARTESIAN_POINT('',(5.7,2.,9.92));
#3169=CARTESIAN_POINT('',(5.9,2.,9.72));
#3170=CARTESIAN_POINT('Origin',(-6.4,-0.600000000000004,6.2));
#3171=CARTESIAN_POINT('',(-6.6,-0.600000000000004,6.2));
#3172=CARTESIAN_POINT('',(-6.4,-0.800000000000004,6.2));
#3173=CARTESIAN_POINT('Origin',(-6.4,-0.600000000000004,6.2));
#3174=CARTESIAN_POINT('',(-6.4,-0.600000000000004,6.));
#3175=CARTESIAN_POINT('Origin',(-6.4,-0.600000000000004,6.2));
#3176=CARTESIAN_POINT('Origin',(-6.4,-0.600000000000004,6.2));
#3177=CARTESIAN_POINT('Origin',(-6.1,0.199999999999998,5.8));
#3178=CARTESIAN_POINT('',(-6.1,0.199999999999998,6.));
#3179=CARTESIAN_POINT('',(-5.9,0.199999999999998,6.2));
#3180=CARTESIAN_POINT('Origin',(-6.1,0.199999999999998,6.2));
#3181=CARTESIAN_POINT('',(-6.1,0.399999999999998,5.8));
#3182=CARTESIAN_POINT('Origin',(-6.1,0.199999999999998,5.8));
#3183=CARTESIAN_POINT('',(-5.9,0.599999999999998,5.8));
#3184=CARTESIAN_POINT('Origin',(-6.1,0.599999999999998,5.8));
#3185=CARTESIAN_POINT('Origin',(-5.9,0.199999999999998,5.8));
#3186=CARTESIAN_POINT('Origin',(6.1,0.199999999999996,-5.8));
#3187=CARTESIAN_POINT('',(6.1,0.199999999999996,-6.));
#3188=CARTESIAN_POINT('',(5.9,0.199999999999996,-6.2));
#3189=CARTESIAN_POINT('Origin',(6.1,0.199999999999996,-6.2));
#3190=CARTESIAN_POINT('',(6.1,0.399999999999996,-5.8));
#3191=CARTESIAN_POINT('Origin',(6.1,0.199999999999996,-5.8));
#3192=CARTESIAN_POINT('',(5.9,0.599999999999996,-5.8));
#3193=CARTESIAN_POINT('Origin',(6.1,0.599999999999996,-5.8));
#3194=CARTESIAN_POINT('Origin',(5.9,0.199999999999996,-5.8));
#3195=CARTESIAN_POINT('Origin',(3.3,0.199999999999997,-5.8));
#3196=CARTESIAN_POINT('',(3.3,0.399999999999997,-5.8));
#3197=CARTESIAN_POINT('',(3.3,0.199999999999997,-6.));
#3198=CARTESIAN_POINT('Origin',(6.1,-0.600000000000004,6.2));
#3199=CARTESIAN_POINT('',(6.1,-0.600000000000004,6.));
#3200=CARTESIAN_POINT('',(5.9,-0.600000000000004,6.2));
#3201=CARTESIAN_POINT('Origin',(6.1,-0.600000000000004,6.2));
#3202=CARTESIAN_POINT('',(6.1,-0.800000000000004,6.2));
#3203=CARTESIAN_POINT('Origin',(6.1,-0.600000000000004,6.2));
#3204=CARTESIAN_POINT('Origin',(6.1,-0.600000000000004,6.2));
#3205=CARTESIAN_POINT('Origin',(-6.39999999999997,-0.600000000000004,10.725));
#3206=CARTESIAN_POINT('',(-6.39999999999997,-0.600000000000004,10.925));
#3207=CARTESIAN_POINT('',(-6.39999999999997,-0.800000000000004,10.725));
#3208=CARTESIAN_POINT('Origin',(-6.39999999999997,-0.600000000000004,10.725));
#3209=CARTESIAN_POINT('',(-6.59999999999997,-0.600000000000004,10.725));
#3210=CARTESIAN_POINT('Origin',(-6.39999999999997,-0.600000000000004,10.725));
#3211=CARTESIAN_POINT('Origin',(-6.39999999999997,-0.600000000000004,10.725));
#3212=CARTESIAN_POINT('Origin',(-6.4,0.199999999999998,6.2));
#3213=CARTESIAN_POINT('',(-6.8,0.399999999999998,6.2));
#3214=CARTESIAN_POINT('',(-6.4,0.399999999999998,5.8));
#3215=CARTESIAN_POINT('Origin',(-6.4,0.399999999999998,6.2));
#3216=CARTESIAN_POINT('',(-6.4,0.199999999999998,6.));
#3217=CARTESIAN_POINT('Origin',(-6.4,0.199999999999998,5.8));
#3218=CARTESIAN_POINT('',(-6.6,0.199999999999998,6.2));
#3219=CARTESIAN_POINT('Origin',(-6.4,0.199999999999998,6.2));
#3220=CARTESIAN_POINT('Origin',(-6.8,0.199999999999998,6.2));
#3221=CARTESIAN_POINT('Origin',(-3.3,0.199999999999998,5.8));
#3222=CARTESIAN_POINT('',(-3.3,0.399999999999998,5.8));
#3223=CARTESIAN_POINT('',(-3.3,0.199999999999998,6.));
#3224=CARTESIAN_POINT('Origin',(-6.4,0.399999999999998,6.2));
#3225=CARTESIAN_POINT('',(-6.6,0.399999999999998,6.2));
#3226=CARTESIAN_POINT('',(-6.4,0.399999999999998,6.));
#3227=CARTESIAN_POINT('Origin',(6.4,-0.600000000000004,6.2));
#3228=CARTESIAN_POINT('',(6.4,-0.600000000000004,6.));
#3229=CARTESIAN_POINT('',(6.4,-0.800000000000004,6.2));
#3230=CARTESIAN_POINT('Origin',(6.4,-0.600000000000004,6.2));
#3231=CARTESIAN_POINT('',(6.6,-0.600000000000004,6.2));
#3232=CARTESIAN_POINT('Origin',(6.4,-0.600000000000004,6.2));
#3233=CARTESIAN_POINT('Origin',(6.4,-0.600000000000004,6.2));
#3234=CARTESIAN_POINT('Origin',(6.1,0.199999999999996,5.8));
#3235=CARTESIAN_POINT('',(5.9,0.199999999999996,6.2));
#3236=CARTESIAN_POINT('',(5.9,0.599999999999996,5.8));
#3237=CARTESIAN_POINT('Origin',(5.9,0.199999999999996,5.8));
#3238=CARTESIAN_POINT('',(6.1,0.399999999999996,5.8));
#3239=CARTESIAN_POINT('Origin',(6.1,0.599999999999996,5.8));
#3240=CARTESIAN_POINT('',(6.1,0.199999999999996,6.));
#3241=CARTESIAN_POINT('Origin',(6.1,0.199999999999996,5.8));
#3242=CARTESIAN_POINT('Origin',(6.1,0.199999999999996,6.2));
#3243=CARTESIAN_POINT('Origin',(6.1,0.599999999999996,-4.96));
#3244=CARTESIAN_POINT('',(6.1,0.399999999999996,-4.96));
#3245=CARTESIAN_POINT('',(5.9,0.599999999999996,-4.96));
#3246=CARTESIAN_POINT('Origin',(6.4,-0.600000000000004,10.725));
#3247=CARTESIAN_POINT('',(6.6,-0.600000000000004,10.725));
#3248=CARTESIAN_POINT('',(6.4,-0.800000000000004,10.725));
#3249=CARTESIAN_POINT('Origin',(6.4,-0.600000000000004,10.725));
#3250=CARTESIAN_POINT('',(6.4,-0.600000000000004,10.925));
#3251=CARTESIAN_POINT('Origin',(6.4,-0.600000000000004,10.725));
#3252=CARTESIAN_POINT('Origin',(6.4,-0.600000000000004,10.725));
#3253=CARTESIAN_POINT('Origin',(-6.39999999999997,0.199999999999998,10.725));
#3254=CARTESIAN_POINT('',(-6.39999999999997,0.399999999999998,11.125));
#3255=CARTESIAN_POINT('',(-6.79999999999997,0.399999999999998,10.725));
#3256=CARTESIAN_POINT('Origin',(-6.39999999999997,0.399999999999998,10.725));
#3257=CARTESIAN_POINT('',(-6.59999999999997,0.199999999999998,10.725));
#3258=CARTESIAN_POINT('Origin',(-6.79999999999997,0.199999999999998,10.725));
#3259=CARTESIAN_POINT('',(-6.39999999999997,0.199999999999998,10.925));
#3260=CARTESIAN_POINT('Origin',(-6.39999999999997,0.199999999999998,10.725));
#3261=CARTESIAN_POINT('Origin',(-6.39999999999997,0.199999999999998,11.125));
#3262=CARTESIAN_POINT('Origin',(-6.8,0.199999999999998,5.46250000000002));
#3263=CARTESIAN_POINT('',(-6.8,0.399999999999998,5.46250000000002));
#3264=CARTESIAN_POINT('',(-6.6,0.199999999999998,5.46250000000002));
#3265=CARTESIAN_POINT('Origin',(-6.39999999999997,0.399999999999997,10.725));
#3266=CARTESIAN_POINT('',(-6.39999999999997,0.399999999999997,10.925));
#3267=CARTESIAN_POINT('',(-6.59999999999997,0.399999999999997,10.725));
#3268=CARTESIAN_POINT('Origin',(6.4,0.199999999999996,6.2));
#3269=CARTESIAN_POINT('',(6.4,0.399999999999996,5.8));
#3270=CARTESIAN_POINT('',(6.8,0.399999999999996,6.2));
#3271=CARTESIAN_POINT('Origin',(6.4,0.399999999999996,6.2));
#3272=CARTESIAN_POINT('',(6.6,0.199999999999996,6.2));
#3273=CARTESIAN_POINT('Origin',(6.8,0.199999999999996,6.2));
#3274=CARTESIAN_POINT('',(6.4,0.199999999999996,6.));
#3275=CARTESIAN_POINT('Origin',(6.4,0.199999999999996,6.2));
#3276=CARTESIAN_POINT('Origin',(6.4,0.199999999999996,5.8));
#3277=CARTESIAN_POINT('Origin',(6.4,0.199999999999996,10.725));
#3278=CARTESIAN_POINT('',(6.6,0.199999999999996,10.725));
#3279=CARTESIAN_POINT('',(6.4,0.199999999999996,10.925));
#3280=CARTESIAN_POINT('Origin',(6.4,0.199999999999996,10.725));
#3281=CARTESIAN_POINT('',(6.8,0.399999999999996,10.725));
#3282=CARTESIAN_POINT('Origin',(6.8,0.199999999999996,10.725));
#3283=CARTESIAN_POINT('',(6.4,0.399999999999996,11.125));
#3284=CARTESIAN_POINT('Origin',(6.4,0.399999999999996,10.725));
#3285=CARTESIAN_POINT('Origin',(6.4,0.199999999999996,11.125));
#3286=CARTESIAN_POINT('Origin',(6.8,0.199999999999996,3.));
#3287=CARTESIAN_POINT('',(6.8,0.399999999999996,3.));
#3288=CARTESIAN_POINT('',(6.6,0.199999999999996,3.));
#3289=CARTESIAN_POINT('Origin',(3.3,0.199999999999997,11.125));
#3290=CARTESIAN_POINT('',(3.3,0.399999999999997,11.125));
#3291=CARTESIAN_POINT('',(3.3,0.199999999999997,10.925));
#3292=CARTESIAN_POINT('Origin',(6.4,0.399999999999996,10.725));
#3293=CARTESIAN_POINT('',(6.6,0.399999999999996,10.725));
#3294=CARTESIAN_POINT('',(6.4,0.399999999999996,10.925));
#3295=CARTESIAN_POINT('Origin',(6.4,0.399999999999997,6.2));
#3296=CARTESIAN_POINT('',(6.4,0.399999999999997,6.));
#3297=CARTESIAN_POINT('',(6.6,0.399999999999997,6.2));
#3298=CARTESIAN_POINT('Origin',(-3.3,0.199999999999998,5.8));
#3299=CARTESIAN_POINT('',(-3.3,0.399999999999998,5.8));
#3300=CARTESIAN_POINT('',(-3.3,0.199999999999998,6.));
#3301=CARTESIAN_POINT('Origin',(3.3,-0.600000000000004,10.725));
#3302=CARTESIAN_POINT('',(3.3,-0.800000000000004,10.725));
#3303=CARTESIAN_POINT('',(3.3,-0.600000000000004,10.925));
#3304=CARTESIAN_POINT('Origin',(6.4,-0.600000000000004,7.23125));
#3305=CARTESIAN_POINT('',(6.4,-0.800000000000004,7.23125));
#3306=CARTESIAN_POINT('',(6.6,-0.600000000000004,7.23125));
#3307=CARTESIAN_POINT('Origin',(6.1,1.2,6.2));
#3308=CARTESIAN_POINT('',(6.1,1.2,6.));
#3309=CARTESIAN_POINT('',(5.9,1.2,6.2));
#3310=CARTESIAN_POINT('Origin',(-3.3,-0.600000000000004,6.2));
#3311=CARTESIAN_POINT('',(-3.3,-0.800000000000004,6.2));
#3312=CARTESIAN_POINT('',(-3.3,-0.600000000000004,6.));
#3313=CARTESIAN_POINT('Origin',(-6.39999999999998,-0.600000000000004,9.69375000000002));
#3314=CARTESIAN_POINT('',(-6.39999999999998,-0.800000000000004,9.69375000000002));
#3315=CARTESIAN_POINT('',(-6.59999999999998,-0.600000000000004,9.69375000000002));
#3316=CARTESIAN_POINT('Origin',(6.1,-0.600000000000004,-0.728750000000001));
#3317=CARTESIAN_POINT('',(6.1,-0.800000000000004,-0.728750000000001));
#3318=CARTESIAN_POINT('',(5.9,-0.600000000000004,-0.728750000000001));
#3319=CARTESIAN_POINT('Origin',(6.1,1.2,-6.2));
#3320=CARTESIAN_POINT('',(6.1,1.2,-6.));
#3321=CARTESIAN_POINT('',(5.9,1.2,-6.2));
#3322=CARTESIAN_POINT('Origin',(-6.1,0.599999999999998,4.96));
#3323=CARTESIAN_POINT('',(-6.1,0.399999999999998,4.96));
#3324=CARTESIAN_POINT('',(-5.9,0.599999999999998,4.96));
#3325=CARTESIAN_POINT('Origin',(-6.1,1.2,6.2));
#3326=CARTESIAN_POINT('',(-6.1,1.2,6.));
#3327=CARTESIAN_POINT('',(-5.9,1.2,6.2));
#3328=CARTESIAN_POINT('Origin',(-3.3,-0.600000000000004,6.2));
#3329=CARTESIAN_POINT('',(-3.3,-0.800000000000004,6.2));
#3330=CARTESIAN_POINT('',(-3.3,-0.600000000000004,6.));
#3331=CARTESIAN_POINT('Origin',(6.4,0.399999999999996,-6.2));
#3332=CARTESIAN_POINT('',(6.6,0.399999999999996,-6.2));
#3333=CARTESIAN_POINT('',(6.4,0.399999999999996,-6.));
#3334=CARTESIAN_POINT('Origin',(6.8,0.199999999999996,-5.4625));
#3335=CARTESIAN_POINT('',(6.8,0.399999999999996,-5.4625));
#3336=CARTESIAN_POINT('',(6.6,0.199999999999996,-5.4625));
#3337=CARTESIAN_POINT('Origin',(6.1,-0.600000000000002,-9.19125));
#3338=CARTESIAN_POINT('',(6.1,-0.800000000000002,-9.19125));
#3339=CARTESIAN_POINT('',(5.9,-0.600000000000002,-9.19125));
#3340=CARTESIAN_POINT('Origin',(3.3,-0.600000000000002,-6.2));
#3341=CARTESIAN_POINT('',(3.3,-0.800000000000002,-6.2));
#3342=CARTESIAN_POINT('',(3.3,-0.600000000000002,-6.));
#3343=CARTESIAN_POINT('Origin',(3.3,0.199999999999997,-5.8));
#3344=CARTESIAN_POINT('',(3.3,0.399999999999997,-5.8));
#3345=CARTESIAN_POINT('',(3.3,0.199999999999997,-6.));
#3346=CARTESIAN_POINT('Origin',(-5.7,2.,9.72));
#3347=CARTESIAN_POINT('',(-5.9,2.,9.72));
#3348=CARTESIAN_POINT('',(-5.7,2.,9.92));
#3349=CARTESIAN_POINT('Origin',(6.4,0.399999999999997,-10.725));
#3350=CARTESIAN_POINT('',(6.4,0.399999999999997,-10.925));
#3351=CARTESIAN_POINT('',(6.6,0.399999999999997,-10.725));
#3352=CARTESIAN_POINT('Origin',(-3.3,0.199999999999998,-11.125));
#3353=CARTESIAN_POINT('',(-3.3,0.399999999999998,-11.125));
#3354=CARTESIAN_POINT('',(-3.3,0.199999999999998,-10.925));
#3355=CARTESIAN_POINT('Origin',(6.4,-0.600000000000002,-9.69375));
#3356=CARTESIAN_POINT('',(6.4,-0.800000000000002,-9.69375));
#3357=CARTESIAN_POINT('',(6.6,-0.600000000000002,-9.69375));
#3358=CARTESIAN_POINT('Origin',(5.7,2.,-9.72));
#3359=CARTESIAN_POINT('',(5.9,2.,-9.72));
#3360=CARTESIAN_POINT('',(5.7,2.,-9.92));
#3361=CARTESIAN_POINT('Origin',(-2.95,-0.600000000000002,-10.12));
#3362=CARTESIAN_POINT('',(-2.95,-0.800000000000002,-10.12));
#3363=CARTESIAN_POINT('',(-2.95,-0.600000000000002,-9.92));
#3364=CARTESIAN_POINT('Origin',(4.45,1.8,-10.12));
#3365=CARTESIAN_POINT('',(4.45,1.8,-9.92));
#3366=CARTESIAN_POINT('Origin',(-3.3,-0.600000000000002,-10.725));
#3367=CARTESIAN_POINT('',(-3.3,-0.800000000000002,-10.725));
#3368=CARTESIAN_POINT('',(-3.3,-0.600000000000002,-10.925));
#3369=CARTESIAN_POINT('Origin',(-6.4,0.399999999999998,-10.725));
#3370=CARTESIAN_POINT('',(-6.6,0.399999999999998,-10.725));
#3371=CARTESIAN_POINT('',(-6.4,0.399999999999998,-10.925));
#3372=CARTESIAN_POINT('Origin',(-5.7,2.,-9.72));
#3373=CARTESIAN_POINT('',(-5.7,2.,-9.92));
#3374=CARTESIAN_POINT('',(-5.9,2.,-9.72));
#3375=CARTESIAN_POINT('Origin',(-6.4,-0.600000000000002,-7.23125));
#3376=CARTESIAN_POINT('',(-6.4,-0.800000000000002,-7.23125));
#3377=CARTESIAN_POINT('',(-6.6,-0.600000000000002,-7.23125));
#3378=CARTESIAN_POINT('Origin',(6.6,0.399999999999996,-6.));
#3379=CARTESIAN_POINT('Origin',(-6.6,0.399999999999998,-6.));
#3380=CARTESIAN_POINT('Origin',(-2.22044604925031E-15,-0.800000000000002,
-8.4625));
#3381=CARTESIAN_POINT('Origin',(5.9,2.,9.92));
#3382=CARTESIAN_POINT('Origin',(-5.9,2.,9.92));
#3383=CARTESIAN_POINT('Origin',(6.6,0.399999999999996,-6.));
#3384=CARTESIAN_POINT('Origin',(-6.6,0.399999999999998,6.));
#3385=CARTESIAN_POINT('Origin',(-6.59999999999997,0.399999999999998,10.925));
#3386=CARTESIAN_POINT('Origin',(5.9,2.,-9.92));
#3387=CARTESIAN_POINT('Origin',(6.6,0.399999999999996,10.925));
#3388=CARTESIAN_POINT('Origin',(-2.28362672333014E-16,0.399999999999997,
0.));
#3389=CARTESIAN_POINT('',(-2.13677643384635E-15,0.399999999999997,15.5833809621031));
#3390=CARTESIAN_POINT('Origin',(-2.28362672333014E-16,0.399999999999997,
0.));
#3391=CARTESIAN_POINT('',(11.3,0.399999999999996,-3.7));
#3392=CARTESIAN_POINT('Origin',(11.3,0.399999999999996,-6.73555739531044E-16));
#3393=CARTESIAN_POINT('',(-11.3,0.399999999999999,-3.7));
#3394=CARTESIAN_POINT('Origin',(-11.3,0.399999999999999,-6.91925441518255E-16));
#3395=CARTESIAN_POINT('Origin',(6.6,0.399999999999996,6.));
#3396=CARTESIAN_POINT('Origin',(-6.6,0.399999999999998,6.));
#3397=CARTESIAN_POINT('Origin',(-1.11022302462516E-15,-0.800000000000004,
8.4625));
#3398=CARTESIAN_POINT('Origin',(6.6,0.399999999999996,-10.925));
#3399=CARTESIAN_POINT('Origin',(-6.6,0.399999999999998,-10.925));
#3400=CARTESIAN_POINT('Origin',(-5.9,2.,-9.92));
#3401=CARTESIAN_POINT('Origin',(11.3,0.199999999999997,-6.73555739531044E-16));
#3402=CARTESIAN_POINT('Origin',(11.3,0.199999999999997,-3.7));
#3403=CARTESIAN_POINT('Origin',(-11.3,0.199999999999997,-6.91925441518255E-16));
#3404=CARTESIAN_POINT('Origin',(-11.3,0.199999999999997,-3.7));
#3405=CARTESIAN_POINT('Origin',(-2.140900053122E-16,0.499999999999997,0.));
#3406=CARTESIAN_POINT('',(-2.12566179989235E-15,0.551449575542749,15.6691302546744));
#3407=CARTESIAN_POINT('Origin',(-2.12250376682554E-15,0.499999999999997,
15.5833809621031));
#3408=CARTESIAN_POINT('',(-15.6691302546744,0.551449575542746,-1.91891502118099E-15));
#3409=CARTESIAN_POINT('Origin',(0.,0.551449575542749,-1.91891502118099E-15));
#3410=CARTESIAN_POINT('Origin',(0.,0.551449575542749,-1.91891502118099E-15));
#3411=CARTESIAN_POINT('Origin',(-1.14181336166506E-16,1.2,0.));
#3412=CARTESIAN_POINT('',(-15.28,1.20000000000001,-1.87126030909716E-15));
#3413=UNCERTAINTY_MEASURE_WITH_UNIT(LENGTH_MEASURE(0.01),#3417,
'DISTANCE_ACCURACY_VALUE',
'Maximum model space distance between geometric entities at asserted c
onnectivities');
#3414=UNCERTAINTY_MEASURE_WITH_UNIT(LENGTH_MEASURE(0.01),#3417,
'DISTANCE_ACCURACY_VALUE',
'Maximum model space distance between geometric entities at asserted c
onnectivities');
#3415=(
GEOMETRIC_REPRESENTATION_CONTEXT(3)
GLOBAL_UNCERTAINTY_ASSIGNED_CONTEXT((#3413))
GLOBAL_UNIT_ASSIGNED_CONTEXT((#3417,#3419,#3420))
REPRESENTATION_CONTEXT('','3D')
);
#3416=(
GEOMETRIC_REPRESENTATION_CONTEXT(3)
GLOBAL_UNCERTAINTY_ASSIGNED_CONTEXT((#3414))
GLOBAL_UNIT_ASSIGNED_CONTEXT((#3417,#3419,#3420))
REPRESENTATION_CONTEXT('','3D')
);
#3417=(
LENGTH_UNIT()
NAMED_UNIT(*)
SI_UNIT(.MILLI.,.METRE.)
);
#3418=(
LENGTH_UNIT()
NAMED_UNIT(*)
SI_UNIT($,.METRE.)
);
#3419=(
NAMED_UNIT(*)
PLANE_ANGLE_UNIT()
SI_UNIT($,.RADIAN.)
);
#3420=(
NAMED_UNIT(*)
SI_UNIT($,.STERADIAN.)
SOLID_ANGLE_UNIT()
);
#3421=SHAPE_DEFINITION_REPRESENTATION(#3422,#3423);
#3422=PRODUCT_DEFINITION_SHAPE('',$,#3425);
#3423=SHAPE_REPRESENTATION('',(#1883),#3415);
#3424=PRODUCT_DEFINITION_CONTEXT('part definition',#3429,'design');
#3425=PRODUCT_DEFINITION('2026-06-07-22-42-04-312','ConnectorPartBcap',
#3426,#3424);
#3426=PRODUCT_DEFINITION_FORMATION('',$,#3431);
#3427=PRODUCT_RELATED_PRODUCT_CATEGORY('ConnectorPartBcap',
'ConnectorPartBcap',(#3431));
#3428=APPLICATION_PROTOCOL_DEFINITION('international standard',
'automotive_design',2009,#3429);
#3429=APPLICATION_CONTEXT(
'Core Data for Automotive Mechanical Design Process');
#3430=PRODUCT_CONTEXT('part definition',#3429,'mechanical');
#3431=PRODUCT('2026-06-07-22-42-04-312','ConnectorPartBcap',$,(#3430));
#3432=PRESENTATION_STYLE_ASSIGNMENT((#3433));
#3433=SURFACE_STYLE_USAGE(.BOTH.,#3434);
#3434=SURFACE_SIDE_STYLE('',(#3435));
#3435=SURFACE_STYLE_FILL_AREA(#3436);
#3436=FILL_AREA_STYLE('Default',(#3437));
#3437=FILL_AREA_STYLE_COLOUR('Default',#3438);
#3438=COLOUR_RGB('Default',0.749019607843137,0.749019607843137,0.749019607843137);
ENDSEC;
END-ISO-10303-21;
