ISO-10303-21;
HEADER;
/* Generated by software containing ST-Developer
 * from STEP Tools, Inc. (www.steptools.com) 
 */

FILE_DESCRIPTION(
/* description */ (''),
/* implementation_level */ '2;1');

FILE_NAME(
/* name */ 'ConnectorPartB.step',
/* time_stamp */ '2026-06-07T20:28:45-05:00',
/* author */ (''),
/* organization */ (''),
/* preprocessor_version */ 'ST-DEVELOPER v20.1',
/* originating_system */ 'Autodesk Translation Framework v14.21.0.0',
/* authorisation */ '');

FILE_SCHEMA (('AUTOMOTIVE_DESIGN { 1 0 10303 214 3 1 1 }'));
ENDSEC;

DATA;
#10=MECHANICAL_DESIGN_GEOMETRIC_PRESENTATION_REPRESENTATION('',(#13),#14073);
#11=SHAPE_REPRESENTATION_RELATIONSHIP('SRR','None',#14080,#12);
#12=ADVANCED_BREP_SHAPE_REPRESENTATION('',(#14),#14072);
#13=STYLED_ITEM('',(#14089),#14);
#14=MANIFOLD_SOLID_BREP('Body1',#5441);
#15=SPHERICAL_SURFACE('',#5872,0.5);
#16=SPHERICAL_SURFACE('',#5896,0.499999999999998);
#17=SPHERICAL_SURFACE('',#5939,0.300000000000001);
#18=SPHERICAL_SURFACE('',#5960,0.3);
#19=SPHERICAL_SURFACE('',#6011,0.2);
#20=SPHERICAL_SURFACE('',#6015,0.2);
#21=SPHERICAL_SURFACE('',#6024,0.2);
#22=SPHERICAL_SURFACE('',#6027,0.2);
#23=(
BOUNDED_SURFACE()
B_SPLINE_SURFACE(2,2,((#13333,#13334,#13335),(#13336,#13337,#13338),(#13339,
#13340,#13341)),.UNSPECIFIED.,.F.,.F.,.F.)
B_SPLINE_SURFACE_WITH_KNOTS((3,3),(3,3),(-1.5707963267949,7.70988211545248E-16),
(-1.5707963267949,-0.785398163397445),.UNSPECIFIED.)
GEOMETRIC_REPRESENTATION_ITEM()
RATIONAL_B_SPLINE_SURFACE(((1.,0.923879532511286,1.),(0.707106781186548,
0.653281482438188,0.707106781186548),(1.,0.923879532511286,1.)))
REPRESENTATION_ITEM('')
SURFACE()
);
#24=(
BOUNDED_SURFACE()
B_SPLINE_SURFACE(2,2,((#13345,#13346,#13347),(#13348,#13349,#13350),(#13351,
#13352,#13353)),.UNSPECIFIED.,.F.,.F.,.F.)
B_SPLINE_SURFACE_WITH_KNOTS((3,3),(3,3),(3.81619694818972E-16,1.5707963267949),
(-1.5707963267949,-0.785398163397445),.UNSPECIFIED.)
GEOMETRIC_REPRESENTATION_ITEM()
RATIONAL_B_SPLINE_SURFACE(((1.,0.923879532511285,1.),(0.707106781186549,
0.653281482438188,0.707106781186549),(1.,0.923879532511285,1.)))
REPRESENTATION_ITEM('')
SURFACE()
);
#25=(
BOUNDED_SURFACE()
B_SPLINE_SURFACE(2,2,((#13378,#13379,#13380),(#13381,#13382,#13383),(#13384,
#13385,#13386)),.UNSPECIFIED.,.F.,.F.,.F.)
B_SPLINE_SURFACE_WITH_KNOTS((3,3),(3,3),(-3.86783383718352E-16,1.5707963267949),
(-3.14159265358979,-1.5707963267949),.UNSPECIFIED.)
GEOMETRIC_REPRESENTATION_ITEM()
RATIONAL_B_SPLINE_SURFACE(((1.,0.70710678118655,1.),(0.70710678118654,0.499999999999997,
0.70710678118654),(1.,0.70710678118655,1.)))
REPRESENTATION_ITEM('')
SURFACE()
);
#26=(
BOUNDED_SURFACE()
B_SPLINE_SURFACE(2,2,((#13395,#13396,#13397),(#13398,#13399,#13400),(#13401,
#13402,#13403)),.UNSPECIFIED.,.F.,.F.,.F.)
B_SPLINE_SURFACE_WITH_KNOTS((3,3),(3,3),(-1.5707963267949,1.73084234318039E-30),
(-4.76515150153171E-15,1.5707963267949),.UNSPECIFIED.)
GEOMETRIC_REPRESENTATION_ITEM()
RATIONAL_B_SPLINE_SURFACE(((1.,0.707106781186544,1.),(0.70710678118654,
0.499999999999992,0.70710678118654),(1.,0.707106781186544,1.)))
REPRESENTATION_ITEM('')
SURFACE()
);
#27=(
BOUNDED_CURVE()
B_SPLINE_CURVE(1,(#9183,#9184),.UNSPECIFIED.,.F.,.F.)
B_SPLINE_CURVE_WITH_KNOTS((2,2),(0.939214054483429,0.948682759153837),
 .UNSPECIFIED.)
CURVE()
GEOMETRIC_REPRESENTATION_ITEM()
RATIONAL_B_SPLINE_CURVE((1.,1.))
REPRESENTATION_ITEM('')
);
#28=CONICAL_SURFACE('',#5525,1.,0.785398163397446);
#29=CONICAL_SURFACE('',#5544,1.,0.785398163397442);
#30=PLANE('',#5496);
#31=PLANE('',#5502);
#32=PLANE('',#5505);
#33=PLANE('',#5508);
#34=PLANE('',#5511);
#35=PLANE('',#5554);
#36=PLANE('',#5573);
#37=PLANE('',#5583);
#38=PLANE('',#5591);
#39=PLANE('',#5593);
#40=PLANE('',#5605);
#41=PLANE('',#5632);
#42=PLANE('',#5665);
#43=PLANE('',#5781);
#44=PLANE('',#5783);
#45=PLANE('',#5792);
#46=PLANE('',#5836);
#47=PLANE('',#5848);
#48=PLANE('',#5859);
#49=PLANE('',#5918);
#50=PLANE('',#5920);
#51=PLANE('',#5921);
#52=PLANE('',#5923);
#53=PLANE('',#5943);
#54=PLANE('',#5944);
#55=PLANE('',#5947);
#56=PLANE('',#5963);
#57=PLANE('',#5964);
#58=PLANE('',#5970);
#59=PLANE('',#5985);
#60=PLANE('',#5994);
#61=PLANE('',#5998);
#62=PLANE('',#6055);
#63=PLANE('',#6056);
#64=PLANE('',#6057);
#65=PLANE('',#6060);
#66=TOROIDAL_SURFACE('',#5478,15.4,0.6);
#67=TOROIDAL_SURFACE('',#5517,1.70710678118654,0.5);
#68=TOROIDAL_SURFACE('',#5522,1.70710678118655,0.5);
#69=TOROIDAL_SURFACE('',#5529,1.,0.5);
#70=TOROIDAL_SURFACE('',#5533,1.,0.5);
#71=TOROIDAL_SURFACE('',#5602,15.5,0.5);
#72=TOROIDAL_SURFACE('',#5612,1.4,0.2);
#73=TOROIDAL_SURFACE('',#5617,21.1,0.2);
#74=TOROIDAL_SURFACE('',#5621,1.4,0.2);
#75=TOROIDAL_SURFACE('',#5625,18.3,0.2);
#76=TOROIDAL_SURFACE('',#5650,1.4,0.2);
#77=TOROIDAL_SURFACE('',#5655,21.1,0.2);
#78=TOROIDAL_SURFACE('',#5658,1.4,0.2);
#79=TOROIDAL_SURFACE('',#5661,18.3,0.2);
#80=TOROIDAL_SURFACE('',#5684,1.4,0.2);
#81=TOROIDAL_SURFACE('',#5688,21.1,0.2);
#82=TOROIDAL_SURFACE('',#5691,1.4,0.2);
#83=TOROIDAL_SURFACE('',#5694,18.3,0.2);
#84=TOROIDAL_SURFACE('',#5700,1.4,0.2);
#85=TOROIDAL_SURFACE('',#5703,18.3,0.2);
#86=TOROIDAL_SURFACE('',#5706,1.4,0.2);
#87=TOROIDAL_SURFACE('',#5709,21.1,0.2);
#88=TOROIDAL_SURFACE('',#5711,1.4,0.2);
#89=TOROIDAL_SURFACE('',#5715,18.3,0.2);
#90=TOROIDAL_SURFACE('',#5718,1.4,0.2);
#91=TOROIDAL_SURFACE('',#5721,21.1,0.2);
#92=TOROIDAL_SURFACE('',#5727,21.1,0.2);
#93=TOROIDAL_SURFACE('',#5731,1.4,0.2);
#94=TOROIDAL_SURFACE('',#5734,18.3,0.2);
#95=TOROIDAL_SURFACE('',#5736,1.4,0.2);
#96=TOROIDAL_SURFACE('',#5739,1.4,0.2);
#97=TOROIDAL_SURFACE('',#5743,21.1,0.2);
#98=TOROIDAL_SURFACE('',#5746,1.4,0.2);
#99=TOROIDAL_SURFACE('',#5749,18.3,0.2);
#100=TOROIDAL_SURFACE('',#5755,1.4,0.2);
#101=TOROIDAL_SURFACE('',#5759,21.1,0.2);
#102=TOROIDAL_SURFACE('',#5761,1.4,0.2);
#103=TOROIDAL_SURFACE('',#5763,18.3,0.2);
#104=TOROIDAL_SURFACE('',#5790,16.6,0.6);
#105=TOROIDAL_SURFACE('',#5793,1.9,0.5);
#106=TOROIDAL_SURFACE('',#5800,1.9,0.5);
#107=TOROIDAL_SURFACE('',#5802,1.9,0.5);
#108=TOROIDAL_SURFACE('',#5809,1.9,0.5);
#109=TOROIDAL_SURFACE('',#5811,1.9,0.5);
#110=TOROIDAL_SURFACE('',#5818,1.9,0.5);
#111=TOROIDAL_SURFACE('',#5820,1.9,0.5);
#112=TOROIDAL_SURFACE('',#5827,1.9,0.5);
#113=TOROIDAL_SURFACE('',#5829,22.82,0.5);
#114=TOROIDAL_SURFACE('',#5838,0.8,0.5);
#115=TOROIDAL_SURFACE('',#5844,0.8,0.5);
#116=TOROIDAL_SURFACE('',#5879,0.8,0.5);
#117=TOROIDAL_SURFACE('',#5884,1.,0.5);
#118=TOROIDAL_SURFACE('',#5890,1.,0.5);
#119=TOROIDAL_SURFACE('',#5902,0.8,0.5);
#120=TOROIDAL_SURFACE('',#5911,0.8,0.5);
#121=TOROIDAL_SURFACE('',#5914,0.8,0.5);
#122=TOROIDAL_SURFACE('',#5965,3.3,0.3);
#123=TOROIDAL_SURFACE('',#5975,1.7,0.3);
#124=TOROIDAL_SURFACE('',#5982,1.1,0.3);
#125=TOROIDAL_SURFACE('',#5986,1.1,0.3);
#126=TOROIDAL_SURFACE('',#5995,1.7,0.3);
#127=TOROIDAL_SURFACE('',#6000,3.3,0.3);
#128=TOROIDAL_SURFACE('',#6007,3.8,0.2);
#129=TOROIDAL_SURFACE('',#6009,3.8,0.2);
#130=TOROIDAL_SURFACE('',#6019,0.4,0.2);
#131=TOROIDAL_SURFACE('',#6031,0.4,0.2);
#132=TOROIDAL_SURFACE('',#6037,0.399999999999998,0.2);
#133=TOROIDAL_SURFACE('',#6042,0.4,0.2);
#134=TOROIDAL_SURFACE('',#6058,22.32,1.);
#135=B_SPLINE_SURFACE_WITH_KNOTS('',3,3,((#7771,#7772,#7773,#7774,#7775,
#7776,#7777,#7778,#7779,#7780),(#7781,#7782,#7783,#7784,#7785,#7786,#7787,
#7788,#7789,#7790),(#7791,#7792,#7793,#7794,#7795,#7796,#7797,#7798,#7799,
#7800),(#7801,#7802,#7803,#7804,#7805,#7806,#7807,#7808,#7809,#7810),(#7811,
#7812,#7813,#7814,#7815,#7816,#7817,#7818,#7819,#7820)),.UNSPECIFIED.,.F.,
 .F.,.F.,(4,1,4),(4,2,1,1,1,1,4),(0.,0.571428571428571,1.),(-0.000732265199235262,
0.,0.040806117203921,0.0816122344078421,0.122418351611763,0.163224468815684,
0.204030586019605),.UNSPECIFIED.);
#136=B_SPLINE_SURFACE_WITH_KNOTS('',3,3,((#7845,#7846,#7847,#7848),(#7849,
#7850,#7851,#7852),(#7853,#7854,#7855,#7856),(#7857,#7858,#7859,#7860),
(#7861,#7862,#7863,#7864),(#7865,#7866,#7867,#7868)),.UNSPECIFIED.,.F.,
 .F.,.F.,(4,1,1,4),(4,4),(0.,0.285714285714286,0.571428571428571,1.),(1.56918556055443E-11,
0.0303523450792652),.UNSPECIFIED.);
#137=B_SPLINE_SURFACE_WITH_KNOTS('',3,3,((#7886,#7887,#7888,#7889,#7890),
(#7891,#7892,#7893,#7894,#7895),(#7896,#7897,#7898,#7899,#7900),(#7901,
#7902,#7903,#7904,#7905),(#7906,#7907,#7908,#7909,#7910),(#7911,#7912,#7913,
#7914,#7915)),.UNSPECIFIED.,.F.,.F.,.F.,(4,1,1,4),(4,1,4),(0.,0.285714285714286,
0.571428571428571,1.),(0.,0.08279330549258,0.16558661098516),
 .UNSPECIFIED.);
#138=B_SPLINE_SURFACE_WITH_KNOTS('',3,3,((#7929,#7930,#7931,#7932),(#7933,
#7934,#7935,#7936),(#7937,#7938,#7939,#7940),(#7941,#7942,#7943,#7944),
(#7945,#7946,#7947,#7948)),.UNSPECIFIED.,.F.,.F.,.F.,(4,1,4),(4,4),(0.,
0.5,1.),(3.92508058241337E-16,0.265963124627525),.UNSPECIFIED.);
#139=B_SPLINE_SURFACE_WITH_KNOTS('',3,3,((#7960,#7961,#7962,#7963,#7964),
(#7965,#7966,#7967,#7968,#7969),(#7970,#7971,#7972,#7973,#7974),(#7975,
#7976,#7977,#7978,#7979),(#7980,#7981,#7982,#7983,#7984),(#7985,#7986,#7987,
#7988,#7989)),.UNSPECIFIED.,.F.,.F.,.F.,(4,1,1,4),(4,1,4),(0.,0.285714285714286,
0.571428571428571,1.),(0.,0.0108988776467784,0.0217977552935568),
 .UNSPECIFIED.);
#140=B_SPLINE_SURFACE_WITH_KNOTS('',3,3,((#8003,#8004,#8005,#8006,#8007),
(#8008,#8009,#8010,#8011,#8012),(#8013,#8014,#8015,#8016,#8017),(#8018,
#8019,#8020,#8021,#8022),(#8023,#8024,#8025,#8026,#8027),(#8028,#8029,#8030,
#8031,#8032)),.UNSPECIFIED.,.F.,.F.,.F.,(4,1,1,4),(4,1,4),(0.,0.285714285714286,
0.571428571428571,1.),(0.,0.00898279574872638,0.0209598567470282),
 .UNSPECIFIED.);
#141=B_SPLINE_SURFACE_WITH_KNOTS('',3,3,((#8046,#8047,#8048,#8049),(#8050,
#8051,#8052,#8053),(#8054,#8055,#8056,#8057),(#8058,#8059,#8060,#8061),
(#8062,#8063,#8064,#8065),(#8066,#8067,#8068,#8069)),.UNSPECIFIED.,.F.,
 .F.,.F.,(4,1,1,4),(4,4),(0.,0.285714285714286,0.571428571428571,1.),(0.,
0.254194155084168),.UNSPECIFIED.);
#142=B_SPLINE_SURFACE_WITH_KNOTS('',3,3,((#8081,#8082,#8083,#8084,#8085),
(#8086,#8087,#8088,#8089,#8090),(#8091,#8092,#8093,#8094,#8095),(#8096,
#8097,#8098,#8099,#8100),(#8101,#8102,#8103,#8104,#8105),(#8106,#8107,#8108,
#8109,#8110)),.UNSPECIFIED.,.F.,.F.,.F.,(4,1,1,4),(4,1,4),(0.,0.285714285714286,
0.571428571428571,1.),(5.01764067127342E-16,0.0784705845998125,0.156941169199625),
 .UNSPECIFIED.);
#143=B_SPLINE_SURFACE_WITH_KNOTS('',3,3,((#8127,#8128,#8129,#8130),(#8131,
#8132,#8133,#8134),(#8135,#8136,#8137,#8138),(#8139,#8140,#8141,#8142),
(#8143,#8144,#8145,#8146),(#8147,#8148,#8149,#8150)),.UNSPECIFIED.,.F.,
 .F.,.F.,(4,1,1,4),(4,4),(0.,0.285714285714286,0.571428571428571,1.),(0.,
0.087087651688732),.UNSPECIFIED.);
#144=B_SPLINE_SURFACE_WITH_KNOTS('',3,3,((#8157,#8158,#8159,#8160),(#8161,
#8162,#8163,#8164),(#8165,#8166,#8167,#8168),(#8169,#8170,#8171,#8172),
(#8173,#8174,#8175,#8176),(#8177,#8178,#8179,#8180)),.UNSPECIFIED.,.F.,
 .F.,.F.,(4,1,1,4),(4,4),(0.,0.285714285714286,0.571428571428571,1.),(-1.33680252076018,
-1.28931357128017),.UNSPECIFIED.);
#145=B_SPLINE_SURFACE_WITH_KNOTS('',3,3,((#8184,#8185,#8186,#8187),(#8188,
#8189,#8190,#8191),(#8192,#8193,#8194,#8195),(#8196,#8197,#8198,#8199),
(#8200,#8201,#8202,#8203),(#8204,#8205,#8206,#8207)),.UNSPECIFIED.,.F.,
 .F.,.F.,(4,1,1,4),(4,4),(0.,0.285714285714286,0.571428571428571,1.),(0.,
0.0879410124876642),.UNSPECIFIED.);
#146=B_SPLINE_SURFACE_WITH_KNOTS('',3,3,((#8218,#8219,#8220,#8221),(#8222,
#8223,#8224,#8225),(#8226,#8227,#8228,#8229),(#8230,#8231,#8232,#8233),
(#8234,#8235,#8236,#8237),(#8238,#8239,#8240,#8241)),.UNSPECIFIED.,.F.,
 .F.,.F.,(4,1,1,4),(4,4),(0.,0.285714285714286,0.571428571428571,1.),(0.,
0.0879410114580616),.UNSPECIFIED.);
#147=B_SPLINE_SURFACE_WITH_KNOTS('',3,3,((#8248,#8249,#8250,#8251),(#8252,
#8253,#8254,#8255),(#8256,#8257,#8258,#8259),(#8260,#8261,#8262,#8263),
(#8264,#8265,#8266,#8267),(#8268,#8269,#8270,#8271)),.UNSPECIFIED.,.F.,
 .F.,.F.,(4,1,1,4),(4,4),(0.,0.285714285714286,0.571428571428571,1.),(1.28931357128017,
1.33680252076018),.UNSPECIFIED.);
#148=B_SPLINE_SURFACE_WITH_KNOTS('',3,3,((#8275,#8276,#8277,#8278),(#8279,
#8280,#8281,#8282),(#8283,#8284,#8285,#8286),(#8287,#8288,#8289,#8290),
(#8291,#8292,#8293,#8294),(#8295,#8296,#8297,#8298)),.UNSPECIFIED.,.F.,
 .F.,.F.,(4,1,1,4),(4,4),(0.,0.285714285714286,0.571428571428571,1.),(0.,
0.0870877045131732),.UNSPECIFIED.);
#149=B_SPLINE_SURFACE_WITH_KNOTS('',3,3,((#8309,#8310,#8311,#8312,#8313),
(#8314,#8315,#8316,#8317,#8318),(#8319,#8320,#8321,#8322,#8323),(#8324,
#8325,#8326,#8327,#8328),(#8329,#8330,#8331,#8332,#8333),(#8334,#8335,#8336,
#8337,#8338)),.UNSPECIFIED.,.F.,.F.,.F.,(4,1,1,4),(4,1,4),(0.,0.285714285714286,
0.571428571428571,1.),(9.71445146547E-18,0.0827933051862971,0.165586610372594),
 .UNSPECIFIED.);
#150=B_SPLINE_SURFACE_WITH_KNOTS('',3,3,((#8352,#8353,#8354,#8355),(#8356,
#8357,#8358,#8359),(#8360,#8361,#8362,#8363),(#8364,#8365,#8366,#8367),
(#8368,#8369,#8370,#8371)),.UNSPECIFIED.,.F.,.F.,.F.,(4,1,4),(4,4),(0.,
0.5,1.),(0.,0.265963124628202),.UNSPECIFIED.);
#151=B_SPLINE_SURFACE_WITH_KNOTS('',3,3,((#8383,#8384,#8385,#8386,#8387),
(#8388,#8389,#8390,#8391,#8392),(#8393,#8394,#8395,#8396,#8397),(#8398,
#8399,#8400,#8401,#8402),(#8403,#8404,#8405,#8406,#8407),(#8408,#8409,#8410,
#8411,#8412)),.UNSPECIFIED.,.F.,.F.,.F.,(4,1,1,4),(4,1,4),(0.,0.285714285714286,
0.571428571428571,1.),(2.55592833058823E-16,0.0108988776455635,0.0217977552911267),
 .UNSPECIFIED.);
#152=B_SPLINE_SURFACE_WITH_KNOTS('',3,3,((#8426,#8427,#8428,#8429,#8430),
(#8431,#8432,#8433,#8434,#8435),(#8436,#8437,#8438,#8439,#8440),(#8441,
#8442,#8443,#8444,#8445),(#8446,#8447,#8448,#8449,#8450),(#8451,#8452,#8453,
#8454,#8455)),.UNSPECIFIED.,.F.,.F.,.F.,(4,1,1,4),(4,1,4),(0.,0.285714285714286,
0.571428571428571,1.),(9.7144514654699E-18,0.00898279574701096,0.0209598567430256),
 .UNSPECIFIED.);
#153=B_SPLINE_SURFACE_WITH_KNOTS('',3,3,((#8469,#8470,#8471,#8472),(#8473,
#8474,#8475,#8476),(#8477,#8478,#8479,#8480),(#8481,#8482,#8483,#8484),
(#8485,#8486,#8487,#8488),(#8489,#8490,#8491,#8492)),.UNSPECIFIED.,.F.,
 .F.,.F.,(4,1,1,4),(4,4),(0.,0.285714285714286,0.571428571428571,1.),(6.05794542556273E-16,
0.254194155080501),.UNSPECIFIED.);
#154=B_SPLINE_SURFACE_WITH_KNOTS('',3,3,((#8504,#8505,#8506,#8507,#8508),
(#8509,#8510,#8511,#8512,#8513),(#8514,#8515,#8516,#8517,#8518),(#8519,
#8520,#8521,#8522,#8523),(#8524,#8525,#8526,#8527,#8528),(#8529,#8530,#8531,
#8532,#8533)),.UNSPECIFIED.,.F.,.F.,.F.,(4,1,1,4),(4,1,4),(0.,0.285714285714286,
0.571428571428571,1.),(2.1126057775136E-16,0.0784705851188071,0.156941170237614),
 .UNSPECIFIED.);
#155=B_SPLINE_SURFACE_WITH_KNOTS('',3,3,((#8553,#8554,#8555,#8556),(#8557,
#8558,#8559,#8560),(#8561,#8562,#8563,#8564),(#8565,#8566,#8567,#8568),
(#8569,#8570,#8571,#8572),(#8573,#8574,#8575,#8576)),.UNSPECIFIED.,.F.,
 .F.,.F.,(4,1,1,4),(4,4),(0.,0.285714285714286,0.571428571428571,1.),(0.,
0.0303523450792745),.UNSPECIFIED.);
#156=B_SPLINE_SURFACE_WITH_KNOTS('',3,3,((#8588,#8589,#8590,#8591,#8592,
#8593,#8594,#8595),(#8596,#8597,#8598,#8599,#8600,#8601,#8602,#8603),(#8604,
#8605,#8606,#8607,#8608,#8609,#8610,#8611),(#8612,#8613,#8614,#8615,#8616,
#8617,#8618,#8619),(#8620,#8621,#8622,#8623,#8624,#8625,#8626,#8627)),
 .UNSPECIFIED.,.F.,.F.,.F.,(4,1,4),(4,2,1,1,4),(0.,0.571428571428571,1.),
(-0.204762851218831,-0.20403058601958,-0.0816122344128045,-0.0408061172105461,
-8.28773397636768E-12),.UNSPECIFIED.);
#157=B_SPLINE_SURFACE_WITH_KNOTS('',3,3,((#8711,#8712,#8713,#8714),(#8715,
#8716,#8717,#8718),(#8719,#8720,#8721,#8722),(#8723,#8724,#8725,#8726)),
 .UNSPECIFIED.,.F.,.F.,.F.,(4,4),(4,4),(0.,1.),(0.115371621232867,0.118150968208147),
 .UNSPECIFIED.);
#158=B_SPLINE_SURFACE_WITH_KNOTS('',3,3,((#8771,#8772,#8773,#8774),(#8775,
#8776,#8777,#8778),(#8779,#8780,#8781,#8782),(#8783,#8784,#8785,#8786)),
 .UNSPECIFIED.,.F.,.F.,.F.,(4,4),(4,4),(0.,1.),(0.0940188241912446,0.0967981326968512),
 .UNSPECIFIED.);
#159=B_SPLINE_SURFACE_WITH_KNOTS('',3,3,((#8805,#8806,#8807,#8808),(#8809,
#8810,#8811,#8812),(#8813,#8814,#8815,#8816),(#8817,#8818,#8819,#8820)),
 .UNSPECIFIED.,.F.,.F.,.F.,(4,4),(4,4),(0.,1.),(-3.01492239812461E-17,0.0278448344659195),
 .UNSPECIFIED.);
#160=B_SPLINE_SURFACE_WITH_KNOTS('',3,3,((#8836,#8837,#8838,#8839,#8840,
#8841),(#8842,#8843,#8844,#8845,#8846,#8847),(#8848,#8849,#8850,#8851,#8852,
#8853),(#8854,#8855,#8856,#8857,#8858,#8859),(#8860,#8861,#8862,#8863,#8864,
#8865)),.UNSPECIFIED.,.F.,.F.,.F.,(4,1,4),(4,1,1,4),(0.,0.571428571428571,
1.),(-0.488622634773892,-0.450702309757417,-0.425422093079767,-0.400141876402117),
 .UNSPECIFIED.);
#161=B_SPLINE_SURFACE_WITH_KNOTS('',3,3,((#8908,#8909,#8910,#8911),(#8912,
#8913,#8914,#8915),(#8916,#8917,#8918,#8919),(#8920,#8921,#8922,#8923)),
 .UNSPECIFIED.,.F.,.F.,.F.,(4,4),(4,4),(0.0527417828669414,1.),(0.,1.),
 .UNSPECIFIED.);
#162=B_SPLINE_SURFACE_WITH_KNOTS('',3,3,((#8940,#8941,#8942,#8943,#8944),
(#8945,#8946,#8947,#8948,#8949),(#8950,#8951,#8952,#8953,#8954),(#8955,
#8956,#8957,#8958,#8959)),.UNSPECIFIED.,.F.,.F.,.F.,(4,4),(4,1,4),(0.0808314207959289,
0.866856508115349),(0.496493530980204,0.562996263697619,0.651666573987507),
 .UNSPECIFIED.);
#163=B_SPLINE_SURFACE_WITH_KNOTS('',3,3,((#8976,#8977,#8978,#8979),(#8980,
#8981,#8982,#8983),(#8984,#8985,#8986,#8987),(#8988,#8989,#8990,#8991)),
 .UNSPECIFIED.,.F.,.F.,.F.,(4,4),(4,4),(0.,0.86308870512367),(0.,0.0274583071846568),
 .UNSPECIFIED.);
#164=B_SPLINE_SURFACE_WITH_KNOTS('',3,3,((#9028,#9029,#9030,#9031,#9032,
#9033),(#9034,#9035,#9036,#9037,#9038,#9039),(#9040,#9041,#9042,#9043,#9044,
#9045),(#9046,#9047,#9048,#9049,#9050,#9051)),.UNSPECIFIED.,.F.,.F.,.F.,
(4,4),(4,2,4),(0.,1.),(-0.146845903120374,0.,0.000694806223679611),
 .UNSPECIFIED.);
#165=B_SPLINE_SURFACE_WITH_KNOTS('',3,3,((#9060,#9061,#9062,#9063),(#9064,
#9065,#9066,#9067),(#9068,#9069,#9070,#9071),(#9072,#9073,#9074,#9075)),
 .UNSPECIFIED.,.F.,.F.,.F.,(4,4),(4,4),(0.,1.),(-0.413094902646296,-0.406398152798969),
 .UNSPECIFIED.);
#166=B_SPLINE_SURFACE_WITH_KNOTS('',3,3,((#9087,#9088,#9089,#9090),(#9091,
#9092,#9093,#9094),(#9095,#9096,#9097,#9098),(#9099,#9100,#9101,#9102)),
 .UNSPECIFIED.,.F.,.F.,.F.,(4,4),(4,4),(0.,1.),(-0.0231923321390618,-0.00669674984732684),
 .UNSPECIFIED.);
#167=B_SPLINE_SURFACE_WITH_KNOTS('',3,3,((#9109,#9110,#9111,#9112),(#9113,
#9114,#9115,#9116),(#9117,#9118,#9119,#9120),(#9121,#9122,#9123,#9124)),
 .UNSPECIFIED.,.F.,.F.,.F.,(4,4),(4,4),(0.,1.),(0.000280657207325127,0.0636798774744272),
 .UNSPECIFIED.);
#168=B_SPLINE_SURFACE_WITH_KNOTS('',3,3,((#9133,#9134,#9135,#9136,#9137,
#9138),(#9139,#9140,#9141,#9142,#9143,#9144),(#9145,#9146,#9147,#9148,#9149,
#9150),(#9151,#9152,#9153,#9154,#9155,#9156)),.UNSPECIFIED.,.F.,.F.,.F.,
(4,4),(4,2,4),(0.,1.),(-0.147755410326703,-0.147059418862995,0.),
 .UNSPECIFIED.);
#169=B_SPLINE_SURFACE_WITH_KNOTS('',3,3,((#9165,#9166,#9167,#9168),(#9169,
#9170,#9171,#9172),(#9173,#9174,#9175,#9176),(#9177,#9178,#9179,#9180)),
 .UNSPECIFIED.,.F.,.F.,.F.,(4,4),(4,4),(0.,1.),(-0.406097064529246,-0.399237320397693),
 .UNSPECIFIED.);
#170=B_SPLINE_SURFACE_WITH_KNOTS('',3,3,((#9185,#9186,#9187,#9188),(#9189,
#9190,#9191,#9192),(#9193,#9194,#9195,#9196),(#9197,#9198,#9199,#9200)),
 .UNSPECIFIED.,.F.,.F.,.F.,(4,4),(4,4),(0.,1.),(-0.399237320397691,-0.38244116980824),
 .UNSPECIFIED.);
#171=B_SPLINE_SURFACE_WITH_KNOTS('',3,3,((#9207,#9208,#9209,#9210),(#9211,
#9212,#9213,#9214),(#9215,#9216,#9217,#9218),(#9219,#9220,#9221,#9222)),
 .UNSPECIFIED.,.F.,.F.,.F.,(4,4),(4,4),(0.,1.),(-0.169757426164945,-0.107291190555496),
 .UNSPECIFIED.);
#172=B_SPLINE_SURFACE_WITH_KNOTS('',3,3,((#9227,#9228,#9229,#9230,#9231,
#9232),(#9233,#9234,#9235,#9236,#9237,#9238),(#9239,#9240,#9241,#9242,#9243,
#9244),(#9245,#9246,#9247,#9248,#9249,#9250)),.UNSPECIFIED.,.F.,.F.,.F.,
(4,4),(4,2,4),(-4.94048781623873E-17,0.94567846688538),(0.,1.,1.15931290860504),
 .UNSPECIFIED.);
#173=B_SPLINE_SURFACE_WITH_KNOTS('',3,3,((#9255,#9256,#9257,#9258,#9259,
#9260),(#9261,#9262,#9263,#9264,#9265,#9266),(#9267,#9268,#9269,#9270,#9271,
#9272),(#9273,#9274,#9275,#9276,#9277,#9278)),.UNSPECIFIED.,.F.,.F.,.F.,
(4,4),(4,1,1,4),(0.133370287384478,0.91762865294662),(0.49803657223252,
0.541930858448231,0.585825144663941,0.651666573987507),.UNSPECIFIED.);
#174=B_SPLINE_SURFACE_WITH_KNOTS('',3,3,((#9281,#9282,#9283,#9284,#9285,
#9286,#9287,#9288),(#9289,#9290,#9291,#9292,#9293,#9294,#9295,#9296),(#9297,
#9298,#9299,#9300,#9301,#9302,#9303,#9304),(#9305,#9306,#9307,#9308,#9309,
#9310,#9311,#9312)),.UNSPECIFIED.,.F.,.F.,.F.,(4,4),(4,2,1,1,4),(0.,1.),
(-0.0911247259723576,-0.0908486951299587,-0.0545092170779752,-0.0363394780519835,
0.),.UNSPECIFIED.);
#175=B_SPLINE_SURFACE_WITH_KNOTS('',3,3,((#9329,#9330,#9331,#9332),(#9333,
#9334,#9335,#9336),(#9337,#9338,#9339,#9340),(#9341,#9342,#9343,#9344),
(#9345,#9346,#9347,#9348)),.UNSPECIFIED.,.F.,.F.,.F.,(4,1,4),(4,4),(0.,
0.5,1.),(0.,0.0337546813964447),.UNSPECIFIED.);
#176=B_SPLINE_SURFACE_WITH_KNOTS('',3,3,((#9353,#9354,#9355,#9356,#9357),
(#9358,#9359,#9360,#9361,#9362),(#9363,#9364,#9365,#9366,#9367),(#9368,
#9369,#9370,#9371,#9372),(#9373,#9374,#9375,#9376,#9377)),.UNSPECIFIED.,
 .F.,.F.,.F.,(4,1,4),(4,1,4),(0.,0.5,1.),(0.,0.0211974106410136,0.0494606248290316),
 .UNSPECIFIED.);
#177=B_SPLINE_SURFACE_WITH_KNOTS('',3,3,((#9387,#9388,#9389,#9390,#9391,
#9392,#9393,#9394,#9395,#9396,#9397),(#9398,#9399,#9400,#9401,#9402,#9403,
#9404,#9405,#9406,#9407,#9408),(#9409,#9410,#9411,#9412,#9413,#9414,#9415,
#9416,#9417,#9418,#9419),(#9420,#9421,#9422,#9423,#9424,#9425,#9426,#9427,
#9428,#9429,#9430),(#9431,#9432,#9433,#9434,#9435,#9436,#9437,#9438,#9439,
#9440,#9441)),.UNSPECIFIED.,.F.,.F.,.F.,(4,1,4),(4,1,1,1,1,1,1,1,4),(0.,
0.5,1.),(0.,0.00159797465909423,0.00319594931818846,0.00639189863637692,
0.0191756959091307,0.0255675945455077,0.0319594931818846,0.0383513918182615,
0.0447432904546384),.UNSPECIFIED.);
#178=B_SPLINE_SURFACE_WITH_KNOTS('',3,3,((#9467,#9468,#9469,#9470,#9471,
#9472),(#9473,#9474,#9475,#9476,#9477,#9478),(#9479,#9480,#9481,#9482,#9483,
#9484),(#9485,#9486,#9487,#9488,#9489,#9490)),.UNSPECIFIED.,.F.,.F.,.F.,
(4,4),(4,2,4),(0.,1.),(-0.00089481564480859,0.,0.0886694695305754),
 .UNSPECIFIED.);
#179=B_SPLINE_SURFACE_WITH_KNOTS('',3,3,((#9504,#9505,#9506,#9507),(#9508,
#9509,#9510,#9511),(#9512,#9513,#9514,#9515),(#9516,#9517,#9518,#9519),
(#9520,#9521,#9522,#9523)),.UNSPECIFIED.,.F.,.F.,.F.,(4,1,4),(4,4),(0.,
0.5,1.),(0.,0.0340688497315756),.UNSPECIFIED.);
#180=B_SPLINE_SURFACE_WITH_KNOTS('',3,3,((#9528,#9529,#9530,#9531,#9532),
(#9533,#9534,#9535,#9536,#9537),(#9538,#9539,#9540,#9541,#9542),(#9543,
#9544,#9545,#9546,#9547),(#9548,#9549,#9550,#9551,#9552)),.UNSPECIFIED.,
 .F.,.F.,.F.,(4,1,4),(4,1,4),(0.,0.289857130858076,0.676333305335512),(2.56585214506682E-17,
0.0560927361624073,0.112185472324814),.UNSPECIFIED.);
#181=B_SPLINE_SURFACE_WITH_KNOTS('',3,3,((#9560,#9561,#9562,#9563),(#9564,
#9565,#9566,#9567),(#9568,#9569,#9570,#9571),(#9572,#9573,#9574,#9575),
(#9576,#9577,#9578,#9579)),.UNSPECIFIED.,.F.,.F.,.F.,(4,1,4),(4,4),(0.,
0.571428571428571,1.),(0.,0.252464005421156),.UNSPECIFIED.);
#182=B_SPLINE_SURFACE_WITH_KNOTS('',3,3,((#9608,#9609,#9610,#9611),(#9612,
#9613,#9614,#9615),(#9616,#9617,#9618,#9619),(#9620,#9621,#9622,#9623),
(#9624,#9625,#9626,#9627)),.UNSPECIFIED.,.F.,.F.,.F.,(4,1,4),(4,4),(0.,
0.5,1.),(0.,0.25196331503688),.UNSPECIFIED.);
#183=B_SPLINE_SURFACE_WITH_KNOTS('',3,3,((#9636,#9637,#9638,#9639),(#9640,
#9641,#9642,#9643),(#9644,#9645,#9646,#9647),(#9648,#9649,#9650,#9651)),
 .UNSPECIFIED.,.F.,.F.,.F.,(4,4),(4,4),(0.,1.),(-0.00634271376488134,0.),
 .UNSPECIFIED.);
#184=B_SPLINE_SURFACE_WITH_KNOTS('',3,3,((#9658,#9659,#9660,#9661,#9662,
#9663,#9664,#9665,#9666,#9667),(#9668,#9669,#9670,#9671,#9672,#9673,#9674,
#9675,#9676,#9677),(#9678,#9679,#9680,#9681,#9682,#9683,#9684,#9685,#9686,
#9687),(#9688,#9689,#9690,#9691,#9692,#9693,#9694,#9695,#9696,#9697)),
 .UNSPECIFIED.,.F.,.F.,.F.,(4,4),(4,1,1,1,1,1,1,4),(0.,1.),(0.,0.697705127185977,
1.39541025437195,2.09311538155793,2.79082050874391,3.48852563592989,4.18623076311586,
4.88393589030184),.UNSPECIFIED.);
#185=B_SPLINE_SURFACE_WITH_KNOTS('',3,3,((#9710,#9711,#9712,#9713,#9714,
#9715,#9716),(#9717,#9718,#9719,#9720,#9721,#9722,#9723),(#9724,#9725,#9726,
#9727,#9728,#9729,#9730),(#9731,#9732,#9733,#9734,#9735,#9736,#9737),(#9738,
#9739,#9740,#9741,#9742,#9743,#9744)),.UNSPECIFIED.,.F.,.F.,.F.,(4,1,4),
(4,1,1,1,4),(0.,0.5,1.),(2.18188743816478E-12,0.00970355653865657,0.0194071130751313,
0.0388142261480806,0.0679248957575047),.UNSPECIFIED.);
#186=B_SPLINE_SURFACE_WITH_KNOTS('',3,3,((#9774,#9775,#9776,#9777),(#9778,
#9779,#9780,#9781),(#9782,#9783,#9784,#9785),(#9786,#9787,#9788,#9789),
(#9790,#9791,#9792,#9793)),.UNSPECIFIED.,.F.,.F.,.F.,(4,1,4),(4,4),(0.,
0.5,1.),(0.,0.0431029023244774),.UNSPECIFIED.);
#187=B_SPLINE_SURFACE_WITH_KNOTS('',3,3,((#9802,#9803,#9804,#9805),(#9806,
#9807,#9808,#9809),(#9810,#9811,#9812,#9813),(#9814,#9815,#9816,#9817),
(#9818,#9819,#9820,#9821)),.UNSPECIFIED.,.F.,.F.,.F.,(4,1,4),(4,4),(0.,
0.5,1.),(0.,0.0445770817301657),.UNSPECIFIED.);
#188=B_SPLINE_SURFACE_WITH_KNOTS('',3,3,((#9836,#9837,#9838,#9839,#9840,
#9841,#9842,#9843),(#9844,#9845,#9846,#9847,#9848,#9849,#9850,#9851),(#9852,
#9853,#9854,#9855,#9856,#9857,#9858,#9859),(#9860,#9861,#9862,#9863,#9864,
#9865,#9866,#9867),(#9868,#9869,#9870,#9871,#9872,#9873,#9874,#9875)),
 .UNSPECIFIED.,.F.,.F.,.F.,(4,1,4),(4,1,1,1,1,4),(0.,0.5,1.),(0.,0.0114613273763386,
0.0171919910645079,0.0286533184408465,0.0343839821290158,0.0401146458171851),
 .UNSPECIFIED.);
#189=B_SPLINE_SURFACE_WITH_KNOTS('',3,3,((#9895,#9896,#9897,#9898,#9899,
#9900),(#9901,#9902,#9903,#9904,#9905,#9906),(#9907,#9908,#9909,#9910,#9911,
#9912),(#9913,#9914,#9915,#9916,#9917,#9918),(#9919,#9920,#9921,#9922,#9923,
#9924)),.UNSPECIFIED.,.F.,.F.,.F.,(4,1,4),(4,1,1,4),(0.,0.5,1.),(5.67057021526957E-14,
0.0188452454506756,0.0269217792152265,0.0376904909012944),.UNSPECIFIED.);
#190=B_SPLINE_SURFACE_WITH_KNOTS('',3,3,((#9939,#9940,#9941,#9942,#9943,
#9944,#9945,#9946,#9947,#9948),(#9949,#9950,#9951,#9952,#9953,#9954,#9955,
#9956,#9957,#9958),(#9959,#9960,#9961,#9962,#9963,#9964,#9965,#9966,#9967,
#9968),(#9969,#9970,#9971,#9972,#9973,#9974,#9975,#9976,#9977,#9978)),
 .UNSPECIFIED.,.F.,.F.,.F.,(4,4),(4,1,1,1,1,1,1,4),(0.,1.),(0.,0.689192726969711,
1.37838545393942,2.06757818090913,2.75677090787884,3.44596363484855,4.13515636181826,
4.82434908878797),.UNSPECIFIED.);
#191=B_SPLINE_SURFACE_WITH_KNOTS('',3,3,((#9991,#9992,#9993,#9994),(#9995,
#9996,#9997,#9998),(#9999,#10000,#10001,#10002),(#10003,#10004,#10005,#10006)),
 .UNSPECIFIED.,.F.,.F.,.F.,(4,4),(4,4),(0.,1.),(-0.0047908273312122,2.33127447745383E-5),
 .UNSPECIFIED.);
#192=B_SPLINE_SURFACE_WITH_KNOTS('',3,3,((#10011,#10012,#10013,#10014),
(#10015,#10016,#10017,#10018),(#10019,#10020,#10021,#10022),(#10023,#10024,
#10025,#10026),(#10027,#10028,#10029,#10030)),.UNSPECIFIED.,.F.,.F.,.F.,
(4,1,4),(4,4),(0.,0.5,1.),(0.,0.0435328446608041),.UNSPECIFIED.);
#193=B_SPLINE_SURFACE_WITH_KNOTS('',3,3,((#10039,#10040,#10041,#10042,#10043,
#10044,#10045,#10046,#10047,#10048),(#10049,#10050,#10051,#10052,#10053,
#10054,#10055,#10056,#10057,#10058),(#10059,#10060,#10061,#10062,#10063,
#10064,#10065,#10066,#10067,#10068),(#10069,#10070,#10071,#10072,#10073,
#10074,#10075,#10076,#10077,#10078),(#10079,#10080,#10081,#10082,#10083,
#10084,#10085,#10086,#10087,#10088)),.UNSPECIFIED.,.F.,.F.,.F.,(4,1,4),
(4,1,1,1,1,1,1,4),(0.,0.5,1.),(-0.00167306516690485,0.00355664479320647,
0.0087863547533178,0.0192457746735404,0.0401646145139857,0.061083454354431,
0.102921134035322,0.144758813716212),.UNSPECIFIED.);
#194=B_SPLINE_SURFACE_WITH_KNOTS('',3,3,((#10120,#10121,#10122,#10123,#10124,
#10125,#10126,#10127,#10128),(#10129,#10130,#10131,#10132,#10133,#10134,
#10135,#10136,#10137),(#10138,#10139,#10140,#10141,#10142,#10143,#10144,
#10145,#10146),(#10147,#10148,#10149,#10150,#10151,#10152,#10153,#10154,
#10155),(#10156,#10157,#10158,#10159,#10160,#10161,#10162,#10163,#10164)),
 .UNSPECIFIED.,.F.,.F.,.F.,(4,1,4),(4,1,1,1,1,1,4),(-3.07774722856833,-2.61891069050659,
-2.00712863975761),(0.253617627096286,0.574503741151121,1.21627596926079,
1.53716208331562,2.17893431142529,2.49982042548013,3.14159265358979),
 .UNSPECIFIED.);
#195=B_SPLINE_SURFACE_WITH_KNOTS('',3,3,((#10179,#10180,#10181,#10182),
(#10183,#10184,#10185,#10186),(#10187,#10188,#10189,#10190),(#10191,#10192,
#10193,#10194)),.UNSPECIFIED.,.F.,.F.,.F.,(4,4),(4,4),(0.,0.585018967471775),
(0.,0.0627876739344017),.UNSPECIFIED.);
#196=B_SPLINE_SURFACE_WITH_KNOTS('',3,3,((#10196,#10197,#10198,#10199),
(#10200,#10201,#10202,#10203),(#10204,#10205,#10206,#10207),(#10208,#10209,
#10210,#10211),(#10212,#10213,#10214,#10215)),.UNSPECIFIED.,.F.,.F.,.F.,
(4,1,4),(4,4),(0.,0.571428571428571,1.),(0.,0.252464217526028),
 .UNSPECIFIED.);
#197=B_SPLINE_SURFACE_WITH_KNOTS('',3,3,((#10244,#10245,#10246,#10247),
(#10248,#10249,#10250,#10251),(#10252,#10253,#10254,#10255),(#10256,#10257,
#10258,#10259),(#10260,#10261,#10262,#10263)),.UNSPECIFIED.,.F.,.F.,.F.,
(4,1,4),(4,4),(0.,0.5,1.),(2.80010226099956E-16,0.251962630304676),
 .UNSPECIFIED.);
#198=B_SPLINE_SURFACE_WITH_KNOTS('',3,3,((#10272,#10273,#10274,#10275,#10276,
#10277),(#10278,#10279,#10280,#10281,#10282,#10283),(#10284,#10285,#10286,
#10287,#10288,#10289),(#10290,#10291,#10292,#10293,#10294,#10295)),
 .UNSPECIFIED.,.F.,.F.,.F.,(4,4),(4,2,4),(0.,1.),(-0.0005226135181868,0.,
0.122544175113137),.UNSPECIFIED.);
#199=B_SPLINE_SURFACE_WITH_KNOTS('',3,3,((#10311,#10312,#10313,#10314),
(#10315,#10316,#10317,#10318),(#10319,#10320,#10321,#10322),(#10323,#10324,
#10325,#10326),(#10327,#10328,#10329,#10330)),.UNSPECIFIED.,.F.,.F.,.F.,
(4,1,4),(4,4),(0.,0.571428571428571,1.),(0.,0.00959238615425566),
 .UNSPECIFIED.);
#200=B_SPLINE_SURFACE_WITH_KNOTS('',3,3,((#10342,#10343,#10344,#10345),
(#10346,#10347,#10348,#10349),(#10350,#10351,#10352,#10353),(#10354,#10355,
#10356,#10357),(#10358,#10359,#10360,#10361)),.UNSPECIFIED.,.F.,.F.,.F.,
(4,1,4),(4,4),(0.,0.571428571428571,1.),(0.,0.241811954129888),
 .UNSPECIFIED.);
#201=B_SPLINE_SURFACE_WITH_KNOTS('',3,3,((#10373,#10374,#10375,#10376,#10377),
(#10378,#10379,#10380,#10381,#10382),(#10383,#10384,#10385,#10386,#10387),
(#10388,#10389,#10390,#10391,#10392),(#10393,#10394,#10395,#10396,#10397)),
 .UNSPECIFIED.,.F.,.F.,.F.,(4,1,4),(4,1,4),(0.,0.571428571428571,1.),(1.47962142891983E-15,
0.0335356829756577,0.0670713659513139),.UNSPECIFIED.);
#202=B_SPLINE_SURFACE_WITH_KNOTS('',3,3,((#10411,#10412,#10413,#10414,#10415),
(#10416,#10417,#10418,#10419,#10420),(#10421,#10422,#10423,#10424,#10425),
(#10426,#10427,#10428,#10429,#10430),(#10431,#10432,#10433,#10434,#10435)),
 .UNSPECIFIED.,.F.,.F.,.F.,(4,1,4),(4,1,4),(0.,0.5,1.),(3.89442402846099E-16,
0.0293518821669711,0.0684877250562653),.UNSPECIFIED.);
#203=B_SPLINE_SURFACE_WITH_KNOTS('',3,3,((#10449,#10450,#10451,#10452),
(#10453,#10454,#10455,#10456),(#10457,#10458,#10459,#10460),(#10461,#10462,
#10463,#10464),(#10465,#10466,#10467,#10468)),.UNSPECIFIED.,.F.,.F.,.F.,
(4,1,4),(4,4),(0.,0.5,1.),(0.,0.247998348510244),.UNSPECIFIED.);
#204=B_SPLINE_SURFACE_WITH_KNOTS('',3,3,((#10480,#10481,#10482,#10483),
(#10484,#10485,#10486,#10487),(#10488,#10489,#10490,#10491),(#10492,#10493,
#10494,#10495),(#10496,#10497,#10498,#10499)),.UNSPECIFIED.,.F.,.F.,.F.,
(4,1,4),(4,4),(0.,0.5,1.),(0.,0.00996800964154453),.UNSPECIFIED.);
#205=B_SPLINE_SURFACE_WITH_KNOTS('',3,3,((#10511,#10512,#10513,#10514,#10515,
#10516,#10517,#10518),(#10519,#10520,#10521,#10522,#10523,#10524,#10525,
#10526),(#10527,#10528,#10529,#10530,#10531,#10532,#10533,#10534),(#10535,
#10536,#10537,#10538,#10539,#10540,#10541,#10542)),.UNSPECIFIED.,.F.,.F.,
 .F.,(4,4),(4,2,1,1,4),(0.,1.),(-0.148026143832749,-0.147357421069379,-0.0884144526416274,
-0.0589429684277516,0.),.UNSPECIFIED.);
#206=B_SPLINE_SURFACE_WITH_KNOTS('',3,3,((#10562,#10563,#10564,#10565,#10566,
#10567,#10568),(#10569,#10570,#10571,#10572,#10573,#10574,#10575),(#10576,
#10577,#10578,#10579,#10580,#10581,#10582),(#10583,#10584,#10585,#10586,
#10587,#10588,#10589),(#10590,#10591,#10592,#10593,#10594,#10595,#10596)),
 .UNSPECIFIED.,.F.,.F.,.F.,(4,1,4),(4,1,1,1,4),(-3.14159265365614,-2.57436064672481,
-2.00712863979348),(0.253724458608824,0.652491920519558,1.05125938243029,
1.45002684434103,1.84879430625176),.UNSPECIFIED.);
#207=B_SPLINE_SURFACE_WITH_KNOTS('',3,3,((#10604,#10605,#10606,#10607,#10608,
#10609),(#10610,#10611,#10612,#10613,#10614,#10615),(#10616,#10617,#10618,
#10619,#10620,#10621),(#10622,#10623,#10624,#10625,#10626,#10627),(#10628,
#10629,#10630,#10631,#10632,#10633)),.UNSPECIFIED.,.F.,.F.,.F.,(4,1,4),
(4,1,1,4),(0.,0.571428571428571,1.),(-6.54160279896027E-14,0.0398083685497005,
0.0597125528245834,0.139329289924115),.UNSPECIFIED.);
#208=B_SPLINE_SURFACE_WITH_KNOTS('',3,3,((#10649,#10650,#10651,#10652),
(#10653,#10654,#10655,#10656),(#10657,#10658,#10659,#10660),(#10661,#10662,
#10663,#10664),(#10665,#10666,#10667,#10668)),.UNSPECIFIED.,.F.,.F.,.F.,
(4,1,4),(4,4),(0.,0.571428571428571,1.),(0.,0.149862671052094),
 .UNSPECIFIED.);
#209=B_SPLINE_SURFACE_WITH_KNOTS('',3,3,((#10680,#10681,#10682,#10683,#10684,
#10685),(#10686,#10687,#10688,#10689,#10690,#10691),(#10692,#10693,#10694,
#10695,#10696,#10697),(#10698,#10699,#10700,#10701,#10702,#10703),(#10704,
#10705,#10706,#10707,#10708,#10709)),.UNSPECIFIED.,.F.,.F.,.F.,(4,1,4),
(4,1,1,4),(0.,0.5,1.),(0.,0.0324016109324916,0.054002684887486,0.0756037588424805),
 .UNSPECIFIED.);
#210=B_SPLINE_SURFACE_WITH_KNOTS('',3,3,((#10725,#10726,#10727,#10728),
(#10729,#10730,#10731,#10732),(#10733,#10734,#10735,#10736),(#10737,#10738,
#10739,#10740),(#10741,#10742,#10743,#10744)),.UNSPECIFIED.,.F.,.F.,.F.,
(4,1,4),(4,4),(0.,0.5,1.),(0.,0.0933859922914712),.UNSPECIFIED.);
#211=B_SPLINE_SURFACE_WITH_KNOTS('',3,3,((#10756,#10757,#10758,#10759),
(#10760,#10761,#10762,#10763),(#10764,#10765,#10766,#10767),(#10768,#10769,
#10770,#10771),(#10772,#10773,#10774,#10775)),.UNSPECIFIED.,.F.,.F.,.F.,
(4,1,4),(4,4),(0.,0.5,1.),(0.,0.0228624172661309),.UNSPECIFIED.);
#212=B_SPLINE_SURFACE_WITH_KNOTS('',3,3,((#10787,#10788,#10789,#10790,#10791,
#10792),(#10793,#10794,#10795,#10796,#10797,#10798),(#10799,#10800,#10801,
#10802,#10803,#10804),(#10805,#10806,#10807,#10808,#10809,#10810)),
 .UNSPECIFIED.,.F.,.F.,.F.,(4,4),(4,2,4),(0.,1.),(-0.126643014295424,-0.125997791474996,
-3.49783224600658E-16),.UNSPECIFIED.);
#213=B_SPLINE_SURFACE_WITH_KNOTS('',3,3,((#10866,#10867,#10868,#10869,#10870,
#10871),(#10872,#10873,#10874,#10875,#10876,#10877),(#10878,#10879,#10880,
#10881,#10882,#10883),(#10884,#10885,#10886,#10887,#10888,#10889),(#10890,
#10891,#10892,#10893,#10894,#10895)),.UNSPECIFIED.,.F.,.F.,.F.,(4,1,4),
(4,1,1,4),(0.,0.571428571428571,1.),(0.,0.0697471811432435,0.116245301905406,
0.162743422667568),.UNSPECIFIED.);
#214=B_SPLINE_SURFACE_WITH_KNOTS('',3,3,((#10904,#10905,#10906,#10907),
(#10908,#10909,#10910,#10911),(#10912,#10913,#10914,#10915),(#10916,#10917,
#10918,#10919),(#10920,#10921,#10922,#10923)),.UNSPECIFIED.,.F.,.F.,.F.,
(4,1,4),(4,4),(0.,0.571428571428571,1.),(0.,0.164596271808135),
 .UNSPECIFIED.);
#215=B_SPLINE_SURFACE_WITH_KNOTS('',3,3,((#10930,#10931,#10932,#10933,#10934,
#10935,#10936),(#10937,#10938,#10939,#10940,#10941,#10942,#10943),(#10944,
#10945,#10946,#10947,#10948,#10949,#10950),(#10951,#10952,#10953,#10954,
#10955,#10956,#10957),(#10958,#10959,#10960,#10961,#10962,#10963,#10964)),
 .UNSPECIFIED.,.F.,.F.,.F.,(4,1,4),(4,1,1,1,4),(0.,0.571428571428571,1.),
(3.56602752350613E-16,0.0211127438926536,0.0422254877853069,0.0527818597316335,
0.0738946036242867),.UNSPECIFIED.);
#216=B_SPLINE_SURFACE_WITH_KNOTS('',3,3,((#10974,#10975,#10976,#10977),
(#10978,#10979,#10980,#10981),(#10982,#10983,#10984,#10985),(#10986,#10987,
#10988,#10989),(#10990,#10991,#10992,#10993)),.UNSPECIFIED.,.F.,.F.,.F.,
(4,1,4),(4,4),(0.,0.571428571428571,1.),(0.,0.0864586097379889),
 .UNSPECIFIED.);
#217=B_SPLINE_SURFACE_WITH_KNOTS('',3,3,((#11000,#11001,#11002,#11003),
(#11004,#11005,#11006,#11007),(#11008,#11009,#11010,#11011),(#11012,#11013,
#11014,#11015),(#11016,#11017,#11018,#11019)),.UNSPECIFIED.,.F.,.F.,.F.,
(4,1,4),(4,4),(0.,0.571428571428571,1.),(0.,0.0208042612177508),
 .UNSPECIFIED.);
#218=B_SPLINE_SURFACE_WITH_KNOTS('',3,3,((#11026,#11027,#11028,#11029,#11030,
#11031),(#11032,#11033,#11034,#11035,#11036,#11037),(#11038,#11039,#11040,
#11041,#11042,#11043),(#11044,#11045,#11046,#11047,#11048,#11049),(#11050,
#11051,#11052,#11053,#11054,#11055)),.UNSPECIFIED.,.F.,.F.,.F.,(4,1,4),
(4,2,4),(0.,0.571428571428571,1.),(-0.102768070131129,0.,0.000507836974428162),
 .UNSPECIFIED.);
#219=B_SPLINE_SURFACE_WITH_KNOTS('',3,3,((#11062,#11063,#11064,#11065),
(#11066,#11067,#11068,#11069),(#11070,#11071,#11072,#11073),(#11074,#11075,
#11076,#11077)),.UNSPECIFIED.,.F.,.F.,.F.,(4,4),(4,4),(0.146969866577908,
0.252299384677597),(0.0457380265228997,0.202392835345108),.UNSPECIFIED.);
#220=B_SPLINE_SURFACE_WITH_KNOTS('',3,3,((#11082,#11083,#11084,#11085),
(#11086,#11087,#11088,#11089),(#11090,#11091,#11092,#11093),(#11094,#11095,
#11096,#11097),(#11098,#11099,#11100,#11101)),.UNSPECIFIED.,.F.,.F.,.F.,
(4,1,4),(4,4),(-3.14159265363121,-2.57436064671234,-2.00712863979348),(0.,
0.239163044630219),.UNSPECIFIED.);
#221=B_SPLINE_SURFACE_WITH_KNOTS('',3,3,((#11102,#11103,#11104,#11105),
(#11106,#11107,#11108,#11109),(#11110,#11111,#11112,#11113),(#11114,#11115,
#11116,#11117),(#11118,#11119,#11120,#11121)),.UNSPECIFIED.,.F.,.F.,.F.,
(4,1,4),(4,4),(0.,0.322060494919635,0.751474488145814),(0.0542727405996013,
0.111936089618526),.UNSPECIFIED.);
#222=B_SPLINE_SURFACE_WITH_KNOTS('',3,3,((#11126,#11127,#11128,#11129,#11130),
(#11131,#11132,#11133,#11134,#11135),(#11136,#11137,#11138,#11139,#11140),
(#11141,#11142,#11143,#11144,#11145),(#11146,#11147,#11148,#11149,#11150)),
 .UNSPECIFIED.,.F.,.F.,.F.,(4,1,4),(4,1,4),(0.,0.5,1.),(0.,0.0337530200601949,
0.0675060401203898),.UNSPECIFIED.);
#223=B_SPLINE_SURFACE_WITH_KNOTS('',3,3,((#11158,#11159,#11160,#11161,#11162),
(#11163,#11164,#11165,#11166,#11167),(#11168,#11169,#11170,#11171,#11172),
(#11173,#11174,#11175,#11176,#11177),(#11178,#11179,#11180,#11181,#11182)),
 .UNSPECIFIED.,.F.,.F.,.F.,(4,1,4),(4,1,4),(0.,0.5,1.),(0.,0.0338076517956787,
0.0676153035913573),.UNSPECIFIED.);
#224=B_SPLINE_SURFACE_WITH_KNOTS('',3,3,((#11188,#11189,#11190,#11191,#11192),
(#11193,#11194,#11195,#11196,#11197),(#11198,#11199,#11200,#11201,#11202),
(#11203,#11204,#11205,#11206,#11207),(#11208,#11209,#11210,#11211,#11212)),
 .UNSPECIFIED.,.F.,.F.,.F.,(4,1,4),(4,1,4),(-3.14159265364113,-2.57436064670623,
-2.00712863977133),(2.33999589853511,2.79805118713778,3.14159265358979),
 .UNSPECIFIED.);
#225=B_SPLINE_SURFACE_WITH_KNOTS('',3,3,((#11218,#11219,#11220,#11221,#11222),
(#11223,#11224,#11225,#11226,#11227),(#11228,#11229,#11230,#11231,#11232),
(#11233,#11234,#11235,#11236,#11237)),.UNSPECIFIED.,.F.,.F.,.F.,(4,4),(4,
1,4),(0.,0.252299384677597),(2.30951941413123,2.66612223104205,3.14159265358979),
 .UNSPECIFIED.);
#226=B_SPLINE_SURFACE_WITH_KNOTS('',3,3,((#11243,#11244,#11245,#11246,#11247),
(#11248,#11249,#11250,#11251,#11252),(#11253,#11254,#11255,#11256,#11257),
(#11258,#11259,#11260,#11261,#11262),(#11263,#11264,#11265,#11266,#11267)),
 .UNSPECIFIED.,.F.,.F.,.F.,(4,1,4),(4,1,4),(0.,0.567232006898157,1.13446401379631),
(2.30426569465593,2.66312010562759,3.14159265358979),.UNSPECIFIED.);
#227=B_SPLINE_SURFACE_WITH_KNOTS('',3,3,((#11273,#11274,#11275,#11276,#11277),
(#11278,#11279,#11280,#11281,#11282),(#11283,#11284,#11285,#11286,#11287),
(#11288,#11289,#11290,#11291,#11292),(#11293,#11294,#11295,#11296,#11297)),
 .UNSPECIFIED.,.F.,.F.,.F.,(4,1,4),(4,1,4),(2.87991202066463E-16,0.567232006898157,
1.13446401379631),(2.30426569465593,2.66312010562759,3.14159265358979),
 .UNSPECIFIED.);
#228=B_SPLINE_SURFACE_WITH_KNOTS('',3,3,((#11303,#11304,#11305,#11306,#11307),
(#11308,#11309,#11310,#11311,#11312),(#11313,#11314,#11315,#11316,#11317),
(#11318,#11319,#11320,#11321,#11322)),.UNSPECIFIED.,.F.,.F.,.F.,(4,4),(4,
1,4),(-2.9350288600218E-16,0.252299384677597),(2.30951941413123,2.66612223104205,
3.14159265358979),.UNSPECIFIED.);
#229=B_SPLINE_SURFACE_WITH_KNOTS('',3,3,((#11328,#11329,#11330,#11331,#11332),
(#11333,#11334,#11335,#11336,#11337),(#11338,#11339,#11340,#11341,#11342),
(#11343,#11344,#11345,#11346,#11347),(#11348,#11349,#11350,#11351,#11352)),
 .UNSPECIFIED.,.F.,.F.,.F.,(4,1,4),(4,1,4),(-3.14159265365614,-2.57436064672481,
-2.00712863979348),(2.33999589853463,2.68353736498684,3.14159265358979),
 .UNSPECIFIED.);
#230=B_SPLINE_SURFACE_WITH_KNOTS('',3,3,((#11358,#11359,#11360,#11361,#11362,
#11363,#11364),(#11365,#11366,#11367,#11368,#11369,#11370,#11371),(#11372,
#11373,#11374,#11375,#11376,#11377,#11378),(#11379,#11380,#11381,#11382,
#11383,#11384,#11385),(#11386,#11387,#11388,#11389,#11390,#11391,#11392)),
 .UNSPECIFIED.,.F.,.F.,.F.,(4,1,4),(4,1,1,1,4),(2.87991202066463E-16,0.567232006898157,
1.13446401379631),(0.309849851254328,0.703518515973361,1.09718718069239,
1.49085584541143,1.88452451013046),.UNSPECIFIED.);
#231=B_SPLINE_SURFACE_WITH_KNOTS('',3,3,((#11407,#11408,#11409,#11410,#11411,
#11412,#11413),(#11414,#11415,#11416,#11417,#11418,#11419,#11420),(#11421,
#11422,#11423,#11424,#11425,#11426,#11427),(#11428,#11429,#11430,#11431,
#11432,#11433,#11434)),.UNSPECIFIED.,.F.,.F.,.F.,(4,4),(4,1,1,1,4),(-2.9350288600218E-16,
0.252299384677597),(0.288903810062804,0.686495555210892,1.08408730035898,
1.48167904550707,1.87927079065516),.UNSPECIFIED.);
#232=B_SPLINE_SURFACE_WITH_KNOTS('',3,3,((#11435,#11436,#11437,#11438),
(#11439,#11440,#11441,#11442),(#11443,#11444,#11445,#11446),(#11447,#11448,
#11449,#11450)),.UNSPECIFIED.,.F.,.F.,.F.,(4,4),(4,4),(0.,0.105333687235622),
(0.0457380265228997,0.202392835345108),.UNSPECIFIED.);
#233=B_SPLINE_SURFACE_WITH_KNOTS('',3,3,((#11455,#11456,#11457,#11458,#11459,
#11460,#11461),(#11462,#11463,#11464,#11465,#11466,#11467,#11468),(#11469,
#11470,#11471,#11472,#11473,#11474,#11475),(#11476,#11477,#11478,#11479,
#11480,#11481,#11482),(#11483,#11484,#11485,#11486,#11487,#11488,#11489)),
 .UNSPECIFIED.,.F.,.F.,.F.,(4,1,4),(4,1,1,1,4),(0.,0.567232006898157,1.13446401379631),
(0.309849851254328,0.703518515973361,1.09718718069239,1.49085584541143,
1.88452451013046),.UNSPECIFIED.);
#234=B_SPLINE_SURFACE_WITH_KNOTS('',3,3,((#11497,#11498,#11499,#11500,#11501,
#11502,#11503),(#11504,#11505,#11506,#11507,#11508,#11509,#11510),(#11511,
#11512,#11513,#11514,#11515,#11516,#11517),(#11518,#11519,#11520,#11521,
#11522,#11523,#11524)),.UNSPECIFIED.,.F.,.F.,.F.,(4,4),(4,1,1,1,4),(0.,
0.252299384677597),(0.288903810067927,0.686495555214734,1.08408730036154,
1.48167904550835,1.87927079065516),.UNSPECIFIED.);
#235=B_SPLINE_SURFACE_WITH_KNOTS('',3,3,((#11532,#11533,#11534,#11535,#11536,
#11537,#11538),(#11539,#11540,#11541,#11542,#11543,#11544,#11545),(#11546,
#11547,#11548,#11549,#11550,#11551,#11552),(#11553,#11554,#11555,#11556,
#11557,#11558,#11559),(#11560,#11561,#11562,#11563,#11564,#11565,#11566)),
 .UNSPECIFIED.,.F.,.F.,.F.,(4,1,4),(4,1,1,1,4),(-3.14159265364113,-2.57436064670623,
-2.00712863977133),(0.253724458608824,0.652491920519439,1.05125938243005,
1.45002684434067,1.84879430625128),.UNSPECIFIED.);
#236=B_SPLINE_SURFACE_WITH_KNOTS('',3,3,((#11567,#11568,#11569,#11570),
(#11571,#11572,#11573,#11574),(#11575,#11576,#11577,#11578),(#11579,#11580,
#11581,#11582),(#11583,#11584,#11585,#11586)),.UNSPECIFIED.,.F.,.F.,.F.,
(4,1,4),(4,4),(-3.14159265358979,-2.57436064669164,-2.00712863979348),(0.,
0.239163044630715),.UNSPECIFIED.);
#237=B_SPLINE_SURFACE_WITH_KNOTS('',3,3,((#11864,#11865,#11866,#11867),
(#11868,#11869,#11870,#11871),(#11872,#11873,#11874,#11875),(#11876,#11877,
#11878,#11879),(#11880,#11881,#11882,#11883)),.UNSPECIFIED.,.F.,.F.,.F.,
(4,1,4),(4,4),(0.,0.5,1.),(6.00239145309596E-16,0.0100489814516939),
 .UNSPECIFIED.);
#238=B_SPLINE_SURFACE_WITH_KNOTS('',3,3,((#11895,#11896,#11897,#11898),
(#11899,#11900,#11901,#11902),(#11903,#11904,#11905,#11906),(#11907,#11908,
#11909,#11910),(#11911,#11912,#11913,#11914)),.UNSPECIFIED.,.F.,.F.,.F.,
(4,1,4),(4,4),(0.,0.5,1.),(0.,0.247908034971944),.UNSPECIFIED.);
#239=B_SPLINE_SURFACE_WITH_KNOTS('',3,3,((#11926,#11927,#11928,#11929,#11930),
(#11931,#11932,#11933,#11934,#11935),(#11936,#11937,#11938,#11939,#11940),
(#11941,#11942,#11943,#11944,#11945),(#11946,#11947,#11948,#11949,#11950)),
 .UNSPECIFIED.,.F.,.F.,.F.,(4,1,4),(4,1,4),(0.,0.5,1.),(0.,0.0293508547960827,
0.0684853278575262),.UNSPECIFIED.);
#240=B_SPLINE_SURFACE_WITH_KNOTS('',3,3,((#11964,#11965,#11966,#11967,#11968),
(#11969,#11970,#11971,#11972,#11973),(#11974,#11975,#11976,#11977,#11978),
(#11979,#11980,#11981,#11982,#11983),(#11984,#11985,#11986,#11987,#11988)),
 .UNSPECIFIED.,.F.,.F.,.F.,(4,1,4),(4,1,4),(0.,0.571428571428571,1.),(0.,
0.0335352274474316,0.0670704548948632),.UNSPECIFIED.);
#241=B_SPLINE_SURFACE_WITH_KNOTS('',3,3,((#12002,#12003,#12004,#12005),
(#12006,#12007,#12008,#12009),(#12010,#12011,#12012,#12013),(#12014,#12015,
#12016,#12017),(#12018,#12019,#12020,#12021)),.UNSPECIFIED.,.F.,.F.,.F.,
(4,1,4),(4,4),(0.,0.571428571428571,1.),(0.,0.24172947445024),
 .UNSPECIFIED.);
#242=B_SPLINE_SURFACE_WITH_KNOTS('',3,3,((#12033,#12034,#12035,#12036),
(#12037,#12038,#12039,#12040),(#12041,#12042,#12043,#12044),(#12045,#12046,
#12047,#12048),(#12049,#12050,#12051,#12052)),.UNSPECIFIED.,.F.,.F.,.F.,
(4,1,4),(4,4),(0.,0.571428571428571,1.),(0.,0.00966968590284516),
 .UNSPECIFIED.);
#243=B_SPLINE_SURFACE_WITH_KNOTS('',3,3,((#12064,#12065,#12066,#12067,#12068,
#12069,#12070),(#12071,#12072,#12073,#12074,#12075,#12076,#12077),(#12078,
#12079,#12080,#12081,#12082,#12083,#12084),(#12085,#12086,#12087,#12088,
#12089,#12090,#12091),(#12092,#12093,#12094,#12095,#12096,#12097,#12098)),
 .UNSPECIFIED.,.F.,.F.,.F.,(4,1,4),(4,1,1,1,4),(0.,0.571428571428571,1.),
(-0.00146039858592843,0.00726112381528035,0.0159826462164891,0.0508687358213242,
0.120640915030994),.UNSPECIFIED.);
#244=B_SPLINE_SURFACE_WITH_KNOTS('',3,3,((#12170,#12171,#12172,#12173,#12174,
#12175,#12176,#12177,#12178),(#12179,#12180,#12181,#12182,#12183,#12184,
#12185,#12186,#12187),(#12188,#12189,#12190,#12191,#12192,#12193,#12194,
#12195,#12196),(#12197,#12198,#12199,#12200,#12201,#12202,#12203,#12204,
#12205),(#12206,#12207,#12208,#12209,#12210,#12211,#12212,#12213,#12214)),
 .UNSPECIFIED.,.F.,.F.,.F.,(4,1,4),(4,1,1,1,1,1,4),(-3.14159265362748,-2.52961648033984,
-2.07063435037411),(0.253617627095885,0.574503741150763,1.21627596926052,
1.5371620833154,2.17893431142516,2.49982042548004,3.14159265358979),
 .UNSPECIFIED.);
#245=B_SPLINE_SURFACE_WITH_KNOTS('',3,3,((#12228,#12229,#12230,#12231,#12232,
#12233,#12234,#12235,#12236,#12237),(#12238,#12239,#12240,#12241,#12242,
#12243,#12244,#12245,#12246,#12247),(#12248,#12249,#12250,#12251,#12252,
#12253,#12254,#12255,#12256,#12257),(#12258,#12259,#12260,#12261,#12262,
#12263,#12264,#12265,#12266,#12267)),.UNSPECIFIED.,.F.,.F.,.F.,(4,4),(4,
1,1,1,1,1,1,4),(-2.39579373694418E-33,0.252299384677597),(0.288813139896796,
0.60578864141824,1.23973964446113,1.55671514598257,2.19066614902546,2.5076416505469,
2.82461715206835,3.14159265358979),.UNSPECIFIED.);
#246=B_SPLINE_SURFACE_WITH_KNOTS('',3,3,((#12278,#12279,#12280,#12281,#12282,
#12283,#12284,#12285,#12286,#12287),(#12288,#12289,#12290,#12291,#12292,
#12293,#12294,#12295,#12296,#12297),(#12298,#12299,#12300,#12301,#12302,
#12303,#12304,#12305,#12306,#12307),(#12308,#12309,#12310,#12311,#12312,
#12313,#12314,#12315,#12316,#12317),(#12318,#12319,#12320,#12321,#12322,
#12323,#12324,#12325,#12326,#12327)),.UNSPECIFIED.,.F.,.F.,.F.,(4,1,4),
(4,1,1,1,1,1,1,4),(-6.77626357803438E-17,0.567232006898157,1.13446401379631),
(0.309746233402525,0.624395835645555,1.25369504013161,1.56834464237464,
2.1976438468607,2.51229344910373,2.82694305134676,3.14159265358979),
 .UNSPECIFIED.);
#247=B_SPLINE_SURFACE_WITH_KNOTS('',3,3,((#12344,#12345,#12346,#12347,#12348,
#12349,#12350,#12351,#12352,#12353),(#12354,#12355,#12356,#12357,#12358,
#12359,#12360,#12361,#12362,#12363),(#12364,#12365,#12366,#12367,#12368,
#12369,#12370,#12371,#12372,#12373),(#12374,#12375,#12376,#12377,#12378,
#12379,#12380,#12381,#12382,#12383),(#12384,#12385,#12386,#12387,#12388,
#12389,#12390,#12391,#12392,#12393)),.UNSPECIFIED.,.F.,.F.,.F.,(4,1,4),
(4,1,1,1,1,1,1,4),(0.,0.567232006898158,1.13446401379632),(0.309746233402525,
0.624395835645555,1.25369504013161,1.56834464237464,2.1976438468607,2.51229344910373,
2.82694305134676,3.14159265358979),.UNSPECIFIED.);
#248=B_SPLINE_SURFACE_WITH_KNOTS('',3,3,((#12409,#12410,#12411,#12412,#12413,
#12414,#12415,#12416,#12417),(#12418,#12419,#12420,#12421,#12422,#12423,
#12424,#12425,#12426),(#12427,#12428,#12429,#12430,#12431,#12432,#12433,
#12434,#12435),(#12436,#12437,#12438,#12439,#12440,#12441,#12442,#12443,
#12444)),.UNSPECIFIED.,.F.,.F.,.F.,(4,4),(4,1,1,1,1,1,4),(0.,0.252299384677597),
(0.288813139899926,0.605788641421022,1.23973964446321,1.87369064750541,
2.1906661490265,2.5076416505476,3.14159265358979),.UNSPECIFIED.);
#249=B_SPLINE_SURFACE_WITH_KNOTS('',3,3,((#12445,#12446,#12447,#12448,#12449,
#12450,#12451),(#12452,#12453,#12454,#12455,#12456,#12457,#12458),(#12459,
#12460,#12461,#12462,#12463,#12464,#12465),(#12466,#12467,#12468,#12469,
#12470,#12471,#12472),(#12473,#12474,#12475,#12476,#12477,#12478,#12479)),
 .UNSPECIFIED.,.F.,.F.,.F.,(4,1,4),(4,1,1,1,4),(0.,0.571428571428571,1.),
(3.96822149256381E-5,0.0199365287433974,0.0398333752718692,0.0796270683288128,
0.139317607914228),.UNSPECIFIED.);
#250=B_SPLINE_SURFACE_WITH_KNOTS('',3,3,((#12496,#12497,#12498,#12499),
(#12500,#12501,#12502,#12503),(#12504,#12505,#12506,#12507),(#12508,#12509,
#12510,#12511),(#12512,#12513,#12514,#12515)),.UNSPECIFIED.,.F.,.F.,.F.,
(4,1,4),(4,4),(0.,0.571428571428571,1.),(1.43570107662713E-16,0.149865647208622),
 .UNSPECIFIED.);
#251=B_SPLINE_SURFACE_WITH_KNOTS('',3,3,((#12527,#12528,#12529,#12530,#12531,
#12532),(#12533,#12534,#12535,#12536,#12537,#12538),(#12539,#12540,#12541,
#12542,#12543,#12544),(#12545,#12546,#12547,#12548,#12549,#12550),(#12551,
#12552,#12553,#12554,#12555,#12556)),.UNSPECIFIED.,.F.,.F.,.F.,(4,1,4),
(4,1,1,4),(0.,0.5,1.),(0.,0.0432035240332129,0.0540044050415161,0.0756061670581226),
 .UNSPECIFIED.);
#252=B_SPLINE_SURFACE_WITH_KNOTS('',3,3,((#12572,#12573,#12574,#12575),
(#12576,#12577,#12578,#12579),(#12580,#12581,#12582,#12583),(#12584,#12585,
#12586,#12587),(#12588,#12589,#12590,#12591)),.UNSPECIFIED.,.F.,.F.,.F.,
(4,1,4),(4,4),(0.,0.5,1.),(0.,0.0934259349548587),.UNSPECIFIED.);
#253=B_SPLINE_SURFACE_WITH_KNOTS('',3,3,((#12603,#12604,#12605,#12606),
(#12607,#12608,#12609,#12610),(#12611,#12612,#12613,#12614),(#12615,#12616,
#12617,#12618),(#12619,#12620,#12621,#12622)),.UNSPECIFIED.,.F.,.F.,.F.,
(4,1,4),(4,4),(0.,0.5,1.),(4.7498704336635E-16,0.0228229434880354),
 .UNSPECIFIED.);
#254=B_SPLINE_SURFACE_WITH_KNOTS('',3,3,((#12634,#12635,#12636,#12637,#12638,
#12639,#12640,#12641,#12642),(#12643,#12644,#12645,#12646,#12647,#12648,
#12649,#12650,#12651),(#12652,#12653,#12654,#12655,#12656,#12657,#12658,
#12659,#12660),(#12661,#12662,#12663,#12664,#12665,#12666,#12667,#12668,
#12669),(#12670,#12671,#12672,#12673,#12674,#12675,#12676,#12677,#12678)),
 .UNSPECIFIED.,.F.,.F.,.F.,(4,1,4),(4,1,1,1,1,1,4),(0.,0.571428571428571,
1.),(0.000147866345124703,0.00460950937411644,0.00907115240310818,0.0179944384610917,
0.0536875826930256,0.0893807269249595,0.125073871156893),.UNSPECIFIED.);
#255=B_SPLINE_SURFACE_WITH_KNOTS('',3,3,((#12772,#12773,#12774,#12775,#12776,
#12777),(#12778,#12779,#12780,#12781,#12782,#12783),(#12784,#12785,#12786,
#12787,#12788,#12789),(#12790,#12791,#12792,#12793,#12794,#12795),(#12796,
#12797,#12798,#12799,#12800,#12801)),.UNSPECIFIED.,.F.,.F.,.F.,(4,1,4),
(4,1,1,4),(0.,0.571428571428571,1.),(0.,0.0929804158005026,0.127848071725691,
0.16271572765088),.UNSPECIFIED.);
#256=B_SPLINE_SURFACE_WITH_KNOTS('',3,3,((#12810,#12811,#12812,#12813),
(#12814,#12815,#12816,#12817),(#12818,#12819,#12820,#12821),(#12822,#12823,
#12824,#12825),(#12826,#12827,#12828,#12829)),.UNSPECIFIED.,.F.,.F.,.F.,
(4,1,4),(4,4),(0.,0.571428571428571,1.),(0.,0.164613667173713),
 .UNSPECIFIED.);
#257=B_SPLINE_SURFACE_WITH_KNOTS('',3,3,((#12836,#12837,#12838,#12839,#12840,
#12841),(#12842,#12843,#12844,#12845,#12846,#12847),(#12848,#12849,#12850,
#12851,#12852,#12853),(#12854,#12855,#12856,#12857,#12858,#12859),(#12860,
#12861,#12862,#12863,#12864,#12865)),.UNSPECIFIED.,.F.,.F.,.F.,(4,1,4),
(4,1,1,4),(0.,0.571428571428571,1.),(0.,0.0316699116626805,0.0527831861044675,
0.0738964605462545),.UNSPECIFIED.);
#258=B_SPLINE_SURFACE_WITH_KNOTS('',3,3,((#12874,#12875,#12876,#12877),
(#12878,#12879,#12880,#12881),(#12882,#12883,#12884,#12885),(#12886,#12887,
#12888,#12889),(#12890,#12891,#12892,#12893)),.UNSPECIFIED.,.F.,.F.,.F.,
(4,1,4),(4,4),(0.,0.571428571428571,1.),(0.,0.0864878176109374),
 .UNSPECIFIED.);
#259=B_SPLINE_SURFACE_WITH_KNOTS('',3,3,((#12900,#12901,#12902,#12903),
(#12904,#12905,#12906,#12907),(#12908,#12909,#12910,#12911),(#12912,#12913,
#12914,#12915),(#12916,#12917,#12918,#12919)),.UNSPECIFIED.,.F.,.F.,.F.,
(4,1,4),(4,4),(0.,0.571428571428571,1.),(0.,0.0207664027554648),
 .UNSPECIFIED.);
#260=B_SPLINE_SURFACE_WITH_KNOTS('',3,3,((#12926,#12927,#12928,#12929,#12930,
#12931,#12932,#12933),(#12934,#12935,#12936,#12937,#12938,#12939,#12940,
#12941),(#12942,#12943,#12944,#12945,#12946,#12947,#12948,#12949),(#12950,
#12951,#12952,#12953,#12954,#12955,#12956,#12957),(#12958,#12959,#12960,
#12961,#12962,#12963,#12964,#12965)),.UNSPECIFIED.,.F.,.F.,.F.,(4,1,4),
(4,1,1,1,1,4),(0.,0.571428571428571,1.),(0.,0.0437681039862776,0.0729468399771293,
0.0875362079725552,0.0948308919702681,0.102125575967981),.UNSPECIFIED.);
#261=B_SPLINE_SURFACE_WITH_KNOTS('',3,3,((#12974,#12975,#12976,#12977),
(#12978,#12979,#12980,#12981),(#12982,#12983,#12984,#12985),(#12986,#12987,
#12988,#12989)),.UNSPECIFIED.,.F.,.F.,.F.,(4,4),(4,4),(0.14695163378556,
0.252299384677597),(0.045779938172693,0.202594742402652),.UNSPECIFIED.);
#262=B_SPLINE_SURFACE_WITH_KNOTS('',3,3,((#12994,#12995,#12996,#12997),
(#12998,#12999,#13000,#13001),(#13002,#13003,#13004,#13005),(#13006,#13007,
#13008,#13009),(#13010,#13011,#13012,#13013)),.UNSPECIFIED.,.F.,.F.,.F.,
(4,1,4),(4,4),(-3.1411141491418,-2.57412139446764,-2.00712863979347),(0.,
0.239394601907547),.UNSPECIFIED.);
#263=B_SPLINE_SURFACE_WITH_KNOTS('',3,3,((#13014,#13015,#13016,#13017),
(#13018,#13019,#13020,#13021),(#13022,#13023,#13024,#13025),(#13026,#13027,
#13028,#13029),(#13030,#13031,#13032,#13033)),.UNSPECIFIED.,.F.,.F.,.F.,
(4,1,4),(4,4),(0.,0.291955345276899,0.681229138979431),(0.058240085385264,
0.10838394716342),.UNSPECIFIED.);
#264=B_SPLINE_SURFACE_WITH_KNOTS('',3,3,((#13034,#13035,#13036,#13037,#13038),
(#13039,#13040,#13041,#13042,#13043),(#13044,#13045,#13046,#13047,#13048),
(#13049,#13050,#13051,#13052,#13053),(#13054,#13055,#13056,#13057,#13058)),
 .UNSPECIFIED.,.F.,.F.,.F.,(4,1,4),(4,1,4),(0.,0.5,1.),(3.51274749975489E-17,
0.0337525587821286,0.0675051175642572),.UNSPECIFIED.);
#265=B_SPLINE_SURFACE_WITH_KNOTS('',3,3,((#13060,#13061,#13062,#13063,#13064),
(#13065,#13066,#13067,#13068,#13069),(#13070,#13071,#13072,#13073,#13074),
(#13075,#13076,#13077,#13078,#13079),(#13080,#13081,#13082,#13083,#13084)),
 .UNSPECIFIED.,.F.,.F.,.F.,(4,1,4),(4,1,4),(0.,0.5,1.),(0.,0.0338072806667242,
0.0676145613334484),.UNSPECIFIED.);
#266=B_SPLINE_SURFACE_WITH_KNOTS('',3,3,((#13089,#13090,#13091,#13092),
(#13093,#13094,#13095,#13096),(#13097,#13098,#13099,#13100),(#13101,#13102,
#13103,#13104)),.UNSPECIFIED.,.F.,.F.,.F.,(4,4),(4,4),(0.,0.105351929505285),
(0.0457799381726927,0.202594742402652),.UNSPECIFIED.);
#267=B_SPLINE_SURFACE_WITH_KNOTS('',3,3,((#13109,#13110,#13111,#13112),
(#13113,#13114,#13115,#13116),(#13117,#13118,#13119,#13120),(#13121,#13122,
#13123,#13124),(#13125,#13126,#13127,#13128)),.UNSPECIFIED.,.F.,.F.,.F.,
(4,1,4),(4,4),(-3.1415926535898,-2.57459968679562,-2.00760672000145),(0.,
0.239394602320955),.UNSPECIFIED.);
#268=B_SPLINE_SURFACE_WITH_KNOTS('',3,3,((#13207,#13208,#13209,#13210,#13211,
#13212,#13213,#13214),(#13215,#13216,#13217,#13218,#13219,#13220,#13221,
#13222),(#13223,#13224,#13225,#13226,#13227,#13228,#13229,#13230),(#13231,
#13232,#13233,#13234,#13235,#13236,#13237,#13238)),.UNSPECIFIED.,.F.,.F.,
 .F.,(4,4),(4,2,1,1,4),(0.,1.),(-0.000515235801614472,0.,0.0549110287913325,
0.0823665431869987,0.137277571978331),.UNSPECIFIED.);
#269=B_SPLINE_SURFACE_WITH_KNOTS('',3,3,((#13274,#13275,#13276,#13277,#13278,
#13279,#13280,#13281),(#13282,#13283,#13284,#13285,#13286,#13287,#13288,
#13289),(#13290,#13291,#13292,#13293,#13294,#13295,#13296,#13297),(#13298,
#13299,#13300,#13301,#13302,#13303,#13304,#13305)),.UNSPECIFIED.,.F.,.F.,
 .F.,(4,4),(4,2,1,1,4),(0.,1.),(-0.000437084867176867,0.,0.0824167648804463,
0.109889019840595,0.137361274800744),.UNSPECIFIED.);
#270=B_SPLINE_SURFACE_WITH_KNOTS('',3,3,((#13425,#13426,#13427,#13428,#13429,
#13430,#13431,#13432),(#13433,#13434,#13435,#13436,#13437,#13438,#13439,
#13440),(#13441,#13442,#13443,#13444,#13445,#13446,#13447,#13448),(#13449,
#13450,#13451,#13452,#13453,#13454,#13455,#13456)),.UNSPECIFIED.,.F.,.F.,
 .F.,(4,4),(4,2,1,1,4),(0.,1.),(-0.000515991635244324,0.,0.0549106881034169,
0.0823660321551253,0.137276720258542),.UNSPECIFIED.);
#271=B_SPLINE_SURFACE_WITH_KNOTS('',3,3,((#13520,#13521,#13522,#13523,#13524,
#13525,#13526,#13527),(#13528,#13529,#13530,#13531,#13532,#13533,#13534,
#13535),(#13536,#13537,#13538,#13539,#13540,#13541,#13542,#13543),(#13544,
#13545,#13546,#13547,#13548,#13549,#13550,#13551)),.UNSPECIFIED.,.F.,.F.,
 .F.,(4,4),(4,2,1,1,4),(0.,1.),(-0.000478294238510405,0.,0.0549256194902795,
0.0823884292354193,0.137314048725699),.UNSPECIFIED.);
#272=B_SPLINE_SURFACE_WITH_KNOTS('',3,3,((#13685,#13686,#13687,#13688),
(#13689,#13690,#13691,#13692),(#13693,#13694,#13695,#13696),(#13697,#13698,
#13699,#13700),(#13701,#13702,#13703,#13704)),.UNSPECIFIED.,.F.,.F.,.F.,
(4,1,4),(4,4),(0.,0.571428571428571,1.),(-0.785398163397448,-0.492337622331293),
 .UNSPECIFIED.);
#273=B_SPLINE_SURFACE_WITH_KNOTS('',3,3,((#13713,#13714,#13715,#13716,#13717),
(#13718,#13719,#13720,#13721,#13722),(#13723,#13724,#13725,#13726,#13727),
(#13728,#13729,#13730,#13731,#13732),(#13733,#13734,#13735,#13736,#13737)),
 .UNSPECIFIED.,.F.,.F.,.F.,(4,1,4),(4,1,4),(0.,0.5,1.),(4.62592926927148E-16,
0.897597901025655,1.5707963267949),.UNSPECIFIED.);
#274=B_SPLINE_SURFACE_WITH_KNOTS('',3,3,((#13753,#13754,#13755,#13756),
(#13757,#13758,#13759,#13760),(#13761,#13762,#13763,#13764),(#13765,#13766,
#13767,#13768),(#13769,#13770,#13771,#13772)),.UNSPECIFIED.,.F.,.F.,.F.,
(4,1,4),(4,4),(0.,0.5,1.),(0.785398163397448,1.5707963267949),
 .UNSPECIFIED.);
#275=B_SPLINE_SURFACE_WITH_KNOTS('',3,3,((#13842,#13843,#13844,#13845),
(#13846,#13847,#13848,#13849),(#13850,#13851,#13852,#13853),(#13854,#13855,
#13856,#13857),(#13858,#13859,#13860,#13861)),.UNSPECIFIED.,.F.,.F.,.F.,
(4,1,4),(4,4),(0.,0.571428571428571,1.),(-0.785398163397452,-0.491623068900437),
 .UNSPECIFIED.);
#276=B_SPLINE_SURFACE_WITH_KNOTS('',3,3,((#13863,#13864,#13865,#13866,#13867),
(#13868,#13869,#13870,#13871,#13872),(#13873,#13874,#13875,#13876,#13877),
(#13878,#13879,#13880,#13881,#13882),(#13883,#13884,#13885,#13886,#13887)),
 .UNSPECIFIED.,.F.,.F.,.F.,(4,1,4),(4,1,4),(0.,0.5,1.),(4.71238898038469,
5.60998688141034,6.28318530717959),.UNSPECIFIED.);
#277=B_SPLINE_SURFACE_WITH_KNOTS('',3,3,((#13900,#13901,#13902,#13903),
(#13904,#13905,#13906,#13907),(#13908,#13909,#13910,#13911),(#13912,#13913,
#13914,#13915),(#13916,#13917,#13918,#13919)),.UNSPECIFIED.,.F.,.F.,.F.,
(4,1,4),(4,4),(0.,0.5,1.),(-1.5707963267949,-0.785398163397448),
 .UNSPECIFIED.);
#278=FACE_BOUND('',#657,.T.);
#279=FACE_BOUND('',#658,.T.);
#280=FACE_BOUND('',#799,.T.);
#281=FACE_BOUND('',#800,.T.);
#282=FACE_BOUND('',#801,.T.);
#283=FACE_BOUND('',#809,.T.);
#284=FACE_BOUND('',#810,.T.);
#285=FACE_BOUND('',#811,.T.);
#286=FACE_BOUND('',#812,.T.);
#287=FACE_BOUND('',#813,.T.);
#288=FACE_BOUND('',#814,.T.);
#289=FACE_BOUND('',#815,.T.);
#290=FACE_BOUND('',#816,.T.);
#291=FACE_BOUND('',#823,.T.);
#292=FACE_BOUND('',#824,.T.);
#293=FACE_BOUND('',#825,.T.);
#294=FACE_BOUND('',#826,.T.);
#295=FACE_BOUND('',#827,.T.);
#296=FACE_BOUND('',#828,.T.);
#297=FACE_BOUND('',#829,.T.);
#298=FACE_BOUND('',#830,.T.);
#299=FACE_BOUND('',#831,.T.);
#300=FACE_BOUND('',#992,.T.);
#301=FACE_BOUND('',#1003,.T.);
#302=FACE_OUTER_BOUND('',#656,.T.);
#303=FACE_OUTER_BOUND('',#659,.T.);
#304=FACE_OUTER_BOUND('',#660,.T.);
#305=FACE_OUTER_BOUND('',#661,.T.);
#306=FACE_OUTER_BOUND('',#662,.T.);
#307=FACE_OUTER_BOUND('',#663,.T.);
#308=FACE_OUTER_BOUND('',#664,.T.);
#309=FACE_OUTER_BOUND('',#665,.T.);
#310=FACE_OUTER_BOUND('',#666,.T.);
#311=FACE_OUTER_BOUND('',#667,.T.);
#312=FACE_OUTER_BOUND('',#668,.T.);
#313=FACE_OUTER_BOUND('',#669,.T.);
#314=FACE_OUTER_BOUND('',#670,.T.);
#315=FACE_OUTER_BOUND('',#671,.T.);
#316=FACE_OUTER_BOUND('',#672,.T.);
#317=FACE_OUTER_BOUND('',#673,.T.);
#318=FACE_OUTER_BOUND('',#674,.T.);
#319=FACE_OUTER_BOUND('',#675,.T.);
#320=FACE_OUTER_BOUND('',#676,.T.);
#321=FACE_OUTER_BOUND('',#677,.T.);
#322=FACE_OUTER_BOUND('',#678,.T.);
#323=FACE_OUTER_BOUND('',#679,.T.);
#324=FACE_OUTER_BOUND('',#680,.T.);
#325=FACE_OUTER_BOUND('',#681,.T.);
#326=FACE_OUTER_BOUND('',#682,.T.);
#327=FACE_OUTER_BOUND('',#683,.T.);
#328=FACE_OUTER_BOUND('',#684,.T.);
#329=FACE_OUTER_BOUND('',#685,.T.);
#330=FACE_OUTER_BOUND('',#686,.T.);
#331=FACE_OUTER_BOUND('',#687,.T.);
#332=FACE_OUTER_BOUND('',#688,.T.);
#333=FACE_OUTER_BOUND('',#689,.T.);
#334=FACE_OUTER_BOUND('',#690,.T.);
#335=FACE_OUTER_BOUND('',#691,.T.);
#336=FACE_OUTER_BOUND('',#692,.T.);
#337=FACE_OUTER_BOUND('',#693,.T.);
#338=FACE_OUTER_BOUND('',#694,.T.);
#339=FACE_OUTER_BOUND('',#695,.T.);
#340=FACE_OUTER_BOUND('',#696,.T.);
#341=FACE_OUTER_BOUND('',#697,.T.);
#342=FACE_OUTER_BOUND('',#698,.T.);
#343=FACE_OUTER_BOUND('',#699,.T.);
#344=FACE_OUTER_BOUND('',#700,.T.);
#345=FACE_OUTER_BOUND('',#701,.T.);
#346=FACE_OUTER_BOUND('',#702,.T.);
#347=FACE_OUTER_BOUND('',#703,.T.);
#348=FACE_OUTER_BOUND('',#704,.T.);
#349=FACE_OUTER_BOUND('',#705,.T.);
#350=FACE_OUTER_BOUND('',#706,.T.);
#351=FACE_OUTER_BOUND('',#707,.T.);
#352=FACE_OUTER_BOUND('',#708,.T.);
#353=FACE_OUTER_BOUND('',#709,.T.);
#354=FACE_OUTER_BOUND('',#710,.T.);
#355=FACE_OUTER_BOUND('',#711,.T.);
#356=FACE_OUTER_BOUND('',#712,.T.);
#357=FACE_OUTER_BOUND('',#713,.T.);
#358=FACE_OUTER_BOUND('',#714,.T.);
#359=FACE_OUTER_BOUND('',#715,.T.);
#360=FACE_OUTER_BOUND('',#716,.T.);
#361=FACE_OUTER_BOUND('',#717,.T.);
#362=FACE_OUTER_BOUND('',#718,.T.);
#363=FACE_OUTER_BOUND('',#719,.T.);
#364=FACE_OUTER_BOUND('',#720,.T.);
#365=FACE_OUTER_BOUND('',#721,.T.);
#366=FACE_OUTER_BOUND('',#722,.T.);
#367=FACE_OUTER_BOUND('',#723,.T.);
#368=FACE_OUTER_BOUND('',#724,.T.);
#369=FACE_OUTER_BOUND('',#725,.T.);
#370=FACE_OUTER_BOUND('',#726,.T.);
#371=FACE_OUTER_BOUND('',#727,.T.);
#372=FACE_OUTER_BOUND('',#728,.T.);
#373=FACE_OUTER_BOUND('',#729,.T.);
#374=FACE_OUTER_BOUND('',#730,.T.);
#375=FACE_OUTER_BOUND('',#731,.T.);
#376=FACE_OUTER_BOUND('',#732,.T.);
#377=FACE_OUTER_BOUND('',#733,.T.);
#378=FACE_OUTER_BOUND('',#734,.T.);
#379=FACE_OUTER_BOUND('',#735,.T.);
#380=FACE_OUTER_BOUND('',#736,.T.);
#381=FACE_OUTER_BOUND('',#737,.T.);
#382=FACE_OUTER_BOUND('',#738,.T.);
#383=FACE_OUTER_BOUND('',#739,.T.);
#384=FACE_OUTER_BOUND('',#740,.T.);
#385=FACE_OUTER_BOUND('',#741,.T.);
#386=FACE_OUTER_BOUND('',#742,.T.);
#387=FACE_OUTER_BOUND('',#743,.T.);
#388=FACE_OUTER_BOUND('',#744,.T.);
#389=FACE_OUTER_BOUND('',#745,.T.);
#390=FACE_OUTER_BOUND('',#746,.T.);
#391=FACE_OUTER_BOUND('',#747,.T.);
#392=FACE_OUTER_BOUND('',#748,.T.);
#393=FACE_OUTER_BOUND('',#749,.T.);
#394=FACE_OUTER_BOUND('',#750,.T.);
#395=FACE_OUTER_BOUND('',#751,.T.);
#396=FACE_OUTER_BOUND('',#752,.T.);
#397=FACE_OUTER_BOUND('',#753,.T.);
#398=FACE_OUTER_BOUND('',#754,.T.);
#399=FACE_OUTER_BOUND('',#755,.T.);
#400=FACE_OUTER_BOUND('',#756,.T.);
#401=FACE_OUTER_BOUND('',#757,.T.);
#402=FACE_OUTER_BOUND('',#758,.T.);
#403=FACE_OUTER_BOUND('',#759,.T.);
#404=FACE_OUTER_BOUND('',#760,.T.);
#405=FACE_OUTER_BOUND('',#761,.T.);
#406=FACE_OUTER_BOUND('',#762,.T.);
#407=FACE_OUTER_BOUND('',#763,.T.);
#408=FACE_OUTER_BOUND('',#764,.T.);
#409=FACE_OUTER_BOUND('',#765,.T.);
#410=FACE_OUTER_BOUND('',#766,.T.);
#411=FACE_OUTER_BOUND('',#767,.T.);
#412=FACE_OUTER_BOUND('',#768,.T.);
#413=FACE_OUTER_BOUND('',#769,.T.);
#414=FACE_OUTER_BOUND('',#770,.T.);
#415=FACE_OUTER_BOUND('',#771,.T.);
#416=FACE_OUTER_BOUND('',#772,.T.);
#417=FACE_OUTER_BOUND('',#773,.T.);
#418=FACE_OUTER_BOUND('',#774,.T.);
#419=FACE_OUTER_BOUND('',#775,.T.);
#420=FACE_OUTER_BOUND('',#776,.T.);
#421=FACE_OUTER_BOUND('',#777,.T.);
#422=FACE_OUTER_BOUND('',#778,.T.);
#423=FACE_OUTER_BOUND('',#779,.T.);
#424=FACE_OUTER_BOUND('',#780,.T.);
#425=FACE_OUTER_BOUND('',#781,.T.);
#426=FACE_OUTER_BOUND('',#782,.T.);
#427=FACE_OUTER_BOUND('',#783,.T.);
#428=FACE_OUTER_BOUND('',#784,.T.);
#429=FACE_OUTER_BOUND('',#785,.T.);
#430=FACE_OUTER_BOUND('',#786,.T.);
#431=FACE_OUTER_BOUND('',#787,.T.);
#432=FACE_OUTER_BOUND('',#788,.T.);
#433=FACE_OUTER_BOUND('',#789,.T.);
#434=FACE_OUTER_BOUND('',#790,.T.);
#435=FACE_OUTER_BOUND('',#791,.T.);
#436=FACE_OUTER_BOUND('',#792,.T.);
#437=FACE_OUTER_BOUND('',#793,.T.);
#438=FACE_OUTER_BOUND('',#794,.T.);
#439=FACE_OUTER_BOUND('',#795,.T.);
#440=FACE_OUTER_BOUND('',#796,.T.);
#441=FACE_OUTER_BOUND('',#797,.T.);
#442=FACE_OUTER_BOUND('',#798,.T.);
#443=FACE_OUTER_BOUND('',#802,.T.);
#444=FACE_OUTER_BOUND('',#803,.T.);
#445=FACE_OUTER_BOUND('',#804,.T.);
#446=FACE_OUTER_BOUND('',#805,.T.);
#447=FACE_OUTER_BOUND('',#806,.T.);
#448=FACE_OUTER_BOUND('',#807,.T.);
#449=FACE_OUTER_BOUND('',#808,.T.);
#450=FACE_OUTER_BOUND('',#817,.T.);
#451=FACE_OUTER_BOUND('',#818,.T.);
#452=FACE_OUTER_BOUND('',#819,.T.);
#453=FACE_OUTER_BOUND('',#820,.T.);
#454=FACE_OUTER_BOUND('',#821,.T.);
#455=FACE_OUTER_BOUND('',#822,.T.);
#456=FACE_OUTER_BOUND('',#832,.T.);
#457=FACE_OUTER_BOUND('',#833,.T.);
#458=FACE_OUTER_BOUND('',#834,.T.);
#459=FACE_OUTER_BOUND('',#835,.T.);
#460=FACE_OUTER_BOUND('',#836,.T.);
#461=FACE_OUTER_BOUND('',#837,.T.);
#462=FACE_OUTER_BOUND('',#838,.T.);
#463=FACE_OUTER_BOUND('',#839,.T.);
#464=FACE_OUTER_BOUND('',#840,.T.);
#465=FACE_OUTER_BOUND('',#841,.T.);
#466=FACE_OUTER_BOUND('',#842,.T.);
#467=FACE_OUTER_BOUND('',#843,.T.);
#468=FACE_OUTER_BOUND('',#844,.T.);
#469=FACE_OUTER_BOUND('',#845,.T.);
#470=FACE_OUTER_BOUND('',#846,.T.);
#471=FACE_OUTER_BOUND('',#847,.T.);
#472=FACE_OUTER_BOUND('',#848,.T.);
#473=FACE_OUTER_BOUND('',#849,.T.);
#474=FACE_OUTER_BOUND('',#850,.T.);
#475=FACE_OUTER_BOUND('',#851,.T.);
#476=FACE_OUTER_BOUND('',#852,.T.);
#477=FACE_OUTER_BOUND('',#853,.T.);
#478=FACE_OUTER_BOUND('',#854,.T.);
#479=FACE_OUTER_BOUND('',#855,.T.);
#480=FACE_OUTER_BOUND('',#856,.T.);
#481=FACE_OUTER_BOUND('',#857,.T.);
#482=FACE_OUTER_BOUND('',#858,.T.);
#483=FACE_OUTER_BOUND('',#859,.T.);
#484=FACE_OUTER_BOUND('',#860,.T.);
#485=FACE_OUTER_BOUND('',#861,.T.);
#486=FACE_OUTER_BOUND('',#862,.T.);
#487=FACE_OUTER_BOUND('',#863,.T.);
#488=FACE_OUTER_BOUND('',#864,.T.);
#489=FACE_OUTER_BOUND('',#865,.T.);
#490=FACE_OUTER_BOUND('',#866,.T.);
#491=FACE_OUTER_BOUND('',#867,.T.);
#492=FACE_OUTER_BOUND('',#868,.T.);
#493=FACE_OUTER_BOUND('',#869,.T.);
#494=FACE_OUTER_BOUND('',#870,.T.);
#495=FACE_OUTER_BOUND('',#871,.T.);
#496=FACE_OUTER_BOUND('',#872,.T.);
#497=FACE_OUTER_BOUND('',#873,.T.);
#498=FACE_OUTER_BOUND('',#874,.T.);
#499=FACE_OUTER_BOUND('',#875,.T.);
#500=FACE_OUTER_BOUND('',#876,.T.);
#501=FACE_OUTER_BOUND('',#877,.T.);
#502=FACE_OUTER_BOUND('',#878,.T.);
#503=FACE_OUTER_BOUND('',#879,.T.);
#504=FACE_OUTER_BOUND('',#880,.T.);
#505=FACE_OUTER_BOUND('',#881,.T.);
#506=FACE_OUTER_BOUND('',#882,.T.);
#507=FACE_OUTER_BOUND('',#883,.T.);
#508=FACE_OUTER_BOUND('',#884,.T.);
#509=FACE_OUTER_BOUND('',#885,.T.);
#510=FACE_OUTER_BOUND('',#886,.T.);
#511=FACE_OUTER_BOUND('',#887,.T.);
#512=FACE_OUTER_BOUND('',#888,.T.);
#513=FACE_OUTER_BOUND('',#889,.T.);
#514=FACE_OUTER_BOUND('',#890,.T.);
#515=FACE_OUTER_BOUND('',#891,.T.);
#516=FACE_OUTER_BOUND('',#892,.T.);
#517=FACE_OUTER_BOUND('',#893,.T.);
#518=FACE_OUTER_BOUND('',#894,.T.);
#519=FACE_OUTER_BOUND('',#895,.T.);
#520=FACE_OUTER_BOUND('',#896,.T.);
#521=FACE_OUTER_BOUND('',#897,.T.);
#522=FACE_OUTER_BOUND('',#898,.T.);
#523=FACE_OUTER_BOUND('',#899,.T.);
#524=FACE_OUTER_BOUND('',#900,.T.);
#525=FACE_OUTER_BOUND('',#901,.T.);
#526=FACE_OUTER_BOUND('',#902,.T.);
#527=FACE_OUTER_BOUND('',#903,.T.);
#528=FACE_OUTER_BOUND('',#904,.T.);
#529=FACE_OUTER_BOUND('',#905,.T.);
#530=FACE_OUTER_BOUND('',#906,.T.);
#531=FACE_OUTER_BOUND('',#907,.T.);
#532=FACE_OUTER_BOUND('',#908,.T.);
#533=FACE_OUTER_BOUND('',#909,.T.);
#534=FACE_OUTER_BOUND('',#910,.T.);
#535=FACE_OUTER_BOUND('',#911,.T.);
#536=FACE_OUTER_BOUND('',#912,.T.);
#537=FACE_OUTER_BOUND('',#913,.T.);
#538=FACE_OUTER_BOUND('',#914,.T.);
#539=FACE_OUTER_BOUND('',#915,.T.);
#540=FACE_OUTER_BOUND('',#916,.T.);
#541=FACE_OUTER_BOUND('',#917,.T.);
#542=FACE_OUTER_BOUND('',#918,.T.);
#543=FACE_OUTER_BOUND('',#919,.T.);
#544=FACE_OUTER_BOUND('',#920,.T.);
#545=FACE_OUTER_BOUND('',#921,.T.);
#546=FACE_OUTER_BOUND('',#922,.T.);
#547=FACE_OUTER_BOUND('',#923,.T.);
#548=FACE_OUTER_BOUND('',#924,.T.);
#549=FACE_OUTER_BOUND('',#925,.T.);
#550=FACE_OUTER_BOUND('',#926,.T.);
#551=FACE_OUTER_BOUND('',#927,.T.);
#552=FACE_OUTER_BOUND('',#928,.T.);
#553=FACE_OUTER_BOUND('',#929,.T.);
#554=FACE_OUTER_BOUND('',#930,.T.);
#555=FACE_OUTER_BOUND('',#931,.T.);
#556=FACE_OUTER_BOUND('',#932,.T.);
#557=FACE_OUTER_BOUND('',#933,.T.);
#558=FACE_OUTER_BOUND('',#934,.T.);
#559=FACE_OUTER_BOUND('',#935,.T.);
#560=FACE_OUTER_BOUND('',#936,.T.);
#561=FACE_OUTER_BOUND('',#937,.T.);
#562=FACE_OUTER_BOUND('',#938,.T.);
#563=FACE_OUTER_BOUND('',#939,.T.);
#564=FACE_OUTER_BOUND('',#940,.T.);
#565=FACE_OUTER_BOUND('',#941,.T.);
#566=FACE_OUTER_BOUND('',#942,.T.);
#567=FACE_OUTER_BOUND('',#943,.T.);
#568=FACE_OUTER_BOUND('',#944,.T.);
#569=FACE_OUTER_BOUND('',#945,.T.);
#570=FACE_OUTER_BOUND('',#946,.T.);
#571=FACE_OUTER_BOUND('',#947,.T.);
#572=FACE_OUTER_BOUND('',#948,.T.);
#573=FACE_OUTER_BOUND('',#949,.T.);
#574=FACE_OUTER_BOUND('',#950,.T.);
#575=FACE_OUTER_BOUND('',#951,.T.);
#576=FACE_OUTER_BOUND('',#952,.T.);
#577=FACE_OUTER_BOUND('',#953,.T.);
#578=FACE_OUTER_BOUND('',#954,.T.);
#579=FACE_OUTER_BOUND('',#955,.T.);
#580=FACE_OUTER_BOUND('',#956,.T.);
#581=FACE_OUTER_BOUND('',#957,.T.);
#582=FACE_OUTER_BOUND('',#958,.T.);
#583=FACE_OUTER_BOUND('',#959,.T.);
#584=FACE_OUTER_BOUND('',#960,.T.);
#585=FACE_OUTER_BOUND('',#961,.T.);
#586=FACE_OUTER_BOUND('',#962,.T.);
#587=FACE_OUTER_BOUND('',#963,.T.);
#588=FACE_OUTER_BOUND('',#964,.T.);
#589=FACE_OUTER_BOUND('',#965,.T.);
#590=FACE_OUTER_BOUND('',#966,.T.);
#591=FACE_OUTER_BOUND('',#967,.T.);
#592=FACE_OUTER_BOUND('',#968,.T.);
#593=FACE_OUTER_BOUND('',#969,.T.);
#594=FACE_OUTER_BOUND('',#970,.T.);
#595=FACE_OUTER_BOUND('',#971,.T.);
#596=FACE_OUTER_BOUND('',#972,.T.);
#597=FACE_OUTER_BOUND('',#973,.T.);
#598=FACE_OUTER_BOUND('',#974,.T.);
#599=FACE_OUTER_BOUND('',#975,.T.);
#600=FACE_OUTER_BOUND('',#976,.T.);
#601=FACE_OUTER_BOUND('',#977,.T.);
#602=FACE_OUTER_BOUND('',#978,.T.);
#603=FACE_OUTER_BOUND('',#979,.T.);
#604=FACE_OUTER_BOUND('',#980,.T.);
#605=FACE_OUTER_BOUND('',#981,.T.);
#606=FACE_OUTER_BOUND('',#982,.T.);
#607=FACE_OUTER_BOUND('',#983,.T.);
#608=FACE_OUTER_BOUND('',#984,.T.);
#609=FACE_OUTER_BOUND('',#985,.T.);
#610=FACE_OUTER_BOUND('',#986,.T.);
#611=FACE_OUTER_BOUND('',#987,.T.);
#612=FACE_OUTER_BOUND('',#988,.T.);
#613=FACE_OUTER_BOUND('',#989,.T.);
#614=FACE_OUTER_BOUND('',#990,.T.);
#615=FACE_OUTER_BOUND('',#991,.T.);
#616=FACE_OUTER_BOUND('',#993,.T.);
#617=FACE_OUTER_BOUND('',#994,.T.);
#618=FACE_OUTER_BOUND('',#995,.T.);
#619=FACE_OUTER_BOUND('',#996,.T.);
#620=FACE_OUTER_BOUND('',#997,.T.);
#621=FACE_OUTER_BOUND('',#998,.T.);
#622=FACE_OUTER_BOUND('',#999,.T.);
#623=FACE_OUTER_BOUND('',#1000,.T.);
#624=FACE_OUTER_BOUND('',#1001,.T.);
#625=FACE_OUTER_BOUND('',#1002,.T.);
#626=FACE_OUTER_BOUND('',#1004,.T.);
#627=FACE_OUTER_BOUND('',#1005,.T.);
#628=FACE_OUTER_BOUND('',#1006,.T.);
#629=FACE_OUTER_BOUND('',#1007,.T.);
#630=FACE_OUTER_BOUND('',#1008,.T.);
#631=FACE_OUTER_BOUND('',#1009,.T.);
#632=FACE_OUTER_BOUND('',#1010,.T.);
#633=FACE_OUTER_BOUND('',#1011,.T.);
#634=FACE_OUTER_BOUND('',#1012,.T.);
#635=FACE_OUTER_BOUND('',#1013,.T.);
#636=FACE_OUTER_BOUND('',#1014,.T.);
#637=FACE_OUTER_BOUND('',#1015,.T.);
#638=FACE_OUTER_BOUND('',#1016,.T.);
#639=FACE_OUTER_BOUND('',#1017,.T.);
#640=FACE_OUTER_BOUND('',#1018,.T.);
#641=FACE_OUTER_BOUND('',#1019,.T.);
#642=FACE_OUTER_BOUND('',#1020,.T.);
#643=FACE_OUTER_BOUND('',#1021,.T.);
#644=FACE_OUTER_BOUND('',#1022,.T.);
#645=FACE_OUTER_BOUND('',#1023,.T.);
#646=FACE_OUTER_BOUND('',#1024,.T.);
#647=FACE_OUTER_BOUND('',#1025,.T.);
#648=FACE_OUTER_BOUND('',#1026,.T.);
#649=FACE_OUTER_BOUND('',#1027,.T.);
#650=FACE_OUTER_BOUND('',#1028,.T.);
#651=FACE_OUTER_BOUND('',#1029,.T.);
#652=FACE_OUTER_BOUND('',#1030,.T.);
#653=FACE_OUTER_BOUND('',#1031,.T.);
#654=FACE_OUTER_BOUND('',#1032,.T.);
#655=FACE_OUTER_BOUND('',#1033,.T.);
#656=EDGE_LOOP('',(#3337,#3338,#3339,#3340,#3341,#3342,#3343,#3344,#3345,
#3346,#3347,#3348,#3349,#3350,#3351,#3352,#3353,#3354,#3355,#3356,#3357,
#3358,#3359,#3360,#3361,#3362,#3363,#3364,#3365,#3366,#3367,#3368,#3369));
#657=EDGE_LOOP('',(#3370,#3371,#3372,#3373,#3374,#3375,#3376,#3377));
#658=EDGE_LOOP('',(#3378,#3379,#3380,#3381,#3382,#3383,#3384,#3385,#3386,
#3387));
#659=EDGE_LOOP('',(#3388,#3389,#3390));
#660=EDGE_LOOP('',(#3391,#3392,#3393,#3394));
#661=EDGE_LOOP('',(#3395,#3396,#3397,#3398));
#662=EDGE_LOOP('',(#3399,#3400,#3401,#3402));
#663=EDGE_LOOP('',(#3403,#3404,#3405,#3406));
#664=EDGE_LOOP('',(#3407,#3408,#3409,#3410));
#665=EDGE_LOOP('',(#3411,#3412,#3413,#3414));
#666=EDGE_LOOP('',(#3415,#3416,#3417,#3418));
#667=EDGE_LOOP('',(#3419,#3420,#3421,#3422));
#668=EDGE_LOOP('',(#3423,#3424,#3425,#3426));
#669=EDGE_LOOP('',(#3427,#3428,#3429,#3430));
#670=EDGE_LOOP('',(#3431,#3432,#3433,#3434));
#671=EDGE_LOOP('',(#3435,#3436,#3437,#3438));
#672=EDGE_LOOP('',(#3439,#3440,#3441,#3442));
#673=EDGE_LOOP('',(#3443,#3444,#3445,#3446));
#674=EDGE_LOOP('',(#3447,#3448,#3449,#3450));
#675=EDGE_LOOP('',(#3451,#3452,#3453,#3454));
#676=EDGE_LOOP('',(#3455,#3456,#3457,#3458));
#677=EDGE_LOOP('',(#3459,#3460,#3461,#3462));
#678=EDGE_LOOP('',(#3463,#3464,#3465,#3466));
#679=EDGE_LOOP('',(#3467,#3468,#3469,#3470));
#680=EDGE_LOOP('',(#3471,#3472,#3473,#3474));
#681=EDGE_LOOP('',(#3475,#3476,#3477,#3478));
#682=EDGE_LOOP('',(#3479,#3480,#3481,#3482));
#683=EDGE_LOOP('',(#3483,#3484,#3485,#3486));
#684=EDGE_LOOP('',(#3487,#3488,#3489,#3490));
#685=EDGE_LOOP('',(#3491,#3492,#3493));
#686=EDGE_LOOP('',(#3494,#3495,#3496,#3497,#3498,#3499,#3500,#3501,#3502,
#3503,#3504,#3505,#3506,#3507,#3508,#3509,#3510));
#687=EDGE_LOOP('',(#3511,#3512,#3513,#3514));
#688=EDGE_LOOP('',(#3515,#3516,#3517,#3518));
#689=EDGE_LOOP('',(#3519,#3520,#3521,#3522));
#690=EDGE_LOOP('',(#3523,#3524,#3525,#3526));
#691=EDGE_LOOP('',(#3527,#3528,#3529,#3530));
#692=EDGE_LOOP('',(#3531,#3532,#3533,#3534));
#693=EDGE_LOOP('',(#3535,#3536,#3537,#3538));
#694=EDGE_LOOP('',(#3539,#3540,#3541,#3542,#3543,#3544,#3545,#3546,#3547,
#3548,#3549,#3550,#3551,#3552,#3553,#3554,#3555));
#695=EDGE_LOOP('',(#3556,#3557,#3558,#3559));
#696=EDGE_LOOP('',(#3560,#3561,#3562,#3563));
#697=EDGE_LOOP('',(#3564,#3565,#3566,#3567));
#698=EDGE_LOOP('',(#3568,#3569,#3570,#3571,#3572,#3573,#3574,#3575));
#699=EDGE_LOOP('',(#3576,#3577,#3578,#3579));
#700=EDGE_LOOP('',(#3580,#3581,#3582,#3583));
#701=EDGE_LOOP('',(#3584,#3585,#3586,#3587,#3588));
#702=EDGE_LOOP('',(#3589,#3590,#3591,#3592));
#703=EDGE_LOOP('',(#3593,#3594,#3595,#3596));
#704=EDGE_LOOP('',(#3597,#3598,#3599,#3600));
#705=EDGE_LOOP('',(#3601,#3602,#3603,#3604,#3605,#3606,#3607,#3608,#3609));
#706=EDGE_LOOP('',(#3610,#3611,#3612,#3613,#3614));
#707=EDGE_LOOP('',(#3615,#3616,#3617,#3618,#3619));
#708=EDGE_LOOP('',(#3620,#3621,#3622,#3623,#3624));
#709=EDGE_LOOP('',(#3625,#3626,#3627));
#710=EDGE_LOOP('',(#3628,#3629,#3630));
#711=EDGE_LOOP('',(#3631,#3632,#3633,#3634));
#712=EDGE_LOOP('',(#3635,#3636,#3637,#3638,#3639));
#713=EDGE_LOOP('',(#3640,#3641,#3642,#3643));
#714=EDGE_LOOP('',(#3644,#3645,#3646,#3647,#3648,#3649,#3650,#3651));
#715=EDGE_LOOP('',(#3652,#3653,#3654));
#716=EDGE_LOOP('',(#3655,#3656,#3657,#3658));
#717=EDGE_LOOP('',(#3659,#3660,#3661,#3662,#3663));
#718=EDGE_LOOP('',(#3664,#3665,#3666,#3667));
#719=EDGE_LOOP('',(#3668,#3669,#3670,#3671,#3672,#3673,#3674));
#720=EDGE_LOOP('',(#3675,#3676,#3677,#3678));
#721=EDGE_LOOP('',(#3679,#3680,#3681,#3682,#3683));
#722=EDGE_LOOP('',(#3684,#3685,#3686));
#723=EDGE_LOOP('',(#3687,#3688,#3689,#3690));
#724=EDGE_LOOP('',(#3691,#3692,#3693,#3694));
#725=EDGE_LOOP('',(#3695,#3696,#3697,#3698));
#726=EDGE_LOOP('',(#3699,#3700,#3701,#3702));
#727=EDGE_LOOP('',(#3703,#3704,#3705));
#728=EDGE_LOOP('',(#3706,#3707,#3708,#3709));
#729=EDGE_LOOP('',(#3710,#3711,#3712));
#730=EDGE_LOOP('',(#3713,#3714,#3715,#3716,#3717));
#731=EDGE_LOOP('',(#3718,#3719,#3720,#3721,#3722));
#732=EDGE_LOOP('',(#3723,#3724,#3725,#3726,#3727));
#733=EDGE_LOOP('',(#3728,#3729,#3730));
#734=EDGE_LOOP('',(#3731,#3732,#3733,#3734));
#735=EDGE_LOOP('',(#3735,#3736,#3737,#3738,#3739));
#736=EDGE_LOOP('',(#3740,#3741,#3742,#3743));
#737=EDGE_LOOP('',(#3744,#3745,#3746,#3747));
#738=EDGE_LOOP('',(#3748,#3749,#3750,#3751));
#739=EDGE_LOOP('',(#3752,#3753,#3754,#3755));
#740=EDGE_LOOP('',(#3756,#3757,#3758,#3759));
#741=EDGE_LOOP('',(#3760,#3761,#3762,#3763));
#742=EDGE_LOOP('',(#3764,#3765,#3766));
#743=EDGE_LOOP('',(#3767,#3768,#3769,#3770));
#744=EDGE_LOOP('',(#3771,#3772,#3773,#3774));
#745=EDGE_LOOP('',(#3775,#3776,#3777,#3778,#3779,#3780,#3781,#3782,#3783));
#746=EDGE_LOOP('',(#3784,#3785,#3786,#3787));
#747=EDGE_LOOP('',(#3788,#3789,#3790));
#748=EDGE_LOOP('',(#3791,#3792,#3793,#3794,#3795));
#749=EDGE_LOOP('',(#3796,#3797,#3798,#3799,#3800));
#750=EDGE_LOOP('',(#3801,#3802,#3803,#3804,#3805));
#751=EDGE_LOOP('',(#3806,#3807,#3808));
#752=EDGE_LOOP('',(#3809,#3810,#3811,#3812));
#753=EDGE_LOOP('',(#3813,#3814,#3815,#3816));
#754=EDGE_LOOP('',(#3817,#3818,#3819,#3820));
#755=EDGE_LOOP('',(#3821,#3822,#3823,#3824));
#756=EDGE_LOOP('',(#3825,#3826,#3827,#3828));
#757=EDGE_LOOP('',(#3829,#3830,#3831,#3832));
#758=EDGE_LOOP('',(#3833,#3834,#3835));
#759=EDGE_LOOP('',(#3836,#3837,#3838,#3839,#3840));
#760=EDGE_LOOP('',(#3841,#3842,#3843,#3844,#3845,#3846));
#761=EDGE_LOOP('',(#3847,#3848,#3849,#3850,#3851,#3852));
#762=EDGE_LOOP('',(#3853,#3854,#3855,#3856));
#763=EDGE_LOOP('',(#3857,#3858,#3859,#3860));
#764=EDGE_LOOP('',(#3861,#3862,#3863,#3864));
#765=EDGE_LOOP('',(#3865,#3866,#3867,#3868));
#766=EDGE_LOOP('',(#3869,#3870,#3871,#3872));
#767=EDGE_LOOP('',(#3873,#3874,#3875));
#768=EDGE_LOOP('',(#3876,#3877,#3878,#3879));
#769=EDGE_LOOP('',(#3880,#3881,#3882,#3883,#3884,#3885));
#770=EDGE_LOOP('',(#3886,#3887,#3888,#3889));
#771=EDGE_LOOP('',(#3890,#3891,#3892,#3893,#3894,#3895));
#772=EDGE_LOOP('',(#3896,#3897,#3898,#3899));
#773=EDGE_LOOP('',(#3900,#3901,#3902,#3903));
#774=EDGE_LOOP('',(#3904,#3905,#3906,#3907));
#775=EDGE_LOOP('',(#3908,#3909,#3910,#3911));
#776=EDGE_LOOP('',(#3912,#3913,#3914,#3915));
#777=EDGE_LOOP('',(#3916,#3917,#3918));
#778=EDGE_LOOP('',(#3919,#3920,#3921,#3922));
#779=EDGE_LOOP('',(#3923,#3924,#3925,#3926,#3927,#3928));
#780=EDGE_LOOP('',(#3929,#3930,#3931,#3932));
#781=EDGE_LOOP('',(#3933,#3934,#3935,#3936));
#782=EDGE_LOOP('',(#3937,#3938,#3939,#3940));
#783=EDGE_LOOP('',(#3941,#3942,#3943,#3944));
#784=EDGE_LOOP('',(#3945,#3946,#3947,#3948));
#785=EDGE_LOOP('',(#3949,#3950,#3951,#3952));
#786=EDGE_LOOP('',(#3953,#3954,#3955,#3956));
#787=EDGE_LOOP('',(#3957,#3958,#3959,#3960));
#788=EDGE_LOOP('',(#3961,#3962,#3963,#3964,#3965));
#789=EDGE_LOOP('',(#3966,#3967,#3968,#3969));
#790=EDGE_LOOP('',(#3970,#3971,#3972,#3973,#3974));
#791=EDGE_LOOP('',(#3975,#3976,#3977,#3978));
#792=EDGE_LOOP('',(#3979,#3980,#3981,#3982));
#793=EDGE_LOOP('',(#3983,#3984,#3985,#3986,#3987));
#794=EDGE_LOOP('',(#3988,#3989,#3990,#3991,#3992,#3993));
#795=EDGE_LOOP('',(#3994,#3995,#3996,#3997,#3998,#3999));
#796=EDGE_LOOP('',(#4000,#4001,#4002));
#797=EDGE_LOOP('',(#4003,#4004,#4005,#4006,#4007));
#798=EDGE_LOOP('',(#4008));
#799=EDGE_LOOP('',(#4009));
#800=EDGE_LOOP('',(#4010,#4011,#4012,#4013,#4014,#4015,#4016,#4017));
#801=EDGE_LOOP('',(#4018));
#802=EDGE_LOOP('',(#4019,#4020,#4021,#4022));
#803=EDGE_LOOP('',(#4023,#4024,#4025,#4026));
#804=EDGE_LOOP('',(#4027,#4028,#4029,#4030));
#805=EDGE_LOOP('',(#4031,#4032,#4033,#4034));
#806=EDGE_LOOP('',(#4035,#4036,#4037,#4038));
#807=EDGE_LOOP('',(#4039,#4040,#4041,#4042));
#808=EDGE_LOOP('',(#4043));
#809=EDGE_LOOP('',(#4044,#4045,#4046,#4047));
#810=EDGE_LOOP('',(#4048,#4049,#4050,#4051));
#811=EDGE_LOOP('',(#4052));
#812=EDGE_LOOP('',(#4053));
#813=EDGE_LOOP('',(#4054));
#814=EDGE_LOOP('',(#4055));
#815=EDGE_LOOP('',(#4056,#4057,#4058,#4059));
#816=EDGE_LOOP('',(#4060,#4061,#4062,#4063));
#817=EDGE_LOOP('',(#4064,#4065,#4066,#4067));
#818=EDGE_LOOP('',(#4068,#4069,#4070,#4071));
#819=EDGE_LOOP('',(#4072,#4073,#4074,#4075));
#820=EDGE_LOOP('',(#4076,#4077,#4078,#4079));
#821=EDGE_LOOP('',(#4080,#4081,#4082,#4083));
#822=EDGE_LOOP('',(#4084));
#823=EDGE_LOOP('',(#4085,#4086,#4087,#4088));
#824=EDGE_LOOP('',(#4089,#4090,#4091,#4092));
#825=EDGE_LOOP('',(#4093,#4094,#4095,#4096));
#826=EDGE_LOOP('',(#4097));
#827=EDGE_LOOP('',(#4098));
#828=EDGE_LOOP('',(#4099));
#829=EDGE_LOOP('',(#4100));
#830=EDGE_LOOP('',(#4101,#4102,#4103,#4104));
#831=EDGE_LOOP('',(#4105,#4106,#4107,#4108));
#832=EDGE_LOOP('',(#4109,#4110,#4111,#4112));
#833=EDGE_LOOP('',(#4113,#4114,#4115,#4116));
#834=EDGE_LOOP('',(#4117,#4118,#4119,#4120));
#835=EDGE_LOOP('',(#4121,#4122,#4123,#4124));
#836=EDGE_LOOP('',(#4125,#4126,#4127,#4128));
#837=EDGE_LOOP('',(#4129,#4130,#4131,#4132));
#838=EDGE_LOOP('',(#4133,#4134,#4135,#4136));
#839=EDGE_LOOP('',(#4137,#4138,#4139,#4140));
#840=EDGE_LOOP('',(#4141,#4142,#4143,#4144));
#841=EDGE_LOOP('',(#4145,#4146,#4147,#4148));
#842=EDGE_LOOP('',(#4149,#4150,#4151,#4152));
#843=EDGE_LOOP('',(#4153,#4154,#4155,#4156));
#844=EDGE_LOOP('',(#4157,#4158,#4159,#4160));
#845=EDGE_LOOP('',(#4161,#4162,#4163,#4164));
#846=EDGE_LOOP('',(#4165,#4166,#4167,#4168));
#847=EDGE_LOOP('',(#4169,#4170,#4171,#4172));
#848=EDGE_LOOP('',(#4173,#4174,#4175,#4176));
#849=EDGE_LOOP('',(#4177,#4178,#4179,#4180));
#850=EDGE_LOOP('',(#4181,#4182,#4183,#4184));
#851=EDGE_LOOP('',(#4185,#4186,#4187,#4188));
#852=EDGE_LOOP('',(#4189,#4190,#4191,#4192));
#853=EDGE_LOOP('',(#4193,#4194,#4195,#4196));
#854=EDGE_LOOP('',(#4197,#4198,#4199,#4200));
#855=EDGE_LOOP('',(#4201,#4202,#4203,#4204));
#856=EDGE_LOOP('',(#4205,#4206,#4207,#4208));
#857=EDGE_LOOP('',(#4209,#4210,#4211,#4212));
#858=EDGE_LOOP('',(#4213,#4214,#4215,#4216));
#859=EDGE_LOOP('',(#4217,#4218,#4219,#4220));
#860=EDGE_LOOP('',(#4221,#4222,#4223,#4224));
#861=EDGE_LOOP('',(#4225,#4226,#4227,#4228));
#862=EDGE_LOOP('',(#4229,#4230,#4231,#4232));
#863=EDGE_LOOP('',(#4233,#4234,#4235,#4236));
#864=EDGE_LOOP('',(#4237,#4238,#4239,#4240));
#865=EDGE_LOOP('',(#4241,#4242,#4243,#4244));
#866=EDGE_LOOP('',(#4245,#4246,#4247,#4248));
#867=EDGE_LOOP('',(#4249,#4250,#4251,#4252));
#868=EDGE_LOOP('',(#4253,#4254,#4255,#4256));
#869=EDGE_LOOP('',(#4257,#4258,#4259,#4260));
#870=EDGE_LOOP('',(#4261,#4262,#4263,#4264));
#871=EDGE_LOOP('',(#4265,#4266,#4267,#4268));
#872=EDGE_LOOP('',(#4269,#4270,#4271,#4272));
#873=EDGE_LOOP('',(#4273,#4274,#4275,#4276));
#874=EDGE_LOOP('',(#4277,#4278,#4279,#4280));
#875=EDGE_LOOP('',(#4281,#4282,#4283,#4284));
#876=EDGE_LOOP('',(#4285,#4286,#4287,#4288,#4289));
#877=EDGE_LOOP('',(#4290,#4291,#4292,#4293,#4294));
#878=EDGE_LOOP('',(#4295,#4296,#4297,#4298));
#879=EDGE_LOOP('',(#4299,#4300,#4301,#4302));
#880=EDGE_LOOP('',(#4303,#4304,#4305,#4306,#4307));
#881=EDGE_LOOP('',(#4308,#4309,#4310,#4311));
#882=EDGE_LOOP('',(#4312,#4313,#4314,#4315));
#883=EDGE_LOOP('',(#4316,#4317,#4318,#4319));
#884=EDGE_LOOP('',(#4320,#4321,#4322,#4323));
#885=EDGE_LOOP('',(#4324,#4325,#4326,#4327));
#886=EDGE_LOOP('',(#4328,#4329,#4330,#4331));
#887=EDGE_LOOP('',(#4332,#4333,#4334,#4335));
#888=EDGE_LOOP('',(#4336,#4337,#4338,#4339,#4340,#4341));
#889=EDGE_LOOP('',(#4342,#4343,#4344,#4345));
#890=EDGE_LOOP('',(#4346,#4347,#4348,#4349,#4350,#4351));
#891=EDGE_LOOP('',(#4352,#4353,#4354,#4355));
#892=EDGE_LOOP('',(#4356,#4357,#4358,#4359));
#893=EDGE_LOOP('',(#4360,#4361,#4362,#4363));
#894=EDGE_LOOP('',(#4364,#4365,#4366,#4367));
#895=EDGE_LOOP('',(#4368,#4369,#4370,#4371));
#896=EDGE_LOOP('',(#4372,#4373,#4374,#4375));
#897=EDGE_LOOP('',(#4376,#4377,#4378,#4379));
#898=EDGE_LOOP('',(#4380,#4381,#4382,#4383,#4384,#4385));
#899=EDGE_LOOP('',(#4386,#4387,#4388,#4389));
#900=EDGE_LOOP('',(#4390,#4391,#4392,#4393));
#901=EDGE_LOOP('',(#4394,#4395,#4396,#4397));
#902=EDGE_LOOP('',(#4398,#4399,#4400,#4401,#4402,#4403,#4404,#4405,#4406,
#4407,#4408,#4409));
#903=EDGE_LOOP('',(#4410,#4411,#4412,#4413,#4414,#4415));
#904=EDGE_LOOP('',(#4416,#4417,#4418,#4419,#4420));
#905=EDGE_LOOP('',(#4421,#4422,#4423,#4424));
#906=EDGE_LOOP('',(#4425,#4426,#4427,#4428,#4429,#4430));
#907=EDGE_LOOP('',(#4431,#4432,#4433,#4434,#4435));
#908=EDGE_LOOP('',(#4436,#4437,#4438,#4439,#4440,#4441));
#909=EDGE_LOOP('',(#4442,#4443,#4444,#4445,#4446));
#910=EDGE_LOOP('',(#4447,#4448,#4449,#4450,#4451));
#911=EDGE_LOOP('',(#4452,#4453,#4454,#4455,#4456,#4457));
#912=EDGE_LOOP('',(#4458,#4459,#4460,#4461,#4462));
#913=EDGE_LOOP('',(#4463,#4464,#4465,#4466,#4467));
#914=EDGE_LOOP('',(#4468,#4469,#4470,#4471,#4472,#4473));
#915=EDGE_LOOP('',(#4474,#4475,#4476,#4477,#4478));
#916=EDGE_LOOP('',(#4479,#4480,#4481,#4482,#4483));
#917=EDGE_LOOP('',(#4484,#4485,#4486,#4487,#4488,#4489));
#918=EDGE_LOOP('',(#4490,#4491,#4492,#4493,#4494));
#919=EDGE_LOOP('',(#4495,#4496,#4497,#4498,#4499));
#920=EDGE_LOOP('',(#4500,#4501,#4502,#4503,#4504,#4505));
#921=EDGE_LOOP('',(#4506,#4507,#4508,#4509,#4510,#4511,#4512,#4513));
#922=EDGE_LOOP('',(#4514,#4515,#4516));
#923=EDGE_LOOP('',(#4517,#4518,#4519,#4520));
#924=EDGE_LOOP('',(#4521,#4522,#4523,#4524));
#925=EDGE_LOOP('',(#4525,#4526,#4527,#4528));
#926=EDGE_LOOP('',(#4529,#4530,#4531));
#927=EDGE_LOOP('',(#4532,#4533,#4534,#4535,#4536,#4537));
#928=EDGE_LOOP('',(#4538,#4539,#4540,#4541));
#929=EDGE_LOOP('',(#4542,#4543,#4544,#4545));
#930=EDGE_LOOP('',(#4546,#4547,#4548,#4549));
#931=EDGE_LOOP('',(#4550,#4551,#4552,#4553));
#932=EDGE_LOOP('',(#4554,#4555,#4556,#4557));
#933=EDGE_LOOP('',(#4558,#4559,#4560,#4561,#4562,#4563,#4564,#4565));
#934=EDGE_LOOP('',(#4566,#4567,#4568,#4569));
#935=EDGE_LOOP('',(#4570,#4571,#4572,#4573));
#936=EDGE_LOOP('',(#4574,#4575,#4576,#4577));
#937=EDGE_LOOP('',(#4578,#4579,#4580));
#938=EDGE_LOOP('',(#4581,#4582,#4583,#4584));
#939=EDGE_LOOP('',(#4585,#4586,#4587));
#940=EDGE_LOOP('',(#4588,#4589,#4590,#4591));
#941=EDGE_LOOP('',(#4592,#4593,#4594,#4595));
#942=EDGE_LOOP('',(#4596,#4597,#4598,#4599));
#943=EDGE_LOOP('',(#4600,#4601,#4602,#4603));
#944=EDGE_LOOP('',(#4604,#4605,#4606,#4607));
#945=EDGE_LOOP('',(#4608,#4609,#4610,#4611));
#946=EDGE_LOOP('',(#4612,#4613,#4614));
#947=EDGE_LOOP('',(#4615,#4616,#4617,#4618));
#948=EDGE_LOOP('',(#4619,#4620,#4621));
#949=EDGE_LOOP('',(#4622,#4623,#4624,#4625));
#950=EDGE_LOOP('',(#4626,#4627,#4628,#4629));
#951=EDGE_LOOP('',(#4630,#4631,#4632,#4633));
#952=EDGE_LOOP('',(#4634,#4635,#4636,#4637));
#953=EDGE_LOOP('',(#4638,#4639,#4640,#4641));
#954=EDGE_LOOP('',(#4642,#4643,#4644,#4645,#4646));
#955=EDGE_LOOP('',(#4647,#4648,#4649,#4650,#4651));
#956=EDGE_LOOP('',(#4652,#4653,#4654,#4655));
#957=EDGE_LOOP('',(#4656,#4657,#4658,#4659));
#958=EDGE_LOOP('',(#4660,#4661,#4662,#4663));
#959=EDGE_LOOP('',(#4664,#4665,#4666,#4667,#4668,#4669,#4670,#4671));
#960=EDGE_LOOP('',(#4672,#4673,#4674,#4675));
#961=EDGE_LOOP('',(#4676,#4677,#4678,#4679));
#962=EDGE_LOOP('',(#4680,#4681,#4682,#4683,#4684));
#963=EDGE_LOOP('',(#4685,#4686,#4687,#4688,#4689,#4690,#4691));
#964=EDGE_LOOP('',(#4692,#4693,#4694,#4695,#4696,#4697,#4698,#4699,#4700,
#4701));
#965=EDGE_LOOP('',(#4702,#4703,#4704,#4705));
#966=EDGE_LOOP('',(#4706,#4707,#4708,#4709));
#967=EDGE_LOOP('',(#4710,#4711,#4712,#4713));
#968=EDGE_LOOP('',(#4714,#4715,#4716,#4717,#4718));
#969=EDGE_LOOP('',(#4719,#4720,#4721,#4722));
#970=EDGE_LOOP('',(#4723,#4724,#4725,#4726));
#971=EDGE_LOOP('',(#4727,#4728,#4729));
#972=EDGE_LOOP('',(#4730,#4731,#4732,#4733));
#973=EDGE_LOOP('',(#4734,#4735,#4736,#4737,#4738));
#974=EDGE_LOOP('',(#4739,#4740,#4741,#4742,#4743,#4744,#4745,#4746));
#975=EDGE_LOOP('',(#4747,#4748,#4749,#4750));
#976=EDGE_LOOP('',(#4751,#4752,#4753,#4754,#4755,#4756,#4757));
#977=EDGE_LOOP('',(#4758,#4759,#4760,#4761,#4762,#4763,#4764,#4765));
#978=EDGE_LOOP('',(#4766,#4767,#4768,#4769,#4770));
#979=EDGE_LOOP('',(#4771,#4772,#4773,#4774));
#980=EDGE_LOOP('',(#4775,#4776,#4777,#4778));
#981=EDGE_LOOP('',(#4779,#4780,#4781,#4782));
#982=EDGE_LOOP('',(#4783,#4784,#4785,#4786,#4787));
#983=EDGE_LOOP('',(#4788,#4789,#4790,#4791));
#984=EDGE_LOOP('',(#4792,#4793,#4794,#4795));
#985=EDGE_LOOP('',(#4796,#4797,#4798));
#986=EDGE_LOOP('',(#4799,#4800,#4801,#4802));
#987=EDGE_LOOP('',(#4803,#4804,#4805,#4806));
#988=EDGE_LOOP('',(#4807,#4808,#4809,#4810));
#989=EDGE_LOOP('',(#4811,#4812,#4813,#4814));
#990=EDGE_LOOP('',(#4815,#4816,#4817,#4818,#4819));
#991=EDGE_LOOP('',(#4820));
#992=EDGE_LOOP('',(#4821));
#993=EDGE_LOOP('',(#4822,#4823,#4824,#4825,#4826,#4827));
#994=EDGE_LOOP('',(#4828,#4829,#4830,#4831,#4832));
#995=EDGE_LOOP('',(#4833,#4834,#4835,#4836,#4837,#4838));
#996=EDGE_LOOP('',(#4839,#4840,#4841,#4842,#4843));
#997=EDGE_LOOP('',(#4844));
#998=EDGE_LOOP('',(#4845,#4846,#4847,#4848,#4849));
#999=EDGE_LOOP('',(#4850,#4851,#4852,#4853,#4854,#4855));
#1000=EDGE_LOOP('',(#4856));
#1001=EDGE_LOOP('',(#4857,#4858,#4859,#4860,#4861));
#1002=EDGE_LOOP('',(#4862));
#1003=EDGE_LOOP('',(#4863));
#1004=EDGE_LOOP('',(#4864,#4865,#4866,#4867,#4868));
#1005=EDGE_LOOP('',(#4869,#4870,#4871,#4872,#4873,#4874));
#1006=EDGE_LOOP('',(#4875,#4876,#4877,#4878,#4879));
#1007=EDGE_LOOP('',(#4880,#4881,#4882,#4883,#4884));
#1008=EDGE_LOOP('',(#4885,#4886,#4887));
#1009=EDGE_LOOP('',(#4888,#4889,#4890));
#1010=EDGE_LOOP('',(#4891,#4892,#4893,#4894));
#1011=EDGE_LOOP('',(#4895,#4896,#4897,#4898));
#1012=EDGE_LOOP('',(#4899,#4900,#4901));
#1013=EDGE_LOOP('',(#4902,#4903,#4904));
#1014=EDGE_LOOP('',(#4905,#4906,#4907,#4908));
#1015=EDGE_LOOP('',(#4909,#4910,#4911,#4912));
#1016=EDGE_LOOP('',(#4913,#4914,#4915,#4916));
#1017=EDGE_LOOP('',(#4917,#4918,#4919,#4920));
#1018=EDGE_LOOP('',(#4921,#4922,#4923,#4924));
#1019=EDGE_LOOP('',(#4925,#4926,#4927,#4928));
#1020=EDGE_LOOP('',(#4929,#4930,#4931,#4932));
#1021=EDGE_LOOP('',(#4933,#4934,#4935,#4936));
#1022=EDGE_LOOP('',(#4937,#4938,#4939,#4940));
#1023=EDGE_LOOP('',(#4941,#4942,#4943,#4944));
#1024=EDGE_LOOP('',(#4945,#4946,#4947,#4948));
#1025=EDGE_LOOP('',(#4949,#4950,#4951,#4952));
#1026=EDGE_LOOP('',(#4953,#4954,#4955,#4956));
#1027=EDGE_LOOP('',(#4957,#4958,#4959,#4960));
#1028=EDGE_LOOP('',(#4961,#4962,#4963,#4964));
#1029=EDGE_LOOP('',(#4965,#4966,#4967,#4968));
#1030=EDGE_LOOP('',(#4969,#4970,#4971,#4972));
#1031=EDGE_LOOP('',(#4973,#4974,#4975,#4976,#4977));
#1032=EDGE_LOOP('',(#4978,#4979,#4980,#4981,#4982));
#1033=EDGE_LOOP('',(#4983,#4984,#4985,#4986,#4987,#4988,#4989,#4990,#4991,
#4992,#4993,#4994));
#1034=ELLIPSE('',#5457,22.2072060376807,16.);
#1035=ELLIPSE('',#5459,22.2072060376807,16.);
#1036=ELLIPSE('',#5476,21.7788888605457,15.4);
#1037=ELLIPSE('',#5483,21.7788888605457,15.4);
#1038=ELLIPSE('',#5498,0.848528137423857,0.6);
#1039=ELLIPSE('',#5513,0.848528137423859,0.600000000000001);
#1040=ELLIPSE('',#5860,0.848528137423858,0.6);
#1041=ELLIPSE('',#5861,0.848528137423857,0.6);
#1042=ELLIPSE('',#5925,0.42426406871193,0.3);
#1043=ELLIPSE('',#5927,0.670820393249936,0.3);
#1044=ELLIPSE('',#5928,0.670820393249937,0.3);
#1045=ELLIPSE('',#5930,0.670820393249938,0.299999999999999);
#1046=ELLIPSE('',#5933,0.670820393249937,0.3);
#1047=ELLIPSE('',#5946,0.424264068711929,0.3);
#1048=ELLIPSE('',#5951,0.670820393249937,0.3);
#1049=ELLIPSE('',#5954,0.670820393249937,0.3);
#1050=CIRCLE('',#5456,16.);
#1051=CIRCLE('',#5458,16.);
#1052=CIRCLE('',#5460,16.);
#1053=CIRCLE('',#5461,16.);
#1054=CIRCLE('',#5462,0.6);
#1055=CIRCLE('',#5463,0.6);
#1056=CIRCLE('',#5465,0.599999999999999);
#1057=CIRCLE('',#5466,0.599999999999999);
#1058=CIRCLE('',#5467,0.600000000000001);
#1059=CIRCLE('',#5468,0.600000000000002);
#1060=CIRCLE('',#5469,0.600000000000002);
#1061=CIRCLE('',#5470,0.6);
#1062=CIRCLE('',#5471,0.599999999999999);
#1063=CIRCLE('',#5473,0.599999999999999);
#1064=CIRCLE('',#5474,0.599999999999999);
#1065=CIRCLE('',#5475,0.600000000000001);
#1066=CIRCLE('',#5477,0.599999999999998);
#1067=CIRCLE('',#5479,0.600000000000003);
#1068=CIRCLE('',#5480,15.4);
#1069=CIRCLE('',#5481,0.600000000000001);
#1070=CIRCLE('',#5482,0.599999999999999);
#1071=CIRCLE('',#5484,0.6);
#1072=CIRCLE('',#5486,0.600000000000001);
#1073=CIRCLE('',#5487,0.6);
#1074=CIRCLE('',#5488,0.6);
#1075=CIRCLE('',#5489,0.599999999999998);
#1076=CIRCLE('',#5490,0.6);
#1077=CIRCLE('',#5491,0.6);
#1078=CIRCLE('',#5492,0.600000000000001);
#1079=CIRCLE('',#5494,0.600000000000001);
#1080=CIRCLE('',#5495,0.6);
#1081=CIRCLE('',#5497,1.70710678118654);
#1082=CIRCLE('',#5499,0.2);
#1083=CIRCLE('',#5501,0.500000000000004);
#1084=CIRCLE('',#5504,0.5);
#1085=CIRCLE('',#5507,0.5);
#1086=CIRCLE('',#5510,0.5);
#1087=CIRCLE('',#5512,0.2);
#1088=CIRCLE('',#5514,1.70710678118655);
#1089=CIRCLE('',#5516,0.300000000000002);
#1090=CIRCLE('',#5518,0.500000000000001);
#1091=CIRCLE('',#5519,1.35355339059327);
#1092=CIRCLE('',#5521,0.3);
#1093=CIRCLE('',#5523,0.5);
#1094=CIRCLE('',#5524,1.35355339059327);
#1095=CIRCLE('',#5526,0.646446609406725);
#1096=CIRCLE('',#5527,0.500000000000001);
#1097=CIRCLE('',#5528,0.5);
#1098=CIRCLE('',#5530,0.5);
#1099=CIRCLE('',#5532,0.5);
#1100=CIRCLE('',#5534,0.5);
#1101=CIRCLE('',#5535,0.646446609406725);
#1102=CIRCLE('',#5536,0.500000000000001);
#1103=CIRCLE('',#5537,0.5);
#1104=CIRCLE('',#5538,0.499999999999998);
#1105=CIRCLE('',#5540,0.3);
#1106=CIRCLE('',#5541,0.500000000000001);
#1107=CIRCLE('',#5542,0.499999999999998);
#1108=CIRCLE('',#5543,0.5);
#1109=CIRCLE('',#5545,0.499999999999999);
#1110=CIRCLE('',#5547,0.5);
#1111=CIRCLE('',#5548,0.499999999999999);
#1112=CIRCLE('',#5549,0.500000000000002);
#1113=CIRCLE('',#5550,0.5);
#1114=CIRCLE('',#5551,0.500000000000002);
#1115=CIRCLE('',#5552,0.199999999999999);
#1116=CIRCLE('',#5553,0.2);
#1117=CIRCLE('',#5555,0.200000000000001);
#1118=CIRCLE('',#5556,0.2);
#1119=CIRCLE('',#5557,0.500000000000004);
#1120=CIRCLE('',#5558,0.5);
#1121=CIRCLE('',#5559,0.5);
#1122=CIRCLE('',#5561,0.5);
#1123=CIRCLE('',#5562,0.5);
#1124=CIRCLE('',#5563,0.499999999999998);
#1125=CIRCLE('',#5564,0.5);
#1126=CIRCLE('',#5565,0.499999999999997);
#1127=CIRCLE('',#5566,0.500000000000002);
#1128=CIRCLE('',#5567,0.5);
#1129=CIRCLE('',#5568,0.200000000000004);
#1130=CIRCLE('',#5570,16.);
#1131=CIRCLE('',#5571,0.199999999999999);
#1132=CIRCLE('',#5572,0.2);
#1133=CIRCLE('',#5574,0.2);
#1134=CIRCLE('',#5575,0.2);
#1135=CIRCLE('',#5576,0.2);
#1136=CIRCLE('',#5577,0.200000000000001);
#1137=CIRCLE('',#5578,0.2);
#1138=CIRCLE('',#5579,0.200000000000001);
#1139=CIRCLE('',#5580,0.200000000000001);
#1140=CIRCLE('',#5581,0.200000000000001);
#1141=CIRCLE('',#5582,0.2);
#1142=CIRCLE('',#5585,0.199999999999999);
#1143=CIRCLE('',#5586,0.199999999999999);
#1144=CIRCLE('',#5587,0.199999999999999);
#1145=CIRCLE('',#5588,0.200000000000001);
#1146=CIRCLE('',#5589,0.200000000000001);
#1147=CIRCLE('',#5594,0.2);
#1148=CIRCLE('',#5595,0.199999999999997);
#1149=CIRCLE('',#5596,0.200000000000001);
#1150=CIRCLE('',#5597,0.200000000000001);
#1151=CIRCLE('',#5598,0.199999999999999);
#1152=CIRCLE('',#5599,0.199999999999999);
#1153=CIRCLE('',#5601,16.);
#1154=CIRCLE('',#5603,0.5);
#1155=CIRCLE('',#5604,15.5);
#1156=CIRCLE('',#5606,3.8);
#1157=CIRCLE('',#5607,0.400000000000003);
#1158=CIRCLE('',#5608,0.399999999999999);
#1159=CIRCLE('',#5609,0.4);
#1160=CIRCLE('',#5610,0.400000000000003);
#1161=CIRCLE('',#5611,3.8);
#1162=CIRCLE('',#5613,0.200000000000001);
#1163=CIRCLE('',#5614,1.2);
#1164=CIRCLE('',#5615,0.199999999999999);
#1165=CIRCLE('',#5616,1.4);
#1166=CIRCLE('',#5618,0.200000000000003);
#1167=CIRCLE('',#5619,21.1);
#1168=CIRCLE('',#5620,20.9);
#1169=CIRCLE('',#5622,0.199999999999998);
#1170=CIRCLE('',#5623,1.4);
#1171=CIRCLE('',#5624,1.2);
#1172=CIRCLE('',#5626,18.3);
#1173=CIRCLE('',#5627,18.5);
#1174=CIRCLE('',#5629,20.9);
#1175=CIRCLE('',#5631,1.2);
#1176=CIRCLE('',#5633,22.82);
#1177=CIRCLE('',#5634,1.4);
#1178=CIRCLE('',#5635,21.1);
#1179=CIRCLE('',#5636,1.4);
#1180=CIRCLE('',#5637,18.3);
#1181=CIRCLE('',#5638,1.4);
#1182=CIRCLE('',#5639,21.1);
#1183=CIRCLE('',#5640,1.4);
#1184=CIRCLE('',#5641,18.3);
#1185=CIRCLE('',#5642,1.9);
#1186=CIRCLE('',#5643,1.9);
#1187=CIRCLE('',#5644,1.9);
#1188=CIRCLE('',#5645,1.9);
#1189=CIRCLE('',#5646,1.4);
#1190=CIRCLE('',#5647,18.3);
#1191=CIRCLE('',#5648,1.4);
#1192=CIRCLE('',#5649,21.1);
#1193=CIRCLE('',#5651,0.200000000000002);
#1194=CIRCLE('',#5652,1.2);
#1195=CIRCLE('',#5653,0.199999999999999);
#1196=CIRCLE('',#5654,1.4);
#1197=CIRCLE('',#5656,0.200000000000004);
#1198=CIRCLE('',#5657,21.1);
#1199=CIRCLE('',#5659,0.199999999999998);
#1200=CIRCLE('',#5660,1.4);
#1201=CIRCLE('',#5662,18.3);
#1202=CIRCLE('',#5663,18.5);
#1203=CIRCLE('',#5666,22.32);
#1204=CIRCLE('',#5667,1.4);
#1205=CIRCLE('',#5668,18.3);
#1206=CIRCLE('',#5669,1.4);
#1207=CIRCLE('',#5670,21.1);
#1208=CIRCLE('',#5671,1.4);
#1209=CIRCLE('',#5672,21.1);
#1210=CIRCLE('',#5673,1.4);
#1211=CIRCLE('',#5674,18.3);
#1212=CIRCLE('',#5675,16.6);
#1213=CIRCLE('',#5676,1.9);
#1214=CIRCLE('',#5677,1.9);
#1215=CIRCLE('',#5678,1.9);
#1216=CIRCLE('',#5679,1.9);
#1217=CIRCLE('',#5680,21.1);
#1218=CIRCLE('',#5681,1.4);
#1219=CIRCLE('',#5682,18.3);
#1220=CIRCLE('',#5683,1.4);
#1221=CIRCLE('',#5685,0.199999999999995);
#1222=CIRCLE('',#5686,1.2);
#1223=CIRCLE('',#5687,0.199999999999999);
#1224=CIRCLE('',#5689,0.200000000000003);
#1225=CIRCLE('',#5690,20.9);
#1226=CIRCLE('',#5692,0.199999999999998);
#1227=CIRCLE('',#5693,1.2);
#1228=CIRCLE('',#5695,18.5);
#1229=CIRCLE('',#5697,20.9);
#1230=CIRCLE('',#5699,1.2);
#1231=CIRCLE('',#5701,0.199999999999999);
#1232=CIRCLE('',#5702,0.199999999999999);
#1233=CIRCLE('',#5704,0.199999999999999);
#1234=CIRCLE('',#5705,18.5);
#1235=CIRCLE('',#5707,0.199999999999999);
#1236=CIRCLE('',#5708,1.2);
#1237=CIRCLE('',#5712,0.200000000000006);
#1238=CIRCLE('',#5713,1.2);
#1239=CIRCLE('',#5714,0.199999999999999);
#1240=CIRCLE('',#5716,0.199999999999996);
#1241=CIRCLE('',#5717,18.5);
#1242=CIRCLE('',#5719,0.199999999999999);
#1243=CIRCLE('',#5720,1.2);
#1244=CIRCLE('',#5722,20.9);
#1245=CIRCLE('',#5724,18.5);
#1246=CIRCLE('',#5726,1.2);
#1247=CIRCLE('',#5728,0.199999999999993);
#1248=CIRCLE('',#5729,20.9);
#1249=CIRCLE('',#5730,0.200000000000006);
#1250=CIRCLE('',#5732,0.199999999999998);
#1251=CIRCLE('',#5733,1.2);
#1252=CIRCLE('',#5735,0.199999999999999);
#1253=CIRCLE('',#5740,0.200000000000001);
#1254=CIRCLE('',#5741,1.2);
#1255=CIRCLE('',#5742,0.199999999999999);
#1256=CIRCLE('',#5744,0.199999999999999);
#1257=CIRCLE('',#5745,20.9);
#1258=CIRCLE('',#5747,0.199999999999998);
#1259=CIRCLE('',#5748,1.2);
#1260=CIRCLE('',#5750,18.5);
#1261=CIRCLE('',#5752,20.9);
#1262=CIRCLE('',#5754,1.2);
#1263=CIRCLE('',#5756,0.2);
#1264=CIRCLE('',#5757,1.2);
#1265=CIRCLE('',#5758,0.199999999999999);
#1266=CIRCLE('',#5760,0.200000000000001);
#1267=CIRCLE('',#5762,0.199999999999998);
#1268=CIRCLE('',#5764,18.5);
#1269=CIRCLE('',#5769,0.200000000000001);
#1270=CIRCLE('',#5770,0.199999999999997);
#1271=CIRCLE('',#5771,0.199999999999999);
#1272=CIRCLE('',#5772,0.2);
#1273=CIRCLE('',#5773,0.199999999999998);
#1274=CIRCLE('',#5774,0.199999999999997);
#1275=CIRCLE('',#5775,0.199999999999999);
#1276=CIRCLE('',#5776,0.200000000000001);
#1277=CIRCLE('',#5777,0.199999999999999);
#1278=CIRCLE('',#5778,0.2);
#1279=CIRCLE('',#5779,0.200000000000001);
#1280=CIRCLE('',#5784,0.200000000000003);
#1281=CIRCLE('',#5785,0.2);
#1282=CIRCLE('',#5786,0.200000000000001);
#1283=CIRCLE('',#5787,0.200000000000002);
#1284=CIRCLE('',#5788,0.2);
#1285=CIRCLE('',#5789,0.2);
#1286=CIRCLE('',#5794,0.5);
#1287=CIRCLE('',#5795,1.4);
#1288=CIRCLE('',#5796,1.4);
#1289=CIRCLE('',#5798,1.4);
#1290=CIRCLE('',#5799,1.4);
#1291=CIRCLE('',#5801,0.5);
#1292=CIRCLE('',#5803,0.5);
#1293=CIRCLE('',#5804,1.4);
#1294=CIRCLE('',#5805,1.4);
#1295=CIRCLE('',#5807,1.4);
#1296=CIRCLE('',#5808,1.4);
#1297=CIRCLE('',#5810,0.5);
#1298=CIRCLE('',#5812,0.5);
#1299=CIRCLE('',#5813,1.4);
#1300=CIRCLE('',#5814,1.4);
#1301=CIRCLE('',#5816,1.4);
#1302=CIRCLE('',#5817,1.4);
#1303=CIRCLE('',#5819,0.5);
#1304=CIRCLE('',#5821,0.5);
#1305=CIRCLE('',#5822,1.4);
#1306=CIRCLE('',#5823,1.4);
#1307=CIRCLE('',#5825,1.4);
#1308=CIRCLE('',#5826,1.4);
#1309=CIRCLE('',#5828,0.5);
#1310=CIRCLE('',#5830,0.5);
#1311=CIRCLE('',#5831,23.32);
#1312=CIRCLE('',#5832,23.32);
#1313=CIRCLE('',#5834,23.32);
#1314=CIRCLE('',#5835,23.32);
#1315=CIRCLE('',#5837,0.5);
#1316=CIRCLE('',#5839,0.5);
#1317=CIRCLE('',#5840,0.3);
#1318=CIRCLE('',#5841,0.8);
#1319=CIRCLE('',#5843,0.5);
#1320=CIRCLE('',#5845,0.500000000000003);
#1321=CIRCLE('',#5846,0.3);
#1322=CIRCLE('',#5847,0.8);
#1323=CIRCLE('',#5850,0.2);
#1324=CIRCLE('',#5851,0.3);
#1325=CIRCLE('',#5852,0.5);
#1326=CIRCLE('',#5853,0.300000000000001);
#1327=CIRCLE('',#5854,0.5);
#1328=CIRCLE('',#5855,0.3);
#1329=CIRCLE('',#5858,0.300000000000001);
#1330=CIRCLE('',#5863,0.3);
#1331=CIRCLE('',#5864,0.3);
#1332=CIRCLE('',#5865,0.5);
#1333=CIRCLE('',#5866,0.3);
#1334=CIRCLE('',#5867,0.2);
#1335=CIRCLE('',#5868,0.3);
#1336=CIRCLE('',#5869,0.2);
#1337=CIRCLE('',#5870,0.3);
#1338=CIRCLE('',#5871,0.5);
#1339=CIRCLE('',#5873,0.5);
#1340=CIRCLE('',#5874,0.5);
#1341=CIRCLE('',#5875,0.5);
#1342=CIRCLE('',#5877,0.5);
#1343=CIRCLE('',#5878,0.5);
#1344=CIRCLE('',#5880,0.5);
#1345=CIRCLE('',#5881,0.3);
#1346=CIRCLE('',#5882,0.8);
#1347=CIRCLE('',#5885,0.5);
#1348=CIRCLE('',#5886,0.5);
#1349=CIRCLE('',#5887,1.);
#1350=CIRCLE('',#5888,0.5);
#1351=CIRCLE('',#5891,0.5);
#1352=CIRCLE('',#5892,0.499999999999998);
#1353=CIRCLE('',#5893,1.);
#1354=CIRCLE('',#5894,0.5);
#1355=CIRCLE('',#5897,0.5);
#1356=CIRCLE('',#5898,0.499999999999998);
#1357=CIRCLE('',#5899,0.5);
#1358=CIRCLE('',#5901,0.5);
#1359=CIRCLE('',#5903,0.5);
#1360=CIRCLE('',#5904,0.8);
#1361=CIRCLE('',#5905,0.3);
#1362=CIRCLE('',#5908,0.5);
#1363=CIRCLE('',#5912,0.3);
#1364=CIRCLE('',#5913,0.8);
#1365=CIRCLE('',#5915,0.8);
#1366=CIRCLE('',#5916,0.3);
#1367=CIRCLE('',#5929,0.3);
#1368=CIRCLE('',#5931,0.300000000000001);
#1369=CIRCLE('',#5935,0.3);
#1370=CIRCLE('',#5937,0.299999999999998);
#1371=CIRCLE('',#5938,0.3);
#1372=CIRCLE('',#5940,0.300000000000001);
#1373=CIRCLE('',#5949,0.3);
#1374=CIRCLE('',#5950,0.300000000000001);
#1375=CIRCLE('',#5952,0.3);
#1376=CIRCLE('',#5956,0.3);
#1377=CIRCLE('',#5958,0.3);
#1378=CIRCLE('',#5959,0.3);
#1379=CIRCLE('',#5966,3.3);
#1380=CIRCLE('',#5967,0.3);
#1381=CIRCLE('',#5968,3.6);
#1382=CIRCLE('',#5969,3.6);
#1383=CIRCLE('',#5971,1.7);
#1384=CIRCLE('',#5973,3.6);
#1385=CIRCLE('',#5974,3.6);
#1386=CIRCLE('',#5976,0.3);
#1387=CIRCLE('',#5977,1.4);
#1388=CIRCLE('',#5978,1.4);
#1389=CIRCLE('',#5980,1.4);
#1390=CIRCLE('',#5981,1.4);
#1391=CIRCLE('',#5983,1.1);
#1392=CIRCLE('',#5984,0.3);
#1393=CIRCLE('',#5987,1.1);
#1394=CIRCLE('',#5988,0.3);
#1395=CIRCLE('',#5989,1.4);
#1396=CIRCLE('',#5990,1.4);
#1397=CIRCLE('',#5992,1.4);
#1398=CIRCLE('',#5993,1.4);
#1399=CIRCLE('',#5996,1.7);
#1400=CIRCLE('',#5997,0.3);
#1401=CIRCLE('',#5999,3.3);
#1402=CIRCLE('',#6001,0.3);
#1403=CIRCLE('',#6002,3.6);
#1404=CIRCLE('',#6003,3.6);
#1405=CIRCLE('',#6005,3.6);
#1406=CIRCLE('',#6006,3.6);
#1407=CIRCLE('',#6008,0.2);
#1408=CIRCLE('',#6010,0.2);
#1409=CIRCLE('',#6012,0.2);
#1410=CIRCLE('',#6013,0.2);
#1411=CIRCLE('',#6014,0.2);
#1412=CIRCLE('',#6016,0.2);
#1413=CIRCLE('',#6017,0.2);
#1414=CIRCLE('',#6018,0.2);
#1415=CIRCLE('',#6020,0.2);
#1416=CIRCLE('',#6021,0.2);
#1417=CIRCLE('',#6022,0.2);
#1418=CIRCLE('',#6025,0.2);
#1419=CIRCLE('',#6026,0.2);
#1420=CIRCLE('',#6028,0.199999999999998);
#1421=CIRCLE('',#6029,0.2);
#1422=CIRCLE('',#6030,0.2);
#1423=CIRCLE('',#6032,0.2);
#1424=CIRCLE('',#6033,0.2);
#1425=CIRCLE('',#6034,0.2);
#1426=CIRCLE('',#6038,0.2);
#1427=CIRCLE('',#6039,0.2);
#1428=CIRCLE('',#6040,0.2);
#1429=CIRCLE('',#6043,0.2);
#1430=CIRCLE('',#6044,0.200000000000002);
#1431=CIRCLE('',#6045,0.2);
#1432=CIRCLE('',#6059,1.);
#1433=B_SPLINE_CURVE_WITH_KNOTS('',3,(#7444,#7445,#7446,#7447,#7448,#7449,
#7450),.UNSPECIFIED.,.F.,.F.,(4,3,4),(2.18188743816478E-12,0.00970355653454369,
0.0134262267830341),.UNSPECIFIED.);
#1434=B_SPLINE_CURVE_WITH_KNOTS('',3,(#7452,#7453,#7454,#7455,#7456,#7457,
#7458,#7459,#7460,#7461),.UNSPECIFIED.,.F.,.F.,(4,1,1,1,1,1,1,4),(-4.88393589030184,
-4.18623076311586,-3.48852563592989,-2.79082050874391,-2.09311538155793,
-1.39541025437195,-0.697705127185977,0.),.UNSPECIFIED.);
#1435=B_SPLINE_CURVE_WITH_KNOTS('',3,(#7463,#7464,#7465,#7466),
 .UNSPECIFIED.,.F.,.F.,(4,4),(-0.00634271376488134,0.),.UNSPECIFIED.);
#1436=B_SPLINE_CURVE_WITH_KNOTS('',3,(#7470,#7471,#7472,#7473),
 .UNSPECIFIED.,.F.,.F.,(4,4),(-0.0047908273312122,2.33127447745383E-5),
 .UNSPECIFIED.);
#1437=B_SPLINE_CURVE_WITH_KNOTS('',3,(#7475,#7476,#7477,#7478,#7479,#7480,
#7481,#7482,#7483,#7484),.UNSPECIFIED.,.F.,.F.,(4,1,1,1,1,1,1,4),(-4.82434908878797,
-4.13515636181826,-3.44596363484855,-2.75677090787884,-2.06757818090913,
-1.37838545393942,-0.689192726969711,0.),.UNSPECIFIED.);
#1438=B_SPLINE_CURVE_WITH_KNOTS('',3,(#7488,#7489,#7490,#7491,#7492),
 .UNSPECIFIED.,.F.,.F.,(4,1,4),(0.,0.0211974106410136,0.0494606248290316),
 .UNSPECIFIED.);
#1439=B_SPLINE_CURVE_WITH_KNOTS('',3,(#7494,#7495,#7496,#7497),
 .UNSPECIFIED.,.F.,.F.,(4,4),(0.,0.0340688497315756),.UNSPECIFIED.);
#1440=B_SPLINE_CURVE_WITH_KNOTS('',3,(#7501,#7502,#7503,#7504),
 .UNSPECIFIED.,.F.,.F.,(4,4),(0.,0.0337546813964447),.UNSPECIFIED.);
#1441=B_SPLINE_CURVE_WITH_KNOTS('',3,(#7506,#7507,#7508,#7509,#7510,#7511,
#7512,#7513),.UNSPECIFIED.,.F.,.F.,(4,2,1,1,4),(-0.0911247259723576,-0.0908486951299587,
-0.0545092170779752,-0.0363394780519835,0.),.UNSPECIFIED.);
#1442=B_SPLINE_CURVE_WITH_KNOTS('',3,(#7515,#7516,#7517,#7518,#7519),
 .UNSPECIFIED.,.F.,.F.,(4,1,4),(2.39772663842391,2.79805118713778,3.1289340876778),
 .UNSPECIFIED.);
#1443=B_SPLINE_CURVE_WITH_KNOTS('',3,(#7523,#7524,#7525,#7526),
 .UNSPECIFIED.,.F.,.F.,(4,4),(0.,0.087087651688732),.UNSPECIFIED.);
#1444=B_SPLINE_CURVE_WITH_KNOTS('',3,(#7530,#7531,#7532,#7533),
 .UNSPECIFIED.,.F.,.F.,(4,4),(0.,0.0879410124876642),.UNSPECIFIED.);
#1445=B_SPLINE_CURVE_WITH_KNOTS('',3,(#7537,#7538,#7539,#7540),
 .UNSPECIFIED.,.F.,.F.,(4,4),(0.,0.0879410114580616),.UNSPECIFIED.);
#1446=B_SPLINE_CURVE_WITH_KNOTS('',3,(#7544,#7545,#7546,#7547),
 .UNSPECIFIED.,.F.,.F.,(4,4),(0.,0.0870877045131732),.UNSPECIFIED.);
#1447=B_SPLINE_CURVE_WITH_KNOTS('',3,(#7551,#7552,#7553,#7554,#7555,#7556,
#7557),.UNSPECIFIED.,.F.,.F.,(4,1,1,1,4),(0.523598775598298,0.652491920519439,
1.05125938243005,1.45002684434067,1.79106356636248),.UNSPECIFIED.);
#1448=B_SPLINE_CURVE_WITH_KNOTS('',3,(#7564,#7565,#7566,#7567),
 .UNSPECIFIED.,.F.,.F.,(4,4),(0.284139602223699,0.523598775598298),
 .UNSPECIFIED.);
#1449=B_SPLINE_CURVE_WITH_KNOTS('',3,(#7569,#7570,#7571,#7572),
 .UNSPECIFIED.,.F.,.F.,(4,4),(0.253724458608824,0.284139602223699),
 .UNSPECIFIED.);
#1450=B_SPLINE_CURVE_WITH_KNOTS('',3,(#7576,#7577,#7578,#7579),
 .UNSPECIFIED.,.F.,.F.,(4,4),(0.253724458608824,0.284139602224677),
 .UNSPECIFIED.);
#1451=B_SPLINE_CURVE_WITH_KNOTS('',3,(#7580,#7581,#7582,#7583),
 .UNSPECIFIED.,.F.,.F.,(4,4),(0.284139602224677,0.523598775598299),
 .UNSPECIFIED.);
#1452=B_SPLINE_CURVE_WITH_KNOTS('',3,(#7586,#7587,#7588,#7589),
 .UNSPECIFIED.,.F.,.F.,(4,4),(0.218166156499291,0.239163044630219),
 .UNSPECIFIED.);
#1453=B_SPLINE_CURVE_WITH_KNOTS('',3,(#7591,#7592,#7593,#7594),
 .UNSPECIFIED.,.F.,.F.,(4,4),(0.00338186365127758,0.218166156499291),
 .UNSPECIFIED.);
#1454=B_SPLINE_CURVE_WITH_KNOTS('',3,(#7596,#7597,#7598,#7599,#7600,#7601,
#7602,#7603,#7604,#7605,#7606,#7607,#7608,#7609,#7610,#7611,#7612,#7613,
#7614,#7615,#7616,#7617),.UNSPECIFIED.,.F.,.F.,(4,3,3,3,3,3,3,4),(-9.63102427523929E-5,
0.,0.00468225738540784,0.00935439207893896,0.0111464173666451,0.0175111153399453,
0.0241905150679343,0.0249770559854201),.UNSPECIFIED.);
#1455=B_SPLINE_CURVE_WITH_KNOTS('',3,(#7621,#7622,#7623,#7624,#7625,#7626,
#7627,#7628),.UNSPECIFIED.,.F.,.F.,(4,2,2,4),(0.,0.00315824000057188,0.0258765911529627,
0.0260495115211522),.UNSPECIFIED.);
#1456=B_SPLINE_CURVE_WITH_KNOTS('',3,(#7630,#7631,#7632,#7633),
 .UNSPECIFIED.,.F.,.F.,(4,4),(0.00338186365127807,0.218166156499291),
 .UNSPECIFIED.);
#1457=B_SPLINE_CURVE_WITH_KNOTS('',3,(#7635,#7636,#7637,#7638),
 .UNSPECIFIED.,.F.,.F.,(4,4),(0.218166156499291,0.239163044630715),
 .UNSPECIFIED.);
#1458=B_SPLINE_CURVE_WITH_KNOTS('',3,(#7642,#7643,#7644,#7645),
 .UNSPECIFIED.,.F.,.F.,(4,4),(0.116060106330839,0.149059670785434),
 .UNSPECIFIED.);
#1459=B_SPLINE_CURVE_WITH_KNOTS('',3,(#7647,#7648,#7649,#7650,#7651,#7652,
#7653,#7654,#7655,#7656),.UNSPECIFIED.,.F.,.F.,(4,2,2,2,4),(0.,5.4737346236705E-5,
0.000962081566307338,0.0015364511976103,0.00154154977735689),
 .UNSPECIFIED.);
#1460=B_SPLINE_CURVE_WITH_KNOTS('',3,(#7660,#7661,#7662,#7663,#7664,#7665,
#7666,#7667),.UNSPECIFIED.,.F.,.F.,(4,2,2,4),(-6.8116674835364E-6,0.,0.00065612155299384,
0.00138437229320161),.UNSPECIFIED.);
#1461=B_SPLINE_CURVE_WITH_KNOTS('',3,(#7669,#7670,#7671,#7672,#7673,#7674),
 .UNSPECIFIED.,.F.,.F.,(4,2,4),(0.545105630238298,0.54607779105857,0.57854364942597),
 .UNSPECIFIED.);
#1462=B_SPLINE_CURVE_WITH_KNOTS('',3,(#7676,#7677,#7678,#7679,#7680,#7681,
#7682,#7683,#7684,#7685,#7686,#7687,#7688),.UNSPECIFIED.,.F.,.F.,(4,3,3,
3,4),(4.83856137648574,4.94872505390164,5.06302468365133,5.17732431340102,
5.19413577288868),.UNSPECIFIED.);
#1463=B_SPLINE_CURVE_WITH_KNOTS('',3,(#7690,#7691,#7692,#7693,#7694,#7695,
#7696,#7697,#7698,#7699,#7700,#7701,#7702,#7703,#7704,#7705,#7706,#7707,
#7708,#7709,#7710,#7711,#7712,#7713,#7714,#7715,#7716,#7717,#7718,#7719,
#7720),.UNSPECIFIED.,.F.,.F.,(4,3,3,3,3,3,3,3,3,3,4),(-7.52859175942403E-5,
0.,0.000169786388262975,0.000404820990193841,0.000593508457417546,0.000639855592124708,
0.000927489713859222,0.00105739360010282,0.00150455488995584,0.00197723423022637,
0.0020525007184503),.UNSPECIFIED.);
#1464=B_SPLINE_CURVE_WITH_KNOTS('',3,(#7724,#7725,#7726,#7727,#7728,#7729,
#7730,#7731,#7732,#7733,#7734,#7735,#7736,#7737,#7738,#7739,#7740,#7741,
#7742,#7743,#7744,#7745,#7746,#7747,#7748,#7749,#7750,#7751,#7752,#7753,
#7754,#7755,#7756,#7757),.UNSPECIFIED.,.F.,.F.,(4,3,3,3,3,3,3,3,3,3,3,4),
(0.,0.00315301303056585,0.00341350871622417,0.00813007742459777,0.0125457007829602,
0.012623886778982,0.0174206468033982,0.0197296385972019,0.0228228846382204,
0.0249909687596961,0.0259161306792388,0.0272827598491275),.UNSPECIFIED.);
#1465=B_SPLINE_CURVE_WITH_KNOTS('',3,(#7758,#7759,#7760,#7761,#7762,#7763,
#7764,#7765,#7766,#7767,#7768,#7769,#7770),.UNSPECIFIED.,.F.,.F.,(4,3,3,
3,4),(-0.0167634303878549,0.,0.108946273936432,0.223327395339328,0.337708516742225),
 .UNSPECIFIED.);
#1466=B_SPLINE_CURVE_WITH_KNOTS('',3,(#7825,#7826,#7827,#7828,#7829,#7830,
#7831,#7832,#7833,#7834),.UNSPECIFIED.,.F.,.F.,(4,1,1,1,1,2,4),(-0.204030586019605,
-0.163224468815684,-0.122418351611763,-0.0816122344078421,-0.040806117203921,
0.,0.000732265199235262),.UNSPECIFIED.);
#1467=B_SPLINE_CURVE_WITH_KNOTS('',3,(#7835,#7836,#7837,#7838,#7839,#7840,
#7841,#7842,#7843,#7844),.UNSPECIFIED.,.F.,.F.,(4,2,1,1,1,1,4),(-0.000732265199235262,
0.,0.040806117203921,0.0816122344078421,0.122418351611763,0.163224468815684,
0.204030586019605),.UNSPECIFIED.);
#1468=B_SPLINE_CURVE_WITH_KNOTS('',3,(#7872,#7873,#7874,#7875),
 .UNSPECIFIED.,.F.,.F.,(4,4),(-0.0303523450792652,-1.56918556055443E-11),
 .UNSPECIFIED.);
#1469=B_SPLINE_CURVE_WITH_KNOTS('',3,(#7876,#7877,#7878,#7879),
 .UNSPECIFIED.,.F.,.F.,(4,4),(1.56918556055443E-11,0.0303523450792652),
 .UNSPECIFIED.);
#1470=B_SPLINE_CURVE_WITH_KNOTS('',3,(#7919,#7920,#7921,#7922,#7923),
 .UNSPECIFIED.,.F.,.F.,(4,1,4),(-0.16558661098516,-0.08279330549258,0.),
 .UNSPECIFIED.);
#1471=B_SPLINE_CURVE_WITH_KNOTS('',3,(#7924,#7925,#7926,#7927,#7928),
 .UNSPECIFIED.,.F.,.F.,(4,1,4),(0.,0.08279330549258,0.16558661098516),
 .UNSPECIFIED.);
#1472=B_SPLINE_CURVE_WITH_KNOTS('',3,(#7952,#7953,#7954,#7955),
 .UNSPECIFIED.,.F.,.F.,(4,4),(-0.265963124627525,-3.92508058241337E-16),
 .UNSPECIFIED.);
#1473=B_SPLINE_CURVE_WITH_KNOTS('',3,(#7956,#7957,#7958,#7959),
 .UNSPECIFIED.,.F.,.F.,(4,4),(3.92508058241337E-16,0.265963124627525),
 .UNSPECIFIED.);
#1474=B_SPLINE_CURVE_WITH_KNOTS('',3,(#7993,#7994,#7995,#7996,#7997),
 .UNSPECIFIED.,.F.,.F.,(4,1,4),(-0.0217977552935568,-0.0108988776467784,
0.),.UNSPECIFIED.);
#1475=B_SPLINE_CURVE_WITH_KNOTS('',3,(#7998,#7999,#8000,#8001,#8002),
 .UNSPECIFIED.,.F.,.F.,(4,1,4),(0.,0.0108988776467784,0.0217977552935568),
 .UNSPECIFIED.);
#1476=B_SPLINE_CURVE_WITH_KNOTS('',3,(#8036,#8037,#8038,#8039,#8040),
 .UNSPECIFIED.,.F.,.F.,(4,1,4),(-0.0209598567470282,-0.00898279574872638,
0.),.UNSPECIFIED.);
#1477=B_SPLINE_CURVE_WITH_KNOTS('',3,(#8041,#8042,#8043,#8044,#8045),
 .UNSPECIFIED.,.F.,.F.,(4,1,4),(0.,0.00898279574872638,0.0209598567470282),
 .UNSPECIFIED.);
#1478=B_SPLINE_CURVE_WITH_KNOTS('',3,(#8073,#8074,#8075,#8076),
 .UNSPECIFIED.,.F.,.F.,(4,4),(-0.254194155084168,0.),.UNSPECIFIED.);
#1479=B_SPLINE_CURVE_WITH_KNOTS('',3,(#8077,#8078,#8079,#8080),
 .UNSPECIFIED.,.F.,.F.,(4,4),(0.,0.254194155084168),.UNSPECIFIED.);
#1480=B_SPLINE_CURVE_WITH_KNOTS('',3,(#8113,#8114,#8115,#8116,#8117),
 .UNSPECIFIED.,.F.,.F.,(4,1,4),(-0.156941169199625,-0.0784705845998125,
-5.01764067127342E-16),.UNSPECIFIED.);
#1481=B_SPLINE_CURVE_WITH_KNOTS('',3,(#8118,#8119,#8120,#8121,#8122),
 .UNSPECIFIED.,.F.,.F.,(4,1,4),(5.01764067127342E-16,0.0784705845998125,
0.156941169199625),.UNSPECIFIED.);
#1482=B_SPLINE_CURVE_WITH_KNOTS('',3,(#8152,#8153,#8154,#8155),
 .UNSPECIFIED.,.F.,.F.,(4,4),(-0.087087651688732,0.),.UNSPECIFIED.);
#1483=B_SPLINE_CURVE_WITH_KNOTS('',3,(#8209,#8210,#8211,#8212),
 .UNSPECIFIED.,.F.,.F.,(4,4),(-0.0879410124876642,0.),.UNSPECIFIED.);
#1484=B_SPLINE_CURVE_WITH_KNOTS('',3,(#8243,#8244,#8245,#8246),
 .UNSPECIFIED.,.F.,.F.,(4,4),(-0.0879410114580616,0.),.UNSPECIFIED.);
#1485=B_SPLINE_CURVE_WITH_KNOTS('',3,(#8300,#8301,#8302,#8303),
 .UNSPECIFIED.,.F.,.F.,(4,4),(-0.0870877045131732,0.),.UNSPECIFIED.);
#1486=B_SPLINE_CURVE_WITH_KNOTS('',3,(#8342,#8343,#8344,#8345,#8346),
 .UNSPECIFIED.,.F.,.F.,(4,1,4),(-0.165586610372594,-0.0827933051862971,
-9.71445146547E-18),.UNSPECIFIED.);
#1487=B_SPLINE_CURVE_WITH_KNOTS('',3,(#8347,#8348,#8349,#8350,#8351),
 .UNSPECIFIED.,.F.,.F.,(4,1,4),(9.71445146547E-18,0.0827933051862971,0.165586610372594),
 .UNSPECIFIED.);
#1488=B_SPLINE_CURVE_WITH_KNOTS('',3,(#8375,#8376,#8377,#8378),
 .UNSPECIFIED.,.F.,.F.,(4,4),(-0.265963124628202,0.),.UNSPECIFIED.);
#1489=B_SPLINE_CURVE_WITH_KNOTS('',3,(#8379,#8380,#8381,#8382),
 .UNSPECIFIED.,.F.,.F.,(4,4),(0.,0.265963124628202),.UNSPECIFIED.);
#1490=B_SPLINE_CURVE_WITH_KNOTS('',3,(#8416,#8417,#8418,#8419,#8420),
 .UNSPECIFIED.,.F.,.F.,(4,1,4),(-0.0217977552911267,-0.0108988776455635,
-2.55592833058823E-16),.UNSPECIFIED.);
#1491=B_SPLINE_CURVE_WITH_KNOTS('',3,(#8421,#8422,#8423,#8424,#8425),
 .UNSPECIFIED.,.F.,.F.,(4,1,4),(2.55592833058823E-16,0.0108988776455635,
0.0217977552911267),.UNSPECIFIED.);
#1492=B_SPLINE_CURVE_WITH_KNOTS('',3,(#8459,#8460,#8461,#8462,#8463),
 .UNSPECIFIED.,.F.,.F.,(4,1,4),(-0.0209598567430256,-0.00898279574701096,
-9.7144514654699E-18),.UNSPECIFIED.);
#1493=B_SPLINE_CURVE_WITH_KNOTS('',3,(#8464,#8465,#8466,#8467,#8468),
 .UNSPECIFIED.,.F.,.F.,(4,1,4),(9.7144514654699E-18,0.00898279574701096,
0.0209598567430256),.UNSPECIFIED.);
#1494=B_SPLINE_CURVE_WITH_KNOTS('',3,(#8496,#8497,#8498,#8499),
 .UNSPECIFIED.,.F.,.F.,(4,4),(-0.254194155080501,-6.05794542556273E-16),
 .UNSPECIFIED.);
#1495=B_SPLINE_CURVE_WITH_KNOTS('',3,(#8500,#8501,#8502,#8503),
 .UNSPECIFIED.,.F.,.F.,(4,4),(6.05794542556273E-16,0.254194155080501),
 .UNSPECIFIED.);
#1496=B_SPLINE_CURVE_WITH_KNOTS('',3,(#8537,#8538,#8539,#8540,#8541),
 .UNSPECIFIED.,.F.,.F.,(4,1,4),(-0.156941170237614,-0.0784705851188071,
-2.1126057775136E-16),.UNSPECIFIED.);
#1497=B_SPLINE_CURVE_WITH_KNOTS('',3,(#8542,#8543,#8544,#8545,#8546),
 .UNSPECIFIED.,.F.,.F.,(4,1,4),(2.1126057775136E-16,0.0784705851188071,
0.156941170237614),.UNSPECIFIED.);
#1498=B_SPLINE_CURVE_WITH_KNOTS('',3,(#8578,#8579,#8580,#8581),
 .UNSPECIFIED.,.F.,.F.,(4,4),(-0.0303523450792745,0.),.UNSPECIFIED.);
#1499=B_SPLINE_CURVE_WITH_KNOTS('',3,(#8584,#8585,#8586,#8587),
 .UNSPECIFIED.,.F.,.F.,(4,4),(0.,0.0303523450792745),.UNSPECIFIED.);
#1500=B_SPLINE_CURVE_WITH_KNOTS('',3,(#8629,#8630,#8631,#8632,#8633,#8634,
#8635,#8636),.UNSPECIFIED.,.F.,.F.,(4,1,1,2,4),(8.28773397636768E-12,0.0408061172105461,
0.0816122344128045,0.20403058601958,0.204762851218831),.UNSPECIFIED.);
#1501=B_SPLINE_CURVE_WITH_KNOTS('',3,(#8637,#8638,#8639,#8640,#8641,#8642,
#8643,#8644),.UNSPECIFIED.,.F.,.F.,(4,2,1,1,4),(-0.204762851218831,-0.20403058601958,
-0.0816122344128045,-0.0408061172105461,-8.28773397636768E-12),
 .UNSPECIFIED.);
#1502=B_SPLINE_CURVE_WITH_KNOTS('',3,(#8729,#8730,#8731,#8732),
 .UNSPECIFIED.,.F.,.F.,(4,4),(1.39562204312417E-8,1.),.UNSPECIFIED.);
#1503=B_SPLINE_CURVE_WITH_KNOTS('',3,(#8733,#8734,#8735,#8736),
 .UNSPECIFIED.,.F.,.F.,(4,4),(-0.118150968208147,-0.115371621232867),
 .UNSPECIFIED.);
#1504=B_SPLINE_CURVE_WITH_KNOTS('',3,(#8737,#8738,#8739,#8740),
 .UNSPECIFIED.,.F.,.F.,(4,4),(0.115371621232867,0.118150959390403),
 .UNSPECIFIED.);
#1505=B_SPLINE_CURVE_WITH_KNOTS('',3,(#8743,#8744,#8745,#8746),
 .UNSPECIFIED.,.F.,.F.,(4,4),(-0.169757426164945,-0.107291199342406),
 .UNSPECIFIED.);
#1506=B_SPLINE_CURVE_WITH_KNOTS('',3,(#8748,#8749,#8750,#8751),
 .UNSPECIFIED.,.F.,.F.,(4,4),(-0.399237320397691,-0.38244116980824),
 .UNSPECIFIED.);
#1507=B_SPLINE_CURVE_WITH_KNOTS('',3,(#8753,#8754,#8755,#8756),
 .UNSPECIFIED.,.F.,.F.,(4,4),(-0.406097064529246,-0.399237320397693),
 .UNSPECIFIED.);
#1508=B_SPLINE_CURVE_WITH_KNOTS('',3,(#8758,#8759,#8760,#8761,#8762,#8763),
 .UNSPECIFIED.,.F.,.F.,(4,2,4),(-0.147755410326703,-0.147059418862995,0.),
 .UNSPECIFIED.);
#1509=B_SPLINE_CURVE_WITH_KNOTS('',3,(#8789,#8790,#8791,#8792),
 .UNSPECIFIED.,.F.,.F.,(4,4),(0.,0.999999998365444),.UNSPECIFIED.);
#1510=B_SPLINE_CURVE_WITH_KNOTS('',3,(#8793,#8794,#8795,#8796),
 .UNSPECIFIED.,.F.,.F.,(4,4),(-0.0967981316641549,-0.0940188241912446),
 .UNSPECIFIED.);
#1511=B_SPLINE_CURVE_WITH_KNOTS('',3,(#8797,#8798,#8799,#8800),
 .UNSPECIFIED.,.F.,.F.,(4,4),(0.0940188241912446,0.0967981326968512),
 .UNSPECIFIED.);
#1512=B_SPLINE_CURVE_WITH_KNOTS('',3,(#8825,#8826,#8827,#8828),
 .UNSPECIFIED.,.F.,.F.,(4,4),(-3.01492239812461E-17,0.0278448344659195),
 .UNSPECIFIED.);
#1513=B_SPLINE_CURVE_WITH_KNOTS('',3,(#8830,#8831,#8832,#8833),
 .UNSPECIFIED.,.F.,.F.,(4,4),(-0.0278448344659195,3.01492239812461E-17),
 .UNSPECIFIED.);
#1514=B_SPLINE_CURVE_WITH_KNOTS('',3,(#8868,#8869,#8870,#8871,#8872,#8873,
#8874,#8875,#8876,#8877,#8878,#8879),.UNSPECIFIED.,.F.,.F.,(4,2,2,2,2,4),
(-0.0321781518754907,-0.0246796420722229,-0.0144265964108774,-0.00774008105520243,
0.,0.000294096296795833),.UNSPECIFIED.);
#1515=B_SPLINE_CURVE_WITH_KNOTS('',3,(#8880,#8881,#8882,#8883,#8884,#8885),
 .UNSPECIFIED.,.F.,.F.,(4,1,1,4),(-0.488622634773892,-0.450702309757417,
-0.425422093079767,-0.400141876402117),.UNSPECIFIED.);
#1516=B_SPLINE_CURVE_WITH_KNOTS('',3,(#8886,#8887,#8888,#8889),
 .UNSPECIFIED.,.F.,.F.,(4,4),(0.796848545462432,0.866856508115349),
 .UNSPECIFIED.);
#1517=B_SPLINE_CURVE_WITH_KNOTS('',3,(#8892,#8893,#8894,#8895),
 .UNSPECIFIED.,.F.,.F.,(4,4),(0.,0.597569667783558),.UNSPECIFIED.);
#1518=B_SPLINE_CURVE_WITH_KNOTS('',3,(#8898,#8899,#8900,#8901),
 .UNSPECIFIED.,.F.,.F.,(4,4),(-1.,0.),.UNSPECIFIED.);
#1519=B_SPLINE_CURVE_WITH_KNOTS('',3,(#8903,#8904,#8905,#8906),
 .UNSPECIFIED.,.F.,.F.,(4,4),(0.0902335785370174,0.113404305562264),
 .UNSPECIFIED.);
#1520=B_SPLINE_CURVE_WITH_KNOTS('',3,(#8925,#8926,#8927,#8928),
 .UNSPECIFIED.,.F.,.F.,(4,4),(0.0808314207959289,0.796848545462432),
 .UNSPECIFIED.);
#1521=B_SPLINE_CURVE_WITH_KNOTS('',3,(#8930,#8931,#8932,#8933),
 .UNSPECIFIED.,.F.,.F.,(4,4),(0.0593511562512065,0.0808314207959289),
 .UNSPECIFIED.);
#1522=B_SPLINE_CURVE_WITH_KNOTS('',3,(#8934,#8935,#8936,#8937,#8938,#8939),
 .UNSPECIFIED.,.F.,.F.,(4,2,4),(-0.000694806223679611,0.,0.146845903120374),
 .UNSPECIFIED.);
#1523=B_SPLINE_CURVE_WITH_KNOTS('',3,(#8960,#8961,#8962,#8963),
 .UNSPECIFIED.,.F.,.F.,(4,4),(0.000280657207325127,0.0636798774744272),
 .UNSPECIFIED.);
#1524=B_SPLINE_CURVE_WITH_KNOTS('',3,(#8966,#8967,#8968,#8969,#8970,#8971,
#8972),.UNSPECIFIED.,.F.,.F.,(4,3,4),(-0.0318751562299798,-0.0263603752138077,
-0.0259121181865589),.UNSPECIFIED.);
#1525=B_SPLINE_CURVE_WITH_KNOTS('',3,(#8993,#8994,#8995,#8996,#8997,#8998,
#8999,#9000,#9001,#9002,#9003,#9004,#9005,#9006,#9007,#9008,#9009,#9010,
#9011,#9012,#9013,#9014,#9015,#9016,#9017,#9018,#9019,#9020,#9021,#9022,
#9023),.UNSPECIFIED.,.F.,.F.,(4,3,3,3,3,3,3,3,3,3,4),(-0.0345318954510132,
-0.0284052196404824,-0.0271546102744261,-0.0206046435653702,-0.0199510673076342,
-0.0147750738940497,-0.0110987601835993,-0.00758543522779549,-0.0041026800993037,
-0.000247888600992977,0.),.UNSPECIFIED.);
#1526=B_SPLINE_CURVE_WITH_KNOTS('',3,(#9024,#9025,#9026,#9027),
 .UNSPECIFIED.,.F.,.F.,(4,4),(-0.0274583071846568,0.),.UNSPECIFIED.);
#1527=B_SPLINE_CURVE_WITH_KNOTS('',3,(#9054,#9055,#9056,#9057,#9058,#9059),
 .UNSPECIFIED.,.F.,.F.,(4,2,4),(-0.146845903120374,0.,0.000694806223679611),
 .UNSPECIFIED.);
#1528=B_SPLINE_CURVE_WITH_KNOTS('',3,(#9077,#9078,#9079,#9080),
 .UNSPECIFIED.,.F.,.F.,(4,4),(0.0500814888357152,0.0593511562512065),
 .UNSPECIFIED.);
#1529=B_SPLINE_CURVE_WITH_KNOTS('',3,(#9083,#9084,#9085,#9086),
 .UNSPECIFIED.,.F.,.F.,(4,4),(-0.413094902646296,-0.406398152798969),
 .UNSPECIFIED.);
#1530=B_SPLINE_CURVE_WITH_KNOTS('',3,(#9105,#9106,#9107,#9108),
 .UNSPECIFIED.,.F.,.F.,(4,4),(-0.0231923321390618,-0.00669674984732684),
 .UNSPECIFIED.);
#1531=B_SPLINE_CURVE_WITH_KNOTS('',3,(#9125,#9126,#9127,#9128),
 .UNSPECIFIED.,.F.,.F.,(4,4),(-0.0636798764459451,-0.000280657207325127),
 .UNSPECIFIED.);
#1532=B_SPLINE_CURVE_WITH_KNOTS('',3,(#9159,#9160,#9161,#9162,#9163,#9164),
 .UNSPECIFIED.,.F.,.F.,(4,2,4),(0.,0.147059418862995,0.147755410326703),
 .UNSPECIFIED.);
#1533=B_SPLINE_CURVE_WITH_KNOTS('',3,(#9203,#9204,#9205,#9206),
 .UNSPECIFIED.,.F.,.F.,(4,4),(0.91762865294662,0.939214054483429),
 .UNSPECIFIED.);
#1534=B_SPLINE_CURVE_WITH_KNOTS('',3,(#9223,#9224,#9225,#9226),
 .UNSPECIFIED.,.F.,.F.,(4,4),(0.107291190555496,0.169757426164945),
 .UNSPECIFIED.);
#1535=B_SPLINE_CURVE_WITH_KNOTS('',3,(#9251,#9252,#9253,#9254),
 .UNSPECIFIED.,.F.,.F.,(4,4),(0.133370287384478,0.91762865294662),
 .UNSPECIFIED.);
#1536=B_SPLINE_CURVE_WITH_KNOTS('',3,(#9315,#9316,#9317,#9318,#9319,#9320,
#9321,#9322),.UNSPECIFIED.,.F.,.F.,(4,1,1,2,4),(0.,0.0363394780519835,0.0545092170779752,
0.0908486951299587,0.0911247259723576),.UNSPECIFIED.);
#1537=B_SPLINE_CURVE_WITH_KNOTS('',3,(#9349,#9350,#9351,#9352),
 .UNSPECIFIED.,.F.,.F.,(4,4),(-0.0337546813964447,0.),.UNSPECIFIED.);
#1538=B_SPLINE_CURVE_WITH_KNOTS('',3,(#9381,#9382,#9383,#9384,#9385),
 .UNSPECIFIED.,.F.,.F.,(4,1,4),(-0.0494606248290316,-0.0211974106410136,
0.),.UNSPECIFIED.);
#1539=B_SPLINE_CURVE_WITH_KNOTS('',3,(#9443,#9444,#9445,#9446,#9447,#9448,
#9449,#9450,#9451,#9452,#9453),.UNSPECIFIED.,.F.,.F.,(4,1,1,1,1,1,1,1,4),
(-0.0447432904546384,-0.0383513918182615,-0.0319594931818846,-0.0255675945455077,
-0.0191756959091307,-0.00639189863637692,-0.00319594931818846,-0.00159797465909423,
0.),.UNSPECIFIED.);
#1540=B_SPLINE_CURVE_WITH_KNOTS('',3,(#9456,#9457,#9458,#9459,#9460,#9461,
#9462,#9463,#9464,#9465,#9466),.UNSPECIFIED.,.F.,.F.,(4,1,1,1,1,1,1,1,4),
(0.,0.00159797465909423,0.00319594931818846,0.00639189863637692,0.0191756959091307,
0.0255675945455077,0.0319594931818846,0.0383513918182615,0.0447432904546384),
 .UNSPECIFIED.);
#1541=B_SPLINE_CURVE_WITH_KNOTS('',3,(#9492,#9493,#9494,#9495,#9496,#9497),
 .UNSPECIFIED.,.F.,.F.,(4,2,4),(-0.0886694695305754,0.,0.00089481564480859),
 .UNSPECIFIED.);
#1542=B_SPLINE_CURVE_WITH_KNOTS('',3,(#9498,#9499,#9500,#9501,#9502,#9503),
 .UNSPECIFIED.,.F.,.F.,(4,2,4),(-0.00089481564480859,0.,0.0886694695305754),
 .UNSPECIFIED.);
#1543=B_SPLINE_CURVE_WITH_KNOTS('',3,(#9524,#9525,#9526,#9527),
 .UNSPECIFIED.,.F.,.F.,(4,4),(-0.0340688497315756,-2.67622411953517E-10),
 .UNSPECIFIED.);
#1544=B_SPLINE_CURVE_WITH_KNOTS('',3,(#9555,#9556,#9557,#9558,#9559),
 .UNSPECIFIED.,.F.,.F.,(4,1,4),(2.56585214506682E-17,0.0560927361624073,
0.112185472324814),.UNSPECIFIED.);
#1545=B_SPLINE_CURVE_WITH_KNOTS('',3,(#9581,#9582,#9583,#9584),
 .UNSPECIFIED.,.F.,.F.,(4,4),(-0.238694530229239,0.),.UNSPECIFIED.);
#1546=B_SPLINE_CURVE_WITH_KNOTS('',3,(#9587,#9588,#9589,#9590),
 .UNSPECIFIED.,.F.,.F.,(4,4),(0.,0.252464005421156),.UNSPECIFIED.);
#1547=B_SPLINE_CURVE_WITH_KNOTS('',3,(#9593,#9594,#9595,#9596),
 .UNSPECIFIED.,.F.,.F.,(4,4),(-0.25196331503688,-0.0137385965600033),
 .UNSPECIFIED.);
#1548=B_SPLINE_CURVE_WITH_KNOTS('',3,(#9598,#9599,#9600,#9601,#9602),
 .UNSPECIFIED.,.F.,.F.,(4,1,4),(-0.0675060401203898,-0.0337530200601949,
0.),.UNSPECIFIED.);
#1549=B_SPLINE_CURVE_WITH_KNOTS('',3,(#9603,#9604,#9605,#9606,#9607),
 .UNSPECIFIED.,.F.,.F.,(4,1,4),(-0.0676153035913573,-0.0338076517956787,
0.),.UNSPECIFIED.);
#1550=B_SPLINE_CURVE_WITH_KNOTS('',3,(#9631,#9632,#9633,#9634),
 .UNSPECIFIED.,.F.,.F.,(4,4),(0.,0.25196331503688),.UNSPECIFIED.);
#1551=B_SPLINE_CURVE_WITH_KNOTS('',3,(#9654,#9655,#9656,#9657),
 .UNSPECIFIED.,.F.,.F.,(4,4),(0.,0.00634271376488134),.UNSPECIFIED.);
#1552=B_SPLINE_CURVE_WITH_KNOTS('',3,(#9700,#9701,#9702,#9703,#9704,#9705,
#9706,#9707,#9708,#9709),.UNSPECIFIED.,.F.,.F.,(4,1,1,1,1,1,1,4),(0.,0.697705127185977,
1.39541025437195,2.09311538155793,2.79082050874391,3.48852563592989,4.18623076311586,
4.88393589030184),.UNSPECIFIED.);
#1553=B_SPLINE_CURVE_WITH_KNOTS('',3,(#9748,#9749,#9750,#9751,#9752,#9753,
#9754),.UNSPECIFIED.,.F.,.F.,(4,1,1,1,4),(-0.0679248957575047,-0.0388142261480806,
-0.0194071130751313,-0.00970355653865657,-2.18188743816478E-12),
 .UNSPECIFIED.);
#1554=B_SPLINE_CURVE_WITH_KNOTS('',3,(#9755,#9756,#9757,#9758,#9759,#9760,
#9761,#9762,#9763,#9764),.UNSPECIFIED.,.F.,.F.,(4,3,3,4),(0.0134262267830341,
0.019407113070065,0.0388142261450409,0.0679248957575047),.UNSPECIFIED.);
#1555=B_SPLINE_CURVE_WITH_KNOTS('',3,(#9794,#9795,#9796,#9797),
 .UNSPECIFIED.,.F.,.F.,(4,4),(-0.0431029023244774,0.),.UNSPECIFIED.);
#1556=B_SPLINE_CURVE_WITH_KNOTS('',3,(#9798,#9799,#9800,#9801),
 .UNSPECIFIED.,.F.,.F.,(4,4),(0.,0.0431029023244774),.UNSPECIFIED.);
#1557=B_SPLINE_CURVE_WITH_KNOTS('',3,(#9826,#9827,#9828,#9829),
 .UNSPECIFIED.,.F.,.F.,(4,4),(-0.0445770817301657,0.),.UNSPECIFIED.);
#1558=B_SPLINE_CURVE_WITH_KNOTS('',3,(#9832,#9833,#9834,#9835),
 .UNSPECIFIED.,.F.,.F.,(4,4),(0.,0.0445770817301657),.UNSPECIFIED.);
#1559=B_SPLINE_CURVE_WITH_KNOTS('',3,(#9877,#9878,#9879,#9880,#9881,#9882,
#9883,#9884),.UNSPECIFIED.,.F.,.F.,(4,1,1,1,1,4),(-0.0401146458171851,-0.0343839821290158,
-0.0286533184408465,-0.0171919910645079,-0.0114613273763386,0.),
 .UNSPECIFIED.);
#1560=B_SPLINE_CURVE_WITH_KNOTS('',3,(#9887,#9888,#9889,#9890,#9891,#9892,
#9893,#9894),.UNSPECIFIED.,.F.,.F.,(4,1,1,1,1,4),(0.,0.0114613273763386,
0.0171919910645079,0.0286533184408465,0.0343839821290158,0.0401146458171851),
 .UNSPECIFIED.);
#1561=B_SPLINE_CURVE_WITH_KNOTS('',3,(#9927,#9928,#9929,#9930,#9931,#9932),
 .UNSPECIFIED.,.F.,.F.,(4,1,1,4),(-0.0376904909012944,-0.0269217792152265,
-0.0188452454506756,-5.67057021526957E-14),.UNSPECIFIED.);
#1562=B_SPLINE_CURVE_WITH_KNOTS('',3,(#9933,#9934,#9935,#9936,#9937,#9938),
 .UNSPECIFIED.,.F.,.F.,(4,1,1,4),(5.67057021526957E-14,0.0188452454506756,
0.0269217792152265,0.0376904909012944),.UNSPECIFIED.);
#1563=B_SPLINE_CURVE_WITH_KNOTS('',3,(#9981,#9982,#9983,#9984,#9985,#9986,
#9987,#9988,#9989,#9990),.UNSPECIFIED.,.F.,.F.,(4,1,1,1,1,1,1,4),(0.,0.689192726969711,
1.37838545393942,2.06757818090913,2.75677090787884,3.44596363484855,4.13515636181826,
4.82434908878797),.UNSPECIFIED.);
#1564=B_SPLINE_CURVE_WITH_KNOTS('',3,(#10007,#10008,#10009,#10010),
 .UNSPECIFIED.,.F.,.F.,(4,4),(-2.33127447745383E-5,0.0047908273312122),
 .UNSPECIFIED.);
#1565=B_SPLINE_CURVE_WITH_KNOTS('',3,(#10031,#10032,#10033,#10034),
 .UNSPECIFIED.,.F.,.F.,(4,4),(-0.0435328446608041,-3.94434125069958E-10),
 .UNSPECIFIED.);
#1566=B_SPLINE_CURVE_WITH_KNOTS('',3,(#10035,#10036,#10037,#10038),
 .UNSPECIFIED.,.F.,.F.,(4,4),(0.,0.0435328446608041),.UNSPECIFIED.);
#1567=B_SPLINE_CURVE_WITH_KNOTS('',3,(#10090,#10091,#10092,#10093,#10094,
#10095,#10096,#10097,#10098),.UNSPECIFIED.,.F.,.F.,(4,1,1,1,1,1,4),(0.00509472732084647,
0.0087863547533178,0.0192457746735404,0.0401646145139857,0.061083454354431,
0.102921134035322,0.144758813716212),.UNSPECIFIED.);
#1568=B_SPLINE_CURVE_WITH_KNOTS('',3,(#10101,#10102,#10103,#10104,#10105,
#10106,#10107,#10108,#10109,#10110),.UNSPECIFIED.,.F.,.F.,(4,1,1,1,1,1,
1,4),(-0.144758813716212,-0.102921134035322,-0.061083454354431,-0.0401646145139857,
-0.0192457746735404,-0.0087863547533178,-0.00355664479320647,0.00167306516690485),
 .UNSPECIFIED.);
#1569=B_SPLINE_CURVE_WITH_KNOTS('',3,(#10112,#10113,#10114,#10115,#10116,
#10117,#10118),.UNSPECIFIED.,.F.,.F.,(4,1,1,1,4),(0.523598775598299,0.652491920519558,
1.05125938243029,1.45002684434103,1.79106356636248),.UNSPECIFIED.);
#1570=B_SPLINE_CURVE_WITH_KNOTS('',3,(#10166,#10167,#10168,#10169),
 .UNSPECIFIED.,.F.,.F.,(4,4),(0.,0.0627876739344017),.UNSPECIFIED.);
#1571=B_SPLINE_CURVE_WITH_KNOTS('',3,(#10170,#10171,#10172,#10173,#10174,
#10175,#10176,#10177,#10178),.UNSPECIFIED.,.F.,.F.,(4,1,1,1,1,1,4),(0.302719902449061,
0.574503741151121,1.21627596926079,1.53716208331562,2.17893431142529,2.49982042548013,
3.13197137026741),.UNSPECIFIED.);
#1572=B_SPLINE_CURVE_WITH_KNOTS('',3,(#10217,#10218,#10219,#10220),
 .UNSPECIFIED.,.F.,.F.,(4,4),(-0.235243954440724,0.),.UNSPECIFIED.);
#1573=B_SPLINE_CURVE_WITH_KNOTS('',3,(#10223,#10224,#10225,#10226),
 .UNSPECIFIED.,.F.,.F.,(4,4),(0.,0.252464217526028),.UNSPECIFIED.);
#1574=B_SPLINE_CURVE_WITH_KNOTS('',3,(#10229,#10230,#10231,#10232),
 .UNSPECIFIED.,.F.,.F.,(4,4),(-0.251962630304676,-0.0171816455047817),
 .UNSPECIFIED.);
#1575=B_SPLINE_CURVE_WITH_KNOTS('',3,(#10234,#10235,#10236,#10237,#10238),
 .UNSPECIFIED.,.F.,.F.,(4,1,4),(-0.0675051175642572,-0.0337525587821286,
-3.51274749975489E-17),.UNSPECIFIED.);
#1576=B_SPLINE_CURVE_WITH_KNOTS('',3,(#10239,#10240,#10241,#10242,#10243),
 .UNSPECIFIED.,.F.,.F.,(4,1,4),(-0.0676145613334484,-0.0338072806667242,
0.),.UNSPECIFIED.);
#1577=B_SPLINE_CURVE_WITH_KNOTS('',3,(#10267,#10268,#10269,#10270),
 .UNSPECIFIED.,.F.,.F.,(4,4),(2.80010226099956E-16,0.251962630304676),
 .UNSPECIFIED.);
#1578=B_SPLINE_CURVE_WITH_KNOTS('',3,(#10299,#10300,#10301,#10302,#10303,
#10304),.UNSPECIFIED.,.F.,.F.,(4,2,4),(-0.122544175113137,0.,0.0005226135181868),
 .UNSPECIFIED.);
#1579=B_SPLINE_CURVE_WITH_KNOTS('',3,(#10305,#10306,#10307,#10308,#10309,
#10310),.UNSPECIFIED.,.F.,.F.,(4,2,4),(-0.0005226135181868,0.,0.122544175113137),
 .UNSPECIFIED.);
#1580=B_SPLINE_CURVE_WITH_KNOTS('',3,(#10334,#10335,#10336,#10337),
 .UNSPECIFIED.,.F.,.F.,(4,4),(-0.00959238615425566,0.),.UNSPECIFIED.);
#1581=B_SPLINE_CURVE_WITH_KNOTS('',3,(#10338,#10339,#10340,#10341),
 .UNSPECIFIED.,.F.,.F.,(4,4),(0.,0.00959238615425566),.UNSPECIFIED.);
#1582=B_SPLINE_CURVE_WITH_KNOTS('',3,(#10365,#10366,#10367,#10368),
 .UNSPECIFIED.,.F.,.F.,(4,4),(-0.241811954129888,0.),.UNSPECIFIED.);
#1583=B_SPLINE_CURVE_WITH_KNOTS('',3,(#10369,#10370,#10371,#10372),
 .UNSPECIFIED.,.F.,.F.,(4,4),(0.,0.241811954129888),.UNSPECIFIED.);
#1584=B_SPLINE_CURVE_WITH_KNOTS('',3,(#10401,#10402,#10403,#10404,#10405),
 .UNSPECIFIED.,.F.,.F.,(4,1,4),(-0.0670713659513139,-0.0335356829756577,
-1.47962142891983E-15),.UNSPECIFIED.);
#1585=B_SPLINE_CURVE_WITH_KNOTS('',3,(#10406,#10407,#10408,#10409,#10410),
 .UNSPECIFIED.,.F.,.F.,(4,1,4),(1.47962142891983E-15,0.0335356829756577,
0.0670713659513139),.UNSPECIFIED.);
#1586=B_SPLINE_CURVE_WITH_KNOTS('',3,(#10439,#10440,#10441,#10442,#10443),
 .UNSPECIFIED.,.F.,.F.,(4,1,4),(-0.0684877250562653,-0.0293518821669711,
-3.89442402846099E-16),.UNSPECIFIED.);
#1587=B_SPLINE_CURVE_WITH_KNOTS('',3,(#10444,#10445,#10446,#10447,#10448),
 .UNSPECIFIED.,.F.,.F.,(4,1,4),(3.89442402846099E-16,0.0293518821669711,
0.0684877250562653),.UNSPECIFIED.);
#1588=B_SPLINE_CURVE_WITH_KNOTS('',3,(#10472,#10473,#10474,#10475),
 .UNSPECIFIED.,.F.,.F.,(4,4),(-0.247998348510244,0.),.UNSPECIFIED.);
#1589=B_SPLINE_CURVE_WITH_KNOTS('',3,(#10476,#10477,#10478,#10479),
 .UNSPECIFIED.,.F.,.F.,(4,4),(0.,0.247998348510244),.UNSPECIFIED.);
#1590=B_SPLINE_CURVE_WITH_KNOTS('',3,(#10501,#10502,#10503,#10504),
 .UNSPECIFIED.,.F.,.F.,(4,4),(-0.00996800964154453,0.),.UNSPECIFIED.);
#1591=B_SPLINE_CURVE_WITH_KNOTS('',3,(#10507,#10508,#10509,#10510),
 .UNSPECIFIED.,.F.,.F.,(4,4),(0.,0.00996800964154453),.UNSPECIFIED.);
#1592=B_SPLINE_CURVE_WITH_KNOTS('',3,(#10543,#10544,#10545,#10546,#10547,
#10548,#10549,#10550),.UNSPECIFIED.,.F.,.F.,(4,1,1,2,4),(0.,0.0589429684277516,
0.0884144526416274,0.147357421069379,0.148026143832749),.UNSPECIFIED.);
#1593=B_SPLINE_CURVE_WITH_KNOTS('',3,(#10551,#10552,#10553,#10554,#10555,
#10556,#10557,#10558),.UNSPECIFIED.,.F.,.F.,(4,2,1,1,4),(-0.148026143832749,
-0.147357421069379,-0.0884144526416274,-0.0589429684277516,0.),
 .UNSPECIFIED.);
#1594=B_SPLINE_CURVE_WITH_KNOTS('',3,(#10597,#10598,#10599,#10600,#10601,
#10602,#10603),.UNSPECIFIED.,.F.,.F.,(4,1,1,1,4),(0.297588269985033,0.652491920519558,
1.05125938243029,1.45002684434103,1.79866912177215),.UNSPECIFIED.);
#1595=B_SPLINE_CURVE_WITH_KNOTS('',3,(#10635,#10636,#10637,#10638,#10639,
#10640),.UNSPECIFIED.,.F.,.F.,(4,1,1,4),(0.0228410623026275,0.0398083685497005,
0.0597125528245834,0.139329289924115),.UNSPECIFIED.);
#1596=B_SPLINE_CURVE_WITH_KNOTS('',3,(#10643,#10644,#10645,#10646,#10647,
#10648),.UNSPECIFIED.,.F.,.F.,(4,1,1,4),(-0.139329289924115,-0.0597125528245834,
-0.0398083685497005,6.54160279896027E-14),.UNSPECIFIED.);
#1597=B_SPLINE_CURVE_WITH_KNOTS('',3,(#10672,#10673,#10674,#10675),
 .UNSPECIFIED.,.F.,.F.,(4,4),(-0.149862671052094,0.),.UNSPECIFIED.);
#1598=B_SPLINE_CURVE_WITH_KNOTS('',3,(#10676,#10677,#10678,#10679),
 .UNSPECIFIED.,.F.,.F.,(4,4),(0.,0.149862671052094),.UNSPECIFIED.);
#1599=B_SPLINE_CURVE_WITH_KNOTS('',3,(#10711,#10712,#10713,#10714,#10715,
#10716),.UNSPECIFIED.,.F.,.F.,(4,1,1,4),(-0.0756037588424805,-0.054002684887486,
-0.0324016109324916,0.),.UNSPECIFIED.);
#1600=B_SPLINE_CURVE_WITH_KNOTS('',3,(#10719,#10720,#10721,#10722,#10723,
#10724),.UNSPECIFIED.,.F.,.F.,(4,1,1,4),(0.,0.0324016109324916,0.054002684887486,
0.0756037588424805),.UNSPECIFIED.);
#1601=B_SPLINE_CURVE_WITH_KNOTS('',3,(#10748,#10749,#10750,#10751),
 .UNSPECIFIED.,.F.,.F.,(4,4),(-0.0933859922914712,0.),.UNSPECIFIED.);
#1602=B_SPLINE_CURVE_WITH_KNOTS('',3,(#10752,#10753,#10754,#10755),
 .UNSPECIFIED.,.F.,.F.,(4,4),(0.,0.0933859922914712),.UNSPECIFIED.);
#1603=B_SPLINE_CURVE_WITH_KNOTS('',3,(#10779,#10780,#10781,#10782),
 .UNSPECIFIED.,.F.,.F.,(4,4),(-0.0228624172661309,0.),.UNSPECIFIED.);
#1604=B_SPLINE_CURVE_WITH_KNOTS('',3,(#10783,#10784,#10785,#10786),
 .UNSPECIFIED.,.F.,.F.,(4,4),(0.,0.0228624172661309),.UNSPECIFIED.);
#1605=B_SPLINE_CURVE_WITH_KNOTS('',3,(#10811,#10812,#10813,#10814,#10815,
#10816),.UNSPECIFIED.,.F.,.F.,(4,2,4),(3.49783224600658E-16,0.125997791474996,
0.126643014295424),.UNSPECIFIED.);
#1606=B_SPLINE_CURVE_WITH_KNOTS('',3,(#10817,#10818,#10819,#10820,#10821,
#10822),.UNSPECIFIED.,.F.,.F.,(4,2,4),(-0.126643014295424,-0.125997791474996,
-3.49783224600658E-16),.UNSPECIFIED.);
#1607=B_SPLINE_CURVE_WITH_KNOTS('',3,(#10826,#10827,#10828,#10829,#10830,
#10831),.UNSPECIFIED.,.F.,.F.,(4,2,4),(-0.000507836974428162,0.,0.102768070131129),
 .UNSPECIFIED.);
#1608=B_SPLINE_CURVE_WITH_KNOTS('',3,(#10836,#10837,#10838,#10839),
 .UNSPECIFIED.,.F.,.F.,(4,4),(0.,0.0864586097379889),.UNSPECIFIED.);
#1609=B_SPLINE_CURVE_WITH_KNOTS('',3,(#10840,#10841,#10842,#10843),
 .UNSPECIFIED.,.F.,.F.,(4,4),(0.,0.0208042612177508),.UNSPECIFIED.);
#1610=B_SPLINE_CURVE_WITH_KNOTS('',3,(#10847,#10848,#10849,#10850,#10851,
#10852,#10853),.UNSPECIFIED.,.F.,.F.,(4,1,1,1,4),(-0.0738946036242867,-0.0527818597316335,
-0.0422254877853069,-0.0211127438926536,-3.56602752350613E-16),
 .UNSPECIFIED.);
#1611=B_SPLINE_CURVE_WITH_KNOTS('',3,(#10856,#10857,#10858,#10859,#10860,
#10861),.UNSPECIFIED.,.F.,.F.,(4,1,1,4),(0.,0.0697471811432435,0.116245301905406,
0.137511415921011),.UNSPECIFIED.);
#1612=B_SPLINE_CURVE_WITH_KNOTS('',3,(#10862,#10863,#10864,#10865),
 .UNSPECIFIED.,.F.,.F.,(4,4),(0.,0.164596271808135),.UNSPECIFIED.);
#1613=B_SPLINE_CURVE_WITH_KNOTS('',3,(#10897,#10898,#10899,#10900,#10901,
#10902),.UNSPECIFIED.,.F.,.F.,(4,1,1,4),(-0.162743422667568,-0.116245301905406,
-0.0697471811432435,0.),.UNSPECIFIED.);
#1614=B_SPLINE_CURVE_WITH_KNOTS('',3,(#10925,#10926,#10927,#10928),
 .UNSPECIFIED.,.F.,.F.,(4,4),(-0.164596271808135,0.),.UNSPECIFIED.);
#1615=B_SPLINE_CURVE_WITH_KNOTS('',3,(#10967,#10968,#10969,#10970,#10971,
#10972,#10973),.UNSPECIFIED.,.F.,.F.,(4,1,1,1,4),(3.56602752350613E-16,
0.0211127438926536,0.0422254877853069,0.0527818597316335,0.0738946036242867),
 .UNSPECIFIED.);
#1616=B_SPLINE_CURVE_WITH_KNOTS('',3,(#10995,#10996,#10997,#10998),
 .UNSPECIFIED.,.F.,.F.,(4,4),(-0.0864586097379889,0.),.UNSPECIFIED.);
#1617=B_SPLINE_CURVE_WITH_KNOTS('',3,(#11021,#11022,#11023,#11024),
 .UNSPECIFIED.,.F.,.F.,(4,4),(-0.0208042612177508,0.),.UNSPECIFIED.);
#1618=B_SPLINE_CURVE_WITH_KNOTS('',3,(#11056,#11057,#11058,#11059,#11060,
#11061),.UNSPECIFIED.,.F.,.F.,(4,2,4),(-0.102768070131129,0.,0.000507836974428162),
 .UNSPECIFIED.);
#1619=B_SPLINE_CURVE_WITH_KNOTS('',3,(#11078,#11079,#11080,#11081),
 .UNSPECIFIED.,.F.,.F.,(4,4),(0.0629637649880751,0.19385411600135),
 .UNSPECIFIED.);
#1620=B_SPLINE_CURVE_WITH_KNOTS('',3,(#11122,#11123,#11124,#11125),
 .UNSPECIFIED.,.F.,.F.,(4,4),(0.0547674815161807,0.111936089618526),
 .UNSPECIFIED.);
#1621=B_SPLINE_CURVE_WITH_KNOTS('',3,(#11153,#11154,#11155,#11156,#11157),
 .UNSPECIFIED.,.F.,.F.,(4,1,4),(0.,0.0337530200601949,0.0675060401203898),
 .UNSPECIFIED.);
#1622=B_SPLINE_CURVE_WITH_KNOTS('',3,(#11183,#11184,#11185,#11186,#11187),
 .UNSPECIFIED.,.F.,.F.,(4,1,4),(0.,0.0338076517956787,0.0676153035913573),
 .UNSPECIFIED.);
#1623=B_SPLINE_CURVE_WITH_KNOTS('',3,(#11213,#11214,#11215,#11216,#11217),
 .UNSPECIFIED.,.F.,.F.,(4,1,4),(2.39012108301424,2.79805118713778,3.13197818964371),
 .UNSPECIFIED.);
#1624=B_SPLINE_CURVE_WITH_KNOTS('',3,(#11238,#11239,#11240,#11241,#11242),
 .UNSPECIFIED.,.F.,.F.,(4,1,4),(2.35193139956643,2.66612223104205,3.1328881794336),
 .UNSPECIFIED.);
#1625=B_SPLINE_CURVE_WITH_KNOTS('',3,(#11268,#11269,#11270,#11271,#11272),
 .UNSPECIFIED.,.F.,.F.,(4,1,4),(2.34430001621495,2.66312010562759,3.13106614339883),
 .UNSPECIFIED.);
#1626=B_SPLINE_CURVE_WITH_KNOTS('',3,(#11298,#11299,#11300,#11301,#11302),
 .UNSPECIFIED.,.F.,.F.,(4,1,4),(2.33972297941745,2.66312010562759,3.12885487961536),
 .UNSPECIFIED.);
#1627=B_SPLINE_CURVE_WITH_KNOTS('',3,(#11323,#11324,#11325,#11326,#11327),
 .UNSPECIFIED.,.F.,.F.,(4,1,4),(2.37433758980211,2.66612223104205,3.12677001435368),
 .UNSPECIFIED.);
#1628=B_SPLINE_CURVE_WITH_KNOTS('',3,(#11353,#11354,#11355,#11356,#11357),
 .UNSPECIFIED.,.F.,.F.,(4,1,4),(2.39772663842391,2.68353736498684,3.06961886691189),
 .UNSPECIFIED.);
#1629=B_SPLINE_CURVE_WITH_KNOTS('',3,(#11393,#11394,#11395,#11396,#11397,
#11398,#11399),.UNSPECIFIED.,.F.,.F.,(4,1,1,1,4),(0.31799949185987,0.703518515973361,
1.09718718069239,1.49085584541143,1.83685880521996),.UNSPECIFIED.);
#1630=B_SPLINE_CURVE_WITH_KNOTS('',3,(#11400,#11401,#11402,#11403,#11404,
#11405,#11406),.UNSPECIFIED.,.F.,.F.,(4,1,1,1,4),(0.322548800236174,0.703518515973361,
1.09718718069239,1.49085584541143,1.84449018857144),.UNSPECIFIED.);
#1631=B_SPLINE_CURVE_WITH_KNOTS('',3,(#11451,#11452,#11453,#11454),
 .UNSPECIFIED.,.F.,.F.,(4,4),(0.0577555896980371,0.188645940711312),
 .UNSPECIFIED.);
#1632=B_SPLINE_CURVE_WITH_KNOTS('',3,(#11490,#11491,#11492,#11493,#11494,
#11495,#11496),.UNSPECIFIED.,.F.,.F.,(4,1,1,1,4),(0.3220327916781,0.703518515973361,
1.09718718069239,1.49085584541143,1.84906722536894),.UNSPECIFIED.);
#1633=B_SPLINE_CURVE_WITH_KNOTS('',3,(#11525,#11526,#11527,#11528,#11529,
#11530,#11531),.UNSPECIFIED.,.F.,.F.,(4,1,1,1,4),(0.30279644527509,0.686495555214734,
1.08408730036154,1.48167904550835,1.81445261498428),.UNSPECIFIED.);
#1634=B_SPLINE_CURVE_WITH_KNOTS('',3,(#11887,#11888,#11889,#11890),
 .UNSPECIFIED.,.F.,.F.,(4,4),(-0.0100489814516939,-6.00239145309596E-16),
 .UNSPECIFIED.);
#1635=B_SPLINE_CURVE_WITH_KNOTS('',3,(#11891,#11892,#11893,#11894),
 .UNSPECIFIED.,.F.,.F.,(4,4),(6.00239145309596E-16,0.0100489814516939),
 .UNSPECIFIED.);
#1636=B_SPLINE_CURVE_WITH_KNOTS('',3,(#11916,#11917,#11918,#11919),
 .UNSPECIFIED.,.F.,.F.,(4,4),(-0.247908034971944,0.),.UNSPECIFIED.);
#1637=B_SPLINE_CURVE_WITH_KNOTS('',3,(#11922,#11923,#11924,#11925),
 .UNSPECIFIED.,.F.,.F.,(4,4),(0.,0.247908034971944),.UNSPECIFIED.);
#1638=B_SPLINE_CURVE_WITH_KNOTS('',3,(#11952,#11953,#11954,#11955,#11956),
 .UNSPECIFIED.,.F.,.F.,(4,1,4),(-0.0684853278575262,-0.0293508547960827,
0.),.UNSPECIFIED.);
#1639=B_SPLINE_CURVE_WITH_KNOTS('',3,(#11959,#11960,#11961,#11962,#11963),
 .UNSPECIFIED.,.F.,.F.,(4,1,4),(0.,0.0293508547960827,0.0684853278575262),
 .UNSPECIFIED.);
#1640=B_SPLINE_CURVE_WITH_KNOTS('',3,(#11990,#11991,#11992,#11993,#11994),
 .UNSPECIFIED.,.F.,.F.,(4,1,4),(-0.0670704548948632,-0.0335352274474316,
0.),.UNSPECIFIED.);
#1641=B_SPLINE_CURVE_WITH_KNOTS('',3,(#11997,#11998,#11999,#12000,#12001),
 .UNSPECIFIED.,.F.,.F.,(4,1,4),(0.,0.0335352274474316,0.0670704548948632),
 .UNSPECIFIED.);
#1642=B_SPLINE_CURVE_WITH_KNOTS('',3,(#12023,#12024,#12025,#12026),
 .UNSPECIFIED.,.F.,.F.,(4,4),(-0.24172947445024,0.),.UNSPECIFIED.);
#1643=B_SPLINE_CURVE_WITH_KNOTS('',3,(#12029,#12030,#12031,#12032),
 .UNSPECIFIED.,.F.,.F.,(4,4),(0.,0.24172947445024),.UNSPECIFIED.);
#1644=B_SPLINE_CURVE_WITH_KNOTS('',3,(#12054,#12055,#12056,#12057),
 .UNSPECIFIED.,.F.,.F.,(4,4),(-0.00966968590284516,0.),.UNSPECIFIED.);
#1645=B_SPLINE_CURVE_WITH_KNOTS('',3,(#12060,#12061,#12062,#12063),
 .UNSPECIFIED.,.F.,.F.,(4,4),(0.,0.00966968590284516),.UNSPECIFIED.);
#1646=B_SPLINE_CURVE_WITH_KNOTS('',3,(#12099,#12100,#12101,#12102,#12103,
#12104,#12105),.UNSPECIFIED.,.F.,.F.,(4,1,1,1,4),(-0.00146039858592843,
0.00726112381528035,0.0159826462164891,0.0508687358213242,0.120640915030994),
 .UNSPECIFIED.);
#1647=B_SPLINE_CURVE_WITH_KNOTS('',3,(#12106,#12107,#12108,#12109,#12110,
#12111,#12112,#12113,#12114,#12115,#12116,#12117,#12118,#12119,#12120,#12121,
#12122,#12123,#12124,#12125,#12126,#12127,#12128,#12129,#12130,#12131,#12132,
#12133,#12134,#12135,#12136,#12137,#12138,#12139,#12140,#12141,#12142,#12143,
#12144,#12145,#12146,#12147,#12148,#12149,#12150,#12151,#12152,#12153,#12154,
#12155,#12156,#12157,#12158,#12159,#12160,#12161,#12162,#12163,#12164,#12165,
#12166,#12167,#12168,#12169),.UNSPECIFIED.,.F.,.F.,(4,3,3,3,3,3,3,3,3,3,
3,3,3,3,3,3,3,3,3,3,3,4),(-0.120640915030994,-0.109974393448886,-0.0985332090691171,
-0.0893392742368734,-0.0751067315456843,-0.0614643548124487,-0.05060442894474,
-0.0497649184837014,-0.0411108279591272,-0.0332724162877695,-0.0261799695267358,
-0.0250261651898036,-0.019050103435606,-0.0167799140918377,-0.0156822874884012,
-0.0135654546169786,-0.0123600323139065,-0.0102028478682549,-0.00814105425315401,
-0.00691079269743254,-0.00527288260543819,-0.00392207619240152),
 .UNSPECIFIED.);
#1648=B_SPLINE_CURVE_WITH_KNOTS('',3,(#12215,#12216,#12217,#12218,#12219,
#12220,#12221,#12222,#12223),.UNSPECIFIED.,.F.,.F.,(4,1,1,1,1,1,4),(0.297502021575802,
0.574503741150763,1.21627596926052,1.5371620833154,2.17893431142516,2.49982042548004,
3.12675348939421),.UNSPECIFIED.);
#1649=B_SPLINE_CURVE_WITH_KNOTS('',3,(#12224,#12225,#12226,#12227),
 .UNSPECIFIED.,.F.,.F.,(4,4),(0.0590262561382722,0.10838394716342),
 .UNSPECIFIED.);
#1650=B_SPLINE_CURVE_WITH_KNOTS('',3,(#12268,#12269,#12270,#12271,#12272,
#12273,#12274,#12275,#12276,#12277),.UNSPECIFIED.,.F.,.F.,(4,1,1,1,1,1,
1,4),(0.31790183244743,0.60578864141824,1.23973964446113,1.55671514598257,
2.19066614902546,2.5076416505469,2.82461715206835,3.12884257851248),
 .UNSPECIFIED.);
#1651=B_SPLINE_CURVE_WITH_KNOTS('',3,(#12329,#12330,#12331,#12332,#12333,
#12334,#12335,#12336,#12337,#12338),.UNSPECIFIED.,.F.,.F.,(4,1,1,1,1,1,
1,4),(0.322451754681078,0.624395835645555,1.25369504013161,1.56834464237464,
2.1976438468607,2.51229344910373,2.82694305134676,3.13105747928402),
 .UNSPECIFIED.);
#1652=B_SPLINE_CURVE_WITH_KNOTS('',3,(#12339,#12340,#12341,#12342,#12343),
 .UNSPECIFIED.,.F.,.F.,(4,1,4),(3.51274749975489E-17,0.0337525587821286,
0.0675051175642572),.UNSPECIFIED.);
#1653=B_SPLINE_CURVE_WITH_KNOTS('',3,(#12394,#12395,#12396,#12397,#12398,
#12399,#12400,#12401,#12402,#12403),.UNSPECIFIED.,.F.,.F.,(4,1,1,1,1,1,
1,4),(0.321941762235691,0.624395835645555,1.25369504013161,1.56834464237464,
2.1976438468607,2.51229344910373,2.82694305134676,3.13288250830074),
 .UNSPECIFIED.);
#1654=B_SPLINE_CURVE_WITH_KNOTS('',3,(#12404,#12405,#12406,#12407,#12408),
 .UNSPECIFIED.,.F.,.F.,(4,1,4),(0.,0.0338072806667242,0.0676145613334484),
 .UNSPECIFIED.);
#1655=B_SPLINE_CURVE_WITH_KNOTS('',3,(#12481,#12482,#12483,#12484,#12485,
#12486),.UNSPECIFIED.,.F.,.F.,(4,1,1,4),(0.0227547049857948,0.0398333752718692,
0.0796270683288128,0.139317607914228),.UNSPECIFIED.);
#1656=B_SPLINE_CURVE_WITH_KNOTS('',3,(#12489,#12490,#12491,#12492,#12493,
#12494,#12495),.UNSPECIFIED.,.F.,.F.,(4,1,1,1,4),(-0.139317607914228,-0.0796270683288128,
-0.0398333752718692,-0.0199365287433974,-4.75344490688673E-5),
 .UNSPECIFIED.);
#1657=B_SPLINE_CURVE_WITH_KNOTS('',3,(#12519,#12520,#12521,#12522),
 .UNSPECIFIED.,.F.,.F.,(4,4),(-0.149865647208622,-1.43570107662713E-16),
 .UNSPECIFIED.);
#1658=B_SPLINE_CURVE_WITH_KNOTS('',3,(#12523,#12524,#12525,#12526),
 .UNSPECIFIED.,.F.,.F.,(4,4),(1.43570107662713E-16,0.149865647208622),
 .UNSPECIFIED.);
#1659=B_SPLINE_CURVE_WITH_KNOTS('',3,(#12558,#12559,#12560,#12561,#12562,
#12563),.UNSPECIFIED.,.F.,.F.,(4,1,1,4),(-0.0756061670581226,-0.0540044050415161,
-0.0432035240332129,0.),.UNSPECIFIED.);
#1660=B_SPLINE_CURVE_WITH_KNOTS('',3,(#12566,#12567,#12568,#12569,#12570,
#12571),.UNSPECIFIED.,.F.,.F.,(4,1,1,4),(0.,0.0432035240332129,0.0540044050415161,
0.0756061670581226),.UNSPECIFIED.);
#1661=B_SPLINE_CURVE_WITH_KNOTS('',3,(#12595,#12596,#12597,#12598),
 .UNSPECIFIED.,.F.,.F.,(4,4),(-0.0934259349548587,0.),.UNSPECIFIED.);
#1662=B_SPLINE_CURVE_WITH_KNOTS('',3,(#12599,#12600,#12601,#12602),
 .UNSPECIFIED.,.F.,.F.,(4,4),(0.,0.0934259349548587),.UNSPECIFIED.);
#1663=B_SPLINE_CURVE_WITH_KNOTS('',3,(#12626,#12627,#12628,#12629),
 .UNSPECIFIED.,.F.,.F.,(4,4),(-0.0228229434880354,-4.7498704336635E-16),
 .UNSPECIFIED.);
#1664=B_SPLINE_CURVE_WITH_KNOTS('',3,(#12630,#12631,#12632,#12633),
 .UNSPECIFIED.,.F.,.F.,(4,4),(4.7498704336635E-16,0.0228229434880354),
 .UNSPECIFIED.);
#1665=B_SPLINE_CURVE_WITH_KNOTS('',3,(#12679,#12680,#12681,#12682,#12683,
#12684,#12685,#12686,#12687,#12688,#12689,#12690,#12691,#12692,#12693,#12694,
#12695,#12696,#12697,#12698,#12699,#12700,#12701,#12702,#12703,#12704,#12705,
#12706,#12707,#12708,#12709,#12710,#12711,#12712,#12713,#12714,#12715,#12716,
#12717,#12718),.UNSPECIFIED.,.F.,.F.,(4,3,3,3,3,3,3,3,3,3,3,3,3,4),(0.00175828475002325,
0.00456971660160764,0.00902248214303316,0.01481696805571,0.0179458551902833,
0.0187425023609099,0.033903947163455,0.0494118919335788,0.0536944095648472,
0.0692200605852155,0.0844659507530269,0.08937493195859,0.115339771494824,
0.125073871156893),.UNSPECIFIED.);
#1666=B_SPLINE_CURVE_WITH_KNOTS('',3,(#12719,#12720,#12721,#12722,#12723,
#12724,#12725,#12726,#12727),.UNSPECIFIED.,.F.,.F.,(4,1,1,1,1,1,4),(-0.125073871156893,
-0.0893807269249595,-0.0536875826930256,-0.0179944384610917,-0.00907115240310818,
-0.00460950937411644,-0.000147866345124703),.UNSPECIFIED.);
#1667=B_SPLINE_CURVE_WITH_KNOTS('',3,(#12731,#12732,#12733,#12734,#12735,
#12736,#12737,#12738),.UNSPECIFIED.,.F.,.F.,(4,1,1,1,1,4),(-0.102125575967981,
-0.0948308919702681,-0.0875362079725552,-0.0729468399771293,-0.0437681039862776,
0.),.UNSPECIFIED.);
#1668=B_SPLINE_CURVE_WITH_KNOTS('',3,(#12743,#12744,#12745,#12746),
 .UNSPECIFIED.,.F.,.F.,(4,4),(0.,0.0864878176109374),.UNSPECIFIED.);
#1669=B_SPLINE_CURVE_WITH_KNOTS('',3,(#12747,#12748,#12749,#12750),
 .UNSPECIFIED.,.F.,.F.,(4,4),(0.,0.0207664027554648),.UNSPECIFIED.);
#1670=B_SPLINE_CURVE_WITH_KNOTS('',3,(#12754,#12755,#12756,#12757,#12758,
#12759),.UNSPECIFIED.,.F.,.F.,(4,1,1,4),(-0.0738964605462545,-0.0527831861044675,
-0.0316699116626805,0.),.UNSPECIFIED.);
#1671=B_SPLINE_CURVE_WITH_KNOTS('',3,(#12762,#12763,#12764,#12765,#12766,
#12767),.UNSPECIFIED.,.F.,.F.,(4,1,1,4),(0.,0.0929804158005026,0.127848071725691,
0.137684033112109),.UNSPECIFIED.);
#1672=B_SPLINE_CURVE_WITH_KNOTS('',3,(#12768,#12769,#12770,#12771),
 .UNSPECIFIED.,.F.,.F.,(4,4),(0.,0.164613667173713),.UNSPECIFIED.);
#1673=B_SPLINE_CURVE_WITH_KNOTS('',3,(#12803,#12804,#12805,#12806,#12807,
#12808),.UNSPECIFIED.,.F.,.F.,(4,1,1,4),(-0.162706255716596,-0.127848071725691,
-0.0929804158005026,0.),.UNSPECIFIED.);
#1674=B_SPLINE_CURVE_WITH_KNOTS('',3,(#12831,#12832,#12833,#12834),
 .UNSPECIFIED.,.F.,.F.,(4,4),(-0.164613667173713,0.),.UNSPECIFIED.);
#1675=B_SPLINE_CURVE_WITH_KNOTS('',3,(#12868,#12869,#12870,#12871,#12872,
#12873),.UNSPECIFIED.,.F.,.F.,(4,1,1,4),(0.,0.0316699116626805,0.0527831861044675,
0.0738964605462545),.UNSPECIFIED.);
#1676=B_SPLINE_CURVE_WITH_KNOTS('',3,(#12895,#12896,#12897,#12898),
 .UNSPECIFIED.,.F.,.F.,(4,4),(-0.0864878176109374,0.),.UNSPECIFIED.);
#1677=B_SPLINE_CURVE_WITH_KNOTS('',3,(#12921,#12922,#12923,#12924),
 .UNSPECIFIED.,.F.,.F.,(4,4),(-0.0207664027554648,0.),.UNSPECIFIED.);
#1678=B_SPLINE_CURVE_WITH_KNOTS('',3,(#12966,#12967,#12968,#12969,#12970,
#12971,#12972,#12973),.UNSPECIFIED.,.F.,.F.,(4,1,1,1,1,4),(0.,0.0437681039862776,
0.0729468399771293,0.0875362079725552,0.0948308919702681,0.100667577292174),
 .UNSPECIFIED.);
#1679=B_SPLINE_CURVE_WITH_KNOTS('',3,(#12990,#12991,#12992,#12993),
 .UNSPECIFIED.,.F.,.F.,(4,4),(0.0630239632296389,0.194049917628522),
 .UNSPECIFIED.);
#1680=B_SPLINE_CURVE_WITH_KNOTS('',3,(#13105,#13106,#13107,#13108),
 .UNSPECIFIED.,.F.,.F.,(4,4),(0.0578060823564328,0.188832036755319),
 .UNSPECIFIED.);
#1681=B_SPLINE_CURVE_WITH_KNOTS('',3,(#13243,#13244,#13245,#13246,#13247,
#13248,#13249,#13250),.UNSPECIFIED.,.F.,.F.,(4,1,1,2,4),(-0.137277571978331,
-0.0823665431869987,-0.0549110287913325,0.,0.000515235801614472),
 .UNSPECIFIED.);
#1682=B_SPLINE_CURVE_WITH_KNOTS('',3,(#13251,#13252,#13253,#13254,#13255,
#13256,#13257,#13258),.UNSPECIFIED.,.F.,.F.,(4,2,1,1,4),(-0.000515235801614472,
0.,0.0549110287913325,0.0823665431869987,0.137277571978331),
 .UNSPECIFIED.);
#1683=B_SPLINE_CURVE_WITH_KNOTS('',3,(#13307,#13308,#13309,#13310,#13311,
#13312,#13313,#13314),.UNSPECIFIED.,.F.,.F.,(4,1,1,2,4),(-0.137361274800744,
-0.109889019840595,-0.0824167648804463,0.,0.000437084867176867),
 .UNSPECIFIED.);
#1684=B_SPLINE_CURVE_WITH_KNOTS('',3,(#13315,#13316,#13317,#13318,#13319,
#13320,#13321,#13322),.UNSPECIFIED.,.F.,.F.,(4,2,1,1,4),(-0.000437084867176867,
0.,0.0824167648804463,0.109889019840595,0.137361274800744),
 .UNSPECIFIED.);
#1685=B_SPLINE_CURVE_WITH_KNOTS('',3,(#13461,#13462,#13463,#13464,#13465,
#13466,#13467,#13468),.UNSPECIFIED.,.F.,.F.,(4,1,1,2,4),(-0.137276720258542,
-0.0823660321551253,-0.0549106881034169,0.,0.000515991635244324),
 .UNSPECIFIED.);
#1686=B_SPLINE_CURVE_WITH_KNOTS('',3,(#13469,#13470,#13471,#13472,#13473,
#13474,#13475,#13476),.UNSPECIFIED.,.F.,.F.,(4,2,1,1,4),(-0.000515991635244324,
0.,0.0549106881034169,0.0823660321551253,0.137276720258542),
 .UNSPECIFIED.);
#1687=B_SPLINE_CURVE_WITH_KNOTS('',3,(#13556,#13557,#13558,#13559,#13560,
#13561,#13562,#13563),.UNSPECIFIED.,.F.,.F.,(4,1,1,2,4),(-0.137314048725699,
-0.0823884292354193,-0.0549256194902795,0.,0.000478294238510405),
 .UNSPECIFIED.);
#1688=B_SPLINE_CURVE_WITH_KNOTS('',3,(#13564,#13565,#13566,#13567,#13568,
#13569,#13570,#13571),.UNSPECIFIED.,.F.,.F.,(4,2,1,1,4),(-0.000478294238510405,
0.,0.0549256194902795,0.0823884292354193,0.137314048725699),
 .UNSPECIFIED.);
#1689=B_SPLINE_CURVE_WITH_KNOTS('',3,(#13596,#13597,#13598,#13599),
 .UNSPECIFIED.,.F.,.F.,(4,4),(0.,0.0493268464634008),.UNSPECIFIED.);
#1690=B_SPLINE_CURVE_WITH_KNOTS('',3,(#13603,#13604,#13605,#13606,#13607,
#13608),.UNSPECIFIED.,.F.,.F.,(4,2,4),(0.456115224966908,0.47178972271136,
0.487985679058),.UNSPECIFIED.);
#1691=B_SPLINE_CURVE_WITH_KNOTS('',3,(#13612,#13613,#13614,#13615,#13616,
#13617),.UNSPECIFIED.,.F.,.F.,(4,2,4),(0.34201229305912,0.359478958628706,
0.378273468837805),.UNSPECIFIED.);
#1692=B_SPLINE_CURVE_WITH_KNOTS('',3,(#13621,#13622,#13623,#13624),
 .UNSPECIFIED.,.F.,.F.,(4,4),(0.277666264718401,0.326993111181706),
 .UNSPECIFIED.);
#1693=B_SPLINE_CURVE_WITH_KNOTS('',3,(#13648,#13649,#13650,#13651,#13652,
#13653,#13654,#13655,#13656,#13657,#13658,#13659,#13660,#13661,#13662,#13663,
#13664,#13665,#13666),.UNSPECIFIED.,.F.,.F.,(4,3,3,3,3,3,4),(-0.0279115457177965,
-0.0233251982671281,-0.0196712261101397,-0.0163500942145538,-0.0122021576246774,
-0.0115843977959119,-0.00758998407319907),.UNSPECIFIED.);
#1694=B_SPLINE_CURVE_WITH_KNOTS('',3,(#13667,#13668,#13669,#13670,#13671,
#13672),.UNSPECIFIED.,.F.,.F.,(4,2,4),(0.0473088207560527,0.0556352621129519,
0.0573958210006128),.UNSPECIFIED.);
#1695=B_SPLINE_CURVE_WITH_KNOTS('',3,(#13678,#13679,#13680,#13681,#13682,
#13683),.UNSPECIFIED.,.F.,.F.,(4,2,4),(0.0372218205114932,0.0389823793991537,
0.0473088207560529),.UNSPECIFIED.);
#1696=B_SPLINE_CURVE_WITH_KNOTS('',3,(#13706,#13707,#13708,#13709,#13710,
#13711),.UNSPECIFIED.,.F.,.F.,(4,2,4),(-0.000169757263791527,0.,0.0171498789339468),
 .UNSPECIFIED.);
#1697=B_SPLINE_CURVE_WITH_KNOTS('',3,(#13793,#13794,#13795,#13796,#13797,
#13798,#13799,#13800,#13801,#13802,#13803,#13804,#13805,#13806,#13807,#13808,
#13809,#13810,#13811,#13812,#13813,#13814),.UNSPECIFIED.,.F.,.F.,(4,3,3,
3,3,3,3,4),(-0.0203177997535321,-0.0187248939780914,-0.0154690522402364,
-0.0111836242069738,-0.00998394274923357,-0.00544410637311733,-0.000967613963494352,
0.),.UNSPECIFIED.);
#1698=B_SPLINE_CURVE_WITH_KNOTS('',3,(#13833,#13834,#13835,#13836,#13837,
#13838),.UNSPECIFIED.,.F.,.F.,(4,2,4),(0.0159022458433546,0.0327476518200767,
0.0329143051700795),.UNSPECIFIED.);
#1699=LINE('',#7442,#1862);
#1700=LINE('',#7468,#1863);
#1701=LINE('',#7499,#1864);
#1702=LINE('',#7521,#1865);
#1703=LINE('',#7549,#1866);
#1704=LINE('',#7559,#1867);
#1705=LINE('',#7574,#1868);
#1706=LINE('',#7619,#1869);
#1707=LINE('',#7639,#1870);
#1708=LINE('',#7658,#1871);
#1709=LINE('',#7722,#1872);
#1710=LINE('',#7884,#1873);
#1711=LINE('',#7885,#1874);
#1712=LINE('',#8126,#1875);
#1713=LINE('',#8308,#1876);
#1714=LINE('',#8551,#1877);
#1715=LINE('',#8552,#1878);
#1716=LINE('',#8647,#1879);
#1717=LINE('',#8651,#1880);
#1718=LINE('',#8655,#1881);
#1719=LINE('',#8657,#1882);
#1720=LINE('',#8660,#1883);
#1721=LINE('',#8663,#1884);
#1722=LINE('',#8667,#1885);
#1723=LINE('',#8668,#1886);
#1724=LINE('',#8671,#1887);
#1725=LINE('',#8675,#1888);
#1726=LINE('',#8676,#1889);
#1727=LINE('',#8679,#1890);
#1728=LINE('',#8683,#1891);
#1729=LINE('',#8684,#1892);
#1730=LINE('',#8687,#1893);
#1731=LINE('',#8691,#1894);
#1732=LINE('',#8695,#1895);
#1733=LINE('',#8697,#1896);
#1734=LINE('',#8701,#1897);
#1735=LINE('',#8705,#1898);
#1736=LINE('',#8765,#1899);
#1737=LINE('',#8803,#1900);
#1738=LINE('',#8896,#1901);
#1739=LINE('',#9132,#1902);
#1740=LINE('',#9279,#1903);
#1741=LINE('',#9327,#1904);
#1742=LINE('',#9770,#1905);
#1743=LINE('',#9773,#1906);
#1744=LINE('',#10560,#1907);
#1745=LINE('',#10825,#1908);
#1746=LINE('',#10834,#1909);
#1747=LINE('',#10846,#1910);
#1748=LINE('',#11600,#1911);
#1749=LINE('',#11604,#1912);
#1750=LINE('',#11608,#1913);
#1751=LINE('',#11611,#1914);
#1752=LINE('',#11640,#1915);
#1753=LINE('',#11643,#1916);
#1754=LINE('',#11646,#1917);
#1755=LINE('',#11703,#1918);
#1756=LINE('',#11724,#1919);
#1757=LINE('',#11725,#1920);
#1758=LINE('',#11761,#1921);
#1759=LINE('',#11764,#1922);
#1760=LINE('',#11767,#1923);
#1761=LINE('',#11781,#1924);
#1762=LINE('',#11800,#1925);
#1763=LINE('',#11803,#1926);
#1764=LINE('',#11806,#1927);
#1765=LINE('',#11820,#1928);
#1766=LINE('',#11840,#1929);
#1767=LINE('',#11843,#1930);
#1768=LINE('',#11846,#1931);
#1769=LINE('',#11860,#1932);
#1770=LINE('',#12730,#1933);
#1771=LINE('',#12741,#1934);
#1772=LINE('',#12753,#1935);
#1773=LINE('',#13087,#1936);
#1774=LINE('',#13137,#1937);
#1775=LINE('',#13153,#1938);
#1776=LINE('',#13167,#1939);
#1777=LINE('',#13181,#1940);
#1778=LINE('',#13193,#1941);
#1779=LINE('',#13199,#1942);
#1780=LINE('',#13201,#1943);
#1781=LINE('',#13203,#1944);
#1782=LINE('',#13205,#1945);
#1783=LINE('',#13206,#1946);
#1784=LINE('',#13267,#1947);
#1785=LINE('',#13325,#1948);
#1786=LINE('',#13327,#1949);
#1787=LINE('',#13328,#1950);
#1788=LINE('',#13331,#1951);
#1789=LINE('',#13359,#1952);
#1790=LINE('',#13362,#1953);
#1791=LINE('',#13366,#1954);
#1792=LINE('',#13370,#1955);
#1793=LINE('',#13372,#1956);
#1794=LINE('',#13374,#1957);
#1795=LINE('',#13423,#1958);
#1796=LINE('',#13424,#1959);
#1797=LINE('',#13484,#1960);
#1798=LINE('',#13485,#1961);
#1799=LINE('',#13496,#1962);
#1800=LINE('',#13497,#1963);
#1801=LINE('',#13508,#1964);
#1802=LINE('',#13509,#1965);
#1803=LINE('',#13518,#1966);
#1804=LINE('',#13519,#1967);
#1805=LINE('',#13579,#1968);
#1806=LINE('',#13580,#1969);
#1807=LINE('',#13585,#1970);
#1808=LINE('',#13586,#1971);
#1809=LINE('',#13588,#1972);
#1810=LINE('',#13589,#1973);
#1811=LINE('',#13591,#1974);
#1812=LINE('',#13592,#1975);
#1813=LINE('',#13626,#1976);
#1814=LINE('',#13627,#1977);
#1815=LINE('',#13629,#1978);
#1816=LINE('',#13631,#1979);
#1817=LINE('',#13633,#1980);
#1818=LINE('',#13634,#1981);
#1819=LINE('',#13636,#1982);
#1820=LINE('',#13640,#1983);
#1821=LINE('',#13641,#1984);
#1822=LINE('',#13644,#1985);
#1823=LINE('',#13684,#1986);
#1824=LINE('',#13744,#1987);
#1825=LINE('',#13748,#1988);
#1826=LINE('',#13751,#1989);
#1827=LINE('',#13777,#1990);
#1828=LINE('',#13779,#1991);
#1829=LINE('',#13780,#1992);
#1830=LINE('',#13783,#1993);
#1831=LINE('',#13785,#1994);
#1832=LINE('',#13787,#1995);
#1833=LINE('',#13788,#1996);
#1834=LINE('',#13791,#1997);
#1835=LINE('',#13817,#1998);
#1836=LINE('',#13820,#1999);
#1837=LINE('',#13822,#2000);
#1838=LINE('',#13823,#2001);
#1839=LINE('',#13825,#2002);
#1840=LINE('',#13827,#2003);
#1841=LINE('',#13829,#2004);
#1842=LINE('',#13830,#2005);
#1843=LINE('',#13840,#2006);
#1844=LINE('',#13893,#2007);
#1845=LINE('',#13899,#2008);
#1846=LINE('',#13923,#2009);
#1847=LINE('',#13942,#2010);
#1848=LINE('',#13952,#2011);
#1849=LINE('',#13973,#2012);
#1850=LINE('',#13993,#2013);
#1851=LINE('',#14016,#2014);
#1852=LINE('',#14033,#2015);
#1853=LINE('',#14041,#2016);
#1854=LINE('',#14048,#2017);
#1855=LINE('',#14050,#2018);
#1856=LINE('',#14053,#2019);
#1857=LINE('',#14055,#2020);
#1858=LINE('',#14057,#2021);
#1859=LINE('',#14058,#2022);
#1860=LINE('',#14060,#2023);
#1861=LINE('',#14062,#2024);
#1862=VECTOR('',#6065,16.);
#1863=VECTOR('',#6066,10.);
#1864=VECTOR('',#6069,10.);
#1865=VECTOR('',#6070,10.);
#1866=VECTOR('',#6077,10.);
#1867=VECTOR('',#6078,16.);
#1868=VECTOR('',#6083,10.);
#1869=VECTOR('',#6084,10.);
#1870=VECTOR('',#6085,10.);
#1871=VECTOR('',#6086,10.);
#1872=VECTOR('',#6087,10.);
#1873=VECTOR('',#6096,10.);
#1874=VECTOR('',#6097,10.);
#1875=VECTOR('',#6114,10.);
#1876=VECTOR('',#6141,10.);
#1877=VECTOR('',#6158,10.);
#1878=VECTOR('',#6159,10.);
#1879=VECTOR('',#6164,10.);
#1880=VECTOR('',#6167,10.);
#1881=VECTOR('',#6170,10.);
#1882=VECTOR('',#6171,10.);
#1883=VECTOR('',#6174,10.);
#1884=VECTOR('',#6177,10.);
#1885=VECTOR('',#6182,10.);
#1886=VECTOR('',#6183,10.);
#1887=VECTOR('',#6186,10.);
#1888=VECTOR('',#6191,10.);
#1889=VECTOR('',#6192,10.);
#1890=VECTOR('',#6195,10.);
#1891=VECTOR('',#6200,10.);
#1892=VECTOR('',#6201,10.);
#1893=VECTOR('',#6204,10.);
#1894=VECTOR('',#6209,10.);
#1895=VECTOR('',#6212,10.);
#1896=VECTOR('',#6213,10.);
#1897=VECTOR('',#6216,10.);
#1898=VECTOR('',#6221,10.);
#1899=VECTOR('',#6232,10.);
#1900=VECTOR('',#6243,10.);
#1901=VECTOR('',#6256,10.);
#1902=VECTOR('',#6275,10.);
#1903=VECTOR('',#6282,10.);
#1904=VECTOR('',#6291,10.);
#1905=VECTOR('',#6320,10.);
#1906=VECTOR('',#6323,10.);
#1907=VECTOR('',#6366,10.);
#1908=VECTOR('',#6381,10.);
#1909=VECTOR('',#6384,10.);
#1910=VECTOR('',#6387,10.);
#1911=VECTOR('',#6418,10.);
#1912=VECTOR('',#6421,10.);
#1913=VECTOR('',#6424,10.);
#1914=VECTOR('',#6427,10.);
#1915=VECTOR('',#6464,10.);
#1916=VECTOR('',#6467,10.);
#1917=VECTOR('',#6470,10.);
#1918=VECTOR('',#6539,10.);
#1919=VECTOR('',#6560,10.);
#1920=VECTOR('',#6561,10.);
#1921=VECTOR('',#6606,10.);
#1922=VECTOR('',#6609,10.);
#1923=VECTOR('',#6612,10.);
#1924=VECTOR('',#6637,10.);
#1925=VECTOR('',#6664,10.);
#1926=VECTOR('',#6667,10.);
#1927=VECTOR('',#6670,10.);
#1928=VECTOR('',#6695,10.);
#1929=VECTOR('',#6724,10.);
#1930=VECTOR('',#6727,10.);
#1931=VECTOR('',#6730,10.);
#1932=VECTOR('',#6755,10.);
#1933=VECTOR('',#6786,10.);
#1934=VECTOR('',#6789,10.);
#1935=VECTOR('',#6792,10.);
#1936=VECTOR('',#6811,10.);
#1937=VECTOR('',#6824,1.4);
#1938=VECTOR('',#6845,1.4);
#1939=VECTOR('',#6864,1.4);
#1940=VECTOR('',#6883,1.4);
#1941=VECTOR('',#6900,23.32);
#1942=VECTOR('',#6907,10.);
#1943=VECTOR('',#6908,10.);
#1944=VECTOR('',#6909,10.);
#1945=VECTOR('',#6910,10.);
#1946=VECTOR('',#6911,10.);
#1947=VECTOR('',#6926,10.);
#1948=VECTOR('',#6937,10.);
#1949=VECTOR('',#6938,10.);
#1950=VECTOR('',#6939,10.);
#1951=VECTOR('',#6942,10.);
#1952=VECTOR('',#6957,10.);
#1953=VECTOR('',#6960,10.);
#1954=VECTOR('',#6965,10.);
#1955=VECTOR('',#6968,10.);
#1956=VECTOR('',#6969,10.);
#1957=VECTOR('',#6970,10.);
#1958=VECTOR('',#7005,10.);
#1959=VECTOR('',#7006,10.);
#1960=VECTOR('',#7019,10.);
#1961=VECTOR('',#7020,10.);
#1962=VECTOR('',#7033,10.);
#1963=VECTOR('',#7034,10.);
#1964=VECTOR('',#7047,10.);
#1965=VECTOR('',#7048,10.);
#1966=VECTOR('',#7059,10.);
#1967=VECTOR('',#7060,10.);
#1968=VECTOR('',#7073,10.);
#1969=VECTOR('',#7074,10.);
#1970=VECTOR('',#7079,10.);
#1971=VECTOR('',#7080,10.);
#1972=VECTOR('',#7083,10.);
#1973=VECTOR('',#7084,10.);
#1974=VECTOR('',#7087,10.);
#1975=VECTOR('',#7088,10.);
#1976=VECTOR('',#7103,10.);
#1977=VECTOR('',#7104,10.);
#1978=VECTOR('',#7107,10.);
#1979=VECTOR('',#7110,10.);
#1980=VECTOR('',#7113,10.);
#1981=VECTOR('',#7114,10.);
#1982=VECTOR('',#7117,10.);
#1983=VECTOR('',#7122,10.);
#1984=VECTOR('',#7123,10.);
#1985=VECTOR('',#7126,10.);
#1986=VECTOR('',#7135,10.);
#1987=VECTOR('',#7146,10.);
#1988=VECTOR('',#7151,10.);
#1989=VECTOR('',#7154,10.);
#1990=VECTOR('',#7165,10.);
#1991=VECTOR('',#7168,10.);
#1992=VECTOR('',#7169,10.);
#1993=VECTOR('',#7172,10.);
#1994=VECTOR('',#7173,10.);
#1995=VECTOR('',#7174,10.);
#1996=VECTOR('',#7175,10.);
#1997=VECTOR('',#7180,10.);
#1998=VECTOR('',#7183,10.);
#1999=VECTOR('',#7186,10.);
#2000=VECTOR('',#7187,10.);
#2001=VECTOR('',#7188,10.);
#2002=VECTOR('',#7189,10.);
#2003=VECTOR('',#7190,10.);
#2004=VECTOR('',#7191,10.);
#2005=VECTOR('',#7192,10.);
#2006=VECTOR('',#7195,10.);
#2007=VECTOR('',#7206,10.);
#2008=VECTOR('',#7217,10.);
#2009=VECTOR('',#7224,10.);
#2010=VECTOR('',#7249,3.6);
#2011=VECTOR('',#7262,1.4);
#2012=VECTOR('',#7289,1.4);
#2013=VECTOR('',#7316,3.6);
#2014=VECTOR('',#7353,10.);
#2015=VECTOR('',#7378,10.);
#2016=VECTOR('',#7391,10.);
#2017=VECTOR('',#7402,10.);
#2018=VECTOR('',#7405,10.);
#2019=VECTOR('',#7410,10.);
#2020=VECTOR('',#7413,10.);
#2021=VECTOR('',#7416,10.);
#2022=VECTOR('',#7417,10.);
#2023=VECTOR('',#7420,10.);
#2024=VECTOR('',#7423,10.);
#2025=VERTEX_POINT('',#7440);
#2026=VERTEX_POINT('',#7441);
#2027=VERTEX_POINT('',#7443);
#2028=VERTEX_POINT('',#7451);
#2029=VERTEX_POINT('',#7462);
#2030=VERTEX_POINT('',#7467);
#2031=VERTEX_POINT('',#7469);
#2032=VERTEX_POINT('',#7474);
#2033=VERTEX_POINT('',#7485);
#2034=VERTEX_POINT('',#7487);
#2035=VERTEX_POINT('',#7493);
#2036=VERTEX_POINT('',#7498);
#2037=VERTEX_POINT('',#7500);
#2038=VERTEX_POINT('',#7505);
#2039=VERTEX_POINT('',#7514);
#2040=VERTEX_POINT('',#7520);
#2041=VERTEX_POINT('',#7522);
#2042=VERTEX_POINT('',#7527);
#2043=VERTEX_POINT('',#7529);
#2044=VERTEX_POINT('',#7534);
#2045=VERTEX_POINT('',#7536);
#2046=VERTEX_POINT('',#7541);
#2047=VERTEX_POINT('',#7543);
#2048=VERTEX_POINT('',#7548);
#2049=VERTEX_POINT('',#7550);
#2050=VERTEX_POINT('',#7558);
#2051=VERTEX_POINT('',#7560);
#2052=VERTEX_POINT('',#7563);
#2053=VERTEX_POINT('',#7568);
#2054=VERTEX_POINT('',#7573);
#2055=VERTEX_POINT('',#7575);
#2056=VERTEX_POINT('',#7584);
#2057=VERTEX_POINT('',#7585);
#2058=VERTEX_POINT('',#7590);
#2059=VERTEX_POINT('',#7595);
#2060=VERTEX_POINT('',#7618);
#2061=VERTEX_POINT('',#7620);
#2062=VERTEX_POINT('',#7629);
#2063=VERTEX_POINT('',#7634);
#2064=VERTEX_POINT('',#7640);
#2065=VERTEX_POINT('',#7641);
#2066=VERTEX_POINT('',#7646);
#2067=VERTEX_POINT('',#7657);
#2068=VERTEX_POINT('',#7659);
#2069=VERTEX_POINT('',#7668);
#2070=VERTEX_POINT('',#7675);
#2071=VERTEX_POINT('',#7689);
#2072=VERTEX_POINT('',#7721);
#2073=VERTEX_POINT('',#7723);
#2074=VERTEX_POINT('',#7821);
#2075=VERTEX_POINT('',#7822);
#2076=VERTEX_POINT('',#7824);
#2077=VERTEX_POINT('',#7869);
#2078=VERTEX_POINT('',#7870);
#2079=VERTEX_POINT('',#7881);
#2080=VERTEX_POINT('',#7882);
#2081=VERTEX_POINT('',#7916);
#2082=VERTEX_POINT('',#7917);
#2083=VERTEX_POINT('',#7949);
#2084=VERTEX_POINT('',#7950);
#2085=VERTEX_POINT('',#7990);
#2086=VERTEX_POINT('',#7991);
#2087=VERTEX_POINT('',#8033);
#2088=VERTEX_POINT('',#8034);
#2089=VERTEX_POINT('',#8070);
#2090=VERTEX_POINT('',#8071);
#2091=VERTEX_POINT('',#8111);
#2092=VERTEX_POINT('',#8124);
#2093=VERTEX_POINT('',#8151);
#2094=VERTEX_POINT('',#8181);
#2095=VERTEX_POINT('',#8208);
#2096=VERTEX_POINT('',#8215);
#2097=VERTEX_POINT('',#8242);
#2098=VERTEX_POINT('',#8272);
#2099=VERTEX_POINT('',#8299);
#2100=VERTEX_POINT('',#8306);
#2101=VERTEX_POINT('',#8339);
#2102=VERTEX_POINT('',#8340);
#2103=VERTEX_POINT('',#8372);
#2104=VERTEX_POINT('',#8373);
#2105=VERTEX_POINT('',#8413);
#2106=VERTEX_POINT('',#8414);
#2107=VERTEX_POINT('',#8456);
#2108=VERTEX_POINT('',#8457);
#2109=VERTEX_POINT('',#8493);
#2110=VERTEX_POINT('',#8494);
#2111=VERTEX_POINT('',#8534);
#2112=VERTEX_POINT('',#8535);
#2113=VERTEX_POINT('',#8548);
#2114=VERTEX_POINT('',#8549);
#2115=VERTEX_POINT('',#8577);
#2116=VERTEX_POINT('',#8582);
#2117=VERTEX_POINT('',#8628);
#2118=VERTEX_POINT('',#8646);
#2119=VERTEX_POINT('',#8648);
#2120=VERTEX_POINT('',#8650);
#2121=VERTEX_POINT('',#8652);
#2122=VERTEX_POINT('',#8654);
#2123=VERTEX_POINT('',#8656);
#2124=VERTEX_POINT('',#8658);
#2125=VERTEX_POINT('',#8662);
#2126=VERTEX_POINT('',#8666);
#2127=VERTEX_POINT('',#8670);
#2128=VERTEX_POINT('',#8674);
#2129=VERTEX_POINT('',#8678);
#2130=VERTEX_POINT('',#8682);
#2131=VERTEX_POINT('',#8686);
#2132=VERTEX_POINT('',#8690);
#2133=VERTEX_POINT('',#8692);
#2134=VERTEX_POINT('',#8694);
#2135=VERTEX_POINT('',#8696);
#2136=VERTEX_POINT('',#8698);
#2137=VERTEX_POINT('',#8700);
#2138=VERTEX_POINT('',#8704);
#2139=VERTEX_POINT('',#8708);
#2140=VERTEX_POINT('',#8727);
#2141=VERTEX_POINT('',#8728);
#2142=VERTEX_POINT('',#8742);
#2143=VERTEX_POINT('',#8747);
#2144=VERTEX_POINT('',#8752);
#2145=VERTEX_POINT('',#8757);
#2146=VERTEX_POINT('',#8764);
#2147=VERTEX_POINT('',#8768);
#2148=VERTEX_POINT('',#8787);
#2149=VERTEX_POINT('',#8788);
#2150=VERTEX_POINT('',#8802);
#2151=VERTEX_POINT('',#8821);
#2152=VERTEX_POINT('',#8822);
#2153=VERTEX_POINT('',#8824);
#2154=VERTEX_POINT('',#8866);
#2155=VERTEX_POINT('',#8867);
#2156=VERTEX_POINT('',#8891);
#2157=VERTEX_POINT('',#8897);
#2158=VERTEX_POINT('',#8902);
#2159=VERTEX_POINT('',#8924);
#2160=VERTEX_POINT('',#8929);
#2161=VERTEX_POINT('',#8965);
#2162=VERTEX_POINT('',#8973);
#2163=VERTEX_POINT('',#8992);
#2164=VERTEX_POINT('',#9052);
#2165=VERTEX_POINT('',#9076);
#2166=VERTEX_POINT('',#9081);
#2167=VERTEX_POINT('',#9103);
#2168=VERTEX_POINT('',#9130);
#2169=VERTEX_POINT('',#9157);
#2170=VERTEX_POINT('',#9181);
#2171=VERTEX_POINT('',#9201);
#2172=VERTEX_POINT('',#9313);
#2173=VERTEX_POINT('',#9324);
#2174=VERTEX_POINT('',#9326);
#2175=VERTEX_POINT('',#9378);
#2176=VERTEX_POINT('',#9380);
#2177=VERTEX_POINT('',#9442);
#2178=VERTEX_POINT('',#9454);
#2179=VERTEX_POINT('',#9491);
#2180=VERTEX_POINT('',#9553);
#2181=VERTEX_POINT('',#9580);
#2182=VERTEX_POINT('',#9585);
#2183=VERTEX_POINT('',#9592);
#2184=VERTEX_POINT('',#9597);
#2185=VERTEX_POINT('',#9628);
#2186=VERTEX_POINT('',#9630);
#2187=VERTEX_POINT('',#9652);
#2188=VERTEX_POINT('',#9698);
#2189=VERTEX_POINT('',#9745);
#2190=VERTEX_POINT('',#9746);
#2191=VERTEX_POINT('',#9766);
#2192=VERTEX_POINT('',#9767);
#2193=VERTEX_POINT('',#9769);
#2194=VERTEX_POINT('',#9771);
#2195=VERTEX_POINT('',#9822);
#2196=VERTEX_POINT('',#9823);
#2197=VERTEX_POINT('',#9825);
#2198=VERTEX_POINT('',#9830);
#2199=VERTEX_POINT('',#9876);
#2200=VERTEX_POINT('',#9885);
#2201=VERTEX_POINT('',#9925);
#2202=VERTEX_POINT('',#9979);
#2203=VERTEX_POINT('',#10089);
#2204=VERTEX_POINT('',#10099);
#2205=VERTEX_POINT('',#10165);
#2206=VERTEX_POINT('',#10216);
#2207=VERTEX_POINT('',#10221);
#2208=VERTEX_POINT('',#10228);
#2209=VERTEX_POINT('',#10233);
#2210=VERTEX_POINT('',#10264);
#2211=VERTEX_POINT('',#10266);
#2212=VERTEX_POINT('',#10296);
#2213=VERTEX_POINT('',#10297);
#2214=VERTEX_POINT('',#10331);
#2215=VERTEX_POINT('',#10332);
#2216=VERTEX_POINT('',#10362);
#2217=VERTEX_POINT('',#10363);
#2218=VERTEX_POINT('',#10398);
#2219=VERTEX_POINT('',#10399);
#2220=VERTEX_POINT('',#10436);
#2221=VERTEX_POINT('',#10437);
#2222=VERTEX_POINT('',#10469);
#2223=VERTEX_POINT('',#10470);
#2224=VERTEX_POINT('',#10500);
#2225=VERTEX_POINT('',#10505);
#2226=VERTEX_POINT('',#10634);
#2227=VERTEX_POINT('',#10641);
#2228=VERTEX_POINT('',#10669);
#2229=VERTEX_POINT('',#10670);
#2230=VERTEX_POINT('',#10710);
#2231=VERTEX_POINT('',#10717);
#2232=VERTEX_POINT('',#10745);
#2233=VERTEX_POINT('',#10746);
#2234=VERTEX_POINT('',#10776);
#2235=VERTEX_POINT('',#10777);
#2236=VERTEX_POINT('',#10824);
#2237=VERTEX_POINT('',#10833);
#2238=VERTEX_POINT('',#10835);
#2239=VERTEX_POINT('',#10845);
#2240=VERTEX_POINT('',#10855);
#2241=VERTEX_POINT('',#10896);
#2242=VERTEX_POINT('',#10924);
#2243=VERTEX_POINT('',#10965);
#2244=VERTEX_POINT('',#10994);
#2245=VERTEX_POINT('',#11020);
#2246=VERTEX_POINT('',#11151);
#2247=VERTEX_POINT('',#11590);
#2248=VERTEX_POINT('',#11594);
#2249=VERTEX_POINT('',#11596);
#2250=VERTEX_POINT('',#11597);
#2251=VERTEX_POINT('',#11599);
#2252=VERTEX_POINT('',#11601);
#2253=VERTEX_POINT('',#11603);
#2254=VERTEX_POINT('',#11605);
#2255=VERTEX_POINT('',#11607);
#2256=VERTEX_POINT('',#11609);
#2257=VERTEX_POINT('',#11612);
#2258=VERTEX_POINT('',#11615);
#2259=VERTEX_POINT('',#11616);
#2260=VERTEX_POINT('',#11618);
#2261=VERTEX_POINT('',#11620);
#2262=VERTEX_POINT('',#11624);
#2263=VERTEX_POINT('',#11625);
#2264=VERTEX_POINT('',#11630);
#2265=VERTEX_POINT('',#11631);
#2266=VERTEX_POINT('',#11639);
#2267=VERTEX_POINT('',#11641);
#2268=VERTEX_POINT('',#11645);
#2269=VERTEX_POINT('',#11649);
#2270=VERTEX_POINT('',#11651);
#2271=VERTEX_POINT('',#11652);
#2272=VERTEX_POINT('',#11654);
#2273=VERTEX_POINT('',#11656);
#2274=VERTEX_POINT('',#11659);
#2275=VERTEX_POINT('',#11660);
#2276=VERTEX_POINT('',#11662);
#2277=VERTEX_POINT('',#11664);
#2278=VERTEX_POINT('',#11667);
#2279=VERTEX_POINT('',#11669);
#2280=VERTEX_POINT('',#11671);
#2281=VERTEX_POINT('',#11673);
#2282=VERTEX_POINT('',#11675);
#2283=VERTEX_POINT('',#11676);
#2284=VERTEX_POINT('',#11678);
#2285=VERTEX_POINT('',#11680);
#2286=VERTEX_POINT('',#11684);
#2287=VERTEX_POINT('',#11685);
#2288=VERTEX_POINT('',#11688);
#2289=VERTEX_POINT('',#11692);
#2290=VERTEX_POINT('',#11696);
#2291=VERTEX_POINT('',#11705);
#2292=VERTEX_POINT('',#11707);
#2293=VERTEX_POINT('',#11708);
#2294=VERTEX_POINT('',#11710);
#2295=VERTEX_POINT('',#11712);
#2296=VERTEX_POINT('',#11715);
#2297=VERTEX_POINT('',#11716);
#2298=VERTEX_POINT('',#11718);
#2299=VERTEX_POINT('',#11720);
#2300=VERTEX_POINT('',#11723);
#2301=VERTEX_POINT('',#11727);
#2302=VERTEX_POINT('',#11729);
#2303=VERTEX_POINT('',#11731);
#2304=VERTEX_POINT('',#11733);
#2305=VERTEX_POINT('',#11735);
#2306=VERTEX_POINT('',#11736);
#2307=VERTEX_POINT('',#11738);
#2308=VERTEX_POINT('',#11740);
#2309=VERTEX_POINT('',#11744);
#2310=VERTEX_POINT('',#11746);
#2311=VERTEX_POINT('',#11750);
#2312=VERTEX_POINT('',#11754);
#2313=VERTEX_POINT('',#11760);
#2314=VERTEX_POINT('',#11762);
#2315=VERTEX_POINT('',#11766);
#2316=VERTEX_POINT('',#11773);
#2317=VERTEX_POINT('',#11783);
#2318=VERTEX_POINT('',#11785);
#2319=VERTEX_POINT('',#11789);
#2320=VERTEX_POINT('',#11793);
#2321=VERTEX_POINT('',#11799);
#2322=VERTEX_POINT('',#11801);
#2323=VERTEX_POINT('',#11805);
#2324=VERTEX_POINT('',#11810);
#2325=VERTEX_POINT('',#11823);
#2326=VERTEX_POINT('',#11825);
#2327=VERTEX_POINT('',#11829);
#2328=VERTEX_POINT('',#11833);
#2329=VERTEX_POINT('',#11839);
#2330=VERTEX_POINT('',#11841);
#2331=VERTEX_POINT('',#11845);
#2332=VERTEX_POINT('',#11849);
#2333=VERTEX_POINT('',#11884);
#2334=VERTEX_POINT('',#11885);
#2335=VERTEX_POINT('',#11915);
#2336=VERTEX_POINT('',#11920);
#2337=VERTEX_POINT('',#11951);
#2338=VERTEX_POINT('',#11957);
#2339=VERTEX_POINT('',#11989);
#2340=VERTEX_POINT('',#11995);
#2341=VERTEX_POINT('',#12022);
#2342=VERTEX_POINT('',#12027);
#2343=VERTEX_POINT('',#12053);
#2344=VERTEX_POINT('',#12058);
#2345=VERTEX_POINT('',#12328);
#2346=VERTEX_POINT('',#12480);
#2347=VERTEX_POINT('',#12487);
#2348=VERTEX_POINT('',#12516);
#2349=VERTEX_POINT('',#12517);
#2350=VERTEX_POINT('',#12557);
#2351=VERTEX_POINT('',#12564);
#2352=VERTEX_POINT('',#12592);
#2353=VERTEX_POINT('',#12593);
#2354=VERTEX_POINT('',#12623);
#2355=VERTEX_POINT('',#12624);
#2356=VERTEX_POINT('',#12729);
#2357=VERTEX_POINT('',#12740);
#2358=VERTEX_POINT('',#12742);
#2359=VERTEX_POINT('',#12752);
#2360=VERTEX_POINT('',#12761);
#2361=VERTEX_POINT('',#12802);
#2362=VERTEX_POINT('',#12830);
#2363=VERTEX_POINT('',#12866);
#2364=VERTEX_POINT('',#12894);
#2365=VERTEX_POINT('',#12920);
#2366=VERTEX_POINT('',#13130);
#2367=VERTEX_POINT('',#13132);
#2368=VERTEX_POINT('',#13136);
#2369=VERTEX_POINT('',#13138);
#2370=VERTEX_POINT('',#13144);
#2371=VERTEX_POINT('',#13146);
#2372=VERTEX_POINT('',#13150);
#2373=VERTEX_POINT('',#13151);
#2374=VERTEX_POINT('',#13158);
#2375=VERTEX_POINT('',#13160);
#2376=VERTEX_POINT('',#13164);
#2377=VERTEX_POINT('',#13165);
#2378=VERTEX_POINT('',#13172);
#2379=VERTEX_POINT('',#13174);
#2380=VERTEX_POINT('',#13178);
#2381=VERTEX_POINT('',#13179);
#2382=VERTEX_POINT('',#13186);
#2383=VERTEX_POINT('',#13188);
#2384=VERTEX_POINT('',#13192);
#2385=VERTEX_POINT('',#13194);
#2386=VERTEX_POINT('',#13198);
#2387=VERTEX_POINT('',#13200);
#2388=VERTEX_POINT('',#13202);
#2389=VERTEX_POINT('',#13204);
#2390=VERTEX_POINT('',#13239);
#2391=VERTEX_POINT('',#13240);
#2392=VERTEX_POINT('',#13242);
#2393=VERTEX_POINT('',#13260);
#2394=VERTEX_POINT('',#13265);
#2395=VERTEX_POINT('',#13269);
#2396=VERTEX_POINT('',#13270);
#2397=VERTEX_POINT('',#13306);
#2398=VERTEX_POINT('',#13324);
#2399=VERTEX_POINT('',#13326);
#2400=VERTEX_POINT('',#13330);
#2401=VERTEX_POINT('',#13342);
#2402=VERTEX_POINT('',#13354);
#2403=VERTEX_POINT('',#13361);
#2404=VERTEX_POINT('',#13365);
#2405=VERTEX_POINT('',#13367);
#2406=VERTEX_POINT('',#13369);
#2407=VERTEX_POINT('',#13371);
#2408=VERTEX_POINT('',#13373);
#2409=VERTEX_POINT('',#13387);
#2410=VERTEX_POINT('',#13388);
#2411=VERTEX_POINT('',#13390);
#2412=VERTEX_POINT('',#13392);
#2413=VERTEX_POINT('',#13404);
#2414=VERTEX_POINT('',#13405);
#2415=VERTEX_POINT('',#13407);
#2416=VERTEX_POINT('',#13409);
#2417=VERTEX_POINT('',#13413);
#2418=VERTEX_POINT('',#13414);
#2419=VERTEX_POINT('',#13416);
#2420=VERTEX_POINT('',#13420);
#2421=VERTEX_POINT('',#13421);
#2422=VERTEX_POINT('',#13457);
#2423=VERTEX_POINT('',#13458);
#2424=VERTEX_POINT('',#13460);
#2425=VERTEX_POINT('',#13478);
#2426=VERTEX_POINT('',#13479);
#2427=VERTEX_POINT('',#13487);
#2428=VERTEX_POINT('',#13488);
#2429=VERTEX_POINT('',#13490);
#2430=VERTEX_POINT('',#13492);
#2431=VERTEX_POINT('',#13499);
#2432=VERTEX_POINT('',#13500);
#2433=VERTEX_POINT('',#13502);
#2434=VERTEX_POINT('',#13504);
#2435=VERTEX_POINT('',#13511);
#2436=VERTEX_POINT('',#13512);
#2437=VERTEX_POINT('',#13514);
#2438=VERTEX_POINT('',#13552);
#2439=VERTEX_POINT('',#13553);
#2440=VERTEX_POINT('',#13555);
#2441=VERTEX_POINT('',#13573);
#2442=VERTEX_POINT('',#13574);
#2443=VERTEX_POINT('',#13582);
#2444=VERTEX_POINT('',#13583);
#2445=VERTEX_POINT('',#13594);
#2446=VERTEX_POINT('',#13595);
#2447=VERTEX_POINT('',#13601);
#2448=VERTEX_POINT('',#13610);
#2449=VERTEX_POINT('',#13611);
#2450=VERTEX_POINT('',#13619);
#2451=VERTEX_POINT('',#13639);
#2452=VERTEX_POINT('',#13643);
#2453=VERTEX_POINT('',#13645);
#2454=VERTEX_POINT('',#13647);
#2455=VERTEX_POINT('',#13675);
#2456=VERTEX_POINT('',#13677);
#2457=VERTEX_POINT('',#13705);
#2458=VERTEX_POINT('',#13738);
#2459=VERTEX_POINT('',#13742);
#2460=VERTEX_POINT('',#13746);
#2461=VERTEX_POINT('',#13750);
#2462=VERTEX_POINT('',#13782);
#2463=VERTEX_POINT('',#13784);
#2464=VERTEX_POINT('',#13786);
#2465=VERTEX_POINT('',#13792);
#2466=VERTEX_POINT('',#13815);
#2467=VERTEX_POINT('',#13819);
#2468=VERTEX_POINT('',#13821);
#2469=VERTEX_POINT('',#13824);
#2470=VERTEX_POINT('',#13826);
#2471=VERTEX_POINT('',#13828);
#2472=VERTEX_POINT('',#13832);
#2473=VERTEX_POINT('',#13839);
#2474=VERTEX_POINT('',#13888);
#2475=VERTEX_POINT('',#13892);
#2476=VERTEX_POINT('',#13928);
#2477=VERTEX_POINT('',#13930);
#2478=VERTEX_POINT('',#13932);
#2479=VERTEX_POINT('',#13936);
#2480=VERTEX_POINT('',#13939);
#2481=VERTEX_POINT('',#13940);
#2482=VERTEX_POINT('',#13945);
#2483=VERTEX_POINT('',#13947);
#2484=VERTEX_POINT('',#13951);
#2485=VERTEX_POINT('',#13953);
#2486=VERTEX_POINT('',#13957);
#2487=VERTEX_POINT('',#13962);
#2488=VERTEX_POINT('',#13964);
#2489=VERTEX_POINT('',#13966);
#2490=VERTEX_POINT('',#13970);
#2491=VERTEX_POINT('',#13971);
#2492=VERTEX_POINT('',#13977);
#2493=VERTEX_POINT('',#13981);
#2494=VERTEX_POINT('',#13984);
#2495=VERTEX_POINT('',#13986);
#2496=VERTEX_POINT('',#13990);
#2497=VERTEX_POINT('',#13991);
#2498=VERTEX_POINT('',#14000);
#2499=VERTEX_POINT('',#14005);
#2500=VERTEX_POINT('',#14007);
#2501=VERTEX_POINT('',#14012);
#2502=VERTEX_POINT('',#14018);
#2503=VERTEX_POINT('',#14022);
#2504=VERTEX_POINT('',#14023);
#2505=VERTEX_POINT('',#14028);
#2506=VERTEX_POINT('',#14036);
#2507=VERTEX_POINT('',#14044);
#2508=EDGE_CURVE('',#2025,#2026,#1699,.T.);
#2509=EDGE_CURVE('',#2027,#2025,#1433,.T.);
#2510=EDGE_CURVE('',#2028,#2027,#1434,.T.);
#2511=EDGE_CURVE('',#2029,#2028,#1435,.T.);
#2512=EDGE_CURVE('',#2030,#2029,#1700,.T.);
#2513=EDGE_CURVE('',#2031,#2030,#1436,.T.);
#2514=EDGE_CURVE('',#2032,#2031,#1437,.T.);
#2515=EDGE_CURVE('',#2033,#2032,#1050,.T.);
#2516=EDGE_CURVE('',#2034,#2033,#1438,.T.);
#2517=EDGE_CURVE('',#2035,#2034,#1439,.T.);
#2518=EDGE_CURVE('',#2036,#2035,#1701,.T.);
#2519=EDGE_CURVE('',#2037,#2036,#1440,.T.);
#2520=EDGE_CURVE('',#2038,#2037,#1441,.T.);
#2521=EDGE_CURVE('',#2039,#2038,#1442,.T.);
#2522=EDGE_CURVE('',#2040,#2039,#1702,.T.);
#2523=EDGE_CURVE('',#2041,#2040,#1443,.T.);
#2524=EDGE_CURVE('',#2042,#2041,#1034,.T.);
#2525=EDGE_CURVE('',#2043,#2042,#1444,.T.);
#2526=EDGE_CURVE('',#2044,#2043,#1051,.T.);
#2527=EDGE_CURVE('',#2045,#2044,#1445,.T.);
#2528=EDGE_CURVE('',#2046,#2045,#1035,.T.);
#2529=EDGE_CURVE('',#2047,#2046,#1446,.T.);
#2530=EDGE_CURVE('',#2048,#2047,#1703,.T.);
#2531=EDGE_CURVE('',#2049,#2048,#1447,.T.);
#2532=EDGE_CURVE('',#2049,#2050,#1704,.T.);
#2533=EDGE_CURVE('',#2051,#2050,#1052,.T.);
#2534=EDGE_CURVE('',#2050,#2051,#1053,.T.);
#2535=EDGE_CURVE('',#2052,#2049,#1448,.T.);
#2536=EDGE_CURVE('',#2053,#2052,#1449,.T.);
#2537=EDGE_CURVE('',#2054,#2053,#1705,.T.);
#2538=EDGE_CURVE('',#2054,#2055,#1450,.T.);
#2539=EDGE_CURVE('',#2055,#2026,#1451,.T.);
#2540=EDGE_CURVE('',#2056,#2057,#1452,.T.);
#2541=EDGE_CURVE('',#2058,#2056,#1453,.T.);
#2542=EDGE_CURVE('',#2059,#2058,#1454,.F.);
#2543=EDGE_CURVE('',#2059,#2060,#1706,.T.);
#2544=EDGE_CURVE('',#2061,#2060,#1455,.F.);
#2545=EDGE_CURVE('',#2061,#2062,#1456,.T.);
#2546=EDGE_CURVE('',#2062,#2063,#1457,.T.);
#2547=EDGE_CURVE('',#2057,#2063,#1707,.T.);
#2548=EDGE_CURVE('',#2064,#2065,#1458,.T.);
#2549=EDGE_CURVE('',#2066,#2065,#1459,.F.);
#2550=EDGE_CURVE('',#2067,#2066,#1708,.T.);
#2551=EDGE_CURVE('',#2068,#2067,#1460,.F.);
#2552=EDGE_CURVE('',#2068,#2069,#1461,.T.);
#2553=EDGE_CURVE('',#2069,#2070,#1462,.T.);
#2554=EDGE_CURVE('',#2070,#2071,#1463,.T.);
#2555=EDGE_CURVE('',#2071,#2072,#1709,.T.);
#2556=EDGE_CURVE('',#2073,#2072,#1464,.F.);
#2557=EDGE_CURVE('',#2073,#2064,#1465,.T.);
#2558=EDGE_CURVE('',#2074,#2075,#1054,.T.);
#2559=EDGE_CURVE('',#2075,#2076,#1466,.T.);
#2560=EDGE_CURVE('',#2076,#2074,#1467,.T.);
#2561=EDGE_CURVE('',#2077,#2078,#1055,.T.);
#2562=EDGE_CURVE('',#2078,#2075,#1468,.T.);
#2563=EDGE_CURVE('',#2074,#2077,#1469,.T.);
#2564=EDGE_CURVE('',#2079,#2080,#1056,.T.);
#2565=EDGE_CURVE('',#2080,#2078,#1710,.T.);
#2566=EDGE_CURVE('',#2077,#2079,#1711,.T.);
#2567=EDGE_CURVE('',#2081,#2082,#1057,.T.);
#2568=EDGE_CURVE('',#2082,#2080,#1470,.T.);
#2569=EDGE_CURVE('',#2079,#2081,#1471,.T.);
#2570=EDGE_CURVE('',#2083,#2084,#1058,.T.);
#2571=EDGE_CURVE('',#2084,#2082,#1472,.T.);
#2572=EDGE_CURVE('',#2081,#2083,#1473,.T.);
#2573=EDGE_CURVE('',#2085,#2086,#1059,.T.);
#2574=EDGE_CURVE('',#2086,#2084,#1474,.T.);
#2575=EDGE_CURVE('',#2083,#2085,#1475,.T.);
#2576=EDGE_CURVE('',#2087,#2088,#1060,.T.);
#2577=EDGE_CURVE('',#2088,#2086,#1476,.T.);
#2578=EDGE_CURVE('',#2085,#2087,#1477,.T.);
#2579=EDGE_CURVE('',#2089,#2090,#1061,.T.);
#2580=EDGE_CURVE('',#2090,#2088,#1478,.T.);
#2581=EDGE_CURVE('',#2087,#2089,#1479,.T.);
#2582=EDGE_CURVE('',#2091,#2039,#1062,.T.);
#2583=EDGE_CURVE('',#2039,#2090,#1480,.T.);
#2584=EDGE_CURVE('',#2089,#2091,#1481,.T.);
#2585=EDGE_CURVE('',#2092,#2040,#1063,.T.);
#2586=EDGE_CURVE('',#2091,#2092,#1712,.T.);
#2587=EDGE_CURVE('',#2092,#2093,#1482,.T.);
#2588=EDGE_CURVE('',#2093,#2041,#1064,.T.);
#2589=EDGE_CURVE('',#2094,#2042,#1065,.T.);
#2590=EDGE_CURVE('',#2093,#2094,#1036,.T.);
#2591=EDGE_CURVE('',#2094,#2095,#1483,.T.);
#2592=EDGE_CURVE('',#2095,#2043,#1066,.T.);
#2593=EDGE_CURVE('',#2096,#2044,#1067,.T.);
#2594=EDGE_CURVE('',#2095,#2096,#1068,.T.);
#2595=EDGE_CURVE('',#2096,#2097,#1484,.T.);
#2596=EDGE_CURVE('',#2097,#2045,#1069,.T.);
#2597=EDGE_CURVE('',#2098,#2046,#1070,.T.);
#2598=EDGE_CURVE('',#2097,#2098,#1037,.T.);
#2599=EDGE_CURVE('',#2098,#2099,#1485,.T.);
#2600=EDGE_CURVE('',#2099,#2047,#1071,.T.);
#2601=EDGE_CURVE('',#2100,#2048,#1072,.T.);
#2602=EDGE_CURVE('',#2099,#2100,#1713,.T.);
#2603=EDGE_CURVE('',#2101,#2102,#1073,.T.);
#2604=EDGE_CURVE('',#2102,#2048,#1486,.T.);
#2605=EDGE_CURVE('',#2100,#2101,#1487,.T.);
#2606=EDGE_CURVE('',#2103,#2104,#1074,.T.);
#2607=EDGE_CURVE('',#2104,#2102,#1488,.T.);
#2608=EDGE_CURVE('',#2101,#2103,#1489,.T.);
#2609=EDGE_CURVE('',#2105,#2106,#1075,.T.);
#2610=EDGE_CURVE('',#2106,#2104,#1490,.T.);
#2611=EDGE_CURVE('',#2103,#2105,#1491,.T.);
#2612=EDGE_CURVE('',#2107,#2108,#1076,.T.);
#2613=EDGE_CURVE('',#2108,#2106,#1492,.T.);
#2614=EDGE_CURVE('',#2105,#2107,#1493,.T.);
#2615=EDGE_CURVE('',#2109,#2110,#1077,.T.);
#2616=EDGE_CURVE('',#2110,#2108,#1494,.T.);
#2617=EDGE_CURVE('',#2107,#2109,#1495,.T.);
#2618=EDGE_CURVE('',#2111,#2112,#1078,.T.);
#2619=EDGE_CURVE('',#2112,#2110,#1496,.T.);
#2620=EDGE_CURVE('',#2109,#2111,#1497,.T.);
#2621=EDGE_CURVE('',#2113,#2114,#1079,.T.);
#2622=EDGE_CURVE('',#2114,#2112,#1714,.T.);
#2623=EDGE_CURVE('',#2111,#2113,#1715,.T.);
#2624=EDGE_CURVE('',#2113,#2115,#1498,.T.);
#2625=EDGE_CURVE('',#2115,#2116,#1080,.T.);
#2626=EDGE_CURVE('',#2116,#2114,#1499,.T.);
#2627=EDGE_CURVE('',#2115,#2117,#1500,.T.);
#2628=EDGE_CURVE('',#2117,#2116,#1501,.T.);
#2629=EDGE_CURVE('',#2118,#2099,#1716,.T.);
#2630=EDGE_CURVE('',#2119,#2118,#1081,.T.);
#2631=EDGE_CURVE('',#2120,#2119,#1717,.T.);
#2632=EDGE_CURVE('',#2121,#2120,#1038,.T.);
#2633=EDGE_CURVE('',#2122,#2121,#1718,.T.);
#2634=EDGE_CURVE('',#2123,#2122,#1719,.T.);
#2635=EDGE_CURVE('',#2124,#2123,#1082,.T.);
#2636=EDGE_CURVE('',#2115,#2124,#1720,.T.);
#2637=EDGE_CURVE('',#2098,#2125,#1721,.T.);
#2638=EDGE_CURVE('',#2118,#2125,#1083,.T.);
#2639=EDGE_CURVE('',#2126,#2097,#1722,.T.);
#2640=EDGE_CURVE('',#2125,#2126,#1723,.T.);
#2641=EDGE_CURVE('',#2096,#2127,#1724,.T.);
#2642=EDGE_CURVE('',#2127,#2126,#1084,.T.);
#2643=EDGE_CURVE('',#2128,#2095,#1725,.T.);
#2644=EDGE_CURVE('',#2127,#2128,#1726,.T.);
#2645=EDGE_CURVE('',#2094,#2129,#1727,.T.);
#2646=EDGE_CURVE('',#2128,#2129,#1085,.T.);
#2647=EDGE_CURVE('',#2130,#2093,#1728,.T.);
#2648=EDGE_CURVE('',#2129,#2130,#1729,.T.);
#2649=EDGE_CURVE('',#2092,#2131,#1730,.T.);
#2650=EDGE_CURVE('',#2131,#2130,#1086,.T.);
#2651=EDGE_CURVE('',#2132,#2074,#1731,.T.);
#2652=EDGE_CURVE('',#2133,#2132,#1087,.T.);
#2653=EDGE_CURVE('',#2134,#2133,#1732,.T.);
#2654=EDGE_CURVE('',#2135,#2134,#1733,.T.);
#2655=EDGE_CURVE('',#2136,#2135,#1039,.T.);
#2656=EDGE_CURVE('',#2137,#2136,#1734,.F.);
#2657=EDGE_CURVE('',#2131,#2137,#1088,.T.);
#2658=EDGE_CURVE('',#2076,#2138,#1735,.T.);
#2659=EDGE_CURVE('',#2132,#2138,#1089,.T.);
#2660=EDGE_CURVE('',#2139,#2119,#1090,.T.);
#2661=EDGE_CURVE('',#2125,#2139,#1091,.T.);
#2662=EDGE_CURVE('',#2140,#2141,#1502,.T.);
#2663=EDGE_CURVE('',#2140,#2119,#1503,.T.);
#2664=EDGE_CURVE('',#2139,#2141,#1504,.T.);
#2665=EDGE_CURVE('',#2142,#2140,#1505,.T.);
#2666=EDGE_CURVE('',#2143,#2142,#1506,.T.);
#2667=EDGE_CURVE('',#2144,#2143,#1507,.T.);
#2668=EDGE_CURVE('',#2145,#2144,#1508,.T.);
#2669=EDGE_CURVE('',#2145,#2146,#1736,.T.);
#2670=EDGE_CURVE('',#2146,#2120,#1092,.T.);
#2671=EDGE_CURVE('',#2137,#2147,#1093,.T.);
#2672=EDGE_CURVE('',#2147,#2130,#1094,.T.);
#2673=EDGE_CURVE('',#2148,#2149,#1509,.T.);
#2674=EDGE_CURVE('',#2148,#2147,#1510,.T.);
#2675=EDGE_CURVE('',#2137,#2149,#1511,.T.);
#2676=EDGE_CURVE('',#2148,#2150,#1737,.T.);
#2677=EDGE_CURVE('',#2129,#2150,#1095,.T.);
#2678=EDGE_CURVE('',#2151,#2152,#1096,.T.);
#2679=EDGE_CURVE('',#2152,#2153,#1512,.T.);
#2680=EDGE_CURVE('',#2153,#2150,#1097,.T.);
#2681=EDGE_CURVE('',#2150,#2151,#1513,.T.);
#2682=EDGE_CURVE('',#2153,#2128,#1098,.T.);
#2683=EDGE_CURVE('',#2154,#2155,#1514,.T.);
#2684=EDGE_CURVE('',#2154,#2152,#1515,.T.);
#2685=EDGE_CURVE('',#2155,#2151,#1516,.T.);
#2686=EDGE_CURVE('',#2156,#2154,#1517,.T.);
#2687=EDGE_CURVE('',#2156,#2145,#1738,.T.);
#2688=EDGE_CURVE('',#2157,#2145,#1518,.T.);
#2689=EDGE_CURVE('',#2157,#2158,#1519,.T.);
#2690=EDGE_CURVE('',#2127,#2158,#1099,.T.);
#2691=EDGE_CURVE('',#2159,#2155,#1520,.T.);
#2692=EDGE_CURVE('',#2160,#2159,#1521,.T.);
#2693=EDGE_CURVE('',#2156,#2160,#1522,.T.);
#2694=EDGE_CURVE('',#2159,#2148,#1523,.T.);
#2695=EDGE_CURVE('',#2158,#2161,#1524,.T.);
#2696=EDGE_CURVE('',#2161,#2162,#1100,.T.);
#2697=EDGE_CURVE('',#2162,#2126,#1101,.T.);
#2698=EDGE_CURVE('',#2161,#2163,#1525,.T.);
#2699=EDGE_CURVE('',#2163,#2162,#1526,.T.);
#2700=EDGE_CURVE('',#2160,#2164,#1102,.T.);
#2701=EDGE_CURVE('',#2164,#2156,#1527,.T.);
#2702=EDGE_CURVE('',#2165,#2160,#1528,.T.);
#2703=EDGE_CURVE('',#2165,#2166,#1103,.T.);
#2704=EDGE_CURVE('',#2166,#2164,#1529,.T.);
#2705=EDGE_CURVE('',#2159,#2167,#1104,.T.);
#2706=EDGE_CURVE('',#2167,#2166,#1530,.T.);
#2707=EDGE_CURVE('',#2149,#2167,#1531,.T.);
#2708=EDGE_CURVE('',#2136,#2168,#1105,.T.);
#2709=EDGE_CURVE('',#2168,#2156,#1739,.T.);
#2710=EDGE_CURVE('',#2144,#2169,#1106,.T.);
#2711=EDGE_CURVE('',#2169,#2145,#1532,.T.);
#2712=EDGE_CURVE('',#2143,#2170,#1107,.T.);
#2713=EDGE_CURVE('',#2169,#2170,#27,.T.);
#2714=EDGE_CURVE('',#2142,#2171,#1108,.T.);
#2715=EDGE_CURVE('',#2171,#2169,#1533,.T.);
#2716=EDGE_CURVE('',#2141,#2171,#1534,.T.);
#2717=EDGE_CURVE('',#2163,#2171,#1535,.T.);
#2718=EDGE_CURVE('',#2162,#2141,#1740,.T.);
#2719=EDGE_CURVE('',#2037,#2172,#1109,.T.);
#2720=EDGE_CURVE('',#2172,#2038,#1536,.T.);
#2721=EDGE_CURVE('',#2035,#2173,#1110,.T.);
#2722=EDGE_CURVE('',#2173,#2174,#1741,.T.);
#2723=EDGE_CURVE('',#2174,#2036,#1111,.T.);
#2724=EDGE_CURVE('',#2174,#2172,#1537,.T.);
#2725=EDGE_CURVE('',#2033,#2175,#1112,.T.);
#2726=EDGE_CURVE('',#2175,#2176,#1538,.T.);
#2727=EDGE_CURVE('',#2176,#2034,#1113,.T.);
#2728=EDGE_CURVE('',#2033,#2177,#1539,.T.);
#2729=EDGE_CURVE('',#2177,#2178,#1114,.T.);
#2730=EDGE_CURVE('',#2178,#2175,#1540,.T.);
#2731=EDGE_CURVE('',#2177,#2179,#1541,.T.);
#2732=EDGE_CURVE('',#2179,#2178,#1542,.T.);
#2733=EDGE_CURVE('',#2176,#2173,#1543,.T.);
#2734=EDGE_CURVE('',#2180,#2172,#1115,.T.);
#2735=EDGE_CURVE('',#2180,#2038,#1544,.T.);
#2736=EDGE_CURVE('',#2174,#2181,#1545,.T.);
#2737=EDGE_CURVE('',#2182,#2181,#1116,.T.);
#2738=EDGE_CURVE('',#2182,#2180,#1546,.T.);
#2739=EDGE_CURVE('',#2183,#2173,#1547,.T.);
#2740=EDGE_CURVE('',#2184,#2183,#1548,.T.);
#2741=EDGE_CURVE('',#2181,#2184,#1549,.T.);
#2742=EDGE_CURVE('',#2185,#2176,#1117,.T.);
#2743=EDGE_CURVE('',#2185,#2186,#1550,.T.);
#2744=EDGE_CURVE('',#2186,#2183,#1118,.T.);
#2745=EDGE_CURVE('',#2028,#2187,#1119,.T.);
#2746=EDGE_CURVE('',#2187,#2029,#1551,.T.);
#2747=EDGE_CURVE('',#2027,#2188,#1120,.T.);
#2748=EDGE_CURVE('',#2188,#2187,#1552,.T.);
#2749=EDGE_CURVE('',#2189,#2190,#1121,.T.);
#2750=EDGE_CURVE('',#2190,#2188,#1553,.T.);
#2751=EDGE_CURVE('',#2025,#2189,#1554,.T.);
#2752=EDGE_CURVE('',#2191,#2192,#1122,.T.);
#2753=EDGE_CURVE('',#2192,#2193,#1742,.T.);
#2754=EDGE_CURVE('',#2193,#2194,#1123,.T.);
#2755=EDGE_CURVE('',#2194,#2191,#1743,.T.);
#2756=EDGE_CURVE('',#2193,#2190,#1555,.T.);
#2757=EDGE_CURVE('',#2189,#2194,#1556,.T.);
#2758=EDGE_CURVE('',#2195,#2196,#1124,.T.);
#2759=EDGE_CURVE('',#2196,#2197,#1557,.T.);
#2760=EDGE_CURVE('',#2197,#2198,#1125,.T.);
#2761=EDGE_CURVE('',#2198,#2195,#1558,.T.);
#2762=EDGE_CURVE('',#2195,#2199,#1559,.T.);
#2763=EDGE_CURVE('',#2199,#2200,#1126,.T.);
#2764=EDGE_CURVE('',#2200,#2196,#1560,.T.);
#2765=EDGE_CURVE('',#2032,#2201,#1127,.T.);
#2766=EDGE_CURVE('',#2201,#2200,#1561,.T.);
#2767=EDGE_CURVE('',#2199,#2032,#1562,.T.);
#2768=EDGE_CURVE('',#2031,#2202,#1128,.T.);
#2769=EDGE_CURVE('',#2202,#2201,#1563,.T.);
#2770=EDGE_CURVE('',#2030,#2202,#1564,.T.);
#2771=EDGE_CURVE('',#2197,#2192,#1565,.T.);
#2772=EDGE_CURVE('',#2191,#2198,#1566,.T.);
#2773=EDGE_CURVE('',#2187,#2203,#1567,.T.);
#2774=EDGE_CURVE('',#2203,#2204,#1129,.T.);
#2775=EDGE_CURVE('',#2204,#2029,#1568,.T.);
#2776=EDGE_CURVE('',#2026,#2112,#1569,.T.);
#2777=EDGE_CURVE('',#2195,#2114,#1130,.T.);
#2778=EDGE_CURVE('',#2205,#2188,#1570,.T.);
#2779=EDGE_CURVE('',#2203,#2205,#1571,.T.);
#2780=EDGE_CURVE('',#2205,#2190,#1131,.T.);
#2781=EDGE_CURVE('',#2193,#2206,#1572,.T.);
#2782=EDGE_CURVE('',#2207,#2206,#1132,.T.);
#2783=EDGE_CURVE('',#2207,#2205,#1573,.T.);
#2784=EDGE_CURVE('',#2208,#2192,#1574,.T.);
#2785=EDGE_CURVE('',#2209,#2208,#1575,.T.);
#2786=EDGE_CURVE('',#2206,#2209,#1576,.T.);
#2787=EDGE_CURVE('',#2210,#2197,#1133,.T.);
#2788=EDGE_CURVE('',#2210,#2211,#1577,.T.);
#2789=EDGE_CURVE('',#2211,#2208,#1134,.T.);
#2790=EDGE_CURVE('',#2212,#2213,#1135,.T.);
#2791=EDGE_CURVE('',#2213,#2054,#1578,.T.);
#2792=EDGE_CURVE('',#2054,#2212,#1579,.T.);
#2793=EDGE_CURVE('',#2214,#2215,#1136,.T.);
#2794=EDGE_CURVE('',#2215,#2213,#1580,.T.);
#2795=EDGE_CURVE('',#2212,#2214,#1581,.T.);
#2796=EDGE_CURVE('',#2216,#2217,#1137,.T.);
#2797=EDGE_CURVE('',#2217,#2215,#1582,.T.);
#2798=EDGE_CURVE('',#2214,#2216,#1583,.T.);
#2799=EDGE_CURVE('',#2218,#2219,#1138,.T.);
#2800=EDGE_CURVE('',#2219,#2217,#1584,.T.);
#2801=EDGE_CURVE('',#2216,#2218,#1585,.T.);
#2802=EDGE_CURVE('',#2220,#2221,#1139,.T.);
#2803=EDGE_CURVE('',#2221,#2219,#1586,.T.);
#2804=EDGE_CURVE('',#2218,#2220,#1587,.T.);
#2805=EDGE_CURVE('',#2222,#2223,#1140,.T.);
#2806=EDGE_CURVE('',#2223,#2221,#1588,.T.);
#2807=EDGE_CURVE('',#2220,#2222,#1589,.T.);
#2808=EDGE_CURVE('',#2222,#2224,#1590,.T.);
#2809=EDGE_CURVE('',#2224,#2225,#1141,.T.);
#2810=EDGE_CURVE('',#2225,#2223,#1591,.T.);
#2811=EDGE_CURVE('',#2224,#2053,#1592,.T.);
#2812=EDGE_CURVE('',#2053,#2225,#1593,.T.);
#2813=EDGE_CURVE('',#2222,#2214,#1744,.T.);
#2814=EDGE_CURVE('',#2213,#2110,#1594,.T.);
#2815=EDGE_CURVE('',#2060,#2226,#1595,.T.);
#2816=EDGE_CURVE('',#2226,#2227,#1142,.T.);
#2817=EDGE_CURVE('',#2227,#2061,#1596,.T.);
#2818=EDGE_CURVE('',#2228,#2229,#1143,.T.);
#2819=EDGE_CURVE('',#2229,#2227,#1597,.T.);
#2820=EDGE_CURVE('',#2226,#2228,#1598,.T.);
#2821=EDGE_CURVE('',#2228,#2230,#1599,.T.);
#2822=EDGE_CURVE('',#2230,#2231,#1144,.T.);
#2823=EDGE_CURVE('',#2231,#2229,#1600,.T.);
#2824=EDGE_CURVE('',#2232,#2233,#1145,.T.);
#2825=EDGE_CURVE('',#2233,#2231,#1601,.T.);
#2826=EDGE_CURVE('',#2230,#2232,#1602,.T.);
#2827=EDGE_CURVE('',#2234,#2235,#1146,.T.);
#2828=EDGE_CURVE('',#2235,#2233,#1603,.T.);
#2829=EDGE_CURVE('',#2232,#2234,#1604,.T.);
#2830=EDGE_CURVE('',#2234,#2063,#1605,.T.);
#2831=EDGE_CURVE('',#2063,#2235,#1606,.T.);
#2832=EDGE_CURVE('',#2234,#2236,#1745,.T.);
#2833=EDGE_CURVE('',#2057,#2236,#1607,.T.);
#2834=EDGE_CURVE('',#2237,#2230,#1746,.T.);
#2835=EDGE_CURVE('',#2238,#2237,#1608,.T.);
#2836=EDGE_CURVE('',#2236,#2238,#1609,.T.);
#2837=EDGE_CURVE('',#2228,#2239,#1747,.T.);
#2838=EDGE_CURVE('',#2237,#2239,#1610,.T.);
#2839=EDGE_CURVE('',#2240,#2059,#1611,.T.);
#2840=EDGE_CURVE('',#2239,#2240,#1612,.T.);
#2841=EDGE_CURVE('',#2058,#2241,#1613,.T.);
#2842=EDGE_CURVE('',#2241,#2240,#1147,.T.);
#2843=EDGE_CURVE('',#2241,#2242,#1614,.T.);
#2844=EDGE_CURVE('',#2242,#2239,#1148,.T.);
#2845=EDGE_CURVE('',#2243,#2237,#1149,.T.);
#2846=EDGE_CURVE('',#2242,#2243,#1615,.T.);
#2847=EDGE_CURVE('',#2243,#2244,#1616,.T.);
#2848=EDGE_CURVE('',#2244,#2238,#1150,.T.);
#2849=EDGE_CURVE('',#2244,#2245,#1617,.T.);
#2850=EDGE_CURVE('',#2245,#2236,#1151,.T.);
#2851=EDGE_CURVE('',#2245,#2057,#1618,.T.);
#2852=EDGE_CURVE('',#2241,#2244,#1619,.T.);
#2853=EDGE_CURVE('',#2178,#2185,#1620,.T.);
#2854=EDGE_CURVE('',#2246,#2184,#1152,.T.);
#2855=EDGE_CURVE('',#2186,#2246,#1621,.T.);
#2856=EDGE_CURVE('',#2246,#2182,#1622,.T.);
#2857=EDGE_CURVE('',#2090,#2180,#1623,.T.);
#2858=EDGE_CURVE('',#2088,#2182,#1624,.T.);
#2859=EDGE_CURVE('',#2086,#2246,#1625,.T.);
#2860=EDGE_CURVE('',#2084,#2186,#1626,.T.);
#2861=EDGE_CURVE('',#2082,#2185,#1627,.T.);
#2862=EDGE_CURVE('',#2080,#2179,#1628,.T.);
#2863=EDGE_CURVE('',#2217,#2108,#1629,.T.);
#2864=EDGE_CURVE('',#2219,#2106,#1630,.T.);
#2865=EDGE_CURVE('',#2227,#2233,#1631,.T.);
#2866=EDGE_CURVE('',#2221,#2104,#1632,.T.);
#2867=EDGE_CURVE('',#2225,#2102,#1633,.T.);
#2868=EDGE_CURVE('',#2078,#2179,#1153,.T.);
#2869=EDGE_CURVE('',#2051,#2247,#1154,.T.);
#2870=EDGE_CURVE('',#2247,#2247,#1155,.T.);
#2871=EDGE_CURVE('',#2248,#2248,#1156,.T.);
#2872=EDGE_CURVE('',#2249,#2250,#1157,.T.);
#2873=EDGE_CURVE('',#2251,#2249,#1748,.T.);
#2874=EDGE_CURVE('',#2252,#2251,#1158,.T.);
#2875=EDGE_CURVE('',#2253,#2252,#1749,.T.);
#2876=EDGE_CURVE('',#2254,#2253,#1159,.T.);
#2877=EDGE_CURVE('',#2255,#2254,#1750,.T.);
#2878=EDGE_CURVE('',#2256,#2255,#1160,.T.);
#2879=EDGE_CURVE('',#2250,#2256,#1751,.T.);
#2880=EDGE_CURVE('',#2257,#2257,#1161,.T.);
#2881=EDGE_CURVE('',#2258,#2259,#1162,.T.);
#2882=EDGE_CURVE('',#2259,#2260,#1163,.T.);
#2883=EDGE_CURVE('',#2260,#2261,#1164,.T.);
#2884=EDGE_CURVE('',#2261,#2258,#1165,.T.);
#2885=EDGE_CURVE('',#2262,#2263,#1166,.T.);
#2886=EDGE_CURVE('',#2263,#2261,#1167,.T.);
#2887=EDGE_CURVE('',#2260,#2262,#1168,.T.);
#2888=EDGE_CURVE('',#2264,#2265,#1169,.T.);
#2889=EDGE_CURVE('',#2265,#2263,#1170,.T.);
#2890=EDGE_CURVE('',#2262,#2264,#1171,.T.);
#2891=EDGE_CURVE('',#2258,#2265,#1172,.T.);
#2892=EDGE_CURVE('',#2264,#2259,#1173,.T.);
#2893=EDGE_CURVE('',#2260,#2266,#1752,.T.);
#2894=EDGE_CURVE('',#2267,#2266,#1174,.T.);
#2895=EDGE_CURVE('',#2262,#2267,#1753,.T.);
#2896=EDGE_CURVE('',#2259,#2268,#1754,.T.);
#2897=EDGE_CURVE('',#2266,#2268,#1175,.T.);
#2898=EDGE_CURVE('',#2269,#2269,#1176,.T.);
#2899=EDGE_CURVE('',#2270,#2271,#1177,.T.);
#2900=EDGE_CURVE('',#2272,#2270,#1178,.T.);
#2901=EDGE_CURVE('',#2273,#2272,#1179,.T.);
#2902=EDGE_CURVE('',#2271,#2273,#1180,.T.);
#2903=EDGE_CURVE('',#2274,#2275,#1181,.T.);
#2904=EDGE_CURVE('',#2276,#2274,#1182,.T.);
#2905=EDGE_CURVE('',#2277,#2276,#1183,.T.);
#2906=EDGE_CURVE('',#2275,#2277,#1184,.T.);
#2907=EDGE_CURVE('',#2278,#2278,#1185,.T.);
#2908=EDGE_CURVE('',#2279,#2279,#1186,.T.);
#2909=EDGE_CURVE('',#2280,#2280,#1187,.T.);
#2910=EDGE_CURVE('',#2281,#2281,#1188,.T.);
#2911=EDGE_CURVE('',#2282,#2283,#1189,.T.);
#2912=EDGE_CURVE('',#2284,#2282,#1190,.T.);
#2913=EDGE_CURVE('',#2285,#2284,#1191,.T.);
#2914=EDGE_CURVE('',#2283,#2285,#1192,.T.);
#2915=EDGE_CURVE('',#2286,#2287,#1193,.T.);
#2916=EDGE_CURVE('',#2287,#2267,#1194,.T.);
#2917=EDGE_CURVE('',#2267,#2288,#1195,.T.);
#2918=EDGE_CURVE('',#2288,#2286,#1196,.T.);
#2919=EDGE_CURVE('',#2266,#2289,#1197,.T.);
#2920=EDGE_CURVE('',#2289,#2288,#1198,.T.);
#2921=EDGE_CURVE('',#2268,#2290,#1199,.T.);
#2922=EDGE_CURVE('',#2290,#2289,#1200,.T.);
#2923=EDGE_CURVE('',#2286,#2290,#1201,.T.);
#2924=EDGE_CURVE('',#2268,#2287,#1202,.T.);
#2925=EDGE_CURVE('',#2264,#2287,#1755,.T.);
#2926=EDGE_CURVE('',#2291,#2291,#1203,.T.);
#2927=EDGE_CURVE('',#2292,#2293,#1204,.T.);
#2928=EDGE_CURVE('',#2294,#2292,#1205,.T.);
#2929=EDGE_CURVE('',#2295,#2294,#1206,.T.);
#2930=EDGE_CURVE('',#2293,#2295,#1207,.T.);
#2931=EDGE_CURVE('',#2296,#2297,#1208,.T.);
#2932=EDGE_CURVE('',#2298,#2296,#1209,.T.);
#2933=EDGE_CURVE('',#2299,#2298,#1210,.T.);
#2934=EDGE_CURVE('',#2297,#2299,#1211,.T.);
#2935=EDGE_CURVE('',#2117,#2300,#1756,.T.);
#2936=EDGE_CURVE('',#2138,#2300,#1757,.T.);
#2937=EDGE_CURVE('',#2117,#2076,#1212,.T.);
#2938=EDGE_CURVE('',#2301,#2301,#1213,.T.);
#2939=EDGE_CURVE('',#2302,#2302,#1214,.T.);
#2940=EDGE_CURVE('',#2303,#2303,#1215,.T.);
#2941=EDGE_CURVE('',#2304,#2304,#1216,.T.);
#2942=EDGE_CURVE('',#2305,#2306,#1217,.T.);
#2943=EDGE_CURVE('',#2307,#2305,#1218,.T.);
#2944=EDGE_CURVE('',#2308,#2307,#1219,.T.);
#2945=EDGE_CURVE('',#2306,#2308,#1220,.T.);
#2946=EDGE_CURVE('',#2271,#2309,#1221,.T.);
#2947=EDGE_CURVE('',#2309,#2310,#1222,.T.);
#2948=EDGE_CURVE('',#2310,#2270,#1223,.T.);
#2949=EDGE_CURVE('',#2311,#2272,#1224,.T.);
#2950=EDGE_CURVE('',#2310,#2311,#1225,.T.);
#2951=EDGE_CURVE('',#2312,#2273,#1226,.T.);
#2952=EDGE_CURVE('',#2311,#2312,#1227,.T.);
#2953=EDGE_CURVE('',#2312,#2309,#1228,.T.);
#2954=EDGE_CURVE('',#2310,#2313,#1758,.T.);
#2955=EDGE_CURVE('',#2314,#2313,#1229,.T.);
#2956=EDGE_CURVE('',#2311,#2314,#1759,.T.);
#2957=EDGE_CURVE('',#2309,#2315,#1760,.T.);
#2958=EDGE_CURVE('',#2313,#2315,#1230,.T.);
#2959=EDGE_CURVE('',#2293,#2313,#1231,.T.);
#2960=EDGE_CURVE('',#2315,#2292,#1232,.T.);
#2961=EDGE_CURVE('',#2316,#2294,#1233,.T.);
#2962=EDGE_CURVE('',#2315,#2316,#1234,.T.);
#2963=EDGE_CURVE('',#2314,#2295,#1235,.T.);
#2964=EDGE_CURVE('',#2316,#2314,#1236,.T.);
#2965=EDGE_CURVE('',#2312,#2316,#1761,.T.);
#2966=EDGE_CURVE('',#2283,#2317,#1237,.T.);
#2967=EDGE_CURVE('',#2317,#2318,#1238,.T.);
#2968=EDGE_CURVE('',#2318,#2282,#1239,.T.);
#2969=EDGE_CURVE('',#2319,#2284,#1240,.T.);
#2970=EDGE_CURVE('',#2318,#2319,#1241,.T.);
#2971=EDGE_CURVE('',#2320,#2285,#1242,.T.);
#2972=EDGE_CURVE('',#2319,#2320,#1243,.T.);
#2973=EDGE_CURVE('',#2320,#2317,#1244,.T.);
#2974=EDGE_CURVE('',#2318,#2321,#1762,.T.);
#2975=EDGE_CURVE('',#2322,#2321,#1245,.T.);
#2976=EDGE_CURVE('',#2319,#2322,#1763,.T.);
#2977=EDGE_CURVE('',#2317,#2323,#1764,.T.);
#2978=EDGE_CURVE('',#2321,#2323,#1246,.T.);
#2979=EDGE_CURVE('',#2306,#2323,#1247,.T.);
#2980=EDGE_CURVE('',#2323,#2324,#1248,.T.);
#2981=EDGE_CURVE('',#2324,#2305,#1249,.T.);
#2982=EDGE_CURVE('',#2322,#2307,#1250,.T.);
#2983=EDGE_CURVE('',#2324,#2322,#1251,.T.);
#2984=EDGE_CURVE('',#2321,#2308,#1252,.T.);
#2985=EDGE_CURVE('',#2320,#2324,#1765,.T.);
#2986=EDGE_CURVE('',#2297,#2325,#1253,.T.);
#2987=EDGE_CURVE('',#2325,#2326,#1254,.T.);
#2988=EDGE_CURVE('',#2326,#2296,#1255,.T.);
#2989=EDGE_CURVE('',#2327,#2298,#1256,.T.);
#2990=EDGE_CURVE('',#2326,#2327,#1257,.T.);
#2991=EDGE_CURVE('',#2328,#2299,#1258,.T.);
#2992=EDGE_CURVE('',#2327,#2328,#1259,.T.);
#2993=EDGE_CURVE('',#2328,#2325,#1260,.T.);
#2994=EDGE_CURVE('',#2329,#2326,#1766,.T.);
#2995=EDGE_CURVE('',#2330,#2329,#1261,.T.);
#2996=EDGE_CURVE('',#2330,#2327,#1767,.T.);
#2997=EDGE_CURVE('',#2331,#2325,#1768,.T.);
#2998=EDGE_CURVE('',#2329,#2331,#1262,.T.);
#2999=EDGE_CURVE('',#2275,#2332,#1263,.T.);
#3000=EDGE_CURVE('',#2332,#2330,#1264,.T.);
#3001=EDGE_CURVE('',#2330,#2274,#1265,.T.);
#3002=EDGE_CURVE('',#2329,#2276,#1266,.T.);
#3003=EDGE_CURVE('',#2331,#2277,#1267,.T.);
#3004=EDGE_CURVE('',#2331,#2332,#1268,.T.);
#3005=EDGE_CURVE('',#2332,#2328,#1769,.T.);
#3006=EDGE_CURVE('',#2333,#2334,#1269,.T.);
#3007=EDGE_CURVE('',#2334,#2204,#1634,.T.);
#3008=EDGE_CURVE('',#2203,#2333,#1635,.T.);
#3009=EDGE_CURVE('',#2333,#2335,#1636,.T.);
#3010=EDGE_CURVE('',#2335,#2336,#1270,.T.);
#3011=EDGE_CURVE('',#2336,#2334,#1637,.T.);
#3012=EDGE_CURVE('',#2335,#2337,#1638,.T.);
#3013=EDGE_CURVE('',#2337,#2338,#1271,.T.);
#3014=EDGE_CURVE('',#2338,#2336,#1639,.T.);
#3015=EDGE_CURVE('',#2337,#2339,#1640,.T.);
#3016=EDGE_CURVE('',#2339,#2340,#1272,.T.);
#3017=EDGE_CURVE('',#2340,#2338,#1641,.T.);
#3018=EDGE_CURVE('',#2339,#2341,#1642,.T.);
#3019=EDGE_CURVE('',#2341,#2342,#1273,.T.);
#3020=EDGE_CURVE('',#2342,#2340,#1643,.T.);
#3021=EDGE_CURVE('',#2341,#2343,#1644,.T.);
#3022=EDGE_CURVE('',#2343,#2344,#1274,.T.);
#3023=EDGE_CURVE('',#2344,#2342,#1645,.T.);
#3024=EDGE_CURVE('',#2030,#2344,#1646,.T.);
#3025=EDGE_CURVE('',#2343,#2202,#1647,.T.);
#3026=EDGE_CURVE('',#2343,#2210,#1648,.T.);
#3027=EDGE_CURVE('',#2200,#2210,#1649,.T.);
#3028=EDGE_CURVE('',#2339,#2211,#1650,.T.);
#3029=EDGE_CURVE('',#2337,#2345,#1651,.T.);
#3030=EDGE_CURVE('',#2211,#2345,#1652,.T.);
#3031=EDGE_CURVE('',#2335,#2207,#1653,.T.);
#3032=EDGE_CURVE('',#2345,#2207,#1654,.T.);
#3033=EDGE_CURVE('',#2072,#2346,#1655,.T.);
#3034=EDGE_CURVE('',#2346,#2347,#1275,.T.);
#3035=EDGE_CURVE('',#2347,#2073,#1656,.T.);
#3036=EDGE_CURVE('',#2348,#2349,#1276,.T.);
#3037=EDGE_CURVE('',#2349,#2347,#1657,.T.);
#3038=EDGE_CURVE('',#2346,#2348,#1658,.T.);
#3039=EDGE_CURVE('',#2348,#2350,#1659,.T.);
#3040=EDGE_CURVE('',#2350,#2351,#1277,.T.);
#3041=EDGE_CURVE('',#2351,#2349,#1660,.T.);
#3042=EDGE_CURVE('',#2352,#2353,#1278,.T.);
#3043=EDGE_CURVE('',#2353,#2351,#1661,.T.);
#3044=EDGE_CURVE('',#2350,#2352,#1662,.T.);
#3045=EDGE_CURVE('',#2354,#2355,#1279,.T.);
#3046=EDGE_CURVE('',#2355,#2353,#1663,.T.);
#3047=EDGE_CURVE('',#2352,#2354,#1664,.T.);
#3048=EDGE_CURVE('',#2065,#2355,#1665,.T.);
#3049=EDGE_CURVE('',#2354,#2066,#1666,.T.);
#3050=EDGE_CURVE('',#2354,#2356,#1770,.T.);
#3051=EDGE_CURVE('',#2067,#2356,#1667,.T.);
#3052=EDGE_CURVE('',#2357,#2350,#1771,.T.);
#3053=EDGE_CURVE('',#2358,#2357,#1668,.T.);
#3054=EDGE_CURVE('',#2356,#2358,#1669,.T.);
#3055=EDGE_CURVE('',#2348,#2359,#1772,.T.);
#3056=EDGE_CURVE('',#2357,#2359,#1670,.T.);
#3057=EDGE_CURVE('',#2360,#2071,#1671,.T.);
#3058=EDGE_CURVE('',#2359,#2360,#1672,.T.);
#3059=EDGE_CURVE('',#2070,#2361,#1673,.T.);
#3060=EDGE_CURVE('',#2361,#2360,#1280,.T.);
#3061=EDGE_CURVE('',#2361,#2362,#1674,.T.);
#3062=EDGE_CURVE('',#2362,#2359,#1281,.T.);
#3063=EDGE_CURVE('',#2363,#2357,#1282,.T.);
#3064=EDGE_CURVE('',#2362,#2363,#1675,.T.);
#3065=EDGE_CURVE('',#2363,#2364,#1676,.T.);
#3066=EDGE_CURVE('',#2364,#2358,#1283,.T.);
#3067=EDGE_CURVE('',#2364,#2365,#1677,.T.);
#3068=EDGE_CURVE('',#2365,#2356,#1284,.T.);
#3069=EDGE_CURVE('',#2365,#2068,#1678,.T.);
#3070=EDGE_CURVE('',#2361,#2364,#1679,.T.);
#3071=EDGE_CURVE('',#2345,#2209,#1285,.T.);
#3072=EDGE_CURVE('',#2334,#2342,#1773,.T.);
#3073=EDGE_CURVE('',#2347,#2353,#1680,.T.);
#3074=EDGE_CURVE('',#2304,#2366,#1286,.T.);
#3075=EDGE_CURVE('',#2366,#2367,#1287,.T.);
#3076=EDGE_CURVE('',#2367,#2366,#1288,.T.);
#3077=EDGE_CURVE('',#2367,#2368,#1774,.T.);
#3078=EDGE_CURVE('',#2369,#2368,#1289,.T.);
#3079=EDGE_CURVE('',#2368,#2369,#1290,.T.);
#3080=EDGE_CURVE('',#2281,#2369,#1291,.T.);
#3081=EDGE_CURVE('',#2278,#2370,#1292,.T.);
#3082=EDGE_CURVE('',#2370,#2371,#1293,.T.);
#3083=EDGE_CURVE('',#2371,#2370,#1294,.T.);
#3084=EDGE_CURVE('',#2372,#2373,#1295,.T.);
#3085=EDGE_CURVE('',#2372,#2371,#1775,.T.);
#3086=EDGE_CURVE('',#2373,#2372,#1296,.T.);
#3087=EDGE_CURVE('',#2301,#2373,#1297,.T.);
#3088=EDGE_CURVE('',#2280,#2374,#1298,.T.);
#3089=EDGE_CURVE('',#2374,#2375,#1299,.T.);
#3090=EDGE_CURVE('',#2375,#2374,#1300,.T.);
#3091=EDGE_CURVE('',#2376,#2377,#1301,.T.);
#3092=EDGE_CURVE('',#2376,#2375,#1776,.T.);
#3093=EDGE_CURVE('',#2377,#2376,#1302,.T.);
#3094=EDGE_CURVE('',#2303,#2377,#1303,.T.);
#3095=EDGE_CURVE('',#2279,#2378,#1304,.T.);
#3096=EDGE_CURVE('',#2378,#2379,#1305,.T.);
#3097=EDGE_CURVE('',#2379,#2378,#1306,.T.);
#3098=EDGE_CURVE('',#2380,#2381,#1307,.T.);
#3099=EDGE_CURVE('',#2380,#2379,#1777,.T.);
#3100=EDGE_CURVE('',#2381,#2380,#1308,.T.);
#3101=EDGE_CURVE('',#2302,#2381,#1309,.T.);
#3102=EDGE_CURVE('',#2269,#2382,#1310,.T.);
#3103=EDGE_CURVE('',#2382,#2383,#1311,.T.);
#3104=EDGE_CURVE('',#2383,#2382,#1312,.T.);
#3105=EDGE_CURVE('',#2383,#2384,#1778,.T.);
#3106=EDGE_CURVE('',#2385,#2384,#1313,.T.);
#3107=EDGE_CURVE('',#2384,#2385,#1314,.T.);
#3108=EDGE_CURVE('',#2386,#2168,#1779,.T.);
#3109=EDGE_CURVE('',#2387,#2386,#1780,.T.);
#3110=EDGE_CURVE('',#2388,#2387,#1781,.T.);
#3111=EDGE_CURVE('',#2389,#2388,#1782,.T.);
#3112=EDGE_CURVE('',#2146,#2389,#1783,.T.);
#3113=EDGE_CURVE('',#2390,#2391,#1315,.T.);
#3114=EDGE_CURVE('',#2391,#2392,#1681,.T.);
#3115=EDGE_CURVE('',#2392,#2390,#1682,.T.);
#3116=EDGE_CURVE('',#2393,#2387,#1316,.T.);
#3117=EDGE_CURVE('',#2387,#2391,#1317,.T.);
#3118=EDGE_CURVE('',#2390,#2393,#1318,.T.);
#3119=EDGE_CURVE('',#2394,#2388,#1319,.T.);
#3120=EDGE_CURVE('',#2393,#2394,#1784,.T.);
#3121=EDGE_CURVE('',#2395,#2396,#1320,.T.);
#3122=EDGE_CURVE('',#2396,#2388,#1321,.T.);
#3123=EDGE_CURVE('',#2394,#2395,#1322,.T.);
#3124=EDGE_CURVE('',#2395,#2397,#1683,.T.);
#3125=EDGE_CURVE('',#2397,#2396,#1684,.T.);
#3126=EDGE_CURVE('',#2398,#2390,#1785,.T.);
#3127=EDGE_CURVE('',#2399,#2398,#1786,.T.);
#3128=EDGE_CURVE('',#2395,#2399,#1787,.F.);
#3129=EDGE_CURVE('',#2392,#2400,#1788,.T.);
#3130=EDGE_CURVE('',#2400,#2398,#1323,.F.);
#3131=EDGE_CURVE('',#2401,#2133,#1324,.T.);
#3132=EDGE_CURVE('',#2138,#2401,#1325,.T.);
#3133=EDGE_CURVE('',#2123,#2402,#1326,.T.);
#3134=EDGE_CURVE('',#2402,#2300,#1327,.T.);
#3135=EDGE_CURVE('',#2300,#2124,#1328,.T.);
#3136=EDGE_CURVE('',#2402,#2401,#1789,.T.);
#3137=EDGE_CURVE('',#2401,#2403,#1790,.T.);
#3138=EDGE_CURVE('',#2403,#2134,#1329,.T.);
#3139=EDGE_CURVE('',#2404,#2402,#1791,.T.);
#3140=EDGE_CURVE('',#2405,#2404,#1040,.T.);
#3141=EDGE_CURVE('',#2406,#2405,#1792,.T.);
#3142=EDGE_CURVE('',#2407,#2406,#1793,.T.);
#3143=EDGE_CURVE('',#2408,#2407,#1794,.T.);
#3144=EDGE_CURVE('',#2403,#2408,#1041,.T.);
#3145=EDGE_CURVE('',#2122,#2404,#1330,.T.);
#3146=EDGE_CURVE('',#2409,#2410,#1331,.T.);
#3147=EDGE_CURVE('',#2410,#2411,#1332,.T.);
#3148=EDGE_CURVE('',#2411,#2412,#1333,.T.);
#3149=EDGE_CURVE('',#2412,#2409,#1334,.T.);
#3150=EDGE_CURVE('',#2413,#2414,#1335,.T.);
#3151=EDGE_CURVE('',#2414,#2415,#1336,.T.);
#3152=EDGE_CURVE('',#2415,#2416,#1337,.T.);
#3153=EDGE_CURVE('',#2416,#2413,#1338,.T.);
#3154=EDGE_CURVE('',#2417,#2418,#1339,.F.);
#3155=EDGE_CURVE('',#2419,#2417,#1340,.F.);
#3156=EDGE_CURVE('',#2418,#2419,#1341,.F.);
#3157=EDGE_CURVE('',#2420,#2421,#1342,.T.);
#3158=EDGE_CURVE('',#2421,#2419,#1795,.T.);
#3159=EDGE_CURVE('',#2417,#2420,#1796,.T.);
#3160=EDGE_CURVE('',#2422,#2423,#1343,.T.);
#3161=EDGE_CURVE('',#2423,#2424,#1685,.T.);
#3162=EDGE_CURVE('',#2424,#2422,#1686,.T.);
#3163=EDGE_CURVE('',#2425,#2426,#1344,.T.);
#3164=EDGE_CURVE('',#2426,#2423,#1345,.T.);
#3165=EDGE_CURVE('',#2422,#2425,#1346,.T.);
#3166=EDGE_CURVE('',#2425,#2418,#1797,.T.);
#3167=EDGE_CURVE('',#2419,#2426,#1798,.T.);
#3168=EDGE_CURVE('',#2427,#2428,#1347,.F.);
#3169=EDGE_CURVE('',#2429,#2427,#1348,.T.);
#3170=EDGE_CURVE('',#2429,#2430,#1349,.T.);
#3171=EDGE_CURVE('',#2428,#2430,#1350,.T.);
#3172=EDGE_CURVE('',#2418,#2429,#1799,.T.);
#3173=EDGE_CURVE('',#2427,#2417,#1800,.T.);
#3174=EDGE_CURVE('',#2431,#2432,#1351,.F.);
#3175=EDGE_CURVE('',#2433,#2431,#1352,.T.);
#3176=EDGE_CURVE('',#2433,#2434,#1353,.T.);
#3177=EDGE_CURVE('',#2432,#2434,#1354,.T.);
#3178=EDGE_CURVE('',#2430,#2433,#1801,.T.);
#3179=EDGE_CURVE('',#2431,#2428,#1802,.T.);
#3180=EDGE_CURVE('',#2435,#2436,#1355,.F.);
#3181=EDGE_CURVE('',#2437,#2435,#1356,.F.);
#3182=EDGE_CURVE('',#2436,#2437,#1357,.F.);
#3183=EDGE_CURVE('',#2434,#2437,#1803,.T.);
#3184=EDGE_CURVE('',#2435,#2432,#1804,.T.);
#3185=EDGE_CURVE('',#2438,#2439,#1358,.T.);
#3186=EDGE_CURVE('',#2439,#2440,#1687,.T.);
#3187=EDGE_CURVE('',#2440,#2438,#1688,.T.);
#3188=EDGE_CURVE('',#2441,#2442,#1359,.T.);
#3189=EDGE_CURVE('',#2442,#2439,#1360,.T.);
#3190=EDGE_CURVE('',#2438,#2441,#1361,.T.);
#3191=EDGE_CURVE('',#2437,#2442,#1805,.T.);
#3192=EDGE_CURVE('',#2441,#2436,#1806,.T.);
#3193=EDGE_CURVE('',#2443,#2444,#1362,.T.);
#3194=EDGE_CURVE('',#2444,#2435,#1807,.T.);
#3195=EDGE_CURVE('',#2436,#2443,#1808,.T.);
#3196=EDGE_CURVE('',#2416,#2431,#1809,.T.);
#3197=EDGE_CURVE('',#2432,#2413,#1810,.T.);
#3198=EDGE_CURVE('',#2410,#2427,#1811,.T.);
#3199=EDGE_CURVE('',#2428,#2411,#1812,.T.);
#3200=EDGE_CURVE('',#2445,#2446,#1689,.T.);
#3201=EDGE_CURVE('',#2445,#2444,#1363,.T.);
#3202=EDGE_CURVE('',#2443,#2447,#1364,.T.);
#3203=EDGE_CURVE('',#2447,#2446,#1690,.F.);
#3204=EDGE_CURVE('',#2448,#2449,#1691,.T.);
#3205=EDGE_CURVE('',#2448,#2421,#1365,.T.);
#3206=EDGE_CURVE('',#2420,#2450,#1366,.T.);
#3207=EDGE_CURVE('',#2450,#2449,#1692,.F.);
#3208=EDGE_CURVE('',#2409,#2450,#1813,.T.);
#3209=EDGE_CURVE('',#2420,#2410,#1814,.T.);
#3210=EDGE_CURVE('',#2411,#2416,#1815,.T.);
#3211=EDGE_CURVE('',#2415,#2412,#1816,.T.);
#3212=EDGE_CURVE('',#2445,#2414,#1817,.T.);
#3213=EDGE_CURVE('',#2446,#2449,#1818,.F.);
#3214=EDGE_CURVE('',#2413,#2444,#1819,.T.);
#3215=EDGE_CURVE('',#2451,#2441,#1820,.T.);
#3216=EDGE_CURVE('',#2447,#2451,#1821,.T.);
#3217=EDGE_CURVE('',#2440,#2452,#1822,.T.);
#3218=EDGE_CURVE('',#2453,#2452,#1042,.T.);
#3219=EDGE_CURVE('',#2454,#2453,#1693,.T.);
#3220=EDGE_CURVE('',#2451,#2454,#1694,.T.);
#3221=EDGE_CURVE('',#2407,#2454,#1043,.T.);
#3222=EDGE_CURVE('',#2455,#2406,#1044,.T.);
#3223=EDGE_CURVE('',#2455,#2456,#1695,.T.);
#3224=EDGE_CURVE('',#2448,#2456,#1823,.T.);
#3225=EDGE_CURVE('',#2457,#2453,#1696,.T.);
#3226=EDGE_CURVE('',#2407,#2457,#1367,.T.);
#3227=EDGE_CURVE('',#2168,#2458,#1045,.F.);
#3228=EDGE_CURVE('',#2458,#2135,#1368,.T.);
#3229=EDGE_CURVE('',#2134,#2459,#1046,.F.);
#3230=EDGE_CURVE('',#2459,#2458,#1824,.T.);
#3231=EDGE_CURVE('',#2386,#2460,#1369,.F.);
#3232=EDGE_CURVE('',#2460,#2392,#1825,.T.);
#3233=EDGE_CURVE('',#2458,#2461,#1826,.T.);
#3234=EDGE_CURVE('',#2461,#2386,#1370,.F.);
#3235=EDGE_CURVE('',#2459,#2408,#1371,.T.);
#3236=EDGE_CURVE('',#2460,#2461,#1372,.F.);
#3237=EDGE_CURVE('',#2457,#2459,#1827,.T.);
#3238=EDGE_CURVE('',#2452,#2460,#1828,.T.);
#3239=EDGE_CURVE('',#2461,#2457,#1829,.T.);
#3240=EDGE_CURVE('',#2462,#2440,#1830,.T.);
#3241=EDGE_CURVE('',#2463,#2462,#1831,.T.);
#3242=EDGE_CURVE('',#2464,#2463,#1832,.T.);
#3243=EDGE_CURVE('',#2400,#2464,#1833,.T.);
#3244=EDGE_CURVE('',#2426,#2456,#1834,.T.);
#3245=EDGE_CURVE('',#2465,#2455,#1697,.T.);
#3246=EDGE_CURVE('',#2466,#2465,#1047,.T.);
#3247=EDGE_CURVE('',#2466,#2424,#1835,.T.);
#3248=EDGE_CURVE('',#2424,#2467,#1836,.T.);
#3249=EDGE_CURVE('',#2468,#2466,#1837,.T.);
#3250=EDGE_CURVE('',#2397,#2468,#1838,.T.);
#3251=EDGE_CURVE('',#2469,#2397,#1839,.T.);
#3252=EDGE_CURVE('',#2470,#2469,#1840,.T.);
#3253=EDGE_CURVE('',#2471,#2470,#1841,.T.);
#3254=EDGE_CURVE('',#2467,#2471,#1842,.T.);
#3255=EDGE_CURVE('',#2465,#2472,#1698,.T.);
#3256=EDGE_CURVE('',#2472,#2473,#1843,.T.);
#3257=EDGE_CURVE('',#2473,#2468,#1373,.F.);
#3258=EDGE_CURVE('',#2472,#2406,#1374,.T.);
#3259=EDGE_CURVE('',#2474,#2146,#1048,.F.);
#3260=EDGE_CURVE('',#2121,#2474,#1375,.T.);
#3261=EDGE_CURVE('',#2474,#2475,#1844,.T.);
#3262=EDGE_CURVE('',#2475,#2122,#1049,.F.);
#3263=EDGE_CURVE('',#2468,#2389,#1376,.F.);
#3264=EDGE_CURVE('',#2389,#2473,#1377,.F.);
#3265=EDGE_CURVE('',#2473,#2474,#1845,.T.);
#3266=EDGE_CURVE('',#2405,#2475,#1378,.T.);
#3267=EDGE_CURVE('',#2475,#2472,#1846,.T.);
#3268=EDGE_CURVE('',#2476,#2476,#1379,.T.);
#3269=EDGE_CURVE('',#2476,#2477,#1380,.T.);
#3270=EDGE_CURVE('',#2477,#2478,#1381,.T.);
#3271=EDGE_CURVE('',#2478,#2477,#1382,.T.);
#3272=EDGE_CURVE('',#2479,#2479,#1383,.T.);
#3273=EDGE_CURVE('',#2480,#2481,#1384,.T.);
#3274=EDGE_CURVE('',#2480,#2478,#1847,.T.);
#3275=EDGE_CURVE('',#2481,#2480,#1385,.T.);
#3276=EDGE_CURVE('',#2479,#2482,#1386,.T.);
#3277=EDGE_CURVE('',#2482,#2483,#1387,.T.);
#3278=EDGE_CURVE('',#2483,#2482,#1388,.T.);
#3279=EDGE_CURVE('',#2483,#2484,#1848,.T.);
#3280=EDGE_CURVE('',#2485,#2484,#1389,.T.);
#3281=EDGE_CURVE('',#2484,#2485,#1390,.T.);
#3282=EDGE_CURVE('',#2486,#2486,#1391,.T.);
#3283=EDGE_CURVE('',#2486,#2485,#1392,.T.);
#3284=EDGE_CURVE('',#2487,#2487,#1393,.T.);
#3285=EDGE_CURVE('',#2487,#2488,#1394,.T.);
#3286=EDGE_CURVE('',#2488,#2489,#1395,.T.);
#3287=EDGE_CURVE('',#2489,#2488,#1396,.T.);
#3288=EDGE_CURVE('',#2490,#2491,#1397,.T.);
#3289=EDGE_CURVE('',#2490,#2489,#1849,.T.);
#3290=EDGE_CURVE('',#2491,#2490,#1398,.T.);
#3291=EDGE_CURVE('',#2492,#2492,#1399,.T.);
#3292=EDGE_CURVE('',#2492,#2491,#1400,.T.);
#3293=EDGE_CURVE('',#2493,#2493,#1401,.T.);
#3294=EDGE_CURVE('',#2493,#2494,#1402,.T.);
#3295=EDGE_CURVE('',#2494,#2495,#1403,.T.);
#3296=EDGE_CURVE('',#2495,#2494,#1404,.T.);
#3297=EDGE_CURVE('',#2496,#2497,#1405,.T.);
#3298=EDGE_CURVE('',#2496,#2495,#1850,.T.);
#3299=EDGE_CURVE('',#2497,#2496,#1406,.T.);
#3300=EDGE_CURVE('',#2248,#2481,#1407,.T.);
#3301=EDGE_CURVE('',#2257,#2497,#1408,.T.);
#3302=EDGE_CURVE('',#2498,#2399,#1409,.F.);
#3303=EDGE_CURVE('',#2469,#2498,#1410,.F.);
#3304=EDGE_CURVE('',#2399,#2469,#1411,.F.);
#3305=EDGE_CURVE('',#2467,#2499,#1412,.F.);
#3306=EDGE_CURVE('',#2500,#2467,#1413,.F.);
#3307=EDGE_CURVE('',#2499,#2500,#1414,.F.);
#3308=EDGE_CURVE('',#2470,#2253,#1415,.T.);
#3309=EDGE_CURVE('',#2501,#2470,#1416,.F.);
#3310=EDGE_CURVE('',#2254,#2501,#1417,.T.);
#3311=EDGE_CURVE('',#2498,#2501,#1851,.T.);
#3312=EDGE_CURVE('',#2502,#2400,#1418,.F.);
#3313=EDGE_CURVE('',#2398,#2502,#1419,.F.);
#3314=EDGE_CURVE('',#2503,#2504,#1420,.F.);
#3315=EDGE_CURVE('',#2462,#2503,#1421,.F.);
#3316=EDGE_CURVE('',#2504,#2462,#1422,.F.);
#3317=EDGE_CURVE('',#2505,#2251,#1423,.T.);
#3318=EDGE_CURVE('',#2471,#2505,#1424,.F.);
#3319=EDGE_CURVE('',#2252,#2471,#1425,.T.);
#3320=EDGE_CURVE('',#2505,#2500,#1852,.T.);
#3321=EDGE_CURVE('',#2506,#2255,#1426,.T.);
#3322=EDGE_CURVE('',#2464,#2506,#1427,.F.);
#3323=EDGE_CURVE('',#2256,#2464,#1428,.T.);
#3324=EDGE_CURVE('',#2506,#2502,#1853,.T.);
#3325=EDGE_CURVE('',#2463,#2250,#1429,.T.);
#3326=EDGE_CURVE('',#2507,#2463,#1430,.F.);
#3327=EDGE_CURVE('',#2249,#2507,#1431,.T.);
#3328=EDGE_CURVE('',#2503,#2507,#1854,.T.);
#3329=EDGE_CURVE('',#2507,#2505,#1855,.T.);
#3330=EDGE_CURVE('',#2501,#2506,#1856,.T.);
#3331=EDGE_CURVE('',#2439,#2504,#1857,.F.);
#3332=EDGE_CURVE('',#2500,#2503,#1858,.T.);
#3333=EDGE_CURVE('',#2504,#2499,#1859,.T.);
#3334=EDGE_CURVE('',#2502,#2498,#1860,.T.);
#3335=EDGE_CURVE('',#2499,#2422,#1861,.T.);
#3336=EDGE_CURVE('',#2385,#2291,#1432,.T.);
#3337=ORIENTED_EDGE('',*,*,#2508,.F.);
#3338=ORIENTED_EDGE('',*,*,#2509,.F.);
#3339=ORIENTED_EDGE('',*,*,#2510,.F.);
#3340=ORIENTED_EDGE('',*,*,#2511,.F.);
#3341=ORIENTED_EDGE('',*,*,#2512,.F.);
#3342=ORIENTED_EDGE('',*,*,#2513,.F.);
#3343=ORIENTED_EDGE('',*,*,#2514,.F.);
#3344=ORIENTED_EDGE('',*,*,#2515,.F.);
#3345=ORIENTED_EDGE('',*,*,#2516,.F.);
#3346=ORIENTED_EDGE('',*,*,#2517,.F.);
#3347=ORIENTED_EDGE('',*,*,#2518,.F.);
#3348=ORIENTED_EDGE('',*,*,#2519,.F.);
#3349=ORIENTED_EDGE('',*,*,#2520,.F.);
#3350=ORIENTED_EDGE('',*,*,#2521,.F.);
#3351=ORIENTED_EDGE('',*,*,#2522,.F.);
#3352=ORIENTED_EDGE('',*,*,#2523,.F.);
#3353=ORIENTED_EDGE('',*,*,#2524,.F.);
#3354=ORIENTED_EDGE('',*,*,#2525,.F.);
#3355=ORIENTED_EDGE('',*,*,#2526,.F.);
#3356=ORIENTED_EDGE('',*,*,#2527,.F.);
#3357=ORIENTED_EDGE('',*,*,#2528,.F.);
#3358=ORIENTED_EDGE('',*,*,#2529,.F.);
#3359=ORIENTED_EDGE('',*,*,#2530,.F.);
#3360=ORIENTED_EDGE('',*,*,#2531,.F.);
#3361=ORIENTED_EDGE('',*,*,#2532,.T.);
#3362=ORIENTED_EDGE('',*,*,#2533,.F.);
#3363=ORIENTED_EDGE('',*,*,#2534,.F.);
#3364=ORIENTED_EDGE('',*,*,#2532,.F.);
#3365=ORIENTED_EDGE('',*,*,#2535,.F.);
#3366=ORIENTED_EDGE('',*,*,#2536,.F.);
#3367=ORIENTED_EDGE('',*,*,#2537,.F.);
#3368=ORIENTED_EDGE('',*,*,#2538,.T.);
#3369=ORIENTED_EDGE('',*,*,#2539,.T.);
#3370=ORIENTED_EDGE('',*,*,#2540,.F.);
#3371=ORIENTED_EDGE('',*,*,#2541,.F.);
#3372=ORIENTED_EDGE('',*,*,#2542,.F.);
#3373=ORIENTED_EDGE('',*,*,#2543,.T.);
#3374=ORIENTED_EDGE('',*,*,#2544,.F.);
#3375=ORIENTED_EDGE('',*,*,#2545,.T.);
#3376=ORIENTED_EDGE('',*,*,#2546,.T.);
#3377=ORIENTED_EDGE('',*,*,#2547,.F.);
#3378=ORIENTED_EDGE('',*,*,#2548,.T.);
#3379=ORIENTED_EDGE('',*,*,#2549,.F.);
#3380=ORIENTED_EDGE('',*,*,#2550,.F.);
#3381=ORIENTED_EDGE('',*,*,#2551,.F.);
#3382=ORIENTED_EDGE('',*,*,#2552,.T.);
#3383=ORIENTED_EDGE('',*,*,#2553,.T.);
#3384=ORIENTED_EDGE('',*,*,#2554,.T.);
#3385=ORIENTED_EDGE('',*,*,#2555,.T.);
#3386=ORIENTED_EDGE('',*,*,#2556,.F.);
#3387=ORIENTED_EDGE('',*,*,#2557,.T.);
#3388=ORIENTED_EDGE('',*,*,#2558,.T.);
#3389=ORIENTED_EDGE('',*,*,#2559,.T.);
#3390=ORIENTED_EDGE('',*,*,#2560,.T.);
#3391=ORIENTED_EDGE('',*,*,#2561,.T.);
#3392=ORIENTED_EDGE('',*,*,#2562,.T.);
#3393=ORIENTED_EDGE('',*,*,#2558,.F.);
#3394=ORIENTED_EDGE('',*,*,#2563,.T.);
#3395=ORIENTED_EDGE('',*,*,#2564,.T.);
#3396=ORIENTED_EDGE('',*,*,#2565,.T.);
#3397=ORIENTED_EDGE('',*,*,#2561,.F.);
#3398=ORIENTED_EDGE('',*,*,#2566,.T.);
#3399=ORIENTED_EDGE('',*,*,#2567,.T.);
#3400=ORIENTED_EDGE('',*,*,#2568,.T.);
#3401=ORIENTED_EDGE('',*,*,#2564,.F.);
#3402=ORIENTED_EDGE('',*,*,#2569,.T.);
#3403=ORIENTED_EDGE('',*,*,#2570,.T.);
#3404=ORIENTED_EDGE('',*,*,#2571,.T.);
#3405=ORIENTED_EDGE('',*,*,#2567,.F.);
#3406=ORIENTED_EDGE('',*,*,#2572,.T.);
#3407=ORIENTED_EDGE('',*,*,#2573,.T.);
#3408=ORIENTED_EDGE('',*,*,#2574,.T.);
#3409=ORIENTED_EDGE('',*,*,#2570,.F.);
#3410=ORIENTED_EDGE('',*,*,#2575,.T.);
#3411=ORIENTED_EDGE('',*,*,#2576,.T.);
#3412=ORIENTED_EDGE('',*,*,#2577,.T.);
#3413=ORIENTED_EDGE('',*,*,#2573,.F.);
#3414=ORIENTED_EDGE('',*,*,#2578,.T.);
#3415=ORIENTED_EDGE('',*,*,#2579,.T.);
#3416=ORIENTED_EDGE('',*,*,#2580,.T.);
#3417=ORIENTED_EDGE('',*,*,#2576,.F.);
#3418=ORIENTED_EDGE('',*,*,#2581,.T.);
#3419=ORIENTED_EDGE('',*,*,#2582,.T.);
#3420=ORIENTED_EDGE('',*,*,#2583,.T.);
#3421=ORIENTED_EDGE('',*,*,#2579,.F.);
#3422=ORIENTED_EDGE('',*,*,#2584,.T.);
#3423=ORIENTED_EDGE('',*,*,#2585,.T.);
#3424=ORIENTED_EDGE('',*,*,#2522,.T.);
#3425=ORIENTED_EDGE('',*,*,#2582,.F.);
#3426=ORIENTED_EDGE('',*,*,#2586,.T.);
#3427=ORIENTED_EDGE('',*,*,#2585,.F.);
#3428=ORIENTED_EDGE('',*,*,#2587,.T.);
#3429=ORIENTED_EDGE('',*,*,#2588,.T.);
#3430=ORIENTED_EDGE('',*,*,#2523,.T.);
#3431=ORIENTED_EDGE('',*,*,#2589,.T.);
#3432=ORIENTED_EDGE('',*,*,#2524,.T.);
#3433=ORIENTED_EDGE('',*,*,#2588,.F.);
#3434=ORIENTED_EDGE('',*,*,#2590,.T.);
#3435=ORIENTED_EDGE('',*,*,#2589,.F.);
#3436=ORIENTED_EDGE('',*,*,#2591,.T.);
#3437=ORIENTED_EDGE('',*,*,#2592,.T.);
#3438=ORIENTED_EDGE('',*,*,#2525,.T.);
#3439=ORIENTED_EDGE('',*,*,#2593,.T.);
#3440=ORIENTED_EDGE('',*,*,#2526,.T.);
#3441=ORIENTED_EDGE('',*,*,#2592,.F.);
#3442=ORIENTED_EDGE('',*,*,#2594,.T.);
#3443=ORIENTED_EDGE('',*,*,#2593,.F.);
#3444=ORIENTED_EDGE('',*,*,#2595,.T.);
#3445=ORIENTED_EDGE('',*,*,#2596,.T.);
#3446=ORIENTED_EDGE('',*,*,#2527,.T.);
#3447=ORIENTED_EDGE('',*,*,#2597,.T.);
#3448=ORIENTED_EDGE('',*,*,#2528,.T.);
#3449=ORIENTED_EDGE('',*,*,#2596,.F.);
#3450=ORIENTED_EDGE('',*,*,#2598,.T.);
#3451=ORIENTED_EDGE('',*,*,#2597,.F.);
#3452=ORIENTED_EDGE('',*,*,#2599,.T.);
#3453=ORIENTED_EDGE('',*,*,#2600,.T.);
#3454=ORIENTED_EDGE('',*,*,#2529,.T.);
#3455=ORIENTED_EDGE('',*,*,#2601,.T.);
#3456=ORIENTED_EDGE('',*,*,#2530,.T.);
#3457=ORIENTED_EDGE('',*,*,#2600,.F.);
#3458=ORIENTED_EDGE('',*,*,#2602,.T.);
#3459=ORIENTED_EDGE('',*,*,#2603,.T.);
#3460=ORIENTED_EDGE('',*,*,#2604,.T.);
#3461=ORIENTED_EDGE('',*,*,#2601,.F.);
#3462=ORIENTED_EDGE('',*,*,#2605,.T.);
#3463=ORIENTED_EDGE('',*,*,#2606,.T.);
#3464=ORIENTED_EDGE('',*,*,#2607,.T.);
#3465=ORIENTED_EDGE('',*,*,#2603,.F.);
#3466=ORIENTED_EDGE('',*,*,#2608,.T.);
#3467=ORIENTED_EDGE('',*,*,#2609,.T.);
#3468=ORIENTED_EDGE('',*,*,#2610,.T.);
#3469=ORIENTED_EDGE('',*,*,#2606,.F.);
#3470=ORIENTED_EDGE('',*,*,#2611,.T.);
#3471=ORIENTED_EDGE('',*,*,#2612,.T.);
#3472=ORIENTED_EDGE('',*,*,#2613,.T.);
#3473=ORIENTED_EDGE('',*,*,#2609,.F.);
#3474=ORIENTED_EDGE('',*,*,#2614,.T.);
#3475=ORIENTED_EDGE('',*,*,#2615,.T.);
#3476=ORIENTED_EDGE('',*,*,#2616,.T.);
#3477=ORIENTED_EDGE('',*,*,#2612,.F.);
#3478=ORIENTED_EDGE('',*,*,#2617,.T.);
#3479=ORIENTED_EDGE('',*,*,#2618,.T.);
#3480=ORIENTED_EDGE('',*,*,#2619,.T.);
#3481=ORIENTED_EDGE('',*,*,#2615,.F.);
#3482=ORIENTED_EDGE('',*,*,#2620,.T.);
#3483=ORIENTED_EDGE('',*,*,#2621,.T.);
#3484=ORIENTED_EDGE('',*,*,#2622,.T.);
#3485=ORIENTED_EDGE('',*,*,#2618,.F.);
#3486=ORIENTED_EDGE('',*,*,#2623,.T.);
#3487=ORIENTED_EDGE('',*,*,#2621,.F.);
#3488=ORIENTED_EDGE('',*,*,#2624,.T.);
#3489=ORIENTED_EDGE('',*,*,#2625,.T.);
#3490=ORIENTED_EDGE('',*,*,#2626,.T.);
#3491=ORIENTED_EDGE('',*,*,#2625,.F.);
#3492=ORIENTED_EDGE('',*,*,#2627,.T.);
#3493=ORIENTED_EDGE('',*,*,#2628,.T.);
#3494=ORIENTED_EDGE('',*,*,#2624,.F.);
#3495=ORIENTED_EDGE('',*,*,#2623,.F.);
#3496=ORIENTED_EDGE('',*,*,#2620,.F.);
#3497=ORIENTED_EDGE('',*,*,#2617,.F.);
#3498=ORIENTED_EDGE('',*,*,#2614,.F.);
#3499=ORIENTED_EDGE('',*,*,#2611,.F.);
#3500=ORIENTED_EDGE('',*,*,#2608,.F.);
#3501=ORIENTED_EDGE('',*,*,#2605,.F.);
#3502=ORIENTED_EDGE('',*,*,#2602,.F.);
#3503=ORIENTED_EDGE('',*,*,#2629,.F.);
#3504=ORIENTED_EDGE('',*,*,#2630,.F.);
#3505=ORIENTED_EDGE('',*,*,#2631,.F.);
#3506=ORIENTED_EDGE('',*,*,#2632,.F.);
#3507=ORIENTED_EDGE('',*,*,#2633,.F.);
#3508=ORIENTED_EDGE('',*,*,#2634,.F.);
#3509=ORIENTED_EDGE('',*,*,#2635,.F.);
#3510=ORIENTED_EDGE('',*,*,#2636,.F.);
#3511=ORIENTED_EDGE('',*,*,#2599,.F.);
#3512=ORIENTED_EDGE('',*,*,#2637,.T.);
#3513=ORIENTED_EDGE('',*,*,#2638,.F.);
#3514=ORIENTED_EDGE('',*,*,#2629,.T.);
#3515=ORIENTED_EDGE('',*,*,#2598,.F.);
#3516=ORIENTED_EDGE('',*,*,#2639,.F.);
#3517=ORIENTED_EDGE('',*,*,#2640,.F.);
#3518=ORIENTED_EDGE('',*,*,#2637,.F.);
#3519=ORIENTED_EDGE('',*,*,#2595,.F.);
#3520=ORIENTED_EDGE('',*,*,#2641,.T.);
#3521=ORIENTED_EDGE('',*,*,#2642,.T.);
#3522=ORIENTED_EDGE('',*,*,#2639,.T.);
#3523=ORIENTED_EDGE('',*,*,#2594,.F.);
#3524=ORIENTED_EDGE('',*,*,#2643,.F.);
#3525=ORIENTED_EDGE('',*,*,#2644,.F.);
#3526=ORIENTED_EDGE('',*,*,#2641,.F.);
#3527=ORIENTED_EDGE('',*,*,#2591,.F.);
#3528=ORIENTED_EDGE('',*,*,#2645,.T.);
#3529=ORIENTED_EDGE('',*,*,#2646,.F.);
#3530=ORIENTED_EDGE('',*,*,#2643,.T.);
#3531=ORIENTED_EDGE('',*,*,#2590,.F.);
#3532=ORIENTED_EDGE('',*,*,#2647,.F.);
#3533=ORIENTED_EDGE('',*,*,#2648,.F.);
#3534=ORIENTED_EDGE('',*,*,#2645,.F.);
#3535=ORIENTED_EDGE('',*,*,#2587,.F.);
#3536=ORIENTED_EDGE('',*,*,#2649,.T.);
#3537=ORIENTED_EDGE('',*,*,#2650,.T.);
#3538=ORIENTED_EDGE('',*,*,#2647,.T.);
#3539=ORIENTED_EDGE('',*,*,#2586,.F.);
#3540=ORIENTED_EDGE('',*,*,#2584,.F.);
#3541=ORIENTED_EDGE('',*,*,#2581,.F.);
#3542=ORIENTED_EDGE('',*,*,#2578,.F.);
#3543=ORIENTED_EDGE('',*,*,#2575,.F.);
#3544=ORIENTED_EDGE('',*,*,#2572,.F.);
#3545=ORIENTED_EDGE('',*,*,#2569,.F.);
#3546=ORIENTED_EDGE('',*,*,#2566,.F.);
#3547=ORIENTED_EDGE('',*,*,#2563,.F.);
#3548=ORIENTED_EDGE('',*,*,#2651,.F.);
#3549=ORIENTED_EDGE('',*,*,#2652,.F.);
#3550=ORIENTED_EDGE('',*,*,#2653,.F.);
#3551=ORIENTED_EDGE('',*,*,#2654,.F.);
#3552=ORIENTED_EDGE('',*,*,#2655,.F.);
#3553=ORIENTED_EDGE('',*,*,#2656,.F.);
#3554=ORIENTED_EDGE('',*,*,#2657,.F.);
#3555=ORIENTED_EDGE('',*,*,#2649,.F.);
#3556=ORIENTED_EDGE('',*,*,#2560,.F.);
#3557=ORIENTED_EDGE('',*,*,#2658,.T.);
#3558=ORIENTED_EDGE('',*,*,#2659,.F.);
#3559=ORIENTED_EDGE('',*,*,#2651,.T.);
#3560=ORIENTED_EDGE('',*,*,#2660,.T.);
#3561=ORIENTED_EDGE('',*,*,#2630,.T.);
#3562=ORIENTED_EDGE('',*,*,#2638,.T.);
#3563=ORIENTED_EDGE('',*,*,#2661,.T.);
#3564=ORIENTED_EDGE('',*,*,#2662,.F.);
#3565=ORIENTED_EDGE('',*,*,#2663,.T.);
#3566=ORIENTED_EDGE('',*,*,#2660,.F.);
#3567=ORIENTED_EDGE('',*,*,#2664,.T.);
#3568=ORIENTED_EDGE('',*,*,#2663,.F.);
#3569=ORIENTED_EDGE('',*,*,#2665,.F.);
#3570=ORIENTED_EDGE('',*,*,#2666,.F.);
#3571=ORIENTED_EDGE('',*,*,#2667,.F.);
#3572=ORIENTED_EDGE('',*,*,#2668,.F.);
#3573=ORIENTED_EDGE('',*,*,#2669,.T.);
#3574=ORIENTED_EDGE('',*,*,#2670,.T.);
#3575=ORIENTED_EDGE('',*,*,#2631,.T.);
#3576=ORIENTED_EDGE('',*,*,#2671,.T.);
#3577=ORIENTED_EDGE('',*,*,#2672,.T.);
#3578=ORIENTED_EDGE('',*,*,#2650,.F.);
#3579=ORIENTED_EDGE('',*,*,#2657,.T.);
#3580=ORIENTED_EDGE('',*,*,#2673,.F.);
#3581=ORIENTED_EDGE('',*,*,#2674,.T.);
#3582=ORIENTED_EDGE('',*,*,#2671,.F.);
#3583=ORIENTED_EDGE('',*,*,#2675,.T.);
#3584=ORIENTED_EDGE('',*,*,#2672,.F.);
#3585=ORIENTED_EDGE('',*,*,#2674,.F.);
#3586=ORIENTED_EDGE('',*,*,#2676,.T.);
#3587=ORIENTED_EDGE('',*,*,#2677,.F.);
#3588=ORIENTED_EDGE('',*,*,#2648,.T.);
#3589=ORIENTED_EDGE('',*,*,#2678,.T.);
#3590=ORIENTED_EDGE('',*,*,#2679,.T.);
#3591=ORIENTED_EDGE('',*,*,#2680,.T.);
#3592=ORIENTED_EDGE('',*,*,#2681,.T.);
#3593=ORIENTED_EDGE('',*,*,#2646,.T.);
#3594=ORIENTED_EDGE('',*,*,#2677,.T.);
#3595=ORIENTED_EDGE('',*,*,#2680,.F.);
#3596=ORIENTED_EDGE('',*,*,#2682,.T.);
#3597=ORIENTED_EDGE('',*,*,#2683,.F.);
#3598=ORIENTED_EDGE('',*,*,#2684,.T.);
#3599=ORIENTED_EDGE('',*,*,#2678,.F.);
#3600=ORIENTED_EDGE('',*,*,#2685,.F.);
#3601=ORIENTED_EDGE('',*,*,#2682,.F.);
#3602=ORIENTED_EDGE('',*,*,#2679,.F.);
#3603=ORIENTED_EDGE('',*,*,#2684,.F.);
#3604=ORIENTED_EDGE('',*,*,#2686,.F.);
#3605=ORIENTED_EDGE('',*,*,#2687,.T.);
#3606=ORIENTED_EDGE('',*,*,#2688,.F.);
#3607=ORIENTED_EDGE('',*,*,#2689,.T.);
#3608=ORIENTED_EDGE('',*,*,#2690,.F.);
#3609=ORIENTED_EDGE('',*,*,#2644,.T.);
#3610=ORIENTED_EDGE('',*,*,#2683,.T.);
#3611=ORIENTED_EDGE('',*,*,#2691,.F.);
#3612=ORIENTED_EDGE('',*,*,#2692,.F.);
#3613=ORIENTED_EDGE('',*,*,#2693,.F.);
#3614=ORIENTED_EDGE('',*,*,#2686,.T.);
#3615=ORIENTED_EDGE('',*,*,#2681,.F.);
#3616=ORIENTED_EDGE('',*,*,#2676,.F.);
#3617=ORIENTED_EDGE('',*,*,#2694,.F.);
#3618=ORIENTED_EDGE('',*,*,#2691,.T.);
#3619=ORIENTED_EDGE('',*,*,#2685,.T.);
#3620=ORIENTED_EDGE('',*,*,#2695,.T.);
#3621=ORIENTED_EDGE('',*,*,#2696,.T.);
#3622=ORIENTED_EDGE('',*,*,#2697,.T.);
#3623=ORIENTED_EDGE('',*,*,#2642,.F.);
#3624=ORIENTED_EDGE('',*,*,#2690,.T.);
#3625=ORIENTED_EDGE('',*,*,#2698,.T.);
#3626=ORIENTED_EDGE('',*,*,#2699,.T.);
#3627=ORIENTED_EDGE('',*,*,#2696,.F.);
#3628=ORIENTED_EDGE('',*,*,#2700,.T.);
#3629=ORIENTED_EDGE('',*,*,#2701,.T.);
#3630=ORIENTED_EDGE('',*,*,#2693,.T.);
#3631=ORIENTED_EDGE('',*,*,#2700,.F.);
#3632=ORIENTED_EDGE('',*,*,#2702,.F.);
#3633=ORIENTED_EDGE('',*,*,#2703,.T.);
#3634=ORIENTED_EDGE('',*,*,#2704,.T.);
#3635=ORIENTED_EDGE('',*,*,#2705,.T.);
#3636=ORIENTED_EDGE('',*,*,#2706,.T.);
#3637=ORIENTED_EDGE('',*,*,#2703,.F.);
#3638=ORIENTED_EDGE('',*,*,#2702,.T.);
#3639=ORIENTED_EDGE('',*,*,#2692,.T.);
#3640=ORIENTED_EDGE('',*,*,#2673,.T.);
#3641=ORIENTED_EDGE('',*,*,#2707,.T.);
#3642=ORIENTED_EDGE('',*,*,#2705,.F.);
#3643=ORIENTED_EDGE('',*,*,#2694,.T.);
#3644=ORIENTED_EDGE('',*,*,#2675,.F.);
#3645=ORIENTED_EDGE('',*,*,#2656,.T.);
#3646=ORIENTED_EDGE('',*,*,#2708,.T.);
#3647=ORIENTED_EDGE('',*,*,#2709,.T.);
#3648=ORIENTED_EDGE('',*,*,#2701,.F.);
#3649=ORIENTED_EDGE('',*,*,#2704,.F.);
#3650=ORIENTED_EDGE('',*,*,#2706,.F.);
#3651=ORIENTED_EDGE('',*,*,#2707,.F.);
#3652=ORIENTED_EDGE('',*,*,#2710,.T.);
#3653=ORIENTED_EDGE('',*,*,#2711,.T.);
#3654=ORIENTED_EDGE('',*,*,#2668,.T.);
#3655=ORIENTED_EDGE('',*,*,#2712,.T.);
#3656=ORIENTED_EDGE('',*,*,#2713,.F.);
#3657=ORIENTED_EDGE('',*,*,#2710,.F.);
#3658=ORIENTED_EDGE('',*,*,#2667,.T.);
#3659=ORIENTED_EDGE('',*,*,#2714,.T.);
#3660=ORIENTED_EDGE('',*,*,#2715,.T.);
#3661=ORIENTED_EDGE('',*,*,#2713,.T.);
#3662=ORIENTED_EDGE('',*,*,#2712,.F.);
#3663=ORIENTED_EDGE('',*,*,#2666,.T.);
#3664=ORIENTED_EDGE('',*,*,#2662,.T.);
#3665=ORIENTED_EDGE('',*,*,#2716,.T.);
#3666=ORIENTED_EDGE('',*,*,#2714,.F.);
#3667=ORIENTED_EDGE('',*,*,#2665,.T.);
#3668=ORIENTED_EDGE('',*,*,#2711,.F.);
#3669=ORIENTED_EDGE('',*,*,#2715,.F.);
#3670=ORIENTED_EDGE('',*,*,#2717,.F.);
#3671=ORIENTED_EDGE('',*,*,#2698,.F.);
#3672=ORIENTED_EDGE('',*,*,#2695,.F.);
#3673=ORIENTED_EDGE('',*,*,#2689,.F.);
#3674=ORIENTED_EDGE('',*,*,#2688,.T.);
#3675=ORIENTED_EDGE('',*,*,#2699,.F.);
#3676=ORIENTED_EDGE('',*,*,#2717,.T.);
#3677=ORIENTED_EDGE('',*,*,#2716,.F.);
#3678=ORIENTED_EDGE('',*,*,#2718,.F.);
#3679=ORIENTED_EDGE('',*,*,#2661,.F.);
#3680=ORIENTED_EDGE('',*,*,#2640,.T.);
#3681=ORIENTED_EDGE('',*,*,#2697,.F.);
#3682=ORIENTED_EDGE('',*,*,#2718,.T.);
#3683=ORIENTED_EDGE('',*,*,#2664,.F.);
#3684=ORIENTED_EDGE('',*,*,#2719,.T.);
#3685=ORIENTED_EDGE('',*,*,#2720,.T.);
#3686=ORIENTED_EDGE('',*,*,#2520,.T.);
#3687=ORIENTED_EDGE('',*,*,#2721,.T.);
#3688=ORIENTED_EDGE('',*,*,#2722,.T.);
#3689=ORIENTED_EDGE('',*,*,#2723,.T.);
#3690=ORIENTED_EDGE('',*,*,#2518,.T.);
#3691=ORIENTED_EDGE('',*,*,#2723,.F.);
#3692=ORIENTED_EDGE('',*,*,#2724,.T.);
#3693=ORIENTED_EDGE('',*,*,#2719,.F.);
#3694=ORIENTED_EDGE('',*,*,#2519,.T.);
#3695=ORIENTED_EDGE('',*,*,#2725,.T.);
#3696=ORIENTED_EDGE('',*,*,#2726,.T.);
#3697=ORIENTED_EDGE('',*,*,#2727,.T.);
#3698=ORIENTED_EDGE('',*,*,#2516,.T.);
#3699=ORIENTED_EDGE('',*,*,#2725,.F.);
#3700=ORIENTED_EDGE('',*,*,#2728,.T.);
#3701=ORIENTED_EDGE('',*,*,#2729,.T.);
#3702=ORIENTED_EDGE('',*,*,#2730,.T.);
#3703=ORIENTED_EDGE('',*,*,#2729,.F.);
#3704=ORIENTED_EDGE('',*,*,#2731,.T.);
#3705=ORIENTED_EDGE('',*,*,#2732,.T.);
#3706=ORIENTED_EDGE('',*,*,#2727,.F.);
#3707=ORIENTED_EDGE('',*,*,#2733,.T.);
#3708=ORIENTED_EDGE('',*,*,#2721,.F.);
#3709=ORIENTED_EDGE('',*,*,#2517,.T.);
#3710=ORIENTED_EDGE('',*,*,#2720,.F.);
#3711=ORIENTED_EDGE('',*,*,#2734,.F.);
#3712=ORIENTED_EDGE('',*,*,#2735,.T.);
#3713=ORIENTED_EDGE('',*,*,#2724,.F.);
#3714=ORIENTED_EDGE('',*,*,#2736,.T.);
#3715=ORIENTED_EDGE('',*,*,#2737,.F.);
#3716=ORIENTED_EDGE('',*,*,#2738,.T.);
#3717=ORIENTED_EDGE('',*,*,#2734,.T.);
#3718=ORIENTED_EDGE('',*,*,#2722,.F.);
#3719=ORIENTED_EDGE('',*,*,#2739,.F.);
#3720=ORIENTED_EDGE('',*,*,#2740,.F.);
#3721=ORIENTED_EDGE('',*,*,#2741,.F.);
#3722=ORIENTED_EDGE('',*,*,#2736,.F.);
#3723=ORIENTED_EDGE('',*,*,#2733,.F.);
#3724=ORIENTED_EDGE('',*,*,#2742,.F.);
#3725=ORIENTED_EDGE('',*,*,#2743,.T.);
#3726=ORIENTED_EDGE('',*,*,#2744,.T.);
#3727=ORIENTED_EDGE('',*,*,#2739,.T.);
#3728=ORIENTED_EDGE('',*,*,#2745,.T.);
#3729=ORIENTED_EDGE('',*,*,#2746,.T.);
#3730=ORIENTED_EDGE('',*,*,#2511,.T.);
#3731=ORIENTED_EDGE('',*,*,#2745,.F.);
#3732=ORIENTED_EDGE('',*,*,#2510,.T.);
#3733=ORIENTED_EDGE('',*,*,#2747,.T.);
#3734=ORIENTED_EDGE('',*,*,#2748,.T.);
#3735=ORIENTED_EDGE('',*,*,#2749,.T.);
#3736=ORIENTED_EDGE('',*,*,#2750,.T.);
#3737=ORIENTED_EDGE('',*,*,#2747,.F.);
#3738=ORIENTED_EDGE('',*,*,#2509,.T.);
#3739=ORIENTED_EDGE('',*,*,#2751,.T.);
#3740=ORIENTED_EDGE('',*,*,#2752,.T.);
#3741=ORIENTED_EDGE('',*,*,#2753,.T.);
#3742=ORIENTED_EDGE('',*,*,#2754,.T.);
#3743=ORIENTED_EDGE('',*,*,#2755,.T.);
#3744=ORIENTED_EDGE('',*,*,#2754,.F.);
#3745=ORIENTED_EDGE('',*,*,#2756,.T.);
#3746=ORIENTED_EDGE('',*,*,#2749,.F.);
#3747=ORIENTED_EDGE('',*,*,#2757,.T.);
#3748=ORIENTED_EDGE('',*,*,#2758,.T.);
#3749=ORIENTED_EDGE('',*,*,#2759,.T.);
#3750=ORIENTED_EDGE('',*,*,#2760,.T.);
#3751=ORIENTED_EDGE('',*,*,#2761,.T.);
#3752=ORIENTED_EDGE('',*,*,#2758,.F.);
#3753=ORIENTED_EDGE('',*,*,#2762,.T.);
#3754=ORIENTED_EDGE('',*,*,#2763,.T.);
#3755=ORIENTED_EDGE('',*,*,#2764,.T.);
#3756=ORIENTED_EDGE('',*,*,#2765,.T.);
#3757=ORIENTED_EDGE('',*,*,#2766,.T.);
#3758=ORIENTED_EDGE('',*,*,#2763,.F.);
#3759=ORIENTED_EDGE('',*,*,#2767,.T.);
#3760=ORIENTED_EDGE('',*,*,#2765,.F.);
#3761=ORIENTED_EDGE('',*,*,#2514,.T.);
#3762=ORIENTED_EDGE('',*,*,#2768,.T.);
#3763=ORIENTED_EDGE('',*,*,#2769,.T.);
#3764=ORIENTED_EDGE('',*,*,#2513,.T.);
#3765=ORIENTED_EDGE('',*,*,#2770,.T.);
#3766=ORIENTED_EDGE('',*,*,#2768,.F.);
#3767=ORIENTED_EDGE('',*,*,#2760,.F.);
#3768=ORIENTED_EDGE('',*,*,#2771,.T.);
#3769=ORIENTED_EDGE('',*,*,#2752,.F.);
#3770=ORIENTED_EDGE('',*,*,#2772,.T.);
#3771=ORIENTED_EDGE('',*,*,#2746,.F.);
#3772=ORIENTED_EDGE('',*,*,#2773,.T.);
#3773=ORIENTED_EDGE('',*,*,#2774,.T.);
#3774=ORIENTED_EDGE('',*,*,#2775,.T.);
#3775=ORIENTED_EDGE('',*,*,#2508,.T.);
#3776=ORIENTED_EDGE('',*,*,#2776,.T.);
#3777=ORIENTED_EDGE('',*,*,#2622,.F.);
#3778=ORIENTED_EDGE('',*,*,#2777,.F.);
#3779=ORIENTED_EDGE('',*,*,#2761,.F.);
#3780=ORIENTED_EDGE('',*,*,#2772,.F.);
#3781=ORIENTED_EDGE('',*,*,#2755,.F.);
#3782=ORIENTED_EDGE('',*,*,#2757,.F.);
#3783=ORIENTED_EDGE('',*,*,#2751,.F.);
#3784=ORIENTED_EDGE('',*,*,#2748,.F.);
#3785=ORIENTED_EDGE('',*,*,#2778,.F.);
#3786=ORIENTED_EDGE('',*,*,#2779,.F.);
#3787=ORIENTED_EDGE('',*,*,#2773,.F.);
#3788=ORIENTED_EDGE('',*,*,#2750,.F.);
#3789=ORIENTED_EDGE('',*,*,#2780,.F.);
#3790=ORIENTED_EDGE('',*,*,#2778,.T.);
#3791=ORIENTED_EDGE('',*,*,#2756,.F.);
#3792=ORIENTED_EDGE('',*,*,#2781,.T.);
#3793=ORIENTED_EDGE('',*,*,#2782,.F.);
#3794=ORIENTED_EDGE('',*,*,#2783,.T.);
#3795=ORIENTED_EDGE('',*,*,#2780,.T.);
#3796=ORIENTED_EDGE('',*,*,#2753,.F.);
#3797=ORIENTED_EDGE('',*,*,#2784,.F.);
#3798=ORIENTED_EDGE('',*,*,#2785,.F.);
#3799=ORIENTED_EDGE('',*,*,#2786,.F.);
#3800=ORIENTED_EDGE('',*,*,#2781,.F.);
#3801=ORIENTED_EDGE('',*,*,#2771,.F.);
#3802=ORIENTED_EDGE('',*,*,#2787,.F.);
#3803=ORIENTED_EDGE('',*,*,#2788,.T.);
#3804=ORIENTED_EDGE('',*,*,#2789,.T.);
#3805=ORIENTED_EDGE('',*,*,#2784,.T.);
#3806=ORIENTED_EDGE('',*,*,#2790,.T.);
#3807=ORIENTED_EDGE('',*,*,#2791,.T.);
#3808=ORIENTED_EDGE('',*,*,#2792,.T.);
#3809=ORIENTED_EDGE('',*,*,#2793,.T.);
#3810=ORIENTED_EDGE('',*,*,#2794,.T.);
#3811=ORIENTED_EDGE('',*,*,#2790,.F.);
#3812=ORIENTED_EDGE('',*,*,#2795,.T.);
#3813=ORIENTED_EDGE('',*,*,#2796,.T.);
#3814=ORIENTED_EDGE('',*,*,#2797,.T.);
#3815=ORIENTED_EDGE('',*,*,#2793,.F.);
#3816=ORIENTED_EDGE('',*,*,#2798,.T.);
#3817=ORIENTED_EDGE('',*,*,#2799,.T.);
#3818=ORIENTED_EDGE('',*,*,#2800,.T.);
#3819=ORIENTED_EDGE('',*,*,#2796,.F.);
#3820=ORIENTED_EDGE('',*,*,#2801,.T.);
#3821=ORIENTED_EDGE('',*,*,#2802,.T.);
#3822=ORIENTED_EDGE('',*,*,#2803,.T.);
#3823=ORIENTED_EDGE('',*,*,#2799,.F.);
#3824=ORIENTED_EDGE('',*,*,#2804,.T.);
#3825=ORIENTED_EDGE('',*,*,#2805,.T.);
#3826=ORIENTED_EDGE('',*,*,#2806,.T.);
#3827=ORIENTED_EDGE('',*,*,#2802,.F.);
#3828=ORIENTED_EDGE('',*,*,#2807,.T.);
#3829=ORIENTED_EDGE('',*,*,#2805,.F.);
#3830=ORIENTED_EDGE('',*,*,#2808,.T.);
#3831=ORIENTED_EDGE('',*,*,#2809,.T.);
#3832=ORIENTED_EDGE('',*,*,#2810,.T.);
#3833=ORIENTED_EDGE('',*,*,#2809,.F.);
#3834=ORIENTED_EDGE('',*,*,#2811,.T.);
#3835=ORIENTED_EDGE('',*,*,#2812,.T.);
#3836=ORIENTED_EDGE('',*,*,#2807,.F.);
#3837=ORIENTED_EDGE('',*,*,#2804,.F.);
#3838=ORIENTED_EDGE('',*,*,#2801,.F.);
#3839=ORIENTED_EDGE('',*,*,#2798,.F.);
#3840=ORIENTED_EDGE('',*,*,#2813,.F.);
#3841=ORIENTED_EDGE('',*,*,#2811,.F.);
#3842=ORIENTED_EDGE('',*,*,#2808,.F.);
#3843=ORIENTED_EDGE('',*,*,#2813,.T.);
#3844=ORIENTED_EDGE('',*,*,#2795,.F.);
#3845=ORIENTED_EDGE('',*,*,#2792,.F.);
#3846=ORIENTED_EDGE('',*,*,#2537,.T.);
#3847=ORIENTED_EDGE('',*,*,#2619,.F.);
#3848=ORIENTED_EDGE('',*,*,#2776,.F.);
#3849=ORIENTED_EDGE('',*,*,#2539,.F.);
#3850=ORIENTED_EDGE('',*,*,#2538,.F.);
#3851=ORIENTED_EDGE('',*,*,#2791,.F.);
#3852=ORIENTED_EDGE('',*,*,#2814,.T.);
#3853=ORIENTED_EDGE('',*,*,#2544,.T.);
#3854=ORIENTED_EDGE('',*,*,#2815,.T.);
#3855=ORIENTED_EDGE('',*,*,#2816,.T.);
#3856=ORIENTED_EDGE('',*,*,#2817,.T.);
#3857=ORIENTED_EDGE('',*,*,#2818,.T.);
#3858=ORIENTED_EDGE('',*,*,#2819,.T.);
#3859=ORIENTED_EDGE('',*,*,#2816,.F.);
#3860=ORIENTED_EDGE('',*,*,#2820,.T.);
#3861=ORIENTED_EDGE('',*,*,#2818,.F.);
#3862=ORIENTED_EDGE('',*,*,#2821,.T.);
#3863=ORIENTED_EDGE('',*,*,#2822,.T.);
#3864=ORIENTED_EDGE('',*,*,#2823,.T.);
#3865=ORIENTED_EDGE('',*,*,#2824,.T.);
#3866=ORIENTED_EDGE('',*,*,#2825,.T.);
#3867=ORIENTED_EDGE('',*,*,#2822,.F.);
#3868=ORIENTED_EDGE('',*,*,#2826,.T.);
#3869=ORIENTED_EDGE('',*,*,#2827,.T.);
#3870=ORIENTED_EDGE('',*,*,#2828,.T.);
#3871=ORIENTED_EDGE('',*,*,#2824,.F.);
#3872=ORIENTED_EDGE('',*,*,#2829,.T.);
#3873=ORIENTED_EDGE('',*,*,#2827,.F.);
#3874=ORIENTED_EDGE('',*,*,#2830,.T.);
#3875=ORIENTED_EDGE('',*,*,#2831,.T.);
#3876=ORIENTED_EDGE('',*,*,#2830,.F.);
#3877=ORIENTED_EDGE('',*,*,#2832,.T.);
#3878=ORIENTED_EDGE('',*,*,#2833,.F.);
#3879=ORIENTED_EDGE('',*,*,#2547,.T.);
#3880=ORIENTED_EDGE('',*,*,#2829,.F.);
#3881=ORIENTED_EDGE('',*,*,#2826,.F.);
#3882=ORIENTED_EDGE('',*,*,#2834,.F.);
#3883=ORIENTED_EDGE('',*,*,#2835,.F.);
#3884=ORIENTED_EDGE('',*,*,#2836,.F.);
#3885=ORIENTED_EDGE('',*,*,#2832,.F.);
#3886=ORIENTED_EDGE('',*,*,#2821,.F.);
#3887=ORIENTED_EDGE('',*,*,#2837,.T.);
#3888=ORIENTED_EDGE('',*,*,#2838,.F.);
#3889=ORIENTED_EDGE('',*,*,#2834,.T.);
#3890=ORIENTED_EDGE('',*,*,#2820,.F.);
#3891=ORIENTED_EDGE('',*,*,#2815,.F.);
#3892=ORIENTED_EDGE('',*,*,#2543,.F.);
#3893=ORIENTED_EDGE('',*,*,#2839,.F.);
#3894=ORIENTED_EDGE('',*,*,#2840,.F.);
#3895=ORIENTED_EDGE('',*,*,#2837,.F.);
#3896=ORIENTED_EDGE('',*,*,#2542,.T.);
#3897=ORIENTED_EDGE('',*,*,#2841,.T.);
#3898=ORIENTED_EDGE('',*,*,#2842,.T.);
#3899=ORIENTED_EDGE('',*,*,#2839,.T.);
#3900=ORIENTED_EDGE('',*,*,#2842,.F.);
#3901=ORIENTED_EDGE('',*,*,#2843,.T.);
#3902=ORIENTED_EDGE('',*,*,#2844,.T.);
#3903=ORIENTED_EDGE('',*,*,#2840,.T.);
#3904=ORIENTED_EDGE('',*,*,#2845,.T.);
#3905=ORIENTED_EDGE('',*,*,#2838,.T.);
#3906=ORIENTED_EDGE('',*,*,#2844,.F.);
#3907=ORIENTED_EDGE('',*,*,#2846,.T.);
#3908=ORIENTED_EDGE('',*,*,#2845,.F.);
#3909=ORIENTED_EDGE('',*,*,#2847,.T.);
#3910=ORIENTED_EDGE('',*,*,#2848,.T.);
#3911=ORIENTED_EDGE('',*,*,#2835,.T.);
#3912=ORIENTED_EDGE('',*,*,#2848,.F.);
#3913=ORIENTED_EDGE('',*,*,#2849,.T.);
#3914=ORIENTED_EDGE('',*,*,#2850,.T.);
#3915=ORIENTED_EDGE('',*,*,#2836,.T.);
#3916=ORIENTED_EDGE('',*,*,#2851,.T.);
#3917=ORIENTED_EDGE('',*,*,#2833,.T.);
#3918=ORIENTED_EDGE('',*,*,#2850,.F.);
#3919=ORIENTED_EDGE('',*,*,#2847,.F.);
#3920=ORIENTED_EDGE('',*,*,#2846,.F.);
#3921=ORIENTED_EDGE('',*,*,#2843,.F.);
#3922=ORIENTED_EDGE('',*,*,#2852,.T.);
#3923=ORIENTED_EDGE('',*,*,#2851,.F.);
#3924=ORIENTED_EDGE('',*,*,#2849,.F.);
#3925=ORIENTED_EDGE('',*,*,#2852,.F.);
#3926=ORIENTED_EDGE('',*,*,#2841,.F.);
#3927=ORIENTED_EDGE('',*,*,#2541,.T.);
#3928=ORIENTED_EDGE('',*,*,#2540,.T.);
#3929=ORIENTED_EDGE('',*,*,#2730,.F.);
#3930=ORIENTED_EDGE('',*,*,#2853,.T.);
#3931=ORIENTED_EDGE('',*,*,#2742,.T.);
#3932=ORIENTED_EDGE('',*,*,#2726,.F.);
#3933=ORIENTED_EDGE('',*,*,#2854,.T.);
#3934=ORIENTED_EDGE('',*,*,#2740,.T.);
#3935=ORIENTED_EDGE('',*,*,#2744,.F.);
#3936=ORIENTED_EDGE('',*,*,#2855,.T.);
#3937=ORIENTED_EDGE('',*,*,#2737,.T.);
#3938=ORIENTED_EDGE('',*,*,#2741,.T.);
#3939=ORIENTED_EDGE('',*,*,#2854,.F.);
#3940=ORIENTED_EDGE('',*,*,#2856,.T.);
#3941=ORIENTED_EDGE('',*,*,#2583,.F.);
#3942=ORIENTED_EDGE('',*,*,#2521,.T.);
#3943=ORIENTED_EDGE('',*,*,#2735,.F.);
#3944=ORIENTED_EDGE('',*,*,#2857,.F.);
#3945=ORIENTED_EDGE('',*,*,#2580,.F.);
#3946=ORIENTED_EDGE('',*,*,#2857,.T.);
#3947=ORIENTED_EDGE('',*,*,#2738,.F.);
#3948=ORIENTED_EDGE('',*,*,#2858,.F.);
#3949=ORIENTED_EDGE('',*,*,#2577,.F.);
#3950=ORIENTED_EDGE('',*,*,#2858,.T.);
#3951=ORIENTED_EDGE('',*,*,#2856,.F.);
#3952=ORIENTED_EDGE('',*,*,#2859,.F.);
#3953=ORIENTED_EDGE('',*,*,#2574,.F.);
#3954=ORIENTED_EDGE('',*,*,#2859,.T.);
#3955=ORIENTED_EDGE('',*,*,#2855,.F.);
#3956=ORIENTED_EDGE('',*,*,#2860,.F.);
#3957=ORIENTED_EDGE('',*,*,#2571,.F.);
#3958=ORIENTED_EDGE('',*,*,#2860,.T.);
#3959=ORIENTED_EDGE('',*,*,#2743,.F.);
#3960=ORIENTED_EDGE('',*,*,#2861,.F.);
#3961=ORIENTED_EDGE('',*,*,#2568,.F.);
#3962=ORIENTED_EDGE('',*,*,#2861,.T.);
#3963=ORIENTED_EDGE('',*,*,#2853,.F.);
#3964=ORIENTED_EDGE('',*,*,#2732,.F.);
#3965=ORIENTED_EDGE('',*,*,#2862,.F.);
#3966=ORIENTED_EDGE('',*,*,#2613,.F.);
#3967=ORIENTED_EDGE('',*,*,#2863,.F.);
#3968=ORIENTED_EDGE('',*,*,#2800,.F.);
#3969=ORIENTED_EDGE('',*,*,#2864,.T.);
#3970=ORIENTED_EDGE('',*,*,#2616,.F.);
#3971=ORIENTED_EDGE('',*,*,#2814,.F.);
#3972=ORIENTED_EDGE('',*,*,#2794,.F.);
#3973=ORIENTED_EDGE('',*,*,#2797,.F.);
#3974=ORIENTED_EDGE('',*,*,#2863,.T.);
#3975=ORIENTED_EDGE('',*,*,#2825,.F.);
#3976=ORIENTED_EDGE('',*,*,#2865,.F.);
#3977=ORIENTED_EDGE('',*,*,#2819,.F.);
#3978=ORIENTED_EDGE('',*,*,#2823,.F.);
#3979=ORIENTED_EDGE('',*,*,#2610,.F.);
#3980=ORIENTED_EDGE('',*,*,#2864,.F.);
#3981=ORIENTED_EDGE('',*,*,#2803,.F.);
#3982=ORIENTED_EDGE('',*,*,#2866,.T.);
#3983=ORIENTED_EDGE('',*,*,#2607,.F.);
#3984=ORIENTED_EDGE('',*,*,#2866,.F.);
#3985=ORIENTED_EDGE('',*,*,#2806,.F.);
#3986=ORIENTED_EDGE('',*,*,#2810,.F.);
#3987=ORIENTED_EDGE('',*,*,#2867,.T.);
#3988=ORIENTED_EDGE('',*,*,#2604,.F.);
#3989=ORIENTED_EDGE('',*,*,#2867,.F.);
#3990=ORIENTED_EDGE('',*,*,#2812,.F.);
#3991=ORIENTED_EDGE('',*,*,#2536,.T.);
#3992=ORIENTED_EDGE('',*,*,#2535,.T.);
#3993=ORIENTED_EDGE('',*,*,#2531,.T.);
#3994=ORIENTED_EDGE('',*,*,#2831,.F.);
#3995=ORIENTED_EDGE('',*,*,#2546,.F.);
#3996=ORIENTED_EDGE('',*,*,#2545,.F.);
#3997=ORIENTED_EDGE('',*,*,#2817,.F.);
#3998=ORIENTED_EDGE('',*,*,#2865,.T.);
#3999=ORIENTED_EDGE('',*,*,#2828,.F.);
#4000=ORIENTED_EDGE('',*,*,#2565,.F.);
#4001=ORIENTED_EDGE('',*,*,#2862,.T.);
#4002=ORIENTED_EDGE('',*,*,#2868,.F.);
#4003=ORIENTED_EDGE('',*,*,#2534,.T.);
#4004=ORIENTED_EDGE('',*,*,#2869,.T.);
#4005=ORIENTED_EDGE('',*,*,#2870,.T.);
#4006=ORIENTED_EDGE('',*,*,#2869,.F.);
#4007=ORIENTED_EDGE('',*,*,#2533,.T.);
#4008=ORIENTED_EDGE('',*,*,#2870,.F.);
#4009=ORIENTED_EDGE('',*,*,#2871,.F.);
#4010=ORIENTED_EDGE('',*,*,#2872,.F.);
#4011=ORIENTED_EDGE('',*,*,#2873,.F.);
#4012=ORIENTED_EDGE('',*,*,#2874,.F.);
#4013=ORIENTED_EDGE('',*,*,#2875,.F.);
#4014=ORIENTED_EDGE('',*,*,#2876,.F.);
#4015=ORIENTED_EDGE('',*,*,#2877,.F.);
#4016=ORIENTED_EDGE('',*,*,#2878,.F.);
#4017=ORIENTED_EDGE('',*,*,#2879,.F.);
#4018=ORIENTED_EDGE('',*,*,#2880,.F.);
#4019=ORIENTED_EDGE('',*,*,#2881,.T.);
#4020=ORIENTED_EDGE('',*,*,#2882,.T.);
#4021=ORIENTED_EDGE('',*,*,#2883,.T.);
#4022=ORIENTED_EDGE('',*,*,#2884,.T.);
#4023=ORIENTED_EDGE('',*,*,#2885,.T.);
#4024=ORIENTED_EDGE('',*,*,#2886,.T.);
#4025=ORIENTED_EDGE('',*,*,#2883,.F.);
#4026=ORIENTED_EDGE('',*,*,#2887,.T.);
#4027=ORIENTED_EDGE('',*,*,#2888,.T.);
#4028=ORIENTED_EDGE('',*,*,#2889,.T.);
#4029=ORIENTED_EDGE('',*,*,#2885,.F.);
#4030=ORIENTED_EDGE('',*,*,#2890,.T.);
#4031=ORIENTED_EDGE('',*,*,#2881,.F.);
#4032=ORIENTED_EDGE('',*,*,#2891,.T.);
#4033=ORIENTED_EDGE('',*,*,#2888,.F.);
#4034=ORIENTED_EDGE('',*,*,#2892,.T.);
#4035=ORIENTED_EDGE('',*,*,#2887,.F.);
#4036=ORIENTED_EDGE('',*,*,#2893,.T.);
#4037=ORIENTED_EDGE('',*,*,#2894,.F.);
#4038=ORIENTED_EDGE('',*,*,#2895,.F.);
#4039=ORIENTED_EDGE('',*,*,#2882,.F.);
#4040=ORIENTED_EDGE('',*,*,#2896,.T.);
#4041=ORIENTED_EDGE('',*,*,#2897,.F.);
#4042=ORIENTED_EDGE('',*,*,#2893,.F.);
#4043=ORIENTED_EDGE('',*,*,#2898,.F.);
#4044=ORIENTED_EDGE('',*,*,#2899,.F.);
#4045=ORIENTED_EDGE('',*,*,#2900,.F.);
#4046=ORIENTED_EDGE('',*,*,#2901,.F.);
#4047=ORIENTED_EDGE('',*,*,#2902,.F.);
#4048=ORIENTED_EDGE('',*,*,#2903,.F.);
#4049=ORIENTED_EDGE('',*,*,#2904,.F.);
#4050=ORIENTED_EDGE('',*,*,#2905,.F.);
#4051=ORIENTED_EDGE('',*,*,#2906,.F.);
#4052=ORIENTED_EDGE('',*,*,#2907,.F.);
#4053=ORIENTED_EDGE('',*,*,#2908,.F.);
#4054=ORIENTED_EDGE('',*,*,#2909,.F.);
#4055=ORIENTED_EDGE('',*,*,#2910,.F.);
#4056=ORIENTED_EDGE('',*,*,#2911,.F.);
#4057=ORIENTED_EDGE('',*,*,#2912,.F.);
#4058=ORIENTED_EDGE('',*,*,#2913,.F.);
#4059=ORIENTED_EDGE('',*,*,#2914,.F.);
#4060=ORIENTED_EDGE('',*,*,#2884,.F.);
#4061=ORIENTED_EDGE('',*,*,#2886,.F.);
#4062=ORIENTED_EDGE('',*,*,#2889,.F.);
#4063=ORIENTED_EDGE('',*,*,#2891,.F.);
#4064=ORIENTED_EDGE('',*,*,#2915,.T.);
#4065=ORIENTED_EDGE('',*,*,#2916,.T.);
#4066=ORIENTED_EDGE('',*,*,#2917,.T.);
#4067=ORIENTED_EDGE('',*,*,#2918,.T.);
#4068=ORIENTED_EDGE('',*,*,#2919,.T.);
#4069=ORIENTED_EDGE('',*,*,#2920,.T.);
#4070=ORIENTED_EDGE('',*,*,#2917,.F.);
#4071=ORIENTED_EDGE('',*,*,#2894,.T.);
#4072=ORIENTED_EDGE('',*,*,#2921,.T.);
#4073=ORIENTED_EDGE('',*,*,#2922,.T.);
#4074=ORIENTED_EDGE('',*,*,#2919,.F.);
#4075=ORIENTED_EDGE('',*,*,#2897,.T.);
#4076=ORIENTED_EDGE('',*,*,#2915,.F.);
#4077=ORIENTED_EDGE('',*,*,#2923,.T.);
#4078=ORIENTED_EDGE('',*,*,#2921,.F.);
#4079=ORIENTED_EDGE('',*,*,#2924,.T.);
#4080=ORIENTED_EDGE('',*,*,#2890,.F.);
#4081=ORIENTED_EDGE('',*,*,#2895,.T.);
#4082=ORIENTED_EDGE('',*,*,#2916,.F.);
#4083=ORIENTED_EDGE('',*,*,#2925,.F.);
#4084=ORIENTED_EDGE('',*,*,#2926,.F.);
#4085=ORIENTED_EDGE('',*,*,#2927,.F.);
#4086=ORIENTED_EDGE('',*,*,#2928,.F.);
#4087=ORIENTED_EDGE('',*,*,#2929,.F.);
#4088=ORIENTED_EDGE('',*,*,#2930,.F.);
#4089=ORIENTED_EDGE('',*,*,#2931,.F.);
#4090=ORIENTED_EDGE('',*,*,#2932,.F.);
#4091=ORIENTED_EDGE('',*,*,#2933,.F.);
#4092=ORIENTED_EDGE('',*,*,#2934,.F.);
#4093=ORIENTED_EDGE('',*,*,#2935,.T.);
#4094=ORIENTED_EDGE('',*,*,#2936,.F.);
#4095=ORIENTED_EDGE('',*,*,#2658,.F.);
#4096=ORIENTED_EDGE('',*,*,#2937,.F.);
#4097=ORIENTED_EDGE('',*,*,#2938,.F.);
#4098=ORIENTED_EDGE('',*,*,#2939,.F.);
#4099=ORIENTED_EDGE('',*,*,#2940,.F.);
#4100=ORIENTED_EDGE('',*,*,#2941,.F.);
#4101=ORIENTED_EDGE('',*,*,#2942,.F.);
#4102=ORIENTED_EDGE('',*,*,#2943,.F.);
#4103=ORIENTED_EDGE('',*,*,#2944,.F.);
#4104=ORIENTED_EDGE('',*,*,#2945,.F.);
#4105=ORIENTED_EDGE('',*,*,#2918,.F.);
#4106=ORIENTED_EDGE('',*,*,#2920,.F.);
#4107=ORIENTED_EDGE('',*,*,#2922,.F.);
#4108=ORIENTED_EDGE('',*,*,#2923,.F.);
#4109=ORIENTED_EDGE('',*,*,#2946,.T.);
#4110=ORIENTED_EDGE('',*,*,#2947,.T.);
#4111=ORIENTED_EDGE('',*,*,#2948,.T.);
#4112=ORIENTED_EDGE('',*,*,#2899,.T.);
#4113=ORIENTED_EDGE('',*,*,#2949,.T.);
#4114=ORIENTED_EDGE('',*,*,#2900,.T.);
#4115=ORIENTED_EDGE('',*,*,#2948,.F.);
#4116=ORIENTED_EDGE('',*,*,#2950,.T.);
#4117=ORIENTED_EDGE('',*,*,#2951,.T.);
#4118=ORIENTED_EDGE('',*,*,#2901,.T.);
#4119=ORIENTED_EDGE('',*,*,#2949,.F.);
#4120=ORIENTED_EDGE('',*,*,#2952,.T.);
#4121=ORIENTED_EDGE('',*,*,#2946,.F.);
#4122=ORIENTED_EDGE('',*,*,#2902,.T.);
#4123=ORIENTED_EDGE('',*,*,#2951,.F.);
#4124=ORIENTED_EDGE('',*,*,#2953,.T.);
#4125=ORIENTED_EDGE('',*,*,#2950,.F.);
#4126=ORIENTED_EDGE('',*,*,#2954,.T.);
#4127=ORIENTED_EDGE('',*,*,#2955,.F.);
#4128=ORIENTED_EDGE('',*,*,#2956,.F.);
#4129=ORIENTED_EDGE('',*,*,#2947,.F.);
#4130=ORIENTED_EDGE('',*,*,#2957,.T.);
#4131=ORIENTED_EDGE('',*,*,#2958,.F.);
#4132=ORIENTED_EDGE('',*,*,#2954,.F.);
#4133=ORIENTED_EDGE('',*,*,#2959,.T.);
#4134=ORIENTED_EDGE('',*,*,#2958,.T.);
#4135=ORIENTED_EDGE('',*,*,#2960,.T.);
#4136=ORIENTED_EDGE('',*,*,#2927,.T.);
#4137=ORIENTED_EDGE('',*,*,#2961,.T.);
#4138=ORIENTED_EDGE('',*,*,#2928,.T.);
#4139=ORIENTED_EDGE('',*,*,#2960,.F.);
#4140=ORIENTED_EDGE('',*,*,#2962,.T.);
#4141=ORIENTED_EDGE('',*,*,#2963,.T.);
#4142=ORIENTED_EDGE('',*,*,#2929,.T.);
#4143=ORIENTED_EDGE('',*,*,#2961,.F.);
#4144=ORIENTED_EDGE('',*,*,#2964,.T.);
#4145=ORIENTED_EDGE('',*,*,#2959,.F.);
#4146=ORIENTED_EDGE('',*,*,#2930,.T.);
#4147=ORIENTED_EDGE('',*,*,#2963,.F.);
#4148=ORIENTED_EDGE('',*,*,#2955,.T.);
#4149=ORIENTED_EDGE('',*,*,#2953,.F.);
#4150=ORIENTED_EDGE('',*,*,#2965,.T.);
#4151=ORIENTED_EDGE('',*,*,#2962,.F.);
#4152=ORIENTED_EDGE('',*,*,#2957,.F.);
#4153=ORIENTED_EDGE('',*,*,#2966,.T.);
#4154=ORIENTED_EDGE('',*,*,#2967,.T.);
#4155=ORIENTED_EDGE('',*,*,#2968,.T.);
#4156=ORIENTED_EDGE('',*,*,#2911,.T.);
#4157=ORIENTED_EDGE('',*,*,#2969,.T.);
#4158=ORIENTED_EDGE('',*,*,#2912,.T.);
#4159=ORIENTED_EDGE('',*,*,#2968,.F.);
#4160=ORIENTED_EDGE('',*,*,#2970,.T.);
#4161=ORIENTED_EDGE('',*,*,#2971,.T.);
#4162=ORIENTED_EDGE('',*,*,#2913,.T.);
#4163=ORIENTED_EDGE('',*,*,#2969,.F.);
#4164=ORIENTED_EDGE('',*,*,#2972,.T.);
#4165=ORIENTED_EDGE('',*,*,#2966,.F.);
#4166=ORIENTED_EDGE('',*,*,#2914,.T.);
#4167=ORIENTED_EDGE('',*,*,#2971,.F.);
#4168=ORIENTED_EDGE('',*,*,#2973,.T.);
#4169=ORIENTED_EDGE('',*,*,#2970,.F.);
#4170=ORIENTED_EDGE('',*,*,#2974,.T.);
#4171=ORIENTED_EDGE('',*,*,#2975,.F.);
#4172=ORIENTED_EDGE('',*,*,#2976,.F.);
#4173=ORIENTED_EDGE('',*,*,#2967,.F.);
#4174=ORIENTED_EDGE('',*,*,#2977,.T.);
#4175=ORIENTED_EDGE('',*,*,#2978,.F.);
#4176=ORIENTED_EDGE('',*,*,#2974,.F.);
#4177=ORIENTED_EDGE('',*,*,#2979,.T.);
#4178=ORIENTED_EDGE('',*,*,#2980,.T.);
#4179=ORIENTED_EDGE('',*,*,#2981,.T.);
#4180=ORIENTED_EDGE('',*,*,#2942,.T.);
#4181=ORIENTED_EDGE('',*,*,#2982,.T.);
#4182=ORIENTED_EDGE('',*,*,#2943,.T.);
#4183=ORIENTED_EDGE('',*,*,#2981,.F.);
#4184=ORIENTED_EDGE('',*,*,#2983,.T.);
#4185=ORIENTED_EDGE('',*,*,#2984,.T.);
#4186=ORIENTED_EDGE('',*,*,#2944,.T.);
#4187=ORIENTED_EDGE('',*,*,#2982,.F.);
#4188=ORIENTED_EDGE('',*,*,#2975,.T.);
#4189=ORIENTED_EDGE('',*,*,#2979,.F.);
#4190=ORIENTED_EDGE('',*,*,#2945,.T.);
#4191=ORIENTED_EDGE('',*,*,#2984,.F.);
#4192=ORIENTED_EDGE('',*,*,#2978,.T.);
#4193=ORIENTED_EDGE('',*,*,#2972,.F.);
#4194=ORIENTED_EDGE('',*,*,#2976,.T.);
#4195=ORIENTED_EDGE('',*,*,#2983,.F.);
#4196=ORIENTED_EDGE('',*,*,#2985,.F.);
#4197=ORIENTED_EDGE('',*,*,#2973,.F.);
#4198=ORIENTED_EDGE('',*,*,#2985,.T.);
#4199=ORIENTED_EDGE('',*,*,#2980,.F.);
#4200=ORIENTED_EDGE('',*,*,#2977,.F.);
#4201=ORIENTED_EDGE('',*,*,#2986,.T.);
#4202=ORIENTED_EDGE('',*,*,#2987,.T.);
#4203=ORIENTED_EDGE('',*,*,#2988,.T.);
#4204=ORIENTED_EDGE('',*,*,#2931,.T.);
#4205=ORIENTED_EDGE('',*,*,#2989,.T.);
#4206=ORIENTED_EDGE('',*,*,#2932,.T.);
#4207=ORIENTED_EDGE('',*,*,#2988,.F.);
#4208=ORIENTED_EDGE('',*,*,#2990,.T.);
#4209=ORIENTED_EDGE('',*,*,#2991,.T.);
#4210=ORIENTED_EDGE('',*,*,#2933,.T.);
#4211=ORIENTED_EDGE('',*,*,#2989,.F.);
#4212=ORIENTED_EDGE('',*,*,#2992,.T.);
#4213=ORIENTED_EDGE('',*,*,#2986,.F.);
#4214=ORIENTED_EDGE('',*,*,#2934,.T.);
#4215=ORIENTED_EDGE('',*,*,#2991,.F.);
#4216=ORIENTED_EDGE('',*,*,#2993,.T.);
#4217=ORIENTED_EDGE('',*,*,#2990,.F.);
#4218=ORIENTED_EDGE('',*,*,#2994,.F.);
#4219=ORIENTED_EDGE('',*,*,#2995,.F.);
#4220=ORIENTED_EDGE('',*,*,#2996,.T.);
#4221=ORIENTED_EDGE('',*,*,#2987,.F.);
#4222=ORIENTED_EDGE('',*,*,#2997,.F.);
#4223=ORIENTED_EDGE('',*,*,#2998,.F.);
#4224=ORIENTED_EDGE('',*,*,#2994,.T.);
#4225=ORIENTED_EDGE('',*,*,#2999,.T.);
#4226=ORIENTED_EDGE('',*,*,#3000,.T.);
#4227=ORIENTED_EDGE('',*,*,#3001,.T.);
#4228=ORIENTED_EDGE('',*,*,#2903,.T.);
#4229=ORIENTED_EDGE('',*,*,#3002,.T.);
#4230=ORIENTED_EDGE('',*,*,#2904,.T.);
#4231=ORIENTED_EDGE('',*,*,#3001,.F.);
#4232=ORIENTED_EDGE('',*,*,#2995,.T.);
#4233=ORIENTED_EDGE('',*,*,#3003,.T.);
#4234=ORIENTED_EDGE('',*,*,#2905,.T.);
#4235=ORIENTED_EDGE('',*,*,#3002,.F.);
#4236=ORIENTED_EDGE('',*,*,#2998,.T.);
#4237=ORIENTED_EDGE('',*,*,#2999,.F.);
#4238=ORIENTED_EDGE('',*,*,#2906,.T.);
#4239=ORIENTED_EDGE('',*,*,#3003,.F.);
#4240=ORIENTED_EDGE('',*,*,#3004,.T.);
#4241=ORIENTED_EDGE('',*,*,#2992,.F.);
#4242=ORIENTED_EDGE('',*,*,#2996,.F.);
#4243=ORIENTED_EDGE('',*,*,#3000,.F.);
#4244=ORIENTED_EDGE('',*,*,#3005,.T.);
#4245=ORIENTED_EDGE('',*,*,#2892,.F.);
#4246=ORIENTED_EDGE('',*,*,#2925,.T.);
#4247=ORIENTED_EDGE('',*,*,#2924,.F.);
#4248=ORIENTED_EDGE('',*,*,#2896,.F.);
#4249=ORIENTED_EDGE('',*,*,#2993,.F.);
#4250=ORIENTED_EDGE('',*,*,#3005,.F.);
#4251=ORIENTED_EDGE('',*,*,#3004,.F.);
#4252=ORIENTED_EDGE('',*,*,#2997,.T.);
#4253=ORIENTED_EDGE('',*,*,#2952,.F.);
#4254=ORIENTED_EDGE('',*,*,#2956,.T.);
#4255=ORIENTED_EDGE('',*,*,#2964,.F.);
#4256=ORIENTED_EDGE('',*,*,#2965,.F.);
#4257=ORIENTED_EDGE('',*,*,#3006,.T.);
#4258=ORIENTED_EDGE('',*,*,#3007,.T.);
#4259=ORIENTED_EDGE('',*,*,#2774,.F.);
#4260=ORIENTED_EDGE('',*,*,#3008,.T.);
#4261=ORIENTED_EDGE('',*,*,#3006,.F.);
#4262=ORIENTED_EDGE('',*,*,#3009,.T.);
#4263=ORIENTED_EDGE('',*,*,#3010,.T.);
#4264=ORIENTED_EDGE('',*,*,#3011,.T.);
#4265=ORIENTED_EDGE('',*,*,#3010,.F.);
#4266=ORIENTED_EDGE('',*,*,#3012,.T.);
#4267=ORIENTED_EDGE('',*,*,#3013,.T.);
#4268=ORIENTED_EDGE('',*,*,#3014,.T.);
#4269=ORIENTED_EDGE('',*,*,#3013,.F.);
#4270=ORIENTED_EDGE('',*,*,#3015,.T.);
#4271=ORIENTED_EDGE('',*,*,#3016,.T.);
#4272=ORIENTED_EDGE('',*,*,#3017,.T.);
#4273=ORIENTED_EDGE('',*,*,#3016,.F.);
#4274=ORIENTED_EDGE('',*,*,#3018,.T.);
#4275=ORIENTED_EDGE('',*,*,#3019,.T.);
#4276=ORIENTED_EDGE('',*,*,#3020,.T.);
#4277=ORIENTED_EDGE('',*,*,#3019,.F.);
#4278=ORIENTED_EDGE('',*,*,#3021,.T.);
#4279=ORIENTED_EDGE('',*,*,#3022,.T.);
#4280=ORIENTED_EDGE('',*,*,#3023,.T.);
#4281=ORIENTED_EDGE('',*,*,#2770,.F.);
#4282=ORIENTED_EDGE('',*,*,#3024,.T.);
#4283=ORIENTED_EDGE('',*,*,#3022,.F.);
#4284=ORIENTED_EDGE('',*,*,#3025,.T.);
#4285=ORIENTED_EDGE('',*,*,#2769,.F.);
#4286=ORIENTED_EDGE('',*,*,#3025,.F.);
#4287=ORIENTED_EDGE('',*,*,#3026,.T.);
#4288=ORIENTED_EDGE('',*,*,#3027,.F.);
#4289=ORIENTED_EDGE('',*,*,#2766,.F.);
#4290=ORIENTED_EDGE('',*,*,#3021,.F.);
#4291=ORIENTED_EDGE('',*,*,#3018,.F.);
#4292=ORIENTED_EDGE('',*,*,#3028,.T.);
#4293=ORIENTED_EDGE('',*,*,#2788,.F.);
#4294=ORIENTED_EDGE('',*,*,#3026,.F.);
#4295=ORIENTED_EDGE('',*,*,#3015,.F.);
#4296=ORIENTED_EDGE('',*,*,#3029,.T.);
#4297=ORIENTED_EDGE('',*,*,#3030,.F.);
#4298=ORIENTED_EDGE('',*,*,#3028,.F.);
#4299=ORIENTED_EDGE('',*,*,#3012,.F.);
#4300=ORIENTED_EDGE('',*,*,#3031,.T.);
#4301=ORIENTED_EDGE('',*,*,#3032,.F.);
#4302=ORIENTED_EDGE('',*,*,#3029,.F.);
#4303=ORIENTED_EDGE('',*,*,#3009,.F.);
#4304=ORIENTED_EDGE('',*,*,#3008,.F.);
#4305=ORIENTED_EDGE('',*,*,#2779,.T.);
#4306=ORIENTED_EDGE('',*,*,#2783,.F.);
#4307=ORIENTED_EDGE('',*,*,#3031,.F.);
#4308=ORIENTED_EDGE('',*,*,#2556,.T.);
#4309=ORIENTED_EDGE('',*,*,#3033,.T.);
#4310=ORIENTED_EDGE('',*,*,#3034,.T.);
#4311=ORIENTED_EDGE('',*,*,#3035,.T.);
#4312=ORIENTED_EDGE('',*,*,#3036,.T.);
#4313=ORIENTED_EDGE('',*,*,#3037,.T.);
#4314=ORIENTED_EDGE('',*,*,#3034,.F.);
#4315=ORIENTED_EDGE('',*,*,#3038,.T.);
#4316=ORIENTED_EDGE('',*,*,#3036,.F.);
#4317=ORIENTED_EDGE('',*,*,#3039,.T.);
#4318=ORIENTED_EDGE('',*,*,#3040,.T.);
#4319=ORIENTED_EDGE('',*,*,#3041,.T.);
#4320=ORIENTED_EDGE('',*,*,#3042,.T.);
#4321=ORIENTED_EDGE('',*,*,#3043,.T.);
#4322=ORIENTED_EDGE('',*,*,#3040,.F.);
#4323=ORIENTED_EDGE('',*,*,#3044,.T.);
#4324=ORIENTED_EDGE('',*,*,#3045,.T.);
#4325=ORIENTED_EDGE('',*,*,#3046,.T.);
#4326=ORIENTED_EDGE('',*,*,#3042,.F.);
#4327=ORIENTED_EDGE('',*,*,#3047,.T.);
#4328=ORIENTED_EDGE('',*,*,#2549,.T.);
#4329=ORIENTED_EDGE('',*,*,#3048,.T.);
#4330=ORIENTED_EDGE('',*,*,#3045,.F.);
#4331=ORIENTED_EDGE('',*,*,#3049,.T.);
#4332=ORIENTED_EDGE('',*,*,#3049,.F.);
#4333=ORIENTED_EDGE('',*,*,#3050,.T.);
#4334=ORIENTED_EDGE('',*,*,#3051,.F.);
#4335=ORIENTED_EDGE('',*,*,#2550,.T.);
#4336=ORIENTED_EDGE('',*,*,#3047,.F.);
#4337=ORIENTED_EDGE('',*,*,#3044,.F.);
#4338=ORIENTED_EDGE('',*,*,#3052,.F.);
#4339=ORIENTED_EDGE('',*,*,#3053,.F.);
#4340=ORIENTED_EDGE('',*,*,#3054,.F.);
#4341=ORIENTED_EDGE('',*,*,#3050,.F.);
#4342=ORIENTED_EDGE('',*,*,#3039,.F.);
#4343=ORIENTED_EDGE('',*,*,#3055,.T.);
#4344=ORIENTED_EDGE('',*,*,#3056,.F.);
#4345=ORIENTED_EDGE('',*,*,#3052,.T.);
#4346=ORIENTED_EDGE('',*,*,#3038,.F.);
#4347=ORIENTED_EDGE('',*,*,#3033,.F.);
#4348=ORIENTED_EDGE('',*,*,#2555,.F.);
#4349=ORIENTED_EDGE('',*,*,#3057,.F.);
#4350=ORIENTED_EDGE('',*,*,#3058,.F.);
#4351=ORIENTED_EDGE('',*,*,#3055,.F.);
#4352=ORIENTED_EDGE('',*,*,#2554,.F.);
#4353=ORIENTED_EDGE('',*,*,#3059,.T.);
#4354=ORIENTED_EDGE('',*,*,#3060,.T.);
#4355=ORIENTED_EDGE('',*,*,#3057,.T.);
#4356=ORIENTED_EDGE('',*,*,#3060,.F.);
#4357=ORIENTED_EDGE('',*,*,#3061,.T.);
#4358=ORIENTED_EDGE('',*,*,#3062,.T.);
#4359=ORIENTED_EDGE('',*,*,#3058,.T.);
#4360=ORIENTED_EDGE('',*,*,#3063,.T.);
#4361=ORIENTED_EDGE('',*,*,#3056,.T.);
#4362=ORIENTED_EDGE('',*,*,#3062,.F.);
#4363=ORIENTED_EDGE('',*,*,#3064,.T.);
#4364=ORIENTED_EDGE('',*,*,#3063,.F.);
#4365=ORIENTED_EDGE('',*,*,#3065,.T.);
#4366=ORIENTED_EDGE('',*,*,#3066,.T.);
#4367=ORIENTED_EDGE('',*,*,#3053,.T.);
#4368=ORIENTED_EDGE('',*,*,#3066,.F.);
#4369=ORIENTED_EDGE('',*,*,#3067,.T.);
#4370=ORIENTED_EDGE('',*,*,#3068,.T.);
#4371=ORIENTED_EDGE('',*,*,#3054,.T.);
#4372=ORIENTED_EDGE('',*,*,#2551,.T.);
#4373=ORIENTED_EDGE('',*,*,#3051,.T.);
#4374=ORIENTED_EDGE('',*,*,#3068,.F.);
#4375=ORIENTED_EDGE('',*,*,#3069,.T.);
#4376=ORIENTED_EDGE('',*,*,#3065,.F.);
#4377=ORIENTED_EDGE('',*,*,#3064,.F.);
#4378=ORIENTED_EDGE('',*,*,#3061,.F.);
#4379=ORIENTED_EDGE('',*,*,#3070,.T.);
#4380=ORIENTED_EDGE('',*,*,#3069,.F.);
#4381=ORIENTED_EDGE('',*,*,#3067,.F.);
#4382=ORIENTED_EDGE('',*,*,#3070,.F.);
#4383=ORIENTED_EDGE('',*,*,#3059,.F.);
#4384=ORIENTED_EDGE('',*,*,#2553,.F.);
#4385=ORIENTED_EDGE('',*,*,#2552,.F.);
#4386=ORIENTED_EDGE('',*,*,#2764,.F.);
#4387=ORIENTED_EDGE('',*,*,#3027,.T.);
#4388=ORIENTED_EDGE('',*,*,#2787,.T.);
#4389=ORIENTED_EDGE('',*,*,#2759,.F.);
#4390=ORIENTED_EDGE('',*,*,#3071,.T.);
#4391=ORIENTED_EDGE('',*,*,#2785,.T.);
#4392=ORIENTED_EDGE('',*,*,#2789,.F.);
#4393=ORIENTED_EDGE('',*,*,#3030,.T.);
#4394=ORIENTED_EDGE('',*,*,#2782,.T.);
#4395=ORIENTED_EDGE('',*,*,#2786,.T.);
#4396=ORIENTED_EDGE('',*,*,#3071,.F.);
#4397=ORIENTED_EDGE('',*,*,#3032,.T.);
#4398=ORIENTED_EDGE('',*,*,#2628,.F.);
#4399=ORIENTED_EDGE('',*,*,#2937,.T.);
#4400=ORIENTED_EDGE('',*,*,#2559,.F.);
#4401=ORIENTED_EDGE('',*,*,#2562,.F.);
#4402=ORIENTED_EDGE('',*,*,#2868,.T.);
#4403=ORIENTED_EDGE('',*,*,#2731,.F.);
#4404=ORIENTED_EDGE('',*,*,#2728,.F.);
#4405=ORIENTED_EDGE('',*,*,#2515,.T.);
#4406=ORIENTED_EDGE('',*,*,#2767,.F.);
#4407=ORIENTED_EDGE('',*,*,#2762,.F.);
#4408=ORIENTED_EDGE('',*,*,#2777,.T.);
#4409=ORIENTED_EDGE('',*,*,#2626,.F.);
#4410=ORIENTED_EDGE('',*,*,#3024,.F.);
#4411=ORIENTED_EDGE('',*,*,#2512,.T.);
#4412=ORIENTED_EDGE('',*,*,#2775,.F.);
#4413=ORIENTED_EDGE('',*,*,#3007,.F.);
#4414=ORIENTED_EDGE('',*,*,#3072,.T.);
#4415=ORIENTED_EDGE('',*,*,#3023,.F.);
#4416=ORIENTED_EDGE('',*,*,#3020,.F.);
#4417=ORIENTED_EDGE('',*,*,#3072,.F.);
#4418=ORIENTED_EDGE('',*,*,#3011,.F.);
#4419=ORIENTED_EDGE('',*,*,#3014,.F.);
#4420=ORIENTED_EDGE('',*,*,#3017,.F.);
#4421=ORIENTED_EDGE('',*,*,#3043,.F.);
#4422=ORIENTED_EDGE('',*,*,#3073,.F.);
#4423=ORIENTED_EDGE('',*,*,#3037,.F.);
#4424=ORIENTED_EDGE('',*,*,#3041,.F.);
#4425=ORIENTED_EDGE('',*,*,#3048,.F.);
#4426=ORIENTED_EDGE('',*,*,#2548,.F.);
#4427=ORIENTED_EDGE('',*,*,#2557,.F.);
#4428=ORIENTED_EDGE('',*,*,#3035,.F.);
#4429=ORIENTED_EDGE('',*,*,#3073,.T.);
#4430=ORIENTED_EDGE('',*,*,#3046,.F.);
#4431=ORIENTED_EDGE('',*,*,#2941,.T.);
#4432=ORIENTED_EDGE('',*,*,#3074,.T.);
#4433=ORIENTED_EDGE('',*,*,#3075,.T.);
#4434=ORIENTED_EDGE('',*,*,#3076,.T.);
#4435=ORIENTED_EDGE('',*,*,#3074,.F.);
#4436=ORIENTED_EDGE('',*,*,#3076,.F.);
#4437=ORIENTED_EDGE('',*,*,#3077,.T.);
#4438=ORIENTED_EDGE('',*,*,#3078,.F.);
#4439=ORIENTED_EDGE('',*,*,#3079,.F.);
#4440=ORIENTED_EDGE('',*,*,#3077,.F.);
#4441=ORIENTED_EDGE('',*,*,#3075,.F.);
#4442=ORIENTED_EDGE('',*,*,#2910,.T.);
#4443=ORIENTED_EDGE('',*,*,#3080,.T.);
#4444=ORIENTED_EDGE('',*,*,#3078,.T.);
#4445=ORIENTED_EDGE('',*,*,#3079,.T.);
#4446=ORIENTED_EDGE('',*,*,#3080,.F.);
#4447=ORIENTED_EDGE('',*,*,#2907,.T.);
#4448=ORIENTED_EDGE('',*,*,#3081,.T.);
#4449=ORIENTED_EDGE('',*,*,#3082,.T.);
#4450=ORIENTED_EDGE('',*,*,#3083,.T.);
#4451=ORIENTED_EDGE('',*,*,#3081,.F.);
#4452=ORIENTED_EDGE('',*,*,#3084,.F.);
#4453=ORIENTED_EDGE('',*,*,#3085,.T.);
#4454=ORIENTED_EDGE('',*,*,#3082,.F.);
#4455=ORIENTED_EDGE('',*,*,#3083,.F.);
#4456=ORIENTED_EDGE('',*,*,#3085,.F.);
#4457=ORIENTED_EDGE('',*,*,#3086,.F.);
#4458=ORIENTED_EDGE('',*,*,#2938,.T.);
#4459=ORIENTED_EDGE('',*,*,#3087,.T.);
#4460=ORIENTED_EDGE('',*,*,#3086,.T.);
#4461=ORIENTED_EDGE('',*,*,#3084,.T.);
#4462=ORIENTED_EDGE('',*,*,#3087,.F.);
#4463=ORIENTED_EDGE('',*,*,#2909,.T.);
#4464=ORIENTED_EDGE('',*,*,#3088,.T.);
#4465=ORIENTED_EDGE('',*,*,#3089,.T.);
#4466=ORIENTED_EDGE('',*,*,#3090,.T.);
#4467=ORIENTED_EDGE('',*,*,#3088,.F.);
#4468=ORIENTED_EDGE('',*,*,#3091,.F.);
#4469=ORIENTED_EDGE('',*,*,#3092,.T.);
#4470=ORIENTED_EDGE('',*,*,#3089,.F.);
#4471=ORIENTED_EDGE('',*,*,#3090,.F.);
#4472=ORIENTED_EDGE('',*,*,#3092,.F.);
#4473=ORIENTED_EDGE('',*,*,#3093,.F.);
#4474=ORIENTED_EDGE('',*,*,#2940,.T.);
#4475=ORIENTED_EDGE('',*,*,#3094,.T.);
#4476=ORIENTED_EDGE('',*,*,#3093,.T.);
#4477=ORIENTED_EDGE('',*,*,#3091,.T.);
#4478=ORIENTED_EDGE('',*,*,#3094,.F.);
#4479=ORIENTED_EDGE('',*,*,#2908,.T.);
#4480=ORIENTED_EDGE('',*,*,#3095,.T.);
#4481=ORIENTED_EDGE('',*,*,#3096,.T.);
#4482=ORIENTED_EDGE('',*,*,#3097,.T.);
#4483=ORIENTED_EDGE('',*,*,#3095,.F.);
#4484=ORIENTED_EDGE('',*,*,#3098,.F.);
#4485=ORIENTED_EDGE('',*,*,#3099,.T.);
#4486=ORIENTED_EDGE('',*,*,#3096,.F.);
#4487=ORIENTED_EDGE('',*,*,#3097,.F.);
#4488=ORIENTED_EDGE('',*,*,#3099,.F.);
#4489=ORIENTED_EDGE('',*,*,#3100,.F.);
#4490=ORIENTED_EDGE('',*,*,#2939,.T.);
#4491=ORIENTED_EDGE('',*,*,#3101,.T.);
#4492=ORIENTED_EDGE('',*,*,#3100,.T.);
#4493=ORIENTED_EDGE('',*,*,#3098,.T.);
#4494=ORIENTED_EDGE('',*,*,#3101,.F.);
#4495=ORIENTED_EDGE('',*,*,#2898,.T.);
#4496=ORIENTED_EDGE('',*,*,#3102,.T.);
#4497=ORIENTED_EDGE('',*,*,#3103,.T.);
#4498=ORIENTED_EDGE('',*,*,#3104,.T.);
#4499=ORIENTED_EDGE('',*,*,#3102,.F.);
#4500=ORIENTED_EDGE('',*,*,#3104,.F.);
#4501=ORIENTED_EDGE('',*,*,#3105,.T.);
#4502=ORIENTED_EDGE('',*,*,#3106,.F.);
#4503=ORIENTED_EDGE('',*,*,#3107,.F.);
#4504=ORIENTED_EDGE('',*,*,#3105,.F.);
#4505=ORIENTED_EDGE('',*,*,#3103,.F.);
#4506=ORIENTED_EDGE('',*,*,#2669,.F.);
#4507=ORIENTED_EDGE('',*,*,#2687,.F.);
#4508=ORIENTED_EDGE('',*,*,#2709,.F.);
#4509=ORIENTED_EDGE('',*,*,#3108,.F.);
#4510=ORIENTED_EDGE('',*,*,#3109,.F.);
#4511=ORIENTED_EDGE('',*,*,#3110,.F.);
#4512=ORIENTED_EDGE('',*,*,#3111,.F.);
#4513=ORIENTED_EDGE('',*,*,#3112,.F.);
#4514=ORIENTED_EDGE('',*,*,#3113,.T.);
#4515=ORIENTED_EDGE('',*,*,#3114,.T.);
#4516=ORIENTED_EDGE('',*,*,#3115,.T.);
#4517=ORIENTED_EDGE('',*,*,#3116,.T.);
#4518=ORIENTED_EDGE('',*,*,#3117,.T.);
#4519=ORIENTED_EDGE('',*,*,#3113,.F.);
#4520=ORIENTED_EDGE('',*,*,#3118,.T.);
#4521=ORIENTED_EDGE('',*,*,#3119,.T.);
#4522=ORIENTED_EDGE('',*,*,#3110,.T.);
#4523=ORIENTED_EDGE('',*,*,#3116,.F.);
#4524=ORIENTED_EDGE('',*,*,#3120,.T.);
#4525=ORIENTED_EDGE('',*,*,#3121,.T.);
#4526=ORIENTED_EDGE('',*,*,#3122,.T.);
#4527=ORIENTED_EDGE('',*,*,#3119,.F.);
#4528=ORIENTED_EDGE('',*,*,#3123,.T.);
#4529=ORIENTED_EDGE('',*,*,#3121,.F.);
#4530=ORIENTED_EDGE('',*,*,#3124,.T.);
#4531=ORIENTED_EDGE('',*,*,#3125,.T.);
#4532=ORIENTED_EDGE('',*,*,#3123,.F.);
#4533=ORIENTED_EDGE('',*,*,#3120,.F.);
#4534=ORIENTED_EDGE('',*,*,#3118,.F.);
#4535=ORIENTED_EDGE('',*,*,#3126,.F.);
#4536=ORIENTED_EDGE('',*,*,#3127,.F.);
#4537=ORIENTED_EDGE('',*,*,#3128,.F.);
#4538=ORIENTED_EDGE('',*,*,#3115,.F.);
#4539=ORIENTED_EDGE('',*,*,#3129,.T.);
#4540=ORIENTED_EDGE('',*,*,#3130,.T.);
#4541=ORIENTED_EDGE('',*,*,#3126,.T.);
#4542=ORIENTED_EDGE('',*,*,#3131,.T.);
#4543=ORIENTED_EDGE('',*,*,#2652,.T.);
#4544=ORIENTED_EDGE('',*,*,#2659,.T.);
#4545=ORIENTED_EDGE('',*,*,#3132,.T.);
#4546=ORIENTED_EDGE('',*,*,#3133,.T.);
#4547=ORIENTED_EDGE('',*,*,#3134,.T.);
#4548=ORIENTED_EDGE('',*,*,#3135,.T.);
#4549=ORIENTED_EDGE('',*,*,#2635,.T.);
#4550=ORIENTED_EDGE('',*,*,#3134,.F.);
#4551=ORIENTED_EDGE('',*,*,#3136,.T.);
#4552=ORIENTED_EDGE('',*,*,#3132,.F.);
#4553=ORIENTED_EDGE('',*,*,#2936,.T.);
#4554=ORIENTED_EDGE('',*,*,#3131,.F.);
#4555=ORIENTED_EDGE('',*,*,#3137,.T.);
#4556=ORIENTED_EDGE('',*,*,#3138,.T.);
#4557=ORIENTED_EDGE('',*,*,#2653,.T.);
#4558=ORIENTED_EDGE('',*,*,#3136,.F.);
#4559=ORIENTED_EDGE('',*,*,#3139,.F.);
#4560=ORIENTED_EDGE('',*,*,#3140,.F.);
#4561=ORIENTED_EDGE('',*,*,#3141,.F.);
#4562=ORIENTED_EDGE('',*,*,#3142,.F.);
#4563=ORIENTED_EDGE('',*,*,#3143,.F.);
#4564=ORIENTED_EDGE('',*,*,#3144,.F.);
#4565=ORIENTED_EDGE('',*,*,#3137,.F.);
#4566=ORIENTED_EDGE('',*,*,#3133,.F.);
#4567=ORIENTED_EDGE('',*,*,#2634,.T.);
#4568=ORIENTED_EDGE('',*,*,#3145,.T.);
#4569=ORIENTED_EDGE('',*,*,#3139,.T.);
#4570=ORIENTED_EDGE('',*,*,#3146,.T.);
#4571=ORIENTED_EDGE('',*,*,#3147,.T.);
#4572=ORIENTED_EDGE('',*,*,#3148,.T.);
#4573=ORIENTED_EDGE('',*,*,#3149,.T.);
#4574=ORIENTED_EDGE('',*,*,#3150,.T.);
#4575=ORIENTED_EDGE('',*,*,#3151,.T.);
#4576=ORIENTED_EDGE('',*,*,#3152,.T.);
#4577=ORIENTED_EDGE('',*,*,#3153,.T.);
#4578=ORIENTED_EDGE('',*,*,#3154,.F.);
#4579=ORIENTED_EDGE('',*,*,#3155,.F.);
#4580=ORIENTED_EDGE('',*,*,#3156,.F.);
#4581=ORIENTED_EDGE('',*,*,#3157,.T.);
#4582=ORIENTED_EDGE('',*,*,#3158,.T.);
#4583=ORIENTED_EDGE('',*,*,#3155,.T.);
#4584=ORIENTED_EDGE('',*,*,#3159,.T.);
#4585=ORIENTED_EDGE('',*,*,#3160,.T.);
#4586=ORIENTED_EDGE('',*,*,#3161,.T.);
#4587=ORIENTED_EDGE('',*,*,#3162,.T.);
#4588=ORIENTED_EDGE('',*,*,#3163,.T.);
#4589=ORIENTED_EDGE('',*,*,#3164,.T.);
#4590=ORIENTED_EDGE('',*,*,#3160,.F.);
#4591=ORIENTED_EDGE('',*,*,#3165,.T.);
#4592=ORIENTED_EDGE('',*,*,#3163,.F.);
#4593=ORIENTED_EDGE('',*,*,#3166,.T.);
#4594=ORIENTED_EDGE('',*,*,#3156,.T.);
#4595=ORIENTED_EDGE('',*,*,#3167,.T.);
#4596=ORIENTED_EDGE('',*,*,#3168,.F.);
#4597=ORIENTED_EDGE('',*,*,#3169,.F.);
#4598=ORIENTED_EDGE('',*,*,#3170,.T.);
#4599=ORIENTED_EDGE('',*,*,#3171,.F.);
#4600=ORIENTED_EDGE('',*,*,#3154,.T.);
#4601=ORIENTED_EDGE('',*,*,#3172,.T.);
#4602=ORIENTED_EDGE('',*,*,#3169,.T.);
#4603=ORIENTED_EDGE('',*,*,#3173,.T.);
#4604=ORIENTED_EDGE('',*,*,#3174,.F.);
#4605=ORIENTED_EDGE('',*,*,#3175,.F.);
#4606=ORIENTED_EDGE('',*,*,#3176,.T.);
#4607=ORIENTED_EDGE('',*,*,#3177,.F.);
#4608=ORIENTED_EDGE('',*,*,#3171,.T.);
#4609=ORIENTED_EDGE('',*,*,#3178,.T.);
#4610=ORIENTED_EDGE('',*,*,#3175,.T.);
#4611=ORIENTED_EDGE('',*,*,#3179,.T.);
#4612=ORIENTED_EDGE('',*,*,#3180,.F.);
#4613=ORIENTED_EDGE('',*,*,#3181,.F.);
#4614=ORIENTED_EDGE('',*,*,#3182,.F.);
#4615=ORIENTED_EDGE('',*,*,#3177,.T.);
#4616=ORIENTED_EDGE('',*,*,#3183,.T.);
#4617=ORIENTED_EDGE('',*,*,#3181,.T.);
#4618=ORIENTED_EDGE('',*,*,#3184,.T.);
#4619=ORIENTED_EDGE('',*,*,#3185,.T.);
#4620=ORIENTED_EDGE('',*,*,#3186,.T.);
#4621=ORIENTED_EDGE('',*,*,#3187,.T.);
#4622=ORIENTED_EDGE('',*,*,#3188,.T.);
#4623=ORIENTED_EDGE('',*,*,#3189,.T.);
#4624=ORIENTED_EDGE('',*,*,#3185,.F.);
#4625=ORIENTED_EDGE('',*,*,#3190,.T.);
#4626=ORIENTED_EDGE('',*,*,#3182,.T.);
#4627=ORIENTED_EDGE('',*,*,#3191,.T.);
#4628=ORIENTED_EDGE('',*,*,#3188,.F.);
#4629=ORIENTED_EDGE('',*,*,#3192,.T.);
#4630=ORIENTED_EDGE('',*,*,#3193,.T.);
#4631=ORIENTED_EDGE('',*,*,#3194,.T.);
#4632=ORIENTED_EDGE('',*,*,#3180,.T.);
#4633=ORIENTED_EDGE('',*,*,#3195,.T.);
#4634=ORIENTED_EDGE('',*,*,#3153,.F.);
#4635=ORIENTED_EDGE('',*,*,#3196,.T.);
#4636=ORIENTED_EDGE('',*,*,#3174,.T.);
#4637=ORIENTED_EDGE('',*,*,#3197,.T.);
#4638=ORIENTED_EDGE('',*,*,#3147,.F.);
#4639=ORIENTED_EDGE('',*,*,#3198,.T.);
#4640=ORIENTED_EDGE('',*,*,#3168,.T.);
#4641=ORIENTED_EDGE('',*,*,#3199,.T.);
#4642=ORIENTED_EDGE('',*,*,#3200,.F.);
#4643=ORIENTED_EDGE('',*,*,#3201,.T.);
#4644=ORIENTED_EDGE('',*,*,#3193,.F.);
#4645=ORIENTED_EDGE('',*,*,#3202,.T.);
#4646=ORIENTED_EDGE('',*,*,#3203,.T.);
#4647=ORIENTED_EDGE('',*,*,#3204,.F.);
#4648=ORIENTED_EDGE('',*,*,#3205,.T.);
#4649=ORIENTED_EDGE('',*,*,#3157,.F.);
#4650=ORIENTED_EDGE('',*,*,#3206,.T.);
#4651=ORIENTED_EDGE('',*,*,#3207,.T.);
#4652=ORIENTED_EDGE('',*,*,#3146,.F.);
#4653=ORIENTED_EDGE('',*,*,#3208,.T.);
#4654=ORIENTED_EDGE('',*,*,#3206,.F.);
#4655=ORIENTED_EDGE('',*,*,#3209,.T.);
#4656=ORIENTED_EDGE('',*,*,#3199,.F.);
#4657=ORIENTED_EDGE('',*,*,#3179,.F.);
#4658=ORIENTED_EDGE('',*,*,#3196,.F.);
#4659=ORIENTED_EDGE('',*,*,#3210,.F.);
#4660=ORIENTED_EDGE('',*,*,#3148,.F.);
#4661=ORIENTED_EDGE('',*,*,#3210,.T.);
#4662=ORIENTED_EDGE('',*,*,#3152,.F.);
#4663=ORIENTED_EDGE('',*,*,#3211,.T.);
#4664=ORIENTED_EDGE('',*,*,#3149,.F.);
#4665=ORIENTED_EDGE('',*,*,#3211,.F.);
#4666=ORIENTED_EDGE('',*,*,#3151,.F.);
#4667=ORIENTED_EDGE('',*,*,#3212,.F.);
#4668=ORIENTED_EDGE('',*,*,#3200,.T.);
#4669=ORIENTED_EDGE('',*,*,#3213,.T.);
#4670=ORIENTED_EDGE('',*,*,#3207,.F.);
#4671=ORIENTED_EDGE('',*,*,#3208,.F.);
#4672=ORIENTED_EDGE('',*,*,#3197,.F.);
#4673=ORIENTED_EDGE('',*,*,#3184,.F.);
#4674=ORIENTED_EDGE('',*,*,#3194,.F.);
#4675=ORIENTED_EDGE('',*,*,#3214,.F.);
#4676=ORIENTED_EDGE('',*,*,#3150,.F.);
#4677=ORIENTED_EDGE('',*,*,#3214,.T.);
#4678=ORIENTED_EDGE('',*,*,#3201,.F.);
#4679=ORIENTED_EDGE('',*,*,#3212,.T.);
#4680=ORIENTED_EDGE('',*,*,#3202,.F.);
#4681=ORIENTED_EDGE('',*,*,#3195,.F.);
#4682=ORIENTED_EDGE('',*,*,#3192,.F.);
#4683=ORIENTED_EDGE('',*,*,#3215,.F.);
#4684=ORIENTED_EDGE('',*,*,#3216,.F.);
#4685=ORIENTED_EDGE('',*,*,#3190,.F.);
#4686=ORIENTED_EDGE('',*,*,#3187,.F.);
#4687=ORIENTED_EDGE('',*,*,#3217,.T.);
#4688=ORIENTED_EDGE('',*,*,#3218,.F.);
#4689=ORIENTED_EDGE('',*,*,#3219,.F.);
#4690=ORIENTED_EDGE('',*,*,#3220,.F.);
#4691=ORIENTED_EDGE('',*,*,#3215,.T.);
#4692=ORIENTED_EDGE('',*,*,#3213,.F.);
#4693=ORIENTED_EDGE('',*,*,#3203,.F.);
#4694=ORIENTED_EDGE('',*,*,#3216,.T.);
#4695=ORIENTED_EDGE('',*,*,#3220,.T.);
#4696=ORIENTED_EDGE('',*,*,#3221,.F.);
#4697=ORIENTED_EDGE('',*,*,#3142,.T.);
#4698=ORIENTED_EDGE('',*,*,#3222,.F.);
#4699=ORIENTED_EDGE('',*,*,#3223,.T.);
#4700=ORIENTED_EDGE('',*,*,#3224,.F.);
#4701=ORIENTED_EDGE('',*,*,#3204,.T.);
#4702=ORIENTED_EDGE('',*,*,#3219,.T.);
#4703=ORIENTED_EDGE('',*,*,#3225,.F.);
#4704=ORIENTED_EDGE('',*,*,#3226,.F.);
#4705=ORIENTED_EDGE('',*,*,#3221,.T.);
#4706=ORIENTED_EDGE('',*,*,#3227,.F.);
#4707=ORIENTED_EDGE('',*,*,#2708,.F.);
#4708=ORIENTED_EDGE('',*,*,#2655,.T.);
#4709=ORIENTED_EDGE('',*,*,#3228,.F.);
#4710=ORIENTED_EDGE('',*,*,#3229,.T.);
#4711=ORIENTED_EDGE('',*,*,#3230,.T.);
#4712=ORIENTED_EDGE('',*,*,#3228,.T.);
#4713=ORIENTED_EDGE('',*,*,#2654,.T.);
#4714=ORIENTED_EDGE('',*,*,#3117,.F.);
#4715=ORIENTED_EDGE('',*,*,#3109,.T.);
#4716=ORIENTED_EDGE('',*,*,#3231,.T.);
#4717=ORIENTED_EDGE('',*,*,#3232,.T.);
#4718=ORIENTED_EDGE('',*,*,#3114,.F.);
#4719=ORIENTED_EDGE('',*,*,#3227,.T.);
#4720=ORIENTED_EDGE('',*,*,#3233,.T.);
#4721=ORIENTED_EDGE('',*,*,#3234,.T.);
#4722=ORIENTED_EDGE('',*,*,#3108,.T.);
#4723=ORIENTED_EDGE('',*,*,#3229,.F.);
#4724=ORIENTED_EDGE('',*,*,#3138,.F.);
#4725=ORIENTED_EDGE('',*,*,#3144,.T.);
#4726=ORIENTED_EDGE('',*,*,#3235,.F.);
#4727=ORIENTED_EDGE('',*,*,#3234,.F.);
#4728=ORIENTED_EDGE('',*,*,#3236,.F.);
#4729=ORIENTED_EDGE('',*,*,#3231,.F.);
#4730=ORIENTED_EDGE('',*,*,#3226,.T.);
#4731=ORIENTED_EDGE('',*,*,#3237,.T.);
#4732=ORIENTED_EDGE('',*,*,#3235,.T.);
#4733=ORIENTED_EDGE('',*,*,#3143,.T.);
#4734=ORIENTED_EDGE('',*,*,#3218,.T.);
#4735=ORIENTED_EDGE('',*,*,#3238,.T.);
#4736=ORIENTED_EDGE('',*,*,#3236,.T.);
#4737=ORIENTED_EDGE('',*,*,#3239,.T.);
#4738=ORIENTED_EDGE('',*,*,#3225,.T.);
#4739=ORIENTED_EDGE('',*,*,#3240,.F.);
#4740=ORIENTED_EDGE('',*,*,#3241,.F.);
#4741=ORIENTED_EDGE('',*,*,#3242,.F.);
#4742=ORIENTED_EDGE('',*,*,#3243,.F.);
#4743=ORIENTED_EDGE('',*,*,#3129,.F.);
#4744=ORIENTED_EDGE('',*,*,#3232,.F.);
#4745=ORIENTED_EDGE('',*,*,#3238,.F.);
#4746=ORIENTED_EDGE('',*,*,#3217,.F.);
#4747=ORIENTED_EDGE('',*,*,#3230,.F.);
#4748=ORIENTED_EDGE('',*,*,#3237,.F.);
#4749=ORIENTED_EDGE('',*,*,#3239,.F.);
#4750=ORIENTED_EDGE('',*,*,#3233,.F.);
#4751=ORIENTED_EDGE('',*,*,#3164,.F.);
#4752=ORIENTED_EDGE('',*,*,#3244,.T.);
#4753=ORIENTED_EDGE('',*,*,#3223,.F.);
#4754=ORIENTED_EDGE('',*,*,#3245,.F.);
#4755=ORIENTED_EDGE('',*,*,#3246,.F.);
#4756=ORIENTED_EDGE('',*,*,#3247,.T.);
#4757=ORIENTED_EDGE('',*,*,#3161,.F.);
#4758=ORIENTED_EDGE('',*,*,#3248,.F.);
#4759=ORIENTED_EDGE('',*,*,#3247,.F.);
#4760=ORIENTED_EDGE('',*,*,#3249,.F.);
#4761=ORIENTED_EDGE('',*,*,#3250,.F.);
#4762=ORIENTED_EDGE('',*,*,#3251,.F.);
#4763=ORIENTED_EDGE('',*,*,#3252,.F.);
#4764=ORIENTED_EDGE('',*,*,#3253,.F.);
#4765=ORIENTED_EDGE('',*,*,#3254,.F.);
#4766=ORIENTED_EDGE('',*,*,#3246,.T.);
#4767=ORIENTED_EDGE('',*,*,#3255,.T.);
#4768=ORIENTED_EDGE('',*,*,#3256,.T.);
#4769=ORIENTED_EDGE('',*,*,#3257,.T.);
#4770=ORIENTED_EDGE('',*,*,#3249,.T.);
#4771=ORIENTED_EDGE('',*,*,#3245,.T.);
#4772=ORIENTED_EDGE('',*,*,#3222,.T.);
#4773=ORIENTED_EDGE('',*,*,#3258,.F.);
#4774=ORIENTED_EDGE('',*,*,#3255,.F.);
#4775=ORIENTED_EDGE('',*,*,#2632,.T.);
#4776=ORIENTED_EDGE('',*,*,#2670,.F.);
#4777=ORIENTED_EDGE('',*,*,#3259,.F.);
#4778=ORIENTED_EDGE('',*,*,#3260,.F.);
#4779=ORIENTED_EDGE('',*,*,#3260,.T.);
#4780=ORIENTED_EDGE('',*,*,#3261,.T.);
#4781=ORIENTED_EDGE('',*,*,#3262,.T.);
#4782=ORIENTED_EDGE('',*,*,#2633,.T.);
#4783=ORIENTED_EDGE('',*,*,#3125,.F.);
#4784=ORIENTED_EDGE('',*,*,#3250,.T.);
#4785=ORIENTED_EDGE('',*,*,#3263,.T.);
#4786=ORIENTED_EDGE('',*,*,#3111,.T.);
#4787=ORIENTED_EDGE('',*,*,#3122,.F.);
#4788=ORIENTED_EDGE('',*,*,#3264,.T.);
#4789=ORIENTED_EDGE('',*,*,#3265,.T.);
#4790=ORIENTED_EDGE('',*,*,#3259,.T.);
#4791=ORIENTED_EDGE('',*,*,#3112,.T.);
#4792=ORIENTED_EDGE('',*,*,#3262,.F.);
#4793=ORIENTED_EDGE('',*,*,#3266,.F.);
#4794=ORIENTED_EDGE('',*,*,#3140,.T.);
#4795=ORIENTED_EDGE('',*,*,#3145,.F.);
#4796=ORIENTED_EDGE('',*,*,#3257,.F.);
#4797=ORIENTED_EDGE('',*,*,#3264,.F.);
#4798=ORIENTED_EDGE('',*,*,#3263,.F.);
#4799=ORIENTED_EDGE('',*,*,#3258,.T.);
#4800=ORIENTED_EDGE('',*,*,#3141,.T.);
#4801=ORIENTED_EDGE('',*,*,#3266,.T.);
#4802=ORIENTED_EDGE('',*,*,#3267,.T.);
#4803=ORIENTED_EDGE('',*,*,#2627,.F.);
#4804=ORIENTED_EDGE('',*,*,#2636,.T.);
#4805=ORIENTED_EDGE('',*,*,#3135,.F.);
#4806=ORIENTED_EDGE('',*,*,#2935,.F.);
#4807=ORIENTED_EDGE('',*,*,#3261,.F.);
#4808=ORIENTED_EDGE('',*,*,#3265,.F.);
#4809=ORIENTED_EDGE('',*,*,#3256,.F.);
#4810=ORIENTED_EDGE('',*,*,#3267,.F.);
#4811=ORIENTED_EDGE('',*,*,#3198,.F.);
#4812=ORIENTED_EDGE('',*,*,#3209,.F.);
#4813=ORIENTED_EDGE('',*,*,#3159,.F.);
#4814=ORIENTED_EDGE('',*,*,#3173,.F.);
#4815=ORIENTED_EDGE('',*,*,#3268,.T.);
#4816=ORIENTED_EDGE('',*,*,#3269,.T.);
#4817=ORIENTED_EDGE('',*,*,#3270,.T.);
#4818=ORIENTED_EDGE('',*,*,#3271,.T.);
#4819=ORIENTED_EDGE('',*,*,#3269,.F.);
#4820=ORIENTED_EDGE('',*,*,#3268,.F.);
#4821=ORIENTED_EDGE('',*,*,#3272,.F.);
#4822=ORIENTED_EDGE('',*,*,#3273,.F.);
#4823=ORIENTED_EDGE('',*,*,#3274,.T.);
#4824=ORIENTED_EDGE('',*,*,#3270,.F.);
#4825=ORIENTED_EDGE('',*,*,#3271,.F.);
#4826=ORIENTED_EDGE('',*,*,#3274,.F.);
#4827=ORIENTED_EDGE('',*,*,#3275,.F.);
#4828=ORIENTED_EDGE('',*,*,#3272,.T.);
#4829=ORIENTED_EDGE('',*,*,#3276,.T.);
#4830=ORIENTED_EDGE('',*,*,#3277,.T.);
#4831=ORIENTED_EDGE('',*,*,#3278,.T.);
#4832=ORIENTED_EDGE('',*,*,#3276,.F.);
#4833=ORIENTED_EDGE('',*,*,#3278,.F.);
#4834=ORIENTED_EDGE('',*,*,#3279,.T.);
#4835=ORIENTED_EDGE('',*,*,#3280,.F.);
#4836=ORIENTED_EDGE('',*,*,#3281,.F.);
#4837=ORIENTED_EDGE('',*,*,#3279,.F.);
#4838=ORIENTED_EDGE('',*,*,#3277,.F.);
#4839=ORIENTED_EDGE('',*,*,#3282,.T.);
#4840=ORIENTED_EDGE('',*,*,#3283,.T.);
#4841=ORIENTED_EDGE('',*,*,#3280,.T.);
#4842=ORIENTED_EDGE('',*,*,#3281,.T.);
#4843=ORIENTED_EDGE('',*,*,#3283,.F.);
#4844=ORIENTED_EDGE('',*,*,#3282,.F.);
#4845=ORIENTED_EDGE('',*,*,#3284,.T.);
#4846=ORIENTED_EDGE('',*,*,#3285,.T.);
#4847=ORIENTED_EDGE('',*,*,#3286,.T.);
#4848=ORIENTED_EDGE('',*,*,#3287,.T.);
#4849=ORIENTED_EDGE('',*,*,#3285,.F.);
#4850=ORIENTED_EDGE('',*,*,#3288,.F.);
#4851=ORIENTED_EDGE('',*,*,#3289,.T.);
#4852=ORIENTED_EDGE('',*,*,#3286,.F.);
#4853=ORIENTED_EDGE('',*,*,#3287,.F.);
#4854=ORIENTED_EDGE('',*,*,#3289,.F.);
#4855=ORIENTED_EDGE('',*,*,#3290,.F.);
#4856=ORIENTED_EDGE('',*,*,#3284,.F.);
#4857=ORIENTED_EDGE('',*,*,#3291,.T.);
#4858=ORIENTED_EDGE('',*,*,#3292,.T.);
#4859=ORIENTED_EDGE('',*,*,#3290,.T.);
#4860=ORIENTED_EDGE('',*,*,#3288,.T.);
#4861=ORIENTED_EDGE('',*,*,#3292,.F.);
#4862=ORIENTED_EDGE('',*,*,#3293,.F.);
#4863=ORIENTED_EDGE('',*,*,#3291,.F.);
#4864=ORIENTED_EDGE('',*,*,#3293,.T.);
#4865=ORIENTED_EDGE('',*,*,#3294,.T.);
#4866=ORIENTED_EDGE('',*,*,#3295,.T.);
#4867=ORIENTED_EDGE('',*,*,#3296,.T.);
#4868=ORIENTED_EDGE('',*,*,#3294,.F.);
#4869=ORIENTED_EDGE('',*,*,#3297,.F.);
#4870=ORIENTED_EDGE('',*,*,#3298,.T.);
#4871=ORIENTED_EDGE('',*,*,#3295,.F.);
#4872=ORIENTED_EDGE('',*,*,#3296,.F.);
#4873=ORIENTED_EDGE('',*,*,#3298,.F.);
#4874=ORIENTED_EDGE('',*,*,#3299,.F.);
#4875=ORIENTED_EDGE('',*,*,#2871,.T.);
#4876=ORIENTED_EDGE('',*,*,#3300,.T.);
#4877=ORIENTED_EDGE('',*,*,#3275,.T.);
#4878=ORIENTED_EDGE('',*,*,#3273,.T.);
#4879=ORIENTED_EDGE('',*,*,#3300,.F.);
#4880=ORIENTED_EDGE('',*,*,#2880,.T.);
#4881=ORIENTED_EDGE('',*,*,#3301,.T.);
#4882=ORIENTED_EDGE('',*,*,#3299,.T.);
#4883=ORIENTED_EDGE('',*,*,#3297,.T.);
#4884=ORIENTED_EDGE('',*,*,#3301,.F.);
#4885=ORIENTED_EDGE('',*,*,#3302,.F.);
#4886=ORIENTED_EDGE('',*,*,#3303,.F.);
#4887=ORIENTED_EDGE('',*,*,#3304,.F.);
#4888=ORIENTED_EDGE('',*,*,#3305,.F.);
#4889=ORIENTED_EDGE('',*,*,#3306,.F.);
#4890=ORIENTED_EDGE('',*,*,#3307,.F.);
#4891=ORIENTED_EDGE('',*,*,#3308,.F.);
#4892=ORIENTED_EDGE('',*,*,#3309,.F.);
#4893=ORIENTED_EDGE('',*,*,#3310,.F.);
#4894=ORIENTED_EDGE('',*,*,#2876,.T.);
#4895=ORIENTED_EDGE('',*,*,#3303,.T.);
#4896=ORIENTED_EDGE('',*,*,#3311,.T.);
#4897=ORIENTED_EDGE('',*,*,#3309,.T.);
#4898=ORIENTED_EDGE('',*,*,#3252,.T.);
#4899=ORIENTED_EDGE('',*,*,#3130,.F.);
#4900=ORIENTED_EDGE('',*,*,#3312,.F.);
#4901=ORIENTED_EDGE('',*,*,#3313,.F.);
#4902=ORIENTED_EDGE('',*,*,#3314,.F.);
#4903=ORIENTED_EDGE('',*,*,#3315,.F.);
#4904=ORIENTED_EDGE('',*,*,#3316,.F.);
#4905=ORIENTED_EDGE('',*,*,#3317,.F.);
#4906=ORIENTED_EDGE('',*,*,#3318,.F.);
#4907=ORIENTED_EDGE('',*,*,#3319,.F.);
#4908=ORIENTED_EDGE('',*,*,#2874,.T.);
#4909=ORIENTED_EDGE('',*,*,#3306,.T.);
#4910=ORIENTED_EDGE('',*,*,#3254,.T.);
#4911=ORIENTED_EDGE('',*,*,#3318,.T.);
#4912=ORIENTED_EDGE('',*,*,#3320,.T.);
#4913=ORIENTED_EDGE('',*,*,#3319,.T.);
#4914=ORIENTED_EDGE('',*,*,#3253,.T.);
#4915=ORIENTED_EDGE('',*,*,#3308,.T.);
#4916=ORIENTED_EDGE('',*,*,#2875,.T.);
#4917=ORIENTED_EDGE('',*,*,#3321,.F.);
#4918=ORIENTED_EDGE('',*,*,#3322,.F.);
#4919=ORIENTED_EDGE('',*,*,#3323,.F.);
#4920=ORIENTED_EDGE('',*,*,#2878,.T.);
#4921=ORIENTED_EDGE('',*,*,#3312,.T.);
#4922=ORIENTED_EDGE('',*,*,#3243,.T.);
#4923=ORIENTED_EDGE('',*,*,#3322,.T.);
#4924=ORIENTED_EDGE('',*,*,#3324,.T.);
#4925=ORIENTED_EDGE('',*,*,#3325,.F.);
#4926=ORIENTED_EDGE('',*,*,#3326,.F.);
#4927=ORIENTED_EDGE('',*,*,#3327,.F.);
#4928=ORIENTED_EDGE('',*,*,#2872,.T.);
#4929=ORIENTED_EDGE('',*,*,#3315,.T.);
#4930=ORIENTED_EDGE('',*,*,#3328,.T.);
#4931=ORIENTED_EDGE('',*,*,#3326,.T.);
#4932=ORIENTED_EDGE('',*,*,#3241,.T.);
#4933=ORIENTED_EDGE('',*,*,#3327,.T.);
#4934=ORIENTED_EDGE('',*,*,#3329,.T.);
#4935=ORIENTED_EDGE('',*,*,#3317,.T.);
#4936=ORIENTED_EDGE('',*,*,#2873,.T.);
#4937=ORIENTED_EDGE('',*,*,#3323,.T.);
#4938=ORIENTED_EDGE('',*,*,#3242,.T.);
#4939=ORIENTED_EDGE('',*,*,#3325,.T.);
#4940=ORIENTED_EDGE('',*,*,#2879,.T.);
#4941=ORIENTED_EDGE('',*,*,#3310,.T.);
#4942=ORIENTED_EDGE('',*,*,#3330,.T.);
#4943=ORIENTED_EDGE('',*,*,#3321,.T.);
#4944=ORIENTED_EDGE('',*,*,#2877,.T.);
#4945=ORIENTED_EDGE('',*,*,#3186,.F.);
#4946=ORIENTED_EDGE('',*,*,#3331,.T.);
#4947=ORIENTED_EDGE('',*,*,#3316,.T.);
#4948=ORIENTED_EDGE('',*,*,#3240,.T.);
#4949=ORIENTED_EDGE('',*,*,#3307,.T.);
#4950=ORIENTED_EDGE('',*,*,#3332,.T.);
#4951=ORIENTED_EDGE('',*,*,#3314,.T.);
#4952=ORIENTED_EDGE('',*,*,#3333,.T.);
#4953=ORIENTED_EDGE('',*,*,#3313,.T.);
#4954=ORIENTED_EDGE('',*,*,#3334,.T.);
#4955=ORIENTED_EDGE('',*,*,#3302,.T.);
#4956=ORIENTED_EDGE('',*,*,#3127,.T.);
#4957=ORIENTED_EDGE('',*,*,#3162,.F.);
#4958=ORIENTED_EDGE('',*,*,#3248,.T.);
#4959=ORIENTED_EDGE('',*,*,#3305,.T.);
#4960=ORIENTED_EDGE('',*,*,#3335,.T.);
#4961=ORIENTED_EDGE('',*,*,#3124,.F.);
#4962=ORIENTED_EDGE('',*,*,#3128,.T.);
#4963=ORIENTED_EDGE('',*,*,#3304,.T.);
#4964=ORIENTED_EDGE('',*,*,#3251,.T.);
#4965=ORIENTED_EDGE('',*,*,#3324,.F.);
#4966=ORIENTED_EDGE('',*,*,#3330,.F.);
#4967=ORIENTED_EDGE('',*,*,#3311,.F.);
#4968=ORIENTED_EDGE('',*,*,#3334,.F.);
#4969=ORIENTED_EDGE('',*,*,#3328,.F.);
#4970=ORIENTED_EDGE('',*,*,#3332,.F.);
#4971=ORIENTED_EDGE('',*,*,#3320,.F.);
#4972=ORIENTED_EDGE('',*,*,#3329,.F.);
#4973=ORIENTED_EDGE('',*,*,#3205,.F.);
#4974=ORIENTED_EDGE('',*,*,#3224,.T.);
#4975=ORIENTED_EDGE('',*,*,#3244,.F.);
#4976=ORIENTED_EDGE('',*,*,#3167,.F.);
#4977=ORIENTED_EDGE('',*,*,#3158,.F.);
#4978=ORIENTED_EDGE('',*,*,#3106,.T.);
#4979=ORIENTED_EDGE('',*,*,#3107,.T.);
#4980=ORIENTED_EDGE('',*,*,#3336,.T.);
#4981=ORIENTED_EDGE('',*,*,#2926,.T.);
#4982=ORIENTED_EDGE('',*,*,#3336,.F.);
#4983=ORIENTED_EDGE('',*,*,#3165,.F.);
#4984=ORIENTED_EDGE('',*,*,#3335,.F.);
#4985=ORIENTED_EDGE('',*,*,#3333,.F.);
#4986=ORIENTED_EDGE('',*,*,#3331,.F.);
#4987=ORIENTED_EDGE('',*,*,#3189,.F.);
#4988=ORIENTED_EDGE('',*,*,#3191,.F.);
#4989=ORIENTED_EDGE('',*,*,#3183,.F.);
#4990=ORIENTED_EDGE('',*,*,#3176,.F.);
#4991=ORIENTED_EDGE('',*,*,#3178,.F.);
#4992=ORIENTED_EDGE('',*,*,#3170,.F.);
#4993=ORIENTED_EDGE('',*,*,#3172,.F.);
#4994=ORIENTED_EDGE('',*,*,#3166,.F.);
#4995=CYLINDRICAL_SURFACE('',#5455,16.);
#4996=CYLINDRICAL_SURFACE('',#5464,0.6);
#4997=CYLINDRICAL_SURFACE('',#5472,0.6);
#4998=CYLINDRICAL_SURFACE('',#5485,0.6);
#4999=CYLINDRICAL_SURFACE('',#5493,0.6);
#5000=CYLINDRICAL_SURFACE('',#5500,0.5);
#5001=CYLINDRICAL_SURFACE('',#5503,0.5);
#5002=CYLINDRICAL_SURFACE('',#5506,0.5);
#5003=CYLINDRICAL_SURFACE('',#5509,0.5);
#5004=CYLINDRICAL_SURFACE('',#5515,0.3);
#5005=CYLINDRICAL_SURFACE('',#5520,0.3);
#5006=CYLINDRICAL_SURFACE('',#5531,0.5);
#5007=CYLINDRICAL_SURFACE('',#5539,0.3);
#5008=CYLINDRICAL_SURFACE('',#5546,0.5);
#5009=CYLINDRICAL_SURFACE('',#5560,0.5);
#5010=CYLINDRICAL_SURFACE('',#5569,16.);
#5011=CYLINDRICAL_SURFACE('',#5584,0.6);
#5012=CYLINDRICAL_SURFACE('',#5590,0.6);
#5013=CYLINDRICAL_SURFACE('',#5592,0.6);
#5014=CYLINDRICAL_SURFACE('',#5600,16.);
#5015=CYLINDRICAL_SURFACE('',#5628,20.9);
#5016=CYLINDRICAL_SURFACE('',#5630,1.2);
#5017=CYLINDRICAL_SURFACE('',#5664,1.2);
#5018=CYLINDRICAL_SURFACE('',#5696,20.9);
#5019=CYLINDRICAL_SURFACE('',#5698,1.2);
#5020=CYLINDRICAL_SURFACE('',#5710,18.5);
#5021=CYLINDRICAL_SURFACE('',#5723,18.5);
#5022=CYLINDRICAL_SURFACE('',#5725,1.2);
#5023=CYLINDRICAL_SURFACE('',#5737,1.2);
#5024=CYLINDRICAL_SURFACE('',#5738,20.9);
#5025=CYLINDRICAL_SURFACE('',#5751,20.9);
#5026=CYLINDRICAL_SURFACE('',#5753,1.2);
#5027=CYLINDRICAL_SURFACE('',#5765,1.2);
#5028=CYLINDRICAL_SURFACE('',#5766,18.5);
#5029=CYLINDRICAL_SURFACE('',#5767,18.5);
#5030=CYLINDRICAL_SURFACE('',#5768,1.2);
#5031=CYLINDRICAL_SURFACE('',#5780,0.6);
#5032=CYLINDRICAL_SURFACE('',#5782,0.6);
#5033=CYLINDRICAL_SURFACE('',#5791,0.6);
#5034=CYLINDRICAL_SURFACE('',#5797,1.4);
#5035=CYLINDRICAL_SURFACE('',#5806,1.4);
#5036=CYLINDRICAL_SURFACE('',#5815,1.4);
#5037=CYLINDRICAL_SURFACE('',#5824,1.4);
#5038=CYLINDRICAL_SURFACE('',#5833,23.32);
#5039=CYLINDRICAL_SURFACE('',#5842,0.5);
#5040=CYLINDRICAL_SURFACE('',#5849,0.2);
#5041=CYLINDRICAL_SURFACE('',#5856,0.5);
#5042=CYLINDRICAL_SURFACE('',#5857,0.3);
#5043=CYLINDRICAL_SURFACE('',#5862,0.3);
#5044=CYLINDRICAL_SURFACE('',#5876,0.5);
#5045=CYLINDRICAL_SURFACE('',#5883,0.5);
#5046=CYLINDRICAL_SURFACE('',#5889,0.5);
#5047=CYLINDRICAL_SURFACE('',#5895,0.5);
#5048=CYLINDRICAL_SURFACE('',#5900,0.5);
#5049=CYLINDRICAL_SURFACE('',#5906,0.5);
#5050=CYLINDRICAL_SURFACE('',#5907,0.5);
#5051=CYLINDRICAL_SURFACE('',#5909,0.5);
#5052=CYLINDRICAL_SURFACE('',#5910,0.5);
#5053=CYLINDRICAL_SURFACE('',#5917,0.3);
#5054=CYLINDRICAL_SURFACE('',#5919,0.3);
#5055=CYLINDRICAL_SURFACE('',#5922,0.3);
#5056=CYLINDRICAL_SURFACE('',#5924,0.3);
#5057=CYLINDRICAL_SURFACE('',#5926,0.3);
#5058=CYLINDRICAL_SURFACE('',#5932,0.3);
#5059=CYLINDRICAL_SURFACE('',#5934,0.3);
#5060=CYLINDRICAL_SURFACE('',#5936,0.3);
#5061=CYLINDRICAL_SURFACE('',#5941,0.3);
#5062=CYLINDRICAL_SURFACE('',#5942,0.3);
#5063=CYLINDRICAL_SURFACE('',#5945,0.3);
#5064=CYLINDRICAL_SURFACE('',#5948,0.3);
#5065=CYLINDRICAL_SURFACE('',#5953,0.3);
#5066=CYLINDRICAL_SURFACE('',#5955,0.3);
#5067=CYLINDRICAL_SURFACE('',#5957,0.3);
#5068=CYLINDRICAL_SURFACE('',#5961,0.3);
#5069=CYLINDRICAL_SURFACE('',#5962,0.3);
#5070=CYLINDRICAL_SURFACE('',#5972,3.6);
#5071=CYLINDRICAL_SURFACE('',#5979,1.4);
#5072=CYLINDRICAL_SURFACE('',#5991,1.4);
#5073=CYLINDRICAL_SURFACE('',#6004,3.6);
#5074=CYLINDRICAL_SURFACE('',#6023,0.2);
#5075=CYLINDRICAL_SURFACE('',#6035,0.2);
#5076=CYLINDRICAL_SURFACE('',#6036,0.2);
#5077=CYLINDRICAL_SURFACE('',#6041,0.2);
#5078=CYLINDRICAL_SURFACE('',#6046,0.2);
#5079=CYLINDRICAL_SURFACE('',#6047,0.2);
#5080=CYLINDRICAL_SURFACE('',#6048,0.2);
#5081=CYLINDRICAL_SURFACE('',#6049,0.2);
#5082=CYLINDRICAL_SURFACE('',#6050,0.2);
#5083=CYLINDRICAL_SURFACE('',#6051,0.2);
#5084=CYLINDRICAL_SURFACE('',#6052,0.2);
#5085=CYLINDRICAL_SURFACE('',#6053,0.2);
#5086=CYLINDRICAL_SURFACE('',#6054,0.2);
#5087=ADVANCED_FACE('',(#302,#278,#279),#4995,.T.);
#5088=ADVANCED_FACE('',(#303),#135,.F.);
#5089=ADVANCED_FACE('',(#304),#136,.F.);
#5090=ADVANCED_FACE('',(#305),#4996,.T.);
#5091=ADVANCED_FACE('',(#306),#137,.F.);
#5092=ADVANCED_FACE('',(#307),#138,.F.);
#5093=ADVANCED_FACE('',(#308),#139,.F.);
#5094=ADVANCED_FACE('',(#309),#140,.F.);
#5095=ADVANCED_FACE('',(#310),#141,.F.);
#5096=ADVANCED_FACE('',(#311),#142,.F.);
#5097=ADVANCED_FACE('',(#312),#4997,.T.);
#5098=ADVANCED_FACE('',(#313),#143,.F.);
#5099=ADVANCED_FACE('',(#314),#144,.F.);
#5100=ADVANCED_FACE('',(#315),#145,.F.);
#5101=ADVANCED_FACE('',(#316),#66,.T.);
#5102=ADVANCED_FACE('',(#317),#146,.F.);
#5103=ADVANCED_FACE('',(#318),#147,.F.);
#5104=ADVANCED_FACE('',(#319),#148,.F.);
#5105=ADVANCED_FACE('',(#320),#4998,.T.);
#5106=ADVANCED_FACE('',(#321),#149,.F.);
#5107=ADVANCED_FACE('',(#322),#150,.F.);
#5108=ADVANCED_FACE('',(#323),#151,.F.);
#5109=ADVANCED_FACE('',(#324),#152,.F.);
#5110=ADVANCED_FACE('',(#325),#153,.F.);
#5111=ADVANCED_FACE('',(#326),#154,.F.);
#5112=ADVANCED_FACE('',(#327),#4999,.T.);
#5113=ADVANCED_FACE('',(#328),#155,.F.);
#5114=ADVANCED_FACE('',(#329),#156,.F.);
#5115=ADVANCED_FACE('',(#330),#30,.F.);
#5116=ADVANCED_FACE('',(#331),#5000,.F.);
#5117=ADVANCED_FACE('',(#332),#31,.T.);
#5118=ADVANCED_FACE('',(#333),#5001,.F.);
#5119=ADVANCED_FACE('',(#334),#32,.F.);
#5120=ADVANCED_FACE('',(#335),#5002,.F.);
#5121=ADVANCED_FACE('',(#336),#33,.T.);
#5122=ADVANCED_FACE('',(#337),#5003,.F.);
#5123=ADVANCED_FACE('',(#338),#34,.F.);
#5124=ADVANCED_FACE('',(#339),#5004,.F.);
#5125=ADVANCED_FACE('',(#340),#67,.F.);
#5126=ADVANCED_FACE('',(#341),#157,.T.);
#5127=ADVANCED_FACE('',(#342),#5005,.T.);
#5128=ADVANCED_FACE('',(#343),#68,.F.);
#5129=ADVANCED_FACE('',(#344),#158,.T.);
#5130=ADVANCED_FACE('',(#345),#28,.T.);
#5131=ADVANCED_FACE('',(#346),#159,.T.);
#5132=ADVANCED_FACE('',(#347),#69,.F.);
#5133=ADVANCED_FACE('',(#348),#160,.T.);
#5134=ADVANCED_FACE('',(#349),#5006,.T.);
#5135=ADVANCED_FACE('',(#350),#161,.T.);
#5136=ADVANCED_FACE('',(#351),#162,.T.);
#5137=ADVANCED_FACE('',(#352),#70,.F.);
#5138=ADVANCED_FACE('',(#353),#163,.T.);
#5139=ADVANCED_FACE('',(#354),#164,.T.);
#5140=ADVANCED_FACE('',(#355),#165,.T.);
#5141=ADVANCED_FACE('',(#356),#166,.T.);
#5142=ADVANCED_FACE('',(#357),#167,.T.);
#5143=ADVANCED_FACE('',(#358),#5007,.T.);
#5144=ADVANCED_FACE('',(#359),#168,.T.);
#5145=ADVANCED_FACE('',(#360),#169,.T.);
#5146=ADVANCED_FACE('',(#361),#170,.T.);
#5147=ADVANCED_FACE('',(#362),#171,.T.);
#5148=ADVANCED_FACE('',(#363),#172,.T.);
#5149=ADVANCED_FACE('',(#364),#173,.T.);
#5150=ADVANCED_FACE('',(#365),#29,.T.);
#5151=ADVANCED_FACE('',(#366),#174,.T.);
#5152=ADVANCED_FACE('',(#367),#5008,.F.);
#5153=ADVANCED_FACE('',(#368),#175,.T.);
#5154=ADVANCED_FACE('',(#369),#176,.T.);
#5155=ADVANCED_FACE('',(#370),#177,.T.);
#5156=ADVANCED_FACE('',(#371),#178,.T.);
#5157=ADVANCED_FACE('',(#372),#179,.T.);
#5158=ADVANCED_FACE('',(#373),#180,.F.);
#5159=ADVANCED_FACE('',(#374),#181,.F.);
#5160=ADVANCED_FACE('',(#375),#35,.F.);
#5161=ADVANCED_FACE('',(#376),#182,.F.);
#5162=ADVANCED_FACE('',(#377),#183,.T.);
#5163=ADVANCED_FACE('',(#378),#184,.T.);
#5164=ADVANCED_FACE('',(#379),#185,.T.);
#5165=ADVANCED_FACE('',(#380),#5009,.F.);
#5166=ADVANCED_FACE('',(#381),#186,.T.);
#5167=ADVANCED_FACE('',(#382),#187,.T.);
#5168=ADVANCED_FACE('',(#383),#188,.T.);
#5169=ADVANCED_FACE('',(#384),#189,.T.);
#5170=ADVANCED_FACE('',(#385),#190,.T.);
#5171=ADVANCED_FACE('',(#386),#191,.T.);
#5172=ADVANCED_FACE('',(#387),#192,.T.);
#5173=ADVANCED_FACE('',(#388),#193,.F.);
#5174=ADVANCED_FACE('',(#389),#5010,.T.);
#5175=ADVANCED_FACE('',(#390),#194,.F.);
#5176=ADVANCED_FACE('',(#391),#195,.F.);
#5177=ADVANCED_FACE('',(#392),#196,.F.);
#5178=ADVANCED_FACE('',(#393),#36,.T.);
#5179=ADVANCED_FACE('',(#394),#197,.F.);
#5180=ADVANCED_FACE('',(#395),#198,.F.);
#5181=ADVANCED_FACE('',(#396),#199,.F.);
#5182=ADVANCED_FACE('',(#397),#200,.F.);
#5183=ADVANCED_FACE('',(#398),#201,.F.);
#5184=ADVANCED_FACE('',(#399),#202,.F.);
#5185=ADVANCED_FACE('',(#400),#203,.F.);
#5186=ADVANCED_FACE('',(#401),#204,.F.);
#5187=ADVANCED_FACE('',(#402),#205,.F.);
#5188=ADVANCED_FACE('',(#403),#37,.F.);
#5189=ADVANCED_FACE('',(#404),#5011,.F.);
#5190=ADVANCED_FACE('',(#405),#206,.F.);
#5191=ADVANCED_FACE('',(#406),#207,.F.);
#5192=ADVANCED_FACE('',(#407),#208,.F.);
#5193=ADVANCED_FACE('',(#408),#209,.F.);
#5194=ADVANCED_FACE('',(#409),#210,.F.);
#5195=ADVANCED_FACE('',(#410),#211,.F.);
#5196=ADVANCED_FACE('',(#411),#212,.F.);
#5197=ADVANCED_FACE('',(#412),#5012,.F.);
#5198=ADVANCED_FACE('',(#413),#38,.F.);
#5199=ADVANCED_FACE('',(#414),#5013,.T.);
#5200=ADVANCED_FACE('',(#415),#39,.F.);
#5201=ADVANCED_FACE('',(#416),#213,.F.);
#5202=ADVANCED_FACE('',(#417),#214,.F.);
#5203=ADVANCED_FACE('',(#418),#215,.F.);
#5204=ADVANCED_FACE('',(#419),#216,.F.);
#5205=ADVANCED_FACE('',(#420),#217,.F.);
#5206=ADVANCED_FACE('',(#421),#218,.F.);
#5207=ADVANCED_FACE('',(#422),#219,.T.);
#5208=ADVANCED_FACE('',(#423),#220,.F.);
#5209=ADVANCED_FACE('',(#424),#221,.F.);
#5210=ADVANCED_FACE('',(#425),#222,.F.);
#5211=ADVANCED_FACE('',(#426),#223,.F.);
#5212=ADVANCED_FACE('',(#427),#224,.F.);
#5213=ADVANCED_FACE('',(#428),#225,.T.);
#5214=ADVANCED_FACE('',(#429),#226,.T.);
#5215=ADVANCED_FACE('',(#430),#227,.T.);
#5216=ADVANCED_FACE('',(#431),#228,.T.);
#5217=ADVANCED_FACE('',(#432),#229,.F.);
#5218=ADVANCED_FACE('',(#433),#230,.T.);
#5219=ADVANCED_FACE('',(#434),#231,.T.);
#5220=ADVANCED_FACE('',(#435),#232,.T.);
#5221=ADVANCED_FACE('',(#436),#233,.T.);
#5222=ADVANCED_FACE('',(#437),#234,.T.);
#5223=ADVANCED_FACE('',(#438),#235,.F.);
#5224=ADVANCED_FACE('',(#439),#236,.F.);
#5225=ADVANCED_FACE('',(#440),#5014,.T.);
#5226=ADVANCED_FACE('',(#441),#71,.T.);
#5227=ADVANCED_FACE('',(#442,#280,#281,#282),#40,.T.);
#5228=ADVANCED_FACE('',(#443),#72,.T.);
#5229=ADVANCED_FACE('',(#444),#73,.T.);
#5230=ADVANCED_FACE('',(#445),#74,.T.);
#5231=ADVANCED_FACE('',(#446),#75,.T.);
#5232=ADVANCED_FACE('',(#447),#5015,.F.);
#5233=ADVANCED_FACE('',(#448),#5016,.F.);
#5234=ADVANCED_FACE('',(#449,#283,#284,#285,#286,#287,#288,#289,#290),#41,
 .T.);
#5235=ADVANCED_FACE('',(#450),#76,.T.);
#5236=ADVANCED_FACE('',(#451),#77,.T.);
#5237=ADVANCED_FACE('',(#452),#78,.T.);
#5238=ADVANCED_FACE('',(#453),#79,.T.);
#5239=ADVANCED_FACE('',(#454),#5017,.F.);
#5240=ADVANCED_FACE('',(#455,#291,#292,#293,#294,#295,#296,#297,#298,#299),
#42,.T.);
#5241=ADVANCED_FACE('',(#456),#80,.T.);
#5242=ADVANCED_FACE('',(#457),#81,.T.);
#5243=ADVANCED_FACE('',(#458),#82,.T.);
#5244=ADVANCED_FACE('',(#459),#83,.T.);
#5245=ADVANCED_FACE('',(#460),#5018,.F.);
#5246=ADVANCED_FACE('',(#461),#5019,.F.);
#5247=ADVANCED_FACE('',(#462),#84,.T.);
#5248=ADVANCED_FACE('',(#463),#85,.T.);
#5249=ADVANCED_FACE('',(#464),#86,.T.);
#5250=ADVANCED_FACE('',(#465),#87,.T.);
#5251=ADVANCED_FACE('',(#466),#5020,.T.);
#5252=ADVANCED_FACE('',(#467),#88,.T.);
#5253=ADVANCED_FACE('',(#468),#89,.T.);
#5254=ADVANCED_FACE('',(#469),#90,.T.);
#5255=ADVANCED_FACE('',(#470),#91,.T.);
#5256=ADVANCED_FACE('',(#471),#5021,.T.);
#5257=ADVANCED_FACE('',(#472),#5022,.F.);
#5258=ADVANCED_FACE('',(#473),#92,.T.);
#5259=ADVANCED_FACE('',(#474),#93,.T.);
#5260=ADVANCED_FACE('',(#475),#94,.T.);
#5261=ADVANCED_FACE('',(#476),#95,.T.);
#5262=ADVANCED_FACE('',(#477),#5023,.F.);
#5263=ADVANCED_FACE('',(#478),#5024,.F.);
#5264=ADVANCED_FACE('',(#479),#96,.T.);
#5265=ADVANCED_FACE('',(#480),#97,.T.);
#5266=ADVANCED_FACE('',(#481),#98,.T.);
#5267=ADVANCED_FACE('',(#482),#99,.T.);
#5268=ADVANCED_FACE('',(#483),#5025,.F.);
#5269=ADVANCED_FACE('',(#484),#5026,.F.);
#5270=ADVANCED_FACE('',(#485),#100,.T.);
#5271=ADVANCED_FACE('',(#486),#101,.T.);
#5272=ADVANCED_FACE('',(#487),#102,.T.);
#5273=ADVANCED_FACE('',(#488),#103,.T.);
#5274=ADVANCED_FACE('',(#489),#5027,.F.);
#5275=ADVANCED_FACE('',(#490),#5028,.T.);
#5276=ADVANCED_FACE('',(#491),#5029,.T.);
#5277=ADVANCED_FACE('',(#492),#5030,.F.);
#5278=ADVANCED_FACE('',(#493),#237,.F.);
#5279=ADVANCED_FACE('',(#494),#238,.F.);
#5280=ADVANCED_FACE('',(#495),#239,.F.);
#5281=ADVANCED_FACE('',(#496),#240,.F.);
#5282=ADVANCED_FACE('',(#497),#241,.F.);
#5283=ADVANCED_FACE('',(#498),#242,.F.);
#5284=ADVANCED_FACE('',(#499),#243,.F.);
#5285=ADVANCED_FACE('',(#500),#244,.F.);
#5286=ADVANCED_FACE('',(#501),#245,.T.);
#5287=ADVANCED_FACE('',(#502),#246,.T.);
#5288=ADVANCED_FACE('',(#503),#247,.T.);
#5289=ADVANCED_FACE('',(#504),#248,.T.);
#5290=ADVANCED_FACE('',(#505),#249,.F.);
#5291=ADVANCED_FACE('',(#506),#250,.F.);
#5292=ADVANCED_FACE('',(#507),#251,.F.);
#5293=ADVANCED_FACE('',(#508),#252,.F.);
#5294=ADVANCED_FACE('',(#509),#253,.F.);
#5295=ADVANCED_FACE('',(#510),#254,.F.);
#5296=ADVANCED_FACE('',(#511),#5031,.F.);
#5297=ADVANCED_FACE('',(#512),#43,.F.);
#5298=ADVANCED_FACE('',(#513),#5032,.T.);
#5299=ADVANCED_FACE('',(#514),#44,.F.);
#5300=ADVANCED_FACE('',(#515),#255,.F.);
#5301=ADVANCED_FACE('',(#516),#256,.F.);
#5302=ADVANCED_FACE('',(#517),#257,.F.);
#5303=ADVANCED_FACE('',(#518),#258,.F.);
#5304=ADVANCED_FACE('',(#519),#259,.F.);
#5305=ADVANCED_FACE('',(#520),#260,.F.);
#5306=ADVANCED_FACE('',(#521),#261,.T.);
#5307=ADVANCED_FACE('',(#522),#262,.F.);
#5308=ADVANCED_FACE('',(#523),#263,.F.);
#5309=ADVANCED_FACE('',(#524),#264,.F.);
#5310=ADVANCED_FACE('',(#525),#265,.F.);
#5311=ADVANCED_FACE('',(#526),#104,.F.);
#5312=ADVANCED_FACE('',(#527),#5033,.F.);
#5313=ADVANCED_FACE('',(#528),#45,.F.);
#5314=ADVANCED_FACE('',(#529),#266,.T.);
#5315=ADVANCED_FACE('',(#530),#267,.F.);
#5316=ADVANCED_FACE('',(#531),#105,.T.);
#5317=ADVANCED_FACE('',(#532),#5034,.F.);
#5318=ADVANCED_FACE('',(#533),#106,.T.);
#5319=ADVANCED_FACE('',(#534),#107,.T.);
#5320=ADVANCED_FACE('',(#535),#5035,.F.);
#5321=ADVANCED_FACE('',(#536),#108,.T.);
#5322=ADVANCED_FACE('',(#537),#109,.T.);
#5323=ADVANCED_FACE('',(#538),#5036,.F.);
#5324=ADVANCED_FACE('',(#539),#110,.T.);
#5325=ADVANCED_FACE('',(#540),#111,.T.);
#5326=ADVANCED_FACE('',(#541),#5037,.F.);
#5327=ADVANCED_FACE('',(#542),#112,.T.);
#5328=ADVANCED_FACE('',(#543),#113,.T.);
#5329=ADVANCED_FACE('',(#544),#5038,.T.);
#5330=ADVANCED_FACE('',(#545),#46,.F.);
#5331=ADVANCED_FACE('',(#546),#268,.F.);
#5332=ADVANCED_FACE('',(#547),#114,.T.);
#5333=ADVANCED_FACE('',(#548),#5039,.T.);
#5334=ADVANCED_FACE('',(#549),#115,.T.);
#5335=ADVANCED_FACE('',(#550),#269,.F.);
#5336=ADVANCED_FACE('',(#551),#47,.F.);
#5337=ADVANCED_FACE('',(#552),#5040,.F.);
#5338=ADVANCED_FACE('',(#553),#23,.T.);
#5339=ADVANCED_FACE('',(#554),#24,.T.);
#5340=ADVANCED_FACE('',(#555),#5041,.F.);
#5341=ADVANCED_FACE('',(#556),#5042,.F.);
#5342=ADVANCED_FACE('',(#557),#48,.T.);
#5343=ADVANCED_FACE('',(#558),#5043,.F.);
#5344=ADVANCED_FACE('',(#559),#25,.T.);
#5345=ADVANCED_FACE('',(#560),#26,.T.);
#5346=ADVANCED_FACE('',(#561),#15,.T.);
#5347=ADVANCED_FACE('',(#562),#5044,.T.);
#5348=ADVANCED_FACE('',(#563),#270,.F.);
#5349=ADVANCED_FACE('',(#564),#116,.T.);
#5350=ADVANCED_FACE('',(#565),#5045,.T.);
#5351=ADVANCED_FACE('',(#566),#117,.T.);
#5352=ADVANCED_FACE('',(#567),#5046,.T.);
#5353=ADVANCED_FACE('',(#568),#118,.T.);
#5354=ADVANCED_FACE('',(#569),#5047,.T.);
#5355=ADVANCED_FACE('',(#570),#16,.T.);
#5356=ADVANCED_FACE('',(#571),#5048,.T.);
#5357=ADVANCED_FACE('',(#572),#271,.F.);
#5358=ADVANCED_FACE('',(#573),#119,.T.);
#5359=ADVANCED_FACE('',(#574),#5049,.T.);
#5360=ADVANCED_FACE('',(#575),#5050,.T.);
#5361=ADVANCED_FACE('',(#576),#5051,.F.);
#5362=ADVANCED_FACE('',(#577),#5052,.F.);
#5363=ADVANCED_FACE('',(#578),#120,.T.);
#5364=ADVANCED_FACE('',(#579),#121,.T.);
#5365=ADVANCED_FACE('',(#580),#5053,.F.);
#5366=ADVANCED_FACE('',(#581),#49,.F.);
#5367=ADVANCED_FACE('',(#582),#5054,.F.);
#5368=ADVANCED_FACE('',(#583),#50,.F.);
#5369=ADVANCED_FACE('',(#584),#51,.F.);
#5370=ADVANCED_FACE('',(#585),#5055,.F.);
#5371=ADVANCED_FACE('',(#586),#52,.F.);
#5372=ADVANCED_FACE('',(#587),#5056,.F.);
#5373=ADVANCED_FACE('',(#588),#5057,.T.);
#5374=ADVANCED_FACE('',(#589),#272,.T.);
#5375=ADVANCED_FACE('',(#590),#273,.F.);
#5376=ADVANCED_FACE('',(#591),#5058,.T.);
#5377=ADVANCED_FACE('',(#592),#5059,.F.);
#5378=ADVANCED_FACE('',(#593),#5060,.F.);
#5379=ADVANCED_FACE('',(#594),#274,.T.);
#5380=ADVANCED_FACE('',(#595),#17,.F.);
#5381=ADVANCED_FACE('',(#596),#5061,.F.);
#5382=ADVANCED_FACE('',(#597),#5062,.F.);
#5383=ADVANCED_FACE('',(#598),#53,.F.);
#5384=ADVANCED_FACE('',(#599),#54,.T.);
#5385=ADVANCED_FACE('',(#600),#5063,.F.);
#5386=ADVANCED_FACE('',(#601),#55,.F.);
#5387=ADVANCED_FACE('',(#602),#5064,.F.);
#5388=ADVANCED_FACE('',(#603),#275,.T.);
#5389=ADVANCED_FACE('',(#604),#276,.F.);
#5390=ADVANCED_FACE('',(#605),#5065,.T.);
#5391=ADVANCED_FACE('',(#606),#5066,.F.);
#5392=ADVANCED_FACE('',(#607),#5067,.F.);
#5393=ADVANCED_FACE('',(#608),#277,.T.);
#5394=ADVANCED_FACE('',(#609),#18,.F.);
#5395=ADVANCED_FACE('',(#610),#5068,.F.);
#5396=ADVANCED_FACE('',(#611),#5069,.F.);
#5397=ADVANCED_FACE('',(#612),#56,.T.);
#5398=ADVANCED_FACE('',(#613),#57,.F.);
#5399=ADVANCED_FACE('',(#614),#122,.F.);
#5400=ADVANCED_FACE('',(#615,#300),#58,.T.);
#5401=ADVANCED_FACE('',(#616),#5070,.F.);
#5402=ADVANCED_FACE('',(#617),#123,.T.);
#5403=ADVANCED_FACE('',(#618),#5071,.F.);
#5404=ADVANCED_FACE('',(#619),#124,.F.);
#5405=ADVANCED_FACE('',(#620),#59,.T.);
#5406=ADVANCED_FACE('',(#621),#125,.F.);
#5407=ADVANCED_FACE('',(#622),#5072,.F.);
#5408=ADVANCED_FACE('',(#623),#60,.T.);
#5409=ADVANCED_FACE('',(#624),#126,.T.);
#5410=ADVANCED_FACE('',(#625,#301),#61,.T.);
#5411=ADVANCED_FACE('',(#626),#127,.F.);
#5412=ADVANCED_FACE('',(#627),#5073,.F.);
#5413=ADVANCED_FACE('',(#628),#128,.T.);
#5414=ADVANCED_FACE('',(#629),#129,.T.);
#5415=ADVANCED_FACE('',(#630),#19,.F.);
#5416=ADVANCED_FACE('',(#631),#20,.F.);
#5417=ADVANCED_FACE('',(#632),#130,.T.);
#5418=ADVANCED_FACE('',(#633),#5074,.F.);
#5419=ADVANCED_FACE('',(#634),#21,.F.);
#5420=ADVANCED_FACE('',(#635),#22,.F.);
#5421=ADVANCED_FACE('',(#636),#131,.T.);
#5422=ADVANCED_FACE('',(#637),#5075,.F.);
#5423=ADVANCED_FACE('',(#638),#5076,.T.);
#5424=ADVANCED_FACE('',(#639),#132,.T.);
#5425=ADVANCED_FACE('',(#640),#5077,.F.);
#5426=ADVANCED_FACE('',(#641),#133,.T.);
#5427=ADVANCED_FACE('',(#642),#5078,.F.);
#5428=ADVANCED_FACE('',(#643),#5079,.T.);
#5429=ADVANCED_FACE('',(#644),#5080,.T.);
#5430=ADVANCED_FACE('',(#645),#5081,.T.);
#5431=ADVANCED_FACE('',(#646),#5082,.F.);
#5432=ADVANCED_FACE('',(#647),#5083,.F.);
#5433=ADVANCED_FACE('',(#648),#5084,.F.);
#5434=ADVANCED_FACE('',(#649),#5085,.F.);
#5435=ADVANCED_FACE('',(#650),#5086,.F.);
#5436=ADVANCED_FACE('',(#651),#62,.F.);
#5437=ADVANCED_FACE('',(#652),#63,.F.);
#5438=ADVANCED_FACE('',(#653),#64,.F.);
#5439=ADVANCED_FACE('',(#654),#134,.T.);
#5440=ADVANCED_FACE('',(#655),#65,.F.);
#5441=CLOSED_SHELL('',(#5087,#5088,#5089,#5090,#5091,#5092,#5093,#5094,
#5095,#5096,#5097,#5098,#5099,#5100,#5101,#5102,#5103,#5104,#5105,#5106,
#5107,#5108,#5109,#5110,#5111,#5112,#5113,#5114,#5115,#5116,#5117,#5118,
#5119,#5120,#5121,#5122,#5123,#5124,#5125,#5126,#5127,#5128,#5129,#5130,
#5131,#5132,#5133,#5134,#5135,#5136,#5137,#5138,#5139,#5140,#5141,#5142,
#5143,#5144,#5145,#5146,#5147,#5148,#5149,#5150,#5151,#5152,#5153,#5154,
#5155,#5156,#5157,#5158,#5159,#5160,#5161,#5162,#5163,#5164,#5165,#5166,
#5167,#5168,#5169,#5170,#5171,#5172,#5173,#5174,#5175,#5176,#5177,#5178,
#5179,#5180,#5181,#5182,#5183,#5184,#5185,#5186,#5187,#5188,#5189,#5190,
#5191,#5192,#5193,#5194,#5195,#5196,#5197,#5198,#5199,#5200,#5201,#5202,
#5203,#5204,#5205,#5206,#5207,#5208,#5209,#5210,#5211,#5212,#5213,#5214,
#5215,#5216,#5217,#5218,#5219,#5220,#5221,#5222,#5223,#5224,#5225,#5226,
#5227,#5228,#5229,#5230,#5231,#5232,#5233,#5234,#5235,#5236,#5237,#5238,
#5239,#5240,#5241,#5242,#5243,#5244,#5245,#5246,#5247,#5248,#5249,#5250,
#5251,#5252,#5253,#5254,#5255,#5256,#5257,#5258,#5259,#5260,#5261,#5262,
#5263,#5264,#5265,#5266,#5267,#5268,#5269,#5270,#5271,#5272,#5273,#5274,
#5275,#5276,#5277,#5278,#5279,#5280,#5281,#5282,#5283,#5284,#5285,#5286,
#5287,#5288,#5289,#5290,#5291,#5292,#5293,#5294,#5295,#5296,#5297,#5298,
#5299,#5300,#5301,#5302,#5303,#5304,#5305,#5306,#5307,#5308,#5309,#5310,
#5311,#5312,#5313,#5314,#5315,#5316,#5317,#5318,#5319,#5320,#5321,#5322,
#5323,#5324,#5325,#5326,#5327,#5328,#5329,#5330,#5331,#5332,#5333,#5334,
#5335,#5336,#5337,#5338,#5339,#5340,#5341,#5342,#5343,#5344,#5345,#5346,
#5347,#5348,#5349,#5350,#5351,#5352,#5353,#5354,#5355,#5356,#5357,#5358,
#5359,#5360,#5361,#5362,#5363,#5364,#5365,#5366,#5367,#5368,#5369,#5370,
#5371,#5372,#5373,#5374,#5375,#5376,#5377,#5378,#5379,#5380,#5381,#5382,
#5383,#5384,#5385,#5386,#5387,#5388,#5389,#5390,#5391,#5392,#5393,#5394,
#5395,#5396,#5397,#5398,#5399,#5400,#5401,#5402,#5403,#5404,#5405,#5406,
#5407,#5408,#5409,#5410,#5411,#5412,#5413,#5414,#5415,#5416,#5417,#5418,
#5419,#5420,#5421,#5422,#5423,#5424,#5425,#5426,#5427,#5428,#5429,#5430,
#5431,#5432,#5433,#5434,#5435,#5436,#5437,#5438,#5439,#5440));
#5442=DERIVED_UNIT_ELEMENT(#5444,1.);
#5443=DERIVED_UNIT_ELEMENT(#14075,-3.);
#5444=(
MASS_UNIT()
NAMED_UNIT(*)
SI_UNIT(.KILO.,.GRAM.)
);
#5445=DERIVED_UNIT((#5442,#5443));
#5446=MEASURE_REPRESENTATION_ITEM('density measure',
POSITIVE_RATIO_MEASURE(1000.),#5445);
#5447=PROPERTY_DEFINITION_REPRESENTATION(#5452,#5449);
#5448=PROPERTY_DEFINITION_REPRESENTATION(#5453,#5450);
#5449=REPRESENTATION('material name',(#5451),#14072);
#5450=REPRESENTATION('density',(#5446),#14072);
#5451=DESCRIPTIVE_REPRESENTATION_ITEM('Generic','Generic');
#5452=PROPERTY_DEFINITION('material property','material name',#14082);
#5453=PROPERTY_DEFINITION('material property','density of part',#14082);
#5454=AXIS2_PLACEMENT_3D('',#7438,#6061,#6062);
#5455=AXIS2_PLACEMENT_3D('',#7439,#6063,#6064);
#5456=AXIS2_PLACEMENT_3D('',#7486,#6067,#6068);
#5457=AXIS2_PLACEMENT_3D('',#7528,#6071,#6072);
#5458=AXIS2_PLACEMENT_3D('',#7535,#6073,#6074);
#5459=AXIS2_PLACEMENT_3D('',#7542,#6075,#6076);
#5460=AXIS2_PLACEMENT_3D('',#7561,#6079,#6080);
#5461=AXIS2_PLACEMENT_3D('',#7562,#6081,#6082);
#5462=AXIS2_PLACEMENT_3D('',#7823,#6088,#6089);
#5463=AXIS2_PLACEMENT_3D('',#7871,#6090,#6091);
#5464=AXIS2_PLACEMENT_3D('',#7880,#6092,#6093);
#5465=AXIS2_PLACEMENT_3D('',#7883,#6094,#6095);
#5466=AXIS2_PLACEMENT_3D('',#7918,#6098,#6099);
#5467=AXIS2_PLACEMENT_3D('',#7951,#6100,#6101);
#5468=AXIS2_PLACEMENT_3D('',#7992,#6102,#6103);
#5469=AXIS2_PLACEMENT_3D('',#8035,#6104,#6105);
#5470=AXIS2_PLACEMENT_3D('',#8072,#6106,#6107);
#5471=AXIS2_PLACEMENT_3D('',#8112,#6108,#6109);
#5472=AXIS2_PLACEMENT_3D('',#8123,#6110,#6111);
#5473=AXIS2_PLACEMENT_3D('',#8125,#6112,#6113);
#5474=AXIS2_PLACEMENT_3D('',#8156,#6115,#6116);
#5475=AXIS2_PLACEMENT_3D('',#8182,#6117,#6118);
#5476=AXIS2_PLACEMENT_3D('',#8183,#6119,#6120);
#5477=AXIS2_PLACEMENT_3D('',#8213,#6121,#6122);
#5478=AXIS2_PLACEMENT_3D('',#8214,#6123,#6124);
#5479=AXIS2_PLACEMENT_3D('',#8216,#6125,#6126);
#5480=AXIS2_PLACEMENT_3D('',#8217,#6127,#6128);
#5481=AXIS2_PLACEMENT_3D('',#8247,#6129,#6130);
#5482=AXIS2_PLACEMENT_3D('',#8273,#6131,#6132);
#5483=AXIS2_PLACEMENT_3D('',#8274,#6133,#6134);
#5484=AXIS2_PLACEMENT_3D('',#8304,#6135,#6136);
#5485=AXIS2_PLACEMENT_3D('',#8305,#6137,#6138);
#5486=AXIS2_PLACEMENT_3D('',#8307,#6139,#6140);
#5487=AXIS2_PLACEMENT_3D('',#8341,#6142,#6143);
#5488=AXIS2_PLACEMENT_3D('',#8374,#6144,#6145);
#5489=AXIS2_PLACEMENT_3D('',#8415,#6146,#6147);
#5490=AXIS2_PLACEMENT_3D('',#8458,#6148,#6149);
#5491=AXIS2_PLACEMENT_3D('',#8495,#6150,#6151);
#5492=AXIS2_PLACEMENT_3D('',#8536,#6152,#6153);
#5493=AXIS2_PLACEMENT_3D('',#8547,#6154,#6155);
#5494=AXIS2_PLACEMENT_3D('',#8550,#6156,#6157);
#5495=AXIS2_PLACEMENT_3D('',#8583,#6160,#6161);
#5496=AXIS2_PLACEMENT_3D('',#8645,#6162,#6163);
#5497=AXIS2_PLACEMENT_3D('',#8649,#6165,#6166);
#5498=AXIS2_PLACEMENT_3D('',#8653,#6168,#6169);
#5499=AXIS2_PLACEMENT_3D('',#8659,#6172,#6173);
#5500=AXIS2_PLACEMENT_3D('',#8661,#6175,#6176);
#5501=AXIS2_PLACEMENT_3D('',#8664,#6178,#6179);
#5502=AXIS2_PLACEMENT_3D('',#8665,#6180,#6181);
#5503=AXIS2_PLACEMENT_3D('',#8669,#6184,#6185);
#5504=AXIS2_PLACEMENT_3D('',#8672,#6187,#6188);
#5505=AXIS2_PLACEMENT_3D('',#8673,#6189,#6190);
#5506=AXIS2_PLACEMENT_3D('',#8677,#6193,#6194);
#5507=AXIS2_PLACEMENT_3D('',#8680,#6196,#6197);
#5508=AXIS2_PLACEMENT_3D('',#8681,#6198,#6199);
#5509=AXIS2_PLACEMENT_3D('',#8685,#6202,#6203);
#5510=AXIS2_PLACEMENT_3D('',#8688,#6205,#6206);
#5511=AXIS2_PLACEMENT_3D('',#8689,#6207,#6208);
#5512=AXIS2_PLACEMENT_3D('',#8693,#6210,#6211);
#5513=AXIS2_PLACEMENT_3D('',#8699,#6214,#6215);
#5514=AXIS2_PLACEMENT_3D('',#8702,#6217,#6218);
#5515=AXIS2_PLACEMENT_3D('',#8703,#6219,#6220);
#5516=AXIS2_PLACEMENT_3D('',#8706,#6222,#6223);
#5517=AXIS2_PLACEMENT_3D('',#8707,#6224,#6225);
#5518=AXIS2_PLACEMENT_3D('',#8709,#6226,#6227);
#5519=AXIS2_PLACEMENT_3D('',#8710,#6228,#6229);
#5520=AXIS2_PLACEMENT_3D('',#8741,#6230,#6231);
#5521=AXIS2_PLACEMENT_3D('',#8766,#6233,#6234);
#5522=AXIS2_PLACEMENT_3D('',#8767,#6235,#6236);
#5523=AXIS2_PLACEMENT_3D('',#8769,#6237,#6238);
#5524=AXIS2_PLACEMENT_3D('',#8770,#6239,#6240);
#5525=AXIS2_PLACEMENT_3D('',#8801,#6241,#6242);
#5526=AXIS2_PLACEMENT_3D('',#8804,#6244,#6245);
#5527=AXIS2_PLACEMENT_3D('',#8823,#6246,#6247);
#5528=AXIS2_PLACEMENT_3D('',#8829,#6248,#6249);
#5529=AXIS2_PLACEMENT_3D('',#8834,#6250,#6251);
#5530=AXIS2_PLACEMENT_3D('',#8835,#6252,#6253);
#5531=AXIS2_PLACEMENT_3D('',#8890,#6254,#6255);
#5532=AXIS2_PLACEMENT_3D('',#8907,#6257,#6258);
#5533=AXIS2_PLACEMENT_3D('',#8964,#6259,#6260);
#5534=AXIS2_PLACEMENT_3D('',#8974,#6261,#6262);
#5535=AXIS2_PLACEMENT_3D('',#8975,#6263,#6264);
#5536=AXIS2_PLACEMENT_3D('',#9053,#6265,#6266);
#5537=AXIS2_PLACEMENT_3D('',#9082,#6267,#6268);
#5538=AXIS2_PLACEMENT_3D('',#9104,#6269,#6270);
#5539=AXIS2_PLACEMENT_3D('',#9129,#6271,#6272);
#5540=AXIS2_PLACEMENT_3D('',#9131,#6273,#6274);
#5541=AXIS2_PLACEMENT_3D('',#9158,#6276,#6277);
#5542=AXIS2_PLACEMENT_3D('',#9182,#6278,#6279);
#5543=AXIS2_PLACEMENT_3D('',#9202,#6280,#6281);
#5544=AXIS2_PLACEMENT_3D('',#9280,#6283,#6284);
#5545=AXIS2_PLACEMENT_3D('',#9314,#6285,#6286);
#5546=AXIS2_PLACEMENT_3D('',#9323,#6287,#6288);
#5547=AXIS2_PLACEMENT_3D('',#9325,#6289,#6290);
#5548=AXIS2_PLACEMENT_3D('',#9328,#6292,#6293);
#5549=AXIS2_PLACEMENT_3D('',#9379,#6294,#6295);
#5550=AXIS2_PLACEMENT_3D('',#9386,#6296,#6297);
#5551=AXIS2_PLACEMENT_3D('',#9455,#6298,#6299);
#5552=AXIS2_PLACEMENT_3D('',#9554,#6300,#6301);
#5553=AXIS2_PLACEMENT_3D('',#9586,#6302,#6303);
#5554=AXIS2_PLACEMENT_3D('',#9591,#6304,#6305);
#5555=AXIS2_PLACEMENT_3D('',#9629,#6306,#6307);
#5556=AXIS2_PLACEMENT_3D('',#9635,#6308,#6309);
#5557=AXIS2_PLACEMENT_3D('',#9653,#6310,#6311);
#5558=AXIS2_PLACEMENT_3D('',#9699,#6312,#6313);
#5559=AXIS2_PLACEMENT_3D('',#9747,#6314,#6315);
#5560=AXIS2_PLACEMENT_3D('',#9765,#6316,#6317);
#5561=AXIS2_PLACEMENT_3D('',#9768,#6318,#6319);
#5562=AXIS2_PLACEMENT_3D('',#9772,#6321,#6322);
#5563=AXIS2_PLACEMENT_3D('',#9824,#6324,#6325);
#5564=AXIS2_PLACEMENT_3D('',#9831,#6326,#6327);
#5565=AXIS2_PLACEMENT_3D('',#9886,#6328,#6329);
#5566=AXIS2_PLACEMENT_3D('',#9926,#6330,#6331);
#5567=AXIS2_PLACEMENT_3D('',#9980,#6332,#6333);
#5568=AXIS2_PLACEMENT_3D('',#10100,#6334,#6335);
#5569=AXIS2_PLACEMENT_3D('',#10111,#6336,#6337);
#5570=AXIS2_PLACEMENT_3D('',#10119,#6338,#6339);
#5571=AXIS2_PLACEMENT_3D('',#10195,#6340,#6341);
#5572=AXIS2_PLACEMENT_3D('',#10222,#6342,#6343);
#5573=AXIS2_PLACEMENT_3D('',#10227,#6344,#6345);
#5574=AXIS2_PLACEMENT_3D('',#10265,#6346,#6347);
#5575=AXIS2_PLACEMENT_3D('',#10271,#6348,#6349);
#5576=AXIS2_PLACEMENT_3D('',#10298,#6350,#6351);
#5577=AXIS2_PLACEMENT_3D('',#10333,#6352,#6353);
#5578=AXIS2_PLACEMENT_3D('',#10364,#6354,#6355);
#5579=AXIS2_PLACEMENT_3D('',#10400,#6356,#6357);
#5580=AXIS2_PLACEMENT_3D('',#10438,#6358,#6359);
#5581=AXIS2_PLACEMENT_3D('',#10471,#6360,#6361);
#5582=AXIS2_PLACEMENT_3D('',#10506,#6362,#6363);
#5583=AXIS2_PLACEMENT_3D('',#10559,#6364,#6365);
#5584=AXIS2_PLACEMENT_3D('',#10561,#6367,#6368);
#5585=AXIS2_PLACEMENT_3D('',#10642,#6369,#6370);
#5586=AXIS2_PLACEMENT_3D('',#10671,#6371,#6372);
#5587=AXIS2_PLACEMENT_3D('',#10718,#6373,#6374);
#5588=AXIS2_PLACEMENT_3D('',#10747,#6375,#6376);
#5589=AXIS2_PLACEMENT_3D('',#10778,#6377,#6378);
#5590=AXIS2_PLACEMENT_3D('',#10823,#6379,#6380);
#5591=AXIS2_PLACEMENT_3D('',#10832,#6382,#6383);
#5592=AXIS2_PLACEMENT_3D('',#10844,#6385,#6386);
#5593=AXIS2_PLACEMENT_3D('',#10854,#6388,#6389);
#5594=AXIS2_PLACEMENT_3D('',#10903,#6390,#6391);
#5595=AXIS2_PLACEMENT_3D('',#10929,#6392,#6393);
#5596=AXIS2_PLACEMENT_3D('',#10966,#6394,#6395);
#5597=AXIS2_PLACEMENT_3D('',#10999,#6396,#6397);
#5598=AXIS2_PLACEMENT_3D('',#11025,#6398,#6399);
#5599=AXIS2_PLACEMENT_3D('',#11152,#6400,#6401);
#5600=AXIS2_PLACEMENT_3D('',#11587,#6402,#6403);
#5601=AXIS2_PLACEMENT_3D('',#11588,#6404,#6405);
#5602=AXIS2_PLACEMENT_3D('',#11589,#6406,#6407);
#5603=AXIS2_PLACEMENT_3D('',#11591,#6408,#6409);
#5604=AXIS2_PLACEMENT_3D('',#11592,#6410,#6411);
#5605=AXIS2_PLACEMENT_3D('',#11593,#6412,#6413);
#5606=AXIS2_PLACEMENT_3D('',#11595,#6414,#6415);
#5607=AXIS2_PLACEMENT_3D('',#11598,#6416,#6417);
#5608=AXIS2_PLACEMENT_3D('',#11602,#6419,#6420);
#5609=AXIS2_PLACEMENT_3D('',#11606,#6422,#6423);
#5610=AXIS2_PLACEMENT_3D('',#11610,#6425,#6426);
#5611=AXIS2_PLACEMENT_3D('',#11613,#6428,#6429);
#5612=AXIS2_PLACEMENT_3D('',#11614,#6430,#6431);
#5613=AXIS2_PLACEMENT_3D('',#11617,#6432,#6433);
#5614=AXIS2_PLACEMENT_3D('',#11619,#6434,#6435);
#5615=AXIS2_PLACEMENT_3D('',#11621,#6436,#6437);
#5616=AXIS2_PLACEMENT_3D('',#11622,#6438,#6439);
#5617=AXIS2_PLACEMENT_3D('',#11623,#6440,#6441);
#5618=AXIS2_PLACEMENT_3D('',#11626,#6442,#6443);
#5619=AXIS2_PLACEMENT_3D('',#11627,#6444,#6445);
#5620=AXIS2_PLACEMENT_3D('',#11628,#6446,#6447);
#5621=AXIS2_PLACEMENT_3D('',#11629,#6448,#6449);
#5622=AXIS2_PLACEMENT_3D('',#11632,#6450,#6451);
#5623=AXIS2_PLACEMENT_3D('',#11633,#6452,#6453);
#5624=AXIS2_PLACEMENT_3D('',#11634,#6454,#6455);
#5625=AXIS2_PLACEMENT_3D('',#11635,#6456,#6457);
#5626=AXIS2_PLACEMENT_3D('',#11636,#6458,#6459);
#5627=AXIS2_PLACEMENT_3D('',#11637,#6460,#6461);
#5628=AXIS2_PLACEMENT_3D('',#11638,#6462,#6463);
#5629=AXIS2_PLACEMENT_3D('',#11642,#6465,#6466);
#5630=AXIS2_PLACEMENT_3D('',#11644,#6468,#6469);
#5631=AXIS2_PLACEMENT_3D('',#11647,#6471,#6472);
#5632=AXIS2_PLACEMENT_3D('',#11648,#6473,#6474);
#5633=AXIS2_PLACEMENT_3D('',#11650,#6475,#6476);
#5634=AXIS2_PLACEMENT_3D('',#11653,#6477,#6478);
#5635=AXIS2_PLACEMENT_3D('',#11655,#6479,#6480);
#5636=AXIS2_PLACEMENT_3D('',#11657,#6481,#6482);
#5637=AXIS2_PLACEMENT_3D('',#11658,#6483,#6484);
#5638=AXIS2_PLACEMENT_3D('',#11661,#6485,#6486);
#5639=AXIS2_PLACEMENT_3D('',#11663,#6487,#6488);
#5640=AXIS2_PLACEMENT_3D('',#11665,#6489,#6490);
#5641=AXIS2_PLACEMENT_3D('',#11666,#6491,#6492);
#5642=AXIS2_PLACEMENT_3D('',#11668,#6493,#6494);
#5643=AXIS2_PLACEMENT_3D('',#11670,#6495,#6496);
#5644=AXIS2_PLACEMENT_3D('',#11672,#6497,#6498);
#5645=AXIS2_PLACEMENT_3D('',#11674,#6499,#6500);
#5646=AXIS2_PLACEMENT_3D('',#11677,#6501,#6502);
#5647=AXIS2_PLACEMENT_3D('',#11679,#6503,#6504);
#5648=AXIS2_PLACEMENT_3D('',#11681,#6505,#6506);
#5649=AXIS2_PLACEMENT_3D('',#11682,#6507,#6508);
#5650=AXIS2_PLACEMENT_3D('',#11683,#6509,#6510);
#5651=AXIS2_PLACEMENT_3D('',#11686,#6511,#6512);
#5652=AXIS2_PLACEMENT_3D('',#11687,#6513,#6514);
#5653=AXIS2_PLACEMENT_3D('',#11689,#6515,#6516);
#5654=AXIS2_PLACEMENT_3D('',#11690,#6517,#6518);
#5655=AXIS2_PLACEMENT_3D('',#11691,#6519,#6520);
#5656=AXIS2_PLACEMENT_3D('',#11693,#6521,#6522);
#5657=AXIS2_PLACEMENT_3D('',#11694,#6523,#6524);
#5658=AXIS2_PLACEMENT_3D('',#11695,#6525,#6526);
#5659=AXIS2_PLACEMENT_3D('',#11697,#6527,#6528);
#5660=AXIS2_PLACEMENT_3D('',#11698,#6529,#6530);
#5661=AXIS2_PLACEMENT_3D('',#11699,#6531,#6532);
#5662=AXIS2_PLACEMENT_3D('',#11700,#6533,#6534);
#5663=AXIS2_PLACEMENT_3D('',#11701,#6535,#6536);
#5664=AXIS2_PLACEMENT_3D('',#11702,#6537,#6538);
#5665=AXIS2_PLACEMENT_3D('',#11704,#6540,#6541);
#5666=AXIS2_PLACEMENT_3D('',#11706,#6542,#6543);
#5667=AXIS2_PLACEMENT_3D('',#11709,#6544,#6545);
#5668=AXIS2_PLACEMENT_3D('',#11711,#6546,#6547);
#5669=AXIS2_PLACEMENT_3D('',#11713,#6548,#6549);
#5670=AXIS2_PLACEMENT_3D('',#11714,#6550,#6551);
#5671=AXIS2_PLACEMENT_3D('',#11717,#6552,#6553);
#5672=AXIS2_PLACEMENT_3D('',#11719,#6554,#6555);
#5673=AXIS2_PLACEMENT_3D('',#11721,#6556,#6557);
#5674=AXIS2_PLACEMENT_3D('',#11722,#6558,#6559);
#5675=AXIS2_PLACEMENT_3D('',#11726,#6562,#6563);
#5676=AXIS2_PLACEMENT_3D('',#11728,#6564,#6565);
#5677=AXIS2_PLACEMENT_3D('',#11730,#6566,#6567);
#5678=AXIS2_PLACEMENT_3D('',#11732,#6568,#6569);
#5679=AXIS2_PLACEMENT_3D('',#11734,#6570,#6571);
#5680=AXIS2_PLACEMENT_3D('',#11737,#6572,#6573);
#5681=AXIS2_PLACEMENT_3D('',#11739,#6574,#6575);
#5682=AXIS2_PLACEMENT_3D('',#11741,#6576,#6577);
#5683=AXIS2_PLACEMENT_3D('',#11742,#6578,#6579);
#5684=AXIS2_PLACEMENT_3D('',#11743,#6580,#6581);
#5685=AXIS2_PLACEMENT_3D('',#11745,#6582,#6583);
#5686=AXIS2_PLACEMENT_3D('',#11747,#6584,#6585);
#5687=AXIS2_PLACEMENT_3D('',#11748,#6586,#6587);
#5688=AXIS2_PLACEMENT_3D('',#11749,#6588,#6589);
#5689=AXIS2_PLACEMENT_3D('',#11751,#6590,#6591);
#5690=AXIS2_PLACEMENT_3D('',#11752,#6592,#6593);
#5691=AXIS2_PLACEMENT_3D('',#11753,#6594,#6595);
#5692=AXIS2_PLACEMENT_3D('',#11755,#6596,#6597);
#5693=AXIS2_PLACEMENT_3D('',#11756,#6598,#6599);
#5694=AXIS2_PLACEMENT_3D('',#11757,#6600,#6601);
#5695=AXIS2_PLACEMENT_3D('',#11758,#6602,#6603);
#5696=AXIS2_PLACEMENT_3D('',#11759,#6604,#6605);
#5697=AXIS2_PLACEMENT_3D('',#11763,#6607,#6608);
#5698=AXIS2_PLACEMENT_3D('',#11765,#6610,#6611);
#5699=AXIS2_PLACEMENT_3D('',#11768,#6613,#6614);
#5700=AXIS2_PLACEMENT_3D('',#11769,#6615,#6616);
#5701=AXIS2_PLACEMENT_3D('',#11770,#6617,#6618);
#5702=AXIS2_PLACEMENT_3D('',#11771,#6619,#6620);
#5703=AXIS2_PLACEMENT_3D('',#11772,#6621,#6622);
#5704=AXIS2_PLACEMENT_3D('',#11774,#6623,#6624);
#5705=AXIS2_PLACEMENT_3D('',#11775,#6625,#6626);
#5706=AXIS2_PLACEMENT_3D('',#11776,#6627,#6628);
#5707=AXIS2_PLACEMENT_3D('',#11777,#6629,#6630);
#5708=AXIS2_PLACEMENT_3D('',#11778,#6631,#6632);
#5709=AXIS2_PLACEMENT_3D('',#11779,#6633,#6634);
#5710=AXIS2_PLACEMENT_3D('',#11780,#6635,#6636);
#5711=AXIS2_PLACEMENT_3D('',#11782,#6638,#6639);
#5712=AXIS2_PLACEMENT_3D('',#11784,#6640,#6641);
#5713=AXIS2_PLACEMENT_3D('',#11786,#6642,#6643);
#5714=AXIS2_PLACEMENT_3D('',#11787,#6644,#6645);
#5715=AXIS2_PLACEMENT_3D('',#11788,#6646,#6647);
#5716=AXIS2_PLACEMENT_3D('',#11790,#6648,#6649);
#5717=AXIS2_PLACEMENT_3D('',#11791,#6650,#6651);
#5718=AXIS2_PLACEMENT_3D('',#11792,#6652,#6653);
#5719=AXIS2_PLACEMENT_3D('',#11794,#6654,#6655);
#5720=AXIS2_PLACEMENT_3D('',#11795,#6656,#6657);
#5721=AXIS2_PLACEMENT_3D('',#11796,#6658,#6659);
#5722=AXIS2_PLACEMENT_3D('',#11797,#6660,#6661);
#5723=AXIS2_PLACEMENT_3D('',#11798,#6662,#6663);
#5724=AXIS2_PLACEMENT_3D('',#11802,#6665,#6666);
#5725=AXIS2_PLACEMENT_3D('',#11804,#6668,#6669);
#5726=AXIS2_PLACEMENT_3D('',#11807,#6671,#6672);
#5727=AXIS2_PLACEMENT_3D('',#11808,#6673,#6674);
#5728=AXIS2_PLACEMENT_3D('',#11809,#6675,#6676);
#5729=AXIS2_PLACEMENT_3D('',#11811,#6677,#6678);
#5730=AXIS2_PLACEMENT_3D('',#11812,#6679,#6680);
#5731=AXIS2_PLACEMENT_3D('',#11813,#6681,#6682);
#5732=AXIS2_PLACEMENT_3D('',#11814,#6683,#6684);
#5733=AXIS2_PLACEMENT_3D('',#11815,#6685,#6686);
#5734=AXIS2_PLACEMENT_3D('',#11816,#6687,#6688);
#5735=AXIS2_PLACEMENT_3D('',#11817,#6689,#6690);
#5736=AXIS2_PLACEMENT_3D('',#11818,#6691,#6692);
#5737=AXIS2_PLACEMENT_3D('',#11819,#6693,#6694);
#5738=AXIS2_PLACEMENT_3D('',#11821,#6696,#6697);
#5739=AXIS2_PLACEMENT_3D('',#11822,#6698,#6699);
#5740=AXIS2_PLACEMENT_3D('',#11824,#6700,#6701);
#5741=AXIS2_PLACEMENT_3D('',#11826,#6702,#6703);
#5742=AXIS2_PLACEMENT_3D('',#11827,#6704,#6705);
#5743=AXIS2_PLACEMENT_3D('',#11828,#6706,#6707);
#5744=AXIS2_PLACEMENT_3D('',#11830,#6708,#6709);
#5745=AXIS2_PLACEMENT_3D('',#11831,#6710,#6711);
#5746=AXIS2_PLACEMENT_3D('',#11832,#6712,#6713);
#5747=AXIS2_PLACEMENT_3D('',#11834,#6714,#6715);
#5748=AXIS2_PLACEMENT_3D('',#11835,#6716,#6717);
#5749=AXIS2_PLACEMENT_3D('',#11836,#6718,#6719);
#5750=AXIS2_PLACEMENT_3D('',#11837,#6720,#6721);
#5751=AXIS2_PLACEMENT_3D('',#11838,#6722,#6723);
#5752=AXIS2_PLACEMENT_3D('',#11842,#6725,#6726);
#5753=AXIS2_PLACEMENT_3D('',#11844,#6728,#6729);
#5754=AXIS2_PLACEMENT_3D('',#11847,#6731,#6732);
#5755=AXIS2_PLACEMENT_3D('',#11848,#6733,#6734);
#5756=AXIS2_PLACEMENT_3D('',#11850,#6735,#6736);
#5757=AXIS2_PLACEMENT_3D('',#11851,#6737,#6738);
#5758=AXIS2_PLACEMENT_3D('',#11852,#6739,#6740);
#5759=AXIS2_PLACEMENT_3D('',#11853,#6741,#6742);
#5760=AXIS2_PLACEMENT_3D('',#11854,#6743,#6744);
#5761=AXIS2_PLACEMENT_3D('',#11855,#6745,#6746);
#5762=AXIS2_PLACEMENT_3D('',#11856,#6747,#6748);
#5763=AXIS2_PLACEMENT_3D('',#11857,#6749,#6750);
#5764=AXIS2_PLACEMENT_3D('',#11858,#6751,#6752);
#5765=AXIS2_PLACEMENT_3D('',#11859,#6753,#6754);
#5766=AXIS2_PLACEMENT_3D('',#11861,#6756,#6757);
#5767=AXIS2_PLACEMENT_3D('',#11862,#6758,#6759);
#5768=AXIS2_PLACEMENT_3D('',#11863,#6760,#6761);
#5769=AXIS2_PLACEMENT_3D('',#11886,#6762,#6763);
#5770=AXIS2_PLACEMENT_3D('',#11921,#6764,#6765);
#5771=AXIS2_PLACEMENT_3D('',#11958,#6766,#6767);
#5772=AXIS2_PLACEMENT_3D('',#11996,#6768,#6769);
#5773=AXIS2_PLACEMENT_3D('',#12028,#6770,#6771);
#5774=AXIS2_PLACEMENT_3D('',#12059,#6772,#6773);
#5775=AXIS2_PLACEMENT_3D('',#12488,#6774,#6775);
#5776=AXIS2_PLACEMENT_3D('',#12518,#6776,#6777);
#5777=AXIS2_PLACEMENT_3D('',#12565,#6778,#6779);
#5778=AXIS2_PLACEMENT_3D('',#12594,#6780,#6781);
#5779=AXIS2_PLACEMENT_3D('',#12625,#6782,#6783);
#5780=AXIS2_PLACEMENT_3D('',#12728,#6784,#6785);
#5781=AXIS2_PLACEMENT_3D('',#12739,#6787,#6788);
#5782=AXIS2_PLACEMENT_3D('',#12751,#6790,#6791);
#5783=AXIS2_PLACEMENT_3D('',#12760,#6793,#6794);
#5784=AXIS2_PLACEMENT_3D('',#12809,#6795,#6796);
#5785=AXIS2_PLACEMENT_3D('',#12835,#6797,#6798);
#5786=AXIS2_PLACEMENT_3D('',#12867,#6799,#6800);
#5787=AXIS2_PLACEMENT_3D('',#12899,#6801,#6802);
#5788=AXIS2_PLACEMENT_3D('',#12925,#6803,#6804);
#5789=AXIS2_PLACEMENT_3D('',#13059,#6805,#6806);
#5790=AXIS2_PLACEMENT_3D('',#13085,#6807,#6808);
#5791=AXIS2_PLACEMENT_3D('',#13086,#6809,#6810);
#5792=AXIS2_PLACEMENT_3D('',#13088,#6812,#6813);
#5793=AXIS2_PLACEMENT_3D('',#13129,#6814,#6815);
#5794=AXIS2_PLACEMENT_3D('',#13131,#6816,#6817);
#5795=AXIS2_PLACEMENT_3D('',#13133,#6818,#6819);
#5796=AXIS2_PLACEMENT_3D('',#13134,#6820,#6821);
#5797=AXIS2_PLACEMENT_3D('',#13135,#6822,#6823);
#5798=AXIS2_PLACEMENT_3D('',#13139,#6825,#6826);
#5799=AXIS2_PLACEMENT_3D('',#13140,#6827,#6828);
#5800=AXIS2_PLACEMENT_3D('',#13141,#6829,#6830);
#5801=AXIS2_PLACEMENT_3D('',#13142,#6831,#6832);
#5802=AXIS2_PLACEMENT_3D('',#13143,#6833,#6834);
#5803=AXIS2_PLACEMENT_3D('',#13145,#6835,#6836);
#5804=AXIS2_PLACEMENT_3D('',#13147,#6837,#6838);
#5805=AXIS2_PLACEMENT_3D('',#13148,#6839,#6840);
#5806=AXIS2_PLACEMENT_3D('',#13149,#6841,#6842);
#5807=AXIS2_PLACEMENT_3D('',#13152,#6843,#6844);
#5808=AXIS2_PLACEMENT_3D('',#13154,#6846,#6847);
#5809=AXIS2_PLACEMENT_3D('',#13155,#6848,#6849);
#5810=AXIS2_PLACEMENT_3D('',#13156,#6850,#6851);
#5811=AXIS2_PLACEMENT_3D('',#13157,#6852,#6853);
#5812=AXIS2_PLACEMENT_3D('',#13159,#6854,#6855);
#5813=AXIS2_PLACEMENT_3D('',#13161,#6856,#6857);
#5814=AXIS2_PLACEMENT_3D('',#13162,#6858,#6859);
#5815=AXIS2_PLACEMENT_3D('',#13163,#6860,#6861);
#5816=AXIS2_PLACEMENT_3D('',#13166,#6862,#6863);
#5817=AXIS2_PLACEMENT_3D('',#13168,#6865,#6866);
#5818=AXIS2_PLACEMENT_3D('',#13169,#6867,#6868);
#5819=AXIS2_PLACEMENT_3D('',#13170,#6869,#6870);
#5820=AXIS2_PLACEMENT_3D('',#13171,#6871,#6872);
#5821=AXIS2_PLACEMENT_3D('',#13173,#6873,#6874);
#5822=AXIS2_PLACEMENT_3D('',#13175,#6875,#6876);
#5823=AXIS2_PLACEMENT_3D('',#13176,#6877,#6878);
#5824=AXIS2_PLACEMENT_3D('',#13177,#6879,#6880);
#5825=AXIS2_PLACEMENT_3D('',#13180,#6881,#6882);
#5826=AXIS2_PLACEMENT_3D('',#13182,#6884,#6885);
#5827=AXIS2_PLACEMENT_3D('',#13183,#6886,#6887);
#5828=AXIS2_PLACEMENT_3D('',#13184,#6888,#6889);
#5829=AXIS2_PLACEMENT_3D('',#13185,#6890,#6891);
#5830=AXIS2_PLACEMENT_3D('',#13187,#6892,#6893);
#5831=AXIS2_PLACEMENT_3D('',#13189,#6894,#6895);
#5832=AXIS2_PLACEMENT_3D('',#13190,#6896,#6897);
#5833=AXIS2_PLACEMENT_3D('',#13191,#6898,#6899);
#5834=AXIS2_PLACEMENT_3D('',#13195,#6901,#6902);
#5835=AXIS2_PLACEMENT_3D('',#13196,#6903,#6904);
#5836=AXIS2_PLACEMENT_3D('',#13197,#6905,#6906);
#5837=AXIS2_PLACEMENT_3D('',#13241,#6912,#6913);
#5838=AXIS2_PLACEMENT_3D('',#13259,#6914,#6915);
#5839=AXIS2_PLACEMENT_3D('',#13261,#6916,#6917);
#5840=AXIS2_PLACEMENT_3D('',#13262,#6918,#6919);
#5841=AXIS2_PLACEMENT_3D('',#13263,#6920,#6921);
#5842=AXIS2_PLACEMENT_3D('',#13264,#6922,#6923);
#5843=AXIS2_PLACEMENT_3D('',#13266,#6924,#6925);
#5844=AXIS2_PLACEMENT_3D('',#13268,#6927,#6928);
#5845=AXIS2_PLACEMENT_3D('',#13271,#6929,#6930);
#5846=AXIS2_PLACEMENT_3D('',#13272,#6931,#6932);
#5847=AXIS2_PLACEMENT_3D('',#13273,#6933,#6934);
#5848=AXIS2_PLACEMENT_3D('',#13323,#6935,#6936);
#5849=AXIS2_PLACEMENT_3D('',#13329,#6940,#6941);
#5850=AXIS2_PLACEMENT_3D('',#13332,#6943,#6944);
#5851=AXIS2_PLACEMENT_3D('',#13343,#6945,#6946);
#5852=AXIS2_PLACEMENT_3D('',#13344,#6947,#6948);
#5853=AXIS2_PLACEMENT_3D('',#13355,#6949,#6950);
#5854=AXIS2_PLACEMENT_3D('',#13356,#6951,#6952);
#5855=AXIS2_PLACEMENT_3D('',#13357,#6953,#6954);
#5856=AXIS2_PLACEMENT_3D('',#13358,#6955,#6956);
#5857=AXIS2_PLACEMENT_3D('',#13360,#6958,#6959);
#5858=AXIS2_PLACEMENT_3D('',#13363,#6961,#6962);
#5859=AXIS2_PLACEMENT_3D('',#13364,#6963,#6964);
#5860=AXIS2_PLACEMENT_3D('',#13368,#6966,#6967);
#5861=AXIS2_PLACEMENT_3D('',#13375,#6971,#6972);
#5862=AXIS2_PLACEMENT_3D('',#13376,#6973,#6974);
#5863=AXIS2_PLACEMENT_3D('',#13377,#6975,#6976);
#5864=AXIS2_PLACEMENT_3D('',#13389,#6977,#6978);
#5865=AXIS2_PLACEMENT_3D('',#13391,#6979,#6980);
#5866=AXIS2_PLACEMENT_3D('',#13393,#6981,#6982);
#5867=AXIS2_PLACEMENT_3D('',#13394,#6983,#6984);
#5868=AXIS2_PLACEMENT_3D('',#13406,#6985,#6986);
#5869=AXIS2_PLACEMENT_3D('',#13408,#6987,#6988);
#5870=AXIS2_PLACEMENT_3D('',#13410,#6989,#6990);
#5871=AXIS2_PLACEMENT_3D('',#13411,#6991,#6992);
#5872=AXIS2_PLACEMENT_3D('',#13412,#6993,#6994);
#5873=AXIS2_PLACEMENT_3D('',#13415,#6995,#6996);
#5874=AXIS2_PLACEMENT_3D('',#13417,#6997,#6998);
#5875=AXIS2_PLACEMENT_3D('',#13418,#6999,#7000);
#5876=AXIS2_PLACEMENT_3D('',#13419,#7001,#7002);
#5877=AXIS2_PLACEMENT_3D('',#13422,#7003,#7004);
#5878=AXIS2_PLACEMENT_3D('',#13459,#7007,#7008);
#5879=AXIS2_PLACEMENT_3D('',#13477,#7009,#7010);
#5880=AXIS2_PLACEMENT_3D('',#13480,#7011,#7012);
#5881=AXIS2_PLACEMENT_3D('',#13481,#7013,#7014);
#5882=AXIS2_PLACEMENT_3D('',#13482,#7015,#7016);
#5883=AXIS2_PLACEMENT_3D('',#13483,#7017,#7018);
#5884=AXIS2_PLACEMENT_3D('',#13486,#7021,#7022);
#5885=AXIS2_PLACEMENT_3D('',#13489,#7023,#7024);
#5886=AXIS2_PLACEMENT_3D('',#13491,#7025,#7026);
#5887=AXIS2_PLACEMENT_3D('',#13493,#7027,#7028);
#5888=AXIS2_PLACEMENT_3D('',#13494,#7029,#7030);
#5889=AXIS2_PLACEMENT_3D('',#13495,#7031,#7032);
#5890=AXIS2_PLACEMENT_3D('',#13498,#7035,#7036);
#5891=AXIS2_PLACEMENT_3D('',#13501,#7037,#7038);
#5892=AXIS2_PLACEMENT_3D('',#13503,#7039,#7040);
#5893=AXIS2_PLACEMENT_3D('',#13505,#7041,#7042);
#5894=AXIS2_PLACEMENT_3D('',#13506,#7043,#7044);
#5895=AXIS2_PLACEMENT_3D('',#13507,#7045,#7046);
#5896=AXIS2_PLACEMENT_3D('',#13510,#7049,#7050);
#5897=AXIS2_PLACEMENT_3D('',#13513,#7051,#7052);
#5898=AXIS2_PLACEMENT_3D('',#13515,#7053,#7054);
#5899=AXIS2_PLACEMENT_3D('',#13516,#7055,#7056);
#5900=AXIS2_PLACEMENT_3D('',#13517,#7057,#7058);
#5901=AXIS2_PLACEMENT_3D('',#13554,#7061,#7062);
#5902=AXIS2_PLACEMENT_3D('',#13572,#7063,#7064);
#5903=AXIS2_PLACEMENT_3D('',#13575,#7065,#7066);
#5904=AXIS2_PLACEMENT_3D('',#13576,#7067,#7068);
#5905=AXIS2_PLACEMENT_3D('',#13577,#7069,#7070);
#5906=AXIS2_PLACEMENT_3D('',#13578,#7071,#7072);
#5907=AXIS2_PLACEMENT_3D('',#13581,#7075,#7076);
#5908=AXIS2_PLACEMENT_3D('',#13584,#7077,#7078);
#5909=AXIS2_PLACEMENT_3D('',#13587,#7081,#7082);
#5910=AXIS2_PLACEMENT_3D('',#13590,#7085,#7086);
#5911=AXIS2_PLACEMENT_3D('',#13593,#7089,#7090);
#5912=AXIS2_PLACEMENT_3D('',#13600,#7091,#7092);
#5913=AXIS2_PLACEMENT_3D('',#13602,#7093,#7094);
#5914=AXIS2_PLACEMENT_3D('',#13609,#7095,#7096);
#5915=AXIS2_PLACEMENT_3D('',#13618,#7097,#7098);
#5916=AXIS2_PLACEMENT_3D('',#13620,#7099,#7100);
#5917=AXIS2_PLACEMENT_3D('',#13625,#7101,#7102);
#5918=AXIS2_PLACEMENT_3D('',#13628,#7105,#7106);
#5919=AXIS2_PLACEMENT_3D('',#13630,#7108,#7109);
#5920=AXIS2_PLACEMENT_3D('',#13632,#7111,#7112);
#5921=AXIS2_PLACEMENT_3D('',#13635,#7115,#7116);
#5922=AXIS2_PLACEMENT_3D('',#13637,#7118,#7119);
#5923=AXIS2_PLACEMENT_3D('',#13638,#7120,#7121);
#5924=AXIS2_PLACEMENT_3D('',#13642,#7124,#7125);
#5925=AXIS2_PLACEMENT_3D('',#13646,#7127,#7128);
#5926=AXIS2_PLACEMENT_3D('',#13673,#7129,#7130);
#5927=AXIS2_PLACEMENT_3D('',#13674,#7131,#7132);
#5928=AXIS2_PLACEMENT_3D('',#13676,#7133,#7134);
#5929=AXIS2_PLACEMENT_3D('',#13712,#7136,#7137);
#5930=AXIS2_PLACEMENT_3D('',#13739,#7138,#7139);
#5931=AXIS2_PLACEMENT_3D('',#13740,#7140,#7141);
#5932=AXIS2_PLACEMENT_3D('',#13741,#7142,#7143);
#5933=AXIS2_PLACEMENT_3D('',#13743,#7144,#7145);
#5934=AXIS2_PLACEMENT_3D('',#13745,#7147,#7148);
#5935=AXIS2_PLACEMENT_3D('',#13747,#7149,#7150);
#5936=AXIS2_PLACEMENT_3D('',#13749,#7152,#7153);
#5937=AXIS2_PLACEMENT_3D('',#13752,#7155,#7156);
#5938=AXIS2_PLACEMENT_3D('',#13773,#7157,#7158);
#5939=AXIS2_PLACEMENT_3D('',#13774,#7159,#7160);
#5940=AXIS2_PLACEMENT_3D('',#13775,#7161,#7162);
#5941=AXIS2_PLACEMENT_3D('',#13776,#7163,#7164);
#5942=AXIS2_PLACEMENT_3D('',#13778,#7166,#7167);
#5943=AXIS2_PLACEMENT_3D('',#13781,#7170,#7171);
#5944=AXIS2_PLACEMENT_3D('',#13789,#7176,#7177);
#5945=AXIS2_PLACEMENT_3D('',#13790,#7178,#7179);
#5946=AXIS2_PLACEMENT_3D('',#13816,#7181,#7182);
#5947=AXIS2_PLACEMENT_3D('',#13818,#7184,#7185);
#5948=AXIS2_PLACEMENT_3D('',#13831,#7193,#7194);
#5949=AXIS2_PLACEMENT_3D('',#13841,#7196,#7197);
#5950=AXIS2_PLACEMENT_3D('',#13862,#7198,#7199);
#5951=AXIS2_PLACEMENT_3D('',#13889,#7200,#7201);
#5952=AXIS2_PLACEMENT_3D('',#13890,#7202,#7203);
#5953=AXIS2_PLACEMENT_3D('',#13891,#7204,#7205);
#5954=AXIS2_PLACEMENT_3D('',#13894,#7207,#7208);
#5955=AXIS2_PLACEMENT_3D('',#13895,#7209,#7210);
#5956=AXIS2_PLACEMENT_3D('',#13896,#7211,#7212);
#5957=AXIS2_PLACEMENT_3D('',#13897,#7213,#7214);
#5958=AXIS2_PLACEMENT_3D('',#13898,#7215,#7216);
#5959=AXIS2_PLACEMENT_3D('',#13920,#7218,#7219);
#5960=AXIS2_PLACEMENT_3D('',#13921,#7220,#7221);
#5961=AXIS2_PLACEMENT_3D('',#13922,#7222,#7223);
#5962=AXIS2_PLACEMENT_3D('',#13924,#7225,#7226);
#5963=AXIS2_PLACEMENT_3D('',#13925,#7227,#7228);
#5964=AXIS2_PLACEMENT_3D('',#13926,#7229,#7230);
#5965=AXIS2_PLACEMENT_3D('',#13927,#7231,#7232);
#5966=AXIS2_PLACEMENT_3D('',#13929,#7233,#7234);
#5967=AXIS2_PLACEMENT_3D('',#13931,#7235,#7236);
#5968=AXIS2_PLACEMENT_3D('',#13933,#7237,#7238);
#5969=AXIS2_PLACEMENT_3D('',#13934,#7239,#7240);
#5970=AXIS2_PLACEMENT_3D('',#13935,#7241,#7242);
#5971=AXIS2_PLACEMENT_3D('',#13937,#7243,#7244);
#5972=AXIS2_PLACEMENT_3D('',#13938,#7245,#7246);
#5973=AXIS2_PLACEMENT_3D('',#13941,#7247,#7248);
#5974=AXIS2_PLACEMENT_3D('',#13943,#7250,#7251);
#5975=AXIS2_PLACEMENT_3D('',#13944,#7252,#7253);
#5976=AXIS2_PLACEMENT_3D('',#13946,#7254,#7255);
#5977=AXIS2_PLACEMENT_3D('',#13948,#7256,#7257);
#5978=AXIS2_PLACEMENT_3D('',#13949,#7258,#7259);
#5979=AXIS2_PLACEMENT_3D('',#13950,#7260,#7261);
#5980=AXIS2_PLACEMENT_3D('',#13954,#7263,#7264);
#5981=AXIS2_PLACEMENT_3D('',#13955,#7265,#7266);
#5982=AXIS2_PLACEMENT_3D('',#13956,#7267,#7268);
#5983=AXIS2_PLACEMENT_3D('',#13958,#7269,#7270);
#5984=AXIS2_PLACEMENT_3D('',#13959,#7271,#7272);
#5985=AXIS2_PLACEMENT_3D('',#13960,#7273,#7274);
#5986=AXIS2_PLACEMENT_3D('',#13961,#7275,#7276);
#5987=AXIS2_PLACEMENT_3D('',#13963,#7277,#7278);
#5988=AXIS2_PLACEMENT_3D('',#13965,#7279,#7280);
#5989=AXIS2_PLACEMENT_3D('',#13967,#7281,#7282);
#5990=AXIS2_PLACEMENT_3D('',#13968,#7283,#7284);
#5991=AXIS2_PLACEMENT_3D('',#13969,#7285,#7286);
#5992=AXIS2_PLACEMENT_3D('',#13972,#7287,#7288);
#5993=AXIS2_PLACEMENT_3D('',#13974,#7290,#7291);
#5994=AXIS2_PLACEMENT_3D('',#13975,#7292,#7293);
#5995=AXIS2_PLACEMENT_3D('',#13976,#7294,#7295);
#5996=AXIS2_PLACEMENT_3D('',#13978,#7296,#7297);
#5997=AXIS2_PLACEMENT_3D('',#13979,#7298,#7299);
#5998=AXIS2_PLACEMENT_3D('',#13980,#7300,#7301);
#5999=AXIS2_PLACEMENT_3D('',#13982,#7302,#7303);
#6000=AXIS2_PLACEMENT_3D('',#13983,#7304,#7305);
#6001=AXIS2_PLACEMENT_3D('',#13985,#7306,#7307);
#6002=AXIS2_PLACEMENT_3D('',#13987,#7308,#7309);
#6003=AXIS2_PLACEMENT_3D('',#13988,#7310,#7311);
#6004=AXIS2_PLACEMENT_3D('',#13989,#7312,#7313);
#6005=AXIS2_PLACEMENT_3D('',#13992,#7314,#7315);
#6006=AXIS2_PLACEMENT_3D('',#13994,#7317,#7318);
#6007=AXIS2_PLACEMENT_3D('',#13995,#7319,#7320);
#6008=AXIS2_PLACEMENT_3D('',#13996,#7321,#7322);
#6009=AXIS2_PLACEMENT_3D('',#13997,#7323,#7324);
#6010=AXIS2_PLACEMENT_3D('',#13998,#7325,#7326);
#6011=AXIS2_PLACEMENT_3D('',#13999,#7327,#7328);
#6012=AXIS2_PLACEMENT_3D('',#14001,#7329,#7330);
#6013=AXIS2_PLACEMENT_3D('',#14002,#7331,#7332);
#6014=AXIS2_PLACEMENT_3D('',#14003,#7333,#7334);
#6015=AXIS2_PLACEMENT_3D('',#14004,#7335,#7336);
#6016=AXIS2_PLACEMENT_3D('',#14006,#7337,#7338);
#6017=AXIS2_PLACEMENT_3D('',#14008,#7339,#7340);
#6018=AXIS2_PLACEMENT_3D('',#14009,#7341,#7342);
#6019=AXIS2_PLACEMENT_3D('',#14010,#7343,#7344);
#6020=AXIS2_PLACEMENT_3D('',#14011,#7345,#7346);
#6021=AXIS2_PLACEMENT_3D('',#14013,#7347,#7348);
#6022=AXIS2_PLACEMENT_3D('',#14014,#7349,#7350);
#6023=AXIS2_PLACEMENT_3D('',#14015,#7351,#7352);
#6024=AXIS2_PLACEMENT_3D('',#14017,#7354,#7355);
#6025=AXIS2_PLACEMENT_3D('',#14019,#7356,#7357);
#6026=AXIS2_PLACEMENT_3D('',#14020,#7358,#7359);
#6027=AXIS2_PLACEMENT_3D('',#14021,#7360,#7361);
#6028=AXIS2_PLACEMENT_3D('',#14024,#7362,#7363);
#6029=AXIS2_PLACEMENT_3D('',#14025,#7364,#7365);
#6030=AXIS2_PLACEMENT_3D('',#14026,#7366,#7367);
#6031=AXIS2_PLACEMENT_3D('',#14027,#7368,#7369);
#6032=AXIS2_PLACEMENT_3D('',#14029,#7370,#7371);
#6033=AXIS2_PLACEMENT_3D('',#14030,#7372,#7373);
#6034=AXIS2_PLACEMENT_3D('',#14031,#7374,#7375);
#6035=AXIS2_PLACEMENT_3D('',#14032,#7376,#7377);
#6036=AXIS2_PLACEMENT_3D('',#14034,#7379,#7380);
#6037=AXIS2_PLACEMENT_3D('',#14035,#7381,#7382);
#6038=AXIS2_PLACEMENT_3D('',#14037,#7383,#7384);
#6039=AXIS2_PLACEMENT_3D('',#14038,#7385,#7386);
#6040=AXIS2_PLACEMENT_3D('',#14039,#7387,#7388);
#6041=AXIS2_PLACEMENT_3D('',#14040,#7389,#7390);
#6042=AXIS2_PLACEMENT_3D('',#14042,#7392,#7393);
#6043=AXIS2_PLACEMENT_3D('',#14043,#7394,#7395);
#6044=AXIS2_PLACEMENT_3D('',#14045,#7396,#7397);
#6045=AXIS2_PLACEMENT_3D('',#14046,#7398,#7399);
#6046=AXIS2_PLACEMENT_3D('',#14047,#7400,#7401);
#6047=AXIS2_PLACEMENT_3D('',#14049,#7403,#7404);
#6048=AXIS2_PLACEMENT_3D('',#14051,#7406,#7407);
#6049=AXIS2_PLACEMENT_3D('',#14052,#7408,#7409);
#6050=AXIS2_PLACEMENT_3D('',#14054,#7411,#7412);
#6051=AXIS2_PLACEMENT_3D('',#14056,#7414,#7415);
#6052=AXIS2_PLACEMENT_3D('',#14059,#7418,#7419);
#6053=AXIS2_PLACEMENT_3D('',#14061,#7421,#7422);
#6054=AXIS2_PLACEMENT_3D('',#14063,#7424,#7425);
#6055=AXIS2_PLACEMENT_3D('',#14064,#7426,#7427);
#6056=AXIS2_PLACEMENT_3D('',#14065,#7428,#7429);
#6057=AXIS2_PLACEMENT_3D('',#14066,#7430,#7431);
#6058=AXIS2_PLACEMENT_3D('',#14067,#7432,#7433);
#6059=AXIS2_PLACEMENT_3D('',#14068,#7434,#7435);
#6060=AXIS2_PLACEMENT_3D('',#14069,#7436,#7437);
#6061=DIRECTION('axis',(0.,0.,1.));
#6062=DIRECTION('refdir',(1.,0.,0.));
#6063=DIRECTION('center_axis',(3.06161699786838E-16,-1.,0.));
#6064=DIRECTION('ref_axis',(1.,3.80865531603827E-16,0.));
#6065=DIRECTION('',(-3.06161699786838E-16,1.,0.));
#6066=DIRECTION('',(-3.06161699786838E-16,1.,0.));
#6067=DIRECTION('center_axis',(3.06161699786838E-16,-1.,0.));
#6068=DIRECTION('ref_axis',(-1.83697019872103E-16,0.,1.));
#6069=DIRECTION('',(3.06161699786838E-16,-1.,0.));
#6070=DIRECTION('',(3.06161699786838E-16,-1.,0.));
#6071=DIRECTION('center_axis',(-0.693468596358752,-0.720486853359742,-1.57623775748695E-16));
#6072=DIRECTION('ref_axis',(0.720486853359742,-0.693468596358752,0.));
#6073=DIRECTION('center_axis',(-2.77555756156289E-16,-1.,0.));
#6074=DIRECTION('ref_axis',(8.3121744555235E-17,0.,-1.));
#6075=DIRECTION('center_axis',(0.693468596358752,-0.720486853359742,3.86019612602667E-17));
#6076=DIRECTION('ref_axis',(-0.720486853359742,-0.693468596358752,0.));
#6077=DIRECTION('',(-3.06161699786838E-16,1.,0.));
#6078=DIRECTION('',(-3.06161699786838E-16,1.,0.));
#6079=DIRECTION('center_axis',(-3.06161699786838E-16,1.,0.));
#6080=DIRECTION('ref_axis',(-0.976296007119933,-2.99239799605999E-16,-0.216439613938103));
#6081=DIRECTION('center_axis',(-3.06161699786838E-16,1.,0.));
#6082=DIRECTION('ref_axis',(-0.976296007119933,-2.99239799605999E-16,-0.216439613938103));
#6083=DIRECTION('',(-3.06161699786838E-16,1.,0.));
#6084=DIRECTION('',(3.06161699786838E-16,-1.,0.));
#6085=DIRECTION('',(3.06161699786838E-16,-1.,0.));
#6086=DIRECTION('',(3.06161699786838E-16,-1.,0.));
#6087=DIRECTION('',(0.,-1.,0.));
#6088=DIRECTION('center_axis',(-5.2306713882489E-10,-0.965311138931203,
-0.261102288491202));
#6089=DIRECTION('ref_axis',(-1.,5.41863776071239E-10,0.));
#6090=DIRECTION('center_axis',(3.7007434154172E-15,-1.,3.09718545421843E-15));
#6091=DIRECTION('ref_axis',(-1.,-3.70074341541719E-15,3.70074341541719E-15));
#6092=DIRECTION('center_axis',(-4.62592926927149E-16,1.,-4.89614654756503E-17));
#6093=DIRECTION('ref_axis',(-0.592156525463791,0.,-0.805822964025381));
#6094=DIRECTION('center_axis',(0.,-1.,0.));
#6095=DIRECTION('ref_axis',(-1.,0.,0.));
#6096=DIRECTION('',(3.06161699786838E-16,-1.,0.));
#6097=DIRECTION('',(-4.62592926927149E-16,1.,-4.89614654756503E-17));
#6098=DIRECTION('center_axis',(0.,-0.457610323573125,0.889152850616417));
#6099=DIRECTION('ref_axis',(-1.,0.,0.));
#6100=DIRECTION('center_axis',(0.,-0.449833923813887,0.893112221944254));
#6101=DIRECTION('ref_axis',(-1.,0.,0.));
#6102=DIRECTION('center_axis',(0.,-1.,1.90969457055834E-15));
#6103=DIRECTION('ref_axis',(-1.,0.,0.));
#6104=DIRECTION('center_axis',(0.,-0.369070423637735,-0.929401432318599));
#6105=DIRECTION('ref_axis',(-1.,0.,0.));
#6106=DIRECTION('center_axis',(0.,-0.35187757675701,-0.936046030372233));
#6107=DIRECTION('ref_axis',(-1.,0.,0.));
#6108=DIRECTION('center_axis',(0.,-1.,0.));
#6109=DIRECTION('ref_axis',(-1.,0.,0.));
#6110=DIRECTION('center_axis',(-4.62592926927149E-16,1.,-4.89614654756503E-17));
#6111=DIRECTION('ref_axis',(-0.592156525463791,0.,-0.805822964025381));
#6112=DIRECTION('center_axis',(0.,-1.,0.));
#6113=DIRECTION('ref_axis',(-1.,0.,0.));
#6114=DIRECTION('',(-4.62592926927149E-16,1.,-4.89614654756503E-17));
#6115=DIRECTION('center_axis',(0.692773705739381,-0.692773705739374,0.200322702837848));
#6116=DIRECTION('ref_axis',(-0.707106781186544,-0.707106781186551,0.));
#6117=DIRECTION('center_axis',(0.697272164868964,-0.697272164868967,0.166201853773934));
#6118=DIRECTION('ref_axis',(-0.707106781186549,-0.707106781186546,0.));
#6119=DIRECTION('center_axis',(0.707106781186548,0.707106781186548,0.));
#6120=DIRECTION('ref_axis',(0.707106781186548,-0.707106781186548,0.));
#6121=DIRECTION('center_axis',(0.983417381609123,0.,0.181356702520355));
#6122=DIRECTION('ref_axis',(0.,-1.,0.));
#6123=DIRECTION('center_axis',(2.77555756156289E-16,1.,0.));
#6124=DIRECTION('ref_axis',(-1.22464679914735E-16,0.,-1.));
#6125=DIRECTION('center_axis',(0.983417381609123,-1.81968769979838E-15,
-0.181356702520355));
#6126=DIRECTION('ref_axis',(-1.85037170770859E-15,-1.,0.));
#6127=DIRECTION('center_axis',(2.77555756156289E-16,1.,0.));
#6128=DIRECTION('ref_axis',(8.3121744555235E-17,-2.30709186630582E-32,-1.));
#6129=DIRECTION('center_axis',(0.697272164868943,0.697272164868989,-0.16620185377393));
#6130=DIRECTION('ref_axis',(0.707106781186571,-0.707106781186524,0.));
#6131=DIRECTION('center_axis',(0.692773705739375,0.692773705739381,-0.200322702837845));
#6132=DIRECTION('ref_axis',(0.70710678118655,-0.707106781186545,-3.7007434154172E-15));
#6133=DIRECTION('center_axis',(-0.707106781186548,0.707106781186547,0.));
#6134=DIRECTION('ref_axis',(-0.707106781186547,-0.707106781186548,0.));
#6135=DIRECTION('center_axis',(0.,1.,0.));
#6136=DIRECTION('ref_axis',(1.,0.,0.));
#6137=DIRECTION('center_axis',(3.23815048849004E-16,-1.,-5.52532800795307E-18));
#6138=DIRECTION('ref_axis',(0.592156525463792,0.,-0.80582296402538));
#6139=DIRECTION('center_axis',(0.,1.,0.));
#6140=DIRECTION('ref_axis',(1.,0.,0.));
#6141=DIRECTION('',(3.23815048849004E-16,-1.,-5.52532800795307E-18));
#6142=DIRECTION('center_axis',(0.,0.457610323573129,0.889152850616415));
#6143=DIRECTION('ref_axis',(1.,0.,0.));
#6144=DIRECTION('center_axis',(0.,0.449833923813888,0.893112221944253));
#6145=DIRECTION('ref_axis',(1.,0.,0.));
#6146=DIRECTION('center_axis',(0.,1.,1.52775565644668E-14));
#6147=DIRECTION('ref_axis',(1.,0.,0.));
#6148=DIRECTION('center_axis',(0.,0.369070423637711,-0.929401432318608));
#6149=DIRECTION('ref_axis',(1.,0.,0.));
#6150=DIRECTION('center_axis',(0.,0.351877576757,-0.936046030372236));
#6151=DIRECTION('ref_axis',(1.,0.,0.));
#6152=DIRECTION('center_axis',(0.,1.,1.93888845507981E-15));
#6153=DIRECTION('ref_axis',(1.,0.,0.));
#6154=DIRECTION('center_axis',(3.23815048849004E-16,-1.,-5.52532800795307E-18));
#6155=DIRECTION('ref_axis',(0.592156525463792,0.,-0.80582296402538));
#6156=DIRECTION('center_axis',(0.,1.,0.));
#6157=DIRECTION('ref_axis',(1.,0.,0.));
#6158=DIRECTION('',(-3.06161699786838E-16,1.,0.));
#6159=DIRECTION('',(3.23815048849004E-16,-1.,-5.52532800795307E-18));
#6160=DIRECTION('center_axis',(-3.13917446467249E-10,0.965311138947637,
0.261102288430447));
#6161=DIRECTION('ref_axis',(1.,3.25198201700516E-10,0.));
#6162=DIRECTION('center_axis',(-1.,-3.23815048849004E-16,0.));
#6163=DIRECTION('ref_axis',(-3.23815048849004E-16,1.,0.));
#6164=DIRECTION('',(0.,0.,-1.));
#6165=DIRECTION('center_axis',(1.,3.23815048849004E-16,0.));
#6166=DIRECTION('ref_axis',(3.23779939455229E-16,-0.999891575780991,0.01472537545215));
#6167=DIRECTION('',(-3.23815048849004E-16,1.,2.54643580160899E-32));
#6168=DIRECTION('center_axis',(1.,3.23815048849004E-16,0.));
#6169=DIRECTION('ref_axis',(3.23815048849004E-16,-1.,-1.2266347333467E-16));
#6170=DIRECTION('',(0.,0.,-1.));
#6171=DIRECTION('',(-2.28971816891384E-16,0.707106781186547,0.707106781186548));
#6172=DIRECTION('center_axis',(-1.,-3.23815048849004E-16,0.));
#6173=DIRECTION('ref_axis',(2.99166095950737E-16,-0.923879532511287,0.382683432365089));
#6174=DIRECTION('',(0.,0.,1.));
#6175=DIRECTION('center_axis',(0.,0.,-1.));
#6176=DIRECTION('ref_axis',(-0.923879532511287,0.38268343236509,0.));
#6177=DIRECTION('',(0.,0.,1.));
#6178=DIRECTION('center_axis',(0.,-3.14018491736756E-15,-1.));
#6179=DIRECTION('ref_axis',(-1.,0.,0.));
#6180=DIRECTION('center_axis',(0.707106781186548,-0.707106781186547,0.));
#6181=DIRECTION('ref_axis',(0.,0.,-1.));
#6182=DIRECTION('',(0.,0.,-1.));
#6183=DIRECTION('',(0.707106781186552,0.707106781186543,0.));
#6184=DIRECTION('center_axis',(0.,0.,1.));
#6185=DIRECTION('ref_axis',(-0.38268343236509,0.923879532511287,0.));
#6186=DIRECTION('',(0.,0.,1.));
#6187=DIRECTION('center_axis',(0.,0.,1.));
#6188=DIRECTION('ref_axis',(0.,1.,0.));
#6189=DIRECTION('center_axis',(2.77555756156289E-16,1.,0.));
#6190=DIRECTION('ref_axis',(1.,-2.77555756156289E-16,0.));
#6191=DIRECTION('',(0.,0.,-1.));
#6192=DIRECTION('',(1.,-2.77555756156289E-16,-2.77555756156289E-16));
#6193=DIRECTION('center_axis',(0.,0.,-1.));
#6194=DIRECTION('ref_axis',(0.382683432365088,0.923879532511287,0.));
#6195=DIRECTION('',(0.,0.,1.));
#6196=DIRECTION('center_axis',(0.,0.,-1.));
#6197=DIRECTION('ref_axis',(0.,1.,0.));
#6198=DIRECTION('center_axis',(-0.707106781186548,-0.707106781186548,0.));
#6199=DIRECTION('ref_axis',(0.,0.,1.));
#6200=DIRECTION('',(0.,0.,-1.));
#6201=DIRECTION('',(0.70710678118655,-0.707106781186544,0.));
#6202=DIRECTION('center_axis',(0.,0.,1.));
#6203=DIRECTION('ref_axis',(0.923879532511287,0.38268343236509,0.));
#6204=DIRECTION('',(0.,0.,1.));
#6205=DIRECTION('center_axis',(0.,0.,1.));
#6206=DIRECTION('ref_axis',(1.,0.,0.));
#6207=DIRECTION('center_axis',(1.,4.62592926927149E-16,0.));
#6208=DIRECTION('ref_axis',(4.62592926927149E-16,-1.,0.));
#6209=DIRECTION('',(0.,0.,-1.));
#6210=DIRECTION('center_axis',(1.,4.62592926927149E-16,0.));
#6211=DIRECTION('ref_axis',(4.27380137072482E-16,-0.923879532511287,0.382683432365089));
#6212=DIRECTION('',(3.2710259555912E-16,-0.707106781186547,-0.707106781186548));
#6213=DIRECTION('',(0.,0.,1.));
#6214=DIRECTION('center_axis',(-1.,-4.62592926927149E-16,0.));
#6215=DIRECTION('ref_axis',(4.62592926927149E-16,-1.,3.27102595559119E-16));
#6216=DIRECTION('',(-4.62592926927149E-16,1.,6.39829569038346E-32));
#6217=DIRECTION('center_axis',(-1.,-4.62592926927149E-16,0.));
#6218=DIRECTION('ref_axis',(4.62542770650328E-16,-0.999891575780991,0.0147253754521492));
#6219=DIRECTION('center_axis',(0.,0.,-1.));
#6220=DIRECTION('ref_axis',(0.707106781186549,-0.707106781186546,0.));
#6221=DIRECTION('',(0.,0.,1.));
#6222=DIRECTION('center_axis',(0.,2.31296463463575E-15,-1.));
#6223=DIRECTION('ref_axis',(1.,0.,0.));
#6224=DIRECTION('center_axis',(1.,3.23815048849004E-16,0.));
#6225=DIRECTION('ref_axis',(0.,0.,-1.));
#6226=DIRECTION('center_axis',(0.,0.117157287525382,0.993113372168402));
#6227=DIRECTION('ref_axis',(-0.707106781186543,0.702237199947321,-0.08284271247462));
#6228=DIRECTION('center_axis',(-1.,-4.10069767943998E-16,6.0390860777426E-18));
#6229=DIRECTION('ref_axis',(4.10114234259552E-16,-0.999891575780991,0.0147253754521493));
#6230=DIRECTION('center_axis',(3.23815048849004E-16,-1.,-2.54643580160899E-32));
#6231=DIRECTION('ref_axis',(0.707106781186546,0.,0.707106781186549));
#6232=DIRECTION('',(3.23815048849004E-16,-1.,-2.54643580160899E-32));
#6233=DIRECTION('center_axis',(0.,1.,0.));
#6234=DIRECTION('ref_axis',(0.,0.,1.));
#6235=DIRECTION('center_axis',(-1.,-4.62592926927149E-16,0.));
#6236=DIRECTION('ref_axis',(0.,0.,1.));
#6237=DIRECTION('center_axis',(0.,0.117157287525379,0.993113372168402));
#6238=DIRECTION('ref_axis',(1.,0.,0.));
#6239=DIRECTION('center_axis',(1.,4.10069767943997E-16,-6.03908607774256E-18));
#6240=DIRECTION('ref_axis',(4.10114234259551E-16,-0.999891575780991,0.0147253754521492));
#6241=DIRECTION('center_axis',(1.,0.,0.));
#6242=DIRECTION('ref_axis',(2.4532694666934E-16,-0.707106781186548,0.707106781186548));
#6243=DIRECTION('',(-0.70710678118655,0.700793201387619,-0.0942809041582059));
#6244=DIRECTION('center_axis',(-1.,1.14751377064542E-16,1.71358625812952E-15));
#6245=DIRECTION('ref_axis',(0.,-0.997765315548008,0.0668159792967467));
#6246=DIRECTION('center_axis',(0.228972779078825,0.388088845757714,0.892725329672775));
#6247=DIRECTION('ref_axis',(0.650003534372756,0.621717408384848,-0.436992985543422));
#6248=DIRECTION('center_axis',(5.21319761672349E-16,-0.13333333333333,-0.991071249821234));
#6249=DIRECTION('ref_axis',(1.11022302462516E-15,0.991071249821234,-0.13333333333333));
#6250=DIRECTION('center_axis',(1.,-2.77555756156289E-16,-2.77555756156289E-16));
#6251=DIRECTION('ref_axis',(-2.96059473233375E-16,0.,-1.));
#6252=DIRECTION('center_axis',(1.,-2.77555756156289E-16,-2.77555756156289E-16));
#6253=DIRECTION('ref_axis',(-2.77555756156289E-16,-0.997765315548008,0.0668159792967461));
#6254=DIRECTION('center_axis',(-1.,2.77555756156289E-16,2.77555756156289E-16));
#6255=DIRECTION('ref_axis',(0.,-0.707106781186548,0.707106781186548));
#6256=DIRECTION('',(-1.,2.77555756156289E-16,2.77555756156289E-16));
#6257=DIRECTION('center_axis',(-1.,2.77555756156289E-16,2.77555756156289E-16));
#6258=DIRECTION('ref_axis',(-2.77555756156289E-16,-0.997765315548008,0.0668159792967458));
#6259=DIRECTION('center_axis',(-1.,2.77555756156289E-16,2.77555756156289E-16));
#6260=DIRECTION('ref_axis',(2.96059473233375E-16,0.,1.));
#6261=DIRECTION('center_axis',(-1.30329940418087E-15,0.133333333333334,
0.991071249821234));
#6262=DIRECTION('ref_axis',(0.,0.991071249821234,-0.133333333333334));
#6263=DIRECTION('center_axis',(1.,-1.14751377064539E-16,-1.71358625812952E-15));
#6264=DIRECTION('ref_axis',(0.,-0.997765315548009,0.066815979296745));
#6265=DIRECTION('center_axis',(-0.238308979411637,-0.960412096721797,-0.144282482658934));
#6266=DIRECTION('ref_axis',(0.30286810400549,0.0676612922083518,-0.950627614322673));
#6267=DIRECTION('center_axis',(-0.553063102389424,-0.748347860830374,-0.366192140775835));
#6268=DIRECTION('ref_axis',(0.377957388303874,0.16633726257401,-0.910757996234949));
#6269=DIRECTION('center_axis',(-0.684148387565194,-0.326145874579957,-0.652357150866318));
#6270=DIRECTION('ref_axis',(0.530984900375806,0.390449635701337,-0.752066564576294));
#6271=DIRECTION('center_axis',(-4.62592926927149E-16,1.,6.39829569038346E-32));
#6272=DIRECTION('ref_axis',(-0.70710678118655,0.,0.707106781186545));
#6273=DIRECTION('center_axis',(0.,1.,0.));
#6274=DIRECTION('ref_axis',(-1.,0.,0.));
#6275=DIRECTION('',(-4.62592926927149E-16,1.,6.39829569038346E-32));
#6276=DIRECTION('center_axis',(0.239995628737104,-0.959505559146994,-0.147482813076972));
#6277=DIRECTION('ref_axis',(-0.523564822693931,0.,-0.851985842862117));
#6278=DIRECTION('center_axis',(0.552047543801293,-0.746351533885826,-0.371756502632078));
#6279=DIRECTION('ref_axis',(-0.558568729228299,0.,-0.829458241702548));
#6280=DIRECTION('center_axis',(0.677465822468522,-0.323710575493634,-0.660493393381516));
#6281=DIRECTION('ref_axis',(-0.698080747270489,0.,-0.716019043245553));
#6282=DIRECTION('',(-0.707106781186551,-0.700793201387618,0.0942809041582064));
#6283=DIRECTION('center_axis',(-1.,0.,0.));
#6284=DIRECTION('ref_axis',(1.71728862668538E-16,-0.707106781186547,0.707106781186547));
#6285=DIRECTION('center_axis',(0.188068425504819,-0.91902410966608,0.34644617645546));
#6286=DIRECTION('ref_axis',(-0.87885593762196,0.,0.477087246640094));
#6287=DIRECTION('center_axis',(-3.06161699786838E-16,1.,0.));
#6288=DIRECTION('ref_axis',(-0.961892970438164,0.,-0.273426248596666));
#6289=DIRECTION('center_axis',(5.25962327582469E-16,-1.,9.78310633052872E-16));
#6290=DIRECTION('ref_axis',(-0.880779203459739,0.,0.473527184808674));
#6291=DIRECTION('',(-2.57153414674875E-16,1.,8.48848398057417E-17));
#6292=DIRECTION('center_axis',(0.,1.,0.));
#6293=DIRECTION('ref_axis',(-0.499999998436437,0.,-0.866025404687162));
#6294=DIRECTION('center_axis',(-0.378790342611706,-0.640385130621929,-0.668150253178461));
#6295=DIRECTION('ref_axis',(-0.869926188182158,1.11022302462515E-15,0.493181941188909));
#6296=DIRECTION('center_axis',(0.190560670506434,0.916795487474837,0.35095963443381));
#6297=DIRECTION('ref_axis',(-0.607881067024966,0.390923264535857,-0.691129227856279));
#6298=DIRECTION('center_axis',(-0.596183521951045,0.0770070522068595,-0.79914649599711));
#6299=DIRECTION('ref_axis',(-0.526483302307661,-0.788980060318214,0.316742477119011));
#6300=DIRECTION('center_axis',(0.784195575793074,-0.424322674241472,-0.452755526781436));
#6301=DIRECTION('ref_axis',(0.463922464013547,0.885484167908351,-0.0263388641982666));
#6302=DIRECTION('center_axis',(0.78433739909253,-0.423973024904124,-0.452837408501563));
#6303=DIRECTION('ref_axis',(0.453111101455573,0.890129377620914,-0.0485800456352382));
#6304=DIRECTION('center_axis',(-0.5,-5.50642796694927E-17,-0.866025403784439));
#6305=DIRECTION('ref_axis',(-0.866025403784439,0.,0.5));
#6306=DIRECTION('center_axis',(-0.785971515035349,-0.419918686657381,0.453780865781027));
#6307=DIRECTION('ref_axis',(0.245199996331668,-0.88548416790836,-0.394708436928563));
#6308=DIRECTION('center_axis',(-0.78570502204091,-0.420583116382791,0.453627005978958));
#6309=DIRECTION('ref_axis',(0.260672730001088,-0.890129377620924,-0.373790608402574));
#6310=DIRECTION('center_axis',(-0.247031157283353,-0.237023805955907,0.93957188268989));
#6311=DIRECTION('ref_axis',(-0.967131412019736,4.44089209850059E-15,-0.254277076994195));
#6312=DIRECTION('center_axis',(-0.00737402181495738,-0.233163810813535,
-0.97240951308036));
#6313=DIRECTION('ref_axis',(0.999971248420218,-2.22044604925031E-15,-0.00758302927006738));
#6314=DIRECTION('center_axis',(0.0118575100768109,-0.866147050875979,-0.499648562205098));
#6315=DIRECTION('ref_axis',(0.999718522082978,-2.22044604925031E-15,0.023725020637024));
#6316=DIRECTION('center_axis',(-3.06161699786838E-16,1.,0.));
#6317=DIRECTION('ref_axis',(0.696310623822792,0.,0.717740562565273));
#6318=DIRECTION('center_axis',(-3.36585794090443E-17,-1.,1.11022302489384E-15));
#6319=DIRECTION('ref_axis',(0.999540757725494,0.,0.0303030303030301));
#6320=DIRECTION('',(-3.06161699786838E-16,1.,3.74939945665464E-32));
#6321=DIRECTION('center_axis',(0.,1.,0.));
#6322=DIRECTION('ref_axis',(-2.65922839304267E-9,0.,1.));
#6323=DIRECTION('',(3.06161699786838E-16,-1.,0.));
#6324=DIRECTION('center_axis',(-0.00409880224795498,-0.539025739686284,
0.842279319332837));
#6325=DIRECTION('ref_axis',(0.999988159666163,-9.54791801177639E-14,0.00486626422213852));
#6326=DIRECTION('center_axis',(0.0119336518610266,0.862318957854206,-0.5062248540703));
#6327=DIRECTION('ref_axis',(0.227038522029299,0.490701687864854,0.841228484444824));
#6328=DIRECTION('center_axis',(0.104785022971773,0.118740739754001,0.987380745043916));
#6329=DIRECTION('ref_axis',(0.808665709470105,-0.588074668602785,-0.0150981613097624));
#6330=DIRECTION('center_axis',(0.0400277114271267,0.233085795072982,0.97163202625948));
#6331=DIRECTION('ref_axis',(0.999152508175394,6.66133814775091E-15,-0.0411614553535265));
#6332=DIRECTION('center_axis',(0.246159552218944,0.230092317404588,-0.941521640921097));
#6333=DIRECTION('ref_axis',(-0.967480292080589,0.,-0.252946406251717));
#6334=DIRECTION('center_axis',(-0.748762981503336,0.456741566666991,-0.480355221485951));
#6335=DIRECTION('ref_axis',(0.330520070294432,0.885445913720267,0.326713968187228));
#6336=DIRECTION('center_axis',(3.06161699786838E-16,-1.,0.));
#6337=DIRECTION('ref_axis',(-0.805823020612886,-1.72008313901217E-16,-0.592156448457943));
#6338=DIRECTION('center_axis',(3.06161699786838E-16,-1.,0.));
#6339=DIRECTION('ref_axis',(1.,3.80865531603827E-16,0.));
#6340=DIRECTION('center_axis',(-0.905509727197167,-0.424325504714615,0.));
#6341=DIRECTION('ref_axis',(-0.414923520920986,0.885445913720276,-0.209341839254835));
#6342=DIRECTION('center_axis',(-0.905673874053088,-0.42397503919178,0.));
#6343=DIRECTION('ref_axis',(-0.416685851577824,0.890103082910252,-0.184633157608617));
#6344=DIRECTION('center_axis',(-1.22464679914735E-16,0.,-1.));
#6345=DIRECTION('ref_axis',(-1.,0.,1.22464679914735E-16));
#6346=DIRECTION('center_axis',(0.907564320993056,-0.419913090127485,0.));
#6347=DIRECTION('ref_axis',(-0.409679315471766,-0.885445913720272,0.219427419322786));
#6348=DIRECTION('center_axis',(0.907255715513076,-0.420579441567056,0.));
#6349=DIRECTION('ref_axis',(-0.412627940663667,-0.890103082910236,0.19353212750692));
#6350=DIRECTION('center_axis',(0.932412904672049,-0.358808680396728,0.0431567616138184));
#6351=DIRECTION('ref_axis',(-0.0462355337252585,0.,0.998930565865887));
#6352=DIRECTION('center_axis',(0.91930457931186,-0.388981384031433,-0.0597710074637719));
#6353=DIRECTION('ref_axis',(0.0648806425782797,0.,0.997893031451082));
#6354=DIRECTION('center_axis',(0.916043375556228,-0.39663240284639,-0.0595589717158657));
#6355=DIRECTION('ref_axis',(0.0648806425782688,0.,0.997893031451082));
#6356=DIRECTION('center_axis',(0.,-1.,0.));
#6357=DIRECTION('ref_axis',(0.0648806425782795,0.,0.997893031451082));
#6358=DIRECTION('center_axis',(-0.895833832469638,-0.440555632301345,0.0582449950667306));
#6359=DIRECTION('ref_axis',(0.0648806425782797,0.,0.997893031451082));
#6360=DIRECTION('center_axis',(-0.893384360913824,-0.445522649168164,0.0580857362248163));
#6361=DIRECTION('ref_axis',(0.0648806425782576,-1.11022302462515E-14,0.997893031451083));
#6362=DIRECTION('center_axis',(-0.8886944894105,-0.45665102645341,-0.0411332533415238));
#6363=DIRECTION('ref_axis',(-0.046235533724992,0.,0.998930565865899));
#6364=DIRECTION('center_axis',(-0.06488064257827,-1.80079958107176E-17,
-0.997893031451082));
#6365=DIRECTION('ref_axis',(0.997893031451082,3.05516626714504E-16,-0.06488064257827));
#6366=DIRECTION('',(3.06041283130592E-16,-1.,-1.85206152966705E-18));
#6367=DIRECTION('center_axis',(3.06161699786838E-16,-1.,0.));
#6368=DIRECTION('ref_axis',(0.57940451542434,0.,-0.81504012631642));
#6369=DIRECTION('center_axis',(0.864722151752564,-0.0548403776843789,0.499247567088565));
#6370=DIRECTION('ref_axis',(-0.499999999999993,-1.11022302462516E-14,0.866025403784443));
#6371=DIRECTION('center_axis',(0.861535693768971,-0.101693974662637,0.497407864713991));
#6372=DIRECTION('ref_axis',(-0.500000000000003,0.,0.866025403784437));
#6373=DIRECTION('center_axis',(-0.599370812544386,0.461421531510523,0.654098463022477));
#6374=DIRECTION('ref_axis',(-0.73727733681012,0.,-0.675590207615665));
#6375=DIRECTION('center_axis',(-0.598244388859667,0.464613253684049,0.652869187279539));
#6376=DIRECTION('ref_axis',(-0.737277336810125,-1.11022302462515E-14,-0.675590207615659));
#6377=DIRECTION('center_axis',(-0.536346177341147,0.608057792538471,0.585319142848397));
#6378=DIRECTION('ref_axis',(-0.737277336810122,0.,-0.675590207615662));
#6379=DIRECTION('center_axis',(-3.06161699786838E-16,1.,0.));
#6380=DIRECTION('ref_axis',(0.97396996780562,0.,0.226677087092453));
#6381=DIRECTION('',(-2.90612141839505E-16,1.,1.42485446893322E-17));
#6382=DIRECTION('center_axis',(0.737277336810124,2.04635568715229E-16,0.67559020761566));
#6383=DIRECTION('ref_axis',(-0.67559020761566,-2.06839846322953E-16,0.737277336810124));
#6384=DIRECTION('',(2.77555756156289E-16,-1.,0.));
#6385=DIRECTION('center_axis',(2.77555756156289E-16,-1.,0.));
#6386=DIRECTION('ref_axis',(-0.988361510467761,0.,0.152123386189916));
#6387=DIRECTION('',(-2.77555756156289E-16,1.,0.));
#6388=DIRECTION('center_axis',(0.5,1.38777878078145E-16,-0.866025403784438));
#6389=DIRECTION('ref_axis',(0.866025403784438,2.65143809681227E-16,0.5));
#6390=DIRECTION('center_axis',(0.787204564827217,0.416827659215318,0.454492767410297));
#6391=DIRECTION('ref_axis',(-0.46461107173229,0.885484167908356,-0.00737159463203296));
#6392=DIRECTION('center_axis',(0.784916140604585,0.422542545736953,0.453171545069346));
#6393=DIRECTION('ref_axis',(-0.459844802716575,0.887457967893336,-0.0310018166755636));
#6394=DIRECTION('center_axis',(-0.645499814533527,-0.295118741863354,0.704439435039077));
#6395=DIRECTION('ref_axis',(-0.458861342856563,0.887166843096006,-0.0487981612659614));
#6396=DIRECTION('center_axis',(-0.648134256554801,-0.28218485264814,0.707314424012478));
#6397=DIRECTION('ref_axis',(-0.459674708280352,0.885484167908351,-0.0679481489889773));
#6398=DIRECTION('center_axis',(-0.596799370360741,-0.468667201443319,0.651292227673807));
#6399=DIRECTION('ref_axis',(-0.61449849177965,0.788904535995952,0.00460832784718314));
#6400=DIRECTION('center_axis',(0.,-1.,0.));
#6401=DIRECTION('ref_axis',(0.860714265313802,0.,-0.509088355283561));
#6402=DIRECTION('center_axis',(3.06161699786838E-16,-1.,0.));
#6403=DIRECTION('ref_axis',(1.,3.80865531603827E-16,0.));
#6404=DIRECTION('center_axis',(3.06161699786838E-16,-1.,0.));
#6405=DIRECTION('ref_axis',(-1.83697019872103E-16,0.,1.));
#6406=DIRECTION('center_axis',(3.06161699786838E-16,-1.,0.));
#6407=DIRECTION('ref_axis',(0.,0.,-1.));
#6408=DIRECTION('center_axis',(-1.,-3.06161699786838E-16,-1.22464679914735E-16));
#6409=DIRECTION('ref_axis',(-1.22464679914735E-16,0.,1.));
#6410=DIRECTION('center_axis',(3.06161699786838E-16,-1.,0.));
#6411=DIRECTION('ref_axis',(-0.976296007119933,-2.98904445034942E-16,-0.216439613938103));
#6412=DIRECTION('center_axis',(-3.06161699786838E-16,1.,0.));
#6413=DIRECTION('ref_axis',(0.,0.,1.));
#6414=DIRECTION('center_axis',(-3.06161699786838E-16,1.,0.));
#6415=DIRECTION('ref_axis',(-1.,-3.06161699786838E-16,1.22464679914735E-16));
#6416=DIRECTION('center_axis',(-3.06161699786838E-16,1.,0.));
#6417=DIRECTION('ref_axis',(0.707106781186548,0.,0.707106781186548));
#6418=DIRECTION('',(1.,3.06161699786838E-16,-1.63268091856641E-16));
#6419=DIRECTION('center_axis',(-3.06161699786838E-16,1.,0.));
#6420=DIRECTION('ref_axis',(-0.707106781186546,0.,0.707106781186549));
#6421=DIRECTION('',(-9.97953280561939E-17,-3.05535072684695E-32,1.));
#6422=DIRECTION('center_axis',(-3.06161699786838E-16,1.,0.));
#6423=DIRECTION('ref_axis',(-0.707106781186547,0.,-0.707106781186547));
#6424=DIRECTION('',(-1.,-3.06161699786838E-16,3.26536183713281E-16));
#6425=DIRECTION('center_axis',(-3.06161699786838E-16,1.,0.));
#6426=DIRECTION('ref_axis',(0.707106781186549,0.,-0.707106781186546));
#6427=DIRECTION('',(-9.97953280561938E-17,-3.05535072684695E-32,-1.));
#6428=DIRECTION('center_axis',(-3.06161699786838E-16,1.,0.));
#6429=DIRECTION('ref_axis',(-1.,-3.06161699786838E-16,1.22464679914735E-16));
#6430=DIRECTION('center_axis',(-3.06161699786838E-16,1.,0.));
#6431=DIRECTION('ref_axis',(0.,0.,1.));
#6432=DIRECTION('center_axis',(0.913545457642602,0.,0.406736643075798));
#6433=DIRECTION('ref_axis',(0.,-1.,0.));
#6434=DIRECTION('center_axis',(-3.06161699786838E-16,1.,0.));
#6435=DIRECTION('ref_axis',(0.913545457642601,2.89120579329468E-16,0.4067366430758));
#6436=DIRECTION('center_axis',(0.9135454576426,0.,0.406736643075802));
#6437=DIRECTION('ref_axis',(-0.406736643075802,-1.73472347597682E-16,0.9135454576426));
#6438=DIRECTION('center_axis',(3.06161699786838E-16,-1.,0.));
#6439=DIRECTION('ref_axis',(0.913545457642601,2.79692630144404E-16,0.4067366430758));
#6440=DIRECTION('center_axis',(-3.06161699786838E-16,1.,0.));
#6441=DIRECTION('ref_axis',(-1.22464679914735E-16,0.,-1.));
#6442=DIRECTION('center_axis',(0.913545457642604,0.,-0.406736643075794));
#6443=DIRECTION('ref_axis',(0.406736643075794,1.73472347597678E-16,0.913545457642604));
#6444=DIRECTION('center_axis',(3.06161699786838E-16,-1.,0.));
#6445=DIRECTION('ref_axis',(2.66215198635252E-16,8.15048977232594E-32,-1.));
#6446=DIRECTION('center_axis',(-3.06161699786838E-16,1.,0.));
#6447=DIRECTION('ref_axis',(2.66215198635251E-16,0.,-1.));
#6448=DIRECTION('center_axis',(-3.06161699786838E-16,1.,0.));
#6449=DIRECTION('ref_axis',(0.,0.,1.));
#6450=DIRECTION('center_axis',(-0.913545457642602,0.,0.406736643075798));
#6451=DIRECTION('ref_axis',(-0.406736643075798,-1.73472347597682E-16,-0.913545457642602));
#6452=DIRECTION('center_axis',(3.06161699786838E-16,-1.,0.));
#6453=DIRECTION('ref_axis',(-0.913545457642601,-2.79692630144404E-16,0.4067366430758));
#6454=DIRECTION('center_axis',(-3.06161699786838E-16,1.,0.));
#6455=DIRECTION('ref_axis',(-0.913545457642601,-2.89120579329468E-16,0.4067366430758));
#6456=DIRECTION('center_axis',(3.06161699786838E-16,-1.,0.));
#6457=DIRECTION('ref_axis',(0.,0.,-1.));
#6458=DIRECTION('center_axis',(-3.06161699786838E-16,1.,0.));
#6459=DIRECTION('ref_axis',(4.20391353006166E-17,1.28707731212057E-32,-1.));
#6460=DIRECTION('center_axis',(3.06161699786838E-16,-1.,0.));
#6461=DIRECTION('ref_axis',(4.20391353006166E-17,0.,-1.));
#6462=DIRECTION('center_axis',(-3.70074341541719E-16,1.,0.));
#6463=DIRECTION('ref_axis',(-0.4067366430758,-1.50522795367166E-16,-0.913545457642601));
#6464=DIRECTION('',(-3.70074341541719E-16,1.,0.));
#6465=DIRECTION('center_axis',(3.06161699786838E-16,-1.,0.));
#6466=DIRECTION('ref_axis',(2.64991990180612E-16,0.,-1.));
#6467=DIRECTION('',(-3.70074341541719E-16,1.,0.));
#6468=DIRECTION('center_axis',(-3.70074341541719E-16,1.,0.));
#6469=DIRECTION('ref_axis',(0.4067366430758,1.50522795367166E-16,-0.913545457642601));
#6470=DIRECTION('',(-3.70074341541719E-16,1.,0.));
#6471=DIRECTION('center_axis',(3.06161699786838E-16,-1.,0.));
#6472=DIRECTION('ref_axis',(0.913545457642601,2.89120579329468E-16,0.4067366430758));
#6473=DIRECTION('center_axis',(3.06161699786838E-16,-1.,0.));
#6474=DIRECTION('ref_axis',(0.,0.,-1.));
#6475=DIRECTION('center_axis',(-3.06161699786838E-16,1.,0.));
#6476=DIRECTION('ref_axis',(-1.,-3.06161699786838E-16,1.22464679914735E-16));
#6477=DIRECTION('center_axis',(3.06161699786838E-16,-1.,0.));
#6478=DIRECTION('ref_axis',(-0.4067366430758,-1.24527182009679E-16,0.913545457642601));
#6479=DIRECTION('center_axis',(3.06161699786838E-16,-1.,0.));
#6480=DIRECTION('ref_axis',(1.,3.06161699786838E-16,2.65603594407932E-16));
#6481=DIRECTION('center_axis',(3.06161699786838E-16,-1.,0.));
#6482=DIRECTION('ref_axis',(-0.4067366430758,-1.24527182009679E-16,-0.913545457642601));
#6483=DIRECTION('center_axis',(-3.06161699786838E-16,1.,0.));
#6484=DIRECTION('ref_axis',(1.,3.06161699786838E-16,2.25045207694288E-16));
#6485=DIRECTION('center_axis',(3.06161699786838E-16,-1.,0.));
#6486=DIRECTION('ref_axis',(-0.913545457642601,-2.79692630144404E-16,-0.4067366430758));
#6487=DIRECTION('center_axis',(3.06161699786838E-16,-1.,0.));
#6488=DIRECTION('ref_axis',(-2.11871271299026E-16,-6.48668685569082E-32,
1.));
#6489=DIRECTION('center_axis',(3.06161699786838E-16,-1.,0.));
#6490=DIRECTION('ref_axis',(0.913545457642601,2.79692630144404E-16,-0.4067366430758));
#6491=DIRECTION('center_axis',(-3.06161699786838E-16,1.,0.));
#6492=DIRECTION('ref_axis',(-1.6312192025849E-16,-4.99416843788323E-32,
1.));
#6493=DIRECTION('center_axis',(3.06161699786838E-16,-1.,0.));
#6494=DIRECTION('ref_axis',(1.,3.06161699786838E-16,0.));
#6495=DIRECTION('center_axis',(3.06161699786838E-16,-1.,0.));
#6496=DIRECTION('ref_axis',(1.,3.06161699786838E-16,0.));
#6497=DIRECTION('center_axis',(3.06161699786838E-16,-1.,0.));
#6498=DIRECTION('ref_axis',(1.,3.06161699786838E-16,0.));
#6499=DIRECTION('center_axis',(3.06161699786838E-16,-1.,0.));
#6500=DIRECTION('ref_axis',(1.,3.06161699786838E-16,0.));
#6501=DIRECTION('center_axis',(3.06161699786838E-16,-1.,0.));
#6502=DIRECTION('ref_axis',(0.4067366430758,1.24527182009679E-16,0.913545457642601));
#6503=DIRECTION('center_axis',(-3.06161699786838E-16,1.,0.));
#6504=DIRECTION('ref_axis',(-1.,-3.06161699786838E-16,-1.02580527779553E-16));
#6505=DIRECTION('center_axis',(3.06161699786838E-16,-1.,0.));
#6506=DIRECTION('ref_axis',(0.4067366430758,1.24527182009679E-16,-0.913545457642601));
#6507=DIRECTION('center_axis',(3.06161699786838E-16,-1.,0.));
#6508=DIRECTION('ref_axis',(-1.,-3.06161699786838E-16,-3.18724313289519E-16));
#6509=DIRECTION('center_axis',(3.06161699786838E-16,-1.,0.));
#6510=DIRECTION('ref_axis',(-0.913545457642601,-2.77555756156289E-16,0.4067366430758));
#6511=DIRECTION('center_axis',(-0.913545457642602,0.,0.406736643075798));
#6512=DIRECTION('ref_axis',(0.,1.,0.));
#6513=DIRECTION('center_axis',(3.06161699786838E-16,-1.,0.));
#6514=DIRECTION('ref_axis',(-0.913545457642601,-2.89120579329468E-16,0.4067366430758));
#6515=DIRECTION('center_axis',(-0.9135454576426,0.,0.406736643075802));
#6516=DIRECTION('ref_axis',(0.406736643075802,0.,0.9135454576426));
#6517=DIRECTION('center_axis',(-3.06161699786838E-16,1.,0.));
#6518=DIRECTION('ref_axis',(-0.913545457642601,-2.79692630144404E-16,0.4067366430758));
#6519=DIRECTION('center_axis',(3.06161699786838E-16,-1.,0.));
#6520=DIRECTION('ref_axis',(0.,0.,-1.));
#6521=DIRECTION('center_axis',(-0.9135454576426,0.,-0.406736643075803));
#6522=DIRECTION('ref_axis',(-0.406736643075803,0.,0.9135454576426));
#6523=DIRECTION('center_axis',(-3.06161699786838E-16,1.,0.));
#6524=DIRECTION('ref_axis',(2.64991990180612E-16,8.11303981435935E-32,-1.));
#6525=DIRECTION('center_axis',(3.06161699786838E-16,-1.,0.));
#6526=DIRECTION('ref_axis',(0.913545457642601,2.77555756156289E-16,0.4067366430758));
#6527=DIRECTION('center_axis',(0.913545457642602,0.,0.406736643075798));
#6528=DIRECTION('ref_axis',(0.406736643075798,0.,-0.913545457642602));
#6529=DIRECTION('center_axis',(-3.06161699786838E-16,1.,0.));
#6530=DIRECTION('ref_axis',(0.913545457642601,2.79692630144404E-16,0.4067366430758));
#6531=DIRECTION('center_axis',(-3.06161699786838E-16,1.,0.));
#6532=DIRECTION('ref_axis',(-1.22464679914735E-16,0.,-1.));
#6533=DIRECTION('center_axis',(3.06161699786838E-16,-1.,0.));
#6534=DIRECTION('ref_axis',(2.85586600173225E-16,8.74356789453787E-32,-1.));
#6535=DIRECTION('center_axis',(-3.06161699786838E-16,1.,0.));
#6536=DIRECTION('ref_axis',(2.85586600173225E-16,0.,-1.));
#6537=DIRECTION('center_axis',(-3.70074341541719E-16,1.,0.));
#6538=DIRECTION('ref_axis',(0.4067366430758,1.50522795367166E-16,0.913545457642601));
#6539=DIRECTION('',(-3.70074341541719E-16,1.,0.));
#6540=DIRECTION('center_axis',(-3.06161699786838E-16,1.,0.));
#6541=DIRECTION('ref_axis',(0.,0.,1.));
#6542=DIRECTION('center_axis',(3.06161699786838E-16,-1.,0.));
#6543=DIRECTION('ref_axis',(-1.,-3.06161699786838E-16,1.22464679914735E-16));
#6544=DIRECTION('center_axis',(-3.06161699786838E-16,1.,0.));
#6545=DIRECTION('ref_axis',(-0.4067366430758,-1.24527182009679E-16,0.913545457642601));
#6546=DIRECTION('center_axis',(3.06161699786838E-16,-1.,0.));
#6547=DIRECTION('ref_axis',(1.,3.06161699786838E-16,4.69974567523759E-16));
#6548=DIRECTION('center_axis',(-3.06161699786838E-16,1.,0.));
#6549=DIRECTION('ref_axis',(-0.4067366430758,-1.24527182009679E-16,-0.913545457642601));
#6550=DIRECTION('center_axis',(-3.06161699786838E-16,1.,0.));
#6551=DIRECTION('ref_axis',(1.,3.06161699786838E-16,2.65603594407932E-16));
#6552=DIRECTION('center_axis',(-3.06161699786838E-16,1.,0.));
#6553=DIRECTION('ref_axis',(0.913545457642601,2.79692630144404E-16,-0.4067366430758));
#6554=DIRECTION('center_axis',(-3.06161699786838E-16,1.,0.));
#6555=DIRECTION('ref_axis',(-2.13094479753665E-16,-6.52413681365742E-32,
1.));
#6556=DIRECTION('center_axis',(-3.06161699786838E-16,1.,0.));
#6557=DIRECTION('ref_axis',(-0.913545457642601,-2.79692630144404E-16,-0.4067366430758));
#6558=DIRECTION('center_axis',(3.06161699786838E-16,-1.,0.));
#6559=DIRECTION('ref_axis',(-4.09433175044823E-16,-1.25352756820845E-31,
1.));
#6560=DIRECTION('',(0.,0.,1.));
#6561=DIRECTION('',(-1.,-3.06161699786838E-16,-7.40916695558274E-17));
#6562=DIRECTION('center_axis',(-3.06161699786838E-16,1.,0.));
#6563=DIRECTION('ref_axis',(-1.83697019872103E-16,-5.62409918498197E-32,
1.));
#6564=DIRECTION('center_axis',(-3.06161699786838E-16,1.,0.));
#6565=DIRECTION('ref_axis',(-1.,-3.06161699786838E-16,0.));
#6566=DIRECTION('center_axis',(-3.06161699786838E-16,1.,0.));
#6567=DIRECTION('ref_axis',(-1.,-3.06161699786838E-16,0.));
#6568=DIRECTION('center_axis',(-3.06161699786838E-16,1.,0.));
#6569=DIRECTION('ref_axis',(-1.,-3.06161699786838E-16,0.));
#6570=DIRECTION('center_axis',(-3.06161699786838E-16,1.,0.));
#6571=DIRECTION('ref_axis',(-1.,-3.06161699786838E-16,0.));
#6572=DIRECTION('center_axis',(-3.06161699786838E-16,1.,0.));
#6573=DIRECTION('ref_axis',(-1.,-3.06161699786838E-16,-3.18724313289519E-16));
#6574=DIRECTION('center_axis',(-3.06161699786838E-16,1.,0.));
#6575=DIRECTION('ref_axis',(0.4067366430758,1.24527182009679E-16,-0.913545457642601));
#6576=DIRECTION('center_axis',(3.06161699786838E-16,-1.,0.));
#6577=DIRECTION('ref_axis',(-1.,-3.06161699786838E-16,-3.47509887609024E-16));
#6578=DIRECTION('center_axis',(-3.06161699786838E-16,1.,0.));
#6579=DIRECTION('ref_axis',(0.4067366430758,1.24527182009679E-16,0.913545457642601));
#6580=DIRECTION('center_axis',(-3.06161699786838E-16,1.,0.));
#6581=DIRECTION('ref_axis',(0.,0.,1.));
#6582=DIRECTION('center_axis',(-0.406736643075798,0.,0.913545457642602));
#6583=DIRECTION('ref_axis',(0.,-1.,0.));
#6584=DIRECTION('center_axis',(-3.06161699786838E-16,1.,0.));
#6585=DIRECTION('ref_axis',(-0.4067366430758,-1.15648231731787E-16,0.913545457642601));
#6586=DIRECTION('center_axis',(-0.406736643075802,0.,0.9135454576426));
#6587=DIRECTION('ref_axis',(-0.9135454576426,-1.73472347597682E-16,-0.406736643075802));
#6588=DIRECTION('center_axis',(-3.06161699786838E-16,1.,0.));
#6589=DIRECTION('ref_axis',(0.,0.,1.));
#6590=DIRECTION('center_axis',(0.406736643075799,0.,0.913545457642602));
#6591=DIRECTION('ref_axis',(-0.913545457642602,-3.46944695195355E-16,0.406736643075799));
#6592=DIRECTION('center_axis',(-3.06161699786838E-16,1.,0.));
#6593=DIRECTION('ref_axis',(1.,3.05444133569122E-16,2.65603594407932E-16));
#6594=DIRECTION('center_axis',(-3.06161699786838E-16,1.,0.));
#6595=DIRECTION('ref_axis',(-0.4067366430758,-1.21430643318376E-16,-0.913545457642601));
#6596=DIRECTION('center_axis',(-0.406736643075798,0.,-0.913545457642602));
#6597=DIRECTION('ref_axis',(0.913545457642602,1.73472347597682E-16,-0.406736643075798));
#6598=DIRECTION('center_axis',(-3.06161699786838E-16,1.,0.));
#6599=DIRECTION('ref_axis',(-0.4067366430758,-1.15648231731787E-16,-0.913545457642601));
#6600=DIRECTION('center_axis',(3.06161699786838E-16,-1.,0.));
#6601=DIRECTION('ref_axis',(0.,0.,-1.));
#6602=DIRECTION('center_axis',(3.06161699786838E-16,-1.,0.));
#6603=DIRECTION('ref_axis',(1.,3.05686407118075E-16,2.25045207694288E-16));
#6604=DIRECTION('center_axis',(0.,1.,0.));
#6605=DIRECTION('ref_axis',(0.913545457642601,0.,-0.4067366430758));
#6606=DIRECTION('',(0.,1.,0.));
#6607=DIRECTION('center_axis',(3.06161699786838E-16,-1.,0.));
#6608=DIRECTION('ref_axis',(1.,3.05444133569122E-16,2.65603594407932E-16));
#6609=DIRECTION('',(0.,1.,0.));
#6610=DIRECTION('center_axis',(0.,1.,0.));
#6611=DIRECTION('ref_axis',(0.913545457642601,0.,0.4067366430758));
#6612=DIRECTION('',(0.,1.,0.));
#6613=DIRECTION('center_axis',(3.06161699786838E-16,-1.,0.));
#6614=DIRECTION('ref_axis',(-0.4067366430758,-1.15648231731787E-16,0.913545457642601));
#6615=DIRECTION('center_axis',(3.06161699786838E-16,-1.,0.));
#6616=DIRECTION('ref_axis',(-0.4067366430758,0.,0.913545457642601));
#6617=DIRECTION('center_axis',(-0.406736643075802,0.,0.9135454576426));
#6618=DIRECTION('ref_axis',(0.,1.,0.));
#6619=DIRECTION('center_axis',(-0.406736643075802,0.,0.9135454576426));
#6620=DIRECTION('ref_axis',(0.9135454576426,0.,0.406736643075802));
#6621=DIRECTION('center_axis',(-3.06161699786838E-16,1.,0.));
#6622=DIRECTION('ref_axis',(0.,0.,1.));
#6623=DIRECTION('center_axis',(0.406736643075802,0.,0.9135454576426));
#6624=DIRECTION('ref_axis',(0.9135454576426,0.,-0.406736643075802));
#6625=DIRECTION('center_axis',(-3.06161699786838E-16,1.,0.));
#6626=DIRECTION('ref_axis',(1.,3.05686407118075E-16,4.69974567523759E-16));
#6627=DIRECTION('center_axis',(3.06161699786838E-16,-1.,0.));
#6628=DIRECTION('ref_axis',(0.,0.,-1.));
#6629=DIRECTION('center_axis',(-0.406736643075802,0.,-0.9135454576426));
#6630=DIRECTION('ref_axis',(-0.9135454576426,0.,0.406736643075802));
#6631=DIRECTION('center_axis',(3.06161699786838E-16,-1.,0.));
#6632=DIRECTION('ref_axis',(-0.4067366430758,-1.15648231731787E-16,-0.913545457642601));
#6633=DIRECTION('center_axis',(3.06161699786838E-16,-1.,0.));
#6634=DIRECTION('ref_axis',(0.,0.,-1.));
#6635=DIRECTION('center_axis',(0.,1.,0.));
#6636=DIRECTION('ref_axis',(1.,0.,4.69974567523759E-16));
#6637=DIRECTION('',(0.,1.,0.));
#6638=DIRECTION('center_axis',(-3.06161699786838E-16,1.,0.));
#6639=DIRECTION('ref_axis',(0.,0.,1.));
#6640=DIRECTION('center_axis',(0.406736643075802,0.,0.9135454576426));
#6641=DIRECTION('ref_axis',(0.,-1.,0.));
#6642=DIRECTION('center_axis',(-3.06161699786838E-16,1.,0.));
#6643=DIRECTION('ref_axis',(0.4067366430758,1.15648231731787E-16,0.913545457642601));
#6644=DIRECTION('center_axis',(0.406736643075802,0.,0.9135454576426));
#6645=DIRECTION('ref_axis',(-0.9135454576426,-1.73472347597682E-16,0.406736643075802));
#6646=DIRECTION('center_axis',(3.06161699786838E-16,-1.,0.));
#6647=DIRECTION('ref_axis',(0.,0.,-1.));
#6648=DIRECTION('center_axis',(-0.406736643075802,0.,0.9135454576426));
#6649=DIRECTION('ref_axis',(-0.9135454576426,-3.46944695195368E-16,-0.406736643075802));
#6650=DIRECTION('center_axis',(3.06161699786838E-16,-1.,0.));
#6651=DIRECTION('ref_axis',(-1.,-3.05686407118075E-16,-1.02580527779553E-16));
#6652=DIRECTION('center_axis',(-3.06161699786838E-16,1.,0.));
#6653=DIRECTION('ref_axis',(0.4067366430758,1.21430643318376E-16,-0.913545457642601));
#6654=DIRECTION('center_axis',(0.406736643075802,0.,-0.9135454576426));
#6655=DIRECTION('ref_axis',(0.9135454576426,1.73472347597682E-16,0.406736643075802));
#6656=DIRECTION('center_axis',(-3.06161699786838E-16,1.,0.));
#6657=DIRECTION('ref_axis',(0.4067366430758,1.15648231731787E-16,-0.913545457642601));
#6658=DIRECTION('center_axis',(-3.06161699786838E-16,1.,0.));
#6659=DIRECTION('ref_axis',(0.,0.,1.));
#6660=DIRECTION('center_axis',(-3.06161699786838E-16,1.,0.));
#6661=DIRECTION('ref_axis',(-1.,-3.05444133569122E-16,-3.18724313289519E-16));
#6662=DIRECTION('center_axis',(0.,1.,0.));
#6663=DIRECTION('ref_axis',(-1.,0.,-3.47509887609024E-16));
#6664=DIRECTION('',(0.,1.,0.));
#6665=DIRECTION('center_axis',(-3.06161699786838E-16,1.,0.));
#6666=DIRECTION('ref_axis',(-1.,-3.05686407118075E-16,-3.47509887609024E-16));
#6667=DIRECTION('',(0.,1.,0.));
#6668=DIRECTION('center_axis',(0.,1.,0.));
#6669=DIRECTION('ref_axis',(0.913545457642601,0.,-0.4067366430758));
#6670=DIRECTION('',(0.,1.,0.));
#6671=DIRECTION('center_axis',(3.06161699786838E-16,-1.,0.));
#6672=DIRECTION('ref_axis',(0.4067366430758,1.15648231731787E-16,0.913545457642601));
#6673=DIRECTION('center_axis',(3.06161699786838E-16,-1.,0.));
#6674=DIRECTION('ref_axis',(0.,0.,-1.));
#6675=DIRECTION('center_axis',(-0.406736643075794,0.,-0.913545457642604));
#6676=DIRECTION('ref_axis',(0.,1.,0.));
#6677=DIRECTION('center_axis',(3.06161699786838E-16,-1.,0.));
#6678=DIRECTION('ref_axis',(-1.,-3.05444133569122E-16,-3.18724313289519E-16));
#6679=DIRECTION('center_axis',(-0.406736643075804,0.,0.913545457642599));
#6680=DIRECTION('ref_axis',(0.913545457642599,0.,0.406736643075804));
#6681=DIRECTION('center_axis',(3.06161699786838E-16,-1.,0.));
#6682=DIRECTION('ref_axis',(0.,0.,-1.));
#6683=DIRECTION('center_axis',(0.406736643075798,0.,-0.913545457642602));
#6684=DIRECTION('ref_axis',(-0.913545457642602,0.,-0.406736643075798));
#6685=DIRECTION('center_axis',(3.06161699786838E-16,-1.,0.));
#6686=DIRECTION('ref_axis',(0.4067366430758,1.15648231731787E-16,-0.913545457642601));
#6687=DIRECTION('center_axis',(-3.06161699786838E-16,1.,0.));
#6688=DIRECTION('ref_axis',(0.,0.,1.));
#6689=DIRECTION('center_axis',(-0.406736643075802,0.,-0.9135454576426));
#6690=DIRECTION('ref_axis',(-0.9135454576426,0.,0.406736643075802));
#6691=DIRECTION('center_axis',(3.06161699786838E-16,-1.,0.));
#6692=DIRECTION('ref_axis',(0.4067366430758,0.,0.913545457642601));
#6693=DIRECTION('center_axis',(0.,1.,0.));
#6694=DIRECTION('ref_axis',(-0.913545457642601,0.,-0.4067366430758));
#6695=DIRECTION('',(0.,1.,0.));
#6696=DIRECTION('center_axis',(0.,1.,0.));
#6697=DIRECTION('ref_axis',(-0.913545457642601,0.,0.4067366430758));
#6698=DIRECTION('center_axis',(3.06161699786838E-16,-1.,0.));
#6699=DIRECTION('ref_axis',(0.,0.,-1.));
#6700=DIRECTION('center_axis',(0.913545457642602,0.,-0.406736643075798));
#6701=DIRECTION('ref_axis',(0.,1.,0.));
#6702=DIRECTION('center_axis',(3.06161699786838E-16,-1.,0.));
#6703=DIRECTION('ref_axis',(0.913545457642601,2.89120579329468E-16,-0.4067366430758));
#6704=DIRECTION('center_axis',(0.9135454576426,0.,-0.406736643075802));
#6705=DIRECTION('ref_axis',(-0.406736643075802,0.,-0.9135454576426));
#6706=DIRECTION('center_axis',(3.06161699786838E-16,-1.,0.));
#6707=DIRECTION('ref_axis',(-1.22464679914735E-16,0.,1.));
#6708=DIRECTION('center_axis',(0.913545457642598,0.,0.406736643075807));
#6709=DIRECTION('ref_axis',(0.406736643075807,0.,-0.913545457642598));
#6710=DIRECTION('center_axis',(3.06161699786838E-16,-1.,0.));
#6711=DIRECTION('ref_axis',(-2.13094479753665E-16,0.,1.));
#6712=DIRECTION('center_axis',(3.06161699786838E-16,-1.,0.));
#6713=DIRECTION('ref_axis',(0.,0.,-1.));
#6714=DIRECTION('center_axis',(-0.913545457642602,0.,-0.406736643075798));
#6715=DIRECTION('ref_axis',(-0.406736643075798,0.,0.913545457642602));
#6716=DIRECTION('center_axis',(3.06161699786838E-16,-1.,0.));
#6717=DIRECTION('ref_axis',(-0.913545457642601,-2.89120579329468E-16,-0.4067366430758));
#6718=DIRECTION('center_axis',(-3.06161699786838E-16,1.,0.));
#6719=DIRECTION('ref_axis',(0.,0.,1.));
#6720=DIRECTION('center_axis',(-3.06161699786838E-16,1.,0.));
#6721=DIRECTION('ref_axis',(-4.09433175044823E-16,0.,1.));
#6722=DIRECTION('center_axis',(-3.70074341541719E-16,1.,0.));
#6723=DIRECTION('ref_axis',(0.4067366430758,1.50522795367166E-16,0.913545457642601));
#6724=DIRECTION('',(-3.70074341541719E-16,1.,0.));
#6725=DIRECTION('center_axis',(-3.06161699786838E-16,1.,0.));
#6726=DIRECTION('ref_axis',(-2.11871271299026E-16,0.,1.));
#6727=DIRECTION('',(-3.70074341541719E-16,1.,0.));
#6728=DIRECTION('center_axis',(-3.70074341541719E-16,1.,0.));
#6729=DIRECTION('ref_axis',(-0.4067366430758,-1.50522795367166E-16,-0.913545457642601));
#6730=DIRECTION('',(-3.70074341541719E-16,1.,0.));
#6731=DIRECTION('center_axis',(-3.06161699786838E-16,1.,0.));
#6732=DIRECTION('ref_axis',(0.913545457642601,2.89120579329468E-16,-0.4067366430758));
#6733=DIRECTION('center_axis',(-3.06161699786838E-16,1.,0.));
#6734=DIRECTION('ref_axis',(-0.913545457642601,-2.77555756156289E-16,-0.4067366430758));
#6735=DIRECTION('center_axis',(-0.913545457642602,0.,-0.406736643075798));
#6736=DIRECTION('ref_axis',(0.,-1.,0.));
#6737=DIRECTION('center_axis',(-3.06161699786838E-16,1.,0.));
#6738=DIRECTION('ref_axis',(-0.913545457642601,-2.89120579329468E-16,-0.4067366430758));
#6739=DIRECTION('center_axis',(-0.9135454576426,0.,-0.406736643075802));
#6740=DIRECTION('ref_axis',(0.406736643075802,1.73472347597682E-16,-0.9135454576426));
#6741=DIRECTION('center_axis',(-3.06161699786838E-16,1.,0.));
#6742=DIRECTION('ref_axis',(0.,0.,1.));
#6743=DIRECTION('center_axis',(-0.913545457642602,0.,0.406736643075798));
#6744=DIRECTION('ref_axis',(-0.406736643075798,-1.7347234759768E-16,-0.913545457642602));
#6745=DIRECTION('center_axis',(-3.06161699786838E-16,1.,0.));
#6746=DIRECTION('ref_axis',(0.913545457642601,2.77555756156289E-16,-0.4067366430758));
#6747=DIRECTION('center_axis',(0.913545457642602,0.,-0.406736643075798));
#6748=DIRECTION('ref_axis',(0.406736643075798,1.73472347597682E-16,0.913545457642602));
#6749=DIRECTION('center_axis',(3.06161699786838E-16,-1.,0.));
#6750=DIRECTION('ref_axis',(-1.22464679914735E-16,0.,1.));
#6751=DIRECTION('center_axis',(3.06161699786838E-16,-1.,0.));
#6752=DIRECTION('ref_axis',(-1.6312192025849E-16,0.,1.));
#6753=DIRECTION('center_axis',(-3.70074341541719E-16,1.,0.));
#6754=DIRECTION('ref_axis',(-0.4067366430758,-1.50522795367166E-16,0.913545457642601));
#6755=DIRECTION('',(-3.70074341541719E-16,1.,0.));
#6756=DIRECTION('center_axis',(-3.70074341541719E-16,1.,0.));
#6757=DIRECTION('ref_axis',(2.86277547651656E-16,1.05943974945365E-31,-1.));
#6758=DIRECTION('center_axis',(-3.70074341541719E-16,1.,0.));
#6759=DIRECTION('ref_axis',(-4.08742227566391E-16,-1.51265010726928E-31,
1.));
#6760=DIRECTION('center_axis',(0.,1.,0.));
#6761=DIRECTION('ref_axis',(-0.913545457642601,0.,0.4067366430758));
#6762=DIRECTION('center_axis',(-0.802880294062383,0.445512675181486,-0.396108179237615));
#6763=DIRECTION('ref_axis',(0.330567980538775,0.885659042785487,0.326087212528812));
#6764=DIRECTION('center_axis',(-0.805081641417284,0.440545447600436,-0.397194233658274));
#6765=DIRECTION('ref_axis',(0.334171408515255,0.890103082910202,0.309912845046289));
#6766=DIRECTION('center_axis',(0.,1.,0.));
#6767=DIRECTION('ref_axis',(0.948461325844046,0.,0.316892905219026));
#6768=DIRECTION('center_axis',(0.823225757486608,0.396667297404155,0.406145795719571));
#6769=DIRECTION('ref_axis',(0.453108335843732,-0.890103082910309,-0.049085005678795));
#6770=DIRECTION('center_axis',(0.826154782620018,0.38902181026728,0.407590856485323));
#6771=DIRECTION('ref_axis',(0.457160218457868,-0.885659042785488,-0.0813178614564349));
#6772=DIRECTION('center_axis',(0.785714528045444,0.358574090863424,0.504060811589032));
#6773=DIRECTION('ref_axis',(0.457284982087699,-0.885445913718468,-0.0829215233598649));
#6774=DIRECTION('center_axis',(-0.499252067595396,-0.0546762471911196,-0.864729946859028));
#6775=DIRECTION('ref_axis',(0.866025403784436,0.,-0.500000000000004));
#6776=DIRECTION('center_axis',(-0.497413064770008,-0.101592184662187,-0.8615447005302));
#6777=DIRECTION('ref_axis',(0.866025403784438,0.,-0.500000000000001));
#6778=DIRECTION('center_axis',(0.846087383308116,0.461486437839264,-0.26677032724284));
#6779=DIRECTION('ref_axis',(0.300705799504276,0.,0.953716950748226));
#6780=DIRECTION('center_axis',(0.844492314378019,0.464687422419605,-0.266267403941001));
#6781=DIRECTION('ref_axis',(0.300705799504275,0.,0.953716950748226));
#6782=DIRECTION('center_axis',(0.757305717744257,0.607843169949989,-0.238777575615895));
#6783=DIRECTION('ref_axis',(0.300705799504274,0.,0.953716950748227));
#6784=DIRECTION('center_axis',(3.06161699786838E-16,-1.,0.));
#6785=DIRECTION('ref_axis',(-0.730144191096553,0.,-0.683293099780731));
#6786=DIRECTION('',(-3.1863365390246E-16,1.,-3.95559848484186E-17));
#6787=DIRECTION('center_axis',(-0.300705799504273,-1.33540200899184E-16,
-0.953716950748227));
#6788=DIRECTION('ref_axis',(0.953716950748227,2.91991602756598E-16,-0.300705799504273));
#6789=DIRECTION('',(4.44089209850063E-16,-1.,0.));
#6790=DIRECTION('center_axis',(4.44089209850063E-16,-1.,0.));
#6791=DIRECTION('ref_axis',(0.932007869282798,0.,0.362438038283702));
#6792=DIRECTION('',(-4.44089209850063E-16,1.,0.));
#6793=DIRECTION('center_axis',(-0.866025403784439,-3.84592537276713E-16,
0.5));
#6794=DIRECTION('ref_axis',(-0.5,-1.53080849893419E-16,-0.866025403784439));
#6795=DIRECTION('center_axis',(-0.454457303172645,0.416982299830817,-0.787143138965747));
#6796=DIRECTION('ref_axis',(0.398634840717698,0.885445913720259,0.238905415681752));
#6797=DIRECTION('center_axis',(-0.453138525775337,0.422684167946488,-0.784858949509745));
#6798=DIRECTION('ref_axis',(0.38266589158824,0.887425253427719,0.256988783789732));
#6799=DIRECTION('center_axis',(0.911280218289278,-0.294978630678319,-0.287325549155987));
#6800=DIRECTION('ref_axis',(0.372898595548941,0.887133555352033,0.271920378798811));
#6801=DIRECTION('center_axis',(0.915006155959193,-0.282012929732677,-0.28850033279075));
#6802=DIRECTION('ref_axis',(0.36400457140305,0.885445913720252,0.288939796279069));
#6803=DIRECTION('center_axis',(0.842745013438184,-0.468161930294075,-0.265716483019779));
#6804=DIRECTION('ref_axis',(0.534054346733181,0.789089488700112,0.303518917957993));
#6805=DIRECTION('center_axis',(-5.55142319622253E-15,-1.,0.));
#6806=DIRECTION('ref_axis',(-0.999944505564453,5.55111512312578E-15,0.0105349794238691));
#6807=DIRECTION('center_axis',(3.06161699786838E-16,-1.,0.));
#6808=DIRECTION('ref_axis',(-1.22464679914735E-16,0.,1.));
#6809=DIRECTION('center_axis',(3.06161699786838E-16,-1.,0.));
#6810=DIRECTION('ref_axis',(-0.909152612828644,0.,0.416463115517869));
#6811=DIRECTION('',(3.33161775967927E-16,-1.,-5.47270423592429E-17));
#6812=DIRECTION('center_axis',(-0.442442712977586,-1.96484034810134E-16,
0.896796769470672));
#6813=DIRECTION('ref_axis',(-0.896796769470672,-2.74564823304486E-16,-0.442442712977586));
#6814=DIRECTION('center_axis',(3.06161699786838E-16,-1.,0.));
#6815=DIRECTION('ref_axis',(0.,0.,-1.));
#6816=DIRECTION('center_axis',(-1.,-3.06161699786838E-16,0.));
#6817=DIRECTION('ref_axis',(0.,0.,1.));
#6818=DIRECTION('center_axis',(3.06161699786838E-16,-1.,0.));
#6819=DIRECTION('ref_axis',(-1.,-2.9738116731031E-16,0.));
#6820=DIRECTION('center_axis',(3.06161699786838E-16,-1.,0.));
#6821=DIRECTION('ref_axis',(-1.,-2.9738116731031E-16,0.));
#6822=DIRECTION('center_axis',(5.55111512312578E-16,-1.,0.));
#6823=DIRECTION('ref_axis',(1.,5.55111512312578E-16,0.));
#6824=DIRECTION('',(5.55111512312578E-16,-1.,0.));
#6825=DIRECTION('center_axis',(-3.06161699786838E-16,1.,0.));
#6826=DIRECTION('ref_axis',(1.,2.9738116731031E-16,0.));
#6827=DIRECTION('center_axis',(-3.06161699786838E-16,1.,0.));
#6828=DIRECTION('ref_axis',(1.,2.9738116731031E-16,0.));
#6829=DIRECTION('center_axis',(-3.06161699786838E-16,1.,0.));
#6830=DIRECTION('ref_axis',(0.,0.,1.));
#6831=DIRECTION('center_axis',(-1.,-3.06161699786838E-16,0.));
#6832=DIRECTION('ref_axis',(0.,0.,-1.));
#6833=DIRECTION('center_axis',(-3.06161699786838E-16,1.,0.));
#6834=DIRECTION('ref_axis',(0.,0.,1.));
#6835=DIRECTION('center_axis',(-1.,-3.06161699786838E-16,0.));
#6836=DIRECTION('ref_axis',(0.,0.,-1.));
#6837=DIRECTION('center_axis',(-3.06161699786838E-16,1.,0.));
#6838=DIRECTION('ref_axis',(1.,2.9738116731031E-16,0.));
#6839=DIRECTION('center_axis',(-3.06161699786838E-16,1.,0.));
#6840=DIRECTION('ref_axis',(1.,2.9738116731031E-16,0.));
#6841=DIRECTION('center_axis',(5.55111512312578E-16,-1.,0.));
#6842=DIRECTION('ref_axis',(1.,5.55111512312578E-16,0.));
#6843=DIRECTION('center_axis',(3.06161699786838E-16,-1.,0.));
#6844=DIRECTION('ref_axis',(-1.,-2.9738116731031E-16,0.));
#6845=DIRECTION('',(5.55111512312578E-16,-1.,0.));
#6846=DIRECTION('center_axis',(3.06161699786838E-16,-1.,0.));
#6847=DIRECTION('ref_axis',(-1.,-2.9738116731031E-16,0.));
#6848=DIRECTION('center_axis',(3.06161699786838E-16,-1.,0.));
#6849=DIRECTION('ref_axis',(0.,0.,-1.));
#6850=DIRECTION('center_axis',(-1.,-3.06161699786838E-16,0.));
#6851=DIRECTION('ref_axis',(0.,0.,1.));
#6852=DIRECTION('center_axis',(-3.06161699786838E-16,1.,0.));
#6853=DIRECTION('ref_axis',(0.,0.,1.));
#6854=DIRECTION('center_axis',(-1.,-3.06161699786838E-16,0.));
#6855=DIRECTION('ref_axis',(0.,0.,-1.));
#6856=DIRECTION('center_axis',(-3.06161699786838E-16,1.,0.));
#6857=DIRECTION('ref_axis',(1.,2.9738116731031E-16,0.));
#6858=DIRECTION('center_axis',(-3.06161699786838E-16,1.,0.));
#6859=DIRECTION('ref_axis',(1.,2.9738116731031E-16,0.));
#6860=DIRECTION('center_axis',(5.55111512312578E-16,-1.,0.));
#6861=DIRECTION('ref_axis',(1.,5.55111512312578E-16,0.));
#6862=DIRECTION('center_axis',(3.06161699786838E-16,-1.,0.));
#6863=DIRECTION('ref_axis',(-1.,-2.9738116731031E-16,0.));
#6864=DIRECTION('',(5.55111512312578E-16,-1.,0.));
#6865=DIRECTION('center_axis',(3.06161699786838E-16,-1.,0.));
#6866=DIRECTION('ref_axis',(-1.,-2.9738116731031E-16,0.));
#6867=DIRECTION('center_axis',(3.06161699786838E-16,-1.,0.));
#6868=DIRECTION('ref_axis',(0.,0.,-1.));
#6869=DIRECTION('center_axis',(-1.,-3.06161699786838E-16,0.));
#6870=DIRECTION('ref_axis',(0.,0.,1.));
#6871=DIRECTION('center_axis',(-3.06161699786838E-16,1.,0.));
#6872=DIRECTION('ref_axis',(0.,0.,1.));
#6873=DIRECTION('center_axis',(-1.,-3.06161699786838E-16,0.));
#6874=DIRECTION('ref_axis',(0.,0.,-1.));
#6875=DIRECTION('center_axis',(-3.06161699786838E-16,1.,0.));
#6876=DIRECTION('ref_axis',(1.,2.9738116731031E-16,0.));
#6877=DIRECTION('center_axis',(-3.06161699786838E-16,1.,0.));
#6878=DIRECTION('ref_axis',(1.,2.9738116731031E-16,0.));
#6879=DIRECTION('center_axis',(5.55111512312578E-16,-1.,0.));
#6880=DIRECTION('ref_axis',(1.,5.55111512312578E-16,0.));
#6881=DIRECTION('center_axis',(3.06161699786838E-16,-1.,0.));
#6882=DIRECTION('ref_axis',(-1.,-2.9738116731031E-16,0.));
#6883=DIRECTION('',(5.55111512312578E-16,-1.,0.));
#6884=DIRECTION('center_axis',(3.06161699786838E-16,-1.,0.));
#6885=DIRECTION('ref_axis',(-1.,-2.9738116731031E-16,0.));
#6886=DIRECTION('center_axis',(3.06161699786838E-16,-1.,0.));
#6887=DIRECTION('ref_axis',(0.,0.,-1.));
#6888=DIRECTION('center_axis',(-1.,-3.06161699786838E-16,0.));
#6889=DIRECTION('ref_axis',(0.,0.,1.));
#6890=DIRECTION('center_axis',(3.06161699786838E-16,-1.,0.));
#6891=DIRECTION('ref_axis',(0.,0.,-1.));
#6892=DIRECTION('center_axis',(-1.,-3.06161699786838E-16,-1.22464679914735E-16));
#6893=DIRECTION('ref_axis',(-1.22464679914735E-16,0.,1.));
#6894=DIRECTION('center_axis',(3.06161699786838E-16,-1.,0.));
#6895=DIRECTION('ref_axis',(-1.,-3.06477732462455E-16,1.22464679914735E-16));
#6896=DIRECTION('center_axis',(3.06161699786838E-16,-1.,0.));
#6897=DIRECTION('ref_axis',(-1.,-3.06477732462455E-16,1.22464679914735E-16));
#6898=DIRECTION('center_axis',(3.06161699786838E-16,-1.,0.));
#6899=DIRECTION('ref_axis',(1.,3.80865531603827E-16,0.));
#6900=DIRECTION('',(-3.06161699786838E-16,1.,0.));
#6901=DIRECTION('center_axis',(-3.06161699786838E-16,1.,0.));
#6902=DIRECTION('ref_axis',(-1.,-3.035022204968E-16,1.22464679914735E-16));
#6903=DIRECTION('center_axis',(-3.06161699786838E-16,1.,0.));
#6904=DIRECTION('ref_axis',(-1.,-3.035022204968E-16,1.22464679914735E-16));
#6905=DIRECTION('center_axis',(-2.77555756156289E-16,-6.44123727219811E-32,
-1.));
#6906=DIRECTION('ref_axis',(1.,2.22266871796828E-16,-2.77555756156289E-16));
#6907=DIRECTION('',(-0.707106781186547,-0.707106781186548,1.96261557335472E-16));
#6908=DIRECTION('',(2.22266871796828E-16,-1.,2.72092305191954E-33));
#6909=DIRECTION('',(1.,2.22266871796828E-16,-2.77555756156289E-16));
#6910=DIRECTION('',(-2.22266871796828E-16,1.,-2.72092305191954E-33));
#6911=DIRECTION('',(-0.707106781186548,0.707106781186547,1.96261557335472E-16));
#6912=DIRECTION('center_axis',(0.99215674164922,1.54212136206245E-14,0.125000000000011));
#6913=DIRECTION('ref_axis',(-1.55431223447522E-14,1.,0.));
#6914=DIRECTION('center_axis',(-2.22266871796828E-16,1.,0.));
#6915=DIRECTION('ref_axis',(0.,0.,1.));
#6916=DIRECTION('center_axis',(1.,0.,0.));
#6917=DIRECTION('ref_axis',(0.,1.,0.));
#6918=DIRECTION('center_axis',(2.22266871796828E-16,-1.,0.));
#6919=DIRECTION('ref_axis',(0.169101978725765,0.,-0.985598559653488));
#6920=DIRECTION('center_axis',(-2.22266871796828E-16,1.,0.));
#6921=DIRECTION('ref_axis',(0.169101978725765,3.75857678260295E-17,-0.985598559653489));
#6922=DIRECTION('center_axis',(1.,2.22266871796828E-16,-2.77555756156289E-16));
#6923=DIRECTION('ref_axis',(0.,0.707106781186549,0.707106781186546));
#6924=DIRECTION('center_axis',(1.,0.,0.));
#6925=DIRECTION('ref_axis',(0.,1.,0.));
#6926=DIRECTION('',(-1.,-2.22266871796828E-16,2.77555756156289E-16));
#6927=DIRECTION('center_axis',(2.22266871796828E-16,-1.,0.));
#6928=DIRECTION('ref_axis',(0.,0.,-1.));
#6929=DIRECTION('center_axis',(0.992156741649222,0.,-0.125));
#6930=DIRECTION('ref_axis',(0.,1.,0.));
#6931=DIRECTION('center_axis',(2.22266871796828E-16,-1.,0.));
#6932=DIRECTION('ref_axis',(-0.169101978725761,0.,-0.985598559653489));
#6933=DIRECTION('center_axis',(-2.22266871796828E-16,1.,0.));
#6934=DIRECTION('ref_axis',(-0.16910197872576,-3.75857678260286E-17,-0.985598559653489));
#6935=DIRECTION('center_axis',(2.22266871796828E-16,-1.,0.));
#6936=DIRECTION('ref_axis',(0.,0.,-1.));
#6937=DIRECTION('',(9.97953280561938E-17,2.21811953869884E-32,1.));
#6938=DIRECTION('',(1.,2.22266871796828E-16,-3.26536183713281E-16));
#6939=DIRECTION('',(-9.97953280561938E-17,-2.21811953869884E-32,1.));
#6940=DIRECTION('center_axis',(9.97953280561938E-17,2.21811953869884E-32,
1.));
#6941=DIRECTION('ref_axis',(0.707106781186548,-0.707106781186548,0.));
#6942=DIRECTION('',(-9.97953280561938E-17,-2.21811953869884E-32,-1.));
#6943=DIRECTION('center_axis',(0.,1.11022302462516E-14,1.));
#6944=DIRECTION('ref_axis',(1.,0.,0.));
#6945=DIRECTION('center_axis',(5.51985630006016E-16,0.707106781186549,0.707106781186546));
#6946=DIRECTION('ref_axis',(0.,-0.707106781186546,0.707106781186549));
#6947=DIRECTION('center_axis',(-1.,-4.62592926927149E-16,0.));
#6948=DIRECTION('ref_axis',(4.27380137072482E-16,-0.923879532511287,0.382683432365089));
#6949=DIRECTION('center_axis',(-1.83995210002012E-16,0.70710678118655,0.707106781186545));
#6950=DIRECTION('ref_axis',(-1.,-1.85037170770859E-15,1.59016318631207E-15));
#6951=DIRECTION('center_axis',(1.,3.23815048849004E-16,0.));
#6952=DIRECTION('ref_axis',(2.99166095950738E-16,-0.923879532511287,0.382683432365089));
#6953=DIRECTION('center_axis',(0.,4.62592926927149E-15,-1.));
#6954=DIRECTION('ref_axis',(0.,-1.,-4.62592926927149E-15));
#6955=DIRECTION('center_axis',(1.,3.06161699786838E-16,7.40916695558274E-17));
#6956=DIRECTION('ref_axis',(0.,-0.923879532511287,0.38268343236509));
#6957=DIRECTION('',(1.,3.06161699786838E-16,7.40916695558274E-17));
#6958=DIRECTION('center_axis',(3.2710259555912E-16,-0.707106781186547,-0.707106781186548));
#6959=DIRECTION('ref_axis',(0.707106781186546,-0.500000000000001,0.500000000000001));
#6960=DIRECTION('',(-3.2710259555912E-16,0.707106781186547,0.707106781186548));
#6961=DIRECTION('center_axis',(0.,0.707106781186548,0.707106781186548));
#6962=DIRECTION('ref_axis',(0.,-0.707106781186548,0.707106781186548));
#6963=DIRECTION('center_axis',(-1.64098292086515E-16,0.707106781186548,
-0.707106781186547));
#6964=DIRECTION('ref_axis',(-1.,0.,2.32070030231011E-16));
#6965=DIRECTION('',(2.28971816891384E-16,-0.707106781186547,-0.707106781186548));
#6966=DIRECTION('center_axis',(-1.64098292086515E-16,0.707106781186548,
-0.707106781186547));
#6967=DIRECTION('ref_axis',(-1.2266347333467E-16,0.707106781186547,0.707106781186548));
#6968=DIRECTION('',(0.577350269189626,-0.577350269189626,-0.577350269189626));
#6969=DIRECTION('',(-1.,-2.32070030231011E-16,-3.4863055968421E-32));
#6970=DIRECTION('',(0.577350269189626,0.577350269189626,0.577350269189626));
#6971=DIRECTION('center_axis',(-1.64098292086515E-16,0.707106781186548,
-0.707106781186547));
#6972=DIRECTION('ref_axis',(-2.8621477111423E-16,0.707106781186547,0.707106781186548));
#6973=DIRECTION('center_axis',(-2.28971816891384E-16,0.707106781186547,
0.707106781186548));
#6974=DIRECTION('ref_axis',(-0.707106781186548,-0.499999999999999,0.5));
#6975=DIRECTION('center_axis',(0.,0.707106781186547,0.707106781186548));
#6976=DIRECTION('ref_axis',(-1.,0.,0.));
#6977=DIRECTION('center_axis',(-3.70074341541719E-15,0.,-1.));
#6978=DIRECTION('ref_axis',(0.,-1.,0.));
#6979=DIRECTION('center_axis',(-2.32070030231011E-16,1.,0.));
#6980=DIRECTION('ref_axis',(-0.707106781186546,-1.64098292086515E-16,0.70710678118655));
#6981=DIRECTION('center_axis',(1.,0.,4.62592926927148E-15));
#6982=DIRECTION('ref_axis',(-4.62592926927148E-15,0.,1.));
#6983=DIRECTION('center_axis',(2.32070030231011E-16,-1.,0.));
#6984=DIRECTION('ref_axis',(-0.707106781186546,-1.64098292086515E-16,0.707106781186549));
#6985=DIRECTION('center_axis',(-3.70074341541719E-15,3.42387545668842E-30,
-1.));
#6986=DIRECTION('ref_axis',(1.,0.,-3.70074341541719E-15));
#6987=DIRECTION('center_axis',(2.32070030231011E-16,-1.,0.));
#6988=DIRECTION('ref_axis',(0.707106781186545,1.64098292086514E-16,0.707106781186549));
#6989=DIRECTION('center_axis',(-1.,0.,-3.70074341541718E-15));
#6990=DIRECTION('ref_axis',(0.,-1.,0.));
#6991=DIRECTION('center_axis',(-2.32070030231011E-16,1.,0.));
#6992=DIRECTION('ref_axis',(0.707106781186546,1.64098292086515E-16,0.70710678118655));
#6993=DIRECTION('center_axis',(-0.816496580927726,0.408248290463867,-0.408248290463859));
#6994=DIRECTION('ref_axis',(0.577350269189625,0.57735026918963,-0.577350269189623));
#6995=DIRECTION('center_axis',(0.,0.,-1.));
#6996=DIRECTION('ref_axis',(1.,0.,0.));
#6997=DIRECTION('center_axis',(-4.44089209850062E-15,1.,0.));
#6998=DIRECTION('ref_axis',(0.,0.,-1.));
#6999=DIRECTION('center_axis',(1.,0.,-2.22044604925031E-15));
#7000=DIRECTION('ref_axis',(0.,1.,0.));
#7001=DIRECTION('center_axis',(-2.32070030231011E-16,1.,0.));
#7002=DIRECTION('ref_axis',(0.707106781186548,0.,-0.707106781186547));
#7003=DIRECTION('center_axis',(0.,1.,0.));
#7004=DIRECTION('ref_axis',(1.,0.,0.));
#7005=DIRECTION('',(-2.32070030231011E-16,1.,0.));
#7006=DIRECTION('',(2.32070030231011E-16,-1.,0.));
#7007=DIRECTION('center_axis',(-0.99215674164922,1.54212136206245E-14,-0.125000000000015));
#7008=DIRECTION('ref_axis',(1.55431223447522E-14,1.,0.));
#7009=DIRECTION('center_axis',(-2.22266871796828E-16,1.,0.));
#7010=DIRECTION('ref_axis',(0.,0.,1.));
#7011=DIRECTION('center_axis',(-1.,0.,0.));
#7012=DIRECTION('ref_axis',(0.,1.,0.));
#7013=DIRECTION('center_axis',(2.22266871796828E-16,-1.,0.));
#7014=DIRECTION('ref_axis',(-0.169101978725761,0.,0.985598559653489));
#7015=DIRECTION('center_axis',(-2.22266871796828E-16,1.,0.));
#7016=DIRECTION('ref_axis',(-0.16910197872576,-3.75857678260286E-17,0.985598559653489));
#7017=DIRECTION('center_axis',(-1.,-2.22266871796828E-16,0.));
#7018=DIRECTION('ref_axis',(0.,0.70710678118655,-0.707106781186545));
#7019=DIRECTION('',(1.,2.22266871796828E-16,0.));
#7020=DIRECTION('',(-1.,-2.22266871796828E-16,0.));
#7021=DIRECTION('center_axis',(0.,-1.,0.));
#7022=DIRECTION('ref_axis',(0.,0.,-1.));
#7023=DIRECTION('center_axis',(0.,-1.,4.44089209850062E-15));
#7024=DIRECTION('ref_axis',(-1.,0.,0.));
#7025=DIRECTION('center_axis',(0.,0.,-1.));
#7026=DIRECTION('ref_axis',(0.,1.,0.));
#7027=DIRECTION('center_axis',(-2.22266871796828E-16,1.,0.));
#7028=DIRECTION('ref_axis',(-0.707106781186547,0.,0.707106781186548));
#7029=DIRECTION('center_axis',(1.,0.,0.));
#7030=DIRECTION('ref_axis',(0.,0.,-1.));
#7031=DIRECTION('center_axis',(6.93889390390723E-17,1.54228624175154E-32,
-1.));
#7032=DIRECTION('ref_axis',(0.707106781186546,0.707106781186549,0.));
#7033=DIRECTION('',(-6.93889390390723E-17,-1.54228624175154E-32,1.));
#7034=DIRECTION('',(6.93889390390723E-17,1.54228624175154E-32,-1.));
#7035=DIRECTION('center_axis',(0.,-1.,0.));
#7036=DIRECTION('ref_axis',(0.,0.,-1.));
#7037=DIRECTION('center_axis',(0.,-1.,0.));
#7038=DIRECTION('ref_axis',(5.55111512312578E-16,0.,1.));
#7039=DIRECTION('center_axis',(-1.,0.,0.));
#7040=DIRECTION('ref_axis',(0.,1.,0.));
#7041=DIRECTION('center_axis',(-2.22266871796828E-16,1.,0.));
#7042=DIRECTION('ref_axis',(0.707106781186547,0.,0.707106781186547));
#7043=DIRECTION('center_axis',(0.,0.,-1.));
#7044=DIRECTION('ref_axis',(-1.,0.,0.));
#7045=DIRECTION('center_axis',(-1.,-2.22266871796828E-16,2.77555756156289E-16));
#7046=DIRECTION('ref_axis',(-3.92523114670944E-16,0.707106781186546,-0.707106781186549));
#7047=DIRECTION('',(1.,2.22266871796828E-16,-2.77555756156289E-16));
#7048=DIRECTION('',(-1.,-2.22266871796828E-16,2.77555756156289E-16));
#7049=DIRECTION('center_axis',(0.408248290463866,-0.408248290463861,-0.816496580927726));
#7050=DIRECTION('ref_axis',(-0.577350269189628,0.577350269189624,-0.577350269189626));
#7051=DIRECTION('center_axis',(0.,1.,-4.44089209850063E-15));
#7052=DIRECTION('ref_axis',(-1.,0.,0.));
#7053=DIRECTION('center_axis',(0.,0.,-1.));
#7054=DIRECTION('ref_axis',(0.,1.,0.));
#7055=DIRECTION('center_axis',(-1.,5.55111512312578E-16,0.));
#7056=DIRECTION('ref_axis',(0.,0.,-1.));
#7057=DIRECTION('center_axis',(6.93889390390723E-17,1.54228624175154E-32,
1.));
#7058=DIRECTION('ref_axis',(-0.707106781186549,0.707106781186546,0.));
#7059=DIRECTION('',(-6.93889390390723E-17,-1.54228624175154E-32,-1.));
#7060=DIRECTION('',(6.93889390390723E-17,1.54228624175154E-32,1.));
#7061=DIRECTION('center_axis',(0.992156741649222,2.20303051723208E-15,-0.125));
#7062=DIRECTION('ref_axis',(-0.125,0.,-0.992156741649222));
#7063=DIRECTION('center_axis',(2.22266871796828E-16,-1.,0.));
#7064=DIRECTION('ref_axis',(0.,0.,-1.));
#7065=DIRECTION('center_axis',(1.,0.,0.));
#7066=DIRECTION('ref_axis',(0.,0.,-1.));
#7067=DIRECTION('center_axis',(-2.22266871796828E-16,1.,0.));
#7068=DIRECTION('ref_axis',(0.169101978725765,3.75857678260295E-17,0.985598559653488));
#7069=DIRECTION('center_axis',(2.22266871796828E-16,-1.,0.));
#7070=DIRECTION('ref_axis',(0.169101978725765,0.,0.985598559653488));
#7071=DIRECTION('center_axis',(-1.,-2.22266871796828E-16,0.));
#7072=DIRECTION('ref_axis',(0.,0.70710678118655,-0.707106781186545));
#7073=DIRECTION('',(1.,2.22266871796828E-16,0.));
#7074=DIRECTION('',(-1.,-2.22266871796828E-16,0.));
#7075=DIRECTION('center_axis',(2.32070030231011E-16,-1.,0.));
#7076=DIRECTION('ref_axis',(-0.707106781186548,0.,-0.707106781186547));
#7077=DIRECTION('center_axis',(0.,1.,0.));
#7078=DIRECTION('ref_axis',(0.,0.,-1.));
#7079=DIRECTION('',(-2.32070030231011E-16,1.,0.));
#7080=DIRECTION('',(2.32070030231011E-16,-1.,0.));
#7081=DIRECTION('center_axis',(2.32070030231011E-16,-1.,0.));
#7082=DIRECTION('ref_axis',(0.707106781186547,0.,0.707106781186548));
#7083=DIRECTION('',(-2.32070030231011E-16,1.,0.));
#7084=DIRECTION('',(2.32070030231011E-16,-1.,0.));
#7085=DIRECTION('center_axis',(2.32070030231011E-16,-1.,0.));
#7086=DIRECTION('ref_axis',(-0.707106781186547,0.,0.707106781186548));
#7087=DIRECTION('',(-2.32070030231011E-16,1.,0.));
#7088=DIRECTION('',(2.32070030231011E-16,-1.,0.));
#7089=DIRECTION('center_axis',(0.,0.,-1.));
#7090=DIRECTION('ref_axis',(-1.,0.,0.));
#7091=DIRECTION('center_axis',(0.,0.,1.));
#7092=DIRECTION('ref_axis',(1.,0.,0.));
#7093=DIRECTION('center_axis',(0.,0.,-1.));
#7094=DIRECTION('ref_axis',(1.,0.,0.));
#7095=DIRECTION('center_axis',(0.,0.,-1.));
#7096=DIRECTION('ref_axis',(-1.,0.,0.));
#7097=DIRECTION('center_axis',(0.,0.,-1.));
#7098=DIRECTION('ref_axis',(-1.,0.,0.));
#7099=DIRECTION('center_axis',(0.,0.,1.));
#7100=DIRECTION('ref_axis',(-1.,0.,0.));
#7101=DIRECTION('center_axis',(6.93889390390723E-17,1.61030931804953E-32,
-1.));
#7102=DIRECTION('ref_axis',(-0.707106781186547,-0.707106781186548,0.));
#7103=DIRECTION('',(6.93889390390723E-17,1.61030931804953E-32,-1.));
#7104=DIRECTION('',(-6.93889390390723E-17,-1.61030931804953E-32,1.));
#7105=DIRECTION('center_axis',(2.77555756156289E-16,6.44123727219811E-32,
1.));
#7106=DIRECTION('ref_axis',(-1.,-2.22266871796828E-16,2.77555756156289E-16));
#7107=DIRECTION('',(1.,2.32070030231011E-16,-2.77555756156289E-16));
#7108=DIRECTION('center_axis',(-1.,-2.32070030231011E-16,2.77555756156289E-16));
#7109=DIRECTION('ref_axis',(6.54205191118239E-16,-0.707106781186547,0.707106781186547));
#7110=DIRECTION('',(-1.,-2.32070030231011E-16,2.77555756156289E-16));
#7111=DIRECTION('center_axis',(2.32070030231011E-16,-1.,0.));
#7112=DIRECTION('ref_axis',(0.,0.,-1.));
#7113=DIRECTION('',(6.93889390390723E-17,1.61030931804953E-32,1.));
#7114=DIRECTION('',(1.,2.32070030231011E-16,3.4863055968421E-32));
#7115=DIRECTION('center_axis',(1.,2.32070030231011E-16,-6.93889390390723E-17));
#7116=DIRECTION('ref_axis',(6.93889390390723E-17,1.54228624175154E-32,1.));
#7117=DIRECTION('',(-6.93889390390723E-17,-1.61030931804953E-32,-1.));
#7118=DIRECTION('center_axis',(6.93889390390723E-17,1.61030931804953E-32,
1.));
#7119=DIRECTION('ref_axis',(0.707106781186547,-0.707106781186548,0.));
#7120=DIRECTION('center_axis',(0.,0.,1.));
#7121=DIRECTION('ref_axis',(-1.,-2.22266871796828E-16,0.));
#7122=DIRECTION('',(-2.22266871796828E-16,1.,0.));
#7123=DIRECTION('',(1.,2.32070030231011E-16,3.4863055968421E-32));
#7124=DIRECTION('center_axis',(2.22266871796828E-16,-1.,0.));
#7125=DIRECTION('ref_axis',(0.707106781186549,0.,0.707106781186546));
#7126=DIRECTION('',(2.22266871796828E-16,-1.,0.));
#7127=DIRECTION('center_axis',(0.,0.707106781186546,0.707106781186549));
#7128=DIRECTION('ref_axis',(2.04439122224449E-16,-0.70710678118655,0.707106781186546));
#7129=DIRECTION('center_axis',(1.,2.32070030231011E-16,3.4863055968421E-32));
#7130=DIRECTION('ref_axis',(-2.14404751039706E-16,0.923879532511287,-0.382683432365089));
#7131=DIRECTION('center_axis',(0.447213595499959,-0.894427190999916,0.));
#7132=DIRECTION('ref_axis',(0.894427190999916,0.447213595499959,0.));
#7133=DIRECTION('center_axis',(-0.447213595499958,-0.894427190999916,0.));
#7134=DIRECTION('ref_axis',(-0.894427190999916,0.447213595499958,0.));
#7135=DIRECTION('',(-1.,-2.32070030231011E-16,-3.4863055968421E-32));
#7136=DIRECTION('center_axis',(0.577350269189623,0.577350269189626,0.577350269189629));
#7137=DIRECTION('ref_axis',(0.,-0.707106781186549,0.707106781186546));
#7138=DIRECTION('center_axis',(0.948683298050513,-0.316227766016839,0.));
#7139=DIRECTION('ref_axis',(-0.316227766016839,-0.948683298050513,1.65502276883151E-15));
#7140=DIRECTION('center_axis',(0.,0.,1.));
#7141=DIRECTION('ref_axis',(-0.707106781186548,0.707106781186548,0.));
#7142=DIRECTION('center_axis',(0.,0.,1.));
#7143=DIRECTION('ref_axis',(-0.923879532511286,0.38268343236509,0.));
#7144=DIRECTION('center_axis',(-1.0343892305197E-16,-0.894427190999916,
0.447213595499958));
#7145=DIRECTION('ref_axis',(0.,0.447213595499958,0.894427190999916));
#7146=DIRECTION('',(0.,0.,-1.));
#7147=DIRECTION('center_axis',(2.22266871796828E-16,-1.,2.72092305191954E-33));
#7148=DIRECTION('ref_axis',(0.707106781186547,0.,-0.707106781186547));
#7149=DIRECTION('center_axis',(-7.40148683083434E-15,1.,0.));
#7150=DIRECTION('ref_axis',(0.,0.,-1.));
#7151=DIRECTION('',(-2.22266871796828E-16,1.,-2.72092305191954E-33));
#7152=DIRECTION('center_axis',(-0.707106781186547,-0.707106781186548,1.96261557335472E-16));
#7153=DIRECTION('ref_axis',(0.5,-0.5,-0.707106781186547));
#7154=DIRECTION('',(0.707106781186547,0.707106781186548,-1.96261557335472E-16));
#7155=DIRECTION('center_axis',(-0.707106781186548,-0.707106781186548,5.23364152894593E-15));
#7156=DIRECTION('ref_axis',(0.707106781186547,-0.707106781186547,0.));
#7157=DIRECTION('center_axis',(-0.577350269189625,-0.577350269189627,-0.577350269189625));
#7158=DIRECTION('ref_axis',(0.707106781186548,-0.707106781186547,0.));
#7159=DIRECTION('center_axis',(-0.439732612032303,0.182143211721529,-0.87946522406461));
#7160=DIRECTION('ref_axis',(0.812519920068744,-0.336556770590778,-0.475963149477969));
#7161=DIRECTION('center_axis',(0.,-5.23364152894592E-15,1.));
#7162=DIRECTION('ref_axis',(1.,0.,0.));
#7163=DIRECTION('center_axis',(-0.577350269189626,-0.577350269189626,-0.577350269189626));
#7164=DIRECTION('ref_axis',(0.408248290463865,-0.816496580927725,0.408248290463863));
#7165=DIRECTION('',(-0.577350269189626,-0.577350269189626,-0.577350269189626));
#7166=DIRECTION('center_axis',(-9.97953280561938E-17,-9.97953280561938E-17,
-1.));
#7167=DIRECTION('ref_axis',(0.923879532511288,-0.382683432365087,0.));
#7168=DIRECTION('',(-9.97953280561938E-17,-9.97953280561938E-17,-1.));
#7169=DIRECTION('',(9.97953280561938E-17,9.97953280561939E-17,1.));
#7170=DIRECTION('center_axis',(1.,2.22266871796828E-16,-9.97953280561938E-17));
#7171=DIRECTION('ref_axis',(9.97953280561938E-17,3.05535072684695E-32,1.));
#7172=DIRECTION('',(-9.97953280561938E-17,-2.21811953869884E-32,-1.));
#7173=DIRECTION('',(2.22266871796828E-16,-1.,0.));
#7174=DIRECTION('',(9.97953280561938E-17,3.05535072684695E-32,1.));
#7175=DIRECTION('',(-2.22266871796828E-16,1.,0.));
#7176=DIRECTION('center_axis',(-0.707106781186548,0.707106781186547,0.));
#7177=DIRECTION('ref_axis',(0.,0.,1.));
#7178=DIRECTION('center_axis',(2.22266871796828E-16,-1.,0.));
#7179=DIRECTION('ref_axis',(-0.707106781186547,0.,0.707106781186547));
#7180=DIRECTION('',(2.22266871796828E-16,-1.,0.));
#7181=DIRECTION('center_axis',(0.,0.707106781186548,0.707106781186548));
#7182=DIRECTION('ref_axis',(1.6355129777956E-16,-0.707106781186547,0.707106781186547));
#7183=DIRECTION('',(-2.22266871796828E-16,1.,0.));
#7184=DIRECTION('center_axis',(-1.,-2.22266871796828E-16,-9.97953280561938E-17));
#7185=DIRECTION('ref_axis',(9.97953280561939E-17,3.05535072684695E-32,-1.));
#7186=DIRECTION('',(-9.97953280561938E-17,-2.21811953869884E-32,1.));
#7187=DIRECTION('',(-9.97953280561939E-17,9.97953280561938E-17,1.));
#7188=DIRECTION('',(2.22266871796828E-16,-1.,2.72092305191954E-33));
#7189=DIRECTION('',(-9.97953280561938E-17,-2.21811953869884E-32,1.));
#7190=DIRECTION('',(2.22266871796828E-16,-1.,0.));
#7191=DIRECTION('',(9.97953280561939E-17,3.05535072684695E-32,-1.));
#7192=DIRECTION('',(-2.22266871796828E-16,1.,0.));
#7193=DIRECTION('center_axis',(-9.97953280561939E-17,9.97953280561938E-17,
1.));
#7194=DIRECTION('ref_axis',(-0.923879532511286,-0.382683432365092,0.));
#7195=DIRECTION('',(9.97953280561939E-17,-9.97953280561938E-17,-1.));
#7196=DIRECTION('center_axis',(7.4014868308344E-15,-7.40148683083436E-15,
1.));
#7197=DIRECTION('ref_axis',(-0.707106781186546,-0.707106781186549,0.));
#7198=DIRECTION('center_axis',(-0.577350269189624,0.577350269189624,0.577350269189629));
#7199=DIRECTION('ref_axis',(-0.707106781186548,-0.707106781186548,0.));
#7200=DIRECTION('center_axis',(-0.948683298050514,-0.316227766016838,-1.75541673428835E-15));
#7201=DIRECTION('ref_axis',(0.316227766016838,-0.948683298050514,0.));
#7202=DIRECTION('center_axis',(0.,0.,1.));
#7203=DIRECTION('ref_axis',(1.,0.,0.));
#7204=DIRECTION('center_axis',(0.,0.,-1.));
#7205=DIRECTION('ref_axis',(0.923879532511287,0.382683432365089,0.));
#7206=DIRECTION('',(0.,0.,1.));
#7207=DIRECTION('center_axis',(1.0343892305197E-16,-0.894427190999916,0.447213595499957));
#7208=DIRECTION('ref_axis',(0.,0.447213595499957,0.894427190999916));
#7209=DIRECTION('center_axis',(2.22266871796828E-16,-1.,2.72092305191954E-33));
#7210=DIRECTION('ref_axis',(-0.707106781186547,0.,-0.707106781186547));
#7211=DIRECTION('center_axis',(0.,1.,0.));
#7212=DIRECTION('ref_axis',(-1.,0.,0.));
#7213=DIRECTION('center_axis',(-0.707106781186548,0.707106781186547,1.96261557335472E-16));
#7214=DIRECTION('ref_axis',(-0.499999999999997,-0.500000000000002,-0.707106781186548));
#7215=DIRECTION('center_axis',(0.707106781186546,-0.707106781186549,0.));
#7216=DIRECTION('ref_axis',(0.,0.,-1.));
#7217=DIRECTION('',(0.707106781186548,-0.707106781186547,-1.96261557335472E-16));
#7218=DIRECTION('center_axis',(0.577350269189627,-0.577350269189626,-0.577350269189625));
#7219=DIRECTION('ref_axis',(0.,-0.707106781186547,0.707106781186548));
#7220=DIRECTION('center_axis',(0.439732612032302,0.182143211721527,-0.879465224064611));
#7221=DIRECTION('ref_axis',(-0.812519920068748,-0.336556770590776,-0.475963149477965));
#7222=DIRECTION('center_axis',(0.577350269189626,-0.577350269189626,-0.577350269189626));
#7223=DIRECTION('ref_axis',(-0.408248290463861,-0.816496580927727,0.408248290463864));
#7224=DIRECTION('',(-0.577350269189626,0.577350269189626,0.577350269189626));
#7225=DIRECTION('center_axis',(0.,0.,-1.));
#7226=DIRECTION('ref_axis',(-0.707106781186546,-0.707106781186549,0.));
#7227=DIRECTION('center_axis',(0.707106781186547,0.707106781186548,0.));
#7228=DIRECTION('ref_axis',(0.,0.,-1.));
#7229=DIRECTION('center_axis',(-1.,-2.32070030231011E-16,-6.93889390390723E-17));
#7230=DIRECTION('ref_axis',(6.93889390390723E-17,1.54228624175154E-32,-1.));
#7231=DIRECTION('center_axis',(3.06161699786838E-16,-1.,0.));
#7232=DIRECTION('ref_axis',(0.,0.,-1.));
#7233=DIRECTION('center_axis',(3.06161699786838E-16,-1.,0.));
#7234=DIRECTION('ref_axis',(-1.,-3.06161699786838E-16,-1.22464679914735E-16));
#7235=DIRECTION('center_axis',(-1.,-3.06161699786838E-16,0.));
#7236=DIRECTION('ref_axis',(0.,0.,1.));
#7237=DIRECTION('center_axis',(-3.06161699786838E-16,1.,0.));
#7238=DIRECTION('ref_axis',(-1.,-3.08395284618099E-16,-1.22464679914735E-16));
#7239=DIRECTION('center_axis',(-3.06161699786838E-16,1.,0.));
#7240=DIRECTION('ref_axis',(-1.,-3.08395284618099E-16,-1.22464679914735E-16));
#7241=DIRECTION('center_axis',(-3.06161699786838E-16,1.,0.));
#7242=DIRECTION('ref_axis',(0.,0.,1.));
#7243=DIRECTION('center_axis',(-3.06161699786838E-16,1.,0.));
#7244=DIRECTION('ref_axis',(-1.,-3.06161699786838E-16,1.22464679914735E-16));
#7245=DIRECTION('center_axis',(5.04646829375071E-16,-1.,0.));
#7246=DIRECTION('ref_axis',(1.,5.04646829375071E-16,0.));
#7247=DIRECTION('center_axis',(3.06161699786838E-16,-1.,0.));
#7248=DIRECTION('ref_axis',(-1.,-3.08395284618099E-16,1.22464679914735E-16));
#7249=DIRECTION('',(5.04646829375071E-16,-1.,0.));
#7250=DIRECTION('center_axis',(3.06161699786838E-16,-1.,0.));
#7251=DIRECTION('ref_axis',(-1.,-3.08395284618099E-16,1.22464679914735E-16));
#7252=DIRECTION('center_axis',(3.06161699786838E-16,-1.,0.));
#7253=DIRECTION('ref_axis',(0.,0.,-1.));
#7254=DIRECTION('center_axis',(-1.,-3.06161699786838E-16,0.));
#7255=DIRECTION('ref_axis',(0.,0.,1.));
#7256=DIRECTION('center_axis',(3.06161699786838E-16,-1.,0.));
#7257=DIRECTION('ref_axis',(-1.,-2.9738116731031E-16,1.22464679914735E-16));
#7258=DIRECTION('center_axis',(3.06161699786838E-16,-1.,0.));
#7259=DIRECTION('ref_axis',(-1.,-2.9738116731031E-16,1.22464679914735E-16));
#7260=DIRECTION('center_axis',(2.77555756156289E-16,-1.,0.));
#7261=DIRECTION('ref_axis',(1.,2.77555756156289E-16,0.));
#7262=DIRECTION('',(2.77555756156289E-16,-1.,0.));
#7263=DIRECTION('center_axis',(-3.06161699786838E-16,1.,0.));
#7264=DIRECTION('ref_axis',(-1.,-2.9738116731031E-16,-1.22464679914735E-16));
#7265=DIRECTION('center_axis',(-3.06161699786838E-16,1.,0.));
#7266=DIRECTION('ref_axis',(-1.,-2.9738116731031E-16,-1.22464679914735E-16));
#7267=DIRECTION('center_axis',(3.06161699786838E-16,-1.,0.));
#7268=DIRECTION('ref_axis',(0.,0.,-1.));
#7269=DIRECTION('center_axis',(3.06161699786838E-16,-1.,0.));
#7270=DIRECTION('ref_axis',(-1.,-3.06161699786838E-16,-1.22464679914735E-16));
#7271=DIRECTION('center_axis',(-1.,-3.06161699786838E-16,0.));
#7272=DIRECTION('ref_axis',(0.,0.,1.));
#7273=DIRECTION('center_axis',(-3.06161699786838E-16,1.,0.));
#7274=DIRECTION('ref_axis',(0.,0.,1.));
#7275=DIRECTION('center_axis',(3.06161699786838E-16,-1.,0.));
#7276=DIRECTION('ref_axis',(0.,0.,-1.));
#7277=DIRECTION('center_axis',(3.06161699786838E-16,-1.,0.));
#7278=DIRECTION('ref_axis',(-1.,-3.06161699786838E-16,-1.22464679914735E-16));
#7279=DIRECTION('center_axis',(-1.,-3.06161699786838E-16,0.));
#7280=DIRECTION('ref_axis',(0.,0.,1.));
#7281=DIRECTION('center_axis',(-3.06161699786838E-16,1.,0.));
#7282=DIRECTION('ref_axis',(-1.,-2.9738116731031E-16,-1.22464679914735E-16));
#7283=DIRECTION('center_axis',(-3.06161699786838E-16,1.,0.));
#7284=DIRECTION('ref_axis',(-1.,-2.9738116731031E-16,-1.22464679914735E-16));
#7285=DIRECTION('center_axis',(5.55111512312578E-16,-1.,0.));
#7286=DIRECTION('ref_axis',(1.,5.55111512312578E-16,0.));
#7287=DIRECTION('center_axis',(3.06161699786838E-16,-1.,0.));
#7288=DIRECTION('ref_axis',(-1.,-2.9738116731031E-16,1.22464679914735E-16));
#7289=DIRECTION('',(5.55111512312578E-16,-1.,0.));
#7290=DIRECTION('center_axis',(3.06161699786838E-16,-1.,0.));
#7291=DIRECTION('ref_axis',(-1.,-2.9738116731031E-16,1.22464679914735E-16));
#7292=DIRECTION('center_axis',(-3.06161699786838E-16,1.,0.));
#7293=DIRECTION('ref_axis',(0.,0.,1.));
#7294=DIRECTION('center_axis',(3.06161699786838E-16,-1.,0.));
#7295=DIRECTION('ref_axis',(0.,0.,-1.));
#7296=DIRECTION('center_axis',(-3.06161699786838E-16,1.,0.));
#7297=DIRECTION('ref_axis',(-1.,-3.06161699786838E-16,1.22464679914735E-16));
#7298=DIRECTION('center_axis',(-1.,-3.06161699786838E-16,0.));
#7299=DIRECTION('ref_axis',(0.,0.,1.));
#7300=DIRECTION('center_axis',(-3.06161699786838E-16,1.,0.));
#7301=DIRECTION('ref_axis',(0.,0.,1.));
#7302=DIRECTION('center_axis',(3.06161699786838E-16,-1.,0.));
#7303=DIRECTION('ref_axis',(-1.,-3.06161699786838E-16,-1.22464679914735E-16));
#7304=DIRECTION('center_axis',(3.06161699786838E-16,-1.,0.));
#7305=DIRECTION('ref_axis',(0.,0.,-1.));
#7306=DIRECTION('center_axis',(-1.,-3.06161699786838E-16,0.));
#7307=DIRECTION('ref_axis',(0.,0.,1.));
#7308=DIRECTION('center_axis',(-3.06161699786838E-16,1.,0.));
#7309=DIRECTION('ref_axis',(-1.,-3.08395284618099E-16,-1.22464679914735E-16));
#7310=DIRECTION('center_axis',(-3.06161699786838E-16,1.,0.));
#7311=DIRECTION('ref_axis',(-1.,-3.08395284618099E-16,-1.22464679914735E-16));
#7312=DIRECTION('center_axis',(0.,-1.,0.));
#7313=DIRECTION('ref_axis',(1.,0.,0.));
#7314=DIRECTION('center_axis',(3.06161699786838E-16,-1.,0.));
#7315=DIRECTION('ref_axis',(-1.,-3.08395284618099E-16,1.22464679914735E-16));
#7316=DIRECTION('',(0.,-1.,0.));
#7317=DIRECTION('center_axis',(3.06161699786838E-16,-1.,0.));
#7318=DIRECTION('ref_axis',(-1.,-3.08395284618099E-16,1.22464679914735E-16));
#7319=DIRECTION('center_axis',(3.06161699786838E-16,-1.,0.));
#7320=DIRECTION('ref_axis',(0.,0.,-1.));
#7321=DIRECTION('center_axis',(-1.,-3.06161699786838E-16,0.));
#7322=DIRECTION('ref_axis',(0.,0.,1.));
#7323=DIRECTION('center_axis',(3.06161699786838E-16,-1.,0.));
#7324=DIRECTION('ref_axis',(0.,0.,-1.));
#7325=DIRECTION('center_axis',(-1.,-3.06161699786838E-16,0.));
#7326=DIRECTION('ref_axis',(0.,0.,1.));
#7327=DIRECTION('center_axis',(0.408248290463871,0.408248290463858,-0.816496580927725));
#7328=DIRECTION('ref_axis',(-0.577350269189632,-0.577350269189618,-0.577350269189627));
#7329=DIRECTION('center_axis',(1.,-5.55111512312578E-15,0.));
#7330=DIRECTION('ref_axis',(0.,0.,-1.));
#7331=DIRECTION('center_axis',(0.,1.,1.11022302462516E-14));
#7332=DIRECTION('ref_axis',(-1.,0.,0.));
#7333=DIRECTION('center_axis',(0.,0.,1.));
#7334=DIRECTION('ref_axis',(0.,-1.,0.));
#7335=DIRECTION('center_axis',(0.408248290463856,-0.816496580927729,-0.408248290463865));
#7336=DIRECTION('ref_axis',(-0.577350269189623,-0.577350269189623,0.577350269189632));
#7337=DIRECTION('center_axis',(0.,-1.11022302462516E-14,-1.));
#7338=DIRECTION('ref_axis',(-1.,0.,0.));
#7339=DIRECTION('center_axis',(0.,1.,0.));
#7340=DIRECTION('ref_axis',(0.,0.,1.));
#7341=DIRECTION('center_axis',(1.,0.,0.));
#7342=DIRECTION('ref_axis',(0.,-1.,0.));
#7343=DIRECTION('center_axis',(0.,-1.,0.));
#7344=DIRECTION('ref_axis',(0.,0.,-1.));
#7345=DIRECTION('center_axis',(0.,0.,1.));
#7346=DIRECTION('ref_axis',(1.,0.,0.));
#7347=DIRECTION('center_axis',(0.,-1.,0.));
#7348=DIRECTION('ref_axis',(0.,0.,-1.));
#7349=DIRECTION('center_axis',(1.,0.,0.));
#7350=DIRECTION('ref_axis',(0.,1.,0.));
#7351=DIRECTION('center_axis',(2.22266871796828E-16,-1.,0.));
#7352=DIRECTION('ref_axis',(-0.707106781186548,0.,-0.707106781186548));
#7353=DIRECTION('',(-2.22266871796828E-16,1.,0.));
#7354=DIRECTION('center_axis',(-0.816496580927722,-0.408248290463876,-0.408248290463859));
#7355=DIRECTION('ref_axis',(0.577350269189635,-0.577350269189626,-0.577350269189617));
#7356=DIRECTION('center_axis',(0.,1.,0.));
#7357=DIRECTION('ref_axis',(0.,0.,-1.));
#7358=DIRECTION('center_axis',(-1.,0.,0.));
#7359=DIRECTION('ref_axis',(0.,-1.,0.));
#7360=DIRECTION('center_axis',(-0.408248290463856,-0.816496580927722,-0.408248290463879));
#7361=DIRECTION('ref_axis',(0.577350269189611,-0.577350269189624,0.577350269189642));
#7362=DIRECTION('center_axis',(-1.,5.55111512312578E-15,0.));
#7363=DIRECTION('ref_axis',(0.,0.,1.));
#7364=DIRECTION('center_axis',(0.,1.,1.11022302462514E-14));
#7365=DIRECTION('ref_axis',(1.,0.,0.));
#7366=DIRECTION('center_axis',(-2.22044604925031E-14,0.,-1.));
#7367=DIRECTION('ref_axis',(0.,-1.,0.));
#7368=DIRECTION('center_axis',(0.,-1.,0.));
#7369=DIRECTION('ref_axis',(0.,0.,-1.));
#7370=DIRECTION('center_axis',(1.,0.,0.));
#7371=DIRECTION('ref_axis',(0.,0.,-1.));
#7372=DIRECTION('center_axis',(0.,-1.,-2.22044604925031E-14));
#7373=DIRECTION('ref_axis',(-1.,0.,0.));
#7374=DIRECTION('center_axis',(0.,0.,-1.));
#7375=DIRECTION('ref_axis',(0.,1.,0.));
#7376=DIRECTION('center_axis',(2.22266871796828E-16,-1.,0.));
#7377=DIRECTION('ref_axis',(-0.707106781186548,0.,0.707106781186548));
#7378=DIRECTION('',(2.22266871796828E-16,-1.,0.));
#7379=DIRECTION('center_axis',(-9.97953280561938E-17,-3.05535072684695E-32,
1.));
#7380=DIRECTION('ref_axis',(0.707106781186555,0.70710678118654,0.));
#7381=DIRECTION('center_axis',(0.,-1.,0.));
#7382=DIRECTION('ref_axis',(0.,0.,-1.));
#7383=DIRECTION('center_axis',(-1.,0.,0.));
#7384=DIRECTION('ref_axis',(0.,0.,1.));
#7385=DIRECTION('center_axis',(0.,-1.,-2.22044604925031E-14));
#7386=DIRECTION('ref_axis',(1.,0.,0.));
#7387=DIRECTION('center_axis',(0.,0.,1.));
#7388=DIRECTION('ref_axis',(0.,1.,0.));
#7389=DIRECTION('center_axis',(2.22266871796828E-16,-1.,0.));
#7390=DIRECTION('ref_axis',(0.707106781186548,0.,-0.707106781186548));
#7391=DIRECTION('',(2.22266871796828E-16,-1.,0.));
#7392=DIRECTION('center_axis',(0.,-1.,0.));
#7393=DIRECTION('ref_axis',(0.,0.,-1.));
#7394=DIRECTION('center_axis',(0.,0.,-1.));
#7395=DIRECTION('ref_axis',(-1.,0.,0.));
#7396=DIRECTION('center_axis',(0.,-1.,0.));
#7397=DIRECTION('ref_axis',(0.,0.,1.));
#7398=DIRECTION('center_axis',(-1.,0.,0.));
#7399=DIRECTION('ref_axis',(0.,1.,0.));
#7400=DIRECTION('center_axis',(2.22266871796828E-16,-1.,0.));
#7401=DIRECTION('ref_axis',(0.70710678118654,0.,0.707106781186555));
#7402=DIRECTION('',(-2.22266871796828E-16,1.,0.));
#7403=DIRECTION('center_axis',(1.,3.06161699786838E-16,-1.63268091856641E-16));
#7404=DIRECTION('ref_axis',(0.,0.70710678118654,-0.707106781186555));
#7405=DIRECTION('',(-1.,-3.06161699786838E-16,1.63268091856641E-16));
#7406=DIRECTION('center_axis',(-9.97953280561938E-17,-3.05535072684695E-32,
-1.));
#7407=DIRECTION('ref_axis',(-0.707106781186555,0.70710678118654,0.));
#7408=DIRECTION('center_axis',(-1.,-3.06161699786838E-16,3.26536183713281E-16));
#7409=DIRECTION('ref_axis',(0.,0.70710678118654,0.707106781186555));
#7410=DIRECTION('',(1.,3.06161699786838E-16,-3.26536183713281E-16));
#7411=DIRECTION('center_axis',(9.97953280561938E-17,2.21811953869884E-32,
1.));
#7412=DIRECTION('ref_axis',(0.707106781186548,-0.707106781186548,0.));
#7413=DIRECTION('',(-9.97953280561938E-17,-2.21811953869884E-32,-1.));
#7414=DIRECTION('center_axis',(-1.,-2.22266871796828E-16,1.63268091856641E-16));
#7415=DIRECTION('ref_axis',(0.,-0.707106781186555,0.70710678118654));
#7416=DIRECTION('',(1.,2.22266871796828E-16,-1.63268091856641E-16));
#7417=DIRECTION('',(-1.,-2.22266871796828E-16,1.63268091856641E-16));
#7418=DIRECTION('center_axis',(1.,2.22266871796828E-16,-3.26536183713281E-16));
#7419=DIRECTION('ref_axis',(0.,-0.707106781186548,-0.707106781186548));
#7420=DIRECTION('',(-1.,-2.22266871796828E-16,3.26536183713281E-16));
#7421=DIRECTION('center_axis',(9.97953280561938E-17,2.21811953869884E-32,
-1.));
#7422=DIRECTION('ref_axis',(-0.707106781186548,-0.707106781186548,0.));
#7423=DIRECTION('',(9.97953280561939E-17,2.21811953869884E-32,-1.));
#7424=DIRECTION('center_axis',(9.97953280561938E-17,2.21811953869884E-32,
-1.));
#7425=DIRECTION('ref_axis',(-0.707106781186548,-0.707106781186548,0.));
#7426=DIRECTION('center_axis',(-3.26536183713281E-16,-7.25781760824254E-32,
-1.));
#7427=DIRECTION('ref_axis',(1.,3.06161699786838E-16,-3.26536183713281E-16));
#7428=DIRECTION('center_axis',(1.63268091856641E-16,3.62890880412127E-32,
1.));
#7429=DIRECTION('ref_axis',(-1.,-3.06161699786838E-16,1.63268091856641E-16));
#7430=DIRECTION('center_axis',(0.,0.,1.));
#7431=DIRECTION('ref_axis',(-1.,-2.22266871796828E-16,0.));
#7432=DIRECTION('center_axis',(3.06161699786838E-16,-1.,0.));
#7433=DIRECTION('ref_axis',(0.,0.,-1.));
#7434=DIRECTION('center_axis',(-1.,-3.06161699786838E-16,-1.22464679914735E-16));
#7435=DIRECTION('ref_axis',(-1.22464679914735E-16,0.,1.));
#7436=DIRECTION('center_axis',(2.22266871796828E-16,-1.,0.));
#7437=DIRECTION('ref_axis',(0.,0.,-1.));
#7438=CARTESIAN_POINT('',(0.,0.,0.));
#7439=CARTESIAN_POINT('Origin',(-3.78951643911159E-15,12.3775,0.));
#7440=CARTESIAN_POINT('',(-16.,8.17503120784189,-1.95943487863577E-15));
#7441=CARTESIAN_POINT('',(-15.9990158473437,13.6816666666666,-0.000201639376899039));
#7442=CARTESIAN_POINT('',(-16.,12.3775,-1.95943487863577E-15));
#7443=CARTESIAN_POINT('',(-15.9995399747235,8.22285736848013,0.121328468321082));
#7444=CARTESIAN_POINT('Ctrl Pts',(-15.9995399747235,8.22285736847924,0.121328468317456));
#7445=CARTESIAN_POINT('Ctrl Pts',(-15.999771261148,8.21531564107693,0.0908288135724411));
#7446=CARTESIAN_POINT('Ctrl Pts',(-15.9999081175356,8.20421400701436,0.0612549399945312));
#7447=CARTESIAN_POINT('Ctrl Pts',(-15.9999664899892,8.19105645047673,0.0325996849131167));
#7448=CARTESIAN_POINT('Ctrl Pts',(-15.9999888839841,8.18600868844204,0.0216063892901434));
#7449=CARTESIAN_POINT('Ctrl Pts',(-15.9999997267547,8.1806583368122,0.0107482954572819));
#7450=CARTESIAN_POINT('Ctrl Pts',(-15.9999997555273,8.17504356915452,1.93362712046403E-5));
#7451=CARTESIAN_POINT('',(15.4741025923158,19.7198916244172,4.06843323190714));
#7452=CARTESIAN_POINT('Ctrl Pts',(15.4741025921692,19.7198916242722,4.06843323246455));
#7453=CARTESIAN_POINT('Ctrl Pts',(14.9169958284011,19.1686492089857,6.18736372112278));
#7454=CARTESIAN_POINT('Ctrl Pts',(12.9204232602867,18.0663793518995,10.192265991211));
#7455=CARTESIAN_POINT('Ctrl Pts',(7.77469525284491,16.4152822995926,14.5062237807119));
#7456=CARTESIAN_POINT('Ctrl Pts',(1.33305553200123,14.7675642598717,16.4023555072914));
#7457=CARTESIAN_POINT('Ctrl Pts',(-5.33124538571761,13.1240253241698,15.5710686626426));
#7458=CARTESIAN_POINT('Ctrl Pts',(-11.1085511202887,11.4851890048816,12.1430944670277));
#7459=CARTESIAN_POINT('Ctrl Pts',(-15.035532266333,9.85117355216484,6.69192457822104));
#7460=CARTESIAN_POINT('Ctrl Pts',(-15.9829100181067,8.76512265598095,2.31431465986028));
#7461=CARTESIAN_POINT('Ctrl Pts',(-15.9995399747235,8.22285736848013,0.121328468321082));
#7462=CARTESIAN_POINT('',(15.4891602958734,19.7192095816592,4.01072478845631));
#7463=CARTESIAN_POINT('Ctrl Pts',(15.4891602916872,19.7192095701391,4.01072480462324));
#7464=CARTESIAN_POINT('Ctrl Pts',(15.4859007574829,19.7355527498522,4.02331291530791));
#7465=CARTESIAN_POINT('Ctrl Pts',(15.4791671512545,19.7249028716056,4.04917041004547));
#7466=CARTESIAN_POINT('Ctrl Pts',(15.4741025923158,19.7198916244172,4.06843323190716));
#7467=CARTESIAN_POINT('',(15.4891602916872,14.7822283723829,4.01072480462335));
#7468=CARTESIAN_POINT('',(15.4891602916872,12.3775,4.01072480462324));
#7469=CARTESIAN_POINT('',(15.4796846732894,14.7574489407794,4.04714250002746));
#7470=CARTESIAN_POINT('Ctrl Pts',(15.4796846732894,14.7574489407794,4.04714250002746));
#7471=CARTESIAN_POINT('Ctrl Pts',(15.4835151268342,14.7611412629341,4.03249161658838));
#7472=CARTESIAN_POINT('Ctrl Pts',(15.4884195938358,14.7664901366087,4.0135853319114));
#7473=CARTESIAN_POINT('Ctrl Pts',(15.4891602916872,14.782228372383,4.01072480462325));
#7474=CARTESIAN_POINT('',(-15.9864401308063,3.59999999999999,0.658583285656448));
#7475=CARTESIAN_POINT('Ctrl Pts',(-15.9864401308063,3.59999999999999,0.658583285656455));
#7476=CARTESIAN_POINT('Ctrl Pts',(-15.8972706517184,4.13547011574749,2.82308179325686));
#7477=CARTESIAN_POINT('Ctrl Pts',(-14.8277809550347,5.20500211610816,7.1147922449326));
#7478=CARTESIAN_POINT('Ctrl Pts',(-10.8094692294192,6.80505123439707,12.3972624656936));
#7479=CARTESIAN_POINT('Ctrl Pts',(-5.02866982026367,8.40124531611909,15.6585998197697));
#7480=CARTESIAN_POINT('Ctrl Pts',(1.57097562593238,9.99402360508435,16.3728870237603));
#7481=CARTESIAN_POINT('Ctrl Pts',(7.91582410269783,11.5838684803848,14.4170794471808));
#7482=CARTESIAN_POINT('Ctrl Pts',(12.9708340631202,13.1714844409587,10.1125565442339));
#7483=CARTESIAN_POINT('Ctrl Pts',(14.9313165987409,14.228855768491,6.14456429302134));
#7484=CARTESIAN_POINT('Ctrl Pts',(15.4796846732894,14.7574489407794,4.04714250002746));
#7485=CARTESIAN_POINT('',(13.9188190109145,3.59999999999999,-7.8909110590226));
#7486=CARTESIAN_POINT('Origin',(-1.10218211923262E-15,3.59999999999999,
0.));
#7487=CARTESIAN_POINT('',(14.0609875038722,3.98583536091619,-7.63469910448007));
#7488=CARTESIAN_POINT('Ctrl Pts',(14.0609875038722,3.98583536091618,-7.63469910448007));
#7489=CARTESIAN_POINT('Ctrl Pts',(14.0479308807296,3.92105639284341,-7.65874576464819));
#7490=CARTESIAN_POINT('Ctrl Pts',(14.00867256098,3.77816243059027,-7.73071929009408));
#7491=CARTESIAN_POINT('Ctrl Pts',(13.9534237223023,3.66033114036529,-7.82987162883153));
#7492=CARTESIAN_POINT('Ctrl Pts',(13.9188190109145,3.59999999999999,-7.8909110590226));
#7493=CARTESIAN_POINT('',(14.0924672553558,4.31717561799237,-7.57643495693876));
#7494=CARTESIAN_POINT('Ctrl Pts',(14.0924672553558,4.3171756159128,-7.57643495693876));
#7495=CARTESIAN_POINT('Ctrl Pts',(14.0924672550743,4.20361278347421,-7.57643495746236));
#7496=CARTESIAN_POINT('Ctrl Pts',(14.0819723373211,4.08994925324074,-7.59605089099361));
#7497=CARTESIAN_POINT('Ctrl Pts',(14.0609875038722,3.98583536091618,-7.63469910448007));
#7498=CARTESIAN_POINT('',(14.0924672553558,7.40885832137149,-7.57643495693876));
#7499=CARTESIAN_POINT('',(14.0924672553558,12.3775,-7.57643495693876));
#7500=CARTESIAN_POINT('',(14.0616950019514,7.73739249558937,-7.63339594624149));
#7501=CARTESIAN_POINT('Ctrl Pts',(14.0616950019514,7.73739249558938,-7.6333959462415));
#7502=CARTESIAN_POINT('Ctrl Pts',(14.0822144032722,7.63398794219795,-7.59559657555132));
#7503=CARTESIAN_POINT('Ctrl Pts',(14.0924672553609,7.52137392678815,-7.57643495692929));
#7504=CARTESIAN_POINT('Ctrl Pts',(14.0924672553558,7.40885832213333,-7.57643495693876));
#7505=CARTESIAN_POINT('',(13.7540218884606,8.36512507263322,-8.17475334899038));
#7506=CARTESIAN_POINT('Ctrl Pts',(13.7540304822174,8.36512507263321,-8.17475660152859));
#7507=CARTESIAN_POINT('Ctrl Pts',(13.7544153838439,8.36463208661819,-8.17410900442424));
#7508=CARTESIAN_POINT('Ctrl Pts',(13.7548002627417,8.3641391678305,-8.17346131993363));
#7509=CARTESIAN_POINT('Ctrl Pts',(13.8058427081065,8.29873768840009,-8.0875588731365));
#7510=CARTESIAN_POINT('Ctrl Pts',(13.8808466170258,8.20079110480909,-7.95843559995829));
#7511=CARTESIAN_POINT('Ctrl Pts',(13.9893091533984,8.00023226408115,-7.76604747755685));
#7512=CARTESIAN_POINT('Ctrl Pts',(14.0396043080656,7.84871535046421,-7.67408983949565));
#7513=CARTESIAN_POINT('Ctrl Pts',(14.0616950019514,7.73739249558937,-7.63339594624149));
#7514=CARTESIAN_POINT('',(4.77906468426144,11.2605420383956,-15.2691960845784));
#7515=CARTESIAN_POINT('Ctrl Pts',(4.77906468426144,11.2605420384357,-15.2691960845784));
#7516=CARTESIAN_POINT('Ctrl Pts',(6.81602846035289,10.7321436605928,-14.6300588943546));
#7517=CARTESIAN_POINT('Ctrl Pts',(10.3012051202819,9.76700467200531,-12.7130349184954));
#7518=CARTESIAN_POINT('Ctrl Pts',(12.8522491742115,8.80186568341786,-9.69169122907617));
#7519=CARTESIAN_POINT('Ctrl Pts',(13.7540218884606,8.36512507267336,-8.17475334899038));
#7520=CARTESIAN_POINT('',(4.77922077922078,13.7928932188134,-15.2695464485185));
#7521=CARTESIAN_POINT('',(4.77922077922078,12.3775,-15.2695464485185));
#7522=CARTESIAN_POINT('',(4.4444856720054,14.5707106781186,-15.3703138260524));
#7523=CARTESIAN_POINT('Ctrl Pts',(4.4444856720054,14.5707106781186,-15.3703138260524));
#7524=CARTESIAN_POINT('Ctrl Pts',(4.65342778519862,14.3696038941702,-15.3098960467621));
#7525=CARTESIAN_POINT('Ctrl Pts',(4.77922077922078,14.0831853911092,-15.2695464485185));
#7526=CARTESIAN_POINT('Ctrl Pts',(4.77922077922078,13.7928932188134,-15.2695464485185));
#7527=CARTESIAN_POINT('',(3.70982927596744,15.2778174593052,-15.5639701472078));
#7528=CARTESIAN_POINT('Origin',(-4.44089209850063E-15,18.8485281374238,
0.));
#7529=CARTESIAN_POINT('',(2.90170724032566,15.6,-15.734678105746));
#7530=CARTESIAN_POINT('Ctrl Pts',(2.90170724032566,15.6,-15.734678105746));
#7531=CARTESIAN_POINT('Ctrl Pts',(3.20121449655657,15.6,-15.6794445402358));
#7532=CARTESIAN_POINT('Ctrl Pts',(3.49746972563655,15.4822135264987,-15.6145881880674));
#7533=CARTESIAN_POINT('Ctrl Pts',(3.70982927596743,15.2778174593052,-15.5639701472078));
#7534=CARTESIAN_POINT('',(-2.90170724032567,15.6,-15.734678105746));
#7535=CARTESIAN_POINT('Origin',(-4.77612251667468E-15,15.6,0.));
#7536=CARTESIAN_POINT('',(-3.70982927596746,15.2778174593052,-15.5639701472078));
#7537=CARTESIAN_POINT('Ctrl Pts',(-3.70982927596746,15.2778174593052,-15.5639701472078));
#7538=CARTESIAN_POINT('Ctrl Pts',(-3.49746972812286,15.4822135241056,-15.6145881874747));
#7539=CARTESIAN_POINT('Ctrl Pts',(-3.20121449304998,15.6,-15.6794445408825));
#7540=CARTESIAN_POINT('Ctrl Pts',(-2.90170724032567,15.6,-15.734678105746));
#7541=CARTESIAN_POINT('',(-4.44448567200541,14.5707106781186,-15.3703138260524));
#7542=CARTESIAN_POINT('Origin',(-6.66133814775094E-15,18.8485281374238,
0.));
#7543=CARTESIAN_POINT('',(-4.77922077922078,13.7928932188134,-15.2695464485185));
#7544=CARTESIAN_POINT('Ctrl Pts',(-4.77922077922078,13.7928932188134,-15.2695464485185));
#7545=CARTESIAN_POINT('Ctrl Pts',(-4.77922077922078,14.0831855671907,-15.2695464485185));
#7546=CARTESIAN_POINT('Ctrl Pts',(-4.65342791193589,14.3696037721856,-15.3098960101147));
#7547=CARTESIAN_POINT('Ctrl Pts',(-4.44448567200541,14.5707106781186,-15.3703138260524));
#7548=CARTESIAN_POINT('',(-4.77912173837592,13.6627912949377,-15.2692855943543));
#7549=CARTESIAN_POINT('',(-4.77922077922078,12.3775,-15.2695464485185));
#7550=CARTESIAN_POINT('',(-15.9989944552435,18.6816666666666,-0.000201766645889993));
#7551=CARTESIAN_POINT('Ctrl Pts',(-15.9989944552435,18.6816666667068,-0.00020176664589866));
#7552=CARTESIAN_POINT('Ctrl Pts',(-15.9992541783691,18.5115373830787,-0.687615471805155));
#7553=CARTESIAN_POINT('Ctrl Pts',(-15.819814388356,17.8150649593983,-3.50160410028512));
#7554=CARTESIAN_POINT('Ctrl Pts',(-14.1965034259704,16.5922493956655,-8.27342129433193));
#7555=CARTESIAN_POINT('Ctrl Pts',(-10.0774762123693,15.0894202220505,-12.9001230856872));
#7556=CARTESIAN_POINT('Ctrl Pts',(-6.51461924560934,14.112934188488,-14.7251283558044));
#7557=CARTESIAN_POINT('Ctrl Pts',(-4.77912173837593,13.6627912949779,-15.2692855943543));
#7558=CARTESIAN_POINT('',(-16.,21.255,-1.95943487863577E-15));
#7559=CARTESIAN_POINT('',(-16.,12.3775,-1.95943487863577E-15));
#7560=CARTESIAN_POINT('',(-8.46690180760501E-15,21.255,16.));
#7561=CARTESIAN_POINT('Origin',(-6.50746692896924E-15,21.255,0.));
#7562=CARTESIAN_POINT('Origin',(-6.50746692896924E-15,21.255,0.));
#7563=CARTESIAN_POINT('',(-15.5433735088583,19.629871111115,3.79482250681852));
#7564=CARTESIAN_POINT('Ctrl Pts',(-15.5433735088583,19.6298711111551,3.79482250681852));
#7565=CARTESIAN_POINT('Ctrl Pts',(-15.8458475275647,19.3138029630057,2.55408156239316));
#7566=CARTESIAN_POINT('Ctrl Pts',(-15.9985119386208,18.9977348148562,1.27688335455676));
#7567=CARTESIAN_POINT('Ctrl Pts',(-15.9989944552435,18.6816666667068,-0.000201766645898313));
#7568=CARTESIAN_POINT('',(-15.420870597864,19.7503082359398,4.2657648791199));
#7569=CARTESIAN_POINT('Ctrl Pts',(-15.4208705978208,19.7503082359799,4.26576487927623));
#7570=CARTESIAN_POINT('Ctrl Pts',(-15.4641185482976,19.710162527705,4.10942221464319));
#7571=CARTESIAN_POINT('Ctrl Pts',(-15.5049544723726,19.67001681943,3.95241644436427));
#7572=CARTESIAN_POINT('Ctrl Pts',(-15.5433735088583,19.6298711111551,3.79482250681852));
#7573=CARTESIAN_POINT('',(-15.420870597864,14.7503082359398,4.2657648791199));
#7574=CARTESIAN_POINT('',(-15.420870597864,12.3775,4.2657648791199));
#7575=CARTESIAN_POINT('',(-15.5433739555354,14.6298711111111,3.79482250656016));
#7576=CARTESIAN_POINT('Ctrl Pts',(-15.4208705978208,14.7503082359398,4.26576487927623));
#7577=CARTESIAN_POINT('Ctrl Pts',(-15.464118548299,14.7101625276635,4.10942221463816));
#7578=CARTESIAN_POINT('Ctrl Pts',(-15.5049546286739,14.6700168193873,3.95241644419438));
#7579=CARTESIAN_POINT('Ctrl Pts',(-15.5433739555354,14.6298711111111,3.79482250656016));
#7580=CARTESIAN_POINT('Ctrl Pts',(-15.5433739555354,14.6298711111111,3.79482250656016));
#7581=CARTESIAN_POINT('Ctrl Pts',(-15.8458502603658,14.3138029629629,2.55408156148316));
#7582=CARTESIAN_POINT('Ctrl Pts',(-15.9985252681779,13.9977348148148,1.27688335773231));
#7583=CARTESIAN_POINT('Ctrl Pts',(-15.9990158473437,13.6816666666666,-0.000201639376898807));
#7584=CARTESIAN_POINT('',(-15.2594582571293,19.8911111111111,4.81128755310044));
#7585=CARTESIAN_POINT('',(-15.3571223730229,19.8079681587781,4.48985438739382));
#7586=CARTESIAN_POINT('Ctrl Pts',(-15.2594582571293,19.8911111111435,4.81128755310045));
#7587=CARTESIAN_POINT('Ctrl Pts',(-15.2931401142292,19.8633967936884,4.70449025784612));
#7588=CARTESIAN_POINT('Ctrl Pts',(-15.3256980495908,19.8356824762332,4.59733831422026));
#7589=CARTESIAN_POINT('Ctrl Pts',(-15.3571223730229,19.8079681587781,4.48985438739382));
#7590=CARTESIAN_POINT('',(-13.8833820803931,20.7416085809139,7.95309386401413));
#7591=CARTESIAN_POINT('Ctrl Pts',(-13.8833816950587,20.7416085809463,7.95309368856691));
#7592=CARTESIAN_POINT('Ctrl Pts',(-14.4527654917656,20.4581094243454,6.95910890459296));
#7593=CARTESIAN_POINT('Ctrl Pts',(-14.9149151127406,20.1746102677444,5.90375332213477));
#7594=CARTESIAN_POINT('Ctrl Pts',(-15.2594582571293,19.8911111111435,4.81128755310045));
#7595=CARTESIAN_POINT('',(-13.8558000732632,20.5007779146209,8.00035009786386));
#7596=CARTESIAN_POINT('Ctrl Pts',(-13.8833820803931,20.7416085809141,7.95309386401415));
#7597=CARTESIAN_POINT('Ctrl Pts',(-13.883310153687,20.7413220075398,7.9532194234454));
#7598=CARTESIAN_POINT('Ctrl Pts',(-13.8832383622831,20.7410353462051,7.9533447298708));
#7599=CARTESIAN_POINT('Ctrl Pts',(-13.8831667059388,20.7407485929191,7.95346978361906));
#7600=CARTESIAN_POINT('Ctrl Pts',(-13.8796830323647,20.7268076801687,7.9595494467955));
#7601=CARTESIAN_POINT('Ctrl Pts',(-13.8765412668636,20.7126370300353,7.96499480179144));
#7602=CARTESIAN_POINT('Ctrl Pts',(-13.8737199754507,20.698249606858,7.96985136221295));
#7603=CARTESIAN_POINT('Ctrl Pts',(-13.8709047834599,20.6838932882186,7.97469742311239));
#7604=CARTESIAN_POINT('Ctrl Pts',(-13.8684080956516,20.6693209532952,7.97895541241869));
#7605=CARTESIAN_POINT('Ctrl Pts',(-13.8662350351715,20.6545472748079,7.98262610034663));
#7606=CARTESIAN_POINT('Ctrl Pts',(-13.8654015447891,20.6488807418036,7.98403401472017));
#7607=CARTESIAN_POINT('Ctrl Pts',(-13.8646159779712,20.6431846144277,7.98535520049692));
#7608=CARTESIAN_POINT('Ctrl Pts',(-13.8638804124071,20.6374599593996,7.98658930904544));
#7609=CARTESIAN_POINT('Ctrl Pts',(-13.8612679198897,20.6171278242979,7.99097246604189));
#7610=CARTESIAN_POINT('Ctrl Pts',(-13.8592823227768,20.5964671820958,7.99426217610402));
#7611=CARTESIAN_POINT('Ctrl Pts',(-13.8578911291414,20.5756190217143,7.99655075565968));
#7612=CARTESIAN_POINT('Ctrl Pts',(-13.8564311480978,20.5537400264557,7.99895249376659));
#7613=CARTESIAN_POINT('Ctrl Pts',(-13.855625374826,20.5316551226731,8.00025020375729));
#7614=CARTESIAN_POINT('Ctrl Pts',(-13.8554521545301,20.5094851906682,8.00051892305632));
#7615=CARTESIAN_POINT('Ctrl Pts',(-13.8554317567615,20.5068745430996,8.00055056642737));
#7616=CARTESIAN_POINT('Ctrl Pts',(-13.8554201492453,20.5042626651387,8.00056791870283));
#7617=CARTESIAN_POINT('Ctrl Pts',(-13.8554173109565,20.5016497129832,8.00057108578467));
#7618=CARTESIAN_POINT('',(-13.8564064628705,15.9605650236821,7.99999999866082));
#7619=CARTESIAN_POINT('',(-13.856406460551,12.3775,8.));
#7620=CARTESIAN_POINT('',(-13.8833820803931,15.7416085809139,7.95309386401414));
#7621=CARTESIAN_POINT('Ctrl Pts',(-13.856406460551,15.9605650134858,7.99999999999998));
#7622=CARTESIAN_POINT('Ctrl Pts',(-13.856406460551,15.9500375468172,7.99999999999998));
#7623=CARTESIAN_POINT('Ctrl Pts',(-13.8565862610351,15.9395176690301,7.99968860086551));
#7624=CARTESIAN_POINT('Ctrl Pts',(-13.8595409862577,15.8534631194177,7.99457006811375));
#7625=CARTESIAN_POINT('Ctrl Pts',(-13.8710548243455,15.7909760349965,7.97461132696521));
#7626=CARTESIAN_POINT('Ctrl Pts',(-13.8831980513561,15.7423427460453,7.953415109302));
#7627=CARTESIAN_POINT('Ctrl Pts',(-13.8832899712161,15.7419755661278,7.95325465513758));
#7628=CARTESIAN_POINT('Ctrl Pts',(-13.8833820803931,15.7416085809134,7.95309386401411));
#7629=CARTESIAN_POINT('',(-15.2594582571293,14.8911111111111,4.81128755310045));
#7630=CARTESIAN_POINT('Ctrl Pts',(-13.8833816950587,15.7416085809139,7.9530936885669));
#7631=CARTESIAN_POINT('Ctrl Pts',(-14.4527654917656,15.458109424313,6.95910890459296));
#7632=CARTESIAN_POINT('Ctrl Pts',(-14.9149151127406,15.174610267712,5.90375332213477));
#7633=CARTESIAN_POINT('Ctrl Pts',(-15.2594582571293,14.8911111111111,4.81128755310045));
#7634=CARTESIAN_POINT('',(-15.3571223730229,14.8079681587781,4.48985438739382));
#7635=CARTESIAN_POINT('Ctrl Pts',(-15.2594582571293,14.8911111111111,4.81128755310045));
#7636=CARTESIAN_POINT('Ctrl Pts',(-15.2931401142299,14.8633967936553,4.70449025784359));
#7637=CARTESIAN_POINT('Ctrl Pts',(-15.3256980495924,14.8356824761995,4.59733831421519));
#7638=CARTESIAN_POINT('Ctrl Pts',(-15.3571223730251,14.8079681587438,4.48985438738619));
#7639=CARTESIAN_POINT('',(-15.3571223730229,12.3775,4.48985438739382));
#7640=CARTESIAN_POINT('',(15.6207361139189,14.9143493496059,3.46303382300965));
#7641=CARTESIAN_POINT('',(15.5482036675403,14.8371194271961,3.77536259353814));
#7642=CARTESIAN_POINT('Ctrl Pts',(15.620736113919,14.9143493496054,3.46303382300952));
#7643=CARTESIAN_POINT('Ctrl Pts',(15.5976017765968,14.8886054669813,3.56738607509539));
#7644=CARTESIAN_POINT('Ctrl Pts',(15.5734230196231,14.8628626007073,3.67150088149531));
#7645=CARTESIAN_POINT('Ctrl Pts',(15.5482036675403,14.8371194271957,3.77536259353805));
#7646=CARTESIAN_POINT('',(15.5445852907159,14.8367910298558,3.79023325662919));
#7647=CARTESIAN_POINT('Ctrl Pts',(15.5482036675396,14.8371194271949,3.77536259354091));
#7648=CARTESIAN_POINT('Ctrl Pts',(15.5481618117598,14.8370767020448,3.77553496961701));
#7649=CARTESIAN_POINT('Ctrl Pts',(15.5481198966648,14.837034904181,3.77570757746944));
#7650=CARTESIAN_POINT('Ctrl Pts',(15.5473822737365,14.8363173012639,3.77874491382549));
#7651=CARTESIAN_POINT('Ctrl Pts',(15.546653618094,14.8358888359313,3.78174171822456));
#7652=CARTESIAN_POINT('Ctrl Pts',(15.5454855235626,14.8360067244292,3.78653977940469));
#7653=CARTESIAN_POINT('Ctrl Pts',(15.5450337875258,14.8362534499503,3.78839384774768));
#7654=CARTESIAN_POINT('Ctrl Pts',(15.5445930498594,14.8367816883764,3.79020143455866));
#7655=CARTESIAN_POINT('Ctrl Pts',(15.5445891728317,14.8367863583067,3.79021733521337));
#7656=CARTESIAN_POINT('Ctrl Pts',(15.5445852977611,14.8367910491295,3.79023322773531));
#7657=CARTESIAN_POINT('',(15.5445852977623,19.7772882044703,3.79023322773027));
#7658=CARTESIAN_POINT('',(15.5445852977611,12.3775,3.79023322773539));
#7659=CARTESIAN_POINT('',(15.5474522396167,19.7841903686703,3.77844934820218));
#7660=CARTESIAN_POINT('Ctrl Pts',(15.5445852977613,19.7772882044668,3.79023322773459));
#7661=CARTESIAN_POINT('Ctrl Pts',(15.5445891804598,19.7773039175007,3.79021730392871));
#7662=CARTESIAN_POINT('Ctrl Pts',(15.5445930701534,19.7773196176303,3.79020135132814));
#7663=CARTESIAN_POINT('Ctrl Pts',(15.5449718927091,19.7788446628528,3.7886476954122));
#7664=CARTESIAN_POINT('Ctrl Pts',(15.5453775428737,19.7800954811718,3.78698306173191));
#7665=CARTESIAN_POINT('Ctrl Pts',(15.5463325106332,19.782289996428,3.78306092710277));
#7666=CARTESIAN_POINT('Ctrl Pts',(15.546868415159,19.7831258100205,3.78085809698231));
#7667=CARTESIAN_POINT('Ctrl Pts',(15.5474206388999,19.7837211036758,3.77858590971673));
#7668=CARTESIAN_POINT('',(15.620731044231,19.866198726846,3.46303485484188));
#7669=CARTESIAN_POINT('Ctrl Pts',(15.5474206389,19.7837211036759,3.77858590971642));
#7670=CARTESIAN_POINT('Ctrl Pts',(15.5481622615384,19.7845205681295,3.77553441918797));
#7671=CARTESIAN_POINT('Ctrl Pts',(15.5489029918385,19.7853200395455,3.7724826854891));
#7672=CARTESIAN_POINT('Ctrl Pts',(15.5743501306106,19.8128185500284,3.66750823457355));
#7673=CARTESIAN_POINT('Ctrl Pts',(15.5980485258295,19.8395107352373,3.56537091953237));
#7674=CARTESIAN_POINT('Ctrl Pts',(15.6207361139189,19.866197345153,3.46303382300978));
#7675=CARTESIAN_POINT('',(15.9999082215254,20.741264444298,0.05402410747695));
#7676=CARTESIAN_POINT('Ctrl Pts',(15.620731044231,19.866198726846,3.46303485484188));
#7677=CARTESIAN_POINT('Ctrl Pts',(15.6974171183761,19.9564349532305,3.11699462303363));
#7678=CARTESIAN_POINT('Ctrl Pts',(15.7625662202728,20.0466596514421,2.76846626802292));
#7679=CARTESIAN_POINT('Ctrl Pts',(15.8161149404979,20.1369210747553,2.41803327752002));
#7680=CARTESIAN_POINT('Ctrl Pts',(15.8716740779457,20.2305712460948,2.05444373506727));
#7681=CARTESIAN_POINT('Ctrl Pts',(15.9147458813594,20.3242609519096,1.68880325123903));
#7682=CARTESIAN_POINT('Ctrl Pts',(15.9452004715468,20.4180440846475,1.32175769447341));
#7683=CARTESIAN_POINT('Ctrl Pts',(15.9756550617343,20.5118272173854,0.954712137707795));
#7684=CARTESIAN_POINT('Ctrl Pts',(15.993492540989,20.605703777049,0.586260827144571));
#7685=CARTESIAN_POINT('Ctrl Pts',(15.9985214599722,20.6997276537629,0.217053766582529));
#7686=CARTESIAN_POINT('Ctrl Pts',(15.9992611242185,20.7135568882644,0.1627499961091));
#7687=CARTESIAN_POINT('Ctrl Pts',(15.9997234121392,20.7273860120525,0.108442844240109));
#7688=CARTESIAN_POINT('Ctrl Pts',(15.9999079974159,20.7412151985336,0.054134394394299));
#7689=CARTESIAN_POINT('',(15.9998884235881,20.4998627174611,-0.000193256014333699));
#7690=CARTESIAN_POINT('Ctrl Pts',(15.9999089092946,20.7412907667514,0.0539652159571419));
#7691=CARTESIAN_POINT('Ctrl Pts',(15.9999093044545,20.7410389158027,0.0538527480900516));
#7692=CARTESIAN_POINT('Ctrl Pts',(15.9999095400476,20.7408848359648,0.0538021957345778));
#7693=CARTESIAN_POINT('Ctrl Pts',(15.9999099428512,20.7406649460091,0.0536813488934942));
#7694=CARTESIAN_POINT('Ctrl Pts',(15.9999108512626,20.7401690455459,0.053408812550228));
#7695=CARTESIAN_POINT('Ctrl Pts',(15.9999138423596,20.7384397558167,0.0525154326956559));
#7696=CARTESIAN_POINT('Ctrl Pts',(15.9999176111734,20.7356640098057,0.0511475276673816));
#7697=CARTESIAN_POINT('Ctrl Pts',(15.9999228283268,20.7318215559705,0.0492539423388467));
#7698=CARTESIAN_POINT('Ctrl Pts',(15.999929440224,20.7259702230962,0.0464542959823607));
#7699=CARTESIAN_POINT('Ctrl Pts',(15.9999354352316,20.7185353681933,0.043193842971624));
#7700=CARTESIAN_POINT('Ctrl Pts',(15.9999402480667,20.7125666132555,0.0405763278672787));
#7701=CARTESIAN_POINT('Ctrl Pts',(15.9999449778844,20.7055742544947,0.0376641104372555));
#7702=CARTESIAN_POINT('Ctrl Pts',(15.9999468981304,20.6977961442801,0.0346721690293869));
#7703=CARTESIAN_POINT('Ctrl Pts',(15.9999473697987,20.6958856139879,0.0339372611231717));
#7704=CARTESIAN_POINT('Ctrl Pts',(15.9999476513204,20.6939278626861,0.0331973945806528));
#7705=CARTESIAN_POINT('Ctrl Pts',(15.9999476544647,20.6919268323959,0.0324554290958484));
#7706=CARTESIAN_POINT('Ctrl Pts',(15.9999476739787,20.6795082741886,0.0278507304035248));
#7707=CARTESIAN_POINT('Ctrl Pts',(15.9999413175564,20.6669300132646,0.0237583283270783));
#7708=CARTESIAN_POINT('Ctrl Pts',(15.9999280724166,20.6542064472773,0.0201593356715977));
#7709=CARTESIAN_POINT('Ctrl Pts',(15.9999220905285,20.6484601169787,0.0185339265244151));
#7710=CARTESIAN_POINT('Ctrl Pts',(15.999914714434,20.6426840853061,0.0170094845593687));
#7711=CARTESIAN_POINT('Ctrl Pts',(15.9999069269829,20.6368795151223,0.0155854913839142));
#7712=CARTESIAN_POINT('Ctrl Pts',(15.999880120651,20.6168987496083,0.0106837548501504));
#7713=CARTESIAN_POINT('Ctrl Pts',(15.999853388841,20.5965878969465,0.00698490702048418));
#7714=CARTESIAN_POINT('Ctrl Pts',(15.9998351654173,20.5760983141687,0.00438799618012653));
#7715=CARTESIAN_POINT('Ctrl Pts',(15.9998159020418,20.554439457086,0.00164288802650009));
#7716=CARTESIAN_POINT('Ctrl Pts',(15.9998052045262,20.5325814475775,0.000130120755793835));
#7717=CARTESIAN_POINT('Ctrl Pts',(15.9998115610675,20.5106603907734,-0.000232765844211876));
#7718=CARTESIAN_POINT('Ctrl Pts',(15.9998125732432,20.5071698194215,-0.000290549626321581));
#7719=CARTESIAN_POINT('Ctrl Pts',(15.9998140258969,20.5036775574125,-0.000319123326741086));
#7720=CARTESIAN_POINT('Ctrl Pts',(15.9998159619084,20.5001840503458,-0.000318763325137586));
#7721=CARTESIAN_POINT('',(16.0000152677261,15.9606542306972,2.64444772501708E-5));
#7722=CARTESIAN_POINT('',(16.,20.755,0.));
#7723=CARTESIAN_POINT('',(15.9999083965301,15.7419561786373,0.0540466052225507));
#7724=CARTESIAN_POINT('Ctrl Pts',(16.0000234776012,15.9606853396147,4.06643981682393E-5));
#7725=CARTESIAN_POINT('Ctrl Pts',(16.0000145997914,15.9501914546327,3.07906233659252E-5));
#7726=CARTESIAN_POINT('Ctrl Pts',(16.0000086874394,15.9397038383222,0.000384161712969572));
#7727=CARTESIAN_POINT('Ctrl Pts',(16.0000096583019,15.9292242378192,0.00110782482065046));
#7728=CARTESIAN_POINT('Ctrl Pts',(16.0000097385127,15.9283584340017,0.00116761243192688));
#7729=CARTESIAN_POINT('Ctrl Pts',(16.0000098675429,15.9274926820586,0.00122993282473053));
#7730=CARTESIAN_POINT('Ctrl Pts',(16.0000100432938,15.9266269900513,0.00129478377038582));
#7731=CARTESIAN_POINT('Ctrl Pts',(16.0000132254637,15.9109526581637,0.00246898341293716));
#7732=CARTESIAN_POINT('Ctrl Pts',(16.0000329043529,15.8953847948167,0.00446878578179572));
#7733=CARTESIAN_POINT('Ctrl Pts',(16.0000474240567,15.8799514369018,0.00724106229848166));
#7734=CARTESIAN_POINT('Ctrl Pts',(16.0000610173163,15.8655028197141,0.00983645095913773));
#7735=CARTESIAN_POINT('Ctrl Pts',(16.0000705058299,15.8511717287267,0.0131087401773268));
#7736=CARTESIAN_POINT('Ctrl Pts',(16.0000671120626,15.8369543079218,0.0170446349658045));
#7737=CARTESIAN_POINT('Ctrl Pts',(16.0000670519702,15.83670256471,0.017114326565223));
#7738=CARTESIAN_POINT('Ctrl Pts',(16.0000669879974,15.8364508564703,0.0171842270909168));
#7739=CARTESIAN_POINT('Ctrl Pts',(16.0000669201635,15.8361991831054,0.0172543365496914));
#7740=CARTESIAN_POINT('Ctrl Pts',(16.0000627585112,15.8207588638989,0.0215555959349419));
#7741=CARTESIAN_POINT('Ctrl Pts',(16.0000418128509,15.8055822591142,0.026597617896293));
#7742=CARTESIAN_POINT('Ctrl Pts',(16.000012252985,15.7906384380357,0.0323417977136182));
#7743=CARTESIAN_POINT('Ctrl Pts',(15.9999980239038,15.783445007457,0.0351068441184467));
#7744=CARTESIAN_POINT('Ctrl Pts',(15.9999819421518,15.776762147184,0.0378510073290896));
#7745=CARTESIAN_POINT('Ctrl Pts',(15.9999684403886,15.7708113605994,0.0404179250889405));
#7746=CARTESIAN_POINT('Ctrl Pts',(15.9999503527213,15.7628393759898,0.0438567022295029));
#7747=CARTESIAN_POINT('Ctrl Pts',(15.9999362525278,15.7561790606972,0.0469744102803027));
#7748=CARTESIAN_POINT('Ctrl Pts',(15.9999266259551,15.7513325593281,0.0493115648819032));
#7749=CARTESIAN_POINT('Ctrl Pts',(15.9999198786032,15.747935602693,0.0509496976763756));
#7750=CARTESIAN_POINT('Ctrl Pts',(15.9999152465393,15.7454284776959,0.0522012564040343));
#7751=CARTESIAN_POINT('Ctrl Pts',(15.9999126386813,15.7439962808921,0.052923273057367));
#7752=CARTESIAN_POINT('Ctrl Pts',(15.9999115258596,15.743385135812,0.0532313710256711));
#7753=CARTESIAN_POINT('Ctrl Pts',(15.9999107794404,15.7429699833575,0.0534434713942585));
#7754=CARTESIAN_POINT('Ctrl Pts',(15.9999104071566,15.7427667785075,0.0535512384643447));
#7755=CARTESIAN_POINT('Ctrl Pts',(15.9999098572269,15.7424666086999,0.053710429648528));
#7756=CARTESIAN_POINT('Ctrl Pts',(15.9999095272458,15.7422700490239,0.0537847144996404));
#7757=CARTESIAN_POINT('Ctrl Pts',(15.9999089421629,15.7419124596377,0.0539546242578256));
#7758=CARTESIAN_POINT('Ctrl Pts',(15.9999081604707,15.7419750929717,0.0540863993335796));
#7759=CARTESIAN_POINT('Ctrl Pts',(15.99972368448,15.7288927985478,0.108410849915103));
#7760=CARTESIAN_POINT('Ctrl Pts',(15.9992613420663,15.7158105583549,0.16273400075477));
#7761=CARTESIAN_POINT('Ctrl Pts',(15.9985214598903,15.7027281982516,0.217053766593756));
#7762=CARTESIAN_POINT('Ctrl Pts',(15.9937129274081,15.617705264138,0.570080730805169));
#7763=CARTESIAN_POINT('Ctrl Pts',(15.9771935284501,15.5328100796986,0.922412527071323));
#7764=CARTESIAN_POINT('Ctrl Pts',(15.9491326654035,15.4479953789186,1.27348078298782));
#7765=CARTESIAN_POINT('Ctrl Pts',(15.9196719700825,15.3589496480629,1.6420622805443));
#7766=CARTESIAN_POINT('Ctrl Pts',(15.8774899700126,15.2699926310872,2.00925163836966));
#7767=CARTESIAN_POINT('Ctrl Pts',(15.8227216114045,15.1810696318798,2.37439564094101));
#7768=CARTESIAN_POINT('Ctrl Pts',(15.7679532527964,15.0921466326724,2.73953964351236));
#7769=CARTESIAN_POINT('Ctrl Pts',(15.7005984434053,15.003257651236,3.10263898225118));
#7770=CARTESIAN_POINT('Ctrl Pts',(15.6207310049428,14.9143479937988,3.46303484547734));
#7771=CARTESIAN_POINT('Ctrl Pts',(3.7,2.99999999999999,-16.1823978445717));
#7772=CARTESIAN_POINT('Ctrl Pts',(3.70046998457331,2.99999999999999,-16.1804053795039));
#7773=CARTESIAN_POINT('Ctrl Pts',(3.70094001716082,3.00000113696187,-16.1784123893182));
#7774=CARTESIAN_POINT('Ctrl Pts',(3.72758674474764,3.00012395832152,-16.065411645091));
#7775=CARTESIAN_POINT('Ctrl Pts',(3.78009593297977,3.00734665087126,-15.8407122106384));
#7776=CARTESIAN_POINT('Ctrl Pts',(3.85519268450201,3.03880379242774,-15.5099606500482));
#7777=CARTESIAN_POINT('Ctrl Pts',(3.92373621422038,3.09361634736243,-15.1934870768319));
#7778=CARTESIAN_POINT('Ctrl Pts',(3.9803179503004,3.17589773045666,-14.9086340821717));
#7779=CARTESIAN_POINT('Ctrl Pts',(3.99999999998103,3.25623266712126,-14.7723767015148));
#7780=CARTESIAN_POINT('Ctrl Pts',(4.,3.29999999986994,-14.736861466231));
#7781=CARTESIAN_POINT('Ctrl Pts',(3.7,2.99999999999999,-16.1823978445717));
#7782=CARTESIAN_POINT('Ctrl Pts',(3.70068265538043,3.00000056661059,-16.1805564702572));
#7783=CARTESIAN_POINT('Ctrl Pts',(3.70136834971173,3.00000155947553,-16.1787147422889));
#7784=CARTESIAN_POINT('Ctrl Pts',(3.74008898477229,3.00024970709751,-16.0742830241651));
#7785=CARTESIAN_POINT('Ctrl Pts',(3.81685892466644,3.0139924270418,-15.866409520337));
#7786=CARTESIAN_POINT('Ctrl Pts',(3.91915300860074,3.07332448928966,-15.5637995968962));
#7787=CARTESIAN_POINT('Ctrl Pts',(3.9962357522631,3.16774660540123,-15.2829863721294));
#7788=CARTESIAN_POINT('Ctrl Pts',(4.02840677926168,3.28576984299851,-15.050087678379));
#7789=CARTESIAN_POINT('Ctrl Pts',(4.00903160000431,3.3461335852006,-14.9625837016614));
#7790=CARTESIAN_POINT('Ctrl Pts',(4.00000000002411,3.35560609550254,-14.9424406046733));
#7791=CARTESIAN_POINT('Ctrl Pts',(3.7,2.99999999999999,-16.1823978445717));
#7792=CARTESIAN_POINT('Ctrl Pts',(3.70105722193692,3.00000096935026,-16.1808214729998));
#7793=CARTESIAN_POINT('Ctrl Pts',(3.70211525354808,3.00000216279916,-16.1792432235039));
#7794=CARTESIAN_POINT('Ctrl Pts',(3.762070871431,3.00035103306599,-16.089830762471));
#7795=CARTESIAN_POINT('Ctrl Pts',(3.88104232604753,3.01909015785022,-15.9115061759928));
#7796=CARTESIAN_POINT('Ctrl Pts',(4.045065329291,3.10354664413545,-15.6579782447122));
#7797=CARTESIAN_POINT('Ctrl Pts',(4.17744542175221,3.23647265991248,-15.4398106778992));
#7798=CARTESIAN_POINT('Ctrl Pts',(4.24878936236353,3.40543631169288,-15.2950295806145));
#7799=CARTESIAN_POINT('Ctrl Pts',(4.22806613485771,3.46393138713009,-15.2910307319598));
#7800=CARTESIAN_POINT('Ctrl Pts',(4.21706780980976,3.45089165354794,-15.2947171442408));
#7801=CARTESIAN_POINT('Ctrl Pts',(3.7,2.99999999999999,-16.1823978445717));
#7802=CARTESIAN_POINT('Ctrl Pts',(3.70143131187856,3.00000053622907,-16.1810860703808));
#7803=CARTESIAN_POINT('Ctrl Pts',(3.70286265890864,3.0000017252696,-16.1797722202683));
#7804=CARTESIAN_POINT('Ctrl Pts',(3.78403565592695,3.00026895993566,-16.1053543231763));
#7805=CARTESIAN_POINT('Ctrl Pts',(3.94537970186835,3.01495009862855,-15.9563219746819));
#7806=CARTESIAN_POINT('Ctrl Pts',(4.17867661365024,3.07872085069986,-15.7401364924695));
#7807=CARTESIAN_POINT('Ctrl Pts',(4.39211628795361,3.18395554117905,-15.5437764584397));
#7808=CARTESIAN_POINT('Ctrl Pts',(4.56436534499995,3.3259781698753,-15.3906637091453));
#7809=CARTESIAN_POINT('Ctrl Pts',(4.6186874342553,3.4256656725023,-15.3442010598669));
#7810=CARTESIAN_POINT('Ctrl Pts',(4.62016806851319,3.46203187026407,-15.3359032078267));
#7811=CARTESIAN_POINT('Ctrl Pts',(3.7,2.99999999999999,-16.1823978445717));
#7812=CARTESIAN_POINT('Ctrl Pts',(3.70159139573602,2.99999999999999,-16.1811989381293));
#7813=CARTESIAN_POINT('Ctrl Pts',(3.70318323116195,3.00000170544281,-16.179999520269));
#7814=CARTESIAN_POINT('Ctrl Pts',(3.79343888191445,3.00018593748228,-16.1119852735775));
#7815=CARTESIAN_POINT('Ctrl Pts',(3.97295009338762,3.0110199763069,-15.9756010385003));
#7816=CARTESIAN_POINT('Ctrl Pts',(4.23499250423769,3.05820568864161,-15.7715761025009));
#7817=CARTESIAN_POINT('Ctrl Pts',(4.47985907755378,3.14042452104366,-15.5737951684961));
#7818=CARTESIAN_POINT('Ctrl Pts',(4.68845998246787,3.26384659568501,-15.3945519763022));
#7819=CARTESIAN_POINT('Ctrl Pts',(4.7676705365043,3.3843490006819,-15.3108734859429));
#7820=CARTESIAN_POINT('Ctrl Pts',(4.77310145962232,3.44999999980492,-15.2914206466781));
#7821=CARTESIAN_POINT('',(4.,3.29999999993497,-14.736861466231));
#7822=CARTESIAN_POINT('',(4.77310145962232,3.44999999980492,-15.2914206466781));
#7823=CARTESIAN_POINT('Origin',(4.6,3.29999999960985,-14.736861466231));
#7824=CARTESIAN_POINT('',(3.70000000000001,2.99999999999999,-16.1823978445717));
#7825=CARTESIAN_POINT('Ctrl Pts',(4.77310145962232,3.44999999980492,-15.2914206466781));
#7826=CARTESIAN_POINT('Ctrl Pts',(4.7676705365043,3.3843490006819,-15.3108734859429));
#7827=CARTESIAN_POINT('Ctrl Pts',(4.68845998246787,3.26384659568501,-15.3945519763022));
#7828=CARTESIAN_POINT('Ctrl Pts',(4.47985907755378,3.14042452104366,-15.5737951684961));
#7829=CARTESIAN_POINT('Ctrl Pts',(4.23499250423769,3.05820568864161,-15.7715761025009));
#7830=CARTESIAN_POINT('Ctrl Pts',(3.97295009338762,3.0110199763069,-15.9756010385003));
#7831=CARTESIAN_POINT('Ctrl Pts',(3.79343888191445,3.00018593748228,-16.1119852735775));
#7832=CARTESIAN_POINT('Ctrl Pts',(3.70318323116195,3.00000170544281,-16.179999520269));
#7833=CARTESIAN_POINT('Ctrl Pts',(3.70159139573602,2.99999999999999,-16.1811989381293));
#7834=CARTESIAN_POINT('Ctrl Pts',(3.7,2.99999999999999,-16.1823978445717));
#7835=CARTESIAN_POINT('Ctrl Pts',(3.7,2.99999999999999,-16.1823978445717));
#7836=CARTESIAN_POINT('Ctrl Pts',(3.70046998457331,2.99999999999999,-16.1804053795039));
#7837=CARTESIAN_POINT('Ctrl Pts',(3.70094001716082,3.00000113696187,-16.1784123893182));
#7838=CARTESIAN_POINT('Ctrl Pts',(3.72758674474764,3.00012395832152,-16.065411645091));
#7839=CARTESIAN_POINT('Ctrl Pts',(3.78009593297977,3.00734665087126,-15.8407122106384));
#7840=CARTESIAN_POINT('Ctrl Pts',(3.85519268450201,3.03880379242774,-15.5099606500482));
#7841=CARTESIAN_POINT('Ctrl Pts',(3.92373621422038,3.09361634736243,-15.1934870768319));
#7842=CARTESIAN_POINT('Ctrl Pts',(3.9803179503004,3.17589773045666,-14.9086340821717));
#7843=CARTESIAN_POINT('Ctrl Pts',(3.99999999998103,3.25623266712126,-14.7723767015148));
#7844=CARTESIAN_POINT('Ctrl Pts',(4.,3.29999999986994,-14.736861466231));
#7845=CARTESIAN_POINT('Ctrl Pts',(4.,3.29999999976133,-14.73686146619));
#7846=CARTESIAN_POINT('Ctrl Pts',(4.,3.39766485571092,-14.7104445770281));
#7847=CARTESIAN_POINT('Ctrl Pts',(4.,3.49882551645475,-14.6969384566991));
#7848=CARTESIAN_POINT('Ctrl Pts',(4.,3.59999999999999,-14.6969384566991));
#7849=CARTESIAN_POINT('Ctrl Pts',(4.,3.32780304755257,-14.8396510354253));
#7850=CARTESIAN_POINT('Ctrl Pts',(3.99999801554092,3.41657438942148,-14.8160569263447));
#7851=CARTESIAN_POINT('Ctrl Pts',(4.,3.50829341159802,-14.804031477432));
#7852=CARTESIAN_POINT('Ctrl Pts',(4.,3.59999999999999,-14.804031477432));
#7853=CARTESIAN_POINT('Ctrl Pts',(4.05808770322924,3.38324092606009,-15.0446082650748));
#7854=CARTESIAN_POINT('Ctrl Pts',(4.05853487762199,3.45426690219521,-15.0266405765955));
#7855=CARTESIAN_POINT('Ctrl Pts',(4.05876656042541,3.52718251698834,-15.0175574549982));
#7856=CARTESIAN_POINT('Ctrl Pts',(4.05876656042541,3.59999999999999,-15.0175574549982));
#7857=CARTESIAN_POINT('Ctrl Pts',(4.33465695240533,3.4538508800422,-15.3056575862873));
#7858=CARTESIAN_POINT('Ctrl Pts',(4.33703594292021,3.50215099607805,-15.2941090347317));
#7859=CARTESIAN_POINT('Ctrl Pts',(4.33827710067187,3.55106316842881,-15.2883889724301));
#7860=CARTESIAN_POINT('Ctrl Pts',(4.33827710067187,3.59999999999999,-15.2883889724301));
#7861=CARTESIAN_POINT('Ctrl Pts',(4.62016806850977,3.46203187026763,-15.3359032078287));
#7862=CARTESIAN_POINT('Ctrl Pts',(4.62396256169317,3.50718833155912,-15.3237440993573));
#7863=CARTESIAN_POINT('Ctrl Pts',(4.62591498037143,3.55377623291441,-15.3175296850807));
#7864=CARTESIAN_POINT('Ctrl Pts',(4.62591498037143,3.59999999999999,-15.3175296850807));
#7865=CARTESIAN_POINT('Ctrl Pts',(4.77310145962858,3.44999999988066,-15.2914206466556));
#7866=CARTESIAN_POINT('Ctrl Pts',(4.77714108069322,3.49883242785545,-15.2769512648704));
#7867=CARTESIAN_POINT('Ctrl Pts',(4.77922077922078,3.54941275822735,-15.2695464485185));
#7868=CARTESIAN_POINT('Ctrl Pts',(4.77922077922078,3.59999999999999,-15.2695464485185));
#7869=CARTESIAN_POINT('',(4.,3.59999999999999,-14.6969384566991));
#7870=CARTESIAN_POINT('',(4.77922077922078,3.59999999999999,-15.2695464485185));
#7871=CARTESIAN_POINT('Origin',(4.6,3.59999999999999,-14.6969384566991));
#7872=CARTESIAN_POINT('Ctrl Pts',(4.77922077922078,3.59999999999999,-15.2695464485185));
#7873=CARTESIAN_POINT('Ctrl Pts',(4.77922077922078,3.54941275822735,-15.2695464485185));
#7874=CARTESIAN_POINT('Ctrl Pts',(4.77714108069322,3.49883242785545,-15.2769512648704));
#7875=CARTESIAN_POINT('Ctrl Pts',(4.77310145962858,3.44999999988066,-15.2914206466556));
#7876=CARTESIAN_POINT('Ctrl Pts',(4.,3.29999999976133,-14.73686146619));
#7877=CARTESIAN_POINT('Ctrl Pts',(4.,3.39766485571092,-14.7104445770281));
#7878=CARTESIAN_POINT('Ctrl Pts',(4.,3.49882551645475,-14.6969384566991));
#7879=CARTESIAN_POINT('Ctrl Pts',(4.,3.59999999999999,-14.6969384566991));
#7880=CARTESIAN_POINT('Origin',(4.6,12.3775,-14.6969384566991));
#7881=CARTESIAN_POINT('',(4.,6.26054203839558,-14.6969384566991));
#7882=CARTESIAN_POINT('',(4.77922077922078,6.26054203839558,-15.2695464485185));
#7883=CARTESIAN_POINT('Origin',(4.6,6.26054203839558,-14.6969384566991));
#7884=CARTESIAN_POINT('',(4.77922077922078,12.3775,-15.2695464485185));
#7885=CARTESIAN_POINT('',(4.,12.3775,-14.6969384566991));
#7886=CARTESIAN_POINT('Ctrl Pts',(4.,6.26054203839558,-14.6969384566991));
#7887=CARTESIAN_POINT('Ctrl Pts',(4.,6.53651972337085,-14.6969384566991));
#7888=CARTESIAN_POINT('Ctrl Pts',(4.,7.08378169643514,-14.8689269950825));
#7889=CARTESIAN_POINT('Ctrl Pts',(4.,7.46684816751896,-15.2922315270724));
#7890=CARTESIAN_POINT('Ctrl Pts',(4.,7.59313840523946,-15.5376178723747));
#7891=CARTESIAN_POINT('Ctrl Pts',(4.,6.26054203839558,-14.804031477432));
#7892=CARTESIAN_POINT('Ctrl Pts',(4.00001423776813,6.51469704355559,-14.8011694933335));
#7893=CARTESIAN_POINT('Ctrl Pts',(4.00000416288296,7.02656135572626,-14.952314619956));
#7894=CARTESIAN_POINT('Ctrl Pts',(3.99998813548793,7.39515981937527,-15.3458360300692));
#7895=CARTESIAN_POINT('Ctrl Pts',(4.,7.51794533621724,-15.5763166457317));
#7896=CARTESIAN_POINT('Ctrl Pts',(4.05877078457466,6.26054203839558,-15.0175475819607));
#7897=CARTESIAN_POINT('Ctrl Pts',(4.05557350207696,6.47115928857501,-15.0090162876539));
#7898=CARTESIAN_POINT('Ctrl Pts',(4.04725272729991,6.91236108085807,-15.118734046653));
#7899=CARTESIAN_POINT('Ctrl Pts',(4.03959770911932,7.2520113146583,-15.4528884208656));
#7900=CARTESIAN_POINT('Ctrl Pts',(4.03637587359968,7.36776965355044,-15.6536058797372));
#7901=CARTESIAN_POINT('Ctrl Pts',(4.33828031594927,6.26054203839558,-15.2883655589561));
#7902=CARTESIAN_POINT('Ctrl Pts',(4.32130169522777,6.41611645146296,-15.278057080699));
#7903=CARTESIAN_POINT('Ctrl Pts',(4.27648760044528,6.75990896170041,-15.3475289834981));
#7904=CARTESIAN_POINT('Ctrl Pts',(4.23376484332358,7.04898538496511,-15.6055723390421));
#7905=CARTESIAN_POINT('Ctrl Pts',(4.21558785783061,7.15064959711973,-15.7653486236407));
#7906=CARTESIAN_POINT('Ctrl Pts',(4.62591498037143,6.26054203839558,-15.3175296850807));
#7907=CARTESIAN_POINT('Ctrl Pts',(4.59893354726795,6.40986307236534,-15.3173934672986));
#7908=CARTESIAN_POINT('Ctrl Pts',(4.52602203962865,6.72754541044917,-15.4076969250415));
#7909=CARTESIAN_POINT('Ctrl Pts',(4.45163141306752,6.98288331263886,-15.6571561482525));
#7910=CARTESIAN_POINT('Ctrl Pts',(4.4192244130685,7.07208324958051,-15.8057834844123));
#7911=CARTESIAN_POINT('Ctrl Pts',(4.77922077922078,6.26054203839558,-15.2695464485185));
#7912=CARTESIAN_POINT('Ctrl Pts',(4.75060855740258,6.41992050430104,-15.278501798012));
#7913=CARTESIAN_POINT('Ctrl Pts',(4.67114153966568,6.74213282449709,-15.3973069122492));
#7914=CARTESIAN_POINT('Ctrl Pts',(4.58423237853019,6.98044430307578,-15.6605835830324));
#7915=CARTESIAN_POINT('Ctrl Pts',(4.54555165671965,7.06184790449445,-15.811051194653));
#7916=CARTESIAN_POINT('',(4.,7.59313840523946,-15.5376178723747));
#7917=CARTESIAN_POINT('',(4.54555165671965,7.06184790449445,-15.811051194653));
#7918=CARTESIAN_POINT('Origin',(4.6,7.59313840523946,-15.5376178723747));
#7919=CARTESIAN_POINT('Ctrl Pts',(4.54555165671965,7.06184790449445,-15.811051194653));
#7920=CARTESIAN_POINT('Ctrl Pts',(4.58423237853019,6.98044430307578,-15.6605835830324));
#7921=CARTESIAN_POINT('Ctrl Pts',(4.67114153966568,6.74213282449709,-15.3973069122492));
#7922=CARTESIAN_POINT('Ctrl Pts',(4.75060855740258,6.41992050430104,-15.278501798012));
#7923=CARTESIAN_POINT('Ctrl Pts',(4.77922077922078,6.26054203839558,-15.2695464485185));
#7924=CARTESIAN_POINT('Ctrl Pts',(4.,6.26054203839558,-14.6969384566991));
#7925=CARTESIAN_POINT('Ctrl Pts',(4.,6.53651972337085,-14.6969384566991));
#7926=CARTESIAN_POINT('Ctrl Pts',(4.,7.08378169643514,-14.8689269950825));
#7927=CARTESIAN_POINT('Ctrl Pts',(4.,7.46684816751896,-15.2922315270724));
#7928=CARTESIAN_POINT('Ctrl Pts',(4.,7.59313840523946,-15.5376178723747));
#7929=CARTESIAN_POINT('Ctrl Pts',(4.,7.59313840523946,-15.5376178723747));
#7930=CARTESIAN_POINT('Ctrl Pts',(4.,7.99882997697054,-16.3258907737794));
#7931=CARTESIAN_POINT('Ctrl Pts',(4.,8.40045742012371,-17.116251797158));
#7932=CARTESIAN_POINT('Ctrl Pts',(4.,8.79925487326038,-17.9080348544624));
#7933=CARTESIAN_POINT('Ctrl Pts',(4.,7.46155053445058,-15.6053407257494));
#7934=CARTESIAN_POINT('Ctrl Pts',(3.99999110478571,7.86671284947385,-16.3933062250881));
#7935=CARTESIAN_POINT('Ctrl Pts',(4.00000777287904,8.26788410212231,-17.1834290540118));
#7936=CARTESIAN_POINT('Ctrl Pts',(4.,8.66626650177421,-17.9750171210773));
#7937=CARTESIAN_POINT('Ctrl Pts',(4.11473905724878,7.19919664969306,-15.7403634566683));
#7938=CARTESIAN_POINT('Ctrl Pts',(4.11527420624032,7.60332426172873,-16.5277098347358));
#7939=CARTESIAN_POINT('Ctrl Pts',(4.11576268144309,8.00356993534266,-17.3173586038211));
#7940=CARTESIAN_POINT('Ctrl Pts',(4.1162249463371,8.40114269873273,-18.1085520539651));
#7941=CARTESIAN_POINT('Ctrl Pts',(4.39816987245998,7.07378914042819,-15.8049055327055));
#7942=CARTESIAN_POINT('Ctrl Pts',(4.39975626254473,7.47797966544967,-16.5916621311937));
#7943=CARTESIAN_POINT('Ctrl Pts',(4.40123118618145,7.87836061811331,-17.3808063381689));
#7944=CARTESIAN_POINT('Ctrl Pts',(4.40259631821557,8.27603720161155,-18.1715639524454));
#7945=CARTESIAN_POINT('Ctrl Pts',(4.54555165671965,7.06184790449445,-15.811051194653));
#7946=CARTESIAN_POINT('Ctrl Pts',(4.54750821914638,7.46642982198288,-16.5975576062548));
#7947=CARTESIAN_POINT('Ctrl Pts',(4.54932428998952,7.86715360404911,-17.3864812267538));
#7948=CARTESIAN_POINT('Ctrl Pts',(4.55100343825999,8.26517724668784,-18.1770337870482));
#7949=CARTESIAN_POINT('',(4.,8.79925487326038,-17.9080348544624));
#7950=CARTESIAN_POINT('',(4.55100343826,8.26517724668784,-18.1770337870482));
#7951=CARTESIAN_POINT('Origin',(4.6,8.79925487326038,-17.9080348544624));
#7952=CARTESIAN_POINT('Ctrl Pts',(4.55100343825999,8.26517724668784,-18.1770337870482));
#7953=CARTESIAN_POINT('Ctrl Pts',(4.54932428998952,7.86715360404911,-17.3864812267538));
#7954=CARTESIAN_POINT('Ctrl Pts',(4.54750821914638,7.46642982198288,-16.5975576062548));
#7955=CARTESIAN_POINT('Ctrl Pts',(4.54555165671965,7.06184790449445,-15.811051194653));
#7956=CARTESIAN_POINT('Ctrl Pts',(4.,7.59313840523946,-15.5376178723747));
#7957=CARTESIAN_POINT('Ctrl Pts',(4.,7.99882997697054,-16.3258907737794));
#7958=CARTESIAN_POINT('Ctrl Pts',(4.,8.40045742012371,-17.116251797158));
#7959=CARTESIAN_POINT('Ctrl Pts',(4.,8.79925487326038,-17.9080348544624));
#7960=CARTESIAN_POINT('Ctrl Pts',(4.,8.79925487326038,-17.9080348544624));
#7961=CARTESIAN_POINT('Ctrl Pts',(4.,8.81559715625044,-17.9404812572351));
#7962=CARTESIAN_POINT('Ctrl Pts',(4.,8.86396965597877,-17.997834238028));
#7963=CARTESIAN_POINT('Ctrl Pts',(4.,8.93576984834908,-18.0222085217101));
#7964=CARTESIAN_POINT('Ctrl Pts',(4.,8.97209944050501,-18.0222085217101));
#7965=CARTESIAN_POINT('Ctrl Pts',(4.,8.72326151812542,-17.9463104353852));
#7966=CARTESIAN_POINT('Ctrl Pts',(3.99999034635796,8.74302388363267,-17.9921639400685));
#7967=CARTESIAN_POINT('Ctrl Pts',(4.00000465390185,8.80465965943317,-18.0776569608802));
#7968=CARTESIAN_POINT('Ctrl Pts',(4.00001208287501,8.91329151424645,-18.1236977900408));
#7969=CARTESIAN_POINT('Ctrl Pts',(4.,8.97209944050501,-18.1262485926025));
#7970=CARTESIAN_POINT('Ctrl Pts',(4.03683487855748,8.57149571104641,-18.0227503348981));
#7971=CARTESIAN_POINT('Ctrl Pts',(4.03944005944324,8.59811137871206,-18.0953752160993));
#7972=CARTESIAN_POINT('Ctrl Pts',(4.04551644029948,8.68627350955242,-18.2369761182674));
#7973=CARTESIAN_POINT('Ctrl Pts',(4.05265380334108,8.86843671361384,-18.3261203829359));
#7974=CARTESIAN_POINT('Ctrl Pts',(4.0554163356459,8.97209944050501,-18.3337271043442));
#7975=CARTESIAN_POINT('Ctrl Pts',(4.21816041185966,8.35263341256431,-18.1329847310715));
#7976=CARTESIAN_POINT('Ctrl Pts',(4.23284010622408,8.39234259710503,-18.2425398708871));
#7977=CARTESIAN_POINT('Ctrl Pts',(4.26679741505384,8.52607601378627,-18.4579213403037));
#7978=CARTESIAN_POINT('Ctrl Pts',(4.30551222632884,8.81053543003776,-18.592749980489));
#7979=CARTESIAN_POINT('Ctrl Pts',(4.32031554726864,8.97209944050501,-18.6023364532809));
#7980=CARTESIAN_POINT('Ctrl Pts',(4.42379733536477,8.27448577947959,-18.1723453573887));
#7981=CARTESIAN_POINT('Ctrl Pts',(4.44991111749323,8.3248915988404,-18.2921668601365));
#7982=CARTESIAN_POINT('Ctrl Pts',(4.50924359727776,8.48784019021985,-18.5198403600756));
#7983=CARTESIAN_POINT('Ctrl Pts',(4.57322100766523,8.80164402450008,-18.6409698772236));
#7984=CARTESIAN_POINT('Ctrl Pts',(4.59717485062613,8.97209944050501,-18.6421655970963));
#7985=CARTESIAN_POINT('Ctrl Pts',(4.55100343825999,8.26517724668783,-18.1770337870482));
#7986=CARTESIAN_POINT('Ctrl Pts',(4.58210361875256,8.32194619250374,-18.2954090737154));
#7987=CARTESIAN_POINT('Ctrl Pts',(4.65165650630829,8.49930314014858,-18.5133466313418));
#7988=CARTESIAN_POINT('Ctrl Pts',(4.7224945923487,8.81024739192287,-18.6101789062737));
#7989=CARTESIAN_POINT('Ctrl Pts',(4.74838709677419,8.97209944050501,-18.6035700869266));
#7990=CARTESIAN_POINT('',(4.,8.97209944050501,-18.0222085217101));
#7991=CARTESIAN_POINT('',(4.7483870967742,8.97209944050501,-18.6035700869266));
#7992=CARTESIAN_POINT('Origin',(4.6,8.97209944050501,-18.0222085217101));
#7993=CARTESIAN_POINT('Ctrl Pts',(4.74838709677419,8.97209944050501,-18.6035700869266));
#7994=CARTESIAN_POINT('Ctrl Pts',(4.7224945923487,8.81024739192287,-18.6101789062737));
#7995=CARTESIAN_POINT('Ctrl Pts',(4.65165650630829,8.49930314014858,-18.5133466313418));
#7996=CARTESIAN_POINT('Ctrl Pts',(4.58210361875256,8.32194619250374,-18.2954090737154));
#7997=CARTESIAN_POINT('Ctrl Pts',(4.55100343825999,8.26517724668783,-18.1770337870482));
#7998=CARTESIAN_POINT('Ctrl Pts',(4.,8.79925487326038,-17.9080348544624));
#7999=CARTESIAN_POINT('Ctrl Pts',(4.,8.81559715625044,-17.9404812572351));
#8000=CARTESIAN_POINT('Ctrl Pts',(4.,8.86396965597877,-17.997834238028));
#8001=CARTESIAN_POINT('Ctrl Pts',(4.,8.93576984834908,-18.0222085217101));
#8002=CARTESIAN_POINT('Ctrl Pts',(4.,8.97209944050501,-18.0222085217101));
#8003=CARTESIAN_POINT('Ctrl Pts',(4.,8.97209944050501,-18.0222085217101));
#8004=CARTESIAN_POINT('Ctrl Pts',(4.,9.00204209300077,-18.0222085217101));
#8005=CARTESIAN_POINT('Ctrl Pts',(4.,9.07198482011313,-18.0026081168059));
#8006=CARTESIAN_POINT('Ctrl Pts',(4.,9.11811488608374,-17.9451398466184));
#8007=CARTESIAN_POINT('Ctrl Pts',(4.,9.13284948267234,-17.9080348544624));
#8008=CARTESIAN_POINT('Ctrl Pts',(4.,8.97209944050501,-18.1262485926025));
#8009=CARTESIAN_POINT('Ctrl Pts',(3.99999004136006,9.02056861385544,-18.1283509502166));
#8010=CARTESIAN_POINT('Ctrl Pts',(3.99997746262463,9.13858690945838,-18.0986243677727));
#8011=CARTESIAN_POINT('Ctrl Pts',(3.99999215671829,9.21077069822935,-18.0045034001652));
#8012=CARTESIAN_POINT('Ctrl Pts',(4.,9.23176629352089,-17.9473152644287));
#8013=CARTESIAN_POINT('Ctrl Pts',(4.05541658862331,8.97209944050501,-18.3337265362259));
#8014=CARTESIAN_POINT('Ctrl Pts',(4.05769345274159,9.0575376968648,-18.3399959546874));
#8015=CARTESIAN_POINT('Ctrl Pts',(4.06140649594977,9.27139826337601,-18.2900464670507));
#8016=CARTESIAN_POINT('Ctrl Pts',(4.05980593372021,9.39547529605246,-18.1228801422532));
#8017=CARTESIAN_POINT('Ctrl Pts',(4.05803801116006,9.4289832945221,-18.0256312208896));
#8018=CARTESIAN_POINT('Ctrl Pts',(4.32031578955615,8.97209944050501,-18.6023351706055));
#8019=CARTESIAN_POINT('Ctrl Pts',(4.33251660625625,9.10525962024162,-18.6102362894024));
#8020=CARTESIAN_POINT('Ctrl Pts',(4.3521748707178,9.43742778723687,-18.5283103444943));
#8021=CARTESIAN_POINT('Ctrl Pts',(4.34375888673624,9.62810733818773,-18.2724510260653));
#8022=CARTESIAN_POINT('Ctrl Pts',(4.33435196661181,9.6802630838923,-18.1254158081406));
#8023=CARTESIAN_POINT('Ctrl Pts',(4.59717485062613,8.97209944050501,-18.6421655970963));
#8024=CARTESIAN_POINT('Ctrl Pts',(4.61691747786614,9.11258786838355,-18.6431511029197));
#8025=CARTESIAN_POINT('Ctrl Pts',(4.64790306049948,9.45165517007289,-18.545917107399));
#8026=CARTESIAN_POINT('Ctrl Pts',(4.63468032235007,9.6498669445913,-18.288095560972));
#8027=CARTESIAN_POINT('Ctrl Pts',(4.61967152272181,9.70960270046454,-18.137066731349));
#8028=CARTESIAN_POINT('Ctrl Pts',(4.74838709677419,8.97209944050501,-18.6035700869266));
#8029=CARTESIAN_POINT('Ctrl Pts',(4.76972755826161,9.10549701969116,-18.5981231339228));
#8030=CARTESIAN_POINT('Ctrl Pts',(4.80233462830613,9.41832059514952,-18.4964222290272));
#8031=CARTESIAN_POINT('Ctrl Pts',(4.78855539656409,9.60596147072682,-18.2606392338217));
#8032=CARTESIAN_POINT('Ctrl Pts',(4.77257164218526,9.66692710924488,-18.120120019215));
#8033=CARTESIAN_POINT('',(4.,9.13284948267234,-17.9080348544624));
#8034=CARTESIAN_POINT('',(4.77257164218526,9.66692710924488,-18.120120019215));
#8035=CARTESIAN_POINT('Origin',(4.6,9.13284948267234,-17.9080348544624));
#8036=CARTESIAN_POINT('Ctrl Pts',(4.77257164218526,9.66692710924488,-18.120120019215));
#8037=CARTESIAN_POINT('Ctrl Pts',(4.78855539656409,9.60596147072682,-18.2606392338217));
#8038=CARTESIAN_POINT('Ctrl Pts',(4.80233462830613,9.41832059514952,-18.4964222290272));
#8039=CARTESIAN_POINT('Ctrl Pts',(4.76972755826161,9.10549701969116,-18.5981231339228));
#8040=CARTESIAN_POINT('Ctrl Pts',(4.74838709677419,8.97209944050501,-18.6035700869266));
#8041=CARTESIAN_POINT('Ctrl Pts',(4.,8.97209944050501,-18.0222085217101));
#8042=CARTESIAN_POINT('Ctrl Pts',(4.,9.00204209300077,-18.0222085217101));
#8043=CARTESIAN_POINT('Ctrl Pts',(4.,9.07198482011313,-18.0026081168059));
#8044=CARTESIAN_POINT('Ctrl Pts',(4.,9.11811488608374,-17.9451398466184));
#8045=CARTESIAN_POINT('Ctrl Pts',(4.,9.13284948267234,-17.9080348544624));
#8046=CARTESIAN_POINT('Ctrl Pts',(4.,9.13284948267233,-17.9080348544624));
#8047=CARTESIAN_POINT('Ctrl Pts',(4.,9.4455679643495,-17.1205401483883));
#8048=CARTESIAN_POINT('Ctrl Pts',(4.,9.75252658484909,-16.3307426384092));
#8049=CARTESIAN_POINT('Ctrl Pts',(4.,10.0506773292385,-15.5376178723747));
#8050=CARTESIAN_POINT('Ctrl Pts',(4.,9.23176629352089,-17.9473152644287));
#8051=CARTESIAN_POINT('Ctrl Pts',(3.9999967869639,9.54528740328293,-17.1595676591114));
#8052=CARTESIAN_POINT('Ctrl Pts',(4.00000419934107,9.85314701104489,-16.3694424353955));
#8053=CARTESIAN_POINT('Ctrl Pts',(4.,10.1523574766597,-15.5758413813881));
#8054=CARTESIAN_POINT('Ctrl Pts',(4.05803793688046,9.42898346270123,-18.0256312876744));
#8055=CARTESIAN_POINT('Ctrl Pts',(4.05876217441411,9.7440974491156,-17.2373757364835));
#8056=CARTESIAN_POINT('Ctrl Pts',(4.05956660643611,10.0537276510485,-16.446589351215));
#8057=CARTESIAN_POINT('Ctrl Pts',(4.06050175401195,10.3550408965392,-15.6520339491912));
#8058=CARTESIAN_POINT('Ctrl Pts',(4.33435190363177,9.68026346325652,-18.1254159587882));
#8059=CARTESIAN_POINT('Ctrl Pts',(4.33820549133051,9.99627157177588,-17.3360669520363));
#8060=CARTESIAN_POINT('Ctrl Pts',(4.34251982508067,10.3069407429847,-16.5439590991445));
#8061=CARTESIAN_POINT('Ctrl Pts',(4.34746271837459,10.6093906008644,-15.747648859893));
#8062=CARTESIAN_POINT('Ctrl Pts',(4.61967152272181,9.70960270046454,-18.137066731349));
#8063=CARTESIAN_POINT('Ctrl Pts',(4.62581994588852,10.0235506080145,-17.3467222217795));
#8064=CARTESIAN_POINT('Ctrl Pts',(4.63260796752846,10.3317455839162,-16.5534860029791));
#8065=CARTESIAN_POINT('Ctrl Pts',(4.64038928192403,10.6314171062507,-15.7559290438672));
#8066=CARTESIAN_POINT('Ctrl Pts',(4.77257164218526,9.66692710924488,-18.120120019215));
#8067=CARTESIAN_POINT('Ctrl Pts',(4.77911946000866,9.97887597143472,-17.3292354903487));
#8068=CARTESIAN_POINT('Ctrl Pts',(4.78635975870346,10.2849335698218,-16.5354514242596));
#8069=CARTESIAN_POINT('Ctrl Pts',(4.79452873553535,10.5819678299835,-15.7373401166769));
#8070=CARTESIAN_POINT('',(4.,10.0506773292385,-15.5376178723747));
#8071=CARTESIAN_POINT('',(4.79452873553535,10.5819678299835,-15.7373401166769));
#8072=CARTESIAN_POINT('Origin',(4.6,10.0506773292385,-15.5376178723747));
#8073=CARTESIAN_POINT('Ctrl Pts',(4.79452873553535,10.5819678299835,-15.7373401166769));
#8074=CARTESIAN_POINT('Ctrl Pts',(4.78635975870346,10.2849335698218,-16.5354514242596));
#8075=CARTESIAN_POINT('Ctrl Pts',(4.77911946000866,9.97887597143472,-17.3292354903487));
#8076=CARTESIAN_POINT('Ctrl Pts',(4.77257164218526,9.66692710924488,-18.120120019215));
#8077=CARTESIAN_POINT('Ctrl Pts',(4.,9.13284948267233,-17.9080348544624));
#8078=CARTESIAN_POINT('Ctrl Pts',(4.,9.4455679643495,-17.1205401483883));
#8079=CARTESIAN_POINT('Ctrl Pts',(4.,9.75252658484909,-16.3307426384092));
#8080=CARTESIAN_POINT('Ctrl Pts',(4.,10.0506773292385,-15.5376178723747));
#8081=CARTESIAN_POINT('Ctrl Pts',(4.,10.0506773292385,-15.5376178723747));
#8082=CARTESIAN_POINT('Ctrl Pts',(4.,10.1427174597574,-15.2927776083225));
#8083=CARTESIAN_POINT('Ctrl Pts',(4.,10.474300112283,-14.8563082020725));
#8084=CARTESIAN_POINT('Ctrl Pts',(4.,10.9989734230629,-14.6969384566991));
#8085=CARTESIAN_POINT('Ctrl Pts',(4.,11.2605420383956,-14.6969384566991));
#8086=CARTESIAN_POINT('Ctrl Pts',(4.,10.1523574766597,-15.5758413813881));
#8087=CARTESIAN_POINT('Ctrl Pts',(3.99998925749747,10.2390778097699,-15.3511455811773));
#8088=CARTESIAN_POINT('Ctrl Pts',(3.99997284207955,10.5434607909387,-14.9556048739679));
#8089=CARTESIAN_POINT('Ctrl Pts',(3.99998650559991,11.0196567190425,-14.8067440344919));
#8090=CARTESIAN_POINT('Ctrl Pts',(4.,11.2605420383956,-14.804031477432));
#8091=CARTESIAN_POINT('Ctrl Pts',(4.06050075994593,10.3550433370732,-15.6520348666345));
#8092=CARTESIAN_POINT('Ctrl Pts',(4.06289299840183,10.4311226910304,-15.467513754144));
#8093=CARTESIAN_POINT('Ctrl Pts',(4.06580318219256,10.6813082277122,-15.1535189082504));
#8094=CARTESIAN_POINT('Ctrl Pts',(4.06180465844947,11.0609213244978,-15.0256248862197));
#8095=CARTESIAN_POINT('Ctrl Pts',(4.05877430925357,11.2605420383956,-15.0175390192808));
#8096=CARTESIAN_POINT('Ctrl Pts',(4.34746199804827,10.6093961251854,-15.7476509365908));
#8097=CARTESIAN_POINT('Ctrl Pts',(4.36010661129072,10.6683479219643,-15.6119372014937));
#8098=CARTESIAN_POINT('Ctrl Pts',(4.37527034052532,10.8486260792044,-15.3931715417216));
#8099=CARTESIAN_POINT('Ctrl Pts',(4.35437525852478,11.1130903202943,-15.2981161156265));
#8100=CARTESIAN_POINT('Ctrl Pts',(4.33828310849178,11.2605420383956,-15.2883458532803));
#8101=CARTESIAN_POINT('Ctrl Pts',(4.64038928192403,10.6314171062507,-15.7559290438672));
#8102=CARTESIAN_POINT('Ctrl Pts',(4.66029497383345,10.6814041910691,-15.6219668234371));
#8103=CARTESIAN_POINT('Ctrl Pts',(4.68352463256091,10.852794533477,-15.3981056297907));
#8104=CARTESIAN_POINT('Ctrl Pts',(4.65148768599508,11.1190172042445,-15.3176587907967));
#8105=CARTESIAN_POINT('Ctrl Pts',(4.62591498037143,11.2605420383956,-15.3175296850807));
#8106=CARTESIAN_POINT('Ctrl Pts',(4.79452873553535,10.5819678299835,-15.7373401166769));
#8107=CARTESIAN_POINT('Ctrl Pts',(4.81542612224461,10.6292212146425,-15.5912851956948));
#8108=CARTESIAN_POINT('Ctrl Pts',(4.83906390116814,10.8113570692281,-15.3378605612617));
#8109=CARTESIAN_POINT('Ctrl Pts',(4.80633912845705,11.1094848808414,-15.2610586667363));
#8110=CARTESIAN_POINT('Ctrl Pts',(4.77922077922078,11.2605420383956,-15.2695464485185));
#8111=CARTESIAN_POINT('',(4.,11.2605420383956,-14.6969384566991));
#8112=CARTESIAN_POINT('Origin',(4.6,11.2605420383956,-14.6969384566991));
#8113=CARTESIAN_POINT('Ctrl Pts',(4.77922077922078,11.2605420383956,-15.2695464485185));
#8114=CARTESIAN_POINT('Ctrl Pts',(4.80633912845705,11.1094848808414,-15.2610586667363));
#8115=CARTESIAN_POINT('Ctrl Pts',(4.83906390116814,10.8113570692281,-15.3378605612617));
#8116=CARTESIAN_POINT('Ctrl Pts',(4.81542612224461,10.6292212146425,-15.5912851956948));
#8117=CARTESIAN_POINT('Ctrl Pts',(4.79452873553535,10.5819678299835,-15.7373401166769));
#8118=CARTESIAN_POINT('Ctrl Pts',(4.,10.0506773292385,-15.5376178723747));
#8119=CARTESIAN_POINT('Ctrl Pts',(4.,10.1427174597574,-15.2927776083225));
#8120=CARTESIAN_POINT('Ctrl Pts',(4.,10.474300112283,-14.8563082020725));
#8121=CARTESIAN_POINT('Ctrl Pts',(4.,10.9989734230629,-14.6969384566991));
#8122=CARTESIAN_POINT('Ctrl Pts',(4.,11.2605420383956,-14.6969384566991));
#8123=CARTESIAN_POINT('Origin',(4.6,12.3775,-14.6969384566991));
#8124=CARTESIAN_POINT('',(4.,13.7928932188134,-14.6969384566991));
#8125=CARTESIAN_POINT('Origin',(4.6,13.7928932188134,-14.6969384566991));
#8126=CARTESIAN_POINT('',(4.,12.3775,-14.6969384566991));
#8127=CARTESIAN_POINT('Ctrl Pts',(4.4444856720054,14.5707106781186,-15.3703138260524));
#8128=CARTESIAN_POINT('Ctrl Pts',(4.65342778519862,14.3696038941702,-15.3098960467621));
#8129=CARTESIAN_POINT('Ctrl Pts',(4.77922077922078,14.0831853911092,-15.2695464485185));
#8130=CARTESIAN_POINT('Ctrl Pts',(4.77922077922078,13.7928932188134,-15.2695464485185));
#8131=CARTESIAN_POINT('Ctrl Pts',(4.37723111856033,14.4978327212026,-15.3897611777817));
#8132=CARTESIAN_POINT('Ctrl Pts',(4.56615084057384,14.3121581861042,-15.3361408200416));
#8133=CARTESIAN_POINT('Ctrl Pts',(4.67701691332121,14.0535502957205,-15.3015352728933));
#8134=CARTESIAN_POINT('Ctrl Pts',(4.67701691332121,13.7928932188134,-15.3015352728933));
#8135=CARTESIAN_POINT('Ctrl Pts',(4.2285675588867,14.3524617719585,-15.378374380896));
#8136=CARTESIAN_POINT('Ctrl Pts',(4.37583276823066,14.1976193964026,-15.3349299454837));
#8137=CARTESIAN_POINT('Ctrl Pts',(4.45570561422634,13.9944262315458,-15.3092152135104));
#8138=CARTESIAN_POINT('Ctrl Pts',(4.45570561422634,13.7928932188134,-15.3092152135104));
#8139=CARTESIAN_POINT('Ctrl Pts',(3.98183419126858,14.1606255173561,-15.1885243245643));
#8140=CARTESIAN_POINT('Ctrl Pts',(4.0726791204557,14.0506265950277,-15.1471238433045));
#8141=CARTESIAN_POINT('Ctrl Pts',(4.11377948728751,13.9196783205609,-15.1233555071988));
#8142=CARTESIAN_POINT('Ctrl Pts',(4.11377948728751,13.7928932188134,-15.1233555071988));
#8143=CARTESIAN_POINT('Ctrl Pts',(3.87502546374333,14.1249745362567,-14.9424403062023));
#8144=CARTESIAN_POINT('Ctrl Pts',(3.95703872257232,14.0316280282778,-14.8907215754863));
#8145=CARTESIAN_POINT('Ctrl Pts',(4.,13.9111862614907,-14.8575779877984));
#8146=CARTESIAN_POINT('Ctrl Pts',(4.,13.7928932188134,-14.8575779877984));
#8147=CARTESIAN_POINT('Ctrl Pts',(3.85355339059327,14.1464466094067,-14.7939270575755));
#8148=CARTESIAN_POINT('Ctrl Pts',(3.9449655651153,14.0550344348847,-14.7357749450085));
#8149=CARTESIAN_POINT('Ctrl Pts',(4.,13.9248442062209,-14.6969384566991));
#8150=CARTESIAN_POINT('Ctrl Pts',(4.,13.7928932188134,-14.6969384566991));
#8151=CARTESIAN_POINT('',(3.85355339059327,14.1464466094067,-14.7939270575755));
#8152=CARTESIAN_POINT('Ctrl Pts',(4.,13.7928932188134,-14.6969384566991));
#8153=CARTESIAN_POINT('Ctrl Pts',(4.,13.9248442062209,-14.6969384566991));
#8154=CARTESIAN_POINT('Ctrl Pts',(3.9449655651153,14.0550344348847,-14.7357749450085));
#8155=CARTESIAN_POINT('Ctrl Pts',(3.85355339059327,14.1464466094067,-14.7939270575755));
#8156=CARTESIAN_POINT('Origin',(4.2778174593052,14.5707106781186,-14.7939270575755));
#8157=CARTESIAN_POINT('Ctrl Pts',(3.70982927596743,15.2778174593052,-15.5639701472078));
#8158=CARTESIAN_POINT('Ctrl Pts',(3.95620147331044,15.0406842193625,-15.5052448488525));
#8159=CARTESIAN_POINT('Ctrl Pts',(4.201178986413,14.8048933630013,-15.4406684778999));
#8160=CARTESIAN_POINT('Ctrl Pts',(4.4444856720054,14.5707106781186,-15.3703138260524));
#8161=CARTESIAN_POINT('Ctrl Pts',(3.64256453370265,15.206731034991,-15.5800033770157));
#8162=CARTESIAN_POINT('Ctrl Pts',(3.88889516946564,14.969014243,-15.5224167504198));
#8163=CARTESIAN_POINT('Ctrl Pts',(4.1338711900273,14.7326285086624,-15.4589739359976));
#8164=CARTESIAN_POINT('Ctrl Pts',(4.37723111856033,14.4978327212026,-15.3897611777817));
#8165=CARTESIAN_POINT('Ctrl Pts',(3.49671264905582,15.0649109326494,-15.563088706617));
#8166=CARTESIAN_POINT('Ctrl Pts',(3.74203359321308,14.826034777927,-15.5073187777912));
#8167=CARTESIAN_POINT('Ctrl Pts',(3.98608148326387,14.5884756943477,-15.4457197268842));
#8168=CARTESIAN_POINT('Ctrl Pts',(4.22856768213955,14.3524619393293,-15.3783742283233));
#8169=CARTESIAN_POINT('Ctrl Pts',(3.26138473250182,14.875567305689,-15.3701692870868));
#8170=CARTESIAN_POINT('Ctrl Pts',(3.50289331200777,14.6358840871732,-15.3153371048418));
#8171=CARTESIAN_POINT('Ctrl Pts',(3.74312722432534,14.3974789754258,-15.2547677399189));
#8172=CARTESIAN_POINT('Ctrl Pts',(3.98183450286685,14.1606258915828,-15.1885241079771));
#8173=CARTESIAN_POINT('Ctrl Pts',(3.16392884112158,14.8360711588784,-15.1270088430022));
#8174=CARTESIAN_POINT('Ctrl Pts',(3.40235198515001,14.5976126531302,-15.0711426840885));
#8175=CARTESIAN_POINT('Ctrl Pts',(3.63950169498906,14.3605354346878,-15.0095804618111));
#8176=CARTESIAN_POINT('Ctrl Pts',(3.87502546374333,14.1249745362567,-14.9424403062023));
#8177=CARTESIAN_POINT('Ctrl Pts',(3.14644660940672,14.8535533905933,-14.9803212666875));
#8178=CARTESIAN_POINT('Ctrl Pts',(3.38357984934937,14.6164201506506,-14.9237981670205));
#8179=CARTESIAN_POINT('Ctrl Pts',(3.61937070571058,14.3806292942894,-14.8616434099787));
#8180=CARTESIAN_POINT('Ctrl Pts',(3.85355339059327,14.1464466094067,-14.7939270575755));
#8181=CARTESIAN_POINT('',(3.14644660940672,14.8535533905933,-14.9803212666875));
#8182=CARTESIAN_POINT('Origin',(3.57071067811865,15.2778174593052,-14.9803212666875));
#8183=CARTESIAN_POINT('Origin',(-0.424264068711934,18.4242640687119,0.));
#8184=CARTESIAN_POINT('Ctrl Pts',(2.90170724032566,15.6,-15.734678105746));
#8185=CARTESIAN_POINT('Ctrl Pts',(3.20121449655657,15.6,-15.6794445402358));
#8186=CARTESIAN_POINT('Ctrl Pts',(3.49746972563655,15.4822135264987,-15.6145881880674));
#8187=CARTESIAN_POINT('Ctrl Pts',(3.70982927596743,15.2778174593052,-15.5639701472078));
#8188=CARTESIAN_POINT('Ctrl Pts',(2.90170724032566,15.5102402098974,-15.734678105746));
#8189=CARTESIAN_POINT('Ctrl Pts',(3.17845843141243,15.5075195419341,-15.6836510867173));
#8190=CARTESIAN_POINT('Ctrl Pts',(3.45010954170186,15.3952479717109,-15.6248928329306));
#8191=CARTESIAN_POINT('Ctrl Pts',(3.64256453370265,15.206731034991,-15.5800033770157));
#8192=CARTESIAN_POINT('Ctrl Pts',(2.89426165413363,15.3310373491697,-15.6943039768841));
#8193=CARTESIAN_POINT('Ctrl Pts',(3.12433094599975,15.322908504863,-15.649314371464));
#8194=CARTESIAN_POINT('Ctrl Pts',(3.34537136313127,15.2217056138753,-15.599476621202));
#8195=CARTESIAN_POINT('Ctrl Pts',(3.49671265560777,15.0649109410431,-15.5630886988901));
#8196=CARTESIAN_POINT('Ctrl Pts',(2.85785929734572,15.0786710937322,-15.4969100570606));
#8197=CARTESIAN_POINT('Ctrl Pts',(3.01817806351536,15.0665954825529,-15.4530762579209));
#8198=CARTESIAN_POINT('Ctrl Pts',(3.16601492366588,14.9865616045636,-15.4049199373045));
#8199=CARTESIAN_POINT('Ctrl Pts',(3.26138474866496,14.8755673244522,-15.3701692761784));
#8200=CARTESIAN_POINT('Ctrl Pts',(2.81731102814133,15.,-15.2770346834152));
#8201=CARTESIAN_POINT('Ctrl Pts',(2.95143737392373,14.9935124914765,-15.2274388288219));
#8202=CARTESIAN_POINT('Ctrl Pts',(3.07879817161932,14.9305776279294,-15.1703687999395));
#8203=CARTESIAN_POINT('Ctrl Pts',(3.16392884112158,14.8360711588784,-15.1270088430022));
#8204=CARTESIAN_POINT('Ctrl Pts',(2.79289321881345,15.,-15.1446276767805));
#8205=CARTESIAN_POINT('Ctrl Pts',(2.92392764341435,15.,-15.091465369977));
#8206=CARTESIAN_POINT('Ctrl Pts',(3.05353930613699,14.946460693863,-15.0290411310148));
#8207=CARTESIAN_POINT('Ctrl Pts',(3.14644660940673,14.8535533905933,-14.9803212666875));
#8208=CARTESIAN_POINT('',(2.79289321881345,15.,-15.1446276767805));
#8209=CARTESIAN_POINT('Ctrl Pts',(3.14644660940673,14.8535533905933,-14.9803212666875));
#8210=CARTESIAN_POINT('Ctrl Pts',(3.05353930613699,14.946460693863,-15.0290411310148));
#8211=CARTESIAN_POINT('Ctrl Pts',(2.92392764341435,15.,-15.091465369977));
#8212=CARTESIAN_POINT('Ctrl Pts',(2.79289321881345,15.,-15.1446276767805));
#8213=CARTESIAN_POINT('Origin',(2.79289321881345,15.6,-15.1446276767805));
#8214=CARTESIAN_POINT('Origin',(-4.77612251667468E-15,15.6,0.));
#8215=CARTESIAN_POINT('',(-2.79289321881346,15.,-15.1446276767805));
#8216=CARTESIAN_POINT('Origin',(-2.79289321881346,15.6,-15.1446276767805));
#8217=CARTESIAN_POINT('Origin',(-4.94265597036845E-15,15.,0.));
#8218=CARTESIAN_POINT('Ctrl Pts',(-3.70982927596746,15.2778174593052,-15.5639701472078));
#8219=CARTESIAN_POINT('Ctrl Pts',(-3.49746972812286,15.4822135241056,-15.6145881874747));
#8220=CARTESIAN_POINT('Ctrl Pts',(-3.20121449304998,15.6,-15.6794445408825));
#8221=CARTESIAN_POINT('Ctrl Pts',(-2.90170724032567,15.6,-15.734678105746));
#8222=CARTESIAN_POINT('Ctrl Pts',(-3.64256453370268,15.2067310349909,-15.5800033770157));
#8223=CARTESIAN_POINT('Ctrl Pts',(-3.45010954395509,15.3952479695038,-15.624892832405));
#8224=CARTESIAN_POINT('Ctrl Pts',(-3.17845842817229,15.507519541966,-15.6836510873148));
#8225=CARTESIAN_POINT('Ctrl Pts',(-2.90170724032567,15.5102402098974,-15.734678105746));
#8226=CARTESIAN_POINT('Ctrl Pts',(-3.49671265560779,15.0649109410431,-15.5630886988901));
#8227=CARTESIAN_POINT('Ctrl Pts',(-3.34537136490308,15.2217056120397,-15.599476620776));
#8228=CARTESIAN_POINT('Ctrl Pts',(-3.12433094330618,15.3229085049582,-15.6493143719907));
#8229=CARTESIAN_POINT('Ctrl Pts',(-2.89426165413364,15.3310373491697,-15.6943039768842));
#8230=CARTESIAN_POINT('Ctrl Pts',(-3.26138474866497,14.8755673244522,-15.3701692761784));
#8231=CARTESIAN_POINT('Ctrl Pts',(-3.16601492478229,14.9865616032642,-15.4049199368977));
#8232=CARTESIAN_POINT('Ctrl Pts',(-3.01817806163847,15.0665954826943,-15.453076258434));
#8233=CARTESIAN_POINT('Ctrl Pts',(-2.85785929734573,15.0786710937322,-15.4969100570606));
#8234=CARTESIAN_POINT('Ctrl Pts',(-3.1639288411216,14.8360711588784,-15.1270088430022));
#8235=CARTESIAN_POINT('Ctrl Pts',(-3.07879817261582,14.9305776268232,-15.1703687994319));
#8236=CARTESIAN_POINT('Ctrl Pts',(-2.95143737235352,14.9935124915525,-15.2274388294026));
#8237=CARTESIAN_POINT('Ctrl Pts',(-2.81731102814134,15.,-15.2770346834152));
#8238=CARTESIAN_POINT('Ctrl Pts',(-3.14644660940674,14.8535533905933,-14.9803212666875));
#8239=CARTESIAN_POINT('Ctrl Pts',(-3.05353930722455,14.9464606927754,-15.0290411304445));
#8240=CARTESIAN_POINT('Ctrl Pts',(-2.92392764188034,15.,-15.0914653705994));
#8241=CARTESIAN_POINT('Ctrl Pts',(-2.79289321881346,15.,-15.1446276767805));
#8242=CARTESIAN_POINT('',(-3.14644660940673,14.8535533905933,-14.9803212666875));
#8243=CARTESIAN_POINT('Ctrl Pts',(-2.79289321881346,15.,-15.1446276767805));
#8244=CARTESIAN_POINT('Ctrl Pts',(-2.92392764188034,15.,-15.0914653705994));
#8245=CARTESIAN_POINT('Ctrl Pts',(-3.05353930722455,14.9464606927754,-15.0290411304445));
#8246=CARTESIAN_POINT('Ctrl Pts',(-3.14644660940674,14.8535533905933,-14.9803212666875));
#8247=CARTESIAN_POINT('Origin',(-3.57071067811868,15.2778174593052,-14.9803212666875));
#8248=CARTESIAN_POINT('Ctrl Pts',(-4.44448567200541,14.5707106781186,-15.3703138260524));
#8249=CARTESIAN_POINT('Ctrl Pts',(-4.20117898641301,14.8048933630013,-15.4406684778999));
#8250=CARTESIAN_POINT('Ctrl Pts',(-3.95620147331046,15.0406842193625,-15.5052448488525));
#8251=CARTESIAN_POINT('Ctrl Pts',(-3.70982927596745,15.2778174593052,-15.5639701472078));
#8252=CARTESIAN_POINT('Ctrl Pts',(-4.37723111856034,14.4978327212026,-15.3897611777817));
#8253=CARTESIAN_POINT('Ctrl Pts',(-4.13387119002731,14.7326285086624,-15.4589739359976));
#8254=CARTESIAN_POINT('Ctrl Pts',(-3.88889516946566,14.9690142429999,-15.5224167504198));
#8255=CARTESIAN_POINT('Ctrl Pts',(-3.64256453370267,15.2067310349909,-15.5800033770157));
#8256=CARTESIAN_POINT('Ctrl Pts',(-4.22856768213957,14.3524619393293,-15.3783742283233));
#8257=CARTESIAN_POINT('Ctrl Pts',(-3.98608148326388,14.5884756943476,-15.4457197268842));
#8258=CARTESIAN_POINT('Ctrl Pts',(-3.7420335932131,14.826034777927,-15.5073187777912));
#8259=CARTESIAN_POINT('Ctrl Pts',(-3.49671264905584,15.0649109326493,-15.563088706617));
#8260=CARTESIAN_POINT('Ctrl Pts',(-3.98183450286686,14.1606258915828,-15.1885241079771));
#8261=CARTESIAN_POINT('Ctrl Pts',(-3.74312722432535,14.3974789754258,-15.2547677399189));
#8262=CARTESIAN_POINT('Ctrl Pts',(-3.50289331200778,14.6358840871732,-15.3153371048418));
#8263=CARTESIAN_POINT('Ctrl Pts',(-3.26138473250184,14.875567305689,-15.3701692870868));
#8264=CARTESIAN_POINT('Ctrl Pts',(-3.87502546374334,14.1249745362566,-14.9424403062023));
#8265=CARTESIAN_POINT('Ctrl Pts',(-3.63950169498908,14.3605354346878,-15.0095804618111));
#8266=CARTESIAN_POINT('Ctrl Pts',(-3.40235198515003,14.5976126531302,-15.0711426840884));
#8267=CARTESIAN_POINT('Ctrl Pts',(-3.1639288411216,14.8360711588784,-15.1270088430022));
#8268=CARTESIAN_POINT('Ctrl Pts',(-3.85355339059328,14.1464466094067,-14.7939270575755));
#8269=CARTESIAN_POINT('Ctrl Pts',(-3.6193707057106,14.3806292942894,-14.8616434099787));
#8270=CARTESIAN_POINT('Ctrl Pts',(-3.38357984934939,14.6164201506506,-14.9237981670205));
#8271=CARTESIAN_POINT('Ctrl Pts',(-3.14644660940674,14.8535533905932,-14.9803212666875));
#8272=CARTESIAN_POINT('',(-3.85355339059328,14.1464466094067,-14.7939270575755));
#8273=CARTESIAN_POINT('Origin',(-4.27781745930521,14.5707106781186,-14.7939270575755));
#8274=CARTESIAN_POINT('Origin',(0.424264068711923,18.4242640687119,0.));
#8275=CARTESIAN_POINT('Ctrl Pts',(-4.77922077922078,13.7928932188134,-15.2695464485185));
#8276=CARTESIAN_POINT('Ctrl Pts',(-4.77922077922078,14.0831855671907,-15.2695464485185));
#8277=CARTESIAN_POINT('Ctrl Pts',(-4.65342791193589,14.3696037721856,-15.3098960101147));
#8278=CARTESIAN_POINT('Ctrl Pts',(-4.44448567200541,14.5707106781186,-15.3703138260524));
#8279=CARTESIAN_POINT('Ctrl Pts',(-4.67701691332122,13.7928932188134,-15.3015352728933));
#8280=CARTESIAN_POINT('Ctrl Pts',(-4.67701691332122,14.0535504538263,-15.3015352728933));
#8281=CARTESIAN_POINT('Ctrl Pts',(-4.56615095516621,14.3121580734802,-15.3361407875172));
#8282=CARTESIAN_POINT('Ctrl Pts',(-4.37723111856034,14.4978327212026,-15.3897611777817));
#8283=CARTESIAN_POINT('Ctrl Pts',(-4.45570561422635,13.7928932188134,-15.3092152135104));
#8284=CARTESIAN_POINT('Ctrl Pts',(-4.45570561422635,13.9944263537888,-15.3092152135104));
#8285=CARTESIAN_POINT('Ctrl Pts',(-4.37583285755682,14.1976193024803,-15.3349299191318));
#8286=CARTESIAN_POINT('Ctrl Pts',(-4.22856755888671,14.3524617719585,-15.378374380896));
#8287=CARTESIAN_POINT('Ctrl Pts',(-4.11377948728752,13.7928932188134,-15.1233555071988));
#8288=CARTESIAN_POINT('Ctrl Pts',(-4.11377948728752,13.9196783974642,-15.1233555071988));
#8289=CARTESIAN_POINT('Ctrl Pts',(-4.07267917555925,14.050626528306,-15.1471238181924));
#8290=CARTESIAN_POINT('Ctrl Pts',(-3.98183419126859,14.1606255173561,-15.1885243245643));
#8291=CARTESIAN_POINT('Ctrl Pts',(-4.00000000000001,13.7928932188134,-14.8575779877984));
#8292=CARTESIAN_POINT('Ctrl Pts',(-4.00000000000001,13.911186333243,-14.8575779877984));
#8293=CARTESIAN_POINT('Ctrl Pts',(-3.95703877231888,14.0316279716568,-14.8907215441154));
#8294=CARTESIAN_POINT('Ctrl Pts',(-3.87502546374334,14.1249745362567,-14.9424403062023));
#8295=CARTESIAN_POINT('Ctrl Pts',(-4.00000000000001,13.7928932188134,-14.6969384566991));
#8296=CARTESIAN_POINT('Ctrl Pts',(-4.00000000000001,13.9248442862576,-14.6969384566991));
#8297=CARTESIAN_POINT('Ctrl Pts',(-3.94496562056292,14.0550343794371,-14.7357749097354));
#8298=CARTESIAN_POINT('Ctrl Pts',(-3.85355339059328,14.1464466094067,-14.7939270575755));
#8299=CARTESIAN_POINT('',(-4.,13.7928932188134,-14.6969384566991));
#8300=CARTESIAN_POINT('Ctrl Pts',(-3.85355339059328,14.1464466094067,-14.7939270575755));
#8301=CARTESIAN_POINT('Ctrl Pts',(-3.94496562056292,14.0550343794371,-14.7357749097354));
#8302=CARTESIAN_POINT('Ctrl Pts',(-4.00000000000001,13.9248442862576,-14.6969384566991));
#8303=CARTESIAN_POINT('Ctrl Pts',(-4.00000000000001,13.7928932188134,-14.6969384566991));
#8304=CARTESIAN_POINT('Origin',(-4.6,13.7928932188134,-14.6969384566991));
#8305=CARTESIAN_POINT('Origin',(-4.6,12.3775,-14.6969384566991));
#8306=CARTESIAN_POINT('',(-4.,13.6627912949377,-14.6969384566991));
#8307=CARTESIAN_POINT('Origin',(-4.6,13.6627912949377,-14.6969384566991));
#8308=CARTESIAN_POINT('',(-4.,12.3775,-14.6969384566991));
#8309=CARTESIAN_POINT('Ctrl Pts',(-4.,13.6627912949377,-14.6969384566991));
#8310=CARTESIAN_POINT('Ctrl Pts',(-4.,13.3868136109834,-14.6969384566991));
#8311=CARTESIAN_POINT('Ctrl Pts',(-4.,12.8395545138952,-14.8689287153672));
#8312=CARTESIAN_POINT('Ctrl Pts',(-4.,12.4564851653471,-15.2922315279802));
#8313=CARTESIAN_POINT('Ctrl Pts',(-4.,12.3301949280938,-15.5376178723747));
#8314=CARTESIAN_POINT('Ctrl Pts',(-4.,13.6627912949377,-14.804031477432));
#8315=CARTESIAN_POINT('Ctrl Pts',(-4.00001423776808,13.4086362907179,-14.8011694933441));
#8316=CARTESIAN_POINT('Ctrl Pts',(-4.00000419070227,12.8967743741394,-14.9523167579331));
#8317=CARTESIAN_POINT('Ctrl Pts',(-3.99998813548798,12.5281735135038,-15.3458360309219));
#8318=CARTESIAN_POINT('Ctrl Pts',(-4.,12.4053879971161,-15.5763166457316));
#8319=CARTESIAN_POINT('Ctrl Pts',(-4.05877616355388,13.6627912949377,-15.0175343998905));
#8320=CARTESIAN_POINT('Ctrl Pts',(-4.055578881068,13.4521740455375,-15.0090031056153));
#8321=CARTESIAN_POINT('Ctrl Pts',(-4.04725725985454,13.0109717134186,-15.1187292133954));
#8322=CARTESIAN_POINT('Ctrl Pts',(-4.03960138007353,12.6713177550197,-15.4528862275008));
#8323=CARTESIAN_POINT('Ctrl Pts',(-4.03637954456581,12.5555594165558,-15.6536036856299));
#8324=CARTESIAN_POINT('Ctrl Pts',(-4.33828461637061,13.6627912949377,-15.2883354265319));
#8325=CARTESIAN_POINT('Ctrl Pts',(-4.32130599571193,13.507216882446,-15.2780269483129));
#8326=CARTESIAN_POINT('Ctrl Pts',(-4.27649308186819,13.1634186960506,-15.347514855321));
#8327=CARTESIAN_POINT('Ctrl Pts',(-4.23377021874796,12.8743381821973,-15.605567313581));
#8328=CARTESIAN_POINT('Ctrl Pts',(-4.21559323332223,12.7726739704187,-15.7653435975885));
#8329=CARTESIAN_POINT('Ctrl Pts',(-4.62591498037143,13.6627912949377,-15.3175296850807));
#8330=CARTESIAN_POINT('Ctrl Pts',(-4.59893354736776,13.5134702615206,-15.3173934672991));
#8331=CARTESIAN_POINT('Ctrl Pts',(-4.52602205852124,13.1957909583859,-15.4076983682175));
#8332=CARTESIAN_POINT('Ctrl Pts',(-4.45163141294764,12.9404500203645,-15.6571561488023));
#8333=CARTESIAN_POINT('Ctrl Pts',(-4.4192244130685,12.8512500837528,-15.8057834844123));
#8334=CARTESIAN_POINT('Ctrl Pts',(-4.77922077922078,13.6627912949377,-15.2695464485185));
#8335=CARTESIAN_POINT('Ctrl Pts',(-4.75060855750843,13.503412829622,-15.2785017979789));
#8336=CARTESIAN_POINT('Ctrl Pts',(-4.67114189179856,13.18120177874,-15.39730778888));
#8337=CARTESIAN_POINT('Ctrl Pts',(-4.5842323783871,12.9428890299564,-15.6605835835889));
#8338=CARTESIAN_POINT('Ctrl Pts',(-4.54555165671965,12.8614854288388,-15.811051194653));
#8339=CARTESIAN_POINT('',(-4.,12.3301949280938,-15.5376178723747));
#8340=CARTESIAN_POINT('',(-4.54555165671965,12.8614854288388,-15.811051194653));
#8341=CARTESIAN_POINT('Origin',(-4.6,12.3301949280938,-15.5376178723747));
#8342=CARTESIAN_POINT('Ctrl Pts',(-4.54555165671965,12.8614854288388,-15.811051194653));
#8343=CARTESIAN_POINT('Ctrl Pts',(-4.5842323783871,12.9428890299564,-15.6605835835889));
#8344=CARTESIAN_POINT('Ctrl Pts',(-4.67114189179856,13.18120177874,-15.39730778888));
#8345=CARTESIAN_POINT('Ctrl Pts',(-4.75060855750843,13.503412829622,-15.2785017979789));
#8346=CARTESIAN_POINT('Ctrl Pts',(-4.77922077922078,13.6627912949377,-15.2695464485185));
#8347=CARTESIAN_POINT('Ctrl Pts',(-4.,13.6627912949377,-14.6969384566991));
#8348=CARTESIAN_POINT('Ctrl Pts',(-4.,13.3868136109834,-14.6969384566991));
#8349=CARTESIAN_POINT('Ctrl Pts',(-4.,12.8395545138952,-14.8689287153672));
#8350=CARTESIAN_POINT('Ctrl Pts',(-4.,12.4564851653471,-15.2922315279802));
#8351=CARTESIAN_POINT('Ctrl Pts',(-4.,12.3301949280938,-15.5376178723747));
#8352=CARTESIAN_POINT('Ctrl Pts',(-4.,12.3301949280938,-15.5376178723747));
#8353=CARTESIAN_POINT('Ctrl Pts',(-4.,11.9245033563617,-16.3258907737814));
#8354=CARTESIAN_POINT('Ctrl Pts',(-4.,11.5228759132106,-17.116251797156));
#8355=CARTESIAN_POINT('Ctrl Pts',(-4.,11.1240784600729,-17.9080348544624));
#8356=CARTESIAN_POINT('Ctrl Pts',(-4.,12.4617827988827,-15.6053407257494));
#8357=CARTESIAN_POINT('Ctrl Pts',(-3.99999110478571,12.0566204838584,-16.3933062250901));
#8358=CARTESIAN_POINT('Ctrl Pts',(-4.00000777287904,11.655449231212,-17.1834290540097));
#8359=CARTESIAN_POINT('Ctrl Pts',(-4.,11.2570668315591,-17.9750171210773));
#8360=CARTESIAN_POINT('Ctrl Pts',(-4.11475205248185,12.7241261339247,-15.7403580271645));
#8361=CARTESIAN_POINT('Ctrl Pts',(-4.11528720147339,12.319998521888,-16.527704405234));
#8362=CARTESIAN_POINT('Ctrl Pts',(-4.11577592893566,11.9197524962553,-17.3173531129404));
#8363=CARTESIAN_POINT('Ctrl Pts',(-4.11623819382967,11.5221797328642,-18.1085465630864));
#8364=CARTESIAN_POINT('Ctrl Pts',(-4.39816987245998,12.8495441929051,-15.8049055327055));
#8365=CARTESIAN_POINT('Ctrl Pts',(-4.39975626254473,12.4453536678826,-16.5916621311957));
#8366=CARTESIAN_POINT('Ctrl Pts',(-4.40123118618145,12.044972715221,-17.3808063381669));
#8367=CARTESIAN_POINT('Ctrl Pts',(-4.40259631821557,11.6472961317217,-18.1715639524454));
#8368=CARTESIAN_POINT('Ctrl Pts',(-4.54555165671965,12.8614854288388,-15.811051194653));
#8369=CARTESIAN_POINT('Ctrl Pts',(-4.54750821914639,12.4569035113494,-16.5975576062568));
#8370=CARTESIAN_POINT('Ctrl Pts',(-4.54932428998952,12.0561797292852,-17.3864812267518));
#8371=CARTESIAN_POINT('Ctrl Pts',(-4.55100343826,11.6581560866454,-18.1770337870482));
#8372=CARTESIAN_POINT('',(-4.,11.1240784600729,-17.9080348544624));
#8373=CARTESIAN_POINT('',(-4.55100343825999,11.6581560866454,-18.1770337870482));
#8374=CARTESIAN_POINT('Origin',(-4.6,11.1240784600729,-17.9080348544624));
#8375=CARTESIAN_POINT('Ctrl Pts',(-4.55100343826,11.6581560866454,-18.1770337870482));
#8376=CARTESIAN_POINT('Ctrl Pts',(-4.54932428998952,12.0561797292852,-17.3864812267518));
#8377=CARTESIAN_POINT('Ctrl Pts',(-4.54750821914639,12.4569035113494,-16.5975576062568));
#8378=CARTESIAN_POINT('Ctrl Pts',(-4.54555165671965,12.8614854288388,-15.811051194653));
#8379=CARTESIAN_POINT('Ctrl Pts',(-4.,12.3301949280938,-15.5376178723747));
#8380=CARTESIAN_POINT('Ctrl Pts',(-4.,11.9245033563617,-16.3258907737814));
#8381=CARTESIAN_POINT('Ctrl Pts',(-4.,11.5228759132106,-17.116251797156));
#8382=CARTESIAN_POINT('Ctrl Pts',(-4.,11.1240784600729,-17.9080348544624));
#8383=CARTESIAN_POINT('Ctrl Pts',(-4.,11.1240784600729,-17.9080348544624));
#8384=CARTESIAN_POINT('Ctrl Pts',(-4.,11.1077361770847,-17.9404812572315));
#8385=CARTESIAN_POINT('Ctrl Pts',(-4.,11.0593636676342,-17.9978342344696));
#8386=CARTESIAN_POINT('Ctrl Pts',(-4.,10.9875634849802,-18.0222085217101));
#8387=CARTESIAN_POINT('Ctrl Pts',(-4.,10.9512338928283,-18.0222085217101));
#8388=CARTESIAN_POINT('Ctrl Pts',(-4.,11.2000718152079,-17.9463104353852));
#8389=CARTESIAN_POINT('Ctrl Pts',(-3.99999034635796,11.1803094497028,-17.9921639400634));
#8390=CARTESIAN_POINT('Ctrl Pts',(-4.00000465454193,11.1186736511024,-18.0776569630774));
#8391=CARTESIAN_POINT('Ctrl Pts',(-4.00001208287501,11.0100418190803,-18.1236977900411));
#8392=CARTESIAN_POINT('Ctrl Pts',(-4.,10.9512338928283,-18.1262485926025));
#8393=CARTESIAN_POINT('Ctrl Pts',(-4.03683601714412,11.3518362603741,-18.0227496489433));
#8394=CARTESIAN_POINT('Ctrl Pts',(-4.03944119802959,11.3252205927114,-18.0953745301365));
#8395=CARTESIAN_POINT('Ctrl Pts',(-4.04551781220052,11.2370590972206,-18.2369739754403));
#8396=CARTESIAN_POINT('Ctrl Pts',(-4.05265540778894,11.0548966197079,-18.3261167597153));
#8397=CARTESIAN_POINT('Ctrl Pts',(-4.05541794009345,10.9512338928283,-18.3337234811228));
#8398=CARTESIAN_POINT('Ctrl Pts',(-4.21816207076276,11.5706968554236,-18.1329831871487));
#8399=CARTESIAN_POINT('Ctrl Pts',(-4.23284176512555,11.5309876708873,-18.2425383269521));
#8400=CARTESIAN_POINT('Ctrl Pts',(-4.26679902770657,11.3972556825837,-18.4579165189636));
#8401=CARTESIAN_POINT('Ctrl Pts',(-4.30551377006738,11.1127979032775,-18.5927418388528));
#8402=CARTESIAN_POINT('Ctrl Pts',(-4.32031709100554,10.9512338928283,-18.6023283116436));
#8403=CARTESIAN_POINT('Ctrl Pts',(-4.42379733536477,11.6488475538537,-18.1723453573887));
#8404=CARTESIAN_POINT('Ctrl Pts',(-4.44991111749033,11.5984417344985,-18.2921668601232));
#8405=CARTESIAN_POINT('Ctrl Pts',(-4.50924360181659,11.4354931067471,-18.5198403514703));
#8406=CARTESIAN_POINT('Ctrl Pts',(-4.5732210076679,11.1216893088142,-18.6409698772237));
#8407=CARTESIAN_POINT('Ctrl Pts',(-4.59717485062613,10.9512338928283,-18.6421655970963));
#8408=CARTESIAN_POINT('Ctrl Pts',(-4.55100343825999,11.6581560866455,-18.1770337870482));
#8409=CARTESIAN_POINT('Ctrl Pts',(-4.58210361874911,11.6013871408358,-18.2954090737023));
#8410=CARTESIAN_POINT('Ctrl Pts',(-4.65165651781571,11.4240301173059,-18.5133466168571));
#8411=CARTESIAN_POINT('Ctrl Pts',(-4.72249459235159,11.1130859413924,-18.610178906273));
#8412=CARTESIAN_POINT('Ctrl Pts',(-4.74838709677419,10.9512338928283,-18.6035700869266));
#8413=CARTESIAN_POINT('',(-4.,10.9512338928283,-18.0222085217101));
#8414=CARTESIAN_POINT('',(-4.74838709677423,10.9512338928283,-18.6035700869265));
#8415=CARTESIAN_POINT('Origin',(-4.6,10.9512338928283,-18.0222085217101));
#8416=CARTESIAN_POINT('Ctrl Pts',(-4.74838709677419,10.9512338928283,-18.6035700869266));
#8417=CARTESIAN_POINT('Ctrl Pts',(-4.72249459235159,11.1130859413924,-18.610178906273));
#8418=CARTESIAN_POINT('Ctrl Pts',(-4.65165651781571,11.4240301173059,-18.5133466168571));
#8419=CARTESIAN_POINT('Ctrl Pts',(-4.58210361874911,11.6013871408358,-18.2954090737023));
#8420=CARTESIAN_POINT('Ctrl Pts',(-4.55100343825999,11.6581560866455,-18.1770337870482));
#8421=CARTESIAN_POINT('Ctrl Pts',(-4.,11.1240784600729,-17.9080348544624));
#8422=CARTESIAN_POINT('Ctrl Pts',(-4.,11.1077361770847,-17.9404812572315));
#8423=CARTESIAN_POINT('Ctrl Pts',(-4.,11.0593636676342,-17.9978342344696));
#8424=CARTESIAN_POINT('Ctrl Pts',(-4.,10.9875634849802,-18.0222085217101));
#8425=CARTESIAN_POINT('Ctrl Pts',(-4.,10.9512338928283,-18.0222085217101));
#8426=CARTESIAN_POINT('Ctrl Pts',(-4.,10.9512338928283,-18.0222085217101));
#8427=CARTESIAN_POINT('Ctrl Pts',(-4.,10.9212912403382,-18.0222085217101));
#8428=CARTESIAN_POINT('Ctrl Pts',(-4.,10.8513485168881,-18.002608112543));
#8429=CARTESIAN_POINT('Ctrl Pts',(-4.,10.8052184472467,-17.9451398466113));
#8430=CARTESIAN_POINT('Ctrl Pts',(-4.,10.7904838506609,-17.9080348544624));
#8431=CARTESIAN_POINT('Ctrl Pts',(-4.,10.9512338928283,-18.1262485926025));
#8432=CARTESIAN_POINT('Ctrl Pts',(-3.99999004136006,10.9027647194871,-18.1283509502162));
#8433=CARTESIAN_POINT('Ctrl Pts',(-3.99997746103186,10.7847464311544,-18.0986243578851));
#8434=CARTESIAN_POINT('Ctrl Pts',(-3.99999215671829,10.7125626350999,-18.0045034001543));
#8435=CARTESIAN_POINT('Ctrl Pts',(-4.,10.6915670398124,-17.9473152644287));
#8436=CARTESIAN_POINT('Ctrl Pts',(-4.05541778480029,10.9512338928283,-18.333723833883));
#8437=CARTESIAN_POINT('Ctrl Pts',(-4.05769464891813,10.8657956364848,-18.3399932523434));
#8438=CARTESIAN_POINT('Ctrl Pts',(-4.06140769690873,10.6519360471623,-18.2900443085977));
#8439=CARTESIAN_POINT('Ctrl Pts',(-4.05980714450118,10.527860794199,-18.1228790474447));
#8440=CARTESIAN_POINT('Ctrl Pts',(-4.05803922194136,10.4943527957358,-18.0256301260996));
#8441=CARTESIAN_POINT('Ctrl Pts',(-4.32031694085694,10.9512338928283,-18.6023291003454));
#8442=CARTESIAN_POINT('Ctrl Pts',(-4.3325177575547,10.8180737131171,-18.6102302191407));
#8443=CARTESIAN_POINT('Ctrl Pts',(-4.35217597249364,10.4859077495773,-18.5283054954873));
#8444=CARTESIAN_POINT('Ctrl Pts',(-4.34375991906307,10.2952321863516,-18.2724485674713));
#8445=CARTESIAN_POINT('Ctrl Pts',(-4.33435299894044,10.243076440657,-18.1254133495747));
#8446=CARTESIAN_POINT('Ctrl Pts',(-4.59717485062614,10.9512338928283,-18.6421655970963));
#8447=CARTESIAN_POINT('Ctrl Pts',(-4.61691747786238,10.8107454649766,-18.6431511029195));
#8448=CARTESIAN_POINT('Ctrl Pts',(-4.64790305753639,10.4716781674416,-18.5459171069106));
#8449=CARTESIAN_POINT('Ctrl Pts',(-4.63468032234721,10.2734663887306,-18.2880955609432));
#8450=CARTESIAN_POINT('Ctrl Pts',(-4.61967152272181,10.2137306328687,-18.137066731349));
#8451=CARTESIAN_POINT('Ctrl Pts',(-4.7483870967742,10.9512338928283,-18.6035700869266));
#8452=CARTESIAN_POINT('Ctrl Pts',(-4.76972755825755,10.8178363136676,-18.5981231339238));
#8453=CARTESIAN_POINT('Ctrl Pts',(-4.80233461924367,10.5050127680015,-18.4964222109182));
#8454=CARTESIAN_POINT('Ctrl Pts',(-4.78855539656104,10.3173718625948,-18.2606392337948));
#8455=CARTESIAN_POINT('Ctrl Pts',(-4.77257164218526,10.2564062240884,-18.120120019215));
#8456=CARTESIAN_POINT('',(-4.,10.7904838506609,-17.9080348544624));
#8457=CARTESIAN_POINT('',(-4.77257164218535,10.2564062240884,-18.120120019215));
#8458=CARTESIAN_POINT('Origin',(-4.6,10.7904838506609,-17.9080348544624));
#8459=CARTESIAN_POINT('Ctrl Pts',(-4.77257164218526,10.2564062240884,-18.120120019215));
#8460=CARTESIAN_POINT('Ctrl Pts',(-4.78855539656104,10.3173718625948,-18.2606392337948));
#8461=CARTESIAN_POINT('Ctrl Pts',(-4.80233461924367,10.5050127680015,-18.4964222109182));
#8462=CARTESIAN_POINT('Ctrl Pts',(-4.76972755825755,10.8178363136676,-18.5981231339238));
#8463=CARTESIAN_POINT('Ctrl Pts',(-4.7483870967742,10.9512338928283,-18.6035700869266));
#8464=CARTESIAN_POINT('Ctrl Pts',(-4.,10.9512338928283,-18.0222085217101));
#8465=CARTESIAN_POINT('Ctrl Pts',(-4.,10.9212912403382,-18.0222085217101));
#8466=CARTESIAN_POINT('Ctrl Pts',(-4.,10.8513485168881,-18.002608112543));
#8467=CARTESIAN_POINT('Ctrl Pts',(-4.,10.8052184472467,-17.9451398466113));
#8468=CARTESIAN_POINT('Ctrl Pts',(-4.,10.7904838506609,-17.9080348544624));
#8469=CARTESIAN_POINT('Ctrl Pts',(-4.,10.7904838506609,-17.9080348544624));
#8470=CARTESIAN_POINT('Ctrl Pts',(-4.,10.4777653689883,-17.1205401483996));
#8471=CARTESIAN_POINT('Ctrl Pts',(-4.,10.1708067484799,-16.3307426383978));
#8472=CARTESIAN_POINT('Ctrl Pts',(-4.,9.87265600409483,-15.5376178723747));
#8473=CARTESIAN_POINT('Ctrl Pts',(-4.,10.6915670398124,-17.9473152644287));
#8474=CARTESIAN_POINT('Ctrl Pts',(-3.99999678696391,10.3780459300549,-17.1595676591228));
#8475=CARTESIAN_POINT('Ctrl Pts',(-4.00000419934107,10.0701863222841,-16.369442435384));
#8476=CARTESIAN_POINT('Ctrl Pts',(-4.,9.77097585667358,-15.5758413813881));
#8477=CARTESIAN_POINT('Ctrl Pts',(-4.0580383832164,10.4943508828624,-18.0256308857122));
#8478=CARTESIAN_POINT('Ctrl Pts',(-4.05876262075003,10.1792368964526,-17.2373753345326));
#8479=CARTESIAN_POINT('Ctrl Pts',(-4.05956705442797,9.86960678979712,-16.4465889348669));
#8480=CARTESIAN_POINT('Ctrl Pts',(-4.0605022020038,9.56829354431082,-15.6520335328545));
#8481=CARTESIAN_POINT('Ctrl Pts',(-4.33435228268412,10.2430721504229,-18.1254150532503));
#8482=CARTESIAN_POINT('Ctrl Pts',(-4.33820587038281,9.92706404190808,-17.3360660465097));
#8483=CARTESIAN_POINT('Ctrl Pts',(-4.34252015235678,9.61639508469781,-16.5439581614579));
#8484=CARTESIAN_POINT('Ctrl Pts',(-4.34746304565063,9.31394522682245,-15.7476479222179));
#8485=CARTESIAN_POINT('Ctrl Pts',(-4.61967152272181,10.2137306328688,-18.137066731349));
#8486=CARTESIAN_POINT('Ctrl Pts',(-4.62581994588843,9.89978272532328,-17.3467222217909));
#8487=CARTESIAN_POINT('Ctrl Pts',(-4.63260796752857,9.59158774941273,-16.5534860029676));
#8488=CARTESIAN_POINT('Ctrl Pts',(-4.64038928192403,9.29191622708256,-15.7559290438672));
#8489=CARTESIAN_POINT('Ctrl Pts',(-4.77257164218526,10.2564062240884,-18.120120019215));
#8490=CARTESIAN_POINT('Ctrl Pts',(-4.77911946000857,9.94445736190307,-17.3292354903601));
#8491=CARTESIAN_POINT('Ctrl Pts',(-4.78635975870359,9.63839976350716,-16.535451424248));
#8492=CARTESIAN_POINT('Ctrl Pts',(-4.79452873553535,9.34136550334982,-15.7373401166769));
#8493=CARTESIAN_POINT('',(-4.,9.87265600409483,-15.5376178723747));
#8494=CARTESIAN_POINT('',(-4.79452873553537,9.34136550334982,-15.7373401166769));
#8495=CARTESIAN_POINT('Origin',(-4.6,9.87265600409483,-15.5376178723747));
#8496=CARTESIAN_POINT('Ctrl Pts',(-4.79452873553535,9.34136550334982,-15.7373401166769));
#8497=CARTESIAN_POINT('Ctrl Pts',(-4.78635975870359,9.63839976350716,-16.535451424248));
#8498=CARTESIAN_POINT('Ctrl Pts',(-4.77911946000857,9.94445736190307,-17.3292354903601));
#8499=CARTESIAN_POINT('Ctrl Pts',(-4.77257164218526,10.2564062240884,-18.120120019215));
#8500=CARTESIAN_POINT('Ctrl Pts',(-4.,10.7904838506609,-17.9080348544624));
#8501=CARTESIAN_POINT('Ctrl Pts',(-4.,10.4777653689883,-17.1205401483996));
#8502=CARTESIAN_POINT('Ctrl Pts',(-4.,10.1708067484799,-16.3307426383978));
#8503=CARTESIAN_POINT('Ctrl Pts',(-4.,9.87265600409483,-15.5376178723747));
#8504=CARTESIAN_POINT('Ctrl Pts',(-4.,9.87265600409483,-15.5376178723747));
#8505=CARTESIAN_POINT('Ctrl Pts',(-4.,9.78061587296713,-15.2927776067032));
#8506=CARTESIAN_POINT('Ctrl Pts',(-4.,9.44903366007239,-14.856307587792));
#8507=CARTESIAN_POINT('Ctrl Pts',(-4.,8.9243599120004,-14.6969384566991));
#8508=CARTESIAN_POINT('Ctrl Pts',(-4.,8.66279129493771,-14.6969384566991));
#8509=CARTESIAN_POINT('Ctrl Pts',(-4.,9.77097585667357,-15.5758413813881));
#8510=CARTESIAN_POINT('Ctrl Pts',(-3.9999892574974,9.68425552298981,-15.3511455796911));
#8511=CARTESIAN_POINT('Ctrl Pts',(-3.99997288032427,9.37987292779096,-14.9556043371818));
#8512=CARTESIAN_POINT('Ctrl Pts',(-3.99998650559983,8.90367661588394,-14.8067440345098));
#8513=CARTESIAN_POINT('Ctrl Pts',(-4.,8.66279129493771,-14.804031477432));
#8514=CARTESIAN_POINT('Ctrl Pts',(-4.06049953826961,9.56828702923406,-15.6520359819963));
#8515=CARTESIAN_POINT('Ctrl Pts',(-4.06289177674133,9.49220767477362,-15.4675148682853));
#8516=CARTESIAN_POINT('Ctrl Pts',(-4.06580195892212,9.24202393917635,-15.1535205169595));
#8517=CARTESIAN_POINT('Ctrl Pts',(-4.06180344015172,8.86241201015573,-15.0256278786395));
#8518=CARTESIAN_POINT('Ctrl Pts',(-4.05877309093578,8.66279129493771,-15.0175420116471));
#8519=CARTESIAN_POINT('Ctrl Pts',(-4.34746112397975,9.31393043890441,-15.7476534812787));
#8520=CARTESIAN_POINT('Ctrl Pts',(-4.36010573730583,9.25497864173554,-15.6119397452839));
#8521=CARTESIAN_POINT('Ctrl Pts',(-4.37526958442449,9.07470383640508,-15.3931762995468));
#8522=CARTESIAN_POINT('Ctrl Pts',(-4.35437428234517,8.81024301401425,-15.2981229440501));
#8523=CARTESIAN_POINT('Ctrl Pts',(-4.33828213220574,8.66279129493771,-15.2883526816393));
#8524=CARTESIAN_POINT('Ctrl Pts',(-4.64038928192403,9.29191622708256,-15.7559290438672));
#8525=CARTESIAN_POINT('Ctrl Pts',(-4.66029497396511,9.24192914193356,-15.621966822551));
#8526=CARTESIAN_POINT('Ctrl Pts',(-4.68352462047726,9.07053941829311,-15.3981046360368));
#8527=CARTESIAN_POINT('Ctrl Pts',(-4.65148768616422,8.80431613002477,-15.3176587907976));
#8528=CARTESIAN_POINT('Ctrl Pts',(-4.62591498037143,8.66279129493771,-15.3175296850807));
#8529=CARTESIAN_POINT('Ctrl Pts',(-4.79452873553535,9.34136550334982,-15.7373401166769));
#8530=CARTESIAN_POINT('Ctrl Pts',(-4.81542612238282,9.29411211837823,-15.5912851947287));
#8531=CARTESIAN_POINT('Ctrl Pts',(-4.83906405573585,9.1119765050034,-15.3378601490302));
#8532=CARTESIAN_POINT('Ctrl Pts',(-4.80633912863641,8.81384845349092,-15.2610586666802));
#8533=CARTESIAN_POINT('Ctrl Pts',(-4.77922077922078,8.66279129493771,-15.2695464485185));
#8534=CARTESIAN_POINT('',(-4.,8.66279129493771,-14.6969384566991));
#8535=CARTESIAN_POINT('',(-4.77912249630702,8.66279129493771,-15.2692869318835));
#8536=CARTESIAN_POINT('Origin',(-4.6,8.66279129493771,-14.6969384566991));
#8537=CARTESIAN_POINT('Ctrl Pts',(-4.77922077922078,8.66279129493771,-15.2695464485185));
#8538=CARTESIAN_POINT('Ctrl Pts',(-4.80633912863641,8.81384845349092,-15.2610586666802));
#8539=CARTESIAN_POINT('Ctrl Pts',(-4.83906405573585,9.1119765050034,-15.3378601490302));
#8540=CARTESIAN_POINT('Ctrl Pts',(-4.81542612238282,9.29411211837823,-15.5912851947287));
#8541=CARTESIAN_POINT('Ctrl Pts',(-4.79452873553535,9.34136550334982,-15.7373401166769));
#8542=CARTESIAN_POINT('Ctrl Pts',(-4.,9.87265600409483,-15.5376178723747));
#8543=CARTESIAN_POINT('Ctrl Pts',(-4.,9.78061587296713,-15.2927776067032));
#8544=CARTESIAN_POINT('Ctrl Pts',(-4.,9.44903366007239,-14.856307587792));
#8545=CARTESIAN_POINT('Ctrl Pts',(-4.,8.9243599120004,-14.6969384566991));
#8546=CARTESIAN_POINT('Ctrl Pts',(-4.,8.66279129493771,-14.6969384566991));
#8547=CARTESIAN_POINT('Origin',(-4.6,12.3775,-14.6969384566991));
#8548=CARTESIAN_POINT('',(-4.,3.59999999999999,-14.6969384566991));
#8549=CARTESIAN_POINT('',(-4.77922077922078,3.59999999999999,-15.2695464485185));
#8550=CARTESIAN_POINT('Origin',(-4.6,3.59999999999999,-14.6969384566991));
#8551=CARTESIAN_POINT('',(-4.77922077922078,12.3775,-15.2695464485185));
#8552=CARTESIAN_POINT('',(-4.,12.3775,-14.6969384566991));
#8553=CARTESIAN_POINT('Ctrl Pts',(-4.77310145962231,3.44999999980487,-15.2914206466781));
#8554=CARTESIAN_POINT('Ctrl Pts',(-4.77714108069104,3.49883242780313,-15.2769512648781));
#8555=CARTESIAN_POINT('Ctrl Pts',(-4.77922077922078,3.54941275820119,-15.2695464485185));
#8556=CARTESIAN_POINT('Ctrl Pts',(-4.77922077922078,3.59999999999999,-15.2695464485185));
#8557=CARTESIAN_POINT('Ctrl Pts',(-4.67114586554336,3.4580212467332,-15.3210756874578));
#8558=CARTESIAN_POINT('Ctrl Pts',(-4.67501774887536,3.50446192689874,-15.3081184235784));
#8559=CARTESIAN_POINT('Ctrl Pts',(-4.67701691332121,3.55225534498761,-15.3015352728933));
#8560=CARTESIAN_POINT('Ctrl Pts',(-4.67701691332121,3.59999999999999,-15.3015352728933));
#8561=CARTESIAN_POINT('Ctrl Pts',(-4.45109309670615,3.45949328372847,-15.3265178983152));
#8562=CARTESIAN_POINT('Ctrl Pts',(-4.45411085086274,3.50581294208326,-15.3149914450749));
#8563=CARTESIAN_POINT('Ctrl Pts',(-4.45568546337607,3.55293256268075,-15.3092320894466));
#8564=CARTESIAN_POINT('Ctrl Pts',(-4.45568546337607,3.59999999999999,-15.3092320894466));
#8565=CARTESIAN_POINT('Ctrl Pts',(-4.11237087761077,3.4107221148524,-15.1462079022741));
#8566=CARTESIAN_POINT('Ctrl Pts',(-4.11326534091866,3.47298558372991,-15.1309950722852));
#8567=CARTESIAN_POINT('Ctrl Pts',(-4.11372814980699,3.53650054166726,-15.1233798668612));
#8568=CARTESIAN_POINT('Ctrl Pts',(-4.11372814980699,3.59999999999999,-15.1233798668612));
#8569=CARTESIAN_POINT('Ctrl Pts',(-4.,3.3417045713173,-14.8910458200774));
#8570=CARTESIAN_POINT('Ctrl Pts',(-3.99998038219233,3.42600618837794,-14.8688758704393));
#8571=CARTESIAN_POINT('Ctrl Pts',(-4.,3.51305397598845,-14.8575779877984));
#8572=CARTESIAN_POINT('Ctrl Pts',(-4.,3.59999999999999,-14.8575779877984));
#8573=CARTESIAN_POINT('Ctrl Pts',(-4.,3.29999999960975,-14.736861466231));
#8574=CARTESIAN_POINT('Ctrl Pts',(-4.,3.39766485560628,-14.7104445770422));
#8575=CARTESIAN_POINT('Ctrl Pts',(-4.,3.4988255164024,-14.6969384566991));
#8576=CARTESIAN_POINT('Ctrl Pts',(-4.,3.59999999999999,-14.6969384566991));
#8577=CARTESIAN_POINT('',(-4.,3.29999999980487,-14.736861466231));
#8578=CARTESIAN_POINT('Ctrl Pts',(-4.,3.59999999999999,-14.6969384566991));
#8579=CARTESIAN_POINT('Ctrl Pts',(-4.,3.4988255164024,-14.6969384566991));
#8580=CARTESIAN_POINT('Ctrl Pts',(-4.,3.39766485560628,-14.7104445770422));
#8581=CARTESIAN_POINT('Ctrl Pts',(-4.,3.29999999960975,-14.736861466231));
#8582=CARTESIAN_POINT('',(-4.77310145962231,3.44999999980487,-15.2914206466781));
#8583=CARTESIAN_POINT('Origin',(-4.6,3.29999999960975,-14.736861466231));
#8584=CARTESIAN_POINT('Ctrl Pts',(-4.77310145962231,3.44999999980487,-15.2914206466781));
#8585=CARTESIAN_POINT('Ctrl Pts',(-4.77714108069104,3.49883242780313,-15.2769512648781));
#8586=CARTESIAN_POINT('Ctrl Pts',(-4.77922077922078,3.54941275820119,-15.2695464485185));
#8587=CARTESIAN_POINT('Ctrl Pts',(-4.77922077922078,3.59999999999999,-15.2695464485185));
#8588=CARTESIAN_POINT('Ctrl Pts',(-3.7,2.99999999999999,-16.1823978445717));
#8589=CARTESIAN_POINT('Ctrl Pts',(-3.70159139573674,2.99999999999999,-16.1811989381278));
#8590=CARTESIAN_POINT('Ctrl Pts',(-3.7031845906178,3.00000011782325,-16.1799986462168));
#8591=CARTESIAN_POINT('Ctrl Pts',(-3.97044415920267,3.00092998436109,-15.9785626489601));
#8592=CARTESIAN_POINT('Ctrl Pts',(-4.34004067253979,3.05892097632707,-15.6937892044126));
#8593=CARTESIAN_POINT('Ctrl Pts',(-4.68896691597173,3.26346916185886,-15.3942036662039));
#8594=CARTESIAN_POINT('Ctrl Pts',(-4.76767053648765,3.3843490006458,-15.3108734859629));
#8595=CARTESIAN_POINT('Ctrl Pts',(-4.773101459619,3.44999999976487,-15.2914206466899));
#8596=CARTESIAN_POINT('Ctrl Pts',(-3.7,2.99999999999999,-16.1823978445717));
#8597=CARTESIAN_POINT('Ctrl Pts',(-3.7013714199764,2.99996076470606,-16.1810683882197));
#8598=CARTESIAN_POINT('Ctrl Pts',(-3.70276400503023,3.00004203933153,-16.1796753746923));
#8599=CARTESIAN_POINT('Ctrl Pts',(-3.93365069052108,2.99841452173849,-15.9539776046892));
#8600=CARTESIAN_POINT('Ctrl Pts',(-4.25505566953103,3.09843298140449,-15.6316509844891));
#8601=CARTESIAN_POINT('Ctrl Pts',(-4.52362107582362,3.34716498270784,-15.3885712453364));
#8602=CARTESIAN_POINT('Ctrl Pts',(-4.56895983066692,3.43894419055792,-15.3555704574237));
#8603=CARTESIAN_POINT('Ctrl Pts',(-4.56919027147632,3.46604249373255,-15.3507307282132));
#8604=CARTESIAN_POINT('Ctrl Pts',(-3.7,2.99999999999999,-16.1823978445717));
#8605=CARTESIAN_POINT('Ctrl Pts',(-3.70098527337508,2.99997109507356,-16.1808072097802));
#8606=CARTESIAN_POINT('Ctrl Pts',(-3.70202877263455,3.00003474545759,-16.1791412425733));
#8607=CARTESIAN_POINT('Ctrl Pts',(-3.86942076920497,2.99858535633798,-15.9096874385486));
#8608=CARTESIAN_POINT('Ctrl Pts',(-4.10628362276099,3.1222068582613,-15.5241993437035));
#8609=CARTESIAN_POINT('Ctrl Pts',(-4.20176093299365,3.40037840466722,-15.2609663322244));
#8610=CARTESIAN_POINT('Ctrl Pts',(-4.16967121666332,3.45384632724877,-15.2505339553308));
#8611=CARTESIAN_POINT('Ctrl Pts',(-4.15714730895639,3.43926565671714,-15.2517351223657));
#8612=CARTESIAN_POINT('Ctrl Pts',(-3.7,2.99999999999999,-16.1823978445717));
#8613=CARTESIAN_POINT('Ctrl Pts',(-3.70061849255236,2.99996875829894,-16.1805319117188));
#8614=CARTESIAN_POINT('Ctrl Pts',(-3.70127256037783,3.00003357771308,-16.1786245982473));
#8615=CARTESIAN_POINT('Ctrl Pts',(-3.80656189908675,2.99865923100133,-15.8637410301834));
#8616=CARTESIAN_POINT('Ctrl Pts',(-3.95174802493784,3.07541276981492,-15.4257602333819));
#8617=CARTESIAN_POINT('Ctrl Pts',(-4.01677413908868,3.25873339881491,-15.0140590870753));
#8618=CARTESIAN_POINT('Ctrl Pts',(-4.00662328512361,3.3232633151481,-14.9151858883585));
#8619=CARTESIAN_POINT('Ctrl Pts',(-4.00000000002179,3.34170457158209,-14.8910458200779));
#8620=CARTESIAN_POINT('Ctrl Pts',(-3.7,2.99999999999999,-16.1823978445717));
#8621=CARTESIAN_POINT('Ctrl Pts',(-3.70046998457405,2.99999999999999,-16.1804053795026));
#8622=CARTESIAN_POINT('Ctrl Pts',(-3.70094035683815,3.00000007854883,-16.1784115657333));
#8623=CARTESIAN_POINT('Ctrl Pts',(-3.77985988988445,3.00061998957414,-15.8435887237372));
#8624=CARTESIAN_POINT('Ctrl Pts',(-3.88581899731955,3.0392806508847,-15.3839478292157));
#8625=CARTESIAN_POINT('Ctrl Pts',(-3.98044867983361,3.1756461079059,-14.9082335301136));
#8626=CARTESIAN_POINT('Ctrl Pts',(-3.99999999997713,3.2562326670972,-14.7723767015481));
#8627=CARTESIAN_POINT('Ctrl Pts',(-4.,3.29999999984324,-14.7368614662527));
#8628=CARTESIAN_POINT('',(-3.7,2.99999999999999,-16.1823978445717));
#8629=CARTESIAN_POINT('Ctrl Pts',(-4.,3.29999999984324,-14.7368614662527));
#8630=CARTESIAN_POINT('Ctrl Pts',(-3.99999999997713,3.2562326670972,-14.7723767015481));
#8631=CARTESIAN_POINT('Ctrl Pts',(-3.98044867983361,3.1756461079059,-14.9082335301136));
#8632=CARTESIAN_POINT('Ctrl Pts',(-3.88581899731955,3.0392806508847,-15.3839478292157));
#8633=CARTESIAN_POINT('Ctrl Pts',(-3.77985988988445,3.00061998957414,-15.8435887237372));
#8634=CARTESIAN_POINT('Ctrl Pts',(-3.70094035683815,3.00000007854883,-16.1784115657333));
#8635=CARTESIAN_POINT('Ctrl Pts',(-3.70046998457405,2.99999999999999,-16.1804053795026));
#8636=CARTESIAN_POINT('Ctrl Pts',(-3.7,2.99999999999999,-16.1823978445717));
#8637=CARTESIAN_POINT('Ctrl Pts',(-3.7,2.99999999999999,-16.1823978445717));
#8638=CARTESIAN_POINT('Ctrl Pts',(-3.70159139573674,2.99999999999999,-16.1811989381278));
#8639=CARTESIAN_POINT('Ctrl Pts',(-3.7031845906178,3.00000011782325,-16.1799986462168));
#8640=CARTESIAN_POINT('Ctrl Pts',(-3.97044415920267,3.00092998436109,-15.9785626489601));
#8641=CARTESIAN_POINT('Ctrl Pts',(-4.34004067253979,3.05892097632707,-15.6937892044126));
#8642=CARTESIAN_POINT('Ctrl Pts',(-4.68896691597173,3.26346916185886,-15.3942036662039));
#8643=CARTESIAN_POINT('Ctrl Pts',(-4.76767053648765,3.3843490006458,-15.3108734859629));
#8644=CARTESIAN_POINT('Ctrl Pts',(-4.773101459619,3.44999999976487,-15.2914206466899));
#8645=CARTESIAN_POINT('Origin',(-4.,2.99999999999999,0.));
#8646=CARTESIAN_POINT('',(-4.,13.7928932188134,-6.5));
#8647=CARTESIAN_POINT('',(-4.,13.7928932188134,0.));
#8648=CARTESIAN_POINT('',(-4.,13.8046494278843,-6.3));
#8649=CARTESIAN_POINT('Origin',(-4.,15.5,-6.5));
#8650=CARTESIAN_POINT('',(-4.,4.72426406871191,-6.3));
#8651=CARTESIAN_POINT('',(-4.,10.88,-6.3));
#8652=CARTESIAN_POINT('',(-4.,3.87573593128805,-5.7));
#8653=CARTESIAN_POINT('Origin',(-4.,4.72426406871191,-5.7));
#8654=CARTESIAN_POINT('',(-4.,3.87573593128805,0.451471862576143));
#8655=CARTESIAN_POINT('',(-4.,3.87573593128805,0.));
#8656=CARTESIAN_POINT('',(-4.,3.35857864376268,-0.0656854249492297));
#8657=CARTESIAN_POINT('',(-4.,4.16213203435595,0.737867965644037));
#8658=CARTESIAN_POINT('',(-4.,3.29999999999999,-0.207106781186541));
#8659=CARTESIAN_POINT('Origin',(-4.,3.49999999999999,-0.20710678118654));
#8660=CARTESIAN_POINT('',(-4.,3.29999999999999,0.));
#8661=CARTESIAN_POINT('Origin',(-3.5,13.7928932188134,0.));
#8662=CARTESIAN_POINT('',(-3.85355339059327,14.1464466094067,-6.5));
#8663=CARTESIAN_POINT('',(-3.85355339059328,14.1464466094067,0.));
#8664=CARTESIAN_POINT('Origin',(-3.5,13.7928932188134,-6.5));
#8665=CARTESIAN_POINT('Origin',(-3.5,14.5,0.));
#8666=CARTESIAN_POINT('',(-3.14644660940673,14.8535533905933,-6.5));
#8667=CARTESIAN_POINT('',(-3.14644660940673,14.8535533905933,0.));
#8668=CARTESIAN_POINT('',(-4.,14.,-6.5));
#8669=CARTESIAN_POINT('Origin',(-2.79289321881346,14.5,0.));
#8670=CARTESIAN_POINT('',(-2.79289321881346,15.,-6.5));
#8671=CARTESIAN_POINT('',(-2.79289321881346,15.,0.));
#8672=CARTESIAN_POINT('Origin',(-2.79289321881346,14.5,-6.5));
#8673=CARTESIAN_POINT('Origin',(-4.,15.,0.));
#8674=CARTESIAN_POINT('',(2.79289321881344,15.,-6.5));
#8675=CARTESIAN_POINT('',(2.79289321881345,15.,0.));
#8676=CARTESIAN_POINT('',(-3.00000000000001,15.,-6.5));
#8677=CARTESIAN_POINT('Origin',(2.79289321881345,14.5,0.));
#8678=CARTESIAN_POINT('',(3.14644660940672,14.8535533905933,-6.5));
#8679=CARTESIAN_POINT('',(3.14644660940672,14.8535533905933,0.));
#8680=CARTESIAN_POINT('Origin',(2.79289321881344,14.5,-6.5));
#8681=CARTESIAN_POINT('Origin',(3.5,14.5,0.));
#8682=CARTESIAN_POINT('',(3.85355339059327,14.1464466094067,-6.5));
#8683=CARTESIAN_POINT('',(3.85355339059327,14.1464466094067,0.));
#8684=CARTESIAN_POINT('',(2.99999999999999,15.,-6.5));
#8685=CARTESIAN_POINT('Origin',(3.5,13.7928932188134,0.));
#8686=CARTESIAN_POINT('',(4.,13.7928932188134,-6.5));
#8687=CARTESIAN_POINT('',(4.,13.7928932188134,0.));
#8688=CARTESIAN_POINT('Origin',(3.5,13.7928932188134,-6.5));
#8689=CARTESIAN_POINT('Origin',(4.,15.,0.));
#8690=CARTESIAN_POINT('',(4.,3.29999999999999,-0.20710678118654));
#8691=CARTESIAN_POINT('',(4.,3.29999999999999,0.));
#8692=CARTESIAN_POINT('',(4.,3.35857864376268,-0.0656854249492294));
#8693=CARTESIAN_POINT('Origin',(4.,3.49999999999999,-0.207106781186539));
#8694=CARTESIAN_POINT('',(4.,3.87573593128806,0.451471862576142));
#8695=CARTESIAN_POINT('',(4.,7.16213203435595,3.73786796564404));
#8696=CARTESIAN_POINT('',(4.,3.87573593128805,-5.7));
#8697=CARTESIAN_POINT('',(4.,3.87573593128805,0.));
#8698=CARTESIAN_POINT('',(4.,4.72426406871191,-6.3));
#8699=CARTESIAN_POINT('Origin',(4.,4.72426406871191,-5.7));
#8700=CARTESIAN_POINT('',(4.,13.8046494278843,-6.3));
#8701=CARTESIAN_POINT('',(4.,16.88,-6.3));
#8702=CARTESIAN_POINT('Origin',(4.,15.5,-6.5));
#8703=CARTESIAN_POINT('Origin',(3.7,3.29999999999999,0.));
#8704=CARTESIAN_POINT('',(3.7,2.99999999999999,-0.207106781186541));
#8705=CARTESIAN_POINT('',(3.7,2.99999999999999,0.));
#8706=CARTESIAN_POINT('Origin',(3.7,3.29999999999999,-0.20710678118654));
#8707=CARTESIAN_POINT('Origin',(-3.5,15.5,-6.5));
#8708=CARTESIAN_POINT('',(-3.85355339059327,14.1557680278579,-6.34142135623731));
#8709=CARTESIAN_POINT('Origin',(-3.5,13.8046494278843,-6.3));
#8710=CARTESIAN_POINT('Origin',(-3.85355339059327,15.5,-6.5));
#8711=CARTESIAN_POINT('Ctrl Pts',(-4.,13.8046494278843,-6.3));
#8712=CARTESIAN_POINT('Ctrl Pts',(-4.,13.8057348303933,-6.29654974169119));
#8713=CARTESIAN_POINT('Ctrl Pts',(-4.00005954880916,13.8067397629111,-6.29308864017879));
#8714=CARTESIAN_POINT('Ctrl Pts',(-4.00017960420586,13.8076608924054,-6.28962068085828));
#8715=CARTESIAN_POINT('Ctrl Pts',(-4.,13.9346476643087,-6.31533585307518));
#8716=CARTESIAN_POINT('Ctrl Pts',(-3.99981985104965,13.9356005691276,-6.3110848368449));
#8717=CARTESIAN_POINT('Ctrl Pts',(-3.99973784492329,13.936471726862,-6.30679951881168));
#8718=CARTESIAN_POINT('Ctrl Pts',(-3.99973329792638,13.9372497037078,-6.30251282951772));
#8719=CARTESIAN_POINT('Ctrl Pts',(-3.94611345180491,14.0638453933399,-6.33057727053257));
#8720=CARTESIAN_POINT('Ctrl Pts',(-3.94595106923999,14.0646729453894,-6.32490575618491));
#8721=CARTESIAN_POINT('Ctrl Pts',(-3.9459226469176,14.0654146686753,-6.31919772912867));
#8722=CARTESIAN_POINT('Ctrl Pts',(-3.94600913530789,14.06605651581,-6.31348269059813));
#8723=CARTESIAN_POINT('Ctrl Pts',(-3.85355339059327,14.1557680278579,-6.34142135623731));
#8724=CARTESIAN_POINT('Ctrl Pts',(-3.85355339059327,14.156628636147,-6.33412619246075));
#8725=CARTESIAN_POINT('Ctrl Pts',(-3.85371218741768,14.1573927741356,-6.32680425168071));
#8726=CARTESIAN_POINT('Ctrl Pts',(-3.85403233514224,14.1580574906587,-6.31946228584138));
#8727=CARTESIAN_POINT('',(-4.00017960420586,13.8076608924054,-6.28962068085828));
#8728=CARTESIAN_POINT('',(-3.85403233209515,14.1580574843321,-6.31946235572064));
#8729=CARTESIAN_POINT('Ctrl Pts',(-4.00017960418718,13.8076608978311,-6.28962068139806));
#8730=CARTESIAN_POINT('Ctrl Pts',(-3.99973329642681,13.9372497073031,-6.30251282982392));
#8731=CARTESIAN_POINT('Ctrl Pts',(-3.94600913402424,14.0660565170939,-6.31348269068158));
#8732=CARTESIAN_POINT('Ctrl Pts',(-3.85403233514224,14.1580574906587,-6.31946228584138));
#8733=CARTESIAN_POINT('Ctrl Pts',(-4.00017960420586,13.8076608924054,-6.28962068085828));
#8734=CARTESIAN_POINT('Ctrl Pts',(-4.00005954880916,13.8067397629111,-6.29308864017879));
#8735=CARTESIAN_POINT('Ctrl Pts',(-4.,13.8057348303933,-6.29654974169119));
#8736=CARTESIAN_POINT('Ctrl Pts',(-4.,13.8046494278843,-6.3));
#8737=CARTESIAN_POINT('Ctrl Pts',(-3.85355339059327,14.1557680278579,-6.34142135623731));
#8738=CARTESIAN_POINT('Ctrl Pts',(-3.85355339059327,14.1566286334167,-6.33412621560536));
#8739=CARTESIAN_POINT('Ctrl Pts',(-3.85371218641009,14.157392769287,-6.32680429813982));
#8740=CARTESIAN_POINT('Ctrl Pts',(-3.85403233209514,14.1580574843321,-6.31946235572064));
#8741=CARTESIAN_POINT('Origin',(-4.3,10.88,-6.3));
#8742=CARTESIAN_POINT('',(-4.09057577581886,13.9460157151536,-6.08519428702633));
#8743=CARTESIAN_POINT('Ctrl Pts',(-4.09057577581886,13.9460157151536,-6.08519428702633));
#8744=CARTESIAN_POINT('Ctrl Pts',(-4.03767735865531,13.8786124543748,-6.13676744968353));
#8745=CARTESIAN_POINT('Ctrl Pts',(-4.00288736009533,13.8284362675501,-6.21140357435193));
#8746=CARTESIAN_POINT('Ctrl Pts',(-4.00017960420587,13.8076608924054,-6.28962068085828));
#8747=CARTESIAN_POINT('',(-4.13242938123151,14.0299090560167,-6.05116252748923));
#8748=CARTESIAN_POINT('Ctrl Pts',(-4.13242938123152,14.0299090560167,-6.05116252748923));
#8749=CARTESIAN_POINT('Ctrl Pts',(-4.12082926217349,13.9880876984208,-6.05897420918142));
#8750=CARTESIAN_POINT('Ctrl Pts',(-4.10484568510217,13.9641984598989,-6.07128187920708));
#8751=CARTESIAN_POINT('Ctrl Pts',(-4.09057577581886,13.9460157151536,-6.08519428702633));
#8752=CARTESIAN_POINT('',(-4.14293055319182,14.0893553174128,-6.04440424714136));
#8753=CARTESIAN_POINT('Ctrl Pts',(-4.14293055319182,14.0893553174128,-6.04440424714136));
#8754=CARTESIAN_POINT('Ctrl Pts',(-4.14087266743454,14.0674154419843,-6.04566886509325));
#8755=CARTESIAN_POINT('Ctrl Pts',(-4.13716702160902,14.0469894455711,-6.04797213449275));
#8756=CARTESIAN_POINT('Ctrl Pts',(-4.13242938123151,14.0299090560167,-6.05116252748923));
#8757=CARTESIAN_POINT('',(-4.3,15.5,-6.));
#8758=CARTESIAN_POINT('Ctrl Pts',(-4.30000000000001,15.5,-6.));
#8759=CARTESIAN_POINT('Ctrl Pts',(-4.29972749205959,15.4977967756869,-6.));
#8760=CARTESIAN_POINT('Ctrl Pts',(-4.29945525474937,15.4955935926537,-6.00000047262929));
#8761=CARTESIAN_POINT('Ctrl Pts',(-4.24155888845318,15.0278160095641,-6.00012740851055));
#8762=CARTESIAN_POINT('Ctrl Pts',(-4.1870475753065,14.5597030838261,-6.01729332616214));
#8763=CARTESIAN_POINT('Ctrl Pts',(-4.14293055319182,14.0893553174128,-6.04440424714136));
#8764=CARTESIAN_POINT('',(-4.3,4.72426406871191,-6.));
#8765=CARTESIAN_POINT('',(-4.3,10.88,-6.));
#8766=CARTESIAN_POINT('Origin',(-4.3,4.72426406871191,-6.3));
#8767=CARTESIAN_POINT('Origin',(3.5,15.5,-6.5));
#8768=CARTESIAN_POINT('',(3.85355339059327,14.1557680278579,-6.34142135623731));
#8769=CARTESIAN_POINT('Origin',(3.5,13.8046494278843,-6.3));
#8770=CARTESIAN_POINT('Origin',(3.85355339059327,15.5,-6.5));
#8771=CARTESIAN_POINT('Ctrl Pts',(3.85355339059327,14.1557680278579,-6.34142135623731));
#8772=CARTESIAN_POINT('Ctrl Pts',(3.85355339059327,14.1566286242351,-6.33412629343504));
#8773=CARTESIAN_POINT('Ctrl Pts',(3.85371218296251,14.1573927624527,-6.32680437445906));
#8774=CARTESIAN_POINT('Ctrl Pts',(3.85403233245201,14.1580574850731,-6.31946234753651));
#8775=CARTESIAN_POINT('Ctrl Pts',(3.9461134518049,14.0638453933399,-6.33057727053257));
#8776=CARTESIAN_POINT('Ctrl Pts',(3.94595107148756,14.064672933935,-6.32490583468583));
#8777=CARTESIAN_POINT('Ctrl Pts',(3.94592264614363,14.0654146573885,-6.31919782471389));
#8778=CARTESIAN_POINT('Ctrl Pts',(3.94600913455093,14.0660565104008,-6.31348273865511));
#8779=CARTESIAN_POINT('Ctrl Pts',(4.,13.9346476643087,-6.31533585307518));
#8780=CARTESIAN_POINT('Ctrl Pts',(3.99981985354314,13.9356005559382,-6.31108489568433));
#8781=CARTESIAN_POINT('Ctrl Pts',(3.99973784546493,13.93647171333,-6.30679959051434));
#8782=CARTESIAN_POINT('Ctrl Pts',(3.9997332979326,13.9372496971587,-6.30251286557829));
#8783=CARTESIAN_POINT('Ctrl Pts',(4.,13.8046494278843,-6.3));
#8784=CARTESIAN_POINT('Ctrl Pts',(4.,13.80573481537,-6.29654978944713));
#8785=CARTESIAN_POINT('Ctrl Pts',(4.00005954713846,13.8067397470237,-6.29308869818741));
#8786=CARTESIAN_POINT('Ctrl Pts',(4.00017960319702,13.8076608846651,-6.28962070999982));
#8787=CARTESIAN_POINT('',(3.85403233209514,14.1580574843321,-6.31946235572065));
#8788=CARTESIAN_POINT('',(4.00017960319702,13.8076608846651,-6.28962070999982));
#8789=CARTESIAN_POINT('Ctrl Pts',(3.85403233245201,14.1580574850731,-6.31946234753651));
#8790=CARTESIAN_POINT('Ctrl Pts',(3.94600913440059,14.0660565105512,-6.31348273866489));
#8791=CARTESIAN_POINT('Ctrl Pts',(3.99973329775696,13.9372496975798,-6.30251286561415));
#8792=CARTESIAN_POINT('Ctrl Pts',(4.00017960319484,13.8076608853005,-6.28962071006304));
#8793=CARTESIAN_POINT('Ctrl Pts',(3.85403233209514,14.1580574843321,-6.31946235572065));
#8794=CARTESIAN_POINT('Ctrl Pts',(3.85371218284451,14.1573927618848,-6.32680437990021));
#8795=CARTESIAN_POINT('Ctrl Pts',(3.85355339059327,14.1566286239154,-6.33412629614564));
#8796=CARTESIAN_POINT('Ctrl Pts',(3.85355339059327,14.1557680278579,-6.34142135623731));
#8797=CARTESIAN_POINT('Ctrl Pts',(4.,13.8046494278843,-6.3));
#8798=CARTESIAN_POINT('Ctrl Pts',(4.,13.80573481537,-6.29654978944713));
#8799=CARTESIAN_POINT('Ctrl Pts',(4.00005954713846,13.8067397470237,-6.29308869818741));
#8800=CARTESIAN_POINT('Ctrl Pts',(4.00017960319702,13.8076608846651,-6.28962070999982));
#8801=CARTESIAN_POINT('Origin',(3.49999999999999,15.5,-6.5));
#8802=CARTESIAN_POINT('',(3.14644660940672,14.8593253508726,-6.41380711874577));
#8803=CARTESIAN_POINT('',(4.,14.0133931252681,-6.3));
#8804=CARTESIAN_POINT('Origin',(3.14644660940672,15.5,-6.5));
#8805=CARTESIAN_POINT('Ctrl Pts',(3.1467958704042,14.8937688897063,-6.31981582837238));
#8806=CARTESIAN_POINT('Ctrl Pts',(3.14497183704637,14.8812554312253,-6.34033209156828));
#8807=CARTESIAN_POINT('Ctrl Pts',(3.14644660940672,14.8643567641172,-6.37640845115052));
#8808=CARTESIAN_POINT('Ctrl Pts',(3.14644660940672,14.8593253508726,-6.41380711874577));
#8809=CARTESIAN_POINT('Ctrl Pts',(3.05849266533125,14.9766759295019,-6.33320882475652));
#8810=CARTESIAN_POINT('Ctrl Pts',(3.0531674296354,14.9673827309164,-6.35725744787604));
#8811=CARTESIAN_POINT('Ctrl Pts',(3.05388654819509,14.9557137814574,-6.39154906007311));
#8812=CARTESIAN_POINT('Ctrl Pts',(3.05388654819509,14.9510589664211,-6.42614846024066));
#8813=CARTESIAN_POINT('Ctrl Pts',(2.94041880821742,15.0303306520213,-6.32624934947177));
#8814=CARTESIAN_POINT('Ctrl Pts',(2.92720350321051,15.0194163742289,-6.35784983912302));
#8815=CARTESIAN_POINT('Ctrl Pts',(2.92379291271302,15.0095448834875,-6.39556973977407));
#8816=CARTESIAN_POINT('Ctrl Pts',(2.92379291271302,15.0044643750894,-6.43333333333334));
#8817=CARTESIAN_POINT('Ctrl Pts',(2.82179410321782,15.0414550927569,-6.30065966780033));
#8818=CARTESIAN_POINT('Ctrl Pts',(2.80054173944898,15.02344464331,-6.34208931618078));
#8819=CARTESIAN_POINT('Ctrl Pts',(2.79289321881345,15.0106521160818,-6.38733964184133));
#8820=CARTESIAN_POINT('Ctrl Pts',(2.79289321881345,15.0044643750894,-6.43333333333334));
#8821=CARTESIAN_POINT('',(3.1467958704042,14.8937688897063,-6.31981582837238));
#8822=CARTESIAN_POINT('',(2.82179410321782,15.0414550927569,-6.30065966780033));
#8823=CARTESIAN_POINT('Origin',(2.82179410321782,14.5829101855139,-6.10131933560067));
#8824=CARTESIAN_POINT('',(2.79289321881345,15.0044643750894,-6.43333333333333));
#8825=CARTESIAN_POINT('Ctrl Pts',(2.82179410321782,15.0414550927569,-6.30065966780033));
#8826=CARTESIAN_POINT('Ctrl Pts',(2.80054173944898,15.02344464331,-6.34208931618078));
#8827=CARTESIAN_POINT('Ctrl Pts',(2.79289321881345,15.0106521160818,-6.38733964184133));
#8828=CARTESIAN_POINT('Ctrl Pts',(2.79289321881345,15.0044643750894,-6.43333333333334));
#8829=CARTESIAN_POINT('Origin',(2.79289321881345,14.5089287501788,-6.36666666666667));
#8830=CARTESIAN_POINT('Ctrl Pts',(3.14644660940672,14.8593253508726,-6.41380711874577));
#8831=CARTESIAN_POINT('Ctrl Pts',(3.14644660940672,14.8643567641172,-6.37640845115052));
#8832=CARTESIAN_POINT('Ctrl Pts',(3.14497183704637,14.8812554312253,-6.34033209156828));
#8833=CARTESIAN_POINT('Ctrl Pts',(3.1467958704042,14.8937688897063,-6.31981582837238));
#8834=CARTESIAN_POINT('Origin',(2.79289321881344,15.5,-6.5));
#8835=CARTESIAN_POINT('Origin',(2.79289321881344,15.5,-6.5));
#8836=CARTESIAN_POINT('Ctrl Pts',(3.47263868576959,14.6119716327854,-6.23605997281981));
#8837=CARTESIAN_POINT('Ctrl Pts',(3.39956227285868,14.6751699963302,-6.25484380721923));
#8838=CARTESIAN_POINT('Ctrl Pts',(3.28213507005731,14.7767240649698,-6.28502773447491));
#8839=CARTESIAN_POINT('Ctrl Pts',(3.17585378496237,14.8686388569783,-6.31234667336995));
#8840=CARTESIAN_POINT('Ctrl Pts',(3.15250103014109,14.8888349206625,-6.31834935278263));
#8841=CARTESIAN_POINT('Ctrl Pts',(3.14679280565323,14.89376677827,-6.31981729436627));
#8842=CARTESIAN_POINT('Ctrl Pts',(3.47748430812564,14.7142455762258,-6.28030040502595));
#8843=CARTESIAN_POINT('Ctrl Pts',(3.40076901801365,14.7712126822588,-6.28055884212938));
#8844=CARTESIAN_POINT('Ctrl Pts',(3.26832677890765,14.8568188031527,-6.28678450102892));
#8845=CARTESIAN_POINT('Ctrl Pts',(3.13589200868009,14.9252800731784,-6.30903224480982));
#8846=CARTESIAN_POINT('Ctrl Pts',(3.10403639314244,14.938444509241,-6.32229326157229));
#8847=CARTESIAN_POINT('Ctrl Pts',(3.0963368960768,14.9411443410181,-6.32746896916332));
#8848=CARTESIAN_POINT('Ctrl Pts',(3.49291598953761,14.9191612495088,-6.29539926420619));
#8849=CARTESIAN_POINT('Ctrl Pts',(3.40072512758932,14.9516316792755,-6.27554390868128));
#8850=CARTESIAN_POINT('Ctrl Pts',(3.23593535185602,14.9969697557064,-6.25796034103241));
#8851=CARTESIAN_POINT('Ctrl Pts',(3.05334164168217,15.0158167867385,-6.28332582923762));
#8852=CARTESIAN_POINT('Ctrl Pts',(3.00333362480824,15.0112686924416,-6.31415894665316));
#8853=CARTESIAN_POINT('Ctrl Pts',(2.99127398059707,15.0079383359656,-6.32955858912279));
#8854=CARTESIAN_POINT('Ctrl Pts',(3.51472576999988,15.0937247286055,-6.19693064446299));
#8855=CARTESIAN_POINT('Ctrl Pts',(3.39869085570377,15.1043164408191,-6.18505052941831));
#8856=CARTESIAN_POINT('Ctrl Pts',(3.19680745013571,15.1128769516411,-6.17811947156304));
#8857=CARTESIAN_POINT('Ctrl Pts',(2.96063324555411,15.0787110124767,-6.22536105526173));
#8858=CARTESIAN_POINT('Ctrl Pts',(2.88975806115042,15.0488931685405,-6.28108904069861));
#8859=CARTESIAN_POINT('Ctrl Pts',(2.87263326250336,15.0366874752988,-6.31162667423095));
#8860=CARTESIAN_POINT('Ctrl Pts',(3.52406591201208,15.1536861499316,-6.13935236414082));
#8861=CARTESIAN_POINT('Ctrl Pts',(3.39782809464897,15.1588014040373,-6.13444041361824));
#8862=CARTESIAN_POINT('Ctrl Pts',(3.18004447741328,15.1553845327776,-6.13665549397191));
#8863=CARTESIAN_POINT('Ctrl Pts',(2.92090802444685,15.0994363140868,-6.19584424062087));
#8864=CARTESIAN_POINT('Ctrl Pts',(2.84108904144581,15.0578067096085,-6.26304585152074));
#8865=CARTESIAN_POINT('Ctrl Pts',(2.82179410321782,15.0414550927569,-6.30065966780033));
#8866=CARTESIAN_POINT('',(3.52406591201208,15.1536861499316,-6.13935236414082));
#8867=CARTESIAN_POINT('',(3.22398236797452,14.8270160191167,-6.29997552244494));
#8868=CARTESIAN_POINT('Ctrl Pts',(3.52406591201208,15.1536861499316,-6.13935236414082));
#8869=CARTESIAN_POINT('Ctrl Pts',(3.4840309109159,15.1394487424245,-6.1530239119857));
#8870=CARTESIAN_POINT('Ctrl Pts',(3.44554055822927,15.1216714872497,-6.16774204017849));
#8871=CARTESIAN_POINT('Ctrl Pts',(3.36112733306682,15.0697841882873,-6.20412795089706));
#8872=CARTESIAN_POINT('Ctrl Pts',(3.32274609429699,15.0352076033794,-6.22410352901704));
#8873=CARTESIAN_POINT('Ctrl Pts',(3.2745475884614,14.9741093713494,-6.25318425873478));
#8874=CARTESIAN_POINT('Ctrl Pts',(3.25832197817216,14.9475255783035,-6.26435564401793));
#8875=CARTESIAN_POINT('Ctrl Pts',(3.2320911331295,14.885804603758,-6.28601273823791));
#8876=CARTESIAN_POINT('Ctrl Pts',(3.22567610162354,14.8551285294243,-6.29424113246265));
#8877=CARTESIAN_POINT('Ctrl Pts',(3.2240794654059,14.8289364921981,-6.29959164667371));
#8878=CARTESIAN_POINT('Ctrl Pts',(3.2240275350607,14.827976578379,-6.29978495728537));
#8879=CARTESIAN_POINT('Ctrl Pts',(3.22398236797452,14.8270160191167,-6.29997552244494));
#8880=CARTESIAN_POINT('Ctrl Pts',(3.52406591201208,15.1536861499316,-6.13935236414082));
#8881=CARTESIAN_POINT('Ctrl Pts',(3.39782809464897,15.1588014040373,-6.13444041361824));
#8882=CARTESIAN_POINT('Ctrl Pts',(3.18004447741328,15.1553845327776,-6.13665549397191));
#8883=CARTESIAN_POINT('Ctrl Pts',(2.92090802444685,15.0994363140868,-6.19584424062087));
#8884=CARTESIAN_POINT('Ctrl Pts',(2.84108904144581,15.0578067096085,-6.26304585152074));
#8885=CARTESIAN_POINT('Ctrl Pts',(2.82179410321782,15.0414550927569,-6.30065966780033));
#8886=CARTESIAN_POINT('Ctrl Pts',(3.22398236797453,14.8270160191167,-6.29997552244493));
#8887=CARTESIAN_POINT('Ctrl Pts',(3.19825353545108,14.8492669759799,-6.30658895775408));
#8888=CARTESIAN_POINT('Ctrl Pts',(3.17252470292764,14.8715179328431,-6.31320239306323));
#8889=CARTESIAN_POINT('Ctrl Pts',(3.1467958704042,14.8937688897063,-6.31981582837238));
#8890=CARTESIAN_POINT('Origin',(-3.00000000000001,15.5,-6.5));
#8891=CARTESIAN_POINT('',(4.3,15.5,-6.));
#8892=CARTESIAN_POINT('Ctrl Pts',(4.3,15.5,-6.));
#8893=CARTESIAN_POINT('Ctrl Pts',(4.04105314396045,15.372330067676,-6.));
#8894=CARTESIAN_POINT('Ctrl Pts',(3.78210628792091,15.2478339391769,-6.05454703402536));
#8895=CARTESIAN_POINT('Ctrl Pts',(3.52315943188137,15.1553194843466,-6.14214999813131));
#8896=CARTESIAN_POINT('',(-3.00000000000001,15.5,-6.));
#8897=CARTESIAN_POINT('',(-3.,15.0205025008739,-6.35828850317706));
#8898=CARTESIAN_POINT('Ctrl Pts',(-3.,15.0204163655997,-6.35818642844098));
#8899=CARTESIAN_POINT('Ctrl Pts',(-3.43333333333333,15.0796725767819,-6.15133526748738));
#8900=CARTESIAN_POINT('Ctrl Pts',(-3.86666666666667,15.2860942107283,-6.));
#8901=CARTESIAN_POINT('Ctrl Pts',(-4.3,15.5,-6.));
#8902=CARTESIAN_POINT('',(-2.79289321881345,15.0017168649961,-6.4586005148498));
#8903=CARTESIAN_POINT('Ctrl Pts',(-3.,15.0204163655997,-6.35818642844098));
#8904=CARTESIAN_POINT('Ctrl Pts',(-2.93096440627115,15.0109760862434,-6.39114048854083));
#8905=CARTESIAN_POINT('Ctrl Pts',(-2.8619288125423,15.0045384844522,-6.42463957588433));
#8906=CARTESIAN_POINT('Ctrl Pts',(-2.79289321881345,15.0017168649961,-6.4586005148498));
#8907=CARTESIAN_POINT('Origin',(-2.79289321881345,15.5,-6.5));
#8908=CARTESIAN_POINT('Ctrl Pts',(4.3,15.5,-6.));
#8909=CARTESIAN_POINT('Ctrl Pts',(4.20909131013657,15.0363268757778,-6.));
#8910=CARTESIAN_POINT('Ctrl Pts',(4.11847743572746,14.5731225193815,-6.03350057396993));
#8911=CARTESIAN_POINT('Ctrl Pts',(4.04438897097613,14.1175072640245,-6.08909514179784));
#8912=CARTESIAN_POINT('Ctrl Pts',(4.3,15.5,-6.));
#8913=CARTESIAN_POINT('Ctrl Pts',(4.09494976231327,15.1196683786087,-6.));
#8914=CARTESIAN_POINT('Ctrl Pts',(3.89009606826275,14.7426119285606,-6.07325188712517));
#8915=CARTESIAN_POINT('Ctrl Pts',(3.69625931398408,14.4185787554525,-6.17857969045021));
#8916=CARTESIAN_POINT('Ctrl Pts',(4.3,15.5,-6.));
#8917=CARTESIAN_POINT('Ctrl Pts',(3.98080821448997,15.2030098814395,-6.));
#8918=CARTESIAN_POINT('Ctrl Pts',(3.66171470079804,14.9121013377398,-6.1130032002804));
#8919=CARTESIAN_POINT('Ctrl Pts',(3.34812965699204,14.7196502468806,-6.26806423910258));
#8920=CARTESIAN_POINT('Ctrl Pts',(4.3,15.5,-6.));
#8921=CARTESIAN_POINT('Ctrl Pts',(3.86666666666666,15.2863513842704,-6.));
#8922=CARTESIAN_POINT('Ctrl Pts',(3.43333333333333,15.0815907469189,-6.15275451343564));
#8923=CARTESIAN_POINT('Ctrl Pts',(2.99999999999999,15.0207217383086,-6.35754878775496));
#8924=CARTESIAN_POINT('',(4.01341905430384,14.1442908454134,-6.09705576497245));
#8925=CARTESIAN_POINT('Ctrl Pts',(4.01341905430384,14.1442908454134,-6.09705576497245));
#8926=CARTESIAN_POINT('Ctrl Pts',(3.75027349219407,14.3718659033145,-6.16469568412995));
#8927=CARTESIAN_POINT('Ctrl Pts',(3.4871279300843,14.5994409612156,-6.23233560328744));
#8928=CARTESIAN_POINT('Ctrl Pts',(3.22398236797453,14.8270160191167,-6.29997552244493));
#8929=CARTESIAN_POINT('',(4.03710188014626,14.123809327811,-6.0909682428704));
#8930=CARTESIAN_POINT('Ctrl Pts',(4.03710188014626,14.123809327811,-6.0909682428704));
#8931=CARTESIAN_POINT('Ctrl Pts',(4.02920760486545,14.1306365003451,-6.09299741690442));
#8932=CARTESIAN_POINT('Ctrl Pts',(4.02131332958465,14.1374636728792,-6.09502659093843));
#8933=CARTESIAN_POINT('Ctrl Pts',(4.01341905430384,14.1442908454134,-6.09705576497245));
#8934=CARTESIAN_POINT('Ctrl Pts',(4.3,15.5,-6.));
#8935=CARTESIAN_POINT('Ctrl Pts',(4.29957806150914,15.497847933585,-6.));
#8936=CARTESIAN_POINT('Ctrl Pts',(4.29915616204845,15.4956959847281,-6.00000097163384));
#8937=CARTESIAN_POINT('Ctrl Pts',(4.20950126314954,15.038653634019,-6.00021361543257));
#8938=CARTESIAN_POINT('Ctrl Pts',(4.11772732114352,14.5822535916786,-6.03265118484159));
#8939=CARTESIAN_POINT('Ctrl Pts',(4.03710188014626,14.1238093278109,-6.0909682428704));
#8940=CARTESIAN_POINT('Ctrl Pts',(4.01341905430384,14.1442908454134,-6.09705576497245));
#8941=CARTESIAN_POINT('Ctrl Pts',(3.98111277101311,14.1321663608459,-6.12615977016034));
#8942=CARTESIAN_POINT('Ctrl Pts',(3.93391746127365,14.1118626712217,-6.19682082529894));
#8943=CARTESIAN_POINT('Ctrl Pts',(3.91916857920407,14.0990956277577,-6.2692060090559));
#8944=CARTESIAN_POINT('Ctrl Pts',(3.91916857920407,14.0935028225012,-6.31077752277279));
#8945=CARTESIAN_POINT('Ctrl Pts',(3.72454465967063,14.3941168601777,-6.1713091194391));
#8946=CARTESIAN_POINT('Ctrl Pts',(3.70144725990031,14.3845483232777,-6.19514553690119));
#8947=CARTESIAN_POINT('Ctrl Pts',(3.66770494028633,14.3681669261724,-6.25280104131703));
#8948=CARTESIAN_POINT('Ctrl Pts',(3.65716021676426,14.3577320335269,-6.31181543299208));
#8949=CARTESIAN_POINT('Ctrl Pts',(3.65716021676426,14.353171777728,-6.3457119710981));
#8950=CARTESIAN_POINT('Ctrl Pts',(3.43567026503741,14.643942874942,-6.24556247390574));
#8951=CARTESIAN_POINT('Ctrl Pts',(3.42178174878752,14.6369302857095,-6.26413130364205));
#8952=CARTESIAN_POINT('Ctrl Pts',(3.401492419299,14.6244711811232,-6.30878125733512));
#8953=CARTESIAN_POINT('Ctrl Pts',(3.39515185432445,14.6163684392962,-6.35442485692826));
#8954=CARTESIAN_POINT('Ctrl Pts',(3.39515185432445,14.6128407329549,-6.38064641942341));
#8955=CARTESIAN_POINT('Ctrl Pts',(3.1467958704042,14.8937688897063,-6.31981582837238));
#8956=CARTESIAN_POINT('Ctrl Pts',(3.14211623767473,14.8893122481413,-6.3331170703829));
#8957=CARTESIAN_POINT('Ctrl Pts',(3.13527989831168,14.8807754360739,-6.3647614733532));
#8958=CARTESIAN_POINT('Ctrl Pts',(3.13314349188465,14.8750048450654,-6.39703428086444));
#8959=CARTESIAN_POINT('Ctrl Pts',(3.13314349188465,14.8725096881817,-6.41558086774871));
#8960=CARTESIAN_POINT('Ctrl Pts',(4.01341905430384,14.1442908454134,-6.09705576497245));
#8961=CARTESIAN_POINT('Ctrl Pts',(3.92477169887344,14.1586325301538,-6.15219809354135));
#8962=CARTESIAN_POINT('Ctrl Pts',(3.86136549585285,14.1622541739905,-6.23326948905121));
#8963=CARTESIAN_POINT('Ctrl Pts',(3.85403233209513,14.1580574843321,-6.31946235572081));
#8964=CARTESIAN_POINT('Origin',(-2.79289321881345,15.5,-6.5));
#8965=CARTESIAN_POINT('',(-2.8465546073827,15.0016022757886,-6.43294828206666));
#8966=CARTESIAN_POINT('Ctrl Pts',(-2.79289321881345,15.0017168649961,-6.4586005148498));
#8967=CARTESIAN_POINT('Ctrl Pts',(-2.80942418965087,15.0023925180386,-6.4504683722647));
#8968=CARTESIAN_POINT('Ctrl Pts',(-2.82600983206853,15.0024385689168,-6.44252636538527));
#8969=CARTESIAN_POINT('Ctrl Pts',(-2.84252519590481,15.0017917191377,-6.43484083018119));
#8970=CARTESIAN_POINT('Ctrl Pts',(-2.84386761147407,15.0017391413548,-6.43421612810267));
#8971=CARTESIAN_POINT('Ctrl Pts',(-2.84521076639138,15.0016819443563,-6.43359255731057));
#8972=CARTESIAN_POINT('Ctrl Pts',(-2.84655460740224,15.0016200719224,-6.43297015330587));
#8973=CARTESIAN_POINT('',(-3.14644660940672,14.8593253508726,-6.41380711874577));
#8974=CARTESIAN_POINT('Origin',(-2.79289321881345,14.5089287501788,-6.36666666666667));
#8975=CARTESIAN_POINT('Origin',(-3.14644660940672,15.5,-6.5));
#8976=CARTESIAN_POINT('Ctrl Pts',(-3.14644660940672,14.8593253508726,-6.41380711874577));
#8977=CARTESIAN_POINT('Ctrl Pts',(-3.14644660940672,14.8642869206967,-6.37692759969586));
#8978=CARTESIAN_POINT('Ctrl Pts',(-3.14505922883295,14.8807103907988,-6.34129027149411));
#8979=CARTESIAN_POINT('Ctrl Pts',(-3.14672278874155,14.8932436685268,-6.32067821397072));
#8980=CARTESIAN_POINT('Ctrl Pts',(-3.06655906602941,14.9384995983327,-6.42445879119608));
#8981=CARTESIAN_POINT('Ctrl Pts',(-3.06655906602941,14.9431431358953,-6.38994321687745));
#8982=CARTESIAN_POINT('Ctrl Pts',(-3.06580143976728,14.9551785842263,-6.35588221185353));
#8983=CARTESIAN_POINT('Ctrl Pts',(-3.07038355152096,14.9649144778125,-6.33236290247364));
#8984=CARTESIAN_POINT('Ctrl Pts',(-2.95888011958822,14.9895854201433,-6.43133159969427));
#8985=CARTESIAN_POINT('Ctrl Pts',(-2.95888011958822,14.9944915738924,-6.39486399023502));
#8986=CARTESIAN_POINT('Ctrl Pts',(-2.96116674283591,15.0045725044837,-6.3585598283614));
#8987=CARTESIAN_POINT('Ctrl Pts',(-2.97184911894365,15.0149643073157,-6.3291767057175));
#8988=CARTESIAN_POINT('Ctrl Pts',(-2.8465546073827,15.0016022757886,-6.43294828206666));
#8989=CARTESIAN_POINT('Ctrl Pts',(-2.8465546073827,15.0072950417876,-6.39063375671447));
#8990=CARTESIAN_POINT('Ctrl Pts',(-2.85233428957014,15.0188444079994,-6.34886169985983));
#8991=CARTESIAN_POINT('Ctrl Pts',(-2.86969513407566,15.0339577978016,-6.31172028331066));
#8992=CARTESIAN_POINT('',(-3.14672278874155,14.8932436685268,-6.32067821397072));
#8993=CARTESIAN_POINT('Ctrl Pts',(-2.8465546073827,15.0016022757886,-6.43294828206666));
#8994=CARTESIAN_POINT('Ctrl Pts',(-2.86501331010414,15.0007434442833,-6.42438789816216));
#8995=CARTESIAN_POINT('Ctrl Pts',(-2.88354803769713,14.999016644672,-6.41603050388851));
#8996=CARTESIAN_POINT('Ctrl Pts',(-2.90203213321806,14.9964220456978,-6.4079699794769));
#8997=CARTESIAN_POINT('Ctrl Pts',(-2.90580520424326,14.9958924224765,-6.40632462273921));
#8998=CARTESIAN_POINT('Ctrl Pts',(-2.90957605155411,14.995326510342,-6.40469165742951));
#8999=CARTESIAN_POINT('Ctrl Pts',(-2.91334345543916,14.9947240983,-6.40307192294683));
#9000=CARTESIAN_POINT('Ctrl Pts',(-2.93307493250661,14.9915690133255,-6.39458869290956));
#9001=CARTESIAN_POINT('Ctrl Pts',(-2.95285937438882,14.987392579712,-6.38640937428949));
#9002=CARTESIAN_POINT('Ctrl Pts',(-2.97247967925023,14.9820972449977,-6.37866265412631));
#9003=CARTESIAN_POINT('Ctrl Pts',(-2.97443745491483,14.9815688598624,-6.37788966204882));
#9004=CARTESIAN_POINT('Ctrl Pts',(-2.97639358709839,14.9810292939599,-6.37712096533731));
#9005=CARTESIAN_POINT('Ctrl Pts',(-2.97834785698509,14.980478423742,-6.37635668025452));
#9006=CARTESIAN_POINT('Ctrl Pts',(-2.99382468611124,14.9761158102201,-6.37030392893782));
#9007=CARTESIAN_POINT('Ctrl Pts',(-3.00927715085572,14.9710195189905,-6.36448841808315));
#9008=CARTESIAN_POINT('Ctrl Pts',(-3.02453245252048,14.9651209078172,-6.35898812779766));
#9009=CARTESIAN_POINT('Ctrl Pts',(-3.03536772030117,14.9609313458536,-6.35508147819975));
#9010=CARTESIAN_POINT('Ctrl Pts',(-3.04610361204758,14.9563369840149,-6.3513334769145));
#9011=CARTESIAN_POINT('Ctrl Pts',(-3.05668478318338,14.9513146438986,-6.34775691730504));
#9012=CARTESIAN_POINT('Ctrl Pts',(-3.06679683986324,14.9465149683929,-6.3443389238688));
#9013=CARTESIAN_POINT('Ctrl Pts',(-3.07679616380167,14.9413229424454,-6.34104160337865));
#9014=CARTESIAN_POINT('Ctrl Pts',(-3.08659825111892,14.9357098361204,-6.33793657411846));
#9015=CARTESIAN_POINT('Ctrl Pts',(-3.09631504939507,14.9301455700517,-6.33485856205976));
#9016=CARTESIAN_POINT('Ctrl Pts',(-3.10583773100021,14.9241675774665,-6.33196964524707));
#9017=CARTESIAN_POINT('Ctrl Pts',(-3.1151043437781,14.9177540326,-6.32929243367098));
#9018=CARTESIAN_POINT('Ctrl Pts',(-3.12536083866117,14.9106553772787,-6.3263292358457));
#9019=CARTESIAN_POINT('Ctrl Pts',(-3.13530314628799,14.9030242722954,-6.32362450469236));
#9020=CARTESIAN_POINT('Ctrl Pts',(-3.14487977882964,14.894831259575,-6.32115231127101));
#9021=CARTESIAN_POINT('Ctrl Pts',(-3.14549561967188,14.8943043946429,-6.32099333287519));
#9022=CARTESIAN_POINT('Ctrl Pts',(-3.14610995940525,14.8937752011294,-6.3208353040095));
#9023=CARTESIAN_POINT('Ctrl Pts',(-3.14672278874155,14.8932436685268,-6.32067821397072));
#9024=CARTESIAN_POINT('Ctrl Pts',(-3.14672278874155,14.8932436685268,-6.32067821397072));
#9025=CARTESIAN_POINT('Ctrl Pts',(-3.14505922883295,14.8807103907988,-6.34129027149411));
#9026=CARTESIAN_POINT('Ctrl Pts',(-3.14644660940672,14.8642869206967,-6.37692759969586));
#9027=CARTESIAN_POINT('Ctrl Pts',(-3.14644660940672,14.8593253508726,-6.41380711874577));
#9028=CARTESIAN_POINT('Ctrl Pts',(4.03710188014626,14.1238093278109,-6.0909682428704));
#9029=CARTESIAN_POINT('Ctrl Pts',(4.11772732114352,14.5822535916786,-6.03265118484159));
#9030=CARTESIAN_POINT('Ctrl Pts',(4.20950126314954,15.038653634019,-6.00021361543257));
#9031=CARTESIAN_POINT('Ctrl Pts',(4.29915616204845,15.4956959847281,-6.00000097163384));
#9032=CARTESIAN_POINT('Ctrl Pts',(4.29957806150914,15.497847933585,-6.));
#9033=CARTESIAN_POINT('Ctrl Pts',(4.3,15.5,-6.));
#9034=CARTESIAN_POINT('Ctrl Pts',(4.07483185353851,14.1127595985632,-6.07973401572916));
#9035=CARTESIAN_POINT('Ctrl Pts',(4.14117387028756,14.5748333322147,-6.02857970292804));
#9036=CARTESIAN_POINT('Ctrl Pts',(4.22041867672677,15.0351042223295,-6.00019255980261));
#9037=CARTESIAN_POINT('Ctrl Pts',(4.29925794662904,15.4956627616714,-6.0000008351038));
#9038=CARTESIAN_POINT('Ctrl Pts',(4.29962893064919,15.4978313406654,-6.));
#9039=CARTESIAN_POINT('Ctrl Pts',(4.3,15.5,-6.));
#9040=CARTESIAN_POINT('Ctrl Pts',(4.11103292748397,14.1013694830058,-6.06370875932743));
#9041=CARTESIAN_POINT('Ctrl Pts',(4.16467293590695,14.5674598977189,-6.02339795888477));
#9042=CARTESIAN_POINT('Ctrl Pts',(4.23133176921998,15.0315503988063,-6.00015614390111));
#9043=CARTESIAN_POINT('Ctrl Pts',(4.29935974548891,15.4956295532647,-6.00000068741582));
#9044=CARTESIAN_POINT('Ctrl Pts',(4.29967979978924,15.4978147477459,-6.));
#9045=CARTESIAN_POINT('Ctrl Pts',(4.3,15.5,-6.));
#9046=CARTESIAN_POINT('Ctrl Pts',(4.14462543555381,14.0899786817068,-6.0433704133909));
#9047=CARTESIAN_POINT('Ctrl Pts',(4.18836880718305,14.5600872874096,-6.01688629905278));
#9048=CARTESIAN_POINT('Ctrl Pts',(4.24222722862682,15.0279965079355,-6.00012568678381));
#9049=CARTESIAN_POINT('Ctrl Pts',(4.29946160281569,15.4955963450844,-6.00000045768));
#9050=CARTESIAN_POINT('Ctrl Pts',(4.29973066892929,15.4977981548263,-6.));
#9051=CARTESIAN_POINT('Ctrl Pts',(4.3,15.5,-6.));
#9052=CARTESIAN_POINT('',(4.14462543555382,14.0899786817068,-6.0433704133909));
#9053=CARTESIAN_POINT('Origin',(3.88566782814351,14.0899786817068,-5.61565443570906));
#9054=CARTESIAN_POINT('Ctrl Pts',(4.14462543555381,14.0899786817068,-6.0433704133909));
#9055=CARTESIAN_POINT('Ctrl Pts',(4.18836880718305,14.5600872874096,-6.01688629905278));
#9056=CARTESIAN_POINT('Ctrl Pts',(4.24222722862682,15.0279965079355,-6.00012568678381));
#9057=CARTESIAN_POINT('Ctrl Pts',(4.29946160281569,15.4955963450844,-6.00000045768));
#9058=CARTESIAN_POINT('Ctrl Pts',(4.29973066892929,15.4977981548263,-6.));
#9059=CARTESIAN_POINT('Ctrl Pts',(4.3,15.5,-6.));
#9060=CARTESIAN_POINT('Ctrl Pts',(4.04731851233217,14.1149715713336,-6.08834284688999));
#9061=CARTESIAN_POINT('Ctrl Pts',(4.04732204845755,14.1149706630942,-6.08834121259556));
#9062=CARTESIAN_POINT('Ctrl Pts',(4.04393392765686,14.117900797204,-6.08921210783398));
#9063=CARTESIAN_POINT('Ctrl Pts',(4.03710188014626,14.123809327811,-6.0909682428704));
#9064=CARTESIAN_POINT('Ctrl Pts',(4.07868858513998,14.0878440745079,-6.08027864073061));
#9065=CARTESIAN_POINT('Ctrl Pts',(4.07985800057922,14.0932325801238,-6.07880774391708));
#9066=CARTESIAN_POINT('Ctrl Pts',(4.07867014631559,14.1017613595528,-6.07857189858809));
#9067=CARTESIAN_POINT('Ctrl Pts',(4.07483185353851,14.1127595985632,-6.07973401572916));
#9068=CARTESIAN_POINT('Ctrl Pts',(4.10801856462939,14.0598240141768,-6.06731434622226));
#9069=CARTESIAN_POINT('Ctrl Pts',(4.11071527979171,14.0708790549016,-6.0648246925717));
#9070=CARTESIAN_POINT('Ctrl Pts',(4.11187201012802,14.0851510843424,-6.06355664416891));
#9071=CARTESIAN_POINT('Ctrl Pts',(4.11103292748397,14.1013694830058,-6.06370875932743));
#9072=CARTESIAN_POINT('Ctrl Pts',(4.1343787578646,14.0318020318071,-6.04986083042928));
#9073=CARTESIAN_POINT('Ctrl Pts',(4.13901326564797,14.0485245310214,-6.04679224690002));
#9074=CARTESIAN_POINT('Ctrl Pts',(4.14263056602695,14.0685398831665,-6.04457819300805));
#9075=CARTESIAN_POINT('Ctrl Pts',(4.14462543555381,14.0899786817068,-6.0433704133909));
#9076=CARTESIAN_POINT('',(4.04732204845755,14.1149706630942,-6.08834121259556));
#9077=CARTESIAN_POINT('Ctrl Pts',(4.04731851299848,14.1149715711648,-6.08834284658127));
#9078=CARTESIAN_POINT('Ctrl Pts',(4.04736287242336,14.1149638924614,-6.08832109160623));
#9079=CARTESIAN_POINT('Ctrl Pts',(4.04393349613292,14.1179011704133,-6.0892122187525));
#9080=CARTESIAN_POINT('Ctrl Pts',(4.03710188019052,14.123809327798,-6.09096824285722));
#9081=CARTESIAN_POINT('',(4.1343787578646,14.0318020318071,-6.04986083042928));
#9082=CARTESIAN_POINT('Origin',(3.85834335430561,14.0318020318071,-5.63296221447808));
#9083=CARTESIAN_POINT('Ctrl Pts',(4.1343787578646,14.0318020318071,-6.04986083042928));
#9084=CARTESIAN_POINT('Ctrl Pts',(4.13901326564797,14.0485245310214,-6.04679224690002));
#9085=CARTESIAN_POINT('Ctrl Pts',(4.14263056602695,14.0685398831665,-6.04457819300805));
#9086=CARTESIAN_POINT('Ctrl Pts',(4.14462543555381,14.0899786817068,-6.0433704133909));
#9087=CARTESIAN_POINT('Ctrl Pts',(4.01341905430384,14.1442908454134,-6.09705576497246));
#9088=CARTESIAN_POINT('Ctrl Pts',(4.03074700234723,14.1293051897646,-6.09260172442006));
#9089=CARTESIAN_POINT('Ctrl Pts',(4.04732204845755,14.1149706630942,-6.08834121259556));
#9090=CARTESIAN_POINT('Ctrl Pts',(4.04732098778901,14.1149745178187,-6.08834133940482));
#9091=CARTESIAN_POINT('Ctrl Pts',(4.04890074288823,14.083196786618,-6.10372261117757));
#9092=CARTESIAN_POINT('Ctrl Pts',(4.06177257620585,14.0773196064672,-6.09365683870096));
#9093=CARTESIAN_POINT('Ctrl Pts',(4.0758080645075,14.074571031341,-6.08390177454388));
#9094=CARTESIAN_POINT('Ctrl Pts',(4.07868858513998,14.0878440745079,-6.08027864073062));
#9095=CARTESIAN_POINT('Ctrl Pts',(4.07622222492656,14.016149622534,-6.09885532631429));
#9096=CARTESIAN_POINT('Ctrl Pts',(4.08776238712823,14.022191223612,-6.08572716300067));
#9097=CARTESIAN_POINT('Ctrl Pts',(4.10137597773994,14.0325930816678,-6.07344689627039));
#9098=CARTESIAN_POINT('Ctrl Pts',(4.10801856462939,14.0598240141768,-6.06731434622226));
#9099=CARTESIAN_POINT('Ctrl Pts',(4.09297247654347,13.9490660275627,-6.08288343100662));
#9100=CARTESIAN_POINT('Ctrl Pts',(4.10712593824583,13.9670585887444,-6.06938765710894));
#9101=CARTESIAN_POINT('Ctrl Pts',(4.12296297281208,13.9906109354719,-6.05741940873429));
#9102=CARTESIAN_POINT('Ctrl Pts',(4.1343787578646,14.0318020318071,-6.04986083042928));
#9103=CARTESIAN_POINT('',(4.09297247654347,13.9490660275627,-6.08288343100662));
#9104=CARTESIAN_POINT('Origin',(3.74792660411594,13.9490660275627,-5.72102248268431));
#9105=CARTESIAN_POINT('Ctrl Pts',(4.09297247654347,13.9490660275627,-6.08288343100662));
#9106=CARTESIAN_POINT('Ctrl Pts',(4.10712593824583,13.9670585887444,-6.06938765710894));
#9107=CARTESIAN_POINT('Ctrl Pts',(4.12296297281208,13.9906109354719,-6.05741940873429));
#9108=CARTESIAN_POINT('Ctrl Pts',(4.1343787578646,14.0318020318071,-6.04986083042928));
#9109=CARTESIAN_POINT('Ctrl Pts',(4.09297247654348,13.9490660275627,-6.08288343100662));
#9110=CARTESIAN_POINT('Ctrl Pts',(4.03875438364519,13.8801413804237,-6.13458209938236));
#9111=CARTESIAN_POINT('Ctrl Pts',(4.00292953947233,13.8287599525888,-6.21018490151116));
#9112=CARTESIAN_POINT('Ctrl Pts',(4.00017960306319,13.8076608836382,-6.28962071386572));
#9113=CARTESIAN_POINT('Ctrl Pts',(4.07622222492656,14.016149622534,-6.09885532631429));
#9114=CARTESIAN_POINT('Ctrl Pts',(4.02159558460307,13.9776325875349,-6.15904451319554));
#9115=CARTESIAN_POINT('Ctrl Pts',(3.99855959704616,13.9506940521773,-6.23461777894455));
#9116=CARTESIAN_POINT('Ctrl Pts',(3.99973329793342,13.9372496962899,-6.30251287036201));
#9117=CARTESIAN_POINT('Ctrl Pts',(4.04890074288823,14.083196786618,-6.10372261117757));
#9118=CARTESIAN_POINT('Ctrl Pts',(3.98174885932982,14.0749966371233,-6.16521931537556));
#9119=CARTESIAN_POINT('Ctrl Pts',(3.94702606403132,14.0720737072726,-6.24299941900198));
#9120=CARTESIAN_POINT('Ctrl Pts',(3.94600913445052,14.0660565096833,-6.31348274503022));
#9121=CARTESIAN_POINT('Ctrl Pts',(4.01341905430384,14.1442908454134,-6.09705576497245));
#9122=CARTESIAN_POINT('Ctrl Pts',(3.92477169887344,14.1586325301538,-6.15219809354135));
#9123=CARTESIAN_POINT('Ctrl Pts',(3.86136549585285,14.1622541739905,-6.23326948905121));
#9124=CARTESIAN_POINT('Ctrl Pts',(3.85403233209513,14.1580574843321,-6.31946235572081));
#9125=CARTESIAN_POINT('Ctrl Pts',(4.00017960319702,13.8076608846651,-6.28962070999983));
#9126=CARTESIAN_POINT('Ctrl Pts',(4.00292954063465,13.8287599542559,-6.21018489905825));
#9127=CARTESIAN_POINT('Ctrl Pts',(4.03875438452473,13.8801413815418,-6.13458209854369));
#9128=CARTESIAN_POINT('Ctrl Pts',(4.09297247654348,13.9490660275627,-6.08288343100662));
#9129=CARTESIAN_POINT('Origin',(4.3,16.88,-6.3));
#9130=CARTESIAN_POINT('',(4.3,4.72426406871191,-6.));
#9131=CARTESIAN_POINT('Origin',(4.3,4.72426406871191,-6.3));
#9132=CARTESIAN_POINT('',(4.3,16.88,-6.));
#9133=CARTESIAN_POINT('Ctrl Pts',(-4.3,15.5,-6.));
#9134=CARTESIAN_POINT('Ctrl Pts',(-4.29957067971211,15.4978484969871,-6.));
#9135=CARTESIAN_POINT('Ctrl Pts',(-4.29914140859414,15.4956971198837,-6.00000100354769));
#9136=CARTESIAN_POINT('Ctrl Pts',(-4.20793955069355,15.0388856402772,-6.0002187902168));
#9137=CARTESIAN_POINT('Ctrl Pts',(-4.11470178441761,14.5826771948462,-6.03360550709822));
#9138=CARTESIAN_POINT('Ctrl Pts',(-4.03324442048929,14.1243262517145,-6.09343106822274));
#9139=CARTESIAN_POINT('Ctrl Pts',(-4.3,15.5,-6.));
#9140=CARTESIAN_POINT('Ctrl Pts',(-4.2996228523835,15.4978318978477,-6.00000099856022));
#9141=CARTESIAN_POINT('Ctrl Pts',(-4.29924608672002,15.4956620106414,-5.99999994304101));
#9142=CARTESIAN_POINT('Ctrl Pts',(-4.21915081474289,15.0352124261987,-6.00021967003744));
#9143=CARTESIAN_POINT('Ctrl Pts',(-4.13871781951379,14.5750137579119,-6.02947146575073));
#9144=CARTESIAN_POINT('Ctrl Pts',(-4.07179738979359,14.1129149485965,-6.08192691641352));
#9145=CARTESIAN_POINT('Ctrl Pts',(-4.3,15.5,-6.));
#9146=CARTESIAN_POINT('Ctrl Pts',(-4.29967673096911,15.497813680677,-5.9999981104172));
#9147=CARTESIAN_POINT('Ctrl Pts',(-4.29934919676155,15.4956284044229,-6.00000244564879));
#9148=CARTESIAN_POINT('Ctrl Pts',(-4.23040529389,15.0315006640731,-6.00012245574902));
#9149=CARTESIAN_POINT('Ctrl Pts',(-4.16283592860181,14.5673290878475,-6.02398740111523));
#9150=CARTESIAN_POINT('Ctrl Pts',(-4.10874349623178,14.1011355209778,-6.06541297699958));
#9151=CARTESIAN_POINT('Ctrl Pts',(-4.30000000000001,15.5,-6.));
#9152=CARTESIAN_POINT('Ctrl Pts',(-4.29972749205959,15.4977967756869,-6.));
#9153=CARTESIAN_POINT('Ctrl Pts',(-4.29945525474937,15.4955935926537,-6.00000047262929));
#9154=CARTESIAN_POINT('Ctrl Pts',(-4.24155888845318,15.0278160095641,-6.00012740851055));
#9155=CARTESIAN_POINT('Ctrl Pts',(-4.1870475753065,14.5597030838261,-6.01729332616214));
#9156=CARTESIAN_POINT('Ctrl Pts',(-4.14293055319182,14.0893553174128,-6.04440424714136));
#9157=CARTESIAN_POINT('',(-4.03324442048929,14.1243262517145,-6.09343106822275));
#9158=CARTESIAN_POINT('Origin',(-3.88114814184486,14.0893553174128,-5.6184113257103));
#9159=CARTESIAN_POINT('Ctrl Pts',(-4.03324442048929,14.1243262517145,-6.09343106822274));
#9160=CARTESIAN_POINT('Ctrl Pts',(-4.11470178441761,14.5826771948462,-6.03360550709822));
#9161=CARTESIAN_POINT('Ctrl Pts',(-4.20793955069355,15.0388856402772,-6.0002187902168));
#9162=CARTESIAN_POINT('Ctrl Pts',(-4.29914140859414,15.4956971198837,-6.00000100354769));
#9163=CARTESIAN_POINT('Ctrl Pts',(-4.29957067971211,15.4978484969871,-6.));
#9164=CARTESIAN_POINT('Ctrl Pts',(-4.3,15.5,-6.));
#9165=CARTESIAN_POINT('Ctrl Pts',(-4.03324442048929,14.1243262517145,-6.09343106822275));
#9166=CARTESIAN_POINT('Ctrl Pts',(-4.04021763496737,14.1182780901453,-6.09164358438695));
#9167=CARTESIAN_POINT('Ctrl Pts',(-4.04366109411471,14.1152914335115,-6.09076090286547));
#9168=CARTESIAN_POINT('Ctrl Pts',(-4.04365756729123,14.1152923549641,-6.09076254981453));
#9169=CARTESIAN_POINT('Ctrl Pts',(-4.07179738979359,14.1129149485965,-6.08192691641352));
#9170=CARTESIAN_POINT('Ctrl Pts',(-4.07570933871012,14.1016627472785,-6.08074726811669));
#9171=CARTESIAN_POINT('Ctrl Pts',(-4.07691506194418,14.0929665030595,-6.08101024487156));
#9172=CARTESIAN_POINT('Ctrl Pts',(-4.07573513586725,14.0874722710141,-6.08253918082301));
#9173=CARTESIAN_POINT('Ctrl Pts',(-4.10874349623178,14.1011355209778,-6.06541297699958));
#9174=CARTESIAN_POINT('Ctrl Pts',(-4.10958455420016,14.0845396171468,-6.06527429944311));
#9175=CARTESIAN_POINT('Ctrl Pts',(-4.10839737572575,14.0699785383395,-6.06660336209628));
#9176=CARTESIAN_POINT('Ctrl Pts',(-4.10565697528607,14.0586917473431,-6.0691914384283));
#9177=CARTESIAN_POINT('Ctrl Pts',(-4.14293055319182,14.0893553174128,-6.04440424714136));
#9178=CARTESIAN_POINT('Ctrl Pts',(-4.14087266743454,14.0674154419843,-6.04566886509325));
#9179=CARTESIAN_POINT('Ctrl Pts',(-4.13716702160902,14.0469894455711,-6.04797213449275));
#9180=CARTESIAN_POINT('Ctrl Pts',(-4.13242938123151,14.0299090560167,-6.05116252748923));
#9181=CARTESIAN_POINT('',(-4.04366109411471,14.1152914335115,-6.09076090286547));
#9182=CARTESIAN_POINT('Origin',(-3.85314501661737,14.0299090560167,-5.63643340663796));
#9183=CARTESIAN_POINT('Ctrl Pts',(-4.03324442048929,14.1243262517145,-6.09343106822275));
#9184=CARTESIAN_POINT('Ctrl Pts',(-4.04366109411471,14.1152914335115,-6.09076090286547));
#9185=CARTESIAN_POINT('Ctrl Pts',(-4.0436600263238,14.1152952862729,-6.09076102956316));
#9186=CARTESIAN_POINT('Ctrl Pts',(-4.04366109411471,14.1152914335115,-6.09076090286547));
#9187=CARTESIAN_POINT('Ctrl Pts',(-4.02698565274202,14.12975474365,-6.0950354138535));
#9188=CARTESIAN_POINT('Ctrl Pts',(-4.0094979746227,14.1449225408069,-6.09951813011903));
#9189=CARTESIAN_POINT('Ctrl Pts',(-4.07573513586725,14.0874722710141,-6.08253918082301));
#9190=CARTESIAN_POINT('Ctrl Pts',(-4.07284608522568,14.0740196362042,-6.08628278262805));
#9191=CARTESIAN_POINT('Ctrl Pts',(-4.05880272112479,14.0768027548941,-6.09622657987401));
#9192=CARTESIAN_POINT('Ctrl Pts',(-4.0459355056929,14.0828352006961,-6.10646271639801));
#9193=CARTESIAN_POINT('Ctrl Pts',(-4.10565697528607,14.0586917473431,-6.0691914384283));
#9194=CARTESIAN_POINT('Ctrl Pts',(-4.09894710099549,14.0310560238797,-6.07552834692926));
#9195=CARTESIAN_POINT('Ctrl Pts',(-4.08531932623896,14.0205030675158,-6.08810413148208));
#9196=CARTESIAN_POINT('Ctrl Pts',(-4.0738123102807,14.0144454981127,-6.10153778048522));
#9197=CARTESIAN_POINT('Ctrl Pts',(-4.13242938123152,14.0299090560167,-6.05116252748923));
#9198=CARTESIAN_POINT('Ctrl Pts',(-4.12082926217349,13.9880876984208,-6.05897420918142));
#9199=CARTESIAN_POINT('Ctrl Pts',(-4.10484568510217,13.9641984598989,-6.07128187920708));
#9200=CARTESIAN_POINT('Ctrl Pts',(-4.09057577581886,13.9460157151536,-6.08519428702633));
#9201=CARTESIAN_POINT('',(-4.0094979746227,14.1449225408069,-6.09951813011903));
#9202=CARTESIAN_POINT('Origin',(-3.74153540218361,13.9460157151536,-5.72718476540356));
#9203=CARTESIAN_POINT('Ctrl Pts',(-4.00949797462271,14.1449225408069,-6.09951813011903));
#9204=CARTESIAN_POINT('Ctrl Pts',(-4.01848871071343,14.1371244980716,-6.09721348346222));
#9205=CARTESIAN_POINT('Ctrl Pts',(-4.02726475827964,14.1295126637037,-6.09496386913929));
#9206=CARTESIAN_POINT('Ctrl Pts',(-4.0336703124185,14.1239572554706,-6.09332187693766));
#9207=CARTESIAN_POINT('Ctrl Pts',(-4.0094979746227,14.1449225408069,-6.09951813011903));
#9208=CARTESIAN_POINT('Ctrl Pts',(-3.92289988601368,14.1588135256106,-6.15442063641228));
#9209=CARTESIAN_POINT('Ctrl Pts',(-3.86125299141401,14.1621897889269,-6.2345918487327));
#9210=CARTESIAN_POINT('Ctrl Pts',(-3.85403233209512,14.1580574843321,-6.31946235572097));
#9211=CARTESIAN_POINT('Ctrl Pts',(-4.0459355056929,14.0828352006961,-6.10646271639801));
#9212=CARTESIAN_POINT('Ctrl Pts',(-3.98068001240963,14.0749238157164,-6.16753533280313));
#9213=CARTESIAN_POINT('Ctrl Pts',(-3.94701046243073,14.0719813922146,-6.24408076496666));
#9214=CARTESIAN_POINT('Ctrl Pts',(-3.94600913445052,14.0660565096833,-6.31348274503035));
#9215=CARTESIAN_POINT('Ctrl Pts',(-4.0738123102807,14.0144454981127,-6.10153778048522));
#9216=CARTESIAN_POINT('Ctrl Pts',(-4.0208557484916,13.9768360506011,-6.16133992617831));
#9217=CARTESIAN_POINT('Ctrl Pts',(-3.99857760381156,13.9504877906285,-6.23565941655252));
#9218=CARTESIAN_POINT('Ctrl Pts',(-3.99973329793343,13.9372496962899,-6.30251287036214));
#9219=CARTESIAN_POINT('Ctrl Pts',(-4.09057577581886,13.9460157151536,-6.08519428702633));
#9220=CARTESIAN_POINT('Ctrl Pts',(-4.03767735121427,13.8786124448934,-6.13676745693815));
#9221=CARTESIAN_POINT('Ctrl Pts',(-4.00288735030775,13.8284362534339,-6.21140359534955));
#9222=CARTESIAN_POINT('Ctrl Pts',(-4.0001796030632,13.8076608836382,-6.28962071386588));
#9223=CARTESIAN_POINT('Ctrl Pts',(-3.85403233209512,14.1580574843321,-6.31946235572097));
#9224=CARTESIAN_POINT('Ctrl Pts',(-3.86125299141401,14.1621897889269,-6.2345918487327));
#9225=CARTESIAN_POINT('Ctrl Pts',(-3.92289988601368,14.1588135256106,-6.15442063641228));
#9226=CARTESIAN_POINT('Ctrl Pts',(-4.0094979746227,14.1449225408069,-6.09951813011903));
#9227=CARTESIAN_POINT('Ctrl Pts',(-4.3,15.5,-6.));
#9228=CARTESIAN_POINT('Ctrl Pts',(-3.86666666666667,15.2860942107283,-6.));
#9229=CARTESIAN_POINT('Ctrl Pts',(-3.43333333333333,15.0796725767819,-6.15133526748738));
#9230=CARTESIAN_POINT('Ctrl Pts',(-2.93096440627115,15.0109760862434,-6.39114048854083));
#9231=CARTESIAN_POINT('Ctrl Pts',(-2.8619288125423,15.0045384844522,-6.42463957588433));
#9232=CARTESIAN_POINT('Ctrl Pts',(-2.79289321881344,15.0017168649961,-6.4586005148498));
#9233=CARTESIAN_POINT('Ctrl Pts',(-4.3,15.5,-6.));
#9234=CARTESIAN_POINT('Ctrl Pts',(-3.98027809395121,15.2028790324286,-6.));
#9235=CARTESIAN_POINT('Ctrl Pts',(-3.66066180072111,14.9104241303243,-6.1117900956465));
#9236=CARTESIAN_POINT('Ctrl Pts',(-3.29678076967807,14.6892396955444,-6.29438520424931));
#9237=CARTESIAN_POINT('Ctrl Pts',(-3.24677619799481,14.6618471835267,-6.3200224715885));
#9238=CARTESIAN_POINT('Ctrl Pts',(-3.19677162631155,14.638070653844,-6.34612159054965));
#9239=CARTESIAN_POINT('Ctrl Pts',(-4.3,15.5,-6.));
#9240=CARTESIAN_POINT('Ctrl Pts',(-4.0938970916942,15.1194612069099,-5.99968680256191));
#9241=CARTESIAN_POINT('Ctrl Pts',(-3.88794496437531,14.7423667516505,-6.0736599695413));
#9242=CARTESIAN_POINT('Ctrl Pts',(-3.66260074173075,14.3674079707945,-6.1975093816007));
#9243=CARTESIAN_POINT('Ctrl Pts',(-3.63202714688088,14.3161312668703,-6.21494375739015));
#9244=CARTESIAN_POINT('Ctrl Pts',(-3.60190718196105,14.2653116336073,-6.23291421398815));
#9245=CARTESIAN_POINT('Ctrl Pts',(-4.3,15.5,-6.));
#9246=CARTESIAN_POINT('Ctrl Pts',(-4.20750094852028,15.0364486758292,-6.));
#9247=CARTESIAN_POINT('Ctrl Pts',(-4.11526372401102,14.5733705603992,-6.03436650676696));
#9248=CARTESIAN_POINT('Ctrl Pts',(-4.02841847119528,14.0456359799218,-6.10071741689216));
#9249=CARTESIAN_POINT('Ctrl Pts',(-4.01691726622046,13.9731402538286,-6.11030625413443));
#9250=CARTESIAN_POINT('Ctrl Pts',(-4.00592216988903,13.9006753789343,-6.12035614840072));
#9251=CARTESIAN_POINT('Ctrl Pts',(-3.14672278874155,14.8932436685268,-6.32067821397072));
#9252=CARTESIAN_POINT('Ctrl Pts',(-3.4343145173686,14.6438032926202,-6.24695818602016));
#9253=CARTESIAN_POINT('Ctrl Pts',(-3.72190624599565,14.3943629167136,-6.17323815806959));
#9254=CARTESIAN_POINT('Ctrl Pts',(-4.0094979746227,14.1449225408069,-6.09951813011903));
#9255=CARTESIAN_POINT('Ctrl Pts',(-3.14672278874155,14.8932436685268,-6.32067821397072));
#9256=CARTESIAN_POINT('Ctrl Pts',(-3.1436884815412,14.890327137387,-6.3294693922179));
#9257=CARTESIAN_POINT('Ctrl Pts',(-3.13918057323122,14.8852015214493,-6.34728408378597));
#9258=CARTESIAN_POINT('Ctrl Pts',(-3.13450923382152,14.8779693846772,-6.37891083106389));
#9259=CARTESIAN_POINT('Ctrl Pts',(-3.13337028738448,14.8741383401272,-6.40177407560615));
#9260=CARTESIAN_POINT('Ctrl Pts',(-3.13337028738448,14.8722849176822,-6.41555062834873));
#9261=CARTESIAN_POINT('Ctrl Pts',(-3.4343145173686,14.6438032926202,-6.24695818602016));
#9262=CARTESIAN_POINT('Ctrl Pts',(-3.42533265655085,14.6392342195618,-6.25922941826253));
#9263=CARTESIAN_POINT('Ctrl Pts',(-3.41198878516738,14.631586425308,-6.28428118858581));
#9264=CARTESIAN_POINT('Ctrl Pts',(-3.39816114095076,14.6212083279607,-6.32892577157424));
#9265=CARTESIAN_POINT('Ctrl Pts',(-3.39478974257186,14.615818021973,-6.36123196595595));
#9266=CARTESIAN_POINT('Ctrl Pts',(-3.39478974257186,14.6131996115021,-6.38069470099042));
#9267=CARTESIAN_POINT('Ctrl Pts',(-3.72190624599565,14.3943629167136,-6.17323815806959));
#9268=CARTESIAN_POINT('Ctrl Pts',(-3.70697683156051,14.3881413017367,-6.18898944430716));
#9269=CARTESIAN_POINT('Ctrl Pts',(-3.68479699710355,14.3779713291667,-6.22127829338566));
#9270=CARTESIAN_POINT('Ctrl Pts',(-3.66181304808001,14.3644472712442,-6.27894071208459));
#9271=CARTESIAN_POINT('Ctrl Pts',(-3.65620919775924,14.3574977038187,-6.32068985630576));
#9272=CARTESIAN_POINT('Ctrl Pts',(-3.65620919775924,14.3541143053219,-6.3458387736321));
#9273=CARTESIAN_POINT('Ctrl Pts',(-4.0094979746227,14.1449225408069,-6.09951813011903));
#9274=CARTESIAN_POINT('Ctrl Pts',(-3.98862100657017,14.1370483839115,-6.1187494703518));
#9275=CARTESIAN_POINT('Ctrl Pts',(-3.95760520903972,14.1243562330253,-6.1582753981855));
#9276=CARTESIAN_POINT('Ctrl Pts',(-3.92546495520925,14.1076862145276,-6.22895565259494));
#9277=CARTESIAN_POINT('Ctrl Pts',(-3.91762865294662,14.0991773856645,-6.28014774665556));
#9278=CARTESIAN_POINT('Ctrl Pts',(-3.91762865294662,14.0950289991418,-6.31098284627378));
#9279=CARTESIAN_POINT('',(-2.99999999999999,15.0044643750894,-6.43333333333333));
#9280=CARTESIAN_POINT('Origin',(-3.5,15.5,-6.5));
#9281=CARTESIAN_POINT('Ctrl Pts',(13.7540304822174,8.36512507263321,-8.17475660152859));
#9282=CARTESIAN_POINT('Ctrl Pts',(13.754143890733,8.36379469573863,-8.1745657916664));
#9283=CARTESIAN_POINT('Ctrl Pts',(13.7542608941851,8.36246638260959,-8.17437703546343));
#9284=CARTESIAN_POINT('Ctrl Pts',(13.7697912599822,8.18559605703017,-8.1493500147254));
#9285=CARTESIAN_POINT('Ctrl Pts',(13.8694904041233,7.93647010736365,-8.15610701738153));
#9286=CARTESIAN_POINT('Ctrl Pts',(14.0634364043981,7.68648037085883,-8.19294521338272));
#9287=CARTESIAN_POINT('Ctrl Pts',(14.1530541922175,7.59633782194737,-8.20903559005683));
#9288=CARTESIAN_POINT('Ctrl Pts',(14.1966612891116,7.54445770143538,-8.21846409915668));
#9289=CARTESIAN_POINT('Ctrl Pts',(13.7540304822174,8.36512507263321,-8.17475660152859));
#9290=CARTESIAN_POINT('Ctrl Pts',(13.7542436717671,8.36409575947287,-8.17441358330537));
#9291=CARTESIAN_POINT('Ctrl Pts',(13.7544274744998,8.36299552379693,-8.17407119822492));
#9292=CARTESIAN_POINT('Ctrl Pts',(13.7833197929058,8.22705802292269,-8.12869006273442));
#9293=CARTESIAN_POINT('Ctrl Pts',(13.8458207540171,8.01759261958342,-8.07678574306711));
#9294=CARTESIAN_POINT('Ctrl Pts',(13.9525414168022,7.74688055133555,-8.05182690709079));
#9295=CARTESIAN_POINT('Ctrl Pts',(13.9993108456067,7.62622858104071,-8.0622315736231));
#9296=CARTESIAN_POINT('Ctrl Pts',(14.0213686528934,7.56279616080548,-8.07465966494095));
#9297=CARTESIAN_POINT('Ctrl Pts',(13.7540304822174,8.36512507263321,-8.17475660152859));
#9298=CARTESIAN_POINT('Ctrl Pts',(13.754326119553,8.36435024053015,-8.17425915065039));
#9299=CARTESIAN_POINT('Ctrl Pts',(13.75461770992,8.36358447295781,-8.17376854958488));
#9300=CARTESIAN_POINT('Ctrl Pts',(13.7938590644335,8.26068576476295,-8.10773533515638));
#9301=CARTESIAN_POINT('Ctrl Pts',(13.8508873457864,8.10920294459006,-8.01011734595294));
#9302=CARTESIAN_POINT('Ctrl Pts',(13.9236533902349,7.87166322973892,-7.88371242736897));
#9303=CARTESIAN_POINT('Ctrl Pts',(13.9515774242671,7.73489364722232,-7.83492431290639));
#9304=CARTESIAN_POINT('Ctrl Pts',(13.9619588270216,7.64772272110782,-7.81712278058886));
#9305=CARTESIAN_POINT('Ctrl Pts',(13.7540304822174,8.36512507263321,-8.17475660152859));
#9306=CARTESIAN_POINT('Ctrl Pts',(13.7544153838439,8.36463208661819,-8.17410900442424));
#9307=CARTESIAN_POINT('Ctrl Pts',(13.7548002627417,8.3641391678305,-8.17346131993363));
#9308=CARTESIAN_POINT('Ctrl Pts',(13.8058427081065,8.29873768840009,-8.0875588731365));
#9309=CARTESIAN_POINT('Ctrl Pts',(13.8808466170258,8.20079110480909,-7.95843559995829));
#9310=CARTESIAN_POINT('Ctrl Pts',(13.9893091533984,8.00023226408115,-7.76604747755685));
#9311=CARTESIAN_POINT('Ctrl Pts',(14.0396043080656,7.84871535046421,-7.67408983949565));
#9312=CARTESIAN_POINT('Ctrl Pts',(14.0616950019514,7.73739249558937,-7.63339594624149));
#9313=CARTESIAN_POINT('',(14.1966612891113,7.54445770143549,-8.21846409915656));
#9314=CARTESIAN_POINT('Origin',(14.5011229707623,7.73739249558937,-7.87193956956154));
#9315=CARTESIAN_POINT('Ctrl Pts',(14.1966612891116,7.54445770143538,-8.21846409915668));
#9316=CARTESIAN_POINT('Ctrl Pts',(14.1530541922175,7.59633782194737,-8.20903559005683));
#9317=CARTESIAN_POINT('Ctrl Pts',(14.0634364043981,7.68648037085883,-8.19294521338272));
#9318=CARTESIAN_POINT('Ctrl Pts',(13.8694904041233,7.93647010736365,-8.15610701738153));
#9319=CARTESIAN_POINT('Ctrl Pts',(13.7697912599822,8.18559605703017,-8.1493500147254));
#9320=CARTESIAN_POINT('Ctrl Pts',(13.7542608941851,8.36246638260959,-8.17437703546343));
#9321=CARTESIAN_POINT('Ctrl Pts',(13.754143890733,8.36379469573863,-8.1745657916664));
#9322=CARTESIAN_POINT('Ctrl Pts',(13.7540304822174,8.36512507263321,-8.17475660152859));
#9323=CARTESIAN_POINT('Origin',(14.5328568570857,12.3775,-7.8131985493431));
#9324=CARTESIAN_POINT('',(14.2828568547404,4.31717561799237,-8.24621124988127));
#9325=CARTESIAN_POINT('Origin',(14.5328568570857,4.31717561799237,-7.8131985493431));
#9326=CARTESIAN_POINT('',(14.2828568578675,7.40885832137149,-8.24621125168668));
#9327=CARTESIAN_POINT('',(14.2828568570857,12.3775,-8.24621125123531));
#9328=CARTESIAN_POINT('Origin',(14.5328568570857,7.40885832137149,-7.8131985493431));
#9329=CARTESIAN_POINT('Ctrl Pts',(14.1966612891115,7.54445770143544,-8.21846409915662));
#9330=CARTESIAN_POINT('Ctrl Pts',(14.2266949427024,7.50193393699199,-8.22117612343952));
#9331=CARTESIAN_POINT('Ctrl Pts',(14.2561152501047,7.45547440279487,-8.23077197724263));
#9332=CARTESIAN_POINT('Ctrl Pts',(14.2828568571057,7.40885832218261,-8.24621125124686));
#9333=CARTESIAN_POINT('Ctrl Pts',(14.1090149710024,7.55362693112049,-8.14656188204875));
#9334=CARTESIAN_POINT('Ctrl Pts',(14.1321777763869,7.50612723107484,-8.14989821349542));
#9335=CARTESIAN_POINT('Ctrl Pts',(14.1534349494274,7.45586014329426,-8.16213695478654));
#9336=CARTESIAN_POINT('Ctrl Pts',(14.1716816645115,7.40885832218223,-8.18202422388221));
#9337=CARTESIAN_POINT('Ctrl Pts',(13.9832784278304,7.60308463120078,-7.94710841082806));
#9338=CARTESIAN_POINT('Ctrl Pts',(13.9956916082995,7.53827353624317,-7.94005075583073));
#9339=CARTESIAN_POINT('Ctrl Pts',(14.0015581081247,7.47078000340773,-7.94653530840167));
#9340=CARTESIAN_POINT('Ctrl Pts',(14.0021558654659,7.40885832217122,-7.96405481478787));
#9341=CARTESIAN_POINT('Ctrl Pts',(14.0118269144865,7.69255760834862,-7.72525936341516));
#9342=CARTESIAN_POINT('Ctrl Pts',(14.027519511336,7.60203558026256,-7.69674080092595));
#9343=CARTESIAN_POINT('Ctrl Pts',(14.0342768165094,7.50441788262348,-7.68500528989663));
#9344=CARTESIAN_POINT('Ctrl Pts',(14.0316786506125,7.40885832214599,-7.68950415461718));
#9345=CARTESIAN_POINT('Ctrl Pts',(14.0616950019514,7.73739249558938,-7.6333959462415));
#9346=CARTESIAN_POINT('Ctrl Pts',(14.0822144032722,7.63398794219795,-7.59559657555132));
#9347=CARTESIAN_POINT('Ctrl Pts',(14.0924672553609,7.52137392678815,-7.57643495692929));
#9348=CARTESIAN_POINT('Ctrl Pts',(14.0924672553558,7.40885832213333,-7.57643495693876));
#9349=CARTESIAN_POINT('Ctrl Pts',(14.2828568571057,7.40885832218261,-8.24621125124686));
#9350=CARTESIAN_POINT('Ctrl Pts',(14.2561152501047,7.45547440279487,-8.23077197724263));
#9351=CARTESIAN_POINT('Ctrl Pts',(14.2266949427024,7.50193393699199,-8.22117612343952));
#9352=CARTESIAN_POINT('Ctrl Pts',(14.1966612891115,7.54445770143544,-8.21846409915662));
#9353=CARTESIAN_POINT('Ctrl Pts',(14.1964528298558,4.18129699318412,-8.21884806542321));
#9354=CARTESIAN_POINT('Ctrl Pts',(14.1710455663449,4.15126979987077,-8.21348544166362));
#9355=CARTESIAN_POINT('Ctrl Pts',(14.100547554029,4.0752577249749,-8.20066819695784));
#9356=CARTESIAN_POINT('Ctrl Pts',(13.9994343930307,3.96554584082174,-8.18090351240181));
#9357=CARTESIAN_POINT('Ctrl Pts',(13.9402831765661,3.8791443490602,-8.17062405502502));
#9358=CARTESIAN_POINT('Ctrl Pts',(14.1087770939247,4.17201104408624,-8.14698548984041));
#9359=CARTESIAN_POINT('Ctrl Pts',(14.0897612817096,4.1383864582068,-8.14077648334473));
#9360=CARTESIAN_POINT('Ctrl Pts',(14.0361385293733,4.05159167542218,-8.12823804627383));
#9361=CARTESIAN_POINT('Ctrl Pts',(13.9582187178068,3.93069729956121,-8.12013512701552));
#9362=CARTESIAN_POINT('Ctrl Pts',(13.9121099958621,3.84337428871758,-8.1203683776883));
#9363=CARTESIAN_POINT('Ctrl Pts',(13.9828918223709,4.12191148485501,-7.94776077929885));
#9364=CARTESIAN_POINT('Ctrl Pts',(13.9745786136439,4.0778417570927,-7.94916004781921));
#9365=CARTESIAN_POINT('Ctrl Pts',(13.9487881106158,3.96802749631265,-7.96006731830313));
#9366=CARTESIAN_POINT('Ctrl Pts',(13.9066315899921,3.83789505590938,-7.99197016997233));
#9367=CARTESIAN_POINT('Ctrl Pts',(13.8789167870768,3.75623088193051,-8.01802821012709));
#9368=CARTESIAN_POINT('Ctrl Pts',(14.0112287519443,4.03125946791658,-7.72634085479555));
#9369=CARTESIAN_POINT('Ctrl Pts',(14.001675943003,3.97338396205879,-7.74374282071514));
#9370=CARTESIAN_POINT('Ctrl Pts',(13.9717131359192,3.84149787751214,-7.79772629431309));
#9371=CARTESIAN_POINT('Ctrl Pts',(13.9265329887955,3.7195460518338,-7.8775777391427));
#9372=CARTESIAN_POINT('Ctrl Pts',(13.8974012816051,3.65208548982252,-7.92868990301819));
#9373=CARTESIAN_POINT('Ctrl Pts',(14.0609875038722,3.98583536091618,-7.63469910448007));
#9374=CARTESIAN_POINT('Ctrl Pts',(14.0479308807296,3.92105639284341,-7.65874576464819));
#9375=CARTESIAN_POINT('Ctrl Pts',(14.00867256098,3.77816243059027,-7.73071929009408));
#9376=CARTESIAN_POINT('Ctrl Pts',(13.9534237223023,3.66033114036529,-7.82987162883153));
#9377=CARTESIAN_POINT('Ctrl Pts',(13.9188190109145,3.59999999999999,-7.8909110590226));
#9378=CARTESIAN_POINT('',(13.9402831765661,3.8791443490602,-8.17062405502502));
#9379=CARTESIAN_POINT('Origin',(14.3537821050056,3.59999999999999,-8.13750202961705));
#9380=CARTESIAN_POINT('',(14.1964528298558,4.18129699318411,-8.21884806542321));
#9381=CARTESIAN_POINT('Ctrl Pts',(13.9402831765661,3.8791443490602,-8.17062405502502));
#9382=CARTESIAN_POINT('Ctrl Pts',(13.9994343930307,3.96554584082174,-8.18090351240181));
#9383=CARTESIAN_POINT('Ctrl Pts',(14.100547554029,4.0752577249749,-8.20066819695784));
#9384=CARTESIAN_POINT('Ctrl Pts',(14.1710455663449,4.15126979987077,-8.21348544166362));
#9385=CARTESIAN_POINT('Ctrl Pts',(14.1964528298558,4.18129699318412,-8.21884806542321));
#9386=CARTESIAN_POINT('Origin',(14.5003933633683,3.98583536091619,-7.87328345149507));
#9387=CARTESIAN_POINT('Ctrl Pts',(13.9083212372512,3.12661196380907,-8.36751346518398));
#9388=CARTESIAN_POINT('Ctrl Pts',(13.9137029373922,3.12415085744911,-8.364698524081));
#9389=CARTESIAN_POINT('Ctrl Pts',(13.9240404320173,3.11974380741982,-8.35878708343279));
#9390=CARTESIAN_POINT('Ctrl Pts',(13.9428634472491,3.11272528709689,-8.34577517924746));
#9391=CARTESIAN_POINT('Ctrl Pts',(13.987115474066,3.10119883547971,-8.30523663856653));
#9392=CARTESIAN_POINT('Ctrl Pts',(14.0073572516861,3.11265640407716,-8.23171315028485));
#9393=CARTESIAN_POINT('Ctrl Pts',(13.9865559665154,3.17339460479334,-8.12434514582078));
#9394=CARTESIAN_POINT('Ctrl Pts',(13.9557713042075,3.2539975386348,-8.0371470476106));
#9395=CARTESIAN_POINT('Ctrl Pts',(13.9207335529568,3.38403188432088,-7.95075720370684));
#9396=CARTESIAN_POINT('Ctrl Pts',(13.9109929439265,3.51813446313643,-7.90471549923977));
#9397=CARTESIAN_POINT('Ctrl Pts',(13.9188190109145,3.6,-7.8909110590226));
#9398=CARTESIAN_POINT('Ctrl Pts',(13.8344708942277,3.2008832301451,-8.30526233959627));
#9399=CARTESIAN_POINT('Ctrl Pts',(13.8385269432989,3.1981749172342,-8.30266087565897));
#9400=CARTESIAN_POINT('Ctrl Pts',(13.8463348581756,3.19328038197852,-8.29728810334392));
#9401=CARTESIAN_POINT('Ctrl Pts',(13.8606544480262,3.18544728017684,-8.28581391841795));
#9402=CARTESIAN_POINT('Ctrl Pts',(13.8947510047741,3.1721481538161,-8.25132686369171));
#9403=CARTESIAN_POINT('Ctrl Pts',(13.9129091031424,3.18603193885903,-8.19275656035299));
#9404=CARTESIAN_POINT('Ctrl Pts',(13.9058720049793,3.25169800058415,-8.10790091683304));
#9405=CARTESIAN_POINT('Ctrl Pts',(13.8921739309914,3.3330883058595,-8.03927189405841));
#9406=CARTESIAN_POINT('Ctrl Pts',(13.8790419509443,3.45700657631407,-7.97215271984156));
#9407=CARTESIAN_POINT('Ctrl Pts',(13.8839578389843,3.57889434038132,-7.93785210835871));
#9408=CARTESIAN_POINT('Ctrl Pts',(13.8974012816051,3.65208548982252,-7.92868990301819));
#9409=CARTESIAN_POINT('Ctrl Pts',(13.7362677002783,3.42253077784762,-8.21064195310674));
#9410=CARTESIAN_POINT('Ctrl Pts',(13.7377688271694,3.42043346182895,-8.20849458499046));
#9411=CARTESIAN_POINT('Ctrl Pts',(13.7407035186928,3.41664401865509,-8.20424891723587));
#9412=CARTESIAN_POINT('Ctrl Pts',(13.7463081779387,3.4105916355166,-8.19589035123792));
#9413=CARTESIAN_POINT('Ctrl Pts',(13.7606660879583,3.40037671676165,-8.17345327606457));
#9414=CARTESIAN_POINT('Ctrl Pts',(13.7759989976488,3.41250507001056,-8.14506845398824));
#9415=CARTESIAN_POINT('Ctrl Pts',(13.7947247555335,3.46426642036763,-8.10384856989972));
#9416=CARTESIAN_POINT('Ctrl Pts',(13.8107566004277,3.5260824566716,-8.06964360761063));
#9417=CARTESIAN_POINT('Ctrl Pts',(13.8326781204817,3.61706657741586,-8.03595735326036));
#9418=CARTESIAN_POINT('Ctrl Pts',(13.8585836171916,3.70421193501406,-8.02038263421067));
#9419=CARTESIAN_POINT('Ctrl Pts',(13.8789164756919,3.75623098437625,-8.01802813178416));
#9420=CARTESIAN_POINT('Ctrl Pts',(13.7859766677934,3.67767256585478,-8.22314022518393));
#9421=CARTESIAN_POINT('Ctrl Pts',(13.7867113562319,3.67703003682308,-8.22162769888305));
#9422=CARTESIAN_POINT('Ctrl Pts',(13.7881796697376,3.67591391062162,-8.21864945765426));
#9423=CARTESIAN_POINT('Ctrl Pts',(13.7911495768016,3.67421653500527,-8.21287903023084));
#9424=CARTESIAN_POINT('Ctrl Pts',(13.7994192779586,3.67195464559994,-8.19770744172945));
#9425=CARTESIAN_POINT('Ctrl Pts',(13.8108551679846,3.67585000052951,-8.17998464416911));
#9426=CARTESIAN_POINT('Ctrl Pts',(13.829111937955,3.69499234968737,-8.15748178282546));
#9427=CARTESIAN_POINT('Ctrl Pts',(13.8464954734919,3.72170952755952,-8.14008477368884));
#9428=CARTESIAN_POINT('Ctrl Pts',(13.8703133514803,3.76643960667013,-8.12456723549517));
#9429=CARTESIAN_POINT('Ctrl Pts',(13.8949323251214,3.8138170641332,-8.11939529175712));
#9430=CARTESIAN_POINT('Ctrl Pts',(13.9121099958621,3.84337428871758,-8.1203683776883));
#9431=CARTESIAN_POINT('Ctrl Pts',(13.841733652183,3.78129300082333,-8.25475131427461));
#9432=CARTESIAN_POINT('Ctrl Pts',(13.84261657815,3.78113020587593,-8.25352102471399));
#9433=CARTESIAN_POINT('Ctrl Pts',(13.8443913139255,3.78088239119472,-8.25105946811506));
#9434=CARTESIAN_POINT('Ctrl Pts',(13.8479139898363,3.78058380470007,-8.2461020076447));
#9435=CARTESIAN_POINT('Ctrl Pts',(13.8575654093765,3.78073228756671,-8.2323859194335));
#9436=CARTESIAN_POINT('Ctrl Pts',(13.8679424676345,3.78191029553985,-8.21370708331962));
#9437=CARTESIAN_POINT('Ctrl Pts',(13.8797278131431,3.78974352177995,-8.1928094394166));
#9438=CARTESIAN_POINT('Ctrl Pts',(13.8909978785743,3.80330761661263,-8.1790285127527));
#9439=CARTESIAN_POINT('Ctrl Pts',(13.9078957343096,3.8293986696214,-8.1692953493391));
#9440=CARTESIAN_POINT('Ctrl Pts',(13.9269057674241,3.85960412360327,-8.16829929291012));
#9441=CARTESIAN_POINT('Ctrl Pts',(13.9402831765661,3.8791443490602,-8.17062405502502));
#9442=CARTESIAN_POINT('',(13.9083212372512,3.12661196380907,-8.36751346518398));
#9443=CARTESIAN_POINT('Ctrl Pts',(13.9188190109145,3.6,-7.8909110590226));
#9444=CARTESIAN_POINT('Ctrl Pts',(13.9109929439265,3.51813446313643,-7.90471549923977));
#9445=CARTESIAN_POINT('Ctrl Pts',(13.9207335529568,3.38403188432088,-7.95075720370684));
#9446=CARTESIAN_POINT('Ctrl Pts',(13.9557713042075,3.2539975386348,-8.0371470476106));
#9447=CARTESIAN_POINT('Ctrl Pts',(13.9865559665154,3.17339460479334,-8.12434514582078));
#9448=CARTESIAN_POINT('Ctrl Pts',(14.0073572516861,3.11265640407716,-8.23171315028485));
#9449=CARTESIAN_POINT('Ctrl Pts',(13.987115474066,3.10119883547971,-8.30523663856653));
#9450=CARTESIAN_POINT('Ctrl Pts',(13.9428634472491,3.11272528709689,-8.34577517924746));
#9451=CARTESIAN_POINT('Ctrl Pts',(13.9240404320173,3.11974380741982,-8.35878708343279));
#9452=CARTESIAN_POINT('Ctrl Pts',(13.9137029373922,3.12415085744911,-8.364698524081));
#9453=CARTESIAN_POINT('Ctrl Pts',(13.9083212372512,3.12661196380907,-8.36751346518398));
#9454=CARTESIAN_POINT('',(13.8417336521838,3.78129300082475,-8.254751314275));
#9455=CARTESIAN_POINT('Origin',(14.1715628884051,3.52110199396818,-8.52588470374349));
#9456=CARTESIAN_POINT('Ctrl Pts',(13.841733652183,3.78129300082333,-8.25475131427461));
#9457=CARTESIAN_POINT('Ctrl Pts',(13.84261657815,3.78113020587593,-8.25352102471399));
#9458=CARTESIAN_POINT('Ctrl Pts',(13.8443913139255,3.78088239119472,-8.25105946811506));
#9459=CARTESIAN_POINT('Ctrl Pts',(13.8479139898363,3.78058380470007,-8.2461020076447));
#9460=CARTESIAN_POINT('Ctrl Pts',(13.8575654093765,3.78073228756671,-8.2323859194335));
#9461=CARTESIAN_POINT('Ctrl Pts',(13.8679424676345,3.78191029553985,-8.21370708331962));
#9462=CARTESIAN_POINT('Ctrl Pts',(13.8797278131431,3.78974352177995,-8.1928094394166));
#9463=CARTESIAN_POINT('Ctrl Pts',(13.8909978785743,3.80330761661263,-8.1790285127527));
#9464=CARTESIAN_POINT('Ctrl Pts',(13.9078957343096,3.8293986696214,-8.1692953493391));
#9465=CARTESIAN_POINT('Ctrl Pts',(13.9269057674241,3.85960412360327,-8.16829929291012));
#9466=CARTESIAN_POINT('Ctrl Pts',(13.9402831765661,3.8791443490602,-8.17062405502502));
#9467=CARTESIAN_POINT('Ctrl Pts',(13.2452389910987,3.60000000001383,-8.97572526700089));
#9468=CARTESIAN_POINT('Ctrl Pts',(13.2468545831703,3.59834774868522,-8.9733411807612));
#9469=CARTESIAN_POINT('Ctrl Pts',(13.2484648819547,3.59669135337072,-8.97095456610186));
#9470=CARTESIAN_POINT('Ctrl Pts',(13.4126511642693,3.43189217740283,-8.73383039048091));
#9471=CARTESIAN_POINT('Ctrl Pts',(13.6096979180697,3.26317545319291,-8.5237107696546));
#9472=CARTESIAN_POINT('Ctrl Pts',(13.9083212372517,3.12661196380888,-8.36751346518376));
#9473=CARTESIAN_POINT('Ctrl Pts',(13.2452389910987,3.60000000001383,-8.97572526700089));
#9474=CARTESIAN_POINT('Ctrl Pts',(13.2468973698105,3.59899158146093,-8.97324813791051));
#9475=CARTESIAN_POINT('Ctrl Pts',(13.2485338571234,3.59829115486756,-8.97087186118588));
#9476=CARTESIAN_POINT('Ctrl Pts',(13.4156245604044,3.50559046750484,-8.72635014449356));
#9477=CARTESIAN_POINT('Ctrl Pts',(13.5650798868652,3.41983381057005,-8.47895940825396));
#9478=CARTESIAN_POINT('Ctrl Pts',(13.7606205512042,3.27515449648089,-8.2430112140086));
#9479=CARTESIAN_POINT('Ctrl Pts',(13.2452389910987,3.60000000001383,-8.97572526700089));
#9480=CARTESIAN_POINT('Ctrl Pts',(13.2469160922026,3.59985162850462,-8.9731685769643));
#9481=CARTESIAN_POINT('Ctrl Pts',(13.2486367449787,3.59967732525797,-8.97078205249746));
#9482=CARTESIAN_POINT('Ctrl Pts',(13.418064809838,3.58450087239316,-8.71929757222461));
#9483=CARTESIAN_POINT('Ctrl Pts',(13.5714285303452,3.56613982592963,-8.46641115581197));
#9484=CARTESIAN_POINT('Ctrl Pts',(13.7302196834035,3.57405213088598,-8.1915291360935));
#9485=CARTESIAN_POINT('Ctrl Pts',(13.2452389910987,3.60000000001383,-8.97572526700089));
#9486=CARTESIAN_POINT('Ctrl Pts',(13.2469712935652,3.60059153356514,-8.97316895433639));
#9487=CARTESIAN_POINT('Ctrl Pts',(13.248701366423,3.6011812054679,-8.97061173505545));
#9488=CARTESIAN_POINT('Ctrl Pts',(13.4231659771665,3.66065742947992,-8.71536152735935));
#9489=CARTESIAN_POINT('Ctrl Pts',(13.6110747376372,3.71700312704136,-8.47364876080109));
#9490=CARTESIAN_POINT('Ctrl Pts',(13.8417336521827,3.78129300082315,-8.25475131427483));
#9491=CARTESIAN_POINT('',(13.2452389910987,3.59999999999999,-8.97572526700092));
#9492=CARTESIAN_POINT('Ctrl Pts',(13.9083212372517,3.12661196380888,-8.36751346518376));
#9493=CARTESIAN_POINT('Ctrl Pts',(13.6096979180697,3.26317545319291,-8.5237107696546));
#9494=CARTESIAN_POINT('Ctrl Pts',(13.4126511642693,3.43189217740283,-8.73383039048091));
#9495=CARTESIAN_POINT('Ctrl Pts',(13.2484648819547,3.59669135337072,-8.97095456610186));
#9496=CARTESIAN_POINT('Ctrl Pts',(13.2468545831703,3.59834774868522,-8.9733411807612));
#9497=CARTESIAN_POINT('Ctrl Pts',(13.2452389910987,3.60000000001383,-8.97572526700089));
#9498=CARTESIAN_POINT('Ctrl Pts',(13.2452389910987,3.60000000001383,-8.97572526700089));
#9499=CARTESIAN_POINT('Ctrl Pts',(13.2469712935652,3.60059153356514,-8.97316895433639));
#9500=CARTESIAN_POINT('Ctrl Pts',(13.248701366423,3.6011812054679,-8.97061173505545));
#9501=CARTESIAN_POINT('Ctrl Pts',(13.4231659771665,3.66065742947992,-8.71536152735935));
#9502=CARTESIAN_POINT('Ctrl Pts',(13.6110747376372,3.71700312704136,-8.47364876080109));
#9503=CARTESIAN_POINT('Ctrl Pts',(13.8417336521827,3.78129300082315,-8.25475131427483));
#9504=CARTESIAN_POINT('Ctrl Pts',(14.2828568560045,4.31717561861072,-8.24621125061109));
#9505=CARTESIAN_POINT('Ctrl Pts',(14.2560826872495,4.27042271669254,-8.23075317727523));
#9506=CARTESIAN_POINT('Ctrl Pts',(14.2265730707851,4.22383268206483,-8.22128079981044));
#9507=CARTESIAN_POINT('Ctrl Pts',(14.1964528298558,4.18129699318412,-8.21884806542321));
#9508=CARTESIAN_POINT('Ctrl Pts',(14.171681663757,4.31717561858972,-8.18202422306967));
#9509=CARTESIAN_POINT('Ctrl Pts',(14.1534127306465,4.27003164705262,-8.16211273861628));
#9510=CARTESIAN_POINT('Ctrl Pts',(14.1320664780724,4.21957552061029,-8.15000391581982));
#9511=CARTESIAN_POINT('Ctrl Pts',(14.1087770939247,4.17201104408625,-8.14698548984041));
#9512=CARTESIAN_POINT('Ctrl Pts',(14.0021377873243,4.31717561798675,-7.96405995292384));
#9513=CARTESIAN_POINT('Ctrl Pts',(14.0015393019783,4.25490566735532,-7.94651911437059));
#9514=CARTESIAN_POINT('Ctrl Pts',(13.9955565461628,4.18698238951067,-7.94023628168823));
#9515=CARTESIAN_POINT('Ctrl Pts',(13.9828928024228,4.12191122715208,-7.94776063825261));
#9516=CARTESIAN_POINT('Ctrl Pts',(14.0316786507129,4.3171756166058,-7.68950415443052));
#9517=CARTESIAN_POINT('Ctrl Pts',(14.0342799799939,4.22080307721188,-7.68499981215896));
#9518=CARTESIAN_POINT('Ctrl Pts',(14.0273206265653,4.1223408212829,-7.69710568866355));
#9519=CARTESIAN_POINT('Ctrl Pts',(14.0112287519443,4.03125946791658,-7.72634085479555));
#9520=CARTESIAN_POINT('Ctrl Pts',(14.0924672553558,4.3171756159128,-7.57643495693876));
#9521=CARTESIAN_POINT('Ctrl Pts',(14.0924672550743,4.20361278347421,-7.57643495746236));
#9522=CARTESIAN_POINT('Ctrl Pts',(14.0819723373211,4.08994925324074,-7.59605089099361));
#9523=CARTESIAN_POINT('Ctrl Pts',(14.0609875038722,3.98583536091618,-7.63469910448007));
#9524=CARTESIAN_POINT('Ctrl Pts',(14.1964528298558,4.18129699318412,-8.21884806542321));
#9525=CARTESIAN_POINT('Ctrl Pts',(14.2265730705485,4.2238326817307,-8.22128079979133));
#9526=CARTESIAN_POINT('Ctrl Pts',(14.2560826867859,4.27042271596058,-8.23075317712641));
#9527=CARTESIAN_POINT('Ctrl Pts',(14.2828568553735,4.31717561750894,-8.24621125024681));
#9528=CARTESIAN_POINT('Ctrl Pts',(14.1676611092535,7.64438061735571,-8.36234168383413));
#9529=CARTESIAN_POINT('Ctrl Pts',(14.0487201257518,7.70861379332275,-8.2978716967376));
#9530=CARTESIAN_POINT('Ctrl Pts',(13.8422207052278,7.91711797677471,-8.19281272844419));
#9531=CARTESIAN_POINT('Ctrl Pts',(13.7588459746358,8.21575660968537,-8.16665453406193));
#9532=CARTESIAN_POINT('Ctrl Pts',(13.7540304822174,8.36512507263322,-8.17475660152859));
#9533=CARTESIAN_POINT('Ctrl Pts',(14.1784915470649,7.63940308429343,-8.33891786915182));
#9534=CARTESIAN_POINT('Ctrl Pts',(14.0591063262874,7.70444499965361,-8.27366817367898));
#9535=CARTESIAN_POINT('Ctrl Pts',(13.8529115940789,7.91553681298442,-8.16703082925622));
#9536=CARTESIAN_POINT('Ctrl Pts',(13.7727739380535,8.21583415592737,-8.14039301993094));
#9537=CARTESIAN_POINT('Ctrl Pts',(13.7696638762527,8.36512507263322,-8.14845341128293));
#9538=CARTESIAN_POINT('Ctrl Pts',(14.1980994308954,7.61696309506737,-8.2839252505838));
#9539=CARTESIAN_POINT('Ctrl Pts',(14.0758190779101,7.68451763151753,-8.2156054893583));
#9540=CARTESIAN_POINT('Ctrl Pts',(13.8666570172535,7.90374316036,-8.10255294568399));
#9541=CARTESIAN_POINT('Ctrl Pts',(13.7914551201982,8.21286484066126,-8.07179229383043));
#9542=CARTESIAN_POINT('Ctrl Pts',(13.7918555934723,8.36512507263322,-8.07854896177536));
#9543=CARTESIAN_POINT('Ctrl Pts',(14.200844414289,7.57316405322358,-8.23812231904433));
#9544=CARTESIAN_POINT('Ctrl Pts',(14.0717696666293,7.64434669944179,-8.164646160014));
#9545=CARTESIAN_POINT('Ctrl Pts',(13.851286601385,7.8755295120547,-8.04091372396041));
#9546=CARTESIAN_POINT('Ctrl Pts',(13.7733245023824,8.20329799193861,-8.00177646222132));
#9547=CARTESIAN_POINT('Ctrl Pts',(13.7749802318696,8.36512507263322,-8.00576160849182));
#9548=CARTESIAN_POINT('Ctrl Pts',(14.1966612891111,7.54445770143561,-8.21846409915644));
#9549=CARTESIAN_POINT('Ctrl Pts',(14.0629116636858,7.61789280704989,-8.14183619370097));
#9550=CARTESIAN_POINT('Ctrl Pts',(13.8342060126353,7.85647639572626,-8.01179957718172));
#9551=CARTESIAN_POINT('Ctrl Pts',(13.7526363509059,8.19659218013543,-7.96803316099037));
#9552=CARTESIAN_POINT('Ctrl Pts',(13.7541908427021,8.36512507263322,-7.97065797635786));
#9553=CARTESIAN_POINT('',(14.1676611092535,7.64438061735571,-8.36234168383412));
#9554=CARTESIAN_POINT('Origin',(14.0748766164508,7.46728378377404,-8.35707391099447));
#9555=CARTESIAN_POINT('Ctrl Pts',(14.1676611092535,7.64438061735571,-8.36234168383413));
#9556=CARTESIAN_POINT('Ctrl Pts',(14.0487201257518,7.70861379332275,-8.2978716967376));
#9557=CARTESIAN_POINT('Ctrl Pts',(13.8422207052278,7.91711797677471,-8.19281272844419));
#9558=CARTESIAN_POINT('Ctrl Pts',(13.7588459746358,8.21575660968537,-8.16665453406193));
#9559=CARTESIAN_POINT('Ctrl Pts',(13.7540304822174,8.36512507263322,-8.17475660152859));
#9560=CARTESIAN_POINT('Ctrl Pts',(16.1454995859961,6.57451398864296,-9.5099438856991));
#9561=CARTESIAN_POINT('Ctrl Pts',(15.4860866211618,6.93105084015346,-9.12755250090605));
#9562=CARTESIAN_POINT('Ctrl Pts',(14.8267915280998,7.28766596172256,-8.74503745730024));
#9563=CARTESIAN_POINT('Ctrl Pts',(14.1676611092535,7.64438061735571,-8.36234168383413));
#9564=CARTESIAN_POINT('Ctrl Pts',(16.1678578037484,6.56569680903637,-9.46296315427177));
#9565=CARTESIAN_POINT('Ctrl Pts',(15.5081432501088,6.92192563187418,-9.08080349826512));
#9566=CARTESIAN_POINT('Ctrl Pts',(14.8485273344416,7.27822973186932,-8.6985498312721));
#9567=CARTESIAN_POINT('Ctrl Pts',(14.1890123921707,7.63456783614657,-8.31616363424917));
#9568=CARTESIAN_POINT('Ctrl Pts',(16.1892759553921,6.51607313196085,-9.37940522129227));
#9569=CARTESIAN_POINT('Ctrl Pts',(15.5291278142296,6.87222231531897,-8.99790877239235));
#9570=CARTESIAN_POINT('Ctrl Pts',(14.8690123173896,7.22841083709514,-8.61639718907287));
#9571=CARTESIAN_POINT('Ctrl Pts',(14.2089540668679,7.58467030735941,-8.23485965506606));
#9572=CARTESIAN_POINT('Ctrl Pts',(16.1694094803914,6.43233341574245,-9.33541291614128));
#9573=CARTESIAN_POINT('Ctrl Pts',(15.5092780132104,6.78893440495383,-8.95428847797913));
#9574=CARTESIAN_POINT('Ctrl Pts',(14.8491897110316,7.14563138058744,-8.57318052426221));
#9575=CARTESIAN_POINT('Ctrl Pts',(14.1891565546408,7.50247167271165,-8.19211335639558));
#9576=CARTESIAN_POINT('Ctrl Pts',(16.154877365705,6.39648811311878,-9.32702279581517));
#9577=CARTESIAN_POINT('Ctrl Pts',(15.4948208277833,6.75328120664485,-8.9459389759657));
#9578=CARTESIAN_POINT('Ctrl Pts',(14.834813803445,7.1101964440073,-8.56488374279694));
#9579=CARTESIAN_POINT('Ctrl Pts',(14.1748766164508,7.46728378377404,-8.18386883023758));
#9580=CARTESIAN_POINT('',(16.154877365705,6.39648811311878,-9.32702279581517));
#9581=CARTESIAN_POINT('Ctrl Pts',(14.2828568516433,7.4088583061386,-8.24621124809317));
#9582=CARTESIAN_POINT('Ctrl Pts',(14.9068079788136,7.07126424348423,-8.60644959932606));
#9583=CARTESIAN_POINT('Ctrl Pts',(15.530820542313,6.73382158648332,-8.96672342084015));
#9584=CARTESIAN_POINT('Ctrl Pts',(16.154877365705,6.39648811311878,-9.32702279581517));
#9585=CARTESIAN_POINT('',(16.1454995859961,6.57451398864296,-9.5099438856991));
#9586=CARTESIAN_POINT('Origin',(16.054877365705,6.39648811311878,-9.50022787657205));
#9587=CARTESIAN_POINT('Ctrl Pts',(16.1454995859961,6.57451398864296,-9.5099438856991));
#9588=CARTESIAN_POINT('Ctrl Pts',(15.4860866211618,6.93105084015346,-9.12755250090605));
#9589=CARTESIAN_POINT('Ctrl Pts',(14.8267915280998,7.28766596172256,-8.74503745730024));
#9590=CARTESIAN_POINT('Ctrl Pts',(14.1676611092535,7.64438061735571,-8.36234168383413));
#9591=CARTESIAN_POINT('Origin',(14.699035375142,5.81499999999997,-8.48649203066607));
#9592=CARTESIAN_POINT('',(16.154877365705,5.31841836463225,-9.32702279581516));
#9593=CARTESIAN_POINT('Ctrl Pts',(16.154877365705,5.31841836463225,-9.32702279581517));
#9594=CARTESIAN_POINT('Ctrl Pts',(15.5309628400998,4.98444071631085,-8.96680557650568));
#9595=CARTESIAN_POINT('Ctrl Pts',(14.9069691955528,4.65066009193205,-8.60654267785385));
#9596=CARTESIAN_POINT('Ctrl Pts',(14.2828568726603,4.31717557280271,-8.2462112602273));
#9597=CARTESIAN_POINT('',(16.4535710409625,5.85668261172431,-9.49947366963033));
#9598=CARTESIAN_POINT('Ctrl Pts',(16.4535710409625,5.85668261172431,-9.49947366963033));
#9599=CARTESIAN_POINT('Ctrl Pts',(16.4535710409625,5.74417254485699,-9.49947366963033));
#9600=CARTESIAN_POINT('Ctrl Pts',(16.3961534525465,5.51952364980245,-9.46632360950215));
#9601=CARTESIAN_POINT('Ctrl Pts',(16.2432770902728,5.36573819917974,-9.37806040059069));
#9602=CARTESIAN_POINT('Ctrl Pts',(16.154877365705,5.31841836463225,-9.32702279581517));
#9603=CARTESIAN_POINT('Ctrl Pts',(16.154877365705,6.39648811311878,-9.32702279581517));
#9604=CARTESIAN_POINT('Ctrl Pts',(16.2432660513012,6.34870967179639,-9.37805402723743));
#9605=CARTESIAN_POINT('Ctrl Pts',(16.3960077730974,6.1943170804207,-9.46623950143299));
#9606=CARTESIAN_POINT('Ctrl Pts',(16.4535710409625,5.96937478437657,-9.49947366963033));
#9607=CARTESIAN_POINT('Ctrl Pts',(16.4535710409625,5.85668261172431,-9.49947366963033));
#9608=CARTESIAN_POINT('Ctrl Pts',(14.1239166157171,4.08238481250962,-8.43601559838019));
#9609=CARTESIAN_POINT('Ctrl Pts',(14.7852162856651,4.43469237294547,-8.81556687303942));
#9610=CARTESIAN_POINT('Ctrl Pts',(15.4462141221957,4.78741028134736,-9.19523362902698));
#9611=CARTESIAN_POINT('Ctrl Pts',(16.1070119117052,5.14039248910807,-9.57498599825259));
#9612=CARTESIAN_POINT('Ctrl Pts',(14.1578155150654,4.07050131828062,-8.38829770275673));
#9613=CARTESIAN_POINT('Ctrl Pts',(14.8187795398236,4.42342086961767,-8.76787316951388));
#9614=CARTESIAN_POINT('Ctrl Pts',(15.4794922774081,4.77662121917151,-9.14759206740819));
#9615=CARTESIAN_POINT('Ctrl Pts',(16.1400246637276,5.13006838429989,-9.52737829281031));
#9616=CARTESIAN_POINT('Ctrl Pts',(14.2110766279205,4.09764193270011,-8.27093143030786));
#9617=CARTESIAN_POINT('Ctrl Pts',(14.8712315334294,4.45121912367744,-8.65127922870529));
#9618=CARTESIAN_POINT('Ctrl Pts',(15.5312238632978,4.80503649509825,-9.03165924290212));
#9619=CARTESIAN_POINT('Ctrl Pts',(16.1911357620205,5.15897055386639,-9.41205444641724));
#9620=CARTESIAN_POINT('Ctrl Pts',(14.1965970613398,4.20527543420914,-8.19640913494118));
#9621=CARTESIAN_POINT('Ctrl Pts',(14.8565998695916,4.55827078439868,-8.57748066160032));
#9622=CARTESIAN_POINT('Ctrl Pts',(15.5165079641853,4.91154756531875,-8.95844613198975));
#9623=CARTESIAN_POINT('Ctrl Pts',(16.1763113967699,5.26502954898006,-9.33939773942028));
#9624=CARTESIAN_POINT('Ctrl Pts',(14.1748766164508,4.25948164609129,-8.18386883023758));
#9625=CARTESIAN_POINT('Ctrl Pts',(14.8349965779603,4.61216199387837,-8.56498926771257));
#9626=CARTESIAN_POINT('Ctrl Pts',(15.4949812257232,4.96517997712441,-8.94603158175946));
#9627=CARTESIAN_POINT('Ctrl Pts',(16.154877365705,5.31841836463225,-9.32702279581517));
#9628=CARTESIAN_POINT('',(14.1239166157171,4.08238481250961,-8.43601559838018));
#9629=CARTESIAN_POINT('Origin',(14.0748766164508,4.25948164609129,-8.35707391099447));
#9630=CARTESIAN_POINT('',(16.1070119117052,5.14039248910806,-9.57498599825257));
#9631=CARTESIAN_POINT('Ctrl Pts',(14.1239166157171,4.08238481250962,-8.43601559838019));
#9632=CARTESIAN_POINT('Ctrl Pts',(14.7852162856651,4.43469237294547,-8.81556687303942));
#9633=CARTESIAN_POINT('Ctrl Pts',(15.4462141221957,4.78741028134736,-9.19523362902698));
#9634=CARTESIAN_POINT('Ctrl Pts',(16.1070119117052,5.14039248910807,-9.57498599825259));
#9635=CARTESIAN_POINT('Origin',(16.054877365705,5.31841836463225,-9.50022787657205));
#9636=CARTESIAN_POINT('Ctrl Pts',(15.4891602916872,19.7192095701391,4.01072480462324));
#9637=CARTESIAN_POINT('Ctrl Pts',(15.4796336039215,19.7150388807003,4.04751625779959));
#9638=CARTESIAN_POINT('Ctrl Pts',(15.4805574099687,19.7019506354756,4.04559583834694));
#9639=CARTESIAN_POINT('Ctrl Pts',(15.4771250844635,19.6879945780445,4.06118130182946));
#9640=CARTESIAN_POINT('Ctrl Pts',(15.4891602916872,19.7192095701391,4.01072480462324));
#9641=CARTESIAN_POINT('Ctrl Pts',(15.4800652528283,19.7206441643586,4.04562646322013));
#9642=CARTESIAN_POINT('Ctrl Pts',(15.479744890931,19.7092248514502,4.04752971889824));
#9643=CARTESIAN_POINT('Ctrl Pts',(15.4757708946833,19.6986116184246,4.06350359806914));
#9644=CARTESIAN_POINT('Ctrl Pts',(15.4891602916872,19.7192095701391,4.01072480462324));
#9645=CARTESIAN_POINT('Ctrl Pts',(15.4854132355683,19.7299473719583,4.02518854083487));
#9646=CARTESIAN_POINT('Ctrl Pts',(15.4796885854159,19.717625479681,4.04716158043857));
#9647=CARTESIAN_POINT('Ctrl Pts',(15.4747626721621,19.7092516197679,4.0659226479356));
#9648=CARTESIAN_POINT('Ctrl Pts',(15.4891602916872,19.7192095701391,4.01072480462324));
#9649=CARTESIAN_POINT('Ctrl Pts',(15.4859007574829,19.7355527498522,4.02331291530791));
#9650=CARTESIAN_POINT('Ctrl Pts',(15.4791671512545,19.7249028716056,4.04917041004547));
#9651=CARTESIAN_POINT('Ctrl Pts',(15.4741025923158,19.7198916244172,4.06843323190716));
#9652=CARTESIAN_POINT('',(15.4771250844638,19.6879945780434,4.06118130182859));
#9653=CARTESIAN_POINT('Origin',(15.9576682983256,19.7198916244171,4.19557177040424));
#9654=CARTESIAN_POINT('Ctrl Pts',(15.4771250844635,19.6879945780445,4.06118130182946));
#9655=CARTESIAN_POINT('Ctrl Pts',(15.4805574099687,19.7019506354756,4.04559583834694));
#9656=CARTESIAN_POINT('Ctrl Pts',(15.4796336039215,19.7150388807003,4.04751625779959));
#9657=CARTESIAN_POINT('Ctrl Pts',(15.4891602916872,19.7192095701391,4.01072480462324));
#9658=CARTESIAN_POINT('Ctrl Pts',(-15.9995399747235,8.22285736848013,0.121328468321082));
#9659=CARTESIAN_POINT('Ctrl Pts',(-15.9829100181067,8.76512265598095,2.31431465986028));
#9660=CARTESIAN_POINT('Ctrl Pts',(-15.035532266333,9.85117355216484,6.69192457822104));
#9661=CARTESIAN_POINT('Ctrl Pts',(-11.1085511202887,11.4851890048816,12.1430944670277));
#9662=CARTESIAN_POINT('Ctrl Pts',(-5.33124538571761,13.1240253241698,15.5710686626426));
#9663=CARTESIAN_POINT('Ctrl Pts',(1.33305553200123,14.7675642598717,16.4023555072914));
#9664=CARTESIAN_POINT('Ctrl Pts',(7.77469525284491,16.4152822995926,14.5062237807119));
#9665=CARTESIAN_POINT('Ctrl Pts',(12.9204232602867,18.0663793518995,10.192265991211));
#9666=CARTESIAN_POINT('Ctrl Pts',(14.9169958284011,19.1686492089857,6.18736372112278));
#9667=CARTESIAN_POINT('Ctrl Pts',(15.4741025921692,19.7198916242722,4.06843323246455));
#9668=CARTESIAN_POINT('Ctrl Pts',(-15.9993900178213,8.14038199917284,0.141103229219901));
#9669=CARTESIAN_POINT('Ctrl Pts',(-15.9800490108726,8.68266809261812,2.33407027840837));
#9670=CARTESIAN_POINT('Ctrl Pts',(-15.0272451441042,9.76991310818206,6.71025639688033));
#9671=CARTESIAN_POINT('Ctrl Pts',(-11.0944647724609,11.4091146096726,12.1556698877122));
#9672=CARTESIAN_POINT('Ctrl Pts',(-5.31518571717186,13.0563195024535,15.5762150401688));
#9673=CARTESIAN_POINT('Ctrl Pts',(1.34708244119913,14.7110803231746,16.4007924591187));
#9674=CARTESIAN_POINT('Ctrl Pts',(7.78391772552248,16.3724238448406,14.500712354813));
#9675=CARTESIAN_POINT('Ctrl Pts',(12.924243405941,18.0389930586074,10.1865286782248));
#9676=CARTESIAN_POINT('Ctrl Pts',(14.9183490467844,19.152374932937,6.18361454005844));
#9677=CARTESIAN_POINT('Ctrl Pts',(15.474762672015,19.7092516196281,4.06592264849555));
#9678=CARTESIAN_POINT('Ctrl Pts',(-16.021273062507,8.05799767753003,0.161023240460315));
#9679=CARTESIAN_POINT('Ctrl Pts',(-15.9991924548617,8.60030446876147,2.35700465818804));
#9680=CARTESIAN_POINT('Ctrl Pts',(-15.0389660546532,9.68873774116805,6.73775577083457));
#9681=CARTESIAN_POINT('Ctrl Pts',(-11.0929863179726,11.3330994159224,12.1827444464925));
#9682=CARTESIAN_POINT('Ctrl Pts',(-5.30341638271144,12.9886451714693,15.5958357066035));
#9683=CARTESIAN_POINT('Ctrl Pts',(1.36259709274706,14.6546077870461,16.4094920590956));
#9684=CARTESIAN_POINT('Ctrl Pts',(7.79639207140241,16.3295670330223,14.500019117004));
#9685=CARTESIAN_POINT('Ctrl Pts',(12.9300005655851,18.0116068091179,10.1818084433468));
#9686=CARTESIAN_POINT('Ctrl Pts',(14.9204067626841,19.136100670183,6.18010155997874));
#9687=CARTESIAN_POINT('Ctrl Pts',(15.4757708945352,19.6986116182899,4.06350359863157));
#9688=CARTESIAN_POINT('Ctrl Pts',(-16.0624616473519,7.98597263006403,0.178605709400888));
#9689=CARTESIAN_POINT('Ctrl Pts',(-16.037956109752,8.52829349942911,2.38025945901764));
#9690=CARTESIAN_POINT('Ctrl Pts',(-15.0693172497368,9.61747009046049,6.77107627293786));
#9691=CARTESIAN_POINT('Ctrl Pts',(-11.1043548538558,11.2651964266279,12.2214575962869));
#9692=CARTESIAN_POINT('Ctrl Pts',(-5.29699643951774,12.9266473486418,15.6283538287847));
#9693=CARTESIAN_POINT('Ctrl Pts',(1.37868576268345,14.6013598041914,16.4280390637332));
#9694=CARTESIAN_POINT('Ctrl Pts',(7.81175025118927,16.2880233652917,14.5042231985574));
#9695=CARTESIAN_POINT('Ctrl Pts',(12.9376605403047,17.9844738302587,10.1781664310454));
#9696=CARTESIAN_POINT('Ctrl Pts',(14.923162233583,19.1198858350996,6.17683788540329));
#9697=CARTESIAN_POINT('Ctrl Pts',(15.4771250843141,19.687994577915,4.06118130239428));
#9698=CARTESIAN_POINT('',(-16.0624616473532,7.98597263006405,0.178605709411445));
#9699=CARTESIAN_POINT('Origin',(-16.4995255989336,8.22285736848013,0.125119982956115));
#9700=CARTESIAN_POINT('Ctrl Pts',(-16.0624616473519,7.98597263006403,0.178605709400888));
#9701=CARTESIAN_POINT('Ctrl Pts',(-16.037956109752,8.52829349942911,2.38025945901764));
#9702=CARTESIAN_POINT('Ctrl Pts',(-15.0693172497368,9.61747009046049,6.77107627293786));
#9703=CARTESIAN_POINT('Ctrl Pts',(-11.1043548538558,11.2651964266279,12.2214575962869));
#9704=CARTESIAN_POINT('Ctrl Pts',(-5.29699643951774,12.9266473486418,15.6283538287847));
#9705=CARTESIAN_POINT('Ctrl Pts',(1.37868576268345,14.6013598041914,16.4280390637332));
#9706=CARTESIAN_POINT('Ctrl Pts',(7.81175025118927,16.2880233652917,14.5042231985574));
#9707=CARTESIAN_POINT('Ctrl Pts',(12.9376605403047,17.9844738302587,10.1781664310454));
#9708=CARTESIAN_POINT('Ctrl Pts',(14.923162233583,19.1198858350996,6.17683788540329));
#9709=CARTESIAN_POINT('Ctrl Pts',(15.4771250843141,19.687994577915,4.06118130239428));
#9710=CARTESIAN_POINT('Ctrl Pts',(-16.062461647358,7.98597263005595,0.178605709414966));
#9711=CARTESIAN_POINT('Ctrl Pts',(-16.0702036120378,7.96965928090496,0.169619203999024));
#9712=CARTESIAN_POINT('Ctrl Pts',(-16.0932500070101,7.92369410964972,0.15219174278347));
#9713=CARTESIAN_POINT('Ctrl Pts',(-16.1578337211486,7.8191253702154,0.119502135379816));
#9714=CARTESIAN_POINT('Ctrl Pts',(-16.2705262790994,7.68136941868887,0.0747698052155387));
#9715=CARTESIAN_POINT('Ctrl Pts',(-16.3460062644496,7.60515907475838,0.044863097201825));
#9716=CARTESIAN_POINT('Ctrl Pts',(-16.3818803289225,7.5641808452061,0.0310106169968951));
#9717=CARTESIAN_POINT('Ctrl Pts',(-16.0418673549336,8.02198515378969,0.169814474942068));
#9718=CARTESIAN_POINT('Ctrl Pts',(-16.0472034372601,8.00657311861334,0.157672893353031));
#9719=CARTESIAN_POINT('Ctrl Pts',(-16.0630670277135,7.96281408447681,0.134475999296643));
#9720=CARTESIAN_POINT('Ctrl Pts',(-16.1079916735897,7.85970454948423,0.0933941111945957));
#9721=CARTESIAN_POINT('Ctrl Pts',(-16.1887342526245,7.71353160281745,0.0440779385240791));
#9722=CARTESIAN_POINT('Ctrl Pts',(-16.2465503927863,7.62453325538221,0.01937717046165));
#9723=CARTESIAN_POINT('Ctrl Pts',(-16.2746545172138,7.57776962722081,0.00999894375627024));
#9724=CARTESIAN_POINT('Ctrl Pts',(-16.0101655568509,8.09914787801137,0.151072037379025));
#9725=CARTESIAN_POINT('Ctrl Pts',(-16.0117002285379,8.08636338676918,0.131988402927001));
#9726=CARTESIAN_POINT('Ctrl Pts',(-16.016045518809,8.04955415372867,0.0955816120496044));
#9727=CARTESIAN_POINT('Ctrl Pts',(-16.0282471364859,7.95775527570414,0.0311149830585335));
#9728=CARTESIAN_POINT('Ctrl Pts',(-16.0509380244055,7.81158389783084,-0.0459552477595847));
#9729=CARTESIAN_POINT('Ctrl Pts',(-16.0686868800563,7.70212360674518,-0.0824371973311199));
#9730=CARTESIAN_POINT('Ctrl Pts',(-16.0778180165523,7.64148516435061,-0.0957814742972287));
#9731=CARTESIAN_POINT('Ctrl Pts',(-15.9994649962724,8.18161968382416,0.131215848769985));
#9732=CARTESIAN_POINT('Ctrl Pts',(-15.9996835793647,8.17232970904176,0.104525409108222));
#9733=CARTESIAN_POINT('Ctrl Pts',(-16.0000112699988,8.1452608912979,0.0529572571621587));
#9734=CARTESIAN_POINT('Ctrl Pts',(-16.000151270165,8.07408834271375,-0.0424562744358265));
#9735=CARTESIAN_POINT('Ctrl Pts',(-15.9993818454425,7.94790541601706,-0.169151786714518));
#9736=CARTESIAN_POINT('Ctrl Pts',(-15.9984369312315,7.82756359807079,-0.248703689905919));
#9737=CARTESIAN_POINT('Ctrl Pts',(-15.9977589784162,7.75130664078749,-0.284258444333116));
#9738=CARTESIAN_POINT('Ctrl Pts',(-15.9995399747235,8.22285736847924,0.121328468317456));
#9739=CARTESIAN_POINT('Ctrl Pts',(-15.999771261148,8.21531564107693,0.0908288135724411));
#9740=CARTESIAN_POINT('Ctrl Pts',(-16.0000449739232,8.19311237295178,0.0316810664166212));
#9741=CARTESIAN_POINT('Ctrl Pts',(-15.9999645280015,8.13225845690105,-0.079265479923055));
#9742=CARTESIAN_POINT('Ctrl Pts',(-15.9986661670246,8.01614024380804,-0.231084297450297));
#9743=CARTESIAN_POINT('Ctrl Pts',(-15.9966120868492,7.89038393247372,-0.332585851921082));
#9744=CARTESIAN_POINT('Ctrl Pts',(-15.9954963533276,7.80633686370296,-0.379600330192359));
#9745=CARTESIAN_POINT('',(-15.9954963533276,7.80633686370296,-0.379600330192359));
#9746=CARTESIAN_POINT('',(-16.3818803289225,7.5641808452061,0.0310106169968951));
#9747=CARTESIAN_POINT('Origin',(-16.4953556143691,7.80633686370296,-0.391462840510871));
#9748=CARTESIAN_POINT('Ctrl Pts',(-16.3818803289225,7.5641808452061,0.0310106169968951));
#9749=CARTESIAN_POINT('Ctrl Pts',(-16.3460062644496,7.60515907475838,0.044863097201825));
#9750=CARTESIAN_POINT('Ctrl Pts',(-16.2705262790994,7.68136941868887,0.0747698052155387));
#9751=CARTESIAN_POINT('Ctrl Pts',(-16.1578337211486,7.8191253702154,0.119502135379816));
#9752=CARTESIAN_POINT('Ctrl Pts',(-16.0932500070101,7.92369410964972,0.15219174278347));
#9753=CARTESIAN_POINT('Ctrl Pts',(-16.0702036120378,7.96965928090496,0.169619203999024));
#9754=CARTESIAN_POINT('Ctrl Pts',(-16.062461647358,7.98597263005595,0.178605709414966));
#9755=CARTESIAN_POINT('Ctrl Pts',(-15.9999997555273,8.17504356915452,1.93362712046403E-5));
#9756=CARTESIAN_POINT('Ctrl Pts',(-15.9999998017536,8.16602281667595,-0.0172179371247525));
#9757=CARTESIAN_POINT('Ctrl Pts',(-15.999971934869,8.15631955307956,-0.0341218879424852));
#9758=CARTESIAN_POINT('Ctrl Pts',(-15.9999192121433,8.14609208374613,-0.0507176765613431));
#9759=CARTESIAN_POINT('Ctrl Pts',(-15.9997481345053,8.11290542138555,-0.104568616177595));
#9760=CARTESIAN_POINT('Ctrl Pts',(-15.999315347513,8.07419935035455,-0.155174888686676));
#9761=CARTESIAN_POINT('Ctrl Pts',(-15.9987270224896,8.03085469792245,-0.20177890090745));
#9762=CARTESIAN_POINT('Ctrl Pts',(-15.9978445349544,7.96583771927431,-0.271684919238611));
#9763=CARTESIAN_POINT('Ctrl Pts',(-15.9966120868492,7.89038393247372,-0.332585851921082));
#9764=CARTESIAN_POINT('Ctrl Pts',(-15.9954963533276,7.80633686370296,-0.379600330192359));
#9765=CARTESIAN_POINT('Origin',(-16.4924225024706,12.3775,-0.499999999999998));
#9766=CARTESIAN_POINT('',(-15.9926521236079,4.33169216496077,-0.484848484848483));
#9767=CARTESIAN_POINT('',(-16.4924224984793,4.33169216496077,2.02165275291852E-15));
#9768=CARTESIAN_POINT('Origin',(-16.4924225024706,4.33169216496077,-0.499999999999998));
#9769=CARTESIAN_POINT('',(-16.4924225038003,7.39425088481234,2.02165275357014E-15));
#9770=CARTESIAN_POINT('',(-16.4924225024706,12.3775,2.0122792321331E-15));
#9771=CARTESIAN_POINT('',(-15.9926521236079,7.39425088481234,-0.484848484848483));
#9772=CARTESIAN_POINT('Origin',(-16.4924225024706,7.39425088481234,-0.499999999999998));
#9773=CARTESIAN_POINT('',(-15.9926521236079,12.3775,-0.484848484848483));
#9774=CARTESIAN_POINT('Ctrl Pts',(-16.3818803289226,7.5641808452061,0.0310106169968921));
#9775=CARTESIAN_POINT('Ctrl Pts',(-16.4145520041994,7.51308700277477,0.0104998520699484));
#9776=CARTESIAN_POINT('Ctrl Pts',(-16.4529924678098,7.45377685826036,-5.95758433725345E-12));
#9777=CARTESIAN_POINT('Ctrl Pts',(-16.4924225025047,7.39425088600702,2.4980018054066E-15));
#9778=CARTESIAN_POINT('Ctrl Pts',(-16.2746545172138,7.57776962722081,0.00999894375626745));
#9779=CARTESIAN_POINT('Ctrl Pts',(-16.3003001785765,7.51957590495953,-0.00742279609539805));
#9780=CARTESIAN_POINT('Ctrl Pts',(-16.33117268082,7.45426942942382,-0.0103425996943309));
#9781=CARTESIAN_POINT('Ctrl Pts',(-16.3640484477633,7.39425088600645,8.73578829097845E-12));
#9782=CARTESIAN_POINT('Ctrl Pts',(-16.077729220104,7.64145010584215,-0.0957185926422718));
#9783=CARTESIAN_POINT('Ctrl Pts',(-16.0860712434565,7.56163149279235,-0.121662985635692));
#9784=CARTESIAN_POINT('Ctrl Pts',(-16.0963775120797,7.4733213383634,-0.122969984111631));
#9785=CARTESIAN_POINT('Ctrl Pts',(-16.1082242232117,7.39425088599023,-0.103977478331725));
#9786=CARTESIAN_POINT('Ctrl Pts',(-15.9977589784162,7.75130664078748,-0.284258444333127));
#9787=CARTESIAN_POINT('Ctrl Pts',(-15.9967709773917,7.64174795081516,-0.339041829540948));
#9788=CARTESIAN_POINT('Ctrl Pts',(-15.9965430705,7.51627521372865,-0.363167358484277));
#9789=CARTESIAN_POINT('Ctrl Pts',(-15.9965422464789,7.39425088595307,-0.356533384899975));
#9790=CARTESIAN_POINT('Ctrl Pts',(-15.9954963533276,7.80633686370295,-0.379600330192372));
#9791=CARTESIAN_POINT('Ctrl Pts',(-15.993844335231,7.68189202459447,-0.449212623277758));
#9792=CARTESIAN_POINT('Ctrl Pts',(-15.9926521236073,7.53792722701601,-0.48484848486871));
#9793=CARTESIAN_POINT('Ctrl Pts',(-15.9926521236079,7.39425088593442,-0.484848484848483));
#9794=CARTESIAN_POINT('Ctrl Pts',(-16.4924225025047,7.39425088600702,2.4980018054066E-15));
#9795=CARTESIAN_POINT('Ctrl Pts',(-16.4529924678098,7.45377685826036,-5.95758433725345E-12));
#9796=CARTESIAN_POINT('Ctrl Pts',(-16.4145520041994,7.51308700277477,0.0104998520699484));
#9797=CARTESIAN_POINT('Ctrl Pts',(-16.3818803289226,7.5641808452061,0.0310106169968921));
#9798=CARTESIAN_POINT('Ctrl Pts',(-15.9954963533276,7.80633686370295,-0.379600330192372));
#9799=CARTESIAN_POINT('Ctrl Pts',(-15.993844335231,7.68189202459447,-0.449212623277758));
#9800=CARTESIAN_POINT('Ctrl Pts',(-15.9926521236073,7.53792722701601,-0.48484848486871));
#9801=CARTESIAN_POINT('Ctrl Pts',(-15.9926521236079,7.39425088593442,-0.484848484848483));
#9802=CARTESIAN_POINT('Ctrl Pts',(-16.3818979191558,4.16139909280461,0.0317543031110376));
#9803=CARTESIAN_POINT('Ctrl Pts',(-16.3271130552894,4.0992075443589,0.0532457571051633));
#9804=CARTESIAN_POINT('Ctrl Pts',(-16.2444449717429,4.02216929024957,0.0841577505169815));
#9805=CARTESIAN_POINT('Ctrl Pts',(-16.1626985967072,3.91028319054356,0.119916182952722));
#9806=CARTESIAN_POINT('Ctrl Pts',(-16.2746634004121,4.14763745666396,0.0108402364945722));
#9807=CARTESIAN_POINT('Ctrl Pts',(-16.2317432368776,4.07653546437564,0.0255783124981152));
#9808=CARTESIAN_POINT('Ctrl Pts',(-16.1696082770782,3.98574898820061,0.0531362122832267));
#9809=CARTESIAN_POINT('Ctrl Pts',(-16.1117237625309,3.87097384529816,0.0950078032133261));
#9810=CARTESIAN_POINT('Ctrl Pts',(-16.0778018254103,4.08309349809422,-0.0944651454119083));
#9811=CARTESIAN_POINT('Ctrl Pts',(-16.0638577514131,3.99070977928518,-0.0734331657621272));
#9812=CARTESIAN_POINT('Ctrl Pts',(-16.0454545763271,3.88330234684752,-0.0320361441174949));
#9813=CARTESIAN_POINT('Ctrl Pts',(-16.0293648138142,3.77437528133913,0.0335892949357001));
#9814=CARTESIAN_POINT('Ctrl Pts',(-15.9977939313792,3.97180831691836,-0.282145648133581));
#9815=CARTESIAN_POINT('Ctrl Pts',(-15.9988388120937,3.85557210547615,-0.226869961996469));
#9816=CARTESIAN_POINT('Ctrl Pts',(-15.9996918844966,3.74787048030415,-0.143315918498639));
#9817=CARTESIAN_POINT('Ctrl Pts',(-15.9999916031765,3.65813679197758,-0.040655841197849));
#9818=CARTESIAN_POINT('Ctrl Pts',(-15.9955560534954,3.91604824887069,-0.377076304592849));
#9819=CARTESIAN_POINT('Ctrl Pts',(-15.9972755439984,3.78791603999842,-0.30413561224915));
#9820=CARTESIAN_POINT('Ctrl Pts',(-15.9992199683385,3.68009398150894,-0.199222180063579));
#9821=CARTESIAN_POINT('Ctrl Pts',(-15.9998105546586,3.60000000000007,-0.0778602275544011));
#9822=CARTESIAN_POINT('',(-15.9998105546586,3.60000000000003,-0.0778602275544061));
#9823=CARTESIAN_POINT('',(-16.1626985967072,3.91028319054356,0.119916182952722));
#9824=CARTESIAN_POINT('Origin',(-16.4998046344917,3.60000000000008,-0.0802933596654753));
#9825=CARTESIAN_POINT('',(-16.3818979191525,4.16139909280311,0.0317543031110376));
#9826=CARTESIAN_POINT('Ctrl Pts',(-16.1626985967072,3.91028319054356,0.119916182952722));
#9827=CARTESIAN_POINT('Ctrl Pts',(-16.2444449717429,4.02216929024957,0.0841577505169815));
#9828=CARTESIAN_POINT('Ctrl Pts',(-16.3271130552894,4.0992075443589,0.0532457571051633));
#9829=CARTESIAN_POINT('Ctrl Pts',(-16.3818979191558,4.16139909280461,0.0317543031110376));
#9830=CARTESIAN_POINT('',(-15.9955560534954,3.91604824887068,-0.377076304592848));
#9831=CARTESIAN_POINT('Origin',(-16.4954171801672,3.91604824887069,-0.388859939111375));
#9832=CARTESIAN_POINT('Ctrl Pts',(-15.9955560534954,3.91604824887069,-0.377076304592849));
#9833=CARTESIAN_POINT('Ctrl Pts',(-15.9972755439984,3.78791603999842,-0.30413561224915));
#9834=CARTESIAN_POINT('Ctrl Pts',(-15.9992199683385,3.68009398150894,-0.199222180063579));
#9835=CARTESIAN_POINT('Ctrl Pts',(-15.9998105546586,3.60000000000007,-0.0778602275544011));
#9836=CARTESIAN_POINT('Ctrl Pts',(-16.111908065874,3.24715519883832,0.300816745582142));
#9837=CARTESIAN_POINT('Ctrl Pts',(-16.1323830923618,3.21993666901375,0.264327274881469));
#9838=CARTESIAN_POINT('Ctrl Pts',(-16.1475786670478,3.20397383660501,0.208412647189992));
#9839=CARTESIAN_POINT('Ctrl Pts',(-16.1269252130486,3.22984351347887,0.114981077587602));
#9840=CARTESIAN_POINT('Ctrl Pts',(-16.0756919280019,3.29612977222226,0.041098784930826));
#9841=CARTESIAN_POINT('Ctrl Pts',(-16.0177541129376,3.43527677062776,-0.0291657182859535));
#9842=CARTESIAN_POINT('Ctrl Pts',(-15.9998864782374,3.53822049533206,-0.0622583867119993));
#9843=CARTESIAN_POINT('Ctrl Pts',(-15.9998105546586,3.60000000000025,-0.0778602275543305));
#9844=CARTESIAN_POINT('Ctrl Pts',(-16.0509831354516,3.33135948710503,0.284224868745027));
#9845=CARTESIAN_POINT('Ctrl Pts',(-16.0636196502836,3.30468024872254,0.25313794871872));
#9846=CARTESIAN_POINT('Ctrl Pts',(-16.0731093153157,3.28842581561661,0.206515046084926));
#9847=CARTESIAN_POINT('Ctrl Pts',(-16.0602118940412,3.31470852714558,0.128551392552261));
#9848=CARTESIAN_POINT('Ctrl Pts',(-16.0283406045114,3.38049558549582,0.0654700498167371));
#9849=CARTESIAN_POINT('Ctrl Pts',(-15.9978592274961,3.51018392583319,0.00333374387183864));
#9850=CARTESIAN_POINT('Ctrl Pts',(-15.9940153008065,3.60309605226485,-0.0264927156311493));
#9851=CARTESIAN_POINT('Ctrl Pts',(-15.9999916031766,3.65813679197772,-0.0406558411977935));
#9852=CARTESIAN_POINT('Ctrl Pts',(-15.9849817876652,3.53993615740116,0.252137448538215));
#9853=CARTESIAN_POINT('Ctrl Pts',(-15.9844477284214,3.52084736077047,0.231751866943815));
#9854=CARTESIAN_POINT('Ctrl Pts',(-15.9844819470112,3.50942293224505,0.203482231876871));
#9855=CARTESIAN_POINT('Ctrl Pts',(-15.9854765097202,3.52945976305161,0.155974009612265));
#9856=CARTESIAN_POINT('Ctrl Pts',(-15.9869469894841,3.57792453144268,0.11420551112952));
#9857=CARTESIAN_POINT('Ctrl Pts',(-15.9992728754589,3.6704469450265,0.0681752758825576));
#9858=CARTESIAN_POINT('Ctrl Pts',(-16.0155397356213,3.73579970473949,0.0448718686518358));
#9859=CARTESIAN_POINT('Ctrl Pts',(-16.0293644275412,3.77437542451684,0.0335893884435438));
#9860=CARTESIAN_POINT('Ctrl Pts',(-16.0552614712235,3.74883511896869,0.23447398987569));
#9861=CARTESIAN_POINT('Ctrl Pts',(-16.0528270136128,3.74106087600824,0.221452316908798));
#9862=CARTESIAN_POINT('Ctrl Pts',(-16.0516521035099,3.73742006893406,0.203230731164071));
#9863=CARTESIAN_POINT('Ctrl Pts',(-16.0551919930374,3.74637864987779,0.172733099749122));
#9864=CARTESIAN_POINT('Ctrl Pts',(-16.0623521962865,3.76742552890482,0.146156542606492));
#9865=CARTESIAN_POINT('Ctrl Pts',(-16.0813788724666,3.81392161775832,0.116983473973268));
#9866=CARTESIAN_POINT('Ctrl Pts',(-16.0989411873397,3.84931784460803,0.102174154878823));
#9867=CARTESIAN_POINT('Ctrl Pts',(-16.1117237625309,3.87097384529812,0.0950078032133427));
#9868=CARTESIAN_POINT('Ctrl Pts',(-16.1179152661173,3.83333165879903,0.230961664639151));
#9869=CARTESIAN_POINT('Ctrl Pts',(-16.1172174097651,3.82952449688325,0.220183860863873));
#9870=CARTESIAN_POINT('Ctrl Pts',(-16.1177873393284,3.82829164191936,0.203792325524042));
#9871=CARTESIAN_POINT('Ctrl Pts',(-16.1198362146162,3.83332020563399,0.176526088209096));
#9872=CARTESIAN_POINT('Ctrl Pts',(-16.1233636337265,3.84459690689341,0.154948407288219));
#9873=CARTESIAN_POINT('Ctrl Pts',(-16.1377529353917,3.87301287383694,0.13428113573053));
#9874=CARTESIAN_POINT('Ctrl Pts',(-16.152189587035,3.89589953006349,0.124513153915215));
#9875=CARTESIAN_POINT('Ctrl Pts',(-16.1626985967072,3.9102831905435,0.119916182952742));
#9876=CARTESIAN_POINT('',(-16.111908065874,3.24715519883832,0.300816745582142));
#9877=CARTESIAN_POINT('Ctrl Pts',(-15.9998105546586,3.60000000000025,-0.0778602275543305));
#9878=CARTESIAN_POINT('Ctrl Pts',(-15.9998864782374,3.53822049533206,-0.0622583867119993));
#9879=CARTESIAN_POINT('Ctrl Pts',(-16.0177541129376,3.43527677062776,-0.0291657182859535));
#9880=CARTESIAN_POINT('Ctrl Pts',(-16.0756919280019,3.29612977222226,0.041098784930826));
#9881=CARTESIAN_POINT('Ctrl Pts',(-16.1269252130486,3.22984351347887,0.114981077587602));
#9882=CARTESIAN_POINT('Ctrl Pts',(-16.1475786670478,3.20397383660501,0.208412647189992));
#9883=CARTESIAN_POINT('Ctrl Pts',(-16.1323830923618,3.21993666901375,0.264327274881469));
#9884=CARTESIAN_POINT('Ctrl Pts',(-16.111908065874,3.24715519883832,0.300816745582142));
#9885=CARTESIAN_POINT('',(-16.1179152661173,3.83333165879913,0.230961664639107));
#9886=CARTESIAN_POINT('Origin',(-16.5162409206091,3.54119253313971,0.308365826237023));
#9887=CARTESIAN_POINT('Ctrl Pts',(-16.1179152661173,3.83333165879903,0.230961664639151));
#9888=CARTESIAN_POINT('Ctrl Pts',(-16.1172174097651,3.82952449688325,0.220183860863873));
#9889=CARTESIAN_POINT('Ctrl Pts',(-16.1177873393284,3.82829164191936,0.203792325524042));
#9890=CARTESIAN_POINT('Ctrl Pts',(-16.1198362146162,3.83332020563399,0.176526088209096));
#9891=CARTESIAN_POINT('Ctrl Pts',(-16.1233636337265,3.84459690689341,0.154948407288219));
#9892=CARTESIAN_POINT('Ctrl Pts',(-16.1377529353917,3.87301287383694,0.13428113573053));
#9893=CARTESIAN_POINT('Ctrl Pts',(-16.152189587035,3.89589953006349,0.124513153915215));
#9894=CARTESIAN_POINT('Ctrl Pts',(-16.1626985967072,3.9102831905435,0.119916182952742));
#9895=CARTESIAN_POINT('Ctrl Pts',(-16.1179152661172,3.83333165879898,0.230961664639258));
#9896=CARTESIAN_POINT('Ctrl Pts',(-16.1012473173326,3.82743287747638,0.294472549444094));
#9897=CARTESIAN_POINT('Ctrl Pts',(-16.0808873225541,3.82100001626225,0.384790429108833));
#9898=CARTESIAN_POINT('Ctrl Pts',(-16.0601680544351,3.82215418659145,0.509334531031523));
#9899=CARTESIAN_POINT('Ctrl Pts',(-16.0533312435756,3.82847882821257,0.570508943686031));
#9900=CARTESIAN_POINT('Ctrl Pts',(-16.0520495773299,3.83684094932403,0.604470140385696));
#9901=CARTESIAN_POINT('Ctrl Pts',(-16.0552614712234,3.74883511896864,0.23447398987578));
#9902=CARTESIAN_POINT('Ctrl Pts',(-16.0476555181175,3.74929541379626,0.299297547180867));
#9903=CARTESIAN_POINT('Ctrl Pts',(-16.038080118782,3.75301098443346,0.390683143335109));
#9904=CARTESIAN_POINT('Ctrl Pts',(-16.0303076868872,3.77056925289996,0.516299942167223));
#9905=CARTESIAN_POINT('Ctrl Pts',(-16.0290624895589,3.78631964632299,0.577919631238992));
#9906=CARTESIAN_POINT('Ctrl Pts',(-16.0310603069933,3.80083350354141,0.612243321454836));
#9907=CARTESIAN_POINT('Ctrl Pts',(-15.9849835176437,3.5399361614923,0.252137631638871));
#9908=CARTESIAN_POINT('Ctrl Pts',(-15.984972089856,3.56330485236949,0.317102560675806));
#9909=CARTESIAN_POINT('Ctrl Pts',(-15.9851051205027,3.59725961539372,0.408166953520997));
#9910=CARTESIAN_POINT('Ctrl Pts',(-15.9885967794704,3.65737586423007,0.533280971483983));
#9911=CARTESIAN_POINT('Ctrl Pts',(-15.9929957890121,3.69520732519428,0.594864741883553));
#9912=CARTESIAN_POINT('Ctrl Pts',(-15.9984965972158,3.72368433130835,0.629409208251926));
#9913=CARTESIAN_POINT('Ctrl Pts',(-16.0509831354516,3.33135948710494,0.284224868744937));
#9914=CARTESIAN_POINT('Ctrl Pts',(-16.0313170661469,3.3735307743158,0.345876371690044));
#9915=CARTESIAN_POINT('Ctrl Pts',(-16.0084953704681,3.43494419983531,0.433165428561237));
#9916=CARTESIAN_POINT('Ctrl Pts',(-15.989054247706,3.53718468766273,0.55440527256618));
#9917=CARTESIAN_POINT('Ctrl Pts',(-15.984771356149,3.59796809122997,0.614606765502154));
#9918=CARTESIAN_POINT('Ctrl Pts',(-15.9868468942736,3.64122925146746,0.648709515763537));
#9919=CARTESIAN_POINT('Ctrl Pts',(-16.1119080658741,3.24715519883822,0.300816745581996));
#9920=CARTESIAN_POINT('Ctrl Pts',(-16.0782420787594,3.29190916655107,0.360814423786099));
#9921=CARTESIAN_POINT('Ctrl Pts',(-16.0382934502135,3.3607070342238,0.446198112815874));
#9922=CARTESIAN_POINT('Ctrl Pts',(-15.9996301087066,3.4787938026871,0.565340168535876));
#9923=CARTESIAN_POINT('Ctrl Pts',(-15.9878334136631,3.54979932549482,0.624762759900526));
#9924=CARTESIAN_POINT('Ctrl Pts',(-15.9864401308063,3.6,0.658583285656448));
#9925=CARTESIAN_POINT('',(-16.0520495773299,3.83684094932403,0.604470140385696));
#9926=CARTESIAN_POINT('Origin',(-16.486016384894,3.59999999999999,0.679164013333212));
#9927=CARTESIAN_POINT('Ctrl Pts',(-16.0520495773299,3.83684094932403,0.604470140385696));
#9928=CARTESIAN_POINT('Ctrl Pts',(-16.0533312435756,3.82847882821257,0.570508943686031));
#9929=CARTESIAN_POINT('Ctrl Pts',(-16.0601680544351,3.82215418659145,0.509334531031523));
#9930=CARTESIAN_POINT('Ctrl Pts',(-16.0808873225541,3.82100001626225,0.384790429108833));
#9931=CARTESIAN_POINT('Ctrl Pts',(-16.1012473173326,3.82743287747638,0.294472549444094));
#9932=CARTESIAN_POINT('Ctrl Pts',(-16.1179152661172,3.83333165879898,0.230961664639258));
#9933=CARTESIAN_POINT('Ctrl Pts',(-16.1119080658741,3.24715519883822,0.300816745581996));
#9934=CARTESIAN_POINT('Ctrl Pts',(-16.0782420787594,3.29190916655107,0.360814423786099));
#9935=CARTESIAN_POINT('Ctrl Pts',(-16.0382934502135,3.3607070342238,0.446198112815874));
#9936=CARTESIAN_POINT('Ctrl Pts',(-15.9996301087066,3.4787938026871,0.565340168535876));
#9937=CARTESIAN_POINT('Ctrl Pts',(-15.9878334136631,3.54979932549482,0.624762759900526));
#9938=CARTESIAN_POINT('Ctrl Pts',(-15.9864401308063,3.6,0.658583285656448));
#9939=CARTESIAN_POINT('Ctrl Pts',(15.4796846732894,14.7574489407794,4.04714250002746));
#9940=CARTESIAN_POINT('Ctrl Pts',(14.9313165987409,14.228855768491,6.14456429302134));
#9941=CARTESIAN_POINT('Ctrl Pts',(12.9708340631202,13.1714844409587,10.1125565442339));
#9942=CARTESIAN_POINT('Ctrl Pts',(7.91582410269783,11.5838684803848,14.4170794471808));
#9943=CARTESIAN_POINT('Ctrl Pts',(1.57097562593238,9.99402360508435,16.3728870237603));
#9944=CARTESIAN_POINT('Ctrl Pts',(-5.02866982026367,8.40124531611909,15.6585998197697));
#9945=CARTESIAN_POINT('Ctrl Pts',(-10.8094692294192,6.80505123439707,12.3972624656936));
#9946=CARTESIAN_POINT('Ctrl Pts',(-14.8277809550347,5.20500211610816,7.1147922449326));
#9947=CARTESIAN_POINT('Ctrl Pts',(-15.8972706517184,4.13547011574749,2.82308179325686));
#9948=CARTESIAN_POINT('Ctrl Pts',(-15.9864401308063,3.59999999999999,0.658583285656455));
#9949=CARTESIAN_POINT('Ctrl Pts',(15.4790517273806,14.7680323148132,4.04956341875818));
#9950=CARTESIAN_POINT('Ctrl Pts',(14.9300220456627,14.2450146872614,6.14817513396617));
#9951=CARTESIAN_POINT('Ctrl Pts',(12.9671903826067,13.1986403303427,10.118092556778));
#9952=CARTESIAN_POINT('Ctrl Pts',(7.90698696308245,11.6263587621757,14.4224857256982));
#9953=CARTESIAN_POINT('Ctrl Pts',(1.55739931412867,10.0500505313706,16.3746100844951));
#9954=CARTESIAN_POINT('Ctrl Pts',(-5.04442044834467,8.46847396810269,15.6538917326873));
#9955=CARTESIAN_POINT('Ctrl Pts',(-10.8236091729561,6.88070905734588,12.3852411985139));
#9956=CARTESIAN_POINT('Ctrl Pts',(-14.8365010244921,5.28599295054672,7.09690818657107));
#9957=CARTESIAN_POINT('Ctrl Pts',(-15.9007577486983,4.21781427015589,2.80347804079609));
#9958=CARTESIAN_POINT('Ctrl Pts',(-15.987253657741,3.68245850293493,0.638835745870632));
#9959=CARTESIAN_POINT('Ctrl Pts',(15.478762172981,14.7786156856501,4.05207411595058));
#9960=CARTESIAN_POINT('Ctrl Pts',(14.929420718616,14.2611735932247,6.15201692684523));
#9961=CARTESIAN_POINT('Ctrl Pts',(12.9654510308542,13.2257964446902,10.1246167724142));
#9962=CARTESIAN_POINT('Ctrl Pts',(7.90136814896317,11.668846989013,14.4325841252771));
#9963=CARTESIAN_POINT('Ctrl Pts',(1.54544364531057,10.1060671262944,16.3863717133087));
#9964=CARTESIAN_POINT('Ctrl Pts',(-5.06411352105456,8.53567218650936,15.6634838510478));
#9965=CARTESIAN_POINT('Ctrl Pts',(-10.8498135505052,6.95630933039522,12.3878478171349));
#9966=CARTESIAN_POINT('Ctrl Pts',(-14.8647705550402,5.36690057644675,7.08872762721545));
#9967=CARTESIAN_POINT('Ctrl Pts',(-15.9260569112578,4.30006821560375,2.7877923339452));
#9968=CARTESIAN_POINT('Ctrl Pts',(-16.0100710366567,3.76482605775881,0.620016502523981));
#9969=CARTESIAN_POINT('Ctrl Pts',(15.4788166261141,14.7891765372933,4.05466925012599));
#9970=CARTESIAN_POINT('Ctrl Pts',(14.92951454565,14.2772743974034,6.15607587329634));
#9971=CARTESIAN_POINT('Ctrl Pts',(12.9656235244433,13.2527070033061,10.1320706730402));
#9972=CARTESIAN_POINT('Ctrl Pts',(7.89911234074317,11.7100575232935,14.4470683540641));
#9973=CARTESIAN_POINT('Ctrl Pts',(1.53573389602772,10.1589475727428,16.4074932079043));
#9974=CARTESIAN_POINT('Ctrl Pts',(-5.08617136251699,8.59732367326168,15.6865397469472));
#9975=CARTESIAN_POINT('Ctrl Pts',(-10.8853541037148,7.02394076614372,12.4047452132774));
#9976=CARTESIAN_POINT('Ctrl Pts',(-14.9091824476779,5.43800634471055,7.09119293107007));
#9977=CARTESIAN_POINT('Ctrl Pts',(-15.9700235113787,4.37201295690183,2.77797152541007));
#9978=CARTESIAN_POINT('Ctrl Pts',(-16.0520495773299,3.83684094932405,0.6044701403857));
#9979=CARTESIAN_POINT('',(15.4788166261141,14.7891765372933,4.054669250126));
#9980=CARTESIAN_POINT('Origin',(15.9634248193297,14.7574489407794,4.17361570315332));
#9981=CARTESIAN_POINT('Ctrl Pts',(15.4788166261141,14.7891765372933,4.05466925012599));
#9982=CARTESIAN_POINT('Ctrl Pts',(14.92951454565,14.2772743974034,6.15607587329634));
#9983=CARTESIAN_POINT('Ctrl Pts',(12.9656235244433,13.2527070033061,10.1320706730402));
#9984=CARTESIAN_POINT('Ctrl Pts',(7.89911234074317,11.7100575232935,14.4470683540641));
#9985=CARTESIAN_POINT('Ctrl Pts',(1.53573389602772,10.1589475727428,16.4074932079043));
#9986=CARTESIAN_POINT('Ctrl Pts',(-5.08617136251699,8.59732367326168,15.6865397469472));
#9987=CARTESIAN_POINT('Ctrl Pts',(-10.8853541037148,7.02394076614372,12.4047452132774));
#9988=CARTESIAN_POINT('Ctrl Pts',(-14.9091824476779,5.43800634471055,7.09119293107007));
#9989=CARTESIAN_POINT('Ctrl Pts',(-15.9700235113787,4.37201295690183,2.77797152541007));
#9990=CARTESIAN_POINT('Ctrl Pts',(-16.0520495773299,3.83684094932405,0.6044701403857));
#9991=CARTESIAN_POINT('Ctrl Pts',(15.4788166261141,14.7891765372933,4.05466925012599));
#9992=CARTESIAN_POINT('Ctrl Pts',(15.4819142319857,14.7826856843457,4.04031771374434));
#9993=CARTESIAN_POINT('Ctrl Pts',(15.4822569385742,14.7712501868693,4.0373851087144));
#9994=CARTESIAN_POINT('Ctrl Pts',(15.4891602916872,14.782228372383,4.01072480462331));
#9995=CARTESIAN_POINT('Ctrl Pts',(15.478762172981,14.77861568565,4.05207411595058));
#9996=CARTESIAN_POINT('Ctrl Pts',(15.482310725666,14.7755053622153,4.03767519891339));
#9997=CARTESIAN_POINT('Ctrl Pts',(15.4843111569947,14.7696635034491,4.02945184978006));
#9998=CARTESIAN_POINT('Ctrl Pts',(15.4891602916872,14.782228372383,4.01072480462329));
#9999=CARTESIAN_POINT('Ctrl Pts',(15.4790517273806,14.7680323148132,4.04956341875818));
#10000=CARTESIAN_POINT('Ctrl Pts',(15.4828446123423,14.7683233113904,4.03506572067859));
#10001=CARTESIAN_POINT('Ctrl Pts',(15.4863653754152,14.7680768200289,4.02151859084573));
#10002=CARTESIAN_POINT('Ctrl Pts',(15.4891602916872,14.782228372383,4.01072480462327));
#10003=CARTESIAN_POINT('Ctrl Pts',(15.4796846732894,14.7574489407794,4.04714250002746));
#10004=CARTESIAN_POINT('Ctrl Pts',(15.4835151268342,14.7611412629341,4.03249161658838));
#10005=CARTESIAN_POINT('Ctrl Pts',(15.4884195938358,14.7664901366087,4.0135853319114));
#10006=CARTESIAN_POINT('Ctrl Pts',(15.4891602916872,14.782228372383,4.01072480462325));
#10007=CARTESIAN_POINT('Ctrl Pts',(15.4891602916872,14.782228372383,4.01072480462331));
#10008=CARTESIAN_POINT('Ctrl Pts',(15.4822569385742,14.7712501868693,4.0373851087144));
#10009=CARTESIAN_POINT('Ctrl Pts',(15.4819142319857,14.7826856843457,4.04031771374434));
#10010=CARTESIAN_POINT('Ctrl Pts',(15.4788166261141,14.7891765372933,4.05466925012599));
#10011=CARTESIAN_POINT('Ctrl Pts',(-16.4924225006306,4.33169216587215,-1.38777878078145E-15));
#10012=CARTESIAN_POINT('Ctrl Pts',(-16.4529177463416,4.27195128868983,3.29715195276415E-10));
#10013=CARTESIAN_POINT('Ctrl Pts',(-16.4144420349861,4.21243718451586,0.0107662955532258));
#10014=CARTESIAN_POINT('Ctrl Pts',(-16.3818979191537,4.16139909280364,0.031754303111057));
#10015=CARTESIAN_POINT('Ctrl Pts',(-16.3640484462015,4.3316921658412,-4.72435961931685E-10));
#10016=CARTESIAN_POINT('Ctrl Pts',(-16.3311103799836,4.27145158642827,-0.01036219893049));
#10017=CARTESIAN_POINT('Ctrl Pts',(-16.3002119449704,4.20583988136604,-0.00716136910148892));
#10018=CARTESIAN_POINT('Ctrl Pts',(-16.2746634004105,4.14763745666283,0.010840236494247));
#10019=CARTESIAN_POINT('Ctrl Pts',(-16.1082055301097,4.33169216495277,-0.103958211408392));
#10020=CARTESIAN_POINT('Ctrl Pts',(-16.0963363695872,4.25212386393277,-0.122986707209532));
#10021=CARTESIAN_POINT('Ctrl Pts',(-16.0860304919833,4.16316714547108,-0.121260186057439));
#10022=CARTESIAN_POINT('Ctrl Pts',(-16.0777196054515,4.08312638590076,-0.0944071850731517));
#10023=CARTESIAN_POINT('Ctrl Pts',(-15.9965422464694,4.3316921629172,-0.35653338521218));
#10024=CARTESIAN_POINT('Ctrl Pts',(-15.9965430720706,4.20854814787663,-0.363179929156429));
#10025=CARTESIAN_POINT('Ctrl Pts',(-15.9967903432054,4.08189808062076,-0.338309603415246));
#10026=CARTESIAN_POINT('Ctrl Pts',(-15.9977939313792,3.97180831691794,-0.282145648133745));
#10027=CARTESIAN_POINT('Ctrl Pts',(-15.9926521236079,4.33169216189582,-0.484848484848483));
#10028=CARTESIAN_POINT('Ctrl Pts',(-15.9926521236418,4.18658267969314,-0.484848483729444));
#10029=CARTESIAN_POINT('Ctrl Pts',(-15.9938768427877,4.04117890633828,-0.448308330243613));
#10030=CARTESIAN_POINT('Ctrl Pts',(-15.9955560534955,3.91604824887058,-0.377076304592791));
#10031=CARTESIAN_POINT('Ctrl Pts',(-16.3818979191537,4.16139909280364,0.031754303111057));
#10032=CARTESIAN_POINT('Ctrl Pts',(-16.4144420346913,4.21243718405343,0.0107662957433899));
#10033=CARTESIAN_POINT('Ctrl Pts',(-16.4529177456444,4.27195128761136,5.24813599163587E-10));
#10034=CARTESIAN_POINT('Ctrl Pts',(-16.4924224995568,4.33169216424829,-1.37616491501813E-15));
#10035=CARTESIAN_POINT('Ctrl Pts',(-15.9926521236079,4.33169216189582,-0.484848484848483));
#10036=CARTESIAN_POINT('Ctrl Pts',(-15.9926521236418,4.18658267969314,-0.484848483729444));
#10037=CARTESIAN_POINT('Ctrl Pts',(-15.9938768427877,4.04117890633828,-0.448308330243613));
#10038=CARTESIAN_POINT('Ctrl Pts',(-15.9955560534955,3.91604824887058,-0.377076304592791));
#10039=CARTESIAN_POINT('Ctrl Pts',(15.4886456244723,19.7255469066165,4.01228495446015));
#10040=CARTESIAN_POINT('Ctrl Pts',(15.48467535364,19.7215295275748,4.02760809639668));
#10041=CARTESIAN_POINT('Ctrl Pts',(15.478975934617,19.6981768138143,4.05188063891592));
#10042=CARTESIAN_POINT('Ctrl Pts',(15.4698172348046,19.6529280652497,4.09632539029701));
#10043=CARTESIAN_POINT('Ctrl Pts',(15.4575180550953,19.5702930513587,4.17257001077913));
#10044=CARTESIAN_POINT('Ctrl Pts',(15.4491711822217,19.4535976280566,4.28197687873902));
#10045=CARTESIAN_POINT('Ctrl Pts',(15.4572450861456,19.2690630221403,4.45827937064532));
#10046=CARTESIAN_POINT('Ctrl Pts',(15.5114484712193,19.0488410177148,4.67773825797356));
#10047=CARTESIAN_POINT('Ctrl Pts',(15.6235226432848,18.9006374781841,4.83764667135884));
#10048=CARTESIAN_POINT('Ctrl Pts',(15.7041334186115,18.8476068066213,4.89981821677011));
#10049=CARTESIAN_POINT('Ctrl Pts',(15.4887486640282,19.7244910622469,4.01202949682995));
#10050=CARTESIAN_POINT('Ctrl Pts',(15.4849560913251,19.7204697074882,4.02669093068515));
#10051=CARTESIAN_POINT('Ctrl Pts',(15.479631339032,19.6963859486052,4.04980550828312));
#10052=CARTESIAN_POINT('Ctrl Pts',(15.4713212278122,19.6497032527376,4.09216306618893));
#10053=CARTESIAN_POINT('Ctrl Pts',(15.4608780535617,19.5644672499661,4.16490378117923));
#10054=CARTESIAN_POINT('Ctrl Pts',(15.4562872114145,19.4444512898286,4.26961481190688));
#10055=CARTESIAN_POINT('Ctrl Pts',(15.4723476087279,19.2563525881366,4.43864697350516));
#10056=CARTESIAN_POINT('Ctrl Pts',(15.5396454367978,19.0364567025621,4.64930158007676));
#10057=CARTESIAN_POINT('Ctrl Pts',(15.6587147936664,18.8988995364925,4.79875526569126));
#10058=CARTESIAN_POINT('Ctrl Pts',(15.7360683249486,18.8523793352227,4.85457698169947));
#10059=CARTESIAN_POINT('Ctrl Pts',(15.488937498676,19.7223788075645,4.01151396510116));
#10060=CARTESIAN_POINT('Ctrl Pts',(15.4854947784606,19.7183493170803,4.02485047982389));
#10061=CARTESIAN_POINT('Ctrl Pts',(15.4808510733579,19.6928073991497,4.04563004800065));
#10062=CARTESIAN_POINT('Ctrl Pts',(15.473952358052,19.6432443910981,4.08372817561995));
#10063=CARTESIAN_POINT('Ctrl Pts',(15.4663364702709,19.5526772241232,4.14917936450322));
#10064=CARTESIAN_POINT('Ctrl Pts',(15.4669284099504,19.4253189631437,4.2436372699801));
#10065=CARTESIAN_POINT('Ctrl Pts',(15.4935613344492,19.2266711836368,4.39562817630228));
#10066=CARTESIAN_POINT('Ctrl Pts',(15.5781482705754,18.9968693801488,4.5831224143364));
#10067=CARTESIAN_POINT('Ctrl Pts',(15.709012454604,18.8614288390984,4.70630123617193));
#10068=CARTESIAN_POINT('Ctrl Pts',(15.7832533131394,18.8182369564868,4.74856248718448));
#10069=CARTESIAN_POINT('Ctrl Pts',(15.4890917939129,19.7202659868632,4.01098933857241));
#10070=CARTESIAN_POINT('Ctrl Pts',(15.4859877291634,19.7162281763193,4.02299832773214));
#10071=CARTESIAN_POINT('Ctrl Pts',(15.4818714644859,19.6892161696918,4.04141257259302));
#10072=CARTESIAN_POINT('Ctrl Pts',(15.4757638325797,19.6367284714659,4.07512592117076));
#10073=CARTESIAN_POINT('Ctrl Pts',(15.4690567961641,19.5406137499734,4.13296735467134));
#10074=CARTESIAN_POINT('Ctrl Pts',(15.4696124246639,19.4050698389115,4.21649931380106));
#10075=CARTESIAN_POINT('Ctrl Pts',(15.4934352215182,19.1916850342229,4.35142477706895));
#10076=CARTESIAN_POINT('Ctrl Pts',(15.5692101182213,18.9397009891213,4.51909716240888));
#10077=CARTESIAN_POINT('Ctrl Pts',(15.6912396762813,18.7766716827718,4.63585953685246));
#10078=CARTESIAN_POINT('Ctrl Pts',(15.7673906361793,18.7199635465089,4.67984632784375));
#10079=CARTESIAN_POINT('Ctrl Pts',(15.4891602963185,19.7192095765116,4.01072478673753));
#10080=CARTESIAN_POINT('Ctrl Pts',(15.4862227339101,19.7151676059369,4.02206946169131));
#10081=CARTESIAN_POINT('Ctrl Pts',(15.4823362373509,19.6874216755411,4.03929004439703));
#10082=CARTESIAN_POINT('Ctrl Pts',(15.4764773286998,19.6334744552248,4.07078037918273));
#10083=CARTESIAN_POINT('Ctrl Pts',(15.4697582125926,19.5345911704643,4.12476939597822));
#10084=CARTESIAN_POINT('Ctrl Pts',(15.4690012140406,19.3949687175685,4.20290086869468));
#10085=CARTESIAN_POINT('Ctrl Pts',(15.4881577035318,19.1742377663083,4.33037950578092));
#10086=CARTESIAN_POINT('Ctrl Pts',(15.5534103899312,18.9111860111204,4.49251337557482));
#10087=CARTESIAN_POINT('Ctrl Pts',(15.6677067396282,18.7342143150878,4.61589594382472));
#10088=CARTESIAN_POINT('Ctrl Pts',(15.7460230040708,18.6705176238772,4.66613831354865));
#10089=CARTESIAN_POINT('',(15.7041334186115,18.8476068066213,4.89981821677011));
#10090=CARTESIAN_POINT('Ctrl Pts',(15.4771624370014,19.6879970280663,4.06119168730123));
#10091=CARTESIAN_POINT('Ctrl Pts',(15.4754763958994,19.679906453269,4.06916437428581));
#10092=CARTESIAN_POINT('Ctrl Pts',(15.4694938034449,19.6490464942266,4.09899902946663));
#10093=CARTESIAN_POINT('Ctrl Pts',(15.4579276866896,19.5695769457284,4.17162715749859));
#10094=CARTESIAN_POINT('Ctrl Pts',(15.4500364098896,19.4524718070428,4.28045494613516));
#10095=CARTESIAN_POINT('Ctrl Pts',(15.459077903102,19.2674907560735,4.4558580004629));
#10096=CARTESIAN_POINT('Ctrl Pts',(15.5148675380438,19.0472824085947,4.67422147560754));
#10097=CARTESIAN_POINT('Ctrl Pts',(15.6277953356089,18.9003387875407,4.83283244923709));
#10098=CARTESIAN_POINT('Ctrl Pts',(15.7080144537872,18.8480836511081,4.89422198162724));
#10099=CARTESIAN_POINT('',(15.7460230040708,18.6705176238772,4.66613831354865));
#10100=CARTESIAN_POINT('Origin',(15.6380294045526,18.6705176238772,4.83447542313266));
#10101=CARTESIAN_POINT('Ctrl Pts',(15.7460230040708,18.6705176238772,4.66613831354865));
#10102=CARTESIAN_POINT('Ctrl Pts',(15.6677067396282,18.7342143150878,4.61589594382472));
#10103=CARTESIAN_POINT('Ctrl Pts',(15.5534103899312,18.9111860111204,4.49251337557482));
#10104=CARTESIAN_POINT('Ctrl Pts',(15.4881577035318,19.1742377663083,4.33037950578092));
#10105=CARTESIAN_POINT('Ctrl Pts',(15.4690012140406,19.3949687175685,4.20290086869468));
#10106=CARTESIAN_POINT('Ctrl Pts',(15.4697582125926,19.5345911704643,4.12476939597822));
#10107=CARTESIAN_POINT('Ctrl Pts',(15.4764773286998,19.6334744552248,4.07078037918273));
#10108=CARTESIAN_POINT('Ctrl Pts',(15.4823362373509,19.6874216755411,4.03929004439703));
#10109=CARTESIAN_POINT('Ctrl Pts',(15.4862227339101,19.7151676059369,4.02206946169131));
#10110=CARTESIAN_POINT('Ctrl Pts',(15.4891602963185,19.7192095765116,4.01072478673753));
#10111=CARTESIAN_POINT('Origin',(-3.78951643911159E-15,12.3775,0.));
#10112=CARTESIAN_POINT('Ctrl Pts',(-15.9990158473437,13.6816666666666,-0.000201639376898322));
#10113=CARTESIAN_POINT('Ctrl Pts',(-15.9992799102762,13.5115373830384,-0.687615277744101));
#10114=CARTESIAN_POINT('Ctrl Pts',(-15.8198548806586,12.8150649593577,-3.50160349044909));
#10115=CARTESIAN_POINT('Ctrl Pts',(-14.1964984637501,11.5922493956244,-8.27341840245969));
#10116=CARTESIAN_POINT('Ctrl Pts',(-10.0775012279822,10.0894202220096,-12.9001674155403));
#10117=CARTESIAN_POINT('Ctrl Pts',(-6.51462283817875,9.11293418844737,-14.7251347020615));
#10118=CARTESIAN_POINT('Ctrl Pts',(-4.77912249630702,8.66279129493771,-15.2692869318835));
#10119=CARTESIAN_POINT('Origin',(-1.10218211923262E-15,3.59999999999999,
0.));
#10120=CARTESIAN_POINT('Ctrl Pts',(15.4902191276,19.7008410248463,4.01099925382824));
#10121=CARTESIAN_POINT('Ctrl Pts',(15.0611944729207,19.2772954224504,5.66619337922201));
#10122=CARTESIAN_POINT('Ctrl Pts',(12.9787380792016,18.0066586152625,10.4373409554628));
#10123=CARTESIAN_POINT('Ctrl Pts',(7.37230929421507,16.3124762056788,14.9224187882092));
#10124=CARTESIAN_POINT('Ctrl Pts',(-1.14533222184858,14.194748193699,16.5941532553946));
#10125=CARTESIAN_POINT('Ctrl Pts',(-8.02855329237188,12.5005657841152,14.5667645058234));
#10126=CARTESIAN_POINT('Ctrl Pts',(-14.2632627685887,10.3828377721354,8.52628847057653));
#10127=CARTESIAN_POINT('Ctrl Pts',(-15.9703431729998,9.1122009649476,3.41978347095878));
#10128=CARTESIAN_POINT('Ctrl Pts',(-15.9703431729998,8.2651097601557,1.95771647543357E-15));
#10129=CARTESIAN_POINT('Ctrl Pts',(15.497605524741,19.5814884229375,4.01291380054764));
#10130=CARTESIAN_POINT('Ctrl Pts',(15.0683788365658,19.1579428205415,5.66888737917777));
#10131=CARTESIAN_POINT('Ctrl Pts',(12.9849266144279,17.8873060133537,10.4423182815732));
#10132=CARTESIAN_POINT('Ctrl Pts',(7.37580995571854,16.1931236037699,14.9295283561257));
#10133=CARTESIAN_POINT('Ctrl Pts',(-1.14587960950249,14.0753955917902,16.602071793129));
#10134=CARTESIAN_POINT('Ctrl Pts',(-8.03239344101732,12.3812131822063,14.5736982228549));
#10135=CARTESIAN_POINT('Ctrl Pts',(-14.2700696610885,10.2634851702266,8.53036491257115));
#10136=CARTESIAN_POINT('Ctrl Pts',(-15.9779736613109,8.99284836303876,3.421393893116));
#10137=CARTESIAN_POINT('Ctrl Pts',(-15.9779736613109,8.14575715824686,1.95865094074218E-15));
#10138=CARTESIAN_POINT('Ctrl Pts',(15.577634836613,19.3070026466531,4.03365731779636));
#10139=CARTESIAN_POINT('Ctrl Pts',(15.1461830131844,18.8834570442571,5.69821555644416));
#10140=CARTESIAN_POINT('Ctrl Pts',(13.0519652552352,17.6128202370693,10.496307448331));
#10141=CARTESIAN_POINT('Ctrl Pts',(7.41388135419008,15.9186378274855,15.0067327057998));
#10142=CARTESIAN_POINT('Ctrl Pts',(-1.15189934344912,13.8009098155057,16.6878962950096));
#10143=CARTESIAN_POINT('Ctrl Pts',(-8.07399409786458,12.1067274059219,14.6490773436654));
#10144=CARTESIAN_POINT('Ctrl Pts',(-14.3439354776662,9.98899939394217,8.57444459511082));
#10145=CARTESIAN_POINT('Ctrl Pts',(-16.0606476249666,8.71836258675432,3.4391305911757));
#10146=CARTESIAN_POINT('Ctrl Pts',(-16.0606476249666,7.87127138196243,1.96877558123856E-15));
#10147=CARTESIAN_POINT('Ctrl Pts',(15.785821723936,19.1094321921819,4.08761914986926));
#10148=CARTESIAN_POINT('Ctrl Pts',(15.3486116123062,18.6858865897859,5.77439309267113));
#10149=CARTESIAN_POINT('Ctrl Pts',(13.2263686086944,17.4152497825981,10.6367027836141));
#10150=CARTESIAN_POINT('Ctrl Pts',(7.51280061117241,15.7210673730143,15.2074254400685));
#10151=CARTESIAN_POINT('Ctrl Pts',(-1.16748483664787,13.6033393610345,16.9111340113127));
#10152=CARTESIAN_POINT('Ctrl Pts',(-8.18221846890349,11.9091569514507,14.8449552348422));
#10153=CARTESIAN_POINT('Ctrl Pts',(-14.5359926964521,9.79142893947097,8.68918548395358));
#10154=CARTESIAN_POINT('Ctrl Pts',(-16.275714264346,8.52079213228312,3.48503028154809));
#10155=CARTESIAN_POINT('Ctrl Pts',(-16.275714264346,7.67370092749123,1.99511364839049E-15));
#10156=CARTESIAN_POINT('Ctrl Pts',(15.9257200146201,19.042040768215,4.1238806462884));
#10157=CARTESIAN_POINT('Ctrl Pts',(15.484621336149,18.6184951658191,5.82565683411661));
#10158=CARTESIAN_POINT('Ctrl Pts',(13.3435584549726,17.3478583586312,10.7310786268197));
#10159=CARTESIAN_POINT('Ctrl Pts',(7.57934816768984,15.6536759490474,15.342379826616));
#10160=CARTESIAN_POINT('Ctrl Pts',(-1.17800499476517,13.5359479370677,17.061161850417));
#10161=CARTESIAN_POINT('Ctrl Pts',(-8.25494028209123,11.8417655274839,14.9767163799074));
#10162=CARTESIAN_POINT('Ctrl Pts',(-14.6651129391073,9.72403751550415,8.76624346786481));
#10163=CARTESIAN_POINT('Ctrl Pts',(-16.4202356394394,8.4534007083163,3.51602630115767));
#10164=CARTESIAN_POINT('Ctrl Pts',(-16.4202356394394,7.6063095035244,2.01281241233214E-15));
#10165=CARTESIAN_POINT('',(-16.4194749189281,7.64440762055142,0.158131632149035));
#10166=CARTESIAN_POINT('Ctrl Pts',(-16.4194749189281,7.64440762055141,0.158131632149026));
#10167=CARTESIAN_POINT('Ctrl Pts',(-16.2680917033086,7.71630984140908,0.162206645608664));
#10168=CARTESIAN_POINT('Ctrl Pts',(-16.141356670576,7.83833338068717,0.169419812688041));
#10169=CARTESIAN_POINT('Ctrl Pts',(-16.0624616473545,7.98597263006408,0.178605709422001));
#10170=CARTESIAN_POINT('Ctrl Pts',(15.704187733684,18.8476068066094,4.90008432366667));
#10171=CARTESIAN_POINT('Ctrl Pts',(15.2605259417256,18.4888725247487,6.32231360488609));
#10172=CARTESIAN_POINT('Ctrl Pts',(13.1230473232031,17.283047038096,10.9074849679869));
#10173=CARTESIAN_POINT('Ctrl Pts',(7.57934816768984,15.6536759490474,15.342379826616));
#10174=CARTESIAN_POINT('Ctrl Pts',(-1.17800499476517,13.5359479370677,17.061161850417));
#10175=CARTESIAN_POINT('Ctrl Pts',(-8.25494028209123,11.8417655274839,14.9767163799074));
#10176=CARTESIAN_POINT('Ctrl Pts',(-14.6266730786227,9.73673688784254,8.8034857895706));
#10177=CARTESIAN_POINT('Ctrl Pts',(-16.384943643852,8.47879945299308,3.62082060676418));
#10178=CARTESIAN_POINT('Ctrl Pts',(-16.4194475148829,7.64440762053957,0.158121135017067));
#10179=CARTESIAN_POINT('Ctrl Pts',(-16.4194749189281,7.64440762055141,0.158131632149026));
#10180=CARTESIAN_POINT('Ctrl Pts',(-16.2680917033086,7.71630984140908,0.162206645608664));
#10181=CARTESIAN_POINT('Ctrl Pts',(-16.141356670576,7.83833338068717,0.169419812688041));
#10182=CARTESIAN_POINT('Ctrl Pts',(-16.0624616473545,7.98597263006408,0.178605709422001));
#10183=CARTESIAN_POINT('Ctrl Pts',(-16.414763637213,7.63435375536257,0.106269207110267));
#10184=CARTESIAN_POINT('Ctrl Pts',(-16.2616679764233,7.70807972358688,0.109313900049042));
#10185=CARTESIAN_POINT('Ctrl Pts',(-16.1344019079951,7.83316784452892,0.114745800630475));
#10186=CARTESIAN_POINT('Ctrl Pts',(-16.0570931967422,7.98306297802251,0.121850223370134));
#10187=CARTESIAN_POINT('Ctrl Pts',(-16.4008960353151,7.60476032232127,0.0593777892032859));
#10188=CARTESIAN_POINT('Ctrl Pts',(-16.2415369264933,7.68155249233733,0.0611184663225902));
#10189=CARTESIAN_POINT('Ctrl Pts',(-16.1091819366966,7.81188647737913,0.0642479096456644));
#10190=CARTESIAN_POINT('Ctrl Pts',(-16.0291972395499,7.96794361963441,0.0683481944182218));
#10191=CARTESIAN_POINT('Ctrl Pts',(-16.3818803289225,7.5641808452061,0.0310106169968897));
#10192=CARTESIAN_POINT('Ctrl Pts',(-16.2136392874364,7.64463298175798,0.0319355718160714));
#10193=CARTESIAN_POINT('Ctrl Pts',(-16.0734912200716,7.78124199813587,0.033582044914345));
#10194=CARTESIAN_POINT('Ctrl Pts',(-15.9879871855806,7.94560814030819,0.0357701443064857));
#10195=CARTESIAN_POINT('Origin',(-16.3364902147439,7.46731843780737,0.200000000000002));
#10196=CARTESIAN_POINT('Ctrl Pts',(-18.7061344085364,6.57453644505302,0.16307336847827));
#10197=CARTESIAN_POINT('Ctrl Pts',(-17.9438702508745,6.93107467209403,0.16161688795466));
#10198=CARTESIAN_POINT('Ctrl Pts',(-17.1816464145567,7.2876912983639,0.159993995998289));
#10199=CARTESIAN_POINT('Ctrl Pts',(-16.4194749189281,7.64440762055142,0.158131632149026));
#10200=CARTESIAN_POINT('Ctrl Pts',(-18.7020039230725,6.56571311248384,0.111214913050566));
#10201=CARTESIAN_POINT('Ctrl Pts',(-17.9395942511413,6.92194290296615,0.110110521109271));
#10202=CARTESIAN_POINT('Ctrl Pts',(-17.1772230566811,7.27824807937464,0.108875103989675));
#10203=CARTESIAN_POINT('Ctrl Pts',(-16.4148730835523,7.63458731361843,0.107474007185526));
#10204=CARTESIAN_POINT('Ctrl Pts',(-18.6787747446593,6.51609212525621,0.0281517392153652));
#10205=CARTESIAN_POINT('Ctrl Pts',(-17.9163211557157,6.87224225978727,0.027839728763609));
#10206=CARTESIAN_POINT('Ctrl Pts',(-17.1538881392997,7.22843143539742,0.027498657047696));
#10207=CARTESIAN_POINT('Ctrl Pts',(-16.391491973727,7.58469207483556,0.0271059342829501));
#10208=CARTESIAN_POINT('Ctrl Pts',(-18.6395757201471,6.432357166574,3.4287455785309E-15));
#10209=CARTESIAN_POINT('Ctrl Pts',(-17.8773228973704,6.78895983899702,2.29082349493675E-6));
#10210=CARTESIAN_POINT('Ctrl Pts',(-17.1151157986552,7.14565870672323,-2.73367037978535E-6));
#10211=CARTESIAN_POINT('Ctrl Pts',(-16.3529770123386,7.50250122891094,1.97421470418985E-15));
#10212=CARTESIAN_POINT('Ctrl Pts',(-18.6227972382208,6.39651582847097,3.43475248243408E-15));
#10213=CARTESIAN_POINT('Ctrl Pts',(-17.8606297517322,6.75331091687137,3.32079663324496E-15));
#10214=CARTESIAN_POINT('Ctrl Pts',(-17.0985195638741,7.11022841606032,1.95688383762604E-15));
#10215=CARTESIAN_POINT('Ctrl Pts',(-16.3364902147439,7.46731843780737,1.97758476261356E-15));
#10216=CARTESIAN_POINT('',(-18.6227972382208,6.39651582847096,2.2825484135194E-15));
#10217=CARTESIAN_POINT('Ctrl Pts',(-16.4924224928499,7.39425086160283,1.99183822375142E-15));
#10218=CARTESIAN_POINT('Ctrl Pts',(-17.2024849631231,7.06153920848981,2.13713001291067E-15));
#10219=CARTESIAN_POINT('Ctrl Pts',(-17.9126162263345,6.72897437781642,3.32856941674028E-15));
#10220=CARTESIAN_POINT('Ctrl Pts',(-18.6227972382208,6.39651582847097,3.43475248243408E-15));
#10221=CARTESIAN_POINT('',(-18.7061344085364,6.57453644505301,0.163073368478279));
#10222=CARTESIAN_POINT('Origin',(-18.6227972382208,6.39651582847096,0.200000000000003));
#10223=CARTESIAN_POINT('Ctrl Pts',(-18.7061344085364,6.57453644505302,0.16307336847827));
#10224=CARTESIAN_POINT('Ctrl Pts',(-17.9438702508745,6.93107467209403,0.16161688795466));
#10225=CARTESIAN_POINT('Ctrl Pts',(-17.1816464145567,7.2876912983639,0.159993995998289));
#10226=CARTESIAN_POINT('Ctrl Pts',(-16.4194749189281,7.64440762055142,0.158131632149026));
#10227=CARTESIAN_POINT('Origin',(-16.9417340613322,5.81499999999999,2.07667754964528E-15));
#10228=CARTESIAN_POINT('',(-18.6227972382208,5.31846181528959,2.2825484135194E-15));
#10229=CARTESIAN_POINT('Ctrl Pts',(-18.6227972382208,5.31846181528959,3.78169717762944E-15));
#10230=CARTESIAN_POINT('Ctrl Pts',(-17.9127759370425,4.98931496369724,3.6488392312648E-15));
#10231=CARTESIAN_POINT('Ctrl Pts',(-17.2026656654263,4.66035998740326,1.72456482914074E-15));
#10232=CARTESIAN_POINT('Ctrl Pts',(-16.4924225300249,4.33169209606842,1.39782346583192E-15));
#10233=CARTESIAN_POINT('',(-18.9676964728252,5.8567169196694,2.32478638788806E-15));
#10234=CARTESIAN_POINT('Ctrl Pts',(-18.9676964728252,5.8567169196694,5.72458747072346E-15));
#10235=CARTESIAN_POINT('Ctrl Pts',(-18.9676964728252,5.74420839039564,5.79719520348287E-15));
#10236=CARTESIAN_POINT('Ctrl Pts',(-18.901396575177,5.51956250919775,2.95304457782459E-15));
#10237=CARTESIAN_POINT('Ctrl Pts',(-18.7248712444484,5.36578058970308,4.60863237809901E-16));
#10238=CARTESIAN_POINT('Ctrl Pts',(-18.6227972382208,5.31846181528959,5.20417042793042E-16));
#10239=CARTESIAN_POINT('Ctrl Pts',(-18.6227972382208,6.39651582847096,2.70616862252382E-15));
#10240=CARTESIAN_POINT('Ctrl Pts',(-18.7248584743963,6.34873768465216,2.75220897917707E-15));
#10241=CARTESIAN_POINT('Ctrl Pts',(-18.9012280556997,6.19434760520542,4.16547369384812E-15));
#10242=CARTESIAN_POINT('Ctrl Pts',(-18.9676964728252,5.96940785522515,5.83354032659334E-15));
#10243=CARTESIAN_POINT('Ctrl Pts',(-18.9676964728252,5.8567169196694,5.82867087928207E-15));
#10244=CARTESIAN_POINT('Ctrl Pts',(-16.4184260778383,4.08245024763076,0.243885483864566));
#10245=CARTESIAN_POINT('Ctrl Pts',(-17.1809047953707,4.43475113324779,0.241933223330566));
#10246=CARTESIAN_POINT('Ctrl Pts',(-17.9431792102556,4.78746365631957,0.240232539675011));
#10247=CARTESIAN_POINT('Ctrl Pts',(-18.7053228263536,5.14044119870754,0.238706425501379));
#10248=CARTESIAN_POINT('Ctrl Pts',(-16.423930007123,4.07055452453593,0.185607145513379));
#10249=CARTESIAN_POINT('Ctrl Pts',(-17.186129599596,4.4234686267588,0.183843848693062));
#10250=CARTESIAN_POINT('Ctrl Pts',(-17.9481827849664,4.77666447675468,0.182331090796114));
#10251=CARTESIAN_POINT('Ctrl Pts',(-18.7101131151488,5.13010779564766,0.180967170188804));
#10252=CARTESIAN_POINT('Ctrl Pts',(-16.4113888992475,4.09765980494064,0.0572936019849079));
#10253=CARTESIAN_POINT('Ctrl Pts',(-17.173273248532,4.45123299370837,0.0566056518003028));
#10254=CARTESIAN_POINT('Ctrl Pts',(-17.935031891884,4.80504848475098,0.0560279114198498));
#10255=CARTESIAN_POINT('Ctrl Pts',(-18.6967289051786,5.15897963243507,0.0555029645704447));
#10256=CARTESIAN_POINT('Ctrl Pts',(-16.3615733575055,4.20532686600367,1.34790320145337E-15));
#10257=CARTESIAN_POINT('Ctrl Pts',(-17.1236882156688,4.55831714688325,1.62539062034418E-5));
#10258=CARTESIAN_POINT('Ctrl Pts',(-17.8856675946317,4.91158974139498,-1.20761806328192E-5));
#10259=CARTESIAN_POINT('Ctrl Pts',(-18.6475491430178,5.26506808065236,3.77659258785604E-15));
#10260=CARTESIAN_POINT('Ctrl Pts',(-16.3364902147439,4.25953943037481,1.35308431126191E-15));
#10261=CARTESIAN_POINT('Ctrl Pts',(-17.0987311930375,4.61221411933441,1.43332790143837E-15));
#10262=CARTESIAN_POINT('Ctrl Pts',(-17.8608154500888,4.96522747412523,3.63911647565546E-15));
#10263=CARTESIAN_POINT('Ctrl Pts',(-18.6227972382208,5.31846181528959,3.78169717762944E-15));
#10264=CARTESIAN_POINT('',(-16.4184260778383,4.08245024763076,0.243885483864559));
#10265=CARTESIAN_POINT('Origin',(-16.3364902147439,4.25953943037481,0.200000000000002));
#10266=CARTESIAN_POINT('',(-18.7053228263536,5.14044119870754,0.238706425501387));
#10267=CARTESIAN_POINT('Ctrl Pts',(-16.4184260778383,4.08245024763076,0.243885483864566));
#10268=CARTESIAN_POINT('Ctrl Pts',(-17.1809047953707,4.43475113324779,0.241933223330566));
#10269=CARTESIAN_POINT('Ctrl Pts',(-17.9431792102556,4.78746365631957,0.240232539675011));
#10270=CARTESIAN_POINT('Ctrl Pts',(-18.7053228263536,5.14044119870754,0.238706425501379));
#10271=CARTESIAN_POINT('Origin',(-18.6227972382208,5.31846181528959,0.200000000000003));
#10272=CARTESIAN_POINT('Ctrl Pts',(-15.420870597864,14.7503082358996,4.2657648791199));
#10273=CARTESIAN_POINT('Ctrl Pts',(-15.4211305270792,14.7514679385313,4.26482522705148));
#10274=CARTESIAN_POINT('Ctrl Pts',(-15.4213989903284,14.7526327442199,4.26388051239254));
#10275=CARTESIAN_POINT('Ctrl Pts',(-15.4816109161661,15.0240240610889,4.04480844592128));
#10276=CARTESIAN_POINT('Ctrl Pts',(-15.6857574993791,15.3158383637802,3.83959424694866));
#10277=CARTESIAN_POINT('Ctrl Pts',(-15.9714119250488,15.462404742989,3.82637272256736));
#10278=CARTESIAN_POINT('Ctrl Pts',(-15.420870597864,14.7503082358996,4.2657648791199));
#10279=CARTESIAN_POINT('Ctrl Pts',(-15.4210795158363,14.7514499844846,4.26454731162253));
#10280=CARTESIAN_POINT('Ctrl Pts',(-15.4215188768278,14.752356440888,4.26389201810015));
#10281=CARTESIAN_POINT('Ctrl Pts',(-15.484759872446,15.0020052216161,4.01987959877318));
#10282=CARTESIAN_POINT('Ctrl Pts',(-15.7304485050369,15.2642241553737,3.81744835387856));
#10283=CARTESIAN_POINT('Ctrl Pts',(-16.0012556542736,15.3846856325354,3.8249914045897));
#10284=CARTESIAN_POINT('Ctrl Pts',(-15.420870597864,14.7503082358996,4.2657648791199));
#10285=CARTESIAN_POINT('Ctrl Pts',(-15.4210960264098,14.7514049840853,4.26449670822974));
#10286=CARTESIAN_POINT('Ctrl Pts',(-15.4215737433393,14.7521043614023,4.26368547897885));
#10287=CARTESIAN_POINT('Ctrl Pts',(-15.4899600146957,14.9801578750237,4.00116005562));
#10288=CARTESIAN_POINT('Ctrl Pts',(-15.7449392116095,15.2111188404538,3.77057791816962));
#10289=CARTESIAN_POINT('Ctrl Pts',(-16.0273060994277,15.3098916877719,3.76597526684146));
#10290=CARTESIAN_POINT('Ctrl Pts',(-15.420870597864,14.7503082358996,4.2657648791199));
#10291=CARTESIAN_POINT('Ctrl Pts',(-15.4212015932003,14.7511691554941,4.26456832084874));
#10292=CARTESIAN_POINT('Ctrl Pts',(-15.4215417275951,14.7520344816152,4.26336496236284));
#10293=CARTESIAN_POINT('Ctrl Pts',(-15.498363141082,14.9532986363782,3.98439673862797));
#10294=CARTESIAN_POINT('Ctrl Pts',(-15.7255855332091,15.1715306748257,3.71430849889358));
#10295=CARTESIAN_POINT('Ctrl Pts',(-16.0330940754523,15.2853079094074,3.68663452372688));
#10296=CARTESIAN_POINT('',(-15.9714119250488,15.462404742989,3.82637272256736));
#10297=CARTESIAN_POINT('',(-16.0330940754523,15.2853079094075,3.68663452372731));
#10298=CARTESIAN_POINT('Origin',(-15.9621648183037,15.462404742989,3.62658660939418));
#10299=CARTESIAN_POINT('Ctrl Pts',(-16.0330940754523,15.2853079094074,3.68663452372688));
#10300=CARTESIAN_POINT('Ctrl Pts',(-15.7255855332091,15.1715306748257,3.71430849889358));
#10301=CARTESIAN_POINT('Ctrl Pts',(-15.498363141082,14.9532986363782,3.98439673862797));
#10302=CARTESIAN_POINT('Ctrl Pts',(-15.4215417275951,14.7520344816152,4.26336496236284));
#10303=CARTESIAN_POINT('Ctrl Pts',(-15.4212015932003,14.7511691554941,4.26456832084874));
#10304=CARTESIAN_POINT('Ctrl Pts',(-15.420870597864,14.7503082358996,4.2657648791199));
#10305=CARTESIAN_POINT('Ctrl Pts',(-15.420870597864,14.7503082358996,4.2657648791199));
#10306=CARTESIAN_POINT('Ctrl Pts',(-15.4211305270792,14.7514679385313,4.26482522705148));
#10307=CARTESIAN_POINT('Ctrl Pts',(-15.4213989903284,14.7526327442199,4.26388051239254));
#10308=CARTESIAN_POINT('Ctrl Pts',(-15.4816109161661,15.0240240610889,4.04480844592128));
#10309=CARTESIAN_POINT('Ctrl Pts',(-15.6857574993791,15.3158383637802,3.83959424694866));
#10310=CARTESIAN_POINT('Ctrl Pts',(-15.9714119250488,15.462404742989,3.82637272256736));
#10311=CARTESIAN_POINT('Ctrl Pts',(-15.9714119250489,15.4624047429891,3.82637272256736));
#10312=CARTESIAN_POINT('Ctrl Pts',(-15.9937720866409,15.473877514382,3.82533778176094));
#10313=CARTESIAN_POINT('Ctrl Pts',(-16.0160358195356,15.4858808496905,3.82556187675519));
#10314=CARTESIAN_POINT('Ctrl Pts',(-16.0380816308309,15.498318381832,3.82699524321624));
#10315=CARTESIAN_POINT('Ctrl Pts',(-15.9884654846059,15.4179938227299,3.8255833980087));
#10316=CARTESIAN_POINT('Ctrl Pts',(-16.0115647854946,15.4291703812166,3.82516436995283));
#10317=CARTESIAN_POINT('Ctrl Pts',(-16.0345325995511,15.4408707205135,3.82604319510135));
#10318=CARTESIAN_POINT('Ctrl Pts',(-16.0571878177553,15.4529726256184,3.82823748225971));
#10319=CARTESIAN_POINT('Ctrl Pts',(-16.0167469216936,15.3406070717649,3.79321162036777));
#10320=CARTESIAN_POINT('Ctrl Pts',(-16.0422714934196,15.3512947324567,3.79305441762336));
#10321=CARTESIAN_POINT('Ctrl Pts',(-16.0676096567699,15.3624559080236,3.79440513732949));
#10322=CARTESIAN_POINT('Ctrl Pts',(-16.0926207223786,15.3740062361116,3.79716596322343));
#10323=CARTESIAN_POINT('Ctrl Pts',(-16.030613514299,15.2958438144208,3.72063769934741));
#10324=CARTESIAN_POINT('Ctrl Pts',(-16.0592364402059,15.3069295924265,3.71959513806878));
#10325=CARTESIAN_POINT('Ctrl Pts',(-16.087706385898,15.3185309820625,3.72018641680968));
#10326=CARTESIAN_POINT('Ctrl Pts',(-16.1158792421091,15.3305359686117,3.72233806472019));
#10327=CARTESIAN_POINT('Ctrl Pts',(-16.0330940754524,15.2853079094074,3.68663452372687));
#10328=CARTESIAN_POINT('Ctrl Pts',(-16.0629596691764,15.2967666107853,3.68515163048822));
#10329=CARTESIAN_POINT('Ctrl Pts',(-16.0926903719898,15.3087558589658,3.68535453012456));
#10330=CARTESIAN_POINT('Ctrl Pts',(-16.1221243397083,15.321179374934,3.68717710371538));
#10331=CARTESIAN_POINT('',(-16.0380816308309,15.498318381832,3.82699524321624));
#10332=CARTESIAN_POINT('',(-16.1221243397083,15.321179374934,3.68717710371538));
#10333=CARTESIAN_POINT('Origin',(-16.0510577593466,15.498318381832,3.62741663692603));
#10334=CARTESIAN_POINT('Ctrl Pts',(-16.1221243397083,15.321179374934,3.68717710371538));
#10335=CARTESIAN_POINT('Ctrl Pts',(-16.0926903719898,15.3087558589658,3.68535453012456));
#10336=CARTESIAN_POINT('Ctrl Pts',(-16.0629596691764,15.2967666107853,3.68515163048822));
#10337=CARTESIAN_POINT('Ctrl Pts',(-16.0330940754524,15.2853079094074,3.68663452372687));
#10338=CARTESIAN_POINT('Ctrl Pts',(-15.9714119250489,15.4624047429891,3.82637272256736));
#10339=CARTESIAN_POINT('Ctrl Pts',(-15.9937720866409,15.473877514382,3.82533778176094));
#10340=CARTESIAN_POINT('Ctrl Pts',(-16.0160358195356,15.4858808496905,3.82556187675519));
#10341=CARTESIAN_POINT('Ctrl Pts',(-16.0380816308309,15.498318381832,3.82699524321624));
#10342=CARTESIAN_POINT('Ctrl Pts',(-16.0380816308309,15.498318381832,3.82699524321624));
#10343=CARTESIAN_POINT('Ctrl Pts',(-16.7790777533774,15.8118528771413,3.87517305693332));
#10344=CARTESIAN_POINT('Ctrl Pts',(-17.5185185232913,16.1290716917182,3.92324974530424));
#10345=CARTESIAN_POINT('Ctrl Pts',(-18.2568859856612,16.4487732130633,3.97125664975951));
#10346=CARTESIAN_POINT('Ctrl Pts',(-16.0571878177553,15.4529726256184,3.82823748225971));
#10347=CARTESIAN_POINT('Ctrl Pts',(-16.7985135859875,15.7661488741585,3.87644754776316));
#10348=CARTESIAN_POINT('Ctrl Pts',(-17.5382311978845,16.0830624589964,3.92452227685148));
#10349=CARTESIAN_POINT('Ctrl Pts',(-18.2768469679158,16.4024773935403,3.97255446557177));
#10350=CARTESIAN_POINT('Ctrl Pts',(-16.0926202622567,15.3740075858183,3.79716425639983));
#10351=CARTESIAN_POINT('Ctrl Pts',(-16.8345512981085,15.686587036987,3.84475686559989));
#10352=CARTESIAN_POINT('Ctrl Pts',(-17.5747903949599,16.0029589409288,3.89231819583336));
#10353=CARTESIAN_POINT('Ctrl Pts',(-18.3138629205497,16.3218985019929,3.93984707034797));
#10354=CARTESIAN_POINT('Ctrl Pts',(-16.1158792421091,15.3305359686117,3.72233806472019));
#10355=CARTESIAN_POINT('Ctrl Pts',(-16.8579413191069,15.6433977391486,3.76873532593955));
#10356=CARTESIAN_POINT('Ctrl Pts',(-17.5982662758483,15.9600464988023,3.81523889305351));
#10357=CARTESIAN_POINT('Ctrl Pts',(-18.3374090034781,16.2792348651514,3.86181596338998));
#10358=CARTESIAN_POINT('Ctrl Pts',(-16.1221243397083,15.321179374934,3.68717710371537));
#10359=CARTESIAN_POINT('Ctrl Pts',(-16.8641175348693,15.634360540195,3.73312188475863));
#10360=CARTESIAN_POINT('Ctrl Pts',(-17.6043752364504,15.9512922073563,3.77922836569764));
#10361=CARTESIAN_POINT('Ctrl Pts',(-18.3434481178058,16.2707473375391,3.82545431810572));
#10362=CARTESIAN_POINT('',(-18.2568859856612,16.4487732130633,3.97125664975951));
#10363=CARTESIAN_POINT('',(-18.3434481178059,16.2707473375391,3.82545431810548));
#10364=CARTESIAN_POINT('Origin',(-18.2698621141769,16.4487732130633,3.77167804346929));
#10365=CARTESIAN_POINT('Ctrl Pts',(-18.3434481178058,16.2707473375391,3.82545431810572));
#10366=CARTESIAN_POINT('Ctrl Pts',(-17.6043752364504,15.9512922073563,3.77922836569764));
#10367=CARTESIAN_POINT('Ctrl Pts',(-16.8641175348693,15.634360540195,3.73312188475863));
#10368=CARTESIAN_POINT('Ctrl Pts',(-16.1221243397083,15.321179374934,3.68717710371537));
#10369=CARTESIAN_POINT('Ctrl Pts',(-16.0380816308309,15.498318381832,3.82699524321624));
#10370=CARTESIAN_POINT('Ctrl Pts',(-16.7790777533774,15.8118528771413,3.87517305693332));
#10371=CARTESIAN_POINT('Ctrl Pts',(-17.5185185232913,16.1290716917182,3.92324974530424));
#10372=CARTESIAN_POINT('Ctrl Pts',(-18.2568859856612,16.4487732130633,3.97125664975951));
#10373=CARTESIAN_POINT('Ctrl Pts',(-18.2568859856612,16.4487732130633,3.97125664975951));
#10374=CARTESIAN_POINT('Ctrl Pts',(-18.3592864531099,16.493111008129,3.9779144857389));
#10375=CARTESIAN_POINT('Ctrl Pts',(-18.5379707689568,16.6424583865052,3.98953211695329));
#10376=CARTESIAN_POINT('Ctrl Pts',(-18.6043152265582,16.8659937197459,3.99384567652833));
#10377=CARTESIAN_POINT('Ctrl Pts',(-18.6043152265582,16.9777793296648,3.99384567652833));
#10378=CARTESIAN_POINT('Ctrl Pts',(-18.2768469679158,16.4024773935403,3.97255446557177));
#10379=CARTESIAN_POINT('Ctrl Pts',(-18.3879314613533,16.4508422604496,3.97977072357674));
#10380=CARTESIAN_POINT('Ctrl Pts',(-18.5824402143973,16.6125074417969,3.99236885365256));
#10381=CARTESIAN_POINT('Ctrl Pts',(-18.6573372707596,16.8555352373587,3.99724494338132));
#10382=CARTESIAN_POINT('Ctrl Pts',(-18.6588542661605,16.9777793296648,3.99739167577222));
#10383=CARTESIAN_POINT('Ctrl Pts',(-18.3138627742317,16.32189891616,3.93984656264168));
#10384=CARTESIAN_POINT('Ctrl Pts',(-18.4399843764747,16.3772307061879,3.94840164291398));
#10385=CARTESIAN_POINT('Ctrl Pts',(-18.6621545146712,16.5604554190075,3.96214633385747));
#10386=CARTESIAN_POINT('Ctrl Pts',(-18.7521073798203,16.8374685651401,3.96430566331949));
#10387=CARTESIAN_POINT('Ctrl Pts',(-18.7562752335111,16.9777793296648,3.96216205968188));
#10388=CARTESIAN_POINT('Ctrl Pts',(-18.3374090034781,16.2792348651514,3.86181596338998));
#10389=CARTESIAN_POINT('Ctrl Pts',(-18.471644842742,16.3379320081811,3.87154660538913));
#10390=CARTESIAN_POINT('Ctrl Pts',(-18.7084593598406,16.5336451677567,3.88489413842941));
#10391=CARTESIAN_POINT('Ctrl Pts',(-18.8021326114435,16.8292302609371,3.88067532547631));
#10392=CARTESIAN_POINT('Ctrl Pts',(-18.8050770821178,16.9777793296648,3.87437171276096));
#10393=CARTESIAN_POINT('Ctrl Pts',(-18.3434481178058,16.2707473375391,3.82545431810572));
#10394=CARTESIAN_POINT('Ctrl Pts',(-18.4793369210227,16.3299589497003,3.83552725702178));
#10395=CARTESIAN_POINT('Ctrl Pts',(-18.719085921001,16.5286651421802,3.84855090720465));
#10396=CARTESIAN_POINT('Ctrl Pts',(-18.8116895010493,16.8281902270738,3.84192662454508));
#10397=CARTESIAN_POINT('Ctrl Pts',(-18.813262843022,16.9777793296648,3.83420672360904));
#10398=CARTESIAN_POINT('',(-18.6043152265582,16.9777793296648,3.99384567652833));
#10399=CARTESIAN_POINT('',(-18.813262843022,16.9777793296648,3.83420672360906));
#10400=CARTESIAN_POINT('Origin',(-18.6172913550738,16.9777793296648,3.79426707023811));
#10401=CARTESIAN_POINT('Ctrl Pts',(-18.813262843022,16.9777793296648,3.83420672360904));
#10402=CARTESIAN_POINT('Ctrl Pts',(-18.8116895010493,16.8281902270738,3.84192662454508));
#10403=CARTESIAN_POINT('Ctrl Pts',(-18.719085921001,16.5286651421802,3.84855090720465));
#10404=CARTESIAN_POINT('Ctrl Pts',(-18.4793369210227,16.3299589497003,3.83552725702178));
#10405=CARTESIAN_POINT('Ctrl Pts',(-18.3434481178058,16.2707473375391,3.82545431810572));
#10406=CARTESIAN_POINT('Ctrl Pts',(-18.2568859856612,16.4487732130633,3.97125664975951));
#10407=CARTESIAN_POINT('Ctrl Pts',(-18.3592864531099,16.493111008129,3.9779144857389));
#10408=CARTESIAN_POINT('Ctrl Pts',(-18.5379707689568,16.6424583865052,3.98953211695329));
#10409=CARTESIAN_POINT('Ctrl Pts',(-18.6043152265582,16.8659937197459,3.99384567652833));
#10410=CARTESIAN_POINT('Ctrl Pts',(-18.6043152265582,16.9777793296648,3.99384567652833));
#10411=CARTESIAN_POINT('Ctrl Pts',(-18.6043152265582,16.9777793296648,3.99384567652833));
#10412=CARTESIAN_POINT('Ctrl Pts',(-18.6043152265582,17.075618936888,3.99384567652833));
#10413=CARTESIAN_POINT('Ctrl Pts',(-18.5461108480752,17.3035557721551,3.99006136562744));
#10414=CARTESIAN_POINT('Ctrl Pts',(-18.3737500260694,17.4693712415173,3.9788548730129));
#10415=CARTESIAN_POINT('Ctrl Pts',(-18.2568859856612,17.5268429615498,3.9712566497595));
#10416=CARTESIAN_POINT('Ctrl Pts',(-18.6520368862102,16.9777793296648,3.99694842586673));
#10417=CARTESIAN_POINT('Ctrl Pts',(-18.6531886778047,17.0836131040059,3.99705169139435));
#10418=CARTESIAN_POINT('Ctrl Pts',(-18.5933436884555,17.3311484541569,3.99314297959041));
#10419=CARTESIAN_POINT('Ctrl Pts',(-18.4085152660059,17.5137277783518,3.98105183297897));
#10420=CARTESIAN_POINT('Ctrl Pts',(-18.2818124957448,17.5777432449731,3.97287731243625));
#10421=CARTESIAN_POINT('Ctrl Pts',(-18.7494928654422,16.9777793296648,3.96730247280899));
#10422=CARTESIAN_POINT('Ctrl Pts',(-18.7530030104546,17.0995097656198,3.96571660985733));
#10423=CARTESIAN_POINT('Ctrl Pts',(-18.6900445575394,17.3861267757865,3.95657561512418));
#10424=CARTESIAN_POINT('Ctrl Pts',(-18.4806740632996,17.6020348201852,3.93723137592548));
#10425=CARTESIAN_POINT('Ctrl Pts',(-18.3346604585276,17.6788499034858,3.92480648396752));
#10426=CARTESIAN_POINT('Ctrl Pts',(-18.8037127886338,16.9777793296648,3.88106587761961));
#10427=CARTESIAN_POINT('Ctrl Pts',(-18.8065061133482,17.1076690561121,3.87576740944131));
#10428=CARTESIAN_POINT('Ctrl Pts',(-18.7361011139821,17.4114033395274,3.85617198987509));
#10429=CARTESIAN_POINT('Ctrl Pts',(-18.5120892096463,17.633778404666,3.82561711867874));
#10430=CARTESIAN_POINT('Ctrl Pts',(-18.3583162750035,17.7114762800851,3.80775012996476));
#10431=CARTESIAN_POINT('Ctrl Pts',(-18.813262843022,16.9777793296648,3.83420672360904));
#10432=CARTESIAN_POINT('Ctrl Pts',(-18.8146399000578,17.1087061909398,3.82744993196177));
#10433=CARTESIAN_POINT('Ctrl Pts',(-18.7393559157412,17.413060998031,3.80402465266352));
#10434=CARTESIAN_POINT('Ctrl Pts',(-18.5121943635982,17.6304224449002,3.7704387412734));
#10435=CARTESIAN_POINT('Ctrl Pts',(-18.3587280792923,17.704868837074,3.75143877747596));
#10436=CARTESIAN_POINT('',(-18.2568859856612,17.5268429615498,3.9712566497595));
#10437=CARTESIAN_POINT('',(-18.3587280792923,17.704868837074,3.75143877747593));
#10438=CARTESIAN_POINT('Origin',(-18.2698621141769,17.5268429615498,3.77167804346929));
#10439=CARTESIAN_POINT('Ctrl Pts',(-18.3587280792923,17.704868837074,3.75143877747596));
#10440=CARTESIAN_POINT('Ctrl Pts',(-18.5121943635982,17.6304224449002,3.7704387412734));
#10441=CARTESIAN_POINT('Ctrl Pts',(-18.7393559157412,17.413060998031,3.80402465266352));
#10442=CARTESIAN_POINT('Ctrl Pts',(-18.8146399000578,17.1087061909398,3.82744993196177));
#10443=CARTESIAN_POINT('Ctrl Pts',(-18.813262843022,16.9777793296648,3.83420672360904));
#10444=CARTESIAN_POINT('Ctrl Pts',(-18.6043152265582,16.9777793296648,3.99384567652833));
#10445=CARTESIAN_POINT('Ctrl Pts',(-18.6043152265582,17.075618936888,3.99384567652833));
#10446=CARTESIAN_POINT('Ctrl Pts',(-18.5461108480752,17.3035557721551,3.99006136562744));
#10447=CARTESIAN_POINT('Ctrl Pts',(-18.3737500260694,17.4693712415173,3.9788548730129));
#10448=CARTESIAN_POINT('Ctrl Pts',(-18.2568859856612,17.5268429615498,3.9712566497595));
#10449=CARTESIAN_POINT('Ctrl Pts',(-18.2568859856612,17.5268429615498,3.9712566497595));
#10450=CARTESIAN_POINT('Ctrl Pts',(-17.516334949021,17.8910331923419,3.92310777447439));
#10451=CARTESIAN_POINT('Ctrl Pts',(-16.7766077844693,18.2569083259893,3.87501246540211));
#10452=CARTESIAN_POINT('Ctrl Pts',(-16.0380816308309,18.6252045967147,3.82699524321624));
#10453=CARTESIAN_POINT('Ctrl Pts',(-18.2818124957448,17.5777432449731,3.97287731243625));
#10454=CARTESIAN_POINT('Ctrl Pts',(-17.54141122977,17.9420417448171,3.92474489438077));
#10455=CARTESIAN_POINT('Ctrl Pts',(-16.8018522225886,18.3080271005558,3.87664517822245));
#10456=CARTESIAN_POINT('Ctrl Pts',(-16.0635294034516,18.6764494618307,3.82864979714916));
#10457=CARTESIAN_POINT('Ctrl Pts',(-18.3347012386266,17.678945567321,3.92490285360509));
#10458=CARTESIAN_POINT('Ctrl Pts',(-17.5946101157869,18.0434431316321,3.87647142894234));
#10459=CARTESIAN_POINT('Ctrl Pts',(-16.855413356646,18.4096593305046,3.82807056396685));
#10460=CARTESIAN_POINT('Ctrl Pts',(-16.1175096779082,18.7783114801012,3.77969979749989));
#10461=CARTESIAN_POINT('Ctrl Pts',(-18.3583162750035,17.7114762800851,3.80775012996476));
#10462=CARTESIAN_POINT('Ctrl Pts',(-17.6181804579573,18.0756834904052,3.75878989538739));
#10463=CARTESIAN_POINT('Ctrl Pts',(-16.8789136894758,18.4415429604416,3.70980256964574));
#10464=CARTESIAN_POINT('Ctrl Pts',(-16.140954278062,18.8098185405948,3.66077335332162));
#10465=CARTESIAN_POINT('Ctrl Pts',(-18.3587280792923,17.704868837074,3.75143877747596));
#10466=CARTESIAN_POINT('Ctrl Pts',(-17.6184572939767,18.0688119480511,3.70234673967835));
#10467=CARTESIAN_POINT('Ctrl Pts',(-16.8790528948099,18.4343994851774,3.65321146307303));
#10468=CARTESIAN_POINT('Ctrl Pts',(-16.1409163022913,18.8023436036126,3.60402402067547));
#10469=CARTESIAN_POINT('',(-16.0380816308309,18.6252045967147,3.82699524321624));
#10470=CARTESIAN_POINT('',(-16.1409163022913,18.8023436036126,3.60402402067547));
#10471=CARTESIAN_POINT('Origin',(-16.0510577593466,18.6252045967147,3.62741663692602));
#10472=CARTESIAN_POINT('Ctrl Pts',(-16.1409163022913,18.8023436036126,3.60402402067547));
#10473=CARTESIAN_POINT('Ctrl Pts',(-16.8790528948099,18.4343994851774,3.65321146307303));
#10474=CARTESIAN_POINT('Ctrl Pts',(-17.6184572939767,18.0688119480511,3.70234673967835));
#10475=CARTESIAN_POINT('Ctrl Pts',(-18.3587280792923,17.704868837074,3.75143877747596));
#10476=CARTESIAN_POINT('Ctrl Pts',(-18.2568859856612,17.5268429615498,3.9712566497595));
#10477=CARTESIAN_POINT('Ctrl Pts',(-17.516334949021,17.8910331923419,3.92310777447439));
#10478=CARTESIAN_POINT('Ctrl Pts',(-16.7766077844693,18.2569083259893,3.87501246540211));
#10479=CARTESIAN_POINT('Ctrl Pts',(-16.0380816308309,18.6252045967147,3.82699524321624));
#10480=CARTESIAN_POINT('Ctrl Pts',(-16.0520771784121,18.8473037142536,3.60308173681153));
#10481=CARTESIAN_POINT('Ctrl Pts',(-16.0815853655586,18.8321446435747,3.60174275195656));
#10482=CARTESIAN_POINT('Ctrl Pts',(-16.1112477471771,18.8171326961294,3.60204698775164));
#10483=CARTESIAN_POINT('Ctrl Pts',(-16.1409163022913,18.8023436036126,3.60402402067547));
#10484=CARTESIAN_POINT('Ctrl Pts',(-16.0570848875976,18.852081347305,3.65823449854099));
#10485=CARTESIAN_POINT('Ctrl Pts',(-16.0850143918365,18.8378242291025,3.65753032048307));
#10486=CARTESIAN_POINT('Ctrl Pts',(-16.1130072473261,18.8236664209402,3.65836217484441));
#10487=CARTESIAN_POINT('Ctrl Pts',(-16.140954278062,18.8098185405948,3.66077335332163));
#10488=CARTESIAN_POINT('Ctrl Pts',(-16.0449330606261,18.8180293135827,3.77372826818958));
#10489=CARTESIAN_POINT('Ctrl Pts',(-16.0692385854836,18.8045578755557,3.77435159137533));
#10490=CARTESIAN_POINT('Ctrl Pts',(-16.0934679462512,18.7913184617311,3.77637108829466));
#10491=CARTESIAN_POINT('Ctrl Pts',(-16.1175105549379,18.7783135007997,3.77970180732689));
#10492=CARTESIAN_POINT('Ctrl Pts',(-15.996767882192,18.719658151157,3.82519912126644));
#10493=CARTESIAN_POINT('Ctrl Pts',(-16.0190323026812,18.705072318814,3.82513162657864));
#10494=CARTESIAN_POINT('Ctrl Pts',(-16.0413626483562,18.6906306930631,3.8262324079122));
#10495=CARTESIAN_POINT('Ctrl Pts',(-16.0635294034516,18.6764494618307,3.82864979714916));
#10496=CARTESIAN_POINT('Ctrl Pts',(-15.9714119250489,18.6702068806719,3.82637272256735));
#10497=CARTESIAN_POINT('Ctrl Pts',(-15.993558213146,18.6550338745569,3.82534768090261));
#10498=CARTESIAN_POINT('Ctrl Pts',(-16.0158184710229,18.6400078435895,3.82554774526943));
#10499=CARTESIAN_POINT('Ctrl Pts',(-16.0380816308309,18.6252045967147,3.82699524321624));
#10500=CARTESIAN_POINT('',(-15.9714119250489,18.6702068806719,3.82637272256735));
#10501=CARTESIAN_POINT('Ctrl Pts',(-16.0380816308309,18.6252045967147,3.82699524321624));
#10502=CARTESIAN_POINT('Ctrl Pts',(-16.0158184710229,18.6400078435895,3.82554774526943));
#10503=CARTESIAN_POINT('Ctrl Pts',(-15.993558213146,18.6550338745569,3.82534768090261));
#10504=CARTESIAN_POINT('Ctrl Pts',(-15.9714119250489,18.6702068806719,3.82637272256735));
#10505=CARTESIAN_POINT('',(-16.0520771784121,18.8473037142536,3.60308173681153));
#10506=CARTESIAN_POINT('Origin',(-15.9621648183039,18.6702068806719,3.62658660939417));
#10507=CARTESIAN_POINT('Ctrl Pts',(-16.0520771784121,18.8473037142536,3.60308173681153));
#10508=CARTESIAN_POINT('Ctrl Pts',(-16.0815853655586,18.8321446435747,3.60174275195656));
#10509=CARTESIAN_POINT('Ctrl Pts',(-16.1112477471771,18.8171326961294,3.60204698775164));
#10510=CARTESIAN_POINT('Ctrl Pts',(-16.1409163022913,18.8023436036126,3.60402402067547));
#10511=CARTESIAN_POINT('Ctrl Pts',(-15.420870597864,19.7503082358996,4.2657648791199));
#10512=CARTESIAN_POINT('Ctrl Pts',(-15.4212414558513,19.7487960134411,4.26442421614517));
#10513=CARTESIAN_POINT('Ctrl Pts',(-15.4216134958243,19.7472848491782,4.26308493926401));
#10514=CARTESIAN_POINT('Ctrl Pts',(-15.4552460765209,19.6123398461725,4.14359153663473));
#10515=CARTESIAN_POINT('Ctrl Pts',(-15.5331058564271,19.4088848953706,3.97073381491979));
#10516=CARTESIAN_POINT('Ctrl Pts',(-15.7343993873451,19.0933335480389,3.72985161922314));
#10517=CARTESIAN_POINT('Ctrl Pts',(-15.9099244198913,18.9219930462918,3.62205457702783));
#10518=CARTESIAN_POINT('Ctrl Pts',(-16.0520771784121,18.8473037142536,3.60308173681153));
#10519=CARTESIAN_POINT('Ctrl Pts',(-15.420870597864,19.7503082358996,4.2657648791199));
#10520=CARTESIAN_POINT('Ctrl Pts',(-15.4212015563269,19.7486950191219,4.26455706940859));
#10521=CARTESIAN_POINT('Ctrl Pts',(-15.421543861677,19.7470872833956,4.26335359245954));
#10522=CARTESIAN_POINT('Ctrl Pts',(-15.4516768687254,19.6031823507092,4.15574344263262));
#10523=CARTESIAN_POINT('Ctrl Pts',(-15.5330066064063,19.3865793305303,4.00304928284322));
#10524=CARTESIAN_POINT('Ctrl Pts',(-15.7508412305443,19.0665449212399,3.8005326565733));
#10525=CARTESIAN_POINT('Ctrl Pts',(-15.9358560877494,18.9114461203307,3.71979591196047));
#10526=CARTESIAN_POINT('Ctrl Pts',(-16.062092596783,18.8568589803565,3.71338726027044));
#10527=CARTESIAN_POINT('Ctrl Pts',(-15.420870597864,19.7503082358996,4.2657648791199));
#10528=CARTESIAN_POINT('Ctrl Pts',(-15.4211650806224,19.7485965293095,4.26468947029226));
#10529=CARTESIAN_POINT('Ctrl Pts',(-15.4214693693079,19.7468870486783,4.26362233185403));
#10530=CARTESIAN_POINT('Ctrl Pts',(-15.4483275645283,19.5941610956036,4.16786937552811));
#10531=CARTESIAN_POINT('Ctrl Pts',(-15.5243762848485,19.3638997202626,4.03353033049004));
#10532=CARTESIAN_POINT('Ctrl Pts',(-15.7303090778352,19.0157077540832,3.86772616097719));
#10533=CARTESIAN_POINT('Ctrl Pts',(-15.9043229482623,18.8376159965286,3.81587571143262));
#10534=CARTESIAN_POINT('Ctrl Pts',(-16.0221238393352,18.7691094216421,3.82402551996553));
#10535=CARTESIAN_POINT('Ctrl Pts',(-15.420870597864,19.7503082358996,4.2657648791199));
#10536=CARTESIAN_POINT('Ctrl Pts',(-15.4211304813669,19.7484972829493,4.26482539230281));
#10537=CARTESIAN_POINT('Ctrl Pts',(-15.4213916228094,19.7466875850839,4.26388702453163));
#10538=CARTESIAN_POINT('Ctrl Pts',(-15.4451035887601,19.585086713926,4.18018623589319));
#10539=CARTESIAN_POINT('Ctrl Pts',(-15.5074474818197,19.3415046801322,4.06114641716425));
#10540=CARTESIAN_POINT('Ctrl Pts',(-15.6822055943575,18.9643114728174,3.90030291735542));
#10541=CARTESIAN_POINT('Ctrl Pts',(-15.8404561969708,18.759928104121,3.83243401269996));
#10542=CARTESIAN_POINT('Ctrl Pts',(-15.9714119250489,18.6702068806719,3.82637272256735));
#10543=CARTESIAN_POINT('Ctrl Pts',(-15.9714119250489,18.6702068806719,3.82637272256735));
#10544=CARTESIAN_POINT('Ctrl Pts',(-15.8404561969708,18.759928104121,3.83243401269996));
#10545=CARTESIAN_POINT('Ctrl Pts',(-15.6822055943575,18.9643114728174,3.90030291735542));
#10546=CARTESIAN_POINT('Ctrl Pts',(-15.5074474818197,19.3415046801322,4.06114641716425));
#10547=CARTESIAN_POINT('Ctrl Pts',(-15.4451035887601,19.585086713926,4.18018623589319));
#10548=CARTESIAN_POINT('Ctrl Pts',(-15.4213916228094,19.7466875850839,4.26388702453163));
#10549=CARTESIAN_POINT('Ctrl Pts',(-15.4211304813669,19.7484972829493,4.26482539230281));
#10550=CARTESIAN_POINT('Ctrl Pts',(-15.420870597864,19.7503082358996,4.2657648791199));
#10551=CARTESIAN_POINT('Ctrl Pts',(-15.420870597864,19.7503082358996,4.2657648791199));
#10552=CARTESIAN_POINT('Ctrl Pts',(-15.4212414558513,19.7487960134411,4.26442421614517));
#10553=CARTESIAN_POINT('Ctrl Pts',(-15.4216134958243,19.7472848491782,4.26308493926401));
#10554=CARTESIAN_POINT('Ctrl Pts',(-15.4552460765209,19.6123398461725,4.14359153663473));
#10555=CARTESIAN_POINT('Ctrl Pts',(-15.5331058564271,19.4088848953706,3.97073381491979));
#10556=CARTESIAN_POINT('Ctrl Pts',(-15.7343993873451,19.0933335480389,3.72985161922314));
#10557=CARTESIAN_POINT('Ctrl Pts',(-15.9099244198913,18.9219930462918,3.62205457702783));
#10558=CARTESIAN_POINT('Ctrl Pts',(-16.0520771784121,18.8473037142536,3.60308173681153));
#10559=CARTESIAN_POINT('Origin',(-20.5735106294375,21.755,4.12187809991864));
#10560=CARTESIAN_POINT('',(-16.0380816308309,12.3775,3.82699524321624));
#10561=CARTESIAN_POINT('Origin',(-15.9991532452839,12.3775,4.42573106208689));
#10562=CARTESIAN_POINT('Ctrl Pts',(-15.8560144492522,15.4589987324254,4.38613560329561));
#10563=CARTESIAN_POINT('Ctrl Pts',(-16.439030503293,14.9326555923728,2.27851472397954));
#10564=CARTESIAN_POINT('Ctrl Pts',(-16.7524951861576,13.8799693122677,-2.17112705837319));
#10565=CARTESIAN_POINT('Ctrl Pts',(-14.5970931629384,12.30093989211,-8.50687650233235));
#10566=CARTESIAN_POINT('Ctrl Pts',(-10.1471215031965,10.7219104719524,-13.5053993967303));
#10567=CARTESIAN_POINT('Ctrl Pts',(-6.1211504633342,9.66922419184723,-15.4261100164887));
#10568=CARTESIAN_POINT('Ctrl Pts',(-4.,9.14288105179467,-15.957799965703));
#10569=CARTESIAN_POINT('Ctrl Pts',(-15.7268672497893,15.3965147602046,4.35041053938102));
#10570=CARTESIAN_POINT('Ctrl Pts',(-16.3051262795135,14.8701716201521,2.25998644856432));
#10571=CARTESIAN_POINT('Ctrl Pts',(-16.6160396180352,13.817485340047,-2.15343947681784));
#10572=CARTESIAN_POINT('Ctrl Pts',(-14.4781677495133,12.2384559198893,-8.43756929207459));
#10573=CARTESIAN_POINT('Ctrl Pts',(-10.0644667327687,10.6594264997316,-13.3953941171369));
#10574=CARTESIAN_POINT('Ctrl Pts',(-6.07126329204605,9.60674021962646,-15.3004720115828));
#10575=CARTESIAN_POINT('Ctrl Pts',(-3.96742000964335,9.0803970795739,-15.827823723454));
#10576=CARTESIAN_POINT('Ctrl Pts',(-15.5040143064919,15.1935099141804,4.288764327338));
#10577=CARTESIAN_POINT('Ctrl Pts',(-16.074094094727,14.6671667741278,2.22790844484083));
#10578=CARTESIAN_POINT('Ctrl Pts',(-16.380598495157,13.6144804940227,-2.12293145110158));
#10579=CARTESIAN_POINT('Ctrl Pts',(-14.273066037166,12.035451073865,-8.31804036135671));
#10580=CARTESIAN_POINT('Ctrl Pts',(-9.92186266540575,10.4564216537073,-13.2055854188462));
#10581=CARTESIAN_POINT('Ctrl Pts',(-5.98528611718539,9.40373537360217,-15.0836476722362));
#10582=CARTESIAN_POINT('Ctrl Pts',(-3.91120085217206,8.87739223354961,-15.6035402061622));
#10583=CARTESIAN_POINT('Ctrl Pts',(-15.4208705978208,14.8981579099512,4.26576487927623));
#10584=CARTESIAN_POINT('Ctrl Pts',(-15.9878713336705,14.3718147698987,2.21603986539046));
#10585=CARTESIAN_POINT('Ctrl Pts',(-16.2927368107349,13.3191284897935,-2.11153693156862));
#10586=CARTESIAN_POINT('Ctrl Pts',(-14.1964395084876,11.7400990696359,-8.27338404458227));
#10587=CARTESIAN_POINT('Ctrl Pts',(-9.86863749923473,10.1610696494782,-13.1347575122631));
#10588=CARTESIAN_POINT('Ctrl Pts',(-5.95310911513592,9.10838336937304,-15.0027782203927));
#10589=CARTESIAN_POINT('Ctrl Pts',(-3.89022617182292,8.58204022932048,-15.5198627678232));
#10590=CARTESIAN_POINT('Ctrl Pts',(-15.4208705978208,14.7503082359398,4.26576487927623));
#10591=CARTESIAN_POINT('Ctrl Pts',(-15.9878866758264,14.2239650958872,2.21598440302727));
#10592=CARTESIAN_POINT('Ctrl Pts',(-16.292748804132,13.1712788157821,-2.11154382620907));
#10593=CARTESIAN_POINT('Ctrl Pts',(-14.1964984637501,11.5922493956244,-8.27341840245969));
#10594=CARTESIAN_POINT('Ctrl Pts',(-9.86864941010053,10.0132199754667,-13.1347645485204));
#10595=CARTESIAN_POINT('Ctrl Pts',(-5.95316493353218,8.96053369536157,-15.002764228891));
#10596=CARTESIAN_POINT('Ctrl Pts',(-3.89022617182292,8.43419055530901,-15.5198627678232));
#10597=CARTESIAN_POINT('Ctrl Pts',(-16.0329183440968,15.2853079094295,3.68660725556739));
#10598=CARTESIAN_POINT('Ctrl Pts',(-16.4682163283936,14.8168617103755,1.78974398098129));
#10599=CARTESIAN_POINT('Ctrl Pts',(-16.673464876669,13.8220723712691,-2.4034346436888));
#10600=CARTESIAN_POINT('Ctrl Pts',(-14.5970931629384,12.30093989211,-8.50687650233235));
#10601=CARTESIAN_POINT('Ctrl Pts',(-10.3335757417184,10.7880719558114,-13.2959608089656));
#10602=CARTESIAN_POINT('Ctrl Pts',(-6.62303170342661,9.80154715956528,-15.1790999715865));
#10603=CARTESIAN_POINT('Ctrl Pts',(-4.7944493068159,9.34136550337175,-15.7371302280998));
#10604=CARTESIAN_POINT('Ctrl Pts',(-13.8098398043882,15.7416085809133,8.02688527147085));
#10605=CARTESIAN_POINT('Ctrl Pts',(-13.8098398043881,15.8743031427458,8.02688527147094));
#10606=CARTESIAN_POINT('Ctrl Pts',(-13.8911393571537,16.0653427173018,7.97994695279673));
#10607=CARTESIAN_POINT('Ctrl Pts',(-14.2237610673558,16.3353101556501,7.78790771887318));
#10608=CARTESIAN_POINT('Ctrl Pts',(-14.5143438877079,16.3975341509905,7.62013964932105));
#10609=CARTESIAN_POINT('Ctrl Pts',(-14.7438317417753,16.4120881907656,7.48764477499948));
#10610=CARTESIAN_POINT('Ctrl Pts',(-13.8272256566127,15.7416085809133,8.01684754500895));
#10611=CARTESIAN_POINT('Ctrl Pts',(-13.8261208897173,15.8689759884418,8.01748287545486));
#10612=CARTESIAN_POINT('Ctrl Pts',(-13.9052511381493,16.0516436925518,7.97175093500017));
#10613=CARTESIAN_POINT('Ctrl Pts',(-14.2328152418734,16.3064601024094,7.78266423577474));
#10614=CARTESIAN_POINT('Ctrl Pts',(-14.5196877809134,16.3612795724947,7.6169706536217));
#10615=CARTESIAN_POINT('Ctrl Pts',(-14.7458045893297,16.3706110880817,7.48650575093287));
#10616=CARTESIAN_POINT('Ctrl Pts',(-13.8549804113187,15.7416085809133,7.99466566747515));
#10617=CARTESIAN_POINT('Ctrl Pts',(-13.8522890641161,15.8596556702767,7.99700816989117));
#10618=CARTESIAN_POINT('Ctrl Pts',(-13.9272997254092,16.0276354428189,7.95282904525783));
#10619=CARTESIAN_POINT('Ctrl Pts',(-14.2430324191979,16.2559751316712,7.76377002050627));
#10620=CARTESIAN_POINT('Ctrl Pts',(-14.5203069387306,16.2978258083208,7.59636237688673));
#10621=CARTESIAN_POINT('Ctrl Pts',(-14.7375382090716,16.2982071900918,7.46423467748452));
#10622=CARTESIAN_POINT('Ctrl Pts',(-13.8758979259494,15.7416085809134,7.96615863823496));
#10623=CARTESIAN_POINT('Ctrl Pts',(-13.8726107927337,15.8510665189041,7.9708832504341));
#10624=CARTESIAN_POINT('Ctrl Pts',(-13.9426982666192,16.0052791639917,7.92718181404626));
#10625=CARTESIAN_POINT('Ctrl Pts',(-14.2412662603976,16.2127984917379,7.73089012915551));
#10626=CARTESIAN_POINT('Ctrl Pts',(-14.504721260618,16.2496665712536,7.55413555250247));
#10627=CARTESIAN_POINT('Ctrl Pts',(-14.7115975799702,16.2493668280929,7.41393926861728));
#10628=CARTESIAN_POINT('Ctrl Pts',(-13.8833820803931,15.7416085809134,7.95309386401411));
#10629=CARTESIAN_POINT('Ctrl Pts',(-13.8800572481676,15.8476136580329,7.95889788405059));
#10630=CARTESIAN_POINT('Ctrl Pts',(-13.9478953651994,15.9961940270822,7.91524891575629));
#10631=CARTESIAN_POINT('Ctrl Pts',(-14.2382556701859,16.196507223938,7.71494710551292));
#10632=CARTESIAN_POINT('Ctrl Pts',(-14.4955311575803,16.2334723504735,7.53352245790706));
#10633=CARTESIAN_POINT('Ctrl Pts',(-14.6984670553076,16.234991357184,7.38961744394672));
#10634=CARTESIAN_POINT('',(-14.7438317417753,16.4120881907656,7.48764477499948));
#10635=CARTESIAN_POINT('Ctrl Pts',(-13.8582746353415,15.959432899416,7.99892140878184));
#10636=CARTESIAN_POINT('Ctrl Pts',(-13.8809991475706,16.0094313073951,7.98580140552916));
#10637=CARTESIAN_POINT('Ctrl Pts',(-13.9456679721354,16.1096000524419,7.94846484225848));
#10638=CARTESIAN_POINT('Ctrl Pts',(-14.2237610673558,16.3353101556501,7.78790771887318));
#10639=CARTESIAN_POINT('Ctrl Pts',(-14.5143438877079,16.3975341509905,7.62013964932105));
#10640=CARTESIAN_POINT('Ctrl Pts',(-14.7438317417753,16.4120881907656,7.48764477499948));
#10641=CARTESIAN_POINT('',(-14.6984670553076,16.234991357184,7.38961744394672));
#10642=CARTESIAN_POINT('Origin',(-14.6438317417753,16.4120881907656,7.31443969424259));
#10643=CARTESIAN_POINT('Ctrl Pts',(-14.6984670553076,16.234991357184,7.38961744394672));
#10644=CARTESIAN_POINT('Ctrl Pts',(-14.4955311575803,16.2334723504735,7.53352245790706));
#10645=CARTESIAN_POINT('Ctrl Pts',(-14.2382556701859,16.196507223938,7.71494710551292));
#10646=CARTESIAN_POINT('Ctrl Pts',(-13.9478953651994,15.9961940270822,7.91524891575629));
#10647=CARTESIAN_POINT('Ctrl Pts',(-13.8800572481676,15.8476136580329,7.95889788405059));
#10648=CARTESIAN_POINT('Ctrl Pts',(-13.8833820803931,15.7416085809134,7.95309386401411));
#10649=CARTESIAN_POINT('Ctrl Pts',(-14.7438317417753,16.4120881907656,7.48764477499948));
#10650=CARTESIAN_POINT('Ctrl Pts',(-15.1757969797071,16.4394832757032,7.23824952859897));
#10651=CARTESIAN_POINT('Ctrl Pts',(-15.6071551803637,16.4793249675207,6.98920475533272));
#10652=CARTESIAN_POINT('Ctrl Pts',(-16.0375286479469,16.5301254030969,6.74072851797153));
#10653=CARTESIAN_POINT('Ctrl Pts',(-14.7458045893297,16.3706110880817,7.48650575093287));
#10654=CARTESIAN_POINT('Ctrl Pts',(-15.1783743259011,16.3979213780011,7.23676355465652));
#10655=CARTESIAN_POINT('Ctrl Pts',(-15.6103041429437,16.4376685666565,6.98738380053508));
#10656=CARTESIAN_POINT('Ctrl Pts',(-16.0412256694024,16.4883646077942,6.738594041639));
#10657=CARTESIAN_POINT('Ctrl Pts',(-14.7375381158392,16.2982073111904,7.46423452930341));
#10658=CARTESIAN_POINT('Ctrl Pts',(-15.1710871212037,16.3253735337736,7.21375995966615));
#10659=CARTESIAN_POINT('Ctrl Pts',(-15.6039378180556,16.3649540284858,6.96365341826957));
#10660=CARTESIAN_POINT('Ctrl Pts',(-16.0357114090699,16.4154734340086,6.71414061791149));
#10661=CARTESIAN_POINT('Ctrl Pts',(-14.7115975799702,16.2493668280929,7.41393926861728));
#10662=CARTESIAN_POINT('Ctrl Pts',(-15.1457014467082,16.2765676395228,7.1627990250029));
#10663=CARTESIAN_POINT('Ctrl Pts',(-15.5790301427506,16.3162023085987,6.91199226311901));
#10664=CARTESIAN_POINT('Ctrl Pts',(-16.0112190698533,16.3667867112553,6.66176474559977));
#10665=CARTESIAN_POINT('Ctrl Pts',(-14.6984670553076,16.234991357184,7.38961744394672));
#10666=CARTESIAN_POINT('Ctrl Pts',(-15.1327115088247,16.2622519391986,7.13824893151383));
#10667=CARTESIAN_POINT('Ctrl Pts',(-15.5661532778503,16.3019613187321,6.88719661721711));
#10668=CARTESIAN_POINT('Ctrl Pts',(-15.9984289199877,16.3526338095182,6.63671802568986));
#10669=CARTESIAN_POINT('',(-16.0375286479469,16.5301254030969,6.74072851797153));
#10670=CARTESIAN_POINT('',(-15.9984289199877,16.3526338095182,6.63671802568986));
#10671=CARTESIAN_POINT('Origin',(-15.9375286479469,16.5301254030969,6.56752343721465));
#10672=CARTESIAN_POINT('Ctrl Pts',(-15.9984289199877,16.3526338095182,6.63671802568986));
#10673=CARTESIAN_POINT('Ctrl Pts',(-15.5661532778503,16.3019613187321,6.88719661721711));
#10674=CARTESIAN_POINT('Ctrl Pts',(-15.1327115088247,16.2622519391986,7.13824893151383));
#10675=CARTESIAN_POINT('Ctrl Pts',(-14.6984670553076,16.234991357184,7.38961744394672));
#10676=CARTESIAN_POINT('Ctrl Pts',(-14.7438317417753,16.4120881907656,7.48764477499948));
#10677=CARTESIAN_POINT('Ctrl Pts',(-15.1757969797071,16.4394832757032,7.23824952859897));
#10678=CARTESIAN_POINT('Ctrl Pts',(-15.6071551803637,16.4793249675207,6.98920475533272));
#10679=CARTESIAN_POINT('Ctrl Pts',(-16.0375286479469,16.5301254030969,6.74072851797153));
#10680=CARTESIAN_POINT('Ctrl Pts',(-16.0956186943892,16.1487275103048,6.01815125558325));
#10681=CARTESIAN_POINT('Ctrl Pts',(-16.1602677788042,16.1985267071445,6.08878126239715));
#10682=CARTESIAN_POINT('Ctrl Pts',(-16.2257670385471,16.2815279062102,6.24680601782556));
#10683=CARTESIAN_POINT('Ctrl Pts',(-16.1665102856601,16.3544718406259,6.49212307158593));
#10684=CARTESIAN_POINT('Ctrl Pts',(-16.0607367518794,16.3599376978933,6.60061426121178));
#10685=CARTESIAN_POINT('Ctrl Pts',(-15.9984289199877,16.3526338095182,6.63671802568985));
#10686=CARTESIAN_POINT('Ctrl Pts',(-16.1339909179676,16.1489892151439,5.9828049761162));
#10687=CARTESIAN_POINT('Ctrl Pts',(-16.2025360690321,16.2039872992027,6.06317603090336));
#10688=CARTESIAN_POINT('Ctrl Pts',(-16.2683771576826,16.2934848467146,6.23868880710127));
#10689=CARTESIAN_POINT('Ctrl Pts',(-16.1982571281141,16.3712034520001,6.50674406613335));
#10690=CARTESIAN_POINT('Ctrl Pts',(-16.0817167804167,16.3769131791588,6.62574178984872));
#10691=CARTESIAN_POINT('Ctrl Pts',(-16.0133507614975,16.3691455282114,6.66593919891808));
#10692=CARTESIAN_POINT('Ctrl Pts',(-16.1967533596151,16.187747010313,5.89795283230287));
#10693=CARTESIAN_POINT('Ctrl Pts',(-16.2753732225796,16.2470560606947,5.99975483575682));
#10694=CARTESIAN_POINT('Ctrl Pts',(-16.3448256175033,16.3417375784602,6.21314094920659));
#10695=CARTESIAN_POINT('Ctrl Pts',(-16.2554667049406,16.4226422316532,6.52894513572596));
#10696=CARTESIAN_POINT('Ctrl Pts',(-16.1174782154941,16.4286603039239,6.66903554756964));
#10697=CARTESIAN_POINT('Ctrl Pts',(-16.0368304381557,16.4205840532544,6.71712368832332));
#10698=CARTESIAN_POINT('Ctrl Pts',(-16.1961585395967,16.2798753983495,5.83350763554942));
#10699=CARTESIAN_POINT('Ctrl Pts',(-16.2877761706631,16.3329623982508,5.94221593349798));
#10700=CARTESIAN_POINT('Ctrl Pts',(-16.3752465472284,16.4199073222488,6.17653183293875));
#10701=CARTESIAN_POINT('Ctrl Pts',(-16.2834959491898,16.4955521029703,6.53016452498683));
#10702=CARTESIAN_POINT('Ctrl Pts',(-16.1306502774894,16.5011617441515,6.68618469909519));
#10703=CARTESIAN_POINT('Ctrl Pts',(-16.0407635417204,16.493584707207,6.73886085118055));
#10704=CARTESIAN_POINT('Ctrl Pts',(-16.1798950500329,16.326160878924,5.81575915113147));
#10705=CARTESIAN_POINT('Ctrl Pts',(-16.2769979493947,16.3759968820569,5.92172837068344));
#10706=CARTESIAN_POINT('Ctrl Pts',(-16.375799830288,16.4590471471012,6.15843866818683));
#10707=CARTESIAN_POINT('Ctrl Pts',(-16.2883208337399,16.5320054603018,6.52517999971145));
#10708=CARTESIAN_POINT('Ctrl Pts',(-16.1305791291267,16.5374477333217,6.68700579761413));
#10709=CARTESIAN_POINT('Ctrl Pts',(-16.0375286479469,16.5301254030969,6.74072851797153));
#10710=CARTESIAN_POINT('',(-16.1798950500329,16.326160878924,5.81575915113147));
#10711=CARTESIAN_POINT('Ctrl Pts',(-16.0375286479469,16.5301254030969,6.74072851797153));
#10712=CARTESIAN_POINT('Ctrl Pts',(-16.1305791291267,16.5374477333217,6.68700579761413));
#10713=CARTESIAN_POINT('Ctrl Pts',(-16.2883208337399,16.5320054603018,6.52517999971145));
#10714=CARTESIAN_POINT('Ctrl Pts',(-16.375799830288,16.4590471471012,6.15843866818683));
#10715=CARTESIAN_POINT('Ctrl Pts',(-16.2769979493947,16.3759968820569,5.92172837068344));
#10716=CARTESIAN_POINT('Ctrl Pts',(-16.1798950500329,16.326160878924,5.81575915113147));
#10717=CARTESIAN_POINT('',(-16.0956186943892,16.1487275103048,6.01815125558325));
#10718=CARTESIAN_POINT('Origin',(-16.0324395826709,16.326160878924,5.9508771926546));
#10719=CARTESIAN_POINT('Ctrl Pts',(-16.0956186943892,16.1487275103048,6.01815125558325));
#10720=CARTESIAN_POINT('Ctrl Pts',(-16.1602677788042,16.1985267071445,6.08878126239715));
#10721=CARTESIAN_POINT('Ctrl Pts',(-16.2257670385471,16.2815279062102,6.24680601782556));
#10722=CARTESIAN_POINT('Ctrl Pts',(-16.1665102856601,16.3544718406259,6.49212307158593));
#10723=CARTESIAN_POINT('Ctrl Pts',(-16.0607367518794,16.3599376978933,6.60061426121178));
#10724=CARTESIAN_POINT('Ctrl Pts',(-15.9984289199877,16.3526338095182,6.63671802568985));
#10725=CARTESIAN_POINT('Ctrl Pts',(-16.1798950500329,16.326160878924,5.81575915113147));
#10726=CARTESIAN_POINT('Ctrl Pts',(-15.9933189230996,16.1825265203081,5.61214703771253));
#10727=CARTESIAN_POINT('Ctrl Pts',(-15.8069087503824,16.0384197522499,5.40871603154042));
#10728=CARTESIAN_POINT('Ctrl Pts',(-15.6206832640941,15.8937918531597,5.20548657523833));
#10729=CARTESIAN_POINT('Ctrl Pts',(-16.1961585395967,16.2798753983495,5.83350763554942));
#10730=CARTESIAN_POINT('Ctrl Pts',(-16.0096096047927,16.1362911858879,5.62992640556888));
#10731=CARTESIAN_POINT('Ctrl Pts',(-15.823229540135,15.992237406091,5.42652558506255));
#10732=CARTESIAN_POINT('Ctrl Pts',(-15.6370329490361,15.8476675587433,5.22332912540534));
#10733=CARTESIAN_POINT('Ctrl Pts',(-16.1967552103392,16.1877454513088,5.89795223619712));
#10734=CARTESIAN_POINT('Ctrl Pts',(-16.0102951174646,16.0442591468333,5.6944013753385));
#10735=CARTESIAN_POINT('Ctrl Pts',(-15.8240065358642,15.9003120457444,5.49103220628536));
#10736=CARTESIAN_POINT('Ctrl Pts',(-15.6379096476384,15.7558554725491,5.28786369511024));
#10737=CARTESIAN_POINT('Ctrl Pts',(-16.1339909179676,16.1489892151439,5.9828049761162));
#10738=CARTESIAN_POINT('Ctrl Pts',(-15.9476319495824,16.0054967616024,5.77924292699449));
#10739=CARTESIAN_POINT('Ctrl Pts',(-15.7614531455035,15.8615378445395,5.57585980368003));
#10740=CARTESIAN_POINT('Ctrl Pts',(-15.5754759259387,15.7170717570183,5.372674026221));
#10741=CARTESIAN_POINT('Ctrl Pts',(-16.0956186943892,16.1487275103048,6.01815125558324));
#10742=CARTESIAN_POINT('Ctrl Pts',(-15.90929095558,16.0051992325942,5.81458565862535));
#10743=CARTESIAN_POINT('Ctrl Pts',(-15.7231466976425,15.8612043884531,5.61119846624967));
#10744=CARTESIAN_POINT('Ctrl Pts',(-15.5372077332481,15.7166950195781,5.40800846871936));
#10745=CARTESIAN_POINT('',(-15.6206832640941,15.8937918531597,5.20548657523833));
#10746=CARTESIAN_POINT('',(-15.5372077332481,15.7166950195781,5.40800846871936));
#10747=CARTESIAN_POINT('Origin',(-15.4732277967321,15.8937918531597,5.34060461676146));
#10748=CARTESIAN_POINT('Ctrl Pts',(-15.5372077332481,15.7166950195781,5.40800846871936));
#10749=CARTESIAN_POINT('Ctrl Pts',(-15.7231466976425,15.8612043884531,5.61119846624967));
#10750=CARTESIAN_POINT('Ctrl Pts',(-15.90929095558,16.0051992325942,5.81458565862535));
#10751=CARTESIAN_POINT('Ctrl Pts',(-16.0956186943892,16.1487275103048,6.01815125558324));
#10752=CARTESIAN_POINT('Ctrl Pts',(-16.1798950500329,16.326160878924,5.81575915113147));
#10753=CARTESIAN_POINT('Ctrl Pts',(-15.9933189230996,16.1825265203081,5.61214703771253));
#10754=CARTESIAN_POINT('Ctrl Pts',(-15.8069087503824,16.0384197522499,5.40871603154042));
#10755=CARTESIAN_POINT('Ctrl Pts',(-15.6206832640941,15.8937918531597,5.20548657523833));
#10756=CARTESIAN_POINT('Ctrl Pts',(-15.6206832640941,15.8937918531597,5.20548657523833));
#10757=CARTESIAN_POINT('Ctrl Pts',(-15.5750922212767,15.8583845795827,5.15573268263905));
#10758=CARTESIAN_POINT('Ctrl Pts',(-15.5315219602767,15.8172664521027,5.10818408641599));
#10759=CARTESIAN_POINT('Ctrl Pts',(-15.4906480599252,15.7709275488529,5.06357805149048));
#10760=CARTESIAN_POINT('Ctrl Pts',(-15.6370329490361,15.8476675587433,5.22332912540534));
#10761=CARTESIAN_POINT('Ctrl Pts',(-15.5928137621317,15.8146504848975,5.17512677948403));
#10762=CARTESIAN_POINT('Ctrl Pts',(-15.5504963250723,15.7760343999699,5.12884632061589));
#10763=CARTESIAN_POINT('Ctrl Pts',(-15.510621561823,15.7323275000084,5.08537530390765));
#10764=CARTESIAN_POINT('Ctrl Pts',(-15.6379126825384,15.7558529305378,5.28786272315479));
#10765=CARTESIAN_POINT('Ctrl Pts',(-15.597991544445,15.7275072199526,5.24134283580246));
#10766=CARTESIAN_POINT('Ctrl Pts',(-15.5594457203604,15.6939216962666,5.19643753163765));
#10767=CARTESIAN_POINT('Ctrl Pts',(-15.5230249921179,15.6553989940215,5.15392670120829));
#10768=CARTESIAN_POINT('Ctrl Pts',(-15.5754759259387,15.7170717570183,5.37267402622101));
#10769=CARTESIAN_POINT('Ctrl Pts',(-15.5402588649224,15.6885679884872,5.32578706873142));
#10770=CARTESIAN_POINT('Ctrl Pts',(-15.5064795018836,15.6551524933913,5.280513151526));
#10771=CARTESIAN_POINT('Ctrl Pts',(-15.4747263555584,15.6174669206926,5.23758991718637));
#10772=CARTESIAN_POINT('Ctrl Pts',(-15.5372077332481,15.7166950195781,5.40800846871937));
#10773=CARTESIAN_POINT('Ctrl Pts',(-15.5034139177793,15.6865811981342,5.36096462531398));
#10774=CARTESIAN_POINT('Ctrl Pts',(-15.471289920273,15.6519128102738,5.31561860343146));
#10775=CARTESIAN_POINT('Ctrl Pts',(-15.4413397746619,15.6131466416014,5.27267119661588));
#10776=CARTESIAN_POINT('',(-15.4906480599252,15.7709275488529,5.06357805149048));
#10777=CARTESIAN_POINT('',(-15.4413397746619,15.6131466416014,5.27267119661588));
#10778=CARTESIAN_POINT('Origin',(-15.3431925925632,15.7709275488529,5.19869609301361));
#10779=CARTESIAN_POINT('Ctrl Pts',(-15.4413397746619,15.6131466416014,5.27267119661588));
#10780=CARTESIAN_POINT('Ctrl Pts',(-15.471289920273,15.6519128102738,5.31561860343146));
#10781=CARTESIAN_POINT('Ctrl Pts',(-15.5034139177793,15.6865811981342,5.36096462531398));
#10782=CARTESIAN_POINT('Ctrl Pts',(-15.5372077332481,15.7166950195781,5.40800846871937));
#10783=CARTESIAN_POINT('Ctrl Pts',(-15.6206832640941,15.8937918531597,5.20548657523833));
#10784=CARTESIAN_POINT('Ctrl Pts',(-15.5750922212767,15.8583845795827,5.15573268263905));
#10785=CARTESIAN_POINT('Ctrl Pts',(-15.5315219602767,15.8172664521027,5.10818408641599));
#10786=CARTESIAN_POINT('Ctrl Pts',(-15.4906480599252,15.7709275488529,5.06357805149048));
#10787=CARTESIAN_POINT('Ctrl Pts',(-15.3571223730229,14.8079681587457,4.48985438739382));
#10788=CARTESIAN_POINT('Ctrl Pts',(-15.3567457501617,14.8094272396808,4.49114259027725));
#10789=CARTESIAN_POINT('Ctrl Pts',(-15.3563623979766,14.8108957530266,4.49243960093284));
#10790=CARTESIAN_POINT('Ctrl Pts',(-15.2857762908466,15.0946654281959,4.74327147914536));
#10791=CARTESIAN_POINT('Ctrl Pts',(-15.2762805791523,15.3995011823386,5.0359823834711));
#10792=CARTESIAN_POINT('Ctrl Pts',(-15.4413397746619,15.6131466416014,5.27267119661588));
#10793=CARTESIAN_POINT('Ctrl Pts',(-15.3571223730229,14.8079681587457,4.48985438739382));
#10794=CARTESIAN_POINT('Ctrl Pts',(-15.3566152177233,14.8095151322646,4.49095458727502));
#10795=CARTESIAN_POINT('Ctrl Pts',(-15.3565984895496,14.8110960255697,4.49223986942823));
#10796=CARTESIAN_POINT('Ctrl Pts',(-15.2896400697372,15.1133319325104,4.71631435349283));
#10797=CARTESIAN_POINT('Ctrl Pts',(-15.3231800240507,15.4386934384099,4.99598551600973));
#10798=CARTESIAN_POINT('Ctrl Pts',(-15.5081129364549,15.6217871997839,5.20250863775686));
#10799=CARTESIAN_POINT('Ctrl Pts',(-15.3571223730229,14.8079681587457,4.48985438739382));
#10800=CARTESIAN_POINT('Ctrl Pts',(-15.3566549662323,14.8096086777886,4.49082566210287));
#10801=CARTESIAN_POINT('Ctrl Pts',(-15.3566731088611,14.8112920050839,4.49198079032474));
#10802=CARTESIAN_POINT('Ctrl Pts',(-15.2967142673396,15.1319334592887,4.69152035416035));
#10803=CARTESIAN_POINT('Ctrl Pts',(-15.3399486449484,15.4789899985846,4.9411078900196));
#10804=CARTESIAN_POINT('Ctrl Pts',(-15.5305950637207,15.6937274511639,5.10717255632481));
#10805=CARTESIAN_POINT('Ctrl Pts',(-15.3571223730229,14.8079681587457,4.48985438739382));
#10806=CARTESIAN_POINT('Ctrl Pts',(-15.3568584497105,14.809715472383,4.49075711212745));
#10807=CARTESIAN_POINT('Ctrl Pts',(-15.3565893922139,14.8114736202353,4.49166613963849));
#10808=CARTESIAN_POINT('Ctrl Pts',(-15.3076439827516,15.1514285606368,4.66752135627507));
#10809=CARTESIAN_POINT('Ctrl Pts',(-15.3217019753976,15.5155477523562,4.87920575322314));
#10810=CARTESIAN_POINT('Ctrl Pts',(-15.4906480599252,15.7709275488529,5.06357805149048));
#10811=CARTESIAN_POINT('Ctrl Pts',(-15.4906480599252,15.7709275488529,5.06357805149048));
#10812=CARTESIAN_POINT('Ctrl Pts',(-15.3217019753976,15.5155477523562,4.87920575322314));
#10813=CARTESIAN_POINT('Ctrl Pts',(-15.3076439827516,15.1514285606368,4.66752135627507));
#10814=CARTESIAN_POINT('Ctrl Pts',(-15.3565893922139,14.8114736202353,4.49166613963849));
#10815=CARTESIAN_POINT('Ctrl Pts',(-15.3568584497105,14.809715472383,4.49075711212745));
#10816=CARTESIAN_POINT('Ctrl Pts',(-15.3571223730229,14.8079681587457,4.48985438739382));
#10817=CARTESIAN_POINT('Ctrl Pts',(-15.3571223730229,14.8079681587457,4.48985438739382));
#10818=CARTESIAN_POINT('Ctrl Pts',(-15.3567457501617,14.8094272396808,4.49114259027725));
#10819=CARTESIAN_POINT('Ctrl Pts',(-15.3563623979766,14.8108957530266,4.49243960093284));
#10820=CARTESIAN_POINT('Ctrl Pts',(-15.2857762908466,15.0946654281959,4.74327147914536));
#10821=CARTESIAN_POINT('Ctrl Pts',(-15.2762805791523,15.3995011823386,5.0359823834711));
#10822=CARTESIAN_POINT('Ctrl Pts',(-15.4413397746619,15.6131466416014,5.27267119661588));
#10823=CARTESIAN_POINT('Origin',(-15.9330144620113,12.3775,4.65822392692109));
#10824=CARTESIAN_POINT('',(-15.490648059784,19.1796210488529,5.0635780513364));
#10825=CARTESIAN_POINT('',(-15.4906480599252,12.3775,5.06357805149048));
#10826=CARTESIAN_POINT('Ctrl Pts',(-15.3571223730229,19.8079681587457,4.48985438739382));
#10827=CARTESIAN_POINT('Ctrl Pts',(-15.356856524543,19.8068412457486,4.49076369698073));
#10828=CARTESIAN_POINT('Ctrl Pts',(-15.356592707248,19.8057120811259,4.4916764825126));
#10829=CARTESIAN_POINT('Ctrl Pts',(-15.3034422056031,19.5771867218095,4.67603358058238));
#10830=CARTESIAN_POINT('Ctrl Pts',(-15.3373182607763,19.3401677950103,4.89624793803651));
#10831=CARTESIAN_POINT('Ctrl Pts',(-15.4906480597134,19.1796210488529,5.06357805125935));
#10832=CARTESIAN_POINT('Origin',(-15.2594712119716,21.755,4.81129279206836));
#10833=CARTESIAN_POINT('',(-16.1798950500329,18.8518995679298,5.81575915113147));
#10834=CARTESIAN_POINT('',(-16.1798950500329,21.755,5.81575915113147));
#10835=CARTESIAN_POINT('',(-15.6206832640941,19.1015939908425,5.20548657523833));
#10836=CARTESIAN_POINT('Ctrl Pts',(-15.6206832640941,19.1015939908425,5.20548657523833));
#10837=CARTESIAN_POINT('Ctrl Pts',(-15.8074725532451,19.0202696240122,5.40933131439748));
#10838=CARTESIAN_POINT('Ctrl Pts',(-15.9938649948639,18.9369514216936,5.61274297047116));
#10839=CARTESIAN_POINT('Ctrl Pts',(-16.1798950500329,18.8518995679298,5.81575915113147));
#10840=CARTESIAN_POINT('Ctrl Pts',(-15.4906480596428,19.1796210488529,5.06357805118231));
#10841=CARTESIAN_POINT('Ctrl Pts',(-15.5320346263317,19.1471201325477,5.10874356323998));
#10842=CARTESIAN_POINT('Ctrl Pts',(-15.5757367495023,19.1211628154631,5.15643606177087));
#10843=CARTESIAN_POINT('Ctrl Pts',(-15.6206832640941,19.1015939908425,5.20548657523833));
#10844=CARTESIAN_POINT('Origin',(-15.7375286479469,21.755,6.22111327570087));
#10845=CARTESIAN_POINT('',(-16.0375286479469,18.9287690134572,6.74072851797153));
#10846=CARTESIAN_POINT('',(-16.0375286479469,21.755,6.74072851797153));
#10847=CARTESIAN_POINT('Ctrl Pts',(-16.1798950500329,18.8518995679298,5.81575915113147));
#10848=CARTESIAN_POINT('Ctrl Pts',(-16.2480364113679,18.8311303465469,5.8901223980308));
#10849=CARTESIAN_POINT('Ctrl Pts',(-16.3242382098545,18.8098766400445,6.03236075576922));
#10850=CARTESIAN_POINT('Ctrl Pts',(-16.3493479686982,18.8096355415983,6.29874829325097));
#10851=CARTESIAN_POINT('Ctrl Pts',(-16.2676058162798,18.8449392669279,6.55477384242066));
#10852=CARTESIAN_POINT('Ctrl Pts',(-16.1203873152158,18.8990322382842,6.6928900441191));
#10853=CARTESIAN_POINT('Ctrl Pts',(-16.0375286479469,18.9287690134572,6.74072851797154));
#10854=CARTESIAN_POINT('Origin',(-16.6849558217696,21.755,6.3669362648843));
#10855=CARTESIAN_POINT('',(-14.7438317417753,19.6198903284484,7.48764477499948));
#10856=CARTESIAN_POINT('Ctrl Pts',(-14.7438317417753,19.6198903284484,7.48764477499948));
#10857=CARTESIAN_POINT('Ctrl Pts',(-14.560814077176,19.7167988426244,7.59331007292234));
#10858=CARTESIAN_POINT('Ctrl Pts',(-14.2689981492535,19.9166971008878,7.76179007746221));
#10859=CARTESIAN_POINT('Ctrl Pts',(-13.9826327653701,20.2374321055187,7.92712320893389));
#10860=CARTESIAN_POINT('Ctrl Pts',(-13.8804962697961,20.4344731823282,7.98609174214764));
#10861=CARTESIAN_POINT('Ctrl Pts',(-13.8562783858825,20.4993333753801,8.00007394394434));
#10862=CARTESIAN_POINT('Ctrl Pts',(-16.0375286479469,18.9287690134572,6.74072851797153));
#10863=CARTESIAN_POINT('Ctrl Pts',(-15.6068810798617,19.160598772486,6.98936300733135));
#10864=CARTESIAN_POINT('Ctrl Pts',(-15.1757348635116,19.3911960661372,7.23828539140116));
#10865=CARTESIAN_POINT('Ctrl Pts',(-14.7438317417753,19.6198903284484,7.48764477499948));
#10866=CARTESIAN_POINT('Ctrl Pts',(-14.7438317417753,19.6198903284484,7.48764477499948));
#10867=CARTESIAN_POINT('Ctrl Pts',(-14.560814077176,19.7167988426244,7.59331007292234));
#10868=CARTESIAN_POINT('Ctrl Pts',(-14.2689981492535,19.9166971008878,7.76179007746221));
#10869=CARTESIAN_POINT('Ctrl Pts',(-13.9300875039477,20.2962838579096,7.95746022976073));
#10870=CARTESIAN_POINT('Ctrl Pts',(-13.8098398043881,20.5866148450394,8.02688527147089));
#10871=CARTESIAN_POINT('Ctrl Pts',(-13.8098398043882,20.7416085809142,8.02688527147085));
#10872=CARTESIAN_POINT('Ctrl Pts',(-14.7622990635573,19.6663925528427,7.4769826617974));
#10873=CARTESIAN_POINT('Ctrl Pts',(-14.5805735051928,19.7578706933289,7.58177214419415));
#10874=CARTESIAN_POINT('Ctrl Pts',(-14.289870258979,19.9485570731505,7.74969515743168));
#10875=CARTESIAN_POINT('Ctrl Pts',(-13.9503019042591,20.3133151204231,7.94566648909862));
#10876=CARTESIAN_POINT('Ctrl Pts',(-13.8285160783601,20.5928372217198,8.01610544798593));
#10877=CARTESIAN_POINT('Ctrl Pts',(-13.8272256566127,20.7416085809141,8.01684754500896));
#10878=CARTESIAN_POINT('Ctrl Pts',(-14.7763781700314,19.7473031647279,7.42716307016402));
#10879=CARTESIAN_POINT('Ctrl Pts',(-14.6002966426185,19.8296384524656,7.53608892248117));
#10880=CARTESIAN_POINT('Ctrl Pts',(-14.3161040874051,20.004310446341,7.71082525590173));
#10881=CARTESIAN_POINT('Ctrl Pts',(-13.9807260558868,20.3432331637956,7.91639153481063));
#10882=CARTESIAN_POINT('Ctrl Pts',(-13.8581239875711,20.6037238090223,7.99192946415733));
#10883=CARTESIAN_POINT('Ctrl Pts',(-13.8549803624544,20.7416085809141,7.99466562150787));
#10884=CARTESIAN_POINT('Ctrl Pts',(-14.7523132200891,19.7891077711518,7.3471412143834));
#10885=CARTESIAN_POINT('Ctrl Pts',(-14.5855631995884,19.8727229770609,7.46377545464419));
#10886=CARTESIAN_POINT('Ctrl Pts',(-14.3164290808416,20.045139284726,7.65164596931221));
#10887=CARTESIAN_POINT('Ctrl Pts',(-13.9974647125758,20.3694732366701,7.87558071821686));
#10888=CARTESIAN_POINT('Ctrl Pts',(-13.8797374582585,20.6137563577632,7.96064006019252));
#10889=CARTESIAN_POINT('Ctrl Pts',(-13.8758979259494,20.7416085809141,7.96615863823499));
#10890=CARTESIAN_POINT('Ctrl Pts',(-14.7367539561218,19.79698716203,7.31296537531618));
#10891=CARTESIAN_POINT('Ctrl Pts',(-14.5737623248846,19.8835001748007,7.43209653997991));
#10892=CARTESIAN_POINT('Ctrl Pts',(-14.3116783847306,20.0583480715222,7.6248606307143));
#10893=CARTESIAN_POINT('Ctrl Pts',(-14.001760304188,20.3796471633075,7.85676463456855));
#10894=CARTESIAN_POINT('Ctrl Pts',(-13.8872656469888,20.6177894680768,7.94631448484367));
#10895=CARTESIAN_POINT('Ctrl Pts',(-13.8833820803931,20.7416085809141,7.95309386401415));
#10896=CARTESIAN_POINT('',(-14.7367539561218,19.79698716203,7.31296537531618));
#10897=CARTESIAN_POINT('Ctrl Pts',(-13.8833820803931,20.7416085809141,7.95309386401415));
#10898=CARTESIAN_POINT('Ctrl Pts',(-13.8872656469888,20.6177894680768,7.94631448484367));
#10899=CARTESIAN_POINT('Ctrl Pts',(-14.001760304188,20.3796471633075,7.85676463456855));
#10900=CARTESIAN_POINT('Ctrl Pts',(-14.3116783847306,20.0583480715222,7.6248606307143));
#10901=CARTESIAN_POINT('Ctrl Pts',(-14.5737623248846,19.8835001748007,7.43209653997991));
#10902=CARTESIAN_POINT('Ctrl Pts',(-14.7367539561218,19.79698716203,7.31296537531618));
#10903=CARTESIAN_POINT('Origin',(-14.6438317417753,19.6198903284484,7.31443969424259));
#10904=CARTESIAN_POINT('Ctrl Pts',(-16.0375286479469,18.9287690134572,6.74072851797153));
#10905=CARTESIAN_POINT('Ctrl Pts',(-15.6068810798617,19.160598772486,6.98936300733135));
#10906=CARTESIAN_POINT('Ctrl Pts',(-15.1757348635116,19.3911960661372,7.23828539140116));
#10907=CARTESIAN_POINT('Ctrl Pts',(-14.7438317417753,19.6198903284484,7.48764477499948));
#10908=CARTESIAN_POINT('Ctrl Pts',(-16.056575263946,18.9759437385351,6.72973194909727));
#10909=CARTESIAN_POINT('Ctrl Pts',(-15.6257527748593,19.2075570444484,6.9784585428049));
#10910=CARTESIAN_POINT('Ctrl Pts',(-15.1944264925809,19.4379361342294,7.22750352843686));
#10911=CARTESIAN_POINT('Ctrl Pts',(-14.7622990635573,19.6663925528427,7.4769826617974));
#10912=CARTESIAN_POINT('Ctrl Pts',(-16.0709839474986,19.0579908107173,6.67818685382592));
#10913=CARTESIAN_POINT('Ctrl Pts',(-15.6400858380059,19.2892478691343,6.92744924499258));
#10914=CARTESIAN_POINT('Ctrl Pts',(-15.2086386489925,19.5192391085683,7.17705184139799));
#10915=CARTESIAN_POINT('Ctrl Pts',(-14.7763784271599,19.7473034243608,7.42716327740737));
#10916=CARTESIAN_POINT('Ctrl Pts',(-16.0457085735287,19.0990756355107,6.59610064198657));
#10917=CARTESIAN_POINT('Ctrl Pts',(-15.6151992886495,19.330556856023,6.84599590176976));
#10918=CARTESIAN_POINT('Ctrl Pts',(-15.1841613815188,19.560794216594,7.09628369199948));
#10919=CARTESIAN_POINT('Ctrl Pts',(-14.7523132200891,19.7891077711518,7.3471412143834));
#10920=CARTESIAN_POINT('Ctrl Pts',(-16.0294976084902,19.1062606070359,6.56132307387954));
#10921=CARTESIAN_POINT('Ctrl Pts',(-15.5991942607374,19.3379623397879,6.81139844626494));
#10922=CARTESIAN_POINT('Ctrl Pts',(-15.1683735315442,19.5684273833005,7.06188917533233));
#10923=CARTESIAN_POINT('Ctrl Pts',(-14.7367539561218,19.79698716203,7.31296537531618));
#10924=CARTESIAN_POINT('',(-16.0294976084902,19.1062606070359,6.56132307387954));
#10925=CARTESIAN_POINT('Ctrl Pts',(-14.7367539561218,19.79698716203,7.31296537531618));
#10926=CARTESIAN_POINT('Ctrl Pts',(-15.1683735315442,19.5684273833005,7.06188917533233));
#10927=CARTESIAN_POINT('Ctrl Pts',(-15.5991942607374,19.3379623397879,6.81139844626494));
#10928=CARTESIAN_POINT('Ctrl Pts',(-16.0294976084902,19.1062606070359,6.56132307387954));
#10929=CARTESIAN_POINT('Origin',(-15.9375286479469,18.9287690134572,6.56752343721465));
#10930=CARTESIAN_POINT('Ctrl Pts',(-16.0294976084902,19.1062606070359,6.56132307387954));
#10931=CARTESIAN_POINT('Ctrl Pts',(-16.0846925669024,19.076540253778,6.52924593608635));
#10932=CARTESIAN_POINT('Ctrl Pts',(-16.1827566657156,19.0224706363979,6.43664090087808));
#10933=CARTESIAN_POINT('Ctrl Pts',(-16.2371823775652,18.9871620427185,6.26498643585322));
#10934=CARTESIAN_POINT('Ctrl Pts',(-16.2204130025912,18.9873700707845,6.08637392775997));
#10935=CARTESIAN_POINT('Ctrl Pts',(-16.1696212104012,19.0085895437556,5.99099134988819));
#10936=CARTESIAN_POINT('Ctrl Pts',(-16.1242118512422,19.029332936549,5.94111756040141));
#10937=CARTESIAN_POINT('Ctrl Pts',(-16.0511122285416,19.0966806450023,6.60769316468892));
#10938=CARTESIAN_POINT('Ctrl Pts',(-16.11127611688,19.0641591723577,6.56984405664719));
#10939=CARTESIAN_POINT('Ctrl Pts',(-16.2170974625651,19.0056546918432,6.46370390476563));
#10940=CARTESIAN_POINT('Ctrl Pts',(-16.2749254700046,18.9678267698465,6.2718079049272));
#10941=CARTESIAN_POINT('Ctrl Pts',(-16.256238884665,18.9680614962764,6.0726366509957));
#10942=CARTESIAN_POINT('Ctrl Pts',(-16.2012421209021,18.9908645559505,5.96571780164004));
#10943=CARTESIAN_POINT('Ctrl Pts',(-16.1518999278381,19.0132458320188,5.90900656088678));
#10944=CARTESIAN_POINT('Ctrl Pts',(-16.0714904998329,19.0467970587894,6.68950141581698));
#10945=CARTESIAN_POINT('Ctrl Pts',(-16.14219637309,19.0129626363423,6.64173613656485));
#10946=CARTESIAN_POINT('Ctrl Pts',(-16.2646742967957,18.9525013542664,6.51200776112803));
#10947=CARTESIAN_POINT('Ctrl Pts',(-16.3302898974235,18.9136572273979,6.28472729158061));
#10948=CARTESIAN_POINT('Ctrl Pts',(-16.3082221883267,18.9138732442121,6.04976656785061));
#10949=CARTESIAN_POINT('Ctrl Pts',(-16.2446647727392,18.9372131448587,5.92276625218746));
#10950=CARTESIAN_POINT('Ctrl Pts',(-16.1872946970956,18.960277113362,5.85438244888327));
#10951=CARTESIAN_POINT('Ctrl Pts',(-16.0518136099462,18.9641500572657,6.73248109131583));
#10952=CARTESIAN_POINT('Ctrl Pts',(-16.1317589128878,18.9331926087826,6.68326889016483));
#10953=CARTESIAN_POINT('Ctrl Pts',(-16.2721647382329,18.8771995615215,6.54501849662171));
#10954=CARTESIAN_POINT('Ctrl Pts',(-16.3488973297515,18.8408379216557,6.29515188680533));
#10955=CARTESIAN_POINT('Ctrl Pts',(-16.3244983158452,18.8410702223056,6.03596142540156));
#10956=CARTESIAN_POINT('Ctrl Pts',(-16.2519119603843,18.862943222241,5.89685952458934));
#10957=CARTESIAN_POINT('Ctrl Pts',(-16.1866763048802,18.8843965256187,5.82315959219424));
#10958=CARTESIAN_POINT('Ctrl Pts',(-16.0375286479469,18.9287690134572,6.74072851797154));
#10959=CARTESIAN_POINT('Ctrl Pts',(-16.1203873152158,18.8990322382842,6.6928900441191));
#10960=CARTESIAN_POINT('Ctrl Pts',(-16.2676058162798,18.8449392669279,6.55477384242066));
#10961=CARTESIAN_POINT('Ctrl Pts',(-16.3493479686982,18.8096355415983,6.29874829325097));
#10962=CARTESIAN_POINT('Ctrl Pts',(-16.3242382098545,18.8098766400445,6.03236075576922));
#10963=CARTESIAN_POINT('Ctrl Pts',(-16.2480364113679,18.8311303465469,5.8901223980308));
#10964=CARTESIAN_POINT('Ctrl Pts',(-16.1798950500329,18.8518995679298,5.81575915113147));
#10965=CARTESIAN_POINT('',(-16.1242118512422,19.029332936549,5.94111756040141));
#10966=CARTESIAN_POINT('Origin',(-16.0324395826709,18.8518995679298,5.9508771926546));
#10967=CARTESIAN_POINT('Ctrl Pts',(-16.0294976084902,19.1062606070359,6.56132307387954));
#10968=CARTESIAN_POINT('Ctrl Pts',(-16.0846925669024,19.076540253778,6.52924593608635));
#10969=CARTESIAN_POINT('Ctrl Pts',(-16.1827566657156,19.0224706363979,6.43664090087808));
#10970=CARTESIAN_POINT('Ctrl Pts',(-16.2371823775652,18.9871620427185,6.26498643585322));
#10971=CARTESIAN_POINT('Ctrl Pts',(-16.2204130025912,18.9873700707845,6.08637392775997));
#10972=CARTESIAN_POINT('Ctrl Pts',(-16.1696212104012,19.0085895437556,5.99099134988819));
#10973=CARTESIAN_POINT('Ctrl Pts',(-16.1242118512422,19.029332936549,5.94111756040141));
#10974=CARTESIAN_POINT('Ctrl Pts',(-15.6206832640941,19.1015939908425,5.20548657523833));
#10975=CARTESIAN_POINT('Ctrl Pts',(-15.8074725532451,19.0202696240122,5.40933131439748));
#10976=CARTESIAN_POINT('Ctrl Pts',(-15.9938649948639,18.9369514216936,5.61274297047116));
#10977=CARTESIAN_POINT('Ctrl Pts',(-16.1798950500329,18.8518995679298,5.81575915113147));
#10978=CARTESIAN_POINT('Ctrl Pts',(-15.629222479524,19.1445656929894,5.21480549362938));
#10979=CARTESIAN_POINT('Ctrl Pts',(-15.816190973043,19.0633646530383,5.41884068074567));
#10980=CARTESIAN_POINT('Ctrl Pts',(-16.0027446010639,18.9801633100173,5.62243838079802));
#10981=CARTESIAN_POINT('Ctrl Pts',(-16.1889367231627,18.8952288448484,5.82562640588183));
#10982=CARTESIAN_POINT('Ctrl Pts',(-15.6239333218786,19.2195120557432,5.24955215191051));
#10983=CARTESIAN_POINT('Ctrl Pts',(-15.8110261148176,19.1385181227,5.45408749829098));
#10984=CARTESIAN_POINT('Ctrl Pts',(-15.9977032417545,19.0555235492208,5.65815780363042));
#10985=CARTESIAN_POINT('Ctrl Pts',(-16.1839970245521,18.970785873057,5.86180676202475));
#10986=CARTESIAN_POINT('Ctrl Pts',(-15.5855590817096,19.2662887770834,5.30337735403992));
#10987=CARTESIAN_POINT('Ctrl Pts',(-15.7724404103211,19.1851978256868,5.50840030625857));
#10988=CARTESIAN_POINT('Ctrl Pts',(-15.958900048154,19.1021022507562,5.71293717979621));
#10989=CARTESIAN_POINT('Ctrl Pts',(-16.1449779086891,19.0172676081514,5.91703431076544));
#10990=CARTESIAN_POINT('Ctrl Pts',(-15.5651627383882,19.2786908244242,5.32701498696366));
#10991=CARTESIAN_POINT('Ctrl Pts',(-15.7519201650724,19.1974853466626,5.53219350812132));
#10992=CARTESIAN_POINT('Ctrl Pts',(-15.9382563884212,19.1142790198855,5.73687984865178));
#10993=CARTESIAN_POINT('Ctrl Pts',(-16.1242118512422,19.0293329365491,5.94111756040141));
#10994=CARTESIAN_POINT('',(-15.5651627383882,19.2786908244242,5.32701498696366));
#10995=CARTESIAN_POINT('Ctrl Pts',(-16.1242118512422,19.0293329365491,5.94111756040141));
#10996=CARTESIAN_POINT('Ctrl Pts',(-15.9382563884212,19.1142790198855,5.73687984865178));
#10997=CARTESIAN_POINT('Ctrl Pts',(-15.7519201650724,19.1974853466626,5.53219350812132));
#10998=CARTESIAN_POINT('Ctrl Pts',(-15.5651627383882,19.2786908244242,5.32701498696366));
#10999=CARTESIAN_POINT('Origin',(-15.4732277967321,19.1015939908425,5.34060461676146));
#11000=CARTESIAN_POINT('Ctrl Pts',(-15.4906480596428,19.1796210488529,5.06357805118231));
#11001=CARTESIAN_POINT('Ctrl Pts',(-15.5320346263317,19.1471201325477,5.10874356323998));
#11002=CARTESIAN_POINT('Ctrl Pts',(-15.5757367495023,19.1211628154631,5.15643606177087));
#11003=CARTESIAN_POINT('Ctrl Pts',(-15.6206832640941,19.1015939908425,5.20548657523833));
#11004=CARTESIAN_POINT('Ctrl Pts',(-15.5039656362494,19.2167764801,5.07811163574669));
#11005=CARTESIAN_POINT('Ctrl Pts',(-15.543843777761,19.1864118972481,5.1216124280987));
#11006=CARTESIAN_POINT('Ctrl Pts',(-15.5859294282507,19.1623823449528,5.16758566462818));
#11007=CARTESIAN_POINT('Ctrl Pts',(-15.629222479524,19.1445656929894,5.21480549362938));
#11008=CARTESIAN_POINT('Ctrl Pts',(-15.5094921497182,19.2816277694572,5.11971423967703));
#11009=CARTESIAN_POINT('Ctrl Pts',(-15.545983897741,19.2549615631923,5.16099341356964));
#11010=CARTESIAN_POINT('Ctrl Pts',(-15.5844784025962,19.234318730728,5.20465167980059));
#11011=CARTESIAN_POINT('Ctrl Pts',(-15.6239335825497,19.2195122727165,5.2495519996115));
#11012=CARTESIAN_POINT('Ctrl Pts',(-15.4823687756772,19.3248636011611,5.1756805591322));
#11013=CARTESIAN_POINT('Ctrl Pts',(-15.5152913547965,19.2998574008305,5.21609018310603));
#11014=CARTESIAN_POINT('Ctrl Pts',(-15.549988333195,19.2803734461964,5.25903312169523));
#11015=CARTESIAN_POINT('Ctrl Pts',(-15.5855590817096,19.2662887770834,5.30337735403992));
#11016=CARTESIAN_POINT('Ctrl Pts',(-15.4660922906367,19.3374019560521,5.19961775827488));
#11017=CARTESIAN_POINT('Ctrl Pts',(-15.4976719658204,19.3125687563635,5.23984083105187));
#11018=CARTESIAN_POINT('Ctrl Pts',(-15.5309659341782,19.293041031333,5.28267934250291));
#11019=CARTESIAN_POINT('Ctrl Pts',(-15.5651627383882,19.2786908244242,5.32701498696366));
#11020=CARTESIAN_POINT('',(-15.4660922906367,19.3374019560521,5.19961775827488));
#11021=CARTESIAN_POINT('Ctrl Pts',(-15.5651627383882,19.2786908244242,5.32701498696366));
#11022=CARTESIAN_POINT('Ctrl Pts',(-15.5309659341782,19.293041031333,5.28267934250291));
#11023=CARTESIAN_POINT('Ctrl Pts',(-15.4976719658204,19.3125687563635,5.23984083105187));
#11024=CARTESIAN_POINT('Ctrl Pts',(-15.4660922906367,19.3374019560521,5.19961775827488));
#11025=CARTESIAN_POINT('Origin',(-15.3431925922808,19.1796210488529,5.19869609270544));
#11026=CARTESIAN_POINT('Ctrl Pts',(-15.4660922906367,19.3374019560521,5.19961775827488));
#11027=CARTESIAN_POINT('Ctrl Pts',(-15.310096255099,19.4600720176868,5.00092540752636));
#11028=CARTESIAN_POINT('Ctrl Pts',(-15.2886478243224,19.6367054841865,4.72690694780378));
#11029=CARTESIAN_POINT('Ctrl Pts',(-15.3564470914193,19.8062931199474,4.49217439995638));
#11030=CARTESIAN_POINT('Ctrl Pts',(-15.3567838400612,19.8071315809412,4.49101230737783));
#11031=CARTESIAN_POINT('Ctrl Pts',(-15.3571223730229,19.8079681587457,4.48985438739382));
#11032=CARTESIAN_POINT('Ctrl Pts',(-15.4877942706988,19.3206841495243,5.16770149277255));
#11033=CARTESIAN_POINT('Ctrl Pts',(-15.3287641761724,19.4396827135808,4.9832249154237));
#11034=CARTESIAN_POINT('Ctrl Pts',(-15.2910730781658,19.6250835050886,4.71730412343238));
#11035=CARTESIAN_POINT('Ctrl Pts',(-15.3564766899235,19.806183436684,4.49207939940853));
#11036=CARTESIAN_POINT('Ctrl Pts',(-15.3567976847244,19.8070762789998,4.49096495301648));
#11037=CARTESIAN_POINT('Ctrl Pts',(-15.3571223730229,19.8079681587457,4.48985438739382));
#11038=CARTESIAN_POINT('Ctrl Pts',(-15.5109055992909,19.2725460749687,5.11188390194307));
#11039=CARTESIAN_POINT('Ctrl Pts',(-15.349005029181,19.400154733963,4.94897862315313));
#11040=CARTESIAN_POINT('Ctrl Pts',(-15.2956476411091,19.6052238161013,4.70050417921764));
#11041=CARTESIAN_POINT('Ctrl Pts',(-15.35652684891,19.8059898317896,4.49191298351858));
#11042=CARTESIAN_POINT('Ctrl Pts',(-15.356821912885,19.8069795006022,4.49088208288411));
#11043=CARTESIAN_POINT('Ctrl Pts',(-15.3571223730229,19.8079681587457,4.48985438739382));
#11044=CARTESIAN_POINT('Ctrl Pts',(-15.500636242156,19.2074876222855,5.07447823968066));
#11045=CARTESIAN_POINT('Ctrl Pts',(-15.3440197558247,19.3581757352313,4.91188700273536));
#11046=CARTESIAN_POINT('Ctrl Pts',(-15.3010056320701,19.5855984850979,4.68347132580422));
#11047=CARTESIAN_POINT('Ctrl Pts',(-15.3565734027365,19.8057954042878,4.49174712993819));
#11048=CARTESIAN_POINT('Ctrl Pts',(-15.3568461410456,19.8068827222047,4.49079921275175));
#11049=CARTESIAN_POINT('Ctrl Pts',(-15.3571223730229,19.8079681587457,4.48985438739382));
#11050=CARTESIAN_POINT('Ctrl Pts',(-15.4906480597134,19.1796210488529,5.06357805125935));
#11051=CARTESIAN_POINT('Ctrl Pts',(-15.3373182607763,19.3401677950103,4.89624793803651));
#11052=CARTESIAN_POINT('Ctrl Pts',(-15.3034422056031,19.5771867218095,4.67603358058238));
#11053=CARTESIAN_POINT('Ctrl Pts',(-15.356592707248,19.8057120811259,4.4916764825126));
#11054=CARTESIAN_POINT('Ctrl Pts',(-15.356856524543,19.8068412457486,4.49076369698073));
#11055=CARTESIAN_POINT('Ctrl Pts',(-15.3571223730229,19.8079681587457,4.48985438739382));
#11056=CARTESIAN_POINT('Ctrl Pts',(-15.4660922906367,19.3374019560521,5.19961775827488));
#11057=CARTESIAN_POINT('Ctrl Pts',(-15.310096255099,19.4600720176868,5.00092540752636));
#11058=CARTESIAN_POINT('Ctrl Pts',(-15.2886478243224,19.6367054841865,4.72690694780378));
#11059=CARTESIAN_POINT('Ctrl Pts',(-15.3564470914193,19.8062931199474,4.49217439995638));
#11060=CARTESIAN_POINT('Ctrl Pts',(-15.3567838400612,19.8071315809412,4.49101230737783));
#11061=CARTESIAN_POINT('Ctrl Pts',(-15.3571223730229,19.8079681587457,4.48985438739382));
#11062=CARTESIAN_POINT('Ctrl Pts',(-15.456277595599,19.4200554317948,8.00472580587326));
#11063=CARTESIAN_POINT('Ctrl Pts',(-15.8742705258634,19.213282834089,7.19762573525942));
#11064=CARTESIAN_POINT('Ctrl Pts',(-16.2289122440931,19.0065102363833,6.35772666341451));
#11065=CARTESIAN_POINT('Ctrl Pts',(-16.5158671267094,18.7997376386775,5.49529666099196));
#11066=CARTESIAN_POINT('Ctrl Pts',(-15.1737192708811,19.5684360246257,7.85839031859025));
#11067=CARTESIAN_POINT('Ctrl Pts',(-15.5840708152175,19.36166342692,7.06604495475634));
#11068=CARTESIAN_POINT('Ctrl Pts',(-15.9322292796909,19.1548908292142,6.24150019271887));
#11069=CARTESIAN_POINT('Ctrl Pts',(-16.2139383008507,18.9481182315084,5.39483639112725));
#11070=CARTESIAN_POINT('Ctrl Pts',(-14.8911609461633,19.7168166174566,7.71205483130724));
#11071=CARTESIAN_POINT('Ctrl Pts',(-15.2938711045715,19.5100440197509,6.93446417425326));
#11072=CARTESIAN_POINT('Ctrl Pts',(-15.6355463152888,19.3032714220451,6.12527372202323));
#11073=CARTESIAN_POINT('Ctrl Pts',(-15.9120094749919,19.0964988243394,5.29437612126255));
#11074=CARTESIAN_POINT('Ctrl Pts',(-14.6086026214454,19.8651972102876,7.56571934402423));
#11075=CARTESIAN_POINT('Ctrl Pts',(-15.0036713939256,19.6584246125818,6.80288339375018));
#11076=CARTESIAN_POINT('Ctrl Pts',(-15.3388633508867,19.451652014876,6.00904725132759));
#11077=CARTESIAN_POINT('Ctrl Pts',(-15.6100806491332,19.2448794171703,5.19391585139785));
#11078=CARTESIAN_POINT('Ctrl Pts',(-14.7367503340964,19.79698716203,7.31296379350801));
#11079=CARTESIAN_POINT('Ctrl Pts',(-15.0557997737623,19.6242217161614,6.66999050264267));
#11080=CARTESIAN_POINT('Ctrl Pts',(-15.3327336601862,19.4514562702928,6.0061204681297));
#11081=CARTESIAN_POINT('Ctrl Pts',(-15.5651617229298,19.2786908244242,5.32701457479853));
#11082=CARTESIAN_POINT('Ctrl Pts',(-13.856406460551,20.7550000000324,8.));
#11083=CARTESIAN_POINT('Ctrl Pts',(-14.4941745795649,20.4393227196143,6.89535321442026));
#11084=CARTESIAN_POINT('Ctrl Pts',(-14.9991866246111,20.1236454391962,5.71413976855749));
#11085=CARTESIAN_POINT('Ctrl Pts',(-15.3571223730229,19.8079681587781,4.48985438739382));
#11086=CARTESIAN_POINT('Ctrl Pts',(-13.8564064605457,20.6071503260241,7.99999999999694));
#11087=CARTESIAN_POINT('Ctrl Pts',(-14.4941573230154,20.2914730456061,6.89538310362865));
#11088=CARTESIAN_POINT('Ctrl Pts',(-14.9991963095266,19.975795765188,5.714106642198));
#11089=CARTESIAN_POINT('Ctrl Pts',(-15.357122373017,19.6601184847699,4.4898543873921));
#11090=CARTESIAN_POINT('Ctrl Pts',(-13.9311300014818,20.3118092474417,8.04314165647117));
#11091=CARTESIAN_POINT('Ctrl Pts',(-14.5723441192699,19.9961319670237,6.9325262259318));
#11092=CARTESIAN_POINT('Ctrl Pts',(-15.0800690827471,19.6804546866056,5.74496731611479));
#11093=CARTESIAN_POINT('Ctrl Pts',(-15.4399388352483,19.3647774061875,4.51406685684214));
#11094=CARTESIAN_POINT('Ctrl Pts',(-14.1313594184799,20.1087934757645,8.15874416427473));
#11095=CARTESIAN_POINT('Ctrl Pts',(-14.7817733802608,19.7931161953464,7.032194136518));
#11096=CARTESIAN_POINT('Ctrl Pts',(-15.2968210701287,19.4774389149284,5.82750751072312));
#11097=CARTESIAN_POINT('Ctrl Pts',(-15.6618540676192,19.1617616345103,4.57894666019908));
#11098=CARTESIAN_POINT('Ctrl Pts',(-14.2474044937274,20.0463095035362,8.22574281970697));
#11099=CARTESIAN_POINT('Ctrl Pts',(-14.9031690594295,19.7306322231182,7.08992527410761));
#11100=CARTESIAN_POINT('Ctrl Pts',(-15.4224314598549,19.4149549427001,5.87538052150173));
#11101=CARTESIAN_POINT('Ctrl Pts',(-15.7904673864068,19.099277662282,4.61654843607932));
#11102=CARTESIAN_POINT('Ctrl Pts',(13.8400604535663,3.77791106098319,-8.25355924154646));
#11103=CARTESIAN_POINT('Ctrl Pts',(13.9047726272385,3.9095015588331,-8.29972221084851));
#11104=CARTESIAN_POINT('Ctrl Pts',(14.0047368033989,4.01723474990707,-8.36389537807004));
#11105=CARTESIAN_POINT('Ctrl Pts',(14.1239166157171,4.08238481250962,-8.43601559838019));
#11106=CARTESIAN_POINT('Ctrl Pts',(13.8620074238919,3.77525446303299,-8.22424469062258));
#11107=CARTESIAN_POINT('Ctrl Pts',(13.9276951288746,3.90519496599943,-8.27026041127223));
#11108=CARTESIAN_POINT('Ctrl Pts',(14.0275713032351,4.01084856210536,-8.33394494082149));
#11109=CARTESIAN_POINT('Ctrl Pts',(14.1457516083198,4.07473040444408,-8.40527950021816));
#11110=CARTESIAN_POINT('Ctrl Pts',(13.8972693629552,3.78151216211369,-8.14267912278811));
#11111=CARTESIAN_POINT('Ctrl Pts',(13.9671786267007,3.91214527431581,-8.18820396329301));
#11112=CARTESIAN_POINT('Ctrl Pts',(14.0702145013575,4.0169657328222,-8.25165451461302));
#11113=CARTESIAN_POINT('Ctrl Pts',(14.1902367121153,4.08038297492033,-8.32299827768791));
#11114=CARTESIAN_POINT('Ctrl Pts',(13.8824785951368,3.81492104247079,-8.05890404459616));
#11115=CARTESIAN_POINT('Ctrl Pts',(13.9591109498742,3.95641213933815,-8.10505578067221));
#11116=CARTESIAN_POINT('Ctrl Pts',(14.0716983800281,4.07043057002575,-8.17157446743179));
#11117=CARTESIAN_POINT('Ctrl Pts',(14.202240220501,4.13928329522319,-8.24770254930125));
#11118=CARTESIAN_POINT('Ctrl Pts',(13.8596087601596,3.83816907080312,-8.02239283310471));
#11119=CARTESIAN_POINT('Ctrl Pts',(13.9400078590527,3.98756307475312,-8.0697219721832));
#11120=CARTESIAN_POINT('Ctrl Pts',(14.058641327319,4.108311244597,-8.13891919845948));
#11121=CARTESIAN_POINT('Ctrl Pts',(14.1964528298558,4.18129699318411,-8.21884806542321));
#11122=CARTESIAN_POINT('Ctrl Pts',(13.8417338840827,3.78129284723752,-8.25475142188657));
#11123=CARTESIAN_POINT('Ctrl Pts',(13.9064893902122,3.91134708603436,-8.30082398377295));
#11124=CARTESIAN_POINT('Ctrl Pts',(14.0057593442431,4.01779372544761,-8.36451415628024));
#11125=CARTESIAN_POINT('Ctrl Pts',(14.1239166157171,4.08238481250962,-8.43601559838019));
#11126=CARTESIAN_POINT('Ctrl Pts',(16.1070119117052,5.14039248910807,-9.57498599825259));
#11127=CARTESIAN_POINT('Ctrl Pts',(16.2260548711342,5.20265017173221,-9.6402261046555));
#11128=CARTESIAN_POINT('Ctrl Pts',(16.4358202872134,5.40569828303361,-9.74972460499168));
#11129=CARTESIAN_POINT('Ctrl Pts',(16.5216769987953,5.7061240564026,-9.78132158897323));
#11130=CARTESIAN_POINT('Ctrl Pts',(16.5257138940253,5.85668261172431,-9.77449642144393));
#11131=CARTESIAN_POINT('Ctrl Pts',(16.1400246637276,5.13006838429989,-9.52737829281031));
#11132=CARTESIAN_POINT('Ctrl Pts',(16.2603172398314,5.19419887173041,-9.59371090809911));
#11133=CARTESIAN_POINT('Ctrl Pts',(16.470163041839,5.40262350609627,-9.70456814197148));
#11134=CARTESIAN_POINT('Ctrl Pts',(16.551022394209,5.70593606277834,-9.73590675054781));
#11135=CARTESIAN_POINT('Ctrl Pts',(16.5525483287671,5.85668261172431,-9.72912751731525));
#11136=CARTESIAN_POINT('Ctrl Pts',(16.1911329421756,5.15897385361237,-9.41205627115175));
#11137=CARTESIAN_POINT('Ctrl Pts',(16.3053559250206,5.22147969056512,-9.47680285080371));
#11138=CARTESIAN_POINT('Ctrl Pts',(16.501533818834,5.4245262568197,-9.58616263903008));
#11139=CARTESIAN_POINT('Ctrl Pts',(16.5703486468734,5.71421147760934,-9.62035510954066));
#11140=CARTESIAN_POINT('Ctrl Pts',(16.5681562211513,5.85668261172431,-9.61638963604405));
#11141=CARTESIAN_POINT('Ctrl Pts',(16.1763113967699,5.26502954898006,-9.33939773942028));
#11142=CARTESIAN_POINT('Ctrl Pts',(16.2732072173972,5.31747882822005,-9.39536817063376));
#11143=CARTESIAN_POINT('Ctrl Pts',(16.4400397771738,5.4877561031188,-9.49163828402044));
#11144=CARTESIAN_POINT('Ctrl Pts',(16.5003980102495,5.73412513166613,-9.52645845196665));
#11145=CARTESIAN_POINT('Ctrl Pts',(16.499219899243,5.85668261172431,-9.52582905024676));
#11146=CARTESIAN_POINT('Ctrl Pts',(16.154877365705,5.31841836463225,-9.32702279581517));
#11147=CARTESIAN_POINT('Ctrl Pts',(16.2432770902728,5.36573819917974,-9.37806040059069));
#11148=CARTESIAN_POINT('Ctrl Pts',(16.3961534525465,5.51952364980245,-9.46632360950215));
#11149=CARTESIAN_POINT('Ctrl Pts',(16.4535710409625,5.74417254485699,-9.49947366963033));
#11150=CARTESIAN_POINT('Ctrl Pts',(16.4535710409625,5.85668261172431,-9.49947366963033));
#11151=CARTESIAN_POINT('',(16.5257138940253,5.85668261172431,-9.77449642144393));
#11152=CARTESIAN_POINT('Origin',(16.3535710409625,5.85668261172431,-9.67267875038722));
#11153=CARTESIAN_POINT('Ctrl Pts',(16.1070119117052,5.14039248910807,-9.57498599825259));
#11154=CARTESIAN_POINT('Ctrl Pts',(16.2260548711342,5.20265017173221,-9.6402261046555));
#11155=CARTESIAN_POINT('Ctrl Pts',(16.4358202872134,5.40569828303361,-9.74972460499168));
#11156=CARTESIAN_POINT('Ctrl Pts',(16.5216769987953,5.7061240564026,-9.78132158897323));
#11157=CARTESIAN_POINT('Ctrl Pts',(16.5257138940253,5.85668261172431,-9.77449642144393));
#11158=CARTESIAN_POINT('Ctrl Pts',(16.5257138940253,5.85668261172431,-9.77449642144393));
#11159=CARTESIAN_POINT('Ctrl Pts',(16.5297573232659,6.00748485709669,-9.76766020688102));
#11160=CARTESIAN_POINT('Ctrl Pts',(16.4597986543394,6.3082029428413,-9.70874043829885));
#11161=CARTESIAN_POINT('Ctrl Pts',(16.2610842783107,6.51179956461717,-9.58098630516914));
#11162=CARTESIAN_POINT('Ctrl Pts',(16.1454995859961,6.57451398864296,-9.50994388569909));
#11163=CARTESIAN_POINT('Ctrl Pts',(16.5525483287671,5.85668261172431,-9.72912751731525));
#11164=CARTESIAN_POINT('Ctrl Pts',(16.5540776343575,6.0076725769218,-9.72233651733183));
#11165=CARTESIAN_POINT('Ctrl Pts',(16.4794045747086,6.3059464545221,-9.66405196644827));
#11166=CARTESIAN_POINT('Ctrl Pts',(16.2801056800819,6.50542857060266,-9.53865880277617));
#11167=CARTESIAN_POINT('Ctrl Pts',(16.1650630265293,6.5667989564872,-9.46883574570018));
#11168=CARTESIAN_POINT('Ctrl Pts',(16.5680585228789,5.85668261172431,-9.61641526385871));
#11169=CARTESIAN_POINT('Ctrl Pts',(16.5658614563185,5.9993858841112,-9.61244342533467));
#11170=CARTESIAN_POINT('Ctrl Pts',(16.4884692914455,6.27908968951125,-9.56259968616522));
#11171=CARTESIAN_POINT('Ctrl Pts',(16.2978143230362,6.46468784448246,-9.44917678063312));
#11172=CARTESIAN_POINT('Ctrl Pts',(16.1889639704482,6.52171425500826,-9.3852271463635));
#11173=CARTESIAN_POINT('Ctrl Pts',(16.499219899243,5.85668261172431,-9.52582905024676));
#11174=CARTESIAN_POINT('Ctrl Pts',(16.4980409305373,5.97943629124402,-9.52519932853783));
#11175=CARTESIAN_POINT('Ctrl Pts',(16.4330906325498,6.22266868575689,-9.48768604870569));
#11176=CARTESIAN_POINT('Ctrl Pts',(16.2672335453526,6.38744424074702,-9.39187551590867));
#11177=CARTESIAN_POINT('Ctrl Pts',(16.1718314995058,6.4383076328464,-9.33681126952896));
#11178=CARTESIAN_POINT('Ctrl Pts',(16.4535710409625,5.85668261172431,-9.49947366963033));
#11179=CARTESIAN_POINT('Ctrl Pts',(16.4535710409625,5.96937478437657,-9.49947366963033));
#11180=CARTESIAN_POINT('Ctrl Pts',(16.3960077730974,6.1943170804207,-9.46623950143299));
#11181=CARTESIAN_POINT('Ctrl Pts',(16.2432660513012,6.34870967179639,-9.37805402723743));
#11182=CARTESIAN_POINT('Ctrl Pts',(16.154877365705,6.39648811311878,-9.32702279581517));
#11183=CARTESIAN_POINT('Ctrl Pts',(16.5257138940253,5.85668261172431,-9.77449642144393));
#11184=CARTESIAN_POINT('Ctrl Pts',(16.5297573232659,6.00748485709669,-9.76766020688102));
#11185=CARTESIAN_POINT('Ctrl Pts',(16.4597986543394,6.3082029428413,-9.70874043829885));
#11186=CARTESIAN_POINT('Ctrl Pts',(16.2610842783107,6.51179956461717,-9.58098630516914));
#11187=CARTESIAN_POINT('Ctrl Pts',(16.1454995859961,6.57451398864296,-9.50994388569909));
#11188=CARTESIAN_POINT('Ctrl Pts',(3.89022617183032,11.4891427780625,-15.5198627678213));
#11189=CARTESIAN_POINT('Ctrl Pts',(6.25987791155978,10.8845441536773,-14.9258832105322));
#11190=CARTESIAN_POINT('Ctrl Pts',(10.1614052247383,9.82649656100317,-12.9199000417241));
#11191=CARTESIAN_POINT('Ctrl Pts',(12.9402958833457,8.76844896832903,-9.58675006507093));
#11192=CARTESIAN_POINT('Ctrl Pts',(13.856406460551,8.31500000004012,-8.));
#11193=CARTESIAN_POINT('Ctrl Pts',(3.89022617182848,11.3412931040501,-15.519862767814));
#11194=CARTESIAN_POINT('Ctrl Pts',(6.25981379421012,10.7366944796649,-14.925899282251));
#11195=CARTESIAN_POINT('Ctrl Pts',(10.1614168387948,9.67864688699077,-12.9198694956443));
#11196=CARTESIAN_POINT('Ctrl Pts',(12.9403206711927,8.62059929431663,-9.58670713124521));
#11197=CARTESIAN_POINT('Ctrl Pts',(13.8564064605445,8.16715032602771,-7.99999999999621));
#11198=CARTESIAN_POINT('Ctrl Pts',(3.91119844299049,11.0459347873002,-15.6035305948213));
#11199=CARTESIAN_POINT('Ctrl Pts',(6.29365392242859,10.441336162915,-15.0063416378063));
#11200=CARTESIAN_POINT('Ctrl Pts',(10.2161802853099,9.38328857024086,-12.9895652010593));
#11201=CARTESIAN_POINT('Ctrl Pts',(13.0100460477978,8.32524097756672,-9.63845174531238));
#11202=CARTESIAN_POINT('Ctrl Pts',(13.9311065681439,7.8717920092778,-8.04312812722722));
#11203=CARTESIAN_POINT('Ctrl Pts',(3.96742000964375,10.8429362537784,-15.8278237234236));
#11204=CARTESIAN_POINT('Ctrl Pts',(6.38405785987449,10.2383376293932,-15.2220665750875));
#11205=CARTESIAN_POINT('Ctrl Pts',(10.3630445257954,9.18029003671906,-13.1762532389643));
#11206=CARTESIAN_POINT('Ctrl Pts',(13.1970839472234,8.12224244404492,-9.77695674877746));
#11207=CARTESIAN_POINT('Ctrl Pts',(14.131359418489,7.668793475756,-8.15874416427999));
#11208=CARTESIAN_POINT('Ctrl Pts',(4.,10.7804522815513,-15.9577999656707));
#11209=CARTESIAN_POINT('Ctrl Pts',(6.43651822291303,10.1758536571661,-15.3470595808671));
#11210=CARTESIAN_POINT('Ctrl Pts',(10.4481382582005,9.11780606449197,-13.2844718749556));
#11211=CARTESIAN_POINT('Ctrl Pts',(13.305443243427,8.05975847181784,-9.85726756401973));
#11212=CARTESIAN_POINT('Ctrl Pts',(14.247404493741,7.60630950352892,-8.22574281971482));
#11213=CARTESIAN_POINT('Ctrl Pts',(4.79440356098028,10.5819678299761,-15.7370583222015));
#11214=CARTESIAN_POINT('Ctrl Pts',(6.93371121643709,10.0435306894493,-15.0837695323118));
#11215=CARTESIAN_POINT('Ctrl Pts',(10.5795601316713,9.06433495190674,-13.0959255102774));
#11216=CARTESIAN_POINT('Ctrl Pts',(13.2367353505955,8.08513921436415,-9.93928398979227));
#11217=CARTESIAN_POINT('Ctrl Pts',(14.1676559115013,7.64438061734839,-8.36233969876025));
#11218=CARTESIAN_POINT('Ctrl Pts',(3.99999999999999,9.83486902819828,-18.3061790002869));
#11219=CARTESIAN_POINT('Ctrl Pts',(6.17601166612528,9.36418005697413,-17.8307085777392));
#11220=CARTESIAN_POINT('Ctrl Pts',(11.0551100193063,8.26590579078447,-15.8082061261366));
#11221=CARTESIAN_POINT('Ctrl Pts',(14.7427643233056,7.16763152459482,-11.940972366806));
#11222=CARTESIAN_POINT('Ctrl Pts',(16.2276659502502,6.5400462296293,-9.36904730469628));
#11223=CARTESIAN_POINT('Ctrl Pts',(3.8372933842247,10.1902901195006,-17.5615448920586));
#11224=CARTESIAN_POINT('Ctrl Pts',(5.92479217682929,9.71960114827645,-17.1054150153493));
#11225=CARTESIAN_POINT('Ctrl Pts',(10.6054251347401,8.62132688208679,-15.1651811960712));
#11226=CARTESIAN_POINT('Ctrl Pts',(14.1430780007512,7.52305261589713,-11.4552535660887));
#11227=CARTESIAN_POINT('Ctrl Pts',(15.5675787980759,6.89546732093161,-8.98794580969984));
#11228=CARTESIAN_POINT('Ctrl Pts',(3.67458676844941,10.5457112108029,-16.8169107838303));
#11229=CARTESIAN_POINT('Ctrl Pts',(5.67357268753329,10.0750222395788,-16.3801214529595));
#11230=CARTESIAN_POINT('Ctrl Pts',(10.1557402501739,8.97674797338911,-14.5221562660057));
#11231=CARTESIAN_POINT('Ctrl Pts',(13.5433916781967,7.87847370719945,-10.9695347653714));
#11232=CARTESIAN_POINT('Ctrl Pts',(14.9074916459016,7.25088841223393,-8.60684431470341));
#11233=CARTESIAN_POINT('Ctrl Pts',(3.51188015267412,10.9011323021052,-16.0722766756019));
#11234=CARTESIAN_POINT('Ctrl Pts',(5.42235319823731,10.4304433308811,-15.6548278905697));
#11235=CARTESIAN_POINT('Ctrl Pts',(9.70605536560767,9.33216906469142,-13.8791313359402));
#11236=CARTESIAN_POINT('Ctrl Pts',(12.9437053556423,8.23389479850176,-10.483815964654));
#11237=CARTESIAN_POINT('Ctrl Pts',(14.2474044937274,7.60630950353624,-8.22574281970697));
#11238=CARTESIAN_POINT('Ctrl Pts',(4.77257046773705,9.66692710924487,-18.1200136716595));
#11239=CARTESIAN_POINT('Ctrl Pts',(6.67030569278607,9.25221877767187,-17.6197360068871));
#11240=CARTESIAN_POINT('Ctrl Pts',(11.1926692740184,8.22141440413789,-15.6332290150369));
#11241=CARTESIAN_POINT('Ctrl Pts',(14.6654794498251,7.19061003060393,-12.0216822007536));
#11242=CARTESIAN_POINT('Ctrl Pts',(16.1454890320365,6.57451398864297,-9.50993507973682));
#11243=CARTESIAN_POINT('Ctrl Pts',(3.99999999999999,9.13062634552088,-18.7787113508888));
#11244=CARTESIAN_POINT('Ctrl Pts',(6.24627446687663,8.65696543901789,-18.3002388029266));
#11245=CARTESIAN_POINT('Ctrl Pts',(11.2868466457419,7.55175665717759,-16.2352054543334));
#11246=CARTESIAN_POINT('Ctrl Pts',(15.0965755991822,6.44654787533729,-12.2519640419119));
#11247=CARTESIAN_POINT('Ctrl Pts',(16.6276877526612,5.81499999999998,-9.6));
#11248=CARTESIAN_POINT('Ctrl Pts',(3.99999999999999,9.28188821402705,-18.7787113508888));
#11249=CARTESIAN_POINT('Ctrl Pts',(6.24632628500018,8.80822730752407,-18.3002277652952));
#11250=CARTESIAN_POINT('Ctrl Pts',(11.2868788443904,7.70301852568377,-16.2352021917824));
#11251=CARTESIAN_POINT('Ctrl Pts',(15.0965402787617,6.59780974384347,-12.2520252186748));
#11252=CARTESIAN_POINT('Ctrl Pts',(16.6276877526612,5.96626186850615,-9.6));
#11253=CARTESIAN_POINT('Ctrl Pts',(3.9816138004148,9.58405870953489,-18.6923940671763));
#11254=CARTESIAN_POINT('Ctrl Pts',(6.21754058759632,9.1103978030319,-18.2161256490932));
#11255=CARTESIAN_POINT('Ctrl Pts',(11.2349520693058,8.0051890211916,-16.1605809432417));
#11256=CARTESIAN_POINT('Ctrl Pts',(15.0271988183803,6.89998023935131,-12.1956206351085));
#11257=CARTESIAN_POINT('Ctrl Pts',(16.5512577562461,6.26843236401399,-9.55587312099554));
#11258=CARTESIAN_POINT('Ctrl Pts',(3.93233008722945,9.79174654721447,-18.4610229111244));
#11259=CARTESIAN_POINT('Ctrl Pts',(6.14063149056528,9.31808564071148,-17.9906388976375));
#11260=CARTESIAN_POINT('Ctrl Pts',(11.0959192088371,8.21287685887118,-15.9605449423382));
#11261=CARTESIAN_POINT('Ctrl Pts',(14.8411603645535,7.10766807703088,-12.0447250427187));
#11262=CARTESIAN_POINT('Ctrl Pts',(16.3463892077116,6.47612020169357,-9.43759220935071));
#11263=CARTESIAN_POINT('Ctrl Pts',(3.90376971029011,9.8556725751502,-18.3269411424702));
#11264=CARTESIAN_POINT('Ctrl Pts',(6.09600426648789,9.38201166864721,-17.8599794824852));
#11265=CARTESIAN_POINT('Ctrl Pts',(11.0153125150842,8.27680288680691,-15.8446258232409));
#11266=CARTESIAN_POINT('Ctrl Pts',(14.7333886382981,7.17159410496661,-11.9572115295949));
#11267=CARTESIAN_POINT('Ctrl Pts',(16.2276659502502,6.5400462296293,-9.36904730469628));
#11268=CARTESIAN_POINT('Ctrl Pts',(4.74838636961015,8.97209944050501,-18.6034699397769));
#11269=CARTESIAN_POINT('Ctrl Pts',(6.72546098431447,8.55128083567398,-18.0983868228338));
#11270=CARTESIAN_POINT('Ctrl Pts',(11.4063695568287,7.51280855941375,-16.0718721843857));
#11271=CARTESIAN_POINT('Ctrl Pts',(15.0005925620602,6.47433628315351,-12.3518120358765));
#11272=CARTESIAN_POINT('Ctrl Pts',(16.5256980206542,5.85668261172431,-9.77448314555688));
#11273=CARTESIAN_POINT('Ctrl Pts',(3.9037697102901,8.40558011589156,-18.3269411424702));
#11274=CARTESIAN_POINT('Ctrl Pts',(6.09600426648788,7.93191920938857,-17.8599794824852));
#11275=CARTESIAN_POINT('Ctrl Pts',(11.0153149050464,6.82671042754827,-15.8446294533003));
#11276=CARTESIAN_POINT('Ctrl Pts',(14.7333886382981,5.72150164570797,-11.9572115295949));
#11277=CARTESIAN_POINT('Ctrl Pts',(16.2276659502502,5.08995377037065,-9.36904730469628));
#11278=CARTESIAN_POINT('Ctrl Pts',(3.93233008722945,8.46950614382729,-18.4610229111244));
#11279=CARTESIAN_POINT('Ctrl Pts',(6.14063149056528,7.9958452373243,-17.9906388976375));
#11280=CARTESIAN_POINT('Ctrl Pts',(11.0959215350836,6.890636455484,-15.9605485543017));
#11281=CARTESIAN_POINT('Ctrl Pts',(14.8411603645535,5.7854276736437,-12.0447250427187));
#11282=CARTESIAN_POINT('Ctrl Pts',(16.3463892077116,5.15387979830638,-9.43759220935071));
#11283=CARTESIAN_POINT('Ctrl Pts',(3.98161395849628,8.67719349810359,-18.6923948093179));
#11284=CARTESIAN_POINT('Ctrl Pts',(6.21754074567779,8.20353259160061,-18.2161263912349));
#11285=CARTESIAN_POINT('Ctrl Pts',(11.234954962978,7.09832380976031,-16.1605853287273));
#11286=CARTESIAN_POINT('Ctrl Pts',(15.0271994755127,5.99311502792001,-12.1956210145041));
#11287=CARTESIAN_POINT('Ctrl Pts',(16.5512584133785,5.36156715258269,-9.55587350039111));
#11288=CARTESIAN_POINT('Ctrl Pts',(3.99999999999998,8.9793644770147,-18.7787113508888));
#11289=CARTESIAN_POINT('Ctrl Pts',(6.24632628500018,8.50570357051172,-18.3002277652952));
#11290=CARTESIAN_POINT('Ctrl Pts',(11.2868811442472,7.40049478867142,-16.2352058293765));
#11291=CARTESIAN_POINT('Ctrl Pts',(15.0965402787617,6.29528600683112,-12.2520252186748));
#11292=CARTESIAN_POINT('Ctrl Pts',(16.6276877526612,5.6637381314938,-9.6));
#11293=CARTESIAN_POINT('Ctrl Pts',(3.99999999999998,9.13062634552088,-18.7787113508888));
#11294=CARTESIAN_POINT('Ctrl Pts',(6.24627446687663,8.65696543901789,-18.3002388029266));
#11295=CARTESIAN_POINT('Ctrl Pts',(11.2868490946181,7.55175665717759,-16.235209173876));
#11296=CARTESIAN_POINT('Ctrl Pts',(15.0965755991822,6.44654787533729,-12.2519640419119));
#11297=CARTESIAN_POINT('Ctrl Pts',(16.6276877526612,5.81499999999998,-9.6));
#11298=CARTESIAN_POINT('Ctrl Pts',(4.55100242640253,8.26517724668784,-18.1769546487862));
#11299=CARTESIAN_POINT('Ctrl Pts',(6.51047459334865,7.83831729658609,-17.685939309865));
#11300=CARTESIAN_POINT('Ctrl Pts',(11.0986989022943,6.79672237739283,-15.7118779243657));
#11301=CARTESIAN_POINT('Ctrl Pts',(14.6199888113142,5.75512745819957,-12.075052410628));
#11302=CARTESIAN_POINT('Ctrl Pts',(16.1069894449577,5.14039248910806,-9.57496719714856));
#11303=CARTESIAN_POINT('Ctrl Pts',(3.51188015267412,7.31851329503269,-16.0722766756019));
#11304=CARTESIAN_POINT('Ctrl Pts',(5.42235319823731,6.84782432380855,-15.6548278905697));
#11305=CARTESIAN_POINT('Ctrl Pts',(9.70606722424012,5.74955005761889,-13.8791492334811));
#11306=CARTESIAN_POINT('Ctrl Pts',(12.9437053556423,4.65127579142923,-10.483815964654));
#11307=CARTESIAN_POINT('Ctrl Pts',(14.2474044937274,4.02369049646371,-8.22574281970697));
#11308=CARTESIAN_POINT('Ctrl Pts',(3.67458676844941,7.67393438633501,-16.8169107838303));
#11309=CARTESIAN_POINT('Ctrl Pts',(5.6735726875333,7.20324541511087,-16.3801214529595));
#11310=CARTESIAN_POINT('Ctrl Pts',(10.1557526582208,6.10497114892121,-14.5221749927458));
#11311=CARTESIAN_POINT('Ctrl Pts',(13.5433916781967,5.00669688273155,-10.9695347653714));
#11312=CARTESIAN_POINT('Ctrl Pts',(14.9074916459016,4.37911158776603,-8.60684431470341));
#11313=CARTESIAN_POINT('Ctrl Pts',(3.8372933842247,8.02935547763732,-17.5615448920586));
#11314=CARTESIAN_POINT('Ctrl Pts',(5.92479217682929,7.55866650641318,-17.1054150153494));
#11315=CARTESIAN_POINT('Ctrl Pts',(10.6054380922016,6.46039224022353,-15.1652007520105));
#11316=CARTESIAN_POINT('Ctrl Pts',(14.1430780007512,5.36211797403386,-11.4552535660887));
#11317=CARTESIAN_POINT('Ctrl Pts',(15.5675787980759,4.73453267906834,-8.98794580969984));
#11318=CARTESIAN_POINT('Ctrl Pts',(3.99999999999999,8.38477656893964,-18.3061790002869));
#11319=CARTESIAN_POINT('Ctrl Pts',(6.17601166612528,7.9140875977155,-17.8307085777392));
#11320=CARTESIAN_POINT('Ctrl Pts',(11.0551235261823,6.81581333152584,-15.8082265112752));
#11321=CARTESIAN_POINT('Ctrl Pts',(14.7427643233056,5.71753906533618,-11.940972366806));
#11322=CARTESIAN_POINT('Ctrl Pts',(16.2276659502502,5.08995377037066,-9.36904730469628));
#11323=CARTESIAN_POINT('Ctrl Pts',(4.54555629117872,7.06184790449445,-15.8108676150751));
#11324=CARTESIAN_POINT('Ctrl Pts',(6.08340449606913,6.67671406344972,-15.3683499346493));
#11325=CARTESIAN_POINT('Ctrl Pts',(9.8834190763324,5.68355969945478,-13.6485338549939));
#11326=CARTESIAN_POINT('Ctrl Pts',(12.8280221466362,4.69040533545984,-10.6042716197668));
#11327=CARTESIAN_POINT('Ctrl Pts',(14.1238904651901,4.08238481250962,-8.43599375106655));
#11328=CARTESIAN_POINT('Ctrl Pts',(4.,7.19783327450994,-15.957799965703));
#11329=CARTESIAN_POINT('Ctrl Pts',(5.82738866718956,6.74438430622075,-15.4997446771));
#11330=CARTESIAN_POINT('Ctrl Pts',(9.90717350652709,5.68633671354599,-13.6927139026316));
#11331=CARTESIAN_POINT('Ctrl Pts',(12.991456160013,4.62828912087122,-10.4011091454758));
#11332=CARTESIAN_POINT('Ctrl Pts',(14.2474044937681,4.02369049648564,-8.22574281973048));
#11333=CARTESIAN_POINT('Ctrl Pts',(3.96742000964334,7.13534930228917,-15.827823723454));
#11334=CARTESIAN_POINT('Ctrl Pts',(5.77989839732096,6.68190033399999,-15.3735058622017));
#11335=CARTESIAN_POINT('Ctrl Pts',(9.82646304277684,5.62385274132522,-13.5811888948227));
#11336=CARTESIAN_POINT('Ctrl Pts',(12.8856587901573,4.56580514865045,-10.3163609436298));
#11337=CARTESIAN_POINT('Ctrl Pts',(14.1313594185145,3.96120652426487,-8.15874416429469));
#11338=CARTESIAN_POINT('Ctrl Pts',(3.91119548302215,6.93235852444738,-15.6035187862072));
#11339=CARTESIAN_POINT('Ctrl Pts',(5.69803709260441,6.47890955615819,-15.1556270684459));
#11340=CARTESIAN_POINT('Ctrl Pts',(9.68723762389458,5.42086196348342,-13.3887183332983));
#11341=CARTESIAN_POINT('Ctrl Pts',(12.7030153314067,4.36281437080866,-10.170220197709));
#11342=CARTESIAN_POINT('Ctrl Pts',(13.9310960252038,3.75821574642307,-8.04312204025794));
#11343=CARTESIAN_POINT('Ctrl Pts',(3.89022617182292,6.63699245203575,-15.5198627678232));
#11344=CARTESIAN_POINT('Ctrl Pts',(5.66741688861126,6.18354348374656,-15.0743901536513));
#11345=CARTESIAN_POINT('Ctrl Pts',(9.63525602620715,5.1254958910718,-13.3169423762743));
#11346=CARTESIAN_POINT('Ctrl Pts',(12.6349587414141,4.06744829839703,-10.1156095083343));
#11347=CARTESIAN_POINT('Ctrl Pts',(13.856406460551,3.46284967401145,-8.));
#11348=CARTESIAN_POINT('Ctrl Pts',(3.89022617182292,6.48914277802428,-15.5198627678232));
#11349=CARTESIAN_POINT('Ctrl Pts',(5.66746497662128,6.03569380973509,-15.0743780998569));
#11350=CARTESIAN_POINT('Ctrl Pts',(9.63528641597059,4.97764621706032,-13.3169384968253));
#11351=CARTESIAN_POINT('Ctrl Pts',(12.6349256909432,3.91959862438556,-10.1156667534292));
#11352=CARTESIAN_POINT('Ctrl Pts',(13.856406460551,3.31499999999997,-8.));
#11353=CARTESIAN_POINT('Ctrl Pts',(4.77921801715336,6.26054203839558,-15.269410731495));
#11354=CARTESIAN_POINT('Ctrl Pts',(6.23396561840589,5.88329331664929,-14.8137487149366));
#11355=CARTESIAN_POINT('Ctrl Pts',(9.50131738704689,4.99644597051743,-13.2535175095555));
#11356=CARTESIAN_POINT('Ctrl Pts',(12.0884569625589,4.10959862438557,-10.6788984515126));
#11357=CARTESIAN_POINT('Ctrl Pts',(13.2448146183419,3.59999999999999,-8.97536908582486));
#11358=CARTESIAN_POINT('Ctrl Pts',(-18.3116632333191,16.3030180805385,3.97481813672725));
#11359=CARTESIAN_POINT('Ctrl Pts',(-18.8332503494479,15.7834049703422,1.5719087987788));
#11360=CARTESIAN_POINT('Ctrl Pts',(-18.9172629776976,14.7441787499496,-3.44059118146838));
#11361=CARTESIAN_POINT('Ctrl Pts',(-16.1526111653504,13.1853394193608,-10.435279964946));
#11362=CARTESIAN_POINT('Ctrl Pts',(-10.9126487223594,11.6265000887719,-15.8308118587694));
#11363=CARTESIAN_POINT('Ctrl Pts',(-6.30868385960363,10.5872738683794,-17.8146772060634));
#11364=CARTESIAN_POINT('Ctrl Pts',(-3.90376971029011,10.0676607581831,-18.3269411424702));
#11365=CARTESIAN_POINT('Ctrl Pts',(-18.4456332272333,16.3669441084742,4.00389831119323));
#11366=CARTESIAN_POINT('Ctrl Pts',(-18.9710430458372,15.8473309982779,1.58337809446803));
#11367=CARTESIAN_POINT('Ctrl Pts',(-19.0556700909955,14.8081047778854,-3.46576726852038));
#11368=CARTESIAN_POINT('Ctrl Pts',(-16.2708166794851,13.2492654472965,-10.5116457995945));
#11369=CARTESIAN_POINT('Ctrl Pts',(-10.9924934250519,11.6904261167077,-15.9466358106216));
#11370=CARTESIAN_POINT('Ctrl Pts',(-6.35486980854571,10.6511998963151,-17.9450046016568));
#11371=CARTESIAN_POINT('Ctrl Pts',(-3.93233008722946,10.1315867861188,-18.4610229111244));
#11372=CARTESIAN_POINT('Ctrl Pts',(-18.6767960637744,16.5746420124337,4.05407563389263));
#11373=CARTESIAN_POINT('Ctrl Pts',(-19.2087786481671,16.0550289022374,1.60327522081732));
#11374=CARTESIAN_POINT('Ctrl Pts',(-19.2944666475942,15.0158026818449,-3.50919303614912));
#11375=CARTESIAN_POINT('Ctrl Pts',(-16.4746696874271,13.456963351256,-10.6433435906077));
#11376=CARTESIAN_POINT('Ctrl Pts',(-11.1302410226848,11.8981240206672,-16.1464737251521));
#11377=CARTESIAN_POINT('Ctrl Pts',(-6.43445568980382,10.8588978002746,-18.169905023525));
#11378=CARTESIAN_POINT('Ctrl Pts',(-3.98161050856181,10.3392846900783,-18.692378612987));
#11379=CARTESIAN_POINT('Ctrl Pts',(-18.7630568320161,16.8768024416616,4.07279981321629));
#11380=CARTESIAN_POINT('Ctrl Pts',(-19.2975137155485,16.3571893314654,1.61060050564409));
#11381=CARTESIAN_POINT('Ctrl Pts',(-19.3835968875139,15.3179631110728,-3.52541186208483));
#11382=CARTESIAN_POINT('Ctrl Pts',(-16.550840382924,13.7591237804839,-10.6925531285888));
#11383=CARTESIAN_POINT('Ctrl Pts',(-11.1816643374678,12.2002844498951,-16.2210585270866));
#11384=CARTESIAN_POINT('Ctrl Pts',(-6.46425358614065,11.1610582295025,-18.2538076894831));
#11385=CARTESIAN_POINT('Ctrl Pts',(-4.,10.6414451193062,-18.7787113508888));
#11386=CARTESIAN_POINT('Ctrl Pts',(-18.7630568320161,17.0280643101678,4.07279981321629));
#11387=CARTESIAN_POINT('Ctrl Pts',(-19.2975013867283,16.5084511999715,1.61065730351392));
#11388=CARTESIAN_POINT('Ctrl Pts',(-19.3835849771904,15.469224979579,-3.5254038396775));
#11389=CARTESIAN_POINT('Ctrl Pts',(-16.5507828218176,13.9103856489901,-10.692515941644));
#11390=CARTESIAN_POINT('Ctrl Pts',(-11.1816521282946,12.3515463184013,-16.2210509672641));
#11391=CARTESIAN_POINT('Ctrl Pts',(-6.46419674088284,11.3123200980087,-18.2538197979301));
#11392=CARTESIAN_POINT('Ctrl Pts',(-4.,10.7927069878124,-18.7787113508888));
#11393=CARTESIAN_POINT('Ctrl Pts',(-18.3434399605708,16.270747337539,3.82545349013424));
#11394=CARTESIAN_POINT('Ctrl Pts',(-18.8347830873969,15.7618911416759,1.46817857809066));
#11395=CARTESIAN_POINT('Ctrl Pts',(-18.8981852433071,14.7334218356165,-3.48885867546501));
#11396=CARTESIAN_POINT('Ctrl Pts',(-16.1526111653504,13.1853394193608,-10.435279964946));
#11397=CARTESIAN_POINT('Ctrl Pts',(-11.1241349508674,11.6894152440737,-15.6130468073145));
#11398=CARTESIAN_POINT('Ctrl Pts',(-6.86206475881222,10.7131041789829,-17.5685568235761));
#11399=CARTESIAN_POINT('Ctrl Pts',(-4.7724990015988,10.2564062240884,-18.1199041634558));
#11400=CARTESIAN_POINT('Ctrl Pts',(-18.8132430075139,16.9777793296648,3.83420471644242));
#11401=CARTESIAN_POINT('Ctrl Pts',(-19.2997645827653,16.4749278796362,1.44507156433682));
#11402=CARTESIAN_POINT('Ctrl Pts',(-19.353124835392,15.4524633194113,-3.60246931722828));
#11403=CARTESIAN_POINT('Ctrl Pts',(-16.5507828218176,13.9103856489901,-10.692515941644));
#11404=CARTESIAN_POINT('Ctrl Pts',(-11.3636575590378,12.4043886200732,-16.0336419701371));
#11405=CARTESIAN_POINT('Ctrl Pts',(-6.94099822317865,11.4180047013526,-18.0428227925216));
#11406=CARTESIAN_POINT('Ctrl Pts',(-4.7483323940091,10.9512338928283,-18.6034073633042));
#11407=CARTESIAN_POINT('Ctrl Pts',(-16.0004734451991,15.3196964165582,3.82573251460689));
#11408=CARTESIAN_POINT('Ctrl Pts',(-16.5075000008499,14.7949051344474,1.70518046118277));
#11409=CARTESIAN_POINT('Ctrl Pts',(-16.6664152931281,13.7453225702257,-2.73898497382578));
#11410=CARTESIAN_POINT('Ctrl Pts',(-14.3077639307512,12.1709487238931,-8.97998603521276));
#11411=CARTESIAN_POINT('Ctrl Pts',(-9.7131303139962,10.5965748775606,-13.8176169042706));
#11412=CARTESIAN_POINT('Ctrl Pts',(-5.64194832999261,9.54699231333892,-15.606845156051));
#11413=CARTESIAN_POINT('Ctrl Pts',(-3.51188015267412,9.02220103122807,-16.0722766756019));
#11414=CARTESIAN_POINT('Ctrl Pts',(-16.7417808850582,15.6751175078605,4.00298001829496));
#11415=CARTESIAN_POINT('Ctrl Pts',(-17.2722981554805,15.1503262257497,1.7841820586359));
#11416=CARTESIAN_POINT('Ctrl Pts',(-17.4385760479265,14.100743661528,-2.86588309004174));
#11417=CARTESIAN_POINT('Ctrl Pts',(-14.9706475564101,12.5263698151955,-9.39603187788945));
#11418=CARTESIAN_POINT('Ctrl Pts',(-10.1631429833555,10.9519959688629,-14.4577918495521));
#11419=CARTESIAN_POINT('Ctrl Pts',(-5.903341737297,9.90241340464123,-16.3299156618416));
#11420=CARTESIAN_POINT('Ctrl Pts',(-3.67458676844941,9.37762212253038,-16.8169107838302));
#11421=CARTESIAN_POINT('Ctrl Pts',(-17.4830883249173,16.0305385991629,4.18022752198304));
#11422=CARTESIAN_POINT('Ctrl Pts',(-18.0370963101111,15.505747317052,1.86318365608903));
#11423=CARTESIAN_POINT('Ctrl Pts',(-18.2107368027249,14.4561647528303,-2.9927812062577));
#11424=CARTESIAN_POINT('Ctrl Pts',(-15.633531182069,12.8817909064978,-9.81207772056614));
#11425=CARTESIAN_POINT('Ctrl Pts',(-10.6131556527147,11.3074170601652,-15.0979667948336));
#11426=CARTESIAN_POINT('Ctrl Pts',(-6.16473514460139,10.2578344959435,-17.0529861676322));
#11427=CARTESIAN_POINT('Ctrl Pts',(-3.8372933842247,9.7330432138327,-17.5615448920586));
#11428=CARTESIAN_POINT('Ctrl Pts',(-18.2243957647764,16.3859596904652,4.35747502567111));
#11429=CARTESIAN_POINT('Ctrl Pts',(-18.8018944647416,15.8611684083543,1.94218525354216));
#11430=CARTESIAN_POINT('Ctrl Pts',(-18.9828975575233,14.8115858441326,-3.11967932247366));
#11431=CARTESIAN_POINT('Ctrl Pts',(-16.296414807728,13.2372119978001,-10.2281235632428));
#11432=CARTESIAN_POINT('Ctrl Pts',(-11.063168322074,11.6628381514676,-15.7381417401151));
#11433=CARTESIAN_POINT('Ctrl Pts',(-6.42612855190578,10.6132555872459,-17.7760566734228));
#11434=CARTESIAN_POINT('Ctrl Pts',(-3.99999999999999,10.088464305135,-18.3061790002869));
#11435=CARTESIAN_POINT('Ctrl Pts',(-14.6086026214454,16.282578203215,7.56571934402423));
#11436=CARTESIAN_POINT('Ctrl Pts',(-15.0036713939256,16.0758056055093,6.80288339375018));
#11437=CARTESIAN_POINT('Ctrl Pts',(-15.3388633508867,15.8690330078035,6.00904725132759));
#11438=CARTESIAN_POINT('Ctrl Pts',(-15.6100806491332,15.6622604100978,5.19391585139785));
#11439=CARTESIAN_POINT('Ctrl Pts',(-14.8911721303411,16.4309646692226,7.71206062353481));
#11440=CARTESIAN_POINT('Ctrl Pts',(-15.2938825912095,16.2241920715168,6.93446938246241));
#11441=CARTESIAN_POINT('Ctrl Pts',(-15.6355580585459,16.017419473811,6.12527832248057));
#11442=CARTESIAN_POINT('Ctrl Pts',(-15.9120214258898,15.8106468761053,5.29438009766469));
#11443=CARTESIAN_POINT('Ctrl Pts',(-15.1737416392369,16.5793511352301,7.85840190304539));
#11444=CARTESIAN_POINT('Ctrl Pts',(-15.5840937884934,16.3725785375243,7.06605537117464));
#11445=CARTESIAN_POINT('Ctrl Pts',(-15.9322527662051,16.1658059398186,6.24150939363356));
#11446=CARTESIAN_POINT('Ctrl Pts',(-16.2139622026465,15.9590333421128,5.39484434393153));
#11447=CARTESIAN_POINT('Ctrl Pts',(-15.4563111481326,16.7277376012376,8.00474318255597));
#11448=CARTESIAN_POINT('Ctrl Pts',(-15.8743049857773,16.5209650035318,7.19764135988688));
#11449=CARTESIAN_POINT('Ctrl Pts',(-16.2289474738643,16.3141924058261,6.35774046478655));
#11450=CARTESIAN_POINT('Ctrl Pts',(-16.5159029794031,16.1074198081203,5.49530859019837));
#11451=CARTESIAN_POINT('Ctrl Pts',(-14.6984651591233,16.234991357184,7.38961661349348));
#11452=CARTESIAN_POINT('Ctrl Pts',(-15.0208624010974,16.0622259113153,6.74831526361386));
#11453=CARTESIAN_POINT('Ctrl Pts',(-15.3012391995708,15.8894604654467,6.08589192139361));
#11454=CARTESIAN_POINT('Ctrl Pts',(-15.5372052841053,15.7166950195781,5.40800747166221));
#11455=CARTESIAN_POINT('Ctrl Pts',(-18.7630568320161,17.0280643101678,4.07279981321629));
#11456=CARTESIAN_POINT('Ctrl Pts',(-19.2975013867283,16.5084511999715,1.61065730351392));
#11457=CARTESIAN_POINT('Ctrl Pts',(-19.3835810406643,15.469224979579,-3.52540362772791));
#11458=CARTESIAN_POINT('Ctrl Pts',(-16.5507832156456,13.9103856489901,-10.6925161960737));
#11459=CARTESIAN_POINT('Ctrl Pts',(-11.1816503169207,12.3515463184013,-16.2210474658236));
#11460=CARTESIAN_POINT('Ctrl Pts',(-6.46419674088285,11.3123200980087,-18.2538197979301));
#11461=CARTESIAN_POINT('Ctrl Pts',(-4.,10.7927069878124,-18.7787113508888));
#11462=CARTESIAN_POINT('Ctrl Pts',(-18.7630568320161,17.179326178674,4.07279981321629));
#11463=CARTESIAN_POINT('Ctrl Pts',(-19.2975137155485,16.6597130684777,1.61060050564409));
#11464=CARTESIAN_POINT('Ctrl Pts',(-19.3835930919858,15.6204868480851,-3.52541181156106));
#11465=CARTESIAN_POINT('Ctrl Pts',(-16.5508409120652,14.0616475174963,-10.6925534704367));
#11466=CARTESIAN_POINT('Ctrl Pts',(-11.1816627312098,12.5028081869074,-16.2210550878248));
#11467=CARTESIAN_POINT('Ctrl Pts',(-6.46425358614064,11.4635819665149,-18.2538076894831));
#11468=CARTESIAN_POINT('Ctrl Pts',(-4.,10.9439688563186,-18.7787113508888));
#11469=CARTESIAN_POINT('Ctrl Pts',(-18.6767954514866,17.4814862087478,4.05407550098649));
#11470=CARTESIAN_POINT('Ctrl Pts',(-19.2087780358793,16.9618730985515,1.60327508791117));
#11471=CARTESIAN_POINT('Ctrl Pts',(-19.2944620573012,15.922646878159,-3.50919265716476));
#11472=CARTESIAN_POINT('Ctrl Pts',(-16.474669566864,14.3638075475701,-10.6433435127188));
#11473=CARTESIAN_POINT('Ctrl Pts',(-11.1302387903016,12.8049682169813,-16.1464696963948));
#11474=CARTESIAN_POINT('Ctrl Pts',(-6.43445555927333,11.7657419965887,-18.1699044107264));
#11475=CARTESIAN_POINT('Ctrl Pts',(-3.98161037803131,11.2461288863924,-18.6923780001883));
#11476=CARTESIAN_POINT('Ctrl Pts',(-18.4456332272333,17.6891845118614,4.00389831119324));
#11477=CARTESIAN_POINT('Ctrl Pts',(-18.9710430458372,17.1695714016651,1.58337809446803));
#11478=CARTESIAN_POINT('Ctrl Pts',(-19.0556662978955,16.1303451812726,-3.4657671481176));
#11479=CARTESIAN_POINT('Ctrl Pts',(-16.2708171403828,14.5715058506837,-10.5116460973542));
#11480=CARTESIAN_POINT('Ctrl Pts',(-10.9924917560899,13.0126665200949,-15.9466324022979));
#11481=CARTESIAN_POINT('Ctrl Pts',(-6.35486980854571,11.9734402997023,-17.9450046016568));
#11482=CARTESIAN_POINT('Ctrl Pts',(-3.93233008722947,11.453827189506,-18.4610229111244));
#11483=CARTESIAN_POINT('Ctrl Pts',(-18.3116632333191,17.7531105397971,3.97481813672725));
#11484=CARTESIAN_POINT('Ctrl Pts',(-18.8332503494479,17.2334974296008,1.5719087987788));
#11485=CARTESIAN_POINT('Ctrl Pts',(-18.9172591358748,16.1942712092083,-3.44059097461777));
#11486=CARTESIAN_POINT('Ctrl Pts',(-16.1526115497038,14.6354318786194,-10.4352802132548));
#11487=CARTESIAN_POINT('Ctrl Pts',(-10.9126469545628,13.0765925480306,-15.8308084415651));
#11488=CARTESIAN_POINT('Ctrl Pts',(-6.30868385960364,12.037366327638,-17.8146772060634));
#11489=CARTESIAN_POINT('Ctrl Pts',(-3.90376971029012,11.5177532174417,-18.3269411424702));
#11490=CARTESIAN_POINT('Ctrl Pts',(-18.3587102102892,17.704868837074,3.75143696952203));
#11491=CARTESIAN_POINT('Ctrl Pts',(-18.8353887741243,17.2013362944521,1.41686964862389));
#11492=CARTESIAN_POINT('Ctrl Pts',(-18.8887397744137,16.1781906416339,-3.51274630888255));
#11493=CARTESIAN_POINT('Ctrl Pts',(-16.1526115497038,14.6354318786194,-10.4352802132548));
#11494=CARTESIAN_POINT('Ctrl Pts',(-11.0699661533724,13.1233935044318,-15.6688187634631));
#11495=CARTESIAN_POINT('Ctrl Pts',(-6.72110501537118,12.1309682404405,-17.6327207947437));
#11496=CARTESIAN_POINT('Ctrl Pts',(-4.5509605191707,11.6581560866454,-18.1769060463793));
#11497=CARTESIAN_POINT('Ctrl Pts',(-18.2243957647987,17.8360521497035,4.35747502557775));
#11498=CARTESIAN_POINT('Ctrl Pts',(-18.8018944647497,17.3112608675944,1.94218525345362));
#11499=CARTESIAN_POINT('Ctrl Pts',(-18.9828746903831,16.2616783033761,-3.11967853557071));
#11500=CARTESIAN_POINT('Ctrl Pts',(-16.2964173024509,14.6873044570486,-10.2281251290647));
#11501=CARTESIAN_POINT('Ctrl Pts',(-11.0631576706705,13.1129306107211,-15.738121489872));
#11502=CARTESIAN_POINT('Ctrl Pts',(-6.42612855189797,12.0633480465028,-17.7760566734245));
#11503=CARTESIAN_POINT('Ctrl Pts',(-4.,11.5385567643937,-18.3061790002869));
#11504=CARTESIAN_POINT('Ctrl Pts',(-17.4830883249387,18.1914732410058,4.18022752189348));
#11505=CARTESIAN_POINT('Ctrl Pts',(-18.0370963101188,17.6666819588967,1.86318365600409));
#11506=CARTESIAN_POINT('Ctrl Pts',(-18.2107148657434,16.6170993946784,-2.99278045136332));
#11507=CARTESIAN_POINT('Ctrl Pts',(-15.633533575315,15.0427255483509,-9.81207922269562));
#11508=CARTESIAN_POINT('Ctrl Pts',(-10.6131454345747,13.4683517020234,-15.0979473683026));
#11509=CARTESIAN_POINT('Ctrl Pts',(-6.1647351445939,12.4187691378051,-17.0529861676339));
#11510=CARTESIAN_POINT('Ctrl Pts',(-3.83729338422471,11.893977855696,-17.5615448920586));
#11511=CARTESIAN_POINT('Ctrl Pts',(-16.7417808850787,18.5468943323082,4.0029800182092));
#11512=CARTESIAN_POINT('Ctrl Pts',(-17.2722981554879,18.022103050199,1.78418205855456));
#11513=CARTESIAN_POINT('Ctrl Pts',(-17.4385550411037,16.9725204859807,-2.86588236715595));
#11514=CARTESIAN_POINT('Ctrl Pts',(-14.9706498481791,15.3981466396532,-9.39603331632653));
#11515=CARTESIAN_POINT('Ctrl Pts',(-10.1631331984789,13.8237727933257,-14.4577732467333));
#11516=CARTESIAN_POINT('Ctrl Pts',(-5.90334173728983,12.7741902291074,-16.3299156618432));
#11517=CARTESIAN_POINT('Ctrl Pts',(-3.67458676844942,12.2493989469983,-16.8169107838302));
#11518=CARTESIAN_POINT('Ctrl Pts',(-16.0004734452187,18.9023154236105,3.82573251452492));
#11519=CARTESIAN_POINT('Ctrl Pts',(-16.507500000857,18.3775241415013,1.70518046110503));
#11520=CARTESIAN_POINT('Ctrl Pts',(-16.6663952164641,17.327941577283,-2.73898428294856));
#11521=CARTESIAN_POINT('Ctrl Pts',(-14.3077661210431,15.7535677309555,-8.97998740995746));
#11522=CARTESIAN_POINT('Ctrl Pts',(-9.71312096238309,14.1791938846281,-13.8175991251639));
#11523=CARTESIAN_POINT('Ctrl Pts',(-5.64194832998576,13.1296113204098,-15.6068451560525));
#11524=CARTESIAN_POINT('Ctrl Pts',(-3.51188015267413,12.6048200383006,-16.0722766756019));
#11525=CARTESIAN_POINT('Ctrl Pts',(-16.0520565819495,18.8473037142536,3.60307924145822));
#11526=CARTESIAN_POINT('Ctrl Pts',(-16.5125236531769,18.3408496685967,1.54997916339535));
#11527=CARTESIAN_POINT('Ctrl Pts',(-16.6389235079325,17.3096043408307,-2.81167524533116));
#11528=CARTESIAN_POINT('Ctrl Pts',(-14.3077661210431,15.7535677309555,-8.97998740995746));
#11529=CARTESIAN_POINT('Ctrl Pts',(-9.96280464811908,14.2647490148075,-13.5547120726272));
#11530=CARTESIAN_POINT('Ctrl Pts',(-6.29896114228747,13.3007215807686,-15.305609518076));
#11531=CARTESIAN_POINT('Ctrl Pts',(-4.54543985607035,12.8614854288388,-15.8107264430643));
#11532=CARTESIAN_POINT('Ctrl Pts',(-15.4208705978208,19.7503082359799,4.26576487927623));
#11533=CARTESIAN_POINT('Ctrl Pts',(-15.9878866758263,19.2239650959275,2.21598440302788));
#11534=CARTESIAN_POINT('Ctrl Pts',(-16.2926950706415,18.1712788158227,-2.11154377127308));
#11535=CARTESIAN_POINT('Ctrl Pts',(-14.1965034259704,16.5922493956655,-8.27342129433193));
#11536=CARTESIAN_POINT('Ctrl Pts',(-9.86862287447748,15.0132199755083,-13.13471782431));
#11537=CARTESIAN_POINT('Ctrl Pts',(-5.95316493353872,13.9605336954034,-15.0027642288883));
#11538=CARTESIAN_POINT('Ctrl Pts',(-3.89022617183033,13.434190555351,-15.5198627678213));
#11539=CARTESIAN_POINT('Ctrl Pts',(-15.4208705978135,19.6024585619675,4.2657648792742));
#11540=CARTESIAN_POINT('Ctrl Pts',(-15.9878713336628,19.0761154219151,2.21603986539003));
#11541=CARTESIAN_POINT('Ctrl Pts',(-16.2926807204261,18.0234291418103,-2.11153447164955));
#11542=CARTESIAN_POINT('Ctrl Pts',(-14.1964422740328,16.4443997216531,-8.27338565627886));
#11543=CARTESIAN_POINT('Ctrl Pts',(-9.86860770934593,14.8653703014959,-13.1347099230149));
#11544=CARTESIAN_POINT('Ctrl Pts',(-5.95310911513964,13.812684021391,-15.0027782203829));
#11545=CARTESIAN_POINT('Ctrl Pts',(-3.89022617182849,13.2863408813386,-15.519862767814));
#11546=CARTESIAN_POINT('Ctrl Pts',(-15.5040236868565,19.3071127581235,4.28876692216101));
#11547=CARTESIAN_POINT('Ctrl Pts',(-16.0741034750906,18.7807696180711,2.22791103966722));
#11548=CARTESIAN_POINT('Ctrl Pts',(-16.3805550687374,17.7280833379663,-2.12293350055701));
#11549=CARTESIAN_POINT('Ctrl Pts',(-14.2730792271279,16.1490539178091,-8.31804804818236));
#11550=CARTESIAN_POINT('Ctrl Pts',(-9.92184304157952,14.5700244976518,-13.2055466250355));
#11551=CARTESIAN_POINT('Ctrl Pts',(-5.98528848357566,13.517338217547,-15.0836571128148));
#11552=CARTESIAN_POINT('Ctrl Pts',(-3.911203218566,12.9909950774946,-15.6035496467409));
#11553=CARTESIAN_POINT('Ctrl Pts',(-15.7268672497609,19.1041017116958,4.35041053937318));
#11554=CARTESIAN_POINT('Ctrl Pts',(-16.3051262794839,18.5777585716434,2.25998644856088));
#11555=CARTESIAN_POINT('Ctrl Pts',(-16.6159835340507,17.5250722915386,-2.15343811030981));
#11556=CARTESIAN_POINT('Ctrl Pts',(-14.4781716132053,15.9460428713813,-8.43757154374775));
#11557=CARTESIAN_POINT('Ctrl Pts',(-10.0644378973293,14.3670134512241,-13.395345994396));
#11558=CARTESIAN_POINT('Ctrl Pts',(-6.07126329204179,13.3143271711193,-15.3004720115525));
#11559=CARTESIAN_POINT('Ctrl Pts',(-3.96742000964375,12.7879840310669,-15.8278237234236));
#11560=CARTESIAN_POINT('Ctrl Pts',(-15.856014449222,19.0416177394687,4.38613560328726));
#11561=CARTESIAN_POINT('Ctrl Pts',(-16.4390305032615,18.5152745994163,2.27851472397583));
#11562=CARTESIAN_POINT('Ctrl Pts',(-16.7524399363915,17.4625883193115,-2.17112700188289));
#11563=CARTESIAN_POINT('Ctrl Pts',(-14.5970982651541,15.8835588991543,-8.50687947579082));
#11564=CARTESIAN_POINT('Ctrl Pts',(-10.1470942187758,14.3045294789971,-13.5053513540373));
#11565=CARTESIAN_POINT('Ctrl Pts',(-6.12115046332927,13.2518431988922,-15.4261100164566));
#11566=CARTESIAN_POINT('Ctrl Pts',(-4.,12.7255000588398,-15.9577999656707));
#11567=CARTESIAN_POINT('Ctrl Pts',(-14.2474044937274,16.4636904964637,8.22574281970697));
#11568=CARTESIAN_POINT('Ctrl Pts',(-14.9031690594308,16.148013216045,7.08992527410525));
#11569=CARTESIAN_POINT('Ctrl Pts',(-15.4224314598571,15.8323359356262,5.87538052149668));
#11570=CARTESIAN_POINT('Ctrl Pts',(-15.7904673864091,15.5166586552075,4.61654843607148));
#11571=CARTESIAN_POINT('Ctrl Pts',(-14.1313594184842,16.4012065242377,8.15874416427718));
#11572=CARTESIAN_POINT('Ctrl Pts',(-14.7817733802666,16.085529243819,7.03219413651777));
#11573=CARTESIAN_POINT('Ctrl Pts',(-15.2968210701354,15.7698519634002,5.82750751071987));
#11574=CARTESIAN_POINT('Ctrl Pts',(-15.6618540676262,15.4541746829815,4.57894666019267));
#11575=CARTESIAN_POINT('Ctrl Pts',(-13.9311225073614,16.1981962654435,8.04313732973877));
#11576=CARTESIAN_POINT('Ctrl Pts',(-14.5723366251513,15.8825189850248,6.93252189919626));
#11577=CARTESIAN_POINT('Ctrl Pts',(-15.080060776979,15.5668417046061,5.74496488781095));
#11578=CARTESIAN_POINT('Ctrl Pts',(-15.4399305294806,15.2511644241873,4.51406442853466));
#11579=CARTESIAN_POINT('Ctrl Pts',(-13.856406460551,15.9028496740028,8.));
#11580=CARTESIAN_POINT('Ctrl Pts',(-14.4941573230222,15.5871723935841,6.89538310362899));
#11581=CARTESIAN_POINT('Ctrl Pts',(-14.9991963095344,15.2714951131653,5.71410664219528));
#11582=CARTESIAN_POINT('Ctrl Pts',(-15.3571223730251,14.9558178327466,4.48985438738619));
#11583=CARTESIAN_POINT('Ctrl Pts',(-13.856406460551,15.755,8.));
#11584=CARTESIAN_POINT('Ctrl Pts',(-14.4941745795663,15.4393227195812,6.89535321441797));
#11585=CARTESIAN_POINT('Ctrl Pts',(-14.9991866246132,15.1236454391625,5.71413976855258));
#11586=CARTESIAN_POINT('Ctrl Pts',(-15.3571223730251,14.8079681587438,4.48985438738619));
#11587=CARTESIAN_POINT('Origin',(-3.78951643911159E-15,12.3775,0.));
#11588=CARTESIAN_POINT('Origin',(-1.10218211923262E-15,3.59999999999999,
0.));
#11589=CARTESIAN_POINT('Origin',(-6.50746692896924E-15,21.255,0.));
#11590=CARTESIAN_POINT('',(-8.55875031754106E-15,21.755,15.5));
#11591=CARTESIAN_POINT('Origin',(-8.40566946764764E-15,21.255,15.5));
#11592=CARTESIAN_POINT('Origin',(-6.66054777886266E-15,21.755,0.));
#11593=CARTESIAN_POINT('Origin',(-6.66133814775094E-15,21.755,0.));
#11594=CARTESIAN_POINT('',(-11.3,21.755,3.8));
#11595=CARTESIAN_POINT('Origin',(-11.3,21.755,0.));
#11596=CARTESIAN_POINT('',(6.59999999999999,21.755,11.325));
#11597=CARTESIAN_POINT('',(6.99999999999999,21.755,10.925));
#11598=CARTESIAN_POINT('Origin',(6.59999999999999,21.755,10.925));
#11599=CARTESIAN_POINT('',(-6.60000000000001,21.755,11.325));
#11600=CARTESIAN_POINT('',(3.4,21.755,11.325));
#11601=CARTESIAN_POINT('',(-7.00000000000001,21.755,10.925));
#11602=CARTESIAN_POINT('Origin',(-6.60000000000001,21.755,10.925));
#11603=CARTESIAN_POINT('',(-7.00000000000001,21.755,-10.925));
#11604=CARTESIAN_POINT('',(-7.00000000000001,21.755,5.5625));
#11605=CARTESIAN_POINT('',(-6.60000000000001,21.755,-11.325));
#11606=CARTESIAN_POINT('Origin',(-6.60000000000001,21.755,-10.925));
#11607=CARTESIAN_POINT('',(6.59999999999999,21.755,-11.325));
#11608=CARTESIAN_POINT('',(-3.40000000000001,21.755,-11.325));
#11609=CARTESIAN_POINT('',(6.99999999999999,21.755,-10.925));
#11610=CARTESIAN_POINT('Origin',(6.59999999999999,21.755,-10.925));
#11611=CARTESIAN_POINT('',(6.99999999999999,21.755,-5.5625));
#11612=CARTESIAN_POINT('',(11.3,21.755,3.8));
#11613=CARTESIAN_POINT('Origin',(11.3,21.755,0.));
#11614=CARTESIAN_POINT('Origin',(8.01271186859326,0.200000000000003,-17.9968455155592));
#11615=CARTESIAN_POINT('',(7.44328056828714,2.28896928107351E-15,-16.7178818748596));
#11616=CARTESIAN_POINT('',(7.5246278969023,0.200000000000003,-16.9005909663881));
#11617=CARTESIAN_POINT('Origin',(7.44328056828714,0.200000000000003,-16.7178818748596));
#11618=CARTESIAN_POINT('',(8.50079584028423,0.200000000000003,-19.0931000647304));
#11619=CARTESIAN_POINT('Origin',(8.01271186859326,0.200000000000003,-17.9968455155592));
#11620=CARTESIAN_POINT('',(8.58214316889939,2.63764539070062E-15,-19.2758091562589));
#11621=CARTESIAN_POINT('Origin',(8.58214316889939,0.200000000000003,-19.2758091562589));
#11622=CARTESIAN_POINT('Origin',(8.01271186859326,2.46330733588707E-15,
-17.9968455155592));
#11623=CARTESIAN_POINT('Origin',(-7.40148683083438E-17,0.2,0.));
#11624=CARTESIAN_POINT('',(-8.50079584028422,0.199999999999997,-19.0931000647304));
#11625=CARTESIAN_POINT('',(-8.58214316889938,-2.62752354040424E-15,-19.2758091562589));
#11626=CARTESIAN_POINT('Origin',(-8.58214316889938,0.199999999999997,-19.2758091562589));
#11627=CARTESIAN_POINT('Origin',(-1.27825283509761E-17,0.,0.));
#11628=CARTESIAN_POINT('Origin',(-7.40148683083438E-17,0.2,0.));
#11629=CARTESIAN_POINT('Origin',(-8.01271186859326,0.199999999999997,-17.9968455155592));
#11630=CARTESIAN_POINT('',(-7.5246278969023,0.199999999999997,-16.9005909663881));
#11631=CARTESIAN_POINT('',(-7.44328056828714,-2.28896928107351E-15,-16.7178818748596));
#11632=CARTESIAN_POINT('Origin',(-7.44328056828714,0.199999999999997,-16.7178818748596));
#11633=CARTESIAN_POINT('Origin',(-8.01271186859326,-2.46330733588707E-15,
-17.9968455155592));
#11634=CARTESIAN_POINT('Origin',(-8.01271186859326,0.199999999999997,-17.9968455155592));
#11635=CARTESIAN_POINT('Origin',(-7.40148683083438E-17,0.2,0.));
#11636=CARTESIAN_POINT('Origin',(-1.27825283509761E-17,0.,0.));
#11637=CARTESIAN_POINT('Origin',(-7.40148683083438E-17,0.2,0.));
#11638=CARTESIAN_POINT('Origin',(0.,-2.08318339415797E-47,0.));
#11639=CARTESIAN_POINT('',(8.50079584028422,2.79999999999999,-19.0931000647304));
#11640=CARTESIAN_POINT('',(8.50079584028423,2.6026181040023E-15,-19.0931000647304));
#11641=CARTESIAN_POINT('',(-8.50079584028422,2.79999999999999,-19.0931000647304));
#11642=CARTESIAN_POINT('Origin',(-1.03620815631681E-15,2.79999999999999,
0.));
#11643=CARTESIAN_POINT('',(-8.50079584028422,-2.6026181040023E-15,-19.0931000647304));
#11644=CARTESIAN_POINT('Origin',(8.01271186859326,2.45318548559069E-15,
-17.9968455155592));
#11645=CARTESIAN_POINT('',(7.5246278969023,2.79999999999999,-16.9005909663881));
#11646=CARTESIAN_POINT('',(7.5246278969023,2.30375286717907E-15,-16.9005909663881));
#11647=CARTESIAN_POINT('Origin',(8.01271186859326,2.79999999999999,-17.9968455155592));
#11648=CARTESIAN_POINT('Origin',(0.,0.,0.));
#11649=CARTESIAN_POINT('',(-2.79464399565426E-15,-4.27806478004295E-31,
22.82));
#11650=CARTESIAN_POINT('Origin',(-6.47112461314111E-31,0.,0.));
#11651=CARTESIAN_POINT('',(19.2758091562589,5.90799033580841E-15,8.58214316889939));
#11652=CARTESIAN_POINT('',(16.7178818748596,5.12485097140408E-15,7.44328056828715));
#11653=CARTESIAN_POINT('Origin',(17.9968455155592,5.51642065360625E-15,
8.01271186859327));
#11654=CARTESIAN_POINT('',(19.2758091562589,5.90151449604692E-15,-8.58214316889938));
#11655=CARTESIAN_POINT('Origin',(6.12323399573677E-17,0.,0.));
#11656=CARTESIAN_POINT('',(16.7178818748596,5.12485097140408E-15,-7.44328056828714));
#11657=CARTESIAN_POINT('Origin',(17.9968455155592,5.51642065360625E-15,
-8.01271186859326));
#11658=CARTESIAN_POINT('Origin',(6.12323399573677E-17,0.,0.));
#11659=CARTESIAN_POINT('',(-8.58214316889939,-2.63764539070062E-15,19.2758091562589));
#11660=CARTESIAN_POINT('',(-7.44328056828715,-2.28896928107351E-15,16.7178818748596));
#11661=CARTESIAN_POINT('Origin',(-8.01271186859327,-2.46330733588707E-15,
17.9968455155592));
#11662=CARTESIAN_POINT('',(8.58214316889938,2.62752354040424E-15,19.2758091562589));
#11663=CARTESIAN_POINT('Origin',(-1.27825283509761E-17,0.,0.));
#11664=CARTESIAN_POINT('',(7.44328056828714,2.28896928107351E-15,16.7178818748596));
#11665=CARTESIAN_POINT('Origin',(8.01271186859326,2.46330733588707E-15,
17.9968455155592));
#11666=CARTESIAN_POINT('Origin',(-1.27825283509761E-17,0.,0.));
#11667=CARTESIAN_POINT('',(-13.930003589375,-4.23272528138341E-15,-15.830003589375));
#11668=CARTESIAN_POINT('Origin',(-13.930003589375,-4.23272528138341E-15,
-13.930003589375));
#11669=CARTESIAN_POINT('',(13.930003589375,4.23272528138341E-15,12.030003589375));
#11670=CARTESIAN_POINT('Origin',(13.930003589375,4.23272528138341E-15,13.930003589375));
#11671=CARTESIAN_POINT('',(13.930003589375,4.23272528138341E-15,-15.830003589375));
#11672=CARTESIAN_POINT('Origin',(13.930003589375,4.23272528138341E-15,-13.930003589375));
#11673=CARTESIAN_POINT('',(-13.930003589375,-4.23272528138341E-15,12.030003589375));
#11674=CARTESIAN_POINT('Origin',(-13.930003589375,-4.23272528138341E-15,
13.930003589375));
#11675=CARTESIAN_POINT('',(-16.7178818748596,-5.12485097140408E-15,7.44328056828714));
#11676=CARTESIAN_POINT('',(-19.2758091562589,-5.90799033580841E-15,8.58214316889938));
#11677=CARTESIAN_POINT('Origin',(-17.9968455155592,-5.51642065360625E-15,
8.01271186859326));
#11678=CARTESIAN_POINT('',(-16.7178818748596,-5.11837513164259E-15,-7.44328056828715));
#11679=CARTESIAN_POINT('Origin',(6.12323399573677E-17,0.,0.));
#11680=CARTESIAN_POINT('',(-19.2758091562589,-5.90799033580841E-15,-8.58214316889939));
#11681=CARTESIAN_POINT('Origin',(-17.9968455155592,-5.51642065360625E-15,
-8.01271186859326));
#11682=CARTESIAN_POINT('Origin',(6.12323399573677E-17,0.,0.));
#11683=CARTESIAN_POINT('Origin',(-8.01271186859326,2.79999999999999,-17.9968455155592));
#11684=CARTESIAN_POINT('',(-7.44328056828714,2.99999999999999,-16.7178818748596));
#11685=CARTESIAN_POINT('',(-7.5246278969023,2.79999999999999,-16.9005909663881));
#11686=CARTESIAN_POINT('Origin',(-7.44328056828714,2.79999999999999,-16.7178818748596));
#11687=CARTESIAN_POINT('Origin',(-8.01271186859326,2.79999999999999,-17.9968455155592));
#11688=CARTESIAN_POINT('',(-8.58214316889938,2.99999999999999,-19.2758091562589));
#11689=CARTESIAN_POINT('Origin',(-8.58214316889938,2.79999999999999,-19.2758091562589));
#11690=CARTESIAN_POINT('Origin',(-8.01271186859326,2.99999999999999,-17.9968455155592));
#11691=CARTESIAN_POINT('Origin',(-1.03620815631681E-15,2.79999999999999,
0.));
#11692=CARTESIAN_POINT('',(8.58214316889939,2.99999999999999,-19.2758091562589));
#11693=CARTESIAN_POINT('Origin',(8.58214316889939,2.79999999999999,-19.2758091562589));
#11694=CARTESIAN_POINT('Origin',(-1.09744049627418E-15,2.99999999999999,
0.));
#11695=CARTESIAN_POINT('Origin',(8.01271186859326,2.79999999999999,-17.9968455155592));
#11696=CARTESIAN_POINT('',(7.44328056828714,2.99999999999999,-16.7178818748596));
#11697=CARTESIAN_POINT('Origin',(7.44328056828714,2.79999999999999,-16.7178818748596));
#11698=CARTESIAN_POINT('Origin',(8.01271186859326,2.99999999999999,-17.9968455155592));
#11699=CARTESIAN_POINT('Origin',(-1.03620815631681E-15,2.79999999999999,
0.));
#11700=CARTESIAN_POINT('Origin',(-1.09744049627418E-15,2.99999999999999,
0.));
#11701=CARTESIAN_POINT('Origin',(-1.03620815631681E-15,2.79999999999999,
0.));
#11702=CARTESIAN_POINT('Origin',(-8.01271186859326,-2.45318548559069E-15,
-17.9968455155592));
#11703=CARTESIAN_POINT('',(-7.5246278969023,-2.30375286717907E-15,-16.9005909663881));
#11704=CARTESIAN_POINT('Origin',(23.32,3.,0.));
#11705=CARTESIAN_POINT('',(-3.65189675505741E-15,2.99999999999999,22.32));
#11706=CARTESIAN_POINT('Origin',(-9.18485099360513E-16,2.99999999999999,
0.));
#11707=CARTESIAN_POINT('',(16.7178818748596,3.,7.44328056828715));
#11708=CARTESIAN_POINT('',(19.2758091562589,3.,8.58214316889939));
#11709=CARTESIAN_POINT('Origin',(17.9968455155592,3.,8.01271186859327));
#11710=CARTESIAN_POINT('',(16.7178818748596,3.,-7.44328056828714));
#11711=CARTESIAN_POINT('Origin',(-6.12323399573655E-17,2.99999999999999,
0.));
#11712=CARTESIAN_POINT('',(19.2758091562589,3.,-8.58214316889938));
#11713=CARTESIAN_POINT('Origin',(17.9968455155592,3.,-8.01271186859326));
#11714=CARTESIAN_POINT('Origin',(-6.12323399573655E-17,2.99999999999999,
0.));
#11715=CARTESIAN_POINT('',(8.58214316889938,2.99999999999999,19.2758091562589));
#11716=CARTESIAN_POINT('',(7.44328056828714,2.99999999999999,16.7178818748596));
#11717=CARTESIAN_POINT('Origin',(8.01271186859326,2.99999999999999,17.9968455155592));
#11718=CARTESIAN_POINT('',(-8.58214316889939,2.99999999999999,19.2758091562589));
#11719=CARTESIAN_POINT('Origin',(-1.09744049627418E-15,2.99999999999999,
0.));
#11720=CARTESIAN_POINT('',(-7.44328056828715,2.99999999999999,16.7178818748596));
#11721=CARTESIAN_POINT('Origin',(-8.01271186859327,2.99999999999999,17.9968455155592));
#11722=CARTESIAN_POINT('Origin',(-1.09744049627418E-15,2.99999999999999,
0.));
#11723=CARTESIAN_POINT('',(-3.7,2.99999999999999,-0.207106781186542));
#11724=CARTESIAN_POINT('',(-3.7,2.99999999999999,0.));
#11725=CARTESIAN_POINT('',(11.66,2.99999999999999,-0.207106781186539));
#11726=CARTESIAN_POINT('Origin',(-9.18485099360512E-16,2.99999999999999,
0.));
#11727=CARTESIAN_POINT('',(-13.930003589375,2.99999999999999,-12.030003589375));
#11728=CARTESIAN_POINT('Origin',(-13.930003589375,2.99999999999999,-13.930003589375));
#11729=CARTESIAN_POINT('',(13.930003589375,2.99999999999999,15.830003589375));
#11730=CARTESIAN_POINT('Origin',(13.930003589375,2.99999999999999,13.930003589375));
#11731=CARTESIAN_POINT('',(13.930003589375,2.99999999999999,-12.030003589375));
#11732=CARTESIAN_POINT('Origin',(13.930003589375,2.99999999999999,-13.930003589375));
#11733=CARTESIAN_POINT('',(-13.930003589375,2.99999999999999,15.830003589375));
#11734=CARTESIAN_POINT('Origin',(-13.930003589375,2.99999999999999,13.930003589375));
#11735=CARTESIAN_POINT('',(-19.2758091562589,2.99999999999998,-8.58214316889939));
#11736=CARTESIAN_POINT('',(-19.2758091562589,2.99999999999998,8.58214316889938));
#11737=CARTESIAN_POINT('Origin',(-6.12323399573655E-17,2.99999999999999,
0.));
#11738=CARTESIAN_POINT('',(-16.7178818748596,2.99999999999999,-7.44328056828715));
#11739=CARTESIAN_POINT('Origin',(-17.9968455155592,2.99999999999998,-8.01271186859326));
#11740=CARTESIAN_POINT('',(-16.7178818748596,2.99999999999999,7.44328056828714));
#11741=CARTESIAN_POINT('Origin',(-6.12323399573655E-17,2.99999999999999,
0.));
#11742=CARTESIAN_POINT('Origin',(-17.9968455155592,2.99999999999998,8.01271186859326));
#11743=CARTESIAN_POINT('Origin',(17.9968455155592,0.2,8.01271186859327));
#11744=CARTESIAN_POINT('',(16.9005909663881,0.2,7.52462789690231));
#11745=CARTESIAN_POINT('Origin',(16.7178818748596,0.2,7.44328056828715));
#11746=CARTESIAN_POINT('',(19.0931000647304,0.2,8.50079584028423));
#11747=CARTESIAN_POINT('Origin',(17.9968455155592,0.2,8.01271186859327));
#11748=CARTESIAN_POINT('Origin',(19.2758091562589,0.2,8.58214316889939));
#11749=CARTESIAN_POINT('Origin',(0.,0.2,0.));
#11750=CARTESIAN_POINT('',(19.0931000647304,0.200000000000006,-8.50079584028422));
#11751=CARTESIAN_POINT('Origin',(19.2758091562589,0.200000000000006,-8.58214316889938));
#11752=CARTESIAN_POINT('Origin',(0.,0.2,0.));
#11753=CARTESIAN_POINT('Origin',(17.9968455155592,0.2,-8.01271186859326));
#11754=CARTESIAN_POINT('',(16.9005909663881,0.2,-7.5246278969023));
#11755=CARTESIAN_POINT('Origin',(16.7178818748596,0.2,-7.44328056828714));
#11756=CARTESIAN_POINT('Origin',(17.9968455155592,0.2,-8.01271186859326));
#11757=CARTESIAN_POINT('Origin',(0.,0.2,0.));
#11758=CARTESIAN_POINT('Origin',(0.,0.2,0.));
#11759=CARTESIAN_POINT('Origin',(0.,-2.08318339415797E-47,0.));
#11760=CARTESIAN_POINT('',(19.0931000647304,2.8,8.50079584028423));
#11761=CARTESIAN_POINT('',(19.0931000647304,5.84557597001804E-15,8.50079584028423));
#11762=CARTESIAN_POINT('',(19.0931000647304,2.8,-8.50079584028422));
#11763=CARTESIAN_POINT('Origin',(0.,2.8,0.));
#11764=CARTESIAN_POINT('',(19.0931000647304,5.84557597001804E-15,-8.50079584028422));
#11765=CARTESIAN_POINT('Origin',(17.9968455155592,5.50994481384475E-15,
8.01271186859327));
#11766=CARTESIAN_POINT('',(16.9005909663881,2.8,7.52462789690231));
#11767=CARTESIAN_POINT('',(16.9005909663881,5.17431365767147E-15,7.52462789690231));
#11768=CARTESIAN_POINT('Origin',(17.9968455155592,2.8,8.01271186859327));
#11769=CARTESIAN_POINT('Origin',(17.9968455155592,2.8,8.01271186859327));
#11770=CARTESIAN_POINT('Origin',(19.2758091562589,2.8,8.58214316889939));
#11771=CARTESIAN_POINT('Origin',(16.7178818748596,2.8,7.44328056828715));
#11772=CARTESIAN_POINT('Origin',(0.,2.8,0.));
#11773=CARTESIAN_POINT('',(16.9005909663881,2.8,-7.5246278969023));
#11774=CARTESIAN_POINT('Origin',(16.7178818748596,2.8,-7.44328056828714));
#11775=CARTESIAN_POINT('Origin',(0.,2.8,0.));
#11776=CARTESIAN_POINT('Origin',(17.9968455155592,2.8,-8.01271186859326));
#11777=CARTESIAN_POINT('Origin',(19.2758091562589,2.8,-8.58214316889938));
#11778=CARTESIAN_POINT('Origin',(17.9968455155592,2.8,-8.01271186859326));
#11779=CARTESIAN_POINT('Origin',(0.,2.8,0.));
#11780=CARTESIAN_POINT('Origin',(0.,-2.08318339415797E-47,0.));
#11781=CARTESIAN_POINT('',(16.9005909663881,5.17431365767147E-15,-7.5246278969023));
#11782=CARTESIAN_POINT('Origin',(-17.9968455155592,0.2,8.01271186859326));
#11783=CARTESIAN_POINT('',(-19.0931000647304,0.2,8.50079584028422));
#11784=CARTESIAN_POINT('Origin',(-19.2758091562589,0.2,8.58214316889938));
#11785=CARTESIAN_POINT('',(-16.9005909663881,0.2,7.5246278969023));
#11786=CARTESIAN_POINT('Origin',(-17.9968455155592,0.2,8.01271186859326));
#11787=CARTESIAN_POINT('Origin',(-16.7178818748596,0.2,7.44328056828714));
#11788=CARTESIAN_POINT('Origin',(0.,0.2,0.));
#11789=CARTESIAN_POINT('',(-16.9005909663881,0.199999999999995,-7.5246278969023));
#11790=CARTESIAN_POINT('Origin',(-16.7178818748596,0.199999999999995,-7.44328056828715));
#11791=CARTESIAN_POINT('Origin',(0.,0.2,0.));
#11792=CARTESIAN_POINT('Origin',(-17.9968455155592,0.2,-8.01271186859326));
#11793=CARTESIAN_POINT('',(-19.0931000647304,0.2,-8.50079584028423));
#11794=CARTESIAN_POINT('Origin',(-19.2758091562589,0.2,-8.58214316889939));
#11795=CARTESIAN_POINT('Origin',(-17.9968455155592,0.2,-8.01271186859326));
#11796=CARTESIAN_POINT('Origin',(0.,0.2,0.));
#11797=CARTESIAN_POINT('Origin',(0.,0.2,0.));
#11798=CARTESIAN_POINT('Origin',(0.,-2.08318339415797E-47,0.));
#11799=CARTESIAN_POINT('',(-16.9005909663881,2.79999999999999,7.5246278969023));
#11800=CARTESIAN_POINT('',(-16.9005909663881,-5.17431365767147E-15,7.5246278969023));
#11801=CARTESIAN_POINT('',(-16.9005909663881,2.8,-7.5246278969023));
#11802=CARTESIAN_POINT('Origin',(0.,2.8,0.));
#11803=CARTESIAN_POINT('',(-16.9005909663881,-5.17431365767147E-15,-7.5246278969023));
#11804=CARTESIAN_POINT('Origin',(-17.9968455155592,-5.50994481384475E-15,
8.01271186859326));
#11805=CARTESIAN_POINT('',(-19.0931000647304,2.79999999999999,8.50079584028422));
#11806=CARTESIAN_POINT('',(-19.0931000647304,-5.84557597001804E-15,8.50079584028422));
#11807=CARTESIAN_POINT('Origin',(-17.9968455155592,2.8,8.01271186859326));
#11808=CARTESIAN_POINT('Origin',(0.,2.8,0.));
#11809=CARTESIAN_POINT('Origin',(-19.2758091562589,2.79999999999999,8.58214316889938));
#11810=CARTESIAN_POINT('',(-19.0931000647304,2.79999999999999,-8.50079584028423));
#11811=CARTESIAN_POINT('Origin',(0.,2.8,0.));
#11812=CARTESIAN_POINT('Origin',(-19.2758091562589,2.79999999999999,-8.58214316889939));
#11813=CARTESIAN_POINT('Origin',(-17.9968455155592,2.8,-8.01271186859326));
#11814=CARTESIAN_POINT('Origin',(-16.7178818748596,2.8,-7.44328056828715));
#11815=CARTESIAN_POINT('Origin',(-17.9968455155592,2.8,-8.01271186859326));
#11816=CARTESIAN_POINT('Origin',(0.,2.8,0.));
#11817=CARTESIAN_POINT('Origin',(-16.7178818748596,2.79999999999999,7.44328056828714));
#11818=CARTESIAN_POINT('Origin',(-17.9968455155592,2.8,8.01271186859326));
#11819=CARTESIAN_POINT('Origin',(-17.9968455155592,-5.50994481384475E-15,
-8.01271186859326));
#11820=CARTESIAN_POINT('',(-19.0931000647304,-5.84557597001804E-15,-8.50079584028423));
#11821=CARTESIAN_POINT('Origin',(0.,-2.08318339415797E-47,0.));
#11822=CARTESIAN_POINT('Origin',(8.01271186859326,2.79999999999999,17.9968455155592));
#11823=CARTESIAN_POINT('',(7.5246278969023,2.79999999999999,16.9005909663881));
#11824=CARTESIAN_POINT('Origin',(7.44328056828714,2.79999999999999,16.7178818748596));
#11825=CARTESIAN_POINT('',(8.50079584028422,2.79999999999999,19.0931000647304));
#11826=CARTESIAN_POINT('Origin',(8.01271186859326,2.79999999999999,17.9968455155592));
#11827=CARTESIAN_POINT('Origin',(8.58214316889938,2.79999999999999,19.2758091562589));
#11828=CARTESIAN_POINT('Origin',(-1.03620815631681E-15,2.79999999999999,
0.));
#11829=CARTESIAN_POINT('',(-8.50079584028423,2.79999999999999,19.0931000647304));
#11830=CARTESIAN_POINT('Origin',(-8.58214316889939,2.79999999999999,19.2758091562589));
#11831=CARTESIAN_POINT('Origin',(-1.03620815631681E-15,2.79999999999999,
0.));
#11832=CARTESIAN_POINT('Origin',(-8.01271186859327,2.79999999999999,17.9968455155592));
#11833=CARTESIAN_POINT('',(-7.52462789690231,2.79999999999999,16.9005909663881));
#11834=CARTESIAN_POINT('Origin',(-7.44328056828715,2.79999999999999,16.7178818748596));
#11835=CARTESIAN_POINT('Origin',(-8.01271186859327,2.79999999999999,17.9968455155592));
#11836=CARTESIAN_POINT('Origin',(-1.03620815631681E-15,2.79999999999999,
0.));
#11837=CARTESIAN_POINT('Origin',(-1.03620815631681E-15,2.79999999999999,
0.));
#11838=CARTESIAN_POINT('Origin',(0.,-2.08318339415797E-47,0.));
#11839=CARTESIAN_POINT('',(8.50079584028422,0.200000000000003,19.0931000647304));
#11840=CARTESIAN_POINT('',(8.50079584028422,2.6026181040023E-15,19.0931000647304));
#11841=CARTESIAN_POINT('',(-8.50079584028423,0.199999999999997,19.0931000647304));
#11842=CARTESIAN_POINT('Origin',(-7.40148683083438E-17,0.2,0.));
#11843=CARTESIAN_POINT('',(-8.50079584028423,-2.6026181040023E-15,19.0931000647304));
#11844=CARTESIAN_POINT('Origin',(8.01271186859326,2.45318548559069E-15,
17.9968455155592));
#11845=CARTESIAN_POINT('',(7.5246278969023,0.200000000000003,16.9005909663881));
#11846=CARTESIAN_POINT('',(7.5246278969023,2.30375286717907E-15,16.9005909663881));
#11847=CARTESIAN_POINT('Origin',(8.01271186859326,0.200000000000003,17.9968455155592));
#11848=CARTESIAN_POINT('Origin',(-8.01271186859327,0.199999999999997,17.9968455155592));
#11849=CARTESIAN_POINT('',(-7.52462789690231,0.199999999999997,16.9005909663881));
#11850=CARTESIAN_POINT('Origin',(-7.44328056828715,0.199999999999997,16.7178818748596));
#11851=CARTESIAN_POINT('Origin',(-8.01271186859327,0.199999999999997,17.9968455155592));
#11852=CARTESIAN_POINT('Origin',(-8.58214316889939,0.199999999999997,19.2758091562589));
#11853=CARTESIAN_POINT('Origin',(-7.40148683083438E-17,0.2,0.));
#11854=CARTESIAN_POINT('Origin',(8.58214316889938,0.200000000000003,19.2758091562589));
#11855=CARTESIAN_POINT('Origin',(8.01271186859326,0.200000000000003,17.9968455155592));
#11856=CARTESIAN_POINT('Origin',(7.44328056828714,0.200000000000003,16.7178818748596));
#11857=CARTESIAN_POINT('Origin',(-7.40148683083438E-17,0.2,0.));
#11858=CARTESIAN_POINT('Origin',(-7.40148683083438E-17,0.2,0.));
#11859=CARTESIAN_POINT('Origin',(-8.01271186859327,-2.45318548559069E-15,
17.9968455155592));
#11860=CARTESIAN_POINT('',(-7.52462789690231,-2.30375286717907E-15,16.9005909663881));
#11861=CARTESIAN_POINT('Origin',(0.,-2.08318339415797E-47,0.));
#11862=CARTESIAN_POINT('Origin',(0.,-2.08318339415797E-47,0.));
#11863=CARTESIAN_POINT('Origin',(17.9968455155592,5.50994481384475E-15,
-8.01271186859326));
#11864=CARTESIAN_POINT('Ctrl Pts',(15.7041334186115,18.8476068066213,4.8998182167701));
#11865=CARTESIAN_POINT('Ctrl Pts',(15.7292107137611,18.832321598583,4.91587408261309));
#11866=CARTESIAN_POINT('Ctrl Pts',(15.7552593663232,18.8171857683832,4.93056265871043));
#11867=CARTESIAN_POINT('Ctrl Pts',(15.7821632283512,18.8022769133737,4.94378184287891));
#11868=CARTESIAN_POINT('Ctrl Pts',(15.7360683249487,18.8523793352227,4.85457698169947));
#11869=CARTESIAN_POINT('Ctrl Pts',(15.7600884084272,18.8380034000683,4.86928240291959));
#11870=CARTESIAN_POINT('Ctrl Pts',(15.784945609997,18.8237288059111,4.88266859623426));
#11871=CARTESIAN_POINT('Ctrl Pts',(15.8105645156233,18.8097691180854,4.89464132336185));
#11872=CARTESIAN_POINT('Ctrl Pts',(15.7833378526332,18.8183229486469,4.74851247450968));
#11873=CARTESIAN_POINT('Ctrl Pts',(15.8048653015229,18.8047390216477,4.7602310451436));
#11874=CARTESIAN_POINT('Ctrl Pts',(15.8270357502082,18.7913903216691,4.77068295413631));
#11875=CARTESIAN_POINT('Ctrl Pts',(15.8497077768074,18.7782808186793,4.77988532503097));
#11876=CARTESIAN_POINT('Ctrl Pts',(15.7673906361793,18.7199635465089,4.67984632784375));
#11877=CARTESIAN_POINT('Ctrl Pts',(15.7867878941399,18.7052561866004,4.69113797317817));
#11878=CARTESIAN_POINT('Ctrl Pts',(15.8068372689311,18.6906954107155,4.70143454253724));
#11879=CARTESIAN_POINT('Ctrl Pts',(15.8274114955983,18.6763995909972,4.71048980400278));
#11880=CARTESIAN_POINT('Ctrl Pts',(15.7460230040708,18.6705176238772,4.66613831354865));
#11881=CARTESIAN_POINT('Ctrl Pts',(15.764833767353,18.6552183321051,4.67820601532599));
#11882=CARTESIAN_POINT('Ctrl Pts',(15.7843678518815,18.6400682668479,4.68925383711395));
#11883=CARTESIAN_POINT('Ctrl Pts',(15.8045381748389,18.6251451048166,4.69920504647901));
#11884=CARTESIAN_POINT('',(15.7821632283512,18.8022769133737,4.94378184287891));
#11885=CARTESIAN_POINT('',(15.8045381748389,18.6251451048166,4.69920504647901));
#11886=CARTESIAN_POINT('Origin',(15.7160496322434,18.6251451048166,4.87856440037315));
#11887=CARTESIAN_POINT('Ctrl Pts',(15.8045381748389,18.6251451048166,4.69920504647901));
#11888=CARTESIAN_POINT('Ctrl Pts',(15.7843678518815,18.6400682668479,4.68925383711395));
#11889=CARTESIAN_POINT('Ctrl Pts',(15.764833767353,18.6552183321051,4.67820601532599));
#11890=CARTESIAN_POINT('Ctrl Pts',(15.7460230040708,18.6705176238772,4.66613831354865));
#11891=CARTESIAN_POINT('Ctrl Pts',(15.7041334186115,18.8476068066213,4.8998182167701));
#11892=CARTESIAN_POINT('Ctrl Pts',(15.7292107137611,18.832321598583,4.91587408261309));
#11893=CARTESIAN_POINT('Ctrl Pts',(15.7552593663232,18.8171857683832,4.93056265871043));
#11894=CARTESIAN_POINT('Ctrl Pts',(15.7821632283512,18.8022769133737,4.94378184287891));
#11895=CARTESIAN_POINT('Ctrl Pts',(17.7978410945111,17.5272086766008,5.68261888291204));
#11896=CARTESIAN_POINT('Ctrl Pts',(17.1325537354586,17.8912578640357,5.35439340968402));
#11897=CARTESIAN_POINT('Ctrl Pts',(16.4680064282346,18.2569911986189,5.02653304764938));
#11898=CARTESIAN_POINT('Ctrl Pts',(15.8045381748389,18.6251451048166,4.69920504647901));
#11899=CARTESIAN_POINT('Ctrl Pts',(17.8202453169133,17.5781172597792,5.69367220656266));
#11900=CARTESIAN_POINT('Ctrl Pts',(17.1550961016171,17.9422751098804,5.36550738713777));
#11901=CARTESIAN_POINT('Ctrl Pts',(16.4906924271485,18.3081190845552,5.03773501372836));
#11902=CARTESIAN_POINT('Ctrl Pts',(15.8274114955983,18.6763995909972,4.71048980400279));
#11903=CARTESIAN_POINT('Ctrl Pts',(17.8420812933245,17.6793334688873,5.76167570239917));
#11904=CARTESIAN_POINT('Ctrl Pts',(17.1770512359288,18.0436911095101,5.4339258466781));
#11905=CARTESIAN_POINT('Ctrl Pts',(16.5128107742827,18.4097667114673,5.10659642819979));
#11906=CARTESIAN_POINT('Ctrl Pts',(15.8497052644464,18.7782779401999,4.77988717989338));
#11907=CARTESIAN_POINT('Ctrl Pts',(17.8039780292972,17.711851335762,5.87497502235481));
#11908=CARTESIAN_POINT('Ctrl Pts',(17.1386439935372,18.0759177708357,5.54766194782349));
#11909=CARTESIAN_POINT('Ctrl Pts',(16.4740487057827,18.4416356445662,5.22080667819837));
#11910=CARTESIAN_POINT('Ctrl Pts',(15.8105645156233,18.8097691180854,4.89464132336186));
#11911=CARTESIAN_POINT('Ctrl Pts',(17.7761868336187,17.7052292931829,5.92396080581537));
#11912=CARTESIAN_POINT('Ctrl Pts',(17.1106695524401,18.0690308433758,5.59669449280942));
#11913=CARTESIAN_POINT('Ctrl Pts',(16.4458806011576,18.4344759609256,5.26989867241958));
#11914=CARTESIAN_POINT('Ctrl Pts',(15.7821632283512,18.8022769133737,4.94378184287891));
#11915=CARTESIAN_POINT('',(17.7761868336186,17.7052292931829,5.92396080581543));
#11916=CARTESIAN_POINT('Ctrl Pts',(15.7821632283512,18.8022769133737,4.94378184287891));
#11917=CARTESIAN_POINT('Ctrl Pts',(16.4458806011576,18.4344759609256,5.26989867241958));
#11918=CARTESIAN_POINT('Ctrl Pts',(17.1106695524401,18.0690308433758,5.59669449280942));
#11919=CARTESIAN_POINT('Ctrl Pts',(17.7761868336187,17.7052292931829,5.92396080581537));
#11920=CARTESIAN_POINT('',(17.7978410945111,17.5272086766008,5.68261888291204));
#11921=CARTESIAN_POINT('Origin',(17.7093525519156,17.5272086766008,5.86197823680618));
#11922=CARTESIAN_POINT('Ctrl Pts',(17.7978410945111,17.5272086766008,5.68261888291204));
#11923=CARTESIAN_POINT('Ctrl Pts',(17.1325537354586,17.8912578640357,5.35439340968402));
#11924=CARTESIAN_POINT('Ctrl Pts',(16.4680064282346,18.2569911986189,5.02653304764938));
#11925=CARTESIAN_POINT('Ctrl Pts',(15.8045381748389,18.6251451048166,4.69920504647901));
#11926=CARTESIAN_POINT('Ctrl Pts',(18.110059025416,16.9781636082262,5.83665439362351));
#11927=CARTESIAN_POINT('Ctrl Pts',(18.110059025416,17.0759997908798,5.83665439362351));
#11928=CARTESIAN_POINT('Ctrl Pts',(18.0577575581905,17.3039267843119,5.81085099664471));
#11929=CARTESIAN_POINT('Ctrl Pts',(17.9028625805388,17.4697402967626,5.73443217303624));
#11930=CARTESIAN_POINT('Ctrl Pts',(17.7978410945111,17.5272086766008,5.68261888291204));
#11931=CARTESIAN_POINT('Ctrl Pts',(18.1529536343457,16.9781636082262,5.85781683286621));
#11932=CARTESIAN_POINT('Ctrl Pts',(18.154003782626,17.0839950164065,5.85830331193533));
#11933=CARTESIAN_POINT('Ctrl Pts',(18.1002199780682,17.3315243146049,5.8317882841411));
#11934=CARTESIAN_POINT('Ctrl Pts',(17.9340795449951,17.5141051117064,5.74990386743883));
#11935=CARTESIAN_POINT('Ctrl Pts',(17.8202453169133,17.5781172597792,5.69367220656266));
#11936=CARTESIAN_POINT('Ctrl Pts',(18.2225628670895,16.9781636082262,5.93221482460886));
#11937=CARTESIAN_POINT('Ctrl Pts',(18.2248125372305,17.0998937147,5.93534536667308));
#11938=CARTESIAN_POINT('Ctrl Pts',(18.1657172101203,17.3865109025821,5.91181105740236));
#11939=CARTESIAN_POINT('Ctrl Pts',(17.9746859946675,17.6024248857891,5.82394272598444));
#11940=CARTESIAN_POINT('Ctrl Pts',(17.8419967692677,17.6792365930755,5.7617395768624));
#11941=CARTESIAN_POINT('Ctrl Pts',(18.2264200252061,16.9781636082262,6.03402655669204));
#11942=CARTESIAN_POINT('Ctrl Pts',(18.2261905696375,17.1080514487943,6.04001680862699));
#11943=CARTESIAN_POINT('Ctrl Pts',(18.1554158660534,17.41178138131,6.02181931972097));
#11944=CARTESIAN_POINT('Ctrl Pts',(17.9461036993175,17.6341579480918,5.93634338620747));
#11945=CARTESIAN_POINT('Ctrl Pts',(17.8039780292972,17.711851335762,5.87497502235481));
#11946=CARTESIAN_POINT('Ctrl Pts',(18.2112627479893,16.9781636082262,6.07939232856145));
#11947=CARTESIAN_POINT('Ctrl Pts',(18.2090757791961,17.109086674677,6.08593793209835));
#11948=CARTESIAN_POINT('Ctrl Pts',(18.1321585621661,17.4134306361577,6.06861883688078));
#11949=CARTESIAN_POINT('Ctrl Pts',(17.9186089761184,17.6307878503085,5.98419435255042));
#11950=CARTESIAN_POINT('Ctrl Pts',(17.7761868336187,17.7052292931829,5.92396080581537));
#11951=CARTESIAN_POINT('',(18.2112627479893,16.9781636082262,6.07939232856145));
#11952=CARTESIAN_POINT('Ctrl Pts',(17.7761868336187,17.7052292931829,5.92396080581537));
#11953=CARTESIAN_POINT('Ctrl Pts',(17.9186089761184,17.6307878503085,5.98419435255042));
#11954=CARTESIAN_POINT('Ctrl Pts',(18.1321585621661,17.4134306361577,6.06861883688078));
#11955=CARTESIAN_POINT('Ctrl Pts',(18.2090757791961,17.109086674677,6.08593793209835));
#11956=CARTESIAN_POINT('Ctrl Pts',(18.2112627479893,16.9781636082262,6.07939232856145));
#11957=CARTESIAN_POINT('',(18.110059025416,16.9781636082262,5.83665439362351));
#11958=CARTESIAN_POINT('Origin',(18.0215704828205,16.9781636082262,6.01601374751765));
#11959=CARTESIAN_POINT('Ctrl Pts',(18.110059025416,16.9781636082262,5.83665439362351));
#11960=CARTESIAN_POINT('Ctrl Pts',(18.110059025416,17.0759997908798,5.83665439362351));
#11961=CARTESIAN_POINT('Ctrl Pts',(18.0577575581905,17.3039267843119,5.81085099664471));
#11962=CARTESIAN_POINT('Ctrl Pts',(17.9028625805388,17.4697402967626,5.73443217303624));
#11963=CARTESIAN_POINT('Ctrl Pts',(17.7978410945111,17.5272086766008,5.68261888291204));
#11964=CARTESIAN_POINT('Ctrl Pts',(17.7978410945111,16.4491546634195,5.68261888291203));
#11965=CARTESIAN_POINT('Ctrl Pts',(17.8898646379041,16.4934957568842,5.72801952169961));
#11966=CARTESIAN_POINT('Ctrl Pts',(18.0504382109528,16.6428459665754,5.80723993117334));
#11967=CARTESIAN_POINT('Ctrl Pts',(18.110059025416,16.8663795167348,5.83665439362351));
#11968=CARTESIAN_POINT('Ctrl Pts',(18.110059025416,16.9781636082262,5.83665439362351));
#11969=CARTESIAN_POINT('Ctrl Pts',(17.8157807084933,16.4028614235063,5.69146955203827));
#11970=CARTESIAN_POINT('Ctrl Pts',(17.915605808877,16.4512277213657,5.7407259858703));
#11971=CARTESIAN_POINT('Ctrl Pts',(18.0903788280797,16.612892252914,5.82700567240227));
#11972=CARTESIAN_POINT('Ctrl Pts',(18.1576929096582,16.8559194121935,5.86020859154348));
#11973=CARTESIAN_POINT('Ctrl Pts',(18.1590814356214,16.9781636082262,5.86084003847231));
#11974=CARTESIAN_POINT('Ctrl Pts',(17.831502103654,16.3222879985587,5.73829654243692));
#11975=CARTESIAN_POINT('Ctrl Pts',(17.9450205239803,16.3776181279398,5.79391053753815));
#11976=CARTESIAN_POINT('Ctrl Pts',(18.1443276167331,16.5608359862699,5.89302717408614));
#11977=CARTESIAN_POINT('Ctrl Pts',(18.2233291358379,16.8378501041907,5.93611518212656));
#11978=CARTESIAN_POINT('Ctrl Pts',(18.2258700092481,16.9781636082262,5.94005833925443));
#11979=CARTESIAN_POINT('Ctrl Pts',(17.8129111827036,16.279622852912,5.817648325315));
#11980=CARTESIAN_POINT('Ctrl Pts',(17.9340425611301,16.3383200703425,5.8763038066838));
#11981=CARTESIAN_POINT('Ctrl Pts',(18.1458282205408,16.5340289538898,5.98309187879866));
#11982=CARTESIAN_POINT('Ctrl Pts',(18.2248560704922,16.8296138433674,6.0335701221758));
#11983=CARTESIAN_POINT('Ctrl Pts',(18.2242546998894,16.9781636082262,6.04050738124481));
#11984=CARTESIAN_POINT('Ctrl Pts',(17.7999742190843,16.2711340468374,5.85216123567035));
#11985=CARTESIAN_POINT('Ctrl Pts',(17.9227070978364,16.3303475389122,5.91134791720124));
#11986=CARTESIAN_POINT('Ctrl Pts',(18.1368680415124,16.5290522104786,6.01988566270493));
#11987=CARTESIAN_POINT('Ctrl Pts',(18.213761499607,16.8285756373801,6.07191355818439));
#11988=CARTESIAN_POINT('Ctrl Pts',(18.2112627479893,16.9781636082262,6.07939232856145));
#11989=CARTESIAN_POINT('',(17.7999742190843,16.2711340468374,5.8521612356704));
#11990=CARTESIAN_POINT('Ctrl Pts',(18.2112627479893,16.9781636082262,6.07939232856145));
#11991=CARTESIAN_POINT('Ctrl Pts',(18.213761499607,16.8285756373801,6.07191355818439));
#11992=CARTESIAN_POINT('Ctrl Pts',(18.1368680415124,16.5290522104786,6.01988566270493));
#11993=CARTESIAN_POINT('Ctrl Pts',(17.9227070978364,16.3303475389122,5.91134791720124));
#11994=CARTESIAN_POINT('Ctrl Pts',(17.7999742190843,16.2711340468374,5.85216123567035));
#11995=CARTESIAN_POINT('',(17.7978410945111,16.4491546634195,5.68261888291203));
#11996=CARTESIAN_POINT('Origin',(17.7093525519156,16.4491546634195,5.86197823680616));
#11997=CARTESIAN_POINT('Ctrl Pts',(17.7978410945111,16.4491546634195,5.68261888291203));
#11998=CARTESIAN_POINT('Ctrl Pts',(17.8898646379041,16.4934957568842,5.72801952169961));
#11999=CARTESIAN_POINT('Ctrl Pts',(18.0504382109528,16.6428459665754,5.80723993117334));
#12000=CARTESIAN_POINT('Ctrl Pts',(18.110059025416,16.8663795167348,5.83665439362351));
#12001=CARTESIAN_POINT('Ctrl Pts',(18.110059025416,16.9781636082262,5.83665439362351));
#12002=CARTESIAN_POINT('Ctrl Pts',(15.8045381748389,15.4989330895855,4.69920504647901));
#12003=CARTESIAN_POINT('Ctrl Pts',(16.4702247128966,15.8123932154042,5.02762745824207));
#12004=CARTESIAN_POINT('Ctrl Pts',(17.1345146621406,16.1295340723091,5.35536085041381));
#12005=CARTESIAN_POINT('Ctrl Pts',(17.7978410945111,16.4491546634195,5.68261888291203));
#12006=CARTESIAN_POINT('Ctrl Pts',(15.8217094772418,15.4535908844691,4.70767666221082));
#12007=CARTESIAN_POINT('Ctrl Pts',(16.4876977359443,15.7666923716979,5.03623588358436));
#12008=CARTESIAN_POINT('Ctrl Pts',(17.1522265331602,16.0835276892216,5.36410933697693));
#12009=CARTESIAN_POINT('Ctrl Pts',(17.8157807084933,16.4028614235062,5.69146955203827));
#12010=CARTESIAN_POINT('Ctrl Pts',(15.8368767255469,15.3746323998355,4.75229512607553));
#12011=CARTESIAN_POINT('Ctrl Pts',(16.5030805995834,15.68713642362,5.08169215368363));
#12012=CARTESIAN_POINT('Ctrl Pts',(17.1678044007575,16.0034295677625,5.41027131143306));
#12013=CARTESIAN_POINT('Ctrl Pts',(17.8315025877753,16.3222874715638,5.73829607585709));
#12014=CARTESIAN_POINT('Ctrl Pts',(15.8196395309332,15.3311596674109,4.82872577052814));
#12015=CARTESIAN_POINT('Ctrl Pts',(16.4853590367403,15.6439460654741,5.15922454033364));
#12016=CARTESIAN_POINT('Ctrl Pts',(17.1496282140332,15.9605160821509,5.48876347328618));
#12017=CARTESIAN_POINT('Ctrl Pts',(17.8129111827036,16.279622852912,5.817648325315));
#12018=CARTESIAN_POINT('Ctrl Pts',(15.807481675935,15.3218012810284,4.86230082808186));
#12019=CARTESIAN_POINT('Ctrl Pts',(16.4729151325876,15.6349072730079,5.19315742937047));
#12020=CARTESIAN_POINT('Ctrl Pts',(17.1369274007891,15.9517603630612,5.5230069517671));
#12021=CARTESIAN_POINT('Ctrl Pts',(17.7999742190843,16.2711340468374,5.85216123567035));
#12022=CARTESIAN_POINT('',(15.807481675935,15.3218012810284,4.86230082808186));
#12023=CARTESIAN_POINT('Ctrl Pts',(17.7999742190843,16.2711340468374,5.85216123567035));
#12024=CARTESIAN_POINT('Ctrl Pts',(17.1369274007891,15.9517603630612,5.5230069517671));
#12025=CARTESIAN_POINT('Ctrl Pts',(16.4729151325876,15.6349072730079,5.19315742937047));
#12026=CARTESIAN_POINT('Ctrl Pts',(15.807481675935,15.3218012810284,4.86230082808186));
#12027=CARTESIAN_POINT('',(15.8045381748389,15.4989330895855,4.69920504647901));
#12028=CARTESIAN_POINT('Origin',(15.7160496322434,15.4989330895855,4.87856440037315));
#12029=CARTESIAN_POINT('Ctrl Pts',(15.8045381748389,15.4989330895855,4.69920504647901));
#12030=CARTESIAN_POINT('Ctrl Pts',(16.4702247128966,15.8123932154042,5.02762745824207));
#12031=CARTESIAN_POINT('Ctrl Pts',(17.1345146621406,16.1295340723091,5.35536085041381));
#12032=CARTESIAN_POINT('Ctrl Pts',(17.7978410945111,16.4491546634195,5.68261888291203));
#12033=CARTESIAN_POINT('Ctrl Pts',(15.7460230040706,15.4627386164445,4.66613831354849));
#12034=CARTESIAN_POINT('Ctrl Pts',(15.7650170358094,15.4742962792164,4.67832358785849));
#12035=CARTESIAN_POINT('Ctrl Pts',(15.7845665317013,15.4863940272034,4.6893518575813));
#12036=CARTESIAN_POINT('Ctrl Pts',(15.8045381748389,15.4989330895855,4.69920504647901));
#12037=CARTESIAN_POINT('Ctrl Pts',(15.7603778947641,15.4183383039365,4.67534743161231));
#12038=CARTESIAN_POINT('Ctrl Pts',(15.7803278661139,15.4295976918822,4.68736887601479));
#12039=CARTESIAN_POINT('Ctrl Pts',(15.8008222956172,15.441390151269,4.69818088198846));
#12040=CARTESIAN_POINT('Ctrl Pts',(15.8217094772418,15.4535908844691,4.70767666221082));
#12041=CARTESIAN_POINT('Ctrl Pts',(15.7686481605626,15.3409698291628,4.71749366084957));
#12042=CARTESIAN_POINT('Ctrl Pts',(15.7908468428696,15.3517368951925,4.73051060018703));
#12043=CARTESIAN_POINT('Ctrl Pts',(15.8136484772217,15.3629861509217,4.74210589696961));
#12044=CARTESIAN_POINT('Ctrl Pts',(15.8368781523501,15.3746308611812,4.7522937026133));
#12045=CARTESIAN_POINT('Ctrl Pts',(15.7443469920745,15.2961960542927,4.78722432814224));
#12046=CARTESIAN_POINT('Ctrl Pts',(15.7688033523588,15.3073639565144,4.80257664251742));
#12047=CARTESIAN_POINT('Ctrl Pts',(15.7939561054583,15.3190566648454,4.81641340335017));
#12048=CARTESIAN_POINT('Ctrl Pts',(15.8196395309332,15.3311596674109,4.82872577052814));
#12049=CARTESIAN_POINT('Ctrl Pts',(15.7294864009693,15.2856494337005,4.81789111846152));
#12050=CARTESIAN_POINT('Ctrl Pts',(15.7548053486203,15.2971928755242,4.83425455554074));
#12051=CARTESIAN_POINT('Ctrl Pts',(15.780862942205,15.3092763847425,4.84906587019921));
#12052=CARTESIAN_POINT('Ctrl Pts',(15.807481675935,15.3218012810284,4.86230082808186));
#12053=CARTESIAN_POINT('',(15.7294864009699,15.2856494337009,4.81789111846048));
#12054=CARTESIAN_POINT('Ctrl Pts',(15.807481675935,15.3218012810284,4.86230082808186));
#12055=CARTESIAN_POINT('Ctrl Pts',(15.780862942205,15.3092763847425,4.84906587019921));
#12056=CARTESIAN_POINT('Ctrl Pts',(15.7548053486203,15.2971928755242,4.83425455554074));
#12057=CARTESIAN_POINT('Ctrl Pts',(15.7294864009693,15.2856494337005,4.81789111846152));
#12058=CARTESIAN_POINT('',(15.7460230040706,15.4627386164445,4.66613831354849));
#12059=CARTESIAN_POINT('Origin',(15.6380294045523,15.4627386164445,4.83447542313246));
#12060=CARTESIAN_POINT('Ctrl Pts',(15.7460230040706,15.4627386164445,4.66613831354849));
#12061=CARTESIAN_POINT('Ctrl Pts',(15.7650170358094,15.4742962792164,4.67832358785849));
#12062=CARTESIAN_POINT('Ctrl Pts',(15.7845665317013,15.4863940272034,4.6893518575813));
#12063=CARTESIAN_POINT('Ctrl Pts',(15.8045381748389,15.4989330895855,4.69920504647901));
#12064=CARTESIAN_POINT('Ctrl Pts',(15.4891602916891,14.7822283723855,4.01072480461585));
#12065=CARTESIAN_POINT('Ctrl Pts',(15.4841629824332,14.7757683218992,4.03002409037079));
#12066=CARTESIAN_POINT('Ctrl Pts',(15.4772838030917,14.8213617158515,4.06403679844103));
#12067=CARTESIAN_POINT('Ctrl Pts',(15.4657518689749,14.9302684950403,4.16315189197276));
#12068=CARTESIAN_POINT('Ctrl Pts',(15.4831034248058,15.1804316555103,4.37929753440886));
#12069=CARTESIAN_POINT('Ctrl Pts',(15.6089704669245,15.3793436306855,4.57821476035157));
#12070=CARTESIAN_POINT('Ctrl Pts',(15.7460230040706,15.4627386164445,4.66613831354848));
#12071=CARTESIAN_POINT('Ctrl Pts',(15.4892338430544,14.7810210478499,4.01044075399132));
#12072=CARTESIAN_POINT('Ctrl Pts',(15.4838943385769,14.7745531318196,4.0310226824956));
#12073=CARTESIAN_POINT('Ctrl Pts',(15.4767639449177,14.8179632940094,4.06681027585712));
#12074=CARTESIAN_POINT('Ctrl Pts',(15.4653151513688,14.9212852995792,4.17097906902953));
#12075=CARTESIAN_POINT('Ctrl Pts',(15.4873281802774,15.1588639856591,4.39811802346104));
#12076=CARTESIAN_POINT('Ctrl Pts',(15.6250135431351,15.342526173564,4.59414973044007));
#12077=CARTESIAN_POINT('Ctrl Pts',(15.7603778947641,15.4183383039365,4.6753474316123));
#12078=CARTESIAN_POINT('Ctrl Pts',(15.4893429428076,14.7789082299168,4.00993858630471));
#12079=CARTESIAN_POINT('Ctrl Pts',(15.4834140856392,14.7724265491773,4.03276829210473));
#12080=CARTESIAN_POINT('Ctrl Pts',(15.4756706063722,14.8120101779045,4.0715850588355));
#12081=CARTESIAN_POINT('Ctrl Pts',(15.4631274853091,14.9055434242723,4.18469233016015));
#12082=CARTESIAN_POINT('Ctrl Pts',(15.4863093412273,15.1210361847506,4.43095807574149));
#12083=CARTESIAN_POINT('Ctrl Pts',(15.6330636375614,15.2780759943955,4.63708885919076));
#12084=CARTESIAN_POINT('Ctrl Pts',(15.7686482083011,15.3409697822442,4.71749361981283));
#12085=CARTESIAN_POINT('Ctrl Pts',(15.4894176831688,14.7767960540885,4.00942768288107));
#12086=CARTESIAN_POINT('Ctrl Pts',(15.4829162732887,14.7703002967137,4.03450992426574));
#12087=CARTESIAN_POINT('Ctrl Pts',(15.4742443051791,14.8060431446605,4.07625662143429));
#12088=CARTESIAN_POINT('Ctrl Pts',(15.4582541315616,14.8903069799081,4.19830119146682));
#12089=CARTESIAN_POINT('Ctrl Pts',(15.4710749214745,15.085071068083,4.46191867293446));
#12090=CARTESIAN_POINT('Ctrl Pts',(15.603704218152,15.2340580679734,4.69285334194771));
#12091=CARTESIAN_POINT('Ctrl Pts',(15.7443469920745,15.2961960542927,4.78722432814225));
#12092=CARTESIAN_POINT('Ctrl Pts',(15.4894434007887,14.7758910422419,4.00920714115639));
#12093=CARTESIAN_POINT('Ctrl Pts',(15.4826997223989,14.7693891517839,4.03525552406948));
#12094=CARTESIAN_POINT('Ctrl Pts',(15.4735703273702,14.8034808151092,4.07824173816256));
#12095=CARTESIAN_POINT('Ctrl Pts',(15.4557229554145,14.8838935129152,4.20404581537466));
#12096=CARTESIAN_POINT('Ctrl Pts',(15.4619554897511,15.070318421734,4.47464998766467));
#12097=CARTESIAN_POINT('Ctrl Pts',(15.5857802127449,15.2209198562622,4.71658880841658));
#12098=CARTESIAN_POINT('Ctrl Pts',(15.7294864009694,15.2856494337005,4.81789111846153));
#12099=CARTESIAN_POINT('Ctrl Pts',(15.4891602916891,14.7822283723855,4.01072480461585));
#12100=CARTESIAN_POINT('Ctrl Pts',(15.4841629824332,14.7757683218992,4.03002409037079));
#12101=CARTESIAN_POINT('Ctrl Pts',(15.4772838030917,14.8213617158515,4.06403679844103));
#12102=CARTESIAN_POINT('Ctrl Pts',(15.4657518689749,14.9302684950403,4.16315189197276));
#12103=CARTESIAN_POINT('Ctrl Pts',(15.4831034248058,15.1804316555103,4.37929753440886));
#12104=CARTESIAN_POINT('Ctrl Pts',(15.6089704669245,15.3793436306855,4.57821476035157));
#12105=CARTESIAN_POINT('Ctrl Pts',(15.7460230040706,15.4627386164445,4.66613831354848));
#12106=CARTESIAN_POINT('Ctrl Pts',(15.7294864009694,15.2856494337005,4.81789111846153));
#12107=CARTESIAN_POINT('Ctrl Pts',(15.7075171121276,15.2757538070687,4.80240438308002));
#12108=CARTESIAN_POINT('Ctrl Pts',(15.6868919698809,15.2649830248235,4.7854503932729));
#12109=CARTESIAN_POINT('Ctrl Pts',(15.6676617833724,15.2534507579794,4.76726250337773));
#12110=CARTESIAN_POINT('Ctrl Pts',(15.6470349925478,15.2410809530468,4.74775370660947));
#12111=CARTESIAN_POINT('Ctrl Pts',(15.6280134734433,15.2278352378689,4.72682584386962));
#12112=CARTESIAN_POINT('Ctrl Pts',(15.6106171746504,15.2138776535461,4.70480615296672));
#12113=CARTESIAN_POINT('Ctrl Pts',(15.5966378144621,15.2026615839138,4.68711151607708));
#12114=CARTESIAN_POINT('Ctrl Pts',(15.5837070398877,15.1909864123124,4.66871285662334));
#12115=CARTESIAN_POINT('Ctrl Pts',(15.5718156627084,15.1789453628157,4.64979163948513));
#12116=CARTESIAN_POINT('Ctrl Pts',(15.5534073819833,15.1603053839453,4.62050091297874));
#12117=CARTESIAN_POINT('Ctrl Pts',(15.5374729496483,15.1407821106417,4.58994399857639));
#12118=CARTESIAN_POINT('Ctrl Pts',(15.523856527964,15.120584331907,4.55849329858466));
#12119=CARTESIAN_POINT('Ctrl Pts',(15.5108047241925,15.1012240733325,4.52834673186636));
#12120=CARTESIAN_POINT('Ctrl Pts',(15.4998832932457,15.0812443052663,4.49737777780138));
#12121=CARTESIAN_POINT('Ctrl Pts',(15.4909807384942,15.0607936487111,4.46590932284518));
#12122=CARTESIAN_POINT('Ctrl Pts',(15.4838939172954,15.0445140356731,4.4408590625659));
#12123=CARTESIAN_POINT('Ctrl Pts',(15.4780865878765,15.027935570192,4.41549207048325));
#12124=CARTESIAN_POINT('Ctrl Pts',(15.4735151840982,15.0111134807332,4.38997508095544));
#12125=CARTESIAN_POINT('Ctrl Pts',(15.4731617985097,15.0098130740592,4.38800252792849));
#12126=CARTESIAN_POINT('Ctrl Pts',(15.4728158059487,15.0085112013674,4.38602908143791));
#12127=CARTESIAN_POINT('Ctrl Pts',(15.4724771762192,15.0072079127196,4.38405473036688));
#12128=CARTESIAN_POINT('Ctrl Pts',(15.4689864128884,14.9937729664486,4.3637021395548));
#12129=CARTESIAN_POINT('Ctrl Pts',(15.4663070456972,14.980250198679,4.34325045210315));
#12130=CARTESIAN_POINT('Ctrl Pts',(15.4643659911649,14.9666326718256,4.32273289802214));
#12131=CARTESIAN_POINT('Ctrl Pts',(15.4626078879353,14.9542986453765,4.3041491964859));
#12132=CARTESIAN_POINT('Ctrl Pts',(15.4614562447296,14.9418864022993,4.28551084018591));
#12133=CARTESIAN_POINT('Ctrl Pts',(15.460883376785,14.9294072709215,4.26682291040825));
#12134=CARTESIAN_POINT('Ctrl Pts',(15.4603650274602,14.9181157518445,4.24991347102446));
#12135=CARTESIAN_POINT('Ctrl Pts',(15.4603191974816,14.9067586843742,4.23295398374943));
#12136=CARTESIAN_POINT('Ctrl Pts',(15.4607354193875,14.8953532211931,4.21596164075904));
#12137=CARTESIAN_POINT('Ctrl Pts',(15.4608031306664,14.8934977722449,4.21319731418776));
#12138=CARTESIAN_POINT('Ctrl Pts',(15.4608831156923,14.8916411231376,4.21043205508752));
#12139=CARTESIAN_POINT('Ctrl Pts',(15.460975379315,14.8897834431053,4.20766586297689));
#12140=CARTESIAN_POINT('Ctrl Pts',(15.4614532533266,14.8801616985538,4.19333853350866));
#12141=CARTESIAN_POINT('Ctrl Pts',(15.4622604227058,14.8705083017764,4.17898483912024));
#12142=CARTESIAN_POINT('Ctrl Pts',(15.4633908345841,14.8608760200004,4.16465896518278));
#12143=CARTESIAN_POINT('Ctrl Pts',(15.4638202560168,14.8572169039566,4.1592168449888));
#12144=CARTESIAN_POINT('Ctrl Pts',(15.4642964089547,14.8535612244542,4.15377837565034));
#12145=CARTESIAN_POINT('Ctrl Pts',(15.4648191881368,14.8499132543583,4.1483451427343));
#12146=CARTESIAN_POINT('Ctrl Pts',(15.4650719495814,14.8481494767964,4.14571819841898));
#12147=CARTESIAN_POINT('Ctrl Pts',(15.4653351268746,14.8463858521223,4.14309336067187));
#12148=CARTESIAN_POINT('Ctrl Pts',(15.4656094260731,14.8446257041035,4.14046972689837));
#12149=CARTESIAN_POINT('Ctrl Pts',(15.4661384270634,14.841231162487,4.13540990582906));
#12150=CARTESIAN_POINT('Ctrl Pts',(15.4667090033552,14.8378498350536,4.13035421542442));
#12151=CARTESIAN_POINT('Ctrl Pts',(15.4673254840052,14.8344705539816,4.12529679543916));
#12152=CARTESIAN_POINT('Ctrl Pts',(15.4676765365304,14.8325462354265,4.12241686716115));
#12153=CARTESIAN_POINT('Ctrl Pts',(15.4680427468798,14.8306236516775,4.1195357899784));
#12154=CARTESIAN_POINT('Ctrl Pts',(15.4684252067851,14.828702167359,4.11665096716813));
#12155=CARTESIAN_POINT('Ctrl Pts',(15.46910964456,14.8252635416809,4.11148838233879));
#12156=CARTESIAN_POINT('Ctrl Pts',(15.4698431136497,14.8218157011035,4.10632039373866));
#12157=CARTESIAN_POINT('Ctrl Pts',(15.4706374087977,14.8183836542853,4.10111694197277));
#12158=CARTESIAN_POINT('Ctrl Pts',(15.4713965801647,14.8151033727911,4.09614358716807));
#12159=CARTESIAN_POINT('Ctrl Pts',(15.4722110671378,14.8118374412269,4.0911381375816));
#12160=CARTESIAN_POINT('Ctrl Pts',(15.4730779373523,14.8085764801486,4.08610317398962));
#12161=CARTESIAN_POINT('Ctrl Pts',(15.4735951943128,14.8066306815876,4.08309883733036));
#12162=CARTESIAN_POINT('Ctrl Pts',(15.4741375638657,14.8047303815986,4.08007413389077));
#12163=CARTESIAN_POINT('Ctrl Pts',(15.4746959213931,14.8028227996482,4.07704105815884));
#12164=CARTESIAN_POINT('Ctrl Pts',(15.4754392913089,14.8002831382946,4.07300296940608));
#12165=CARTESIAN_POINT('Ctrl Pts',(15.4762106295478,14.7977289258336,4.06895031075824));
#12166=CARTESIAN_POINT('Ctrl Pts',(15.4770071739645,14.7952202499333,4.06487304824612));
#12167=CARTESIAN_POINT('Ctrl Pts',(15.4776640948246,14.7931513112834,4.06151047518675));
#12168=CARTESIAN_POINT('Ctrl Pts',(15.478338409863,14.7911129050769,4.05813098322135));
#12169=CARTESIAN_POINT('Ctrl Pts',(15.4790344776746,14.7891641461138,4.05472079772698));
#12170=CARTESIAN_POINT('Ctrl Pts',(15.925720014623,15.4594217611684,4.12388064628233));
#12171=CARTESIAN_POINT('Ctrl Pts',(15.4846213361525,15.0358761587724,5.8256568341111));
#12172=CARTESIAN_POINT('Ctrl Pts',(13.3436148187363,13.7652393515844,10.7312199217795));
#12173=CARTESIAN_POINT('Ctrl Pts',(7.57931698035441,12.0710569420003,15.3422300916805));
#12174=CARTESIAN_POINT('Ctrl Pts',(-1.17813996864072,9.95332893002031,17.0613113477926));
#12175=CARTESIAN_POINT('Ctrl Pts',(-8.25489484026451,8.25914652043627,14.9766297889601));
#12176=CARTESIAN_POINT('Ctrl Pts',(-14.6653942465778,6.14141850845623,8.76628854483028));
#12177=CARTESIAN_POINT('Ctrl Pts',(-16.4202356394407,4.8707817012682,3.51602630115844));
#12178=CARTESIAN_POINT('Ctrl Pts',(-16.4202356394407,4.02369049647618,2.0128124123323E-15));
#12179=CARTESIAN_POINT('Ctrl Pts',(15.785777333275,15.3920089534521,4.08760764384774));
#12180=CARTESIAN_POINT('Ctrl Pts',(15.3485684660393,14.968463351056,5.7743767857303));
#12181=CARTESIAN_POINT('Ctrl Pts',(13.2263874477157,13.697826543868,10.6368156940205));
#12182=CARTESIAN_POINT('Ctrl Pts',(7.51274972265636,12.003644134284,15.2072364615153));
#12183=CARTESIAN_POINT('Ctrl Pts',(-1.1676158508076,9.88591612230394,16.911237344254));
#12184=CARTESIAN_POINT('Ctrl Pts',(-8.18215104890156,8.19173371271991,14.844830034581));
#12185=CARTESIAN_POINT('Ctrl Pts',(-14.5362321667471,6.07400570073987,8.68920792972946));
#12186=CARTESIAN_POINT('Ctrl Pts',(-16.2756684067477,4.80336889355184,3.48502036240636));
#12187=CARTESIAN_POINT('Ctrl Pts',(-16.2756684067477,3.95627768875982,1.9951080324544E-15));
#12188=CARTESIAN_POINT('Ctrl Pts',(15.5775334264457,15.1943515884787,4.0336310323762));
#12189=CARTESIAN_POINT('Ctrl Pts',(15.1460843032246,14.7708059860827,5.69817885351927));
#12190=CARTESIAN_POINT('Ctrl Pts',(13.051935339302,13.5001691788947,10.4963763863424));
#12191=CARTESIAN_POINT('Ctrl Pts',(7.41380263663788,11.8059867693106,15.0064881292859));
#12192=CARTESIAN_POINT('Ctrl Pts',(-1.15202380820847,9.68825875733059,16.6879328322193));
#12193=CARTESIAN_POINT('Ctrl Pts',(-8.07389665556022,7.99407634774656,14.6488970318096));
#12194=CARTESIAN_POINT('Ctrl Pts',(-14.3441167961027,5.87634833576651,8.57443172271235));
#12195=CARTESIAN_POINT('Ctrl Pts',(-16.0605428635933,4.60571152857849,3.43910906765133));
#12196=CARTESIAN_POINT('Ctrl Pts',(-16.0605428635933,3.75862032378647,1.96876275167051E-15));
#12197=CARTESIAN_POINT('Ctrl Pts',(15.4975522441472,14.9197494614178,4.01289999026462));
#12198=CARTESIAN_POINT('Ctrl Pts',(15.0683270367447,14.4962038590218,5.66886785601801));
#12199=CARTESIAN_POINT('Ctrl Pts',(12.9849368713682,13.2255670518337,10.4424206101239));
#12200=CARTESIAN_POINT('Ctrl Pts',(7.37575458995273,11.5313846422497,14.9293318922501));
#12201=CARTESIAN_POINT('Ctrl Pts',(-1.14600710813087,9.41365663026965,16.6021608919124));
#12202=CARTESIAN_POINT('Ctrl Pts',(-8.03232171776238,7.71947422068561,14.5735644753893));
#12203=CARTESIAN_POINT('Ctrl Pts',(-14.2702946760525,5.60174620870558,8.5303800329959));
#12204=CARTESIAN_POINT('Ctrl Pts',(-15.9779186200029,4.33110940151755,3.4213820897863));
#12205=CARTESIAN_POINT('Ctrl Pts',(-15.9779186200029,3.48401819672553,1.95864420012601E-15));
#12206=CARTESIAN_POINT('Ctrl Pts',(15.490202764918,14.8003564020093,4.01099501263087));
#12207=CARTESIAN_POINT('Ctrl Pts',(15.0611785638858,14.3768107996133,5.66618738783905));
#12208=CARTESIAN_POINT('Ctrl Pts',(12.9787791930145,13.1061739924252,10.4374673463224));
#12209=CARTESIAN_POINT('Ctrl Pts',(7.3722711817044,11.4119915828412,14.9222573732443));
#12210=CARTESIAN_POINT('Ctrl Pts',(-1.1454622734127,9.29426357086118,16.5942811139868));
#12211=CARTESIAN_POINT('Ctrl Pts',(-8.02850058861784,7.60008116127713,14.5666648824311));
#12212=CARTESIAN_POINT('Ctrl Pts',(-14.2635212772925,5.4823531492971,8.52632329800703));
#12213=CARTESIAN_POINT('Ctrl Pts',(-15.9703262695943,4.21171634210907,3.41977985491385));
#12214=CARTESIAN_POINT('Ctrl Pts',(-15.9703262695943,3.36462513731705,1.95771440536342E-15));
#12215=CARTESIAN_POINT('Ctrl Pts',(15.729529116292,15.2856494337133,4.81810824709308));
#12216=CARTESIAN_POINT('Ctrl Pts',(15.2848836296843,14.920027940469,6.26990575901298));
#12217=CARTESIAN_POINT('Ctrl Pts',(13.1465334328805,13.7073152424327,10.8888703936945));
#12218=CARTESIAN_POINT('Ctrl Pts',(7.57931698035441,12.0710569420003,15.3422300916805));
#12219=CARTESIAN_POINT('Ctrl Pts',(-1.17813996864072,9.95332893002031,17.0613113477926));
#12220=CARTESIAN_POINT('Ctrl Pts',(-8.25489484026451,8.25914652043627,14.9766297889601));
#12221=CARTESIAN_POINT('Ctrl Pts',(-14.6061043932002,6.16100509217857,8.82372716208157));
#12222=CARTESIAN_POINT('Ctrl Pts',(-16.3656376974285,4.90995486871289,3.67752741074768));
#12223=CARTESIAN_POINT('Ctrl Pts',(-16.4183622129503,4.08245024764321,0.243860832994515));
#12224=CARTESIAN_POINT('Ctrl Pts',(-16.1179157308019,3.83333132540738,0.23096162172319));
#12225=CARTESIAN_POINT('Ctrl Pts',(-16.1949072809357,3.93986644638751,0.236993236175331));
#12226=CARTESIAN_POINT('Ctrl Pts',(-16.2992127279574,4.02668367727496,0.241428916353121));
#12227=CARTESIAN_POINT('Ctrl Pts',(-16.4184260778383,4.08245024763076,0.243885483864567));
#12228=CARTESIAN_POINT('Ctrl Pts',(15.7707547917694,15.3200554500134,4.6811750878104));
#12229=CARTESIAN_POINT('Ctrl Pts',(15.2761488513799,14.9016715628449,6.34583847690425));
#12230=CARTESIAN_POINT('Ctrl Pts',(13.0024506021907,13.6465199013394,11.1164518846727));
#12231=CARTESIAN_POINT('Ctrl Pts',(7.19074838085437,11.9729843526653,15.5095395081577));
#12232=CARTESIAN_POINT('Ctrl Pts',(-1.48811009358362,9.88106491682282,17.0192290680318));
#12233=CARTESIAN_POINT('Ctrl Pts',(-8.44462008693495,8.20752936814879,14.8571506693411));
#12234=CARTESIAN_POINT('Ctrl Pts',(-13.4499711188069,6.53399381947477,9.89598387564554));
#12235=CARTESIAN_POINT('Ctrl Pts',(-15.8655993581443,5.27884215796925,5.2119251211137));
#12236=CARTESIAN_POINT('Ctrl Pts',(-16.420235639414,4.44207438363223,1.73658838970494));
#12237=CARTESIAN_POINT('Ctrl Pts',(-16.420235639414,4.02369049646373,2.01281241232903E-15));
#12238=CARTESIAN_POINT('Ctrl Pts',(16.5013893048301,15.6754765413157,4.89826172092854));
#12239=CARTESIAN_POINT('Ctrl Pts',(15.9838463163053,15.2570926541472,6.64012285709115));
#12240=CARTESIAN_POINT('Ctrl Pts',(13.6047067007104,14.0019409926417,11.6319705453926));
#12241=CARTESIAN_POINT('Ctrl Pts',(7.52349034152421,12.3284054439677,16.228784921944));
#12242=CARTESIAN_POINT('Ctrl Pts',(-1.55784488932277,10.2364860081251,17.8084854122916));
#12243=CARTESIAN_POINT('Ctrl Pts',(-8.83695878113576,8.56295045945112,15.5461419495294));
#12244=CARTESIAN_POINT('Ctrl Pts',(-14.0744299073645,6.88941491077709,10.3549040785128));
#12245=CARTESIAN_POINT('Ctrl Pts',(-16.6020814296396,5.63426324927156,5.45362496258141));
#12246=CARTESIAN_POINT('Ctrl Pts',(-17.1824386294068,4.79749547493455,1.81712161470964));
#12247=CARTESIAN_POINT('Ctrl Pts',(-17.1824386294068,4.37911158776604,2.10615535752856E-15));
#12248=CARTESIAN_POINT('Ctrl Pts',(17.2320238178909,16.030897632618,5.11534835404667));
#12249=CARTESIAN_POINT('Ctrl Pts',(16.6915437812306,15.6125137454495,6.93440723727806));
#12250=CARTESIAN_POINT('Ctrl Pts',(14.20696279923,14.357362083944,12.1474892061125));
#12251=CARTESIAN_POINT('Ctrl Pts',(7.85623230219406,12.68382653527,16.9480303357304));
#12252=CARTESIAN_POINT('Ctrl Pts',(-1.62757968506192,10.5919070994275,18.5977417565514));
#12253=CARTESIAN_POINT('Ctrl Pts',(-9.22929747533659,8.91837155075342,16.2351332297177));
#12254=CARTESIAN_POINT('Ctrl Pts',(-14.6988886959222,7.2448360020794,10.8138242813801));
#12255=CARTESIAN_POINT('Ctrl Pts',(-17.338563501135,5.98968434057388,5.69532480404912));
#12256=CARTESIAN_POINT('Ctrl Pts',(-17.9446416193997,5.15291656623686,1.89765483971436));
#12257=CARTESIAN_POINT('Ctrl Pts',(-17.9446416193997,4.73453267906836,2.19949830272809E-15));
#12258=CARTESIAN_POINT('Ctrl Pts',(17.9626583309516,16.3863187239204,5.3324349871648));
#12259=CARTESIAN_POINT('Ctrl Pts',(17.3992412461559,15.9679348367518,7.22869161746496));
#12260=CARTESIAN_POINT('Ctrl Pts',(14.8092188977496,14.7127831752463,12.6630078668324));
#12261=CARTESIAN_POINT('Ctrl Pts',(8.18897426286391,13.0392476265723,17.6672757495168));
#12262=CARTESIAN_POINT('Ctrl Pts',(-1.69731448080107,10.9473281907298,19.3869981008112));
#12263=CARTESIAN_POINT('Ctrl Pts',(-9.6216361695374,9.27379264205573,16.924124509906));
#12264=CARTESIAN_POINT('Ctrl Pts',(-15.3233474844798,7.60025709338171,11.2727444842474));
#12265=CARTESIAN_POINT('Ctrl Pts',(-18.0750455726304,6.34510543187619,5.93702464551684));
#12266=CARTESIAN_POINT('Ctrl Pts',(-18.7068446093926,5.50833765753918,1.97818806471907));
#12267=CARTESIAN_POINT('Ctrl Pts',(-18.7068446093926,5.08995377037067,2.29284124792762E-15));
#12268=CARTESIAN_POINT('Ctrl Pts',(17.7999950506692,16.2711340468374,5.85226899364133));
#12269=CARTESIAN_POINT('Ctrl Pts',(17.2385619620487,15.8911450520299,7.55958829569983));
#12270=CARTESIAN_POINT('Ctrl Pts',(14.6573347143744,14.6743882828853,12.7778176937605));
#12271=CARTESIAN_POINT('Ctrl Pts',(8.18897426286391,13.0392476265723,17.6672757495168));
#12272=CARTESIAN_POINT('Ctrl Pts',(-1.69731448080107,10.9473281907298,19.3869981008112));
#12273=CARTESIAN_POINT('Ctrl Pts',(-9.6216361695374,9.27379264205573,16.924124509906));
#12274=CARTESIAN_POINT('Ctrl Pts',(-15.3233474844798,7.60025709338171,11.2727444842474));
#12275=CARTESIAN_POINT('Ctrl Pts',(-18.0381506527332,6.36193457465515,6.00856627171905));
#12276=CARTESIAN_POINT('Ctrl Pts',(-18.6809445467059,5.54199594309709,2.13726648113347));
#12277=CARTESIAN_POINT('Ctrl Pts',(-18.705312240156,5.14044119870754,0.238712248840258));
#12278=CARTESIAN_POINT('Ctrl Pts',(17.8471101215689,16.303428383916,5.70692619839229));
#12279=CARTESIAN_POINT('Ctrl Pts',(17.2485494354507,15.8881145093402,7.57714943202701));
#12280=CARTESIAN_POINT('Ctrl Pts',(14.5717454633617,14.642172885613,12.9183167139379));
#12281=CARTESIAN_POINT('Ctrl Pts',(7.92455974392424,12.98091738731,17.7751460946504));
#12282=CARTESIAN_POINT('Ctrl Pts',(-1.90787006858922,10.9043480144312,19.3561849860384));
#12283=CARTESIAN_POINT('Ctrl Pts',(-9.74574311301016,9.24309251612819,16.8398191772904));
#12284=CARTESIAN_POINT('Ctrl Pts',(-15.3718414382858,7.58183701782519,11.1986925506585));
#12285=CARTESIAN_POINT('Ctrl Pts',(-18.0843793880023,6.33589539409793,5.89340794949595));
#12286=CARTESIAN_POINT('Ctrl Pts',(-18.7068446093926,5.50526764494642,1.9636725385342));
#12287=CARTESIAN_POINT('Ctrl Pts',(-18.7068446093926,5.08995377037067,2.29284124792762E-15));
#12288=CARTESIAN_POINT('Ctrl Pts',(17.9776759574874,16.3673544118517,5.74871349678827));
#12289=CARTESIAN_POINT('Ctrl Pts',(17.3747247699257,15.952040537276,7.63265500159835));
#12290=CARTESIAN_POINT('Ctrl Pts',(14.678326269236,14.7060989135487,13.012917147871));
#12291=CARTESIAN_POINT('Ctrl Pts',(7.9824915144566,13.0448434152457,17.905323027581));
#12292=CARTESIAN_POINT('Ctrl Pts',(-1.92196633356277,10.9682740423669,19.4979252395729));
#12293=CARTESIAN_POINT('Ctrl Pts',(-9.81722391143265,9.30701854406392,16.9631435603798));
#12294=CARTESIAN_POINT('Ctrl Pts',(-15.4845106296687,7.64576304576092,11.2807239999269));
#12295=CARTESIAN_POINT('Ctrl Pts',(-18.2169274921776,6.39982142203366,5.93654731650946));
#12296=CARTESIAN_POINT('Ctrl Pts',(-18.8439344187014,5.56919367288216,1.97807626954274));
#12297=CARTESIAN_POINT('Ctrl Pts',(-18.8439344187014,5.1538797983064,2.3096299075442E-15));
#12298=CARTESIAN_POINT('Ctrl Pts',(18.2029602234645,16.5750554975273,5.82081521298436));
#12299=CARTESIAN_POINT('Ctrl Pts',(17.592459994911,16.1597416229516,7.72834395327763));
#12300=CARTESIAN_POINT('Ctrl Pts',(14.8622329913802,14.9137999992243,13.176111239066));
#12301=CARTESIAN_POINT('Ctrl Pts',(8.08237774741953,13.2525445009213,18.1298550342374));
#12302=CARTESIAN_POINT('Ctrl Pts',(-1.94624729224688,11.1759751280426,19.7424551166193));
#12303=CARTESIAN_POINT('Ctrl Pts',(-9.94053940075982,9.51471962973954,17.1758652467011));
#12304=CARTESIAN_POINT('Ctrl Pts',(-15.6789187562514,7.85346413143653,11.4221537593455));
#12305=CARTESIAN_POINT('Ctrl Pts',(-18.4455766446908,6.60752250770928,6.01102799370199));
#12306=CARTESIAN_POINT('Ctrl Pts',(-19.0804754468028,5.77689475855777,2.00284208666303));
#12307=CARTESIAN_POINT('Ctrl Pts',(-19.0804754468028,5.36158088398202,2.33859782883734E-15));
#12308=CARTESIAN_POINT('Ctrl Pts',(18.287033874793,16.8772127450391,5.84772279359754));
#12309=CARTESIAN_POINT('Ctrl Pts',(17.6736918310537,16.4618988704634,7.76413088214991));
#12310=CARTESIAN_POINT('Ctrl Pts',(14.9308582012471,15.2159572467361,13.237044865093));
#12311=CARTESIAN_POINT('Ctrl Pts',(8.11972085614575,13.5547017484331,18.213723250597));
#12312=CARTESIAN_POINT('Ctrl Pts',(-1.95534704498749,11.4781323755543,19.8337436901674));
#12313=CARTESIAN_POINT('Ctrl Pts',(-9.9865786433004,9.81687687725134,17.2553135733241));
#12314=CARTESIAN_POINT('Ctrl Pts',(-15.7514664756303,8.15562137894834,11.4750367663504));
#12315=CARTESIAN_POINT('Ctrl Pts',(-18.5309574011283,6.90967975522107,6.03878069698278));
#12316=CARTESIAN_POINT('Ctrl Pts',(-19.16875,6.07905200606957,2.01216510865467));
#12317=CARTESIAN_POINT('Ctrl Pts',(-19.16875,5.66373813149382,2.34940834373925E-15));
#12318=CARTESIAN_POINT('Ctrl Pts',(18.287033874793,17.0284746135453,5.84772279359754));
#12319=CARTESIAN_POINT('Ctrl Pts',(17.6737059911154,16.6131607389696,7.76408663855534));
#12320=CARTESIAN_POINT('Ctrl Pts',(14.9308621102908,15.3672191152423,13.2370268121372));
#12321=CARTESIAN_POINT('Ctrl Pts',(8.11968248512225,13.7059636169393,18.2136798976821));
#12322=CARTESIAN_POINT('Ctrl Pts',(-1.95532495886409,11.6293942440605,19.8337248818522));
#12323=CARTESIAN_POINT('Ctrl Pts',(-9.9865675686066,9.96813874575751,17.2552773629425));
#12324=CARTESIAN_POINT('Ctrl Pts',(-15.7514683701982,8.30688324745451,11.4749774940887));
#12325=CARTESIAN_POINT('Ctrl Pts',(-18.5309278279924,7.06094162372725,6.03880526927877));
#12326=CARTESIAN_POINT('Ctrl Pts',(-19.16875,6.23031387457574,2.01211865434371));
#12327=CARTESIAN_POINT('Ctrl Pts',(-19.16875,5.81499999999999,2.34940834373925E-15));
#12328=CARTESIAN_POINT('',(-19.1676853739381,5.8567169196694,0.20210699588478));
#12329=CARTESIAN_POINT('Ctrl Pts',(18.2112658711517,16.9781636082262,6.0794136210391));
#12330=CARTESIAN_POINT('Ctrl Pts',(17.599440239393,16.5796200687568,7.91110252539112));
#12331=CARTESIAN_POINT('Ctrl Pts',(14.8621034124864,15.3504487801359,13.2872660077564));
#12332=CARTESIAN_POINT('Ctrl Pts',(8.11968248512225,13.7059636169393,18.2136798976821));
#12333=CARTESIAN_POINT('Ctrl Pts',(-1.95532495886409,11.6293942440605,19.8337248818522));
#12334=CARTESIAN_POINT('Ctrl Pts',(-9.9865675686066,9.96813874575751,17.2552773629425));
#12335=CARTESIAN_POINT('Ctrl Pts',(-15.7514683701982,8.30688324745451,11.4749774940887));
#12336=CARTESIAN_POINT('Ctrl Pts',(-18.4999069827359,7.07484726361705,6.099477014967));
#12337=CARTESIAN_POINT('Ctrl Pts',(-19.1470537189113,6.25812515435535,2.14682832548233));
#12338=CARTESIAN_POINT('Ctrl Pts',(-19.1676780117367,5.85671691966941,0.202111029639494));
#12339=CARTESIAN_POINT('Ctrl Pts',(-18.7053228263536,5.14044119870754,0.238706425501378));
#12340=CARTESIAN_POINT('Ctrl Pts',(-18.8410349049416,5.20269613105023,0.235682181858211));
#12341=CARTESIAN_POINT('Ctrl Pts',(-19.0774465617403,5.40573629215837,0.225620279543844));
#12342=CARTESIAN_POINT('Ctrl Pts',(-19.167601765577,5.70615951590656,0.210042817859848));
#12343=CARTESIAN_POINT('Ctrl Pts',(-19.1676853739381,5.8567169196694,0.20210699588478));
#12344=CARTESIAN_POINT('Ctrl Pts',(18.287033874793,17.0284746135453,5.84772279359755));
#12345=CARTESIAN_POINT('Ctrl Pts',(17.6737059911154,16.6131607389696,7.76408663855534));
#12346=CARTESIAN_POINT('Ctrl Pts',(14.930857632854,15.3672191152423,13.2370170015118));
#12347=CARTESIAN_POINT('Ctrl Pts',(8.11968538959442,13.7059636169393,18.2136902541874));
#12348=CARTESIAN_POINT('Ctrl Pts',(-1.95531945688773,11.6293942440605,19.8337167379649));
#12349=CARTESIAN_POINT('Ctrl Pts',(-9.98656931843284,9.96813874575751,17.2552821698322));
#12350=CARTESIAN_POINT('Ctrl Pts',(-15.7514698001806,8.30688324745451,11.4749861395507));
#12351=CARTESIAN_POINT('Ctrl Pts',(-18.5309275498036,7.06094162372725,6.03880558215718));
#12352=CARTESIAN_POINT('Ctrl Pts',(-19.16875,6.23031387457574,2.01211865434371));
#12353=CARTESIAN_POINT('Ctrl Pts',(-19.16875,5.81499999999999,2.34940834373925E-15));
#12354=CARTESIAN_POINT('Ctrl Pts',(18.287033874793,17.1797364820515,5.84772279359755));
#12355=CARTESIAN_POINT('Ctrl Pts',(17.6736918310537,16.7644226074757,7.76413088214991));
#12356=CARTESIAN_POINT('Ctrl Pts',(14.9308537202735,15.5184809837485,13.2370352503435));
#12357=CARTESIAN_POINT('Ctrl Pts',(8.11972384561105,13.8572254854455,18.213733780849));
#12358=CARTESIAN_POINT('Ctrl Pts',(-1.95534158814027,11.7806561125667,19.8337357097009));
#12359=CARTESIAN_POINT('Ctrl Pts',(-9.98658044384334,10.1194006142637,17.2553186123173));
#12360=CARTESIAN_POINT('Ctrl Pts',(-15.7514679417225,8.45814511596068,11.4750455770619));
#12361=CARTESIAN_POINT('Ctrl Pts',(-18.5309572048227,7.21220349223343,6.03878109766864));
#12362=CARTESIAN_POINT('Ctrl Pts',(-19.16875,6.38157574308192,2.01216510865467));
#12363=CARTESIAN_POINT('Ctrl Pts',(-19.16875,5.96626186850617,2.34940834373925E-15));
#12364=CARTESIAN_POINT('Ctrl Pts',(18.2029596679901,17.481893358005,5.82081503520606));
#12365=CARTESIAN_POINT('Ctrl Pts',(17.5924594394366,17.0665794834292,7.72834377549934));
#12366=CARTESIAN_POINT('Ctrl Pts',(14.8622280773256,15.820637859702,13.1761010190824));
#12367=CARTESIAN_POINT('Ctrl Pts',(8.08238040976771,14.159382361399,18.1298647791748));
#12368=CARTESIAN_POINT('Ctrl Pts',(-1.94624176727526,12.0828129885202,19.7424463687189));
#12369=CARTESIAN_POINT('Ctrl Pts',(-9.94054083339864,10.4215574902172,17.1758694646926));
#12370=CARTESIAN_POINT('Ctrl Pts',(-15.6789196838362,8.76030199191419,11.4221620302311));
#12371=CARTESIAN_POINT('Ctrl Pts',(-18.4455758111767,7.51436036818694,6.0110280551942));
#12372=CARTESIAN_POINT('Ctrl Pts',(-19.0804748635731,6.68373261903543,2.00284208666303));
#12373=CARTESIAN_POINT('Ctrl Pts',(-19.0804748635731,6.26841874445968,2.3385977574123E-15));
#12374=CARTESIAN_POINT('Ctrl Pts',(17.9776759574874,17.6895948152389,5.74871349678827));
#12375=CARTESIAN_POINT('Ctrl Pts',(17.3747247699257,17.2742809406631,7.63265500159834));
#12376=CARTESIAN_POINT('Ctrl Pts',(14.6783218656807,16.0283393169359,13.0129076100849));
#12377=CARTESIAN_POINT('Ctrl Pts',(7.98249441606527,14.3670838186329,17.9053333034124));
#12378=CARTESIAN_POINT('Ctrl Pts',(-1.92196094933271,12.2905144457541,19.49791732262));
#12379=CARTESIAN_POINT('Ctrl Pts',(-9.81722565926774,10.6292589474511,16.9631484123563));
#12380=CARTESIAN_POINT('Ctrl Pts',(-15.484512055116,8.9680034491481,11.280732589055));
#12381=CARTESIAN_POINT('Ctrl Pts',(-18.2169272633171,7.72206182542084,5.93654767193685));
#12382=CARTESIAN_POINT('Ctrl Pts',(-18.8439344187014,6.89143407626934,1.97807626954274));
#12383=CARTESIAN_POINT('Ctrl Pts',(-18.8439344187014,6.47612020169358,2.3096299075442E-15));
#12384=CARTESIAN_POINT('Ctrl Pts',(17.8471101215689,17.7535208431746,5.70692619839229));
#12385=CARTESIAN_POINT('Ctrl Pts',(17.2485494354507,17.3382069685989,7.57714943202701));
#12386=CARTESIAN_POINT('Ctrl Pts',(14.5717410937288,16.0922653448716,12.9183071395246));
#12387=CARTESIAN_POINT('Ctrl Pts',(7.92456257846495,14.4310098465686,17.7751562018003));
#12388=CARTESIAN_POINT('Ctrl Pts',(-1.90786469908487,12.3544404736898,19.3561770382329));
#12389=CARTESIAN_POINT('Ctrl Pts',(-9.74574482070554,10.6931849753868,16.8398238684438));
#12390=CARTESIAN_POINT('Ctrl Pts',(-15.3718428338383,9.03192947708382,11.1987009879622));
#12391=CARTESIAN_POINT('Ctrl Pts',(-18.0843791165115,7.78598785335657,5.89340825484114));
#12392=CARTESIAN_POINT('Ctrl Pts',(-18.7068446093926,6.95536010420506,1.9636725385342));
#12393=CARTESIAN_POINT('Ctrl Pts',(-18.7068446093926,6.54004622962931,2.29284124792762E-15));
#12394=CARTESIAN_POINT('Ctrl Pts',(17.7761896183661,17.7052292931829,5.92397995271626));
#12395=CARTESIAN_POINT('Ctrl Pts',(17.1789970073258,17.3060126019377,7.71487815369005));
#12396=CARTESIAN_POINT('Ctrl Pts',(14.5073314642043,16.076168161541,12.9653688888126));
#12397=CARTESIAN_POINT('Ctrl Pts',(7.92456257846495,14.4310098465686,17.7751562018003));
#12398=CARTESIAN_POINT('Ctrl Pts',(-1.90786469908487,12.3544404736898,19.3561770382329));
#12399=CARTESIAN_POINT('Ctrl Pts',(-9.74574482070554,10.6931849753868,16.8398238684438));
#12400=CARTESIAN_POINT('Ctrl Pts',(-15.3718428338383,9.03192947708382,11.1987009879622));
#12401=CARTESIAN_POINT('Ctrl Pts',(-18.0593495969491,7.79748459183114,5.942362043624));
#12402=CARTESIAN_POINT('Ctrl Pts',(-18.6893863039355,6.9783535811542,2.07238040556854));
#12403=CARTESIAN_POINT('Ctrl Pts',(-18.7061294334806,6.57453644505302,0.163076069544203));
#12404=CARTESIAN_POINT('Ctrl Pts',(-19.1676853739381,5.8567169196694,0.20210699588478));
#12405=CARTESIAN_POINT('Ctrl Pts',(-19.1677691178505,6.00751841707051,0.194158307829333));
#12406=CARTESIAN_POINT('Ctrl Pts',(-19.077720770624,6.30823440787286,0.178098293032068));
#12407=CARTESIAN_POINT('Ctrl Pts',(-18.841752537303,6.51182401190528,0.166808479775769));
#12408=CARTESIAN_POINT('Ctrl Pts',(-18.7061344085364,6.57453644505301,0.163073368478271));
#12409=CARTESIAN_POINT('Ctrl Pts',(17.9626583309349,17.8364111831666,5.33243498722097));
#12410=CARTESIAN_POINT('Ctrl Pts',(17.3992412461339,17.4180272959986,7.22869161751729));
#12411=CARTESIAN_POINT('Ctrl Pts',(14.8114946452329,16.1628756344944,12.6536910547006));
#12412=CARTESIAN_POINT('Ctrl Pts',(6.5287044349526,14.0709561986542,18.9470085105306));
#12413=CARTESIAN_POINT('Ctrl Pts',(-3.87582148843425,11.9790367628139,19.075370787643));
#12414=CARTESIAN_POINT('Ctrl Pts',(-11.0392418406847,10.3055012141417,15.4920849555469));
#12415=CARTESIAN_POINT('Ctrl Pts',(-16.7611812350864,8.63196566546955,9.87640300524616));
#12416=CARTESIAN_POINT('Ctrl Pts',(-18.7068446093926,7.37681400396541,3.9563761294338));
#12417=CARTESIAN_POINT('Ctrl Pts',(-18.7068446093926,6.54004622962932,2.29284124792762E-15));
#12418=CARTESIAN_POINT('Ctrl Pts',(17.2320238178749,18.1918322744689,5.11534835410055));
#12419=CARTESIAN_POINT('Ctrl Pts',(16.6915437812095,17.7734483873009,6.93440723732825));
#12420=CARTESIAN_POINT('Ctrl Pts',(14.2091458996655,16.5182967257967,12.138551687002));
#12421=CARTESIAN_POINT('Ctrl Pts',(6.26355305679833,14.4263772899565,18.1756644069246));
#12422=CARTESIAN_POINT('Ctrl Pts',(-3.71739836313277,12.3344578541163,18.2988009785902));
#12423=CARTESIAN_POINT('Ctrl Pts',(-10.5891915676312,10.6609223054441,14.8613928662716));
#12424=CARTESIAN_POINT('Ctrl Pts',(-16.0781873704042,8.98738675677187,9.47432870318952));
#12425=CARTESIAN_POINT('Ctrl Pts',(-17.9446416193997,7.73223509526773,3.79530967942455));
#12426=CARTESIAN_POINT('Ctrl Pts',(-17.9446416193997,6.89546732093163,2.19949830272809E-15));
#12427=CARTESIAN_POINT('Ctrl Pts',(16.5013893048148,18.5472533657712,4.89826172098013));
#12428=CARTESIAN_POINT('Ctrl Pts',(15.9838463162851,18.1288694786032,6.64012285713922));
#12429=CARTESIAN_POINT('Ctrl Pts',(13.6067971540981,16.873717817099,11.6234123193034));
#12430=CARTESIAN_POINT('Ctrl Pts',(5.99840167864406,14.7817983812588,17.4043203033187));
#12431=CARTESIAN_POINT('Ctrl Pts',(-3.5589752378313,12.6898789454186,17.5222311695373));
#12432=CARTESIAN_POINT('Ctrl Pts',(-10.1391412945777,11.0163433967464,14.2307007769962));
#12433=CARTESIAN_POINT('Ctrl Pts',(-15.395193505722,9.34280784807418,9.07225440113287));
#12434=CARTESIAN_POINT('Ctrl Pts',(-17.1824386294068,8.08765618657004,3.63424322941531));
#12435=CARTESIAN_POINT('Ctrl Pts',(-17.1824386294068,7.25088841223394,2.10615535752856E-15));
#12436=CARTESIAN_POINT('Ctrl Pts',(15.7707547917548,18.9026744570735,4.68117508785971));
#12437=CARTESIAN_POINT('Ctrl Pts',(15.2761488513606,18.4842905699055,6.34583847695019));
#12438=CARTESIAN_POINT('Ctrl Pts',(13.0044484085307,17.2291389084014,11.1082729516048));
#12439=CARTESIAN_POINT('Ctrl Pts',(5.73325030048978,15.1372194725611,16.6329761997127));
#12440=CARTESIAN_POINT('Ctrl Pts',(-3.40055211252982,13.0453000367209,16.7456613604844));
#12441=CARTESIAN_POINT('Ctrl Pts',(-9.68909102152422,11.3717644880487,13.6000086877209));
#12442=CARTESIAN_POINT('Ctrl Pts',(-14.7121996410398,9.6982289393765,8.67018009907623));
#12443=CARTESIAN_POINT('Ctrl Pts',(-16.420235639414,8.44307727787235,3.47317677940606));
#12444=CARTESIAN_POINT('Ctrl Pts',(-16.420235639414,7.60630950353626,2.01281241232903E-15));
#12445=CARTESIAN_POINT('Ctrl Pts',(15.9731147183415,15.7419921863055,-0.0465666738082996));
#12446=CARTESIAN_POINT('Ctrl Pts',(15.9731410382098,15.808315288681,-0.0465210864591973));
#12447=CARTESIAN_POINT('Ctrl Pts',(15.9871621859429,15.9414635654474,-0.0222357462050304));
#12448=CARTESIAN_POINT('Ctrl Pts',(16.0683070423309,16.1582406959907,0.118311267831896));
#12449=CARTESIAN_POINT('Ctrl Pts',(16.2481374705589,16.3483294041792,0.429786706269663));
#12450=CARTESIAN_POINT('Ctrl Pts',(16.4129973542966,16.4010017513713,0.715332401033269));
#12451=CARTESIAN_POINT('Ctrl Pts',(16.5123327719763,16.4118806003624,0.887386391445546));
#12452=CARTESIAN_POINT('Ctrl Pts',(15.9831506009342,15.7419762556208,-0.0291840152589122));
#12453=CARTESIAN_POINT('Ctrl Pts',(15.9828570017566,15.8056364525692,-0.0296903786321572));
#12454=CARTESIAN_POINT('Ctrl Pts',(15.9961322691318,15.9332501385915,-0.00667643885493732));
#12455=CARTESIAN_POINT('Ctrl Pts',(16.0756108195066,16.1398033526587,0.131000185825836));
#12456=CARTESIAN_POINT('Ctrl Pts',(16.2529289696693,16.3179799055997,0.43813033298469));
#12457=CARTESIAN_POINT('Ctrl Pts',(16.4155610025846,16.3634431168799,0.71988142940603));
#12458=CARTESIAN_POINT('Ctrl Pts',(16.5134682827372,16.3704069349739,0.889353153776033));
#12459=CARTESIAN_POINT('Ctrl Pts',(15.9960945629961,15.7419483806914,0.00389683824960353));
#12460=CARTESIAN_POINT('Ctrl Pts',(15.9955393974703,15.800949592158,0.00225385876434942));
#12461=CARTESIAN_POINT('Ctrl Pts',(16.007671053346,15.9188701574985,0.0229507170313121));
#12462=CARTESIAN_POINT('Ctrl Pts',(16.0825946458084,16.1075260324853,0.156546690256415));
#12463=CARTESIAN_POINT('Ctrl Pts',(16.2504573558757,16.2648666036709,0.458978323385531));
#12464=CARTESIAN_POINT('Ctrl Pts',(16.4036583116501,16.2977536109042,0.737274461868672));
#12465=CARTESIAN_POINT('Ctrl Pts',(16.4951728291081,16.2980079832707,0.904493772045562));
#12466=CARTESIAN_POINT('Ctrl Pts',(15.9999579996729,15.7419226941112,0.0390365990264982));
#12467=CARTESIAN_POINT('Ctrl Pts',(15.9997377792885,15.7966301419964,0.036212751547516));
#12468=CARTESIAN_POINT('Ctrl Pts',(16.011048037319,15.9054746870223,0.0546849876739743));
#12469=CARTESIAN_POINT('Ctrl Pts',(16.0785650959684,16.0781658875355,0.185403219681371));
#12470=CARTESIAN_POINT('Ctrl Pts',(16.2288876308482,16.220510988523,0.486811705489829));
#12471=CARTESIAN_POINT('Ctrl Pts',(16.3657959683458,16.2494252238611,0.766493656205338));
#12472=CARTESIAN_POINT('Ctrl Pts',(16.4475626909095,16.2491684609448,0.935069585715048));
#12473=CARTESIAN_POINT('Ctrl Pts',(15.9999085424763,15.7419123665098,0.0540903428719615));
#12474=CARTESIAN_POINT('Ctrl Pts',(15.9999405310234,15.7948936217095,0.0507894808330806));
#12475=CARTESIAN_POINT('Ctrl Pts',(16.0109702801893,15.9000361251446,0.068353916712748));
#12476=CARTESIAN_POINT('Ctrl Pts',(16.0748622347537,16.0664762452103,0.197969407587546));
#12477=CARTESIAN_POINT('Ctrl Pts',(16.2165742343273,16.2041364328913,0.49930119641554));
#12478=CARTESIAN_POINT('Ctrl Pts',(16.3462147494312,16.2336850551808,0.780056776775041));
#12479=CARTESIAN_POINT('Ctrl Pts',(16.4240327164575,16.2347914176184,0.949563672818128));
#12480=CARTESIAN_POINT('',(16.5123327719763,16.4118806003624,0.887386391445546));
#12481=CARTESIAN_POINT('Ctrl Pts',(15.9999892649494,15.9605557007907,-1.85936530254843E-5));
#12482=CARTESIAN_POINT('Ctrl Pts',(16.0132598214253,16.0108593845274,0.022966684407953));
#12483=CARTESIAN_POINT('Ctrl Pts',(16.0725522195735,16.1627280359032,0.125664130503204));
#12484=CARTESIAN_POINT('Ctrl Pts',(16.2481374705589,16.3483294041792,0.429786706269663));
#12485=CARTESIAN_POINT('Ctrl Pts',(16.4129973542966,16.4010017513713,0.715332401033269));
#12486=CARTESIAN_POINT('Ctrl Pts',(16.5123327719763,16.4118806003624,0.887386391445546));
#12487=CARTESIAN_POINT('',(16.4240327164575,16.2347914176184,0.949563672818129));
#12488=CARTESIAN_POINT('Origin',(16.3391276912194,16.4118806003624,0.987386391445546));
#12489=CARTESIAN_POINT('Ctrl Pts',(16.4240327164575,16.2347914176184,0.949563672818128));
#12490=CARTESIAN_POINT('Ctrl Pts',(16.3462147494312,16.2336850551808,0.780056776775041));
#12491=CARTESIAN_POINT('Ctrl Pts',(16.2165742343273,16.2041364328913,0.49930119641554));
#12492=CARTESIAN_POINT('Ctrl Pts',(16.0748622347537,16.0664762452103,0.197969407587546));
#12493=CARTESIAN_POINT('Ctrl Pts',(16.0109765838841,15.9000525464252,0.0683667048093628));
#12494=CARTESIAN_POINT('Ctrl Pts',(15.9999448846971,15.7949351150472,0.0507964144274594));
#12495=CARTESIAN_POINT('Ctrl Pts',(15.9999085829107,15.7419750930249,0.0540864404900619));
#12496=CARTESIAN_POINT('Ctrl Pts',(16.5123327719763,16.4118806003624,0.887386391445547));
#12497=CARTESIAN_POINT('Ctrl Pts',(16.7617352194111,16.4391942376032,1.31936410193457));
#12498=CARTESIAN_POINT('Ctrl Pts',(17.0107877124225,16.4789718966574,1.75073567358213));
#12499=CARTESIAN_POINT('Ctrl Pts',(17.2592714820285,16.5297224916766,2.18112218739585));
#12500=CARTESIAN_POINT('Ctrl Pts',(16.5134682827372,16.3704069349739,0.889353153776035));
#12501=CARTESIAN_POINT('Ctrl Pts',(16.7632211999885,16.3976356902473,1.32193433231331));
#12502=CARTESIAN_POINT('Ctrl Pts',(17.01260163456,16.4373187308351,1.75388250554351));
#12503=CARTESIAN_POINT('Ctrl Pts',(17.2614036411238,16.4879647996373,2.18481519527877));
#12504=CARTESIAN_POINT('Ctrl Pts',(16.4951722330348,16.2980084494561,0.904494086712083));
#12505=CARTESIAN_POINT('Ctrl Pts',(16.745407784272,16.3250929849625,1.33820046943057));
#12506=CARTESIAN_POINT('Ctrl Pts',(16.9952229951882,16.3646090989565,1.77123976693744));
#12507=CARTESIAN_POINT('Ctrl Pts',(17.2444018952378,16.4150783050005,2.20322583461105));
#12508=CARTESIAN_POINT('Ctrl Pts',(16.4475626909095,16.2491684609448,0.93506958571505));
#12509=CARTESIAN_POINT('Ctrl Pts',(16.6979464556951,16.2762874756267,1.36963087218671));
#12510=CARTESIAN_POINT('Ctrl Pts',(16.9478257894467,16.3158577302002,1.80351655808039));
#12511=CARTESIAN_POINT('Ctrl Pts',(17.1970071948839,16.3663919005289,2.23633021251848));
#12512=CARTESIAN_POINT('Ctrl Pts',(16.4240327164575,16.2347914176184,0.94956367281813));
#12513=CARTESIAN_POINT('Ctrl Pts',(16.6744242598798,16.2619701701725,1.38439326288202));
#12514=CARTESIAN_POINT('Ctrl Pts',(16.9242788187568,16.3016151444275,1.81854847639947));
#12515=CARTESIAN_POINT('Ctrl Pts',(17.1734098006968,16.352237440991,2.25162324910993));
#12516=CARTESIAN_POINT('',(17.2592714820285,16.5297224916766,2.18112218739585));
#12517=CARTESIAN_POINT('',(17.1734098006968,16.352237440991,2.25162324910993));
#12518=CARTESIAN_POINT('Origin',(17.0860664012716,16.5297224916766,2.28112218739585));
#12519=CARTESIAN_POINT('Ctrl Pts',(17.1734098006968,16.352237440991,2.25162324910993));
#12520=CARTESIAN_POINT('Ctrl Pts',(16.9242788187568,16.3016151444275,1.81854847639947));
#12521=CARTESIAN_POINT('Ctrl Pts',(16.6744242598798,16.2619701701725,1.38439326288202));
#12522=CARTESIAN_POINT('Ctrl Pts',(16.4240327164575,16.2347914176184,0.94956367281813));
#12523=CARTESIAN_POINT('Ctrl Pts',(16.5123327719763,16.4118806003624,0.887386391445547));
#12524=CARTESIAN_POINT('Ctrl Pts',(16.7617352194111,16.4391942376032,1.31936410193457));
#12525=CARTESIAN_POINT('Ctrl Pts',(17.0107877124225,16.4789718966574,1.75073567358213));
#12526=CARTESIAN_POINT('Ctrl Pts',(17.2592714820285,16.5297224916766,2.18112218739585));
#12527=CARTESIAN_POINT('Ctrl Pts',(16.9482970218434,16.1482394203659,2.83591544148423));
#12528=CARTESIAN_POINT('Ctrl Pts',(17.0700330382844,16.21464969077,2.79745860241023));
#12529=CARTESIAN_POINT('Ctrl Pts',(17.2002899667785,16.298163929515,2.67120053448142));
#12530=CARTESIAN_POINT('Ctrl Pts',(17.2373155794792,16.3555503485093,2.42321899925356));
#12531=CARTESIAN_POINT('Ctrl Pts',(17.2093197525975,16.3595341819284,2.31404701566174));
#12532=CARTESIAN_POINT('Ctrl Pts',(17.1734098006968,16.352237440991,2.25162324910994));
#12533=CARTESIAN_POINT('Ctrl Pts',(16.9638583177601,16.1484967349556,2.88571469567355));
#12534=CARTESIAN_POINT('Ctrl Pts',(17.0965864522829,16.2218403728116,2.83860676837744));
#12535=CARTESIAN_POINT('Ctrl Pts',(17.2343776383568,16.3112262184348,2.6959838413714));
#12536=CARTESIAN_POINT('Ctrl Pts',(17.2711095983818,16.372372117177,2.42279426833315));
#12537=CARTESIAN_POINT('Ctrl Pts',(17.2400503099703,16.3765109400765,2.3027792240217));
#12538=CARTESIAN_POINT('Ctrl Pts',(17.2009400939151,16.3687509771185,2.23378137308658));
#12539=CARTESIAN_POINT('Ctrl Pts',(16.9757921443307,16.1872447657166,2.9905942415896));
#12540=CARTESIAN_POINT('Ctrl Pts',(17.1344406710051,16.2663379371292,2.92545442359637));
#12541=CARTESIAN_POINT('Ctrl Pts',(17.2910557813372,16.3602308783452,2.74903834869302));
#12542=CARTESIAN_POINT('Ctrl Pts',(17.3297962083294,16.4238759978803,2.4249084628306));
#12543=CARTESIAN_POINT('Ctrl Pts',(17.292664766703,16.4282565014384,2.28317432058273));
#12544=CARTESIAN_POINT('Ctrl Pts',(17.2468628655211,16.4201882944806,2.20120242971434));
#12545=CARTESIAN_POINT('Ctrl Pts',(16.9430431797402,16.2793796035315,3.04611200663009));
#12546=CARTESIAN_POINT('Ctrl Pts',(17.1213052654228,16.3501747725995,2.98166359251951));
#12547=CARTESIAN_POINT('Ctrl Pts',(17.3043116334258,16.437168737645,2.79180789448204));
#12548=CARTESIAN_POINT('Ctrl Pts',(17.3534036237295,16.4966745786879,2.43231101883842));
#12549=CARTESIAN_POINT('Ctrl Pts',(17.3126458843361,16.5007541313002,2.27491898713352));
#12550=CARTESIAN_POINT('Ctrl Pts',(17.2611371212369,16.4931845111422,2.18435356929341));
#12551=CARTESIAN_POINT('Ctrl Pts',(16.9200797194604,16.3256661314363,3.05335235784479));
#12552=CARTESIAN_POINT('Ctrl Pts',(17.1028495024551,16.3921255994636,2.99572526662287));
#12553=CARTESIAN_POINT('Ctrl Pts',(17.2985937523224,16.4756848285468,2.80708417995859));
#12554=CARTESIAN_POINT('Ctrl Pts',(17.3547366575987,16.5330716032013,2.43700403746561));
#12555=CARTESIAN_POINT('Ctrl Pts',(17.312996475274,16.5370377256626,2.27417660533346));
#12556=CARTESIAN_POINT('Ctrl Pts',(17.2592714820285,16.5297224916766,2.18112218739586));
#12557=CARTESIAN_POINT('',(16.9200797194604,16.3256661314363,3.05335235784479));
#12558=CARTESIAN_POINT('Ctrl Pts',(17.2592714820285,16.5297224916766,2.18112218739586));
#12559=CARTESIAN_POINT('Ctrl Pts',(17.312996475274,16.5370377256626,2.27417660533346));
#12560=CARTESIAN_POINT('Ctrl Pts',(17.3547366575987,16.5330716032013,2.43700403746561));
#12561=CARTESIAN_POINT('Ctrl Pts',(17.2985937523224,16.4756848285468,2.80708417995859));
#12562=CARTESIAN_POINT('Ctrl Pts',(17.1028495024551,16.3921255994636,2.99572526662287));
#12563=CARTESIAN_POINT('Ctrl Pts',(16.9200797194604,16.3256661314363,3.05335235784479));
#12564=CARTESIAN_POINT('',(16.9482970218434,16.1482394203659,2.83591544148423));
#12565=CARTESIAN_POINT('Origin',(16.8599385595595,16.3256661314363,2.86260896769514));
#12566=CARTESIAN_POINT('Ctrl Pts',(16.9482970218434,16.1482394203659,2.83591544148423));
#12567=CARTESIAN_POINT('Ctrl Pts',(17.0700330382844,16.21464969077,2.79745860241023));
#12568=CARTESIAN_POINT('Ctrl Pts',(17.2002899667785,16.298163929515,2.67120053448142));
#12569=CARTESIAN_POINT('Ctrl Pts',(17.2373155794792,16.3555503485093,2.42321899925356));
#12570=CARTESIAN_POINT('Ctrl Pts',(17.2093197525975,16.3595341819284,2.31404701566174));
#12571=CARTESIAN_POINT('Ctrl Pts',(17.1734098006968,16.352237440991,2.25162324910994));
#12572=CARTESIAN_POINT('Ctrl Pts',(16.9200797194604,16.3256661314363,3.05335235784479));
#12573=CARTESIAN_POINT('Ctrl Pts',(16.6565913699968,16.1819501250226,3.13642991531438));
#12574=CARTESIAN_POINT('Ctrl Pts',(16.393338104674,16.0377601602002,3.2194333510391));
#12575=CARTESIAN_POINT('Ctrl Pts',(16.1303464912308,15.8930473038624,3.30235428824307));
#12576=CARTESIAN_POINT('Ctrl Pts',(16.9430431797402,16.2793796035315,3.04611200663009));
#12577=CARTESIAN_POINT('Ctrl Pts',(16.6795939566842,16.1357138466685,3.12917637067829));
#12578=CARTESIAN_POINT('Ctrl Pts',(16.4163820006359,15.9915769853106,3.21216867649889));
#12579=CARTESIAN_POINT('Ctrl Pts',(16.1534320561948,15.8469223135492,3.29507543756931));
#12580=CARTESIAN_POINT('Ctrl Pts',(16.9757924339561,16.1872444196734,2.99059456154331));
#12581=CARTESIAN_POINT('Ctrl Pts',(16.7124356175674,16.0436767740116,3.07367700039286));
#12582=CARTESIAN_POINT('Ctrl Pts',(16.449319006347,15.8996468531882,3.15668757988438));
#12583=CARTESIAN_POINT('Ctrl Pts',(16.186469697252,15.7551057160011,3.23961996734087));
#12584=CARTESIAN_POINT('Ctrl Pts',(16.9638583177601,16.1484967349556,2.88571469567355));
#12585=CARTESIAN_POINT('Ctrl Pts',(16.7005836407687,16.0049229768026,2.96885741004061));
#12586=CARTESIAN_POINT('Ctrl Pts',(16.4375553044185,15.8608812349242,3.05193502519711));
#12587=CARTESIAN_POINT('Ctrl Pts',(16.1748012032291,15.7163306089489,3.13494227243636));
#12588=CARTESIAN_POINT('Ctrl Pts',(16.9482970218433,16.1482394203659,2.83591544148423));
#12589=CARTESIAN_POINT('Ctrl Pts',(16.6850476363316,16.0046298018926,2.91907685542665));
#12590=CARTESIAN_POINT('Ctrl Pts',(16.4220472138536,15.860552090897,3.0021752851473));
#12591=CARTESIAN_POINT('Ctrl Pts',(16.1593241724382,15.7159581211184,3.08520533969063));
#12592=CARTESIAN_POINT('',(16.1303464912308,15.8930473038624,3.30235428824307));
#12593=CARTESIAN_POINT('',(16.1593241724382,15.7159581211184,3.08520533969063));
#12594=CARTESIAN_POINT('Origin',(16.0702053313299,15.8930473038624,3.11161089809342));
#12595=CARTESIAN_POINT('Ctrl Pts',(16.1593241724382,15.7159581211184,3.08520533969063));
#12596=CARTESIAN_POINT('Ctrl Pts',(16.4220472138536,15.860552090897,3.0021752851473));
#12597=CARTESIAN_POINT('Ctrl Pts',(16.6850476363316,16.0046298018926,2.91907685542665));
#12598=CARTESIAN_POINT('Ctrl Pts',(16.9482970218433,16.1482394203659,2.83591544148423));
#12599=CARTESIAN_POINT('Ctrl Pts',(16.9200797194604,16.3256661314363,3.05335235784479));
#12600=CARTESIAN_POINT('Ctrl Pts',(16.6565913699968,16.1819501250226,3.13642991531438));
#12601=CARTESIAN_POINT('Ctrl Pts',(16.393338104674,16.0377601602002,3.2194333510391));
#12602=CARTESIAN_POINT('Ctrl Pts',(16.1303464912308,15.8930473038624,3.30235428824307));
#12603=CARTESIAN_POINT('Ctrl Pts',(16.1303464912308,15.8930473038625,3.30235428824307));
#12604=CARTESIAN_POINT('Ctrl Pts',(16.066100490007,15.8576955212575,3.32261097461924));
#12605=CARTESIAN_POINT('Ctrl Pts',(16.0046969187221,15.8166546634992,3.34197144627823));
#12606=CARTESIAN_POINT('Ctrl Pts',(15.9470837667246,15.7704120957747,3.36013680332653));
#12607=CARTESIAN_POINT('Ctrl Pts',(16.1534320561948,15.8469223135492,3.29507543756931));
#12608=CARTESIAN_POINT('Ctrl Pts',(16.0911455343386,15.8139566872842,3.3146757962418));
#12609=CARTESIAN_POINT('Ctrl Pts',(16.0314575879116,15.7754132364848,3.33356544097351));
#12610=CARTESIAN_POINT('Ctrl Pts',(15.9752747126408,15.7317976025133,3.35124823222181));
#12611=CARTESIAN_POINT('Ctrl Pts',(16.1864710818013,15.7551040733057,3.23962149175356));
#12612=CARTESIAN_POINT('Ctrl Pts',(16.1287384392014,15.7268018684911,3.25991385745588));
#12613=CARTESIAN_POINT('Ctrl Pts',(16.0729966145128,15.6932804886135,3.27949768277495));
#12614=CARTESIAN_POINT('Ctrl Pts',(16.0202793600146,15.6548389772603,3.29807532469586));
#12615=CARTESIAN_POINT('Ctrl Pts',(16.1748012032291,15.7163306089489,3.13494227243636));
#12616=CARTESIAN_POINT('Ctrl Pts',(16.1209519493858,15.6878697035685,3.15790104667995));
#12617=CARTESIAN_POINT('Ctrl Pts',(16.0691468716856,15.654515342298,3.18018426506168));
#12618=CARTESIAN_POINT('Ctrl Pts',(16.0202592513753,15.6169067369932,3.20144949417007));
#12619=CARTESIAN_POINT('Ctrl Pts',(16.1593241724382,15.7159581211184,3.08520533969062));
#12620=CARTESIAN_POINT('Ctrl Pts',(16.1066272852083,15.6858892822147,3.109010198425));
#12621=CARTESIAN_POINT('Ctrl Pts',(16.0562171523868,15.6512831936719,3.13218211103951));
#12622=CARTESIAN_POINT('Ctrl Pts',(16.0088760189115,15.6125941979835,3.15436829575995));
#12623=CARTESIAN_POINT('',(15.9470837667246,15.7704120957747,3.36013680332654));
#12624=CARTESIAN_POINT('',(16.0088760189115,15.6125941979835,3.15436829575995));
#12625=CARTESIAN_POINT('Origin',(15.8869426068237,15.7704120957747,3.16939341317689));
#12626=CARTESIAN_POINT('Ctrl Pts',(16.0088760189115,15.6125941979835,3.15436829575995));
#12627=CARTESIAN_POINT('Ctrl Pts',(16.0562171523868,15.6512831936719,3.13218211103951));
#12628=CARTESIAN_POINT('Ctrl Pts',(16.1066272852083,15.6858892822147,3.109010198425));
#12629=CARTESIAN_POINT('Ctrl Pts',(16.1593241724382,15.7159581211184,3.08520533969062));
#12630=CARTESIAN_POINT('Ctrl Pts',(16.1303464912308,15.8930473038625,3.30235428824307));
#12631=CARTESIAN_POINT('Ctrl Pts',(16.066100490007,15.8576955212575,3.32261097461924));
#12632=CARTESIAN_POINT('Ctrl Pts',(16.0046969187221,15.8166546634992,3.34197144627823));
#12633=CARTESIAN_POINT('Ctrl Pts',(15.9470837667246,15.7704120957747,3.36013680332653));
#12634=CARTESIAN_POINT('Ctrl Pts',(15.54483765069,14.830807266684,3.78879798849211));
#12635=CARTESIAN_POINT('Ctrl Pts',(15.5482665088755,14.8343054124778,3.7747329384978));
#12636=CARTESIAN_POINT('Ctrl Pts',(15.5532024837346,14.8517127203781,3.75603301796217));
#12637=CARTESIAN_POINT('Ctrl Pts',(15.564621433428,14.8919331631698,3.71649145226724));
#12638=CARTESIAN_POINT('Ctrl Pts',(15.597179065926,15.0025163444842,3.61839456602892));
#12639=CARTESIAN_POINT('Ctrl Pts',(15.6690717231613,15.1828758895515,3.46500792947706));
#12640=CARTESIAN_POINT('Ctrl Pts',(15.8075113680539,15.4127399335373,3.28434486539171));
#12641=CARTESIAN_POINT('Ctrl Pts',(15.9348385089766,15.5520878963305,3.18906560338804));
#12642=CARTESIAN_POINT('Ctrl Pts',(16.0088760189115,15.6125941979835,3.15436829575995));
#12643=CARTESIAN_POINT('Ctrl Pts',(15.5448071474033,14.831946672454,3.78907556626292));
#12644=CARTESIAN_POINT('Ctrl Pts',(15.5480717771239,14.8354404256124,3.77570592466564));
#12645=CARTESIAN_POINT('Ctrl Pts',(15.5528043087014,14.8534628066931,3.758057216532));
#12646=CARTESIAN_POINT('Ctrl Pts',(15.5639242931553,14.895134173822,3.72081629430484));
#12647=CARTESIAN_POINT('Ctrl Pts',(15.5962571982335,15.0097610886143,3.62871902934756));
#12648=CARTESIAN_POINT('Ctrl Pts',(15.670576733632,15.1959080666685,3.4858750320106));
#12649=CARTESIAN_POINT('Ctrl Pts',(15.8165627667038,15.4280161414276,3.32086535937143));
#12650=CARTESIAN_POINT('Ctrl Pts',(15.9483531572638,15.5619938002981,3.23727335188833));
#12651=CARTESIAN_POINT('Ctrl Pts',(16.0218854274415,15.6175228139946,3.20817537965723));
#12652=CARTESIAN_POINT('Ctrl Pts',(15.544736194545,14.8339411729865,3.78955717794605));
#12653=CARTESIAN_POINT('Ctrl Pts',(15.5477084909883,14.8374273886116,3.77740335235227));
#12654=CARTESIAN_POINT('Ctrl Pts',(15.552036680749,14.8565226000332,3.76158399220916));
#12655=CARTESIAN_POINT('Ctrl Pts',(15.5623833872581,14.9007451615603,3.72831724581166));
#12656=CARTESIAN_POINT('Ctrl Pts',(15.5931625619622,15.0225472489966,3.64650999100889));
#12657=CARTESIAN_POINT('Ctrl Pts',(15.6668818556564,15.2201855061938,3.52144669079893));
#12658=CARTESIAN_POINT('Ctrl Pts',(15.8149156958454,15.4652154931135,3.38392158866824));
#12659=CARTESIAN_POINT('Ctrl Pts',(15.9472315964621,15.6038935773034,3.32267587881243));
#12660=CARTESIAN_POINT('Ctrl Pts',(16.0182793808818,15.6599787285447,3.30481618834953));
#12661=CARTESIAN_POINT('Ctrl Pts',(15.5446345099244,14.8359360789001,3.79003139771484));
#12662=CARTESIAN_POINT('Ctrl Pts',(15.5473059246294,14.8394148692014,3.77909101203224));
#12663=CARTESIAN_POINT('Ctrl Pts',(15.5511331928841,14.8595872426444,3.76507477957047));
#12664=CARTESIAN_POINT('Ctrl Pts',(15.560251886732,14.9063838423688,3.73564895278773));
#12665=CARTESIAN_POINT('Ctrl Pts',(15.587292792827,15.0355496633757,3.66340956380284));
#12666=CARTESIAN_POINT('Ctrl Pts',(15.6519398956285,15.2459244301017,3.55265484278909));
#12667=CARTESIAN_POINT('Ctrl Pts',(15.7828162708122,15.5117623654848,3.42893557466918));
#12668=CARTESIAN_POINT('Ctrl Pts',(15.9031916386155,15.669843660327,3.37079320234381));
#12669=CARTESIAN_POINT('Ctrl Pts',(15.9712474346527,15.7373139586935,3.35251802809391));
#12670=CARTESIAN_POINT('Ctrl Pts',(15.5445852900465,14.8367910385769,3.79023325937469));
#12671=CARTESIAN_POINT('Ctrl Pts',(15.5471261976037,14.8402666465963,3.77981243268732));
#12672=CARTESIAN_POINT('Ctrl Pts',(15.5507219878154,14.8609008105363,3.76656529894404));
#12673=CARTESIAN_POINT('Ctrl Pts',(15.5592334778721,14.9088008716866,3.73875974466409));
#12674=CARTESIAN_POINT('Ctrl Pts',(15.5842969374448,15.0411249840169,3.67047768294623));
#12675=CARTESIAN_POINT('Ctrl Pts',(15.6436249724959,15.256963087817,3.56498352393494));
#12676=CARTESIAN_POINT('Ctrl Pts',(15.7646663765395,15.5317197656413,3.44330495133451));
#12677=CARTESIAN_POINT('Ctrl Pts',(15.8795072111968,15.6980926493233,3.38144360944105));
#12678=CARTESIAN_POINT('Ctrl Pts',(15.9470837667246,15.7704120957747,3.36013680332654));
#12679=CARTESIAN_POINT('Ctrl Pts',(15.5482081571479,14.8371192857871,3.77536365740384));
#12680=CARTESIAN_POINT('Ctrl Pts',(15.5499955027054,14.8413828523837,3.76838761354527));
#12681=CARTESIAN_POINT('Ctrl Pts',(15.5515827620439,14.8470831985087,3.76251460698336));
#12682=CARTESIAN_POINT('Ctrl Pts',(15.5532527578839,14.8530390876696,3.75651473921414));
#12683=CARTESIAN_POINT('Ctrl Pts',(15.5558977090416,14.8624720668148,3.74701210643973));
#12684=CARTESIAN_POINT('Ctrl Pts',(15.558751156635,14.8725490467883,3.73718616214949));
#12685=CARTESIAN_POINT('Ctrl Pts',(15.5616466977579,14.8825905326882,3.72763767874358));
#12686=CARTESIAN_POINT('Ctrl Pts',(15.5654147318235,14.8956577485673,3.71521201831565));
#12687=CARTESIAN_POINT('Ctrl Pts',(15.5692531686997,14.9086657678413,3.70325724685365));
#12688=CARTESIAN_POINT('Ctrl Pts',(15.5732160128993,14.9216612814448,3.69155895766082));
#12689=CARTESIAN_POINT('Ctrl Pts',(15.5753558562641,14.9286785554419,3.68524215456498));
#12690=CARTESIAN_POINT('Ctrl Pts',(15.577532080666,14.9356927658808,3.67900074630094));
#12691=CARTESIAN_POINT('Ctrl Pts',(15.5797543256689,14.9427150087588,3.67280602716987));
#12692=CARTESIAN_POINT('Ctrl Pts',(15.5803201323337,14.94450294475,3.67122878732186));
#12693=CARTESIAN_POINT('Ctrl Pts',(15.5808889273242,14.9462914135149,3.66965459471921));
#12694=CARTESIAN_POINT('Ctrl Pts',(15.5814606926435,14.9480806133133,3.66808383024019));
#12695=CARTESIAN_POINT('Ctrl Pts',(15.5923422832007,14.9821318909479,3.63818971924036));
#12696=CARTESIAN_POINT('Ctrl Pts',(15.6044257293376,15.0160973169859,3.60866603738268));
#12697=CARTESIAN_POINT('Ctrl Pts',(15.6177333507722,15.0499097156262,3.57969053620863));
#12698=CARTESIAN_POINT('Ctrl Pts',(15.6313451048574,15.084494863512,3.550052828342));
#12699=CARTESIAN_POINT('Ctrl Pts',(15.6462390943972,15.1189201982705,3.52098911844259));
#12700=CARTESIAN_POINT('Ctrl Pts',(15.662461910471,15.1530804499341,3.49265428128037));
#12701=CARTESIAN_POINT('Ctrl Pts',(15.6669418397521,15.16251380053,3.48482961840433));
#12702=CARTESIAN_POINT('Ctrl Pts',(15.6715231624534,15.1719267363028,3.47706031116739));
#12703=CARTESIAN_POINT('Ctrl Pts',(15.6762069305208,15.1813166012802,3.46934908404613));
#12704=CARTESIAN_POINT('Ctrl Pts',(15.6931872572199,15.2153582046825,3.44139314047936));
#12705=CARTESIAN_POINT('Ctrl Pts',(15.7115148779672,15.2490982702494,3.41420402214251));
#12706=CARTESIAN_POINT('Ctrl Pts',(15.7313317832388,15.2823818577896,3.38795566162864));
#12707=CARTESIAN_POINT('Ctrl Pts',(15.7507916024014,15.3150656994759,3.36218027733367));
#12708=CARTESIAN_POINT('Ctrl Pts',(15.7716880562799,15.3473078010842,3.337312289109));
#12709=CARTESIAN_POINT('Ctrl Pts',(15.7941388891426,15.378952189081,3.31347111286407));
#12710=CARTESIAN_POINT('Ctrl Pts',(15.8013677695399,15.3891412763844,3.3057945597198));
#12711=CARTESIAN_POINT('Ctrl Pts',(15.8087561765717,15.3992669844853,3.29823444000932));
#12712=CARTESIAN_POINT('Ctrl Pts',(15.8163087145328,15.4093254968542,3.29079637361698));
#12713=CARTESIAN_POINT('Ctrl Pts',(15.8562559923974,15.4625275053148,3.25145456474672));
#12714=CARTESIAN_POINT('Ctrl Pts',(15.9007925379121,15.5138527389427,3.21552858332598));
#12715=CARTESIAN_POINT('Ctrl Pts',(15.9505992323292,15.5611746663371,3.18550910733801));
#12716=CARTESIAN_POINT('Ctrl Pts',(15.9692715344097,15.5789154406182,3.17425494300311));
#12717=CARTESIAN_POINT('Ctrl Pts',(15.988684788468,15.5960931476236,3.16383081461967));
#12718=CARTESIAN_POINT('Ctrl Pts',(16.0088760189115,15.6125941979835,3.15436829575995));
#12719=CARTESIAN_POINT('Ctrl Pts',(15.9470837667246,15.7704120957747,3.36013680332654));
#12720=CARTESIAN_POINT('Ctrl Pts',(15.8795072111968,15.6980926493233,3.38144360944105));
#12721=CARTESIAN_POINT('Ctrl Pts',(15.7646663765395,15.5317197656413,3.44330495133451));
#12722=CARTESIAN_POINT('Ctrl Pts',(15.6436249724959,15.256963087817,3.56498352393494));
#12723=CARTESIAN_POINT('Ctrl Pts',(15.5842969374448,15.0411249840169,3.67047768294623));
#12724=CARTESIAN_POINT('Ctrl Pts',(15.5592334778721,14.9088008716866,3.73875974466409));
#12725=CARTESIAN_POINT('Ctrl Pts',(15.5507219878154,14.8609008105363,3.76656529894404));
#12726=CARTESIAN_POINT('Ctrl Pts',(15.5471261976037,14.8402666465963,3.77981243268732));
#12727=CARTESIAN_POINT('Ctrl Pts',(15.5445852900465,14.8367910385769,3.79023325937469));
#12728=CARTESIAN_POINT('Origin',(16.1275072464271,12.3775,3.93236697377547));
#12729=CARTESIAN_POINT('',(15.9470837665292,19.1786406878165,3.36013680338813));
#12730=CARTESIAN_POINT('',(15.9470837667246,12.3775,3.36013680332653));
#12731=CARTESIAN_POINT('Ctrl Pts',(15.5445852977613,19.7772882044668,3.79023322773459));
#12732=CARTESIAN_POINT('Ctrl Pts',(15.5488108238573,19.7834408105912,3.77290341004805));
#12733=CARTESIAN_POINT('Ctrl Pts',(15.5571140348333,19.7455016959226,3.74481772431025));
#12734=CARTESIAN_POINT('Ctrl Pts',(15.5762675317366,19.6867350508081,3.69278268189015));
#12735=CARTESIAN_POINT('Ctrl Pts',(15.619098539489,19.5715380955197,3.60577882282197));
#12736=CARTESIAN_POINT('Ctrl Pts',(15.7235110578394,19.3876376478146,3.47151576960976));
#12737=CARTESIAN_POINT('Ctrl Pts',(15.8548703879726,19.246942554671,3.38921157001738));
#12738=CARTESIAN_POINT('Ctrl Pts',(15.9470837664315,19.1786406878165,3.36013680341893));
#12739=CARTESIAN_POINT('Origin',(15.6207361139189,21.755,3.46303382300965));
#12740=CARTESIAN_POINT('',(16.9200797194604,18.8511819898805,3.05335235784479));
#12741=CARTESIAN_POINT('',(16.9200797194604,21.755,3.05335235784479));
#12742=CARTESIAN_POINT('',(16.1303464912308,19.100826311295,3.30235428824307));
#12743=CARTESIAN_POINT('Ctrl Pts',(16.1303464912308,19.100826311295,3.30235428824307));
#12744=CARTESIAN_POINT('Ctrl Pts',(16.3941361096624,19.0195240351929,3.21918174103273));
#12745=CARTESIAN_POINT('Ctrl Pts',(16.6573642617542,18.9362221832446,3.13618622347934));
#12746=CARTESIAN_POINT('Ctrl Pts',(16.9200797194604,18.8511819898805,3.05335235784479));
#12747=CARTESIAN_POINT('Ctrl Pts',(15.9470837663339,19.1786406878165,3.36013680344972));
#12748=CARTESIAN_POINT('Ctrl Pts',(16.0054197075693,19.1462338904578,3.34174355183007));
#12749=CARTESIAN_POINT('Ctrl Pts',(16.0670085367028,19.1203476248986,3.3223246685958));
#12750=CARTESIAN_POINT('Ctrl Pts',(16.1303464912308,19.100826311295,3.30235428824307));
#12751=CARTESIAN_POINT('Origin',(16.7396562397578,21.755,2.48112218739585));
#12752=CARTESIAN_POINT('',(17.2592714820285,18.9282210958081,2.18112218739585));
#12753=CARTESIAN_POINT('',(17.2592714820285,21.755,2.18112218739585));
#12754=CARTESIAN_POINT('Ctrl Pts',(16.9200797194604,18.8511819898805,3.05335235784479));
#12755=CARTESIAN_POINT('Ctrl Pts',(17.0162802661709,18.8304221072672,3.02302044197745));
#12756=CARTESIAN_POINT('Ctrl Pts',(17.2001097118026,18.8017561595536,2.91008329781352));
#12757=CARTESIAN_POINT('Ctrl Pts',(17.3787136214435,18.8191586185912,2.56790895075074));
#12758=CARTESIAN_POINT('Ctrl Pts',(17.3310257674398,18.8835998616078,2.30540425538904));
#12759=CARTESIAN_POINT('Ctrl Pts',(17.2592714820285,18.9282210958081,2.18112218739585));
#12760=CARTESIAN_POINT('Origin',(17.6330637351157,21.755,2.82854936121859));
#12761=CARTESIAN_POINT('',(16.5123327719763,19.619659607795,0.887386391445552));
#12762=CARTESIAN_POINT('Ctrl Pts',(16.5123327719763,19.619659607795,0.887386391445552));
#12763=CARTESIAN_POINT('Ctrl Pts',(16.3714806752677,19.7488968998607,0.643423403593719));
#12764=CARTESIAN_POINT('Ctrl Pts',(16.1871893259652,19.9787491004809,0.324221423206243));
#12765=CARTESIAN_POINT('Ctrl Pts',(16.0401383812132,20.3351336703639,0.0695217155948138));
#12766=CARTESIAN_POINT('Ctrl Pts',(16.0064619853447,20.4691537127851,0.0111924869348769));
#12767=CARTESIAN_POINT('Ctrl Pts',(15.9999919667124,20.4993610522016,-1.39140623473047E-5));
#12768=CARTESIAN_POINT('Ctrl Pts',(17.2592714820285,18.9282210958081,2.18112218739585));
#12769=CARTESIAN_POINT('Ctrl Pts',(17.0106288338099,19.1601530656145,1.75046048775283));
#12770=CARTESIAN_POINT('Ctrl Pts',(16.7616990494734,19.3908563227227,1.31930145376483));
#12771=CARTESIAN_POINT('Ctrl Pts',(16.5123327719763,19.619659607795,0.887386391445555));
#12772=CARTESIAN_POINT('Ctrl Pts',(16.5123327719763,19.619659607795,0.887386391445552));
#12773=CARTESIAN_POINT('Ctrl Pts',(16.3714806752677,19.7488968998607,0.643423403593719));
#12774=CARTESIAN_POINT('Ctrl Pts',(16.1871893259652,19.9787491004809,0.324221423206243));
#12775=CARTESIAN_POINT('Ctrl Pts',(16.013403731977,20.3999262936623,0.0232159447952896));
#12776=CARTESIAN_POINT('Ctrl Pts',(15.9731589926738,20.6249825508099,-0.0464899884152859));
#12777=CARTESIAN_POINT('Ctrl Pts',(15.9731147122171,20.7412142226059,-0.0465666844161067));
#12778=CARTESIAN_POINT('Ctrl Pts',(16.5230000340312,19.6661634056555,0.905862631302232));
#12779=CARTESIAN_POINT('Ctrl Pts',(16.3830553934224,19.7881608270073,0.663771252742034));
#12780=CARTESIAN_POINT('Ctrl Pts',(16.1994041698486,20.0079941699364,0.345300468109715));
#12781=CARTESIAN_POINT('Ctrl Pts',(16.0247525143205,20.4131173809996,0.0429986160303723));
#12782=CARTESIAN_POINT('Ctrl Pts',(15.9837586501103,20.6296633637825,-0.0281346625606077));
#12783=CARTESIAN_POINT('Ctrl Pts',(15.9831543332855,20.7412295216719,-0.0291775506369423));
#12784=CARTESIAN_POINT('Ctrl Pts',(16.5102875686579,19.7470788362434,0.956066429204174));
#12785=CARTESIAN_POINT('Ctrl Pts',(16.3796164416833,19.8568870046209,0.712959717817367));
#12786=CARTESIAN_POINT('Ctrl Pts',(16.2050835146455,20.05911645015,0.39116780480799));
#12787=CARTESIAN_POINT('Ctrl Pts',(16.037317423855,20.4362698220279,0.081847112092204));
#12788=CARTESIAN_POINT('Ctrl Pts',(15.9971599025628,20.6378528515824,0.00695125238755959));
#12789=CARTESIAN_POINT('Ctrl Pts',(15.9961012958692,20.7412562913969,0.00391664520531932));
#12790=CARTESIAN_POINT('Ctrl Pts',(16.4494223441705,19.788874237654,1.01334773694615));
#12791=CARTESIAN_POINT('Ctrl Pts',(16.3346635883375,19.9003904887208,0.767562120466304));
#12792=CARTESIAN_POINT('Ctrl Pts',(16.1817585632153,20.0989211058091,0.441376906291219));
#12793=CARTESIAN_POINT('Ctrl Pts',(16.0350919962997,20.456944190772,0.123460212096253));
#12794=CARTESIAN_POINT('Ctrl Pts',(16.0004228029873,20.6453994105712,0.0441752605632069));
#12795=CARTESIAN_POINT('Ctrl Pts',(15.9999608357485,20.7412809580183,0.0390702441487291));
#12796=CARTESIAN_POINT('Ctrl Pts',(16.4188546593629,19.796748790539,1.03516747458189));
#12797=CARTESIAN_POINT('Ctrl Pts',(16.3100993113519,19.9121292402692,0.789005298904838));
#12798=CARTESIAN_POINT('Ctrl Pts',(16.1670655335769,20.1126296837714,0.46195115260215));
#12799=CARTESIAN_POINT('Ctrl Pts',(16.0314534082206,20.4650762440363,0.141095351321976));
#12800=CARTESIAN_POINT('Ctrl Pts',(15.999923310015,20.6484329924571,0.0600708922865966));
#12801=CARTESIAN_POINT('Ctrl Pts',(15.9999084047877,20.7412908750192,0.0541295855851682));
#12802=CARTESIAN_POINT('',(16.4188546593629,19.796748790539,1.0351674745819));
#12803=CARTESIAN_POINT('Ctrl Pts',(15.9999084204216,20.7412151996661,0.0541344351755171));
#12804=CARTESIAN_POINT('Ctrl Pts',(15.9999318757793,20.6483831834796,0.0600929039379765));
#12805=CARTESIAN_POINT('Ctrl Pts',(16.0314613024123,20.4650557275767,0.141114028834642));
#12806=CARTESIAN_POINT('Ctrl Pts',(16.1670655335769,20.1126296837714,0.46195115260215));
#12807=CARTESIAN_POINT('Ctrl Pts',(16.3100993113519,19.9121292402692,0.789005298904838));
#12808=CARTESIAN_POINT('Ctrl Pts',(16.4188546593629,19.796748790539,1.03516747458189));
#12809=CARTESIAN_POINT('Origin',(16.3391276912194,19.619659607795,0.987386391445552));
#12810=CARTESIAN_POINT('Ctrl Pts',(17.2592714820285,18.9282210958081,2.18112218739585));
#12811=CARTESIAN_POINT('Ctrl Pts',(17.0106288338099,19.1601530656145,1.75046048775283));
#12812=CARTESIAN_POINT('Ctrl Pts',(16.7616990494734,19.3908563227227,1.31930145376483));
#12813=CARTESIAN_POINT('Ctrl Pts',(16.5123327719763,19.619659607795,0.887386391445555));
#12814=CARTESIAN_POINT('Ctrl Pts',(17.2702731347834,18.9753983793548,2.20017760893469));
#12815=CARTESIAN_POINT('Ctrl Pts',(17.0215250888512,19.2071135974028,1.76934876573182));
#12816=CARTESIAN_POINT('Ctrl Pts',(16.7725007103575,19.43759833125,1.3379935603202));
#12817=CARTESIAN_POINT('Ctrl Pts',(16.5230000340312,19.6661634056555,0.905862631302236));
#12818=CARTESIAN_POINT('Ctrl Pts',(17.2569808951824,19.0574511610771,2.2520412433527));
#12819=CARTESIAN_POINT('Ctrl Pts',(17.008435724319,19.2888096408246,1.82071050372394));
#12820=CARTESIAN_POINT('Ctrl Pts',(16.7595857893907,19.5189058431199,1.38881177419011));
#12821=CARTESIAN_POINT('Ctrl Pts',(16.5102867821354,19.7470782104248,0.956066551781088));
#12822=CARTESIAN_POINT('Ctrl Pts',(17.1940334994715,19.098526802143,2.31050514096036));
#12823=CARTESIAN_POINT('Ctrl Pts',(16.946142275314,19.3301096516077,1.87882073802931));
#12824=CARTESIAN_POINT('Ctrl Pts',(16.6979904098541,19.5604523466142,1.44653321095071));
#12825=CARTESIAN_POINT('Ctrl Pts',(16.4494223441705,19.788874237654,1.01334773694615));
#12826=CARTESIAN_POINT('Ctrl Pts',(17.1625995795892,19.1057061464936,2.3325199441538));
#12827=CARTESIAN_POINT('Ctrl Pts',(16.9149770255497,19.3375097358115,1.90078260550114));
#12828=CARTESIAN_POINT('Ctrl Pts',(16.6671150379183,19.5680803705916,1.46842798180815));
#12829=CARTESIAN_POINT('Ctrl Pts',(16.418854659363,19.796748790539,1.0351674745819));
#12830=CARTESIAN_POINT('',(17.1625995795892,19.1057061464936,2.3325199441538));
#12831=CARTESIAN_POINT('Ctrl Pts',(16.418854659363,19.796748790539,1.0351674745819));
#12832=CARTESIAN_POINT('Ctrl Pts',(16.6671150379183,19.5680803705916,1.46842798180815));
#12833=CARTESIAN_POINT('Ctrl Pts',(16.9149770255497,19.3375097358115,1.90078260550114));
#12834=CARTESIAN_POINT('Ctrl Pts',(17.1625995795892,19.1057061464936,2.3325199441538));
#12835=CARTESIAN_POINT('Origin',(17.0860664012716,18.9282210958081,2.28112218739585));
#12836=CARTESIAN_POINT('Ctrl Pts',(17.1625995795892,19.1057061464936,2.3325199441538));
#12837=CARTESIAN_POINT('Ctrl Pts',(17.2102395146369,19.0611096113284,2.41558159760801));
#12838=CARTESIAN_POINT('Ctrl Pts',(17.2415591644373,18.9966914294499,2.5912048796487));
#12839=CARTESIAN_POINT('Ctrl Pts',(17.1216999189686,18.9792547883844,2.82056182862595));
#12840=CARTESIAN_POINT('Ctrl Pts',(16.9987856470468,19.0078747134182,2.89650397472207));
#12841=CARTESIAN_POINT('Ctrl Pts',(16.9345182786693,19.0286087009509,2.91699304345491));
#12842=CARTESIAN_POINT('Ctrl Pts',(17.2045114727656,19.0961336873594,2.30316687322921));
#12843=CARTESIAN_POINT('Ctrl Pts',(17.2542756504067,19.0473335292833,2.39745286506477));
#12844=CARTESIAN_POINT('Ctrl Pts',(17.2837634581454,18.9780927533987,2.59305376112771));
#12845=CARTESIAN_POINT('Ctrl Pts',(17.149061836413,18.9594263891473,2.84772388590238));
#12846=CARTESIAN_POINT('Ctrl Pts',(17.01353144006,18.9901446766147,2.93419224462488));
#12847=CARTESIAN_POINT('Ctrl Pts',(16.942438728145,19.0125153382299,2.95863551855242));
#12848=CARTESIAN_POINT('Ctrl Pts',(17.2630779868691,19.0462566403461,2.24249229978281));
#12849=CARTESIAN_POINT('Ctrl Pts',(17.3190975197479,18.9954858875449,2.35756739940933));
#12850=CARTESIAN_POINT('Ctrl Pts',(17.3482454007329,18.9241467370905,2.58997851376509));
#12851=CARTESIAN_POINT('Ctrl Pts',(17.1885047673391,18.9050242211612,2.88917953012324));
#12852=CARTESIAN_POINT('Ctrl Pts',(17.0296633330479,18.9364933693645,2.99308123535271));
#12853=CARTESIAN_POINT('Ctrl Pts',(16.9457816257012,18.9595461453927,3.02361789286897));
#12854=CARTESIAN_POINT('Ctrl Pts',(17.2675227215947,18.9636040584681,2.19541375354998));
#12855=CARTESIAN_POINT('Ctrl Pts',(17.3344610759047,18.9171509073505,2.31929678777109));
#12856=CARTESIAN_POINT('Ctrl Pts',(17.3752405018649,18.8506473928253,2.5755576096418));
#12857=CARTESIAN_POINT('Ctrl Pts',(17.2004895218657,18.8327316111262,2.90732715039721));
#12858=CARTESIAN_POINT('Ctrl Pts',(17.0229984809603,18.8622313547245,3.01912682855025));
#12859=CARTESIAN_POINT('Ctrl Pts',(16.929646470066,18.8836747674088,3.05033597296531));
#12860=CARTESIAN_POINT('Ctrl Pts',(17.2592714820285,18.9282210958081,2.18112218739585));
#12861=CARTESIAN_POINT('Ctrl Pts',(17.3310257674398,18.8835998616078,2.30540425538904));
#12862=CARTESIAN_POINT('Ctrl Pts',(17.3787136214435,18.8191586185912,2.56790895075074));
#12863=CARTESIAN_POINT('Ctrl Pts',(17.2001097118026,18.8017561595536,2.91008329781352));
#12864=CARTESIAN_POINT('Ctrl Pts',(17.0162802661709,18.8304221072672,3.02302044197745));
#12865=CARTESIAN_POINT('Ctrl Pts',(16.9200797194604,18.8511819898805,3.05335235784479));
#12866=CARTESIAN_POINT('',(16.9345182786693,19.0286087009509,2.91699304345491));
#12867=CARTESIAN_POINT('Origin',(16.8599385595595,18.8511819898805,2.86260896769514));
#12868=CARTESIAN_POINT('Ctrl Pts',(17.1625995795892,19.1057061464936,2.3325199441538));
#12869=CARTESIAN_POINT('Ctrl Pts',(17.2102395146369,19.0611096113284,2.41558159760801));
#12870=CARTESIAN_POINT('Ctrl Pts',(17.2415591644373,18.9966914294499,2.5912048796487));
#12871=CARTESIAN_POINT('Ctrl Pts',(17.1216999189686,18.9792547883844,2.82056182862595));
#12872=CARTESIAN_POINT('Ctrl Pts',(16.9987856470468,19.0078747134182,2.89650397472207));
#12873=CARTESIAN_POINT('Ctrl Pts',(16.9345182786693,19.0286087009509,2.91699304345491));
#12874=CARTESIAN_POINT('Ctrl Pts',(16.1303464912308,19.100826311295,3.30235428824307));
#12875=CARTESIAN_POINT('Ctrl Pts',(16.3941361096624,19.0195240351929,3.21918174103273));
#12876=CARTESIAN_POINT('Ctrl Pts',(16.6573642617542,18.9362221832446,3.13618622347934));
#12877=CARTESIAN_POINT('Ctrl Pts',(16.9200797194604,18.8511819898805,3.05335235784479));
#12878=CARTESIAN_POINT('Ctrl Pts',(16.1423914276155,19.1437918739112,3.29855653438883));
#12879=CARTESIAN_POINT('Ctrl Pts',(16.4064319802989,19.0626131209787,3.21530849795912));
#12880=CARTESIAN_POINT('Ctrl Pts',(16.6698932144593,18.9794283150645,3.13223229964751));
#12881=CARTESIAN_POINT('Ctrl Pts',(16.9328353869346,18.8945056932515,3.04933051133882));
#12882=CARTESIAN_POINT('Ctrl Pts',(16.1551710487327,19.2187282519917,3.26583700355963));
#12883=CARTESIAN_POINT('Ctrl Pts',(16.4195701231411,19.1377569421327,3.18221736779424));
#12884=CARTESIAN_POINT('Ctrl Pts',(16.6833753688828,19.0547792639846,3.09879309604927));
#12885=CARTESIAN_POINT('Ctrl Pts',(16.9466367142316,18.970053743558,3.01554241311213));
#12886=CARTESIAN_POINT('Ctrl Pts',(16.1488493458034,19.2655083800663,3.20005892322084));
#12887=CARTESIAN_POINT('Ctrl Pts',(16.4133094547296,19.1844400015597,3.11591040725261));
#12888=CARTESIAN_POINT('Ctrl Pts',(16.6771599137287,19.1013612300411,3.03197247096501));
#12889=CARTESIAN_POINT('Ctrl Pts',(16.9404586157761,19.0165386789102,2.94822489977804));
#12890=CARTESIAN_POINT('Ctrl Pts',(16.1430062456105,19.2779154940391,3.16939885734923));
#12891=CARTESIAN_POINT('Ctrl Pts',(16.4074368997475,19.1967324652378,3.08505330812654));
#12892=CARTESIAN_POINT('Ctrl Pts',(16.6712552566356,19.1135428184429,3.0009238825329));
#12893=CARTESIAN_POINT('Ctrl Pts',(16.9345182786693,19.0286087009509,2.91699304345491));
#12894=CARTESIAN_POINT('',(16.1430062456105,19.2779154940391,3.16939885734924));
#12895=CARTESIAN_POINT('Ctrl Pts',(16.9345182786693,19.0286087009509,2.91699304345491));
#12896=CARTESIAN_POINT('Ctrl Pts',(16.6712552566356,19.1135428184429,3.0009238825329));
#12897=CARTESIAN_POINT('Ctrl Pts',(16.4074368997475,19.1967324652378,3.08505330812654));
#12898=CARTESIAN_POINT('Ctrl Pts',(16.1430062456105,19.2779154940391,3.16939885734923));
#12899=CARTESIAN_POINT('Origin',(16.0702053313299,19.100826311295,3.11161089809342));
#12900=CARTESIAN_POINT('Ctrl Pts',(15.9470837663339,19.1786406878165,3.36013680344972));
#12901=CARTESIAN_POINT('Ctrl Pts',(16.0054197075693,19.1462338904578,3.34174355183007));
#12902=CARTESIAN_POINT('Ctrl Pts',(16.0670085367028,19.1203476248986,3.3223246685958));
#12903=CARTESIAN_POINT('Ctrl Pts',(16.1303464912308,19.100826311295,3.30235428824307));
#12904=CARTESIAN_POINT('Ctrl Pts',(15.9658613278721,19.2158027911678,3.35421626103863));
#12905=CARTESIAN_POINT('Ctrl Pts',(16.0220623384178,19.1855273315728,3.33650928151824));
#12906=CARTESIAN_POINT('Ctrl Pts',(16.0813959697842,19.1615645642328,3.3177697746096));
#12907=CARTESIAN_POINT('Ctrl Pts',(16.1423914276155,19.1437918739112,3.29855653438883));
#12908=CARTESIAN_POINT('Ctrl Pts',(15.991411447124,19.2806660709335,3.32096923540125));
#12909=CARTESIAN_POINT('Ctrl Pts',(16.0435758828164,19.2540803216924,3.30349206814674));
#12910=CARTESIAN_POINT('Ctrl Pts',(16.0986500783146,19.2334968985798,3.28496107994313));
#12911=CARTESIAN_POINT('Ctrl Pts',(16.1551710995063,19.2187283256429,3.26583709259793));
#12912=CARTESIAN_POINT('Ctrl Pts',(15.9958850021563,19.3239145814081,3.2589586298201));
#12913=CARTESIAN_POINT('Ctrl Pts',(16.0445294044597,19.2989841044383,3.24045046390495));
#12914=CARTESIAN_POINT('Ctrl Pts',(16.0959637395249,19.2795564719417,3.22064150210441));
#12915=CARTESIAN_POINT('Ctrl Pts',(16.1488493458034,19.2655083800663,3.20005892322085));
#12916=CARTESIAN_POINT('Ctrl Pts',(15.9937534757796,19.3364585855566,3.23009719689168));
#12917=CARTESIAN_POINT('Ctrl Pts',(16.0411435813959,19.3117001240302,3.21107943619162));
#12918=CARTESIAN_POINT('Ctrl Pts',(16.0913128508941,19.2922285325508,3.19066007025256));
#12919=CARTESIAN_POINT('Ctrl Pts',(16.1430062456105,19.277915494039,3.16939885734923));
#12920=CARTESIAN_POINT('',(15.9937534757796,19.3364585855566,3.23009719689168));
#12921=CARTESIAN_POINT('Ctrl Pts',(16.1430062456105,19.277915494039,3.16939885734923));
#12922=CARTESIAN_POINT('Ctrl Pts',(16.0913128508941,19.2922285325508,3.19066007025256));
#12923=CARTESIAN_POINT('Ctrl Pts',(16.0411435813959,19.3117001240302,3.21107943619162));
#12924=CARTESIAN_POINT('Ctrl Pts',(15.9937534757796,19.3364585855566,3.23009719689168));
#12925=CARTESIAN_POINT('Origin',(15.886942606433,19.1786406878165,3.16939341330008));
#12926=CARTESIAN_POINT('Ctrl Pts',(15.9937534757796,19.3364585855566,3.23009719689168));
#12927=CARTESIAN_POINT('Ctrl Pts',(15.8938721870011,19.388640512818,3.27017979276149));
#12928=CARTESIAN_POINT('Ctrl Pts',(15.7502406597257,19.4949801301056,3.37943819904111));
#12929=CARTESIAN_POINT('Ctrl Pts',(15.6328824042657,19.6320318458888,3.55393313658756));
#12930=CARTESIAN_POINT('Ctrl Pts',(15.5831062128925,19.7177889814035,3.66569413676262));
#12931=CARTESIAN_POINT('Ctrl Pts',(15.5600534388308,19.7610451682773,3.73262171806802));
#12932=CARTESIAN_POINT('Ctrl Pts',(15.5498368325292,19.7893871112461,3.76830715340785));
#12933=CARTESIAN_POINT('Ctrl Pts',(15.5441257933983,19.7832719762913,3.79171450100405));
#12934=CARTESIAN_POINT('Ctrl Pts',(15.9965955109658,19.3197332466856,3.26857910744889));
#12935=CARTESIAN_POINT('Ctrl Pts',(15.8986260674487,19.3703510849747,3.30277144150622));
#12936=CARTESIAN_POINT('Ctrl Pts',(15.7530157797128,19.4771611835869,3.40091683605909));
#12937=CARTESIAN_POINT('Ctrl Pts',(15.6327727491707,19.6209401869381,3.56476041286833));
#12938=CARTESIAN_POINT('Ctrl Pts',(15.5825125198364,19.7119311862732,3.6710705827719));
#12939=CARTESIAN_POINT('Ctrl Pts',(15.5596319862533,19.7580878480713,3.73498227221778));
#12940=CARTESIAN_POINT('Ctrl Pts',(15.5496498595512,19.7882546549629,3.76918490574532));
#12941=CARTESIAN_POINT('Ctrl Pts',(15.544230970708,19.78213257321,3.79143675461328));
#12942=CARTESIAN_POINT('Ctrl Pts',(15.9887252077434,19.2715825060947,3.32845377055433));
#12943=CARTESIAN_POINT('Ctrl Pts',(15.8942940067964,19.3258642337506,3.35407721656066));
#12944=CARTESIAN_POINT('Ctrl Pts',(15.749859346863,19.4421233711411,3.43581029682638));
#12945=CARTESIAN_POINT('Ctrl Pts',(15.6300751257388,19.6009338452064,3.58300789521823));
#12946=CARTESIAN_POINT('Ctrl Pts',(15.5807697727032,19.7016039214669,3.68030084840181));
#12947=CARTESIAN_POINT('Ctrl Pts',(15.5587641934259,19.7529158645902,3.73908799586892));
#12948=CARTESIAN_POINT('Ctrl Pts',(15.5493141614246,19.7862725978506,3.77071886021344));
#12949=CARTESIAN_POINT('Ctrl Pts',(15.5443973931762,19.7801380733695,3.79094625283066));
#12950=CARTESIAN_POINT('Ctrl Pts',(15.9611669375738,19.2065122653273,3.35569639660627));
#12951=CARTESIAN_POINT('Ctrl Pts',(15.8687509283076,19.2706177932046,3.38232552096723));
#12952=CARTESIAN_POINT('Ctrl Pts',(15.7330113398069,19.4039855741766,3.46217754652983));
#12953=CARTESIAN_POINT('Ctrl Pts',(15.6229313180436,19.5803584633007,3.59923997613757));
#12954=CARTESIAN_POINT('Ctrl Pts',(15.5777750653163,19.6911961450082,3.6890978308277));
#12955=CARTESIAN_POINT('Ctrl Pts',(15.5576400012551,19.7477262487915,3.74310732972174));
#12956=CARTESIAN_POINT('Ctrl Pts',(15.5489637107647,19.7842903467692,3.77224863016258));
#12957=CARTESIAN_POINT('Ctrl Pts',(15.544532904235,19.7781431651373,3.79044810518154));
#12958=CARTESIAN_POINT('Ctrl Pts',(15.9470837664315,19.1786406878165,3.36013680341893));
#12959=CARTESIAN_POINT('Ctrl Pts',(15.8548703879726,19.246942554671,3.38921157001738));
#12960=CARTESIAN_POINT('Ctrl Pts',(15.7235110578394,19.3876376478146,3.47151576960976));
#12961=CARTESIAN_POINT('Ctrl Pts',(15.619098539489,19.5715380955197,3.60577882282197));
#12962=CARTESIAN_POINT('Ctrl Pts',(15.5762675317366,19.6867350508081,3.69278268189015));
#12963=CARTESIAN_POINT('Ctrl Pts',(15.5571140348333,19.7455016959226,3.74481772431025));
#12964=CARTESIAN_POINT('Ctrl Pts',(15.5488108238573,19.7834408105912,3.77290341004805));
#12965=CARTESIAN_POINT('Ctrl Pts',(15.5445852977613,19.7772882044668,3.79023322773459));
#12966=CARTESIAN_POINT('Ctrl Pts',(15.9937534757796,19.3364585855566,3.23009719689168));
#12967=CARTESIAN_POINT('Ctrl Pts',(15.8938721870011,19.388640512818,3.27017979276149));
#12968=CARTESIAN_POINT('Ctrl Pts',(15.7502406597257,19.4949801301056,3.37943819904111));
#12969=CARTESIAN_POINT('Ctrl Pts',(15.6328824042657,19.6320318458888,3.55393313658756));
#12970=CARTESIAN_POINT('Ctrl Pts',(15.5831062128925,19.7177889814035,3.66569413676262));
#12971=CARTESIAN_POINT('Ctrl Pts',(15.5612053363656,19.7588837496606,3.72927749078728));
#12972=CARTESIAN_POINT('Ctrl Pts',(15.551891920864,19.783789419713,3.76119684350565));
#12973=CARTESIAN_POINT('Ctrl Pts',(15.5474854052666,19.7846828726417,3.77830602387783));
#12974=CARTESIAN_POINT('Ctrl Pts',(17.388040020995,19.4198124159823,0.795864154695364));
#12975=CARTESIAN_POINT('Ctrl Pts',(17.3464389271242,19.2128286363388,1.70394810820167));
#12976=CARTESIAN_POINT('Ctrl Pts',(17.2334921999423,19.0058448566954,2.60875441872132));
#12977=CARTESIAN_POINT('Ctrl Pts',(17.0505834657269,18.7988610770519,3.49919897767747));
#12978=CARTESIAN_POINT('Ctrl Pts',(17.0701151761163,19.5682186938499,0.781299398579407));
#12979=CARTESIAN_POINT('Ctrl Pts',(17.0292754053719,19.3612349142065,1.67276491131589));
#12980=CARTESIAN_POINT('Ctrl Pts',(16.9183956660368,19.154251134563,2.56101276375302));
#12981=CARTESIAN_POINT('Ctrl Pts',(16.7388342632594,18.9472673549195,3.43516169265791));
#12982=CARTESIAN_POINT('Ctrl Pts',(16.7521903312377,19.7166249717176,0.766734642463449));
#12983=CARTESIAN_POINT('Ctrl Pts',(16.7121118836196,19.5096411920741,1.6415817144301));
#12984=CARTESIAN_POINT('Ctrl Pts',(16.6032991321314,19.3026574124306,2.51327110878472));
#12985=CARTESIAN_POINT('Ctrl Pts',(16.4270850607918,19.0956736327871,3.37112440763835));
#12986=CARTESIAN_POINT('Ctrl Pts',(16.4342654863591,19.8650312495852,0.752169886347492));
#12987=CARTESIAN_POINT('Ctrl Pts',(16.3949483618673,19.6580474699417,1.61039851754432));
#12988=CARTESIAN_POINT('Ctrl Pts',(16.2882025982259,19.4510636902982,2.46552945381642));
#12989=CARTESIAN_POINT('Ctrl Pts',(16.1153358583243,19.2440799106547,3.30708712261878));
#12990=CARTESIAN_POINT('Ctrl Pts',(16.4188507191426,19.796748790539,1.0351670316086));
#12991=CARTESIAN_POINT('Ctrl Pts',(16.373621960532,19.6238043583724,1.75158130426509));
#12992=CARTESIAN_POINT('Ctrl Pts',(16.2814191756539,19.4508599262057,2.46502875124644));
#12993=CARTESIAN_POINT('Ctrl Pts',(16.1430051573586,19.2779154940391,3.16939870603096));
#12994=CARTESIAN_POINT('Ctrl Pts',(16.0000000895206,20.7546258318126,0.));
#12995=CARTESIAN_POINT('Ctrl Pts',(16.0000000895206,20.4386429131565,1.27552437043223));
#12996=CARTESIAN_POINT('Ctrl Pts',(15.8465982805257,20.1226599945004,2.55097910876083));
#12997=CARTESIAN_POINT('Ctrl Pts',(15.5441529103222,19.8066770758442,3.7901276945281));
#12998=CARTESIAN_POINT('Ctrl Pts',(16.0000708064043,20.6068385360959,0.));
#12999=CARTESIAN_POINT('Ctrl Pts',(16.0000708064043,20.2908556174398,1.27549552844766));
#13000=CARTESIAN_POINT('Ctrl Pts',(15.8466601418304,19.9748726987837,2.55102389622221));
#13001=CARTESIAN_POINT('Ctrl Pts',(15.5442216104808,19.6588897801275,3.79014446252923));
#13002=CARTESIAN_POINT('Ctrl Pts',(16.0864124880598,20.3116575568554,0.));
#13003=CARTESIAN_POINT('Ctrl Pts',(16.0864124880598,19.9956746381993,1.28243395993122));
#13004=CARTESIAN_POINT('Ctrl Pts',(15.9321847086076,19.6796917195432,2.56475620484604));
#13005=CARTESIAN_POINT('Ctrl Pts',(15.628100974291,19.363708800887,3.81061733037686));
#13006=CARTESIAN_POINT('Ctrl Pts',(16.3175448471468,20.1087671207098,0.));
#13007=CARTESIAN_POINT('Ctrl Pts',(16.3175448471468,19.7927842020536,1.3008450807018));
#13008=CARTESIAN_POINT('Ctrl Pts',(16.1610911104712,19.4768012833975,2.60167498016418));
#13009=CARTESIAN_POINT('Ctrl Pts',(15.8526418317821,19.1608183647414,3.86542217262881));
#13010=CARTESIAN_POINT('Ctrl Pts',(16.4514856394139,20.0463095035362,0.));
#13011=CARTESIAN_POINT('Ctrl Pts',(16.4514856394139,19.7303265848801,1.31155210492681));
#13012=CARTESIAN_POINT('Ctrl Pts',(16.29375093034,19.414343666224,2.62303261096127));
#13013=CARTESIAN_POINT('Ctrl Pts',(15.9827628605619,19.0983607475679,3.89718148153864));
#13014=CARTESIAN_POINT('Ctrl Pts',(-16.1142575986961,3.82822568017884,0.230672193399185));
#13015=CARTESIAN_POINT('Ctrl Pts',(-16.191588302652,3.93709291395976,0.236851430781826));
#13016=CARTESIAN_POINT('Ctrl Pts',(-16.2973138942174,4.02579542570365,0.241389788073613));
#13017=CARTESIAN_POINT('Ctrl Pts',(-16.4184260778383,4.08245024763076,0.243885483864567));
#13018=CARTESIAN_POINT('Ctrl Pts',(-16.118433337889,3.82521421271348,0.197499033007185));
#13019=CARTESIAN_POINT('Ctrl Pts',(-16.1961668509461,3.93270370368608,0.203241585441493));
#13020=CARTESIAN_POINT('Ctrl Pts',(-16.3015181208236,4.01984834467052,0.207503611391354));
#13021=CARTESIAN_POINT('Ctrl Pts',(-16.4216398809877,4.07550420774382,0.209856139073597));
#13022=CARTESIAN_POINT('Ctrl Pts',(-16.1120773858685,3.82979801017713,0.116960558571055));
#13023=CARTESIAN_POINT('Ctrl Pts',(-16.1922173934444,3.93721411438754,0.120934922373047));
#13024=CARTESIAN_POINT('Ctrl Pts',(-16.2992120404315,4.02343238116149,0.123954303941269));
#13025=CARTESIAN_POINT('Ctrl Pts',(-16.4202422014961,4.07852503293004,0.125625004507326));
#13026=CARTESIAN_POINT('Ctrl Pts',(-16.0696758053023,3.86037726200729,0.0528629251741444));
#13027=CARTESIAN_POINT('Ctrl Pts',(-16.1550002031785,3.97497577322686,0.0547007806047631));
#13028=CARTESIAN_POINT('Ctrl Pts',(-16.2691977793839,4.06710587420204,0.0561226668369947));
#13029=CARTESIAN_POINT('Ctrl Pts',(-16.3983257825464,4.12589331067701,0.0568990829590786));
#13030=CARTESIAN_POINT('Ctrl Pts',(-16.0387218529792,3.88270069171409,0.0294746926931598));
#13031=CARTESIAN_POINT('Ctrl Pts',(-16.1274767881004,4.00286384014622,0.030516255137025));
#13032=CARTESIAN_POINT('Ctrl Pts',(-16.2467324054298,4.09961635635156,0.0313134176515975));
#13033=CARTESIAN_POINT('Ctrl Pts',(-16.3818979191493,4.16139909280164,0.0317543031110156));
#13034=CARTESIAN_POINT('Ctrl Pts',(-18.7053228263536,5.14044119870754,0.238706425501378));
#13035=CARTESIAN_POINT('Ctrl Pts',(-18.8410349049416,5.20269613105023,0.235682181858211));
#13036=CARTESIAN_POINT('Ctrl Pts',(-19.0774465617403,5.40573629215837,0.225620279543844));
#13037=CARTESIAN_POINT('Ctrl Pts',(-19.167601765577,5.70615951590656,0.210042817859848));
#13038=CARTESIAN_POINT('Ctrl Pts',(-19.1676853739381,5.8567169196694,0.20210699588478));
#13039=CARTESIAN_POINT('Ctrl Pts',(-18.7101131151488,5.13010779564766,0.180967170188802));
#13040=CARTESIAN_POINT('Ctrl Pts',(-18.8474550114628,5.19423721398353,0.178264339497816));
#13041=CARTESIAN_POINT('Ctrl Pts',(-19.0846161513454,5.40265886661216,0.169339307733082));
#13042=CARTESIAN_POINT('Ctrl Pts',(-19.1703104802325,5.70597143090427,0.156038372023948));
#13043=CARTESIAN_POINT('Ctrl Pts',(-19.1682406837656,5.8567169196694,0.14939887101806));
#13044=CARTESIAN_POINT('Ctrl Pts',(-18.6967271269227,5.15898346841161,0.0555064401137798));
#13045=CARTESIAN_POINT('Ctrl Pts',(-18.8280210303582,5.22149024701861,0.0544661724852208));
#13046=CARTESIAN_POINT('Ctrl Pts',(-19.052598951847,5.42454956377503,0.0510848856433369));
#13047=CARTESIAN_POINT('Ctrl Pts',(-19.1292866807833,5.7142468550615,0.0462871732678678));
#13048=CARTESIAN_POINT('Ctrl Pts',(-19.1254020155437,5.8567169196694,0.0439472218682441));
#13049=CARTESIAN_POINT('Ctrl Pts',(-18.6475491430178,5.26506808065236,5.17864747906344E-16));
#13050=CARTESIAN_POINT('Ctrl Pts',(-18.7594480326781,5.31751701454217,2.39309175913887E-5));
#13051=CARTESIAN_POINT('Ctrl Pts',(-18.9520638626564,5.48779301427924,-2.00032127469529E-5));
#13052=CARTESIAN_POINT('Ctrl Pts',(-19.0217436104055,5.7341608188463,-4.40150044988751E-5));
#13053=CARTESIAN_POINT('Ctrl Pts',(-19.0204075228619,5.8567169196694,5.72901655193316E-15));
#13054=CARTESIAN_POINT('Ctrl Pts',(-18.6227972382208,5.31846181528959,5.20417042793042E-16));
#13055=CARTESIAN_POINT('Ctrl Pts',(-18.7248712444484,5.36578058970308,4.60863237809901E-16));
#13056=CARTESIAN_POINT('Ctrl Pts',(-18.901396575177,5.51956250919775,2.95304457782459E-15));
#13057=CARTESIAN_POINT('Ctrl Pts',(-18.9676964728252,5.74420839039564,5.79719520348287E-15));
#13058=CARTESIAN_POINT('Ctrl Pts',(-18.9676964728252,5.8567169196694,5.72458747072346E-15));
#13059=CARTESIAN_POINT('Origin',(-18.9676964728252,5.8567169196694,0.200000000000006));
#13060=CARTESIAN_POINT('Ctrl Pts',(-19.1676853739381,5.8567169196694,0.20210699588478));
#13061=CARTESIAN_POINT('Ctrl Pts',(-19.1677691178505,6.00751841707051,0.194158307829333));
#13062=CARTESIAN_POINT('Ctrl Pts',(-19.077720770624,6.30823440787286,0.178098293032068));
#13063=CARTESIAN_POINT('Ctrl Pts',(-18.841752537303,6.51182401190528,0.166808479775769));
#13064=CARTESIAN_POINT('Ctrl Pts',(-18.7061344085364,6.57453644505301,0.163073368478271));
#13065=CARTESIAN_POINT('Ctrl Pts',(-19.1682406837656,5.8567169196694,0.14939887101806));
#13066=CARTESIAN_POINT('Ctrl Pts',(-19.1661679153622,6.00770622890464,0.142747466364595));
#13067=CARTESIAN_POINT('Ctrl Pts',(-19.0723515242617,6.30597589645099,0.129597380235798));
#13068=CARTESIAN_POINT('Ctrl Pts',(-18.8370584324036,6.50544846409856,0.120646618619722));
#13069=CARTESIAN_POINT('Ctrl Pts',(-18.7025202337555,6.56681602905498,0.11769721997903));
#13070=CARTESIAN_POINT('Ctrl Pts',(-19.1253353755777,5.8567169196694,0.0440131634428824));
#13071=CARTESIAN_POINT('Ctrl Pts',(-19.1214434922626,5.99941950454848,0.0416700112060569));
#13072=CARTESIAN_POINT('Ctrl Pts',(-19.0294839431911,6.27912178771011,0.0371996903253006));
#13073=CARTESIAN_POINT('Ctrl Pts',(-18.8076557592909,6.46471374571035,0.0343011623115686));
#13074=CARTESIAN_POINT('Ctrl Pts',(-18.6814173529142,6.52173713034992,0.0333436777235665));
#13075=CARTESIAN_POINT('Ctrl Pts',(-19.0204075228619,5.8567169196694,5.82652777547093E-15));
#13076=CARTESIAN_POINT('Ctrl Pts',(-19.0190705282084,5.9794695476852,4.41669942744495E-5));
#13077=CARTESIAN_POINT('Ctrl Pts',(-18.944062837229,6.22269820313721,3.18316480799562E-5));
#13078=CARTESIAN_POINT('Ctrl Pts',(-18.752522827188,6.38746854820389,-1.39932909418719E-5));
#13079=CARTESIAN_POINT('Ctrl Pts',(-18.6423721338015,6.4383307229245,2.70716977317435E-15));
#13080=CARTESIAN_POINT('Ctrl Pts',(-18.9676964728252,5.8567169196694,5.82867087928207E-15));
#13081=CARTESIAN_POINT('Ctrl Pts',(-18.9676964728252,5.96940785522515,5.83354032659334E-15));
#13082=CARTESIAN_POINT('Ctrl Pts',(-18.9012280556997,6.19434760520542,4.16547369384812E-15));
#13083=CARTESIAN_POINT('Ctrl Pts',(-18.7248584743963,6.34873768465216,2.75220897917707E-15));
#13084=CARTESIAN_POINT('Ctrl Pts',(-18.6227972382208,6.39651582847096,2.70616862252382E-15));
#13085=CARTESIAN_POINT('Origin',(-1.10218211923262E-15,3.59999999999999,
0.));
#13086=CARTESIAN_POINT('Origin',(16.0700038026255,12.3775,4.16112698479661));
#13087=CARTESIAN_POINT('',(15.8045381748389,12.3775,4.69920504647901));
#13088=CARTESIAN_POINT('Origin',(19.8715341995219,21.755,6.70569393681241));
#13089=CARTESIAN_POINT('Ctrl Pts',(16.434265486359,16.2824122425126,0.752169886347487));
#13090=CARTESIAN_POINT('Ctrl Pts',(16.3949483618673,16.0754284628692,1.61039851754431));
#13091=CARTESIAN_POINT('Ctrl Pts',(16.2882025982259,15.8684446832257,2.46552945381642));
#13092=CARTESIAN_POINT('Ctrl Pts',(16.1153358583243,15.6614609035822,3.30708712261878));
#13093=CARTESIAN_POINT('Ctrl Pts',(16.7522029417107,16.4308244069078,0.766735220173765));
#13094=CARTESIAN_POINT('Ctrl Pts',(16.7121244638948,16.2238406272643,1.64158295131004));
#13095=CARTESIAN_POINT('Ctrl Pts',(16.6033116304196,16.0168568476208,2.51327300245507));
#13096=CARTESIAN_POINT('Ctrl Pts',(16.4270974263083,15.8098730679774,3.37112694767404));
#13097=CARTESIAN_POINT('Ctrl Pts',(17.0701403970623,16.579236571303,0.781300554000042));
#13098=CARTESIAN_POINT('Ctrl Pts',(17.0293005659222,16.3722527916595,1.67276738507576));
#13099=CARTESIAN_POINT('Ctrl Pts',(16.9184206626132,16.165269012016,2.56101655109371));
#13100=CARTESIAN_POINT('Ctrl Pts',(16.7388589942923,15.9582852323725,3.4351667727293));
#13101=CARTESIAN_POINT('Ctrl Pts',(17.388077852414,16.7276487356982,0.795865887826319));
#13102=CARTESIAN_POINT('Ctrl Pts',(17.3464766679497,16.5206649560547,1.70395181884148));
#13103=CARTESIAN_POINT('Ctrl Pts',(17.2335296948069,16.3136811764112,2.60876009973236));
#13104=CARTESIAN_POINT('Ctrl Pts',(17.0506205622763,16.1066973967677,3.49920659778455));
#13105=CARTESIAN_POINT('Ctrl Pts',(16.4240306538196,16.2347914176184,0.949563443108812));
#13106=CARTESIAN_POINT('Ctrl Pts',(16.3825444227997,16.0618469854517,1.66620432225774));
#13107=CARTESIAN_POINT('Ctrl Pts',(16.294053788613,15.888902553285,2.38012172240367));
#13108=CARTESIAN_POINT('Ctrl Pts',(16.1593215441098,15.7159581211184,3.08520497702489));
#13109=CARTESIAN_POINT('Ctrl Pts',(16.4514856394139,16.4636904964637,0.));
#13110=CARTESIAN_POINT('Ctrl Pts',(16.4514856394139,16.1477075772619,1.31155210719171));
#13111=CARTESIAN_POINT('Ctrl Pts',(16.2937509297927,15.8317246580601,2.62303261549046));
#13112=CARTESIAN_POINT('Ctrl Pts',(15.9827628589508,15.5157417388583,3.89718148813958));
#13113=CARTESIAN_POINT('Ctrl Pts',(16.3175447970377,16.4012328559239,0.));
#13114=CARTESIAN_POINT('Ctrl Pts',(16.3175447970377,16.0852499367221,1.30084507891909));
#13115=CARTESIAN_POINT('Ctrl Pts',(16.1610910602928,15.7692670175204,2.6016749766891));
#13116=CARTESIAN_POINT('Ctrl Pts',(15.852641781504,15.4532840983186,3.86542216729435));
#13117=CARTESIAN_POINT('Ctrl Pts',(16.0864025328171,16.1983485811987,0.));
#13118=CARTESIAN_POINT('Ctrl Pts',(16.0864025328171,15.8823656619969,1.28243395245808));
#13119=CARTESIAN_POINT('Ctrl Pts',(15.9321750344391,15.5663827427951,2.56475385815332));
#13120=CARTESIAN_POINT('Ctrl Pts',(15.6280913013795,15.2503998235933,3.81061497629841));
#13121=CARTESIAN_POINT('Ctrl Pts',(16.0000707435748,15.9031611874875,0.));
#13122=CARTESIAN_POINT('Ctrl Pts',(16.0000707435748,15.5871782682857,1.27549552558217));
#13123=CARTESIAN_POINT('Ctrl Pts',(15.8466600790586,15.2711953490839,2.55102389065285));
#13124=CARTESIAN_POINT('Ctrl Pts',(15.5442215478762,14.9552124298821,3.79014445405109));
#13125=CARTESIAN_POINT('Ctrl Pts',(16.0000000893619,15.7553738364514,0.));
#13126=CARTESIAN_POINT('Ctrl Pts',(16.0000000893619,15.4393909172496,1.27552437262226));
#13127=CARTESIAN_POINT('Ctrl Pts',(15.8465982798362,15.1234079980479,2.55097911314028));
#13128=CARTESIAN_POINT('Ctrl Pts',(15.5441529086012,14.8074250788461,3.7901277009101));
#13129=CARTESIAN_POINT('Origin',(-13.930003589375,2.49999999999998,13.930003589375));
#13130=CARTESIAN_POINT('',(-13.930003589375,2.49999999999998,15.330003589375));
#13131=CARTESIAN_POINT('Origin',(-13.930003589375,2.49999999999998,15.830003589375));
#13132=CARTESIAN_POINT('',(-15.330003589375,2.49999999999998,13.930003589375));
#13133=CARTESIAN_POINT('Origin',(-13.930003589375,2.49999999999998,13.930003589375));
#13134=CARTESIAN_POINT('Origin',(-13.930003589375,2.49999999999998,13.930003589375));
#13135=CARTESIAN_POINT('Origin',(-13.930003589375,2.99999999999999,13.930003589375));
#13136=CARTESIAN_POINT('',(-15.330003589375,0.499999999999992,13.930003589375));
#13137=CARTESIAN_POINT('',(-15.330003589375,2.99999999999999,13.930003589375));
#13138=CARTESIAN_POINT('',(-13.930003589375,0.499999999999992,12.530003589375));
#13139=CARTESIAN_POINT('Origin',(-13.930003589375,0.499999999999992,13.930003589375));
#13140=CARTESIAN_POINT('Origin',(-13.930003589375,0.499999999999992,13.930003589375));
#13141=CARTESIAN_POINT('Origin',(-13.930003589375,0.499999999999992,13.930003589375));
#13142=CARTESIAN_POINT('Origin',(-13.930003589375,0.499999999999992,12.030003589375));
#13143=CARTESIAN_POINT('Origin',(-13.930003589375,0.499999999999992,-13.930003589375));
#13144=CARTESIAN_POINT('',(-13.930003589375,0.499999999999992,-15.330003589375));
#13145=CARTESIAN_POINT('Origin',(-13.930003589375,0.499999999999992,-15.830003589375));
#13146=CARTESIAN_POINT('',(-15.330003589375,0.499999999999992,-13.930003589375));
#13147=CARTESIAN_POINT('Origin',(-13.930003589375,0.499999999999992,-13.930003589375));
#13148=CARTESIAN_POINT('Origin',(-13.930003589375,0.499999999999992,-13.930003589375));
#13149=CARTESIAN_POINT('Origin',(-13.930003589375,2.99999999999999,-13.930003589375));
#13150=CARTESIAN_POINT('',(-15.330003589375,2.49999999999998,-13.930003589375));
#13151=CARTESIAN_POINT('',(-13.930003589375,2.49999999999998,-12.530003589375));
#13152=CARTESIAN_POINT('Origin',(-13.930003589375,2.49999999999998,-13.930003589375));
#13153=CARTESIAN_POINT('',(-15.330003589375,2.99999999999999,-13.930003589375));
#13154=CARTESIAN_POINT('Origin',(-13.930003589375,2.49999999999998,-13.930003589375));
#13155=CARTESIAN_POINT('Origin',(-13.930003589375,2.49999999999998,-13.930003589375));
#13156=CARTESIAN_POINT('Origin',(-13.930003589375,2.49999999999998,-12.030003589375));
#13157=CARTESIAN_POINT('Origin',(13.930003589375,0.500000000000008,-13.930003589375));
#13158=CARTESIAN_POINT('',(13.930003589375,0.500000000000008,-15.330003589375));
#13159=CARTESIAN_POINT('Origin',(13.930003589375,0.500000000000008,-15.830003589375));
#13160=CARTESIAN_POINT('',(12.530003589375,0.500000000000007,-13.930003589375));
#13161=CARTESIAN_POINT('Origin',(13.930003589375,0.500000000000008,-13.930003589375));
#13162=CARTESIAN_POINT('Origin',(13.930003589375,0.500000000000008,-13.930003589375));
#13163=CARTESIAN_POINT('Origin',(13.930003589375,2.99999999999999,-13.930003589375));
#13164=CARTESIAN_POINT('',(12.530003589375,2.49999999999999,-13.930003589375));
#13165=CARTESIAN_POINT('',(13.930003589375,2.49999999999999,-12.530003589375));
#13166=CARTESIAN_POINT('Origin',(13.930003589375,2.49999999999999,-13.930003589375));
#13167=CARTESIAN_POINT('',(12.530003589375,2.99999999999999,-13.930003589375));
#13168=CARTESIAN_POINT('Origin',(13.930003589375,2.49999999999999,-13.930003589375));
#13169=CARTESIAN_POINT('Origin',(13.930003589375,2.49999999999999,-13.930003589375));
#13170=CARTESIAN_POINT('Origin',(13.930003589375,2.49999999999999,-12.030003589375));
#13171=CARTESIAN_POINT('Origin',(13.930003589375,0.500000000000008,13.930003589375));
#13172=CARTESIAN_POINT('',(13.930003589375,0.500000000000008,12.530003589375));
#13173=CARTESIAN_POINT('Origin',(13.930003589375,0.500000000000008,12.030003589375));
#13174=CARTESIAN_POINT('',(12.530003589375,0.500000000000007,13.930003589375));
#13175=CARTESIAN_POINT('Origin',(13.930003589375,0.500000000000008,13.930003589375));
#13176=CARTESIAN_POINT('Origin',(13.930003589375,0.500000000000008,13.930003589375));
#13177=CARTESIAN_POINT('Origin',(13.930003589375,2.99999999999999,13.930003589375));
#13178=CARTESIAN_POINT('',(12.530003589375,2.49999999999999,13.930003589375));
#13179=CARTESIAN_POINT('',(13.930003589375,2.49999999999999,15.330003589375));
#13180=CARTESIAN_POINT('Origin',(13.930003589375,2.49999999999999,13.930003589375));
#13181=CARTESIAN_POINT('',(12.530003589375,2.99999999999999,13.930003589375));
#13182=CARTESIAN_POINT('Origin',(13.930003589375,2.49999999999999,13.930003589375));
#13183=CARTESIAN_POINT('Origin',(13.930003589375,2.49999999999999,13.930003589375));
#13184=CARTESIAN_POINT('Origin',(13.930003589375,2.49999999999999,15.830003589375));
#13185=CARTESIAN_POINT('Origin',(-1.5308084989342E-16,0.5,0.));
#13186=CARTESIAN_POINT('',(-3.00895718550505E-15,0.5,23.32));
#13187=CARTESIAN_POINT('Origin',(-2.94772484554768E-15,0.5,22.82));
#13188=CARTESIAN_POINT('',(-23.32,0.49999999999999,-2.85587633561163E-15));
#13189=CARTESIAN_POINT('Origin',(-1.5308084989342E-16,0.5,0.));
#13190=CARTESIAN_POINT('Origin',(-1.5308084989342E-16,0.5,0.));
#13191=CARTESIAN_POINT('Origin',(-4.59242549680256E-16,1.49999999999999,
0.));
#13192=CARTESIAN_POINT('',(-23.32,1.99999999999998,-2.85587633561163E-15));
#13193=CARTESIAN_POINT('',(-23.32,1.49999999999998,-2.85587633561163E-15));
#13194=CARTESIAN_POINT('',(-3.4681997351853E-15,1.99999999999999,23.32));
#13195=CARTESIAN_POINT('Origin',(-6.12323399573674E-16,1.99999999999999,
0.));
#13196=CARTESIAN_POINT('Origin',(-6.12323399573674E-16,1.99999999999999,
0.));
#13197=CARTESIAN_POINT('Origin',(-2.,18.76,-6.));
#13198=CARTESIAN_POINT('',(6.49999999999999,6.9242640687119,-6.));
#13199=CARTESIAN_POINT('',(6.67786796564404,7.10213203435595,-6.));
#13200=CARTESIAN_POINT('',(6.49999999999999,18.26,-6.));
#13201=CARTESIAN_POINT('',(6.49999999999999,21.2575,-6.));
#13202=CARTESIAN_POINT('',(-6.50000000000001,18.26,-6.));
#13203=CARTESIAN_POINT('',(-1.00000000000001,18.26,-6.));
#13204=CARTESIAN_POINT('',(-6.50000000000001,6.92426406871191,-6.));
#13205=CARTESIAN_POINT('',(-6.50000000000001,21.2575,-6.));
#13206=CARTESIAN_POINT('',(-7.67786796564404,8.10213203435594,-6.));
#13207=CARTESIAN_POINT('Ctrl Pts',(6.79999999999999,18.96,-5.7));
#13208=CARTESIAN_POINT('Ctrl Pts',(6.79999999999999,18.9596647885512,-5.70125424639322));
#13209=CARTESIAN_POINT('Ctrl Pts',(6.79999962159495,18.959329524989,-5.70250860432586));
#13210=CARTESIAN_POINT('Ctrl Pts',(6.79974357149313,18.9232772209238,-5.83741714739003));
#13211=CARTESIAN_POINT('Ctrl Pts',(6.78461225622257,18.8693351966534,-6.03904242484883));
#13212=CARTESIAN_POINT('Ctrl Pts',(6.72129035338925,18.7915509090832,-6.33811813799915));
#13213=CARTESIAN_POINT('Ctrl Pts',(6.65188604514877,18.76,-6.47084579798965));
#13214=CARTESIAN_POINT('Ctrl Pts',(6.6,18.76,-6.49372539331938));
#13215=CARTESIAN_POINT('Ctrl Pts',(6.79999999999999,18.96,-5.7));
#13216=CARTESIAN_POINT('Ctrl Pts',(6.79997859171913,18.95935905443,-5.70101116732858));
#13217=CARTESIAN_POINT('Ctrl Pts',(6.80001946307329,18.958799363075,-5.70196650490581));
#13218=CARTESIAN_POINT('Ctrl Pts',(6.79889585736719,18.8911805704926,-5.80974296250918));
#13219=CARTESIAN_POINT('Ctrl Pts',(6.75841484612824,18.7957097537838,-5.96738863385436));
#13220=CARTESIAN_POINT('Ctrl Pts',(6.61839466227984,18.710809523649,-6.17617446737452));
#13221=CARTESIAN_POINT('Ctrl Pts',(6.54962633233822,18.7462300641373,-6.22803763774308));
#13222=CARTESIAN_POINT('Ctrl Pts',(6.5672750765251,18.76,-6.23397936575481));
#13223=CARTESIAN_POINT('Ctrl Pts',(6.79999999999999,18.96,-5.7));
#13224=CARTESIAN_POINT('Ctrl Pts',(6.79997929047937,18.9590870976918,-5.70075766681489));
#13225=CARTESIAN_POINT('Ctrl Pts',(6.80001880958781,18.9582324139405,-5.70143524283276));
#13226=CARTESIAN_POINT('Ctrl Pts',(6.79887751667993,18.8610604144198,-5.78161668246354));
#13227=CARTESIAN_POINT('Ctrl Pts',(6.75672991892518,18.7193166871985,-5.89598210855096));
#13228=CARTESIAN_POINT('Ctrl Pts',(6.60883627193854,18.5415904468018,-6.0160689748651));
#13229=CARTESIAN_POINT('Ctrl Pts',(6.52809328267265,18.5124111177677,-6.00298158739919));
#13230=CARTESIAN_POINT('Ctrl Pts',(6.53749999999999,18.5217993877991,-5.99764702249477));
#13231=CARTESIAN_POINT('Ctrl Pts',(6.79999999999999,18.96,-5.7));
#13232=CARTESIAN_POINT('Ctrl Pts',(6.79999999999999,18.9588267599293,-5.70047034239717));
#13233=CARTESIAN_POINT('Ctrl Pts',(6.79999950334337,18.9576533374615,-5.7009407266222));
#13234=CARTESIAN_POINT('Ctrl Pts',(6.79966343758479,18.8314702732341,-5.75153143027122));
#13235=CARTESIAN_POINT('Ctrl Pts',(6.77980358629214,18.642673188287,-5.8271409093183));
#13236=CARTESIAN_POINT('Ctrl Pts',(6.69669358882341,18.3704281817914,-5.93929430174967));
#13237=CARTESIAN_POINT('Ctrl Pts',(6.60560043425776,18.26,-5.98906717424612));
#13238=CARTESIAN_POINT('Ctrl Pts',(6.5375,18.26,-5.99764702249477));
#13239=CARTESIAN_POINT('',(6.59999999999999,18.76,-6.49372539331938));
#13240=CARTESIAN_POINT('',(6.5375,18.26,-5.99764702249477));
#13241=CARTESIAN_POINT('Origin',(6.6,18.26,-6.49372539331938));
#13242=CARTESIAN_POINT('',(6.79999999999999,18.96,-5.7));
#13243=CARTESIAN_POINT('Ctrl Pts',(6.5375,18.26,-5.99764702249477));
#13244=CARTESIAN_POINT('Ctrl Pts',(6.60560043425776,18.26,-5.98906717424612));
#13245=CARTESIAN_POINT('Ctrl Pts',(6.69669358882341,18.3704281817914,-5.93929430174967));
#13246=CARTESIAN_POINT('Ctrl Pts',(6.77980358629214,18.642673188287,-5.8271409093183));
#13247=CARTESIAN_POINT('Ctrl Pts',(6.79966343758479,18.8314702732341,-5.75153143027122));
#13248=CARTESIAN_POINT('Ctrl Pts',(6.79999950334337,18.9576533374615,-5.7009407266222));
#13249=CARTESIAN_POINT('Ctrl Pts',(6.79999999999999,18.9588267599293,-5.70047034239717));
#13250=CARTESIAN_POINT('Ctrl Pts',(6.79999999999999,18.96,-5.7));
#13251=CARTESIAN_POINT('Ctrl Pts',(6.79999999999999,18.96,-5.7));
#13252=CARTESIAN_POINT('Ctrl Pts',(6.79999999999999,18.9596647885512,-5.70125424639322));
#13253=CARTESIAN_POINT('Ctrl Pts',(6.79999962159495,18.959329524989,-5.70250860432586));
#13254=CARTESIAN_POINT('Ctrl Pts',(6.79974357149313,18.9232772209238,-5.83741714739003));
#13255=CARTESIAN_POINT('Ctrl Pts',(6.78461225622257,18.8693351966534,-6.03904242484883));
#13256=CARTESIAN_POINT('Ctrl Pts',(6.72129035338925,18.7915509090832,-6.33811813799915));
#13257=CARTESIAN_POINT('Ctrl Pts',(6.65188604514877,18.76,-6.47084579798965));
#13258=CARTESIAN_POINT('Ctrl Pts',(6.6,18.76,-6.49372539331938));
#13259=CARTESIAN_POINT('Origin',(6.49999999999999,18.26,-5.7));
#13260=CARTESIAN_POINT('',(6.49999999999999,18.76,-6.5));
#13261=CARTESIAN_POINT('Origin',(6.49999999999999,18.26,-6.5));
#13262=CARTESIAN_POINT('Origin',(6.49999999999999,18.26,-5.7));
#13263=CARTESIAN_POINT('Origin',(6.49999999999999,18.76,-5.7));
#13264=CARTESIAN_POINT('Origin',(-1.00000000000001,18.26,-6.5));
#13265=CARTESIAN_POINT('',(-6.50000000000001,18.76,-6.5));
#13266=CARTESIAN_POINT('Origin',(-6.50000000000001,18.26,-6.5));
#13267=CARTESIAN_POINT('',(-1.00000000000001,18.76,-6.5));
#13268=CARTESIAN_POINT('Origin',(-6.50000000000001,18.26,-5.7));
#13269=CARTESIAN_POINT('',(-6.60000000000001,18.76,-6.49372539331937));
#13270=CARTESIAN_POINT('',(-6.53750000000001,18.26,-5.99764702249476));
#13271=CARTESIAN_POINT('Origin',(-6.60000000000001,18.26,-6.49372539331937));
#13272=CARTESIAN_POINT('Origin',(-6.50000000000001,18.26,-5.7));
#13273=CARTESIAN_POINT('Origin',(-6.50000000000001,18.76,-5.7));
#13274=CARTESIAN_POINT('Ctrl Pts',(-6.80000000000001,18.96,-5.7));
#13275=CARTESIAN_POINT('Ctrl Pts',(-6.80000000000001,18.9590047160872,-5.70039900122163));
#13276=CARTESIAN_POINT('Ctrl Pts',(-6.79999953456935,18.9580071665592,-5.7007987762722));
#13277=CARTESIAN_POINT('Ctrl Pts',(-6.79960769757361,18.7699564265731,-5.77622342360503));
#13278=CARTESIAN_POINT('Ctrl Pts',(-6.76332235537488,18.5120584164355,-5.87915704193484));
#13279=CARTESIAN_POINT('Ctrl Pts',(-6.63835204273442,18.2965381651697,-5.97254922582863));
#13280=CARTESIAN_POINT('Ctrl Pts',(-6.57157097870878,18.26,-5.99335448265724));
#13281=CARTESIAN_POINT('Ctrl Pts',(-6.5375,18.26,-5.99764702249476));
#13282=CARTESIAN_POINT('Ctrl Pts',(-6.80000000000001,18.96,-5.7));
#13283=CARTESIAN_POINT('Ctrl Pts',(-6.80008694029901,18.9592351460259,-5.7006222166289));
#13284=CARTESIAN_POINT('Ctrl Pts',(-6.79990934941519,18.9584876324797,-5.70124043956724));
#13285=CARTESIAN_POINT('Ctrl Pts',(-6.80509960484418,18.8150363292787,-5.81883892351629));
#13286=CARTESIAN_POINT('Ctrl Pts',(-6.70166760688249,18.6182773847515,-5.97718568674506));
#13287=CARTESIAN_POINT('Ctrl Pts',(-6.55269618138838,18.5200333354684,-6.00996467035319));
#13288=CARTESIAN_POINT('Ctrl Pts',(-6.53733499555414,18.5194756123532,-5.99712397748225));
#13289=CARTESIAN_POINT('Ctrl Pts',(-6.53750000000001,18.5217993877991,-5.99764702249476));
#13290=CARTESIAN_POINT('Ctrl Pts',(-6.80000000000001,18.96,-5.7));
#13291=CARTESIAN_POINT('Ctrl Pts',(-6.80008861443389,18.9594740329843,-5.70084501006828));
#13292=CARTESIAN_POINT('Ctrl Pts',(-6.79990760962099,18.9589614909551,-5.70168415952595));
#13293=CARTESIAN_POINT('Ctrl Pts',(-6.80526010067236,18.8599593845715,-5.86087239087396));
#13294=CARTESIAN_POINT('Ctrl Pts',(-6.70387668801643,18.7277732722912,-6.07904797369677));
#13295=CARTESIAN_POINT('Ctrl Pts',(-6.56956341307568,18.7318522433656,-6.21280896343581));
#13296=CARTESIAN_POINT('Ctrl Pts',(-6.5631020115401,18.7562819604606,-6.22865670513354));
#13297=CARTESIAN_POINT('Ctrl Pts',(-6.56727507652512,18.76,-6.23397936575481));
#13298=CARTESIAN_POINT('Ctrl Pts',(-6.80000000000001,18.96,-5.7));
#13299=CARTESIAN_POINT('Ctrl Pts',(-6.80000000000001,18.9597156331673,-5.70106400325814));
#13300=CARTESIAN_POINT('Ctrl Pts',(-6.79999964538617,18.9594306190169,-5.7021300700592));
#13301=CARTESIAN_POINT('Ctrl Pts',(-6.79970110291323,18.9057018361638,-5.90326246294682));
#13302=CARTESIAN_POINT('Ctrl Pts',(-6.77205512790467,18.8320166904101,-6.17775211182623));
#13303=CARTESIAN_POINT('Ctrl Pts',(-6.67683965160718,18.7704394757628,-6.42679793554302));
#13304=CARTESIAN_POINT('Ctrl Pts',(-6.62595884092098,18.76,-6.48227862041932));
#13305=CARTESIAN_POINT('Ctrl Pts',(-6.60000000000001,18.76,-6.49372539331938));
#13306=CARTESIAN_POINT('',(-6.80000000000001,18.96,-5.7));
#13307=CARTESIAN_POINT('Ctrl Pts',(-6.60000000000001,18.76,-6.49372539331938));
#13308=CARTESIAN_POINT('Ctrl Pts',(-6.62595884092098,18.76,-6.48227862041932));
#13309=CARTESIAN_POINT('Ctrl Pts',(-6.67683965160718,18.7704394757628,-6.42679793554302));
#13310=CARTESIAN_POINT('Ctrl Pts',(-6.77205512790467,18.8320166904101,-6.17775211182623));
#13311=CARTESIAN_POINT('Ctrl Pts',(-6.79970110291323,18.9057018361638,-5.90326246294682));
#13312=CARTESIAN_POINT('Ctrl Pts',(-6.79999964538617,18.9594306190169,-5.7021300700592));
#13313=CARTESIAN_POINT('Ctrl Pts',(-6.80000000000001,18.9597156331673,-5.70106400325814));
#13314=CARTESIAN_POINT('Ctrl Pts',(-6.80000000000001,18.96,-5.7));
#13315=CARTESIAN_POINT('Ctrl Pts',(-6.80000000000001,18.96,-5.7));
#13316=CARTESIAN_POINT('Ctrl Pts',(-6.80000000000001,18.9590047160872,-5.70039900122163));
#13317=CARTESIAN_POINT('Ctrl Pts',(-6.79999953456935,18.9580071665592,-5.7007987762722));
#13318=CARTESIAN_POINT('Ctrl Pts',(-6.79960769757361,18.7699564265731,-5.77622342360503));
#13319=CARTESIAN_POINT('Ctrl Pts',(-6.76332235537488,18.5120584164355,-5.87915704193484));
#13320=CARTESIAN_POINT('Ctrl Pts',(-6.63835204273442,18.2965381651697,-5.97254922582863));
#13321=CARTESIAN_POINT('Ctrl Pts',(-6.57157097870878,18.26,-5.99335448265724));
#13322=CARTESIAN_POINT('Ctrl Pts',(-6.5375,18.26,-5.99764702249476));
#13323=CARTESIAN_POINT('Origin',(-7.7715611723761E-15,18.76,0.));
#13324=CARTESIAN_POINT('',(6.59999999999999,18.76,-10.925));
#13325=CARTESIAN_POINT('',(6.59999999999999,18.76,-5.5625));
#13326=CARTESIAN_POINT('',(-6.60000000000001,18.76,-10.925));
#13327=CARTESIAN_POINT('',(-3.40000000000001,18.76,-10.925));
#13328=CARTESIAN_POINT('',(-6.60000000000001,18.76,5.5625));
#13329=CARTESIAN_POINT('Origin',(6.59999999999999,18.96,-5.5625));
#13330=CARTESIAN_POINT('',(6.79999999999999,18.96,-10.925));
#13331=CARTESIAN_POINT('',(6.79999999999999,18.96,-5.5625));
#13332=CARTESIAN_POINT('Origin',(6.59999999999999,18.96,-10.925));
#13333=CARTESIAN_POINT('Ctrl Pts',(4.,3.29999999999999,-0.207106781186539));
#13334=CARTESIAN_POINT('Ctrl Pts',(4.,3.29999999999999,-0.12426406871192));
#13335=CARTESIAN_POINT('Ctrl Pts',(4.,3.35857864376268,-0.0656854249492296));
#13336=CARTESIAN_POINT('Ctrl Pts',(4.,2.99999999999999,-0.207106781186539));
#13337=CARTESIAN_POINT('Ctrl Pts',(4.,2.99999999999999,9.22872889219661E-15));
#13338=CARTESIAN_POINT('Ctrl Pts',(4.,3.14644660940672,0.146446609406736));
#13339=CARTESIAN_POINT('Ctrl Pts',(3.7,2.99999999999999,-0.207106781186539));
#13340=CARTESIAN_POINT('Ctrl Pts',(3.7,2.99999999999999,9.12464548363801E-15));
#13341=CARTESIAN_POINT('Ctrl Pts',(3.7,3.14644660940672,0.146446609406735));
#13342=CARTESIAN_POINT('',(3.7,3.14644660940672,0.146446609406735));
#13343=CARTESIAN_POINT('Origin',(3.7,3.35857864376268,-0.0656854249492297));
#13344=CARTESIAN_POINT('Origin',(3.7,3.49999999999999,-0.207106781186539));
#13345=CARTESIAN_POINT('Ctrl Pts',(-3.7,2.99999999999999,-0.20710678118654));
#13346=CARTESIAN_POINT('Ctrl Pts',(-3.7,2.99999999999999,8.77770078844264E-15));
#13347=CARTESIAN_POINT('Ctrl Pts',(-3.7,3.14644660940672,0.146446609406735));
#13348=CARTESIAN_POINT('Ctrl Pts',(-4.,2.99999999999999,-0.20710678118654));
#13349=CARTESIAN_POINT('Ctrl Pts',(-4.,2.99999999999999,8.74300631892311E-15));
#13350=CARTESIAN_POINT('Ctrl Pts',(-4.,3.14644660940672,0.146446609406735));
#13351=CARTESIAN_POINT('Ctrl Pts',(-4.,3.29999999999999,-0.20710678118654));
#13352=CARTESIAN_POINT('Ctrl Pts',(-4.,3.29999999999999,-0.124264068711921));
#13353=CARTESIAN_POINT('Ctrl Pts',(-4.,3.35857864376268,-0.0656854249492302));
#13354=CARTESIAN_POINT('',(-3.7,3.14644660940672,0.146446609406735));
#13355=CARTESIAN_POINT('Origin',(-3.7,3.35857864376268,-0.0656854249492301));
#13356=CARTESIAN_POINT('Origin',(-3.7,3.49999999999999,-0.20710678118654));
#13357=CARTESIAN_POINT('Origin',(-3.7,3.29999999999999,-0.207106781186541));
#13358=CARTESIAN_POINT('Origin',(11.66,3.49999999999999,-0.207106781186539));
#13359=CARTESIAN_POINT('',(11.66,3.14644660940672,0.146446609406735));
#13360=CARTESIAN_POINT('Origin',(3.7,7.16213203435595,3.73786796564404));
#13361=CARTESIAN_POINT('',(3.7,3.66360389693209,0.663603896932107));
#13362=CARTESIAN_POINT('',(3.7,6.94999999999998,3.95));
#13363=CARTESIAN_POINT('Origin',(3.7,3.87573593128806,0.451471862576142));
#13364=CARTESIAN_POINT('Origin',(2.798764564586E-16,4.89999999999998,1.9));
#13365=CARTESIAN_POINT('',(-3.7,3.66360389693209,0.663603896932107));
#13366=CARTESIAN_POINT('',(-3.7,3.94999999999998,0.950000000000001));
#13367=CARTESIAN_POINT('',(-3.87573593128807,4.08786796564402,1.08786796564404));
#13368=CARTESIAN_POINT('Origin',(-4.3,3.66360389693209,0.663603896932107));
#13369=CARTESIAN_POINT('',(-6.5,6.71213203435594,3.71213203435596));
#13370=CARTESIAN_POINT('',(-3.79191197709602,4.00404401145197,1.00404401145199));
#13371=CARTESIAN_POINT('',(6.5,6.71213203435595,3.71213203435596));
#13372=CARTESIAN_POINT('',(-3.37692535203101E-16,6.71213203435595,3.71213203435596));
#13373=CARTESIAN_POINT('',(3.87573593128807,4.08786796564402,1.08786796564404));
#13374=CARTESIAN_POINT('',(3.79191197709602,4.00404401145197,1.00404401145199));
#13375=CARTESIAN_POINT('Origin',(4.3,3.66360389693209,0.663603896932107));
#13376=CARTESIAN_POINT('Origin',(-3.7,4.16213203435595,0.737867965644037));
#13377=CARTESIAN_POINT('Origin',(-3.7,3.87573593128805,0.451471862576143));
#13378=CARTESIAN_POINT('Ctrl Pts',(-1.5,7.09999999999998,6.));
#13379=CARTESIAN_POINT('Ctrl Pts',(-2.,7.09999999999998,6.));
#13380=CARTESIAN_POINT('Ctrl Pts',(-2.,7.09999999999998,5.5));
#13381=CARTESIAN_POINT('Ctrl Pts',(-1.5,6.79999999999998,6.));
#13382=CARTESIAN_POINT('Ctrl Pts',(-2.,6.79999999999998,6.));
#13383=CARTESIAN_POINT('Ctrl Pts',(-2.,6.79999999999998,5.5));
#13384=CARTESIAN_POINT('Ctrl Pts',(-1.5,6.79999999999998,5.7));
#13385=CARTESIAN_POINT('Ctrl Pts',(-1.7,6.79999999999998,5.7));
#13386=CARTESIAN_POINT('Ctrl Pts',(-1.7,6.79999999999998,5.5));
#13387=CARTESIAN_POINT('',(-1.7,6.79999999999998,5.5));
#13388=CARTESIAN_POINT('',(-2.,7.09999999999998,5.5));
#13389=CARTESIAN_POINT('Origin',(-1.7,7.09999999999998,5.5));
#13390=CARTESIAN_POINT('',(-1.5,7.09999999999998,6.));
#13391=CARTESIAN_POINT('Origin',(-1.5,7.09999999999998,5.5));
#13392=CARTESIAN_POINT('',(-1.5,6.79999999999998,5.7));
#13393=CARTESIAN_POINT('Origin',(-1.5,7.09999999999998,5.7));
#13394=CARTESIAN_POINT('Origin',(-1.5,6.79999999999998,5.5));
#13395=CARTESIAN_POINT('Ctrl Pts',(1.5,6.79999999999998,5.7));
#13396=CARTESIAN_POINT('Ctrl Pts',(1.7,6.79999999999998,5.7));
#13397=CARTESIAN_POINT('Ctrl Pts',(1.7,6.79999999999998,5.5));
#13398=CARTESIAN_POINT('Ctrl Pts',(1.5,6.79999999999998,6.));
#13399=CARTESIAN_POINT('Ctrl Pts',(2.,6.79999999999998,6.));
#13400=CARTESIAN_POINT('Ctrl Pts',(2.,6.79999999999998,5.5));
#13401=CARTESIAN_POINT('Ctrl Pts',(1.5,7.09999999999998,6.));
#13402=CARTESIAN_POINT('Ctrl Pts',(2.,7.09999999999998,6.));
#13403=CARTESIAN_POINT('Ctrl Pts',(2.,7.09999999999998,5.5));
#13404=CARTESIAN_POINT('',(2.,7.09999999999998,5.5));
#13405=CARTESIAN_POINT('',(1.7,6.79999999999998,5.5));
#13406=CARTESIAN_POINT('Origin',(1.7,7.09999999999998,5.5));
#13407=CARTESIAN_POINT('',(1.5,6.79999999999998,5.7));
#13408=CARTESIAN_POINT('Origin',(1.5,6.79999999999998,5.5));
#13409=CARTESIAN_POINT('',(1.5,7.09999999999998,6.));
#13410=CARTESIAN_POINT('Origin',(1.5,7.09999999999998,5.7));
#13411=CARTESIAN_POINT('Origin',(1.5,7.09999999999998,5.5));
#13412=CARTESIAN_POINT('Origin',(-2.5,18.26,4.3));
#13413=CARTESIAN_POINT('',(-2.,18.26,4.3));
#13414=CARTESIAN_POINT('',(-2.5,18.76,4.3));
#13415=CARTESIAN_POINT('Origin',(-2.5,18.26,4.3));
#13416=CARTESIAN_POINT('',(-2.5,18.26,3.8));
#13417=CARTESIAN_POINT('Origin',(-2.5,18.26,4.3));
#13418=CARTESIAN_POINT('Origin',(-2.5,18.26,4.3));
#13419=CARTESIAN_POINT('Origin',(-2.5,18.76,4.3));
#13420=CARTESIAN_POINT('',(-2.,7.09999999999998,4.3));
#13421=CARTESIAN_POINT('',(-2.5,7.09999999999998,3.8));
#13422=CARTESIAN_POINT('Origin',(-2.5,7.09999999999998,4.3));
#13423=CARTESIAN_POINT('',(-2.5,18.76,3.8));
#13424=CARTESIAN_POINT('',(-2.,18.76,4.3));
#13425=CARTESIAN_POINT('Ctrl Pts',(-6.80000000000001,18.96,3.5));
#13426=CARTESIAN_POINT('Ctrl Pts',(-6.80000000000001,18.9596642968102,3.50125608631999));
#13427=CARTESIAN_POINT('Ctrl Pts',(-6.79999961860372,18.9593285416991,3.50251228324003));
#13428=CARTESIAN_POINT('Ctrl Pts',(-6.7997434850191,18.9232759256202,3.63742201007635));
#13429=CARTESIAN_POINT('Ctrl Pts',(-6.78461262720597,18.8693345947454,3.83904474411136));
#13430=CARTESIAN_POINT('Ctrl Pts',(-6.72129054708488,18.791550509905,4.13811976058651));
#13431=CARTESIAN_POINT('Ctrl Pts',(-6.65188572322897,18.76,4.27084593994295));
#13432=CARTESIAN_POINT('Ctrl Pts',(-6.60000000000001,18.76,4.29372539331938));
#13433=CARTESIAN_POINT('Ctrl Pts',(-6.80000000000001,18.96,3.5));
#13434=CARTESIAN_POINT('Ctrl Pts',(-6.79997858701147,18.9593581428288,3.50101263010391));
#13435=CARTESIAN_POINT('Ctrl Pts',(-6.80001946292595,18.9587975755997,3.50196940771452));
#13436=CARTESIAN_POINT('Ctrl Pts',(-6.79889522145641,18.891178304653,3.60974675000659));
#13437=CARTESIAN_POINT('Ctrl Pts',(-6.75841466428885,18.7957087998916,3.76739039616073));
#13438=CARTESIAN_POINT('Ctrl Pts',(-6.61839445606372,18.7108095397517,3.97617529342648));
#13439=CARTESIAN_POINT('Ctrl Pts',(-6.54962653668139,18.7462303197045,4.02803763545507));
#13440=CARTESIAN_POINT('Ctrl Pts',(-6.56727507652512,18.76,4.03397936575481));
#13441=CARTESIAN_POINT('Ctrl Pts',(-6.80000000000001,18.96,3.5));
#13442=CARTESIAN_POINT('Ctrl Pts',(-6.79997928600827,18.9590857798369,3.50075874998829));
#13443=CARTESIAN_POINT('Ctrl Pts',(-6.80001880866596,18.9582298020544,3.5014373739869));
#13444=CARTESIAN_POINT('Ctrl Pts',(-6.79887692238277,18.8610570289704,3.58161941489634));
#13445=CARTESIAN_POINT('Ctrl Pts',(-6.75672992311194,18.7193151709786,3.69598331371433));
#13446=CARTESIAN_POINT('Ctrl Pts',(-6.6088362239968,18.5415898716065,3.8160692024397));
#13447=CARTESIAN_POINT('Ctrl Pts',(-6.52809342696762,18.5124112186072,3.8029813912322));
#13448=CARTESIAN_POINT('Ctrl Pts',(-6.53750000000001,18.5217993877991,3.79764702249477));
#13449=CARTESIAN_POINT('Ctrl Pts',(-6.80000000000001,18.96,3.5));
#13450=CARTESIAN_POINT('Ctrl Pts',(-6.80000000000001,18.9588250388357,3.50047103237016));
#13451=CARTESIAN_POINT('Ctrl Pts',(-6.79999949941739,18.957649895947,3.50094210621502));
#13452=CARTESIAN_POINT('Ctrl Pts',(-6.79966332408752,18.8314657396701,3.5515332537789));
#13453=CARTESIAN_POINT('Ctrl Pts',(-6.77980407320781,18.6426710816089,3.62714177904182));
#13454=CARTESIAN_POINT('Ctrl Pts',(-6.69669384304889,18.3704267846674,3.73929491022003));
#13455=CARTESIAN_POINT('Ctrl Pts',(-6.60560001173802,18.26,3.78906722747861));
#13456=CARTESIAN_POINT('Ctrl Pts',(-6.53750000000001,18.26,3.79764702249476));
#13457=CARTESIAN_POINT('',(-6.60000000000001,18.76,4.29372539331938));
#13458=CARTESIAN_POINT('',(-6.53750000000001,18.26,3.79764702249477));
#13459=CARTESIAN_POINT('Origin',(-6.60000000000002,18.26,4.29372539331938));
#13460=CARTESIAN_POINT('',(-6.80000000000001,18.96,3.5));
#13461=CARTESIAN_POINT('Ctrl Pts',(-6.53750000000001,18.26,3.79764702249476));
#13462=CARTESIAN_POINT('Ctrl Pts',(-6.60560001173802,18.26,3.78906722747861));
#13463=CARTESIAN_POINT('Ctrl Pts',(-6.69669384304889,18.3704267846674,3.73929491022003));
#13464=CARTESIAN_POINT('Ctrl Pts',(-6.77980407320781,18.6426710816089,3.62714177904182));
#13465=CARTESIAN_POINT('Ctrl Pts',(-6.79966332408752,18.8314657396701,3.5515332537789));
#13466=CARTESIAN_POINT('Ctrl Pts',(-6.79999949941739,18.957649895947,3.50094210621502));
#13467=CARTESIAN_POINT('Ctrl Pts',(-6.80000000000001,18.9588250388357,3.50047103237016));
#13468=CARTESIAN_POINT('Ctrl Pts',(-6.80000000000001,18.96,3.5));
#13469=CARTESIAN_POINT('Ctrl Pts',(-6.80000000000001,18.96,3.5));
#13470=CARTESIAN_POINT('Ctrl Pts',(-6.80000000000001,18.9596642968102,3.50125608631999));
#13471=CARTESIAN_POINT('Ctrl Pts',(-6.79999961860372,18.9593285416991,3.50251228324003));
#13472=CARTESIAN_POINT('Ctrl Pts',(-6.7997434850191,18.9232759256202,3.63742201007635));
#13473=CARTESIAN_POINT('Ctrl Pts',(-6.78461262720597,18.8693345947454,3.83904474411136));
#13474=CARTESIAN_POINT('Ctrl Pts',(-6.72129054708488,18.791550509905,4.13811976058651));
#13475=CARTESIAN_POINT('Ctrl Pts',(-6.65188572322897,18.76,4.27084593994295));
#13476=CARTESIAN_POINT('Ctrl Pts',(-6.60000000000001,18.76,4.29372539331938));
#13477=CARTESIAN_POINT('Origin',(-6.50000000000001,18.26,3.5));
#13478=CARTESIAN_POINT('',(-6.50000000000001,18.76,4.3));
#13479=CARTESIAN_POINT('',(-6.50000000000001,18.26,3.8));
#13480=CARTESIAN_POINT('Origin',(-6.50000000000001,18.26,4.3));
#13481=CARTESIAN_POINT('Origin',(-6.50000000000001,18.26,3.5));
#13482=CARTESIAN_POINT('Origin',(-6.50000000000001,18.76,3.5));
#13483=CARTESIAN_POINT('Origin',(3.39999999999999,18.26,4.3));
#13484=CARTESIAN_POINT('',(3.39999999999999,18.76,4.3));
#13485=CARTESIAN_POINT('',(3.39999999999999,18.26,3.8));
#13486=CARTESIAN_POINT('Origin',(-1.5,18.26,5.5));
#13487=CARTESIAN_POINT('',(-2.,18.26,5.5));
#13488=CARTESIAN_POINT('',(-1.5,18.26,6.));
#13489=CARTESIAN_POINT('Origin',(-1.5,18.26,5.5));
#13490=CARTESIAN_POINT('',(-2.5,18.76,5.5));
#13491=CARTESIAN_POINT('Origin',(-2.5,18.26,5.5));
#13492=CARTESIAN_POINT('',(-1.5,18.76,6.5));
#13493=CARTESIAN_POINT('Origin',(-1.5,18.76,5.5));
#13494=CARTESIAN_POINT('Origin',(-1.5,18.26,6.5));
#13495=CARTESIAN_POINT('Origin',(-2.5,18.26,3.));
#13496=CARTESIAN_POINT('',(-2.5,18.76,3.));
#13497=CARTESIAN_POINT('',(-2.,18.26,3.));
#13498=CARTESIAN_POINT('Origin',(1.5,18.26,5.5));
#13499=CARTESIAN_POINT('',(1.5,18.26,6.));
#13500=CARTESIAN_POINT('',(2.,18.26,5.5));
#13501=CARTESIAN_POINT('Origin',(1.5,18.26,5.5));
#13502=CARTESIAN_POINT('',(1.5,18.76,6.5));
#13503=CARTESIAN_POINT('Origin',(1.5,18.26,6.5));
#13504=CARTESIAN_POINT('',(2.5,18.76,5.5));
#13505=CARTESIAN_POINT('Origin',(1.5,18.76,5.5));
#13506=CARTESIAN_POINT('Origin',(2.5,18.26,5.5));
#13507=CARTESIAN_POINT('Origin',(0.999999999999996,18.26,6.5));
#13508=CARTESIAN_POINT('',(0.999999999999996,18.76,6.5));
#13509=CARTESIAN_POINT('',(0.999999999999996,18.26,6.));
#13510=CARTESIAN_POINT('Origin',(2.5,18.26,4.3));
#13511=CARTESIAN_POINT('',(2.,18.26,4.3));
#13512=CARTESIAN_POINT('',(2.5,18.26,3.8));
#13513=CARTESIAN_POINT('Origin',(2.5,18.26,4.3));
#13514=CARTESIAN_POINT('',(2.5,18.76,4.3));
#13515=CARTESIAN_POINT('Origin',(2.5,18.26,4.3));
#13516=CARTESIAN_POINT('Origin',(2.5,18.26,4.3));
#13517=CARTESIAN_POINT('Origin',(2.5,18.26,-3.));
#13518=CARTESIAN_POINT('',(2.5,18.76,-3.));
#13519=CARTESIAN_POINT('',(2.,18.26,-3.));
#13520=CARTESIAN_POINT('Ctrl Pts',(6.79999999999999,18.96,3.5));
#13521=CARTESIAN_POINT('Ctrl Pts',(6.79999999999999,18.9589108788767,3.50043661979602));
#13522=CARTESIAN_POINT('Ctrl Pts',(6.79999961571404,18.9578215888088,3.50087327794896));
#13523=CARTESIAN_POINT('Ctrl Pts',(6.79968053901781,18.8316892836714,3.55144367148437));
#13524=CARTESIAN_POINT('Ctrl Pts',(6.77982891856047,18.6428243138531,3.62708016999109));
#13525=CARTESIAN_POINT('Ctrl Pts',(6.69673405959088,18.3704962105115,3.73926508307434));
#13526=CARTESIAN_POINT('Ctrl Pts',(6.60561852958317,18.26,3.78906489444941));
#13527=CARTESIAN_POINT('Ctrl Pts',(6.5375,18.26,3.79764702249477));
#13528=CARTESIAN_POINT('Ctrl Pts',(6.79999999999999,18.96,3.5));
#13529=CARTESIAN_POINT('Ctrl Pts',(6.79997950482329,18.9591514824967,3.50070473279471));
#13530=CARTESIAN_POINT('Ctrl Pts',(6.80001877833246,18.9583601420193,3.50133106077247));
#13531=CARTESIAN_POINT('Ctrl Pts',(6.79891628579789,18.8612213332751,3.58148164416108));
#13532=CARTESIAN_POINT('Ctrl Pts',(6.75678838529082,18.7194263658096,3.69589804922306));
#13533=CARTESIAN_POINT('Ctrl Pts',(6.60889040634577,18.5416159256607,3.81606439351891));
#13534=CARTESIAN_POINT('Ctrl Pts',(6.52808147102002,18.5124017179908,3.80299203049556));
#13535=CARTESIAN_POINT('Ctrl Pts',(6.53749999999999,18.5217993877991,3.79764702249477));
#13536=CARTESIAN_POINT('Ctrl Pts',(6.79999999999999,18.96,3.5));
#13537=CARTESIAN_POINT('Ctrl Pts',(6.79997881920659,18.9594036025619,3.50093969871751));
#13538=CARTESIAN_POINT('Ctrl Pts',(6.80001941123348,18.9588867400374,3.5018245499535));
#13539=CARTESIAN_POINT('Ctrl Pts',(6.79893368800059,18.8912936823011,3.60956332963662));
#13540=CARTESIAN_POINT('Ctrl Pts',(6.75847206872021,18.7957774170728,3.76726573277917));
#13541=CARTESIAN_POINT('Ctrl Pts',(6.61844430247204,18.7108022047343,3.97613794019835));
#13542=CARTESIAN_POINT('Ctrl Pts',(6.54961292902147,18.746217059878,4.02804324320103));
#13543=CARTESIAN_POINT('Ctrl Pts',(6.5672750765251,18.76,4.03397936575481));
#13544=CARTESIAN_POINT('Ctrl Pts',(6.79999999999999,18.96,3.5));
#13545=CARTESIAN_POINT('Ctrl Pts',(6.79999999999999,18.9596888225362,3.50116431945605));
#13546=CARTESIAN_POINT('Ctrl Pts',(6.79999970721069,18.9593775968025,3.50232874119723));
#13547=CARTESIAN_POINT('Ctrl Pts',(6.79975660115637,18.9233397953347,3.63718312395831));
#13548=CARTESIAN_POINT('Ctrl Pts',(6.78463155699846,18.8693783753866,3.83888045330956));
#13549=CARTESIAN_POINT('Ctrl Pts',(6.72132118825969,18.7915703458604,4.13804022153156));
#13550=CARTESIAN_POINT('Ctrl Pts',(6.65189983206336,18.76,4.27083971853176));
#13551=CARTESIAN_POINT('Ctrl Pts',(6.59999999999999,18.76,4.29372539331938));
#13552=CARTESIAN_POINT('',(6.5375,18.26,3.79764702249477));
#13553=CARTESIAN_POINT('',(6.59999999999999,18.76,4.29372539331938));
#13554=CARTESIAN_POINT('Origin',(6.6,18.26,4.29372539331938));
#13555=CARTESIAN_POINT('',(6.79999999999999,18.96,3.5));
#13556=CARTESIAN_POINT('Ctrl Pts',(6.59999999999999,18.76,4.29372539331938));
#13557=CARTESIAN_POINT('Ctrl Pts',(6.65189983206336,18.76,4.27083971853176));
#13558=CARTESIAN_POINT('Ctrl Pts',(6.72132118825969,18.7915703458604,4.13804022153156));
#13559=CARTESIAN_POINT('Ctrl Pts',(6.78463155699846,18.8693783753866,3.83888045330956));
#13560=CARTESIAN_POINT('Ctrl Pts',(6.79975660115637,18.9233397953347,3.63718312395831));
#13561=CARTESIAN_POINT('Ctrl Pts',(6.79999970721069,18.9593775968025,3.50232874119723));
#13562=CARTESIAN_POINT('Ctrl Pts',(6.79999999999999,18.9596888225362,3.50116431945605));
#13563=CARTESIAN_POINT('Ctrl Pts',(6.79999999999999,18.96,3.5));
#13564=CARTESIAN_POINT('Ctrl Pts',(6.79999999999999,18.96,3.5));
#13565=CARTESIAN_POINT('Ctrl Pts',(6.79999999999999,18.9589108788767,3.50043661979602));
#13566=CARTESIAN_POINT('Ctrl Pts',(6.79999961571404,18.9578215888088,3.50087327794896));
#13567=CARTESIAN_POINT('Ctrl Pts',(6.79968053901781,18.8316892836714,3.55144367148437));
#13568=CARTESIAN_POINT('Ctrl Pts',(6.77982891856047,18.6428243138531,3.62708016999109));
#13569=CARTESIAN_POINT('Ctrl Pts',(6.69673405959088,18.3704962105115,3.73926508307434));
#13570=CARTESIAN_POINT('Ctrl Pts',(6.60561852958317,18.26,3.78906489444941));
#13571=CARTESIAN_POINT('Ctrl Pts',(6.5375,18.26,3.79764702249477));
#13572=CARTESIAN_POINT('Origin',(6.49999999999999,18.26,3.5));
#13573=CARTESIAN_POINT('',(6.49999999999999,18.26,3.8));
#13574=CARTESIAN_POINT('',(6.49999999999999,18.76,4.3));
#13575=CARTESIAN_POINT('Origin',(6.49999999999999,18.26,4.3));
#13576=CARTESIAN_POINT('Origin',(6.49999999999999,18.76,3.5));
#13577=CARTESIAN_POINT('Origin',(6.49999999999999,18.26,3.5));
#13578=CARTESIAN_POINT('Origin',(3.39999999999999,18.26,4.3));
#13579=CARTESIAN_POINT('',(3.39999999999999,18.76,4.3));
#13580=CARTESIAN_POINT('',(3.39999999999999,18.26,3.8));
#13581=CARTESIAN_POINT('Origin',(2.5,18.76,4.3));
#13582=CARTESIAN_POINT('',(2.5,7.09999999999998,3.8));
#13583=CARTESIAN_POINT('',(2.,7.09999999999998,4.3));
#13584=CARTESIAN_POINT('Origin',(2.5,7.09999999999998,4.3));
#13585=CARTESIAN_POINT('',(2.,18.76,4.3));
#13586=CARTESIAN_POINT('',(2.5,18.76,3.8));
#13587=CARTESIAN_POINT('Origin',(1.5,18.76,5.5));
#13588=CARTESIAN_POINT('',(1.5,18.76,6.));
#13589=CARTESIAN_POINT('',(2.,18.76,5.5));
#13590=CARTESIAN_POINT('Origin',(-1.5,18.76,5.5));
#13591=CARTESIAN_POINT('',(-2.,18.76,5.5));
#13592=CARTESIAN_POINT('',(-1.5,18.76,6.));
#13593=CARTESIAN_POINT('Origin',(1.7,7.09999999999998,4.3));
#13594=CARTESIAN_POINT('',(1.7,6.79999999999998,4.3));
#13595=CARTESIAN_POINT('',(2.06195358550785,6.79999999999998,3.92426406871202));
#13596=CARTESIAN_POINT('Ctrl Pts',(1.7,6.79999999999998,4.3));
#13597=CARTESIAN_POINT('Ctrl Pts',(1.80068800371328,6.79999999999998,4.17001234615186));
#13598=CARTESIAN_POINT('Ctrl Pts',(1.92382314904042,6.79999999999998,4.01763518582142));
#13599=CARTESIAN_POINT('Ctrl Pts',(2.06195358550808,6.79999999999998,3.92426406871186));
#13600=CARTESIAN_POINT('Origin',(1.7,7.09999999999998,4.3));
#13601=CARTESIAN_POINT('',(2.43014125919417,6.77305391633732,3.8));
#13602=CARTESIAN_POINT('Origin',(1.7,7.09999999999998,3.8));
#13603=CARTESIAN_POINT('Ctrl Pts',(2.06195358550785,6.79999999999998,3.92426406871202));
#13604=CARTESIAN_POINT('Ctrl Pts',(2.11442634334084,6.79999999999999,3.88879440581962));
#13605=CARTESIAN_POINT('Ctrl Pts',(2.16559895340481,6.79378361597657,3.85919989243051));
#13606=CARTESIAN_POINT('Ctrl Pts',(2.28685868883554,6.78000042539693,3.81390739701051));
#13607=CARTESIAN_POINT('Ctrl Pts',(2.35479913244384,6.77305391633733,3.80000000000002));
#13608=CARTESIAN_POINT('Ctrl Pts',(2.43014125919402,6.77305391633732,3.8));
#13609=CARTESIAN_POINT('Origin',(-1.7,7.09999999999998,4.3));
#13610=CARTESIAN_POINT('',(-2.43014125919417,6.77305391633732,3.8));
#13611=CARTESIAN_POINT('',(-2.06195358550749,6.79999999999998,3.92426406871226));
#13612=CARTESIAN_POINT('Ctrl Pts',(-2.43014125919417,6.77305391633732,3.8));
#13613=CARTESIAN_POINT('Ctrl Pts',(-2.36696431610435,6.77305391633732,3.8));
#13614=CARTESIAN_POINT('Ctrl Pts',(-2.30519419448067,6.77812694844089,3.80983534972887));
#13615=CARTESIAN_POINT('Ctrl Pts',(-2.18019963311115,6.79195083427884,3.85157273574638));
#13616=CARTESIAN_POINT('Ctrl Pts',(-2.12283383518714,6.80000000000001,3.88311124918987));
#13617=CARTESIAN_POINT('Ctrl Pts',(-2.06195358550764,6.79999999999998,3.92426406871216));
#13618=CARTESIAN_POINT('Origin',(-1.7,7.09999999999998,3.8));
#13619=CARTESIAN_POINT('',(-1.7,6.79999999999998,4.3));
#13620=CARTESIAN_POINT('Origin',(-1.7,7.09999999999998,4.3));
#13621=CARTESIAN_POINT('Ctrl Pts',(-2.06195358550727,6.79999999999998,3.92426406871241));
#13622=CARTESIAN_POINT('Ctrl Pts',(-1.92382314903991,6.79999999999998,4.01763518582198));
#13623=CARTESIAN_POINT('Ctrl Pts',(-1.80068800371309,6.79999999999998,4.17001234615211));
#13624=CARTESIAN_POINT('Ctrl Pts',(-1.7,6.79999999999998,4.3));
#13625=CARTESIAN_POINT('Origin',(-1.7,7.09999999999998,3.));
#13626=CARTESIAN_POINT('',(-1.7,6.79999999999998,3.));
#13627=CARTESIAN_POINT('',(-2.,7.09999999999998,3.));
#13628=CARTESIAN_POINT('Origin',(2.,18.76,6.));
#13629=CARTESIAN_POINT('',(1.,7.09999999999998,6.));
#13630=CARTESIAN_POINT('Origin',(1.,7.09999999999998,5.7));
#13631=CARTESIAN_POINT('',(1.,6.79999999999998,5.7));
#13632=CARTESIAN_POINT('Origin',(-5.55111512312578E-16,6.79999999999998,
0.));
#13633=CARTESIAN_POINT('',(1.7,6.79999999999998,-3.));
#13634=CARTESIAN_POINT('',(-3.5808405664645E-16,6.79999999999998,3.92426406871193));
#13635=CARTESIAN_POINT('Origin',(2.,18.76,-6.));
#13636=CARTESIAN_POINT('',(2.,7.09999999999998,-3.));
#13637=CARTESIAN_POINT('Origin',(1.7,7.09999999999998,-3.));
#13638=CARTESIAN_POINT('Origin',(6.79999999999999,18.76,3.8));
#13639=CARTESIAN_POINT('',(6.5,6.77305391633732,3.8));
#13640=CARTESIAN_POINT('',(6.49999999999999,21.2575,3.8));
#13641=CARTESIAN_POINT('',(-3.06112882240739E-16,6.77305391633732,3.8));
#13642=CARTESIAN_POINT('Origin',(6.49999999999999,21.2575,3.5));
#13643=CARTESIAN_POINT('',(6.8,6.92426406871191,3.5));
#13644=CARTESIAN_POINT('',(6.79999999999999,21.2575,3.5));
#13645=CARTESIAN_POINT('',(6.75590242351235,6.76769475613897,3.65656931258006));
#13646=CARTESIAN_POINT('Origin',(6.5,6.92426406871191,3.5));
#13647=CARTESIAN_POINT('',(6.60352103704375,6.76389255287782,3.78157307202463));
#13648=CARTESIAN_POINT('Ctrl Pts',(6.60352101777798,6.76389254324494,3.78157307876042));
#13649=CARTESIAN_POINT('Ctrl Pts',(6.61760661091962,6.76109238133725,3.77639452508633));
#13650=CARTESIAN_POINT('Ctrl Pts',(6.63131857243171,6.75904585044638,3.77015013666405));
#13651=CARTESIAN_POINT('Ctrl Pts',(6.64455522853413,6.75771630500988,3.7628716813548));
#13652=CARTESIAN_POINT('Ctrl Pts',(6.65510095656065,6.75665704771229,3.75707288976042));
#13653=CARTESIAN_POINT('Ctrl Pts',(6.66534346034093,6.75605307997937,3.75061642077371));
#13654=CARTESIAN_POINT('Ctrl Pts',(6.67521008422006,6.75589553554544,3.74352095649211));
#13655=CARTESIAN_POINT('Ctrl Pts',(6.68417795749847,6.7557523418313,3.73707181793079));
#13656=CARTESIAN_POINT('Ctrl Pts',(6.69275779602592,6.7559813493961,3.73015680507388));
#13657=CARTESIAN_POINT('Ctrl Pts',(6.70091096316115,6.75655954513632,3.72280256671803));
#13658=CARTESIAN_POINT('Ctrl Pts',(6.71109388312544,6.75728168425707,3.71361747099588));
#13659=CARTESIAN_POINT('Ctrl Pts',(6.72061084429015,6.75854741985381,3.70374553646365));
#13660=CARTESIAN_POINT('Ctrl Pts',(6.72941046149743,6.76029043550673,3.69328265570876));
#13661=CARTESIAN_POINT('Ctrl Pts',(6.7307210046799,6.76055002603516,3.69172439962565));
#13662=CARTESIAN_POINT('Ctrl Pts',(6.7320156448689,6.76082026777277,3.69015310432486));
#13663=CARTESIAN_POINT('Ctrl Pts',(6.73329422383485,6.76110100878961,3.68856916145513));
#13664=CARTESIAN_POINT('Ctrl Pts',(6.74156132286363,6.76291623792245,3.67832762541495));
#13665=CARTESIAN_POINT('Ctrl Pts',(6.74908877635312,6.76515014403571,3.66763074295966));
#13666=CARTESIAN_POINT('Ctrl Pts',(6.75586169997077,6.76774269820875,3.65656308706257));
#13667=CARTESIAN_POINT('Ctrl Pts',(6.5,6.77305391633732,3.8));
#13668=CARTESIAN_POINT('Ctrl Pts',(6.52775480452299,6.77305391633732,3.8));
#13669=CARTESIAN_POINT('Ctrl Pts',(6.55768928940651,6.77132782721522,3.79586531623104));
#13670=CARTESIAN_POINT('Ctrl Pts',(6.591847237558,6.76606607887531,3.78566263473776));
#13671=CARTESIAN_POINT('Ctrl Pts',(6.5977372370763,6.76504234729702,3.7836995004021));
#13672=CARTESIAN_POINT('Ctrl Pts',(6.60352103704375,6.76389255287782,3.78157307202463));
#13673=CARTESIAN_POINT('Origin',(-2.88463047577146E-16,6.49999999999998,
3.92426406871193));
#13674=CARTESIAN_POINT('Origin',(6.07573593128807,6.49999999999998,3.92426406871193));
#13675=CARTESIAN_POINT('',(-6.60352103704376,6.76389255287782,3.78157307202463));
#13676=CARTESIAN_POINT('Origin',(-6.07573593128807,6.49999999999998,3.92426406871193));
#13677=CARTESIAN_POINT('',(-6.50000000000001,6.77305391633732,3.8));
#13678=CARTESIAN_POINT('Ctrl Pts',(-6.60352103704376,6.76389255287782,3.78157307202463));
#13679=CARTESIAN_POINT('Ctrl Pts',(-6.59773723707631,6.76504234729701,3.7836995004021));
#13680=CARTESIAN_POINT('Ctrl Pts',(-6.59184723755802,6.7660660788753,3.78566263473776));
#13681=CARTESIAN_POINT('Ctrl Pts',(-6.55768928940652,6.77132782721521,3.79586531623104));
#13682=CARTESIAN_POINT('Ctrl Pts',(-6.527754804523,6.77305391633732,3.8));
#13683=CARTESIAN_POINT('Ctrl Pts',(-6.50000000000001,6.77305391633732,3.8));
#13684=CARTESIAN_POINT('',(-3.06112882240739E-16,6.77305391633732,3.8));
#13685=CARTESIAN_POINT('Ctrl Pts',(6.71213203435596,6.71213203435595,3.5));
#13686=CARTESIAN_POINT('Ctrl Pts',(6.75357705353318,6.75357705353316,3.54144501917721));
#13687=CARTESIAN_POINT('Ctrl Pts',(6.78890095655739,6.78890095655737,3.58900100596028));
#13688=CARTESIAN_POINT('Ctrl Pts',(6.81660614761382,6.81660614761381,3.64065177185708));
#13689=CARTESIAN_POINT('Ctrl Pts',(6.68770251378145,6.68770251378143,3.54885904114902));
#13690=CARTESIAN_POINT('Ctrl Pts',(6.72725470518879,6.72731375720667,3.58447673667846));
#13691=CARTESIAN_POINT('Ctrl Pts',(6.76113504285592,6.76110715484817,3.62607976551276));
#13692=CARTESIAN_POINT('Ctrl Pts',(6.78769572719615,6.78769572719614,3.67166655768983));
#13693=CARTESIAN_POINT('Ctrl Pts',(6.62219344281782,6.66788268508052,3.63418794081357));
#13694=CARTESIAN_POINT('Ctrl Pts',(6.66103652491623,6.70163786940205,3.65971284768064));
#13695=CARTESIAN_POINT('Ctrl Pts',(6.69431836741523,6.73083539394615,3.6908665980487));
#13696=CARTESIAN_POINT('Ctrl Pts',(6.72048899155804,6.75382753900838,3.72588259934941));
#13697=CARTESIAN_POINT('Ctrl Pts',(6.53664428086176,6.69380989392506,3.69380989392508));
#13698=CARTESIAN_POINT('Ctrl Pts',(6.57731293472477,6.7185022387275,3.71491212463123));
#13699=CARTESIAN_POINT('Ctrl Pts',(6.61202424579462,6.7398058537392,3.74007049097559));
#13700=CARTESIAN_POINT('Ctrl Pts',(6.63927106857384,6.75659429755859,3.76796337901463));
#13701=CARTESIAN_POINT('Ctrl Pts',(6.5,6.71213203435595,3.71213203435596));
#13702=CARTESIAN_POINT('Ctrl Pts',(6.54144501917721,6.73285454394455,3.73285454394457));
#13703=CARTESIAN_POINT('Ctrl Pts',(6.57676892220142,6.75051649545666,3.7566325373361));
#13704=CARTESIAN_POINT('Ctrl Pts',(6.60447411325786,6.76436909098488,3.7824579202845));
#13705=CARTESIAN_POINT('',(6.71213203435596,6.71213203435595,3.5));
#13706=CARTESIAN_POINT('Ctrl Pts',(6.71213203435596,6.71213203435595,3.5));
#13707=CARTESIAN_POINT('Ctrl Pts',(6.71231597064256,6.71231597064254,3.50050252328034));
#13708=CARTESIAN_POINT('Ctrl Pts',(6.71249949594607,6.71249997441115,3.50100517254727));
#13709=CARTESIAN_POINT('Ctrl Pts',(6.73118193497572,6.73127977131712,3.55230120997585));
#13710=CARTESIAN_POINT('Ctrl Pts',(6.74536776354826,6.75047653519978,3.60399912756316));
#13711=CARTESIAN_POINT('Ctrl Pts',(6.75590242351419,6.76769475613897,3.65656931258119));
#13712=CARTESIAN_POINT('Origin',(6.5,6.92426406871191,3.5));
#13713=CARTESIAN_POINT('Ctrl Pts',(4.08786796564404,4.08786796564402,-5.7));
#13714=CARTESIAN_POINT('Ctrl Pts',(4.08786796564404,4.08786796564402,-5.78975979010257));
#13715=CARTESIAN_POINT('Ctrl Pts',(4.1410585462935,4.2474397075924,-5.94529905867111));
#13716=CARTESIAN_POINT('Ctrl Pts',(4.25239768280545,4.58145711712825,-6.));
#13717=CARTESIAN_POINT('Ctrl Pts',(4.3,4.72426406871191,-6.));
#13718=CARTESIAN_POINT('Ctrl Pts',(4.06009994728055,4.06009994728053,-5.7));
#13719=CARTESIAN_POINT('Ctrl Pts',(4.06009994728055,4.06009994728053,-5.80149904258866));
#13720=CARTESIAN_POINT('Ctrl Pts',(4.0965881994802,4.23306429747297,-5.97634998771513));
#13721=CARTESIAN_POINT('Ctrl Pts',(4.18176936527663,4.58155724564951,-6.01274389808363));
#13722=CARTESIAN_POINT('Ctrl Pts',(4.22146018366026,4.72426406871191,-6.));
#13723=CARTESIAN_POINT('Ctrl Pts',(4.01561822774595,3.99353071824738,-5.7));
#13724=CARTESIAN_POINT('Ctrl Pts',(4.01561822774595,3.99353071824738,-5.82968254535956));
#13725=CARTESIAN_POINT('Ctrl Pts',(4.02505626689305,4.18695312556511,-6.05324822810663));
#13726=CARTESIAN_POINT('Ctrl Pts',(4.05103378181111,4.57109155367463,-6.08827053555205));
#13727=CARTESIAN_POINT('Ctrl Pts',(4.06495638672121,4.72426406871191,-6.06495638672121));
#13728=CARTESIAN_POINT('Ctrl Pts',(4.,3.91500583945793,-5.7));
#13729=CARTESIAN_POINT('Ctrl Pts',(4.,3.91500583945793,-5.86290157198667));
#13730=CARTESIAN_POINT('Ctrl Pts',(4.00000589477803,4.12131099239543,-6.14481798490273));
#13731=CARTESIAN_POINT('Ctrl Pts',(4.0002586612946,4.54634003672272,-6.22947181099245));
#13732=CARTESIAN_POINT('Ctrl Pts',(4.,4.72426406871191,-6.22146018366026));
#13733=CARTESIAN_POINT('Ctrl Pts',(4.,3.87573593128805,-5.7));
#13734=CARTESIAN_POINT('Ctrl Pts',(4.,3.87573593128805,-5.87951958020513));
#13735=CARTESIAN_POINT('Ctrl Pts',(4.,4.08849825388589,-6.19059811734222));
#13736=CARTESIAN_POINT('Ctrl Pts',(4.,4.5338547999337,-6.3));
#13737=CARTESIAN_POINT('Ctrl Pts',(4.,4.72426406871191,-6.3));
#13738=CARTESIAN_POINT('',(4.08786796564404,4.08786796564402,-5.7));
#13739=CARTESIAN_POINT('Origin',(4.3,4.72426406871191,-5.7));
#13740=CARTESIAN_POINT('Origin',(4.3,3.87573593128805,-5.7));
#13741=CARTESIAN_POINT('Origin',(4.3,3.87573593128805,0.));
#13742=CARTESIAN_POINT('',(4.08786796564404,4.08786796564402,0.875735931288072));
#13743=CARTESIAN_POINT('Origin',(4.3,3.87573593128805,0.451471862576143));
#13744=CARTESIAN_POINT('',(4.08786796564404,4.08786796564402,0.));
#13745=CARTESIAN_POINT('Origin',(6.49999999999999,21.2575,-5.7));
#13746=CARTESIAN_POINT('',(6.8,6.92426406871191,-5.7));
#13747=CARTESIAN_POINT('Origin',(6.49999999999999,6.9242640687119,-5.7));
#13748=CARTESIAN_POINT('',(6.79999999999999,21.2575,-5.7));
#13749=CARTESIAN_POINT('Origin',(6.67786796564404,7.10213203435595,-5.7));
#13750=CARTESIAN_POINT('',(6.71213203435596,6.71213203435594,-5.7));
#13751=CARTESIAN_POINT('',(6.89,6.88999999999998,-5.7));
#13752=CARTESIAN_POINT('Origin',(6.5,6.92426406871191,-5.7));
#13753=CARTESIAN_POINT('Ctrl Pts',(3.87573593128807,4.08786796564402,1.08786796564404));
#13754=CARTESIAN_POINT('Ctrl Pts',(3.76466385783411,3.97679589219006,0.976795892190077));
#13755=CARTESIAN_POINT('Ctrl Pts',(3.7,3.82068352961158,0.820683529611597));
#13756=CARTESIAN_POINT('Ctrl Pts',(3.7,3.66360389693209,0.663603896932107));
#13757=CARTESIAN_POINT('Ctrl Pts',(3.91848759229347,4.06649213514132,1.06649213514134));
#13758=CARTESIAN_POINT('Ctrl Pts',(3.82106074964376,3.95974313708138,0.959843850950035));
#13759=CARTESIAN_POINT('Ctrl Pts',(3.76919291778552,3.81059711942832,0.810170350065634));
#13760=CARTESIAN_POINT('Ctrl Pts',(3.77853981633975,3.66360389693209,0.663603896932107));
#13761=CARTESIAN_POINT('Ctrl Pts',(4.00394160923237,4.04358864411139,1.00394160923237));
#13762=CARTESIAN_POINT('Ctrl Pts',(3.93367710188414,3.95155517010343,0.900125857998319));
#13763=CARTESIAN_POINT('Ctrl Pts',(3.907884741645,3.82438134425945,0.755548205778022));
#13764=CARTESIAN_POINT('Ctrl Pts',(3.93508458194764,3.70950602924047,0.617701764623723));
#13765=CARTESIAN_POINT('Ctrl Pts',(4.06649213514134,4.06649213514132,0.918487592293467));
#13766=CARTESIAN_POINT('Ctrl Pts',(4.00980447184263,3.99850771024351,0.809864701913299));
#13767=CARTESIAN_POINT('Ctrl Pts',(3.98513211890244,3.90518376262003,0.657478276631855));
#13768=CARTESIAN_POINT('Ctrl Pts',(4.,3.82019989456107,0.507007899303123));
#13769=CARTESIAN_POINT('Ctrl Pts',(4.08786796564404,4.08786796564402,0.875735931288072));
#13770=CARTESIAN_POINT('Ctrl Pts',(4.03233192891706,4.03233192891704,0.764663857834112));
#13771=CARTESIAN_POINT('Ctrl Pts',(4.,3.9542757476278,0.608551495255633));
#13772=CARTESIAN_POINT('Ctrl Pts',(4.,3.87573593128805,0.451471862576143));
#13773=CARTESIAN_POINT('Origin',(3.87573593128807,4.29999999999998,0.875735931288072));
#13774=CARTESIAN_POINT('Origin',(6.49999999999999,6.92426406871191,-5.7));
#13775=CARTESIAN_POINT('Origin',(6.49999999999999,6.92426406871191,-5.7));
#13776=CARTESIAN_POINT('Origin',(3.79191197709602,4.21617604580794,0.791911977096024));
#13777=CARTESIAN_POINT('',(4.00404401145199,4.00404401145197,0.791911977096024));
#13778=CARTESIAN_POINT('Origin',(6.49999999999999,6.92426406871191,-5.5625));
#13779=CARTESIAN_POINT('',(6.8,6.92426406871191,-5.5625));
#13780=CARTESIAN_POINT('',(6.71213203435596,6.71213203435594,-5.5625));
#13781=CARTESIAN_POINT('Origin',(6.79999999999999,23.755,-11.125));
#13782=CARTESIAN_POINT('',(6.79999999999999,18.96,10.925));
#13783=CARTESIAN_POINT('',(6.79999999999999,18.96,-5.5625));
#13784=CARTESIAN_POINT('',(6.79999999999999,21.555,10.925));
#13785=CARTESIAN_POINT('',(6.79999999999999,23.755,10.925));
#13786=CARTESIAN_POINT('',(6.79999999999999,21.555,-10.925));
#13787=CARTESIAN_POINT('',(6.79999999999999,21.555,-5.5625));
#13788=CARTESIAN_POINT('',(6.79999999999999,23.755,-10.925));
#13789=CARTESIAN_POINT('Origin',(5.4,5.39999999999998,0.));
#13790=CARTESIAN_POINT('Origin',(-6.50000000000001,21.2575,3.5));
#13791=CARTESIAN_POINT('',(-6.50000000000001,21.2575,3.8));
#13792=CARTESIAN_POINT('',(-6.75590242351237,6.76769475613894,3.65656931257999));
#13793=CARTESIAN_POINT('Ctrl Pts',(-6.75588702789153,6.76769101558855,3.65657900160768));
#13794=CARTESIAN_POINT('Ctrl Pts',(-6.75317684693598,6.76664942576657,3.66100976521182));
#13795=CARTESIAN_POINT('Ctrl Pts',(-6.75034488671368,6.76566680575821,3.66538356054541));
#13796=CARTESIAN_POINT('Ctrl Pts',(-6.74739063356503,6.76474638420262,3.66969345715286));
#13797=CARTESIAN_POINT('Ctrl Pts',(-6.74135212647141,6.76286503828778,3.67850290574356));
#13798=CARTESIAN_POINT('Ctrl Pts',(-6.73483910468958,6.76125750192785,3.68700583929244));
#13799=CARTESIAN_POINT('Ctrl Pts',(-6.72786890534067,6.75995267734973,3.69514594197436));
#13800=CARTESIAN_POINT('Ctrl Pts',(-6.71869453812868,6.75823523151674,3.70586016798269));
#13801=CARTESIAN_POINT('Ctrl Pts',(-6.70872824743499,6.75704069166552,3.71594508628475));
#13802=CARTESIAN_POINT('Ctrl Pts',(-6.69804159075572,6.75641450651155,3.72532298614488));
#13803=CARTESIAN_POINT('Ctrl Pts',(-6.69504992136731,6.75623920950213,3.727948276428));
#13804=CARTESIAN_POINT('Ctrl Pts',(-6.6920018168806,6.7561087108271,3.73051834507406));
#13805=CARTESIAN_POINT('Ctrl Pts',(-6.68889887334656,6.75602460958691,3.73303187838793));
#13806=CARTESIAN_POINT('Ctrl Pts',(-6.67715670975974,6.75570635354737,3.74254359493344));
#13807=CARTESIAN_POINT('Ctrl Pts',(-6.66477706563276,6.75605005637359,3.75111267383628));
#13808=CARTESIAN_POINT('Ctrl Pts',(-6.651891569552,6.75708567865864,3.75868495258273));
#13809=CARTESIAN_POINT('Ctrl Pts',(-6.63918586374655,6.75810685099045,3.76615157594174));
#13810=CARTESIAN_POINT('Ctrl Pts',(-6.62598952339553,6.75980113790126,3.77265177685592));
#13811=CARTESIAN_POINT('Ctrl Pts',(-6.61239347355641,6.76222086438743,3.77814928054863));
#13812=CARTESIAN_POINT('Ctrl Pts',(-6.60945462624721,6.76274389914805,3.77933759069208));
#13813=CARTESIAN_POINT('Ctrl Pts',(-6.60649693297389,6.76330090626496,3.7804790179858));
#13814=CARTESIAN_POINT('Ctrl Pts',(-6.60352100867729,6.76389253869459,3.78157308193622));
#13815=CARTESIAN_POINT('',(-6.80000000000001,6.92426406871192,3.5));
#13816=CARTESIAN_POINT('Origin',(-6.50000000000001,6.92426406871192,3.5));
#13817=CARTESIAN_POINT('',(-6.80000000000001,21.2575,3.5));
#13818=CARTESIAN_POINT('Origin',(-6.80000000000001,23.755,11.125));
#13819=CARTESIAN_POINT('',(-6.80000000000001,18.96,10.925));
#13820=CARTESIAN_POINT('',(-6.80000000000001,18.96,5.5625));
#13821=CARTESIAN_POINT('',(-6.80000000000001,6.92426406871192,-5.7));
#13822=CARTESIAN_POINT('',(-6.80000000000001,6.92426406871192,5.5625));
#13823=CARTESIAN_POINT('',(-6.80000000000001,21.2575,-5.7));
#13824=CARTESIAN_POINT('',(-6.80000000000001,18.96,-10.925));
#13825=CARTESIAN_POINT('',(-6.80000000000001,18.96,5.5625));
#13826=CARTESIAN_POINT('',(-6.80000000000001,21.555,-10.925));
#13827=CARTESIAN_POINT('',(-6.80000000000001,23.755,-10.925));
#13828=CARTESIAN_POINT('',(-6.80000000000001,21.555,10.925));
#13829=CARTESIAN_POINT('',(-6.80000000000001,21.555,5.5625));
#13830=CARTESIAN_POINT('',(-6.80000000000001,23.755,10.925));
#13831=CARTESIAN_POINT('Origin',(-6.50000000000001,6.92426406871192,5.5625));
#13832=CARTESIAN_POINT('',(-6.71213203435597,6.71213203435594,3.5));
#13833=CARTESIAN_POINT('Ctrl Pts',(-6.75590242351418,6.76769475613894,3.65656931258109));
#13834=CARTESIAN_POINT('Ctrl Pts',(-6.74536759048444,6.75047625233813,3.60399826393799));
#13835=CARTESIAN_POINT('Ctrl Pts',(-6.73118158278561,6.73127936462717,3.5523001048882));
#13836=CARTESIAN_POINT('Ctrl Pts',(-6.71249929581032,6.71249977375389,3.50100462440616));
#13837=CARTESIAN_POINT('Ctrl Pts',(-6.71231587027725,6.71231587027723,3.50050224907722));
#13838=CARTESIAN_POINT('Ctrl Pts',(-6.71213203435596,6.71213203435594,3.5));
#13839=CARTESIAN_POINT('',(-6.71213203435597,6.71213203435595,-5.7));
#13840=CARTESIAN_POINT('',(-6.71213203435597,6.71213203435595,5.5625));
#13841=CARTESIAN_POINT('Origin',(-6.50000000000001,6.92426406871192,-5.7));
#13842=CARTESIAN_POINT('Ctrl Pts',(-6.5,6.71213203435594,3.71213203435596));
#13843=CARTESIAN_POINT('Ctrl Pts',(-6.54154607229251,6.7329050705022,3.73290507050222));
#13844=CARTESIAN_POINT('Ctrl Pts',(-6.57694089560194,6.75060248215691,3.75674859480504));
#13845=CARTESIAN_POINT('Ctrl Pts',(-6.60467663439706,6.76447035155447,3.78264686231156));
#13846=CARTESIAN_POINT('Ctrl Pts',(-6.54885904114902,6.68770251378143,3.68770251378145));
#13847=CARTESIAN_POINT('Ctrl Pts',(-6.58935219234329,6.71380660421374,3.70895879721965));
#13848=CARTESIAN_POINT('Ctrl Pts',(-6.6239507479727,6.7363316578934,3.73468457711998));
#13849=CARTESIAN_POINT('Ctrl Pts',(-6.65106809007296,6.75413256557696,3.76334103104104));
#13850=CARTESIAN_POINT('Ctrl Pts',(-6.63418794036459,6.66788268589587,3.62219344245145));
#13851=CARTESIAN_POINT('Ctrl Pts',(-6.67291298083257,6.70289614647771,3.64916930873044));
#13852=CARTESIAN_POINT('Ctrl Pts',(-6.70609645538654,6.73309213980089,3.68186115621247));
#13853=CARTESIAN_POINT('Ctrl Pts',(-6.73216376089966,6.75682892526476,3.71847251095804));
#13854=CARTESIAN_POINT('Ctrl Pts',(-6.69380989392508,6.69380989392506,3.53664428086177));
#13855=CARTESIAN_POINT('Ctrl Pts',(-6.73394566152195,6.73395790586873,3.57382547154352));
#13856=CARTESIAN_POINT('Ctrl Pts',(-6.76823742463313,6.7682323891129,3.61701386064168));
#13857=CARTESIAN_POINT('Ctrl Pts',(-6.79511964504725,6.79511964504723,3.66425750681175));
#13858=CARTESIAN_POINT('Ctrl Pts',(-6.71213203435596,6.71213203435594,3.5));
#13859=CARTESIAN_POINT('Ctrl Pts',(-6.75367810664848,6.75367810664845,3.54154607229251));
#13860=CARTESIAN_POINT('Ctrl Pts',(-6.78907292995791,6.78907292995788,3.58923312089814));
#13861=CARTESIAN_POINT('Ctrl Pts',(-6.81680866875302,6.816808668753,3.6410296559112));
#13862=CARTESIAN_POINT('Origin',(-6.5,6.92426406871191,3.5));
#13863=CARTESIAN_POINT('Ctrl Pts',(-4.30000000000001,4.7242640687119,-6.));
#13864=CARTESIAN_POINT('Ctrl Pts',(-4.2365302437406,4.53385479993369,-6.));
#13865=CARTESIAN_POINT('Ctrl Pts',(-4.12654737219498,4.20390618529686,-5.92477715945503));
#13866=CARTESIAN_POINT('Ctrl Pts',(-4.08786796564403,4.08786796564402,-5.76731984257694));
#13867=CARTESIAN_POINT('Ctrl Pts',(-4.08786796564404,4.08786796564402,-5.70000000000001));
#13868=CARTESIAN_POINT('Ctrl Pts',(-4.22146018366026,4.7242640687119,-6.));
#13869=CARTESIAN_POINT('Ctrl Pts',(-4.1685390924821,4.5339883046287,-6.0169918641115));
#13870=CARTESIAN_POINT('Ctrl Pts',(-4.08675800555958,4.18547841546724,-5.95442925077496));
#13871=CARTESIAN_POINT('Ctrl Pts',(-4.06009994728054,4.06009994728053,-5.77612428194151));
#13872=CARTESIAN_POINT('Ctrl Pts',(-4.06009994728055,4.06009994728053,-5.70000000000001));
#13873=CARTESIAN_POINT('Ctrl Pts',(-4.06495638672121,4.7242640687119,-6.0649563867212));
#13874=CARTESIAN_POINT('Ctrl Pts',(-4.04639291350775,4.5200340486622,-6.09604191849565));
#13875=CARTESIAN_POINT('Ctrl Pts',(-4.02266527732157,4.13332239815973,-6.02544628125538));
#13876=CARTESIAN_POINT('Ctrl Pts',(-4.01561822774595,3.99353071824738,-5.79726190901968));
#13877=CARTESIAN_POINT('Ctrl Pts',(-4.01561822774595,3.99353071824738,-5.70000000000001));
#13878=CARTESIAN_POINT('Ctrl Pts',(-4.,4.72426406871191,-6.22146018366025));
#13879=CARTESIAN_POINT('Ctrl Pts',(-4.00034488172614,4.48703202605965,-6.23214235343651));
#13880=CARTESIAN_POINT('Ctrl Pts',(-3.99992685331096,4.06472205130855,-6.10814052899014));
#13881=CARTESIAN_POINT('Ctrl Pts',(-4.,3.91500583945793,-5.82217617899001));
#13882=CARTESIAN_POINT('Ctrl Pts',(-4.,3.91500583945793,-5.70000000000001));
#13883=CARTESIAN_POINT('Ctrl Pts',(-4.,4.72426406871191,-6.3));
#13884=CARTESIAN_POINT('Ctrl Pts',(-4.,4.47038504367429,-6.3));
#13885=CARTESIAN_POINT('Ctrl Pts',(-4.,4.03045355749185,-6.14955431891006));
#13886=CARTESIAN_POINT('Ctrl Pts',(-4.,3.87573593128806,-5.83463968515386));
#13887=CARTESIAN_POINT('Ctrl Pts',(-4.,3.87573593128805,-5.70000000000001));
#13888=CARTESIAN_POINT('',(-4.08786796564404,4.08786796564402,-5.7));
#13889=CARTESIAN_POINT('Origin',(-4.3,4.72426406871191,-5.7));
#13890=CARTESIAN_POINT('Origin',(-4.3,3.87573593128805,-5.7));
#13891=CARTESIAN_POINT('Origin',(-4.3,3.87573593128805,0.));
#13892=CARTESIAN_POINT('',(-4.08786796564404,4.08786796564402,0.875735931288071));
#13893=CARTESIAN_POINT('',(-4.08786796564404,4.08786796564402,0.));
#13894=CARTESIAN_POINT('Origin',(-4.3,3.87573593128805,0.451471862576143));
#13895=CARTESIAN_POINT('Origin',(-6.50000000000001,21.2575,-5.7));
#13896=CARTESIAN_POINT('Origin',(-6.50000000000001,6.92426406871191,-5.7));
#13897=CARTESIAN_POINT('Origin',(-7.67786796564404,8.10213203435594,-5.7));
#13898=CARTESIAN_POINT('Origin',(-6.50000000000001,6.92426406871191,-5.7));
#13899=CARTESIAN_POINT('',(-7.89,7.88999999999998,-5.7));
#13900=CARTESIAN_POINT('Ctrl Pts',(-3.7,3.66360389693209,0.663603896932107));
#13901=CARTESIAN_POINT('Ctrl Pts',(-3.7,3.82068352961158,0.820683529611597));
#13902=CARTESIAN_POINT('Ctrl Pts',(-3.76466385783411,3.97679589219006,0.976795892190077));
#13903=CARTESIAN_POINT('Ctrl Pts',(-3.87573593128807,4.08786796564402,1.08786796564404));
#13904=CARTESIAN_POINT('Ctrl Pts',(-3.77853981633975,3.66360389693209,0.663603896932107));
#13905=CARTESIAN_POINT('Ctrl Pts',(-3.76919291778552,3.81059711942832,0.810170350065634));
#13906=CARTESIAN_POINT('Ctrl Pts',(-3.82106074964376,3.95974313708138,0.959843850950035));
#13907=CARTESIAN_POINT('Ctrl Pts',(-3.91848759229347,4.06649213514132,1.06649213514134));
#13908=CARTESIAN_POINT('Ctrl Pts',(-3.93508458194764,3.70950602924047,0.617701764623723));
#13909=CARTESIAN_POINT('Ctrl Pts',(-3.90788474164499,3.82438134425945,0.755548205778022));
#13910=CARTESIAN_POINT('Ctrl Pts',(-3.93367710188414,3.95155517010343,0.900125857998319));
#13911=CARTESIAN_POINT('Ctrl Pts',(-4.00394160923237,4.04358864411138,1.00394160923237));
#13912=CARTESIAN_POINT('Ctrl Pts',(-4.,3.82019989456107,0.507007899303123));
#13913=CARTESIAN_POINT('Ctrl Pts',(-3.98513211890244,3.90518376262003,0.657478276631855));
#13914=CARTESIAN_POINT('Ctrl Pts',(-4.00980447184263,3.99850771024351,0.809864701913299));
#13915=CARTESIAN_POINT('Ctrl Pts',(-4.06649213514134,4.06649213514132,0.918487592293467));
#13916=CARTESIAN_POINT('Ctrl Pts',(-4.,3.87573593128805,0.451471862576143));
#13917=CARTESIAN_POINT('Ctrl Pts',(-4.,3.9542757476278,0.608551495255633));
#13918=CARTESIAN_POINT('Ctrl Pts',(-4.03233192891706,4.03233192891704,0.764663857834113));
#13919=CARTESIAN_POINT('Ctrl Pts',(-4.08786796564404,4.08786796564402,0.875735931288072));
#13920=CARTESIAN_POINT('Origin',(-3.87573593128807,4.29999999999998,0.875735931288071));
#13921=CARTESIAN_POINT('Origin',(-6.50000000000001,6.92426406871191,-5.7));
#13922=CARTESIAN_POINT('Origin',(-3.79191197709602,4.21617604580793,0.791911977096023));
#13923=CARTESIAN_POINT('',(-4.00404401145199,4.00404401145197,0.791911977096023));
#13924=CARTESIAN_POINT('Origin',(-3.7,3.29999999999999,0.));
#13925=CARTESIAN_POINT('Origin',(-5.4,5.39999999999998,0.));
#13926=CARTESIAN_POINT('Origin',(-2.,18.76,6.));
#13927=CARTESIAN_POINT('Origin',(-11.3,19.855,0.));
#13928=CARTESIAN_POINT('',(-11.3,19.555,3.3));
#13929=CARTESIAN_POINT('Origin',(-11.3,19.555,0.));
#13930=CARTESIAN_POINT('',(-11.3,19.855,3.6));
#13931=CARTESIAN_POINT('Origin',(-11.3,19.855,3.3));
#13932=CARTESIAN_POINT('',(-14.9,19.855,-4.40872847693047E-16));
#13933=CARTESIAN_POINT('Origin',(-11.3,19.855,0.));
#13934=CARTESIAN_POINT('Origin',(-11.3,19.855,0.));
#13935=CARTESIAN_POINT('Origin',(-11.3,19.555,0.));
#13936=CARTESIAN_POINT('',(-11.3,19.555,1.7));
#13937=CARTESIAN_POINT('Origin',(-11.3,19.555,2.22044604925031E-15));
#13938=CARTESIAN_POINT('Origin',(-11.3,21.755,0.));
#13939=CARTESIAN_POINT('',(-14.9,21.555,-4.40872847693047E-16));
#13940=CARTESIAN_POINT('',(-11.3,21.555,3.6));
#13941=CARTESIAN_POINT('Origin',(-11.3,21.555,0.));
#13942=CARTESIAN_POINT('',(-14.9,21.755,-4.40872847693047E-16));
#13943=CARTESIAN_POINT('Origin',(-11.3,21.555,0.));
#13944=CARTESIAN_POINT('Origin',(-11.3,19.255,2.22044604925031E-15));
#13945=CARTESIAN_POINT('',(-11.3,19.255,1.4));
#13946=CARTESIAN_POINT('Origin',(-11.3,19.255,1.7));
#13947=CARTESIAN_POINT('',(-12.7,19.255,2.04899549736968E-15));
#13948=CARTESIAN_POINT('Origin',(-11.3,19.255,2.22044604925031E-15));
#13949=CARTESIAN_POINT('Origin',(-11.3,19.255,2.22044604925031E-15));
#13950=CARTESIAN_POINT('Origin',(-11.3,19.555,2.22044604925031E-15));
#13951=CARTESIAN_POINT('',(-12.7,15.855,2.04899549736968E-15));
#13952=CARTESIAN_POINT('',(-12.7,19.555,2.04899549736968E-15));
#13953=CARTESIAN_POINT('',(-11.3,15.855,1.4));
#13954=CARTESIAN_POINT('Origin',(-11.3,15.855,2.22044604925031E-15));
#13955=CARTESIAN_POINT('Origin',(-11.3,15.855,2.22044604925031E-15));
#13956=CARTESIAN_POINT('Origin',(-11.3,15.855,2.22044604925031E-15));
#13957=CARTESIAN_POINT('',(-11.3,15.555,1.1));
#13958=CARTESIAN_POINT('Origin',(-11.3,15.555,2.22044604925031E-15));
#13959=CARTESIAN_POINT('Origin',(-11.3,15.855,1.1));
#13960=CARTESIAN_POINT('Origin',(-11.3,15.555,2.22044604925031E-15));
#13961=CARTESIAN_POINT('Origin',(11.3,15.855,0.));
#13962=CARTESIAN_POINT('',(11.3,15.555,1.1));
#13963=CARTESIAN_POINT('Origin',(11.3,15.555,0.));
#13964=CARTESIAN_POINT('',(11.3,15.855,1.4));
#13965=CARTESIAN_POINT('Origin',(11.3,15.855,1.1));
#13966=CARTESIAN_POINT('',(9.9,15.855,-1.71450551880629E-16));
#13967=CARTESIAN_POINT('Origin',(11.3,15.855,0.));
#13968=CARTESIAN_POINT('Origin',(11.3,15.855,0.));
#13969=CARTESIAN_POINT('Origin',(11.3,19.555,0.));
#13970=CARTESIAN_POINT('',(9.9,19.255,-1.71450551880629E-16));
#13971=CARTESIAN_POINT('',(11.3,19.255,1.4));
#13972=CARTESIAN_POINT('Origin',(11.3,19.255,0.));
#13973=CARTESIAN_POINT('',(9.9,19.555,-1.71450551880629E-16));
#13974=CARTESIAN_POINT('Origin',(11.3,19.255,0.));
#13975=CARTESIAN_POINT('Origin',(11.3,15.555,0.));
#13976=CARTESIAN_POINT('Origin',(11.3,19.255,0.));
#13977=CARTESIAN_POINT('',(11.3,19.555,1.7));
#13978=CARTESIAN_POINT('Origin',(11.3,19.555,0.));
#13979=CARTESIAN_POINT('Origin',(11.3,19.255,1.7));
#13980=CARTESIAN_POINT('Origin',(11.3,19.555,0.));
#13981=CARTESIAN_POINT('',(11.3,19.555,3.3));
#13982=CARTESIAN_POINT('Origin',(11.3,19.555,0.));
#13983=CARTESIAN_POINT('Origin',(11.3,19.855,0.));
#13984=CARTESIAN_POINT('',(11.3,19.855,3.6));
#13985=CARTESIAN_POINT('Origin',(11.3,19.855,3.3));
#13986=CARTESIAN_POINT('',(7.69999999999999,19.855,-4.40872847693047E-16));
#13987=CARTESIAN_POINT('Origin',(11.3,19.855,0.));
#13988=CARTESIAN_POINT('Origin',(11.3,19.855,0.));
#13989=CARTESIAN_POINT('Origin',(11.3,21.755,0.));
#13990=CARTESIAN_POINT('',(7.69999999999999,21.555,-4.40872847693047E-16));
#13991=CARTESIAN_POINT('',(11.3,21.555,3.6));
#13992=CARTESIAN_POINT('Origin',(11.3,21.555,0.));
#13993=CARTESIAN_POINT('',(7.69999999999999,21.755,-4.40872847693047E-16));
#13994=CARTESIAN_POINT('Origin',(11.3,21.555,0.));
#13995=CARTESIAN_POINT('Origin',(-11.3,21.555,0.));
#13996=CARTESIAN_POINT('Origin',(-11.3,21.555,3.8));
#13997=CARTESIAN_POINT('Origin',(11.3,21.555,0.));
#13998=CARTESIAN_POINT('Origin',(11.3,21.555,3.8));
#13999=CARTESIAN_POINT('Origin',(-6.60000000000001,18.96,-10.925));
#14000=CARTESIAN_POINT('',(-6.60000000000001,18.96,-11.125));
#14001=CARTESIAN_POINT('Origin',(-6.60000000000001,18.96,-10.925));
#14002=CARTESIAN_POINT('Origin',(-6.60000000000001,18.96,-10.925));
#14003=CARTESIAN_POINT('Origin',(-6.60000000000001,18.96,-10.925));
#14004=CARTESIAN_POINT('Origin',(-6.60000000000001,18.96,10.925));
#14005=CARTESIAN_POINT('',(-6.60000000000001,18.76,10.925));
#14006=CARTESIAN_POINT('Origin',(-6.60000000000001,18.96,10.925));
#14007=CARTESIAN_POINT('',(-6.60000000000001,18.96,11.125));
#14008=CARTESIAN_POINT('Origin',(-6.60000000000001,18.96,10.925));
#14009=CARTESIAN_POINT('Origin',(-6.60000000000001,18.96,10.925));
#14010=CARTESIAN_POINT('Origin',(-6.60000000000001,21.555,-10.925));
#14011=CARTESIAN_POINT('Origin',(-7.00000000000001,21.555,-10.925));
#14012=CARTESIAN_POINT('',(-6.60000000000001,21.555,-11.125));
#14013=CARTESIAN_POINT('Origin',(-6.60000000000001,21.555,-10.925));
#14014=CARTESIAN_POINT('Origin',(-6.60000000000001,21.555,-11.325));
#14015=CARTESIAN_POINT('Origin',(-6.60000000000001,23.755,-10.925));
#14016=CARTESIAN_POINT('',(-6.60000000000001,23.755,-11.125));
#14017=CARTESIAN_POINT('Origin',(6.59999999999999,18.96,-10.925));
#14018=CARTESIAN_POINT('',(6.59999999999999,18.96,-11.125));
#14019=CARTESIAN_POINT('Origin',(6.59999999999999,18.96,-10.925));
#14020=CARTESIAN_POINT('Origin',(6.59999999999999,18.96,-10.925));
#14021=CARTESIAN_POINT('Origin',(6.59999999999999,18.96,10.925));
#14022=CARTESIAN_POINT('',(6.59999999999999,18.96,11.125));
#14023=CARTESIAN_POINT('',(6.59999999999999,18.76,10.925));
#14024=CARTESIAN_POINT('Origin',(6.59999999999999,18.96,10.925));
#14025=CARTESIAN_POINT('Origin',(6.59999999999999,18.96,10.925));
#14026=CARTESIAN_POINT('Origin',(6.59999999999999,18.96,10.925));
#14027=CARTESIAN_POINT('Origin',(-6.60000000000001,21.555,10.925));
#14028=CARTESIAN_POINT('',(-6.60000000000001,21.555,11.125));
#14029=CARTESIAN_POINT('Origin',(-6.60000000000001,21.555,11.325));
#14030=CARTESIAN_POINT('Origin',(-6.60000000000001,21.555,10.925));
#14031=CARTESIAN_POINT('Origin',(-7.00000000000001,21.555,10.925));
#14032=CARTESIAN_POINT('Origin',(-6.60000000000001,23.755,10.925));
#14033=CARTESIAN_POINT('',(-6.60000000000001,23.755,11.125));
#14034=CARTESIAN_POINT('Origin',(-7.00000000000001,21.555,5.5625));
#14035=CARTESIAN_POINT('Origin',(6.59999999999999,21.555,-10.925));
#14036=CARTESIAN_POINT('',(6.59999999999999,21.555,-11.125));
#14037=CARTESIAN_POINT('Origin',(6.59999999999999,21.555,-11.325));
#14038=CARTESIAN_POINT('Origin',(6.59999999999999,21.555,-10.925));
#14039=CARTESIAN_POINT('Origin',(6.99999999999999,21.555,-10.925));
#14040=CARTESIAN_POINT('Origin',(6.59999999999999,23.755,-10.925));
#14041=CARTESIAN_POINT('',(6.59999999999999,23.755,-11.125));
#14042=CARTESIAN_POINT('Origin',(6.59999999999999,21.555,10.925));
#14043=CARTESIAN_POINT('Origin',(6.99999999999999,21.555,10.925));
#14044=CARTESIAN_POINT('',(6.59999999999999,21.555,11.125));
#14045=CARTESIAN_POINT('Origin',(6.59999999999999,21.555,10.925));
#14046=CARTESIAN_POINT('Origin',(6.59999999999999,21.555,11.325));
#14047=CARTESIAN_POINT('Origin',(6.59999999999999,23.755,10.925));
#14048=CARTESIAN_POINT('',(6.59999999999999,23.755,11.125));
#14049=CARTESIAN_POINT('Origin',(3.4,21.555,11.325));
#14050=CARTESIAN_POINT('',(3.4,21.555,11.125));
#14051=CARTESIAN_POINT('Origin',(6.99999999999999,21.555,-5.5625));
#14052=CARTESIAN_POINT('Origin',(-3.40000000000001,21.555,-11.325));
#14053=CARTESIAN_POINT('',(-3.40000000000001,21.555,-11.125));
#14054=CARTESIAN_POINT('Origin',(6.59999999999999,18.96,-5.5625));
#14055=CARTESIAN_POINT('',(6.59999999999999,18.76,-5.5625));
#14056=CARTESIAN_POINT('Origin',(3.39999999999999,18.96,10.925));
#14057=CARTESIAN_POINT('',(3.39999999999999,18.96,11.125));
#14058=CARTESIAN_POINT('',(3.39999999999999,18.76,10.925));
#14059=CARTESIAN_POINT('Origin',(-3.40000000000001,18.96,-10.925));
#14060=CARTESIAN_POINT('',(-3.40000000000001,18.96,-11.125));
#14061=CARTESIAN_POINT('Origin',(-6.60000000000001,18.96,5.5625));
#14062=CARTESIAN_POINT('',(-6.60000000000001,18.76,5.5625));
#14063=CARTESIAN_POINT('Origin',(-6.60000000000001,18.96,5.5625));
#14064=CARTESIAN_POINT('Origin',(-6.80000000000001,23.755,-11.125));
#14065=CARTESIAN_POINT('Origin',(6.79999999999999,23.755,11.125));
#14066=CARTESIAN_POINT('Origin',(6.79999999999999,18.76,3.8));
#14067=CARTESIAN_POINT('Origin',(-6.12323399573674E-16,1.99999999999999,
0.));
#14068=CARTESIAN_POINT('Origin',(-3.34573505527057E-15,1.99999999999999,
22.32));
#14069=CARTESIAN_POINT('Origin',(-7.7715611723761E-15,18.76,0.));
#14070=UNCERTAINTY_MEASURE_WITH_UNIT(LENGTH_MEASURE(0.01),#14074,
'DISTANCE_ACCURACY_VALUE',
'Maximum model space distance between geometric entities at asserted c
onnectivities');
#14071=UNCERTAINTY_MEASURE_WITH_UNIT(LENGTH_MEASURE(0.01),#14074,
'DISTANCE_ACCURACY_VALUE',
'Maximum model space distance between geometric entities at asserted c
onnectivities');
#14072=(
GEOMETRIC_REPRESENTATION_CONTEXT(3)
GLOBAL_UNCERTAINTY_ASSIGNED_CONTEXT((#14070))
GLOBAL_UNIT_ASSIGNED_CONTEXT((#14074,#14076,#14077))
REPRESENTATION_CONTEXT('','3D')
);
#14073=(
GEOMETRIC_REPRESENTATION_CONTEXT(3)
GLOBAL_UNCERTAINTY_ASSIGNED_CONTEXT((#14071))
GLOBAL_UNIT_ASSIGNED_CONTEXT((#14074,#14076,#14077))
REPRESENTATION_CONTEXT('','3D')
);
#14074=(
LENGTH_UNIT()
NAMED_UNIT(*)
SI_UNIT(.MILLI.,.METRE.)
);
#14075=(
LENGTH_UNIT()
NAMED_UNIT(*)
SI_UNIT($,.METRE.)
);
#14076=(
NAMED_UNIT(*)
PLANE_ANGLE_UNIT()
SI_UNIT($,.RADIAN.)
);
#14077=(
NAMED_UNIT(*)
SI_UNIT($,.STERADIAN.)
SOLID_ANGLE_UNIT()
);
#14078=SHAPE_DEFINITION_REPRESENTATION(#14079,#14080);
#14079=PRODUCT_DEFINITION_SHAPE('',$,#14082);
#14080=SHAPE_REPRESENTATION('',(#5454),#14072);
#14081=PRODUCT_DEFINITION_CONTEXT('part definition',#14086,'design');
#14082=PRODUCT_DEFINITION('2026-06-07-22-42-14-011','ConnectorPartB',#14083,
#14081);
#14083=PRODUCT_DEFINITION_FORMATION('',$,#14088);
#14084=PRODUCT_RELATED_PRODUCT_CATEGORY('ConnectorPartB',
'ConnectorPartB',(#14088));
#14085=APPLICATION_PROTOCOL_DEFINITION('international standard',
'automotive_design',2009,#14086);
#14086=APPLICATION_CONTEXT(
'Core Data for Automotive Mechanical Design Process');
#14087=PRODUCT_CONTEXT('part definition',#14086,'mechanical');
#14088=PRODUCT('2026-06-07-22-42-14-011','ConnectorPartB',$,(#14087));
#14089=PRESENTATION_STYLE_ASSIGNMENT((#14090));
#14090=SURFACE_STYLE_USAGE(.BOTH.,#14091);
#14091=SURFACE_SIDE_STYLE('',(#14092));
#14092=SURFACE_STYLE_FILL_AREA(#14093);
#14093=FILL_AREA_STYLE('Default',(#14094));
#14094=FILL_AREA_STYLE_COLOUR('Default',#14095);
#14095=COLOUR_RGB('Default',0.749019607843137,0.749019607843137,0.749019607843137);
ENDSEC;
END-ISO-10303-21;
