ISO-10303-21;
HEADER;
/* Generated by software containing ST-Developer
 * from STEP Tools, Inc. (www.steptools.com) 
 */

FILE_DESCRIPTION(
/* description */ (''),
/* implementation_level */ '2;1');

FILE_NAME(
/* name */ 'GripperPartb.step',
/* time_stamp */ '2026-06-07T20:27:39-05:00',
/* author */ (''),
/* organization */ (''),
/* preprocessor_version */ 'ST-DEVELOPER v20.1',
/* originating_system */ 'Autodesk Translation Framework v14.21.0.0',
/* authorisation */ '');

FILE_SCHEMA (('AUTOMOTIVE_DESIGN { 1 0 10303 214 3 1 1 }'));
ENDSEC;

DATA;
#10=MECHANICAL_DESIGN_GEOMETRIC_PRESENTATION_REPRESENTATION('',(#13),#5526);
#11=SHAPE_REPRESENTATION_RELATIONSHIP('SRR','None',#5533,#12);
#12=ADVANCED_BREP_SHAPE_REPRESENTATION('',(#14),#5525);
#13=STYLED_ITEM('',(#5542),#14);
#14=MANIFOLD_SOLID_BREP('Body1',#2883);
#15=(
BOUNDED_CURVE()
B_SPLINE_CURVE(2,(#5254,#5255,#5256),.UNSPECIFIED.,.F.,.F.)
B_SPLINE_CURVE_WITH_KNOTS((3,3),(-1.5707963267949,-0.233732550022848),
 .UNSPECIFIED.)
CURVE()
GEOMETRIC_REPRESENTATION_ITEM()
RATIONAL_B_SPLINE_CURVE((1.,0.750688929775699,0.925805642401327))
REPRESENTATION_ITEM('')
);
#16=ELLIPSE('',#3051,1.11803398874989,0.5);
#17=ELLIPSE('',#3052,1.11803398874989,0.500000000000003);
#18=ELLIPSE('',#3118,1.03857233065458,1.);
#19=ELLIPSE('',#3120,1.41421356237309,1.);
#20=ELLIPSE('',#3122,1.67301555023646,1.);
#21=ELLIPSE('',#3130,1.00689037568926,1.);
#22=ELLIPSE('',#3136,1.00689037568926,1.);
#23=ELLIPSE('',#3138,1.03857233065459,1.);
#24=ELLIPSE('',#3139,1.9322580870132,1.);
#25=ELLIPSE('',#3140,4.31073283588969,1.);
#26=ELLIPSE('',#3143,1.9322580870132,1.);
#27=ELLIPSE('',#3144,4.31073283588969,1.);
#28=ELLIPSE('',#3147,3.33333333333334,1.);
#29=ELLIPSE('',#3151,5.2869791715431,4.99999999999999);
#30=ELLIPSE('',#3163,4.3534065696108,3.99999999999999);
#31=ELLIPSE('',#3181,1.01171799521687,1.);
#32=(
BOUNDED_SURFACE()
B_SPLINE_SURFACE(2,2,((#4722,#4723,#4724),(#4725,#4726,#4727),(#4728,#4729,
#4730)),.UNSPECIFIED.,.F.,.F.,.F.)
B_SPLINE_SURFACE_WITH_KNOTS((3,3),(3,3),(-1.5707963267949,3.1961297319751E-14),
(-1.5707963267949,9.93583204627898E-32),.UNSPECIFIED.)
GEOMETRIC_REPRESENTATION_ITEM()
RATIONAL_B_SPLINE_SURFACE(((1.,0.707106781186548,1.),(0.70710678118654,
0.499999999999995,0.70710678118654),(1.,0.707106781186548,1.)))
REPRESENTATION_ITEM('')
SURFACE()
);
#33=(
BOUNDED_SURFACE()
B_SPLINE_SURFACE(2,2,((#5206,#5207,#5208),(#5209,#5210,#5211),(#5212,#5213,
#5214)),.UNSPECIFIED.,.F.,.F.,.F.)
B_SPLINE_SURFACE_WITH_KNOTS((3,3),(3,3),(-1.5707963267949,4.7693550152481E-16),
(-4.37526315123215E-16,1.5707963267949),.UNSPECIFIED.)
GEOMETRIC_REPRESENTATION_ITEM()
RATIONAL_B_SPLINE_SURFACE(((1.,0.707106781186547,1.),(0.707106781186542,
0.499999999999996,0.707106781186542),(1.,0.707106781186547,1.)))
REPRESENTATION_ITEM('')
SURFACE()
);
#34=(
BOUNDED_SURFACE()
B_SPLINE_SURFACE(2,2,((#5225,#5226,#5227,#5228,#5229,#5230,#5231,#5232,
#5233),(#5234,#5235,#5236,#5237,#5238,#5239,#5240,#5241,#5242),(#5243,#5244,
#5245,#5246,#5247,#5248,#5249,#5250,#5251)),.UNSPECIFIED.,.F.,.T.,.F.)
B_SPLINE_SURFACE_WITH_KNOTS((3,3),(3,2,2,2,3),(-6.16790569236198E-16,1.5707963267949),
(-3.14159265358979,-1.5707963267949,0.,1.5707963267949,3.14159265358979),
 .UNSPECIFIED.)
GEOMETRIC_REPRESENTATION_ITEM()
RATIONAL_B_SPLINE_SURFACE(((1.,0.707106781186548,1.,0.707106781186548,1.,
0.707106781186548,1.,0.707106781186548,1.),(0.707106781186548,0.5,0.707106781186548,
0.5,0.707106781186548,0.5,0.707106781186548,0.5,0.707106781186548),(1.,
0.707106781186548,1.,0.707106781186548,1.,0.707106781186548,1.,0.707106781186548,
1.)))
REPRESENTATION_ITEM('')
SURFACE()
);
#35=TOROIDAL_SURFACE('',#3000,3.82664991614216,0.5);
#36=TOROIDAL_SURFACE('',#3020,2.5,1.);
#37=TOROIDAL_SURFACE('',#3025,0.999999999999996,0.5);
#38=TOROIDAL_SURFACE('',#3033,4.,0.5);
#39=TOROIDAL_SURFACE('',#3043,10.5,0.5);
#40=TOROIDAL_SURFACE('',#3048,10.,1.);
#41=TOROIDAL_SURFACE('',#3063,1.,0.5);
#42=TOROIDAL_SURFACE('',#3074,3.94499443206437,0.5);
#43=TOROIDAL_SURFACE('',#3083,10.5,0.5);
#44=TOROIDAL_SURFACE('',#3094,4.,0.5);
#45=TOROIDAL_SURFACE('',#3131,3.99999999999999,1.);
#46=TOROIDAL_SURFACE('',#3167,11.0737386572193,1.);
#47=TOROIDAL_SURFACE('',#3173,10.,1.);
#48=TOROIDAL_SURFACE('',#3177,11.0737386572193,1.);
#49=TOROIDAL_SURFACE('',#3182,10.,1.);
#50=TOROIDAL_SURFACE('',#3187,4.,1.);
#51=TOROIDAL_SURFACE('',#3194,4.,1.);
#52=TOROIDAL_SURFACE('',#3199,4.,1.);
#53=TOROIDAL_SURFACE('',#3204,4.,1.);
#54=TOROIDAL_SURFACE('',#3206,10.,1.);
#55=B_SPLINE_CURVE_WITH_KNOTS('',3,(#4462,#4463,#4464,#4465),
 .UNSPECIFIED.,.F.,.F.,(4,4),(-0.0310307066673888,0.),.UNSPECIFIED.);
#56=B_SPLINE_CURVE_WITH_KNOTS('',3,(#4468,#4469,#4470,#4471),
 .UNSPECIFIED.,.F.,.F.,(4,4),(0.,0.0310307066673888),.UNSPECIFIED.);
#57=B_SPLINE_CURVE_WITH_KNOTS('',3,(#4498,#4499,#4500,#4501,#4502),
 .UNSPECIFIED.,.F.,.F.,(4,1,4),(-0.139034031110649,-0.0695170155553243,
0.),.UNSPECIFIED.);
#58=B_SPLINE_CURVE_WITH_KNOTS('',3,(#4505,#4506,#4507,#4508,#4509),
 .UNSPECIFIED.,.F.,.F.,(4,1,4),(0.,0.0695170155553243,0.139034031110649),
 .UNSPECIFIED.);
#59=B_SPLINE_CURVE_WITH_KNOTS('',3,(#4544,#4545,#4546,#4547,#4548),
 .UNSPECIFIED.,.F.,.F.,(4,1,4),(-0.139036106820807,-0.0695180534104034,
-4.6909207204102E-17),.UNSPECIFIED.);
#60=B_SPLINE_CURVE_WITH_KNOTS('',3,(#4549,#4550,#4551,#4552,#4553),
 .UNSPECIFIED.,.F.,.F.,(4,1,4),(4.6909207204102E-17,0.0695180534104034,
0.139036106820807),.UNSPECIFIED.);
#61=B_SPLINE_CURVE_WITH_KNOTS('',3,(#4571,#4572,#4573,#4574),
 .UNSPECIFIED.,.F.,.F.,(4,4),(-0.0310306881108038,0.),.UNSPECIFIED.);
#62=B_SPLINE_CURVE_WITH_KNOTS('',3,(#4577,#4578,#4579,#4580),
 .UNSPECIFIED.,.F.,.F.,(4,4),(0.,0.0310306881108038),.UNSPECIFIED.);
#63=B_SPLINE_CURVE_WITH_KNOTS('',3,(#4608,#4609,#4610,#4611,#4612),
 .UNSPECIFIED.,.F.,.F.,(4,1,4),(1.10943451395427E-16,0.0682723914064306,
0.159302246615005),.UNSPECIFIED.);
#64=B_SPLINE_CURVE_WITH_KNOTS('',3,(#4617,#4618,#4619,#4620,#4621),
 .UNSPECIFIED.,.F.,.F.,(4,1,4),(0.,0.03444018289557,0.08036042675633),
 .UNSPECIFIED.);
#65=B_SPLINE_CURVE_WITH_KNOTS('',3,(#4671,#4672,#4673,#4674,#4675),
 .UNSPECIFIED.,.F.,.F.,(4,1,4),(-0.159302246615005,-0.0682723914064306,
-1.10943451395427E-16),.UNSPECIFIED.);
#66=B_SPLINE_CURVE_WITH_KNOTS('',3,(#4717,#4718,#4719,#4720,#4721),
 .UNSPECIFIED.,.F.,.F.,(4,1,4),(-0.08036042675633,-0.03444018289557,0.),
 .UNSPECIFIED.);
#67=B_SPLINE_CURVE_WITH_KNOTS('',3,(#4818,#4819,#4820,#4821),
 .UNSPECIFIED.,.F.,.F.,(4,4),(-0.0797356784828007,0.),.UNSPECIFIED.);
#68=B_SPLINE_CURVE_WITH_KNOTS('',3,(#4824,#4825,#4826,#4827),
 .UNSPECIFIED.,.F.,.F.,(4,4),(0.,0.0797356784828007),.UNSPECIFIED.);
#69=B_SPLINE_CURVE_WITH_KNOTS('',3,(#4854,#4855,#4856,#4857,#4858,#4859),
 .UNSPECIFIED.,.F.,.F.,(4,2,4),(-0.0487854649900824,0.,0.00017589795492004),
 .UNSPECIFIED.);
#70=B_SPLINE_CURVE_WITH_KNOTS('',3,(#4861,#4862,#4863,#4864,#4865,#4866),
 .UNSPECIFIED.,.F.,.F.,(4,2,4),(-0.00017589795492004,0.,0.0487854649900824),
 .UNSPECIFIED.);
#71=B_SPLINE_CURVE_WITH_KNOTS('',3,(#4888,#4889,#4890,#4891),
 .UNSPECIFIED.,.F.,.F.,(4,4),(-0.0466619268573831,0.),.UNSPECIFIED.);
#72=B_SPLINE_CURVE_WITH_KNOTS('',3,(#4892,#4893,#4894,#4895),
 .UNSPECIFIED.,.F.,.F.,(4,4),(0.,0.0466619268573831),.UNSPECIFIED.);
#73=B_SPLINE_CURVE_WITH_KNOTS('',3,(#4926,#4927,#4928,#4929),
 .UNSPECIFIED.,.F.,.F.,(4,4),(1.39738035285203,1.44830777072943),
 .UNSPECIFIED.);
#74=B_SPLINE_CURVE_WITH_KNOTS('',3,(#4966,#4967,#4968,#4969,#4970,#4971,
#4972,#4973),.UNSPECIFIED.,.F.,.F.,(4,1,1,2,4),(0.,0.0386924422331065,0.077384884466213,
0.193462211165533,0.193985572128477),.UNSPECIFIED.);
#75=B_SPLINE_CURVE_WITH_KNOTS('',3,(#4974,#4975,#4976,#4977,#4978,#4979,
#4980,#4981),.UNSPECIFIED.,.F.,.F.,(4,2,1,1,4),(-0.193985572128477,-0.193462211165533,
-0.077384884466213,-0.0386924422331065,0.),.UNSPECIFIED.);
#76=B_SPLINE_CURVE_WITH_KNOTS('',3,(#5015,#5016,#5017,#5018),
 .UNSPECIFIED.,.F.,.F.,(4,4),(-0.0797356784827998,0.),.UNSPECIFIED.);
#77=B_SPLINE_CURVE_WITH_KNOTS('',3,(#5021,#5022,#5023,#5024),
 .UNSPECIFIED.,.F.,.F.,(4,4),(0.,0.0797356784827998),.UNSPECIFIED.);
#78=B_SPLINE_CURVE_WITH_KNOTS('',3,(#5053,#5054,#5055,#5056,#5057,#5058),
 .UNSPECIFIED.,.F.,.F.,(4,2,4),(0.,0.0487854649900387,0.048961362945006),
 .UNSPECIFIED.);
#79=B_SPLINE_CURVE_WITH_KNOTS('',3,(#5059,#5060,#5061,#5062,#5063,#5064),
 .UNSPECIFIED.,.F.,.F.,(4,2,4),(-0.048961362945006,-0.0487854649900387,
0.),.UNSPECIFIED.);
#80=B_SPLINE_CURVE_WITH_KNOTS('',3,(#5085,#5086,#5087,#5088),
 .UNSPECIFIED.,.F.,.F.,(4,4),(-0.046661926857385,-8.6416730136323E-16),
 .UNSPECIFIED.);
#81=B_SPLINE_CURVE_WITH_KNOTS('',3,(#5089,#5090,#5091,#5092),
 .UNSPECIFIED.,.F.,.F.,(4,4),(8.6416730136323E-16,0.046661926857385),
 .UNSPECIFIED.);
#82=B_SPLINE_CURVE_WITH_KNOTS('',3,(#5120,#5121,#5122,#5123),
 .UNSPECIFIED.,.F.,.F.,(4,4),(2.89661554145883,2.94754295933623),
 .UNSPECIFIED.);
#83=B_SPLINE_CURVE_WITH_KNOTS('',3,(#5184,#5185,#5186,#5187,#5188,#5189),
 .UNSPECIFIED.,.F.,.F.,(4,1,1,4),(-0.0803593533419919,-0.0573995381014228,
-0.0344397228608537,0.),.UNSPECIFIED.);
#84=B_SPLINE_CURVE_WITH_KNOTS('',3,(#5190,#5191,#5192,#5193,#5194,#5195),
 .UNSPECIFIED.,.F.,.F.,(4,1,1,4),(0.,0.0344397228608537,0.0573995381014228,
0.0803593533419919),.UNSPECIFIED.);
#85=B_SPLINE_CURVE_WITH_KNOTS('',3,(#5347,#5348,#5349,#5350,#5351,#5352,
#5353,#5354,#5355,#5356,#5357,#5358,#5359,#5360),.UNSPECIFIED.,.F.,.F.,
(4,2,2,2,2,2,4),(2.06312777212059,2.07343181741717,2.09869310821681,2.12395439901645,
2.13694811133035,2.15066306887413,2.1879620969274),.UNSPECIFIED.);
#86=B_SPLINE_SURFACE_WITH_KNOTS('',3,3,((#4442,#4443,#4444,#4445),(#4446,
#4447,#4448,#4449),(#4450,#4451,#4452,#4453),(#4454,#4455,#4456,#4457)),
 .UNSPECIFIED.,.F.,.F.,.F.,(4,4),(4,4),(0.,1.),(0.,0.0310307066673888),
 .UNSPECIFIED.);
#87=B_SPLINE_SURFACE_WITH_KNOTS('',3,3,((#4472,#4473,#4474,#4475,#4476),
(#4477,#4478,#4479,#4480,#4481),(#4482,#4483,#4484,#4485,#4486),(#4487,
#4488,#4489,#4490,#4491),(#4492,#4493,#4494,#4495,#4496)),.UNSPECIFIED.,
 .F.,.F.,.F.,(4,1,4),(4,1,4),(0.,0.571428571428571,1.),(0.,0.0695170155553243,
0.139034031110649),.UNSPECIFIED.);
#88=B_SPLINE_SURFACE_WITH_KNOTS('',3,3,((#4516,#4517,#4518,#4519,#4520),
(#4521,#4522,#4523,#4524,#4525),(#4526,#4527,#4528,#4529,#4530),(#4531,
#4532,#4533,#4534,#4535),(#4536,#4537,#4538,#4539,#4540)),.UNSPECIFIED.,
 .F.,.F.,.F.,(4,1,4),(4,1,4),(0.,0.571428571428571,1.),(4.6909207204102E-17,
0.0695180534104034,0.139036106820807),.UNSPECIFIED.);
#89=B_SPLINE_SURFACE_WITH_KNOTS('',3,3,((#4554,#4555,#4556,#4557),(#4558,
#4559,#4560,#4561),(#4562,#4563,#4564,#4565),(#4566,#4567,#4568,#4569)),
 .UNSPECIFIED.,.F.,.F.,.F.,(4,4),(4,4),(0.,1.),(0.,0.0310306881108038),
 .UNSPECIFIED.);
#90=B_SPLINE_SURFACE_WITH_KNOTS('',3,3,((#4638,#4639,#4640,#4641,#4642),
(#4643,#4644,#4645,#4646,#4647),(#4648,#4649,#4650,#4651,#4652),(#4653,
#4654,#4655,#4656,#4657),(#4658,#4659,#4660,#4661,#4662),(#4663,#4664,#4665,
#4666,#4667)),.UNSPECIFIED.,.F.,.F.,.F.,(4,1,1,4),(4,1,4),(0.,0.285714285714286,
0.571428571428571,1.),(1.10943451395427E-16,0.0682723914064306,0.159302246615005),
 .UNSPECIFIED.);
#91=B_SPLINE_SURFACE_WITH_KNOTS('',3,3,((#4687,#4688,#4689,#4690,#4691),
(#4692,#4693,#4694,#4695,#4696),(#4697,#4698,#4699,#4700,#4701),(#4702,
#4703,#4704,#4705,#4706),(#4707,#4708,#4709,#4710,#4711),(#4712,#4713,#4714,
#4715,#4716)),.UNSPECIFIED.,.F.,.F.,.F.,(4,1,1,4),(4,1,4),(0.,0.285714285714286,
0.571428571428571,1.),(0.,0.03444018289557,0.08036042675633),
 .UNSPECIFIED.);
#92=B_SPLINE_SURFACE_WITH_KNOTS('',3,3,((#4755,#4756,#4757,#4758,#4759,
#4760),(#4761,#4762,#4763,#4764,#4765,#4766),(#4767,#4768,#4769,#4770,#4771,
#4772),(#4773,#4774,#4775,#4776,#4777,#4778),(#4779,#4780,#4781,#4782,#4783,
#4784)),.UNSPECIFIED.,.F.,.F.,.F.,(4,1,4),(4,1,1,4),(0.,0.5,1.),(-1.5707963267949,
-0.897597901025653,-0.448798950512824,4.49640324973188E-15),
 .UNSPECIFIED.);
#93=B_SPLINE_SURFACE_WITH_KNOTS('',3,3,((#4797,#4798,#4799,#4800),(#4801,
#4802,#4803,#4804),(#4805,#4806,#4807,#4808),(#4809,#4810,#4811,#4812),
(#4813,#4814,#4815,#4816)),.UNSPECIFIED.,.F.,.F.,.F.,(4,1,4),(4,4),(0.,
0.5,1.),(0.,0.0797356784828007),.UNSPECIFIED.);
#94=B_SPLINE_SURFACE_WITH_KNOTS('',3,3,((#4828,#4829,#4830,#4831,#4832,
#4833),(#4834,#4835,#4836,#4837,#4838,#4839),(#4840,#4841,#4842,#4843,#4844,
#4845),(#4846,#4847,#4848,#4849,#4850,#4851)),.UNSPECIFIED.,.F.,.F.,.F.,
(4,4),(4,2,4),(0.,1.),(-0.0487854649900824,0.,0.00017589795492004),
 .UNSPECIFIED.);
#95=B_SPLINE_SURFACE_WITH_KNOTS('',3,3,((#4868,#4869,#4870,#4871),(#4872,
#4873,#4874,#4875),(#4876,#4877,#4878,#4879),(#4880,#4881,#4882,#4883),
(#4884,#4885,#4886,#4887)),.UNSPECIFIED.,.F.,.F.,.F.,(4,1,4),(4,4),(0.,
0.571428571428571,1.),(0.,0.0466619268573831),.UNSPECIFIED.);
#96=B_SPLINE_SURFACE_WITH_KNOTS('',3,3,((#4910,#4911,#4912,#4913),(#4914,
#4915,#4916,#4917),(#4918,#4919,#4920,#4921),(#4922,#4923,#4924,#4925)),
 .UNSPECIFIED.,.F.,.F.,.F.,(4,4),(4,4),(0.,0.481759986414076),(1.39738035285203,
1.44830777072943),.UNSPECIFIED.);
#97=B_SPLINE_SURFACE_WITH_KNOTS('',3,3,((#4930,#4931,#4932,#4933,#4934,
#4935,#4936,#4937),(#4938,#4939,#4940,#4941,#4942,#4943,#4944,#4945),(#4946,
#4947,#4948,#4949,#4950,#4951,#4952,#4953),(#4954,#4955,#4956,#4957,#4958,
#4959,#4960,#4961)),.UNSPECIFIED.,.F.,.F.,.F.,(4,4),(4,2,1,1,4),(0.,1.),
(-0.193985572128477,-0.193462211165533,-0.077384884466213,-0.0386924422331065,
0.),.UNSPECIFIED.);
#98=B_SPLINE_SURFACE_WITH_KNOTS('',3,3,((#4994,#4995,#4996,#4997),(#4998,
#4999,#5000,#5001),(#5002,#5003,#5004,#5005),(#5006,#5007,#5008,#5009),
(#5010,#5011,#5012,#5013)),.UNSPECIFIED.,.F.,.F.,.F.,(4,1,4),(4,4),(0.,
0.5,1.),(0.,0.0797356784827998),.UNSPECIFIED.);
#99=B_SPLINE_SURFACE_WITH_KNOTS('',3,3,((#5025,#5026,#5027,#5028,#5029,
#5030),(#5031,#5032,#5033,#5034,#5035,#5036),(#5037,#5038,#5039,#5040,#5041,
#5042),(#5043,#5044,#5045,#5046,#5047,#5048)),.UNSPECIFIED.,.F.,.F.,.F.,
(4,4),(4,2,4),(0.,1.),(-0.048961362945006,-0.0487854649900387,0.),
 .UNSPECIFIED.);
#100=B_SPLINE_SURFACE_WITH_KNOTS('',3,3,((#5065,#5066,#5067,#5068),(#5069,
#5070,#5071,#5072),(#5073,#5074,#5075,#5076),(#5077,#5078,#5079,#5080),
(#5081,#5082,#5083,#5084)),.UNSPECIFIED.,.F.,.F.,.F.,(4,1,4),(4,4),(0.,
0.571428571428571,1.),(8.6416730136323E-16,0.046661926857385),
 .UNSPECIFIED.);
#101=B_SPLINE_SURFACE_WITH_KNOTS('',3,3,((#5102,#5103,#5104,#5105),(#5106,
#5107,#5108,#5109),(#5110,#5111,#5112,#5113),(#5114,#5115,#5116,#5117)),
 .UNSPECIFIED.,.F.,.F.,.F.,(4,4),(4,4),(0.,0.481759986414051),(2.89661554145883,
2.94754295933623),.UNSPECIFIED.);
#102=B_SPLINE_SURFACE_WITH_KNOTS('',3,3,((#5145,#5146,#5147,#5148,#5149,
#5150),(#5151,#5152,#5153,#5154,#5155,#5156),(#5157,#5158,#5159,#5160,#5161,
#5162),(#5163,#5164,#5165,#5166,#5167,#5168),(#5169,#5170,#5171,#5172,#5173,
#5174),(#5175,#5176,#5177,#5178,#5179,#5180)),.UNSPECIFIED.,.F.,.F.,.F.,
(4,1,1,4),(4,1,1,4),(0.,0.285714285714286,0.571428571428571,1.),(0.,0.0344397228608537,
0.0573995381014228,0.0803593533419919),.UNSPECIFIED.);
#103=B_SPLINE_SURFACE_WITH_KNOTS('',3,3,((#5396,#5397,#5398,#5399,#5400,
#5401,#5402),(#5403,#5404,#5405,#5406,#5407,#5408,#5409),(#5410,#5411,#5412,
#5413,#5414,#5415,#5416),(#5417,#5418,#5419,#5420,#5421,#5422,#5423),(#5424,
#5425,#5426,#5427,#5428,#5429,#5430)),.UNSPECIFIED.,.F.,.F.,.F.,(4,1,4),
(4,1,1,1,4),(0.,0.571428571428571,1.),(-1.2661036727795,-0.542615859762641,
0.180871953254215,0.904359766271071,1.2661036727795),.UNSPECIFIED.);
#104=SPHERICAL_SURFACE('',#2993,0.5);
#105=SPHERICAL_SURFACE('',#3009,0.5);
#106=SPHERICAL_SURFACE('',#3078,0.500000000000008);
#107=SPHERICAL_SURFACE('',#3086,0.500000000000002);
#108=SPHERICAL_SURFACE('',#3123,1.);
#109=SPHERICAL_SURFACE('',#3152,1.);
#110=SPHERICAL_SURFACE('',#3156,1.);
#111=FACE_BOUND('',#546,.T.);
#112=FACE_BOUND('',#547,.T.);
#113=FACE_BOUND('',#548,.T.);
#114=FACE_BOUND('',#549,.T.);
#115=FACE_BOUND('',#569,.T.);
#116=FACE_BOUND('',#572,.T.);
#117=FACE_BOUND('',#574,.T.);
#118=FACE_BOUND('',#577,.T.);
#119=FACE_BOUND('',#579,.T.);
#120=FACE_BOUND('',#581,.T.);
#121=FACE_BOUND('',#582,.T.);
#122=FACE_BOUND('',#583,.T.);
#123=FACE_BOUND('',#584,.T.);
#124=FACE_BOUND('',#587,.T.);
#125=FACE_BOUND('',#589,.T.);
#126=FACE_BOUND('',#590,.T.);
#127=FACE_BOUND('',#591,.T.);
#128=FACE_BOUND('',#592,.T.);
#129=FACE_BOUND('',#594,.T.);
#130=FACE_BOUND('',#608,.T.);
#131=FACE_BOUND('',#609,.T.);
#132=FACE_BOUND('',#610,.T.);
#133=FACE_BOUND('',#611,.T.);
#134=FACE_BOUND('',#728,.T.);
#135=CIRCLE('',#2900,4.75770902028752);
#136=CIRCLE('',#2901,4.75770902028752);
#137=CIRCLE('',#2909,2.6);
#138=CIRCLE('',#2910,2.6);
#139=CIRCLE('',#2912,2.6);
#140=CIRCLE('',#2913,2.6);
#141=CIRCLE('',#2915,2.6);
#142=CIRCLE('',#2916,2.6);
#143=CIRCLE('',#2918,10.);
#144=CIRCLE('',#2919,2.6);
#145=CIRCLE('',#2937,1.4);
#146=CIRCLE('',#2938,1.4);
#147=CIRCLE('',#2940,1.4);
#148=CIRCLE('',#2941,1.4);
#149=CIRCLE('',#2943,2.6);
#150=CIRCLE('',#2945,1.4);
#151=CIRCLE('',#2946,1.4);
#152=CIRCLE('',#2948,2.6);
#153=CIRCLE('',#2950,2.6);
#154=CIRCLE('',#2951,1.4);
#155=CIRCLE('',#2953,1.4);
#156=CIRCLE('',#2954,1.4);
#157=CIRCLE('',#2957,2.6);
#158=CIRCLE('',#2958,1.4);
#159=CIRCLE('',#2960,4.);
#160=CIRCLE('',#2961,10.);
#161=CIRCLE('',#2962,1.4);
#162=CIRCLE('',#2964,1.4);
#163=CIRCLE('',#2967,4.);
#164=CIRCLE('',#2968,10.);
#165=CIRCLE('',#2969,1.4);
#166=CIRCLE('',#2970,1.4);
#167=CIRCLE('',#2971,1.4);
#168=CIRCLE('',#2973,2.6);
#169=CIRCLE('',#2974,1.4);
#170=CIRCLE('',#2984,2.6);
#171=CIRCLE('',#2986,2.6);
#172=CIRCLE('',#2988,2.6);
#173=CIRCLE('',#2990,2.6);
#174=CIRCLE('',#2992,10.);
#175=CIRCLE('',#2994,0.500000000000003);
#176=CIRCLE('',#2995,0.5);
#177=CIRCLE('',#2996,0.500000000000002);
#178=CIRCLE('',#2997,0.5);
#179=CIRCLE('',#2998,0.5);
#180=CIRCLE('',#2999,0.499999999999998);
#181=CIRCLE('',#3001,0.499999999999998);
#182=CIRCLE('',#3002,3.38443327742811);
#183=CIRCLE('',#3003,3.82664991614216);
#184=CIRCLE('',#3004,0.500000000000001);
#185=CIRCLE('',#3005,0.5);
#186=CIRCLE('',#3008,0.499999999999992);
#187=CIRCLE('',#3010,0.500000000000002);
#188=CIRCLE('',#3011,0.5);
#189=CIRCLE('',#3013,0.499999999999998);
#190=CIRCLE('',#3015,10.5);
#191=CIRCLE('',#3019,0.5);
#192=CIRCLE('',#3021,2.5);
#193=CIRCLE('',#3022,1.);
#194=CIRCLE('',#3023,3.5);
#195=CIRCLE('',#3024,3.5);
#196=CIRCLE('',#3026,0.999999999999996);
#197=CIRCLE('',#3027,0.5);
#198=CIRCLE('',#3028,0.5);
#199=CIRCLE('',#3029,0.500000000000001);
#200=CIRCLE('',#3030,0.499999999999998);
#201=CIRCLE('',#3032,0.499999999999999);
#202=CIRCLE('',#3034,3.5);
#203=CIRCLE('',#3036,0.500000000000001);
#204=CIRCLE('',#3037,0.499999999999983);
#205=CIRCLE('',#3038,1.);
#206=CIRCLE('',#3039,0.5);
#207=CIRCLE('',#3042,0.499999999999998);
#208=CIRCLE('',#3044,11.);
#209=CIRCLE('',#3046,11.);
#210=CIRCLE('',#3047,11.);
#211=CIRCLE('',#3049,1.);
#212=CIRCLE('',#3050,0.499999999999999);
#213=CIRCLE('',#3054,0.5);
#214=CIRCLE('',#3055,0.5);
#215=CIRCLE('',#3056,0.5);
#216=CIRCLE('',#3058,0.5);
#217=CIRCLE('',#3060,0.500000000000008);
#218=CIRCLE('',#3061,0.5);
#219=CIRCLE('',#3062,0.5);
#220=CIRCLE('',#3064,0.499999999999999);
#221=CIRCLE('',#3065,1.);
#222=CIRCLE('',#3066,0.5);
#223=CIRCLE('',#3068,0.5);
#224=CIRCLE('',#3069,0.5);
#225=CIRCLE('',#3070,0.5);
#226=CIRCLE('',#3072,10.5);
#227=CIRCLE('',#3073,3.94499443206437);
#228=CIRCLE('',#3075,3.45695216422429);
#229=CIRCLE('',#3076,3.45695216422429);
#230=CIRCLE('',#3077,0.5);
#231=CIRCLE('',#3079,0.500000000000008);
#232=CIRCLE('',#3080,0.5);
#233=CIRCLE('',#3082,0.5);
#234=CIRCLE('',#3084,0.5);
#235=CIRCLE('',#3085,11.);
#236=CIRCLE('',#3087,0.499999999999991);
#237=CIRCLE('',#3088,0.500000000000002);
#238=CIRCLE('',#3089,0.499999999999999);
#239=CIRCLE('',#3091,0.499999999999999);
#240=CIRCLE('',#3092,0.5);
#241=CIRCLE('',#3095,3.5);
#242=CIRCLE('',#3098,0.5);
#243=CIRCLE('',#3099,1.);
#244=CIRCLE('',#3102,1.);
#245=CIRCLE('',#3105,3.5);
#246=CIRCLE('',#3106,1.7);
#247=CIRCLE('',#3111,0.999999999999999);
#248=CIRCLE('',#3113,11.0737386572193);
#249=CIRCLE('',#3114,4.);
#250=CIRCLE('',#3115,4.);
#251=CIRCLE('',#3117,1.);
#252=CIRCLE('',#3121,1.);
#253=CIRCLE('',#3124,1.);
#254=CIRCLE('',#3127,0.999999999999994);
#255=CIRCLE('',#3129,1.);
#256=CIRCLE('',#3132,1.);
#257=CIRCLE('',#3133,3.99999999999999);
#258=CIRCLE('',#3134,4.99999999999999);
#259=CIRCLE('',#3148,1.);
#260=CIRCLE('',#3153,1.);
#261=CIRCLE('',#3154,1.);
#262=CIRCLE('',#3155,0.999999999999999);
#263=CIRCLE('',#3157,1.);
#264=CIRCLE('',#3158,1.);
#265=CIRCLE('',#3159,1.);
#266=CIRCLE('',#3161,1.);
#267=CIRCLE('',#3162,1.);
#268=CIRCLE('',#3166,0.999999999999996);
#269=CIRCLE('',#3168,1.00000000000001);
#270=CIRCLE('',#3169,11.0737386572193);
#271=CIRCLE('',#3170,12.0737386572193);
#272=CIRCLE('',#3172,0.999999999999996);
#273=CIRCLE('',#3174,0.999999999999996);
#274=CIRCLE('',#3176,0.999999999999996);
#275=CIRCLE('',#3178,12.0737386572193);
#276=CIRCLE('',#3183,1.);
#277=CIRCLE('',#3184,11.);
#278=CIRCLE('',#3188,0.999999999999999);
#279=CIRCLE('',#3189,4.);
#280=CIRCLE('',#3190,1.);
#281=CIRCLE('',#3191,3.);
#282=CIRCLE('',#3193,0.999999999999999);
#283=CIRCLE('',#3195,1.);
#284=CIRCLE('',#3196,3.);
#285=CIRCLE('',#3197,4.);
#286=CIRCLE('',#3200,1.);
#287=CIRCLE('',#3201,3.);
#288=CIRCLE('',#3203,1.);
#289=CIRCLE('',#3205,3.);
#290=CIRCLE('',#3207,11.);
#291=CIRCLE('',#3208,1.00000000000001);
#292=CYLINDRICAL_SURFACE('',#2899,4.75770902028752);
#293=CYLINDRICAL_SURFACE('',#2908,2.6);
#294=CYLINDRICAL_SURFACE('',#2911,2.6);
#295=CYLINDRICAL_SURFACE('',#2914,2.6);
#296=CYLINDRICAL_SURFACE('',#2936,1.4);
#297=CYLINDRICAL_SURFACE('',#2939,1.4);
#298=CYLINDRICAL_SURFACE('',#2944,1.4);
#299=CYLINDRICAL_SURFACE('',#2952,1.4);
#300=CYLINDRICAL_SURFACE('',#2963,1.4);
#301=CYLINDRICAL_SURFACE('',#2983,2.6);
#302=CYLINDRICAL_SURFACE('',#2985,2.6);
#303=CYLINDRICAL_SURFACE('',#2987,2.6);
#304=CYLINDRICAL_SURFACE('',#2989,2.6);
#305=CYLINDRICAL_SURFACE('',#3006,0.5);
#306=CYLINDRICAL_SURFACE('',#3007,0.5);
#307=CYLINDRICAL_SURFACE('',#3012,0.5);
#308=CYLINDRICAL_SURFACE('',#3016,0.5);
#309=CYLINDRICAL_SURFACE('',#3018,0.5);
#310=CYLINDRICAL_SURFACE('',#3031,0.5);
#311=CYLINDRICAL_SURFACE('',#3035,0.5);
#312=CYLINDRICAL_SURFACE('',#3040,0.5);
#313=CYLINDRICAL_SURFACE('',#3041,0.5);
#314=CYLINDRICAL_SURFACE('',#3045,11.);
#315=CYLINDRICAL_SURFACE('',#3053,0.5);
#316=CYLINDRICAL_SURFACE('',#3059,0.5);
#317=CYLINDRICAL_SURFACE('',#3067,0.5);
#318=CYLINDRICAL_SURFACE('',#3081,0.5);
#319=CYLINDRICAL_SURFACE('',#3090,0.5);
#320=CYLINDRICAL_SURFACE('',#3093,0.5);
#321=CYLINDRICAL_SURFACE('',#3096,0.5);
#322=CYLINDRICAL_SURFACE('',#3097,0.5);
#323=CYLINDRICAL_SURFACE('',#3100,0.5);
#324=CYLINDRICAL_SURFACE('',#3101,1.);
#325=CYLINDRICAL_SURFACE('',#3104,3.5);
#326=CYLINDRICAL_SURFACE('',#3110,1.);
#327=CYLINDRICAL_SURFACE('',#3116,1.);
#328=CYLINDRICAL_SURFACE('',#3119,1.);
#329=CYLINDRICAL_SURFACE('',#3126,1.);
#330=CYLINDRICAL_SURFACE('',#3128,1.);
#331=CYLINDRICAL_SURFACE('',#3135,1.);
#332=CYLINDRICAL_SURFACE('',#3137,1.);
#333=CYLINDRICAL_SURFACE('',#3141,1.);
#334=CYLINDRICAL_SURFACE('',#3142,1.);
#335=CYLINDRICAL_SURFACE('',#3146,1.);
#336=CYLINDRICAL_SURFACE('',#3150,4.99999999999999);
#337=CYLINDRICAL_SURFACE('',#3160,1.);
#338=CYLINDRICAL_SURFACE('',#3164,1.);
#339=CYLINDRICAL_SURFACE('',#3165,1.);
#340=CYLINDRICAL_SURFACE('',#3171,1.);
#341=CYLINDRICAL_SURFACE('',#3175,1.);
#342=CYLINDRICAL_SURFACE('',#3179,1.);
#343=CYLINDRICAL_SURFACE('',#3180,1.);
#344=CYLINDRICAL_SURFACE('',#3185,1.);
#345=CYLINDRICAL_SURFACE('',#3192,1.);
#346=CYLINDRICAL_SURFACE('',#3198,1.);
#347=CYLINDRICAL_SURFACE('',#3202,1.);
#348=CYLINDRICAL_SURFACE('',#3209,1.);
#349=CYLINDRICAL_SURFACE('',#3212,3.);
#350=CYLINDRICAL_SURFACE('',#3213,11.);
#351=CYLINDRICAL_SURFACE('',#3214,3.);
#352=CYLINDRICAL_SURFACE('',#3215,3.5);
#353=CYLINDRICAL_SURFACE('',#3216,12.0737386572193);
#354=CYLINDRICAL_SURFACE('',#3219,2.6);
#355=CYLINDRICAL_SURFACE('',#3221,1.4);
#356=CYLINDRICAL_SURFACE('',#3222,1.4);
#357=CYLINDRICAL_SURFACE('',#3223,1.4);
#358=FACE_OUTER_BOUND('',#533,.T.);
#359=FACE_OUTER_BOUND('',#534,.T.);
#360=FACE_OUTER_BOUND('',#535,.T.);
#361=FACE_OUTER_BOUND('',#536,.T.);
#362=FACE_OUTER_BOUND('',#537,.T.);
#363=FACE_OUTER_BOUND('',#538,.T.);
#364=FACE_OUTER_BOUND('',#539,.T.);
#365=FACE_OUTER_BOUND('',#540,.T.);
#366=FACE_OUTER_BOUND('',#541,.T.);
#367=FACE_OUTER_BOUND('',#542,.T.);
#368=FACE_OUTER_BOUND('',#543,.T.);
#369=FACE_OUTER_BOUND('',#544,.T.);
#370=FACE_OUTER_BOUND('',#545,.T.);
#371=FACE_OUTER_BOUND('',#550,.T.);
#372=FACE_OUTER_BOUND('',#551,.T.);
#373=FACE_OUTER_BOUND('',#552,.T.);
#374=FACE_OUTER_BOUND('',#553,.T.);
#375=FACE_OUTER_BOUND('',#554,.T.);
#376=FACE_OUTER_BOUND('',#555,.T.);
#377=FACE_OUTER_BOUND('',#556,.T.);
#378=FACE_OUTER_BOUND('',#557,.T.);
#379=FACE_OUTER_BOUND('',#558,.T.);
#380=FACE_OUTER_BOUND('',#559,.T.);
#381=FACE_OUTER_BOUND('',#560,.T.);
#382=FACE_OUTER_BOUND('',#561,.T.);
#383=FACE_OUTER_BOUND('',#562,.T.);
#384=FACE_OUTER_BOUND('',#563,.T.);
#385=FACE_OUTER_BOUND('',#564,.T.);
#386=FACE_OUTER_BOUND('',#565,.T.);
#387=FACE_OUTER_BOUND('',#566,.T.);
#388=FACE_OUTER_BOUND('',#567,.T.);
#389=FACE_OUTER_BOUND('',#568,.T.);
#390=FACE_OUTER_BOUND('',#570,.T.);
#391=FACE_OUTER_BOUND('',#571,.T.);
#392=FACE_OUTER_BOUND('',#573,.T.);
#393=FACE_OUTER_BOUND('',#575,.T.);
#394=FACE_OUTER_BOUND('',#576,.T.);
#395=FACE_OUTER_BOUND('',#578,.T.);
#396=FACE_OUTER_BOUND('',#580,.T.);
#397=FACE_OUTER_BOUND('',#585,.T.);
#398=FACE_OUTER_BOUND('',#586,.T.);
#399=FACE_OUTER_BOUND('',#588,.T.);
#400=FACE_OUTER_BOUND('',#593,.T.);
#401=FACE_OUTER_BOUND('',#595,.T.);
#402=FACE_OUTER_BOUND('',#596,.T.);
#403=FACE_OUTER_BOUND('',#597,.T.);
#404=FACE_OUTER_BOUND('',#598,.T.);
#405=FACE_OUTER_BOUND('',#599,.T.);
#406=FACE_OUTER_BOUND('',#600,.T.);
#407=FACE_OUTER_BOUND('',#601,.T.);
#408=FACE_OUTER_BOUND('',#602,.T.);
#409=FACE_OUTER_BOUND('',#603,.T.);
#410=FACE_OUTER_BOUND('',#604,.T.);
#411=FACE_OUTER_BOUND('',#605,.T.);
#412=FACE_OUTER_BOUND('',#606,.T.);
#413=FACE_OUTER_BOUND('',#607,.T.);
#414=FACE_OUTER_BOUND('',#612,.T.);
#415=FACE_OUTER_BOUND('',#613,.T.);
#416=FACE_OUTER_BOUND('',#614,.T.);
#417=FACE_OUTER_BOUND('',#615,.T.);
#418=FACE_OUTER_BOUND('',#616,.T.);
#419=FACE_OUTER_BOUND('',#617,.T.);
#420=FACE_OUTER_BOUND('',#618,.T.);
#421=FACE_OUTER_BOUND('',#619,.T.);
#422=FACE_OUTER_BOUND('',#620,.T.);
#423=FACE_OUTER_BOUND('',#621,.T.);
#424=FACE_OUTER_BOUND('',#622,.T.);
#425=FACE_OUTER_BOUND('',#623,.T.);
#426=FACE_OUTER_BOUND('',#624,.T.);
#427=FACE_OUTER_BOUND('',#625,.T.);
#428=FACE_OUTER_BOUND('',#626,.T.);
#429=FACE_OUTER_BOUND('',#627,.T.);
#430=FACE_OUTER_BOUND('',#628,.T.);
#431=FACE_OUTER_BOUND('',#629,.T.);
#432=FACE_OUTER_BOUND('',#630,.T.);
#433=FACE_OUTER_BOUND('',#631,.T.);
#434=FACE_OUTER_BOUND('',#632,.T.);
#435=FACE_OUTER_BOUND('',#633,.T.);
#436=FACE_OUTER_BOUND('',#634,.T.);
#437=FACE_OUTER_BOUND('',#635,.T.);
#438=FACE_OUTER_BOUND('',#636,.T.);
#439=FACE_OUTER_BOUND('',#637,.T.);
#440=FACE_OUTER_BOUND('',#638,.T.);
#441=FACE_OUTER_BOUND('',#639,.T.);
#442=FACE_OUTER_BOUND('',#640,.T.);
#443=FACE_OUTER_BOUND('',#641,.T.);
#444=FACE_OUTER_BOUND('',#642,.T.);
#445=FACE_OUTER_BOUND('',#643,.T.);
#446=FACE_OUTER_BOUND('',#644,.T.);
#447=FACE_OUTER_BOUND('',#645,.T.);
#448=FACE_OUTER_BOUND('',#646,.T.);
#449=FACE_OUTER_BOUND('',#647,.T.);
#450=FACE_OUTER_BOUND('',#648,.T.);
#451=FACE_OUTER_BOUND('',#649,.T.);
#452=FACE_OUTER_BOUND('',#650,.T.);
#453=FACE_OUTER_BOUND('',#651,.T.);
#454=FACE_OUTER_BOUND('',#652,.T.);
#455=FACE_OUTER_BOUND('',#653,.T.);
#456=FACE_OUTER_BOUND('',#654,.T.);
#457=FACE_OUTER_BOUND('',#655,.T.);
#458=FACE_OUTER_BOUND('',#656,.T.);
#459=FACE_OUTER_BOUND('',#657,.T.);
#460=FACE_OUTER_BOUND('',#658,.T.);
#461=FACE_OUTER_BOUND('',#659,.T.);
#462=FACE_OUTER_BOUND('',#660,.T.);
#463=FACE_OUTER_BOUND('',#661,.T.);
#464=FACE_OUTER_BOUND('',#662,.T.);
#465=FACE_OUTER_BOUND('',#663,.T.);
#466=FACE_OUTER_BOUND('',#664,.T.);
#467=FACE_OUTER_BOUND('',#665,.T.);
#468=FACE_OUTER_BOUND('',#666,.T.);
#469=FACE_OUTER_BOUND('',#667,.T.);
#470=FACE_OUTER_BOUND('',#668,.T.);
#471=FACE_OUTER_BOUND('',#669,.T.);
#472=FACE_OUTER_BOUND('',#670,.T.);
#473=FACE_OUTER_BOUND('',#671,.T.);
#474=FACE_OUTER_BOUND('',#672,.T.);
#475=FACE_OUTER_BOUND('',#673,.T.);
#476=FACE_OUTER_BOUND('',#674,.T.);
#477=FACE_OUTER_BOUND('',#675,.T.);
#478=FACE_OUTER_BOUND('',#676,.T.);
#479=FACE_OUTER_BOUND('',#677,.T.);
#480=FACE_OUTER_BOUND('',#678,.T.);
#481=FACE_OUTER_BOUND('',#679,.T.);
#482=FACE_OUTER_BOUND('',#680,.T.);
#483=FACE_OUTER_BOUND('',#681,.T.);
#484=FACE_OUTER_BOUND('',#682,.T.);
#485=FACE_OUTER_BOUND('',#683,.T.);
#486=FACE_OUTER_BOUND('',#684,.T.);
#487=FACE_OUTER_BOUND('',#685,.T.);
#488=FACE_OUTER_BOUND('',#686,.T.);
#489=FACE_OUTER_BOUND('',#687,.T.);
#490=FACE_OUTER_BOUND('',#688,.T.);
#491=FACE_OUTER_BOUND('',#689,.T.);
#492=FACE_OUTER_BOUND('',#690,.T.);
#493=FACE_OUTER_BOUND('',#691,.T.);
#494=FACE_OUTER_BOUND('',#692,.T.);
#495=FACE_OUTER_BOUND('',#693,.T.);
#496=FACE_OUTER_BOUND('',#694,.T.);
#497=FACE_OUTER_BOUND('',#695,.T.);
#498=FACE_OUTER_BOUND('',#696,.T.);
#499=FACE_OUTER_BOUND('',#697,.T.);
#500=FACE_OUTER_BOUND('',#698,.T.);
#501=FACE_OUTER_BOUND('',#699,.T.);
#502=FACE_OUTER_BOUND('',#700,.T.);
#503=FACE_OUTER_BOUND('',#701,.T.);
#504=FACE_OUTER_BOUND('',#702,.T.);
#505=FACE_OUTER_BOUND('',#703,.T.);
#506=FACE_OUTER_BOUND('',#704,.T.);
#507=FACE_OUTER_BOUND('',#705,.T.);
#508=FACE_OUTER_BOUND('',#706,.T.);
#509=FACE_OUTER_BOUND('',#707,.T.);
#510=FACE_OUTER_BOUND('',#708,.T.);
#511=FACE_OUTER_BOUND('',#709,.T.);
#512=FACE_OUTER_BOUND('',#710,.T.);
#513=FACE_OUTER_BOUND('',#711,.T.);
#514=FACE_OUTER_BOUND('',#712,.T.);
#515=FACE_OUTER_BOUND('',#713,.T.);
#516=FACE_OUTER_BOUND('',#714,.T.);
#517=FACE_OUTER_BOUND('',#715,.T.);
#518=FACE_OUTER_BOUND('',#716,.T.);
#519=FACE_OUTER_BOUND('',#717,.T.);
#520=FACE_OUTER_BOUND('',#718,.T.);
#521=FACE_OUTER_BOUND('',#719,.T.);
#522=FACE_OUTER_BOUND('',#720,.T.);
#523=FACE_OUTER_BOUND('',#721,.T.);
#524=FACE_OUTER_BOUND('',#722,.T.);
#525=FACE_OUTER_BOUND('',#723,.T.);
#526=FACE_OUTER_BOUND('',#724,.T.);
#527=FACE_OUTER_BOUND('',#725,.T.);
#528=FACE_OUTER_BOUND('',#726,.T.);
#529=FACE_OUTER_BOUND('',#727,.T.);
#530=FACE_OUTER_BOUND('',#729,.T.);
#531=FACE_OUTER_BOUND('',#730,.T.);
#532=FACE_OUTER_BOUND('',#731,.T.);
#533=EDGE_LOOP('',(#1817,#1818,#1819,#1820));
#534=EDGE_LOOP('',(#1821,#1822,#1823,#1824));
#535=EDGE_LOOP('',(#1825,#1826,#1827,#1828));
#536=EDGE_LOOP('',(#1829,#1830,#1831,#1832));
#537=EDGE_LOOP('',(#1833,#1834,#1835,#1836));
#538=EDGE_LOOP('',(#1837,#1838,#1839,#1840));
#539=EDGE_LOOP('',(#1841,#1842,#1843,#1844));
#540=EDGE_LOOP('',(#1845,#1846,#1847,#1848));
#541=EDGE_LOOP('',(#1849,#1850,#1851,#1852));
#542=EDGE_LOOP('',(#1853,#1854,#1855,#1856));
#543=EDGE_LOOP('',(#1857,#1858,#1859,#1860));
#544=EDGE_LOOP('',(#1861,#1862,#1863,#1864));
#545=EDGE_LOOP('',(#1865,#1866,#1867,#1868));
#546=EDGE_LOOP('',(#1869,#1870,#1871));
#547=EDGE_LOOP('',(#1872,#1873,#1874));
#548=EDGE_LOOP('',(#1875,#1876,#1877,#1878));
#549=EDGE_LOOP('',(#1879,#1880,#1881));
#550=EDGE_LOOP('',(#1882,#1883,#1884,#1885));
#551=EDGE_LOOP('',(#1886,#1887,#1888,#1889));
#552=EDGE_LOOP('',(#1890,#1891,#1892,#1893));
#553=EDGE_LOOP('',(#1894,#1895,#1896,#1897));
#554=EDGE_LOOP('',(#1898,#1899,#1900,#1901));
#555=EDGE_LOOP('',(#1902,#1903,#1904,#1905));
#556=EDGE_LOOP('',(#1906,#1907,#1908,#1909));
#557=EDGE_LOOP('',(#1910,#1911,#1912,#1913));
#558=EDGE_LOOP('',(#1914,#1915,#1916,#1917));
#559=EDGE_LOOP('',(#1918,#1919,#1920,#1921));
#560=EDGE_LOOP('',(#1922,#1923,#1924,#1925));
#561=EDGE_LOOP('',(#1926,#1927,#1928,#1929));
#562=EDGE_LOOP('',(#1930,#1931,#1932,#1933));
#563=EDGE_LOOP('',(#1934,#1935,#1936,#1937));
#564=EDGE_LOOP('',(#1938,#1939,#1940,#1941));
#565=EDGE_LOOP('',(#1942,#1943,#1944,#1945));
#566=EDGE_LOOP('',(#1946,#1947,#1948,#1949));
#567=EDGE_LOOP('',(#1950,#1951,#1952,#1953));
#568=EDGE_LOOP('',(#1954,#1955,#1956));
#569=EDGE_LOOP('',(#1957,#1958,#1959));
#570=EDGE_LOOP('',(#1960,#1961,#1962,#1963));
#571=EDGE_LOOP('',(#1964,#1965,#1966));
#572=EDGE_LOOP('',(#1967,#1968,#1969));
#573=EDGE_LOOP('',(#1970,#1971,#1972));
#574=EDGE_LOOP('',(#1973,#1974,#1975));
#575=EDGE_LOOP('',(#1976,#1977,#1978,#1979));
#576=EDGE_LOOP('',(#1980,#1981,#1982));
#577=EDGE_LOOP('',(#1983,#1984,#1985));
#578=EDGE_LOOP('',(#1986,#1987,#1988));
#579=EDGE_LOOP('',(#1989,#1990,#1991));
#580=EDGE_LOOP('',(#1992,#1993,#1994,#1995,#1996,#1997,#1998));
#581=EDGE_LOOP('',(#1999,#2000,#2001));
#582=EDGE_LOOP('',(#2002,#2003,#2004));
#583=EDGE_LOOP('',(#2005,#2006,#2007));
#584=EDGE_LOOP('',(#2008,#2009,#2010));
#585=EDGE_LOOP('',(#2011,#2012,#2013,#2014));
#586=EDGE_LOOP('',(#2015,#2016,#2017));
#587=EDGE_LOOP('',(#2018,#2019,#2020));
#588=EDGE_LOOP('',(#2021,#2022,#2023,#2024,#2025,#2026,#2027));
#589=EDGE_LOOP('',(#2028,#2029,#2030));
#590=EDGE_LOOP('',(#2031,#2032,#2033));
#591=EDGE_LOOP('',(#2034,#2035,#2036));
#592=EDGE_LOOP('',(#2037,#2038,#2039));
#593=EDGE_LOOP('',(#2040,#2041,#2042));
#594=EDGE_LOOP('',(#2043,#2044,#2045));
#595=EDGE_LOOP('',(#2046,#2047,#2048,#2049));
#596=EDGE_LOOP('',(#2050,#2051,#2052,#2053));
#597=EDGE_LOOP('',(#2054,#2055,#2056,#2057));
#598=EDGE_LOOP('',(#2058,#2059,#2060,#2061));
#599=EDGE_LOOP('',(#2062,#2063,#2064,#2065));
#600=EDGE_LOOP('',(#2066,#2067,#2068,#2069));
#601=EDGE_LOOP('',(#2070,#2071,#2072,#2073));
#602=EDGE_LOOP('',(#2074,#2075,#2076,#2077));
#603=EDGE_LOOP('',(#2078,#2079,#2080,#2081));
#604=EDGE_LOOP('',(#2082,#2083,#2084,#2085));
#605=EDGE_LOOP('',(#2086,#2087,#2088,#2089));
#606=EDGE_LOOP('',(#2090,#2091,#2092,#2093));
#607=EDGE_LOOP('',(#2094,#2095,#2096,#2097));
#608=EDGE_LOOP('',(#2098,#2099,#2100));
#609=EDGE_LOOP('',(#2101,#2102,#2103));
#610=EDGE_LOOP('',(#2104,#2105,#2106));
#611=EDGE_LOOP('',(#2107,#2108,#2109));
#612=EDGE_LOOP('',(#2110,#2111,#2112));
#613=EDGE_LOOP('',(#2113,#2114,#2115,#2116));
#614=EDGE_LOOP('',(#2117,#2118,#2119,#2120));
#615=EDGE_LOOP('',(#2121,#2122,#2123,#2124));
#616=EDGE_LOOP('',(#2125,#2126,#2127,#2128));
#617=EDGE_LOOP('',(#2129,#2130,#2131,#2132));
#618=EDGE_LOOP('',(#2133,#2134,#2135,#2136));
#619=EDGE_LOOP('',(#2137,#2138,#2139,#2140));
#620=EDGE_LOOP('',(#2141,#2142,#2143));
#621=EDGE_LOOP('',(#2144,#2145,#2146,#2147,#2148));
#622=EDGE_LOOP('',(#2149,#2150,#2151,#2152,#2153));
#623=EDGE_LOOP('',(#2154,#2155,#2156,#2157,#2158));
#624=EDGE_LOOP('',(#2159,#2160,#2161,#2162,#2163));
#625=EDGE_LOOP('',(#2164,#2165,#2166,#2167));
#626=EDGE_LOOP('',(#2168,#2169,#2170,#2171,#2172,#2173,#2174,#2175));
#627=EDGE_LOOP('',(#2176,#2177,#2178,#2179));
#628=EDGE_LOOP('',(#2180,#2181,#2182,#2183));
#629=EDGE_LOOP('',(#2184,#2185,#2186,#2187));
#630=EDGE_LOOP('',(#2188,#2189,#2190,#2191));
#631=EDGE_LOOP('',(#2192,#2193,#2194,#2195));
#632=EDGE_LOOP('',(#2196,#2197,#2198,#2199));
#633=EDGE_LOOP('',(#2200,#2201,#2202,#2203));
#634=EDGE_LOOP('',(#2204,#2205,#2206,#2207));
#635=EDGE_LOOP('',(#2208,#2209,#2210,#2211));
#636=EDGE_LOOP('',(#2212,#2213,#2214,#2215));
#637=EDGE_LOOP('',(#2216,#2217,#2218,#2219,#2220,#2221,#2222));
#638=EDGE_LOOP('',(#2223,#2224,#2225,#2226));
#639=EDGE_LOOP('',(#2227,#2228,#2229));
#640=EDGE_LOOP('',(#2230,#2231,#2232,#2233));
#641=EDGE_LOOP('',(#2234,#2235,#2236,#2237));
#642=EDGE_LOOP('',(#2238,#2239,#2240));
#643=EDGE_LOOP('',(#2241,#2242,#2243,#2244));
#644=EDGE_LOOP('',(#2245,#2246,#2247,#2248,#2249,#2250));
#645=EDGE_LOOP('',(#2251,#2252,#2253,#2254,#2255));
#646=EDGE_LOOP('',(#2256,#2257,#2258));
#647=EDGE_LOOP('',(#2259,#2260,#2261));
#648=EDGE_LOOP('',(#2262,#2263,#2264,#2265));
#649=EDGE_LOOP('',(#2266,#2267,#2268,#2269));
#650=EDGE_LOOP('',(#2270,#2271,#2272,#2273));
#651=EDGE_LOOP('',(#2274,#2275,#2276));
#652=EDGE_LOOP('',(#2277,#2278,#2279,#2280));
#653=EDGE_LOOP('',(#2281,#2282,#2283,#2284,#2285,#2286));
#654=EDGE_LOOP('',(#2287,#2288,#2289,#2290,#2291,#2292,#2293,#2294,#2295));
#655=EDGE_LOOP('',(#2296,#2297,#2298));
#656=EDGE_LOOP('',(#2299,#2300,#2301));
#657=EDGE_LOOP('',(#2302,#2303,#2304,#2305));
#658=EDGE_LOOP('',(#2306,#2307,#2308,#2309));
#659=EDGE_LOOP('',(#2310,#2311,#2312));
#660=EDGE_LOOP('',(#2313,#2314,#2315,#2316));
#661=EDGE_LOOP('',(#2317,#2318,#2319,#2320));
#662=EDGE_LOOP('',(#2321,#2322,#2323,#2324,#2325));
#663=EDGE_LOOP('',(#2326,#2327,#2328,#2329));
#664=EDGE_LOOP('',(#2330,#2331,#2332,#2333,#2334));
#665=EDGE_LOOP('',(#2335,#2336,#2337,#2338));
#666=EDGE_LOOP('',(#2339,#2340,#2341,#2342));
#667=EDGE_LOOP('',(#2343,#2344,#2345,#2346));
#668=EDGE_LOOP('',(#2347,#2348,#2349,#2350));
#669=EDGE_LOOP('',(#2351,#2352,#2353,#2354,#2355,#2356));
#670=EDGE_LOOP('',(#2357,#2358,#2359,#2360));
#671=EDGE_LOOP('',(#2361,#2362,#2363,#2364,#2365,#2366,#2367,#2368));
#672=EDGE_LOOP('',(#2369));
#673=EDGE_LOOP('',(#2370));
#674=EDGE_LOOP('',(#2371,#2372,#2373,#2374,#2375));
#675=EDGE_LOOP('',(#2376,#2377,#2378,#2379));
#676=EDGE_LOOP('',(#2380,#2381,#2382,#2383,#2384,#2385,#2386,#2387,#2388,
#2389,#2390,#2391,#2392,#2393,#2394,#2395,#2396));
#677=EDGE_LOOP('',(#2397,#2398,#2399,#2400));
#678=EDGE_LOOP('',(#2401,#2402,#2403,#2404,#2405));
#679=EDGE_LOOP('',(#2406,#2407,#2408));
#680=EDGE_LOOP('',(#2409,#2410,#2411,#2412,#2413,#2414,#2415,#2416));
#681=EDGE_LOOP('',(#2417,#2418,#2419,#2420));
#682=EDGE_LOOP('',(#2421,#2422,#2423,#2424));
#683=EDGE_LOOP('',(#2425,#2426,#2427,#2428));
#684=EDGE_LOOP('',(#2429,#2430,#2431,#2432));
#685=EDGE_LOOP('',(#2433,#2434,#2435,#2436,#2437,#2438));
#686=EDGE_LOOP('',(#2439,#2440,#2441,#2442,#2443));
#687=EDGE_LOOP('',(#2444,#2445,#2446,#2447,#2448,#2449));
#688=EDGE_LOOP('',(#2450,#2451,#2452,#2453,#2454,#2455));
#689=EDGE_LOOP('',(#2456,#2457,#2458,#2459,#2460,#2461));
#690=EDGE_LOOP('',(#2462,#2463,#2464,#2465,#2466,#2467,#2468,#2469));
#691=EDGE_LOOP('',(#2470,#2471,#2472,#2473));
#692=EDGE_LOOP('',(#2474,#2475,#2476));
#693=EDGE_LOOP('',(#2477,#2478,#2479));
#694=EDGE_LOOP('',(#2480,#2481,#2482,#2483));
#695=EDGE_LOOP('',(#2484,#2485,#2486,#2487));
#696=EDGE_LOOP('',(#2488,#2489,#2490,#2491));
#697=EDGE_LOOP('',(#2492,#2493,#2494,#2495));
#698=EDGE_LOOP('',(#2496,#2497,#2498,#2499));
#699=EDGE_LOOP('',(#2500,#2501,#2502,#2503));
#700=EDGE_LOOP('',(#2504,#2505,#2506,#2507));
#701=EDGE_LOOP('',(#2508,#2509,#2510,#2511));
#702=EDGE_LOOP('',(#2512,#2513,#2514,#2515));
#703=EDGE_LOOP('',(#2516,#2517,#2518,#2519));
#704=EDGE_LOOP('',(#2520,#2521,#2522,#2523));
#705=EDGE_LOOP('',(#2524,#2525,#2526,#2527));
#706=EDGE_LOOP('',(#2528,#2529,#2530,#2531));
#707=EDGE_LOOP('',(#2532,#2533,#2534,#2535));
#708=EDGE_LOOP('',(#2536,#2537,#2538,#2539));
#709=EDGE_LOOP('',(#2540,#2541,#2542,#2543));
#710=EDGE_LOOP('',(#2544,#2545,#2546,#2547));
#711=EDGE_LOOP('',(#2548,#2549,#2550,#2551));
#712=EDGE_LOOP('',(#2552,#2553,#2554,#2555));
#713=EDGE_LOOP('',(#2556,#2557,#2558,#2559));
#714=EDGE_LOOP('',(#2560,#2561,#2562,#2563));
#715=EDGE_LOOP('',(#2564,#2565,#2566,#2567));
#716=EDGE_LOOP('',(#2568,#2569,#2570,#2571));
#717=EDGE_LOOP('',(#2572,#2573,#2574,#2575,#2576,#2577,#2578,#2579,#2580,
#2581,#2582,#2583,#2584));
#718=EDGE_LOOP('',(#2585,#2586,#2587,#2588));
#719=EDGE_LOOP('',(#2589,#2590,#2591,#2592));
#720=EDGE_LOOP('',(#2593,#2594,#2595,#2596,#2597,#2598));
#721=EDGE_LOOP('',(#2599,#2600,#2601,#2602));
#722=EDGE_LOOP('',(#2603,#2604,#2605,#2606,#2607,#2608,#2609));
#723=EDGE_LOOP('',(#2610,#2611,#2612,#2613));
#724=EDGE_LOOP('',(#2614,#2615,#2616,#2617));
#725=EDGE_LOOP('',(#2618,#2619,#2620,#2621,#2622,#2623));
#726=EDGE_LOOP('',(#2624,#2625,#2626,#2627));
#727=EDGE_LOOP('',(#2628,#2629,#2630,#2631));
#728=EDGE_LOOP('',(#2632,#2633,#2634));
#729=EDGE_LOOP('',(#2635,#2636,#2637,#2638));
#730=EDGE_LOOP('',(#2639,#2640,#2641,#2642));
#731=EDGE_LOOP('',(#2643,#2644,#2645,#2646));
#732=LINE('',#4094,#942);
#733=LINE('',#4096,#943);
#734=LINE('',#4098,#944);
#735=LINE('',#4099,#945);
#736=LINE('',#4102,#946);
#737=LINE('',#4104,#947);
#738=LINE('',#4105,#948);
#739=LINE('',#4109,#949);
#740=LINE('',#4113,#950);
#741=LINE('',#4118,#951);
#742=LINE('',#4120,#952);
#743=LINE('',#4122,#953);
#744=LINE('',#4123,#954);
#745=LINE('',#4125,#955);
#746=LINE('',#4126,#956);
#747=LINE('',#4130,#957);
#748=LINE('',#4132,#958);
#749=LINE('',#4134,#959);
#750=LINE('',#4135,#960);
#751=LINE('',#4138,#961);
#752=LINE('',#4140,#962);
#753=LINE('',#4141,#963);
#754=LINE('',#4145,#964);
#755=LINE('',#4147,#965);
#756=LINE('',#4149,#966);
#757=LINE('',#4150,#967);
#758=LINE('',#4153,#968);
#759=LINE('',#4155,#969);
#760=LINE('',#4156,#970);
#761=LINE('',#4169,#971);
#762=LINE('',#4173,#972);
#763=LINE('',#4174,#973);
#764=LINE('',#4179,#974);
#765=LINE('',#4181,#975);
#766=LINE('',#4183,#976);
#767=LINE('',#4184,#977);
#768=LINE('',#4188,#978);
#769=LINE('',#4190,#979);
#770=LINE('',#4192,#980);
#771=LINE('',#4193,#981);
#772=LINE('',#4196,#982);
#773=LINE('',#4198,#983);
#774=LINE('',#4199,#984);
#775=LINE('',#4202,#985);
#776=LINE('',#4204,#986);
#777=LINE('',#4205,#987);
#778=LINE('',#4209,#988);
#779=LINE('',#4211,#989);
#780=LINE('',#4213,#990);
#781=LINE('',#4214,#991);
#782=LINE('',#4218,#992);
#783=LINE('',#4220,#993);
#784=LINE('',#4222,#994);
#785=LINE('',#4223,#995);
#786=LINE('',#4226,#996);
#787=LINE('',#4228,#997);
#788=LINE('',#4229,#998);
#789=LINE('',#4232,#999);
#790=LINE('',#4234,#1000);
#791=LINE('',#4235,#1001);
#792=LINE('',#4239,#1002);
#793=LINE('',#4241,#1003);
#794=LINE('',#4243,#1004);
#795=LINE('',#4244,#1005);
#796=LINE('',#4248,#1006);
#797=LINE('',#4250,#1007);
#798=LINE('',#4252,#1008);
#799=LINE('',#4253,#1009);
#800=LINE('',#4256,#1010);
#801=LINE('',#4258,#1011);
#802=LINE('',#4259,#1012);
#803=LINE('',#4262,#1013);
#804=LINE('',#4264,#1014);
#805=LINE('',#4265,#1015);
#806=LINE('',#4269,#1016);
#807=LINE('',#4271,#1017);
#808=LINE('',#4273,#1018);
#809=LINE('',#4274,#1019);
#810=LINE('',#4278,#1020);
#811=LINE('',#4280,#1021);
#812=LINE('',#4282,#1022);
#813=LINE('',#4283,#1023);
#814=LINE('',#4286,#1024);
#815=LINE('',#4288,#1025);
#816=LINE('',#4289,#1026);
#817=LINE('',#4292,#1027);
#818=LINE('',#4294,#1028);
#819=LINE('',#4295,#1029);
#820=LINE('',#4307,#1030);
#821=LINE('',#4308,#1031);
#822=LINE('',#4319,#1032);
#823=LINE('',#4320,#1033);
#824=LINE('',#4331,#1034);
#825=LINE('',#4332,#1035);
#826=LINE('',#4337,#1036);
#827=LINE('',#4341,#1037);
#828=LINE('',#4345,#1038);
#829=LINE('',#4347,#1039);
#830=LINE('',#4348,#1040);
#831=LINE('',#4356,#1041);
#832=LINE('',#4360,#1042);
#833=LINE('',#4362,#1043);
#834=LINE('',#4364,#1044);
#835=LINE('',#4366,#1045);
#836=LINE('',#4376,#1046);
#837=LINE('',#4377,#1047);
#838=LINE('',#4382,#1048);
#839=LINE('',#4383,#1049);
#840=LINE('',#4384,#1050);
#841=LINE('',#4387,#1051);
#842=LINE('',#4388,#1052);
#843=LINE('',#4392,#1053);
#844=LINE('',#4393,#1054);
#845=LINE('',#4394,#1055);
#846=LINE('',#4397,#1056);
#847=LINE('',#4398,#1057);
#848=LINE('',#4402,#1058);
#849=LINE('',#4403,#1059);
#850=LINE('',#4404,#1060);
#851=LINE('',#4407,#1061);
#852=LINE('',#4408,#1062);
#853=LINE('',#4412,#1063);
#854=LINE('',#4413,#1064);
#855=LINE('',#4414,#1065);
#856=LINE('',#4417,#1066);
#857=LINE('',#4418,#1067);
#858=LINE('',#4430,#1068);
#859=LINE('',#4434,#1069);
#860=LINE('',#4435,#1070);
#861=LINE('',#4582,#1071);
#862=LINE('',#4583,#1072);
#863=LINE('',#4586,#1073);
#864=LINE('',#4589,#1074);
#865=LINE('',#4595,#1075);
#866=LINE('',#4598,#1076);
#867=LINE('',#4601,#1077);
#868=LINE('',#4604,#1078);
#869=LINE('',#4607,#1079);
#870=LINE('',#4615,#1080);
#871=LINE('',#4622,#1081);
#872=LINE('',#4679,#1082);
#873=LINE('',#4686,#1083);
#874=LINE('',#4737,#1084);
#875=LINE('',#4738,#1085);
#876=LINE('',#4742,#1086);
#877=LINE('',#4749,#1087);
#878=LINE('',#4752,#1088);
#879=LINE('',#4795,#1089);
#880=LINE('',#4796,#1090);
#881=LINE('',#4898,#1091);
#882=LINE('',#4900,#1092);
#883=LINE('',#4903,#1093);
#884=LINE('',#4908,#1094);
#885=LINE('',#4992,#1095);
#886=LINE('',#4993,#1096);
#887=LINE('',#5095,#1097);
#888=LINE('',#5130,#1098);
#889=LINE('',#5144,#1099);
#890=LINE('',#5197,#1100);
#891=LINE('',#5198,#1101);
#892=LINE('',#5202,#1102);
#893=LINE('',#5203,#1103);
#894=LINE('',#5205,#1104);
#895=LINE('',#5221,#1105);
#896=LINE('',#5262,#1106);
#897=LINE('',#5266,#1107);
#898=LINE('',#5270,#1108);
#899=LINE('',#5272,#1109);
#900=LINE('',#5274,#1110);
#901=LINE('',#5275,#1111);
#902=LINE('',#5279,#1112);
#903=LINE('',#5286,#1113);
#904=LINE('',#5289,#1114);
#905=LINE('',#5295,#1115);
#906=LINE('',#5301,#1116);
#907=LINE('',#5303,#1117);
#908=LINE('',#5305,#1118);
#909=LINE('',#5307,#1119);
#910=LINE('',#5309,#1120);
#911=LINE('',#5311,#1121);
#912=LINE('',#5312,#1122);
#913=LINE('',#5319,#1123);
#914=LINE('',#5329,#1124);
#915=LINE('',#5331,#1125);
#916=LINE('',#5335,#1126);
#917=LINE('',#5341,#1127);
#918=LINE('',#5344,#1128);
#919=LINE('',#5346,#1129);
#920=LINE('',#5364,#1130);
#921=LINE('',#5368,#1131);
#922=LINE('',#5374,#1132);
#923=LINE('',#5376,#1133);
#924=LINE('',#5377,#1134);
#925=LINE('',#5395,#1135);
#926=LINE('',#5435,#1136);
#927=LINE('',#5439,#1137);
#928=LINE('',#5447,#1138);
#929=LINE('',#5455,#1139);
#930=LINE('',#5456,#1140);
#931=LINE('',#5459,#1141);
#932=LINE('',#5466,#1142);
#933=LINE('',#5480,#1143);
#934=LINE('',#5481,#1144);
#935=LINE('',#5488,#1145);
#936=LINE('',#5496,#1146);
#937=LINE('',#5504,#1147);
#938=LINE('',#5506,#1148);
#939=LINE('',#5508,#1149);
#940=LINE('',#5509,#1150);
#941=LINE('',#5516,#1151);
#942=VECTOR('',#3228,10.);
#943=VECTOR('',#3229,10.);
#944=VECTOR('',#3230,10.);
#945=VECTOR('',#3231,10.);
#946=VECTOR('',#3234,10.);
#947=VECTOR('',#3235,10.);
#948=VECTOR('',#3236,10.);
#949=VECTOR('',#3239,10.);
#950=VECTOR('',#3242,10.);
#951=VECTOR('',#3247,10.);
#952=VECTOR('',#3248,10.);
#953=VECTOR('',#3249,10.);
#954=VECTOR('',#3250,10.);
#955=VECTOR('',#3253,10.);
#956=VECTOR('',#3254,10.);
#957=VECTOR('',#3257,10.);
#958=VECTOR('',#3258,10.);
#959=VECTOR('',#3259,10.);
#960=VECTOR('',#3260,10.);
#961=VECTOR('',#3263,10.);
#962=VECTOR('',#3264,10.);
#963=VECTOR('',#3265,10.);
#964=VECTOR('',#3268,10.);
#965=VECTOR('',#3269,10.);
#966=VECTOR('',#3270,10.);
#967=VECTOR('',#3271,10.);
#968=VECTOR('',#3274,10.);
#969=VECTOR('',#3275,10.);
#970=VECTOR('',#3276,10.);
#971=VECTOR('',#3297,10.);
#972=VECTOR('',#3300,10.);
#973=VECTOR('',#3301,10.);
#974=VECTOR('',#3306,10.);
#975=VECTOR('',#3307,10.);
#976=VECTOR('',#3308,10.);
#977=VECTOR('',#3309,10.);
#978=VECTOR('',#3312,10.);
#979=VECTOR('',#3313,10.);
#980=VECTOR('',#3314,10.);
#981=VECTOR('',#3315,10.);
#982=VECTOR('',#3318,10.);
#983=VECTOR('',#3319,10.);
#984=VECTOR('',#3320,10.);
#985=VECTOR('',#3323,10.);
#986=VECTOR('',#3324,10.);
#987=VECTOR('',#3325,10.);
#988=VECTOR('',#3328,10.);
#989=VECTOR('',#3329,10.);
#990=VECTOR('',#3330,10.);
#991=VECTOR('',#3331,10.);
#992=VECTOR('',#3334,10.);
#993=VECTOR('',#3335,10.);
#994=VECTOR('',#3336,10.);
#995=VECTOR('',#3337,10.);
#996=VECTOR('',#3340,10.);
#997=VECTOR('',#3341,10.);
#998=VECTOR('',#3342,10.);
#999=VECTOR('',#3345,10.);
#1000=VECTOR('',#3346,10.);
#1001=VECTOR('',#3347,10.);
#1002=VECTOR('',#3350,10.);
#1003=VECTOR('',#3351,10.);
#1004=VECTOR('',#3352,10.);
#1005=VECTOR('',#3353,10.);
#1006=VECTOR('',#3356,10.);
#1007=VECTOR('',#3357,10.);
#1008=VECTOR('',#3358,10.);
#1009=VECTOR('',#3359,10.);
#1010=VECTOR('',#3362,10.);
#1011=VECTOR('',#3363,10.);
#1012=VECTOR('',#3364,10.);
#1013=VECTOR('',#3367,10.);
#1014=VECTOR('',#3368,10.);
#1015=VECTOR('',#3369,10.);
#1016=VECTOR('',#3372,10.);
#1017=VECTOR('',#3373,10.);
#1018=VECTOR('',#3374,10.);
#1019=VECTOR('',#3375,10.);
#1020=VECTOR('',#3378,10.);
#1021=VECTOR('',#3379,10.);
#1022=VECTOR('',#3380,10.);
#1023=VECTOR('',#3381,10.);
#1024=VECTOR('',#3384,10.);
#1025=VECTOR('',#3385,10.);
#1026=VECTOR('',#3386,10.);
#1027=VECTOR('',#3389,10.);
#1028=VECTOR('',#3390,10.);
#1029=VECTOR('',#3391,10.);
#1030=VECTOR('',#3408,10.);
#1031=VECTOR('',#3409,10.);
#1032=VECTOR('',#3424,10.);
#1033=VECTOR('',#3425,10.);
#1034=VECTOR('',#3440,10.);
#1035=VECTOR('',#3441,10.);
#1036=VECTOR('',#3446,10.);
#1037=VECTOR('',#3449,10.);
#1038=VECTOR('',#3452,10.);
#1039=VECTOR('',#3453,10.);
#1040=VECTOR('',#3454,10.);
#1041=VECTOR('',#3465,10.);
#1042=VECTOR('',#3468,10.);
#1043=VECTOR('',#3469,10.);
#1044=VECTOR('',#3470,10.);
#1045=VECTOR('',#3471,10.);
#1046=VECTOR('',#3484,10.);
#1047=VECTOR('',#3485,10.);
#1048=VECTOR('',#3490,10.);
#1049=VECTOR('',#3491,10.);
#1050=VECTOR('',#3492,10.);
#1051=VECTOR('',#3495,10.);
#1052=VECTOR('',#3496,10.);
#1053=VECTOR('',#3499,10.);
#1054=VECTOR('',#3500,10.);
#1055=VECTOR('',#3501,10.);
#1056=VECTOR('',#3504,10.);
#1057=VECTOR('',#3505,10.);
#1058=VECTOR('',#3508,10.);
#1059=VECTOR('',#3509,10.);
#1060=VECTOR('',#3510,10.);
#1061=VECTOR('',#3513,10.);
#1062=VECTOR('',#3514,10.);
#1063=VECTOR('',#3517,10.);
#1064=VECTOR('',#3518,10.);
#1065=VECTOR('',#3519,10.);
#1066=VECTOR('',#3522,10.);
#1067=VECTOR('',#3523,10.);
#1068=VECTOR('',#3542,10.);
#1069=VECTOR('',#3545,10.);
#1070=VECTOR('',#3546,10.);
#1071=VECTOR('',#3575,10.);
#1072=VECTOR('',#3576,10.);
#1073=VECTOR('',#3579,10.);
#1074=VECTOR('',#3582,10.);
#1075=VECTOR('',#3591,10.);
#1076=VECTOR('',#3594,10.);
#1077=VECTOR('',#3597,10.);
#1078=VECTOR('',#3600,10.);
#1079=VECTOR('',#3603,10.);
#1080=VECTOR('',#3606,10.);
#1081=VECTOR('',#3607,10.);
#1082=VECTOR('',#3636,10.);
#1083=VECTOR('',#3647,10.);
#1084=VECTOR('',#3656,10.);
#1085=VECTOR('',#3657,10.);
#1086=VECTOR('',#3662,10.);
#1087=VECTOR('',#3671,10.);
#1088=VECTOR('',#3674,10.);
#1089=VECTOR('',#3689,10.);
#1090=VECTOR('',#3690,10.);
#1091=VECTOR('',#3697,10.);
#1092=VECTOR('',#3698,10.);
#1093=VECTOR('',#3701,10.);
#1094=VECTOR('',#3706,10.);
#1095=VECTOR('',#3723,10.);
#1096=VECTOR('',#3724,10.);
#1097=VECTOR('',#3731,10.);
#1098=VECTOR('',#3754,10.);
#1099=VECTOR('',#3773,10.);
#1100=VECTOR('',#3778,10.);
#1101=VECTOR('',#3779,10.);
#1102=VECTOR('',#3786,10.);
#1103=VECTOR('',#3787,10.);
#1104=VECTOR('',#3790,10.);
#1105=VECTOR('',#3801,10.);
#1106=VECTOR('',#3818,10.);
#1107=VECTOR('',#3823,10.);
#1108=VECTOR('',#3826,10.);
#1109=VECTOR('',#3827,10.);
#1110=VECTOR('',#3828,10.);
#1111=VECTOR('',#3829,10.);
#1112=VECTOR('',#3832,10.);
#1113=VECTOR('',#3839,10.);
#1114=VECTOR('',#3842,10.);
#1115=VECTOR('',#3849,10.);
#1116=VECTOR('',#3858,10.);
#1117=VECTOR('',#3859,10.);
#1118=VECTOR('',#3860,10.);
#1119=VECTOR('',#3861,10.);
#1120=VECTOR('',#3862,10.);
#1121=VECTOR('',#3863,10.);
#1122=VECTOR('',#3864,10.);
#1123=VECTOR('',#3873,10.);
#1124=VECTOR('',#3886,10.);
#1125=VECTOR('',#3887,10.);
#1126=VECTOR('',#3892,10.);
#1127=VECTOR('',#3897,10.);
#1128=VECTOR('',#3902,10.);
#1129=VECTOR('',#3903,10.);
#1130=VECTOR('',#3906,10.);
#1131=VECTOR('',#3913,10.);
#1132=VECTOR('',#3922,10.);
#1133=VECTOR('',#3923,10.);
#1134=VECTOR('',#3924,10.);
#1135=VECTOR('',#3949,10.);
#1136=VECTOR('',#3956,10.);
#1137=VECTOR('',#3961,10.);
#1138=VECTOR('',#3974,10.);
#1139=VECTOR('',#3989,10.);
#1140=VECTOR('',#3990,10.);
#1141=VECTOR('',#3993,10.);
#1142=VECTOR('',#4004,10.);
#1143=VECTOR('',#4021,10.);
#1144=VECTOR('',#4022,10.);
#1145=VECTOR('',#4033,10.);
#1146=VECTOR('',#4044,10.);
#1147=VECTOR('',#4057,10.);
#1148=VECTOR('',#4060,10.);
#1149=VECTOR('',#4063,10.);
#1150=VECTOR('',#4064,10.);
#1151=VECTOR('',#4077,10.);
#1152=VERTEX_POINT('',#4092);
#1153=VERTEX_POINT('',#4093);
#1154=VERTEX_POINT('',#4095);
#1155=VERTEX_POINT('',#4097);
#1156=VERTEX_POINT('',#4101);
#1157=VERTEX_POINT('',#4103);
#1158=VERTEX_POINT('',#4107);
#1159=VERTEX_POINT('',#4108);
#1160=VERTEX_POINT('',#4110);
#1161=VERTEX_POINT('',#4112);
#1162=VERTEX_POINT('',#4116);
#1163=VERTEX_POINT('',#4117);
#1164=VERTEX_POINT('',#4119);
#1165=VERTEX_POINT('',#4121);
#1166=VERTEX_POINT('',#4128);
#1167=VERTEX_POINT('',#4129);
#1168=VERTEX_POINT('',#4131);
#1169=VERTEX_POINT('',#4133);
#1170=VERTEX_POINT('',#4137);
#1171=VERTEX_POINT('',#4139);
#1172=VERTEX_POINT('',#4143);
#1173=VERTEX_POINT('',#4144);
#1174=VERTEX_POINT('',#4146);
#1175=VERTEX_POINT('',#4148);
#1176=VERTEX_POINT('',#4152);
#1177=VERTEX_POINT('',#4154);
#1178=VERTEX_POINT('',#4167);
#1179=VERTEX_POINT('',#4168);
#1180=VERTEX_POINT('',#4170);
#1181=VERTEX_POINT('',#4172);
#1182=VERTEX_POINT('',#4177);
#1183=VERTEX_POINT('',#4178);
#1184=VERTEX_POINT('',#4180);
#1185=VERTEX_POINT('',#4182);
#1186=VERTEX_POINT('',#4186);
#1187=VERTEX_POINT('',#4187);
#1188=VERTEX_POINT('',#4189);
#1189=VERTEX_POINT('',#4191);
#1190=VERTEX_POINT('',#4195);
#1191=VERTEX_POINT('',#4197);
#1192=VERTEX_POINT('',#4201);
#1193=VERTEX_POINT('',#4203);
#1194=VERTEX_POINT('',#4207);
#1195=VERTEX_POINT('',#4208);
#1196=VERTEX_POINT('',#4210);
#1197=VERTEX_POINT('',#4212);
#1198=VERTEX_POINT('',#4216);
#1199=VERTEX_POINT('',#4217);
#1200=VERTEX_POINT('',#4219);
#1201=VERTEX_POINT('',#4221);
#1202=VERTEX_POINT('',#4225);
#1203=VERTEX_POINT('',#4227);
#1204=VERTEX_POINT('',#4231);
#1205=VERTEX_POINT('',#4233);
#1206=VERTEX_POINT('',#4237);
#1207=VERTEX_POINT('',#4238);
#1208=VERTEX_POINT('',#4240);
#1209=VERTEX_POINT('',#4242);
#1210=VERTEX_POINT('',#4246);
#1211=VERTEX_POINT('',#4247);
#1212=VERTEX_POINT('',#4249);
#1213=VERTEX_POINT('',#4251);
#1214=VERTEX_POINT('',#4255);
#1215=VERTEX_POINT('',#4257);
#1216=VERTEX_POINT('',#4261);
#1217=VERTEX_POINT('',#4263);
#1218=VERTEX_POINT('',#4267);
#1219=VERTEX_POINT('',#4268);
#1220=VERTEX_POINT('',#4270);
#1221=VERTEX_POINT('',#4272);
#1222=VERTEX_POINT('',#4276);
#1223=VERTEX_POINT('',#4277);
#1224=VERTEX_POINT('',#4279);
#1225=VERTEX_POINT('',#4281);
#1226=VERTEX_POINT('',#4285);
#1227=VERTEX_POINT('',#4287);
#1228=VERTEX_POINT('',#4291);
#1229=VERTEX_POINT('',#4293);
#1230=VERTEX_POINT('',#4303);
#1231=VERTEX_POINT('',#4304);
#1232=VERTEX_POINT('',#4306);
#1233=VERTEX_POINT('',#4315);
#1234=VERTEX_POINT('',#4316);
#1235=VERTEX_POINT('',#4318);
#1236=VERTEX_POINT('',#4327);
#1237=VERTEX_POINT('',#4328);
#1238=VERTEX_POINT('',#4330);
#1239=VERTEX_POINT('',#4335);
#1240=VERTEX_POINT('',#4336);
#1241=VERTEX_POINT('',#4338);
#1242=VERTEX_POINT('',#4340);
#1243=VERTEX_POINT('',#4342);
#1244=VERTEX_POINT('',#4344);
#1245=VERTEX_POINT('',#4346);
#1246=VERTEX_POINT('',#4354);
#1247=VERTEX_POINT('',#4355);
#1248=VERTEX_POINT('',#4357);
#1249=VERTEX_POINT('',#4359);
#1250=VERTEX_POINT('',#4361);
#1251=VERTEX_POINT('',#4363);
#1252=VERTEX_POINT('',#4365);
#1253=VERTEX_POINT('',#4372);
#1254=VERTEX_POINT('',#4373);
#1255=VERTEX_POINT('',#4375);
#1256=VERTEX_POINT('',#4380);
#1257=VERTEX_POINT('',#4381);
#1258=VERTEX_POINT('',#4386);
#1259=VERTEX_POINT('',#4390);
#1260=VERTEX_POINT('',#4391);
#1261=VERTEX_POINT('',#4396);
#1262=VERTEX_POINT('',#4400);
#1263=VERTEX_POINT('',#4401);
#1264=VERTEX_POINT('',#4406);
#1265=VERTEX_POINT('',#4410);
#1266=VERTEX_POINT('',#4411);
#1267=VERTEX_POINT('',#4416);
#1268=VERTEX_POINT('',#4428);
#1269=VERTEX_POINT('',#4429);
#1270=VERTEX_POINT('',#4431);
#1271=VERTEX_POINT('',#4433);
#1272=VERTEX_POINT('',#4437);
#1273=VERTEX_POINT('',#4438);
#1274=VERTEX_POINT('',#4458);
#1275=VERTEX_POINT('',#4459);
#1276=VERTEX_POINT('',#4461);
#1277=VERTEX_POINT('',#4466);
#1278=VERTEX_POINT('',#4497);
#1279=VERTEX_POINT('',#4503);
#1280=VERTEX_POINT('',#4511);
#1281=VERTEX_POINT('',#4512);
#1282=VERTEX_POINT('',#4541);
#1283=VERTEX_POINT('',#4542);
#1284=VERTEX_POINT('',#4570);
#1285=VERTEX_POINT('',#4575);
#1286=VERTEX_POINT('',#4585);
#1287=VERTEX_POINT('',#4587);
#1288=VERTEX_POINT('',#4594);
#1289=VERTEX_POINT('',#4596);
#1290=VERTEX_POINT('',#4600);
#1291=VERTEX_POINT('',#4602);
#1292=VERTEX_POINT('',#4606);
#1293=VERTEX_POINT('',#4614);
#1294=VERTEX_POINT('',#4616);
#1295=VERTEX_POINT('',#4626);
#1296=VERTEX_POINT('',#4628);
#1297=VERTEX_POINT('',#4633);
#1298=VERTEX_POINT('',#4634);
#1299=VERTEX_POINT('',#4668);
#1300=VERTEX_POINT('',#4670);
#1301=VERTEX_POINT('',#4678);
#1302=VERTEX_POINT('',#4684);
#1303=VERTEX_POINT('',#4731);
#1304=VERTEX_POINT('',#4732);
#1305=VERTEX_POINT('',#4740);
#1306=VERTEX_POINT('',#4746);
#1307=VERTEX_POINT('',#4748);
#1308=VERTEX_POINT('',#4750);
#1309=VERTEX_POINT('',#4785);
#1310=VERTEX_POINT('',#4786);
#1311=VERTEX_POINT('',#4788);
#1312=VERTEX_POINT('',#4792);
#1313=VERTEX_POINT('',#4793);
#1314=VERTEX_POINT('',#4817);
#1315=VERTEX_POINT('',#4822);
#1316=VERTEX_POINT('',#4852);
#1317=VERTEX_POINT('',#4853);
#1318=VERTEX_POINT('',#4860);
#1319=VERTEX_POINT('',#4897);
#1320=VERTEX_POINT('',#4899);
#1321=VERTEX_POINT('',#4901);
#1322=VERTEX_POINT('',#4905);
#1323=VERTEX_POINT('',#4907);
#1324=VERTEX_POINT('',#4962);
#1325=VERTEX_POINT('',#4963);
#1326=VERTEX_POINT('',#4965);
#1327=VERTEX_POINT('',#4983);
#1328=VERTEX_POINT('',#4984);
#1329=VERTEX_POINT('',#4989);
#1330=VERTEX_POINT('',#4990);
#1331=VERTEX_POINT('',#5014);
#1332=VERTEX_POINT('',#5019);
#1333=VERTEX_POINT('',#5049);
#1334=VERTEX_POINT('',#5050);
#1335=VERTEX_POINT('',#5052);
#1336=VERTEX_POINT('',#5094);
#1337=VERTEX_POINT('',#5099);
#1338=VERTEX_POINT('',#5118);
#1339=VERTEX_POINT('',#5128);
#1340=VERTEX_POINT('',#5132);
#1341=VERTEX_POINT('',#5136);
#1342=VERTEX_POINT('',#5137);
#1343=VERTEX_POINT('',#5142);
#1344=VERTEX_POINT('',#5181);
#1345=VERTEX_POINT('',#5182);
#1346=VERTEX_POINT('',#5219);
#1347=VERTEX_POINT('',#5252);
#1348=VERTEX_POINT('',#5261);
#1349=VERTEX_POINT('',#5265);
#1350=VERTEX_POINT('',#5267);
#1351=VERTEX_POINT('',#5269);
#1352=VERTEX_POINT('',#5271);
#1353=VERTEX_POINT('',#5273);
#1354=VERTEX_POINT('',#5276);
#1355=VERTEX_POINT('',#5278);
#1356=VERTEX_POINT('',#5282);
#1357=VERTEX_POINT('',#5283);
#1358=VERTEX_POINT('',#5285);
#1359=VERTEX_POINT('',#5287);
#1360=VERTEX_POINT('',#5291);
#1361=VERTEX_POINT('',#5294);
#1362=VERTEX_POINT('',#5300);
#1363=VERTEX_POINT('',#5302);
#1364=VERTEX_POINT('',#5304);
#1365=VERTEX_POINT('',#5306);
#1366=VERTEX_POINT('',#5308);
#1367=VERTEX_POINT('',#5310);
#1368=VERTEX_POINT('',#5316);
#1369=VERTEX_POINT('',#5318);
#1370=VERTEX_POINT('',#5322);
#1371=VERTEX_POINT('',#5323);
#1372=VERTEX_POINT('',#5328);
#1373=VERTEX_POINT('',#5330);
#1374=VERTEX_POINT('',#5334);
#1375=VERTEX_POINT('',#5336);
#1376=VERTEX_POINT('',#5338);
#1377=VERTEX_POINT('',#5340);
#1378=VERTEX_POINT('',#5345);
#1379=VERTEX_POINT('',#5362);
#1380=VERTEX_POINT('',#5363);
#1381=VERTEX_POINT('',#5373);
#1382=VERTEX_POINT('',#5375);
#1383=VERTEX_POINT('',#5381);
#1384=VERTEX_POINT('',#5383);
#1385=VERTEX_POINT('',#5387);
#1386=VERTEX_POINT('',#5388);
#1387=VERTEX_POINT('',#5393);
#1388=VERTEX_POINT('',#5431);
#1389=VERTEX_POINT('',#5437);
#1390=VERTEX_POINT('',#5441);
#1391=VERTEX_POINT('',#5458);
#1392=VERTEX_POINT('',#5462);
#1393=VERTEX_POINT('',#5469);
#1394=VERTEX_POINT('',#5471);
#1395=VERTEX_POINT('',#5473);
#1396=VERTEX_POINT('',#5477);
#1397=VERTEX_POINT('',#5478);
#1398=VERTEX_POINT('',#5483);
#1399=VERTEX_POINT('',#5490);
#1400=VERTEX_POINT('',#5494);
#1401=VERTEX_POINT('',#5500);
#1402=EDGE_CURVE('',#1152,#1153,#732,.T.);
#1403=EDGE_CURVE('',#1152,#1154,#733,.T.);
#1404=EDGE_CURVE('',#1154,#1155,#734,.T.);
#1405=EDGE_CURVE('',#1155,#1153,#735,.T.);
#1406=EDGE_CURVE('',#1156,#1152,#736,.T.);
#1407=EDGE_CURVE('',#1157,#1156,#737,.T.);
#1408=EDGE_CURVE('',#1157,#1154,#738,.T.);
#1409=EDGE_CURVE('',#1158,#1159,#739,.T.);
#1410=EDGE_CURVE('',#1158,#1160,#135,.T.);
#1411=EDGE_CURVE('',#1161,#1160,#740,.T.);
#1412=EDGE_CURVE('',#1159,#1161,#136,.T.);
#1413=EDGE_CURVE('',#1162,#1163,#741,.T.);
#1414=EDGE_CURVE('',#1162,#1164,#742,.T.);
#1415=EDGE_CURVE('',#1164,#1165,#743,.T.);
#1416=EDGE_CURVE('',#1165,#1163,#744,.T.);
#1417=EDGE_CURVE('',#1161,#1162,#745,.T.);
#1418=EDGE_CURVE('',#1160,#1164,#746,.T.);
#1419=EDGE_CURVE('',#1166,#1167,#747,.T.);
#1420=EDGE_CURVE('',#1166,#1168,#748,.T.);
#1421=EDGE_CURVE('',#1168,#1169,#749,.T.);
#1422=EDGE_CURVE('',#1169,#1167,#750,.T.);
#1423=EDGE_CURVE('',#1170,#1166,#751,.T.);
#1424=EDGE_CURVE('',#1170,#1171,#752,.T.);
#1425=EDGE_CURVE('',#1171,#1168,#753,.T.);
#1426=EDGE_CURVE('',#1172,#1173,#754,.T.);
#1427=EDGE_CURVE('',#1172,#1174,#755,.T.);
#1428=EDGE_CURVE('',#1174,#1175,#756,.T.);
#1429=EDGE_CURVE('',#1173,#1175,#757,.T.);
#1430=EDGE_CURVE('',#1176,#1172,#758,.T.);
#1431=EDGE_CURVE('',#1177,#1176,#759,.T.);
#1432=EDGE_CURVE('',#1177,#1174,#760,.T.);
#1433=EDGE_CURVE('',#1156,#1153,#137,.T.);
#1434=EDGE_CURVE('',#1155,#1157,#138,.T.);
#1435=EDGE_CURVE('',#1159,#1163,#139,.T.);
#1436=EDGE_CURVE('',#1165,#1158,#140,.T.);
#1437=EDGE_CURVE('',#1169,#1171,#141,.T.);
#1438=EDGE_CURVE('',#1170,#1167,#142,.T.);
#1439=EDGE_CURVE('',#1178,#1179,#761,.T.);
#1440=EDGE_CURVE('',#1180,#1178,#143,.T.);
#1441=EDGE_CURVE('',#1181,#1180,#762,.T.);
#1442=EDGE_CURVE('',#1179,#1181,#763,.T.);
#1443=EDGE_CURVE('',#1176,#1173,#144,.T.);
#1444=EDGE_CURVE('',#1182,#1183,#764,.T.);
#1445=EDGE_CURVE('',#1184,#1182,#765,.T.);
#1446=EDGE_CURVE('',#1185,#1184,#766,.T.);
#1447=EDGE_CURVE('',#1183,#1185,#767,.T.);
#1448=EDGE_CURVE('',#1186,#1187,#768,.T.);
#1449=EDGE_CURVE('',#1188,#1186,#769,.T.);
#1450=EDGE_CURVE('',#1189,#1188,#770,.T.);
#1451=EDGE_CURVE('',#1187,#1189,#771,.T.);
#1452=EDGE_CURVE('',#1190,#1182,#772,.T.);
#1453=EDGE_CURVE('',#1190,#1191,#773,.T.);
#1454=EDGE_CURVE('',#1184,#1191,#774,.T.);
#1455=EDGE_CURVE('',#1192,#1186,#775,.T.);
#1456=EDGE_CURVE('',#1192,#1193,#776,.T.);
#1457=EDGE_CURVE('',#1188,#1193,#777,.T.);
#1458=EDGE_CURVE('',#1194,#1195,#778,.T.);
#1459=EDGE_CURVE('',#1194,#1196,#779,.T.);
#1460=EDGE_CURVE('',#1197,#1196,#780,.T.);
#1461=EDGE_CURVE('',#1197,#1195,#781,.T.);
#1462=EDGE_CURVE('',#1198,#1199,#782,.T.);
#1463=EDGE_CURVE('',#1198,#1200,#783,.T.);
#1464=EDGE_CURVE('',#1201,#1200,#784,.T.);
#1465=EDGE_CURVE('',#1201,#1199,#785,.T.);
#1466=EDGE_CURVE('',#1195,#1202,#786,.T.);
#1467=EDGE_CURVE('',#1203,#1197,#787,.T.);
#1468=EDGE_CURVE('',#1202,#1203,#788,.T.);
#1469=EDGE_CURVE('',#1204,#1198,#789,.T.);
#1470=EDGE_CURVE('',#1205,#1204,#790,.T.);
#1471=EDGE_CURVE('',#1200,#1205,#791,.T.);
#1472=EDGE_CURVE('',#1206,#1207,#792,.T.);
#1473=EDGE_CURVE('',#1206,#1208,#793,.T.);
#1474=EDGE_CURVE('',#1209,#1208,#794,.T.);
#1475=EDGE_CURVE('',#1209,#1207,#795,.T.);
#1476=EDGE_CURVE('',#1210,#1211,#796,.T.);
#1477=EDGE_CURVE('',#1210,#1212,#797,.T.);
#1478=EDGE_CURVE('',#1213,#1212,#798,.T.);
#1479=EDGE_CURVE('',#1213,#1211,#799,.T.);
#1480=EDGE_CURVE('',#1207,#1214,#800,.T.);
#1481=EDGE_CURVE('',#1215,#1209,#801,.T.);
#1482=EDGE_CURVE('',#1214,#1215,#802,.T.);
#1483=EDGE_CURVE('',#1216,#1210,#803,.T.);
#1484=EDGE_CURVE('',#1217,#1216,#804,.T.);
#1485=EDGE_CURVE('',#1212,#1217,#805,.T.);
#1486=EDGE_CURVE('',#1218,#1219,#806,.T.);
#1487=EDGE_CURVE('',#1218,#1220,#807,.T.);
#1488=EDGE_CURVE('',#1221,#1220,#808,.T.);
#1489=EDGE_CURVE('',#1221,#1219,#809,.T.);
#1490=EDGE_CURVE('',#1222,#1223,#810,.T.);
#1491=EDGE_CURVE('',#1222,#1224,#811,.T.);
#1492=EDGE_CURVE('',#1225,#1224,#812,.T.);
#1493=EDGE_CURVE('',#1225,#1223,#813,.T.);
#1494=EDGE_CURVE('',#1219,#1226,#814,.T.);
#1495=EDGE_CURVE('',#1227,#1221,#815,.T.);
#1496=EDGE_CURVE('',#1226,#1227,#816,.T.);
#1497=EDGE_CURVE('',#1228,#1222,#817,.T.);
#1498=EDGE_CURVE('',#1229,#1228,#818,.T.);
#1499=EDGE_CURVE('',#1224,#1229,#819,.T.);
#1500=EDGE_CURVE('',#1189,#1193,#145,.T.);
#1501=EDGE_CURVE('',#1192,#1187,#146,.T.);
#1502=EDGE_CURVE('',#1185,#1191,#147,.T.);
#1503=EDGE_CURVE('',#1190,#1183,#148,.T.);
#1504=EDGE_CURVE('',#1230,#1231,#149,.T.);
#1505=EDGE_CURVE('',#1232,#1230,#820,.T.);
#1506=EDGE_CURVE('',#1231,#1232,#821,.T.);
#1507=EDGE_CURVE('',#1201,#1205,#150,.T.);
#1508=EDGE_CURVE('',#1204,#1199,#151,.T.);
#1509=EDGE_CURVE('',#1175,#1177,#152,.T.);
#1510=EDGE_CURVE('',#1233,#1234,#153,.T.);
#1511=EDGE_CURVE('',#1235,#1233,#822,.T.);
#1512=EDGE_CURVE('',#1234,#1235,#823,.T.);
#1513=EDGE_CURVE('',#1203,#1196,#154,.T.);
#1514=EDGE_CURVE('',#1213,#1217,#155,.T.);
#1515=EDGE_CURVE('',#1216,#1211,#156,.T.);
#1516=EDGE_CURVE('',#1236,#1237,#157,.T.);
#1517=EDGE_CURVE('',#1238,#1236,#824,.T.);
#1518=EDGE_CURVE('',#1237,#1238,#825,.T.);
#1519=EDGE_CURVE('',#1215,#1208,#158,.T.);
#1520=EDGE_CURVE('',#1239,#1240,#826,.T.);
#1521=EDGE_CURVE('',#1241,#1239,#159,.T.);
#1522=EDGE_CURVE('',#1242,#1241,#827,.T.);
#1523=EDGE_CURVE('',#1243,#1242,#160,.T.);
#1524=EDGE_CURVE('',#1244,#1243,#828,.T.);
#1525=EDGE_CURVE('',#1245,#1244,#829,.T.);
#1526=EDGE_CURVE('',#1240,#1245,#830,.T.);
#1527=EDGE_CURVE('',#1228,#1223,#161,.T.);
#1528=EDGE_CURVE('',#1225,#1229,#162,.T.);
#1529=EDGE_CURVE('',#1246,#1247,#831,.T.);
#1530=EDGE_CURVE('',#1248,#1246,#163,.T.);
#1531=EDGE_CURVE('',#1249,#1248,#832,.T.);
#1532=EDGE_CURVE('',#1250,#1249,#833,.T.);
#1533=EDGE_CURVE('',#1251,#1250,#834,.T.);
#1534=EDGE_CURVE('',#1252,#1251,#835,.T.);
#1535=EDGE_CURVE('',#1247,#1252,#164,.T.);
#1536=EDGE_CURVE('',#1194,#1202,#165,.T.);
#1537=EDGE_CURVE('',#1206,#1214,#166,.T.);
#1538=EDGE_CURVE('',#1218,#1226,#167,.T.);
#1539=EDGE_CURVE('',#1253,#1254,#168,.T.);
#1540=EDGE_CURVE('',#1255,#1253,#836,.T.);
#1541=EDGE_CURVE('',#1254,#1255,#837,.T.);
#1542=EDGE_CURVE('',#1227,#1220,#169,.T.);
#1543=EDGE_CURVE('',#1256,#1257,#838,.T.);
#1544=EDGE_CURVE('',#1256,#1232,#839,.T.);
#1545=EDGE_CURVE('',#1230,#1257,#840,.T.);
#1546=EDGE_CURVE('',#1258,#1256,#841,.T.);
#1547=EDGE_CURVE('',#1231,#1258,#842,.T.);
#1548=EDGE_CURVE('',#1259,#1260,#843,.T.);
#1549=EDGE_CURVE('',#1259,#1235,#844,.T.);
#1550=EDGE_CURVE('',#1233,#1260,#845,.T.);
#1551=EDGE_CURVE('',#1261,#1259,#846,.T.);
#1552=EDGE_CURVE('',#1234,#1261,#847,.T.);
#1553=EDGE_CURVE('',#1262,#1263,#848,.T.);
#1554=EDGE_CURVE('',#1262,#1238,#849,.T.);
#1555=EDGE_CURVE('',#1236,#1263,#850,.T.);
#1556=EDGE_CURVE('',#1264,#1262,#851,.T.);
#1557=EDGE_CURVE('',#1237,#1264,#852,.T.);
#1558=EDGE_CURVE('',#1265,#1266,#853,.T.);
#1559=EDGE_CURVE('',#1265,#1255,#854,.T.);
#1560=EDGE_CURVE('',#1253,#1266,#855,.T.);
#1561=EDGE_CURVE('',#1267,#1265,#856,.T.);
#1562=EDGE_CURVE('',#1254,#1267,#857,.T.);
#1563=EDGE_CURVE('',#1257,#1258,#170,.T.);
#1564=EDGE_CURVE('',#1260,#1261,#171,.T.);
#1565=EDGE_CURVE('',#1263,#1264,#172,.T.);
#1566=EDGE_CURVE('',#1266,#1267,#173,.T.);
#1567=EDGE_CURVE('',#1268,#1269,#858,.T.);
#1568=EDGE_CURVE('',#1270,#1268,#174,.T.);
#1569=EDGE_CURVE('',#1271,#1270,#859,.T.);
#1570=EDGE_CURVE('',#1269,#1271,#860,.T.);
#1571=EDGE_CURVE('',#1272,#1273,#175,.T.);
#1572=EDGE_CURVE('',#1273,#1246,#176,.T.);
#1573=EDGE_CURVE('',#1246,#1272,#177,.T.);
#1574=EDGE_CURVE('',#1274,#1275,#178,.T.);
#1575=EDGE_CURVE('',#1275,#1276,#55,.T.);
#1576=EDGE_CURVE('',#1276,#1277,#179,.T.);
#1577=EDGE_CURVE('',#1277,#1274,#56,.T.);
#1578=EDGE_CURVE('',#1274,#1278,#57,.T.);
#1579=EDGE_CURVE('',#1278,#1279,#180,.T.);
#1580=EDGE_CURVE('',#1279,#1275,#58,.T.);
#1581=EDGE_CURVE('',#1280,#1281,#181,.T.);
#1582=EDGE_CURVE('',#1281,#1279,#182,.T.);
#1583=EDGE_CURVE('',#1278,#1280,#183,.T.);
#1584=EDGE_CURVE('',#1282,#1283,#184,.T.);
#1585=EDGE_CURVE('',#1283,#1281,#59,.T.);
#1586=EDGE_CURVE('',#1280,#1282,#60,.T.);
#1587=EDGE_CURVE('',#1282,#1284,#61,.T.);
#1588=EDGE_CURVE('',#1284,#1285,#185,.T.);
#1589=EDGE_CURVE('',#1285,#1283,#62,.T.);
#1590=EDGE_CURVE('',#1276,#1273,#861,.T.);
#1591=EDGE_CURVE('',#1272,#1277,#862,.T.);
#1592=EDGE_CURVE('',#1284,#1286,#863,.T.);
#1593=EDGE_CURVE('',#1286,#1287,#186,.T.);
#1594=EDGE_CURVE('',#1287,#1285,#864,.T.);
#1595=EDGE_CURVE('',#1286,#1248,#187,.T.);
#1596=EDGE_CURVE('',#1248,#1287,#188,.T.);
#1597=EDGE_CURVE('',#1280,#1288,#865,.T.);
#1598=EDGE_CURVE('',#1288,#1289,#189,.F.);
#1599=EDGE_CURVE('',#1289,#1284,#866,.T.);
#1600=EDGE_CURVE('',#1290,#1278,#867,.T.);
#1601=EDGE_CURVE('',#1291,#1290,#190,.T.);
#1602=EDGE_CURVE('',#1288,#1291,#868,.T.);
#1603=EDGE_CURVE('',#1277,#1292,#869,.T.);
#1604=EDGE_CURVE('',#1292,#1290,#63,.F.);
#1605=EDGE_CURVE('',#1293,#1272,#870,.T.);
#1606=EDGE_CURVE('',#1294,#1293,#64,.T.);
#1607=EDGE_CURVE('',#1292,#1294,#871,.T.);
#1608=EDGE_CURVE('',#1293,#1247,#191,.T.);
#1609=EDGE_CURVE('',#1295,#1295,#192,.T.);
#1610=EDGE_CURVE('',#1295,#1296,#193,.T.);
#1611=EDGE_CURVE('',#1296,#1275,#194,.T.);
#1612=EDGE_CURVE('',#1283,#1296,#195,.T.);
#1613=EDGE_CURVE('',#1297,#1298,#196,.T.);
#1614=EDGE_CURVE('',#1289,#1298,#197,.T.);
#1615=EDGE_CURVE('',#1297,#1288,#198,.T.);
#1616=EDGE_CURVE('',#1299,#1292,#199,.T.);
#1617=EDGE_CURVE('',#1299,#1300,#65,.T.);
#1618=EDGE_CURVE('',#1290,#1300,#200,.T.);
#1619=EDGE_CURVE('',#1286,#1301,#872,.T.);
#1620=EDGE_CURVE('',#1301,#1249,#201,.T.);
#1621=EDGE_CURVE('',#1273,#1287,#202,.T.);
#1622=EDGE_CURVE('',#1294,#1302,#203,.T.);
#1623=EDGE_CURVE('',#1302,#1299,#873,.T.);
#1624=EDGE_CURVE('',#1247,#1302,#66,.T.);
#1625=EDGE_CURVE('',#1303,#1304,#204,.T.);
#1626=EDGE_CURVE('',#1304,#1249,#205,.T.);
#1627=EDGE_CURVE('',#1301,#1303,#206,.T.);
#1628=EDGE_CURVE('',#1298,#1304,#874,.T.);
#1629=EDGE_CURVE('',#1303,#1289,#875,.T.);
#1630=EDGE_CURVE('',#1291,#1305,#207,.T.);
#1631=EDGE_CURVE('',#1305,#1297,#876,.T.);
#1632=EDGE_CURVE('',#1300,#1305,#208,.T.);
#1633=EDGE_CURVE('',#1306,#1302,#209,.T.);
#1634=EDGE_CURVE('',#1306,#1307,#877,.T.);
#1635=EDGE_CURVE('',#1308,#1307,#210,.T.);
#1636=EDGE_CURVE('',#1305,#1308,#878,.T.);
#1637=EDGE_CURVE('',#1306,#1252,#211,.T.);
#1638=EDGE_CURVE('',#1309,#1310,#212,.T.);
#1639=EDGE_CURVE('',#1310,#1311,#16,.T.);
#1640=EDGE_CURVE('',#1311,#1309,#17,.T.);
#1641=EDGE_CURVE('',#1312,#1313,#213,.T.);
#1642=EDGE_CURVE('',#1313,#1310,#879,.T.);
#1643=EDGE_CURVE('',#1309,#1312,#880,.T.);
#1644=EDGE_CURVE('',#1312,#1314,#67,.T.);
#1645=EDGE_CURVE('',#1314,#1315,#214,.T.);
#1646=EDGE_CURVE('',#1315,#1313,#68,.T.);
#1647=EDGE_CURVE('',#1316,#1317,#69,.T.);
#1648=EDGE_CURVE('',#1317,#1318,#70,.T.);
#1649=EDGE_CURVE('',#1318,#1316,#215,.T.);
#1650=EDGE_CURVE('',#1318,#1315,#71,.T.);
#1651=EDGE_CURVE('',#1314,#1316,#72,.T.);
#1652=EDGE_CURVE('',#1319,#1315,#881,.T.);
#1653=EDGE_CURVE('',#1320,#1319,#882,.T.);
#1654=EDGE_CURVE('',#1321,#1320,#216,.T.);
#1655=EDGE_CURVE('',#1310,#1321,#883,.T.);
#1656=EDGE_CURVE('',#1318,#1322,#217,.T.);
#1657=EDGE_CURVE('',#1322,#1323,#884,.T.);
#1658=EDGE_CURVE('',#1323,#1319,#218,.F.);
#1659=EDGE_CURVE('',#1317,#1322,#73,.T.);
#1660=EDGE_CURVE('',#1324,#1325,#219,.T.);
#1661=EDGE_CURVE('',#1325,#1326,#74,.T.);
#1662=EDGE_CURVE('',#1326,#1324,#75,.T.);
#1663=EDGE_CURVE('',#1327,#1328,#220,.T.);
#1664=EDGE_CURVE('',#1328,#1325,#221,.T.);
#1665=EDGE_CURVE('',#1324,#1327,#222,.T.);
#1666=EDGE_CURVE('',#1329,#1330,#223,.T.);
#1667=EDGE_CURVE('',#1330,#1328,#885,.T.);
#1668=EDGE_CURVE('',#1327,#1329,#886,.T.);
#1669=EDGE_CURVE('',#1329,#1331,#76,.T.);
#1670=EDGE_CURVE('',#1331,#1332,#224,.T.);
#1671=EDGE_CURVE('',#1332,#1330,#77,.T.);
#1672=EDGE_CURVE('',#1333,#1334,#225,.T.);
#1673=EDGE_CURVE('',#1334,#1335,#78,.T.);
#1674=EDGE_CURVE('',#1335,#1333,#79,.T.);
#1675=EDGE_CURVE('',#1333,#1332,#80,.T.);
#1676=EDGE_CURVE('',#1331,#1334,#81,.T.);
#1677=EDGE_CURVE('',#1336,#1309,#887,.T.);
#1678=EDGE_CURVE('',#1325,#1336,#226,.T.);
#1679=EDGE_CURVE('',#1312,#1330,#227,.T.);
#1680=EDGE_CURVE('',#1335,#1337,#228,.T.);
#1681=EDGE_CURVE('',#1337,#1317,#229,.T.);
#1682=EDGE_CURVE('',#1338,#1334,#230,.T.);
#1683=EDGE_CURVE('',#1338,#1335,#82,.T.);
#1684=EDGE_CURVE('',#1239,#1323,#231,.F.);
#1685=EDGE_CURVE('',#1319,#1239,#232,.F.);
#1686=EDGE_CURVE('',#1321,#1339,#233,.T.);
#1687=EDGE_CURVE('',#1339,#1311,#888,.T.);
#1688=EDGE_CURVE('',#1336,#1340,#234,.T.);
#1689=EDGE_CURVE('',#1340,#1326,#235,.T.);
#1690=EDGE_CURVE('',#1341,#1342,#236,.F.);
#1691=EDGE_CURVE('',#1241,#1341,#237,.F.);
#1692=EDGE_CURVE('',#1342,#1241,#238,.F.);
#1693=EDGE_CURVE('',#1343,#1242,#239,.T.);
#1694=EDGE_CURVE('',#1341,#1343,#889,.T.);
#1695=EDGE_CURVE('',#1344,#1345,#240,.T.);
#1696=EDGE_CURVE('',#1345,#1242,#83,.T.);
#1697=EDGE_CURVE('',#1343,#1344,#84,.T.);
#1698=EDGE_CURVE('',#1326,#1345,#890,.T.);
#1699=EDGE_CURVE('',#1344,#1327,#891,.T.);
#1700=EDGE_CURVE('',#1323,#1342,#241,.T.);
#1701=EDGE_CURVE('',#1331,#1341,#892,.T.);
#1702=EDGE_CURVE('',#1342,#1338,#893,.T.);
#1703=EDGE_CURVE('',#1311,#1340,#894,.T.);
#1704=EDGE_CURVE('',#1320,#1240,#242,.T.);
#1705=EDGE_CURVE('',#1240,#1339,#243,.T.);
#1706=EDGE_CURVE('',#1346,#1245,#244,.T.);
#1707=EDGE_CURVE('',#1346,#1339,#895,.T.);
#1708=EDGE_CURVE('',#1338,#1322,#245,.T.);
#1709=EDGE_CURVE('',#1347,#1347,#246,.T.);
#1710=EDGE_CURVE('',#1347,#1337,#15,.T.);
#1711=EDGE_CURVE('',#1304,#1348,#896,.T.);
#1712=EDGE_CURVE('',#1348,#1250,#247,.T.);
#1713=EDGE_CURVE('',#1349,#1308,#897,.T.);
#1714=EDGE_CURVE('',#1350,#1349,#248,.T.);
#1715=EDGE_CURVE('',#1351,#1350,#898,.T.);
#1716=EDGE_CURVE('',#1352,#1351,#899,.T.);
#1717=EDGE_CURVE('',#1353,#1352,#900,.T.);
#1718=EDGE_CURVE('',#1353,#1340,#901,.T.);
#1719=EDGE_CURVE('',#1354,#1346,#249,.T.);
#1720=EDGE_CURVE('',#1355,#1354,#902,.T.);
#1721=EDGE_CURVE('',#1348,#1355,#250,.T.);
#1722=EDGE_CURVE('',#1356,#1357,#251,.T.);
#1723=EDGE_CURVE('',#1357,#1358,#903,.T.);
#1724=EDGE_CURVE('',#1358,#1359,#18,.F.);
#1725=EDGE_CURVE('',#1359,#1356,#904,.T.);
#1726=EDGE_CURVE('',#1360,#1352,#19,.T.);
#1727=EDGE_CURVE('',#1351,#1356,#252,.T.);
#1728=EDGE_CURVE('',#1356,#1361,#905,.T.);
#1729=EDGE_CURVE('',#1361,#1360,#20,.T.);
#1730=EDGE_CURVE('',#1351,#1357,#253,.T.);
#1731=EDGE_CURVE('',#1358,#1362,#906,.T.);
#1732=EDGE_CURVE('',#1363,#1357,#907,.T.);
#1733=EDGE_CURVE('',#1364,#1363,#908,.T.);
#1734=EDGE_CURVE('',#1365,#1364,#909,.T.);
#1735=EDGE_CURVE('',#1366,#1365,#910,.T.);
#1736=EDGE_CURVE('',#1366,#1367,#911,.T.);
#1737=EDGE_CURVE('',#1362,#1367,#912,.T.);
#1738=EDGE_CURVE('',#1363,#1350,#254,.T.);
#1739=EDGE_CURVE('',#1367,#1368,#255,.T.);
#1740=EDGE_CURVE('',#1368,#1369,#913,.T.);
#1741=EDGE_CURVE('',#1369,#1362,#21,.T.);
#1742=EDGE_CURVE('',#1370,#1371,#256,.T.);
#1743=EDGE_CURVE('',#1371,#1368,#257,.T.);
#1744=EDGE_CURVE('',#1367,#1370,#258,.T.);
#1745=EDGE_CURVE('',#1372,#1371,#914,.T.);
#1746=EDGE_CURVE('',#1370,#1373,#915,.T.);
#1747=EDGE_CURVE('',#1373,#1372,#22,.T.);
#1748=EDGE_CURVE('',#1373,#1374,#916,.T.);
#1749=EDGE_CURVE('',#1374,#1375,#23,.T.);
#1750=EDGE_CURVE('',#1375,#1376,#24,.T.);
#1751=EDGE_CURVE('',#1376,#1377,#917,.T.);
#1752=EDGE_CURVE('',#1377,#1372,#25,.T.);
#1753=EDGE_CURVE('',#1361,#1375,#918,.T.);
#1754=EDGE_CURVE('',#1374,#1378,#919,.T.);
#1755=EDGE_CURVE('',#1378,#1360,#85,.T.);
#1756=EDGE_CURVE('',#1379,#1380,#920,.T.);
#1757=EDGE_CURVE('',#1380,#1359,#26,.F.);
#1758=EDGE_CURVE('',#1369,#1379,#27,.T.);
#1759=EDGE_CURVE('',#1376,#1380,#921,.T.);
#1760=EDGE_CURVE('',#1378,#1181,#28,.T.);
#1761=EDGE_CURVE('',#1180,#1353,#259,.T.);
#1762=EDGE_CURVE('',#1381,#1370,#922,.T.);
#1763=EDGE_CURVE('',#1382,#1381,#923,.T.);
#1764=EDGE_CURVE('',#1179,#1382,#924,.T.);
#1765=EDGE_CURVE('',#1381,#1366,#29,.T.);
#1766=EDGE_CURVE('',#1383,#1382,#260,.F.);
#1767=EDGE_CURVE('',#1384,#1383,#261,.F.);
#1768=EDGE_CURVE('',#1382,#1384,#262,.F.);
#1769=EDGE_CURVE('',#1385,#1386,#263,.F.);
#1770=EDGE_CURVE('',#1365,#1385,#264,.F.);
#1771=EDGE_CURVE('',#1386,#1365,#265,.F.);
#1772=EDGE_CURVE('',#1381,#1387,#266,.T.);
#1773=EDGE_CURVE('',#1387,#1383,#925,.T.);
#1774=EDGE_CURVE('',#1366,#1388,#267,.T.);
#1775=EDGE_CURVE('',#1388,#1387,#30,.T.);
#1776=EDGE_CURVE('',#1385,#1388,#926,.T.);
#1777=EDGE_CURVE('',#1364,#1389,#268,.T.);
#1778=EDGE_CURVE('',#1389,#1386,#927,.T.);
#1779=EDGE_CURVE('',#1271,#1390,#269,.T.);
#1780=EDGE_CURVE('',#1390,#1389,#270,.T.);
#1781=EDGE_CURVE('',#1364,#1271,#271,.T.);
#1782=EDGE_CURVE('',#1270,#1307,#272,.T.);
#1783=EDGE_CURVE('',#1307,#1390,#928,.T.);
#1784=EDGE_CURVE('',#1268,#1308,#273,.T.);
#1785=EDGE_CURVE('',#1269,#1349,#274,.T.);
#1786=EDGE_CURVE('',#1269,#1363,#275,.T.);
#1787=EDGE_CURVE('',#1386,#1384,#929,.T.);
#1788=EDGE_CURVE('',#1383,#1385,#930,.T.);
#1789=EDGE_CURVE('',#1384,#1391,#931,.T.);
#1790=EDGE_CURVE('',#1391,#1179,#31,.T.);
#1791=EDGE_CURVE('',#1178,#1392,#276,.T.);
#1792=EDGE_CURVE('',#1392,#1353,#277,.T.);
#1793=EDGE_CURVE('',#1391,#1392,#932,.T.);
#1794=EDGE_CURVE('',#1244,#1393,#278,.T.);
#1795=EDGE_CURVE('',#1393,#1394,#279,.T.);
#1796=EDGE_CURVE('',#1394,#1395,#280,.T.);
#1797=EDGE_CURVE('',#1395,#1244,#281,.T.);
#1798=EDGE_CURVE('',#1396,#1397,#282,.T.);
#1799=EDGE_CURVE('',#1397,#1395,#933,.T.);
#1800=EDGE_CURVE('',#1394,#1396,#934,.T.);
#1801=EDGE_CURVE('',#1398,#1251,#283,.T.);
#1802=EDGE_CURVE('',#1251,#1397,#284,.T.);
#1803=EDGE_CURVE('',#1396,#1398,#285,.T.);
#1804=EDGE_CURVE('',#1398,#1306,#935,.T.);
#1805=EDGE_CURVE('',#1355,#1399,#286,.T.);
#1806=EDGE_CURVE('',#1399,#1250,#287,.T.);
#1807=EDGE_CURVE('',#1354,#1400,#288,.T.);
#1808=EDGE_CURVE('',#1400,#1399,#936,.T.);
#1809=EDGE_CURVE('',#1245,#1400,#289,.T.);
#1810=EDGE_CURVE('',#1345,#1401,#290,.T.);
#1811=EDGE_CURVE('',#1401,#1243,#291,.T.);
#1812=EDGE_CURVE('',#1401,#1393,#937,.T.);
#1813=EDGE_CURVE('',#1392,#1401,#938,.T.);
#1814=EDGE_CURVE('',#1395,#1400,#939,.T.);
#1815=EDGE_CURVE('',#1399,#1397,#940,.T.);
#1816=EDGE_CURVE('',#1377,#1379,#941,.T.);
#1817=ORIENTED_EDGE('',*,*,#1402,.F.);
#1818=ORIENTED_EDGE('',*,*,#1403,.T.);
#1819=ORIENTED_EDGE('',*,*,#1404,.T.);
#1820=ORIENTED_EDGE('',*,*,#1405,.T.);
#1821=ORIENTED_EDGE('',*,*,#1406,.F.);
#1822=ORIENTED_EDGE('',*,*,#1407,.F.);
#1823=ORIENTED_EDGE('',*,*,#1408,.T.);
#1824=ORIENTED_EDGE('',*,*,#1403,.F.);
#1825=ORIENTED_EDGE('',*,*,#1409,.F.);
#1826=ORIENTED_EDGE('',*,*,#1410,.T.);
#1827=ORIENTED_EDGE('',*,*,#1411,.F.);
#1828=ORIENTED_EDGE('',*,*,#1412,.F.);
#1829=ORIENTED_EDGE('',*,*,#1413,.F.);
#1830=ORIENTED_EDGE('',*,*,#1414,.T.);
#1831=ORIENTED_EDGE('',*,*,#1415,.T.);
#1832=ORIENTED_EDGE('',*,*,#1416,.T.);
#1833=ORIENTED_EDGE('',*,*,#1417,.F.);
#1834=ORIENTED_EDGE('',*,*,#1411,.T.);
#1835=ORIENTED_EDGE('',*,*,#1418,.T.);
#1836=ORIENTED_EDGE('',*,*,#1414,.F.);
#1837=ORIENTED_EDGE('',*,*,#1419,.F.);
#1838=ORIENTED_EDGE('',*,*,#1420,.T.);
#1839=ORIENTED_EDGE('',*,*,#1421,.T.);
#1840=ORIENTED_EDGE('',*,*,#1422,.T.);
#1841=ORIENTED_EDGE('',*,*,#1423,.F.);
#1842=ORIENTED_EDGE('',*,*,#1424,.T.);
#1843=ORIENTED_EDGE('',*,*,#1425,.T.);
#1844=ORIENTED_EDGE('',*,*,#1420,.F.);
#1845=ORIENTED_EDGE('',*,*,#1426,.F.);
#1846=ORIENTED_EDGE('',*,*,#1427,.T.);
#1847=ORIENTED_EDGE('',*,*,#1428,.T.);
#1848=ORIENTED_EDGE('',*,*,#1429,.F.);
#1849=ORIENTED_EDGE('',*,*,#1430,.F.);
#1850=ORIENTED_EDGE('',*,*,#1431,.F.);
#1851=ORIENTED_EDGE('',*,*,#1432,.T.);
#1852=ORIENTED_EDGE('',*,*,#1427,.F.);
#1853=ORIENTED_EDGE('',*,*,#1407,.T.);
#1854=ORIENTED_EDGE('',*,*,#1433,.T.);
#1855=ORIENTED_EDGE('',*,*,#1405,.F.);
#1856=ORIENTED_EDGE('',*,*,#1434,.T.);
#1857=ORIENTED_EDGE('',*,*,#1409,.T.);
#1858=ORIENTED_EDGE('',*,*,#1435,.T.);
#1859=ORIENTED_EDGE('',*,*,#1416,.F.);
#1860=ORIENTED_EDGE('',*,*,#1436,.T.);
#1861=ORIENTED_EDGE('',*,*,#1422,.F.);
#1862=ORIENTED_EDGE('',*,*,#1437,.T.);
#1863=ORIENTED_EDGE('',*,*,#1424,.F.);
#1864=ORIENTED_EDGE('',*,*,#1438,.T.);
#1865=ORIENTED_EDGE('',*,*,#1439,.F.);
#1866=ORIENTED_EDGE('',*,*,#1440,.F.);
#1867=ORIENTED_EDGE('',*,*,#1441,.F.);
#1868=ORIENTED_EDGE('',*,*,#1442,.F.);
#1869=ORIENTED_EDGE('',*,*,#1406,.T.);
#1870=ORIENTED_EDGE('',*,*,#1402,.T.);
#1871=ORIENTED_EDGE('',*,*,#1433,.F.);
#1872=ORIENTED_EDGE('',*,*,#1430,.T.);
#1873=ORIENTED_EDGE('',*,*,#1426,.T.);
#1874=ORIENTED_EDGE('',*,*,#1443,.F.);
#1875=ORIENTED_EDGE('',*,*,#1412,.T.);
#1876=ORIENTED_EDGE('',*,*,#1417,.T.);
#1877=ORIENTED_EDGE('',*,*,#1413,.T.);
#1878=ORIENTED_EDGE('',*,*,#1435,.F.);
#1879=ORIENTED_EDGE('',*,*,#1419,.T.);
#1880=ORIENTED_EDGE('',*,*,#1438,.F.);
#1881=ORIENTED_EDGE('',*,*,#1423,.T.);
#1882=ORIENTED_EDGE('',*,*,#1444,.F.);
#1883=ORIENTED_EDGE('',*,*,#1445,.F.);
#1884=ORIENTED_EDGE('',*,*,#1446,.F.);
#1885=ORIENTED_EDGE('',*,*,#1447,.F.);
#1886=ORIENTED_EDGE('',*,*,#1448,.F.);
#1887=ORIENTED_EDGE('',*,*,#1449,.F.);
#1888=ORIENTED_EDGE('',*,*,#1450,.F.);
#1889=ORIENTED_EDGE('',*,*,#1451,.F.);
#1890=ORIENTED_EDGE('',*,*,#1452,.F.);
#1891=ORIENTED_EDGE('',*,*,#1453,.T.);
#1892=ORIENTED_EDGE('',*,*,#1454,.F.);
#1893=ORIENTED_EDGE('',*,*,#1445,.T.);
#1894=ORIENTED_EDGE('',*,*,#1455,.F.);
#1895=ORIENTED_EDGE('',*,*,#1456,.T.);
#1896=ORIENTED_EDGE('',*,*,#1457,.F.);
#1897=ORIENTED_EDGE('',*,*,#1449,.T.);
#1898=ORIENTED_EDGE('',*,*,#1458,.F.);
#1899=ORIENTED_EDGE('',*,*,#1459,.T.);
#1900=ORIENTED_EDGE('',*,*,#1460,.F.);
#1901=ORIENTED_EDGE('',*,*,#1461,.T.);
#1902=ORIENTED_EDGE('',*,*,#1462,.F.);
#1903=ORIENTED_EDGE('',*,*,#1463,.T.);
#1904=ORIENTED_EDGE('',*,*,#1464,.F.);
#1905=ORIENTED_EDGE('',*,*,#1465,.T.);
#1906=ORIENTED_EDGE('',*,*,#1466,.F.);
#1907=ORIENTED_EDGE('',*,*,#1461,.F.);
#1908=ORIENTED_EDGE('',*,*,#1467,.F.);
#1909=ORIENTED_EDGE('',*,*,#1468,.F.);
#1910=ORIENTED_EDGE('',*,*,#1469,.F.);
#1911=ORIENTED_EDGE('',*,*,#1470,.F.);
#1912=ORIENTED_EDGE('',*,*,#1471,.F.);
#1913=ORIENTED_EDGE('',*,*,#1463,.F.);
#1914=ORIENTED_EDGE('',*,*,#1472,.F.);
#1915=ORIENTED_EDGE('',*,*,#1473,.T.);
#1916=ORIENTED_EDGE('',*,*,#1474,.F.);
#1917=ORIENTED_EDGE('',*,*,#1475,.T.);
#1918=ORIENTED_EDGE('',*,*,#1476,.F.);
#1919=ORIENTED_EDGE('',*,*,#1477,.T.);
#1920=ORIENTED_EDGE('',*,*,#1478,.F.);
#1921=ORIENTED_EDGE('',*,*,#1479,.T.);
#1922=ORIENTED_EDGE('',*,*,#1480,.F.);
#1923=ORIENTED_EDGE('',*,*,#1475,.F.);
#1924=ORIENTED_EDGE('',*,*,#1481,.F.);
#1925=ORIENTED_EDGE('',*,*,#1482,.F.);
#1926=ORIENTED_EDGE('',*,*,#1483,.F.);
#1927=ORIENTED_EDGE('',*,*,#1484,.F.);
#1928=ORIENTED_EDGE('',*,*,#1485,.F.);
#1929=ORIENTED_EDGE('',*,*,#1477,.F.);
#1930=ORIENTED_EDGE('',*,*,#1486,.F.);
#1931=ORIENTED_EDGE('',*,*,#1487,.T.);
#1932=ORIENTED_EDGE('',*,*,#1488,.F.);
#1933=ORIENTED_EDGE('',*,*,#1489,.T.);
#1934=ORIENTED_EDGE('',*,*,#1490,.F.);
#1935=ORIENTED_EDGE('',*,*,#1491,.T.);
#1936=ORIENTED_EDGE('',*,*,#1492,.F.);
#1937=ORIENTED_EDGE('',*,*,#1493,.T.);
#1938=ORIENTED_EDGE('',*,*,#1494,.F.);
#1939=ORIENTED_EDGE('',*,*,#1489,.F.);
#1940=ORIENTED_EDGE('',*,*,#1495,.F.);
#1941=ORIENTED_EDGE('',*,*,#1496,.F.);
#1942=ORIENTED_EDGE('',*,*,#1497,.F.);
#1943=ORIENTED_EDGE('',*,*,#1498,.F.);
#1944=ORIENTED_EDGE('',*,*,#1499,.F.);
#1945=ORIENTED_EDGE('',*,*,#1491,.F.);
#1946=ORIENTED_EDGE('',*,*,#1451,.T.);
#1947=ORIENTED_EDGE('',*,*,#1500,.T.);
#1948=ORIENTED_EDGE('',*,*,#1456,.F.);
#1949=ORIENTED_EDGE('',*,*,#1501,.T.);
#1950=ORIENTED_EDGE('',*,*,#1447,.T.);
#1951=ORIENTED_EDGE('',*,*,#1502,.T.);
#1952=ORIENTED_EDGE('',*,*,#1453,.F.);
#1953=ORIENTED_EDGE('',*,*,#1503,.T.);
#1954=ORIENTED_EDGE('',*,*,#1504,.F.);
#1955=ORIENTED_EDGE('',*,*,#1505,.F.);
#1956=ORIENTED_EDGE('',*,*,#1506,.F.);
#1957=ORIENTED_EDGE('',*,*,#1446,.T.);
#1958=ORIENTED_EDGE('',*,*,#1454,.T.);
#1959=ORIENTED_EDGE('',*,*,#1502,.F.);
#1960=ORIENTED_EDGE('',*,*,#1465,.F.);
#1961=ORIENTED_EDGE('',*,*,#1507,.T.);
#1962=ORIENTED_EDGE('',*,*,#1470,.T.);
#1963=ORIENTED_EDGE('',*,*,#1508,.T.);
#1964=ORIENTED_EDGE('',*,*,#1509,.F.);
#1965=ORIENTED_EDGE('',*,*,#1428,.F.);
#1966=ORIENTED_EDGE('',*,*,#1432,.F.);
#1967=ORIENTED_EDGE('',*,*,#1464,.T.);
#1968=ORIENTED_EDGE('',*,*,#1471,.T.);
#1969=ORIENTED_EDGE('',*,*,#1507,.F.);
#1970=ORIENTED_EDGE('',*,*,#1510,.F.);
#1971=ORIENTED_EDGE('',*,*,#1511,.F.);
#1972=ORIENTED_EDGE('',*,*,#1512,.F.);
#1973=ORIENTED_EDGE('',*,*,#1467,.T.);
#1974=ORIENTED_EDGE('',*,*,#1460,.T.);
#1975=ORIENTED_EDGE('',*,*,#1513,.F.);
#1976=ORIENTED_EDGE('',*,*,#1479,.F.);
#1977=ORIENTED_EDGE('',*,*,#1514,.T.);
#1978=ORIENTED_EDGE('',*,*,#1484,.T.);
#1979=ORIENTED_EDGE('',*,*,#1515,.T.);
#1980=ORIENTED_EDGE('',*,*,#1434,.F.);
#1981=ORIENTED_EDGE('',*,*,#1404,.F.);
#1982=ORIENTED_EDGE('',*,*,#1408,.F.);
#1983=ORIENTED_EDGE('',*,*,#1478,.T.);
#1984=ORIENTED_EDGE('',*,*,#1485,.T.);
#1985=ORIENTED_EDGE('',*,*,#1514,.F.);
#1986=ORIENTED_EDGE('',*,*,#1516,.F.);
#1987=ORIENTED_EDGE('',*,*,#1517,.F.);
#1988=ORIENTED_EDGE('',*,*,#1518,.F.);
#1989=ORIENTED_EDGE('',*,*,#1481,.T.);
#1990=ORIENTED_EDGE('',*,*,#1474,.T.);
#1991=ORIENTED_EDGE('',*,*,#1519,.F.);
#1992=ORIENTED_EDGE('',*,*,#1520,.F.);
#1993=ORIENTED_EDGE('',*,*,#1521,.F.);
#1994=ORIENTED_EDGE('',*,*,#1522,.F.);
#1995=ORIENTED_EDGE('',*,*,#1523,.F.);
#1996=ORIENTED_EDGE('',*,*,#1524,.F.);
#1997=ORIENTED_EDGE('',*,*,#1525,.F.);
#1998=ORIENTED_EDGE('',*,*,#1526,.F.);
#1999=ORIENTED_EDGE('',*,*,#1450,.T.);
#2000=ORIENTED_EDGE('',*,*,#1457,.T.);
#2001=ORIENTED_EDGE('',*,*,#1500,.F.);
#2002=ORIENTED_EDGE('',*,*,#1490,.T.);
#2003=ORIENTED_EDGE('',*,*,#1527,.F.);
#2004=ORIENTED_EDGE('',*,*,#1497,.T.);
#2005=ORIENTED_EDGE('',*,*,#1476,.T.);
#2006=ORIENTED_EDGE('',*,*,#1515,.F.);
#2007=ORIENTED_EDGE('',*,*,#1483,.T.);
#2008=ORIENTED_EDGE('',*,*,#1462,.T.);
#2009=ORIENTED_EDGE('',*,*,#1508,.F.);
#2010=ORIENTED_EDGE('',*,*,#1469,.T.);
#2011=ORIENTED_EDGE('',*,*,#1493,.F.);
#2012=ORIENTED_EDGE('',*,*,#1528,.T.);
#2013=ORIENTED_EDGE('',*,*,#1498,.T.);
#2014=ORIENTED_EDGE('',*,*,#1527,.T.);
#2015=ORIENTED_EDGE('',*,*,#1437,.F.);
#2016=ORIENTED_EDGE('',*,*,#1421,.F.);
#2017=ORIENTED_EDGE('',*,*,#1425,.F.);
#2018=ORIENTED_EDGE('',*,*,#1492,.T.);
#2019=ORIENTED_EDGE('',*,*,#1499,.T.);
#2020=ORIENTED_EDGE('',*,*,#1528,.F.);
#2021=ORIENTED_EDGE('',*,*,#1529,.F.);
#2022=ORIENTED_EDGE('',*,*,#1530,.F.);
#2023=ORIENTED_EDGE('',*,*,#1531,.F.);
#2024=ORIENTED_EDGE('',*,*,#1532,.F.);
#2025=ORIENTED_EDGE('',*,*,#1533,.F.);
#2026=ORIENTED_EDGE('',*,*,#1534,.F.);
#2027=ORIENTED_EDGE('',*,*,#1535,.F.);
#2028=ORIENTED_EDGE('',*,*,#1458,.T.);
#2029=ORIENTED_EDGE('',*,*,#1466,.T.);
#2030=ORIENTED_EDGE('',*,*,#1536,.F.);
#2031=ORIENTED_EDGE('',*,*,#1472,.T.);
#2032=ORIENTED_EDGE('',*,*,#1480,.T.);
#2033=ORIENTED_EDGE('',*,*,#1537,.F.);
#2034=ORIENTED_EDGE('',*,*,#1486,.T.);
#2035=ORIENTED_EDGE('',*,*,#1494,.T.);
#2036=ORIENTED_EDGE('',*,*,#1538,.F.);
#2037=ORIENTED_EDGE('',*,*,#1444,.T.);
#2038=ORIENTED_EDGE('',*,*,#1503,.F.);
#2039=ORIENTED_EDGE('',*,*,#1452,.T.);
#2040=ORIENTED_EDGE('',*,*,#1539,.F.);
#2041=ORIENTED_EDGE('',*,*,#1540,.F.);
#2042=ORIENTED_EDGE('',*,*,#1541,.F.);
#2043=ORIENTED_EDGE('',*,*,#1495,.T.);
#2044=ORIENTED_EDGE('',*,*,#1488,.T.);
#2045=ORIENTED_EDGE('',*,*,#1542,.F.);
#2046=ORIENTED_EDGE('',*,*,#1543,.F.);
#2047=ORIENTED_EDGE('',*,*,#1544,.T.);
#2048=ORIENTED_EDGE('',*,*,#1505,.T.);
#2049=ORIENTED_EDGE('',*,*,#1545,.T.);
#2050=ORIENTED_EDGE('',*,*,#1546,.F.);
#2051=ORIENTED_EDGE('',*,*,#1547,.F.);
#2052=ORIENTED_EDGE('',*,*,#1506,.T.);
#2053=ORIENTED_EDGE('',*,*,#1544,.F.);
#2054=ORIENTED_EDGE('',*,*,#1548,.F.);
#2055=ORIENTED_EDGE('',*,*,#1549,.T.);
#2056=ORIENTED_EDGE('',*,*,#1511,.T.);
#2057=ORIENTED_EDGE('',*,*,#1550,.T.);
#2058=ORIENTED_EDGE('',*,*,#1551,.F.);
#2059=ORIENTED_EDGE('',*,*,#1552,.F.);
#2060=ORIENTED_EDGE('',*,*,#1512,.T.);
#2061=ORIENTED_EDGE('',*,*,#1549,.F.);
#2062=ORIENTED_EDGE('',*,*,#1553,.F.);
#2063=ORIENTED_EDGE('',*,*,#1554,.T.);
#2064=ORIENTED_EDGE('',*,*,#1517,.T.);
#2065=ORIENTED_EDGE('',*,*,#1555,.T.);
#2066=ORIENTED_EDGE('',*,*,#1556,.F.);
#2067=ORIENTED_EDGE('',*,*,#1557,.F.);
#2068=ORIENTED_EDGE('',*,*,#1518,.T.);
#2069=ORIENTED_EDGE('',*,*,#1554,.F.);
#2070=ORIENTED_EDGE('',*,*,#1558,.F.);
#2071=ORIENTED_EDGE('',*,*,#1559,.T.);
#2072=ORIENTED_EDGE('',*,*,#1540,.T.);
#2073=ORIENTED_EDGE('',*,*,#1560,.T.);
#2074=ORIENTED_EDGE('',*,*,#1561,.F.);
#2075=ORIENTED_EDGE('',*,*,#1562,.F.);
#2076=ORIENTED_EDGE('',*,*,#1541,.T.);
#2077=ORIENTED_EDGE('',*,*,#1559,.F.);
#2078=ORIENTED_EDGE('',*,*,#1545,.F.);
#2079=ORIENTED_EDGE('',*,*,#1504,.T.);
#2080=ORIENTED_EDGE('',*,*,#1547,.T.);
#2081=ORIENTED_EDGE('',*,*,#1563,.F.);
#2082=ORIENTED_EDGE('',*,*,#1550,.F.);
#2083=ORIENTED_EDGE('',*,*,#1510,.T.);
#2084=ORIENTED_EDGE('',*,*,#1552,.T.);
#2085=ORIENTED_EDGE('',*,*,#1564,.F.);
#2086=ORIENTED_EDGE('',*,*,#1555,.F.);
#2087=ORIENTED_EDGE('',*,*,#1516,.T.);
#2088=ORIENTED_EDGE('',*,*,#1557,.T.);
#2089=ORIENTED_EDGE('',*,*,#1565,.F.);
#2090=ORIENTED_EDGE('',*,*,#1562,.T.);
#2091=ORIENTED_EDGE('',*,*,#1566,.F.);
#2092=ORIENTED_EDGE('',*,*,#1560,.F.);
#2093=ORIENTED_EDGE('',*,*,#1539,.T.);
#2094=ORIENTED_EDGE('',*,*,#1567,.F.);
#2095=ORIENTED_EDGE('',*,*,#1568,.F.);
#2096=ORIENTED_EDGE('',*,*,#1569,.F.);
#2097=ORIENTED_EDGE('',*,*,#1570,.F.);
#2098=ORIENTED_EDGE('',*,*,#1561,.T.);
#2099=ORIENTED_EDGE('',*,*,#1558,.T.);
#2100=ORIENTED_EDGE('',*,*,#1566,.T.);
#2101=ORIENTED_EDGE('',*,*,#1553,.T.);
#2102=ORIENTED_EDGE('',*,*,#1565,.T.);
#2103=ORIENTED_EDGE('',*,*,#1556,.T.);
#2104=ORIENTED_EDGE('',*,*,#1548,.T.);
#2105=ORIENTED_EDGE('',*,*,#1564,.T.);
#2106=ORIENTED_EDGE('',*,*,#1551,.T.);
#2107=ORIENTED_EDGE('',*,*,#1543,.T.);
#2108=ORIENTED_EDGE('',*,*,#1563,.T.);
#2109=ORIENTED_EDGE('',*,*,#1546,.T.);
#2110=ORIENTED_EDGE('',*,*,#1571,.T.);
#2111=ORIENTED_EDGE('',*,*,#1572,.T.);
#2112=ORIENTED_EDGE('',*,*,#1573,.T.);
#2113=ORIENTED_EDGE('',*,*,#1574,.T.);
#2114=ORIENTED_EDGE('',*,*,#1575,.T.);
#2115=ORIENTED_EDGE('',*,*,#1576,.T.);
#2116=ORIENTED_EDGE('',*,*,#1577,.T.);
#2117=ORIENTED_EDGE('',*,*,#1574,.F.);
#2118=ORIENTED_EDGE('',*,*,#1578,.T.);
#2119=ORIENTED_EDGE('',*,*,#1579,.T.);
#2120=ORIENTED_EDGE('',*,*,#1580,.T.);
#2121=ORIENTED_EDGE('',*,*,#1581,.T.);
#2122=ORIENTED_EDGE('',*,*,#1582,.T.);
#2123=ORIENTED_EDGE('',*,*,#1579,.F.);
#2124=ORIENTED_EDGE('',*,*,#1583,.T.);
#2125=ORIENTED_EDGE('',*,*,#1584,.T.);
#2126=ORIENTED_EDGE('',*,*,#1585,.T.);
#2127=ORIENTED_EDGE('',*,*,#1581,.F.);
#2128=ORIENTED_EDGE('',*,*,#1586,.T.);
#2129=ORIENTED_EDGE('',*,*,#1584,.F.);
#2130=ORIENTED_EDGE('',*,*,#1587,.T.);
#2131=ORIENTED_EDGE('',*,*,#1588,.T.);
#2132=ORIENTED_EDGE('',*,*,#1589,.T.);
#2133=ORIENTED_EDGE('',*,*,#1576,.F.);
#2134=ORIENTED_EDGE('',*,*,#1590,.T.);
#2135=ORIENTED_EDGE('',*,*,#1571,.F.);
#2136=ORIENTED_EDGE('',*,*,#1591,.T.);
#2137=ORIENTED_EDGE('',*,*,#1588,.F.);
#2138=ORIENTED_EDGE('',*,*,#1592,.T.);
#2139=ORIENTED_EDGE('',*,*,#1593,.T.);
#2140=ORIENTED_EDGE('',*,*,#1594,.T.);
#2141=ORIENTED_EDGE('',*,*,#1593,.F.);
#2142=ORIENTED_EDGE('',*,*,#1595,.T.);
#2143=ORIENTED_EDGE('',*,*,#1596,.T.);
#2144=ORIENTED_EDGE('',*,*,#1587,.F.);
#2145=ORIENTED_EDGE('',*,*,#1586,.F.);
#2146=ORIENTED_EDGE('',*,*,#1597,.T.);
#2147=ORIENTED_EDGE('',*,*,#1598,.T.);
#2148=ORIENTED_EDGE('',*,*,#1599,.T.);
#2149=ORIENTED_EDGE('',*,*,#1583,.F.);
#2150=ORIENTED_EDGE('',*,*,#1600,.F.);
#2151=ORIENTED_EDGE('',*,*,#1601,.F.);
#2152=ORIENTED_EDGE('',*,*,#1602,.F.);
#2153=ORIENTED_EDGE('',*,*,#1597,.F.);
#2154=ORIENTED_EDGE('',*,*,#1578,.F.);
#2155=ORIENTED_EDGE('',*,*,#1577,.F.);
#2156=ORIENTED_EDGE('',*,*,#1603,.T.);
#2157=ORIENTED_EDGE('',*,*,#1604,.T.);
#2158=ORIENTED_EDGE('',*,*,#1600,.T.);
#2159=ORIENTED_EDGE('',*,*,#1591,.F.);
#2160=ORIENTED_EDGE('',*,*,#1605,.F.);
#2161=ORIENTED_EDGE('',*,*,#1606,.F.);
#2162=ORIENTED_EDGE('',*,*,#1607,.F.);
#2163=ORIENTED_EDGE('',*,*,#1603,.F.);
#2164=ORIENTED_EDGE('',*,*,#1573,.F.);
#2165=ORIENTED_EDGE('',*,*,#1529,.T.);
#2166=ORIENTED_EDGE('',*,*,#1608,.F.);
#2167=ORIENTED_EDGE('',*,*,#1605,.T.);
#2168=ORIENTED_EDGE('',*,*,#1609,.T.);
#2169=ORIENTED_EDGE('',*,*,#1610,.T.);
#2170=ORIENTED_EDGE('',*,*,#1611,.T.);
#2171=ORIENTED_EDGE('',*,*,#1580,.F.);
#2172=ORIENTED_EDGE('',*,*,#1582,.F.);
#2173=ORIENTED_EDGE('',*,*,#1585,.F.);
#2174=ORIENTED_EDGE('',*,*,#1612,.T.);
#2175=ORIENTED_EDGE('',*,*,#1610,.F.);
#2176=ORIENTED_EDGE('',*,*,#1613,.T.);
#2177=ORIENTED_EDGE('',*,*,#1614,.F.);
#2178=ORIENTED_EDGE('',*,*,#1598,.F.);
#2179=ORIENTED_EDGE('',*,*,#1615,.F.);
#2180=ORIENTED_EDGE('',*,*,#1604,.F.);
#2181=ORIENTED_EDGE('',*,*,#1616,.F.);
#2182=ORIENTED_EDGE('',*,*,#1617,.T.);
#2183=ORIENTED_EDGE('',*,*,#1618,.F.);
#2184=ORIENTED_EDGE('',*,*,#1595,.F.);
#2185=ORIENTED_EDGE('',*,*,#1619,.T.);
#2186=ORIENTED_EDGE('',*,*,#1620,.T.);
#2187=ORIENTED_EDGE('',*,*,#1531,.T.);
#2188=ORIENTED_EDGE('',*,*,#1596,.F.);
#2189=ORIENTED_EDGE('',*,*,#1530,.T.);
#2190=ORIENTED_EDGE('',*,*,#1572,.F.);
#2191=ORIENTED_EDGE('',*,*,#1621,.T.);
#2192=ORIENTED_EDGE('',*,*,#1622,.T.);
#2193=ORIENTED_EDGE('',*,*,#1623,.T.);
#2194=ORIENTED_EDGE('',*,*,#1616,.T.);
#2195=ORIENTED_EDGE('',*,*,#1607,.T.);
#2196=ORIENTED_EDGE('',*,*,#1608,.T.);
#2197=ORIENTED_EDGE('',*,*,#1624,.T.);
#2198=ORIENTED_EDGE('',*,*,#1622,.F.);
#2199=ORIENTED_EDGE('',*,*,#1606,.T.);
#2200=ORIENTED_EDGE('',*,*,#1625,.T.);
#2201=ORIENTED_EDGE('',*,*,#1626,.T.);
#2202=ORIENTED_EDGE('',*,*,#1620,.F.);
#2203=ORIENTED_EDGE('',*,*,#1627,.T.);
#2204=ORIENTED_EDGE('',*,*,#1614,.T.);
#2205=ORIENTED_EDGE('',*,*,#1628,.T.);
#2206=ORIENTED_EDGE('',*,*,#1625,.F.);
#2207=ORIENTED_EDGE('',*,*,#1629,.T.);
#2208=ORIENTED_EDGE('',*,*,#1630,.T.);
#2209=ORIENTED_EDGE('',*,*,#1631,.T.);
#2210=ORIENTED_EDGE('',*,*,#1615,.T.);
#2211=ORIENTED_EDGE('',*,*,#1602,.T.);
#2212=ORIENTED_EDGE('',*,*,#1618,.T.);
#2213=ORIENTED_EDGE('',*,*,#1632,.T.);
#2214=ORIENTED_EDGE('',*,*,#1630,.F.);
#2215=ORIENTED_EDGE('',*,*,#1601,.T.);
#2216=ORIENTED_EDGE('',*,*,#1632,.F.);
#2217=ORIENTED_EDGE('',*,*,#1617,.F.);
#2218=ORIENTED_EDGE('',*,*,#1623,.F.);
#2219=ORIENTED_EDGE('',*,*,#1633,.F.);
#2220=ORIENTED_EDGE('',*,*,#1634,.T.);
#2221=ORIENTED_EDGE('',*,*,#1635,.F.);
#2222=ORIENTED_EDGE('',*,*,#1636,.F.);
#2223=ORIENTED_EDGE('',*,*,#1624,.F.);
#2224=ORIENTED_EDGE('',*,*,#1535,.T.);
#2225=ORIENTED_EDGE('',*,*,#1637,.F.);
#2226=ORIENTED_EDGE('',*,*,#1633,.T.);
#2227=ORIENTED_EDGE('',*,*,#1638,.T.);
#2228=ORIENTED_EDGE('',*,*,#1639,.T.);
#2229=ORIENTED_EDGE('',*,*,#1640,.T.);
#2230=ORIENTED_EDGE('',*,*,#1641,.T.);
#2231=ORIENTED_EDGE('',*,*,#1642,.T.);
#2232=ORIENTED_EDGE('',*,*,#1638,.F.);
#2233=ORIENTED_EDGE('',*,*,#1643,.T.);
#2234=ORIENTED_EDGE('',*,*,#1641,.F.);
#2235=ORIENTED_EDGE('',*,*,#1644,.T.);
#2236=ORIENTED_EDGE('',*,*,#1645,.T.);
#2237=ORIENTED_EDGE('',*,*,#1646,.T.);
#2238=ORIENTED_EDGE('',*,*,#1647,.T.);
#2239=ORIENTED_EDGE('',*,*,#1648,.T.);
#2240=ORIENTED_EDGE('',*,*,#1649,.T.);
#2241=ORIENTED_EDGE('',*,*,#1649,.F.);
#2242=ORIENTED_EDGE('',*,*,#1650,.T.);
#2243=ORIENTED_EDGE('',*,*,#1645,.F.);
#2244=ORIENTED_EDGE('',*,*,#1651,.T.);
#2245=ORIENTED_EDGE('',*,*,#1642,.F.);
#2246=ORIENTED_EDGE('',*,*,#1646,.F.);
#2247=ORIENTED_EDGE('',*,*,#1652,.F.);
#2248=ORIENTED_EDGE('',*,*,#1653,.F.);
#2249=ORIENTED_EDGE('',*,*,#1654,.F.);
#2250=ORIENTED_EDGE('',*,*,#1655,.F.);
#2251=ORIENTED_EDGE('',*,*,#1650,.F.);
#2252=ORIENTED_EDGE('',*,*,#1656,.T.);
#2253=ORIENTED_EDGE('',*,*,#1657,.T.);
#2254=ORIENTED_EDGE('',*,*,#1658,.T.);
#2255=ORIENTED_EDGE('',*,*,#1652,.T.);
#2256=ORIENTED_EDGE('',*,*,#1648,.F.);
#2257=ORIENTED_EDGE('',*,*,#1659,.T.);
#2258=ORIENTED_EDGE('',*,*,#1656,.F.);
#2259=ORIENTED_EDGE('',*,*,#1660,.T.);
#2260=ORIENTED_EDGE('',*,*,#1661,.T.);
#2261=ORIENTED_EDGE('',*,*,#1662,.T.);
#2262=ORIENTED_EDGE('',*,*,#1663,.T.);
#2263=ORIENTED_EDGE('',*,*,#1664,.T.);
#2264=ORIENTED_EDGE('',*,*,#1660,.F.);
#2265=ORIENTED_EDGE('',*,*,#1665,.T.);
#2266=ORIENTED_EDGE('',*,*,#1666,.T.);
#2267=ORIENTED_EDGE('',*,*,#1667,.T.);
#2268=ORIENTED_EDGE('',*,*,#1663,.F.);
#2269=ORIENTED_EDGE('',*,*,#1668,.T.);
#2270=ORIENTED_EDGE('',*,*,#1666,.F.);
#2271=ORIENTED_EDGE('',*,*,#1669,.T.);
#2272=ORIENTED_EDGE('',*,*,#1670,.T.);
#2273=ORIENTED_EDGE('',*,*,#1671,.T.);
#2274=ORIENTED_EDGE('',*,*,#1672,.T.);
#2275=ORIENTED_EDGE('',*,*,#1673,.T.);
#2276=ORIENTED_EDGE('',*,*,#1674,.T.);
#2277=ORIENTED_EDGE('',*,*,#1672,.F.);
#2278=ORIENTED_EDGE('',*,*,#1675,.T.);
#2279=ORIENTED_EDGE('',*,*,#1670,.F.);
#2280=ORIENTED_EDGE('',*,*,#1676,.T.);
#2281=ORIENTED_EDGE('',*,*,#1643,.F.);
#2282=ORIENTED_EDGE('',*,*,#1677,.F.);
#2283=ORIENTED_EDGE('',*,*,#1678,.F.);
#2284=ORIENTED_EDGE('',*,*,#1664,.F.);
#2285=ORIENTED_EDGE('',*,*,#1667,.F.);
#2286=ORIENTED_EDGE('',*,*,#1679,.F.);
#2287=ORIENTED_EDGE('',*,*,#1644,.F.);
#2288=ORIENTED_EDGE('',*,*,#1679,.T.);
#2289=ORIENTED_EDGE('',*,*,#1671,.F.);
#2290=ORIENTED_EDGE('',*,*,#1675,.F.);
#2291=ORIENTED_EDGE('',*,*,#1674,.F.);
#2292=ORIENTED_EDGE('',*,*,#1680,.T.);
#2293=ORIENTED_EDGE('',*,*,#1681,.T.);
#2294=ORIENTED_EDGE('',*,*,#1647,.F.);
#2295=ORIENTED_EDGE('',*,*,#1651,.F.);
#2296=ORIENTED_EDGE('',*,*,#1673,.F.);
#2297=ORIENTED_EDGE('',*,*,#1682,.F.);
#2298=ORIENTED_EDGE('',*,*,#1683,.T.);
#2299=ORIENTED_EDGE('',*,*,#1658,.F.);
#2300=ORIENTED_EDGE('',*,*,#1684,.F.);
#2301=ORIENTED_EDGE('',*,*,#1685,.F.);
#2302=ORIENTED_EDGE('',*,*,#1639,.F.);
#2303=ORIENTED_EDGE('',*,*,#1655,.T.);
#2304=ORIENTED_EDGE('',*,*,#1686,.T.);
#2305=ORIENTED_EDGE('',*,*,#1687,.T.);
#2306=ORIENTED_EDGE('',*,*,#1661,.F.);
#2307=ORIENTED_EDGE('',*,*,#1678,.T.);
#2308=ORIENTED_EDGE('',*,*,#1688,.T.);
#2309=ORIENTED_EDGE('',*,*,#1689,.T.);
#2310=ORIENTED_EDGE('',*,*,#1690,.F.);
#2311=ORIENTED_EDGE('',*,*,#1691,.F.);
#2312=ORIENTED_EDGE('',*,*,#1692,.F.);
#2313=ORIENTED_EDGE('',*,*,#1693,.T.);
#2314=ORIENTED_EDGE('',*,*,#1522,.T.);
#2315=ORIENTED_EDGE('',*,*,#1691,.T.);
#2316=ORIENTED_EDGE('',*,*,#1694,.T.);
#2317=ORIENTED_EDGE('',*,*,#1695,.T.);
#2318=ORIENTED_EDGE('',*,*,#1696,.T.);
#2319=ORIENTED_EDGE('',*,*,#1693,.F.);
#2320=ORIENTED_EDGE('',*,*,#1697,.T.);
#2321=ORIENTED_EDGE('',*,*,#1662,.F.);
#2322=ORIENTED_EDGE('',*,*,#1698,.T.);
#2323=ORIENTED_EDGE('',*,*,#1695,.F.);
#2324=ORIENTED_EDGE('',*,*,#1699,.T.);
#2325=ORIENTED_EDGE('',*,*,#1665,.F.);
#2326=ORIENTED_EDGE('',*,*,#1692,.T.);
#2327=ORIENTED_EDGE('',*,*,#1521,.T.);
#2328=ORIENTED_EDGE('',*,*,#1684,.T.);
#2329=ORIENTED_EDGE('',*,*,#1700,.T.);
#2330=ORIENTED_EDGE('',*,*,#1676,.F.);
#2331=ORIENTED_EDGE('',*,*,#1701,.T.);
#2332=ORIENTED_EDGE('',*,*,#1690,.T.);
#2333=ORIENTED_EDGE('',*,*,#1702,.T.);
#2334=ORIENTED_EDGE('',*,*,#1682,.T.);
#2335=ORIENTED_EDGE('',*,*,#1640,.F.);
#2336=ORIENTED_EDGE('',*,*,#1703,.T.);
#2337=ORIENTED_EDGE('',*,*,#1688,.F.);
#2338=ORIENTED_EDGE('',*,*,#1677,.T.);
#2339=ORIENTED_EDGE('',*,*,#1704,.T.);
#2340=ORIENTED_EDGE('',*,*,#1705,.T.);
#2341=ORIENTED_EDGE('',*,*,#1686,.F.);
#2342=ORIENTED_EDGE('',*,*,#1654,.T.);
#2343=ORIENTED_EDGE('',*,*,#1685,.T.);
#2344=ORIENTED_EDGE('',*,*,#1520,.T.);
#2345=ORIENTED_EDGE('',*,*,#1704,.F.);
#2346=ORIENTED_EDGE('',*,*,#1653,.T.);
#2347=ORIENTED_EDGE('',*,*,#1705,.F.);
#2348=ORIENTED_EDGE('',*,*,#1526,.T.);
#2349=ORIENTED_EDGE('',*,*,#1706,.F.);
#2350=ORIENTED_EDGE('',*,*,#1707,.T.);
#2351=ORIENTED_EDGE('',*,*,#1668,.F.);
#2352=ORIENTED_EDGE('',*,*,#1699,.F.);
#2353=ORIENTED_EDGE('',*,*,#1697,.F.);
#2354=ORIENTED_EDGE('',*,*,#1694,.F.);
#2355=ORIENTED_EDGE('',*,*,#1701,.F.);
#2356=ORIENTED_EDGE('',*,*,#1669,.F.);
#2357=ORIENTED_EDGE('',*,*,#1702,.F.);
#2358=ORIENTED_EDGE('',*,*,#1700,.F.);
#2359=ORIENTED_EDGE('',*,*,#1657,.F.);
#2360=ORIENTED_EDGE('',*,*,#1708,.F.);
#2361=ORIENTED_EDGE('',*,*,#1709,.T.);
#2362=ORIENTED_EDGE('',*,*,#1710,.T.);
#2363=ORIENTED_EDGE('',*,*,#1680,.F.);
#2364=ORIENTED_EDGE('',*,*,#1683,.F.);
#2365=ORIENTED_EDGE('',*,*,#1708,.T.);
#2366=ORIENTED_EDGE('',*,*,#1659,.F.);
#2367=ORIENTED_EDGE('',*,*,#1681,.F.);
#2368=ORIENTED_EDGE('',*,*,#1710,.F.);
#2369=ORIENTED_EDGE('',*,*,#1709,.F.);
#2370=ORIENTED_EDGE('',*,*,#1609,.F.);
#2371=ORIENTED_EDGE('',*,*,#1592,.F.);
#2372=ORIENTED_EDGE('',*,*,#1599,.F.);
#2373=ORIENTED_EDGE('',*,*,#1629,.F.);
#2374=ORIENTED_EDGE('',*,*,#1627,.F.);
#2375=ORIENTED_EDGE('',*,*,#1619,.F.);
#2376=ORIENTED_EDGE('',*,*,#1626,.F.);
#2377=ORIENTED_EDGE('',*,*,#1711,.T.);
#2378=ORIENTED_EDGE('',*,*,#1712,.T.);
#2379=ORIENTED_EDGE('',*,*,#1532,.T.);
#2380=ORIENTED_EDGE('',*,*,#1631,.F.);
#2381=ORIENTED_EDGE('',*,*,#1636,.T.);
#2382=ORIENTED_EDGE('',*,*,#1713,.F.);
#2383=ORIENTED_EDGE('',*,*,#1714,.F.);
#2384=ORIENTED_EDGE('',*,*,#1715,.F.);
#2385=ORIENTED_EDGE('',*,*,#1716,.F.);
#2386=ORIENTED_EDGE('',*,*,#1717,.F.);
#2387=ORIENTED_EDGE('',*,*,#1718,.T.);
#2388=ORIENTED_EDGE('',*,*,#1703,.F.);
#2389=ORIENTED_EDGE('',*,*,#1687,.F.);
#2390=ORIENTED_EDGE('',*,*,#1707,.F.);
#2391=ORIENTED_EDGE('',*,*,#1719,.F.);
#2392=ORIENTED_EDGE('',*,*,#1720,.F.);
#2393=ORIENTED_EDGE('',*,*,#1721,.F.);
#2394=ORIENTED_EDGE('',*,*,#1711,.F.);
#2395=ORIENTED_EDGE('',*,*,#1628,.F.);
#2396=ORIENTED_EDGE('',*,*,#1613,.F.);
#2397=ORIENTED_EDGE('',*,*,#1722,.T.);
#2398=ORIENTED_EDGE('',*,*,#1723,.T.);
#2399=ORIENTED_EDGE('',*,*,#1724,.T.);
#2400=ORIENTED_EDGE('',*,*,#1725,.T.);
#2401=ORIENTED_EDGE('',*,*,#1726,.T.);
#2402=ORIENTED_EDGE('',*,*,#1716,.T.);
#2403=ORIENTED_EDGE('',*,*,#1727,.T.);
#2404=ORIENTED_EDGE('',*,*,#1728,.T.);
#2405=ORIENTED_EDGE('',*,*,#1729,.T.);
#2406=ORIENTED_EDGE('',*,*,#1727,.F.);
#2407=ORIENTED_EDGE('',*,*,#1730,.T.);
#2408=ORIENTED_EDGE('',*,*,#1722,.F.);
#2409=ORIENTED_EDGE('',*,*,#1731,.F.);
#2410=ORIENTED_EDGE('',*,*,#1723,.F.);
#2411=ORIENTED_EDGE('',*,*,#1732,.F.);
#2412=ORIENTED_EDGE('',*,*,#1733,.F.);
#2413=ORIENTED_EDGE('',*,*,#1734,.F.);
#2414=ORIENTED_EDGE('',*,*,#1735,.F.);
#2415=ORIENTED_EDGE('',*,*,#1736,.T.);
#2416=ORIENTED_EDGE('',*,*,#1737,.F.);
#2417=ORIENTED_EDGE('',*,*,#1730,.F.);
#2418=ORIENTED_EDGE('',*,*,#1715,.T.);
#2419=ORIENTED_EDGE('',*,*,#1738,.F.);
#2420=ORIENTED_EDGE('',*,*,#1732,.T.);
#2421=ORIENTED_EDGE('',*,*,#1737,.T.);
#2422=ORIENTED_EDGE('',*,*,#1739,.T.);
#2423=ORIENTED_EDGE('',*,*,#1740,.T.);
#2424=ORIENTED_EDGE('',*,*,#1741,.T.);
#2425=ORIENTED_EDGE('',*,*,#1742,.T.);
#2426=ORIENTED_EDGE('',*,*,#1743,.T.);
#2427=ORIENTED_EDGE('',*,*,#1739,.F.);
#2428=ORIENTED_EDGE('',*,*,#1744,.T.);
#2429=ORIENTED_EDGE('',*,*,#1745,.T.);
#2430=ORIENTED_EDGE('',*,*,#1742,.F.);
#2431=ORIENTED_EDGE('',*,*,#1746,.T.);
#2432=ORIENTED_EDGE('',*,*,#1747,.T.);
#2433=ORIENTED_EDGE('',*,*,#1748,.T.);
#2434=ORIENTED_EDGE('',*,*,#1749,.T.);
#2435=ORIENTED_EDGE('',*,*,#1750,.T.);
#2436=ORIENTED_EDGE('',*,*,#1751,.T.);
#2437=ORIENTED_EDGE('',*,*,#1752,.T.);
#2438=ORIENTED_EDGE('',*,*,#1747,.F.);
#2439=ORIENTED_EDGE('',*,*,#1729,.F.);
#2440=ORIENTED_EDGE('',*,*,#1753,.T.);
#2441=ORIENTED_EDGE('',*,*,#1749,.F.);
#2442=ORIENTED_EDGE('',*,*,#1754,.T.);
#2443=ORIENTED_EDGE('',*,*,#1755,.T.);
#2444=ORIENTED_EDGE('',*,*,#1756,.T.);
#2445=ORIENTED_EDGE('',*,*,#1757,.T.);
#2446=ORIENTED_EDGE('',*,*,#1724,.F.);
#2447=ORIENTED_EDGE('',*,*,#1731,.T.);
#2448=ORIENTED_EDGE('',*,*,#1741,.F.);
#2449=ORIENTED_EDGE('',*,*,#1758,.T.);
#2450=ORIENTED_EDGE('',*,*,#1725,.F.);
#2451=ORIENTED_EDGE('',*,*,#1757,.F.);
#2452=ORIENTED_EDGE('',*,*,#1759,.F.);
#2453=ORIENTED_EDGE('',*,*,#1750,.F.);
#2454=ORIENTED_EDGE('',*,*,#1753,.F.);
#2455=ORIENTED_EDGE('',*,*,#1728,.F.);
#2456=ORIENTED_EDGE('',*,*,#1726,.F.);
#2457=ORIENTED_EDGE('',*,*,#1755,.F.);
#2458=ORIENTED_EDGE('',*,*,#1760,.T.);
#2459=ORIENTED_EDGE('',*,*,#1441,.T.);
#2460=ORIENTED_EDGE('',*,*,#1761,.T.);
#2461=ORIENTED_EDGE('',*,*,#1717,.T.);
#2462=ORIENTED_EDGE('',*,*,#1754,.F.);
#2463=ORIENTED_EDGE('',*,*,#1748,.F.);
#2464=ORIENTED_EDGE('',*,*,#1746,.F.);
#2465=ORIENTED_EDGE('',*,*,#1762,.F.);
#2466=ORIENTED_EDGE('',*,*,#1763,.F.);
#2467=ORIENTED_EDGE('',*,*,#1764,.F.);
#2468=ORIENTED_EDGE('',*,*,#1442,.T.);
#2469=ORIENTED_EDGE('',*,*,#1760,.F.);
#2470=ORIENTED_EDGE('',*,*,#1744,.F.);
#2471=ORIENTED_EDGE('',*,*,#1736,.F.);
#2472=ORIENTED_EDGE('',*,*,#1765,.F.);
#2473=ORIENTED_EDGE('',*,*,#1762,.T.);
#2474=ORIENTED_EDGE('',*,*,#1766,.F.);
#2475=ORIENTED_EDGE('',*,*,#1767,.F.);
#2476=ORIENTED_EDGE('',*,*,#1768,.F.);
#2477=ORIENTED_EDGE('',*,*,#1769,.F.);
#2478=ORIENTED_EDGE('',*,*,#1770,.F.);
#2479=ORIENTED_EDGE('',*,*,#1771,.F.);
#2480=ORIENTED_EDGE('',*,*,#1772,.T.);
#2481=ORIENTED_EDGE('',*,*,#1773,.T.);
#2482=ORIENTED_EDGE('',*,*,#1766,.T.);
#2483=ORIENTED_EDGE('',*,*,#1763,.T.);
#2484=ORIENTED_EDGE('',*,*,#1774,.T.);
#2485=ORIENTED_EDGE('',*,*,#1775,.T.);
#2486=ORIENTED_EDGE('',*,*,#1772,.F.);
#2487=ORIENTED_EDGE('',*,*,#1765,.T.);
#2488=ORIENTED_EDGE('',*,*,#1770,.T.);
#2489=ORIENTED_EDGE('',*,*,#1776,.T.);
#2490=ORIENTED_EDGE('',*,*,#1774,.F.);
#2491=ORIENTED_EDGE('',*,*,#1735,.T.);
#2492=ORIENTED_EDGE('',*,*,#1777,.T.);
#2493=ORIENTED_EDGE('',*,*,#1778,.T.);
#2494=ORIENTED_EDGE('',*,*,#1771,.T.);
#2495=ORIENTED_EDGE('',*,*,#1734,.T.);
#2496=ORIENTED_EDGE('',*,*,#1779,.T.);
#2497=ORIENTED_EDGE('',*,*,#1780,.T.);
#2498=ORIENTED_EDGE('',*,*,#1777,.F.);
#2499=ORIENTED_EDGE('',*,*,#1781,.T.);
#2500=ORIENTED_EDGE('',*,*,#1782,.T.);
#2501=ORIENTED_EDGE('',*,*,#1783,.T.);
#2502=ORIENTED_EDGE('',*,*,#1779,.F.);
#2503=ORIENTED_EDGE('',*,*,#1569,.T.);
#2504=ORIENTED_EDGE('',*,*,#1784,.T.);
#2505=ORIENTED_EDGE('',*,*,#1635,.T.);
#2506=ORIENTED_EDGE('',*,*,#1782,.F.);
#2507=ORIENTED_EDGE('',*,*,#1568,.T.);
#2508=ORIENTED_EDGE('',*,*,#1785,.T.);
#2509=ORIENTED_EDGE('',*,*,#1713,.T.);
#2510=ORIENTED_EDGE('',*,*,#1784,.F.);
#2511=ORIENTED_EDGE('',*,*,#1567,.T.);
#2512=ORIENTED_EDGE('',*,*,#1738,.T.);
#2513=ORIENTED_EDGE('',*,*,#1714,.T.);
#2514=ORIENTED_EDGE('',*,*,#1785,.F.);
#2515=ORIENTED_EDGE('',*,*,#1786,.T.);
#2516=ORIENTED_EDGE('',*,*,#1769,.T.);
#2517=ORIENTED_EDGE('',*,*,#1787,.T.);
#2518=ORIENTED_EDGE('',*,*,#1767,.T.);
#2519=ORIENTED_EDGE('',*,*,#1788,.T.);
#2520=ORIENTED_EDGE('',*,*,#1764,.T.);
#2521=ORIENTED_EDGE('',*,*,#1768,.T.);
#2522=ORIENTED_EDGE('',*,*,#1789,.T.);
#2523=ORIENTED_EDGE('',*,*,#1790,.T.);
#2524=ORIENTED_EDGE('',*,*,#1791,.T.);
#2525=ORIENTED_EDGE('',*,*,#1792,.T.);
#2526=ORIENTED_EDGE('',*,*,#1761,.F.);
#2527=ORIENTED_EDGE('',*,*,#1440,.T.);
#2528=ORIENTED_EDGE('',*,*,#1793,.T.);
#2529=ORIENTED_EDGE('',*,*,#1791,.F.);
#2530=ORIENTED_EDGE('',*,*,#1439,.T.);
#2531=ORIENTED_EDGE('',*,*,#1790,.F.);
#2532=ORIENTED_EDGE('',*,*,#1773,.F.);
#2533=ORIENTED_EDGE('',*,*,#1775,.F.);
#2534=ORIENTED_EDGE('',*,*,#1776,.F.);
#2535=ORIENTED_EDGE('',*,*,#1788,.F.);
#2536=ORIENTED_EDGE('',*,*,#1794,.T.);
#2537=ORIENTED_EDGE('',*,*,#1795,.T.);
#2538=ORIENTED_EDGE('',*,*,#1796,.T.);
#2539=ORIENTED_EDGE('',*,*,#1797,.T.);
#2540=ORIENTED_EDGE('',*,*,#1798,.T.);
#2541=ORIENTED_EDGE('',*,*,#1799,.T.);
#2542=ORIENTED_EDGE('',*,*,#1796,.F.);
#2543=ORIENTED_EDGE('',*,*,#1800,.T.);
#2544=ORIENTED_EDGE('',*,*,#1801,.T.);
#2545=ORIENTED_EDGE('',*,*,#1802,.T.);
#2546=ORIENTED_EDGE('',*,*,#1798,.F.);
#2547=ORIENTED_EDGE('',*,*,#1803,.T.);
#2548=ORIENTED_EDGE('',*,*,#1637,.T.);
#2549=ORIENTED_EDGE('',*,*,#1534,.T.);
#2550=ORIENTED_EDGE('',*,*,#1801,.F.);
#2551=ORIENTED_EDGE('',*,*,#1804,.T.);
#2552=ORIENTED_EDGE('',*,*,#1805,.T.);
#2553=ORIENTED_EDGE('',*,*,#1806,.T.);
#2554=ORIENTED_EDGE('',*,*,#1712,.F.);
#2555=ORIENTED_EDGE('',*,*,#1721,.T.);
#2556=ORIENTED_EDGE('',*,*,#1807,.T.);
#2557=ORIENTED_EDGE('',*,*,#1808,.T.);
#2558=ORIENTED_EDGE('',*,*,#1805,.F.);
#2559=ORIENTED_EDGE('',*,*,#1720,.T.);
#2560=ORIENTED_EDGE('',*,*,#1706,.T.);
#2561=ORIENTED_EDGE('',*,*,#1809,.T.);
#2562=ORIENTED_EDGE('',*,*,#1807,.F.);
#2563=ORIENTED_EDGE('',*,*,#1719,.T.);
#2564=ORIENTED_EDGE('',*,*,#1696,.F.);
#2565=ORIENTED_EDGE('',*,*,#1810,.T.);
#2566=ORIENTED_EDGE('',*,*,#1811,.T.);
#2567=ORIENTED_EDGE('',*,*,#1523,.T.);
#2568=ORIENTED_EDGE('',*,*,#1811,.F.);
#2569=ORIENTED_EDGE('',*,*,#1812,.T.);
#2570=ORIENTED_EDGE('',*,*,#1794,.F.);
#2571=ORIENTED_EDGE('',*,*,#1524,.T.);
#2572=ORIENTED_EDGE('',*,*,#1783,.F.);
#2573=ORIENTED_EDGE('',*,*,#1634,.F.);
#2574=ORIENTED_EDGE('',*,*,#1804,.F.);
#2575=ORIENTED_EDGE('',*,*,#1803,.F.);
#2576=ORIENTED_EDGE('',*,*,#1800,.F.);
#2577=ORIENTED_EDGE('',*,*,#1795,.F.);
#2578=ORIENTED_EDGE('',*,*,#1812,.F.);
#2579=ORIENTED_EDGE('',*,*,#1813,.F.);
#2580=ORIENTED_EDGE('',*,*,#1793,.F.);
#2581=ORIENTED_EDGE('',*,*,#1789,.F.);
#2582=ORIENTED_EDGE('',*,*,#1787,.F.);
#2583=ORIENTED_EDGE('',*,*,#1778,.F.);
#2584=ORIENTED_EDGE('',*,*,#1780,.F.);
#2585=ORIENTED_EDGE('',*,*,#1808,.F.);
#2586=ORIENTED_EDGE('',*,*,#1814,.F.);
#2587=ORIENTED_EDGE('',*,*,#1799,.F.);
#2588=ORIENTED_EDGE('',*,*,#1815,.F.);
#2589=ORIENTED_EDGE('',*,*,#1809,.F.);
#2590=ORIENTED_EDGE('',*,*,#1525,.T.);
#2591=ORIENTED_EDGE('',*,*,#1797,.F.);
#2592=ORIENTED_EDGE('',*,*,#1814,.T.);
#2593=ORIENTED_EDGE('',*,*,#1689,.F.);
#2594=ORIENTED_EDGE('',*,*,#1718,.F.);
#2595=ORIENTED_EDGE('',*,*,#1792,.F.);
#2596=ORIENTED_EDGE('',*,*,#1813,.T.);
#2597=ORIENTED_EDGE('',*,*,#1810,.F.);
#2598=ORIENTED_EDGE('',*,*,#1698,.F.);
#2599=ORIENTED_EDGE('',*,*,#1806,.F.);
#2600=ORIENTED_EDGE('',*,*,#1815,.T.);
#2601=ORIENTED_EDGE('',*,*,#1802,.F.);
#2602=ORIENTED_EDGE('',*,*,#1533,.T.);
#2603=ORIENTED_EDGE('',*,*,#1594,.F.);
#2604=ORIENTED_EDGE('',*,*,#1621,.F.);
#2605=ORIENTED_EDGE('',*,*,#1590,.F.);
#2606=ORIENTED_EDGE('',*,*,#1575,.F.);
#2607=ORIENTED_EDGE('',*,*,#1611,.F.);
#2608=ORIENTED_EDGE('',*,*,#1612,.F.);
#2609=ORIENTED_EDGE('',*,*,#1589,.F.);
#2610=ORIENTED_EDGE('',*,*,#1786,.F.);
#2611=ORIENTED_EDGE('',*,*,#1570,.T.);
#2612=ORIENTED_EDGE('',*,*,#1781,.F.);
#2613=ORIENTED_EDGE('',*,*,#1733,.T.);
#2614=ORIENTED_EDGE('',*,*,#1751,.F.);
#2615=ORIENTED_EDGE('',*,*,#1759,.T.);
#2616=ORIENTED_EDGE('',*,*,#1756,.F.);
#2617=ORIENTED_EDGE('',*,*,#1816,.F.);
#2618=ORIENTED_EDGE('',*,*,#1752,.F.);
#2619=ORIENTED_EDGE('',*,*,#1816,.T.);
#2620=ORIENTED_EDGE('',*,*,#1758,.F.);
#2621=ORIENTED_EDGE('',*,*,#1740,.F.);
#2622=ORIENTED_EDGE('',*,*,#1743,.F.);
#2623=ORIENTED_EDGE('',*,*,#1745,.F.);
#2624=ORIENTED_EDGE('',*,*,#1431,.T.);
#2625=ORIENTED_EDGE('',*,*,#1443,.T.);
#2626=ORIENTED_EDGE('',*,*,#1429,.T.);
#2627=ORIENTED_EDGE('',*,*,#1509,.T.);
#2628=ORIENTED_EDGE('',*,*,#1436,.F.);
#2629=ORIENTED_EDGE('',*,*,#1415,.F.);
#2630=ORIENTED_EDGE('',*,*,#1418,.F.);
#2631=ORIENTED_EDGE('',*,*,#1410,.F.);
#2632=ORIENTED_EDGE('',*,*,#1448,.T.);
#2633=ORIENTED_EDGE('',*,*,#1501,.F.);
#2634=ORIENTED_EDGE('',*,*,#1455,.T.);
#2635=ORIENTED_EDGE('',*,*,#1459,.F.);
#2636=ORIENTED_EDGE('',*,*,#1536,.T.);
#2637=ORIENTED_EDGE('',*,*,#1468,.T.);
#2638=ORIENTED_EDGE('',*,*,#1513,.T.);
#2639=ORIENTED_EDGE('',*,*,#1473,.F.);
#2640=ORIENTED_EDGE('',*,*,#1537,.T.);
#2641=ORIENTED_EDGE('',*,*,#1482,.T.);
#2642=ORIENTED_EDGE('',*,*,#1519,.T.);
#2643=ORIENTED_EDGE('',*,*,#1487,.F.);
#2644=ORIENTED_EDGE('',*,*,#1538,.T.);
#2645=ORIENTED_EDGE('',*,*,#1496,.T.);
#2646=ORIENTED_EDGE('',*,*,#1542,.T.);
#2647=PLANE('',#2897);
#2648=PLANE('',#2898);
#2649=PLANE('',#2902);
#2650=PLANE('',#2903);
#2651=PLANE('',#2904);
#2652=PLANE('',#2905);
#2653=PLANE('',#2906);
#2654=PLANE('',#2907);
#2655=PLANE('',#2917);
#2656=PLANE('',#2920);
#2657=PLANE('',#2921);
#2658=PLANE('',#2922);
#2659=PLANE('',#2923);
#2660=PLANE('',#2924);
#2661=PLANE('',#2925);
#2662=PLANE('',#2926);
#2663=PLANE('',#2927);
#2664=PLANE('',#2928);
#2665=PLANE('',#2929);
#2666=PLANE('',#2930);
#2667=PLANE('',#2931);
#2668=PLANE('',#2932);
#2669=PLANE('',#2933);
#2670=PLANE('',#2934);
#2671=PLANE('',#2935);
#2672=PLANE('',#2942);
#2673=PLANE('',#2947);
#2674=PLANE('',#2949);
#2675=PLANE('',#2955);
#2676=PLANE('',#2956);
#2677=PLANE('',#2959);
#2678=PLANE('',#2965);
#2679=PLANE('',#2966);
#2680=PLANE('',#2972);
#2681=PLANE('',#2975);
#2682=PLANE('',#2976);
#2683=PLANE('',#2977);
#2684=PLANE('',#2978);
#2685=PLANE('',#2979);
#2686=PLANE('',#2980);
#2687=PLANE('',#2981);
#2688=PLANE('',#2982);
#2689=PLANE('',#2991);
#2690=PLANE('',#3014);
#2691=PLANE('',#3017);
#2692=PLANE('',#3057);
#2693=PLANE('',#3071);
#2694=PLANE('',#3103);
#2695=PLANE('',#3107);
#2696=PLANE('',#3108);
#2697=PLANE('',#3109);
#2698=PLANE('',#3112);
#2699=PLANE('',#3125);
#2700=PLANE('',#3145);
#2701=PLANE('',#3149);
#2702=PLANE('',#3186);
#2703=PLANE('',#3210);
#2704=PLANE('',#3211);
#2705=PLANE('',#3217);
#2706=PLANE('',#3218);
#2707=PLANE('',#3220);
#2708=ADVANCED_FACE('',(#358),#2647,.F.);
#2709=ADVANCED_FACE('',(#359),#2648,.F.);
#2710=ADVANCED_FACE('',(#360),#292,.T.);
#2711=ADVANCED_FACE('',(#361),#2649,.F.);
#2712=ADVANCED_FACE('',(#362),#2650,.F.);
#2713=ADVANCED_FACE('',(#363),#2651,.F.);
#2714=ADVANCED_FACE('',(#364),#2652,.F.);
#2715=ADVANCED_FACE('',(#365),#2653,.F.);
#2716=ADVANCED_FACE('',(#366),#2654,.F.);
#2717=ADVANCED_FACE('',(#367),#293,.F.);
#2718=ADVANCED_FACE('',(#368),#294,.F.);
#2719=ADVANCED_FACE('',(#369),#295,.F.);
#2720=ADVANCED_FACE('',(#370,#111,#112,#113,#114),#2655,.F.);
#2721=ADVANCED_FACE('',(#371),#2656,.F.);
#2722=ADVANCED_FACE('',(#372),#2657,.F.);
#2723=ADVANCED_FACE('',(#373),#2658,.F.);
#2724=ADVANCED_FACE('',(#374),#2659,.F.);
#2725=ADVANCED_FACE('',(#375),#2660,.F.);
#2726=ADVANCED_FACE('',(#376),#2661,.F.);
#2727=ADVANCED_FACE('',(#377),#2662,.F.);
#2728=ADVANCED_FACE('',(#378),#2663,.F.);
#2729=ADVANCED_FACE('',(#379),#2664,.F.);
#2730=ADVANCED_FACE('',(#380),#2665,.F.);
#2731=ADVANCED_FACE('',(#381),#2666,.F.);
#2732=ADVANCED_FACE('',(#382),#2667,.F.);
#2733=ADVANCED_FACE('',(#383),#2668,.F.);
#2734=ADVANCED_FACE('',(#384),#2669,.F.);
#2735=ADVANCED_FACE('',(#385),#2670,.F.);
#2736=ADVANCED_FACE('',(#386),#2671,.F.);
#2737=ADVANCED_FACE('',(#387),#296,.F.);
#2738=ADVANCED_FACE('',(#388),#297,.F.);
#2739=ADVANCED_FACE('',(#389,#115),#2672,.T.);
#2740=ADVANCED_FACE('',(#390),#298,.F.);
#2741=ADVANCED_FACE('',(#391,#116),#2673,.T.);
#2742=ADVANCED_FACE('',(#392,#117),#2674,.T.);
#2743=ADVANCED_FACE('',(#393),#299,.F.);
#2744=ADVANCED_FACE('',(#394,#118),#2675,.T.);
#2745=ADVANCED_FACE('',(#395,#119),#2676,.T.);
#2746=ADVANCED_FACE('',(#396,#120,#121,#122,#123),#2677,.F.);
#2747=ADVANCED_FACE('',(#397),#300,.F.);
#2748=ADVANCED_FACE('',(#398,#124),#2678,.T.);
#2749=ADVANCED_FACE('',(#399,#125,#126,#127,#128),#2679,.F.);
#2750=ADVANCED_FACE('',(#400,#129),#2680,.T.);
#2751=ADVANCED_FACE('',(#401),#2681,.F.);
#2752=ADVANCED_FACE('',(#402),#2682,.F.);
#2753=ADVANCED_FACE('',(#403),#2683,.F.);
#2754=ADVANCED_FACE('',(#404),#2684,.F.);
#2755=ADVANCED_FACE('',(#405),#2685,.F.);
#2756=ADVANCED_FACE('',(#406),#2686,.F.);
#2757=ADVANCED_FACE('',(#407),#2687,.F.);
#2758=ADVANCED_FACE('',(#408),#2688,.F.);
#2759=ADVANCED_FACE('',(#409),#301,.F.);
#2760=ADVANCED_FACE('',(#410),#302,.F.);
#2761=ADVANCED_FACE('',(#411),#303,.F.);
#2762=ADVANCED_FACE('',(#412),#304,.F.);
#2763=ADVANCED_FACE('',(#413,#130,#131,#132,#133),#2689,.T.);
#2764=ADVANCED_FACE('',(#414),#104,.T.);
#2765=ADVANCED_FACE('',(#415),#86,.F.);
#2766=ADVANCED_FACE('',(#416),#87,.F.);
#2767=ADVANCED_FACE('',(#417),#35,.T.);
#2768=ADVANCED_FACE('',(#418),#88,.F.);
#2769=ADVANCED_FACE('',(#419),#89,.F.);
#2770=ADVANCED_FACE('',(#420),#305,.T.);
#2771=ADVANCED_FACE('',(#421),#306,.T.);
#2772=ADVANCED_FACE('',(#422),#105,.T.);
#2773=ADVANCED_FACE('',(#423),#307,.F.);
#2774=ADVANCED_FACE('',(#424),#2690,.F.);
#2775=ADVANCED_FACE('',(#425),#308,.F.);
#2776=ADVANCED_FACE('',(#426),#2691,.F.);
#2777=ADVANCED_FACE('',(#427),#309,.T.);
#2778=ADVANCED_FACE('',(#428),#36,.F.);
#2779=ADVANCED_FACE('',(#429),#37,.T.);
#2780=ADVANCED_FACE('',(#430),#90,.F.);
#2781=ADVANCED_FACE('',(#431),#310,.T.);
#2782=ADVANCED_FACE('',(#432),#38,.T.);
#2783=ADVANCED_FACE('',(#433),#311,.T.);
#2784=ADVANCED_FACE('',(#434),#91,.F.);
#2785=ADVANCED_FACE('',(#435),#32,.F.);
#2786=ADVANCED_FACE('',(#436),#312,.T.);
#2787=ADVANCED_FACE('',(#437),#313,.T.);
#2788=ADVANCED_FACE('',(#438),#39,.T.);
#2789=ADVANCED_FACE('',(#439),#314,.T.);
#2790=ADVANCED_FACE('',(#440),#40,.T.);
#2791=ADVANCED_FACE('',(#441),#92,.T.);
#2792=ADVANCED_FACE('',(#442),#315,.F.);
#2793=ADVANCED_FACE('',(#443),#93,.T.);
#2794=ADVANCED_FACE('',(#444),#94,.T.);
#2795=ADVANCED_FACE('',(#445),#95,.T.);
#2796=ADVANCED_FACE('',(#446),#2692,.F.);
#2797=ADVANCED_FACE('',(#447),#316,.T.);
#2798=ADVANCED_FACE('',(#448),#96,.F.);
#2799=ADVANCED_FACE('',(#449),#97,.T.);
#2800=ADVANCED_FACE('',(#450),#41,.F.);
#2801=ADVANCED_FACE('',(#451),#317,.F.);
#2802=ADVANCED_FACE('',(#452),#98,.T.);
#2803=ADVANCED_FACE('',(#453),#99,.T.);
#2804=ADVANCED_FACE('',(#454),#100,.T.);
#2805=ADVANCED_FACE('',(#455),#2693,.F.);
#2806=ADVANCED_FACE('',(#456),#42,.T.);
#2807=ADVANCED_FACE('',(#457),#101,.F.);
#2808=ADVANCED_FACE('',(#458),#106,.T.);
#2809=ADVANCED_FACE('',(#459),#318,.T.);
#2810=ADVANCED_FACE('',(#460),#43,.T.);
#2811=ADVANCED_FACE('',(#461),#107,.T.);
#2812=ADVANCED_FACE('',(#462),#319,.T.);
#2813=ADVANCED_FACE('',(#463),#102,.F.);
#2814=ADVANCED_FACE('',(#464),#320,.T.);
#2815=ADVANCED_FACE('',(#465),#44,.T.);
#2816=ADVANCED_FACE('',(#466),#321,.T.);
#2817=ADVANCED_FACE('',(#467),#322,.T.);
#2818=ADVANCED_FACE('',(#468),#33,.F.);
#2819=ADVANCED_FACE('',(#469),#323,.T.);
#2820=ADVANCED_FACE('',(#470),#324,.T.);
#2821=ADVANCED_FACE('',(#471),#2694,.F.);
#2822=ADVANCED_FACE('',(#472),#325,.F.);
#2823=ADVANCED_FACE('',(#473),#34,.T.);
#2824=ADVANCED_FACE('',(#474),#2695,.F.);
#2825=ADVANCED_FACE('',(#475),#2696,.T.);
#2826=ADVANCED_FACE('',(#476),#2697,.F.);
#2827=ADVANCED_FACE('',(#477),#326,.T.);
#2828=ADVANCED_FACE('',(#478),#2698,.T.);
#2829=ADVANCED_FACE('',(#479),#327,.T.);
#2830=ADVANCED_FACE('',(#480),#328,.T.);
#2831=ADVANCED_FACE('',(#481),#108,.T.);
#2832=ADVANCED_FACE('',(#482),#2699,.F.);
#2833=ADVANCED_FACE('',(#483),#329,.T.);
#2834=ADVANCED_FACE('',(#484),#330,.T.);
#2835=ADVANCED_FACE('',(#485),#45,.T.);
#2836=ADVANCED_FACE('',(#486),#331,.T.);
#2837=ADVANCED_FACE('',(#487),#332,.T.);
#2838=ADVANCED_FACE('',(#488),#333,.T.);
#2839=ADVANCED_FACE('',(#489),#334,.T.);
#2840=ADVANCED_FACE('',(#490),#2700,.T.);
#2841=ADVANCED_FACE('',(#491),#335,.T.);
#2842=ADVANCED_FACE('',(#492),#2701,.F.);
#2843=ADVANCED_FACE('',(#493),#336,.T.);
#2844=ADVANCED_FACE('',(#494),#109,.T.);
#2845=ADVANCED_FACE('',(#495),#110,.T.);
#2846=ADVANCED_FACE('',(#496),#337,.T.);
#2847=ADVANCED_FACE('',(#497),#103,.F.);
#2848=ADVANCED_FACE('',(#498),#338,.T.);
#2849=ADVANCED_FACE('',(#499),#339,.T.);
#2850=ADVANCED_FACE('',(#500),#46,.T.);
#2851=ADVANCED_FACE('',(#501),#340,.T.);
#2852=ADVANCED_FACE('',(#502),#47,.T.);
#2853=ADVANCED_FACE('',(#503),#341,.T.);
#2854=ADVANCED_FACE('',(#504),#48,.T.);
#2855=ADVANCED_FACE('',(#505),#342,.T.);
#2856=ADVANCED_FACE('',(#506),#343,.T.);
#2857=ADVANCED_FACE('',(#507),#49,.T.);
#2858=ADVANCED_FACE('',(#508),#344,.T.);
#2859=ADVANCED_FACE('',(#509),#2702,.T.);
#2860=ADVANCED_FACE('',(#510),#50,.T.);
#2861=ADVANCED_FACE('',(#511),#345,.T.);
#2862=ADVANCED_FACE('',(#512),#51,.T.);
#2863=ADVANCED_FACE('',(#513),#346,.T.);
#2864=ADVANCED_FACE('',(#514),#52,.T.);
#2865=ADVANCED_FACE('',(#515),#347,.T.);
#2866=ADVANCED_FACE('',(#516),#53,.T.);
#2867=ADVANCED_FACE('',(#517),#54,.T.);
#2868=ADVANCED_FACE('',(#518),#348,.T.);
#2869=ADVANCED_FACE('',(#519),#2703,.T.);
#2870=ADVANCED_FACE('',(#520),#2704,.F.);
#2871=ADVANCED_FACE('',(#521),#349,.F.);
#2872=ADVANCED_FACE('',(#522),#350,.T.);
#2873=ADVANCED_FACE('',(#523),#351,.F.);
#2874=ADVANCED_FACE('',(#524),#352,.F.);
#2875=ADVANCED_FACE('',(#525),#353,.T.);
#2876=ADVANCED_FACE('',(#526),#2705,.T.);
#2877=ADVANCED_FACE('',(#527),#2706,.T.);
#2878=ADVANCED_FACE('',(#528),#354,.F.);
#2879=ADVANCED_FACE('',(#529,#134),#2707,.T.);
#2880=ADVANCED_FACE('',(#530),#355,.F.);
#2881=ADVANCED_FACE('',(#531),#356,.F.);
#2882=ADVANCED_FACE('',(#532),#357,.F.);
#2883=CLOSED_SHELL('',(#2708,#2709,#2710,#2711,#2712,#2713,#2714,#2715,
#2716,#2717,#2718,#2719,#2720,#2721,#2722,#2723,#2724,#2725,#2726,#2727,
#2728,#2729,#2730,#2731,#2732,#2733,#2734,#2735,#2736,#2737,#2738,#2739,
#2740,#2741,#2742,#2743,#2744,#2745,#2746,#2747,#2748,#2749,#2750,#2751,
#2752,#2753,#2754,#2755,#2756,#2757,#2758,#2759,#2760,#2761,#2762,#2763,
#2764,#2765,#2766,#2767,#2768,#2769,#2770,#2771,#2772,#2773,#2774,#2775,
#2776,#2777,#2778,#2779,#2780,#2781,#2782,#2783,#2784,#2785,#2786,#2787,
#2788,#2789,#2790,#2791,#2792,#2793,#2794,#2795,#2796,#2797,#2798,#2799,
#2800,#2801,#2802,#2803,#2804,#2805,#2806,#2807,#2808,#2809,#2810,#2811,
#2812,#2813,#2814,#2815,#2816,#2817,#2818,#2819,#2820,#2821,#2822,#2823,
#2824,#2825,#2826,#2827,#2828,#2829,#2830,#2831,#2832,#2833,#2834,#2835,
#2836,#2837,#2838,#2839,#2840,#2841,#2842,#2843,#2844,#2845,#2846,#2847,
#2848,#2849,#2850,#2851,#2852,#2853,#2854,#2855,#2856,#2857,#2858,#2859,
#2860,#2861,#2862,#2863,#2864,#2865,#2866,#2867,#2868,#2869,#2870,#2871,
#2872,#2873,#2874,#2875,#2876,#2877,#2878,#2879,#2880,#2881,#2882));
#2884=DERIVED_UNIT_ELEMENT(#2886,1.);
#2885=DERIVED_UNIT_ELEMENT(#5528,-3.);
#2886=(
MASS_UNIT()
NAMED_UNIT(*)
SI_UNIT(.KILO.,.GRAM.)
);
#2887=DERIVED_UNIT((#2884,#2885));
#2888=MEASURE_REPRESENTATION_ITEM('density measure',
POSITIVE_RATIO_MEASURE(1000.),#2887);
#2889=PROPERTY_DEFINITION_REPRESENTATION(#2894,#2891);
#2890=PROPERTY_DEFINITION_REPRESENTATION(#2895,#2892);
#2891=REPRESENTATION('material name',(#2893),#5525);
#2892=REPRESENTATION('density',(#2888),#5525);
#2893=DESCRIPTIVE_REPRESENTATION_ITEM('Generic','Generic');
#2894=PROPERTY_DEFINITION('material property','material name',#5535);
#2895=PROPERTY_DEFINITION('material property','density of part',#5535);
#2896=AXIS2_PLACEMENT_3D('',#4090,#3224,#3225);
#2897=AXIS2_PLACEMENT_3D('',#4091,#3226,#3227);
#2898=AXIS2_PLACEMENT_3D('',#4100,#3232,#3233);
#2899=AXIS2_PLACEMENT_3D('',#4106,#3237,#3238);
#2900=AXIS2_PLACEMENT_3D('',#4111,#3240,#3241);
#2901=AXIS2_PLACEMENT_3D('',#4114,#3243,#3244);
#2902=AXIS2_PLACEMENT_3D('',#4115,#3245,#3246);
#2903=AXIS2_PLACEMENT_3D('',#4124,#3251,#3252);
#2904=AXIS2_PLACEMENT_3D('',#4127,#3255,#3256);
#2905=AXIS2_PLACEMENT_3D('',#4136,#3261,#3262);
#2906=AXIS2_PLACEMENT_3D('',#4142,#3266,#3267);
#2907=AXIS2_PLACEMENT_3D('',#4151,#3272,#3273);
#2908=AXIS2_PLACEMENT_3D('',#4157,#3277,#3278);
#2909=AXIS2_PLACEMENT_3D('',#4158,#3279,#3280);
#2910=AXIS2_PLACEMENT_3D('',#4159,#3281,#3282);
#2911=AXIS2_PLACEMENT_3D('',#4160,#3283,#3284);
#2912=AXIS2_PLACEMENT_3D('',#4161,#3285,#3286);
#2913=AXIS2_PLACEMENT_3D('',#4162,#3287,#3288);
#2914=AXIS2_PLACEMENT_3D('',#4163,#3289,#3290);
#2915=AXIS2_PLACEMENT_3D('',#4164,#3291,#3292);
#2916=AXIS2_PLACEMENT_3D('',#4165,#3293,#3294);
#2917=AXIS2_PLACEMENT_3D('',#4166,#3295,#3296);
#2918=AXIS2_PLACEMENT_3D('',#4171,#3298,#3299);
#2919=AXIS2_PLACEMENT_3D('',#4175,#3302,#3303);
#2920=AXIS2_PLACEMENT_3D('',#4176,#3304,#3305);
#2921=AXIS2_PLACEMENT_3D('',#4185,#3310,#3311);
#2922=AXIS2_PLACEMENT_3D('',#4194,#3316,#3317);
#2923=AXIS2_PLACEMENT_3D('',#4200,#3321,#3322);
#2924=AXIS2_PLACEMENT_3D('',#4206,#3326,#3327);
#2925=AXIS2_PLACEMENT_3D('',#4215,#3332,#3333);
#2926=AXIS2_PLACEMENT_3D('',#4224,#3338,#3339);
#2927=AXIS2_PLACEMENT_3D('',#4230,#3343,#3344);
#2928=AXIS2_PLACEMENT_3D('',#4236,#3348,#3349);
#2929=AXIS2_PLACEMENT_3D('',#4245,#3354,#3355);
#2930=AXIS2_PLACEMENT_3D('',#4254,#3360,#3361);
#2931=AXIS2_PLACEMENT_3D('',#4260,#3365,#3366);
#2932=AXIS2_PLACEMENT_3D('',#4266,#3370,#3371);
#2933=AXIS2_PLACEMENT_3D('',#4275,#3376,#3377);
#2934=AXIS2_PLACEMENT_3D('',#4284,#3382,#3383);
#2935=AXIS2_PLACEMENT_3D('',#4290,#3387,#3388);
#2936=AXIS2_PLACEMENT_3D('',#4296,#3392,#3393);
#2937=AXIS2_PLACEMENT_3D('',#4297,#3394,#3395);
#2938=AXIS2_PLACEMENT_3D('',#4298,#3396,#3397);
#2939=AXIS2_PLACEMENT_3D('',#4299,#3398,#3399);
#2940=AXIS2_PLACEMENT_3D('',#4300,#3400,#3401);
#2941=AXIS2_PLACEMENT_3D('',#4301,#3402,#3403);
#2942=AXIS2_PLACEMENT_3D('',#4302,#3404,#3405);
#2943=AXIS2_PLACEMENT_3D('',#4305,#3406,#3407);
#2944=AXIS2_PLACEMENT_3D('',#4309,#3410,#3411);
#2945=AXIS2_PLACEMENT_3D('',#4310,#3412,#3413);
#2946=AXIS2_PLACEMENT_3D('',#4311,#3414,#3415);
#2947=AXIS2_PLACEMENT_3D('',#4312,#3416,#3417);
#2948=AXIS2_PLACEMENT_3D('',#4313,#3418,#3419);
#2949=AXIS2_PLACEMENT_3D('',#4314,#3420,#3421);
#2950=AXIS2_PLACEMENT_3D('',#4317,#3422,#3423);
#2951=AXIS2_PLACEMENT_3D('',#4321,#3426,#3427);
#2952=AXIS2_PLACEMENT_3D('',#4322,#3428,#3429);
#2953=AXIS2_PLACEMENT_3D('',#4323,#3430,#3431);
#2954=AXIS2_PLACEMENT_3D('',#4324,#3432,#3433);
#2955=AXIS2_PLACEMENT_3D('',#4325,#3434,#3435);
#2956=AXIS2_PLACEMENT_3D('',#4326,#3436,#3437);
#2957=AXIS2_PLACEMENT_3D('',#4329,#3438,#3439);
#2958=AXIS2_PLACEMENT_3D('',#4333,#3442,#3443);
#2959=AXIS2_PLACEMENT_3D('',#4334,#3444,#3445);
#2960=AXIS2_PLACEMENT_3D('',#4339,#3447,#3448);
#2961=AXIS2_PLACEMENT_3D('',#4343,#3450,#3451);
#2962=AXIS2_PLACEMENT_3D('',#4349,#3455,#3456);
#2963=AXIS2_PLACEMENT_3D('',#4350,#3457,#3458);
#2964=AXIS2_PLACEMENT_3D('',#4351,#3459,#3460);
#2965=AXIS2_PLACEMENT_3D('',#4352,#3461,#3462);
#2966=AXIS2_PLACEMENT_3D('',#4353,#3463,#3464);
#2967=AXIS2_PLACEMENT_3D('',#4358,#3466,#3467);
#2968=AXIS2_PLACEMENT_3D('',#4367,#3472,#3473);
#2969=AXIS2_PLACEMENT_3D('',#4368,#3474,#3475);
#2970=AXIS2_PLACEMENT_3D('',#4369,#3476,#3477);
#2971=AXIS2_PLACEMENT_3D('',#4370,#3478,#3479);
#2972=AXIS2_PLACEMENT_3D('',#4371,#3480,#3481);
#2973=AXIS2_PLACEMENT_3D('',#4374,#3482,#3483);
#2974=AXIS2_PLACEMENT_3D('',#4378,#3486,#3487);
#2975=AXIS2_PLACEMENT_3D('',#4379,#3488,#3489);
#2976=AXIS2_PLACEMENT_3D('',#4385,#3493,#3494);
#2977=AXIS2_PLACEMENT_3D('',#4389,#3497,#3498);
#2978=AXIS2_PLACEMENT_3D('',#4395,#3502,#3503);
#2979=AXIS2_PLACEMENT_3D('',#4399,#3506,#3507);
#2980=AXIS2_PLACEMENT_3D('',#4405,#3511,#3512);
#2981=AXIS2_PLACEMENT_3D('',#4409,#3515,#3516);
#2982=AXIS2_PLACEMENT_3D('',#4415,#3520,#3521);
#2983=AXIS2_PLACEMENT_3D('',#4419,#3524,#3525);
#2984=AXIS2_PLACEMENT_3D('',#4420,#3526,#3527);
#2985=AXIS2_PLACEMENT_3D('',#4421,#3528,#3529);
#2986=AXIS2_PLACEMENT_3D('',#4422,#3530,#3531);
#2987=AXIS2_PLACEMENT_3D('',#4423,#3532,#3533);
#2988=AXIS2_PLACEMENT_3D('',#4424,#3534,#3535);
#2989=AXIS2_PLACEMENT_3D('',#4425,#3536,#3537);
#2990=AXIS2_PLACEMENT_3D('',#4426,#3538,#3539);
#2991=AXIS2_PLACEMENT_3D('',#4427,#3540,#3541);
#2992=AXIS2_PLACEMENT_3D('',#4432,#3543,#3544);
#2993=AXIS2_PLACEMENT_3D('',#4436,#3547,#3548);
#2994=AXIS2_PLACEMENT_3D('',#4439,#3549,#3550);
#2995=AXIS2_PLACEMENT_3D('',#4440,#3551,#3552);
#2996=AXIS2_PLACEMENT_3D('',#4441,#3553,#3554);
#2997=AXIS2_PLACEMENT_3D('',#4460,#3555,#3556);
#2998=AXIS2_PLACEMENT_3D('',#4467,#3557,#3558);
#2999=AXIS2_PLACEMENT_3D('',#4504,#3559,#3560);
#3000=AXIS2_PLACEMENT_3D('',#4510,#3561,#3562);
#3001=AXIS2_PLACEMENT_3D('',#4513,#3563,#3564);
#3002=AXIS2_PLACEMENT_3D('',#4514,#3565,#3566);
#3003=AXIS2_PLACEMENT_3D('',#4515,#3567,#3568);
#3004=AXIS2_PLACEMENT_3D('',#4543,#3569,#3570);
#3005=AXIS2_PLACEMENT_3D('',#4576,#3571,#3572);
#3006=AXIS2_PLACEMENT_3D('',#4581,#3573,#3574);
#3007=AXIS2_PLACEMENT_3D('',#4584,#3577,#3578);
#3008=AXIS2_PLACEMENT_3D('',#4588,#3580,#3581);
#3009=AXIS2_PLACEMENT_3D('',#4590,#3583,#3584);
#3010=AXIS2_PLACEMENT_3D('',#4591,#3585,#3586);
#3011=AXIS2_PLACEMENT_3D('',#4592,#3587,#3588);
#3012=AXIS2_PLACEMENT_3D('',#4593,#3589,#3590);
#3013=AXIS2_PLACEMENT_3D('',#4597,#3592,#3593);
#3014=AXIS2_PLACEMENT_3D('',#4599,#3595,#3596);
#3015=AXIS2_PLACEMENT_3D('',#4603,#3598,#3599);
#3016=AXIS2_PLACEMENT_3D('',#4605,#3601,#3602);
#3017=AXIS2_PLACEMENT_3D('',#4613,#3604,#3605);
#3018=AXIS2_PLACEMENT_3D('',#4623,#3608,#3609);
#3019=AXIS2_PLACEMENT_3D('',#4624,#3610,#3611);
#3020=AXIS2_PLACEMENT_3D('',#4625,#3612,#3613);
#3021=AXIS2_PLACEMENT_3D('',#4627,#3614,#3615);
#3022=AXIS2_PLACEMENT_3D('',#4629,#3616,#3617);
#3023=AXIS2_PLACEMENT_3D('',#4630,#3618,#3619);
#3024=AXIS2_PLACEMENT_3D('',#4631,#3620,#3621);
#3025=AXIS2_PLACEMENT_3D('',#4632,#3622,#3623);
#3026=AXIS2_PLACEMENT_3D('',#4635,#3624,#3625);
#3027=AXIS2_PLACEMENT_3D('',#4636,#3626,#3627);
#3028=AXIS2_PLACEMENT_3D('',#4637,#3628,#3629);
#3029=AXIS2_PLACEMENT_3D('',#4669,#3630,#3631);
#3030=AXIS2_PLACEMENT_3D('',#4676,#3632,#3633);
#3031=AXIS2_PLACEMENT_3D('',#4677,#3634,#3635);
#3032=AXIS2_PLACEMENT_3D('',#4680,#3637,#3638);
#3033=AXIS2_PLACEMENT_3D('',#4681,#3639,#3640);
#3034=AXIS2_PLACEMENT_3D('',#4682,#3641,#3642);
#3035=AXIS2_PLACEMENT_3D('',#4683,#3643,#3644);
#3036=AXIS2_PLACEMENT_3D('',#4685,#3645,#3646);
#3037=AXIS2_PLACEMENT_3D('',#4733,#3648,#3649);
#3038=AXIS2_PLACEMENT_3D('',#4734,#3650,#3651);
#3039=AXIS2_PLACEMENT_3D('',#4735,#3652,#3653);
#3040=AXIS2_PLACEMENT_3D('',#4736,#3654,#3655);
#3041=AXIS2_PLACEMENT_3D('',#4739,#3658,#3659);
#3042=AXIS2_PLACEMENT_3D('',#4741,#3660,#3661);
#3043=AXIS2_PLACEMENT_3D('',#4743,#3663,#3664);
#3044=AXIS2_PLACEMENT_3D('',#4744,#3665,#3666);
#3045=AXIS2_PLACEMENT_3D('',#4745,#3667,#3668);
#3046=AXIS2_PLACEMENT_3D('',#4747,#3669,#3670);
#3047=AXIS2_PLACEMENT_3D('',#4751,#3672,#3673);
#3048=AXIS2_PLACEMENT_3D('',#4753,#3675,#3676);
#3049=AXIS2_PLACEMENT_3D('',#4754,#3677,#3678);
#3050=AXIS2_PLACEMENT_3D('',#4787,#3679,#3680);
#3051=AXIS2_PLACEMENT_3D('',#4789,#3681,#3682);
#3052=AXIS2_PLACEMENT_3D('',#4790,#3683,#3684);
#3053=AXIS2_PLACEMENT_3D('',#4791,#3685,#3686);
#3054=AXIS2_PLACEMENT_3D('',#4794,#3687,#3688);
#3055=AXIS2_PLACEMENT_3D('',#4823,#3691,#3692);
#3056=AXIS2_PLACEMENT_3D('',#4867,#3693,#3694);
#3057=AXIS2_PLACEMENT_3D('',#4896,#3695,#3696);
#3058=AXIS2_PLACEMENT_3D('',#4902,#3699,#3700);
#3059=AXIS2_PLACEMENT_3D('',#4904,#3702,#3703);
#3060=AXIS2_PLACEMENT_3D('',#4906,#3704,#3705);
#3061=AXIS2_PLACEMENT_3D('',#4909,#3707,#3708);
#3062=AXIS2_PLACEMENT_3D('',#4964,#3709,#3710);
#3063=AXIS2_PLACEMENT_3D('',#4982,#3711,#3712);
#3064=AXIS2_PLACEMENT_3D('',#4985,#3713,#3714);
#3065=AXIS2_PLACEMENT_3D('',#4986,#3715,#3716);
#3066=AXIS2_PLACEMENT_3D('',#4987,#3717,#3718);
#3067=AXIS2_PLACEMENT_3D('',#4988,#3719,#3720);
#3068=AXIS2_PLACEMENT_3D('',#4991,#3721,#3722);
#3069=AXIS2_PLACEMENT_3D('',#5020,#3725,#3726);
#3070=AXIS2_PLACEMENT_3D('',#5051,#3727,#3728);
#3071=AXIS2_PLACEMENT_3D('',#5093,#3729,#3730);
#3072=AXIS2_PLACEMENT_3D('',#5096,#3732,#3733);
#3073=AXIS2_PLACEMENT_3D('',#5097,#3734,#3735);
#3074=AXIS2_PLACEMENT_3D('',#5098,#3736,#3737);
#3075=AXIS2_PLACEMENT_3D('',#5100,#3738,#3739);
#3076=AXIS2_PLACEMENT_3D('',#5101,#3740,#3741);
#3077=AXIS2_PLACEMENT_3D('',#5119,#3742,#3743);
#3078=AXIS2_PLACEMENT_3D('',#5124,#3744,#3745);
#3079=AXIS2_PLACEMENT_3D('',#5125,#3746,#3747);
#3080=AXIS2_PLACEMENT_3D('',#5126,#3748,#3749);
#3081=AXIS2_PLACEMENT_3D('',#5127,#3750,#3751);
#3082=AXIS2_PLACEMENT_3D('',#5129,#3752,#3753);
#3083=AXIS2_PLACEMENT_3D('',#5131,#3755,#3756);
#3084=AXIS2_PLACEMENT_3D('',#5133,#3757,#3758);
#3085=AXIS2_PLACEMENT_3D('',#5134,#3759,#3760);
#3086=AXIS2_PLACEMENT_3D('',#5135,#3761,#3762);
#3087=AXIS2_PLACEMENT_3D('',#5138,#3763,#3764);
#3088=AXIS2_PLACEMENT_3D('',#5139,#3765,#3766);
#3089=AXIS2_PLACEMENT_3D('',#5140,#3767,#3768);
#3090=AXIS2_PLACEMENT_3D('',#5141,#3769,#3770);
#3091=AXIS2_PLACEMENT_3D('',#5143,#3771,#3772);
#3092=AXIS2_PLACEMENT_3D('',#5183,#3774,#3775);
#3093=AXIS2_PLACEMENT_3D('',#5196,#3776,#3777);
#3094=AXIS2_PLACEMENT_3D('',#5199,#3780,#3781);
#3095=AXIS2_PLACEMENT_3D('',#5200,#3782,#3783);
#3096=AXIS2_PLACEMENT_3D('',#5201,#3784,#3785);
#3097=AXIS2_PLACEMENT_3D('',#5204,#3788,#3789);
#3098=AXIS2_PLACEMENT_3D('',#5215,#3791,#3792);
#3099=AXIS2_PLACEMENT_3D('',#5216,#3793,#3794);
#3100=AXIS2_PLACEMENT_3D('',#5217,#3795,#3796);
#3101=AXIS2_PLACEMENT_3D('',#5218,#3797,#3798);
#3102=AXIS2_PLACEMENT_3D('',#5220,#3799,#3800);
#3103=AXIS2_PLACEMENT_3D('',#5222,#3802,#3803);
#3104=AXIS2_PLACEMENT_3D('',#5223,#3804,#3805);
#3105=AXIS2_PLACEMENT_3D('',#5224,#3806,#3807);
#3106=AXIS2_PLACEMENT_3D('',#5253,#3808,#3809);
#3107=AXIS2_PLACEMENT_3D('',#5257,#3810,#3811);
#3108=AXIS2_PLACEMENT_3D('',#5258,#3812,#3813);
#3109=AXIS2_PLACEMENT_3D('',#5259,#3814,#3815);
#3110=AXIS2_PLACEMENT_3D('',#5260,#3816,#3817);
#3111=AXIS2_PLACEMENT_3D('',#5263,#3819,#3820);
#3112=AXIS2_PLACEMENT_3D('',#5264,#3821,#3822);
#3113=AXIS2_PLACEMENT_3D('',#5268,#3824,#3825);
#3114=AXIS2_PLACEMENT_3D('',#5277,#3830,#3831);
#3115=AXIS2_PLACEMENT_3D('',#5280,#3833,#3834);
#3116=AXIS2_PLACEMENT_3D('',#5281,#3835,#3836);
#3117=AXIS2_PLACEMENT_3D('',#5284,#3837,#3838);
#3118=AXIS2_PLACEMENT_3D('',#5288,#3840,#3841);
#3119=AXIS2_PLACEMENT_3D('',#5290,#3843,#3844);
#3120=AXIS2_PLACEMENT_3D('',#5292,#3845,#3846);
#3121=AXIS2_PLACEMENT_3D('',#5293,#3847,#3848);
#3122=AXIS2_PLACEMENT_3D('',#5296,#3850,#3851);
#3123=AXIS2_PLACEMENT_3D('',#5297,#3852,#3853);
#3124=AXIS2_PLACEMENT_3D('',#5298,#3854,#3855);
#3125=AXIS2_PLACEMENT_3D('',#5299,#3856,#3857);
#3126=AXIS2_PLACEMENT_3D('',#5313,#3865,#3866);
#3127=AXIS2_PLACEMENT_3D('',#5314,#3867,#3868);
#3128=AXIS2_PLACEMENT_3D('',#5315,#3869,#3870);
#3129=AXIS2_PLACEMENT_3D('',#5317,#3871,#3872);
#3130=AXIS2_PLACEMENT_3D('',#5320,#3874,#3875);
#3131=AXIS2_PLACEMENT_3D('',#5321,#3876,#3877);
#3132=AXIS2_PLACEMENT_3D('',#5324,#3878,#3879);
#3133=AXIS2_PLACEMENT_3D('',#5325,#3880,#3881);
#3134=AXIS2_PLACEMENT_3D('',#5326,#3882,#3883);
#3135=AXIS2_PLACEMENT_3D('',#5327,#3884,#3885);
#3136=AXIS2_PLACEMENT_3D('',#5332,#3888,#3889);
#3137=AXIS2_PLACEMENT_3D('',#5333,#3890,#3891);
#3138=AXIS2_PLACEMENT_3D('',#5337,#3893,#3894);
#3139=AXIS2_PLACEMENT_3D('',#5339,#3895,#3896);
#3140=AXIS2_PLACEMENT_3D('',#5342,#3898,#3899);
#3141=AXIS2_PLACEMENT_3D('',#5343,#3900,#3901);
#3142=AXIS2_PLACEMENT_3D('',#5361,#3904,#3905);
#3143=AXIS2_PLACEMENT_3D('',#5365,#3907,#3908);
#3144=AXIS2_PLACEMENT_3D('',#5366,#3909,#3910);
#3145=AXIS2_PLACEMENT_3D('',#5367,#3911,#3912);
#3146=AXIS2_PLACEMENT_3D('',#5369,#3914,#3915);
#3147=AXIS2_PLACEMENT_3D('',#5370,#3916,#3917);
#3148=AXIS2_PLACEMENT_3D('',#5371,#3918,#3919);
#3149=AXIS2_PLACEMENT_3D('',#5372,#3920,#3921);
#3150=AXIS2_PLACEMENT_3D('',#5378,#3925,#3926);
#3151=AXIS2_PLACEMENT_3D('',#5379,#3927,#3928);
#3152=AXIS2_PLACEMENT_3D('',#5380,#3929,#3930);
#3153=AXIS2_PLACEMENT_3D('',#5382,#3931,#3932);
#3154=AXIS2_PLACEMENT_3D('',#5384,#3933,#3934);
#3155=AXIS2_PLACEMENT_3D('',#5385,#3935,#3936);
#3156=AXIS2_PLACEMENT_3D('',#5386,#3937,#3938);
#3157=AXIS2_PLACEMENT_3D('',#5389,#3939,#3940);
#3158=AXIS2_PLACEMENT_3D('',#5390,#3941,#3942);
#3159=AXIS2_PLACEMENT_3D('',#5391,#3943,#3944);
#3160=AXIS2_PLACEMENT_3D('',#5392,#3945,#3946);
#3161=AXIS2_PLACEMENT_3D('',#5394,#3947,#3948);
#3162=AXIS2_PLACEMENT_3D('',#5432,#3950,#3951);
#3163=AXIS2_PLACEMENT_3D('',#5433,#3952,#3953);
#3164=AXIS2_PLACEMENT_3D('',#5434,#3954,#3955);
#3165=AXIS2_PLACEMENT_3D('',#5436,#3957,#3958);
#3166=AXIS2_PLACEMENT_3D('',#5438,#3959,#3960);
#3167=AXIS2_PLACEMENT_3D('',#5440,#3962,#3963);
#3168=AXIS2_PLACEMENT_3D('',#5442,#3964,#3965);
#3169=AXIS2_PLACEMENT_3D('',#5443,#3966,#3967);
#3170=AXIS2_PLACEMENT_3D('',#5444,#3968,#3969);
#3171=AXIS2_PLACEMENT_3D('',#5445,#3970,#3971);
#3172=AXIS2_PLACEMENT_3D('',#5446,#3972,#3973);
#3173=AXIS2_PLACEMENT_3D('',#5448,#3975,#3976);
#3174=AXIS2_PLACEMENT_3D('',#5449,#3977,#3978);
#3175=AXIS2_PLACEMENT_3D('',#5450,#3979,#3980);
#3176=AXIS2_PLACEMENT_3D('',#5451,#3981,#3982);
#3177=AXIS2_PLACEMENT_3D('',#5452,#3983,#3984);
#3178=AXIS2_PLACEMENT_3D('',#5453,#3985,#3986);
#3179=AXIS2_PLACEMENT_3D('',#5454,#3987,#3988);
#3180=AXIS2_PLACEMENT_3D('',#5457,#3991,#3992);
#3181=AXIS2_PLACEMENT_3D('',#5460,#3994,#3995);
#3182=AXIS2_PLACEMENT_3D('',#5461,#3996,#3997);
#3183=AXIS2_PLACEMENT_3D('',#5463,#3998,#3999);
#3184=AXIS2_PLACEMENT_3D('',#5464,#4000,#4001);
#3185=AXIS2_PLACEMENT_3D('',#5465,#4002,#4003);
#3186=AXIS2_PLACEMENT_3D('',#5467,#4005,#4006);
#3187=AXIS2_PLACEMENT_3D('',#5468,#4007,#4008);
#3188=AXIS2_PLACEMENT_3D('',#5470,#4009,#4010);
#3189=AXIS2_PLACEMENT_3D('',#5472,#4011,#4012);
#3190=AXIS2_PLACEMENT_3D('',#5474,#4013,#4014);
#3191=AXIS2_PLACEMENT_3D('',#5475,#4015,#4016);
#3192=AXIS2_PLACEMENT_3D('',#5476,#4017,#4018);
#3193=AXIS2_PLACEMENT_3D('',#5479,#4019,#4020);
#3194=AXIS2_PLACEMENT_3D('',#5482,#4023,#4024);
#3195=AXIS2_PLACEMENT_3D('',#5484,#4025,#4026);
#3196=AXIS2_PLACEMENT_3D('',#5485,#4027,#4028);
#3197=AXIS2_PLACEMENT_3D('',#5486,#4029,#4030);
#3198=AXIS2_PLACEMENT_3D('',#5487,#4031,#4032);
#3199=AXIS2_PLACEMENT_3D('',#5489,#4034,#4035);
#3200=AXIS2_PLACEMENT_3D('',#5491,#4036,#4037);
#3201=AXIS2_PLACEMENT_3D('',#5492,#4038,#4039);
#3202=AXIS2_PLACEMENT_3D('',#5493,#4040,#4041);
#3203=AXIS2_PLACEMENT_3D('',#5495,#4042,#4043);
#3204=AXIS2_PLACEMENT_3D('',#5497,#4045,#4046);
#3205=AXIS2_PLACEMENT_3D('',#5498,#4047,#4048);
#3206=AXIS2_PLACEMENT_3D('',#5499,#4049,#4050);
#3207=AXIS2_PLACEMENT_3D('',#5501,#4051,#4052);
#3208=AXIS2_PLACEMENT_3D('',#5502,#4053,#4054);
#3209=AXIS2_PLACEMENT_3D('',#5503,#4055,#4056);
#3210=AXIS2_PLACEMENT_3D('',#5505,#4058,#4059);
#3211=AXIS2_PLACEMENT_3D('',#5507,#4061,#4062);
#3212=AXIS2_PLACEMENT_3D('',#5510,#4065,#4066);
#3213=AXIS2_PLACEMENT_3D('',#5511,#4067,#4068);
#3214=AXIS2_PLACEMENT_3D('',#5512,#4069,#4070);
#3215=AXIS2_PLACEMENT_3D('',#5513,#4071,#4072);
#3216=AXIS2_PLACEMENT_3D('',#5514,#4073,#4074);
#3217=AXIS2_PLACEMENT_3D('',#5515,#4075,#4076);
#3218=AXIS2_PLACEMENT_3D('',#5517,#4078,#4079);
#3219=AXIS2_PLACEMENT_3D('',#5518,#4080,#4081);
#3220=AXIS2_PLACEMENT_3D('',#5519,#4082,#4083);
#3221=AXIS2_PLACEMENT_3D('',#5520,#4084,#4085);
#3222=AXIS2_PLACEMENT_3D('',#5521,#4086,#4087);
#3223=AXIS2_PLACEMENT_3D('',#5522,#4088,#4089);
#3224=DIRECTION('axis',(0.,0.,1.));
#3225=DIRECTION('refdir',(1.,0.,0.));
#3226=DIRECTION('center_axis',(0.600000000000001,0.,0.799999999999999));
#3227=DIRECTION('ref_axis',(0.799999999999999,0.,-0.600000000000001));
#3228=DIRECTION('',(0.799999999999999,0.,-0.600000000000001));
#3229=DIRECTION('',(0.,1.,0.));
#3230=DIRECTION('',(0.799999999999999,0.,-0.600000000000001));
#3231=DIRECTION('',(0.,-1.,0.));
#3232=DIRECTION('center_axis',(-0.6,0.,0.8));
#3233=DIRECTION('ref_axis',(0.8,0.,0.599999999999999));
#3234=DIRECTION('',(0.8,0.,0.599999999999999));
#3235=DIRECTION('',(0.,-1.,0.));
#3236=DIRECTION('',(0.8,0.,0.599999999999999));
#3237=DIRECTION('center_axis',(0.,1.,0.));
#3238=DIRECTION('ref_axis',(-0.328528566642538,0.,-0.944494034337856));
#3239=DIRECTION('',(0.,-1.,0.));
#3240=DIRECTION('center_axis',(0.,-1.,0.));
#3241=DIRECTION('ref_axis',(-0.328528566642538,0.,-0.944494034337856));
#3242=DIRECTION('',(0.,1.,0.));
#3243=DIRECTION('center_axis',(0.,-1.,0.));
#3244=DIRECTION('ref_axis',(-0.328528566642538,0.,-0.944494034337856));
#3245=DIRECTION('center_axis',(0.599999993758376,0.,0.800000004681218));
#3246=DIRECTION('ref_axis',(0.800000004681218,0.,-0.599999993758376));
#3247=DIRECTION('',(0.800000004681218,0.,-0.599999993758376));
#3248=DIRECTION('',(0.,1.,0.));
#3249=DIRECTION('',(0.800000004681218,0.,-0.599999993758376));
#3250=DIRECTION('',(0.,-1.,0.));
#3251=DIRECTION('center_axis',(-0.631820506113221,0.,0.775114732187973));
#3252=DIRECTION('ref_axis',(0.775114732187973,0.,0.631820506113221));
#3253=DIRECTION('',(0.775114732187973,0.,0.631820506113221));
#3254=DIRECTION('',(0.775114732187973,0.,0.631820506113221));
#3255=DIRECTION('center_axis',(0.600000000000001,0.,0.8));
#3256=DIRECTION('ref_axis',(0.8,0.,-0.600000000000001));
#3257=DIRECTION('',(0.8,0.,-0.600000000000001));
#3258=DIRECTION('',(0.,1.,0.));
#3259=DIRECTION('',(0.8,0.,-0.600000000000001));
#3260=DIRECTION('',(0.,-1.,0.));
#3261=DIRECTION('center_axis',(-0.600000000000001,0.,0.799999999999999));
#3262=DIRECTION('ref_axis',(0.799999999999999,0.,0.600000000000001));
#3263=DIRECTION('',(0.799999999999999,0.,0.600000000000001));
#3264=DIRECTION('',(0.,1.,0.));
#3265=DIRECTION('',(0.799999999999999,0.,0.600000000000001));
#3266=DIRECTION('center_axis',(0.599946787182066,0.,0.800039906848351));
#3267=DIRECTION('ref_axis',(0.800039906848351,0.,-0.599946787182066));
#3268=DIRECTION('',(0.800039906848351,0.,-0.599946787182066));
#3269=DIRECTION('',(0.,1.,0.));
#3270=DIRECTION('',(0.800039906848351,0.,-0.599946787182066));
#3271=DIRECTION('',(0.,1.,0.));
#3272=DIRECTION('center_axis',(-0.599946799411263,0.,0.800039897677723));
#3273=DIRECTION('ref_axis',(0.800039897677723,0.,0.599946799411263));
#3274=DIRECTION('',(0.800039897677723,0.,0.599946799411263));
#3275=DIRECTION('',(0.,-1.,0.));
#3276=DIRECTION('',(0.800039897677723,0.,0.599946799411263));
#3277=DIRECTION('center_axis',(0.,1.,0.));
#3278=DIRECTION('ref_axis',(-1.07187543957223E-15,0.,-1.));
#3279=DIRECTION('center_axis',(0.,-1.,0.));
#3280=DIRECTION('ref_axis',(1.,0.,0.));
#3281=DIRECTION('center_axis',(0.,1.,0.));
#3282=DIRECTION('ref_axis',(1.,0.,0.));
#3283=DIRECTION('center_axis',(0.,1.,0.));
#3284=DIRECTION('ref_axis',(-0.00126089812950005,0.,-0.999999205067638));
#3285=DIRECTION('center_axis',(0.,-1.,0.));
#3286=DIRECTION('ref_axis',(1.,0.,0.));
#3287=DIRECTION('center_axis',(0.,1.,0.));
#3288=DIRECTION('ref_axis',(1.,0.,0.));
#3289=DIRECTION('center_axis',(0.,1.,0.));
#3290=DIRECTION('ref_axis',(-1.93716910436791E-15,0.,-1.));
#3291=DIRECTION('center_axis',(0.,1.,0.));
#3292=DIRECTION('ref_axis',(1.,0.,0.));
#3293=DIRECTION('center_axis',(0.,-1.,0.));
#3294=DIRECTION('ref_axis',(1.,0.,0.));
#3295=DIRECTION('center_axis',(0.,1.,0.));
#3296=DIRECTION('ref_axis',(-1.,0.,1.14751733811386E-16));
#3297=DIRECTION('',(-1.,0.,1.14751733811386E-16));
#3298=DIRECTION('center_axis',(0.,1.,0.));
#3299=DIRECTION('ref_axis',(1.,0.,1.22464679914735E-16));
#3300=DIRECTION('',(1.,0.,-2.14535850169112E-16));
#3301=DIRECTION('',(0.,0.,1.));
#3302=DIRECTION('center_axis',(0.,-1.,0.));
#3303=DIRECTION('ref_axis',(1.,0.,0.));
#3304=DIRECTION('center_axis',(0.752297518999914,0.,0.658823529411765));
#3305=DIRECTION('ref_axis',(-0.658823529411765,0.,0.752297518999914));
#3306=DIRECTION('',(0.658823529411765,0.,-0.752297518999914));
#3307=DIRECTION('',(0.,-1.,0.));
#3308=DIRECTION('',(-0.658823529411765,0.,0.752297518999914));
#3309=DIRECTION('',(0.,1.,0.));
#3310=DIRECTION('center_axis',(0.752297518999914,0.,0.658823529411765));
#3311=DIRECTION('ref_axis',(-0.658823529411765,0.,0.752297518999914));
#3312=DIRECTION('',(0.658823529411765,0.,-0.752297518999914));
#3313=DIRECTION('',(0.,-1.,0.));
#3314=DIRECTION('',(-0.658823529411765,-3.09455829488279E-16,0.752297518999914));
#3315=DIRECTION('',(0.,1.,0.));
#3316=DIRECTION('center_axis',(-0.752297518999914,0.,0.658823529411765));
#3317=DIRECTION('ref_axis',(-0.658823529411765,0.,-0.752297518999914));
#3318=DIRECTION('',(0.658823529411765,0.,0.752297518999914));
#3319=DIRECTION('',(0.,1.,0.));
#3320=DIRECTION('',(-0.658823529411765,0.,-0.752297518999914));
#3321=DIRECTION('center_axis',(-0.752297518999914,0.,0.658823529411765));
#3322=DIRECTION('ref_axis',(-0.658823529411765,0.,-0.752297518999914));
#3323=DIRECTION('',(0.658823529411765,0.,0.752297518999914));
#3324=DIRECTION('',(0.,1.,0.));
#3325=DIRECTION('',(-0.658823529411765,-3.09455829488279E-16,-0.752297518999914));
#3326=DIRECTION('center_axis',(-0.752297518999914,0.,0.658823529411764));
#3327=DIRECTION('ref_axis',(-0.658823529411764,0.,-0.752297518999914));
#3328=DIRECTION('',(0.658823529411764,0.,0.752297518999914));
#3329=DIRECTION('',(0.,1.,0.));
#3330=DIRECTION('',(-0.658823529411764,0.,-0.752297518999914));
#3331=DIRECTION('',(0.,-1.,0.));
#3332=DIRECTION('center_axis',(-0.752297518999914,0.,0.658823529411764));
#3333=DIRECTION('ref_axis',(-0.658823529411764,0.,-0.752297518999914));
#3334=DIRECTION('',(-0.658823529411764,-3.09455829488279E-16,-0.752297518999914));
#3335=DIRECTION('',(0.,-1.,0.));
#3336=DIRECTION('',(0.658823529411764,0.,0.752297518999914));
#3337=DIRECTION('',(0.,1.,0.));
#3338=DIRECTION('center_axis',(0.752297518999914,0.,0.658823529411764));
#3339=DIRECTION('ref_axis',(-0.658823529411764,0.,0.752297518999914));
#3340=DIRECTION('',(0.658823529411764,0.,-0.752297518999914));
#3341=DIRECTION('',(-0.658823529411764,0.,0.752297518999914));
#3342=DIRECTION('',(0.,1.,0.));
#3343=DIRECTION('center_axis',(0.752297518999914,0.,0.658823529411764));
#3344=DIRECTION('ref_axis',(-0.658823529411764,0.,0.752297518999914));
#3345=DIRECTION('',(-0.658823529411764,-3.09455829488279E-16,0.752297518999914));
#3346=DIRECTION('',(0.,1.,0.));
#3347=DIRECTION('',(0.658823529411764,0.,-0.752297518999914));
#3348=DIRECTION('center_axis',(-0.752297518999914,0.,0.658823529411764));
#3349=DIRECTION('ref_axis',(-0.658823529411764,0.,-0.752297518999914));
#3350=DIRECTION('',(0.658823529411764,0.,0.752297518999914));
#3351=DIRECTION('',(0.,1.,0.));
#3352=DIRECTION('',(-0.658823529411764,0.,-0.752297518999914));
#3353=DIRECTION('',(0.,-1.,0.));
#3354=DIRECTION('center_axis',(-0.752297518999914,0.,0.658823529411764));
#3355=DIRECTION('ref_axis',(-0.658823529411764,0.,-0.752297518999914));
#3356=DIRECTION('',(-0.658823529411764,-3.09455829488279E-16,-0.752297518999914));
#3357=DIRECTION('',(0.,-1.,0.));
#3358=DIRECTION('',(0.658823529411764,0.,0.752297518999914));
#3359=DIRECTION('',(0.,1.,0.));
#3360=DIRECTION('center_axis',(0.752297518999913,0.,0.658823529411765));
#3361=DIRECTION('ref_axis',(-0.658823529411765,0.,0.752297518999913));
#3362=DIRECTION('',(0.658823529411765,0.,-0.752297518999913));
#3363=DIRECTION('',(-0.658823529411765,0.,0.752297518999913));
#3364=DIRECTION('',(0.,1.,0.));
#3365=DIRECTION('center_axis',(0.752297518999913,0.,0.658823529411765));
#3366=DIRECTION('ref_axis',(-0.658823529411765,0.,0.752297518999913));
#3367=DIRECTION('',(-0.658823529411765,-3.09455829488279E-16,0.752297518999913));
#3368=DIRECTION('',(0.,1.,0.));
#3369=DIRECTION('',(0.658823529411765,0.,-0.752297518999913));
#3370=DIRECTION('center_axis',(-0.752297518999914,0.,0.658823529411765));
#3371=DIRECTION('ref_axis',(-0.658823529411765,0.,-0.752297518999914));
#3372=DIRECTION('',(0.658823529411765,0.,0.752297518999914));
#3373=DIRECTION('',(0.,1.,0.));
#3374=DIRECTION('',(-0.658823529411765,0.,-0.752297518999914));
#3375=DIRECTION('',(0.,-1.,0.));
#3376=DIRECTION('center_axis',(-0.752297518999914,0.,0.658823529411765));
#3377=DIRECTION('ref_axis',(-0.658823529411765,0.,-0.752297518999914));
#3378=DIRECTION('',(-0.658823529411765,-3.09455829488279E-16,-0.752297518999914));
#3379=DIRECTION('',(0.,-1.,0.));
#3380=DIRECTION('',(0.658823529411765,0.,0.752297518999914));
#3381=DIRECTION('',(0.,1.,0.));
#3382=DIRECTION('center_axis',(0.752297518999915,0.,0.658823529411764));
#3383=DIRECTION('ref_axis',(-0.658823529411764,0.,0.752297518999915));
#3384=DIRECTION('',(0.658823529411764,0.,-0.752297518999915));
#3385=DIRECTION('',(-0.658823529411764,0.,0.752297518999915));
#3386=DIRECTION('',(0.,1.,0.));
#3387=DIRECTION('center_axis',(0.752297518999915,0.,0.658823529411764));
#3388=DIRECTION('ref_axis',(-0.658823529411764,0.,0.752297518999915));
#3389=DIRECTION('',(-0.658823529411764,-3.09455829488278E-16,0.752297518999915));
#3390=DIRECTION('',(0.,1.,0.));
#3391=DIRECTION('',(0.658823529411764,0.,-0.752297518999915));
#3392=DIRECTION('center_axis',(0.,-1.,0.));
#3393=DIRECTION('ref_axis',(6.12323399573677E-17,0.,-1.));
#3394=DIRECTION('center_axis',(-4.69709741187566E-16,1.,8.31047919613003E-32));
#3395=DIRECTION('ref_axis',(1.,0.,0.));
#3396=DIRECTION('center_axis',(0.,-1.,0.));
#3397=DIRECTION('ref_axis',(1.,0.,0.));
#3398=DIRECTION('center_axis',(0.,-1.,0.));
#3399=DIRECTION('ref_axis',(6.12323399573677E-17,0.,-1.));
#3400=DIRECTION('center_axis',(0.,1.,0.));
#3401=DIRECTION('ref_axis',(1.,0.,0.));
#3402=DIRECTION('center_axis',(0.,-1.,0.));
#3403=DIRECTION('ref_axis',(1.,0.,0.));
#3404=DIRECTION('center_axis',(0.,1.,0.));
#3405=DIRECTION('ref_axis',(0.,0.,1.));
#3406=DIRECTION('center_axis',(0.,-1.,0.));
#3407=DIRECTION('ref_axis',(1.,0.,0.));
#3408=DIRECTION('',(-0.799999995318781,0.,-0.600000006241625));
#3409=DIRECTION('',(-0.800000004681219,0.,0.599999993758375));
#3410=DIRECTION('center_axis',(0.,-1.,0.));
#3411=DIRECTION('ref_axis',(-1.83697019872103E-16,0.,-1.));
#3412=DIRECTION('center_axis',(0.,-1.,0.));
#3413=DIRECTION('ref_axis',(1.,0.,0.));
#3414=DIRECTION('center_axis',(-4.69709741187566E-16,1.,8.31047919613003E-32));
#3415=DIRECTION('ref_axis',(1.,0.,0.));
#3416=DIRECTION('center_axis',(0.,-1.,0.));
#3417=DIRECTION('ref_axis',(0.,0.,-1.));
#3418=DIRECTION('center_axis',(0.,1.,0.));
#3419=DIRECTION('ref_axis',(1.,0.,0.));
#3420=DIRECTION('center_axis',(0.,1.,0.));
#3421=DIRECTION('ref_axis',(0.,0.,1.));
#3422=DIRECTION('center_axis',(0.,-1.,0.));
#3423=DIRECTION('ref_axis',(1.,0.,0.));
#3424=DIRECTION('',(-0.800039892614963,0.,-0.599946806162545));
#3425=DIRECTION('',(-0.800039904316971,0.,0.599946790557706));
#3426=DIRECTION('center_axis',(0.,1.,0.));
#3427=DIRECTION('ref_axis',(1.,0.,0.));
#3428=DIRECTION('center_axis',(0.,-1.,0.));
#3429=DIRECTION('ref_axis',(-1.83697019872103E-16,0.,-1.));
#3430=DIRECTION('center_axis',(0.,-1.,0.));
#3431=DIRECTION('ref_axis',(1.,0.,0.));
#3432=DIRECTION('center_axis',(-4.69709741187566E-16,1.,8.31047919613003E-32));
#3433=DIRECTION('ref_axis',(1.,0.,0.));
#3434=DIRECTION('center_axis',(0.,-1.,0.));
#3435=DIRECTION('ref_axis',(0.,0.,-1.));
#3436=DIRECTION('center_axis',(0.,1.,0.));
#3437=DIRECTION('ref_axis',(0.,0.,1.));
#3438=DIRECTION('center_axis',(0.,-1.,0.));
#3439=DIRECTION('ref_axis',(1.,0.,0.));
#3440=DIRECTION('',(-0.8,0.,-0.6));
#3441=DIRECTION('',(-0.8,0.,0.6));
#3442=DIRECTION('center_axis',(0.,1.,0.));
#3443=DIRECTION('ref_axis',(1.,0.,0.));
#3444=DIRECTION('center_axis',(4.69709741187566E-16,-1.,-8.31047919613003E-32));
#3445=DIRECTION('ref_axis',(1.,4.69709741187566E-16,-2.14535850169112E-16));
#3446=DIRECTION('',(2.27091073218782E-16,2.35620972663004E-32,1.));
#3447=DIRECTION('center_axis',(-4.69709741187566E-16,1.,8.31047919613003E-32));
#3448=DIRECTION('ref_axis',(-4.01649889371166E-15,-1.80348386388415E-30,
-1.));
#3449=DIRECTION('',(-2.27091073218782E-16,-2.35620972663004E-32,-1.));
#3450=DIRECTION('center_axis',(4.69709741187566E-16,-1.,-8.31047919613003E-32));
#3451=DIRECTION('ref_axis',(1.,4.69709741187566E-16,-1.22464679914735E-16));
#3452=DIRECTION('',(1.,4.69709741187566E-16,-1.14751733811386E-16));
#3453=DIRECTION('',(-1.76927972051818E-16,0.,-1.));
#3454=DIRECTION('',(-1.,-4.69709741187566E-16,2.14535850169112E-16));
#3455=DIRECTION('center_axis',(-4.69709741187566E-16,1.,8.31047919613003E-32));
#3456=DIRECTION('ref_axis',(1.,0.,0.));
#3457=DIRECTION('center_axis',(0.,-1.,0.));
#3458=DIRECTION('ref_axis',(-1.07187543957223E-15,0.,-1.));
#3459=DIRECTION('center_axis',(0.,-1.,0.));
#3460=DIRECTION('ref_axis',(1.,0.,0.));
#3461=DIRECTION('center_axis',(0.,-1.,0.));
#3462=DIRECTION('ref_axis',(0.,0.,-1.));
#3463=DIRECTION('center_axis',(0.,1.,0.));
#3464=DIRECTION('ref_axis',(-1.,0.,2.14535850169112E-16));
#3465=DIRECTION('',(2.27091073218782E-16,0.,1.));
#3466=DIRECTION('center_axis',(0.,-1.,0.));
#3467=DIRECTION('ref_axis',(1.44463008291146E-15,0.,-1.));
#3468=DIRECTION('',(-2.27091073218782E-16,0.,-1.));
#3469=DIRECTION('',(1.,0.,-2.14535850169112E-16));
#3470=DIRECTION('',(1.76927972051818E-16,0.,1.));
#3471=DIRECTION('',(-1.,0.,1.14751733811386E-16));
#3472=DIRECTION('center_axis',(0.,1.,0.));
#3473=DIRECTION('ref_axis',(1.,0.,1.22464679914735E-16));
#3474=DIRECTION('center_axis',(0.,-1.,0.));
#3475=DIRECTION('ref_axis',(1.,0.,0.));
#3476=DIRECTION('center_axis',(0.,-1.,0.));
#3477=DIRECTION('ref_axis',(1.,0.,0.));
#3478=DIRECTION('center_axis',(0.,-1.,0.));
#3479=DIRECTION('ref_axis',(1.,0.,0.));
#3480=DIRECTION('center_axis',(0.,1.,0.));
#3481=DIRECTION('ref_axis',(0.,0.,1.));
#3482=DIRECTION('center_axis',(0.,-1.,0.));
#3483=DIRECTION('ref_axis',(1.,0.,0.));
#3484=DIRECTION('',(-0.812728538199224,0.,-0.582642534661306));
#3485=DIRECTION('',(-0.812728538199224,0.,0.582642534661306));
#3486=DIRECTION('center_axis',(0.,1.,0.));
#3487=DIRECTION('ref_axis',(1.,0.,0.));
#3488=DIRECTION('center_axis',(-0.600000006241625,0.,0.799999995318781));
#3489=DIRECTION('ref_axis',(-0.799999995318781,0.,-0.600000006241625));
#3490=DIRECTION('',(-0.799999995318781,0.,-0.600000006241625));
#3491=DIRECTION('',(0.,-1.,0.));
#3492=DIRECTION('',(0.,1.,0.));
#3493=DIRECTION('center_axis',(0.599999993758375,0.,0.800000004681219));
#3494=DIRECTION('ref_axis',(-0.800000004681218,0.,0.599999993758375));
#3495=DIRECTION('',(-0.800000004681219,0.,0.599999993758375));
#3496=DIRECTION('',(0.,1.,0.));
#3497=DIRECTION('center_axis',(-0.599946806162545,0.,0.800039892614963));
#3498=DIRECTION('ref_axis',(-0.800039892614963,0.,-0.599946806162545));
#3499=DIRECTION('',(-0.800039892614963,0.,-0.599946806162545));
#3500=DIRECTION('',(0.,-1.,0.));
#3501=DIRECTION('',(0.,1.,0.));
#3502=DIRECTION('center_axis',(0.599946790557706,0.,0.800039904316971));
#3503=DIRECTION('ref_axis',(-0.800039904316971,0.,0.599946790557706));
#3504=DIRECTION('',(-0.800039904316971,0.,0.599946790557706));
#3505=DIRECTION('',(0.,1.,0.));
#3506=DIRECTION('center_axis',(-0.6,0.,0.8));
#3507=DIRECTION('ref_axis',(-0.8,0.,-0.6));
#3508=DIRECTION('',(-0.8,0.,-0.6));
#3509=DIRECTION('',(0.,-1.,0.));
#3510=DIRECTION('',(0.,1.,0.));
#3511=DIRECTION('center_axis',(0.6,0.,0.8));
#3512=DIRECTION('ref_axis',(-0.8,0.,0.6));
#3513=DIRECTION('',(-0.8,0.,0.6));
#3514=DIRECTION('',(0.,1.,0.));
#3515=DIRECTION('center_axis',(-0.582642534661306,0.,0.812728538199225));
#3516=DIRECTION('ref_axis',(-0.812728538199224,0.,-0.582642534661306));
#3517=DIRECTION('',(-0.812728538199224,0.,-0.582642534661306));
#3518=DIRECTION('',(0.,-1.,0.));
#3519=DIRECTION('',(0.,1.,0.));
#3520=DIRECTION('center_axis',(0.582642534661306,0.,0.812728538199225));
#3521=DIRECTION('ref_axis',(-0.812728538199224,0.,0.582642534661306));
#3522=DIRECTION('',(-0.812728538199224,0.,0.582642534661306));
#3523=DIRECTION('',(0.,1.,0.));
#3524=DIRECTION('center_axis',(0.,-1.,0.));
#3525=DIRECTION('ref_axis',(7.80203083754531E-9,0.,-1.));
#3526=DIRECTION('center_axis',(0.,-1.,0.));
#3527=DIRECTION('ref_axis',(1.,0.,0.));
#3528=DIRECTION('center_axis',(0.,-1.,0.));
#3529=DIRECTION('ref_axis',(9.75253814876668E-9,0.,-1.));
#3530=DIRECTION('center_axis',(0.,-1.,0.));
#3531=DIRECTION('ref_axis',(1.,0.,0.));
#3532=DIRECTION('center_axis',(0.,-1.,0.));
#3533=DIRECTION('ref_axis',(-1.83697019872103E-16,0.,-1.));
#3534=DIRECTION('center_axis',(0.,-1.,0.));
#3535=DIRECTION('ref_axis',(1.,0.,0.));
#3536=DIRECTION('center_axis',(0.,-1.,0.));
#3537=DIRECTION('ref_axis',(6.12323399573677E-17,0.,-1.));
#3538=DIRECTION('center_axis',(0.,-1.,0.));
#3539=DIRECTION('ref_axis',(1.,0.,0.));
#3540=DIRECTION('center_axis',(0.,1.,0.));
#3541=DIRECTION('ref_axis',(0.,0.,1.));
#3542=DIRECTION('',(-1.,0.,2.14535850169112E-16));
#3543=DIRECTION('center_axis',(0.,-1.,0.));
#3544=DIRECTION('ref_axis',(1.,0.,1.22464679914735E-16));
#3545=DIRECTION('',(1.,0.,-1.14751733811386E-16));
#3546=DIRECTION('',(0.,0.,-1.));
#3547=DIRECTION('center_axis',(0.,0.,1.));
#3548=DIRECTION('ref_axis',(1.,0.,0.));
#3549=DIRECTION('center_axis',(0.,-1.,0.));
#3550=DIRECTION('ref_axis',(-1.,0.,-1.11022302462515E-15));
#3551=DIRECTION('center_axis',(-0.661437827766149,0.,0.749999999999999));
#3552=DIRECTION('ref_axis',(0.749999999999999,0.,0.661437827766149));
#3553=DIRECTION('center_axis',(-2.27091073218782E-16,0.,-1.));
#3554=DIRECTION('ref_axis',(-0.707106781186552,-0.707106781186543,0.));
#3555=DIRECTION('center_axis',(0.285009582083289,-0.906272710422157,-0.312152706963733));
#3556=DIRECTION('ref_axis',(-0.953939201416294,-0.300000000002072,1.11022302462516E-15));
#3557=DIRECTION('center_axis',(0.,1.,0.));
#3558=DIRECTION('ref_axis',(-0.749999999999999,0.,-0.661437827766149));
#3559=DIRECTION('center_axis',(0.852547118489795,1.63377567264107E-15,-0.522650371428881));
#3560=DIRECTION('ref_axis',(5.5511151231258E-16,-1.,-2.22044604925032E-15));
#3561=DIRECTION('center_axis',(7.93016446160826E-17,-1.,-1.80086955838807E-32));
#3562=DIRECTION('ref_axis',(-1.89882151931499E-15,0.,1.));
#3563=DIRECTION('center_axis',(0.852547118489793,-1.06999755926637E-16,
0.522650371428884));
#3564=DIRECTION('ref_axis',(5.5511151231258E-16,-1.,-1.11022302462516E-15));
#3565=DIRECTION('center_axis',(-7.93016446160826E-17,1.,1.80086955838807E-32));
#3566=DIRECTION('ref_axis',(-2.342402954679E-15,0.,1.));
#3567=DIRECTION('center_axis',(1.58603289232165E-16,-1.,-3.60173911677613E-32));
#3568=DIRECTION('ref_axis',(-2.33146835171283E-15,-4.05795940490111E-31,
1.));
#3569=DIRECTION('center_axis',(0.285009582087823,0.906272710422131,0.312152706959669));
#3570=DIRECTION('ref_axis',(0.953939201414926,-0.300000000006423,3.33066907387546E-15));
#3571=DIRECTION('center_axis',(0.,1.,0.));
#3572=DIRECTION('ref_axis',(1.,0.,3.33066907387547E-15));
#3573=DIRECTION('center_axis',(0.,1.,0.));
#3574=DIRECTION('ref_axis',(-0.935414346693485,0.,-0.353553390593274));
#3575=DIRECTION('',(0.,-1.,0.));
#3576=DIRECTION('',(-4.37526315123214E-16,1.,9.93583204627898E-32));
#3577=DIRECTION('center_axis',(0.,-1.,0.));
#3578=DIRECTION('ref_axis',(0.935414346693485,0.,-0.353553390593274));
#3579=DIRECTION('',(4.37526315123214E-16,-1.,-9.93583204627898E-32));
#3580=DIRECTION('center_axis',(0.,1.,0.));
#3581=DIRECTION('ref_axis',(1.,0.,0.));
#3582=DIRECTION('',(0.,1.,0.));
#3583=DIRECTION('center_axis',(0.,0.,1.));
#3584=DIRECTION('ref_axis',(1.,0.,0.));
#3585=DIRECTION('center_axis',(-2.27091073218782E-16,0.,-1.));
#3586=DIRECTION('ref_axis',(0.707106781186551,-0.707106781186544,0.));
#3587=DIRECTION('center_axis',(0.661437827766146,0.,0.750000000000001));
#3588=DIRECTION('ref_axis',(-0.750000000000001,0.,0.661437827766146));
#3589=DIRECTION('center_axis',(-2.27091073218782E-16,0.,-1.));
#3590=DIRECTION('ref_axis',(-0.707106781186542,0.707106781186553,0.));
#3591=DIRECTION('',(2.27091073218782E-16,0.,1.));
#3592=DIRECTION('center_axis',(0.,0.,-1.));
#3593=DIRECTION('ref_axis',(0.,1.,0.));
#3594=DIRECTION('',(-2.27091073218782E-16,0.,-1.));
#3595=DIRECTION('center_axis',(-1.58603289232165E-16,1.,3.60173911677613E-32));
#3596=DIRECTION('ref_axis',(1.,1.58603289232165E-16,-2.14535850169112E-16));
#3597=DIRECTION('',(-2.27091073218782E-16,0.,-1.));
#3598=DIRECTION('center_axis',(-1.58603289232165E-16,1.,3.60173911677613E-32));
#3599=DIRECTION('ref_axis',(0.114387172911231,1.81421818696896E-17,0.993436245902764));
#3600=DIRECTION('',(1.,1.58603289232165E-16,-2.14535850169112E-16));
#3601=DIRECTION('center_axis',(-2.27091073218782E-16,0.,-1.));
#3602=DIRECTION('ref_axis',(0.707106781186543,0.707106781186552,0.));
#3603=DIRECTION('',(2.27091073218782E-16,0.,1.));
#3604=DIRECTION('center_axis',(1.,4.37526315123214E-16,-2.27091073218782E-16));
#3605=DIRECTION('ref_axis',(4.37526315123214E-16,-1.,-9.38650799863177E-32));
#3606=DIRECTION('',(-2.27091073218782E-16,0.,-1.));
#3607=DIRECTION('',(4.37526315123214E-16,-1.,-1.30445144341401E-16));
#3608=DIRECTION('center_axis',(-2.27091073218782E-16,0.,-1.));
#3609=DIRECTION('ref_axis',(-0.707106781186555,-0.70710678118654,0.));
#3610=DIRECTION('center_axis',(0.,0.,1.));
#3611=DIRECTION('ref_axis',(-1.,0.,0.));
#3612=DIRECTION('center_axis',(0.,1.,0.));
#3613=DIRECTION('ref_axis',(0.,0.,1.));
#3614=DIRECTION('center_axis',(0.,1.,0.));
#3615=DIRECTION('ref_axis',(-1.,0.,2.70494416531423E-16));
#3616=DIRECTION('center_axis',(-1.,0.,1.22464679914735E-16));
#3617=DIRECTION('ref_axis',(-1.22464679914735E-16,0.,-1.));
#3618=DIRECTION('center_axis',(0.,-1.,0.));
#3619=DIRECTION('ref_axis',(1.,0.,-1.48029736616688E-16));
#3620=DIRECTION('center_axis',(0.,-1.,0.));
#3621=DIRECTION('ref_axis',(1.,0.,-1.48029736616688E-16));
#3622=DIRECTION('center_axis',(0.,0.,1.));
#3623=DIRECTION('ref_axis',(1.,0.,0.));
#3624=DIRECTION('center_axis',(2.14535850169112E-16,0.,1.));
#3625=DIRECTION('ref_axis',(-0.707106781186549,0.707106781186546,0.));
#3626=DIRECTION('center_axis',(0.,-1.,0.));
#3627=DIRECTION('ref_axis',(1.,0.,0.));
#3628=DIRECTION('center_axis',(1.,0.,0.));
#3629=DIRECTION('ref_axis',(0.,0.,1.));
#3630=DIRECTION('center_axis',(0.,-1.,0.));
#3631=DIRECTION('ref_axis',(0.285714285714327,0.,0.958314847499898));
#3632=DIRECTION('center_axis',(-0.981691815623253,0.,0.19047619047619));
#3633=DIRECTION('ref_axis',(0.,-1.,0.));
#3634=DIRECTION('center_axis',(2.27091073218782E-16,0.,1.));
#3635=DIRECTION('ref_axis',(0.707106781186554,-0.707106781186541,0.));
#3636=DIRECTION('',(2.27091073218782E-16,0.,1.));
#3637=DIRECTION('center_axis',(0.,0.,-1.));
#3638=DIRECTION('ref_axis',(1.,0.,0.));
#3639=DIRECTION('center_axis',(0.,1.,0.));
#3640=DIRECTION('ref_axis',(7.6571373978539E-16,0.,-1.));
#3641=DIRECTION('center_axis',(0.,1.,0.));
#3642=DIRECTION('ref_axis',(1.44463008291146E-15,0.,-1.));
#3643=DIRECTION('center_axis',(4.37526315123214E-16,-1.,-1.30445144341401E-16));
#3644=DIRECTION('ref_axis',(-0.597614304667194,-3.66060778420344E-16,0.801783725737276));
#3645=DIRECTION('center_axis',(0.,1.,0.));
#3646=DIRECTION('ref_axis',(-1.,0.,0.));
#3647=DIRECTION('',(0.,1.,0.));
#3648=DIRECTION('center_axis',(0.,-1.,0.));
#3649=DIRECTION('ref_axis',(1.,0.,0.));
#3650=DIRECTION('center_axis',(1.,4.37526315123214E-16,-2.27091073218782E-16));
#3651=DIRECTION('ref_axis',(4.16333634234434E-16,-0.707106781186548,0.707106781186547));
#3652=DIRECTION('center_axis',(-1.,-4.37526315123214E-16,2.27091073218782E-16));
#3653=DIRECTION('ref_axis',(4.69955462191119E-16,-0.707106781186548,0.707106781186547));
#3654=DIRECTION('center_axis',(-4.37526315123214E-16,1.,9.38650799863177E-32));
#3655=DIRECTION('ref_axis',(0.707106781186546,0.,0.707106781186549));
#3656=DIRECTION('',(4.37526315123214E-16,-1.,-9.38650799863177E-32));
#3657=DIRECTION('',(-4.37526315123214E-16,1.,9.38650799863177E-32));
#3658=DIRECTION('center_axis',(1.,1.58603289232165E-16,-2.14535850169112E-16));
#3659=DIRECTION('ref_axis',(0.,-0.707106781186554,0.707106781186541));
#3660=DIRECTION('center_axis',(-1.,0.,2.22044604925031E-15));
#3661=DIRECTION('ref_axis',(0.,-1.,0.));
#3662=DIRECTION('',(-1.,-1.58603289232165E-16,2.14535850169112E-16));
#3663=DIRECTION('center_axis',(-1.58603289232165E-16,1.,3.60173911677613E-32));
#3664=DIRECTION('ref_axis',(0.,0.,1.));
#3665=DIRECTION('center_axis',(1.58603289232165E-16,-1.,-3.60173911677613E-32));
#3666=DIRECTION('ref_axis',(0.114387172911231,1.89242561015652E-17,0.993436245902764));
#3667=DIRECTION('center_axis',(0.,1.,0.));
#3668=DIRECTION('ref_axis',(1.,0.,1.22464679914735E-16));
#3669=DIRECTION('center_axis',(0.,-1.,0.));
#3670=DIRECTION('ref_axis',(1.,0.,1.22464679914735E-16));
#3671=DIRECTION('',(0.,1.,0.));
#3672=DIRECTION('center_axis',(0.,1.,0.));
#3673=DIRECTION('ref_axis',(1.,0.,1.22464679914735E-16));
#3674=DIRECTION('',(0.,1.,0.));
#3675=DIRECTION('center_axis',(0.,1.,0.));
#3676=DIRECTION('ref_axis',(0.,0.,1.));
#3677=DIRECTION('center_axis',(-1.,0.,2.25514051876986E-16));
#3678=DIRECTION('ref_axis',(-2.25514051876986E-16,0.,-1.));
#3679=DIRECTION('center_axis',(-8.88178419700126E-15,-4.44089209850063E-15,
-1.));
#3680=DIRECTION('ref_axis',(0.,-1.,4.44089209850063E-15));
#3681=DIRECTION('center_axis',(0.894427190999916,-0.447213595499958,0.));
#3682=DIRECTION('ref_axis',(0.447213595499958,0.894427190999916,0.));
#3683=DIRECTION('center_axis',(-0.447213595499958,0.894427190999916,0.));
#3684=DIRECTION('ref_axis',(0.894427190999916,0.447213595499958,0.));
#3685=DIRECTION('center_axis',(-2.27091073218782E-16,0.,-1.));
#3686=DIRECTION('ref_axis',(-0.707106781186548,-0.707106781186548,0.));
#3687=DIRECTION('center_axis',(0.,-1.11022302462516E-15,-1.));
#3688=DIRECTION('ref_axis',(5.55111512312578E-16,-1.,1.11022302462516E-15));
#3689=DIRECTION('',(2.27091073218782E-16,0.,1.));
#3690=DIRECTION('',(-2.27091073218782E-16,0.,-1.));
#3691=DIRECTION('center_axis',(-2.78155020495105E-10,-0.541657531417448,
-0.840599261633483));
#3692=DIRECTION('ref_axis',(-0.378921151316372,-0.777914900902923,0.501265566380008));
#3693=DIRECTION('center_axis',(0.290193352101922,0.60896730285245,0.7382050138359));
#3694=DIRECTION('ref_axis',(-0.930672421158072,-4.46309655899313E-13,0.365853583412508));
#3695=DIRECTION('center_axis',(-1.,-4.37526315123214E-16,2.27091073218782E-16));
#3696=DIRECTION('ref_axis',(-4.37526315123214E-16,1.,9.38650799863177E-32));
#3697=DIRECTION('',(4.37526315123214E-16,-1.,-9.93583204627898E-32));
#3698=DIRECTION('',(-2.27091073218782E-16,-2.35620972663004E-32,-1.));
#3699=DIRECTION('center_axis',(-1.,-4.37526315123214E-16,2.27091073218782E-16));
#3700=DIRECTION('ref_axis',(-1.48800186551256E-16,0.707106781186548,0.707106781186547));
#3701=DIRECTION('',(-4.37526315123214E-16,1.,9.38650799863177E-32));
#3702=DIRECTION('center_axis',(0.,-1.,0.));
#3703=DIRECTION('ref_axis',(0.935414346693485,0.,-0.353553390593274));
#3704=DIRECTION('center_axis',(0.,1.,0.));
#3705=DIRECTION('ref_axis',(1.,0.,0.));
#3706=DIRECTION('',(0.,1.,0.));
#3707=DIRECTION('center_axis',(-1.77635683940022E-14,1.,-2.01419933004072E-14));
#3708=DIRECTION('ref_axis',(0.749999999999999,0.,-0.661437827766149));
#3709=DIRECTION('center_axis',(-0.239756122414132,5.98129867874747E-12,
-0.970833148262326));
#3710=DIRECTION('ref_axis',(0.970833148262326,0.,-0.239756122414132));
#3711=DIRECTION('center_axis',(0.,1.,0.));
#3712=DIRECTION('ref_axis',(0.,0.,1.));
#3713=DIRECTION('center_axis',(0.,0.,-1.));
#3714=DIRECTION('ref_axis',(1.,0.,0.));
#3715=DIRECTION('center_axis',(0.,1.,0.));
#3716=DIRECTION('ref_axis',(-0.991172512453898,0.,0.132578469427838));
#3717=DIRECTION('center_axis',(0.,-1.,0.));
#3718=DIRECTION('ref_axis',(-0.991172512453898,0.,0.132578469427838));
#3719=DIRECTION('center_axis',(-2.27091073218782E-16,0.,-1.));
#3720=DIRECTION('ref_axis',(0.707106781186549,-0.707106781186546,0.));
#3721=DIRECTION('center_axis',(0.,0.,-1.));
#3722=DIRECTION('ref_axis',(1.,0.,0.));
#3723=DIRECTION('',(2.27091073218782E-16,0.,1.));
#3724=DIRECTION('',(-2.27091073218782E-16,0.,-1.));
#3725=DIRECTION('center_axis',(2.78155289963778E-10,-0.541657531417437,
-0.84059926163349));
#3726=DIRECTION('ref_axis',(1.,2.22044604925031E-15,3.30899752043478E-10));
#3727=DIRECTION('center_axis',(-0.290193352101913,0.60896730285245,0.738205013835905));
#3728=DIRECTION('ref_axis',(0.58204231207522,-0.50000000000054,0.64126963670019));
#3729=DIRECTION('center_axis',(0.,-1.,0.));
#3730=DIRECTION('ref_axis',(-1.,0.,2.14535850169112E-16));
#3731=DIRECTION('',(-1.,0.,2.14535850169112E-16));
#3732=DIRECTION('center_axis',(0.,-1.,0.));
#3733=DIRECTION('ref_axis',(0.114387172911232,0.,0.993436245902764));
#3734=DIRECTION('center_axis',(0.,1.,0.));
#3735=DIRECTION('ref_axis',(4.65015417507468E-15,0.,1.));
#3736=DIRECTION('center_axis',(0.,1.,0.));
#3737=DIRECTION('ref_axis',(0.,0.,1.));
#3738=DIRECTION('center_axis',(0.,-1.,0.));
#3739=DIRECTION('ref_axis',(4.65015417507468E-15,0.,1.));
#3740=DIRECTION('center_axis',(0.,-1.,0.));
#3741=DIRECTION('ref_axis',(4.65015417507468E-15,0.,1.));
#3742=DIRECTION('center_axis',(0.,1.,0.));
#3743=DIRECTION('ref_axis',(-0.750000000000001,0.,-0.661437827766147));
#3744=DIRECTION('center_axis',(0.,0.,1.));
#3745=DIRECTION('ref_axis',(1.,0.,0.));
#3746=DIRECTION('center_axis',(0.661437827766167,0.,0.749999999999983));
#3747=DIRECTION('ref_axis',(0.,1.,0.));
#3748=DIRECTION('center_axis',(0.,1.99840144432528E-14,-1.));
#3749=DIRECTION('ref_axis',(1.,0.,0.));
#3750=DIRECTION('center_axis',(-4.37526315123214E-16,1.,9.38650799863177E-32));
#3751=DIRECTION('ref_axis',(0.707106781186546,0.,0.707106781186549));
#3752=DIRECTION('center_axis',(0.,-1.,0.));
#3753=DIRECTION('ref_axis',(1.,0.,0.));
#3754=DIRECTION('',(4.37526315123214E-16,-1.,-9.38650799863177E-32));
#3755=DIRECTION('center_axis',(0.,-1.,0.));
#3756=DIRECTION('ref_axis',(0.,0.,-1.));
#3757=DIRECTION('center_axis',(1.,0.,2.22044604925032E-15));
#3758=DIRECTION('ref_axis',(0.,1.,0.));
#3759=DIRECTION('center_axis',(0.,1.,0.));
#3760=DIRECTION('ref_axis',(0.114387172911232,0.,0.993436245902764));
#3761=DIRECTION('center_axis',(0.,0.,1.));
#3762=DIRECTION('ref_axis',(1.,0.,0.));
#3763=DIRECTION('center_axis',(0.,1.,-2.68559910672101E-14));
#3764=DIRECTION('ref_axis',(-1.,0.,0.));
#3765=DIRECTION('center_axis',(-1.99840144432529E-14,0.,-1.));
#3766=DIRECTION('ref_axis',(0.,1.,0.));
#3767=DIRECTION('center_axis',(-0.661437827766147,2.51704961501307E-14,
0.75));
#3768=DIRECTION('ref_axis',(-0.75,0.,-0.661437827766147));
#3769=DIRECTION('center_axis',(2.27091073218782E-16,2.35620972663004E-32,
1.));
#3770=DIRECTION('ref_axis',(-0.707106781186544,0.707106781186551,0.));
#3771=DIRECTION('center_axis',(0.,0.,-1.));
#3772=DIRECTION('ref_axis',(-1.,0.,0.));
#3773=DIRECTION('',(2.27091073218782E-16,2.35620972663004E-32,1.));
#3774=DIRECTION('center_axis',(-2.22044604925031E-15,1.,6.62009107532613E-16));
#3775=DIRECTION('ref_axis',(-1.,-2.22044604925031E-15,0.));
#3776=DIRECTION('center_axis',(4.37526315123214E-16,-1.,-1.30445144341401E-16));
#3777=DIRECTION('ref_axis',(-0.597614304667194,-3.66060778420344E-16,0.801783725737276));
#3778=DIRECTION('',(0.,1.,0.));
#3779=DIRECTION('',(4.37526315123214E-16,-1.,-1.30445144341401E-16));
#3780=DIRECTION('center_axis',(4.69709741187566E-16,-1.,-8.31047919613003E-32));
#3781=DIRECTION('ref_axis',(0.,0.,-1.));
#3782=DIRECTION('center_axis',(4.69709741187566E-16,-1.,-8.31047919613003E-32));
#3783=DIRECTION('ref_axis',(-4.01649889371166E-15,0.,-1.));
#3784=DIRECTION('center_axis',(0.,1.,0.));
#3785=DIRECTION('ref_axis',(-0.935414346693485,0.,-0.353553390593274));
#3786=DIRECTION('',(-4.37526315123214E-16,1.,9.93583204627898E-32));
#3787=DIRECTION('',(0.,-1.,0.));
#3788=DIRECTION('center_axis',(-1.,0.,2.14535850169112E-16));
#3789=DIRECTION('ref_axis',(0.,0.707106781186546,0.707106781186549));
#3790=DIRECTION('',(1.,0.,-2.14535850169112E-16));
#3791=DIRECTION('center_axis',(0.,0.,1.));
#3792=DIRECTION('ref_axis',(1.,0.,0.));
#3793=DIRECTION('center_axis',(1.,4.37526315123214E-16,-2.27091073218782E-16));
#3794=DIRECTION('ref_axis',(-1.38777878078145E-16,0.707106781186548,0.707106781186547));
#3795=DIRECTION('center_axis',(-2.27091073218782E-16,-2.35620972663004E-32,
-1.));
#3796=DIRECTION('ref_axis',(0.707106781186548,0.707106781186548,0.));
#3797=DIRECTION('center_axis',(-1.,-4.69709741187566E-16,2.14535850169112E-16));
#3798=DIRECTION('ref_axis',(0.,0.707106781186547,0.707106781186548));
#3799=DIRECTION('center_axis',(-1.,0.,0.));
#3800=DIRECTION('ref_axis',(0.,0.,1.));
#3801=DIRECTION('',(1.,4.69709741187566E-16,-2.14535850169112E-16));
#3802=DIRECTION('center_axis',(1.,4.37526315123214E-16,-2.27091073218782E-16));
#3803=DIRECTION('ref_axis',(4.37526315123214E-16,-1.,-9.38650799863177E-32));
#3804=DIRECTION('center_axis',(0.,-1.,0.));
#3805=DIRECTION('ref_axis',(-9.74975816359445E-16,0.,-1.));
#3806=DIRECTION('center_axis',(0.,1.,0.));
#3807=DIRECTION('ref_axis',(-1.,0.,2.70494416531423E-16));
#3808=DIRECTION('center_axis',(0.,-1.,0.));
#3809=DIRECTION('ref_axis',(-1.,0.,2.70494416531423E-16));
#3810=DIRECTION('center_axis',(0.,-1.,0.));
#3811=DIRECTION('ref_axis',(0.,0.,-1.));
#3812=DIRECTION('center_axis',(0.,-1.,0.));
#3813=DIRECTION('ref_axis',(0.,0.,-1.));
#3814=DIRECTION('center_axis',(-1.,-4.37526315123214E-16,2.27091073218782E-16));
#3815=DIRECTION('ref_axis',(-4.37526315123214E-16,1.,9.38650799863177E-32));
#3816=DIRECTION('center_axis',(1.,0.,-2.14535850169112E-16));
#3817=DIRECTION('ref_axis',(0.,-0.707106781186546,0.707106781186549));
#3818=DIRECTION('',(-1.,0.,2.14535850169112E-16));
#3819=DIRECTION('center_axis',(1.,0.,0.));
#3820=DIRECTION('ref_axis',(0.,0.,1.));
#3821=DIRECTION('center_axis',(2.14535850169112E-16,0.,1.));
#3822=DIRECTION('ref_axis',(1.,0.,-2.14535850169112E-16));
#3823=DIRECTION('',(1.,0.,-2.14535850169112E-16));
#3824=DIRECTION('center_axis',(-2.14535850169112E-16,0.,-1.));
#3825=DIRECTION('ref_axis',(-0.151757699282531,0.988417725816607,3.25574670352863E-17));
#3826=DIRECTION('',(0.953939201416946,0.299999999999999,-2.04654157585629E-16));
#3827=DIRECTION('',(0.,1.,0.));
#3828=DIRECTION('',(-1.,0.,2.14535850169112E-16));
#3829=DIRECTION('',(0.,1.,0.));
#3830=DIRECTION('center_axis',(2.14535850169112E-16,0.,1.));
#3831=DIRECTION('ref_axis',(-0.707106781186548,-0.707106781186547,1.51699754462201E-16));
#3832=DIRECTION('',(3.03339624214524E-16,-1.,-6.50772241708419E-32));
#3833=DIRECTION('center_axis',(2.14535850169112E-16,0.,1.));
#3834=DIRECTION('ref_axis',(-0.707106781186548,0.707106781186547,1.51699754462201E-16));
#3835=DIRECTION('center_axis',(-0.907686664593207,-0.285454250096325,-0.307604925223254));
#3836=DIRECTION('ref_axis',(-0.419358880155623,0.64423365721595,0.639610134804619));
#3837=DIRECTION('center_axis',(-0.907686664593204,-0.285454250096334,-0.307604925223255));
#3838=DIRECTION('ref_axis',(-0.320959291340887,0.,0.947092990841953));
#3839=DIRECTION('',(-0.907686664593207,-0.285454250096325,-0.307604925223254));
#3840=DIRECTION('center_axis',(-0.953203313284408,-0.299768573888744,-0.0392714355777197));
#3841=DIRECTION('ref_axis',(-0.0374625618935031,-0.0117814306733282,0.999228579629138));
#3842=DIRECTION('',(0.907686664593207,0.285454250096325,0.307604925223254));
#3843=DIRECTION('center_axis',(0.,1.,0.));
#3844=DIRECTION('ref_axis',(-0.162645333714262,0.,0.98668459774184));
#3845=DIRECTION('center_axis',(-0.707106781186546,0.707106781186549,0.));
#3846=DIRECTION('ref_axis',(-0.707106781186549,-0.707106781186546,-2.4532694666934E-17));
#3847=DIRECTION('center_axis',(0.,-1.,0.));
#3848=DIRECTION('ref_axis',(0.,0.,1.));
#3849=DIRECTION('',(0.,-1.,0.));
#3850=DIRECTION('center_axis',(0.75928695230335,0.59772307547211,0.257313911613912));
#3851=DIRECTION('ref_axis',(0.566099335244132,-0.801702641288004,0.191844774721622));
#3852=DIRECTION('center_axis',(-0.12851188512845,-0.906148031318791,0.402964565089552));
#3853=DIRECTION('ref_axis',(-0.275322966049995,0.422960690061239,0.8633084726958));
#3854=DIRECTION('center_axis',(-0.953939201416946,-0.299999999999999,2.04654157585629E-16));
#3855=DIRECTION('ref_axis',(-0.212132034355967,0.674536878161607,0.707106781186542));
#3856=DIRECTION('center_axis',(0.299999999999999,-0.953939201416946,0.));
#3857=DIRECTION('ref_axis',(0.953939201416946,0.299999999999999,-2.04654157585629E-16));
#3858=DIRECTION('',(-0.927916470883411,-0.291816229851478,0.231979117720853));
#3859=DIRECTION('',(-0.953939201416946,-0.299999999999999,2.04654157585629E-16));
#3860=DIRECTION('',(0.,0.,1.));
#3861=DIRECTION('',(0.953939201416946,0.299999999999999,-1.09466177313243E-16));
#3862=DIRECTION('',(0.882708326955911,0.277598926318816,-0.379163349533334));
#3863=DIRECTION('',(0.,0.,1.));
#3864=DIRECTION('',(-0.953939201416946,-0.299999999999999,0.));
#3865=DIRECTION('center_axis',(-0.953939201416946,-0.299999999999999,2.04654157585629E-16));
#3866=DIRECTION('ref_axis',(-0.212132034355972,0.674536878161603,0.707106781186544));
#3867=DIRECTION('center_axis',(0.953939201416946,0.3,0.));
#3868=DIRECTION('ref_axis',(-0.3,0.953939201416946,0.));
#3869=DIRECTION('center_axis',(-0.953939201416946,-0.299999999999999,0.));
#3870=DIRECTION('ref_axis',(-0.212132034355948,0.674536878161606,0.707106781186549));
#3871=DIRECTION('center_axis',(0.953939201416948,0.299999999999993,0.));
#3872=DIRECTION('ref_axis',(-0.299999999999993,0.953939201416948,0.));
#3873=DIRECTION('',(0.953939201416946,0.299999999999999,0.));
#3874=DIRECTION('center_axis',(-0.947411182437737,-0.297947033007092,0.116788770496994));
#3875=DIRECTION('ref_axis',(0.111409386462403,0.0350366311489919,0.993156776690267));
#3876=DIRECTION('center_axis',(0.,0.,1.));
#3877=DIRECTION('ref_axis',(-1.,0.,0.));
#3878=DIRECTION('center_axis',(-0.953939201416945,0.300000000000001,0.));
#3879=DIRECTION('ref_axis',(-0.300000000000001,-0.953939201416945,0.));
#3880=DIRECTION('center_axis',(0.,0.,-1.));
#3881=DIRECTION('ref_axis',(-1.,0.,0.));
#3882=DIRECTION('center_axis',(0.,0.,1.));
#3883=DIRECTION('ref_axis',(-1.,0.,0.));
#3884=DIRECTION('center_axis',(0.953939201416946,-0.299999999999999,0.));
#3885=DIRECTION('ref_axis',(-0.21213203435596,-0.674536878161604,0.707106781186547));
#3886=DIRECTION('',(-0.953939201416946,0.299999999999999,0.));
#3887=DIRECTION('',(0.953939201416946,-0.299999999999999,0.));
#3888=DIRECTION('center_axis',(-0.947411182437743,0.297947033007072,0.116788770496996));
#3889=DIRECTION('ref_axis',(-0.111409386462353,0.0350366311491571,-0.993156776690266));
#3890=DIRECTION('center_axis',(0.927916470883411,-0.291816229851478,-0.231979117720853));
#3891=DIRECTION('ref_axis',(-0.0421976019677388,-0.700502646174353,0.71240115461087));
#3892=DIRECTION('',(0.927916470883411,-0.291816229851478,-0.231979117720853));
#3893=DIRECTION('center_axis',(-0.953203313284409,0.299768573888744,-0.0392714355777041));
#3894=DIRECTION('ref_axis',(-0.0374625618934956,0.0117814306732999,0.999228579629139));
#3895=DIRECTION('center_axis',(-0.320959291340885,0.,0.947092990841954));
#3896=DIRECTION('ref_axis',(0.890313593805332,-0.341040062947545,0.301717384567363));
#3897=DIRECTION('',(-0.927916470883411,0.291816229851478,0.231979117720853));
#3898=DIRECTION('center_axis',(0.,0.,-1.));
#3899=DIRECTION('ref_axis',(0.953939201416946,-0.299999999999999,0.));
#3900=DIRECTION('center_axis',(0.907686664593207,-0.285454250096325,0.307604925223254));
#3901=DIRECTION('ref_axis',(-0.419358880155624,-0.644233657215949,0.63961013480462));
#3902=DIRECTION('',(-0.907686664593207,0.285454250096325,-0.307604925223254));
#3903=DIRECTION('',(0.907686664593207,-0.285454250096325,0.307604925223254));
#3904=DIRECTION('center_axis',(-0.927916470883411,-0.291816229851478,0.231979117720853));
#3905=DIRECTION('ref_axis',(-0.042197601967739,0.70050264617435,0.712401154610873));
#3906=DIRECTION('',(0.927916470883411,0.291816229851478,-0.231979117720853));
#3907=DIRECTION('center_axis',(0.320959291340885,0.,-0.947092990841954));
#3908=DIRECTION('ref_axis',(0.890313593805331,0.341040062947545,0.301717384567363));
#3909=DIRECTION('center_axis',(0.,0.,-1.));
#3910=DIRECTION('ref_axis',(0.953939201416946,0.299999999999999,0.));
#3911=DIRECTION('center_axis',(-0.320959291340885,0.,0.947092990841954));
#3912=DIRECTION('ref_axis',(0.947092990841954,0.,0.320959291340885));
#3913=DIRECTION('',(0.,1.,0.));
#3914=DIRECTION('center_axis',(1.,0.,-2.14535850169112E-16));
#3915=DIRECTION('ref_axis',(1.96261557335472E-16,-0.707106781186547,0.707106781186548));
#3916=DIRECTION('center_axis',(0.299999999999999,0.953939201416946,0.));
#3917=DIRECTION('ref_axis',(0.953939201416946,-0.299999999999999,-1.66533453693773E-16));
#3918=DIRECTION('center_axis',(-1.,0.,2.77555756156289E-16));
#3919=DIRECTION('ref_axis',(0.,-1.,0.));
#3920=DIRECTION('center_axis',(0.299999999999999,0.953939201416946,0.));
#3921=DIRECTION('ref_axis',(-0.953939201416946,0.299999999999999,2.04654157585629E-16));
#3922=DIRECTION('',(0.,0.,1.));
#3923=DIRECTION('',(-0.882708326955911,0.277598926318815,0.379163349533335));
#3924=DIRECTION('',(-0.953939201416946,0.299999999999999,1.09466177313243E-16));
#3925=DIRECTION('center_axis',(0.,0.,1.));
#3926=DIRECTION('ref_axis',(-1.,1.22464679914735E-16,0.));
#3927=DIRECTION('center_axis',(-0.324983655587266,0.,-0.94571963266136));
#3928=DIRECTION('ref_axis',(-0.94571963266136,0.,0.324983655587266));
#3929=DIRECTION('center_axis',(0.144154942400647,-0.905908437587919,0.398182439703815));
#3930=DIRECTION('ref_axis',(-0.308380909639922,-0.423473615124978,-0.851804738107647));
#3931=DIRECTION('center_axis',(0.882708326955912,-0.27759892631881,-0.379163349533335));
#3932=DIRECTION('ref_axis',(-0.394675248155244,0.,-0.918820683536019));
#3933=DIRECTION('center_axis',(-2.81300393124337E-15,-1.,0.));
#3934=DIRECTION('ref_axis',(0.,0.,-1.));
#3935=DIRECTION('center_axis',(-0.953939201416946,0.299999999999998,9.47188284620766E-15));
#3936=DIRECTION('ref_axis',(-0.299999999999998,-0.953939201416946,0.));
#3937=DIRECTION('center_axis',(-0.144154942400654,-0.905908437587917,-0.398182439703818));
#3938=DIRECTION('ref_axis',(-0.308380909639928,0.423473615124981,-0.851804738107643));
#3939=DIRECTION('center_axis',(0.,1.,0.));
#3940=DIRECTION('ref_axis',(-0.394675248155245,0.,-0.918820683536018));
#3941=DIRECTION('center_axis',(0.88270832695591,0.277598926318818,-0.379163349533335));
#3942=DIRECTION('ref_axis',(-0.300000000000001,0.953939201416945,0.));
#3943=DIRECTION('center_axis',(-0.953939201416947,-0.299999999999997,0.));
#3944=DIRECTION('ref_axis',(0.,0.,-1.));
#3945=DIRECTION('center_axis',(-0.882708326955911,0.277598926318815,0.379163349533335));
#3946=DIRECTION('ref_axis',(-0.464480780217866,-0.637832463055499,-0.614351164954342));
#3947=DIRECTION('center_axis',(0.882708326955912,-0.27759892631881,-0.379163349533336));
#3948=DIRECTION('ref_axis',(-0.299999999999993,-0.953939201416948,0.));
#3949=DIRECTION('',(0.882708326955911,-0.277598926318815,-0.379163349533335));
#3950=DIRECTION('center_axis',(-0.882708326955911,-0.277598926318818,0.379163349533334));
#3951=DIRECTION('ref_axis',(-0.300000000000001,0.953939201416945,0.));
#3952=DIRECTION('center_axis',(0.394675248155244,0.,0.918820683536019));
#3953=DIRECTION('ref_axis',(-0.918820683536019,0.,0.394675248155244));
#3954=DIRECTION('center_axis',(0.882708326955911,0.277598926318816,-0.379163349533334));
#3955=DIRECTION('ref_axis',(-0.46448078021787,0.637832463055498,-0.61435116495434));
#3956=DIRECTION('',(-0.882708326955911,-0.277598926318816,0.379163349533335));
#3957=DIRECTION('center_axis',(0.953939201416946,0.299999999999999,-1.09466177313243E-16));
#3958=DIRECTION('ref_axis',(-0.212132034355971,0.674536878161601,-0.707106781186546));
#3959=DIRECTION('center_axis',(-0.953939201416944,-0.300000000000006,0.));
#3960=DIRECTION('ref_axis',(-0.300000000000006,0.953939201416944,-2.22044604925032E-15));
#3961=DIRECTION('',(-0.953939201416946,-0.299999999999999,1.09466177313243E-16));
#3962=DIRECTION('center_axis',(-1.14751733811386E-16,0.,-1.));
#3963=DIRECTION('ref_axis',(-1.,0.,1.47125665863085E-16));
#3964=DIRECTION('center_axis',(-1.,0.,0.));
#3965=DIRECTION('ref_axis',(0.,1.,0.));
#3966=DIRECTION('center_axis',(1.14751733811386E-16,0.,1.));
#3967=DIRECTION('ref_axis',(-0.151757699282531,0.988417725816607,1.74144591118973E-17));
#3968=DIRECTION('center_axis',(-1.14751733811386E-16,0.,-1.));
#3969=DIRECTION('ref_axis',(-0.151757699282531,0.988417725816607,2.2988385291107E-17));
#3970=DIRECTION('center_axis',(-1.,0.,1.14751733811386E-16));
#3971=DIRECTION('ref_axis',(-8.11417291309446E-17,0.707106781186546,-0.707106781186549));
#3972=DIRECTION('center_axis',(-1.,0.,1.14751733811386E-16));
#3973=DIRECTION('ref_axis',(0.,1.,0.));
#3974=DIRECTION('',(-1.,0.,1.14751733811386E-16));
#3975=DIRECTION('center_axis',(0.,1.,0.));
#3976=DIRECTION('ref_axis',(0.,0.,1.));
#3977=DIRECTION('center_axis',(1.,0.,4.9789962505148E-16));
#3978=DIRECTION('ref_axis',(0.,1.,0.));
#3979=DIRECTION('center_axis',(1.,0.,-2.14535850169112E-16));
#3980=DIRECTION('ref_axis',(0.,0.707106781186546,0.707106781186549));
#3981=DIRECTION('center_axis',(1.,0.,0.));
#3982=DIRECTION('ref_axis',(0.,1.,0.));
#3983=DIRECTION('center_axis',(2.14535850169112E-16,0.,1.));
#3984=DIRECTION('ref_axis',(1.,0.,-1.47125665863085E-16));
#3985=DIRECTION('center_axis',(2.14535850169112E-16,0.,1.));
#3986=DIRECTION('ref_axis',(-0.151757699282531,0.988417725816607,3.44825779366605E-17));
#3987=DIRECTION('center_axis',(0.,1.,0.));
#3988=DIRECTION('ref_axis',(-0.201468752495246,0.,-0.979494942186028));
#3989=DIRECTION('',(0.,-1.,0.));
#3990=DIRECTION('',(0.,1.,0.));
#3991=DIRECTION('center_axis',(-0.953939201416946,0.299999999999999,1.09466177313243E-16));
#3992=DIRECTION('ref_axis',(-0.212132034355964,-0.674536878161602,-0.707106781186548));
#3993=DIRECTION('',(0.953939201416946,-0.299999999999999,-1.09466177313243E-16));
#3994=DIRECTION('center_axis',(-0.988417725816606,0.151757699282533,4.38945646859693E-15));
#3995=DIRECTION('ref_axis',(-0.151757699282533,-0.988417725816606,2.78677814894577E-14));
#3996=DIRECTION('center_axis',(0.,1.,0.));
#3997=DIRECTION('ref_axis',(0.,0.,1.));
#3998=DIRECTION('center_axis',(1.,0.,-9.52261225972854E-16));
#3999=DIRECTION('ref_axis',(0.,-1.,0.));
#4000=DIRECTION('center_axis',(0.,-1.,0.));
#4001=DIRECTION('ref_axis',(1.,0.,1.22464679914735E-16));
#4002=DIRECTION('center_axis',(-1.,0.,1.14751733811386E-16));
#4003=DIRECTION('ref_axis',(0.,-0.707106781186547,-0.707106781186548));
#4004=DIRECTION('',(1.,0.,-1.14751733811386E-16));
#4005=DIRECTION('center_axis',(-0.394675248155244,0.,-0.918820683536019));
#4006=DIRECTION('ref_axis',(-0.918820683536019,0.,0.394675248155244));
#4007=DIRECTION('center_axis',(-1.14751733811386E-16,0.,-1.));
#4008=DIRECTION('ref_axis',(-1.,0.,0.));
#4009=DIRECTION('center_axis',(-1.,0.,0.));
#4010=DIRECTION('ref_axis',(0.,1.,0.));
#4011=DIRECTION('center_axis',(-1.14751733811386E-16,0.,-1.));
#4012=DIRECTION('ref_axis',(-0.707106781186547,-0.707106781186547,8.11417291309445E-17));
#4013=DIRECTION('center_axis',(0.,-1.,0.));
#4014=DIRECTION('ref_axis',(0.,0.,-1.));
#4015=DIRECTION('center_axis',(1.14751733811386E-16,0.,1.));
#4016=DIRECTION('ref_axis',(-0.707106781186548,-0.707106781186548,9.25185853854297E-17));
#4017=DIRECTION('center_axis',(3.03339624214524E-16,-1.,-3.48087478123108E-32));
#4018=DIRECTION('ref_axis',(0.707106781186549,0.,-0.707106781186546));
#4019=DIRECTION('center_axis',(0.,-1.,0.));
#4020=DIRECTION('ref_axis',(0.,0.,-1.));
#4021=DIRECTION('',(3.03339624214524E-16,-1.,-3.48087478123108E-32));
#4022=DIRECTION('',(-3.03339624214524E-16,1.,3.48087478123108E-32));
#4023=DIRECTION('center_axis',(-1.14751733811386E-16,0.,-1.));
#4024=DIRECTION('ref_axis',(-1.,0.,0.));
#4025=DIRECTION('center_axis',(-1.,0.,0.));
#4026=DIRECTION('ref_axis',(0.,0.,-1.));
#4027=DIRECTION('center_axis',(1.14751733811386E-16,0.,1.));
#4028=DIRECTION('ref_axis',(-0.707106781186548,0.707106781186547,9.25185853854298E-17));
#4029=DIRECTION('center_axis',(-1.14751733811386E-16,0.,-1.));
#4030=DIRECTION('ref_axis',(-0.707106781186548,0.707106781186547,8.11417291309445E-17));
#4031=DIRECTION('center_axis',(-1.,0.,1.14751733811386E-16));
#4032=DIRECTION('ref_axis',(0.,-0.707106781186546,-0.707106781186549));
#4033=DIRECTION('',(1.,0.,-1.14751733811386E-16));
#4034=DIRECTION('center_axis',(2.14535850169112E-16,0.,1.));
#4035=DIRECTION('ref_axis',(1.,0.,0.));
#4036=DIRECTION('center_axis',(0.,1.,0.));
#4037=DIRECTION('ref_axis',(0.,0.,1.));
#4038=DIRECTION('center_axis',(-2.14535850169112E-16,0.,-1.));
#4039=DIRECTION('ref_axis',(-0.707106781186548,0.707106781186547,1.38777878078145E-16));
#4040=DIRECTION('center_axis',(-3.03339624214524E-16,1.,6.50772241708419E-32));
#4041=DIRECTION('ref_axis',(0.707106781186548,0.,0.707106781186548));
#4042=DIRECTION('center_axis',(0.,1.,0.));
#4043=DIRECTION('ref_axis',(0.,0.,1.));
#4044=DIRECTION('',(-3.03339624214524E-16,1.,6.50772241708419E-32));
#4045=DIRECTION('center_axis',(2.14535850169112E-16,0.,1.));
#4046=DIRECTION('ref_axis',(1.,0.,0.));
#4047=DIRECTION('center_axis',(-2.14535850169112E-16,0.,-1.));
#4048=DIRECTION('ref_axis',(-0.707106781186548,-0.707106781186547,1.38777878078145E-16));
#4049=DIRECTION('center_axis',(4.69709741187566E-16,-1.,-8.31047919613003E-32));
#4050=DIRECTION('ref_axis',(0.,0.,-1.));
#4051=DIRECTION('center_axis',(-4.69709741187566E-16,1.,8.31047919613003E-32));
#4052=DIRECTION('ref_axis',(1.,4.66798317171941E-16,-1.22464679914735E-16));
#4053=DIRECTION('center_axis',(1.,4.69709741187566E-16,-7.23413676928462E-16));
#4054=DIRECTION('ref_axis',(-7.23413676928462E-16,0.,-1.));
#4055=DIRECTION('center_axis',(1.,4.69709741187566E-16,-1.14751733811386E-16));
#4056=DIRECTION('ref_axis',(0.,0.707106781186547,-0.707106781186548));
#4057=DIRECTION('',(-1.,-4.69709741187566E-16,1.14751733811386E-16));
#4058=DIRECTION('center_axis',(-1.14751733811386E-16,0.,-1.));
#4059=DIRECTION('ref_axis',(-1.,0.,1.14751733811386E-16));
#4060=DIRECTION('',(0.,1.,0.));
#4061=DIRECTION('center_axis',(-1.,-3.03339624214524E-16,1.76927972051818E-16));
#4062=DIRECTION('ref_axis',(3.03339624214524E-16,-1.,-6.50772241708419E-32));
#4063=DIRECTION('',(1.76927972051818E-16,0.,1.));
#4064=DIRECTION('',(-1.76927972051818E-16,0.,-1.));
#4065=DIRECTION('center_axis',(-1.76927972051818E-16,0.,-1.));
#4066=DIRECTION('ref_axis',(-0.707106781186547,-0.707106781186548,0.));
#4067=DIRECTION('center_axis',(0.,1.,0.));
#4068=DIRECTION('ref_axis',(1.,0.,1.22464679914735E-16));
#4069=DIRECTION('center_axis',(1.76927972051818E-16,0.,1.));
#4070=DIRECTION('ref_axis',(-0.707106781186548,0.707106781186547,0.));
#4071=DIRECTION('center_axis',(0.,-1.,0.));
#4072=DIRECTION('ref_axis',(-2.50798041111924E-13,0.,-1.));
#4073=DIRECTION('center_axis',(0.,0.,1.));
#4074=DIRECTION('ref_axis',(0.,-1.,0.));
#4075=DIRECTION('center_axis',(0.242535625036333,0.,0.970142500145332));
#4076=DIRECTION('ref_axis',(0.970142500145332,0.,-0.242535625036333));
#4077=DIRECTION('',(0.,1.,0.));
#4078=DIRECTION('center_axis',(0.,0.,1.));
#4079=DIRECTION('ref_axis',(1.,0.,0.));
#4080=DIRECTION('center_axis',(0.,1.,0.));
#4081=DIRECTION('ref_axis',(3.16047614139551E-9,0.,-1.));
#4082=DIRECTION('center_axis',(0.,-1.,0.));
#4083=DIRECTION('ref_axis',(0.,0.,-1.));
#4084=DIRECTION('center_axis',(0.,-1.,0.));
#4085=DIRECTION('ref_axis',(-1.83697019872103E-16,0.,-1.));
#4086=DIRECTION('center_axis',(0.,-1.,0.));
#4087=DIRECTION('ref_axis',(-1.83697019872103E-16,0.,-1.));
#4088=DIRECTION('center_axis',(0.,-1.,0.));
#4089=DIRECTION('ref_axis',(-1.07187543957223E-15,0.,-1.));
#4090=CARTESIAN_POINT('',(0.,0.,0.));
#4091=CARTESIAN_POINT('Origin',(4.94974746830584,1.88,-1.69974746830583));
#4092=CARTESIAN_POINT('',(4.94974746830584,1.88,-1.69974746830583));
#4093=CARTESIAN_POINT('',(6.50974746830584,1.88,-2.86974746830584));
#4094=CARTESIAN_POINT('',(11.6734719824791,1.88,-6.74254085393579));
#4095=CARTESIAN_POINT('',(4.94974746830584,5.,-1.69974746830583));
#4096=CARTESIAN_POINT('',(4.94974746830584,1.88,-1.69974746830583));
#4097=CARTESIAN_POINT('',(6.50974746830584,5.,-2.86974746830584));
#4098=CARTESIAN_POINT('',(6.50974746830584,5.,-2.86974746830584));
#4099=CARTESIAN_POINT('',(6.50974746830584,0.,-2.86974746830584));
#4100=CARTESIAN_POINT('Origin',(3.38974746830582,1.88,-2.86974746830584));
#4101=CARTESIAN_POINT('',(3.38974746830582,1.88,-2.86974746830584));
#4102=CARTESIAN_POINT('',(6.42935076726589,1.88,-0.59004499408579));
#4103=CARTESIAN_POINT('',(3.38974746830582,5.,-2.86974746830584));
#4104=CARTESIAN_POINT('',(3.38974746830583,0.,-2.86974746830583));
#4105=CARTESIAN_POINT('',(4.94974746830584,5.,-1.69974746830583));
#4106=CARTESIAN_POINT('Origin',(-4.95279080947139,1.88,-7.36337524291163));
#4107=CARTESIAN_POINT('',(-6.50449715962197,5.,-2.86582007097348));
#4108=CARTESIAN_POINT('',(-6.50449715962197,1.88,-2.86582007097348));
#4109=CARTESIAN_POINT('',(-6.50449715962197,1.88,-2.86582007097348));
#4110=CARTESIAN_POINT('',(-6.51107958101359,5.,-2.86809647222224));
#4111=CARTESIAN_POINT('Origin',(-4.95279080947139,5.,-7.36337524291163));
#4112=CARTESIAN_POINT('',(-6.51107958101359,1.88,-2.86809647222224));
#4113=CARTESIAN_POINT('',(-6.51107958101359,1.88,-2.86809647222224));
#4114=CARTESIAN_POINT('Origin',(-4.95279080947139,1.88,-7.36337524291163));
#4115=CARTESIAN_POINT('Origin',(-5.01641416141272,1.88,-1.64974746830583));
#4116=CARTESIAN_POINT('',(-5.01641416141272,1.88,-1.64974746830583));
#4117=CARTESIAN_POINT('',(-3.38974748453406,1.88,-2.86974745613466));
#4118=CARTESIAN_POINT('',(4.90848215394652,1.88,-9.0934195838341));
#4119=CARTESIAN_POINT('',(-5.01641416141272,5.,-1.64974746830583));
#4120=CARTESIAN_POINT('',(-5.01641416141272,1.88,-1.64974746830583));
#4121=CARTESIAN_POINT('',(-3.38974748453406,5.,-2.86974745613466));
#4122=CARTESIAN_POINT('',(-3.38974748453406,5.,-2.86974745613466));
#4123=CARTESIAN_POINT('',(-3.38974748453406,0.,-2.86974745613467));
#4124=CARTESIAN_POINT('Origin',(-6.51107958101359,1.88,-2.86809647222224));
#4125=CARTESIAN_POINT('',(-0.842893644238386,1.88,1.75222095769942));
#4126=CARTESIAN_POINT('',(-5.01641416141272,5.,-1.64974746830583));
#4127=CARTESIAN_POINT('Origin',(4.94974746830583,1.88,8.19974746830583));
#4128=CARTESIAN_POINT('',(4.94974746830583,1.88,8.19974746830583));
#4129=CARTESIAN_POINT('',(6.50974746830583,1.88,7.02974746830583));
#4130=CARTESIAN_POINT('',(14.0493507672659,1.88,1.37504499408578));
#4131=CARTESIAN_POINT('',(4.94974746830583,5.,8.19974746830583));
#4132=CARTESIAN_POINT('',(4.94974746830583,1.88,8.19974746830583));
#4133=CARTESIAN_POINT('',(6.50974746830583,5.,7.02974746830583));
#4134=CARTESIAN_POINT('',(6.50974746830582,5.,7.02974746830584));
#4135=CARTESIAN_POINT('',(6.50974746830584,1.88,7.02974746830583));
#4136=CARTESIAN_POINT('Origin',(3.38974746830584,1.88,7.02974746830584));
#4137=CARTESIAN_POINT('',(3.38974746830584,1.88,7.02974746830584));
#4138=CARTESIAN_POINT('',(4.05347198247909,1.88,7.52754085393577));
#4139=CARTESIAN_POINT('',(3.38974746830584,5.,7.02974746830584));
#4140=CARTESIAN_POINT('',(3.38974746830583,1.88,7.02974746830583));
#4141=CARTESIAN_POINT('',(4.94974746830583,5.,8.19974746830583));
#4142=CARTESIAN_POINT('Origin',(-4.9497475,1.88,8.19958536830584));
#4143=CARTESIAN_POINT('',(-4.9497475,1.88,8.19958536830584));
#4144=CARTESIAN_POINT('',(-3.3898858079203,1.88,7.02985120554614));
#4145=CARTESIAN_POINT('',(7.31824064284962,1.88,-1.00013080645923));
#4146=CARTESIAN_POINT('',(-4.9497475,5.,8.19958536830584));
#4147=CARTESIAN_POINT('',(-4.9497475,1.88,8.19958536830584));
#4148=CARTESIAN_POINT('',(-3.3898858079203,5.,7.02985120554614));
#4149=CARTESIAN_POINT('',(-3.3898858079203,5.,7.02985120554614));
#4150=CARTESIAN_POINT('',(-3.38988577742996,1.88,7.02985119296426));
#4151=CARTESIAN_POINT('Origin',(-6.50960914677513,1.88,7.02985120226791));
#4152=CARTESIAN_POINT('',(-6.50960914677513,1.88,7.02985120226791));
#4153=CARTESIAN_POINT('',(-2.67713371900664,1.88,9.90380958032649));
#4154=CARTESIAN_POINT('',(-6.50960914677513,5.,7.02985120226791));
#4155=CARTESIAN_POINT('',(-6.50960914677511,1.88,7.02985120226792));
#4156=CARTESIAN_POINT('',(-4.9497475,5.,8.19958536830584));
#4157=CARTESIAN_POINT('Origin',(4.94974746830583,0.,-4.94974746830583));
#4158=CARTESIAN_POINT('Origin',(4.94974746830583,1.88,-4.94974746830583));
#4159=CARTESIAN_POINT('Origin',(4.94974746830583,5.,-4.94974746830583));
#4160=CARTESIAN_POINT('Origin',(-4.94974746830583,0.,-4.94974746830583));
#4161=CARTESIAN_POINT('Origin',(-4.94974746830583,1.88,-4.94974746830583));
#4162=CARTESIAN_POINT('Origin',(-4.94974746830583,5.,-4.94974746830583));
#4163=CARTESIAN_POINT('Origin',(4.94974746830583,0.,4.94974746830583));
#4164=CARTESIAN_POINT('Origin',(4.94974746830583,5.,4.94974746830583));
#4165=CARTESIAN_POINT('Origin',(4.94974746830583,1.88,4.94974746830583));
#4166=CARTESIAN_POINT('Origin',(18.9861971763267,1.88,-11.));
#4167=CARTESIAN_POINT('',(-3.83475850529283E-16,1.88,-10.));
#4168=CARTESIAN_POINT('',(-20.5317724769948,1.88,-10.));
#4169=CARTESIAN_POINT('',(9.49309858816333,1.88,-10.));
#4170=CARTESIAN_POINT('',(8.32667268468867E-16,1.88,10.));
#4171=CARTESIAN_POINT('Origin',(0.,1.88,0.));
#4172=CARTESIAN_POINT('',(-20.5317724769948,1.88,10.));
#4173=CARTESIAN_POINT('',(-0.85690141183667,1.88,10.));
#4174=CARTESIAN_POINT('',(-20.5317724769948,1.88,-1.11022302462516E-15));
#4175=CARTESIAN_POINT('Origin',(-4.94974746830583,1.88,4.94974746830583));
#4176=CARTESIAN_POINT('Origin',(-3.89653094170595,47.6,-4.02739452712936));
#4177=CARTESIAN_POINT('',(-4.94974746830583,44.6,-2.82474746830583));
#4178=CARTESIAN_POINT('',(-3.89653094170595,44.6,-4.02739452712936));
#4179=CARTESIAN_POINT('',(-4.38764650412958,44.6,-3.4665994087713));
#4180=CARTESIAN_POINT('',(-4.94974746830583,47.6,-2.82474746830583));
#4181=CARTESIAN_POINT('',(-4.94974746830583,47.6,-2.82474746830583));
#4182=CARTESIAN_POINT('',(-3.89653094170595,47.6,-4.02739452712936));
#4183=CARTESIAN_POINT('',(-3.89653094170595,47.6,-4.02739452712936));
#4184=CARTESIAN_POINT('',(-3.89653094170595,50.2,-4.02739452712936));
#4185=CARTESIAN_POINT('Origin',(-3.89653094170595,47.6,-4.02739452712936));
#4186=CARTESIAN_POINT('',(-4.94974746830583,5.,-2.82474746830583));
#4187=CARTESIAN_POINT('',(-3.89653094170595,5.,-4.02739452712936));
#4188=CARTESIAN_POINT('',(-3.89653094170595,5.,-4.02739452712936));
#4189=CARTESIAN_POINT('',(-4.94974746830583,8.,-2.82474746830583));
#4190=CARTESIAN_POINT('',(-4.94974746830583,47.6,-2.82474746830583));
#4191=CARTESIAN_POINT('',(-3.89653094170595,8.,-4.02739452712936));
#4192=CARTESIAN_POINT('',(-10.030276261915,8.,2.97660757748678));
#4193=CARTESIAN_POINT('',(-3.89653094170595,50.2,-4.02739452712936));
#4194=CARTESIAN_POINT('Origin',(-4.94974746830583,47.6,-2.82474746830583));
#4195=CARTESIAN_POINT('',(-6.00296399490571,44.6,-4.02739452712936));
#4196=CARTESIAN_POINT('',(1.93772288418908,44.6,5.03991829885895));
#4197=CARTESIAN_POINT('',(-6.00296399490571,47.6,-4.02739452712936));
#4198=CARTESIAN_POINT('',(-6.00296399490571,50.2,-4.02739452712936));
#4199=CARTESIAN_POINT('',(-5.47635573160577,47.6,-3.4260709977176));
#4200=CARTESIAN_POINT('Origin',(-4.94974746830583,47.6,-2.82474746830583));
#4201=CARTESIAN_POINT('',(-6.00296399490571,5.,-4.02739452712936));
#4202=CARTESIAN_POINT('',(-5.47635573160577,5.,-3.4260709977176));
#4203=CARTESIAN_POINT('',(-6.00296399490571,8.,-4.02739452712936));
#4204=CARTESIAN_POINT('',(-6.00296399490571,50.2,-4.02739452712936));
#4205=CARTESIAN_POINT('',(-3.70490687359638,8.,-1.40328868739913));
#4206=CARTESIAN_POINT('Origin',(-4.94974746830583,47.6,7.07474746830583));
#4207=CARTESIAN_POINT('',(-6.00296399490571,44.6,5.8721004094823));
#4208=CARTESIAN_POINT('',(-4.94974746830583,44.6,7.07474746830583));
#4209=CARTESIAN_POINT('',(-0.515526921041796,44.6,12.1380959485637));
#4210=CARTESIAN_POINT('',(-6.00296399490571,47.6,5.8721004094823));
#4211=CARTESIAN_POINT('',(-6.00296399490571,50.2,5.8721004094823));
#4212=CARTESIAN_POINT('',(-4.94974746830583,47.6,7.07474746830583));
#4213=CARTESIAN_POINT('',(-5.47635573160577,47.6,6.47342393889407));
#4214=CARTESIAN_POINT('',(-4.94974746830583,47.6,7.07474746830583));
#4215=CARTESIAN_POINT('Origin',(-4.94974746830583,47.6,7.07474746830583));
#4216=CARTESIAN_POINT('',(-4.94974746830583,8.,7.07474746830583));
#4217=CARTESIAN_POINT('',(-6.00296399490571,8.,5.8721004094823));
#4218=CARTESIAN_POINT('',(-6.15815667882725,8.,5.69488896230561));
#4219=CARTESIAN_POINT('',(-4.94974746830583,5.,7.07474746830583));
#4220=CARTESIAN_POINT('',(-4.94974746830583,47.6,7.07474746830583));
#4221=CARTESIAN_POINT('',(-6.00296399490571,5.,5.8721004094823));
#4222=CARTESIAN_POINT('',(-5.47635573160577,5.,6.47342393889407));
#4223=CARTESIAN_POINT('',(-6.00296399490571,50.2,5.8721004094823));
#4224=CARTESIAN_POINT('Origin',(-3.89653094170595,47.6,5.8721004094823));
#4225=CARTESIAN_POINT('',(-3.89653094170595,44.6,5.8721004094823));
#4226=CARTESIAN_POINT('',(-1.93439669889871,44.6,3.63157824093343));
#4227=CARTESIAN_POINT('',(-3.89653094170595,47.6,5.8721004094823));
#4228=CARTESIAN_POINT('',(-3.89653094170595,47.6,5.8721004094823));
#4229=CARTESIAN_POINT('',(-3.89653094170595,50.2,5.8721004094823));
#4230=CARTESIAN_POINT('Origin',(-3.89653094170595,47.6,5.8721004094823));
#4231=CARTESIAN_POINT('',(-3.89653094170595,8.,5.8721004094823));
#4232=CARTESIAN_POINT('',(-7.57702645668417,8.,10.0747852271915));
#4233=CARTESIAN_POINT('',(-3.89653094170595,5.,5.8721004094823));
#4234=CARTESIAN_POINT('',(-3.89653094170595,50.2,5.8721004094823));
#4235=CARTESIAN_POINT('',(-3.89653094170595,5.,5.8721004094823));
#4236=CARTESIAN_POINT('Origin',(4.94974746830583,47.6,-2.82474746830583));
#4237=CARTESIAN_POINT('',(3.89653094170595,44.6,-4.02739452712936));
#4238=CARTESIAN_POINT('',(4.94974746830583,44.6,-2.82474746830583));
#4239=CARTESIAN_POINT('',(9.68878763940184,44.6,2.58666849362808));
#4240=CARTESIAN_POINT('',(3.89653094170595,47.6,-4.02739452712936));
#4241=CARTESIAN_POINT('',(3.89653094170595,50.2,-4.02739452712936));
#4242=CARTESIAN_POINT('',(4.94974746830583,47.6,-2.82474746830583));
#4243=CARTESIAN_POINT('',(4.42313920500589,47.6,-3.4260709977176));
#4244=CARTESIAN_POINT('',(4.94974746830583,47.6,-2.82474746830583));
#4245=CARTESIAN_POINT('Origin',(4.94974746830583,47.6,-2.82474746830583));
#4246=CARTESIAN_POINT('',(4.94974746830583,8.,-2.82474746830583));
#4247=CARTESIAN_POINT('',(3.89653094170595,8.,-4.02739452712936));
#4248=CARTESIAN_POINT('',(4.04615788161639,8.,-3.85653849263));
#4249=CARTESIAN_POINT('',(4.94974746830583,5.,-2.82474746830583));
#4250=CARTESIAN_POINT('',(4.94974746830583,47.6,-2.82474746830583));
#4251=CARTESIAN_POINT('',(3.89653094170595,5.,-4.02739452712936));
#4252=CARTESIAN_POINT('',(4.42313920500589,5.,-3.4260709977176));
#4253=CARTESIAN_POINT('',(3.89653094170595,50.2,-4.02739452712936));
#4254=CARTESIAN_POINT('Origin',(6.00296399490571,47.6,-4.02739452712936));
#4255=CARTESIAN_POINT('',(6.00296399490571,44.6,-4.02739452712936));
#4256=CARTESIAN_POINT('',(3.36341825108318,44.6,-1.01334960354043));
#4257=CARTESIAN_POINT('',(6.00296399490571,47.6,-4.02739452712936));
#4258=CARTESIAN_POINT('',(6.00296399490571,47.6,-4.02739452712936));
#4259=CARTESIAN_POINT('',(6.00296399490571,50.2,-4.02739452712936));
#4260=CARTESIAN_POINT('Origin',(6.00296399490571,47.6,-4.02739452712936));
#4261=CARTESIAN_POINT('',(6.00296399490571,8.,-4.02739452712936));
#4262=CARTESIAN_POINT('',(-2.27921150670229,8.,5.42985738271765));
#4263=CARTESIAN_POINT('',(6.00296399490571,5.,-4.02739452712936));
#4264=CARTESIAN_POINT('',(6.00296399490571,50.2,-4.02739452712936));
#4265=CARTESIAN_POINT('',(6.00296399490571,5.,-4.02739452712936));
#4266=CARTESIAN_POINT('Origin',(4.94974746830583,47.6,7.07474746830583));
#4267=CARTESIAN_POINT('',(3.89653094170595,44.6,5.8721004094823));
#4268=CARTESIAN_POINT('',(4.94974746830583,44.6,7.07474746830583));
#4269=CARTESIAN_POINT('',(7.23553783417097,44.6,9.68484614333281));
#4270=CARTESIAN_POINT('',(3.89653094170595,47.6,5.8721004094823));
#4271=CARTESIAN_POINT('',(3.89653094170595,50.2,5.8721004094823));
#4272=CARTESIAN_POINT('',(4.94974746830583,47.6,7.07474746830583));
#4273=CARTESIAN_POINT('',(4.42313920500589,47.6,6.47342393889407));
#4274=CARTESIAN_POINT('',(4.94974746830583,47.6,7.07474746830583));
#4275=CARTESIAN_POINT('Origin',(4.94974746830583,47.6,7.07474746830583));
#4276=CARTESIAN_POINT('',(4.94974746830583,8.,7.07474746830583));
#4277=CARTESIAN_POINT('',(3.89653094170595,8.,5.8721004094823));
#4278=CARTESIAN_POINT('',(1.59290807638551,8.,3.24163915707473));
#4279=CARTESIAN_POINT('',(4.94974746830583,5.,7.07474746830583));
#4280=CARTESIAN_POINT('',(4.94974746830583,47.6,7.07474746830583));
#4281=CARTESIAN_POINT('',(3.89653094170595,5.,5.8721004094823));
#4282=CARTESIAN_POINT('',(4.42313920500589,5.,6.47342393889407));
#4283=CARTESIAN_POINT('',(3.89653094170595,50.2,5.8721004094823));
#4284=CARTESIAN_POINT('Origin',(6.00296399490571,47.6,5.8721004094823));
#4285=CARTESIAN_POINT('',(6.00296399490571,44.6,5.8721004094823));
#4286=CARTESIAN_POINT('',(5.81666805631405,44.6,6.08482804616431));
#4287=CARTESIAN_POINT('',(6.00296399490571,47.6,5.8721004094823));
#4288=CARTESIAN_POINT('',(6.00296399490571,47.6,5.8721004094823));
#4289=CARTESIAN_POINT('',(6.00296399490571,50.2,5.8721004094823));
#4290=CARTESIAN_POINT('Origin',(6.00296399490571,47.6,5.8721004094823));
#4291=CARTESIAN_POINT('',(6.00296399490571,8.,5.8721004094823));
#4292=CARTESIAN_POINT('',(0.174038298528606,8.,12.5280350324224));
#4293=CARTESIAN_POINT('',(6.00296399490571,5.,5.8721004094823));
#4294=CARTESIAN_POINT('',(6.00296399490571,50.2,5.8721004094823));
#4295=CARTESIAN_POINT('',(6.00296399490571,5.,5.8721004094823));
#4296=CARTESIAN_POINT('Origin',(-4.94974746830583,50.2,-4.94974746830583));
#4297=CARTESIAN_POINT('Origin',(-4.94974746830583,7.99999999999999,-4.94974746830583));
#4298=CARTESIAN_POINT('Origin',(-4.94974746830583,5.,-4.94974746830583));
#4299=CARTESIAN_POINT('Origin',(-4.94974746830583,50.2,-4.94974746830583));
#4300=CARTESIAN_POINT('Origin',(-4.94974746830583,47.6,-4.94974746830583));
#4301=CARTESIAN_POINT('Origin',(-4.94974746830583,44.6,-4.94974746830583));
#4302=CARTESIAN_POINT('Origin',(-4.94974746830583,47.6,-4.94974746830583));
#4303=CARTESIAN_POINT('',(-6.50974748453405,47.6,-2.869747480477));
#4304=CARTESIAN_POINT('',(-3.38974748453406,47.6,-2.86974745613466));
#4305=CARTESIAN_POINT('Origin',(-4.94974746830583,47.6,-4.94974746830583));
#4306=CARTESIAN_POINT('',(-4.94974749366243,47.6,-1.69974746830583));
#4307=CARTESIAN_POINT('',(-6.50974748453405,47.6,-2.869747480477));
#4308=CARTESIAN_POINT('',(-4.94974749366243,47.6,-1.69974746830583));
#4309=CARTESIAN_POINT('Origin',(-4.94974746830583,50.2,4.94974746830583));
#4310=CARTESIAN_POINT('Origin',(-4.94974746830583,5.,4.94974746830583));
#4311=CARTESIAN_POINT('Origin',(-4.94974746830583,7.99999999999999,4.94974746830583));
#4312=CARTESIAN_POINT('Origin',(-4.94974746830583,5.,4.94974746830583));
#4313=CARTESIAN_POINT('Origin',(-4.94974746830583,5.,4.94974746830583));
#4314=CARTESIAN_POINT('Origin',(-4.94974746830583,47.6,4.94974746830583));
#4315=CARTESIAN_POINT('',(-6.50960916926396,47.6,7.02985117512092));
#4316=CARTESIAN_POINT('',(-3.38988580792029,47.6,7.02985120554614));
#4317=CARTESIAN_POINT('Origin',(-4.94974746830583,47.6,4.94974746830583));
#4318=CARTESIAN_POINT('',(-4.9497475,47.6,8.19958536830584));
#4319=CARTESIAN_POINT('',(-6.50960916432845,47.6,7.02985116853933));
#4320=CARTESIAN_POINT('',(-4.9497475,47.6,8.19958536830584));
#4321=CARTESIAN_POINT('Origin',(-4.94974746830583,47.6,4.94974746830583));
#4322=CARTESIAN_POINT('Origin',(4.94974746830583,50.2,-4.94974746830583));
#4323=CARTESIAN_POINT('Origin',(4.94974746830583,5.,-4.94974746830583));
#4324=CARTESIAN_POINT('Origin',(4.94974746830583,7.99999999999999,-4.94974746830583));
#4325=CARTESIAN_POINT('Origin',(4.94974746830583,5.,-4.94974746830583));
#4326=CARTESIAN_POINT('Origin',(4.94974746830583,47.6,-4.94974746830583));
#4327=CARTESIAN_POINT('',(3.38974746830583,47.6,-2.86974746830583));
#4328=CARTESIAN_POINT('',(6.50974746830583,47.6,-2.86974746830583));
#4329=CARTESIAN_POINT('Origin',(4.94974746830583,47.6,-4.94974746830583));
#4330=CARTESIAN_POINT('',(4.94974746830583,47.6,-1.69974746830583));
#4331=CARTESIAN_POINT('',(3.38974746830583,47.6,-2.86974746830583));
#4332=CARTESIAN_POINT('',(4.94974746830583,47.6,-1.69974746830583));
#4333=CARTESIAN_POINT('Origin',(4.94974746830583,47.6,-4.94974746830583));
#4334=CARTESIAN_POINT('Origin',(-15.,7.99999999999999,11.));
#4335=CARTESIAN_POINT('',(-2.99999999999999,8.,2.6457513110646));
#4336=CARTESIAN_POINT('',(-2.99999999999999,8.,10.));
#4337=CARTESIAN_POINT('',(-2.99999999999999,8.,11.));
#4338=CARTESIAN_POINT('',(3.00000000000001,8.,2.64575131106458));
#4339=CARTESIAN_POINT('Origin',(-2.34854870593787E-16,8.,4.15523959806508E-32));
#4340=CARTESIAN_POINT('',(3.00000000000001,8.,9.53939201416945));
#4341=CARTESIAN_POINT('',(3.00000000000001,8.,11.));
#4342=CARTESIAN_POINT('',(-1.08203314076125E-15,8.,-10.));
#4343=CARTESIAN_POINT('Origin',(-4.69709741187569E-16,8.,8.31047919613008E-32));
#4344=CARTESIAN_POINT('',(-12.,7.99999999999999,-10.));
#4345=CARTESIAN_POINT('',(-7.5,8.,-10.));
#4346=CARTESIAN_POINT('',(-12.,7.99999999999999,10.));
#4347=CARTESIAN_POINT('',(-12.,7.99999999999999,11.));
#4348=CARTESIAN_POINT('',(-17.85,7.99999999999999,10.));
#4349=CARTESIAN_POINT('Origin',(4.94974746830583,7.99999999999999,4.94974746830583));
#4350=CARTESIAN_POINT('Origin',(4.94974746830583,50.2,4.94974746830583));
#4351=CARTESIAN_POINT('Origin',(4.94974746830583,5.,4.94974746830583));
#4352=CARTESIAN_POINT('Origin',(4.94974746830583,5.,4.94974746830583));
#4353=CARTESIAN_POINT('Origin',(11.,44.6,11.));
#4354=CARTESIAN_POINT('',(2.99999999999999,44.6,2.6457513110646));
#4355=CARTESIAN_POINT('',(3.,44.6,9.53939201416946));
#4356=CARTESIAN_POINT('',(3.,44.6,11.));
#4357=CARTESIAN_POINT('',(-3.,44.6,2.64575131106459));
#4358=CARTESIAN_POINT('Origin',(0.,44.6,0.));
#4359=CARTESIAN_POINT('',(-3.,44.6,10.));
#4360=CARTESIAN_POINT('',(-3.,44.6,11.));
#4361=CARTESIAN_POINT('',(-12.,44.6,10.));
#4362=CARTESIAN_POINT('',(-4.85,44.6,10.));
#4363=CARTESIAN_POINT('',(-12.,44.6,-10.));
#4364=CARTESIAN_POINT('',(-12.,44.6,11.));
#4365=CARTESIAN_POINT('',(-1.11022302462516E-15,44.6,-10.));
#4366=CARTESIAN_POINT('',(5.5,44.6,-10.));
#4367=CARTESIAN_POINT('Origin',(0.,44.6,0.));
#4368=CARTESIAN_POINT('Origin',(-4.94974746830583,44.6,4.94974746830583));
#4369=CARTESIAN_POINT('Origin',(4.94974746830583,44.6,-4.94974746830583));
#4370=CARTESIAN_POINT('Origin',(4.94974746830583,44.6,4.94974746830583));
#4371=CARTESIAN_POINT('Origin',(4.94974746830583,47.6,4.94974746830583));
#4372=CARTESIAN_POINT('',(3.43487687818644,47.6,7.06284166762382));
#4373=CARTESIAN_POINT('',(6.46461805842523,47.6,7.06284166762382));
#4374=CARTESIAN_POINT('Origin',(4.94974746830583,47.6,4.94974746830583));
#4375=CARTESIAN_POINT('',(4.94974746830583,47.6,8.14884763250194));
#4376=CARTESIAN_POINT('',(3.43487687818644,47.6,7.06284166762382));
#4377=CARTESIAN_POINT('',(4.94974746830583,47.6,8.14884763250194));
#4378=CARTESIAN_POINT('Origin',(4.94974746830583,47.6,4.94974746830583));
#4379=CARTESIAN_POINT('Origin',(-4.94974749366243,50.2,-1.69974746830583));
#4380=CARTESIAN_POINT('',(-4.94974749366243,50.2,-1.69974746830583));
#4381=CARTESIAN_POINT('',(-6.50974748453405,50.2,-2.869747480477));
#4382=CARTESIAN_POINT('',(-2.95788891997713,50.2,-0.205853513759756));
#4383=CARTESIAN_POINT('',(-4.94974749366243,50.2,-1.69974746830583));
#4384=CARTESIAN_POINT('',(-6.50974748453406,50.2,-2.869747480477));
#4385=CARTESIAN_POINT('Origin',(-3.38974748453406,50.2,-2.86974745613466));
#4386=CARTESIAN_POINT('',(-3.38974748453406,50.2,-2.86974745613466));
#4387=CARTESIAN_POINT('',(-2.99376766312638,50.2,-3.16673231736316));
#4388=CARTESIAN_POINT('',(-3.38974748453406,50.2,-2.86974745613466));
#4389=CARTESIAN_POINT('Origin',(-4.9497475,50.2,8.19958536830584));
#4390=CARTESIAN_POINT('',(-4.9497475,50.2,8.19958536830584));
#4391=CARTESIAN_POINT('',(-6.50960916926396,50.2,7.02985117512092));
#4392=CARTESIAN_POINT('',(-5.33349447296404,50.2,7.91181500469083));
#4393=CARTESIAN_POINT('',(-4.9497475,50.2,8.19958536830584));
#4394=CARTESIAN_POINT('',(-6.50960915445744,50.2,7.02985117594156));
#4395=CARTESIAN_POINT('Origin',(-3.3898858128558,50.2,7.02985119896455));
#4396=CARTESIAN_POINT('',(-3.38988580792029,50.2,7.02985120554614));
#4397=CARTESIAN_POINT('',(-0.617915318253848,50.2,4.95116138263983));
#4398=CARTESIAN_POINT('',(-3.38988582272681,50.2,7.02985120636678));
#4399=CARTESIAN_POINT('Origin',(4.94974746830583,50.2,-1.69974746830583));
#4400=CARTESIAN_POINT('',(4.94974746830583,50.2,-1.69974746830583));
#4401=CARTESIAN_POINT('',(3.38974746830583,50.2,-2.86974746830583));
#4402=CARTESIAN_POINT('',(3.77376767084137,50.2,-2.58173231640418));
#4403=CARTESIAN_POINT('',(4.94974746830583,50.2,-1.69974746830583));
#4404=CARTESIAN_POINT('',(3.38974746830583,50.2,-2.86974746830583));
#4405=CARTESIAN_POINT('Origin',(6.50974746830583,50.2,-2.86974746830583));
#4406=CARTESIAN_POINT('',(6.50974746830583,50.2,-2.86974746830583));
#4407=CARTESIAN_POINT('',(3.73788888605457,50.2,-0.790853531617382));
#4408=CARTESIAN_POINT('',(6.50974746830583,50.2,-2.86974746830583));
#4409=CARTESIAN_POINT('Origin',(4.94974746830583,50.2,8.14884763250194));
#4410=CARTESIAN_POINT('',(4.94974746830583,50.2,8.14884763250194));
#4411=CARTESIAN_POINT('',(3.43487687818644,50.2,7.06284166762382));
#4412=CARTESIAN_POINT('',(1.38566208260527,50.2,5.5937660212729));
#4413=CARTESIAN_POINT('',(4.94974746830583,50.2,8.14884763250194));
#4414=CARTESIAN_POINT('',(3.43487687818644,50.2,7.06284166762382));
#4415=CARTESIAN_POINT('Origin',(6.46461805842523,50.2,7.06284166762382));
#4416=CARTESIAN_POINT('',(6.46461805842523,50.2,7.06284166762382));
#4417=CARTESIAN_POINT('',(6.00182295306229,50.2,7.39461802411176));
#4418=CARTESIAN_POINT('',(6.46461805842523,50.2,7.06284166762382));
#4419=CARTESIAN_POINT('Origin',(-4.94974746830583,50.2,-4.94974746830583));
#4420=CARTESIAN_POINT('Origin',(-4.94974746830583,50.2,-4.94974746830583));
#4421=CARTESIAN_POINT('Origin',(-4.94974746830583,50.2,4.94974746830583));
#4422=CARTESIAN_POINT('Origin',(-4.94974746830583,50.2,4.94974746830583));
#4423=CARTESIAN_POINT('Origin',(4.94974746830583,50.2,-4.94974746830583));
#4424=CARTESIAN_POINT('Origin',(4.94974746830583,50.2,-4.94974746830583));
#4425=CARTESIAN_POINT('Origin',(4.94974746830583,50.2,4.94974746830583));
#4426=CARTESIAN_POINT('Origin',(4.94974746830583,50.2,4.94974746830583));
#4427=CARTESIAN_POINT('Origin',(0.,50.2,0.));
#4428=CARTESIAN_POINT('',(1.60812264967664E-15,50.2,10.));
#4429=CARTESIAN_POINT('',(-12.7,50.2,10.));
#4430=CARTESIAN_POINT('',(-10.35,50.2,10.));
#4431=CARTESIAN_POINT('',(-1.22098534269076E-15,50.2,-10.));
#4432=CARTESIAN_POINT('Origin',(0.,50.2,0.));
#4433=CARTESIAN_POINT('',(-12.7,50.2,-10.));
#4434=CARTESIAN_POINT('',(-1.18425134040231E-15,50.2,-10.));
#4435=CARTESIAN_POINT('',(-12.7,50.2,11.));
#4436=CARTESIAN_POINT('Origin',(3.,45.1,2.6457513110646));
#4437=CARTESIAN_POINT('',(2.49999999999999,45.1,2.6457513110646));
#4438=CARTESIAN_POINT('',(2.625,45.1,2.31503239718152));
#4439=CARTESIAN_POINT('Origin',(3.,45.1,2.6457513110646));
#4440=CARTESIAN_POINT('Origin',(3.,45.1,2.6457513110646));
#4441=CARTESIAN_POINT('Origin',(2.99999999999999,45.1,2.6457513110646));
#4442=CARTESIAN_POINT('Ctrl Pts',(2.49999999999999,46.1,2.6457513110646));
#4443=CARTESIAN_POINT('Ctrl Pts',(2.49999999999999,46.1517178444457,2.6457513110646));
#4444=CARTESIAN_POINT('Ctrl Pts',(2.49170968193983,46.2031295289381,2.66479276431276));
#4445=CARTESIAN_POINT('Ctrl Pts',(2.47696960070814,46.2500000000011,2.6970804945971));
#4446=CARTESIAN_POINT('Ctrl Pts',(2.49999999999999,46.1,2.5252956030957));
#4447=CARTESIAN_POINT('Ctrl Pts',(2.49999999999999,46.1658198572799,2.5252956030957));
#4448=CARTESIAN_POINT('Ctrl Pts',(2.48720591369466,46.231276209981,2.54277293298054));
#4449=CARTESIAN_POINT('Ctrl Pts',(2.46465329133635,46.2891633677559,2.5721321703929));
#4450=CARTESIAN_POINT('Ctrl Pts',(2.54532603817901,46.1,2.4053741781582));
#4451=CARTESIAN_POINT('Ctrl Pts',(2.54532603817901,46.1845799125578,2.4053741781582));
#4452=CARTESIAN_POINT('Ctrl Pts',(2.53055903734863,46.2686985601832,2.42133366444235));
#4453=CARTESIAN_POINT('Ctrl Pts',(2.50432845185596,46.3444072991738,2.4479677288337));
#4454=CARTESIAN_POINT('Ctrl Pts',(2.62499999999999,46.1,2.31503239718152));
#4455=CARTESIAN_POINT('Ctrl Pts',(2.62499999999999,46.2034356888913,2.31503239718152));
#4456=CARTESIAN_POINT('Ctrl Pts',(2.61049194339471,46.3062590578763,2.33169366877366));
#4457=CARTESIAN_POINT('Ctrl Pts',(2.58469680123925,46.4000000000021,2.35994543277246));
#4458=CARTESIAN_POINT('',(2.47696960070814,46.2500000000011,2.6970804945971));
#4459=CARTESIAN_POINT('',(2.58469680123925,46.400000000001,2.35994543277246));
#4460=CARTESIAN_POINT('Origin',(2.95393920141629,46.4000000000021,2.6970804945971));
#4461=CARTESIAN_POINT('',(2.62499999999999,46.1,2.31503239718152));
#4462=CARTESIAN_POINT('Ctrl Pts',(2.58469680123925,46.4000000000021,2.35994543277246));
#4463=CARTESIAN_POINT('Ctrl Pts',(2.61049194339471,46.3062590578763,2.33169366877366));
#4464=CARTESIAN_POINT('Ctrl Pts',(2.62499999999999,46.2034356888913,2.31503239718152));
#4465=CARTESIAN_POINT('Ctrl Pts',(2.62499999999999,46.1,2.31503239718152));
#4466=CARTESIAN_POINT('',(2.49999999999999,46.1,2.6457513110646));
#4467=CARTESIAN_POINT('Origin',(2.99999999999999,46.1,2.6457513110646));
#4468=CARTESIAN_POINT('Ctrl Pts',(2.49999999999999,46.1,2.6457513110646));
#4469=CARTESIAN_POINT('Ctrl Pts',(2.49999999999999,46.1517178444457,2.6457513110646));
#4470=CARTESIAN_POINT('Ctrl Pts',(2.49170968193983,46.2031295289381,2.66479276431276));
#4471=CARTESIAN_POINT('Ctrl Pts',(2.47696960070814,46.2500000000011,2.6970804945971));
#4472=CARTESIAN_POINT('Ctrl Pts',(1.76887530952406,46.8666666666667,2.88538883839231));
#4473=CARTESIAN_POINT('Ctrl Pts',(1.94360048268013,46.8666666666667,2.77827431689846));
#4474=CARTESIAN_POINT('Ctrl Pts',(2.29879719620091,46.7859878866804,2.57044554444272));
#4475=CARTESIAN_POINT('Ctrl Pts',(2.52690883921535,46.5400030535741,2.42323687948071));
#4476=CARTESIAN_POINT('Ctrl Pts',(2.58469680123931,46.4000000000013,2.3599454327724));
#4477=CARTESIAN_POINT('Ctrl Pts',(1.79408513426563,46.7752517943499,2.926511096437));
#4478=CARTESIAN_POINT('Ctrl Pts',(1.95214346602754,46.7840577817299,2.8243515141677));
#4479=CARTESIAN_POINT('Ctrl Pts',(2.27628389453413,46.7195585807852,2.62026089493374));
#4480=CARTESIAN_POINT('Ctrl Pts',(2.48457251883303,46.4961454590997,2.47370347861047));
#4481=CARTESIAN_POINT('Ctrl Pts',(2.53877203016318,46.3682327423852,2.41024388766456));
#4482=CARTESIAN_POINT('Ctrl Pts',(1.86489916382386,46.6427335899534,3.04202291877336));
#4483=CARTESIAN_POINT('Ctrl Pts',(1.99122416219132,46.6611141275612,2.93805039473981));
#4484=CARTESIAN_POINT('Ctrl Pts',(2.25946267832721,46.6161427474745,2.73211782437737));
#4485=CARTESIAN_POINT('Ctrl Pts',(2.43420268761939,46.4237413596806,2.58455220254837));
#4486=CARTESIAN_POINT('Ctrl Pts',(2.48075537825667,46.3126785079262,2.51856261811415));
#4487=CARTESIAN_POINT('Ctrl Pts',(1.95948421023676,46.6,3.1963100161901));
#4488=CARTESIAN_POINT('Ctrl Pts',(2.06396313655532,46.6080298719345,3.08032434016864));
#4489=CARTESIAN_POINT('Ctrl Pts',(2.28628696500068,46.555825777825,2.86482254990151));
#4490=CARTESIAN_POINT('Ctrl Pts',(2.43453273929983,46.3720222056431,2.7139631789956));
#4491=CARTESIAN_POINT('Ctrl Pts',(2.47169118240601,46.2667843004672,2.64353121279524));
#4492=CARTESIAN_POINT('Ctrl Pts',(1.99999999999999,46.6,3.26239935947621));
#4493=CARTESIAN_POINT('Ctrl Pts',(2.09877755216283,46.6,3.14128904614082));
#4494=CARTESIAN_POINT('Ctrl Pts',(2.30511175113569,46.5394909150103,2.92168997489846));
#4495=CARTESIAN_POINT('Ctrl Pts',(2.44394790812298,46.3550022901807,2.7694135765494));
#4496=CARTESIAN_POINT('Ctrl Pts',(2.47696960070817,46.2500000000009,2.69708049459703));
#4497=CARTESIAN_POINT('',(1.99999999999999,46.6,3.26239935947621));
#4498=CARTESIAN_POINT('Ctrl Pts',(2.47696960070817,46.2500000000009,2.69708049459703));
#4499=CARTESIAN_POINT('Ctrl Pts',(2.44394790812298,46.3550022901807,2.7694135765494));
#4500=CARTESIAN_POINT('Ctrl Pts',(2.30511175113569,46.5394909150103,2.92168997489846));
#4501=CARTESIAN_POINT('Ctrl Pts',(2.09877755216283,46.6,3.14128904614082));
#4502=CARTESIAN_POINT('Ctrl Pts',(1.99999999999999,46.6,3.26239935947621));
#4503=CARTESIAN_POINT('',(1.76887530952406,46.8666666666667,2.88538883839231));
#4504=CARTESIAN_POINT('Origin',(1.99999999999999,47.1,3.26239935947621));
#4505=CARTESIAN_POINT('Ctrl Pts',(1.76887530952406,46.8666666666667,2.88538883839231));
#4506=CARTESIAN_POINT('Ctrl Pts',(1.94360048268013,46.8666666666667,2.77827431689846));
#4507=CARTESIAN_POINT('Ctrl Pts',(2.29879719620091,46.7859878866804,2.57044554444272));
#4508=CARTESIAN_POINT('Ctrl Pts',(2.52690883921535,46.5400030535741,2.42323687948071));
#4509=CARTESIAN_POINT('Ctrl Pts',(2.58469680123931,46.4000000000013,2.3599454327724));
#4510=CARTESIAN_POINT('Origin',(-5.55111512312581E-17,47.1,1.26060869087165E-32));
#4511=CARTESIAN_POINT('',(-2.00000000000001,46.6,3.26239935947621));
#4512=CARTESIAN_POINT('',(-1.76887530952407,46.8666666666667,2.8853888383923));
#4513=CARTESIAN_POINT('Origin',(-2.00000000000001,47.1,3.26239935947621));
#4514=CARTESIAN_POINT('Origin',(0.,46.8666666666667,0.));
#4515=CARTESIAN_POINT('Origin',(2.37904933848242E-17,46.6,-5.40260867516406E-33));
#4516=CARTESIAN_POINT('Ctrl Pts',(-2.00000000000001,46.6,3.26239935947621));
#4517=CARTESIAN_POINT('Ctrl Pts',(-2.09877902686344,46.6,3.14128723802301));
#4518=CARTESIAN_POINT('Ctrl Pts',(-2.30512208272947,46.5394849502458,2.92167994441542));
#4519=CARTESIAN_POINT('Ctrl Pts',(-2.4439474151241,46.3550038578156,2.76941465644853));
#4520=CARTESIAN_POINT('Ctrl Pts',(-2.47696960070747,46.2500000000032,2.69708049459858));
#4521=CARTESIAN_POINT('Ctrl Pts',(-1.94597894698237,46.6,3.17428023509472));
#4522=CARTESIAN_POINT('Ctrl Pts',(-2.05234583808445,46.6108241687602,3.06006210874679));
#4523=CARTESIAN_POINT('Ctrl Pts',(-2.28001732240088,46.561332880302,2.84589355381251));
#4524=CARTESIAN_POINT('Ctrl Pts',(-2.43138380123048,46.3776766669104,2.69547459865046));
#4525=CARTESIAN_POINT('Ctrl Pts',(-2.4699317096378,46.2723790672915,2.62568145219614));
#4526=CARTESIAN_POINT('Ctrl Pts',(-1.85167594190809,46.6579902572684,3.02045320341921));
#4527=CARTESIAN_POINT('Ctrl Pts',(-1.98279556414518,46.6758623998603,2.91800024972287));
#4528=CARTESIAN_POINT('Ctrl Pts',(-2.25922065808966,46.6292875958468,2.7133215660734));
#4529=CARTESIAN_POINT('Ctrl Pts',(-2.43861193787524,46.4335421206274,2.5661950586529));
#4530=CARTESIAN_POINT('Ctrl Pts',(-2.48642493814126,46.3205728371106,2.50081958373678));
#4531=CARTESIAN_POINT('Ctrl Pts',(-1.78778267808025,46.7981055124291,2.91623053192582));
#4532=CARTESIAN_POINT('Ctrl Pts',(-1.95001517883609,46.8046254177159,2.81277954293995));
#4533=CARTESIAN_POINT('Ctrl Pts',(-2.28192949434098,46.7361099293647,2.60776649378891));
#4534=CARTESIAN_POINT('Ctrl Pts',(-2.49516332269626,46.5071265810639,2.46109297736285));
#4535=CARTESIAN_POINT('Ctrl Pts',(-2.55025322293103,46.376174556792,2.39766927394288));
#4536=CARTESIAN_POINT('Ctrl Pts',(-1.76887530952408,46.8666666666667,2.8853888383923));
#4537=CARTESIAN_POINT('Ctrl Pts',(-1.94360309124161,46.8666666666667,2.77827271773098));
#4538=CARTESIAN_POINT('Ctrl Pts',(-2.29881451709301,46.785979933661,2.57043572457801));
#4539=CARTESIAN_POINT('Ctrl Pts',(-2.52690797646731,46.5400051437541,2.42323782439258));
#4540=CARTESIAN_POINT('Ctrl Pts',(-2.58469680123807,46.4000000000043,2.35994543277375));
#4541=CARTESIAN_POINT('',(-2.47696960070747,46.2500000000032,2.69708049459858));
#4542=CARTESIAN_POINT('',(-2.58469680123807,46.4000000000021,2.35994543277376));
#4543=CARTESIAN_POINT('Origin',(-2.95393920141494,46.4000000000064,2.69708049459858));
#4544=CARTESIAN_POINT('Ctrl Pts',(-2.58469680123807,46.4000000000043,2.35994543277375));
#4545=CARTESIAN_POINT('Ctrl Pts',(-2.52690797646731,46.5400051437541,2.42323782439258));
#4546=CARTESIAN_POINT('Ctrl Pts',(-2.29881451709301,46.785979933661,2.57043572457801));
#4547=CARTESIAN_POINT('Ctrl Pts',(-1.94360309124161,46.8666666666667,2.77827271773098));
#4548=CARTESIAN_POINT('Ctrl Pts',(-1.76887530952408,46.8666666666667,2.8853888383923));
#4549=CARTESIAN_POINT('Ctrl Pts',(-2.00000000000001,46.6,3.26239935947621));
#4550=CARTESIAN_POINT('Ctrl Pts',(-2.09877902686344,46.6,3.14128723802301));
#4551=CARTESIAN_POINT('Ctrl Pts',(-2.30512208272947,46.5394849502458,2.92167994441542));
#4552=CARTESIAN_POINT('Ctrl Pts',(-2.4439474151241,46.3550038578156,2.76941465644853));
#4553=CARTESIAN_POINT('Ctrl Pts',(-2.47696960070747,46.2500000000032,2.69708049459858));
#4554=CARTESIAN_POINT('Ctrl Pts',(-2.62500000000001,46.1,2.31503239718151));
#4555=CARTESIAN_POINT('Ctrl Pts',(-2.62500000000001,46.203435627036,2.31503239718151));
#4556=CARTESIAN_POINT('Ctrl Pts',(-2.61049192796854,46.3062591139367,2.33169368566897));
#4557=CARTESIAN_POINT('Ctrl Pts',(-2.58469680123856,46.4000000000046,2.35994543277322));
#4558=CARTESIAN_POINT('Ctrl Pts',(-2.54532603817902,46.1,2.40537417815819));
#4559=CARTESIAN_POINT('Ctrl Pts',(-2.54532603817902,46.1845798619784,2.40537417815819));
#4560=CARTESIAN_POINT('Ctrl Pts',(-2.53055902166206,46.2686986054598,2.42133368037024));
#4561=CARTESIAN_POINT('Ctrl Pts',(-2.50432845185526,46.3444072991758,2.44796772883441));
#4562=CARTESIAN_POINT('Ctrl Pts',(-2.5,46.1,2.52529560309568));
#4563=CARTESIAN_POINT('Ctrl Pts',(-2.5,46.1658198179191,2.52529560309568));
#4564=CARTESIAN_POINT('Ctrl Pts',(-2.4872059002076,46.2312762445996,2.54277295053816));
#4565=CARTESIAN_POINT('Ctrl Pts',(-2.46465329133575,46.2891633677574,2.57213217039369));
#4566=CARTESIAN_POINT('Ctrl Pts',(-2.50000000000001,46.1,2.64575131106459));
#4567=CARTESIAN_POINT('Ctrl Pts',(-2.50000000000001,46.151717813518,2.64575131106459));
#4568=CARTESIAN_POINT('Ctrl Pts',(-2.49170967312488,46.2031295569684,2.66479278362168));
#4569=CARTESIAN_POINT('Ctrl Pts',(-2.47696960070775,46.2500000000023,2.69708049459796));
#4570=CARTESIAN_POINT('',(-2.50000000000001,46.1,2.64575131106459));
#4571=CARTESIAN_POINT('Ctrl Pts',(-2.47696960070775,46.2500000000023,2.69708049459796));
#4572=CARTESIAN_POINT('Ctrl Pts',(-2.49170967312488,46.2031295569684,2.66479278362168));
#4573=CARTESIAN_POINT('Ctrl Pts',(-2.50000000000001,46.151717813518,2.64575131106459));
#4574=CARTESIAN_POINT('Ctrl Pts',(-2.50000000000001,46.1,2.64575131106459));
#4575=CARTESIAN_POINT('',(-2.62500000000001,46.1,2.31503239718151));
#4576=CARTESIAN_POINT('Origin',(-3.00000000000001,46.1,2.64575131106459));
#4577=CARTESIAN_POINT('Ctrl Pts',(-2.62500000000001,46.1,2.31503239718151));
#4578=CARTESIAN_POINT('Ctrl Pts',(-2.62500000000001,46.203435627036,2.31503239718151));
#4579=CARTESIAN_POINT('Ctrl Pts',(-2.61049192796854,46.3062591139367,2.33169368566897));
#4580=CARTESIAN_POINT('Ctrl Pts',(-2.58469680123856,46.4000000000046,2.35994543277322));
#4581=CARTESIAN_POINT('Origin',(3.,26.3,2.64575131106459));
#4582=CARTESIAN_POINT('',(2.625,26.3,2.31503239718152));
#4583=CARTESIAN_POINT('',(2.5,26.3,2.64575131106459));
#4584=CARTESIAN_POINT('Origin',(-3.,26.3,2.64575131106459));
#4585=CARTESIAN_POINT('',(-2.50000000000001,45.1,2.64575131106459));
#4586=CARTESIAN_POINT('',(-2.5,26.3,2.64575131106459));
#4587=CARTESIAN_POINT('',(-2.625,45.1,2.31503239718152));
#4588=CARTESIAN_POINT('Origin',(-3.,45.1,2.64575131106459));
#4589=CARTESIAN_POINT('',(-2.625,26.3,2.31503239718152));
#4590=CARTESIAN_POINT('Origin',(-3.,45.1,2.64575131106459));
#4591=CARTESIAN_POINT('Origin',(-3.,45.1,2.64575131106459));
#4592=CARTESIAN_POINT('Origin',(-3.,45.1,2.64575131106459));
#4593=CARTESIAN_POINT('Origin',(-2.,46.1,11.));
#4594=CARTESIAN_POINT('',(-2.,46.6,10.5));
#4595=CARTESIAN_POINT('',(-2.,46.6,11.));
#4596=CARTESIAN_POINT('',(-2.5,46.1,10.5));
#4597=CARTESIAN_POINT('Origin',(-2.,46.1,10.5));
#4598=CARTESIAN_POINT('',(-2.5,46.1,11.));
#4599=CARTESIAN_POINT('Origin',(-2.5,46.6,11.));
#4600=CARTESIAN_POINT('',(2.,46.6,10.3077640640442));
#4601=CARTESIAN_POINT('',(2.,46.6,11.));
#4602=CARTESIAN_POINT('',(0.,46.6,10.5));
#4603=CARTESIAN_POINT('Origin',(7.93016446160823E-17,46.6,-1.80086955838806E-32));
#4604=CARTESIAN_POINT('',(-11.6,46.6,10.5));
#4605=CARTESIAN_POINT('Origin',(2.,46.1,11.));
#4606=CARTESIAN_POINT('',(2.5,46.1,10.0623058987491));
#4607=CARTESIAN_POINT('',(2.5,46.1,11.));
#4608=CARTESIAN_POINT('Ctrl Pts',(2.,46.6,10.3077640640442));
#4609=CARTESIAN_POINT('Ctrl Pts',(2.11170407979453,46.6,10.2644165139448));
#4610=CARTESIAN_POINT('Ctrl Pts',(2.37063537420089,46.5110354510706,10.1429341837024));
#4611=CARTESIAN_POINT('Ctrl Pts',(2.5,46.2517164253477,10.0623058987491));
#4612=CARTESIAN_POINT('Ctrl Pts',(2.5,46.1,10.0623058987491));
#4613=CARTESIAN_POINT('Origin',(2.5,46.6,11.));
#4614=CARTESIAN_POINT('',(2.5,45.1,9.53939201416946));
#4615=CARTESIAN_POINT('',(2.5,45.1,11.));
#4616=CARTESIAN_POINT('',(2.5,45.6,10.0623058987491));
#4617=CARTESIAN_POINT('Ctrl Pts',(2.5,45.6,10.0623058987491));
#4618=CARTESIAN_POINT('Ctrl Pts',(2.5,45.4851993903481,10.0623058987491));
#4619=CARTESIAN_POINT('Ctrl Pts',(2.5,45.2186023193576,9.96046619195567));
#4620=CARTESIAN_POINT('Ctrl Pts',(2.5,45.1,9.69245949370533));
#4621=CARTESIAN_POINT('Ctrl Pts',(2.5,45.1,9.53939201416946));
#4622=CARTESIAN_POINT('',(2.50000000000002,-2.18763157561607E-16,10.062305898749));
#4623=CARTESIAN_POINT('Origin',(3.,45.1,11.));
#4624=CARTESIAN_POINT('Origin',(3.,45.1,9.53939201416946));
#4625=CARTESIAN_POINT('Origin',(0.,46.4,0.));
#4626=CARTESIAN_POINT('',(-3.06161699786838E-16,47.4,-2.5));
#4627=CARTESIAN_POINT('Origin',(0.,47.4,0.));
#4628=CARTESIAN_POINT('',(-4.28626379701574E-16,46.4,-3.5));
#4629=CARTESIAN_POINT('Origin',(-3.06161699786838E-16,46.4,-2.5));
#4630=CARTESIAN_POINT('Origin',(0.,46.4,0.));
#4631=CARTESIAN_POINT('Origin',(0.,46.4,0.));
#4632=CARTESIAN_POINT('Origin',(-2.,46.1,10.5));
#4633=CARTESIAN_POINT('',(-2.,47.1,11.));
#4634=CARTESIAN_POINT('',(-3.,46.1,11.));
#4635=CARTESIAN_POINT('Origin',(-2.,46.1,11.));
#4636=CARTESIAN_POINT('Origin',(-3.,46.1,10.5));
#4637=CARTESIAN_POINT('Origin',(-2.,47.1,10.5));
#4638=CARTESIAN_POINT('Ctrl Pts',(2.,46.6,10.3077640640442));
#4639=CARTESIAN_POINT('Ctrl Pts',(2.11170407979453,46.6,10.2644165139448));
#4640=CARTESIAN_POINT('Ctrl Pts',(2.37063537420089,46.5110354510706,10.1429341837024));
#4641=CARTESIAN_POINT('Ctrl Pts',(2.5,46.2517164253477,10.0623058987491));
#4642=CARTESIAN_POINT('Ctrl Pts',(2.5,46.1,10.0623058987491));
#4643=CARTESIAN_POINT('Ctrl Pts',(2.01424758573056,46.6,10.3811944401406));
#4644=CARTESIAN_POINT('Ctrl Pts',(2.12791238440192,46.5968082266619,10.3395307375842));
#4645=CARTESIAN_POINT('Ctrl Pts',(2.38581873371931,46.4951905821402,10.2241420464763));
#4646=CARTESIAN_POINT('Ctrl Pts',(2.5,46.2436531826675,10.1509034239029));
#4647=CARTESIAN_POINT('Ctrl Pts',(2.5,46.1,10.1509034239029));
#4648=CARTESIAN_POINT('Ctrl Pts',(2.04269022880196,46.6342200618131,10.5277844672095));
#4649=CARTESIAN_POINT('Ctrl Pts',(2.16795136965275,46.6265552779507,10.4894650542906));
#4650=CARTESIAN_POINT('Ctrl Pts',(2.44546391692033,46.5006808466156,10.386146925478));
#4651=CARTESIAN_POINT('Ctrl Pts',(2.54827059573282,46.2423212084429,10.3275209819601));
#4652=CARTESIAN_POINT('Ctrl Pts',(2.54827059573282,46.1,10.3275209819601));
#4653=CARTESIAN_POINT('Ctrl Pts',(2.08274575196435,46.8014916817209,10.7342259083194));
#4654=CARTESIAN_POINT('Ctrl Pts',(2.25041705037959,46.793475832767,10.6979299229695));
#4655=CARTESIAN_POINT('Ctrl Pts',(2.62687881020827,46.6359652989943,10.6022282814747));
#4656=CARTESIAN_POINT('Ctrl Pts',(2.77807557646099,46.2917102979377,10.5527312958285));
#4657=CARTESIAN_POINT('Ctrl Pts',(2.77807557646099,46.1,10.5527312958285));
#4658=CARTESIAN_POINT('Ctrl Pts',(2.09523809523809,46.9878002623718,10.7986099718558));
#4659=CARTESIAN_POINT('Ctrl Pts',(2.30512061639647,46.984741303834,10.7579478020781));
#4660=CARTESIAN_POINT('Ctrl Pts',(2.787584523761,46.8142483092814,10.6468561708346));
#4661=CARTESIAN_POINT('Ctrl Pts',(3.01550065714711,46.361248013685,10.5794336904221));
#4662=CARTESIAN_POINT('Ctrl Pts',(3.01550065714711,46.1,10.5794336904221));
#4663=CARTESIAN_POINT('Ctrl Pts',(2.09523809523809,47.1,10.7986099718558));
#4664=CARTESIAN_POINT('Ctrl Pts',(2.32928473861711,47.1,10.7531982527041));
#4665=CARTESIAN_POINT('Ctrl Pts',(2.87180745070663,46.9220709021411,10.625931049593));
#4666=CARTESIAN_POINT('Ctrl Pts',(3.14285714285714,46.4034328506953,10.541463322499));
#4667=CARTESIAN_POINT('Ctrl Pts',(3.14285714285714,46.1,10.541463322499));
#4668=CARTESIAN_POINT('',(3.14285714285716,46.1,10.541463322499));
#4669=CARTESIAN_POINT('Origin',(3.,46.1,10.0623058987491));
#4670=CARTESIAN_POINT('',(2.09523809523809,47.1,10.7986099718558));
#4671=CARTESIAN_POINT('Ctrl Pts',(3.14285714285714,46.1,10.541463322499));
#4672=CARTESIAN_POINT('Ctrl Pts',(3.14285714285714,46.4034328506953,10.541463322499));
#4673=CARTESIAN_POINT('Ctrl Pts',(2.87180745070663,46.9220709021411,10.625931049593));
#4674=CARTESIAN_POINT('Ctrl Pts',(2.32928473861711,47.1,10.7531982527041));
#4675=CARTESIAN_POINT('Ctrl Pts',(2.09523809523809,47.1,10.7986099718558));
#4676=CARTESIAN_POINT('Origin',(2.,47.1,10.3077640640442));
#4677=CARTESIAN_POINT('Origin',(-3.,45.1,11.));
#4678=CARTESIAN_POINT('',(-2.5,45.1,10.));
#4679=CARTESIAN_POINT('',(-2.5,45.1,11.));
#4680=CARTESIAN_POINT('Origin',(-3.,45.1,10.));
#4681=CARTESIAN_POINT('Origin',(0.,45.1,0.));
#4682=CARTESIAN_POINT('Origin',(0.,45.1,0.));
#4683=CARTESIAN_POINT('Origin',(3.00000000000002,0.,10.062305898749));
#4684=CARTESIAN_POINT('',(3.14285714285716,45.6,10.541463322499));
#4685=CARTESIAN_POINT('Origin',(3.,45.6,10.0623058987491));
#4686=CARTESIAN_POINT('',(3.14285714285716,0.,10.541463322499));
#4687=CARTESIAN_POINT('Ctrl Pts',(2.5,45.6,10.0623058987491));
#4688=CARTESIAN_POINT('Ctrl Pts',(2.5,45.4851993903481,10.0623058987491));
#4689=CARTESIAN_POINT('Ctrl Pts',(2.5,45.2186023193576,9.96046619195567));
#4690=CARTESIAN_POINT('Ctrl Pts',(2.5,45.1,9.69245949370533));
#4691=CARTESIAN_POINT('Ctrl Pts',(2.5,45.1,9.53939201416946));
#4692=CARTESIAN_POINT('Ctrl Pts',(2.5,45.6,10.1509034239029));
#4693=CARTESIAN_POINT('Ctrl Pts',(2.5,45.4639575996241,10.1509034239029));
#4694=CARTESIAN_POINT('Ctrl Pts',(2.49999287530405,45.149123973857,10.0262553599857));
#4695=CARTESIAN_POINT('Ctrl Pts',(2.49998490611905,45.0210209074898,9.71330670311703));
#4696=CARTESIAN_POINT('Ctrl Pts',(2.5,45.0252001749145,9.53939201416946));
#4697=CARTESIAN_POINT('Ctrl Pts',(2.54827036131337,45.6,10.3275216097137));
#4698=CARTESIAN_POINT('Ctrl Pts',(2.54827036131337,45.4215765815822,10.3275216097137));
#4699=CARTESIAN_POINT('Ctrl Pts',(2.54527862353369,45.0105139392571,10.1574682903552));
#4700=CARTESIAN_POINT('Ctrl Pts',(2.53808927718536,44.8633891273714,9.75494155946048));
#4701=CARTESIAN_POINT('Ctrl Pts',(2.53421986956102,44.8758759926081,9.53939201416946));
#4702=CARTESIAN_POINT('Ctrl Pts',(2.77807535613724,45.6,10.5527326067835));
#4703=CARTESIAN_POINT('Ctrl Pts',(2.77807535613724,45.3677067414143,10.5527326067835));
#4704=CARTESIAN_POINT('Ctrl Pts',(2.76223063101449,44.8327977638934,10.3312028712492));
#4705=CARTESIAN_POINT('Ctrl Pts',(2.7230462809016,44.6470345965284,9.81347601221437));
#4706=CARTESIAN_POINT('Ctrl Pts',(2.7014914139618,44.6655841619719,9.53939201416946));
#4707=CARTESIAN_POINT('Ctrl Pts',(3.01550065714711,45.6,10.5794336904221));
#4708=CARTESIAN_POINT('Ctrl Pts',(3.01550065714711,45.361028587022,10.5794336904221));
#4709=CARTESIAN_POINT('Ctrl Pts',(2.99060730325592,44.8084369532503,10.3644031975027));
#4710=CARTESIAN_POINT('Ctrl Pts',(2.92535637506119,44.5900344204417,9.83190604281706));
#4711=CARTESIAN_POINT('Ctrl Pts',(2.88780026237179,44.6,9.53939201416946));
#4712=CARTESIAN_POINT('Ctrl Pts',(3.14285714285714,45.6,10.541463322499));
#4713=CARTESIAN_POINT('Ctrl Pts',(3.14285714285714,45.3703987806962,10.541463322499));
#4714=CARTESIAN_POINT('Ctrl Pts',(3.11667056324248,44.8372046387152,10.3455277110655));
#4715=CARTESIAN_POINT('Ctrl Pts',(3.0438051207574,44.6,9.83175090008297));
#4716=CARTESIAN_POINT('Ctrl Pts',(3.,44.6,9.53939201416946));
#4717=CARTESIAN_POINT('Ctrl Pts',(3.,44.6,9.53939201416946));
#4718=CARTESIAN_POINT('Ctrl Pts',(3.0438051207574,44.6,9.83175090008297));
#4719=CARTESIAN_POINT('Ctrl Pts',(3.11667056324248,44.8372046387152,10.3455277110655));
#4720=CARTESIAN_POINT('Ctrl Pts',(3.14285714285714,45.3703987806962,10.541463322499));
#4721=CARTESIAN_POINT('Ctrl Pts',(3.14285714285714,45.6,10.541463322499));
#4722=CARTESIAN_POINT('Ctrl Pts',(-2.49999999999999,45.1,10.));
#4723=CARTESIAN_POINT('Ctrl Pts',(-2.49999999999999,45.1,10.5));
#4724=CARTESIAN_POINT('Ctrl Pts',(-2.49999999999999,45.6,10.5));
#4725=CARTESIAN_POINT('Ctrl Pts',(-2.49999999999998,44.6,10.));
#4726=CARTESIAN_POINT('Ctrl Pts',(-2.49999999999998,44.6,11.));
#4727=CARTESIAN_POINT('Ctrl Pts',(-2.49999999999999,45.6,11.));
#4728=CARTESIAN_POINT('Ctrl Pts',(-3.,44.6,10.));
#4729=CARTESIAN_POINT('Ctrl Pts',(-3.,44.6,11.));
#4730=CARTESIAN_POINT('Ctrl Pts',(-3.,45.6,11.));
#4731=CARTESIAN_POINT('',(-2.5,45.6,10.5));
#4732=CARTESIAN_POINT('',(-2.99999999999999,45.6,11.));
#4733=CARTESIAN_POINT('Origin',(-2.99999999999999,45.6,10.5));
#4734=CARTESIAN_POINT('Origin',(-2.99999999999999,45.6,10.));
#4735=CARTESIAN_POINT('Origin',(-2.5,45.6,10.));
#4736=CARTESIAN_POINT('Origin',(-2.99999999999999,3.,10.5));
#4737=CARTESIAN_POINT('',(-2.99999999999999,3.,11.));
#4738=CARTESIAN_POINT('',(-2.49999999999999,3.,10.5));
#4739=CARTESIAN_POINT('Origin',(-11.6,47.1,10.5));
#4740=CARTESIAN_POINT('',(1.11022302462516E-15,47.1,11.));
#4741=CARTESIAN_POINT('Origin',(0.,47.1,10.5));
#4742=CARTESIAN_POINT('',(-11.6,47.1,11.));
#4743=CARTESIAN_POINT('Origin',(0.,47.1,0.));
#4744=CARTESIAN_POINT('Origin',(0.,47.1,0.));
#4745=CARTESIAN_POINT('Origin',(0.,0.,0.));
#4746=CARTESIAN_POINT('',(-1.33573707650214E-15,45.6,-11.));
#4747=CARTESIAN_POINT('Origin',(0.,45.6,0.));
#4748=CARTESIAN_POINT('',(-1.33573707650214E-15,49.2,-11.));
#4749=CARTESIAN_POINT('',(-1.33573707650214E-15,0.,-11.));
#4750=CARTESIAN_POINT('',(1.11022302462516E-15,49.2,11.));
#4751=CARTESIAN_POINT('Origin',(0.,49.2,0.));
#4752=CARTESIAN_POINT('',(1.11022302462516E-15,0.,11.));
#4753=CARTESIAN_POINT('Origin',(0.,45.6,0.));
#4754=CARTESIAN_POINT('Origin',(-1.11022302462516E-15,45.6,-10.));
#4755=CARTESIAN_POINT('Ctrl Pts',(-2.99999999999999,5.5,11.));
#4756=CARTESIAN_POINT('Ctrl Pts',(-2.88780026237178,5.72439947525641,11.));
#4757=CARTESIAN_POINT('Ctrl Pts',(-2.70144230292815,6.09711539414367,10.9345442517545));
#4758=CARTESIAN_POINT('Ctrl Pts',(-2.53418311625688,6.4316337674862,10.7241721754682));
#4759=CARTESIAN_POINT('Ctrl Pts',(-2.49999999999999,6.5,10.5747998250855));
#4760=CARTESIAN_POINT('Ctrl Pts',(-2.49999999999999,6.49999999999999,10.5));
#4761=CARTESIAN_POINT('Ctrl Pts',(-2.99999999999999,5.5,11.));
#4762=CARTESIAN_POINT('Ctrl Pts',(-2.86910030610041,5.70569951898504,11.));
#4763=CARTESIAN_POINT('Ctrl Pts',(-2.65257695043197,6.04735048366474,10.9084476809634));
#4764=CARTESIAN_POINT('Ctrl Pts',(-2.51238101241935,6.32368983608037,10.6701722307433));
#4765=CARTESIAN_POINT('Ctrl Pts',(-2.49999999999999,6.36910030610042,10.5550238314085));
#4766=CARTESIAN_POINT('Ctrl Pts',(-2.49999999999999,6.36910030610042,10.5));
#4767=CARTESIAN_POINT('Ctrl Pts',(-2.99999999999999,5.5,11.));
#4768=CARTESIAN_POINT('Ctrl Pts',(-2.83170039355768,5.66829960644231,11.));
#4769=CARTESIAN_POINT('Ctrl Pts',(-2.55268315653754,5.94731684346245,10.8826978164865));
#4770=CARTESIAN_POINT('Ctrl Pts',(-2.39192926770692,6.10807073229305,10.6097395336371));
#4771=CARTESIAN_POINT('Ctrl Pts',(-2.39170149214586,6.10829850785412,10.5325758231505));
#4772=CARTESIAN_POINT('Ctrl Pts',(-2.39170149214586,6.10829850785412,10.5));
#4773=CARTESIAN_POINT('Ctrl Pts',(-2.99999999999999,5.49999999999999,11.));
#4774=CARTESIAN_POINT('Ctrl Pts',(-2.79430048101494,5.63089969389957,11.));
#4775=CARTESIAN_POINT('Ctrl Pts',(-2.45264951633525,5.84742304956802,10.9084476809634));
#4776=CARTESIAN_POINT('Ctrl Pts',(-2.17631016391961,5.98761898758063,10.6701722307433));
#4777=CARTESIAN_POINT('Ctrl Pts',(-2.13089969389956,6.,10.5550238314085));
#4778=CARTESIAN_POINT('Ctrl Pts',(-2.13089969389956,6.,10.5));
#4779=CARTESIAN_POINT('Ctrl Pts',(-2.99999999999999,5.49999999999999,11.));
#4780=CARTESIAN_POINT('Ctrl Pts',(-2.77560052474357,5.6121997376282,11.));
#4781=CARTESIAN_POINT('Ctrl Pts',(-2.40288460585632,5.79855769707183,10.9345442517545));
#4782=CARTESIAN_POINT('Ctrl Pts',(-2.06836623251378,5.9658168837431,10.7241721754682));
#4783=CARTESIAN_POINT('Ctrl Pts',(-1.99999999999999,6.,10.5747998250855));
#4784=CARTESIAN_POINT('Ctrl Pts',(-1.99999999999999,6.,10.5));
#4785=CARTESIAN_POINT('',(-1.99999999999999,6.,10.5));
#4786=CARTESIAN_POINT('',(-2.49999999999999,6.5,10.5));
#4787=CARTESIAN_POINT('Origin',(-1.99999999999999,6.5,10.5));
#4788=CARTESIAN_POINT('',(-2.99999999999999,5.5,11.));
#4789=CARTESIAN_POINT('Origin',(-2.99999999999999,5.5,10.5));
#4790=CARTESIAN_POINT('Origin',(-2.99999999999999,5.5,10.5));
#4791=CARTESIAN_POINT('Origin',(-1.99999999999999,6.5,11.));
#4792=CARTESIAN_POINT('',(-1.99999999999999,6.,3.40043836424348));
#4793=CARTESIAN_POINT('',(-2.49999999999999,6.5,3.40043836424348));
#4794=CARTESIAN_POINT('Origin',(-1.99999999999999,6.5,3.40043836424348));
#4795=CARTESIAN_POINT('',(-2.49999999999999,6.5,11.));
#4796=CARTESIAN_POINT('',(-1.99999999999999,6.,11.));
#4797=CARTESIAN_POINT('Ctrl Pts',(-2.18946057565817,5.88895745045146,2.8963840939237));
#4798=CARTESIAN_POINT('Ctrl Pts',(-2.12554203801993,5.96093983508566,3.05641155414027));
#4799=CARTESIAN_POINT('Ctrl Pts',(-2.05807290580757,6.,3.23338943771641));
#4800=CARTESIAN_POINT('Ctrl Pts',(-1.99999999999999,6.,3.40043836424348));
#4801=CARTESIAN_POINT('Ctrl Pts',(-2.28062813707859,5.92033616181708,2.8761645718311));
#4802=CARTESIAN_POINT('Ctrl Pts',(-2.23256958584593,5.98926801421793,3.04694558185429));
#4803=CARTESIAN_POINT('Ctrl Pts',(-2.17932089045597,6.01554704133429,3.23359712417341));
#4804=CARTESIAN_POINT('Ctrl Pts',(-2.13089969389956,6.,3.40043836424348));
#4805=CARTESIAN_POINT('Ctrl Pts',(-2.44006525969842,6.02965319096953,2.80572388163546));
#4806=CARTESIAN_POINT('Ctrl Pts',(-2.42554451063041,6.11288893472243,2.99824857592026));
#4807=CARTESIAN_POINT('Ctrl Pts',(-2.40875091448946,6.13667642224582,3.21188919861087));
#4808=CARTESIAN_POINT('Ctrl Pts',(-2.391765898398,6.10823410160199,3.40043836424348));
#4809=CARTESIAN_POINT('Ctrl Pts',(-2.49999999999999,6.19510423895751,2.69911207463498));
#4810=CARTESIAN_POINT('Ctrl Pts',(-2.50015714099335,6.31871747515874,2.91226080432188));
#4811=CARTESIAN_POINT('Ctrl Pts',(-2.49968444365982,6.37887416810648,3.16054963226002));
#4812=CARTESIAN_POINT('Ctrl Pts',(-2.49999999999999,6.36910030610042,3.40043836424348));
#4813=CARTESIAN_POINT('Ctrl Pts',(-2.49999999999999,6.27791490090292,2.64575131073369));
#4814=CARTESIAN_POINT('Ctrl Pts',(-2.49999999999999,6.42187967017131,2.86917048557889));
#4815=CARTESIAN_POINT('Ctrl Pts',(-2.49999999999999,6.5,3.13465276930081));
#4816=CARTESIAN_POINT('Ctrl Pts',(-2.49999999999999,6.5,3.40043836424348));
#4817=CARTESIAN_POINT('',(-2.18946057565817,5.88895745045146,2.8963840939237));
#4818=CARTESIAN_POINT('Ctrl Pts',(-1.99999999999999,6.,3.40043836424348));
#4819=CARTESIAN_POINT('Ctrl Pts',(-2.05807290580757,6.,3.23338943771641));
#4820=CARTESIAN_POINT('Ctrl Pts',(-2.12554203801993,5.96093983508566,3.05641155414027));
#4821=CARTESIAN_POINT('Ctrl Pts',(-2.18946057565817,5.88895745045146,2.8963840939237));
#4822=CARTESIAN_POINT('',(-2.49999999999999,6.27791490090292,2.64575131089914));
#4823=CARTESIAN_POINT('Origin',(-1.99999999999999,6.27791490090292,2.64575131073369));
#4824=CARTESIAN_POINT('Ctrl Pts',(-2.49999999999999,6.27791490090292,2.64575131073369));
#4825=CARTESIAN_POINT('Ctrl Pts',(-2.49999999999999,6.42187967017131,2.86917048557889));
#4826=CARTESIAN_POINT('Ctrl Pts',(-2.49999999999999,6.5,3.13465276930081));
#4827=CARTESIAN_POINT('Ctrl Pts',(-2.49999999999999,6.5,3.40043836424348));
#4828=CARTESIAN_POINT('Ctrl Pts',(-2.53466378942095,6.00000000000062,2.46282451935835));
#4829=CARTESIAN_POINT('Ctrl Pts',(-2.55825915211986,5.8852929176726,2.40280172792838));
#4830=CARTESIAN_POINT('Ctrl Pts',(-2.59151602521852,5.75149681465312,2.33745273789561));
#4831=CARTESIAN_POINT('Ctrl Pts',(-2.62859802158905,5.60971292969847,2.24556380067284));
#4832=CARTESIAN_POINT('Ctrl Pts',(-2.62873132965339,5.60920454252865,2.24523352985979));
#4833=CARTESIAN_POINT('Ctrl Pts',(-2.62886467174196,5.60869565217502,2.24490284943553));
#4834=CARTESIAN_POINT('Ctrl Pts',(-2.50933895635408,5.9098376029334,2.52724680404925));
#4835=CARTESIAN_POINT('Ctrl Pts',(-2.52975296776396,5.82186885836439,2.44216163586517));
#4836=CARTESIAN_POINT('Ctrl Pts',(-2.57165531369694,5.71833062175665,2.34935985504835));
#4837=CARTESIAN_POINT('Ctrl Pts',(-2.62845692874976,5.60947790450396,2.24564918343474));
#4838=CARTESIAN_POINT('Ctrl Pts',(-2.62866058740868,5.60908682077559,2.24527599714657));
#4839=CARTESIAN_POINT('Ctrl Pts',(-2.62886467173957,5.60869565217105,2.24490284943696));
#4840=CARTESIAN_POINT('Ctrl Pts',(-2.44669403261659,5.8199932060992,2.57673598242136));
#4841=CARTESIAN_POINT('Ctrl Pts',(-2.48963275487318,5.75948635479449,2.47153676159078));
#4842=CARTESIAN_POINT('Ctrl Pts',(-2.5518553788584,5.6853602844884,2.36128790519323));
#4843=CARTESIAN_POINT('Ctrl Pts',(-2.62831535227509,5.60924247994649,2.24573423125335));
#4844=CARTESIAN_POINT('Ctrl Pts',(-2.62858984516397,5.60896909902254,2.24531846443334));
#4845=CARTESIAN_POINT('Ctrl Pts',(-2.62886467173719,5.60869565216709,2.24490284943839));
#4846=CARTESIAN_POINT('Ctrl Pts',(-2.36034873487952,5.75000000000027,2.60053254600219));
#4847=CARTESIAN_POINT('Ctrl Pts',(-2.4387932941199,5.70048541161127,2.49072640082612));
#4848=CARTESIAN_POINT('Ctrl Pts',(-2.53202151724078,5.65236354832834,2.37328165870753));
#4849=CARTESIAN_POINT('Ctrl Pts',(-2.62817353190931,5.60900721864444,2.24581883068811));
#4850=CARTESIAN_POINT('Ctrl Pts',(-2.62851910291925,5.60885137726948,2.2453609317201));
#4851=CARTESIAN_POINT('Ctrl Pts',(-2.62886467173481,5.60869565216312,2.24490284943982));
#4852=CARTESIAN_POINT('',(-2.36034873487952,5.75000000000026,2.60053254600219));
#4853=CARTESIAN_POINT('',(-2.62886467173927,5.60869565230766,2.24490284948417));
#4854=CARTESIAN_POINT('Ctrl Pts',(-2.36034873487952,5.75000000000027,2.60053254600219));
#4855=CARTESIAN_POINT('Ctrl Pts',(-2.4387932941199,5.70048541161127,2.49072640082612));
#4856=CARTESIAN_POINT('Ctrl Pts',(-2.53202151724078,5.65236354832834,2.37328165870753));
#4857=CARTESIAN_POINT('Ctrl Pts',(-2.62817353190931,5.60900721864444,2.24581883068811));
#4858=CARTESIAN_POINT('Ctrl Pts',(-2.62851910291925,5.60885137726948,2.2453609317201));
#4859=CARTESIAN_POINT('Ctrl Pts',(-2.62886467173481,5.60869565216312,2.24490284943982));
#4860=CARTESIAN_POINT('',(-2.53466378942095,6.00000000000031,2.46282451935835));
#4861=CARTESIAN_POINT('Ctrl Pts',(-2.62886467174196,5.60869565217502,2.24490284943553));
#4862=CARTESIAN_POINT('Ctrl Pts',(-2.62873132965339,5.60920454252865,2.24523352985979));
#4863=CARTESIAN_POINT('Ctrl Pts',(-2.62859802158905,5.60971292969847,2.24556380067284));
#4864=CARTESIAN_POINT('Ctrl Pts',(-2.59151602521852,5.75149681465312,2.33745273789561));
#4865=CARTESIAN_POINT('Ctrl Pts',(-2.55825915211986,5.8852929176726,2.40280172792838));
#4866=CARTESIAN_POINT('Ctrl Pts',(-2.53466378942095,6.00000000000062,2.46282451935835));
#4867=CARTESIAN_POINT('Origin',(-2.06932757884192,6.00000000000053,2.2798977276521));
#4868=CARTESIAN_POINT('Ctrl Pts',(-2.5,6.27791490090292,2.64575131089914));
#4869=CARTESIAN_POINT('Ctrl Pts',(-2.50000000002163,6.19366562052708,2.58037800879462));
#4870=CARTESIAN_POINT('Ctrl Pts',(-2.5120954878038,6.09471862581462,2.52023463329396));
#4871=CARTESIAN_POINT('Ctrl Pts',(-2.53466378942096,6.00000000000053,2.46282451935834));
#4872=CARTESIAN_POINT('Ctrl Pts',(-2.49999999997982,6.18327414440128,2.70673504105201));
#4873=CARTESIAN_POINT('Ctrl Pts',(-2.49174958890865,6.11562946518252,2.64034836367618));
#4874=CARTESIAN_POINT('Ctrl Pts',(-2.49788157785249,6.03131378987768,2.56990022447303));
#4875=CARTESIAN_POINT('Ctrl Pts',(-2.52019245623988,5.94847863024786,2.49963725346742));
#4876=CARTESIAN_POINT('Ctrl Pts',(-2.43084797249599,6.0181890496218,2.81311103847921));
#4877=CARTESIAN_POINT('Ctrl Pts',(-2.4274678781463,5.97892394483881,2.73602876584915));
#4878=CARTESIAN_POINT('Ctrl Pts',(-2.44009994616792,5.92046245251972,2.64678762794975));
#4879=CARTESIAN_POINT('Ctrl Pts',(-2.47398931746768,5.85834840536515,2.55582559607809));
#4880=CARTESIAN_POINT('Ctrl Pts',(-2.26760419972098,5.91585348877452,2.87905307501114));
#4881=CARTESIAN_POINT('Ctrl Pts',(-2.29241971920432,5.87906020995805,2.78946335443029));
#4882=CARTESIAN_POINT('Ctrl Pts',(-2.33587240359558,5.83000404471437,2.69271041550628));
#4883=CARTESIAN_POINT('Ctrl Pts',(-2.39735386248112,5.77999708832837,2.59033401875325));
#4884=CARTESIAN_POINT('Ctrl Pts',(-2.18946057565818,5.88895745045146,2.89638409392369));
#4885=CARTESIAN_POINT('Ctrl Pts',(-2.22686619116316,5.84683281026351,2.8027348043281));
#4886=CARTESIAN_POINT('Ctrl Pts',(-2.28531871750906,5.79735931290729,2.70555903935912));
#4887=CARTESIAN_POINT('Ctrl Pts',(-2.36034873487953,5.75000000000026,2.60053254600219));
#4888=CARTESIAN_POINT('Ctrl Pts',(-2.53466378942096,6.00000000000053,2.46282451935834));
#4889=CARTESIAN_POINT('Ctrl Pts',(-2.5120954878038,6.09471862581462,2.52023463329396));
#4890=CARTESIAN_POINT('Ctrl Pts',(-2.50000000002163,6.19366562052708,2.58037800879462));
#4891=CARTESIAN_POINT('Ctrl Pts',(-2.5,6.27791490090292,2.64575131089914));
#4892=CARTESIAN_POINT('Ctrl Pts',(-2.18946057565818,5.88895745045146,2.89638409392369));
#4893=CARTESIAN_POINT('Ctrl Pts',(-2.22686619116316,5.84683281026351,2.8027348043281));
#4894=CARTESIAN_POINT('Ctrl Pts',(-2.28531871750906,5.79735931290729,2.70555903935912));
#4895=CARTESIAN_POINT('Ctrl Pts',(-2.36034873487953,5.75000000000026,2.60053254600219));
#4896=CARTESIAN_POINT('Origin',(-2.49999999999999,6.,11.));
#4897=CARTESIAN_POINT('',(-2.49999999999999,7.5,2.64575131106459));
#4898=CARTESIAN_POINT('',(-2.5,26.3,2.64575131106459));
#4899=CARTESIAN_POINT('',(-2.49999999999999,7.5,10.));
#4900=CARTESIAN_POINT('',(-2.49999999999999,7.5,11.));
#4901=CARTESIAN_POINT('',(-2.49999999999999,7.,10.5));
#4902=CARTESIAN_POINT('Origin',(-2.49999999999999,7.,10.));
#4903=CARTESIAN_POINT('',(-2.49999999999999,3.,10.5));
#4904=CARTESIAN_POINT('Origin',(-3.,26.3,2.64575131106459));
#4905=CARTESIAN_POINT('',(-2.625,6.,2.31503239718152));
#4906=CARTESIAN_POINT('Origin',(-3.,6.,2.64575131106459));
#4907=CARTESIAN_POINT('',(-2.625,7.49999999999999,2.31503239718152));
#4908=CARTESIAN_POINT('',(-2.625,26.3,2.31503239718152));
#4909=CARTESIAN_POINT('Origin',(-3.,7.49999999999999,2.64575131106459));
#4910=CARTESIAN_POINT('Ctrl Pts',(-2.62886467174196,5.60869565217502,2.24490284943552));
#4911=CARTESIAN_POINT('Ctrl Pts',(-2.62631680827959,5.73436996770639,2.29098845859475));
#4912=CARTESIAN_POINT('Ctrl Pts',(-2.62499999999999,5.86714586640679,2.31503239718153));
#4913=CARTESIAN_POINT('Ctrl Pts',(-2.62499999999999,6.,2.31503239718153));
#4914=CARTESIAN_POINT('Ctrl Pts',(-2.58935361619492,5.59449711499433,2.28630215422013));
#4915=CARTESIAN_POINT('Ctrl Pts',(-2.58754844987843,5.72465998231286,2.33376637517135));
#4916=CARTESIAN_POINT('Ctrl Pts',(-2.58661627323556,5.86229058897308,2.35855545235748));
#4917=CARTESIAN_POINT('Ctrl Pts',(-2.58661627323556,6.,2.35855545235748));
#4918=CARTESIAN_POINT('Ctrl Pts',(-2.55767434264192,5.57801154551506,2.33436986054329));
#4919=CARTESIAN_POINT('Ctrl Pts',(-2.55650064812973,5.71344691811475,2.38326231926647));
#4920=CARTESIAN_POINT('Ctrl Pts',(-2.55589454368385,5.85668195015882,2.40881690984263));
#4921=CARTESIAN_POINT('Ctrl Pts',(-2.55589454368385,6.,2.40881690984263));
#4922=CARTESIAN_POINT('Ctrl Pts',(-2.53577278700034,5.5602515888572,2.38615335410205));
#4923=CARTESIAN_POINT('Ctrl Pts',(-2.53504086732129,5.7013985843954,2.43649600463767));
#4924=CARTESIAN_POINT('Ctrl Pts',(-2.53466378942095,5.85065418930286,2.46282451935836));
#4925=CARTESIAN_POINT('Ctrl Pts',(-2.53466378942095,6.,2.46282451935836));
#4926=CARTESIAN_POINT('Ctrl Pts',(-2.62886467174196,5.60869565217502,2.24490284943552));
#4927=CARTESIAN_POINT('Ctrl Pts',(-2.62631680827959,5.73436996770639,2.29098845859475));
#4928=CARTESIAN_POINT('Ctrl Pts',(-2.62499999999999,5.86714586640679,2.31503239718153));
#4929=CARTESIAN_POINT('Ctrl Pts',(-2.62499999999999,6.,2.31503239718153));
#4930=CARTESIAN_POINT('Ctrl Pts',(3.14285714285716,5.5,10.541463322499));
#4931=CARTESIAN_POINT('Ctrl Pts',(3.14170097738084,5.50060260491511,10.5418080244454));
#4932=CARTESIAN_POINT('Ctrl Pts',(3.14054200571357,5.50120651756667,10.5421522938451));
#4933=CARTESIAN_POINT('Ctrl Pts',(2.88357111667741,5.63504499448663,10.6181430911516));
#4934=CARTESIAN_POINT('Ctrl Pts',(2.50600733595504,5.81938131614119,10.6427095621097));
#4935=CARTESIAN_POINT('Ctrl Pts',(2.13569961491862,5.97381653792434,10.4772968367576));
#4936=CARTESIAN_POINT('Ctrl Pts',(2.04764104142941,5.99999999999974,10.3640750804441));
#4937=CARTESIAN_POINT('Ctrl Pts',(2.0291668517373,6.,10.3020620211612));
#4938=CARTESIAN_POINT('Ctrl Pts',(3.14285714285716,5.5,10.541463322499));
#4939=CARTESIAN_POINT('Ctrl Pts',(3.14189862319822,5.50080534106602,10.5418473811262));
#4940=CARTESIAN_POINT('Ctrl Pts',(3.14089568974599,5.50160621168097,10.5419465211215));
#4941=CARTESIAN_POINT('Ctrl Pts',(2.92585517491283,5.68043529463014,10.6120288840902));
#4942=CARTESIAN_POINT('Ctrl Pts',(2.58620360812042,5.92389480401827,10.5504612203345));
#4943=CARTESIAN_POINT('Ctrl Pts',(2.33184016307484,6.00913522330573,10.3328756161153));
#4944=CARTESIAN_POINT('Ctrl Pts',(2.29312203123072,6.00075245865999,10.2676542280919));
#4945=CARTESIAN_POINT('Ctrl Pts',(2.28333037560747,6.00000000000005,10.2392940150921));
#4946=CARTESIAN_POINT('Ctrl Pts',(3.14285714285716,5.5,10.541463322499));
#4947=CARTESIAN_POINT('Ctrl Pts',(3.14208538303026,5.50100665528802,10.5417948840139));
#4948=CARTESIAN_POINT('Ctrl Pts',(3.1412621593776,5.50200900791615,10.5418342640271));
#4949=CARTESIAN_POINT('Ctrl Pts',(2.96686881692091,5.72505584528761,10.5999956317395));
#4950=CARTESIAN_POINT('Ctrl Pts',(2.68660576905856,6.03319134100869,10.5227668755879));
#4951=CARTESIAN_POINT('Ctrl Pts',(2.53443289993455,6.2221858817754,10.28197905267));
#4952=CARTESIAN_POINT('Ctrl Pts',(2.52261370566244,6.23857874350536,10.2109344318647));
#4953=CARTESIAN_POINT('Ctrl Pts',(2.5145834258686,6.23820061220088,10.1821839599551));
#4954=CARTESIAN_POINT('Ctrl Pts',(3.14285714285716,5.5,10.541463322499));
#4955=CARTESIAN_POINT('Ctrl Pts',(3.14225278363177,5.50120520982936,10.5416435076071));
#4956=CARTESIAN_POINT('Ctrl Pts',(3.14164692405721,5.50241303513334,10.5418232225528));
#4957=CARTESIAN_POINT('Ctrl Pts',(3.00721835661253,5.77008998897321,10.5812422288155));
#4958=CARTESIAN_POINT('Ctrl Pts',(2.80059549837503,6.13876263228237,10.5624933190921));
#4959=CARTESIAN_POINT('Ctrl Pts',(2.58667618988785,6.44763307584867,10.3641901667161));
#4960=CARTESIAN_POINT('Ctrl Pts',(2.53004467572975,6.49999999999948,10.2447904691347));
#4961=CARTESIAN_POINT('Ctrl Pts',(2.51458342586885,6.5,10.1821839599561));
#4962=CARTESIAN_POINT('',(2.51458342586885,6.5,10.1821839599561));
#4963=CARTESIAN_POINT('',(2.02916685173711,6.,10.3020620211602));
#4964=CARTESIAN_POINT('Origin',(2.02916685173769,6.5,10.3020620211632));
#4965=CARTESIAN_POINT('',(3.14285714285716,5.5,10.541463322499));
#4966=CARTESIAN_POINT('Ctrl Pts',(2.0291668517373,6.,10.3020620211612));
#4967=CARTESIAN_POINT('Ctrl Pts',(2.04764104142941,5.99999999999974,10.3640750804441));
#4968=CARTESIAN_POINT('Ctrl Pts',(2.13569961491862,5.97381653792434,10.4772968367576));
#4969=CARTESIAN_POINT('Ctrl Pts',(2.50600733595504,5.81938131614119,10.6427095621097));
#4970=CARTESIAN_POINT('Ctrl Pts',(2.88357111667741,5.63504499448663,10.6181430911516));
#4971=CARTESIAN_POINT('Ctrl Pts',(3.14054200571357,5.50120651756667,10.5421522938451));
#4972=CARTESIAN_POINT('Ctrl Pts',(3.14170097738084,5.50060260491511,10.5418080244454));
#4973=CARTESIAN_POINT('Ctrl Pts',(3.14285714285716,5.5,10.541463322499));
#4974=CARTESIAN_POINT('Ctrl Pts',(3.14285714285716,5.5,10.541463322499));
#4975=CARTESIAN_POINT('Ctrl Pts',(3.14225278363177,5.50120520982936,10.5416435076071));
#4976=CARTESIAN_POINT('Ctrl Pts',(3.14164692405721,5.50241303513334,10.5418232225528));
#4977=CARTESIAN_POINT('Ctrl Pts',(3.00721835661253,5.77008998897321,10.5812422288155));
#4978=CARTESIAN_POINT('Ctrl Pts',(2.80059549837503,6.13876263228237,10.5624933190921));
#4979=CARTESIAN_POINT('Ctrl Pts',(2.58667618988785,6.44763307584867,10.3641901667161));
#4980=CARTESIAN_POINT('Ctrl Pts',(2.53004467572975,6.49999999999948,10.2447904691347));
#4981=CARTESIAN_POINT('Ctrl Pts',(2.51458342586885,6.5,10.1821839599561));
#4982=CARTESIAN_POINT('Origin',(3.00000000000001,6.5,10.062305898749));
#4983=CARTESIAN_POINT('',(2.50000000000001,6.5,10.062305898749));
#4984=CARTESIAN_POINT('',(2.00000000000001,6.,10.062305898749));
#4985=CARTESIAN_POINT('Origin',(2.00000000000001,6.5,10.062305898749));
#4986=CARTESIAN_POINT('Origin',(3.00000000000001,6.,10.062305898749));
#4987=CARTESIAN_POINT('Origin',(3.00000000000001,6.5,10.062305898749));
#4988=CARTESIAN_POINT('Origin',(2.00000000000001,6.49999999999999,11.));
#4989=CARTESIAN_POINT('',(2.50000000000001,6.49999999999999,3.40043836424347));
#4990=CARTESIAN_POINT('',(2.00000000000001,6.,3.40043836424347));
#4991=CARTESIAN_POINT('Origin',(2.00000000000001,6.49999999999999,3.40043836424347));
#4992=CARTESIAN_POINT('',(2.00000000000001,6.,11.));
#4993=CARTESIAN_POINT('',(2.50000000000001,6.49999999999999,11.));
#4994=CARTESIAN_POINT('Ctrl Pts',(2.50000000000001,6.27791490090293,2.64575131073369));
#4995=CARTESIAN_POINT('Ctrl Pts',(2.50000000000001,6.42187967017133,2.86917048557892));
#4996=CARTESIAN_POINT('Ctrl Pts',(2.50000000000001,6.5,3.1346527693008));
#4997=CARTESIAN_POINT('Ctrl Pts',(2.50000000000001,6.5,3.40043836424347));
#4998=CARTESIAN_POINT('Ctrl Pts',(2.50000000000001,6.19510423895751,2.69911207463497));
#4999=CARTESIAN_POINT('Ctrl Pts',(2.50015714099337,6.31871747515877,2.91226080432193));
#5000=CARTESIAN_POINT('Ctrl Pts',(2.49968444365984,6.37887416810648,3.16054963226001));
#5001=CARTESIAN_POINT('Ctrl Pts',(2.50000000000001,6.36910030610042,3.40043836424347));
#5002=CARTESIAN_POINT('Ctrl Pts',(2.44006525969844,6.02965319096953,2.80572388163545));
#5003=CARTESIAN_POINT('Ctrl Pts',(2.42554451063043,6.11288893472249,2.99824857592034));
#5004=CARTESIAN_POINT('Ctrl Pts',(2.40875091448948,6.13667642224582,3.21188919861086));
#5005=CARTESIAN_POINT('Ctrl Pts',(2.39176589839802,6.10823410160199,3.40043836424347));
#5006=CARTESIAN_POINT('Ctrl Pts',(2.28062813707861,5.92033616181709,2.87616457183109));
#5007=CARTESIAN_POINT('Ctrl Pts',(2.23256958584596,5.989268014218,3.04694558185439));
#5008=CARTESIAN_POINT('Ctrl Pts',(2.17932089045599,6.01554704133429,3.2335971241734));
#5009=CARTESIAN_POINT('Ctrl Pts',(2.13089969389959,6.,3.40043836424347));
#5010=CARTESIAN_POINT('Ctrl Pts',(2.1894605756582,5.88895745045146,2.89638409392369));
#5011=CARTESIAN_POINT('Ctrl Pts',(2.12554203801995,5.96093983508574,3.05641155414038));
#5012=CARTESIAN_POINT('Ctrl Pts',(2.05807290580759,6.,3.2333894377164));
#5013=CARTESIAN_POINT('Ctrl Pts',(2.00000000000001,6.,3.40043836424347));
#5014=CARTESIAN_POINT('',(2.50000000000001,6.27791490090293,2.64575131089914));
#5015=CARTESIAN_POINT('Ctrl Pts',(2.50000000000001,6.5,3.40043836424347));
#5016=CARTESIAN_POINT('Ctrl Pts',(2.50000000000001,6.5,3.1346527693008));
#5017=CARTESIAN_POINT('Ctrl Pts',(2.50000000000001,6.42187967017133,2.86917048557892));
#5018=CARTESIAN_POINT('Ctrl Pts',(2.50000000000001,6.27791490090293,2.64575131073369));
#5019=CARTESIAN_POINT('',(2.1894605756582,5.88895745045146,2.89638409392369));
#5020=CARTESIAN_POINT('Origin',(2.00000000000001,6.27791490090293,2.64575131073369));
#5021=CARTESIAN_POINT('Ctrl Pts',(2.1894605756582,5.88895745045146,2.89638409392369));
#5022=CARTESIAN_POINT('Ctrl Pts',(2.12554203801995,5.96093983508574,3.05641155414038));
#5023=CARTESIAN_POINT('Ctrl Pts',(2.05807290580759,6.,3.2333894377164));
#5024=CARTESIAN_POINT('Ctrl Pts',(2.00000000000001,6.,3.40043836424347));
#5025=CARTESIAN_POINT('Ctrl Pts',(2.62886467174198,5.60869565217501,2.2449028494355));
#5026=CARTESIAN_POINT('Ctrl Pts',(2.62873132965443,5.60920454252219,2.24523352985636));
#5027=CARTESIAN_POINT('Ctrl Pts',(2.62859802158879,5.6097129296979,2.24556380067296));
#5028=CARTESIAN_POINT('Ctrl Pts',(2.59151602523052,5.75149681470096,2.33745273789771));
#5029=CARTESIAN_POINT('Ctrl Pts',(2.55825915211986,5.88529291767269,2.40280172792841));
#5030=CARTESIAN_POINT('Ctrl Pts',(2.53466378942097,6.00000000000062,2.46282451935833));
#5031=CARTESIAN_POINT('Ctrl Pts',(2.62886467173959,5.60869565217105,2.24490284943693));
#5032=CARTESIAN_POINT('Ctrl Pts',(2.62865597319441,5.60907610750082,2.24527119566708));
#5033=CARTESIAN_POINT('Ctrl Pts',(2.62846110813377,5.609487818801,2.24565358904319));
#5034=CARTESIAN_POINT('Ctrl Pts',(2.57157711895356,5.71804747156333,2.3492306790132));
#5035=CARTESIAN_POINT('Ctrl Pts',(2.52989434410768,5.82141476817815,2.44219056802374));
#5036=CARTESIAN_POINT('Ctrl Pts',(2.5093389563541,5.9098376029334,2.52724680404923));
#5037=CARTESIAN_POINT('Ctrl Pts',(2.62886467173721,5.60869565216709,2.24490284943836));
#5038=CARTESIAN_POINT('Ctrl Pts',(2.62858674831263,5.60897096742733,2.2453125795463));
#5039=CARTESIAN_POINT('Ctrl Pts',(2.62831813618565,5.60924077711058,2.24573959726182));
#5040=CARTESIAN_POINT('Ctrl Pts',(2.55181151874702,5.68539900489739,2.36117578482586));
#5041=CARTESIAN_POINT('Ctrl Pts',(2.48979441105281,5.75941762822688,2.47150296972502));
#5042=CARTESIAN_POINT('Ctrl Pts',(2.44669403261661,5.8199932060992,2.57673598242134));
#5043=CARTESIAN_POINT('Ctrl Pts',(2.62886467173483,5.60869565216312,2.24490284943979));
#5044=CARTESIAN_POINT('Ctrl Pts',(2.62851910292303,5.6088513772663,2.24536093171459));
#5045=CARTESIAN_POINT('Ctrl Pts',(2.62817353190873,5.60900721864417,2.2458188306887));
#5046=CARTESIAN_POINT('Ctrl Pts',(2.53202151726425,5.65236354834844,2.37328165868686));
#5047=CARTESIAN_POINT('Ctrl Pts',(2.43879329411984,5.70048541161132,2.4907264008262));
#5048=CARTESIAN_POINT('Ctrl Pts',(2.36034873487955,5.75000000000027,2.60053254600217));
#5049=CARTESIAN_POINT('',(2.36034873487955,5.75000000000026,2.60053254600217));
#5050=CARTESIAN_POINT('',(2.53466378942097,6.00000000000031,2.46282451935833));
#5051=CARTESIAN_POINT('Origin',(2.06932757884194,6.00000000000053,2.27989772765208));
#5052=CARTESIAN_POINT('',(2.62886467173929,5.60869565230766,2.24490284948414));
#5053=CARTESIAN_POINT('Ctrl Pts',(2.53466378942097,6.00000000000062,2.46282451935833));
#5054=CARTESIAN_POINT('Ctrl Pts',(2.55825915211986,5.88529291767269,2.40280172792841));
#5055=CARTESIAN_POINT('Ctrl Pts',(2.59151602523052,5.75149681470096,2.33745273789771));
#5056=CARTESIAN_POINT('Ctrl Pts',(2.62859802158879,5.6097129296979,2.24556380067296));
#5057=CARTESIAN_POINT('Ctrl Pts',(2.62873132965443,5.60920454252219,2.24523352985636));
#5058=CARTESIAN_POINT('Ctrl Pts',(2.62886467174198,5.60869565217501,2.2449028494355));
#5059=CARTESIAN_POINT('Ctrl Pts',(2.62886467173483,5.60869565216312,2.24490284943979));
#5060=CARTESIAN_POINT('Ctrl Pts',(2.62851910292303,5.6088513772663,2.24536093171459));
#5061=CARTESIAN_POINT('Ctrl Pts',(2.62817353190873,5.60900721864417,2.2458188306887));
#5062=CARTESIAN_POINT('Ctrl Pts',(2.53202151726425,5.65236354834844,2.37328165868686));
#5063=CARTESIAN_POINT('Ctrl Pts',(2.43879329411984,5.70048541161132,2.4907264008262));
#5064=CARTESIAN_POINT('Ctrl Pts',(2.36034873487955,5.75000000000027,2.60053254600217));
#5065=CARTESIAN_POINT('Ctrl Pts',(2.18946057565819,5.88895745045146,2.89638409392369));
#5066=CARTESIAN_POINT('Ctrl Pts',(2.22686619116316,5.84683281026354,2.80273480432814));
#5067=CARTESIAN_POINT('Ctrl Pts',(2.28531871750905,5.79735931290731,2.70555903935913));
#5068=CARTESIAN_POINT('Ctrl Pts',(2.36034873487954,5.75000000000026,2.60053254600218));
#5069=CARTESIAN_POINT('Ctrl Pts',(2.29365207440858,5.92481883488221,2.87327606870696));
#5070=CARTESIAN_POINT('Ctrl Pts',(2.31408334597697,5.88995498531234,2.78501345427226));
#5071=CARTESIAN_POINT('Ctrl Pts',(2.35276617269848,5.84086753253891,2.6884536092224));
#5072=CARTESIAN_POINT('Ctrl Pts',(2.40968890501499,5.78999611777107,2.58693450967027));
#5073=CARTESIAN_POINT('Ctrl Pts',(2.44919368830887,6.04116746166854,2.79830442311788));
#5074=CARTESIAN_POINT('Ctrl Pts',(2.44263949554481,5.99820646645417,2.72367067441039));
#5075=CARTESIAN_POINT('Ctrl Pts',(2.45208457091301,5.93621863047339,2.6370028355611));
#5076=CARTESIAN_POINT('Ctrl Pts',(2.4829404537097,5.87118598882225,2.54875424293908));
#5077=CARTESIAN_POINT('Ctrl Pts',(2.49999999998487,6.20693433352669,2.69148910851379));
#5078=CARTESIAN_POINT('Ctrl Pts',(2.4939623355512,6.13503592516756,2.62536777536289));
#5079=CARTESIAN_POINT('Ctrl Pts',(2.501401968408,6.04717701297946,2.55746524027644));
#5080=CARTESIAN_POINT('Ctrl Pts',(2.52381028953516,5.96135897268602,2.49043406994015));
#5081=CARTESIAN_POINT('Ctrl Pts',(2.5,6.27791490090292,2.64575131089914));
#5082=CARTESIAN_POINT('Ctrl Pts',(2.50000000002163,6.19366562052708,2.58037800879462));
#5083=CARTESIAN_POINT('Ctrl Pts',(2.51209548780383,6.09471862581459,2.52023463329391));
#5084=CARTESIAN_POINT('Ctrl Pts',(2.53466378942097,6.00000000000053,2.46282451935834));
#5085=CARTESIAN_POINT('Ctrl Pts',(2.36034873487954,5.75000000000026,2.60053254600218));
#5086=CARTESIAN_POINT('Ctrl Pts',(2.28531871750905,5.79735931290731,2.70555903935913));
#5087=CARTESIAN_POINT('Ctrl Pts',(2.22686619116316,5.84683281026354,2.80273480432814));
#5088=CARTESIAN_POINT('Ctrl Pts',(2.18946057565819,5.88895745045146,2.89638409392369));
#5089=CARTESIAN_POINT('Ctrl Pts',(2.5,6.27791490090292,2.64575131089914));
#5090=CARTESIAN_POINT('Ctrl Pts',(2.50000000002163,6.19366562052708,2.58037800879462));
#5091=CARTESIAN_POINT('Ctrl Pts',(2.51209548780383,6.09471862581459,2.52023463329391));
#5092=CARTESIAN_POINT('Ctrl Pts',(2.53466378942097,6.00000000000053,2.46282451935834));
#5093=CARTESIAN_POINT('Origin',(2.50000000000001,6.,11.));
#5094=CARTESIAN_POINT('',(2.22044604925031E-15,6.,10.5));
#5095=CARTESIAN_POINT('',(-9.09999999999999,6.,10.5));
#5096=CARTESIAN_POINT('Origin',(0.,6.,0.));
#5097=CARTESIAN_POINT('Origin',(0.,6.,0.));
#5098=CARTESIAN_POINT('Origin',(0.,5.5,0.));
#5099=CARTESIAN_POINT('',(-4.23354540272279E-16,5.60869565217391,3.45695216422429));
#5100=CARTESIAN_POINT('Origin',(0.,5.60869565217391,0.));
#5101=CARTESIAN_POINT('Origin',(0.,5.60869565217391,0.));
#5102=CARTESIAN_POINT('Ctrl Pts',(2.62500000000001,6.,2.31503239718151));
#5103=CARTESIAN_POINT('Ctrl Pts',(2.62500000000001,5.86714586640679,2.31503239718151));
#5104=CARTESIAN_POINT('Ctrl Pts',(2.62631680827961,5.73436996770638,2.29098845859472));
#5105=CARTESIAN_POINT('Ctrl Pts',(2.62886467174198,5.60869565217501,2.2449028494355));
#5106=CARTESIAN_POINT('Ctrl Pts',(2.58661627323558,6.,2.35855545235745));
#5107=CARTESIAN_POINT('Ctrl Pts',(2.58661627323558,5.86229058897307,2.35855545235745));
#5108=CARTESIAN_POINT('Ctrl Pts',(2.58754844987845,5.72465998231286,2.33376637517133));
#5109=CARTESIAN_POINT('Ctrl Pts',(2.58935361619495,5.59449711499433,2.2863021542201));
#5110=CARTESIAN_POINT('Ctrl Pts',(2.55589454368388,6.,2.40881690984261));
#5111=CARTESIAN_POINT('Ctrl Pts',(2.55589454368388,5.85668195015881,2.40881690984261));
#5112=CARTESIAN_POINT('Ctrl Pts',(2.55650064812976,5.71344691811475,2.38326231926643));
#5113=CARTESIAN_POINT('Ctrl Pts',(2.55767434264195,5.57801154551506,2.33436986054326));
#5114=CARTESIAN_POINT('Ctrl Pts',(2.53466378942097,6.,2.46282451935833));
#5115=CARTESIAN_POINT('Ctrl Pts',(2.53466378942097,5.85065418930285,2.46282451935833));
#5116=CARTESIAN_POINT('Ctrl Pts',(2.53504086732132,5.7013985843954,2.43649600463763));
#5117=CARTESIAN_POINT('Ctrl Pts',(2.53577278700037,5.5602515888572,2.38615335410202));
#5118=CARTESIAN_POINT('',(2.625,6.,2.31503239718152));
#5119=CARTESIAN_POINT('Origin',(3.,6.,2.64575131106459));
#5120=CARTESIAN_POINT('Ctrl Pts',(2.62500000000001,6.,2.31503239718151));
#5121=CARTESIAN_POINT('Ctrl Pts',(2.62500000000001,5.86714586640679,2.31503239718151));
#5122=CARTESIAN_POINT('Ctrl Pts',(2.62631680827961,5.73436996770638,2.29098845859472));
#5123=CARTESIAN_POINT('Ctrl Pts',(2.62886467174198,5.60869565217501,2.2449028494355));
#5124=CARTESIAN_POINT('Origin',(-2.99999999999999,7.49999999999999,2.6457513110646));
#5125=CARTESIAN_POINT('Origin',(-2.99999999999999,7.49999999999999,2.6457513110646));
#5126=CARTESIAN_POINT('Origin',(-2.99999999999999,7.5,2.64575131106459));
#5127=CARTESIAN_POINT('Origin',(-2.99999999999999,3.,10.5));
#5128=CARTESIAN_POINT('',(-2.99999999999999,7.,11.));
#5129=CARTESIAN_POINT('Origin',(-2.99999999999999,7.,10.5));
#5130=CARTESIAN_POINT('',(-2.99999999999999,3.,11.));
#5131=CARTESIAN_POINT('Origin',(0.,5.5,0.));
#5132=CARTESIAN_POINT('',(1.11022302462516E-15,5.5,11.));
#5133=CARTESIAN_POINT('Origin',(2.22044604925031E-15,5.5,10.5));
#5134=CARTESIAN_POINT('Origin',(0.,5.5,0.));
#5135=CARTESIAN_POINT('Origin',(3.00000000000001,7.5,2.64575131106458));
#5136=CARTESIAN_POINT('',(2.50000000000001,7.5,2.64575131106459));
#5137=CARTESIAN_POINT('',(2.625,7.49999999999999,2.31503239718152));
#5138=CARTESIAN_POINT('Origin',(3.,7.5,2.64575131106459));
#5139=CARTESIAN_POINT('Origin',(3.00000000000001,7.5,2.64575131106458));
#5140=CARTESIAN_POINT('Origin',(3.,7.49999999999999,2.64575131106459));
#5141=CARTESIAN_POINT('Origin',(3.00000000000001,7.5,11.));
#5142=CARTESIAN_POINT('',(2.50000000000001,7.5,9.53939201416945));
#5143=CARTESIAN_POINT('Origin',(3.00000000000001,7.5,9.53939201416945));
#5144=CARTESIAN_POINT('',(2.50000000000001,7.5,11.));
#5145=CARTESIAN_POINT('Ctrl Pts',(2.50000000000001,7.49999999999999,9.53939201416945));
#5146=CARTESIAN_POINT('Ctrl Pts',(2.50000000000001,7.49999999999999,9.6541910903723));
#5147=CARTESIAN_POINT('Ctrl Pts',(2.50000000000001,7.43819701526681,9.84561205906755));
#5148=CARTESIAN_POINT('Ctrl Pts',(2.50000000000001,7.22928188367561,10.024658292858));
#5149=CARTESIAN_POINT('Ctrl Pts',(2.50000000000001,7.07653271746856,10.0623058987491));
#5150=CARTESIAN_POINT('Ctrl Pts',(2.50000000000001,6.99999999999999,10.0623058987491));
#5151=CARTESIAN_POINT('Ctrl Pts',(2.50000000000001,7.57479982508546,9.53939201416945));
#5152=CARTESIAN_POINT('Ctrl Pts',(2.49998867974051,7.57793423378559,9.66982628858114));
#5153=CARTESIAN_POINT('Ctrl Pts',(2.50000889818129,7.51285915378934,9.8912607383836));
#5154=CARTESIAN_POINT('Ctrl Pts',(2.49998716233193,7.27161401585347,10.1051438852499));
#5155=CARTESIAN_POINT('Ctrl Pts',(2.50000000000001,7.09069372212644,10.1509034239029));
#5156=CARTESIAN_POINT('Ctrl Pts',(2.50000000000001,6.99999999999999,10.1509034239029));
#5157=CARTESIAN_POINT('Ctrl Pts',(2.53420360139906,7.72414835613769,9.53939201416945));
#5158=CARTESIAN_POINT('Ctrl Pts',(2.5371056183531,7.73351337997024,9.70105201373556));
#5159=CARTESIAN_POINT('Ctrl Pts',(2.54213594049175,7.66186803986133,9.98232219961741));
#5160=CARTESIAN_POINT('Ctrl Pts',(2.54716130090389,7.35606274752031,10.2656726169128));
#5161=CARTESIAN_POINT('Ctrl Pts',(2.54824975029148,7.11894735675143,10.3275715431977));
#5162=CARTESIAN_POINT('Ctrl Pts',(2.54824975029148,6.99999999999999,10.3275715431977));
#5163=CARTESIAN_POINT('Ctrl Pts',(2.70146906908723,7.93447091869082,9.53939201416945));
#5164=CARTESIAN_POINT('Ctrl Pts',(2.71763500335274,7.94838290694162,9.74495226689555));
#5165=CARTESIAN_POINT('Ctrl Pts',(2.74528552701927,7.85896309197282,10.1056723002242));
#5166=CARTESIAN_POINT('Ctrl Pts',(2.77224674051387,7.46361071781264,10.4722685879291));
#5167=CARTESIAN_POINT('Ctrl Pts',(2.77805779109782,7.15486010381909,10.5528453857466));
#5168=CARTESIAN_POINT('Ctrl Pts',(2.77805779109782,6.99999999999999,10.5528453857466));
#5169=CARTESIAN_POINT('Ctrl Pts',(2.88780026237181,7.99999999999999,9.53939201416945));
#5170=CARTESIAN_POINT('Ctrl Pts',(2.91596697064705,8.00747408483227,9.75877460521323));
#5171=CARTESIAN_POINT('Ctrl Pts',(2.96259533599049,7.89787263896977,10.133861882635));
#5172=CARTESIAN_POINT('Ctrl Pts',(3.00632099608006,7.47692844825145,10.5008638221091));
#5173=CARTESIAN_POINT('Ctrl Pts',(3.01550065714713,7.15931214727834,10.5794336904221));
#5174=CARTESIAN_POINT('Ctrl Pts',(3.01550065714713,6.99999999999999,10.5794336904221));
#5175=CARTESIAN_POINT('Ctrl Pts',(3.00000000000001,7.99999999999999,9.53939201416945));
#5176=CARTESIAN_POINT('Ctrl Pts',(3.03285340172292,7.99999999999999,9.75865824971689));
#5177=CARTESIAN_POINT('Ctrl Pts',(3.08570322247453,7.87639403053363,10.1252260679311));
#5178=CARTESIAN_POINT('Ctrl Pts',(3.13307439007932,7.45856376735123,10.4690790759268));
#5179=CARTESIAN_POINT('Ctrl Pts',(3.14285714285716,7.15306543493712,10.541463322499));
#5180=CARTESIAN_POINT('Ctrl Pts',(3.14285714285716,6.99999999999999,10.541463322499));
#5181=CARTESIAN_POINT('',(2.50000000000001,6.99999999999999,10.0623058987491));
#5182=CARTESIAN_POINT('',(3.14285714285716,6.99999999999999,10.541463322499));
#5183=CARTESIAN_POINT('Origin',(3.00000000000001,6.99999999999999,10.0623058987491));
#5184=CARTESIAN_POINT('Ctrl Pts',(3.14285714285716,6.99999999999999,10.541463322499));
#5185=CARTESIAN_POINT('Ctrl Pts',(3.14285714285716,7.15306543493712,10.541463322499));
#5186=CARTESIAN_POINT('Ctrl Pts',(3.13307439007932,7.45856376735123,10.4690790759268));
#5187=CARTESIAN_POINT('Ctrl Pts',(3.08570322247453,7.87639403053363,10.1252260679311));
#5188=CARTESIAN_POINT('Ctrl Pts',(3.03285340172292,7.99999999999999,9.75865824971689));
#5189=CARTESIAN_POINT('Ctrl Pts',(3.00000000000001,7.99999999999999,9.53939201416945));
#5190=CARTESIAN_POINT('Ctrl Pts',(2.50000000000001,7.49999999999999,9.53939201416945));
#5191=CARTESIAN_POINT('Ctrl Pts',(2.50000000000001,7.49999999999999,9.6541910903723));
#5192=CARTESIAN_POINT('Ctrl Pts',(2.50000000000001,7.43819701526681,9.84561205906755));
#5193=CARTESIAN_POINT('Ctrl Pts',(2.50000000000001,7.22928188367561,10.024658292858));
#5194=CARTESIAN_POINT('Ctrl Pts',(2.50000000000001,7.07653271746856,10.0623058987491));
#5195=CARTESIAN_POINT('Ctrl Pts',(2.50000000000001,6.99999999999999,10.0623058987491));
#5196=CARTESIAN_POINT('Origin',(3.00000000000002,0.,10.062305898749));
#5197=CARTESIAN_POINT('',(3.14285714285716,0.,10.541463322499));
#5198=CARTESIAN_POINT('',(2.50000000000002,-2.18763157561607E-16,10.062305898749));
#5199=CARTESIAN_POINT('Origin',(0.,7.49999999999999,0.));
#5200=CARTESIAN_POINT('Origin',(0.,7.49999999999999,0.));
#5201=CARTESIAN_POINT('Origin',(3.,26.3,2.64575131106459));
#5202=CARTESIAN_POINT('',(2.5,26.3,2.64575131106459));
#5203=CARTESIAN_POINT('',(2.625,26.3,2.31503239718152));
#5204=CARTESIAN_POINT('Origin',(-9.09999999999999,5.5,10.5));
#5205=CARTESIAN_POINT('',(-9.09999999999999,5.5,11.));
#5206=CARTESIAN_POINT('Ctrl Pts',(-2.49999999999999,7.,10.5));
#5207=CARTESIAN_POINT('Ctrl Pts',(-2.49999999999999,7.5,10.5));
#5208=CARTESIAN_POINT('Ctrl Pts',(-2.49999999999999,7.5,10.));
#5209=CARTESIAN_POINT('Ctrl Pts',(-2.49999999999999,7.,11.));
#5210=CARTESIAN_POINT('Ctrl Pts',(-2.49999999999999,8.,11.));
#5211=CARTESIAN_POINT('Ctrl Pts',(-2.49999999999999,8.,10.));
#5212=CARTESIAN_POINT('Ctrl Pts',(-2.99999999999999,7.,11.));
#5213=CARTESIAN_POINT('Ctrl Pts',(-2.99999999999999,8.,11.));
#5214=CARTESIAN_POINT('Ctrl Pts',(-2.99999999999999,8.,10.));
#5215=CARTESIAN_POINT('Origin',(-2.99999999999999,7.5,10.));
#5216=CARTESIAN_POINT('Origin',(-2.99999999999999,7.,10.));
#5217=CARTESIAN_POINT('Origin',(-2.99999999999999,7.5,11.));
#5218=CARTESIAN_POINT('Origin',(-17.85,6.99999999999999,10.));
#5219=CARTESIAN_POINT('',(-12.,6.99999999999999,11.));
#5220=CARTESIAN_POINT('Origin',(-12.,6.99999999999999,10.));
#5221=CARTESIAN_POINT('',(-17.85,6.99999999999999,11.));
#5222=CARTESIAN_POINT('Origin',(2.5,46.6,11.));
#5223=CARTESIAN_POINT('Origin',(0.,26.3,0.));
#5224=CARTESIAN_POINT('Origin',(0.,6.,0.));
#5225=CARTESIAN_POINT('Ctrl Pts',(0.,6.,3.5));
#5226=CARTESIAN_POINT('Ctrl Pts',(-3.5,6.,3.5));
#5227=CARTESIAN_POINT('Ctrl Pts',(-3.5,6.,0.));
#5228=CARTESIAN_POINT('Ctrl Pts',(-3.5,6.,-3.5));
#5229=CARTESIAN_POINT('Ctrl Pts',(0.,6.,-3.5));
#5230=CARTESIAN_POINT('Ctrl Pts',(3.5,6.,-3.5));
#5231=CARTESIAN_POINT('Ctrl Pts',(3.5,6.,0.));
#5232=CARTESIAN_POINT('Ctrl Pts',(3.5,6.,3.5));
#5233=CARTESIAN_POINT('Ctrl Pts',(0.,6.,3.5));
#5234=CARTESIAN_POINT('Ctrl Pts',(0.,4.2,3.5));
#5235=CARTESIAN_POINT('Ctrl Pts',(-3.5,4.2,3.5));
#5236=CARTESIAN_POINT('Ctrl Pts',(-3.5,4.2,0.));
#5237=CARTESIAN_POINT('Ctrl Pts',(-3.5,4.2,-3.5));
#5238=CARTESIAN_POINT('Ctrl Pts',(0.,4.2,-3.5));
#5239=CARTESIAN_POINT('Ctrl Pts',(3.5,4.2,-3.5));
#5240=CARTESIAN_POINT('Ctrl Pts',(3.5,4.2,0.));
#5241=CARTESIAN_POINT('Ctrl Pts',(3.5,4.2,3.5));
#5242=CARTESIAN_POINT('Ctrl Pts',(0.,4.2,3.5));
#5243=CARTESIAN_POINT('Ctrl Pts',(0.,4.2,1.7));
#5244=CARTESIAN_POINT('Ctrl Pts',(-1.7,4.2,1.7));
#5245=CARTESIAN_POINT('Ctrl Pts',(-1.7,4.2,0.));
#5246=CARTESIAN_POINT('Ctrl Pts',(-1.7,4.2,-1.7));
#5247=CARTESIAN_POINT('Ctrl Pts',(0.,4.2,-1.7));
#5248=CARTESIAN_POINT('Ctrl Pts',(1.7,4.2,-1.7));
#5249=CARTESIAN_POINT('Ctrl Pts',(1.7,4.2,0.));
#5250=CARTESIAN_POINT('Ctrl Pts',(1.7,4.2,1.7));
#5251=CARTESIAN_POINT('Ctrl Pts',(0.,4.2,1.7));
#5252=CARTESIAN_POINT('',(-2.0818995585505E-16,4.2,1.7));
#5253=CARTESIAN_POINT('Origin',(0.,4.2,0.));
#5254=CARTESIAN_POINT('Ctrl Pts',(0.,4.2,1.7));
#5255=CARTESIAN_POINT('Ctrl Pts',(0.,4.2,3.14321070632703));
#5256=CARTESIAN_POINT('Ctrl Pts',(0.,5.60869565217384,3.45695216422427));
#5257=CARTESIAN_POINT('Origin',(0.,4.2,0.));
#5258=CARTESIAN_POINT('Origin',(0.,47.4,0.));
#5259=CARTESIAN_POINT('Origin',(-2.49999999999999,6.,11.));
#5260=CARTESIAN_POINT('Origin',(-4.85,45.6,10.));
#5261=CARTESIAN_POINT('',(-12.,45.6,11.));
#5262=CARTESIAN_POINT('',(-4.85,45.6,11.));
#5263=CARTESIAN_POINT('Origin',(-12.,45.6,10.));
#5264=CARTESIAN_POINT('Origin',(-20.7,0.,11.));
#5265=CARTESIAN_POINT('',(-12.7,49.2,11.));
#5266=CARTESIAN_POINT('',(-10.35,49.2,11.));
#5267=CARTESIAN_POINT('',(-16.0221215971658,48.6899347541485,11.));
#5268=CARTESIAN_POINT('Origin',(-12.7,38.1262613427807,11.));
#5269=CARTESIAN_POINT('',(-20.5351597520763,47.2706499145464,11.));
#5270=CARTESIAN_POINT('',(-56.5565810933348,35.9424369777827,11.));
#5271=CARTESIAN_POINT('',(-20.5351597520763,2.88,11.));
#5272=CARTESIAN_POINT('',(-20.5351597520763,0.,11.));
#5273=CARTESIAN_POINT('',(1.11022302462516E-15,2.88,11.));
#5274=CARTESIAN_POINT('',(-0.85690141183667,2.88,11.));
#5275=CARTESIAN_POINT('',(1.11022302462516E-15,0.,11.));
#5276=CARTESIAN_POINT('',(-16.,11.,11.));
#5277=CARTESIAN_POINT('Origin',(-12.,11.,11.));
#5278=CARTESIAN_POINT('',(-16.,41.6,11.));
#5279=CARTESIAN_POINT('',(-16.,22.3,11.));
#5280=CARTESIAN_POINT('Origin',(-12.,41.6,11.));
#5281=CARTESIAN_POINT('Origin',(-61.135639699653,34.5023896667433,-3.75905153778989));
#5282=CARTESIAN_POINT('',(-20.8561190434172,47.2706499145464,10.947092990842));
#5283=CARTESIAN_POINT('',(-20.8351597520763,48.2245891159633,10.));
#5284=CARTESIAN_POINT('Origin',(-20.5351597520763,47.2706499145464,10.));
#5285=CARTESIAN_POINT('',(-38.9574009248061,42.5254079273263,3.85857382479712));
#5286=CARTESIAN_POINT('',(-61.435639699653,35.4563288681603,-3.75905153778989));
#5287=CARTESIAN_POINT('',(-38.7250140585812,41.6511424065347,4.89152301348081));
#5288=CARTESIAN_POINT('Origin',(-38.6574009248061,41.5714687259093,3.85857382479712));
#5289=CARTESIAN_POINT('',(-61.4565989909939,34.5023896667433,-2.81195854694794));
#5290=CARTESIAN_POINT('Origin',(-20.5351597520763,0.,10.));
#5291=CARTESIAN_POINT('',(-20.7004331025716,2.71472664942712,10.9862477982754));
#5292=CARTESIAN_POINT('Origin',(-20.5351597520763,2.88,10.));
#5293=CARTESIAN_POINT('Origin',(-20.5351597520763,47.2706499145464,10.));
#5294=CARTESIAN_POINT('',(-20.8561190434172,2.92935008545363,10.947092990842));
#5295=CARTESIAN_POINT('',(-20.8561190434172,0.,10.947092990842));
#5296=CARTESIAN_POINT('Origin',(-20.5351597520763,2.92935008545363,10.));
#5297=CARTESIAN_POINT('Origin',(-20.5351597520763,47.2706499145464,10.));
#5298=CARTESIAN_POINT('Origin',(-20.5351597520763,47.2706499145464,10.));
#5299=CARTESIAN_POINT('Origin',(-79.2,29.8696960070847,11.));
#5300=CARTESIAN_POINT('',(-71.1231056256177,32.4097617772256,11.9));
#5301=CARTESIAN_POINT('',(-79.1608115678692,29.882020198838,13.9094264855629));
#5302=CARTESIAN_POINT('',(-16.3221215971658,49.6438739555654,10.));
#5303=CARTESIAN_POINT('',(-56.8565810933348,36.8963761791996,10.));
#5304=CARTESIAN_POINT('',(-16.3221215971658,49.6438739555654,-10.));
#5305=CARTESIAN_POINT('',(-16.3221215971658,49.6438739555654,11.));
#5306=CARTESIAN_POINT('',(-38.7943136367345,42.5766965066706,-10.));
#5307=CARTESIAN_POINT('',(-47.4380810933348,39.8583573995992,-10.));
#5308=CARTESIAN_POINT('',(-79.2,29.8696960070847,7.35607891512998));
#5309=CARTESIAN_POINT('',(-64.6193343741122,34.4551032125639,1.09302027128274));
#5310=CARTESIAN_POINT('',(-79.2,29.8696960070847,11.9));
#5311=CARTESIAN_POINT('',(-79.2,29.8696960070847,11.));
#5312=CARTESIAN_POINT('',(-85.0665810933348,28.024741606022,11.9));
#5313=CARTESIAN_POINT('Origin',(-56.5565810933348,35.9424369777827,10.));
#5314=CARTESIAN_POINT('Origin',(-16.0221215971658,48.6899347541485,10.));
#5315=CARTESIAN_POINT('Origin',(-84.7665810933348,27.0708024046051,11.9));
#5316=CARTESIAN_POINT('',(-78.9,28.9157568056678,12.9));
#5317=CARTESIAN_POINT('Origin',(-78.9,28.9157568056678,11.9));
#5318=CARTESIAN_POINT('',(-70.7109285866272,31.4911006225092,12.9));
#5319=CARTESIAN_POINT('',(-84.7665810933348,27.0708024046051,12.9));
#5320=CARTESIAN_POINT('Origin',(-70.8231056256176,31.4558225758086,11.9));
#5321=CARTESIAN_POINT('Origin',(-77.7,25.1,11.9));
#5322=CARTESIAN_POINT('',(-79.2,20.3303039929153,11.9));
#5323=CARTESIAN_POINT('',(-78.9,21.2842431943322,12.9));
#5324=CARTESIAN_POINT('Origin',(-78.9,21.2842431943322,11.9));
#5325=CARTESIAN_POINT('Origin',(-77.7,25.1,12.9));
#5326=CARTESIAN_POINT('Origin',(-77.7,25.1,11.9));
#5327=CARTESIAN_POINT('Origin',(-46.1444797052481,10.9831086211546,11.9));
#5328=CARTESIAN_POINT('',(-70.7109285866272,18.7088993774908,12.9));
#5329=CARTESIAN_POINT('',(-46.1444797052481,10.9831086211546,12.9));
#5330=CARTESIAN_POINT('',(-71.1231056256177,17.7902382227744,11.9));
#5331=CARTESIAN_POINT('',(-46.4444797052481,10.0291694197377,11.9));
#5332=CARTESIAN_POINT('Origin',(-70.8231056256177,18.7441774241914,11.9));
#5333=CARTESIAN_POINT('Origin',(-42.3171319576157,9.77946343854318,4.77350658299951));
#5334=CARTESIAN_POINT('',(-38.9574009248061,7.67459207267376,3.85857382479712));
#5335=CARTESIAN_POINT('',(-42.6171319576157,8.82552423712623,4.77350658299951));
#5336=CARTESIAN_POINT('',(-38.7250140585812,8.54885759346531,4.89152301348081));
#5337=CARTESIAN_POINT('Origin',(-38.6574009248061,8.6285312740907,3.85857382479712));
#5338=CARTESIAN_POINT('',(-38.7,8.71820198889307,4.9));
#5339=CARTESIAN_POINT('Origin',(-40.4503750297433,9.19239554414292,4.30681735103142));
#5340=CARTESIAN_POINT('',(-70.7,18.7817364214235,12.9));
#5341=CARTESIAN_POINT('',(-42.0745963325794,9.77946343854318,5.74364908314485));
#5342=CARTESIAN_POINT('Origin',(-74.8231056256177,20.0021192282577,12.9));
#5343=CARTESIAN_POINT('Origin',(-26.1679920572015,4.70079389343167,8.09109571881867));
#5344=CARTESIAN_POINT('',(-26.4889513485424,4.70079389343167,9.03818870966063));
#5345=CARTESIAN_POINT('',(-20.5469734086916,1.88478047186052,10.0976631497026));
#5346=CARTESIAN_POINT('',(-26.4679920572015,3.74685469201472,8.09109571881867));
#5347=CARTESIAN_POINT('Ctrl Pts',(-20.5469734086916,1.88478047186052,10.0976631497026));
#5348=CARTESIAN_POINT('Ctrl Pts',(-20.5577597800859,1.88817262873328,10.1322303408342));
#5349=CARTESIAN_POINT('Ctrl Pts',(-20.5675362274776,1.89335229288679,10.1662174029822));
#5350=CARTESIAN_POINT('Ctrl Pts',(-20.5979769934499,1.91612437649719,10.2785079195201));
#5351=CARTESIAN_POINT('Ctrl Pts',(-20.6175940539209,1.94427812809263,10.3639626341504));
#5352=CARTESIAN_POINT('Ctrl Pts',(-20.6496774140543,2.02397861614348,10.5246633307103));
#5353=CARTESIAN_POINT('Ctrl Pts',(-20.6622182049729,2.0755462118458,10.5998840851383));
#5354=CARTESIAN_POINT('Ctrl Pts',(-20.6760605724196,2.15953688909782,10.6948285843094));
#5355=CARTESIAN_POINT('Ctrl Pts',(-20.6808487161143,2.19641089305665,10.7311434086536));
#5356=CARTESIAN_POINT('Ctrl Pts',(-20.6877310213611,2.26380353228046,10.7889102763519));
#5357=CARTESIAN_POINT('Ctrl Pts',(-20.6911056953352,2.30785964838824,10.8214259829552));
#5358=CARTESIAN_POINT('Ctrl Pts',(-20.6992321686241,2.45151882787017,10.9120452584935));
#5359=CARTESIAN_POINT('Ctrl Pts',(-20.7007326359604,2.58809236268311,10.9650266884178));
#5360=CARTESIAN_POINT('Ctrl Pts',(-20.7004331025705,2.71472664942712,10.986247798269));
#5361=CARTESIAN_POINT('Origin',(-78.8608115678692,28.9280809974211,13.9094264855629));
#5362=CARTESIAN_POINT('',(-70.7,31.4182635785766,12.9));
#5363=CARTESIAN_POINT('',(-38.7,41.4817980111069,4.9));
#5364=CARTESIAN_POINT('',(-78.6182759428329,28.9280809974211,14.8795689857082));
#5365=CARTESIAN_POINT('Origin',(-40.4503750297433,41.0076044558571,4.30681735103142));
#5366=CARTESIAN_POINT('Origin',(-74.8231056256177,30.1978807717423,12.9));
#5367=CARTESIAN_POINT('Origin',(-38.7,0.,4.9));
#5368=CARTESIAN_POINT('',(-38.7,0.,4.9));
#5369=CARTESIAN_POINT('Origin',(-0.85690141183667,2.88,10.));
#5370=CARTESIAN_POINT('Origin',(-23.7115698150513,2.88,10.));
#5371=CARTESIAN_POINT('Origin',(8.32667268468867E-16,2.88,10.));
#5372=CARTESIAN_POINT('Origin',(-16.3221215971658,0.556126044434633,11.));
#5373=CARTESIAN_POINT('',(-79.2,20.3303039929153,7.35607891512998));
#5374=CARTESIAN_POINT('',(-79.2,20.3303039929153,11.));
#5375=CARTESIAN_POINT('',(-38.7943136367344,7.62330349332946,-10.));
#5376=CARTESIAN_POINT('',(-31.5497334299644,5.34498841957765,-13.111876497908));
#5377=CARTESIAN_POINT('',(-8.81597970524807,-1.80444637383951,-10.));
#5378=CARTESIAN_POINT('Origin',(-77.7,25.1,11.));
#5379=CARTESIAN_POINT('Origin',(-77.7,25.1,6.84062436967543));
#5380=CARTESIAN_POINT('Origin',(-38.4943136367345,8.57724269474641,-10.));
#5381=CARTESIAN_POINT('',(-38.8889888848897,8.57724269474641,-10.918820683536));
#5382=CARTESIAN_POINT('Origin',(-38.4943136367345,8.57724269474641,-10.));
#5383=CARTESIAN_POINT('',(-38.4943136367345,8.57724269474641,-11.));
#5384=CARTESIAN_POINT('Origin',(-38.4943136367345,8.57724269474641,-10.));
#5385=CARTESIAN_POINT('Origin',(-38.4943136367344,8.57724269474641,-10.));
#5386=CARTESIAN_POINT('Origin',(-38.4943136367344,41.6227573052536,-10.));
#5387=CARTESIAN_POINT('',(-38.8889888848897,41.6227573052536,-10.918820683536));
#5388=CARTESIAN_POINT('',(-38.4943136367345,41.6227573052536,-11.));
#5389=CARTESIAN_POINT('Origin',(-38.4943136367345,41.6227573052536,-10.));
#5390=CARTESIAN_POINT('Origin',(-38.4943136367344,41.6227573052536,-10.));
#5391=CARTESIAN_POINT('Origin',(-38.4943136367345,41.6227573052536,-10.));
#5392=CARTESIAN_POINT('Origin',(-31.2497334299644,6.2989276209946,-13.111876497908));
#5393=CARTESIAN_POINT('',(-79.2946752481552,21.2842431943322,6.43725823159396));
#5394=CARTESIAN_POINT('Origin',(-78.9,21.2842431943322,7.35607891512998));
#5395=CARTESIAN_POINT('',(-31.6444086781197,6.2989276209946,-14.030697181444));
#5396=CARTESIAN_POINT('Ctrl Pts',(-79.2,20.3303039929153,7.35607891512998));
#5397=CARTESIAN_POINT('Ctrl Pts',(-80.3502723109737,20.6920478994237,7.75135430926456));
#5398=CARTESIAN_POINT('Ctrl Pts',(-82.3719265919509,22.2833019259785,8.44606823490948));
#5399=CARTESIAN_POINT('Ctrl Pts',(-83.069360460142,26.083655420931,8.68573187325151));
#5400=CARTESIAN_POINT('Ctrl Pts',(-81.40664503238,28.8370966006238,8.11436238989329));
#5401=CARTESIAN_POINT('Ctrl Pts',(-79.7751361554868,29.6888240538305,7.55371661219727));
#5402=CARTESIAN_POINT('Ctrl Pts',(-79.2,29.8696960070847,7.35607891512998));
#5403=CARTESIAN_POINT('Ctrl Pts',(-79.3000434955343,20.3617662167297,7.10013881375731));
#5404=CARTESIAN_POINT('Ctrl Pts',(-80.4301571120273,20.7443714863477,7.50898648167544));
#5405=CARTESIAN_POINT('Ctrl Pts',(-82.3864706644152,22.3419914637504,8.22201363294101));
#5406=CARTESIAN_POINT('Ctrl Pts',(-83.054093805735,26.060589003917,8.46698588478201));
#5407=CARTESIAN_POINT('Ctrl Pts',(-81.456694057859,28.7747972863904,7.88222150954919));
#5408=CARTESIAN_POINT('Ctrl Pts',(-79.8651003037808,29.6469311484613,7.30456264771637));
#5409=CARTESIAN_POINT('Ctrl Pts',(-79.3000434955343,29.8382337832703,7.1001388137573));
#5410=CARTESIAN_POINT('Ctrl Pts',(-79.4098609781062,20.6194029955502,6.65585404915725));
#5411=CARTESIAN_POINT('Ctrl Pts',(-80.4641756131846,20.9937398074167,7.08661351097455));
#5412=CARTESIAN_POINT('Ctrl Pts',(-82.2765797352413,22.5132850162152,7.83060360084904));
#5413=CARTESIAN_POINT('Ctrl Pts',(-82.8926448281388,25.9997908466434,8.08435859514928));
#5414=CARTESIAN_POINT('Ctrl Pts',(-81.4167077742241,28.5545941521757,7.47710786992747));
#5415=CARTESIAN_POINT('Ctrl Pts',(-79.9370182956454,29.3934285985165,6.8712337800659));
#5416=CARTESIAN_POINT('Ctrl Pts',(-79.4098609781062,29.5805970044498,6.65585404915724));
#5417=CARTESIAN_POINT('Ctrl Pts',(-79.3475869364049,21.0849513464052,6.45998620677394));
#5418=CARTESIAN_POINT('Ctrl Pts',(-80.3055155591982,21.3997307351763,6.87164639779973));
#5419=CARTESIAN_POINT('Ctrl Pts',(-81.9776217685723,22.746659002735,7.58988448247653));
#5420=CARTESIAN_POINT('Ctrl Pts',(-82.5518074134607,25.920782118268,7.83659090286355));
#5421=CARTESIAN_POINT('Ctrl Pts',(-81.1808163137237,28.2291145240812,7.24761875861039));
#5422=CARTESIAN_POINT('Ctrl Pts',(-79.8265512478016,28.9576589592093,6.66581630228684));
#5423=CARTESIAN_POINT('Ctrl Pts',(-79.3475869364049,29.1150486535949,6.45998620677394));
#5424=CARTESIAN_POINT('Ctrl Pts',(-79.2946752481552,21.2842431943322,6.43725823159396));
#5425=CARTESIAN_POINT('Ctrl Pts',(-80.2148930969342,21.573638319539,6.83253362572854));
#5426=CARTESIAN_POINT('Ctrl Pts',(-81.832216521716,22.8466415407828,7.52724755137346));
#5427=CARTESIAN_POINT('Ctrl Pts',(-82.3901636162688,25.8869243367448,7.76691118971549));
#5428=CARTESIAN_POINT('Ctrl Pts',(-81.0599912740593,28.089677280499,7.19554170635728));
#5429=CARTESIAN_POINT('Ctrl Pts',(-79.7547841725447,28.7710592430644,6.63489592866125));
#5430=CARTESIAN_POINT('Ctrl Pts',(-79.2946752481552,28.9157568056678,6.43725823159396));
#5431=CARTESIAN_POINT('',(-79.2946752481552,28.9157568056678,6.43725823159396));
#5432=CARTESIAN_POINT('Origin',(-78.9,28.9157568056678,7.35607891512998));
#5433=CARTESIAN_POINT('Origin',(-78.0946752481552,25.1,5.92180368613941));
#5434=CARTESIAN_POINT('Origin',(-64.3193343741122,33.5011640111469,1.09302027128274));
#5435=CARTESIAN_POINT('',(-64.7140096222675,33.5011640111469,0.174199587746717));
#5436=CARTESIAN_POINT('Origin',(-47.1380810933348,38.9044181981823,-10.));
#5437=CARTESIAN_POINT('',(-16.0221215971658,48.6899347541485,-11.));
#5438=CARTESIAN_POINT('Origin',(-16.0221215971658,48.6899347541485,-10.));
#5439=CARTESIAN_POINT('',(-47.1380810933348,38.9044181981823,-11.));
#5440=CARTESIAN_POINT('Origin',(-12.7,38.1262613427807,-10.));
#5441=CARTESIAN_POINT('',(-12.7,49.2,-11.));
#5442=CARTESIAN_POINT('Origin',(-12.7,49.2,-10.));
#5443=CARTESIAN_POINT('Origin',(-12.7,38.1262613427807,-11.));
#5444=CARTESIAN_POINT('Origin',(-12.7,38.1262613427807,-10.));
#5445=CARTESIAN_POINT('Origin',(-1.18425134040231E-15,49.2,-10.));
#5446=CARTESIAN_POINT('Origin',(-1.22098534269076E-15,49.2,-10.));
#5447=CARTESIAN_POINT('',(-1.29900307421369E-15,49.2,-11.));
#5448=CARTESIAN_POINT('Origin',(0.,49.2,0.));
#5449=CARTESIAN_POINT('Origin',(1.60812264967664E-15,49.2,10.));
#5450=CARTESIAN_POINT('Origin',(-10.35,49.2,10.));
#5451=CARTESIAN_POINT('Origin',(-12.7,49.2,10.));
#5452=CARTESIAN_POINT('Origin',(-12.7,38.1262613427807,10.));
#5453=CARTESIAN_POINT('Origin',(-12.7,38.1262613427807,10.));
#5454=CARTESIAN_POINT('Origin',(-38.4943136367345,0.,-10.));
#5455=CARTESIAN_POINT('',(-38.4943136367345,0.,-11.));
#5456=CARTESIAN_POINT('',(-38.8889888848897,0.,-10.918820683536));
#5457=CARTESIAN_POINT('Origin',(-8.51597970524807,-0.850507172422561,-10.));
#5458=CARTESIAN_POINT('',(-20.378236481718,2.88,-11.));
#5459=CARTESIAN_POINT('',(-8.51597970524807,-0.850507172422561,-11.));
#5460=CARTESIAN_POINT('Origin',(-20.378236481718,2.88,-10.));
#5461=CARTESIAN_POINT('Origin',(0.,2.88,0.));
#5462=CARTESIAN_POINT('',(-1.33573707650214E-15,2.88,-11.));
#5463=CARTESIAN_POINT('Origin',(-3.83475850529283E-16,2.88,-10.));
#5464=CARTESIAN_POINT('Origin',(0.,2.88,0.));
#5465=CARTESIAN_POINT('Origin',(9.49309858816333,2.88,-10.));
#5466=CARTESIAN_POINT('',(9.49309858816333,2.88,-11.));
#5467=CARTESIAN_POINT('Origin',(-38.7,0.,-11.));
#5468=CARTESIAN_POINT('Origin',(-12.,11.,-10.));
#5469=CARTESIAN_POINT('',(-12.,6.99999999999999,-11.));
#5470=CARTESIAN_POINT('Origin',(-12.,6.99999999999999,-10.));
#5471=CARTESIAN_POINT('',(-16.,11.,-11.));
#5472=CARTESIAN_POINT('Origin',(-12.,11.,-11.));
#5473=CARTESIAN_POINT('',(-15.,11.,-10.));
#5474=CARTESIAN_POINT('Origin',(-16.,11.,-10.));
#5475=CARTESIAN_POINT('Origin',(-12.,11.,-10.));
#5476=CARTESIAN_POINT('Origin',(-16.,22.3,-10.));
#5477=CARTESIAN_POINT('',(-16.,41.6,-11.));
#5478=CARTESIAN_POINT('',(-15.,41.6,-10.));
#5479=CARTESIAN_POINT('Origin',(-16.,41.6,-10.));
#5480=CARTESIAN_POINT('',(-15.,22.3,-10.));
#5481=CARTESIAN_POINT('',(-16.,22.3,-11.));
#5482=CARTESIAN_POINT('Origin',(-12.,41.6,-10.));
#5483=CARTESIAN_POINT('',(-12.,45.6,-11.));
#5484=CARTESIAN_POINT('Origin',(-12.,45.6,-10.));
#5485=CARTESIAN_POINT('Origin',(-12.,41.6,-10.));
#5486=CARTESIAN_POINT('Origin',(-12.,41.6,-11.));
#5487=CARTESIAN_POINT('Origin',(5.5,45.6,-10.));
#5488=CARTESIAN_POINT('',(5.5,45.6,-11.));
#5489=CARTESIAN_POINT('Origin',(-12.,41.6,10.));
#5490=CARTESIAN_POINT('',(-15.,41.6,10.));
#5491=CARTESIAN_POINT('Origin',(-16.,41.6,10.));
#5492=CARTESIAN_POINT('Origin',(-12.,41.6,10.));
#5493=CARTESIAN_POINT('Origin',(-16.,22.3,10.));
#5494=CARTESIAN_POINT('',(-15.,11.,10.));
#5495=CARTESIAN_POINT('Origin',(-16.,11.,10.));
#5496=CARTESIAN_POINT('',(-15.,22.3,10.));
#5497=CARTESIAN_POINT('Origin',(-12.,11.,10.));
#5498=CARTESIAN_POINT('Origin',(-12.,11.,10.));
#5499=CARTESIAN_POINT('Origin',(0.,6.99999999999999,0.));
#5500=CARTESIAN_POINT('',(-1.33573707650214E-15,6.99999999999999,-11.));
#5501=CARTESIAN_POINT('Origin',(0.,6.99999999999999,0.));
#5502=CARTESIAN_POINT('Origin',(-6.12323399573677E-16,6.99999999999999,
-10.));
#5503=CARTESIAN_POINT('Origin',(-7.5,7.,-10.));
#5504=CARTESIAN_POINT('',(-7.5,7.,-11.));
#5505=CARTESIAN_POINT('Origin',(-1.33573707650214E-15,0.,-11.));
#5506=CARTESIAN_POINT('',(-1.33573707650214E-15,0.,-11.));
#5507=CARTESIAN_POINT('Origin',(-15.,44.6,11.));
#5508=CARTESIAN_POINT('',(-15.,11.,11.));
#5509=CARTESIAN_POINT('',(-15.,41.6,11.));
#5510=CARTESIAN_POINT('Origin',(-12.,11.,11.));
#5511=CARTESIAN_POINT('Origin',(0.,0.,0.));
#5512=CARTESIAN_POINT('Origin',(-12.,41.6,11.));
#5513=CARTESIAN_POINT('Origin',(0.,26.3,0.));
#5514=CARTESIAN_POINT('Origin',(-12.7,38.1262613427807,11.));
#5515=CARTESIAN_POINT('Origin',(-70.7,0.,12.9));
#5516=CARTESIAN_POINT('',(-70.7,0.,12.9));
#5517=CARTESIAN_POINT('Origin',(-82.7,0.,12.9));
#5518=CARTESIAN_POINT('Origin',(-4.94974746830583,0.,4.94974746830583));
#5519=CARTESIAN_POINT('Origin',(-4.94974746830583,5.,-4.94974746830583));
#5520=CARTESIAN_POINT('Origin',(-4.94974746830583,50.2,4.94974746830583));
#5521=CARTESIAN_POINT('Origin',(4.94974746830583,50.2,-4.94974746830583));
#5522=CARTESIAN_POINT('Origin',(4.94974746830583,50.2,4.94974746830583));
#5523=UNCERTAINTY_MEASURE_WITH_UNIT(LENGTH_MEASURE(0.01),#5527,
'DISTANCE_ACCURACY_VALUE',
'Maximum model space distance between geometric entities at asserted c
onnectivities');
#5524=UNCERTAINTY_MEASURE_WITH_UNIT(LENGTH_MEASURE(0.01),#5527,
'DISTANCE_ACCURACY_VALUE',
'Maximum model space distance between geometric entities at asserted c
onnectivities');
#5525=(
GEOMETRIC_REPRESENTATION_CONTEXT(3)
GLOBAL_UNCERTAINTY_ASSIGNED_CONTEXT((#5523))
GLOBAL_UNIT_ASSIGNED_CONTEXT((#5527,#5529,#5530))
REPRESENTATION_CONTEXT('','3D')
);
#5526=(
GEOMETRIC_REPRESENTATION_CONTEXT(3)
GLOBAL_UNCERTAINTY_ASSIGNED_CONTEXT((#5524))
GLOBAL_UNIT_ASSIGNED_CONTEXT((#5527,#5529,#5530))
REPRESENTATION_CONTEXT('','3D')
);
#5527=(
LENGTH_UNIT()
NAMED_UNIT(*)
SI_UNIT(.MILLI.,.METRE.)
);
#5528=(
LENGTH_UNIT()
NAMED_UNIT(*)
SI_UNIT($,.METRE.)
);
#5529=(
NAMED_UNIT(*)
PLANE_ANGLE_UNIT()
SI_UNIT($,.RADIAN.)
);
#5530=(
NAMED_UNIT(*)
SI_UNIT($,.STERADIAN.)
SOLID_ANGLE_UNIT()
);
#5531=SHAPE_DEFINITION_REPRESENTATION(#5532,#5533);
#5532=PRODUCT_DEFINITION_SHAPE('',$,#5535);
#5533=SHAPE_REPRESENTATION('',(#2896),#5525);
#5534=PRODUCT_DEFINITION_CONTEXT('part definition',#5539,'design');
#5535=PRODUCT_DEFINITION('2025-11-04-14-39-20-559','GripperPartb',#5536,
#5534);
#5536=PRODUCT_DEFINITION_FORMATION('',$,#5541);
#5537=PRODUCT_RELATED_PRODUCT_CATEGORY('GripperPartb','GripperPartb',(#5541));
#5538=APPLICATION_PROTOCOL_DEFINITION('international standard',
'automotive_design',2009,#5539);
#5539=APPLICATION_CONTEXT(
'Core Data for Automotive Mechanical Design Process');
#5540=PRODUCT_CONTEXT('part definition',#5539,'mechanical');
#5541=PRODUCT('2025-11-04-14-39-20-559','GripperPartb',$,(#5540));
#5542=PRESENTATION_STYLE_ASSIGNMENT((#5543));
#5543=SURFACE_STYLE_USAGE(.BOTH.,#5544);
#5544=SURFACE_SIDE_STYLE('',(#5545));
#5545=SURFACE_STYLE_FILL_AREA(#5546);
#5546=FILL_AREA_STYLE('Default',(#5547));
#5547=FILL_AREA_STYLE_COLOUR('Default',#5548);
#5548=COLOUR_RGB('Default',0.749019607843137,0.749019607843137,0.749019607843137);
ENDSEC;
END-ISO-10303-21;
