ISO-10303-21;
HEADER;
/* Generated by software containing ST-Developer
 * from STEP Tools, Inc. (www.steptools.com) 
 */

FILE_DESCRIPTION(
/* description */ (''),
/* implementation_level */ '2;1');

FILE_NAME(
/* name */ 'CameraAttachment.step',
/* time_stamp */ '2026-06-07T20:31:58-05:00',
/* author */ (''),
/* organization */ (''),
/* preprocessor_version */ 'ST-DEVELOPER v20.1',
/* originating_system */ 'Autodesk Translation Framework v14.21.0.0',
/* authorisation */ '');

FILE_SCHEMA (('AUTOMOTIVE_DESIGN { 1 0 10303 214 3 1 1 }'));
ENDSEC;

DATA;
#10=MECHANICAL_DESIGN_GEOMETRIC_PRESENTATION_REPRESENTATION('',(#13),#11854);
#11=SHAPE_REPRESENTATION_RELATIONSHIP('SRR','None',#11861,#12);
#12=ADVANCED_BREP_SHAPE_REPRESENTATION('',(#14),#11853);
#13=STYLED_ITEM('',(#11870),#14);
#14=MANIFOLD_SOLID_BREP('Body1',#6027);
#15=SPHERICAL_SURFACE('',#6364,0.599999999999996);
#16=SPHERICAL_SURFACE('',#6368,0.600000000000006);
#17=SPHERICAL_SURFACE('',#6372,0.600000000000006);
#18=SPHERICAL_SURFACE('',#6377,0.600000000000001);
#19=SPHERICAL_SURFACE('',#6670,0.200000000000001);
#20=SPHERICAL_SURFACE('',#6689,0.200000000000001);
#21=SPHERICAL_SURFACE('',#6702,0.200000000000001);
#22=SPHERICAL_SURFACE('',#6708,0.200000000000003);
#23=SPHERICAL_SURFACE('',#6770,0.200000000000001);
#24=SPHERICAL_SURFACE('',#6791,0.200000000000005);
#25=SPHERICAL_SURFACE('',#6804,0.200000000000001);
#26=SPHERICAL_SURFACE('',#6810,0.200000000000003);
#27=SPHERICAL_SURFACE('',#6859,0.200000000000001);
#28=SPHERICAL_SURFACE('',#6878,0.200000000000001);
#29=SPHERICAL_SURFACE('',#6883,0.200000000000001);
#30=SPHERICAL_SURFACE('',#6896,0.199999999999997);
#31=SPHERICAL_SURFACE('',#6980,0.200000000000001);
#32=SPHERICAL_SURFACE('',#6984,0.199999999999998);
#33=SPHERICAL_SURFACE('',#6997,0.200000000000006);
#34=SPHERICAL_SURFACE('',#7001,0.200000000000005);
#35=(
BOUNDED_SURFACE()
B_SPLINE_SURFACE(2,2,((#9674,#9675,#9676),(#9677,#9678,#9679),(#9680,#9681,
#9682)),.UNSPECIFIED.,.F.,.F.,.F.)
B_SPLINE_SURFACE_WITH_KNOTS((3,3),(3,3),(-1.5707963267949,1.33976682786461E-15),
(-1.5707963267949,1.36142818729271E-15),.UNSPECIFIED.)
GEOMETRIC_REPRESENTATION_ITEM()
RATIONAL_B_SPLINE_SURFACE(((1.,0.707106781186547,1.),(0.707106781186543,
0.499999999999996,0.707106781186543),(1.,0.707106781186547,1.)))
REPRESENTATION_ITEM('')
SURFACE()
);
#36=(
BOUNDED_SURFACE()
B_SPLINE_SURFACE(2,2,((#9721,#9722,#9723),(#9724,#9725,#9726),(#9727,#9728,
#9729)),.UNSPECIFIED.,.F.,.F.,.F.)
B_SPLINE_SURFACE_WITH_KNOTS((3,3),(3,3),(-1.5707963267949,1.46603782810199E-15),
(-3.14159265358979,-1.5707963267949),.UNSPECIFIED.)
GEOMETRIC_REPRESENTATION_ITEM()
RATIONAL_B_SPLINE_SURFACE(((1.,0.707106781186547,1.),(0.707106781186547,
0.5,0.707106781186547),(1.,0.707106781186547,1.)))
REPRESENTATION_ITEM('')
SURFACE()
);
#37=(
BOUNDED_SURFACE()
B_SPLINE_SURFACE(2,2,((#9765,#9766,#9767),(#9768,#9769,#9770),(#9771,#9772,
#9773)),.UNSPECIFIED.,.F.,.F.,.F.)
B_SPLINE_SURFACE_WITH_KNOTS((3,3),(3,3),(-1.5707963267949,1.45716771982051E-14),
(1.5707963267949,3.1415926535898),.UNSPECIFIED.)
GEOMETRIC_REPRESENTATION_ITEM()
RATIONAL_B_SPLINE_SURFACE(((1.,0.707106781186545,1.),(0.707106781186545,
0.499999999999996,0.707106781186545),(1.,0.707106781186545,1.)))
REPRESENTATION_ITEM('')
SURFACE()
);
#38=(
BOUNDED_SURFACE()
B_SPLINE_SURFACE(2,2,((#9809,#9810,#9811),(#9812,#9813,#9814),(#9815,#9816,
#9817)),.UNSPECIFIED.,.F.,.F.,.F.)
B_SPLINE_SURFACE_WITH_KNOTS((3,3),(3,3),(-1.57079632679491,6.10628655200203E-15),
(-2.64547488432739E-14,1.5707963267949),.UNSPECIFIED.)
GEOMETRIC_REPRESENTATION_ITEM()
RATIONAL_B_SPLINE_SURFACE(((1.,0.707106781186538,1.),(0.707106781186543,
0.49999999999999,0.707106781186543),(1.,0.707106781186538,1.)))
REPRESENTATION_ITEM('')
SURFACE()
);
#39=(
BOUNDED_SURFACE()
B_SPLINE_SURFACE(2,2,((#9931,#9932,#9933),(#9934,#9935,#9936),(#9937,#9938,
#9939)),.UNSPECIFIED.,.F.,.F.,.F.)
B_SPLINE_SURFACE_WITH_KNOTS((3,3),(3,3),(-1.5707963267949,6.4094520862959E-15),
(-3.14159265358979,-1.5707963267949),.UNSPECIFIED.)
GEOMETRIC_REPRESENTATION_ITEM()
RATIONAL_B_SPLINE_SURFACE(((1.,0.707106781186547,1.),(0.707106781186537,
0.499999999999992,0.707106781186537),(1.,0.707106781186547,1.)))
REPRESENTATION_ITEM('')
SURFACE()
);
#40=(
BOUNDED_SURFACE()
B_SPLINE_SURFACE(2,2,((#9963,#9964,#9965),(#9966,#9967,#9968),(#9969,#9970,
#9971)),.UNSPECIFIED.,.F.,.F.,.F.)
B_SPLINE_SURFACE_WITH_KNOTS((3,3),(3,3),(-1.5707963267949,4.26287950177579E-15),
(1.5707963267949,3.14159265358979),.UNSPECIFIED.)
GEOMETRIC_REPRESENTATION_ITEM()
RATIONAL_B_SPLINE_SURFACE(((1.,0.707106781186547,1.),(0.707106781186533,
0.499999999999989,0.707106781186533),(1.,0.707106781186547,1.)))
REPRESENTATION_ITEM('')
SURFACE()
);
#41=(
BOUNDED_SURFACE()
B_SPLINE_SURFACE(2,2,((#9995,#9996,#9997),(#9998,#9999,#10000),(#10001,
#10002,#10003)),.UNSPECIFIED.,.F.,.F.,.F.)
B_SPLINE_SURFACE_WITH_KNOTS((3,3),(3,3),(-1.5707963267949,4.04390959089598E-15),
(-2.92696599204515E-15,1.5707963267949),.UNSPECIFIED.)
GEOMETRIC_REPRESENTATION_ITEM()
RATIONAL_B_SPLINE_SURFACE(((1.,0.707106781186546,1.),(0.707106781186546,
0.499999999999998,0.707106781186546),(1.,0.707106781186546,1.)))
REPRESENTATION_ITEM('')
SURFACE()
);
#42=(
BOUNDED_SURFACE()
B_SPLINE_SURFACE(2,2,((#10039,#10040,#10041),(#10042,#10043,#10044),(#10045,
#10046,#10047)),.UNSPECIFIED.,.F.,.F.,.F.)
B_SPLINE_SURFACE_WITH_KNOTS((3,3),(3,3),(-1.5707963267949,6.42353226539666E-15),
(-1.5707963267949,7.27318913277679E-15),.UNSPECIFIED.)
GEOMETRIC_REPRESENTATION_ITEM()
RATIONAL_B_SPLINE_SURFACE(((1.,0.707106781186545,1.),(0.70710678118654,
0.499999999999993,0.70710678118654),(1.,0.707106781186545,1.)))
REPRESENTATION_ITEM('')
SURFACE()
);
#43=FACE_BOUND('',#1185,.T.);
#44=FACE_BOUND('',#1186,.T.);
#45=FACE_BOUND('',#1187,.T.);
#46=FACE_BOUND('',#1188,.T.);
#47=FACE_BOUND('',#1189,.T.);
#48=FACE_BOUND('',#1190,.T.);
#49=FACE_BOUND('',#1191,.T.);
#50=FACE_BOUND('',#1192,.T.);
#51=FACE_BOUND('',#1193,.T.);
#52=FACE_BOUND('',#1205,.T.);
#53=FACE_BOUND('',#1206,.T.);
#54=FACE_BOUND('',#1207,.T.);
#55=FACE_BOUND('',#1208,.T.);
#56=FACE_BOUND('',#1209,.T.);
#57=FACE_BOUND('',#1210,.T.);
#58=FACE_BOUND('',#1211,.T.);
#59=FACE_BOUND('',#1212,.T.);
#60=FACE_BOUND('',#1213,.T.);
#61=FACE_BOUND('',#1251,.T.);
#62=FACE_BOUND('',#1252,.T.);
#63=FACE_BOUND('',#1253,.T.);
#64=FACE_BOUND('',#1254,.T.);
#65=FACE_BOUND('',#1255,.T.);
#66=FACE_BOUND('',#1292,.T.);
#67=FACE_BOUND('',#1293,.T.);
#68=FACE_BOUND('',#1294,.T.);
#69=FACE_BOUND('',#1295,.T.);
#70=FACE_BOUND('',#1296,.T.);
#71=FACE_BOUND('',#1424,.T.);
#72=FACE_BOUND('',#1467,.T.);
#73=FACE_BOUND('',#1511,.T.);
#74=FACE_BOUND('',#1555,.T.);
#75=PLANE('',#6069);
#76=PLANE('',#6072);
#77=PLANE('',#6121);
#78=PLANE('',#6230);
#79=PLANE('',#6233);
#80=PLANE('',#6236);
#81=PLANE('',#6239);
#82=PLANE('',#6242);
#83=PLANE('',#6245);
#84=PLANE('',#6248);
#85=PLANE('',#6316);
#86=PLANE('',#6318);
#87=PLANE('',#6320);
#88=PLANE('',#6322);
#89=PLANE('',#6324);
#90=PLANE('',#6326);
#91=PLANE('',#6331);
#92=PLANE('',#6459);
#93=PLANE('',#6461);
#94=PLANE('',#6464);
#95=PLANE('',#6466);
#96=PLANE('',#6468);
#97=PLANE('',#6470);
#98=PLANE('',#6471);
#99=PLANE('',#6500);
#100=PLANE('',#6532);
#101=PLANE('',#6565);
#102=PLANE('',#6597);
#103=PLANE('',#6633);
#104=PLANE('',#6639);
#105=PLANE('',#6727);
#106=PLANE('',#6728);
#107=PLANE('',#6737);
#108=PLANE('',#6743);
#109=PLANE('',#6829);
#110=PLANE('',#6830);
#111=PLANE('',#6839);
#112=PLANE('',#6851);
#113=PLANE('',#6929);
#114=PLANE('',#6930);
#115=PLANE('',#6941);
#116=PLANE('',#6951);
#117=PLANE('',#7038);
#118=PLANE('',#7039);
#119=PLANE('',#7052);
#120=B_SPLINE_CURVE_WITH_KNOTS('',3,(#9371,#9372,#9373,#9374),
 .UNSPECIFIED.,.F.,.F.,(4,4),(-0.108183750445411,0.),.UNSPECIFIED.);
#121=B_SPLINE_CURVE_WITH_KNOTS('',3,(#9375,#9376,#9377,#9378),
 .UNSPECIFIED.,.F.,.F.,(4,4),(0.,0.108183750445411),.UNSPECIFIED.);
#122=B_SPLINE_CURVE_WITH_KNOTS('',3,(#9402,#9403,#9404,#9405),
 .UNSPECIFIED.,.F.,.F.,(4,4),(0.457513569964376,0.565697320409788),
 .UNSPECIFIED.);
#123=B_SPLINE_CURVE_WITH_KNOTS('',3,(#9406,#9407,#9408,#9409),
 .UNSPECIFIED.,.F.,.F.,(4,4),(-0.565697320409788,-0.457513569964376),
 .UNSPECIFIED.);
#124=B_SPLINE_CURVE_WITH_KNOTS('',3,(#9417,#9418,#9419,#9420),
 .UNSPECIFIED.,.F.,.F.,(4,4),(-0.571734466077167,-0.463550526733876),
 .UNSPECIFIED.);
#125=B_SPLINE_CURVE_WITH_KNOTS('',3,(#9433,#9434,#9435,#9436),
 .UNSPECIFIED.,.F.,.F.,(4,4),(-0.108183939343291,0.),.UNSPECIFIED.);
#126=B_SPLINE_CURVE_WITH_KNOTS('',3,(#9554,#9555,#9556,#9557),
 .UNSPECIFIED.,.F.,.F.,(4,4),(0.463550526733876,0.571734466077167),
 .UNSPECIFIED.);
#127=B_SPLINE_CURVE_WITH_KNOTS('',3,(#9580,#9581,#9582,#9583),
 .UNSPECIFIED.,.F.,.F.,(4,4),(0.,0.108183939343291),.UNSPECIFIED.);
#128=B_SPLINE_CURVE_WITH_KNOTS('',3,(#10606,#10607,#10608,#10609,#10610,
#10611),.UNSPECIFIED.,.F.,.F.,(4,1,1,4),(-0.0669600669830719,-0.033480033491536,
-0.0143485857820868,0.),.UNSPECIFIED.);
#129=B_SPLINE_CURVE_WITH_KNOTS('',3,(#10615,#10616,#10617,#10618,#10619),
 .UNSPECIFIED.,.F.,.F.,(4,1,4),(-0.0648580355845069,-0.0324290177922537,
-5.662279244767E-16),.UNSPECIFIED.);
#130=B_SPLINE_CURVE_WITH_KNOTS('',3,(#10627,#10628,#10629,#10630,#10631),
 .UNSPECIFIED.,.F.,.F.,(4,1,4),(-0.0648578809381312,-0.0324289404690656,
-2.98519141380021E-33),.UNSPECIFIED.);
#131=B_SPLINE_CURVE_WITH_KNOTS('',3,(#10638,#10639,#10640,#10641,#10642,
#10643),.UNSPECIFIED.,.F.,.F.,(4,1,1,4),(-0.0669604795975917,-0.0478289139982798,
-0.0334802397987958,0.),.UNSPECIFIED.);
#132=B_SPLINE_CURVE_WITH_KNOTS('',3,(#10678,#10679,#10680,#10681,#10682,
#10683),.UNSPECIFIED.,.F.,.F.,(4,1,1,4),(0.,0.0143485857820868,0.033480033491536,
0.0669600669830719),.UNSPECIFIED.);
#133=B_SPLINE_CURVE_WITH_KNOTS('',3,(#10713,#10714,#10715,#10716,#10717),
 .UNSPECIFIED.,.F.,.F.,(4,1,4),(5.662279244767E-16,0.0324290177922537,0.0648580355845069),
 .UNSPECIFIED.);
#134=B_SPLINE_CURVE_WITH_KNOTS('',3,(#10768,#10769,#10770,#10771,#10772,
#10773),.UNSPECIFIED.,.F.,.F.,(4,1,1,4),(0.,0.0334802397987958,0.0478289139982798,
0.0669604795975917),.UNSPECIFIED.);
#135=B_SPLINE_CURVE_WITH_KNOTS('',3,(#10809,#10810,#10811,#10812,#10813),
 .UNSPECIFIED.,.F.,.F.,(4,1,4),(2.98519141380021E-33,0.0324289404690656,
0.0648578809381312),.UNSPECIFIED.);
#136=B_SPLINE_CURVE_WITH_KNOTS('',3,(#10918,#10919,#10920,#10921,#10922,
#10923),.UNSPECIFIED.,.F.,.F.,(4,1,1,4),(-0.0669600669830723,-0.0334800334915361,
-0.0191314477094492,0.),.UNSPECIFIED.);
#137=B_SPLINE_CURVE_WITH_KNOTS('',3,(#10927,#10928,#10929,#10930,#10931),
 .UNSPECIFIED.,.F.,.F.,(4,1,4),(-0.0648580355845068,-0.0324290177922537,
-5.02138197277717E-16),.UNSPECIFIED.);
#138=B_SPLINE_CURVE_WITH_KNOTS('',3,(#10939,#10940,#10941,#10942,#10943),
 .UNSPECIFIED.,.F.,.F.,(4,1,4),(-0.0648578809381326,-0.0324289404690663,
-2.31111593326466E-33),.UNSPECIFIED.);
#139=B_SPLINE_CURVE_WITH_KNOTS('',3,(#10947,#10948,#10949,#10950,#10951,
#10952),.UNSPECIFIED.,.F.,.F.,(4,1,1,4),(-0.0669604795975919,-0.0526118053981079,
-0.033480239798796,0.),.UNSPECIFIED.);
#140=B_SPLINE_CURVE_WITH_KNOTS('',3,(#10992,#10993,#10994,#10995,#10996,
#10997),.UNSPECIFIED.,.F.,.F.,(4,1,1,4),(0.,0.0191314477094492,0.0334800334915361,
0.0669600669830723),.UNSPECIFIED.);
#141=B_SPLINE_CURVE_WITH_KNOTS('',3,(#11027,#11028,#11029,#11030,#11031),
 .UNSPECIFIED.,.F.,.F.,(4,1,4),(5.02138197277717E-16,0.0324290177922537,
0.0648580355845068),.UNSPECIFIED.);
#142=B_SPLINE_CURVE_WITH_KNOTS('',3,(#11087,#11088,#11089,#11090,#11091,
#11092),.UNSPECIFIED.,.F.,.F.,(4,1,1,4),(0.,0.033480239798796,0.0526118053981079,
0.0669604795975919),.UNSPECIFIED.);
#143=B_SPLINE_CURVE_WITH_KNOTS('',3,(#11123,#11124,#11125,#11126,#11127),
 .UNSPECIFIED.,.F.,.F.,(4,1,4),(2.31111593326466E-33,0.0324289404690663,
0.0648578809381326),.UNSPECIFIED.);
#144=B_SPLINE_CURVE_WITH_KNOTS('',3,(#11225,#11226,#11227,#11228,#11229,
#11230),.UNSPECIFIED.,.F.,.F.,(4,1,1,4),(-0.0669600669830732,-0.0334800334915366,
-0.0143485857820871,0.),.UNSPECIFIED.);
#145=B_SPLINE_CURVE_WITH_KNOTS('',3,(#11234,#11235,#11236,#11237,#11238),
 .UNSPECIFIED.,.F.,.F.,(4,1,4),(-0.0648580355845063,-0.0324290177922531,
0.),.UNSPECIFIED.);
#146=B_SPLINE_CURVE_WITH_KNOTS('',3,(#11249,#11250,#11251,#11252,#11253),
 .UNSPECIFIED.,.F.,.F.,(4,1,4),(-0.064857880938132,-0.032428940469066,0.),
 .UNSPECIFIED.);
#147=B_SPLINE_CURVE_WITH_KNOTS('',3,(#11257,#11258,#11259,#11260,#11261,
#11262),.UNSPECIFIED.,.F.,.F.,(4,1,1,4),(-0.0669604795975927,-0.0526118053981087,
-0.0334802397987966,-4.97480143499613E-16),.UNSPECIFIED.);
#148=B_SPLINE_CURVE_WITH_KNOTS('',3,(#11299,#11300,#11301,#11302,#11303),
 .UNSPECIFIED.,.F.,.F.,(4,1,4),(0.,0.032428940469066,0.064857880938132),
 .UNSPECIFIED.);
#149=B_SPLINE_CURVE_WITH_KNOTS('',3,(#11333,#11334,#11335,#11336,#11337),
 .UNSPECIFIED.,.F.,.F.,(4,1,4),(0.,0.0324290177922531,0.0648580355845063),
 .UNSPECIFIED.);
#150=B_SPLINE_CURVE_WITH_KNOTS('',3,(#11371,#11372,#11373,#11374,#11375,
#11376),.UNSPECIFIED.,.F.,.F.,(4,1,1,4),(4.97480143499613E-16,0.0334802397987966,
0.0526118053981087,0.0669604795975927),.UNSPECIFIED.);
#151=B_SPLINE_CURVE_WITH_KNOTS('',3,(#11417,#11418,#11419,#11420,#11421,
#11422),.UNSPECIFIED.,.F.,.F.,(4,1,1,4),(0.,0.0143485857820871,0.0334800334915366,
0.0669600669830732),.UNSPECIFIED.);
#152=B_SPLINE_CURVE_WITH_KNOTS('',3,(#11554,#11555,#11556,#11557,#11558),
 .UNSPECIFIED.,.F.,.F.,(4,1,4),(-0.0648580355845063,-0.0324290177922531,
0.),.UNSPECIFIED.);
#153=B_SPLINE_CURVE_WITH_KNOTS('',3,(#11566,#11567,#11568,#11569,#11570),
 .UNSPECIFIED.,.F.,.F.,(4,1,4),(-0.0648578809381328,-0.0324289404690664,
-5.77778983316171E-34),.UNSPECIFIED.);
#154=B_SPLINE_CURVE_WITH_KNOTS('',3,(#11574,#11575,#11576,#11577,#11578,
#11579),.UNSPECIFIED.,.F.,.F.,(4,1,1,4),(-0.0669604795975921,-0.0478289139982801,
-0.0334802397987961,-4.09908732471561E-17),.UNSPECIFIED.);
#155=B_SPLINE_CURVE_WITH_KNOTS('',3,(#11587,#11588,#11589,#11590,#11591,
#11592),.UNSPECIFIED.,.F.,.F.,(4,1,1,4),(-0.066960066983073,-0.0334800334915365,
-0.0143485857820871,0.),.UNSPECIFIED.);
#156=B_SPLINE_CURVE_WITH_KNOTS('',3,(#11629,#11630,#11631,#11632,#11633,
#11634),.UNSPECIFIED.,.F.,.F.,(4,1,1,4),(4.09908732471561E-17,0.0334802397987961,
0.0478289139982801,0.0669604795975921),.UNSPECIFIED.);
#157=B_SPLINE_CURVE_WITH_KNOTS('',3,(#11665,#11666,#11667,#11668,#11669),
 .UNSPECIFIED.,.F.,.F.,(4,1,4),(5.77778983316171E-34,0.0324289404690664,
0.0648578809381328),.UNSPECIFIED.);
#158=B_SPLINE_CURVE_WITH_KNOTS('',3,(#11753,#11754,#11755,#11756,#11757,
#11758),.UNSPECIFIED.,.F.,.F.,(4,1,1,4),(0.,0.0143485857820871,0.0334800334915365,
0.066960066983073),.UNSPECIFIED.);
#159=B_SPLINE_CURVE_WITH_KNOTS('',3,(#11788,#11789,#11790,#11791,#11792),
 .UNSPECIFIED.,.F.,.F.,(4,1,4),(0.,0.0324290177922531,0.0648580355845063),
 .UNSPECIFIED.);
#160=B_SPLINE_SURFACE_WITH_KNOTS('',3,3,((#9348,#9349,#9350,#9351),(#9352,
#9353,#9354,#9355),(#9356,#9357,#9358,#9359),(#9360,#9361,#9362,#9363),
(#9364,#9365,#9366,#9367)),.UNSPECIFIED.,.F.,.F.,.F.,(4,1,4),(4,4),(0.,
0.5,1.),(0.,0.108183750445411),.UNSPECIFIED.);
#161=B_SPLINE_SURFACE_WITH_KNOTS('',3,3,((#9379,#9380,#9381,#9382),(#9383,
#9384,#9385,#9386),(#9387,#9388,#9389,#9390),(#9391,#9392,#9393,#9394),
(#9395,#9396,#9397,#9398)),.UNSPECIFIED.,.F.,.F.,.F.,(4,1,4),(4,4),(0.,
0.5,1.),(0.457513569964376,0.565697320409788),.UNSPECIFIED.);
#162=B_SPLINE_SURFACE_WITH_KNOTS('',3,3,((#9532,#9533,#9534,#9535),(#9536,
#9537,#9538,#9539),(#9540,#9541,#9542,#9543),(#9544,#9545,#9546,#9547),
(#9548,#9549,#9550,#9551)),.UNSPECIFIED.,.F.,.F.,.F.,(4,1,4),(4,4),(0.,
0.5,1.),(0.463550526733876,0.571734466077167),.UNSPECIFIED.);
#163=B_SPLINE_SURFACE_WITH_KNOTS('',3,3,((#9558,#9559,#9560,#9561),(#9562,
#9563,#9564,#9565),(#9566,#9567,#9568,#9569),(#9570,#9571,#9572,#9573),
(#9574,#9575,#9576,#9577)),.UNSPECIFIED.,.F.,.F.,.F.,(4,1,4),(4,4),(0.,
0.5,1.),(0.,0.108183939343291),.UNSPECIFIED.);
#164=B_SPLINE_SURFACE_WITH_KNOTS('',3,3,((#10645,#10646,#10647,#10648,#10649,
#10650),(#10651,#10652,#10653,#10654,#10655,#10656),(#10657,#10658,#10659,
#10660,#10661,#10662),(#10663,#10664,#10665,#10666,#10667,#10668),(#10669,
#10670,#10671,#10672,#10673,#10674)),.UNSPECIFIED.,.F.,.F.,.F.,(4,1,4),
(4,1,1,4),(0.,0.5,1.),(0.,0.0143485857820868,0.033480033491536,0.0669600669830719),
 .UNSPECIFIED.);
#165=B_SPLINE_SURFACE_WITH_KNOTS('',3,3,((#10685,#10686,#10687,#10688,#10689),
(#10690,#10691,#10692,#10693,#10694),(#10695,#10696,#10697,#10698,#10699),
(#10700,#10701,#10702,#10703,#10704),(#10705,#10706,#10707,#10708,#10709)),
 .UNSPECIFIED.,.F.,.F.,.F.,(4,1,4),(4,1,4),(0.,0.5,1.),(5.662279244767E-16,
0.0324290177922537,0.0648580355845069),.UNSPECIFIED.);
#166=B_SPLINE_SURFACE_WITH_KNOTS('',3,3,((#10736,#10737,#10738,#10739,#10740,
#10741),(#10742,#10743,#10744,#10745,#10746,#10747),(#10748,#10749,#10750,
#10751,#10752,#10753),(#10754,#10755,#10756,#10757,#10758,#10759),(#10760,
#10761,#10762,#10763,#10764,#10765)),.UNSPECIFIED.,.F.,.F.,.F.,(4,1,4),
(4,1,1,4),(0.,0.5,1.),(0.,0.0334802397987958,0.0478289139982798,0.0669604795975917),
 .UNSPECIFIED.);
#167=B_SPLINE_SURFACE_WITH_KNOTS('',3,3,((#10781,#10782,#10783,#10784,#10785),
(#10786,#10787,#10788,#10789,#10790),(#10791,#10792,#10793,#10794,#10795),
(#10796,#10797,#10798,#10799,#10800),(#10801,#10802,#10803,#10804,#10805)),
 .UNSPECIFIED.,.F.,.F.,.F.,(4,1,4),(4,1,4),(0.,0.5,1.),(2.98519141380021E-33,
0.0324289404690656,0.0648578809381312),.UNSPECIFIED.);
#168=B_SPLINE_SURFACE_WITH_KNOTS('',3,3,((#10959,#10960,#10961,#10962,#10963,
#10964),(#10965,#10966,#10967,#10968,#10969,#10970),(#10971,#10972,#10973,
#10974,#10975,#10976),(#10977,#10978,#10979,#10980,#10981,#10982),(#10983,
#10984,#10985,#10986,#10987,#10988)),.UNSPECIFIED.,.F.,.F.,.F.,(4,1,4),
(4,1,1,4),(0.,0.5,1.),(0.,0.0191314477094492,0.0334800334915361,0.0669600669830723),
 .UNSPECIFIED.);
#169=B_SPLINE_SURFACE_WITH_KNOTS('',3,3,((#10999,#11000,#11001,#11002,#11003),
(#11004,#11005,#11006,#11007,#11008),(#11009,#11010,#11011,#11012,#11013),
(#11014,#11015,#11016,#11017,#11018),(#11019,#11020,#11021,#11022,#11023)),
 .UNSPECIFIED.,.F.,.F.,.F.,(4,1,4),(4,1,4),(0.,0.5,1.),(5.02138197277717E-16,
0.0324290177922537,0.0648580355845068),.UNSPECIFIED.);
#170=B_SPLINE_SURFACE_WITH_KNOTS('',3,3,((#11055,#11056,#11057,#11058,#11059,
#11060),(#11061,#11062,#11063,#11064,#11065,#11066),(#11067,#11068,#11069,
#11070,#11071,#11072),(#11073,#11074,#11075,#11076,#11077,#11078),(#11079,
#11080,#11081,#11082,#11083,#11084)),.UNSPECIFIED.,.F.,.F.,.F.,(4,1,4),
(4,1,1,4),(0.,0.5,1.),(0.,0.033480239798796,0.0526118053981079,0.0669604795975919),
 .UNSPECIFIED.);
#171=B_SPLINE_SURFACE_WITH_KNOTS('',3,3,((#11095,#11096,#11097,#11098,#11099),
(#11100,#11101,#11102,#11103,#11104),(#11105,#11106,#11107,#11108,#11109),
(#11110,#11111,#11112,#11113,#11114),(#11115,#11116,#11117,#11118,#11119)),
 .UNSPECIFIED.,.F.,.F.,.F.,(4,1,4),(4,1,4),(0.,0.5,1.),(2.31111593326466E-33,
0.0324289404690663,0.0648578809381326),.UNSPECIFIED.);
#172=B_SPLINE_SURFACE_WITH_KNOTS('',3,3,((#11271,#11272,#11273,#11274,#11275),
(#11276,#11277,#11278,#11279,#11280),(#11281,#11282,#11283,#11284,#11285),
(#11286,#11287,#11288,#11289,#11290),(#11291,#11292,#11293,#11294,#11295)),
 .UNSPECIFIED.,.F.,.F.,.F.,(4,1,4),(4,1,4),(0.,0.5,1.),(0.,0.032428940469066,
0.064857880938132),.UNSPECIFIED.);
#173=B_SPLINE_SURFACE_WITH_KNOTS('',3,3,((#11305,#11306,#11307,#11308,#11309),
(#11310,#11311,#11312,#11313,#11314),(#11315,#11316,#11317,#11318,#11319),
(#11320,#11321,#11322,#11323,#11324),(#11325,#11326,#11327,#11328,#11329)),
 .UNSPECIFIED.,.F.,.F.,.F.,(4,1,4),(4,1,4),(0.,0.5,1.),(0.,0.0324290177922531,
0.0648580355845063),.UNSPECIFIED.);
#174=B_SPLINE_SURFACE_WITH_KNOTS('',3,3,((#11339,#11340,#11341,#11342,#11343,
#11344),(#11345,#11346,#11347,#11348,#11349,#11350),(#11351,#11352,#11353,
#11354,#11355,#11356),(#11357,#11358,#11359,#11360,#11361,#11362),(#11363,
#11364,#11365,#11366,#11367,#11368)),.UNSPECIFIED.,.F.,.F.,.F.,(4,1,4),
(4,1,1,4),(0.,0.5,1.),(4.97480143499613E-16,0.0334802397987966,0.0526118053981087,
0.0669604795975927),.UNSPECIFIED.);
#175=B_SPLINE_SURFACE_WITH_KNOTS('',3,3,((#11384,#11385,#11386,#11387,#11388,
#11389),(#11390,#11391,#11392,#11393,#11394,#11395),(#11396,#11397,#11398,
#11399,#11400,#11401),(#11402,#11403,#11404,#11405,#11406,#11407),(#11408,
#11409,#11410,#11411,#11412,#11413)),.UNSPECIFIED.,.F.,.F.,.F.,(4,1,4),
(4,1,1,4),(0.,0.5,1.),(0.,0.0143485857820871,0.0334800334915366,0.0669600669830732),
 .UNSPECIFIED.);
#176=B_SPLINE_SURFACE_WITH_KNOTS('',3,3,((#11597,#11598,#11599,#11600,#11601,
#11602),(#11603,#11604,#11605,#11606,#11607,#11608),(#11609,#11610,#11611,
#11612,#11613,#11614),(#11615,#11616,#11617,#11618,#11619,#11620),(#11621,
#11622,#11623,#11624,#11625,#11626)),.UNSPECIFIED.,.F.,.F.,.F.,(4,1,4),
(4,1,1,4),(0.,0.5,1.),(4.09908732471561E-17,0.0334802397987961,0.0478289139982801,
0.0669604795975921),.UNSPECIFIED.);
#177=B_SPLINE_SURFACE_WITH_KNOTS('',3,3,((#11637,#11638,#11639,#11640,#11641),
(#11642,#11643,#11644,#11645,#11646),(#11647,#11648,#11649,#11650,#11651),
(#11652,#11653,#11654,#11655,#11656),(#11657,#11658,#11659,#11660,#11661)),
 .UNSPECIFIED.,.F.,.F.,.F.,(4,1,4),(4,1,4),(0.,0.5,1.),(5.77778983316171E-34,
0.0324289404690664,0.0648578809381328),.UNSPECIFIED.);
#178=B_SPLINE_SURFACE_WITH_KNOTS('',3,3,((#11720,#11721,#11722,#11723,#11724,
#11725),(#11726,#11727,#11728,#11729,#11730,#11731),(#11732,#11733,#11734,
#11735,#11736,#11737),(#11738,#11739,#11740,#11741,#11742,#11743),(#11744,
#11745,#11746,#11747,#11748,#11749)),.UNSPECIFIED.,.F.,.F.,.F.,(4,1,4),
(4,1,1,4),(0.,0.5,1.),(0.,0.0143485857820871,0.0334800334915365,0.066960066983073),
 .UNSPECIFIED.);
#179=B_SPLINE_SURFACE_WITH_KNOTS('',3,3,((#11760,#11761,#11762,#11763,#11764),
(#11765,#11766,#11767,#11768,#11769),(#11770,#11771,#11772,#11773,#11774),
(#11775,#11776,#11777,#11778,#11779),(#11780,#11781,#11782,#11783,#11784)),
 .UNSPECIFIED.,.F.,.F.,.F.,(4,1,4),(4,1,4),(0.,0.5,1.),(0.,0.0324290177922531,
0.0648580355845063),.UNSPECIFIED.);
#180=LINE('',#9316,#403);
#181=LINE('',#9317,#404);
#182=LINE('',#9328,#405);
#183=LINE('',#9329,#406);
#184=LINE('',#9346,#407);
#185=LINE('',#9347,#408);
#186=LINE('',#9411,#409);
#187=LINE('',#9412,#410);
#188=LINE('',#9415,#411);
#189=LINE('',#9423,#412);
#190=LINE('',#9426,#413);
#191=LINE('',#9427,#414);
#192=LINE('',#9430,#415);
#193=LINE('',#9439,#416);
#194=LINE('',#9441,#417);
#195=LINE('',#9449,#418);
#196=LINE('',#9450,#419);
#197=LINE('',#9503,#420);
#198=LINE('',#9504,#421);
#199=LINE('',#9515,#422);
#200=LINE('',#9516,#423);
#201=LINE('',#9526,#424);
#202=LINE('',#9527,#425);
#203=LINE('',#9585,#426);
#204=LINE('',#9588,#427);
#205=LINE('',#9590,#428);
#206=LINE('',#9598,#429);
#207=LINE('',#9599,#430);
#208=LINE('',#9695,#431);
#209=LINE('',#9696,#432);
#210=LINE('',#9707,#433);
#211=LINE('',#9708,#434);
#212=LINE('',#9719,#435);
#213=LINE('',#9720,#436);
#214=LINE('',#9739,#437);
#215=LINE('',#9740,#438);
#216=LINE('',#9751,#439);
#217=LINE('',#9752,#440);
#218=LINE('',#9763,#441);
#219=LINE('',#9764,#442);
#220=LINE('',#9783,#443);
#221=LINE('',#9784,#444);
#222=LINE('',#9795,#445);
#223=LINE('',#9796,#446);
#224=LINE('',#9807,#447);
#225=LINE('',#9808,#448);
#226=LINE('',#9827,#449);
#227=LINE('',#9828,#450);
#228=LINE('',#9839,#451);
#229=LINE('',#9840,#452);
#230=LINE('',#9848,#453);
#231=LINE('',#9849,#454);
#232=LINE('',#9852,#455);
#233=LINE('',#9854,#456);
#234=LINE('',#9855,#457);
#235=LINE('',#9858,#458);
#236=LINE('',#9862,#459);
#237=LINE('',#9863,#460);
#238=LINE('',#9866,#461);
#239=LINE('',#9870,#462);
#240=LINE('',#9871,#463);
#241=LINE('',#9874,#464);
#242=LINE('',#9878,#465);
#243=LINE('',#9879,#466);
#244=LINE('',#9882,#467);
#245=LINE('',#9886,#468);
#246=LINE('',#9887,#469);
#247=LINE('',#9890,#470);
#248=LINE('',#9894,#471);
#249=LINE('',#9895,#472);
#250=LINE('',#9898,#473);
#251=LINE('',#9903,#474);
#252=LINE('',#9905,#475);
#253=LINE('',#9907,#476);
#254=LINE('',#9908,#477);
#255=LINE('',#9929,#478);
#256=LINE('',#9930,#479);
#257=LINE('',#9946,#480);
#258=LINE('',#9954,#481);
#259=LINE('',#9962,#482);
#260=LINE('',#9978,#483);
#261=LINE('',#9986,#484);
#262=LINE('',#9994,#485);
#263=LINE('',#10013,#486);
#264=LINE('',#10014,#487);
#265=LINE('',#10025,#488);
#266=LINE('',#10026,#489);
#267=LINE('',#10037,#490);
#268=LINE('',#10038,#491);
#269=LINE('',#10057,#492);
#270=LINE('',#10058,#493);
#271=LINE('',#10066,#494);
#272=LINE('',#10067,#495);
#273=LINE('',#10069,#496);
#274=LINE('',#10071,#497);
#275=LINE('',#10073,#498);
#276=LINE('',#10075,#499);
#277=LINE('',#10077,#500);
#278=LINE('',#10079,#501);
#279=LINE('',#10081,#502);
#280=LINE('',#10083,#503);
#281=LINE('',#10085,#504);
#282=LINE('',#10087,#505);
#283=LINE('',#10089,#506);
#284=LINE('',#10093,#507);
#285=LINE('',#10095,#508);
#286=LINE('',#10097,#509);
#287=LINE('',#10098,#510);
#288=LINE('',#10116,#511);
#289=LINE('',#10126,#512);
#290=LINE('',#10136,#513);
#291=LINE('',#10146,#514);
#292=LINE('',#10175,#515);
#293=LINE('',#10176,#516);
#294=LINE('',#10184,#517);
#295=LINE('',#10185,#518);
#296=LINE('',#10189,#519);
#297=LINE('',#10200,#520);
#298=LINE('',#10201,#521);
#299=LINE('',#10210,#522);
#300=LINE('',#10226,#523);
#301=LINE('',#10237,#524);
#302=LINE('',#10238,#525);
#303=LINE('',#10245,#526);
#304=LINE('',#10247,#527);
#305=LINE('',#10249,#528);
#306=LINE('',#10253,#529);
#307=LINE('',#10264,#530);
#308=LINE('',#10265,#531);
#309=LINE('',#10274,#532);
#310=LINE('',#10290,#533);
#311=LINE('',#10301,#534);
#312=LINE('',#10302,#535);
#313=LINE('',#10309,#536);
#314=LINE('',#10311,#537);
#315=LINE('',#10312,#538);
#316=LINE('',#10314,#539);
#317=LINE('',#10316,#540);
#318=LINE('',#10319,#541);
#319=LINE('',#10321,#542);
#320=LINE('',#10324,#543);
#321=LINE('',#10326,#544);
#322=LINE('',#10330,#545);
#323=LINE('',#10331,#546);
#324=LINE('',#10334,#547);
#325=LINE('',#10335,#548);
#326=LINE('',#10347,#549);
#327=LINE('',#10376,#550);
#328=LINE('',#10379,#551);
#329=LINE('',#10382,#552);
#330=LINE('',#10397,#553);
#331=LINE('',#10424,#554);
#332=LINE('',#10427,#555);
#333=LINE('',#10430,#556);
#334=LINE('',#10445,#557);
#335=LINE('',#10473,#558);
#336=LINE('',#10476,#559);
#337=LINE('',#10479,#560);
#338=LINE('',#10494,#561);
#339=LINE('',#10521,#562);
#340=LINE('',#10524,#563);
#341=LINE('',#10527,#564);
#342=LINE('',#10542,#565);
#343=LINE('',#10549,#566);
#344=LINE('',#10559,#567);
#345=LINE('',#10569,#568);
#346=LINE('',#10581,#569);
#347=LINE('',#10604,#570);
#348=LINE('',#10621,#571);
#349=LINE('',#10625,#572);
#350=LINE('',#10634,#573);
#351=LINE('',#10644,#574);
#352=LINE('',#10838,#575);
#353=LINE('',#10856,#576);
#354=LINE('',#10873,#577);
#355=LINE('',#10876,#578);
#356=LINE('',#10878,#579);
#357=LINE('',#10880,#580);
#358=LINE('',#10882,#581);
#359=LINE('',#10884,#582);
#360=LINE('',#10894,#583);
#361=LINE('',#10916,#584);
#362=LINE('',#10933,#585);
#363=LINE('',#10937,#586);
#364=LINE('',#10954,#587);
#365=LINE('',#10956,#588);
#366=LINE('',#11152,#589);
#367=LINE('',#11170,#590);
#368=LINE('',#11187,#591);
#369=LINE('',#11190,#592);
#370=LINE('',#11192,#593);
#371=LINE('',#11194,#594);
#372=LINE('',#11196,#595);
#373=LINE('',#11198,#596);
#374=LINE('',#11208,#597);
#375=LINE('',#11240,#598);
#376=LINE('',#11243,#599);
#377=LINE('',#11247,#600);
#378=LINE('',#11264,#601);
#379=LINE('',#11267,#602);
#380=LINE('',#11447,#603);
#381=LINE('',#11454,#604);
#382=LINE('',#11481,#605);
#383=LINE('',#11485,#606);
#384=LINE('',#11504,#607);
#385=LINE('',#11506,#608);
#386=LINE('',#11508,#609);
#387=LINE('',#11510,#610);
#388=LINE('',#11522,#611);
#389=LINE('',#11534,#612);
#390=LINE('',#11560,#613);
#391=LINE('',#11564,#614);
#392=LINE('',#11581,#615);
#393=LINE('',#11585,#616);
#394=LINE('',#11595,#617);
#395=LINE('',#11709,#618);
#396=LINE('',#11812,#619);
#397=LINE('',#11814,#620);
#398=LINE('',#11828,#621);
#399=LINE('',#11830,#622);
#400=LINE('',#11832,#623);
#401=LINE('',#11834,#624);
#402=LINE('',#11841,#625);
#403=VECTOR('',#7069,10.);
#404=VECTOR('',#7070,10.);
#405=VECTOR('',#7083,10.);
#406=VECTOR('',#7084,10.);
#407=VECTOR('',#7105,10.);
#408=VECTOR('',#7106,10.);
#409=VECTOR('',#7113,10.);
#410=VECTOR('',#7114,10.);
#411=VECTOR('',#7117,10.);
#412=VECTOR('',#7120,10.);
#413=VECTOR('',#7123,10.);
#414=VECTOR('',#7124,10.);
#415=VECTOR('',#7127,10.);
#416=VECTOR('',#7132,10.);
#417=VECTOR('',#7133,10.);
#418=VECTOR('',#7140,10.);
#419=VECTOR('',#7141,10.);
#420=VECTOR('',#7196,10.);
#421=VECTOR('',#7197,10.);
#422=VECTOR('',#7210,10.);
#423=VECTOR('',#7211,10.);
#424=VECTOR('',#7224,10.);
#425=VECTOR('',#7225,10.);
#426=VECTOR('',#7238,10.);
#427=VECTOR('',#7241,10.);
#428=VECTOR('',#7242,10.);
#429=VECTOR('',#7249,10.);
#430=VECTOR('',#7250,10.);
#431=VECTOR('',#7337,10.);
#432=VECTOR('',#7338,10.);
#433=VECTOR('',#7351,10.);
#434=VECTOR('',#7352,10.);
#435=VECTOR('',#7365,10.);
#436=VECTOR('',#7366,10.);
#437=VECTOR('',#7377,10.);
#438=VECTOR('',#7378,10.);
#439=VECTOR('',#7391,10.);
#440=VECTOR('',#7392,10.);
#441=VECTOR('',#7405,10.);
#442=VECTOR('',#7406,10.);
#443=VECTOR('',#7417,10.);
#444=VECTOR('',#7418,10.);
#445=VECTOR('',#7431,10.);
#446=VECTOR('',#7432,10.);
#447=VECTOR('',#7445,10.);
#448=VECTOR('',#7446,10.);
#449=VECTOR('',#7457,10.);
#450=VECTOR('',#7458,10.);
#451=VECTOR('',#7471,10.);
#452=VECTOR('',#7472,10.);
#453=VECTOR('',#7483,10.);
#454=VECTOR('',#7484,10.);
#455=VECTOR('',#7487,10.);
#456=VECTOR('',#7488,10.);
#457=VECTOR('',#7489,10.);
#458=VECTOR('',#7492,10.);
#459=VECTOR('',#7497,10.);
#460=VECTOR('',#7498,10.);
#461=VECTOR('',#7501,10.);
#462=VECTOR('',#7506,10.);
#463=VECTOR('',#7507,10.);
#464=VECTOR('',#7510,10.);
#465=VECTOR('',#7515,10.);
#466=VECTOR('',#7516,10.);
#467=VECTOR('',#7519,10.);
#468=VECTOR('',#7524,10.);
#469=VECTOR('',#7525,10.);
#470=VECTOR('',#7528,10.);
#471=VECTOR('',#7533,10.);
#472=VECTOR('',#7534,10.);
#473=VECTOR('',#7537,10.);
#474=VECTOR('',#7542,10.);
#475=VECTOR('',#7543,10.);
#476=VECTOR('',#7544,10.);
#477=VECTOR('',#7545,10.);
#478=VECTOR('',#7568,10.);
#479=VECTOR('',#7569,10.);
#480=VECTOR('',#7578,10.);
#481=VECTOR('',#7589,10.);
#482=VECTOR('',#7600,10.);
#483=VECTOR('',#7609,10.);
#484=VECTOR('',#7620,10.);
#485=VECTOR('',#7631,10.);
#486=VECTOR('',#7642,10.);
#487=VECTOR('',#7643,10.);
#488=VECTOR('',#7656,10.);
#489=VECTOR('',#7657,10.);
#490=VECTOR('',#7670,10.);
#491=VECTOR('',#7671,10.);
#492=VECTOR('',#7682,10.);
#493=VECTOR('',#7683,10.);
#494=VECTOR('',#7694,10.);
#495=VECTOR('',#7695,10.);
#496=VECTOR('',#7698,10.);
#497=VECTOR('',#7701,10.);
#498=VECTOR('',#7704,10.);
#499=VECTOR('',#7707,10.);
#500=VECTOR('',#7710,10.);
#501=VECTOR('',#7713,10.);
#502=VECTOR('',#7716,10.);
#503=VECTOR('',#7719,10.);
#504=VECTOR('',#7722,10.);
#505=VECTOR('',#7725,10.);
#506=VECTOR('',#7728,10.);
#507=VECTOR('',#7731,10.);
#508=VECTOR('',#7732,10.);
#509=VECTOR('',#7733,10.);
#510=VECTOR('',#7734,10.);
#511=VECTOR('',#7755,1.);
#512=VECTOR('',#7768,1.);
#513=VECTOR('',#7781,1.);
#514=VECTOR('',#7794,1.);
#515=VECTOR('',#7839,10.);
#516=VECTOR('',#7840,10.);
#517=VECTOR('',#7851,10.);
#518=VECTOR('',#7852,10.);
#519=VECTOR('',#7857,10.);
#520=VECTOR('',#7870,10.);
#521=VECTOR('',#7871,10.);
#522=VECTOR('',#7884,10.);
#523=VECTOR('',#7907,10.);
#524=VECTOR('',#7920,10.);
#525=VECTOR('',#7921,10.);
#526=VECTOR('',#7932,10.);
#527=VECTOR('',#7935,10.);
#528=VECTOR('',#7938,10.);
#529=VECTOR('',#7943,10.);
#530=VECTOR('',#7956,10.);
#531=VECTOR('',#7957,10.);
#532=VECTOR('',#7970,10.);
#533=VECTOR('',#7993,10.);
#534=VECTOR('',#8006,10.);
#535=VECTOR('',#8007,10.);
#536=VECTOR('',#8018,10.);
#537=VECTOR('',#8021,10.);
#538=VECTOR('',#8022,10.);
#539=VECTOR('',#8025,10.);
#540=VECTOR('',#8028,10.);
#541=VECTOR('',#8033,10.);
#542=VECTOR('',#8036,10.);
#543=VECTOR('',#8041,10.);
#544=VECTOR('',#8044,10.);
#545=VECTOR('',#8051,10.);
#546=VECTOR('',#8052,10.);
#547=VECTOR('',#8057,10.);
#548=VECTOR('',#8058,10.);
#549=VECTOR('',#8075,12.5);
#550=VECTOR('',#8114,10.);
#551=VECTOR('',#8117,10.);
#552=VECTOR('',#8120,10.);
#553=VECTOR('',#8147,10.);
#554=VECTOR('',#8182,10.);
#555=VECTOR('',#8185,10.);
#556=VECTOR('',#8188,10.);
#557=VECTOR('',#8215,10.);
#558=VECTOR('',#8252,10.);
#559=VECTOR('',#8255,10.);
#560=VECTOR('',#8258,10.);
#561=VECTOR('',#8285,10.);
#562=VECTOR('',#8320,10.);
#563=VECTOR('',#8323,10.);
#564=VECTOR('',#8326,10.);
#565=VECTOR('',#8353,10.);
#566=VECTOR('',#8362,1.4);
#567=VECTOR('',#8375,1.4);
#568=VECTOR('',#8388,1.4);
#569=VECTOR('',#8403,1.4);
#570=VECTOR('',#8434,10.);
#571=VECTOR('',#8437,10.);
#572=VECTOR('',#8440,10.);
#573=VECTOR('',#8443,2.7);
#574=VECTOR('',#8446,10.);
#575=VECTOR('',#8533,10.);
#576=VECTOR('',#8562,10.);
#577=VECTOR('',#8589,10.);
#578=VECTOR('',#8594,10.);
#579=VECTOR('',#8597,10.);
#580=VECTOR('',#8600,10.);
#581=VECTOR('',#8603,10.);
#582=VECTOR('',#8606,10.);
#583=VECTOR('',#8621,1.4);
#584=VECTOR('',#8648,10.);
#585=VECTOR('',#8651,10.);
#586=VECTOR('',#8654,10.);
#587=VECTOR('',#8657,10.);
#588=VECTOR('',#8660,2.7);
#589=VECTOR('',#8751,10.);
#590=VECTOR('',#8780,10.);
#591=VECTOR('',#8807,10.);
#592=VECTOR('',#8812,10.);
#593=VECTOR('',#8815,10.);
#594=VECTOR('',#8818,10.);
#595=VECTOR('',#8821,10.);
#596=VECTOR('',#8824,10.);
#597=VECTOR('',#8839,1.4);
#598=VECTOR('',#8862,10.);
#599=VECTOR('',#8865,2.7);
#600=VECTOR('',#8868,10.);
#601=VECTOR('',#8871,10.);
#602=VECTOR('',#8874,10.);
#603=VECTOR('',#8939,10.);
#604=VECTOR('',#8950,10.);
#605=VECTOR('',#8993,10.);
#606=VECTOR('',#9000,10.);
#607=VECTOR('',#9029,10.);
#608=VECTOR('',#9032,10.);
#609=VECTOR('',#9035,10.);
#610=VECTOR('',#9038,10.);
#611=VECTOR('',#9057,1.4);
#612=VECTOR('',#9074,1.4);
#613=VECTOR('',#9099,10.);
#614=VECTOR('',#9102,10.);
#615=VECTOR('',#9105,10.);
#616=VECTOR('',#9108,10.);
#617=VECTOR('',#9111,2.7);
#618=VECTOR('',#9182,10.);
#619=VECTOR('',#9235,10.);
#620=VECTOR('',#9238,10.);
#621=VECTOR('',#9261,10.);
#622=VECTOR('',#9264,10.);
#623=VECTOR('',#9267,10.);
#624=VECTOR('',#9270,10.);
#625=VECTOR('',#9283,10.);
#626=CYLINDRICAL_SURFACE('',#6046,0.5);
#627=CYLINDRICAL_SURFACE('',#6052,0.5);
#628=CYLINDRICAL_SURFACE('',#6063,0.5);
#629=CYLINDRICAL_SURFACE('',#6066,0.5);
#630=CYLINDRICAL_SURFACE('',#6067,2.);
#631=CYLINDRICAL_SURFACE('',#6070,2.);
#632=CYLINDRICAL_SURFACE('',#6101,0.5);
#633=CYLINDRICAL_SURFACE('',#6107,0.5);
#634=CYLINDRICAL_SURFACE('',#6113,0.5);
#635=CYLINDRICAL_SURFACE('',#6120,0.5);
#636=CYLINDRICAL_SURFACE('',#6166,0.5);
#637=CYLINDRICAL_SURFACE('',#6172,0.5);
#638=CYLINDRICAL_SURFACE('',#6178,0.5);
#639=CYLINDRICAL_SURFACE('',#6183,0.5);
#640=CYLINDRICAL_SURFACE('',#6189,0.5);
#641=CYLINDRICAL_SURFACE('',#6195,0.5);
#642=CYLINDRICAL_SURFACE('',#6200,0.5);
#643=CYLINDRICAL_SURFACE('',#6206,0.5);
#644=CYLINDRICAL_SURFACE('',#6212,0.5);
#645=CYLINDRICAL_SURFACE('',#6217,0.5);
#646=CYLINDRICAL_SURFACE('',#6223,0.5);
#647=CYLINDRICAL_SURFACE('',#6229,0.5);
#648=CYLINDRICAL_SURFACE('',#6231,1.);
#649=CYLINDRICAL_SURFACE('',#6234,1.);
#650=CYLINDRICAL_SURFACE('',#6237,1.);
#651=CYLINDRICAL_SURFACE('',#6240,1.);
#652=CYLINDRICAL_SURFACE('',#6243,1.);
#653=CYLINDRICAL_SURFACE('',#6246,1.);
#654=CYLINDRICAL_SURFACE('',#6258,0.5);
#655=CYLINDRICAL_SURFACE('',#6262,0.5);
#656=CYLINDRICAL_SURFACE('',#6267,0.5);
#657=CYLINDRICAL_SURFACE('',#6272,0.5);
#658=CYLINDRICAL_SURFACE('',#6276,0.5);
#659=CYLINDRICAL_SURFACE('',#6281,0.5);
#660=CYLINDRICAL_SURFACE('',#6286,0.5);
#661=CYLINDRICAL_SURFACE('',#6291,0.5);
#662=CYLINDRICAL_SURFACE('',#6297,0.5);
#663=CYLINDRICAL_SURFACE('',#6303,0.5);
#664=CYLINDRICAL_SURFACE('',#6308,0.5);
#665=CYLINDRICAL_SURFACE('',#6314,0.5);
#666=CYLINDRICAL_SURFACE('',#6315,1.);
#667=CYLINDRICAL_SURFACE('',#6317,1.);
#668=CYLINDRICAL_SURFACE('',#6319,1.);
#669=CYLINDRICAL_SURFACE('',#6321,1.);
#670=CYLINDRICAL_SURFACE('',#6323,1.);
#671=CYLINDRICAL_SURFACE('',#6325,1.);
#672=CYLINDRICAL_SURFACE('',#6336,1.);
#673=CYLINDRICAL_SURFACE('',#6342,1.);
#674=CYLINDRICAL_SURFACE('',#6348,1.);
#675=CYLINDRICAL_SURFACE('',#6354,1.);
#676=CYLINDRICAL_SURFACE('',#6376,0.6);
#677=CYLINDRICAL_SURFACE('',#6381,0.6);
#678=CYLINDRICAL_SURFACE('',#6382,0.6);
#679=CYLINDRICAL_SURFACE('',#6388,0.6);
#680=CYLINDRICAL_SURFACE('',#6394,0.6);
#681=CYLINDRICAL_SURFACE('',#6405,0.6);
#682=CYLINDRICAL_SURFACE('',#6411,0.6);
#683=CYLINDRICAL_SURFACE('',#6417,0.6);
#684=CYLINDRICAL_SURFACE('',#6418,0.6);
#685=CYLINDRICAL_SURFACE('',#6419,0.6);
#686=CYLINDRICAL_SURFACE('',#6420,0.6);
#687=CYLINDRICAL_SURFACE('',#6426,0.6);
#688=CYLINDRICAL_SURFACE('',#6432,0.6);
#689=CYLINDRICAL_SURFACE('',#6443,0.6);
#690=CYLINDRICAL_SURFACE('',#6449,0.6);
#691=CYLINDRICAL_SURFACE('',#6455,0.6);
#692=CYLINDRICAL_SURFACE('',#6456,2.);
#693=CYLINDRICAL_SURFACE('',#6457,23.32);
#694=CYLINDRICAL_SURFACE('',#6458,2.);
#695=CYLINDRICAL_SURFACE('',#6460,8.);
#696=CYLINDRICAL_SURFACE('',#6462,2.);
#697=CYLINDRICAL_SURFACE('',#6463,8.);
#698=CYLINDRICAL_SURFACE('',#6465,8.);
#699=CYLINDRICAL_SURFACE('',#6467,2.);
#700=CYLINDRICAL_SURFACE('',#6469,2.);
#701=CYLINDRICAL_SURFACE('',#6475,12.5);
#702=CYLINDRICAL_SURFACE('',#6496,20.7);
#703=CYLINDRICAL_SURFACE('',#6498,1.00000000000001);
#704=CYLINDRICAL_SURFACE('',#6511,1.00000000000001);
#705=CYLINDRICAL_SURFACE('',#6528,1.00000000000001);
#706=CYLINDRICAL_SURFACE('',#6530,18.7);
#707=CYLINDRICAL_SURFACE('',#6543,20.7);
#708=CYLINDRICAL_SURFACE('',#6544,1.00000000000001);
#709=CYLINDRICAL_SURFACE('',#6561,18.7);
#710=CYLINDRICAL_SURFACE('',#6563,1.00000000000001);
#711=CYLINDRICAL_SURFACE('',#6576,1.00000000000001);
#712=CYLINDRICAL_SURFACE('',#6593,18.7);
#713=CYLINDRICAL_SURFACE('',#6595,1.00000000000001);
#714=CYLINDRICAL_SURFACE('',#6608,1.00000000000001);
#715=CYLINDRICAL_SURFACE('',#6612,1.4);
#716=CYLINDRICAL_SURFACE('',#6618,1.4);
#717=CYLINDRICAL_SURFACE('',#6624,1.4);
#718=CYLINDRICAL_SURFACE('',#6631,1.4);
#719=CYLINDRICAL_SURFACE('',#6645,2.7);
#720=CYLINDRICAL_SURFACE('',#6693,0.2);
#721=CYLINDRICAL_SURFACE('',#6707,0.2);
#722=CYLINDRICAL_SURFACE('',#6720,0.2);
#723=CYLINDRICAL_SURFACE('',#6722,0.2);
#724=CYLINDRICAL_SURFACE('',#6723,20.9);
#725=CYLINDRICAL_SURFACE('',#6724,1.2);
#726=CYLINDRICAL_SURFACE('',#6725,18.5);
#727=CYLINDRICAL_SURFACE('',#6726,1.2);
#728=CYLINDRICAL_SURFACE('',#6732,1.4);
#729=CYLINDRICAL_SURFACE('',#6745,2.7);
#730=CYLINDRICAL_SURFACE('',#6795,0.2);
#731=CYLINDRICAL_SURFACE('',#6809,0.2);
#732=CYLINDRICAL_SURFACE('',#6822,0.2);
#733=CYLINDRICAL_SURFACE('',#6824,0.2);
#734=CYLINDRICAL_SURFACE('',#6825,20.9);
#735=CYLINDRICAL_SURFACE('',#6826,1.2);
#736=CYLINDRICAL_SURFACE('',#6827,18.5);
#737=CYLINDRICAL_SURFACE('',#6828,1.2);
#738=CYLINDRICAL_SURFACE('',#6834,1.4);
#739=CYLINDRICAL_SURFACE('',#6845,2.7);
#740=CYLINDRICAL_SURFACE('',#6882,0.2);
#741=CYLINDRICAL_SURFACE('',#6887,0.2);
#742=CYLINDRICAL_SURFACE('',#6908,0.2);
#743=CYLINDRICAL_SURFACE('',#6911,0.2);
#744=CYLINDRICAL_SURFACE('',#6925,18.5);
#745=CYLINDRICAL_SURFACE('',#6926,1.2);
#746=CYLINDRICAL_SURFACE('',#6927,20.9);
#747=CYLINDRICAL_SURFACE('',#6928,1.2);
#748=CYLINDRICAL_SURFACE('',#6936,1.4);
#749=CYLINDRICAL_SURFACE('',#6945,1.4);
#750=CYLINDRICAL_SURFACE('',#6957,2.7);
#751=CYLINDRICAL_SURFACE('',#6996,0.2);
#752=CYLINDRICAL_SURFACE('',#7022,0.2);
#753=CYLINDRICAL_SURFACE('',#7023,0.2);
#754=CYLINDRICAL_SURFACE('',#7034,0.2);
#755=CYLINDRICAL_SURFACE('',#7035,18.5);
#756=CYLINDRICAL_SURFACE('',#7036,1.2);
#757=CYLINDRICAL_SURFACE('',#7037,18.5);
#758=CYLINDRICAL_SURFACE('',#7040,18.5);
#759=CYLINDRICAL_SURFACE('',#7041,18.5);
#760=CYLINDRICAL_SURFACE('',#7042,18.5);
#761=CYLINDRICAL_SURFACE('',#7043,20.9);
#762=CYLINDRICAL_SURFACE('',#7044,20.7);
#763=CYLINDRICAL_SURFACE('',#7045,18.7);
#764=CYLINDRICAL_SURFACE('',#7046,20.7);
#765=CYLINDRICAL_SURFACE('',#7047,20.9);
#766=CYLINDRICAL_SURFACE('',#7048,20.9);
#767=CYLINDRICAL_SURFACE('',#7049,20.9);
#768=CYLINDRICAL_SURFACE('',#7050,1.2);
#769=CYLINDRICAL_SURFACE('',#7051,20.9);
#770=FACE_OUTER_BOUND('',#1171,.T.);
#771=FACE_OUTER_BOUND('',#1172,.T.);
#772=FACE_OUTER_BOUND('',#1173,.T.);
#773=FACE_OUTER_BOUND('',#1174,.T.);
#774=FACE_OUTER_BOUND('',#1175,.T.);
#775=FACE_OUTER_BOUND('',#1176,.T.);
#776=FACE_OUTER_BOUND('',#1177,.T.);
#777=FACE_OUTER_BOUND('',#1178,.T.);
#778=FACE_OUTER_BOUND('',#1179,.T.);
#779=FACE_OUTER_BOUND('',#1180,.T.);
#780=FACE_OUTER_BOUND('',#1181,.T.);
#781=FACE_OUTER_BOUND('',#1182,.T.);
#782=FACE_OUTER_BOUND('',#1183,.T.);
#783=FACE_OUTER_BOUND('',#1184,.T.);
#784=FACE_OUTER_BOUND('',#1194,.T.);
#785=FACE_OUTER_BOUND('',#1195,.T.);
#786=FACE_OUTER_BOUND('',#1196,.T.);
#787=FACE_OUTER_BOUND('',#1197,.T.);
#788=FACE_OUTER_BOUND('',#1198,.T.);
#789=FACE_OUTER_BOUND('',#1199,.T.);
#790=FACE_OUTER_BOUND('',#1200,.T.);
#791=FACE_OUTER_BOUND('',#1201,.T.);
#792=FACE_OUTER_BOUND('',#1202,.T.);
#793=FACE_OUTER_BOUND('',#1203,.T.);
#794=FACE_OUTER_BOUND('',#1204,.T.);
#795=FACE_OUTER_BOUND('',#1214,.T.);
#796=FACE_OUTER_BOUND('',#1215,.T.);
#797=FACE_OUTER_BOUND('',#1216,.T.);
#798=FACE_OUTER_BOUND('',#1217,.T.);
#799=FACE_OUTER_BOUND('',#1218,.T.);
#800=FACE_OUTER_BOUND('',#1219,.T.);
#801=FACE_OUTER_BOUND('',#1220,.T.);
#802=FACE_OUTER_BOUND('',#1221,.T.);
#803=FACE_OUTER_BOUND('',#1222,.T.);
#804=FACE_OUTER_BOUND('',#1223,.T.);
#805=FACE_OUTER_BOUND('',#1224,.T.);
#806=FACE_OUTER_BOUND('',#1225,.T.);
#807=FACE_OUTER_BOUND('',#1226,.T.);
#808=FACE_OUTER_BOUND('',#1227,.T.);
#809=FACE_OUTER_BOUND('',#1228,.T.);
#810=FACE_OUTER_BOUND('',#1229,.T.);
#811=FACE_OUTER_BOUND('',#1230,.T.);
#812=FACE_OUTER_BOUND('',#1231,.T.);
#813=FACE_OUTER_BOUND('',#1232,.T.);
#814=FACE_OUTER_BOUND('',#1233,.T.);
#815=FACE_OUTER_BOUND('',#1234,.T.);
#816=FACE_OUTER_BOUND('',#1235,.T.);
#817=FACE_OUTER_BOUND('',#1236,.T.);
#818=FACE_OUTER_BOUND('',#1237,.T.);
#819=FACE_OUTER_BOUND('',#1238,.T.);
#820=FACE_OUTER_BOUND('',#1239,.T.);
#821=FACE_OUTER_BOUND('',#1240,.T.);
#822=FACE_OUTER_BOUND('',#1241,.T.);
#823=FACE_OUTER_BOUND('',#1242,.T.);
#824=FACE_OUTER_BOUND('',#1243,.T.);
#825=FACE_OUTER_BOUND('',#1244,.T.);
#826=FACE_OUTER_BOUND('',#1245,.T.);
#827=FACE_OUTER_BOUND('',#1246,.T.);
#828=FACE_OUTER_BOUND('',#1247,.T.);
#829=FACE_OUTER_BOUND('',#1248,.T.);
#830=FACE_OUTER_BOUND('',#1249,.T.);
#831=FACE_OUTER_BOUND('',#1250,.T.);
#832=FACE_OUTER_BOUND('',#1256,.T.);
#833=FACE_OUTER_BOUND('',#1257,.T.);
#834=FACE_OUTER_BOUND('',#1258,.T.);
#835=FACE_OUTER_BOUND('',#1259,.T.);
#836=FACE_OUTER_BOUND('',#1260,.T.);
#837=FACE_OUTER_BOUND('',#1261,.T.);
#838=FACE_OUTER_BOUND('',#1262,.T.);
#839=FACE_OUTER_BOUND('',#1263,.T.);
#840=FACE_OUTER_BOUND('',#1264,.T.);
#841=FACE_OUTER_BOUND('',#1265,.T.);
#842=FACE_OUTER_BOUND('',#1266,.T.);
#843=FACE_OUTER_BOUND('',#1267,.T.);
#844=FACE_OUTER_BOUND('',#1268,.T.);
#845=FACE_OUTER_BOUND('',#1269,.T.);
#846=FACE_OUTER_BOUND('',#1270,.T.);
#847=FACE_OUTER_BOUND('',#1271,.T.);
#848=FACE_OUTER_BOUND('',#1272,.T.);
#849=FACE_OUTER_BOUND('',#1273,.T.);
#850=FACE_OUTER_BOUND('',#1274,.T.);
#851=FACE_OUTER_BOUND('',#1275,.T.);
#852=FACE_OUTER_BOUND('',#1276,.T.);
#853=FACE_OUTER_BOUND('',#1277,.T.);
#854=FACE_OUTER_BOUND('',#1278,.T.);
#855=FACE_OUTER_BOUND('',#1279,.T.);
#856=FACE_OUTER_BOUND('',#1280,.T.);
#857=FACE_OUTER_BOUND('',#1281,.T.);
#858=FACE_OUTER_BOUND('',#1282,.T.);
#859=FACE_OUTER_BOUND('',#1283,.T.);
#860=FACE_OUTER_BOUND('',#1284,.T.);
#861=FACE_OUTER_BOUND('',#1285,.T.);
#862=FACE_OUTER_BOUND('',#1286,.T.);
#863=FACE_OUTER_BOUND('',#1287,.T.);
#864=FACE_OUTER_BOUND('',#1288,.T.);
#865=FACE_OUTER_BOUND('',#1289,.T.);
#866=FACE_OUTER_BOUND('',#1290,.T.);
#867=FACE_OUTER_BOUND('',#1291,.T.);
#868=FACE_OUTER_BOUND('',#1297,.T.);
#869=FACE_OUTER_BOUND('',#1298,.T.);
#870=FACE_OUTER_BOUND('',#1299,.T.);
#871=FACE_OUTER_BOUND('',#1300,.T.);
#872=FACE_OUTER_BOUND('',#1301,.T.);
#873=FACE_OUTER_BOUND('',#1302,.T.);
#874=FACE_OUTER_BOUND('',#1303,.T.);
#875=FACE_OUTER_BOUND('',#1304,.T.);
#876=FACE_OUTER_BOUND('',#1305,.T.);
#877=FACE_OUTER_BOUND('',#1306,.T.);
#878=FACE_OUTER_BOUND('',#1307,.T.);
#879=FACE_OUTER_BOUND('',#1308,.T.);
#880=FACE_OUTER_BOUND('',#1309,.T.);
#881=FACE_OUTER_BOUND('',#1310,.T.);
#882=FACE_OUTER_BOUND('',#1311,.T.);
#883=FACE_OUTER_BOUND('',#1312,.T.);
#884=FACE_OUTER_BOUND('',#1313,.T.);
#885=FACE_OUTER_BOUND('',#1314,.T.);
#886=FACE_OUTER_BOUND('',#1315,.T.);
#887=FACE_OUTER_BOUND('',#1316,.T.);
#888=FACE_OUTER_BOUND('',#1317,.T.);
#889=FACE_OUTER_BOUND('',#1318,.T.);
#890=FACE_OUTER_BOUND('',#1319,.T.);
#891=FACE_OUTER_BOUND('',#1320,.T.);
#892=FACE_OUTER_BOUND('',#1321,.T.);
#893=FACE_OUTER_BOUND('',#1322,.T.);
#894=FACE_OUTER_BOUND('',#1323,.T.);
#895=FACE_OUTER_BOUND('',#1324,.T.);
#896=FACE_OUTER_BOUND('',#1325,.T.);
#897=FACE_OUTER_BOUND('',#1326,.T.);
#898=FACE_OUTER_BOUND('',#1327,.T.);
#899=FACE_OUTER_BOUND('',#1328,.T.);
#900=FACE_OUTER_BOUND('',#1329,.T.);
#901=FACE_OUTER_BOUND('',#1330,.T.);
#902=FACE_OUTER_BOUND('',#1331,.T.);
#903=FACE_OUTER_BOUND('',#1332,.T.);
#904=FACE_OUTER_BOUND('',#1333,.T.);
#905=FACE_OUTER_BOUND('',#1334,.T.);
#906=FACE_OUTER_BOUND('',#1335,.T.);
#907=FACE_OUTER_BOUND('',#1336,.T.);
#908=FACE_OUTER_BOUND('',#1337,.T.);
#909=FACE_OUTER_BOUND('',#1338,.T.);
#910=FACE_OUTER_BOUND('',#1339,.T.);
#911=FACE_OUTER_BOUND('',#1340,.T.);
#912=FACE_OUTER_BOUND('',#1341,.T.);
#913=FACE_OUTER_BOUND('',#1342,.T.);
#914=FACE_OUTER_BOUND('',#1343,.T.);
#915=FACE_OUTER_BOUND('',#1344,.T.);
#916=FACE_OUTER_BOUND('',#1345,.T.);
#917=FACE_OUTER_BOUND('',#1346,.T.);
#918=FACE_OUTER_BOUND('',#1347,.T.);
#919=FACE_OUTER_BOUND('',#1348,.T.);
#920=FACE_OUTER_BOUND('',#1349,.T.);
#921=FACE_OUTER_BOUND('',#1350,.T.);
#922=FACE_OUTER_BOUND('',#1351,.T.);
#923=FACE_OUTER_BOUND('',#1352,.T.);
#924=FACE_OUTER_BOUND('',#1353,.T.);
#925=FACE_OUTER_BOUND('',#1354,.T.);
#926=FACE_OUTER_BOUND('',#1355,.T.);
#927=FACE_OUTER_BOUND('',#1356,.T.);
#928=FACE_OUTER_BOUND('',#1357,.T.);
#929=FACE_OUTER_BOUND('',#1358,.T.);
#930=FACE_OUTER_BOUND('',#1359,.T.);
#931=FACE_OUTER_BOUND('',#1360,.T.);
#932=FACE_OUTER_BOUND('',#1361,.T.);
#933=FACE_OUTER_BOUND('',#1362,.T.);
#934=FACE_OUTER_BOUND('',#1363,.T.);
#935=FACE_OUTER_BOUND('',#1364,.T.);
#936=FACE_OUTER_BOUND('',#1365,.T.);
#937=FACE_OUTER_BOUND('',#1366,.T.);
#938=FACE_OUTER_BOUND('',#1367,.T.);
#939=FACE_OUTER_BOUND('',#1368,.T.);
#940=FACE_OUTER_BOUND('',#1369,.T.);
#941=FACE_OUTER_BOUND('',#1370,.T.);
#942=FACE_OUTER_BOUND('',#1371,.T.);
#943=FACE_OUTER_BOUND('',#1372,.T.);
#944=FACE_OUTER_BOUND('',#1373,.T.);
#945=FACE_OUTER_BOUND('',#1374,.T.);
#946=FACE_OUTER_BOUND('',#1375,.T.);
#947=FACE_OUTER_BOUND('',#1376,.T.);
#948=FACE_OUTER_BOUND('',#1377,.T.);
#949=FACE_OUTER_BOUND('',#1378,.T.);
#950=FACE_OUTER_BOUND('',#1379,.T.);
#951=FACE_OUTER_BOUND('',#1380,.T.);
#952=FACE_OUTER_BOUND('',#1381,.T.);
#953=FACE_OUTER_BOUND('',#1382,.T.);
#954=FACE_OUTER_BOUND('',#1383,.T.);
#955=FACE_OUTER_BOUND('',#1384,.T.);
#956=FACE_OUTER_BOUND('',#1385,.T.);
#957=FACE_OUTER_BOUND('',#1386,.T.);
#958=FACE_OUTER_BOUND('',#1387,.T.);
#959=FACE_OUTER_BOUND('',#1388,.T.);
#960=FACE_OUTER_BOUND('',#1389,.T.);
#961=FACE_OUTER_BOUND('',#1390,.T.);
#962=FACE_OUTER_BOUND('',#1391,.T.);
#963=FACE_OUTER_BOUND('',#1392,.T.);
#964=FACE_OUTER_BOUND('',#1393,.T.);
#965=FACE_OUTER_BOUND('',#1394,.T.);
#966=FACE_OUTER_BOUND('',#1395,.T.);
#967=FACE_OUTER_BOUND('',#1396,.T.);
#968=FACE_OUTER_BOUND('',#1397,.T.);
#969=FACE_OUTER_BOUND('',#1398,.T.);
#970=FACE_OUTER_BOUND('',#1399,.T.);
#971=FACE_OUTER_BOUND('',#1400,.T.);
#972=FACE_OUTER_BOUND('',#1401,.T.);
#973=FACE_OUTER_BOUND('',#1402,.T.);
#974=FACE_OUTER_BOUND('',#1403,.T.);
#975=FACE_OUTER_BOUND('',#1404,.T.);
#976=FACE_OUTER_BOUND('',#1405,.T.);
#977=FACE_OUTER_BOUND('',#1406,.T.);
#978=FACE_OUTER_BOUND('',#1407,.T.);
#979=FACE_OUTER_BOUND('',#1408,.T.);
#980=FACE_OUTER_BOUND('',#1409,.T.);
#981=FACE_OUTER_BOUND('',#1410,.T.);
#982=FACE_OUTER_BOUND('',#1411,.T.);
#983=FACE_OUTER_BOUND('',#1412,.T.);
#984=FACE_OUTER_BOUND('',#1413,.T.);
#985=FACE_OUTER_BOUND('',#1414,.T.);
#986=FACE_OUTER_BOUND('',#1415,.T.);
#987=FACE_OUTER_BOUND('',#1416,.T.);
#988=FACE_OUTER_BOUND('',#1417,.T.);
#989=FACE_OUTER_BOUND('',#1418,.T.);
#990=FACE_OUTER_BOUND('',#1419,.T.);
#991=FACE_OUTER_BOUND('',#1420,.T.);
#992=FACE_OUTER_BOUND('',#1421,.T.);
#993=FACE_OUTER_BOUND('',#1422,.T.);
#994=FACE_OUTER_BOUND('',#1423,.T.);
#995=FACE_OUTER_BOUND('',#1425,.T.);
#996=FACE_OUTER_BOUND('',#1426,.T.);
#997=FACE_OUTER_BOUND('',#1427,.T.);
#998=FACE_OUTER_BOUND('',#1428,.T.);
#999=FACE_OUTER_BOUND('',#1429,.T.);
#1000=FACE_OUTER_BOUND('',#1430,.T.);
#1001=FACE_OUTER_BOUND('',#1431,.T.);
#1002=FACE_OUTER_BOUND('',#1432,.T.);
#1003=FACE_OUTER_BOUND('',#1433,.T.);
#1004=FACE_OUTER_BOUND('',#1434,.T.);
#1005=FACE_OUTER_BOUND('',#1435,.T.);
#1006=FACE_OUTER_BOUND('',#1436,.T.);
#1007=FACE_OUTER_BOUND('',#1437,.T.);
#1008=FACE_OUTER_BOUND('',#1438,.T.);
#1009=FACE_OUTER_BOUND('',#1439,.T.);
#1010=FACE_OUTER_BOUND('',#1440,.T.);
#1011=FACE_OUTER_BOUND('',#1441,.T.);
#1012=FACE_OUTER_BOUND('',#1442,.T.);
#1013=FACE_OUTER_BOUND('',#1443,.T.);
#1014=FACE_OUTER_BOUND('',#1444,.T.);
#1015=FACE_OUTER_BOUND('',#1445,.T.);
#1016=FACE_OUTER_BOUND('',#1446,.T.);
#1017=FACE_OUTER_BOUND('',#1447,.T.);
#1018=FACE_OUTER_BOUND('',#1448,.T.);
#1019=FACE_OUTER_BOUND('',#1449,.T.);
#1020=FACE_OUTER_BOUND('',#1450,.T.);
#1021=FACE_OUTER_BOUND('',#1451,.T.);
#1022=FACE_OUTER_BOUND('',#1452,.T.);
#1023=FACE_OUTER_BOUND('',#1453,.T.);
#1024=FACE_OUTER_BOUND('',#1454,.T.);
#1025=FACE_OUTER_BOUND('',#1455,.T.);
#1026=FACE_OUTER_BOUND('',#1456,.T.);
#1027=FACE_OUTER_BOUND('',#1457,.T.);
#1028=FACE_OUTER_BOUND('',#1458,.T.);
#1029=FACE_OUTER_BOUND('',#1459,.T.);
#1030=FACE_OUTER_BOUND('',#1460,.T.);
#1031=FACE_OUTER_BOUND('',#1461,.T.);
#1032=FACE_OUTER_BOUND('',#1462,.T.);
#1033=FACE_OUTER_BOUND('',#1463,.T.);
#1034=FACE_OUTER_BOUND('',#1464,.T.);
#1035=FACE_OUTER_BOUND('',#1465,.T.);
#1036=FACE_OUTER_BOUND('',#1466,.T.);
#1037=FACE_OUTER_BOUND('',#1468,.T.);
#1038=FACE_OUTER_BOUND('',#1469,.T.);
#1039=FACE_OUTER_BOUND('',#1470,.T.);
#1040=FACE_OUTER_BOUND('',#1471,.T.);
#1041=FACE_OUTER_BOUND('',#1472,.T.);
#1042=FACE_OUTER_BOUND('',#1473,.T.);
#1043=FACE_OUTER_BOUND('',#1474,.T.);
#1044=FACE_OUTER_BOUND('',#1475,.T.);
#1045=FACE_OUTER_BOUND('',#1476,.T.);
#1046=FACE_OUTER_BOUND('',#1477,.T.);
#1047=FACE_OUTER_BOUND('',#1478,.T.);
#1048=FACE_OUTER_BOUND('',#1479,.T.);
#1049=FACE_OUTER_BOUND('',#1480,.T.);
#1050=FACE_OUTER_BOUND('',#1481,.T.);
#1051=FACE_OUTER_BOUND('',#1482,.T.);
#1052=FACE_OUTER_BOUND('',#1483,.T.);
#1053=FACE_OUTER_BOUND('',#1484,.T.);
#1054=FACE_OUTER_BOUND('',#1485,.T.);
#1055=FACE_OUTER_BOUND('',#1486,.T.);
#1056=FACE_OUTER_BOUND('',#1487,.T.);
#1057=FACE_OUTER_BOUND('',#1488,.T.);
#1058=FACE_OUTER_BOUND('',#1489,.T.);
#1059=FACE_OUTER_BOUND('',#1490,.T.);
#1060=FACE_OUTER_BOUND('',#1491,.T.);
#1061=FACE_OUTER_BOUND('',#1492,.T.);
#1062=FACE_OUTER_BOUND('',#1493,.T.);
#1063=FACE_OUTER_BOUND('',#1494,.T.);
#1064=FACE_OUTER_BOUND('',#1495,.T.);
#1065=FACE_OUTER_BOUND('',#1496,.T.);
#1066=FACE_OUTER_BOUND('',#1497,.T.);
#1067=FACE_OUTER_BOUND('',#1498,.T.);
#1068=FACE_OUTER_BOUND('',#1499,.T.);
#1069=FACE_OUTER_BOUND('',#1500,.T.);
#1070=FACE_OUTER_BOUND('',#1501,.T.);
#1071=FACE_OUTER_BOUND('',#1502,.T.);
#1072=FACE_OUTER_BOUND('',#1503,.T.);
#1073=FACE_OUTER_BOUND('',#1504,.T.);
#1074=FACE_OUTER_BOUND('',#1505,.T.);
#1075=FACE_OUTER_BOUND('',#1506,.T.);
#1076=FACE_OUTER_BOUND('',#1507,.T.);
#1077=FACE_OUTER_BOUND('',#1508,.T.);
#1078=FACE_OUTER_BOUND('',#1509,.T.);
#1079=FACE_OUTER_BOUND('',#1510,.T.);
#1080=FACE_OUTER_BOUND('',#1512,.T.);
#1081=FACE_OUTER_BOUND('',#1513,.T.);
#1082=FACE_OUTER_BOUND('',#1514,.T.);
#1083=FACE_OUTER_BOUND('',#1515,.T.);
#1084=FACE_OUTER_BOUND('',#1516,.T.);
#1085=FACE_OUTER_BOUND('',#1517,.T.);
#1086=FACE_OUTER_BOUND('',#1518,.T.);
#1087=FACE_OUTER_BOUND('',#1519,.T.);
#1088=FACE_OUTER_BOUND('',#1520,.T.);
#1089=FACE_OUTER_BOUND('',#1521,.T.);
#1090=FACE_OUTER_BOUND('',#1522,.T.);
#1091=FACE_OUTER_BOUND('',#1523,.T.);
#1092=FACE_OUTER_BOUND('',#1524,.T.);
#1093=FACE_OUTER_BOUND('',#1525,.T.);
#1094=FACE_OUTER_BOUND('',#1526,.T.);
#1095=FACE_OUTER_BOUND('',#1527,.T.);
#1096=FACE_OUTER_BOUND('',#1528,.T.);
#1097=FACE_OUTER_BOUND('',#1529,.T.);
#1098=FACE_OUTER_BOUND('',#1530,.T.);
#1099=FACE_OUTER_BOUND('',#1531,.T.);
#1100=FACE_OUTER_BOUND('',#1532,.T.);
#1101=FACE_OUTER_BOUND('',#1533,.T.);
#1102=FACE_OUTER_BOUND('',#1534,.T.);
#1103=FACE_OUTER_BOUND('',#1535,.T.);
#1104=FACE_OUTER_BOUND('',#1536,.T.);
#1105=FACE_OUTER_BOUND('',#1537,.T.);
#1106=FACE_OUTER_BOUND('',#1538,.T.);
#1107=FACE_OUTER_BOUND('',#1539,.T.);
#1108=FACE_OUTER_BOUND('',#1540,.T.);
#1109=FACE_OUTER_BOUND('',#1541,.T.);
#1110=FACE_OUTER_BOUND('',#1542,.T.);
#1111=FACE_OUTER_BOUND('',#1543,.T.);
#1112=FACE_OUTER_BOUND('',#1544,.T.);
#1113=FACE_OUTER_BOUND('',#1545,.T.);
#1114=FACE_OUTER_BOUND('',#1546,.T.);
#1115=FACE_OUTER_BOUND('',#1547,.T.);
#1116=FACE_OUTER_BOUND('',#1548,.T.);
#1117=FACE_OUTER_BOUND('',#1549,.T.);
#1118=FACE_OUTER_BOUND('',#1550,.T.);
#1119=FACE_OUTER_BOUND('',#1551,.T.);
#1120=FACE_OUTER_BOUND('',#1552,.T.);
#1121=FACE_OUTER_BOUND('',#1553,.T.);
#1122=FACE_OUTER_BOUND('',#1554,.T.);
#1123=FACE_OUTER_BOUND('',#1556,.T.);
#1124=FACE_OUTER_BOUND('',#1557,.T.);
#1125=FACE_OUTER_BOUND('',#1558,.T.);
#1126=FACE_OUTER_BOUND('',#1559,.T.);
#1127=FACE_OUTER_BOUND('',#1560,.T.);
#1128=FACE_OUTER_BOUND('',#1561,.T.);
#1129=FACE_OUTER_BOUND('',#1562,.T.);
#1130=FACE_OUTER_BOUND('',#1563,.T.);
#1131=FACE_OUTER_BOUND('',#1564,.T.);
#1132=FACE_OUTER_BOUND('',#1565,.T.);
#1133=FACE_OUTER_BOUND('',#1566,.T.);
#1134=FACE_OUTER_BOUND('',#1567,.T.);
#1135=FACE_OUTER_BOUND('',#1568,.T.);
#1136=FACE_OUTER_BOUND('',#1569,.T.);
#1137=FACE_OUTER_BOUND('',#1570,.T.);
#1138=FACE_OUTER_BOUND('',#1571,.T.);
#1139=FACE_OUTER_BOUND('',#1572,.T.);
#1140=FACE_OUTER_BOUND('',#1573,.T.);
#1141=FACE_OUTER_BOUND('',#1574,.T.);
#1142=FACE_OUTER_BOUND('',#1575,.T.);
#1143=FACE_OUTER_BOUND('',#1576,.T.);
#1144=FACE_OUTER_BOUND('',#1577,.T.);
#1145=FACE_OUTER_BOUND('',#1578,.T.);
#1146=FACE_OUTER_BOUND('',#1579,.T.);
#1147=FACE_OUTER_BOUND('',#1580,.T.);
#1148=FACE_OUTER_BOUND('',#1581,.T.);
#1149=FACE_OUTER_BOUND('',#1582,.T.);
#1150=FACE_OUTER_BOUND('',#1583,.T.);
#1151=FACE_OUTER_BOUND('',#1584,.T.);
#1152=FACE_OUTER_BOUND('',#1585,.T.);
#1153=FACE_OUTER_BOUND('',#1586,.T.);
#1154=FACE_OUTER_BOUND('',#1587,.T.);
#1155=FACE_OUTER_BOUND('',#1588,.T.);
#1156=FACE_OUTER_BOUND('',#1589,.T.);
#1157=FACE_OUTER_BOUND('',#1590,.T.);
#1158=FACE_OUTER_BOUND('',#1591,.T.);
#1159=FACE_OUTER_BOUND('',#1592,.T.);
#1160=FACE_OUTER_BOUND('',#1593,.T.);
#1161=FACE_OUTER_BOUND('',#1594,.T.);
#1162=FACE_OUTER_BOUND('',#1595,.T.);
#1163=FACE_OUTER_BOUND('',#1596,.T.);
#1164=FACE_OUTER_BOUND('',#1597,.T.);
#1165=FACE_OUTER_BOUND('',#1598,.T.);
#1166=FACE_OUTER_BOUND('',#1599,.T.);
#1167=FACE_OUTER_BOUND('',#1600,.T.);
#1168=FACE_OUTER_BOUND('',#1601,.T.);
#1169=FACE_OUTER_BOUND('',#1602,.T.);
#1170=FACE_OUTER_BOUND('',#1603,.T.);
#1171=EDGE_LOOP('',(#3658,#3659,#3660,#3661));
#1172=EDGE_LOOP('',(#3662,#3663,#3664,#3665));
#1173=EDGE_LOOP('',(#3666,#3667,#3668,#3669));
#1174=EDGE_LOOP('',(#3670,#3671,#3672,#3673));
#1175=EDGE_LOOP('',(#3674,#3675,#3676,#3677));
#1176=EDGE_LOOP('',(#3678,#3679,#3680,#3681));
#1177=EDGE_LOOP('',(#3682,#3683,#3684,#3685));
#1178=EDGE_LOOP('',(#3686,#3687,#3688,#3689));
#1179=EDGE_LOOP('',(#3690,#3691,#3692,#3693));
#1180=EDGE_LOOP('',(#3694,#3695,#3696,#3697));
#1181=EDGE_LOOP('',(#3698,#3699,#3700,#3701,#3702,#3703));
#1182=EDGE_LOOP('',(#3704,#3705,#3706,#3707));
#1183=EDGE_LOOP('',(#3708,#3709,#3710,#3711,#3712,#3713));
#1184=EDGE_LOOP('',(#3714,#3715,#3716,#3717,#3718,#3719,#3720,#3721,#3722,
#3723,#3724,#3725,#3726,#3727));
#1185=EDGE_LOOP('',(#3728));
#1186=EDGE_LOOP('',(#3729,#3730,#3731,#3732));
#1187=EDGE_LOOP('',(#3733,#3734,#3735,#3736));
#1188=EDGE_LOOP('',(#3737));
#1189=EDGE_LOOP('',(#3738));
#1190=EDGE_LOOP('',(#3739));
#1191=EDGE_LOOP('',(#3740));
#1192=EDGE_LOOP('',(#3741,#3742,#3743,#3744));
#1193=EDGE_LOOP('',(#3745,#3746,#3747,#3748));
#1194=EDGE_LOOP('',(#3749,#3750,#3751,#3752));
#1195=EDGE_LOOP('',(#3753,#3754,#3755,#3756));
#1196=EDGE_LOOP('',(#3757,#3758,#3759,#3760));
#1197=EDGE_LOOP('',(#3761,#3762,#3763,#3764));
#1198=EDGE_LOOP('',(#3765,#3766,#3767,#3768));
#1199=EDGE_LOOP('',(#3769,#3770,#3771,#3772));
#1200=EDGE_LOOP('',(#3773,#3774,#3775,#3776));
#1201=EDGE_LOOP('',(#3777,#3778,#3779,#3780));
#1202=EDGE_LOOP('',(#3781,#3782,#3783,#3784));
#1203=EDGE_LOOP('',(#3785,#3786,#3787,#3788));
#1204=EDGE_LOOP('',(#3789,#3790,#3791,#3792,#3793,#3794,#3795,#3796,#3797,
#3798,#3799,#3800,#3801,#3802));
#1205=EDGE_LOOP('',(#3803));
#1206=EDGE_LOOP('',(#3804,#3805,#3806,#3807,#3808,#3809,#3810,#3811));
#1207=EDGE_LOOP('',(#3812,#3813,#3814,#3815,#3816,#3817,#3818,#3819));
#1208=EDGE_LOOP('',(#3820,#3821,#3822,#3823,#3824,#3825,#3826,#3827));
#1209=EDGE_LOOP('',(#3828,#3829,#3830,#3831,#3832,#3833,#3834,#3835));
#1210=EDGE_LOOP('',(#3836));
#1211=EDGE_LOOP('',(#3837));
#1212=EDGE_LOOP('',(#3838));
#1213=EDGE_LOOP('',(#3839));
#1214=EDGE_LOOP('',(#3840,#3841,#3842,#3843));
#1215=EDGE_LOOP('',(#3844,#3845,#3846,#3847));
#1216=EDGE_LOOP('',(#3848,#3849,#3850,#3851));
#1217=EDGE_LOOP('',(#3852,#3853,#3854,#3855));
#1218=EDGE_LOOP('',(#3856,#3857,#3858,#3859));
#1219=EDGE_LOOP('',(#3860,#3861,#3862,#3863));
#1220=EDGE_LOOP('',(#3864,#3865,#3866,#3867));
#1221=EDGE_LOOP('',(#3868,#3869,#3870,#3871));
#1222=EDGE_LOOP('',(#3872,#3873,#3874,#3875));
#1223=EDGE_LOOP('',(#3876,#3877,#3878,#3879));
#1224=EDGE_LOOP('',(#3880,#3881,#3882,#3883));
#1225=EDGE_LOOP('',(#3884,#3885,#3886,#3887));
#1226=EDGE_LOOP('',(#3888,#3889,#3890,#3891));
#1227=EDGE_LOOP('',(#3892,#3893,#3894,#3895));
#1228=EDGE_LOOP('',(#3896,#3897,#3898,#3899));
#1229=EDGE_LOOP('',(#3900,#3901,#3902,#3903));
#1230=EDGE_LOOP('',(#3904,#3905,#3906,#3907));
#1231=EDGE_LOOP('',(#3908,#3909,#3910,#3911));
#1232=EDGE_LOOP('',(#3912,#3913,#3914,#3915));
#1233=EDGE_LOOP('',(#3916,#3917,#3918,#3919));
#1234=EDGE_LOOP('',(#3920,#3921,#3922,#3923));
#1235=EDGE_LOOP('',(#3924,#3925,#3926,#3927));
#1236=EDGE_LOOP('',(#3928,#3929,#3930,#3931));
#1237=EDGE_LOOP('',(#3932,#3933,#3934,#3935));
#1238=EDGE_LOOP('',(#3936,#3937,#3938,#3939));
#1239=EDGE_LOOP('',(#3940,#3941,#3942,#3943));
#1240=EDGE_LOOP('',(#3944,#3945,#3946,#3947));
#1241=EDGE_LOOP('',(#3948,#3949,#3950,#3951));
#1242=EDGE_LOOP('',(#3952,#3953,#3954,#3955));
#1243=EDGE_LOOP('',(#3956,#3957,#3958,#3959));
#1244=EDGE_LOOP('',(#3960,#3961,#3962,#3963));
#1245=EDGE_LOOP('',(#3964,#3965,#3966,#3967));
#1246=EDGE_LOOP('',(#3968,#3969,#3970,#3971));
#1247=EDGE_LOOP('',(#3972,#3973,#3974,#3975));
#1248=EDGE_LOOP('',(#3976,#3977,#3978,#3979));
#1249=EDGE_LOOP('',(#3980,#3981,#3982,#3983));
#1250=EDGE_LOOP('',(#3984,#3985,#3986,#3987));
#1251=EDGE_LOOP('',(#3988));
#1252=EDGE_LOOP('',(#3989));
#1253=EDGE_LOOP('',(#3990));
#1254=EDGE_LOOP('',(#3991));
#1255=EDGE_LOOP('',(#3992,#3993,#3994,#3995,#3996,#3997,#3998,#3999,#4000,
#4001,#4002,#4003,#4004,#4005,#4006,#4007,#4008,#4009,#4010,#4011,#4012,
#4013,#4014,#4015));
#1256=EDGE_LOOP('',(#4016,#4017,#4018,#4019));
#1257=EDGE_LOOP('',(#4020,#4021,#4022,#4023));
#1258=EDGE_LOOP('',(#4024,#4025,#4026,#4027));
#1259=EDGE_LOOP('',(#4028,#4029,#4030,#4031));
#1260=EDGE_LOOP('',(#4032,#4033,#4034,#4035));
#1261=EDGE_LOOP('',(#4036,#4037,#4038,#4039));
#1262=EDGE_LOOP('',(#4040,#4041,#4042,#4043));
#1263=EDGE_LOOP('',(#4044,#4045,#4046,#4047));
#1264=EDGE_LOOP('',(#4048,#4049,#4050,#4051));
#1265=EDGE_LOOP('',(#4052,#4053,#4054,#4055));
#1266=EDGE_LOOP('',(#4056,#4057,#4058,#4059));
#1267=EDGE_LOOP('',(#4060,#4061,#4062,#4063));
#1268=EDGE_LOOP('',(#4064,#4065,#4066,#4067));
#1269=EDGE_LOOP('',(#4068,#4069,#4070,#4071));
#1270=EDGE_LOOP('',(#4072,#4073,#4074,#4075));
#1271=EDGE_LOOP('',(#4076,#4077,#4078,#4079));
#1272=EDGE_LOOP('',(#4080,#4081,#4082,#4083));
#1273=EDGE_LOOP('',(#4084,#4085,#4086,#4087));
#1274=EDGE_LOOP('',(#4088,#4089,#4090,#4091));
#1275=EDGE_LOOP('',(#4092,#4093,#4094,#4095));
#1276=EDGE_LOOP('',(#4096,#4097,#4098,#4099));
#1277=EDGE_LOOP('',(#4100,#4101,#4102,#4103));
#1278=EDGE_LOOP('',(#4104,#4105,#4106,#4107));
#1279=EDGE_LOOP('',(#4108,#4109,#4110,#4111));
#1280=EDGE_LOOP('',(#4112,#4113,#4114,#4115));
#1281=EDGE_LOOP('',(#4116,#4117,#4118,#4119));
#1282=EDGE_LOOP('',(#4120,#4121,#4122,#4123));
#1283=EDGE_LOOP('',(#4124,#4125,#4126,#4127));
#1284=EDGE_LOOP('',(#4128,#4129,#4130,#4131));
#1285=EDGE_LOOP('',(#4132,#4133,#4134,#4135));
#1286=EDGE_LOOP('',(#4136,#4137,#4138,#4139));
#1287=EDGE_LOOP('',(#4140,#4141,#4142,#4143));
#1288=EDGE_LOOP('',(#4144,#4145,#4146,#4147));
#1289=EDGE_LOOP('',(#4148,#4149,#4150,#4151));
#1290=EDGE_LOOP('',(#4152,#4153,#4154,#4155));
#1291=EDGE_LOOP('',(#4156,#4157,#4158,#4159));
#1292=EDGE_LOOP('',(#4160));
#1293=EDGE_LOOP('',(#4161));
#1294=EDGE_LOOP('',(#4162));
#1295=EDGE_LOOP('',(#4163));
#1296=EDGE_LOOP('',(#4164,#4165,#4166,#4167,#4168,#4169,#4170,#4171,#4172,
#4173,#4174,#4175,#4176,#4177,#4178,#4179,#4180,#4181,#4182,#4183,#4184,
#4185,#4186,#4187));
#1297=EDGE_LOOP('',(#4188,#4189,#4190,#4191));
#1298=EDGE_LOOP('',(#4192,#4193,#4194,#4195,#4196));
#1299=EDGE_LOOP('',(#4197,#4198,#4199,#4200,#4201));
#1300=EDGE_LOOP('',(#4202,#4203,#4204,#4205,#4206));
#1301=EDGE_LOOP('',(#4207,#4208,#4209,#4210,#4211));
#1302=EDGE_LOOP('',(#4212,#4213,#4214,#4215,#4216));
#1303=EDGE_LOOP('',(#4217,#4218,#4219,#4220,#4221));
#1304=EDGE_LOOP('',(#4222,#4223,#4224,#4225,#4226));
#1305=EDGE_LOOP('',(#4227,#4228,#4229,#4230,#4231));
#1306=EDGE_LOOP('',(#4232,#4233,#4234,#4235));
#1307=EDGE_LOOP('',(#4236,#4237,#4238,#4239));
#1308=EDGE_LOOP('',(#4240,#4241,#4242,#4243));
#1309=EDGE_LOOP('',(#4244,#4245,#4246,#4247));
#1310=EDGE_LOOP('',(#4248,#4249,#4250));
#1311=EDGE_LOOP('',(#4251,#4252,#4253));
#1312=EDGE_LOOP('',(#4254,#4255,#4256));
#1313=EDGE_LOOP('',(#4257,#4258,#4259,#4260));
#1314=EDGE_LOOP('',(#4261,#4262,#4263));
#1315=EDGE_LOOP('',(#4264,#4265,#4266,#4267));
#1316=EDGE_LOOP('',(#4268,#4269,#4270,#4271));
#1317=EDGE_LOOP('',(#4272,#4273,#4274,#4275));
#1318=EDGE_LOOP('',(#4276,#4277,#4278,#4279));
#1319=EDGE_LOOP('',(#4280,#4281,#4282,#4283));
#1320=EDGE_LOOP('',(#4284,#4285,#4286,#4287));
#1321=EDGE_LOOP('',(#4288,#4289,#4290,#4291));
#1322=EDGE_LOOP('',(#4292,#4293,#4294,#4295));
#1323=EDGE_LOOP('',(#4296,#4297,#4298,#4299));
#1324=EDGE_LOOP('',(#4300,#4301,#4302,#4303));
#1325=EDGE_LOOP('',(#4304,#4305,#4306,#4307));
#1326=EDGE_LOOP('',(#4308,#4309,#4310,#4311));
#1327=EDGE_LOOP('',(#4312,#4313,#4314,#4315));
#1328=EDGE_LOOP('',(#4316,#4317,#4318,#4319));
#1329=EDGE_LOOP('',(#4320,#4321,#4322,#4323));
#1330=EDGE_LOOP('',(#4324,#4325,#4326,#4327));
#1331=EDGE_LOOP('',(#4328,#4329,#4330,#4331));
#1332=EDGE_LOOP('',(#4332,#4333,#4334,#4335));
#1333=EDGE_LOOP('',(#4336,#4337,#4338,#4339));
#1334=EDGE_LOOP('',(#4340,#4341,#4342,#4343));
#1335=EDGE_LOOP('',(#4344,#4345,#4346,#4347));
#1336=EDGE_LOOP('',(#4348,#4349,#4350,#4351));
#1337=EDGE_LOOP('',(#4352,#4353,#4354,#4355));
#1338=EDGE_LOOP('',(#4356,#4357,#4358,#4359));
#1339=EDGE_LOOP('',(#4360,#4361,#4362,#4363));
#1340=EDGE_LOOP('',(#4364,#4365,#4366,#4367));
#1341=EDGE_LOOP('',(#4368,#4369,#4370,#4371));
#1342=EDGE_LOOP('',(#4372,#4373,#4374,#4375));
#1343=EDGE_LOOP('',(#4376,#4377,#4378,#4379));
#1344=EDGE_LOOP('',(#4380,#4381,#4382,#4383));
#1345=EDGE_LOOP('',(#4384,#4385,#4386,#4387));
#1346=EDGE_LOOP('',(#4388,#4389,#4390,#4391));
#1347=EDGE_LOOP('',(#4392,#4393,#4394,#4395,#4396,#4397,#4398,#4399,#4400,
#4401,#4402,#4403));
#1348=EDGE_LOOP('',(#4404,#4405,#4406,#4407,#4408,#4409,#4410,#4411));
#1349=EDGE_LOOP('',(#4412,#4413,#4414,#4415));
#1350=EDGE_LOOP('',(#4416,#4417,#4418,#4419));
#1351=EDGE_LOOP('',(#4420,#4421,#4422,#4423,#4424,#4425,#4426,#4427));
#1352=EDGE_LOOP('',(#4428,#4429,#4430,#4431));
#1353=EDGE_LOOP('',(#4432,#4433,#4434,#4435));
#1354=EDGE_LOOP('',(#4436,#4437,#4438,#4439));
#1355=EDGE_LOOP('',(#4440,#4441,#4442,#4443));
#1356=EDGE_LOOP('',(#4444,#4445,#4446,#4447));
#1357=EDGE_LOOP('',(#4448,#4449,#4450,#4451));
#1358=EDGE_LOOP('',(#4452,#4453,#4454,#4455));
#1359=EDGE_LOOP('',(#4456,#4457,#4458,#4459));
#1360=EDGE_LOOP('',(#4460,#4461,#4462,#4463));
#1361=EDGE_LOOP('',(#4464,#4465,#4466,#4467,#4468));
#1362=EDGE_LOOP('',(#4469,#4470,#4471,#4472,#4473));
#1363=EDGE_LOOP('',(#4474,#4475,#4476,#4477));
#1364=EDGE_LOOP('',(#4478,#4479,#4480,#4481));
#1365=EDGE_LOOP('',(#4482,#4483,#4484,#4485));
#1366=EDGE_LOOP('',(#4486,#4487,#4488,#4489));
#1367=EDGE_LOOP('',(#4490,#4491,#4492,#4493));
#1368=EDGE_LOOP('',(#4494,#4495,#4496,#4497));
#1369=EDGE_LOOP('',(#4498,#4499,#4500,#4501));
#1370=EDGE_LOOP('',(#4502,#4503,#4504,#4505));
#1371=EDGE_LOOP('',(#4506,#4507,#4508,#4509));
#1372=EDGE_LOOP('',(#4510,#4511,#4512,#4513));
#1373=EDGE_LOOP('',(#4514,#4515,#4516,#4517));
#1374=EDGE_LOOP('',(#4518,#4519,#4520,#4521));
#1375=EDGE_LOOP('',(#4522,#4523,#4524,#4525));
#1376=EDGE_LOOP('',(#4526,#4527,#4528,#4529));
#1377=EDGE_LOOP('',(#4530,#4531,#4532,#4533));
#1378=EDGE_LOOP('',(#4534,#4535,#4536,#4537));
#1379=EDGE_LOOP('',(#4538,#4539,#4540,#4541));
#1380=EDGE_LOOP('',(#4542,#4543,#4544,#4545));
#1381=EDGE_LOOP('',(#4546,#4547,#4548,#4549));
#1382=EDGE_LOOP('',(#4550,#4551,#4552,#4553));
#1383=EDGE_LOOP('',(#4554,#4555,#4556,#4557));
#1384=EDGE_LOOP('',(#4558,#4559,#4560,#4561));
#1385=EDGE_LOOP('',(#4562,#4563,#4564,#4565));
#1386=EDGE_LOOP('',(#4566,#4567,#4568,#4569));
#1387=EDGE_LOOP('',(#4570,#4571,#4572,#4573));
#1388=EDGE_LOOP('',(#4574,#4575,#4576,#4577));
#1389=EDGE_LOOP('',(#4578,#4579,#4580,#4581));
#1390=EDGE_LOOP('',(#4582,#4583,#4584,#4585));
#1391=EDGE_LOOP('',(#4586,#4587,#4588,#4589));
#1392=EDGE_LOOP('',(#4590,#4591,#4592,#4593));
#1393=EDGE_LOOP('',(#4594,#4595,#4596,#4597));
#1394=EDGE_LOOP('',(#4598,#4599,#4600,#4601));
#1395=EDGE_LOOP('',(#4602,#4603,#4604,#4605));
#1396=EDGE_LOOP('',(#4606,#4607,#4608,#4609));
#1397=EDGE_LOOP('',(#4610,#4611,#4612,#4613));
#1398=EDGE_LOOP('',(#4614,#4615,#4616,#4617));
#1399=EDGE_LOOP('',(#4618,#4619,#4620,#4621));
#1400=EDGE_LOOP('',(#4622,#4623,#4624,#4625));
#1401=EDGE_LOOP('',(#4626,#4627,#4628,#4629));
#1402=EDGE_LOOP('',(#4630,#4631,#4632,#4633));
#1403=EDGE_LOOP('',(#4634,#4635,#4636,#4637));
#1404=EDGE_LOOP('',(#4638,#4639,#4640,#4641));
#1405=EDGE_LOOP('',(#4642,#4643,#4644,#4645));
#1406=EDGE_LOOP('',(#4646,#4647,#4648,#4649));
#1407=EDGE_LOOP('',(#4650,#4651,#4652,#4653));
#1408=EDGE_LOOP('',(#4654,#4655,#4656,#4657));
#1409=EDGE_LOOP('',(#4658,#4659,#4660,#4661));
#1410=EDGE_LOOP('',(#4662,#4663,#4664,#4665));
#1411=EDGE_LOOP('',(#4666,#4667,#4668,#4669));
#1412=EDGE_LOOP('',(#4670,#4671,#4672,#4673));
#1413=EDGE_LOOP('',(#4674,#4675,#4676,#4677,#4678));
#1414=EDGE_LOOP('',(#4679,#4680,#4681,#4682));
#1415=EDGE_LOOP('',(#4683,#4684,#4685,#4686,#4687));
#1416=EDGE_LOOP('',(#4688,#4689,#4690,#4691));
#1417=EDGE_LOOP('',(#4692,#4693,#4694,#4695,#4696));
#1418=EDGE_LOOP('',(#4697,#4698,#4699,#4700));
#1419=EDGE_LOOP('',(#4701,#4702,#4703,#4704));
#1420=EDGE_LOOP('',(#4705));
#1421=EDGE_LOOP('',(#4706,#4707,#4708,#4709));
#1422=EDGE_LOOP('',(#4710,#4711,#4712,#4713,#4714));
#1423=EDGE_LOOP('',(#4715));
#1424=EDGE_LOOP('',(#4716));
#1425=EDGE_LOOP('',(#4717,#4718,#4719,#4720,#4721));
#1426=EDGE_LOOP('',(#4722,#4723,#4724,#4725,#4726,#4727,#4728,#4729,#4730,
#4731,#4732,#4733,#4734,#4735,#4736,#4737,#4738));
#1427=EDGE_LOOP('',(#4739,#4740,#4741,#4742));
#1428=EDGE_LOOP('',(#4743,#4744,#4745,#4746));
#1429=EDGE_LOOP('',(#4747,#4748,#4749,#4750));
#1430=EDGE_LOOP('',(#4751,#4752,#4753,#4754));
#1431=EDGE_LOOP('',(#4755,#4756,#4757,#4758));
#1432=EDGE_LOOP('',(#4759,#4760,#4761,#4762));
#1433=EDGE_LOOP('',(#4763,#4764,#4765,#4766));
#1434=EDGE_LOOP('',(#4767,#4768,#4769));
#1435=EDGE_LOOP('',(#4770,#4771,#4772,#4773));
#1436=EDGE_LOOP('',(#4774,#4775,#4776,#4777));
#1437=EDGE_LOOP('',(#4778,#4779,#4780,#4781));
#1438=EDGE_LOOP('',(#4782,#4783,#4784,#4785));
#1439=EDGE_LOOP('',(#4786,#4787,#4788,#4789,#4790));
#1440=EDGE_LOOP('',(#4791,#4792,#4793));
#1441=EDGE_LOOP('',(#4794,#4795,#4796,#4797));
#1442=EDGE_LOOP('',(#4798,#4799,#4800,#4801));
#1443=EDGE_LOOP('',(#4802,#4803,#4804,#4805));
#1444=EDGE_LOOP('',(#4806,#4807,#4808,#4809));
#1445=EDGE_LOOP('',(#4810,#4811,#4812));
#1446=EDGE_LOOP('',(#4813,#4814,#4815,#4816));
#1447=EDGE_LOOP('',(#4817,#4818,#4819,#4820));
#1448=EDGE_LOOP('',(#4821,#4822,#4823));
#1449=EDGE_LOOP('',(#4824,#4825,#4826,#4827));
#1450=EDGE_LOOP('',(#4828,#4829,#4830,#4831));
#1451=EDGE_LOOP('',(#4832,#4833,#4834,#4835));
#1452=EDGE_LOOP('',(#4836,#4837,#4838,#4839));
#1453=EDGE_LOOP('',(#4840,#4841,#4842,#4843));
#1454=EDGE_LOOP('',(#4844,#4845,#4846,#4847));
#1455=EDGE_LOOP('',(#4848,#4849,#4850,#4851));
#1456=EDGE_LOOP('',(#4852,#4853,#4854,#4855));
#1457=EDGE_LOOP('',(#4856,#4857,#4858,#4859));
#1458=EDGE_LOOP('',(#4860,#4861,#4862,#4863));
#1459=EDGE_LOOP('',(#4864,#4865,#4866,#4867));
#1460=EDGE_LOOP('',(#4868,#4869,#4870,#4871));
#1461=EDGE_LOOP('',(#4872,#4873,#4874,#4875));
#1462=EDGE_LOOP('',(#4876,#4877,#4878,#4879));
#1463=EDGE_LOOP('',(#4880,#4881,#4882,#4883));
#1464=EDGE_LOOP('',(#4884));
#1465=EDGE_LOOP('',(#4885,#4886,#4887,#4888,#4889));
#1466=EDGE_LOOP('',(#4890));
#1467=EDGE_LOOP('',(#4891));
#1468=EDGE_LOOP('',(#4892,#4893,#4894,#4895,#4896,#4897,#4898,#4899,#4900,
#4901,#4902,#4903,#4904,#4905,#4906,#4907,#4908));
#1469=EDGE_LOOP('',(#4909,#4910,#4911,#4912,#4913));
#1470=EDGE_LOOP('',(#4914,#4915,#4916,#4917));
#1471=EDGE_LOOP('',(#4918,#4919,#4920,#4921));
#1472=EDGE_LOOP('',(#4922,#4923,#4924,#4925));
#1473=EDGE_LOOP('',(#4926,#4927,#4928,#4929));
#1474=EDGE_LOOP('',(#4930,#4931,#4932,#4933));
#1475=EDGE_LOOP('',(#4934,#4935,#4936,#4937));
#1476=EDGE_LOOP('',(#4938,#4939,#4940));
#1477=EDGE_LOOP('',(#4941,#4942,#4943,#4944));
#1478=EDGE_LOOP('',(#4945,#4946,#4947,#4948));
#1479=EDGE_LOOP('',(#4949,#4950,#4951,#4952));
#1480=EDGE_LOOP('',(#4953,#4954,#4955,#4956));
#1481=EDGE_LOOP('',(#4957,#4958,#4959,#4960));
#1482=EDGE_LOOP('',(#4961,#4962,#4963,#4964));
#1483=EDGE_LOOP('',(#4965,#4966,#4967));
#1484=EDGE_LOOP('',(#4968,#4969,#4970,#4971));
#1485=EDGE_LOOP('',(#4972,#4973,#4974,#4975));
#1486=EDGE_LOOP('',(#4976,#4977,#4978,#4979));
#1487=EDGE_LOOP('',(#4980,#4981,#4982,#4983));
#1488=EDGE_LOOP('',(#4984,#4985,#4986));
#1489=EDGE_LOOP('',(#4987,#4988,#4989,#4990,#4991));
#1490=EDGE_LOOP('',(#4992,#4993,#4994,#4995));
#1491=EDGE_LOOP('',(#4996,#4997,#4998));
#1492=EDGE_LOOP('',(#4999,#5000,#5001,#5002));
#1493=EDGE_LOOP('',(#5003,#5004,#5005,#5006));
#1494=EDGE_LOOP('',(#5007,#5008,#5009,#5010));
#1495=EDGE_LOOP('',(#5011,#5012,#5013,#5014));
#1496=EDGE_LOOP('',(#5015,#5016,#5017,#5018));
#1497=EDGE_LOOP('',(#5019,#5020,#5021,#5022));
#1498=EDGE_LOOP('',(#5023,#5024,#5025,#5026));
#1499=EDGE_LOOP('',(#5027,#5028,#5029,#5030));
#1500=EDGE_LOOP('',(#5031,#5032,#5033,#5034));
#1501=EDGE_LOOP('',(#5035,#5036,#5037,#5038));
#1502=EDGE_LOOP('',(#5039,#5040,#5041,#5042));
#1503=EDGE_LOOP('',(#5043,#5044,#5045,#5046));
#1504=EDGE_LOOP('',(#5047,#5048,#5049,#5050));
#1505=EDGE_LOOP('',(#5051,#5052,#5053,#5054));
#1506=EDGE_LOOP('',(#5055,#5056,#5057,#5058));
#1507=EDGE_LOOP('',(#5059));
#1508=EDGE_LOOP('',(#5060,#5061,#5062,#5063,#5064));
#1509=EDGE_LOOP('',(#5065,#5066,#5067,#5068,#5069,#5070,#5071,#5072,#5073,
#5074,#5075,#5076,#5077,#5078,#5079,#5080,#5081));
#1510=EDGE_LOOP('',(#5082));
#1511=EDGE_LOOP('',(#5083));
#1512=EDGE_LOOP('',(#5084,#5085,#5086,#5087));
#1513=EDGE_LOOP('',(#5088,#5089,#5090,#5091));
#1514=EDGE_LOOP('',(#5092,#5093,#5094,#5095));
#1515=EDGE_LOOP('',(#5096,#5097,#5098));
#1516=EDGE_LOOP('',(#5099,#5100,#5101,#5102));
#1517=EDGE_LOOP('',(#5103,#5104,#5105,#5106));
#1518=EDGE_LOOP('',(#5107,#5108,#5109,#5110));
#1519=EDGE_LOOP('',(#5111,#5112,#5113,#5114));
#1520=EDGE_LOOP('',(#5115,#5116,#5117,#5118));
#1521=EDGE_LOOP('',(#5119,#5120,#5121));
#1522=EDGE_LOOP('',(#5122,#5123,#5124,#5125));
#1523=EDGE_LOOP('',(#5126,#5127,#5128));
#1524=EDGE_LOOP('',(#5129,#5130,#5131,#5132));
#1525=EDGE_LOOP('',(#5133,#5134,#5135,#5136));
#1526=EDGE_LOOP('',(#5137,#5138,#5139,#5140));
#1527=EDGE_LOOP('',(#5141,#5142,#5143,#5144));
#1528=EDGE_LOOP('',(#5145,#5146,#5147));
#1529=EDGE_LOOP('',(#5148,#5149,#5150,#5151));
#1530=EDGE_LOOP('',(#5152,#5153,#5154,#5155));
#1531=EDGE_LOOP('',(#5156,#5157,#5158,#5159));
#1532=EDGE_LOOP('',(#5160,#5161,#5162,#5163));
#1533=EDGE_LOOP('',(#5164,#5165,#5166,#5167));
#1534=EDGE_LOOP('',(#5168,#5169,#5170,#5171,#5172));
#1535=EDGE_LOOP('',(#5173,#5174,#5175,#5176));
#1536=EDGE_LOOP('',(#5177,#5178,#5179,#5180));
#1537=EDGE_LOOP('',(#5181,#5182,#5183,#5184));
#1538=EDGE_LOOP('',(#5185,#5186,#5187,#5188));
#1539=EDGE_LOOP('',(#5189,#5190,#5191,#5192));
#1540=EDGE_LOOP('',(#5193,#5194,#5195,#5196));
#1541=EDGE_LOOP('',(#5197,#5198,#5199,#5200));
#1542=EDGE_LOOP('',(#5201,#5202,#5203,#5204));
#1543=EDGE_LOOP('',(#5205,#5206,#5207,#5208));
#1544=EDGE_LOOP('',(#5209,#5210,#5211,#5212));
#1545=EDGE_LOOP('',(#5213,#5214,#5215,#5216));
#1546=EDGE_LOOP('',(#5217,#5218,#5219,#5220,#5221));
#1547=EDGE_LOOP('',(#5222,#5223,#5224,#5225));
#1548=EDGE_LOOP('',(#5226,#5227,#5228,#5229));
#1549=EDGE_LOOP('',(#5230,#5231,#5232,#5233));
#1550=EDGE_LOOP('',(#5234));
#1551=EDGE_LOOP('',(#5235,#5236,#5237,#5238));
#1552=EDGE_LOOP('',(#5239,#5240,#5241,#5242,#5243));
#1553=EDGE_LOOP('',(#5244,#5245,#5246,#5247,#5248));
#1554=EDGE_LOOP('',(#5249));
#1555=EDGE_LOOP('',(#5250));
#1556=EDGE_LOOP('',(#5251,#5252,#5253,#5254,#5255));
#1557=EDGE_LOOP('',(#5256,#5257,#5258,#5259,#5260,#5261,#5262,#5263,#5264,
#5265,#5266,#5267,#5268,#5269,#5270,#5271,#5272));
#1558=EDGE_LOOP('',(#5273,#5274,#5275,#5276));
#1559=EDGE_LOOP('',(#5277,#5278,#5279,#5280));
#1560=EDGE_LOOP('',(#5281,#5282,#5283,#5284));
#1561=EDGE_LOOP('',(#5285,#5286,#5287,#5288));
#1562=EDGE_LOOP('',(#5289,#5290,#5291,#5292));
#1563=EDGE_LOOP('',(#5293,#5294,#5295,#5296));
#1564=EDGE_LOOP('',(#5297,#5298,#5299));
#1565=EDGE_LOOP('',(#5300,#5301,#5302));
#1566=EDGE_LOOP('',(#5303,#5304,#5305,#5306));
#1567=EDGE_LOOP('',(#5307,#5308,#5309,#5310));
#1568=EDGE_LOOP('',(#5311,#5312,#5313,#5314));
#1569=EDGE_LOOP('',(#5315,#5316,#5317,#5318));
#1570=EDGE_LOOP('',(#5319,#5320,#5321));
#1571=EDGE_LOOP('',(#5322,#5323,#5324));
#1572=EDGE_LOOP('',(#5325,#5326,#5327,#5328));
#1573=EDGE_LOOP('',(#5329,#5330,#5331,#5332));
#1574=EDGE_LOOP('',(#5333,#5334,#5335,#5336,#5337));
#1575=EDGE_LOOP('',(#5338,#5339,#5340,#5341));
#1576=EDGE_LOOP('',(#5342,#5343,#5344,#5345));
#1577=EDGE_LOOP('',(#5346,#5347,#5348,#5349));
#1578=EDGE_LOOP('',(#5350,#5351,#5352,#5353));
#1579=EDGE_LOOP('',(#5354,#5355,#5356,#5357));
#1580=EDGE_LOOP('',(#5358,#5359,#5360,#5361));
#1581=EDGE_LOOP('',(#5362,#5363,#5364,#5365));
#1582=EDGE_LOOP('',(#5366,#5367,#5368,#5369));
#1583=EDGE_LOOP('',(#5370,#5371,#5372,#5373));
#1584=EDGE_LOOP('',(#5374,#5375,#5376,#5377));
#1585=EDGE_LOOP('',(#5378,#5379,#5380,#5381));
#1586=EDGE_LOOP('',(#5382,#5383,#5384,#5385));
#1587=EDGE_LOOP('',(#5386,#5387,#5388,#5389));
#1588=EDGE_LOOP('',(#5390,#5391,#5392,#5393));
#1589=EDGE_LOOP('',(#5394,#5395,#5396,#5397));
#1590=EDGE_LOOP('',(#5398,#5399,#5400,#5401));
#1591=EDGE_LOOP('',(#5402,#5403,#5404,#5405));
#1592=EDGE_LOOP('',(#5406,#5407,#5408,#5409));
#1593=EDGE_LOOP('',(#5410,#5411,#5412,#5413));
#1594=EDGE_LOOP('',(#5414,#5415,#5416,#5417));
#1595=EDGE_LOOP('',(#5418,#5419,#5420,#5421));
#1596=EDGE_LOOP('',(#5422,#5423,#5424,#5425));
#1597=EDGE_LOOP('',(#5426,#5427,#5428,#5429));
#1598=EDGE_LOOP('',(#5430,#5431,#5432,#5433));
#1599=EDGE_LOOP('',(#5434,#5435,#5436,#5437));
#1600=EDGE_LOOP('',(#5438,#5439,#5440,#5441));
#1601=EDGE_LOOP('',(#5442,#5443,#5444,#5445));
#1602=EDGE_LOOP('',(#5446,#5447,#5448,#5449));
#1603=EDGE_LOOP('',(#5450,#5451,#5452,#5453,#5454,#5455,#5456,#5457,#5458,
#5459,#5460,#5461));
#1604=CIRCLE('',#6042,0.500000000000003);
#1605=CIRCLE('',#6043,2.5);
#1606=CIRCLE('',#6044,0.5);
#1607=CIRCLE('',#6045,2.);
#1608=CIRCLE('',#6047,0.5);
#1609=CIRCLE('',#6049,0.5);
#1610=CIRCLE('',#6050,2.);
#1611=CIRCLE('',#6051,2.5);
#1612=CIRCLE('',#6053,0.5);
#1613=CIRCLE('',#6055,0.5);
#1614=CIRCLE('',#6056,2.);
#1615=CIRCLE('',#6057,2.5);
#1616=CIRCLE('',#6059,0.499999999999997);
#1617=CIRCLE('',#6060,2.5);
#1618=CIRCLE('',#6061,0.5);
#1619=CIRCLE('',#6062,2.);
#1620=CIRCLE('',#6064,0.5);
#1621=CIRCLE('',#6065,0.499999999999998);
#1622=CIRCLE('',#6068,2.);
#1623=CIRCLE('',#6071,2.);
#1624=CIRCLE('',#6073,2.6);
#1625=CIRCLE('',#6074,22.72);
#1626=CIRCLE('',#6075,2.6);
#1627=CIRCLE('',#6076,15.5);
#1628=CIRCLE('',#6077,1.20000000000001);
#1629=CIRCLE('',#6078,20.9);
#1630=CIRCLE('',#6079,1.20000000000001);
#1631=CIRCLE('',#6080,18.5);
#1632=CIRCLE('',#6081,1.20000000000001);
#1633=CIRCLE('',#6082,18.5);
#1634=CIRCLE('',#6083,1.20000000000001);
#1635=CIRCLE('',#6084,20.9);
#1636=CIRCLE('',#6085,1.6);
#1637=CIRCLE('',#6086,1.6);
#1638=CIRCLE('',#6087,1.6);
#1639=CIRCLE('',#6088,1.6);
#1640=CIRCLE('',#6089,1.20000000000001);
#1641=CIRCLE('',#6090,18.5);
#1642=CIRCLE('',#6091,1.20000000000001);
#1643=CIRCLE('',#6092,20.9);
#1644=CIRCLE('',#6093,1.20000000000001);
#1645=CIRCLE('',#6094,20.9);
#1646=CIRCLE('',#6095,1.20000000000001);
#1647=CIRCLE('',#6096,18.5);
#1648=CIRCLE('',#6098,0.500000000000003);
#1649=CIRCLE('',#6099,2.5);
#1650=CIRCLE('',#6100,0.5);
#1651=CIRCLE('',#6102,0.5);
#1652=CIRCLE('',#6104,0.5);
#1653=CIRCLE('',#6105,2.);
#1654=CIRCLE('',#6106,2.5);
#1655=CIRCLE('',#6108,0.5);
#1656=CIRCLE('',#6110,0.5);
#1657=CIRCLE('',#6111,2.);
#1658=CIRCLE('',#6112,2.5);
#1659=CIRCLE('',#6114,0.5);
#1660=CIRCLE('',#6116,0.5);
#1661=CIRCLE('',#6117,2.5);
#1662=CIRCLE('',#6118,0.500000000000007);
#1663=CIRCLE('',#6119,0.5);
#1664=CIRCLE('',#6122,2.6);
#1665=CIRCLE('',#6123,22.72);
#1666=CIRCLE('',#6124,2.6);
#1667=CIRCLE('',#6125,15.5);
#1668=CIRCLE('',#6126,18.3);
#1669=CIRCLE('',#6127,2.9);
#1670=CIRCLE('',#6128,18.3);
#1671=CIRCLE('',#6129,1.4);
#1672=CIRCLE('',#6130,21.1);
#1673=CIRCLE('',#6131,2.9);
#1674=CIRCLE('',#6132,21.1);
#1675=CIRCLE('',#6133,1.4);
#1676=CIRCLE('',#6134,18.3);
#1677=CIRCLE('',#6135,2.9);
#1678=CIRCLE('',#6136,18.3);
#1679=CIRCLE('',#6137,1.4);
#1680=CIRCLE('',#6138,21.1);
#1681=CIRCLE('',#6139,2.9);
#1682=CIRCLE('',#6140,21.1);
#1683=CIRCLE('',#6141,1.4);
#1684=CIRCLE('',#6142,21.1);
#1685=CIRCLE('',#6143,2.9);
#1686=CIRCLE('',#6144,21.1);
#1687=CIRCLE('',#6145,1.4);
#1688=CIRCLE('',#6146,18.3);
#1689=CIRCLE('',#6147,2.9);
#1690=CIRCLE('',#6148,18.3);
#1691=CIRCLE('',#6149,1.4);
#1692=CIRCLE('',#6150,21.1);
#1693=CIRCLE('',#6151,2.9);
#1694=CIRCLE('',#6152,21.1);
#1695=CIRCLE('',#6153,1.4);
#1696=CIRCLE('',#6154,18.3);
#1697=CIRCLE('',#6155,2.9);
#1698=CIRCLE('',#6156,18.3);
#1699=CIRCLE('',#6157,1.4);
#1700=CIRCLE('',#6158,1.6);
#1701=CIRCLE('',#6159,1.6);
#1702=CIRCLE('',#6160,1.6);
#1703=CIRCLE('',#6161,1.6);
#1704=CIRCLE('',#6162,0.500000000000002);
#1705=CIRCLE('',#6163,0.5);
#1706=CIRCLE('',#6164,0.500000000000005);
#1707=CIRCLE('',#6165,1.);
#1708=CIRCLE('',#6167,0.500000000000003);
#1709=CIRCLE('',#6169,0.500000000000005);
#1710=CIRCLE('',#6170,1.);
#1711=CIRCLE('',#6171,1.5);
#1712=CIRCLE('',#6173,0.500000000000005);
#1713=CIRCLE('',#6175,0.500000000000005);
#1714=CIRCLE('',#6176,1.);
#1715=CIRCLE('',#6177,1.5);
#1716=CIRCLE('',#6179,0.500000000000003);
#1717=CIRCLE('',#6180,0.500000000000005);
#1718=CIRCLE('',#6181,1.);
#1719=CIRCLE('',#6182,0.5);
#1720=CIRCLE('',#6184,0.500000000000003);
#1721=CIRCLE('',#6186,0.500000000000005);
#1722=CIRCLE('',#6187,1.);
#1723=CIRCLE('',#6188,1.5);
#1724=CIRCLE('',#6190,0.500000000000003);
#1725=CIRCLE('',#6192,0.500000000000003);
#1726=CIRCLE('',#6193,1.);
#1727=CIRCLE('',#6194,1.5);
#1728=CIRCLE('',#6196,0.500000000000007);
#1729=CIRCLE('',#6197,0.500000000000003);
#1730=CIRCLE('',#6198,1.);
#1731=CIRCLE('',#6199,0.5);
#1732=CIRCLE('',#6201,0.500000000000001);
#1733=CIRCLE('',#6203,0.500000000000003);
#1734=CIRCLE('',#6204,1.);
#1735=CIRCLE('',#6205,1.5);
#1736=CIRCLE('',#6207,0.500000000000003);
#1737=CIRCLE('',#6209,0.500000000000007);
#1738=CIRCLE('',#6210,1.);
#1739=CIRCLE('',#6211,1.5);
#1740=CIRCLE('',#6213,0.499999999999999);
#1741=CIRCLE('',#6214,0.500000000000005);
#1742=CIRCLE('',#6215,1.);
#1743=CIRCLE('',#6216,0.5);
#1744=CIRCLE('',#6218,0.500000000000003);
#1745=CIRCLE('',#6220,0.500000000000007);
#1746=CIRCLE('',#6221,1.);
#1747=CIRCLE('',#6222,1.5);
#1748=CIRCLE('',#6224,0.500000000000003);
#1749=CIRCLE('',#6226,0.500000000000007);
#1750=CIRCLE('',#6227,1.);
#1751=CIRCLE('',#6228,1.5);
#1752=CIRCLE('',#6232,1.);
#1753=CIRCLE('',#6235,1.);
#1754=CIRCLE('',#6238,1.);
#1755=CIRCLE('',#6241,1.);
#1756=CIRCLE('',#6244,1.);
#1757=CIRCLE('',#6247,1.);
#1758=CIRCLE('',#6249,1.2);
#1759=CIRCLE('',#6250,1.2);
#1760=CIRCLE('',#6251,1.2);
#1761=CIRCLE('',#6252,1.2);
#1762=CIRCLE('',#6254,0.499999999999993);
#1763=CIRCLE('',#6255,1.5);
#1764=CIRCLE('',#6256,0.500000000000005);
#1765=CIRCLE('',#6257,1.);
#1766=CIRCLE('',#6259,0.500000000000001);
#1767=CIRCLE('',#6260,0.500000000000003);
#1768=CIRCLE('',#6261,0.5);
#1769=CIRCLE('',#6263,0.500000000000003);
#1770=CIRCLE('',#6265,0.500000000000003);
#1771=CIRCLE('',#6266,1.5);
#1772=CIRCLE('',#6268,0.500000000000003);
#1773=CIRCLE('',#6270,0.500000000000003);
#1774=CIRCLE('',#6271,1.5);
#1775=CIRCLE('',#6273,0.499999999999999);
#1776=CIRCLE('',#6274,0.500000000000003);
#1777=CIRCLE('',#6275,0.5);
#1778=CIRCLE('',#6277,0.500000000000003);
#1779=CIRCLE('',#6279,0.500000000000003);
#1780=CIRCLE('',#6280,1.5);
#1781=CIRCLE('',#6282,0.500000000000007);
#1782=CIRCLE('',#6284,0.500000000000003);
#1783=CIRCLE('',#6285,1.5);
#1784=CIRCLE('',#6287,0.500000000000003);
#1785=CIRCLE('',#6288,0.500000000000007);
#1786=CIRCLE('',#6289,1.);
#1787=CIRCLE('',#6290,0.5);
#1788=CIRCLE('',#6292,0.500000000000003);
#1789=CIRCLE('',#6294,0.500000000000012);
#1790=CIRCLE('',#6295,1.);
#1791=CIRCLE('',#6296,1.5);
#1792=CIRCLE('',#6298,0.499999999999997);
#1793=CIRCLE('',#6300,0.500000000000005);
#1794=CIRCLE('',#6301,1.);
#1795=CIRCLE('',#6302,1.5);
#1796=CIRCLE('',#6304,0.499999999999994);
#1797=CIRCLE('',#6305,0.500000000000007);
#1798=CIRCLE('',#6306,1.);
#1799=CIRCLE('',#6307,0.5);
#1800=CIRCLE('',#6309,0.500000000000003);
#1801=CIRCLE('',#6311,0.500000000000008);
#1802=CIRCLE('',#6312,1.);
#1803=CIRCLE('',#6313,1.5);
#1804=CIRCLE('',#6327,1.2);
#1805=CIRCLE('',#6328,1.2);
#1806=CIRCLE('',#6329,1.2);
#1807=CIRCLE('',#6330,1.2);
#1808=CIRCLE('',#6333,0.2);
#1809=CIRCLE('',#6334,1.);
#1810=CIRCLE('',#6335,1.);
#1811=CIRCLE('',#6337,1.);
#1812=CIRCLE('',#6339,0.2);
#1813=CIRCLE('',#6340,1.);
#1814=CIRCLE('',#6341,1.);
#1815=CIRCLE('',#6343,1.);
#1816=CIRCLE('',#6345,0.2);
#1817=CIRCLE('',#6346,1.);
#1818=CIRCLE('',#6347,1.);
#1819=CIRCLE('',#6349,1.);
#1820=CIRCLE('',#6351,0.2);
#1821=CIRCLE('',#6352,1.);
#1822=CIRCLE('',#6353,1.);
#1823=CIRCLE('',#6355,1.);
#1824=CIRCLE('',#6357,0.2);
#1825=CIRCLE('',#6359,0.2);
#1826=CIRCLE('',#6361,0.2);
#1827=CIRCLE('',#6363,0.2);
#1828=CIRCLE('',#6365,0.600000000000001);
#1829=CIRCLE('',#6366,0.599999999999996);
#1830=CIRCLE('',#6367,0.600000000000006);
#1831=CIRCLE('',#6369,0.599999999999998);
#1832=CIRCLE('',#6370,0.600000000000006);
#1833=CIRCLE('',#6371,0.599999999999999);
#1834=CIRCLE('',#6373,0.600000000000003);
#1835=CIRCLE('',#6374,0.600000000000006);
#1836=CIRCLE('',#6375,0.599999999999999);
#1837=CIRCLE('',#6378,0.600000000000006);
#1838=CIRCLE('',#6379,0.600000000000001);
#1839=CIRCLE('',#6380,0.599999999999996);
#1840=CIRCLE('',#6383,0.599999999999998);
#1841=CIRCLE('',#6385,0.600000000000003);
#1842=CIRCLE('',#6386,2.);
#1843=CIRCLE('',#6387,2.6);
#1844=CIRCLE('',#6389,0.600000000000003);
#1845=CIRCLE('',#6391,0.600000000000005);
#1846=CIRCLE('',#6392,8.);
#1847=CIRCLE('',#6393,7.4);
#1848=CIRCLE('',#6395,0.600000000000001);
#1849=CIRCLE('',#6397,0.599999999999995);
#1850=CIRCLE('',#6398,2.);
#1851=CIRCLE('',#6400,0.600000000000002);
#1852=CIRCLE('',#6401,23.32);
#1853=CIRCLE('',#6403,0.599999999999998);
#1854=CIRCLE('',#6404,2.);
#1855=CIRCLE('',#6406,0.600000000000001);
#1856=CIRCLE('',#6408,0.600000000000001);
#1857=CIRCLE('',#6409,8.);
#1858=CIRCLE('',#6410,7.4);
#1859=CIRCLE('',#6412,0.600000000000001);
#1860=CIRCLE('',#6414,0.600000000000001);
#1861=CIRCLE('',#6415,2.);
#1862=CIRCLE('',#6416,2.6);
#1863=CIRCLE('',#6421,0.599999999999996);
#1864=CIRCLE('',#6423,0.600000000000002);
#1865=CIRCLE('',#6424,7.4);
#1866=CIRCLE('',#6425,8.);
#1867=CIRCLE('',#6427,0.599999999999998);
#1868=CIRCLE('',#6429,0.599999999999998);
#1869=CIRCLE('',#6430,8.6);
#1870=CIRCLE('',#6431,8.);
#1871=CIRCLE('',#6433,0.600000000000001);
#1872=CIRCLE('',#6435,0.600000000000001);
#1873=CIRCLE('',#6436,2.);
#1874=CIRCLE('',#6438,0.600000000000001);
#1875=CIRCLE('',#6439,23.32);
#1876=CIRCLE('',#6441,0.600000000000001);
#1877=CIRCLE('',#6442,2.);
#1878=CIRCLE('',#6444,0.600000000000001);
#1879=CIRCLE('',#6446,0.599999999999995);
#1880=CIRCLE('',#6447,8.6);
#1881=CIRCLE('',#6448,8.);
#1882=CIRCLE('',#6450,0.6);
#1883=CIRCLE('',#6452,0.600000000000008);
#1884=CIRCLE('',#6453,7.4);
#1885=CIRCLE('',#6454,8.);
#1886=CIRCLE('',#6473,3.);
#1887=CIRCLE('',#6474,12.5);
#1888=CIRCLE('',#6476,12.5);
#1889=CIRCLE('',#6477,12.5);
#1890=CIRCLE('',#6479,3.);
#1891=CIRCLE('',#6481,0.2);
#1892=CIRCLE('',#6482,1.00000000000001);
#1893=CIRCLE('',#6483,0.200000000000001);
#1894=CIRCLE('',#6484,0.800000000000005);
#1895=CIRCLE('',#6486,0.200000000000008);
#1896=CIRCLE('',#6487,20.5);
#1897=CIRCLE('',#6488,20.7);
#1898=CIRCLE('',#6490,0.200000000000001);
#1899=CIRCLE('',#6491,0.800000000000005);
#1900=CIRCLE('',#6492,1.00000000000001);
#1901=CIRCLE('',#6494,18.9);
#1902=CIRCLE('',#6495,18.7);
#1903=CIRCLE('',#6497,20.7);
#1904=CIRCLE('',#6499,1.00000000000001);
#1905=CIRCLE('',#6502,0.2);
#1906=CIRCLE('',#6503,1.00000000000001);
#1907=CIRCLE('',#6504,0.199999999999998);
#1908=CIRCLE('',#6506,0.199999999999995);
#1909=CIRCLE('',#6508,0.199999999999999);
#1910=CIRCLE('',#6510,18.7);
#1911=CIRCLE('',#6513,0.2);
#1912=CIRCLE('',#6514,18.7);
#1913=CIRCLE('',#6515,0.200000000000001);
#1914=CIRCLE('',#6516,18.9);
#1915=CIRCLE('',#6518,0.200000000000001);
#1916=CIRCLE('',#6519,0.800000000000005);
#1917=CIRCLE('',#6520,1.00000000000001);
#1918=CIRCLE('',#6522,0.200000000000009);
#1919=CIRCLE('',#6523,20.5);
#1920=CIRCLE('',#6524,20.7);
#1921=CIRCLE('',#6526,0.800000000000005);
#1922=CIRCLE('',#6527,1.00000000000001);
#1923=CIRCLE('',#6529,1.00000000000001);
#1924=CIRCLE('',#6531,18.7);
#1925=CIRCLE('',#6534,0.2);
#1926=CIRCLE('',#6535,1.00000000000001);
#1927=CIRCLE('',#6536,0.199999999999998);
#1928=CIRCLE('',#6538,0.199999999999989);
#1929=CIRCLE('',#6539,20.7);
#1930=CIRCLE('',#6541,0.199999999999999);
#1931=CIRCLE('',#6546,0.2);
#1932=CIRCLE('',#6547,1.00000000000001);
#1933=CIRCLE('',#6548,0.200000000000001);
#1934=CIRCLE('',#6549,0.800000000000005);
#1935=CIRCLE('',#6551,0.200000000000001);
#1936=CIRCLE('',#6552,18.9);
#1937=CIRCLE('',#6553,18.7);
#1938=CIRCLE('',#6555,0.200000000000001);
#1939=CIRCLE('',#6556,0.800000000000005);
#1940=CIRCLE('',#6557,1.00000000000001);
#1941=CIRCLE('',#6559,20.5);
#1942=CIRCLE('',#6560,20.7);
#1943=CIRCLE('',#6562,18.7);
#1944=CIRCLE('',#6564,1.00000000000001);
#1945=CIRCLE('',#6567,0.2);
#1946=CIRCLE('',#6568,1.00000000000001);
#1947=CIRCLE('',#6569,0.199999999999999);
#1948=CIRCLE('',#6571,0.199999999999994);
#1949=CIRCLE('',#6573,0.199999999999998);
#1950=CIRCLE('',#6575,20.7);
#1951=CIRCLE('',#6578,0.2);
#1952=CIRCLE('',#6579,1.00000000000001);
#1953=CIRCLE('',#6580,0.200000000000001);
#1954=CIRCLE('',#6581,0.800000000000005);
#1955=CIRCLE('',#6583,0.200000000000001);
#1956=CIRCLE('',#6584,18.9);
#1957=CIRCLE('',#6585,18.7);
#1958=CIRCLE('',#6587,0.200000000000001);
#1959=CIRCLE('',#6588,0.800000000000005);
#1960=CIRCLE('',#6589,1.00000000000001);
#1961=CIRCLE('',#6591,20.5);
#1962=CIRCLE('',#6592,20.7);
#1963=CIRCLE('',#6594,18.7);
#1964=CIRCLE('',#6596,1.00000000000001);
#1965=CIRCLE('',#6599,0.2);
#1966=CIRCLE('',#6600,1.00000000000001);
#1967=CIRCLE('',#6601,0.199999999999999);
#1968=CIRCLE('',#6603,0.200000000000001);
#1969=CIRCLE('',#6605,0.199999999999998);
#1970=CIRCLE('',#6607,20.7);
#1971=CIRCLE('',#6610,0.2);
#1972=CIRCLE('',#6611,1.4);
#1973=CIRCLE('',#6613,1.4);
#1974=CIRCLE('',#6614,1.4);
#1975=CIRCLE('',#6616,0.2);
#1976=CIRCLE('',#6617,1.4);
#1977=CIRCLE('',#6619,1.4);
#1978=CIRCLE('',#6620,1.4);
#1979=CIRCLE('',#6622,0.2);
#1980=CIRCLE('',#6623,1.4);
#1981=CIRCLE('',#6625,1.4);
#1982=CIRCLE('',#6626,1.4);
#1983=CIRCLE('',#6628,1.4);
#1984=CIRCLE('',#6629,0.2);
#1985=CIRCLE('',#6630,1.2);
#1986=CIRCLE('',#6632,1.4);
#1987=CIRCLE('',#6635,0.2);
#1988=CIRCLE('',#6637,1.6);
#1989=CIRCLE('',#6638,0.2);
#1990=CIRCLE('',#6640,2.5);
#1991=CIRCLE('',#6642,0.2);
#1992=CIRCLE('',#6643,2.7);
#1993=CIRCLE('',#6644,2.7);
#1994=CIRCLE('',#6646,2.7);
#1995=CIRCLE('',#6647,2.7);
#1996=CIRCLE('',#6648,2.7);
#1997=CIRCLE('',#6649,2.7);
#1998=CIRCLE('',#6650,2.7);
#1999=CIRCLE('',#6651,0.200000000000001);
#2000=CIRCLE('',#6652,0.2);
#2001=CIRCLE('',#6653,0.2);
#2002=CIRCLE('',#6654,0.2);
#2003=CIRCLE('',#6656,2.9);
#2004=CIRCLE('',#6658,0.199999999999998);
#2005=CIRCLE('',#6659,20.7);
#2006=CIRCLE('',#6660,20.9);
#2007=CIRCLE('',#6662,0.199999999999996);
#2008=CIRCLE('',#6663,0.999999999999999);
#2009=CIRCLE('',#6664,1.2);
#2010=CIRCLE('',#6666,18.7);
#2011=CIRCLE('',#6667,18.5);
#2012=CIRCLE('',#6668,0.199999999999996);
#2013=CIRCLE('',#6669,0.2);
#2014=CIRCLE('',#6671,0.2);
#2015=CIRCLE('',#6672,0.200000000000001);
#2016=CIRCLE('',#6673,0.199999999999997);
#2017=CIRCLE('',#6674,0.200000000000001);
#2018=CIRCLE('',#6675,0.2);
#2019=CIRCLE('',#6677,0.199999999999998);
#2020=CIRCLE('',#6678,18.7);
#2021=CIRCLE('',#6679,18.5);
#2022=CIRCLE('',#6681,0.199999999999998);
#2023=CIRCLE('',#6682,0.999999999999999);
#2024=CIRCLE('',#6683,1.2);
#2025=CIRCLE('',#6685,20.7);
#2026=CIRCLE('',#6686,20.9);
#2027=CIRCLE('',#6688,2.9);
#2028=CIRCLE('',#6690,0.2);
#2029=CIRCLE('',#6691,0.200000000000001);
#2030=CIRCLE('',#6692,0.2);
#2031=CIRCLE('',#6695,0.2);
#2032=CIRCLE('',#6696,20.9);
#2033=CIRCLE('',#6698,0.2);
#2034=CIRCLE('',#6699,1.2);
#2035=CIRCLE('',#6701,18.5);
#2036=CIRCLE('',#6703,0.2);
#2037=CIRCLE('',#6704,0.200000000000001);
#2038=CIRCLE('',#6705,0.200000000000001);
#2039=CIRCLE('',#6709,0.2);
#2040=CIRCLE('',#6710,0.200000000000003);
#2041=CIRCLE('',#6711,0.2);
#2042=CIRCLE('',#6713,0.2);
#2043=CIRCLE('',#6714,18.5);
#2044=CIRCLE('',#6716,0.2);
#2045=CIRCLE('',#6717,1.2);
#2046=CIRCLE('',#6719,20.9);
#2047=CIRCLE('',#6730,1.4);
#2048=CIRCLE('',#6731,0.2);
#2049=CIRCLE('',#6733,1.4);
#2050=CIRCLE('',#6735,0.2);
#2051=CIRCLE('',#6736,1.2);
#2052=CIRCLE('',#6739,2.5);
#2053=CIRCLE('',#6740,0.2);
#2054=CIRCLE('',#6741,2.7);
#2055=CIRCLE('',#6742,2.7);
#2056=CIRCLE('',#6744,1.6);
#2057=CIRCLE('',#6746,2.7);
#2058=CIRCLE('',#6747,2.7);
#2059=CIRCLE('',#6748,2.7);
#2060=CIRCLE('',#6749,2.7);
#2061=CIRCLE('',#6750,2.7);
#2062=CIRCLE('',#6752,0.2);
#2063=CIRCLE('',#6753,0.200000000000001);
#2064=CIRCLE('',#6754,0.2);
#2065=CIRCLE('',#6755,0.2);
#2066=CIRCLE('',#6756,0.200000000000001);
#2067=CIRCLE('',#6758,2.9);
#2068=CIRCLE('',#6760,0.199999999999998);
#2069=CIRCLE('',#6761,20.7);
#2070=CIRCLE('',#6762,20.9);
#2071=CIRCLE('',#6764,0.199999999999993);
#2072=CIRCLE('',#6765,0.999999999999999);
#2073=CIRCLE('',#6766,1.2);
#2074=CIRCLE('',#6768,18.7);
#2075=CIRCLE('',#6769,18.5);
#2076=CIRCLE('',#6771,0.2);
#2077=CIRCLE('',#6772,0.200000000000001);
#2078=CIRCLE('',#6773,0.199999999999997);
#2079=CIRCLE('',#6774,0.199999999999997);
#2080=CIRCLE('',#6775,0.2);
#2081=CIRCLE('',#6776,0.200000000000005);
#2082=CIRCLE('',#6777,0.2);
#2083=CIRCLE('',#6779,0.200000000000003);
#2084=CIRCLE('',#6780,18.7);
#2085=CIRCLE('',#6781,18.5);
#2086=CIRCLE('',#6783,0.199999999999996);
#2087=CIRCLE('',#6784,0.999999999999999);
#2088=CIRCLE('',#6785,1.2);
#2089=CIRCLE('',#6787,20.7);
#2090=CIRCLE('',#6788,20.9);
#2091=CIRCLE('',#6790,2.9);
#2092=CIRCLE('',#6792,0.2);
#2093=CIRCLE('',#6793,0.200000000000005);
#2094=CIRCLE('',#6794,0.2);
#2095=CIRCLE('',#6797,0.2);
#2096=CIRCLE('',#6798,20.9);
#2097=CIRCLE('',#6800,0.2);
#2098=CIRCLE('',#6801,1.2);
#2099=CIRCLE('',#6803,18.5);
#2100=CIRCLE('',#6805,0.2);
#2101=CIRCLE('',#6806,0.200000000000001);
#2102=CIRCLE('',#6807,0.200000000000001);
#2103=CIRCLE('',#6811,0.2);
#2104=CIRCLE('',#6812,0.200000000000003);
#2105=CIRCLE('',#6813,0.2);
#2106=CIRCLE('',#6815,0.2);
#2107=CIRCLE('',#6816,18.5);
#2108=CIRCLE('',#6818,0.2);
#2109=CIRCLE('',#6819,1.2);
#2110=CIRCLE('',#6821,20.9);
#2111=CIRCLE('',#6832,1.4);
#2112=CIRCLE('',#6833,0.2);
#2113=CIRCLE('',#6835,1.4);
#2114=CIRCLE('',#6837,0.2);
#2115=CIRCLE('',#6838,1.2);
#2116=CIRCLE('',#6841,2.5);
#2117=CIRCLE('',#6842,0.2);
#2118=CIRCLE('',#6843,2.7);
#2119=CIRCLE('',#6844,2.7);
#2120=CIRCLE('',#6846,2.7);
#2121=CIRCLE('',#6847,2.7);
#2122=CIRCLE('',#6848,2.7);
#2123=CIRCLE('',#6849,2.7);
#2124=CIRCLE('',#6850,2.7);
#2125=CIRCLE('',#6852,1.6);
#2126=CIRCLE('',#6853,0.200000000000001);
#2127=CIRCLE('',#6854,0.2);
#2128=CIRCLE('',#6855,0.2);
#2129=CIRCLE('',#6856,0.2);
#2130=CIRCLE('',#6857,0.199999999999999);
#2131=CIRCLE('',#6858,0.2);
#2132=CIRCLE('',#6860,0.2);
#2133=CIRCLE('',#6861,0.200000000000001);
#2134=CIRCLE('',#6862,0.200000000000002);
#2135=CIRCLE('',#6863,0.200000000000001);
#2136=CIRCLE('',#6864,0.2);
#2137=CIRCLE('',#6866,0.199999999999993);
#2138=CIRCLE('',#6867,20.7);
#2139=CIRCLE('',#6868,20.9);
#2140=CIRCLE('',#6870,0.199999999999996);
#2141=CIRCLE('',#6871,0.999999999999999);
#2142=CIRCLE('',#6872,1.2);
#2143=CIRCLE('',#6874,18.7);
#2144=CIRCLE('',#6875,18.5);
#2145=CIRCLE('',#6877,2.9);
#2146=CIRCLE('',#6879,0.200000000000001);
#2147=CIRCLE('',#6880,0.200000000000001);
#2148=CIRCLE('',#6881,0.2);
#2149=CIRCLE('',#6884,0.200000000000001);
#2150=CIRCLE('',#6885,0.200000000000001);
#2151=CIRCLE('',#6886,0.2);
#2152=CIRCLE('',#6889,0.2);
#2153=CIRCLE('',#6890,18.5);
#2154=CIRCLE('',#6892,0.2);
#2155=CIRCLE('',#6893,1.2);
#2156=CIRCLE('',#6895,20.9);
#2157=CIRCLE('',#6897,0.2);
#2158=CIRCLE('',#6898,0.199999999999997);
#2159=CIRCLE('',#6899,0.200000000000001);
#2160=CIRCLE('',#6901,0.2);
#2161=CIRCLE('',#6902,20.9);
#2162=CIRCLE('',#6904,0.2);
#2163=CIRCLE('',#6905,1.2);
#2164=CIRCLE('',#6907,18.5);
#2165=CIRCLE('',#6913,2.9);
#2166=CIRCLE('',#6915,0.199999999999999);
#2167=CIRCLE('',#6916,18.7);
#2168=CIRCLE('',#6917,18.5);
#2169=CIRCLE('',#6919,0.199999999999998);
#2170=CIRCLE('',#6920,0.999999999999999);
#2171=CIRCLE('',#6921,1.2);
#2172=CIRCLE('',#6923,20.7);
#2173=CIRCLE('',#6924,20.9);
#2174=CIRCLE('',#6932,0.2);
#2175=CIRCLE('',#6934,1.4);
#2176=CIRCLE('',#6935,0.2);
#2177=CIRCLE('',#6937,1.4);
#2178=CIRCLE('',#6939,0.2);
#2179=CIRCLE('',#6940,1.2);
#2180=CIRCLE('',#6943,0.2);
#2181=CIRCLE('',#6944,1.4);
#2182=CIRCLE('',#6946,1.4);
#2183=CIRCLE('',#6947,1.4);
#2184=CIRCLE('',#6949,1.6);
#2185=CIRCLE('',#6950,0.2);
#2186=CIRCLE('',#6952,2.5);
#2187=CIRCLE('',#6954,0.2);
#2188=CIRCLE('',#6955,2.7);
#2189=CIRCLE('',#6956,2.7);
#2190=CIRCLE('',#6958,2.7);
#2191=CIRCLE('',#6959,2.7);
#2192=CIRCLE('',#6960,2.7);
#2193=CIRCLE('',#6961,2.7);
#2194=CIRCLE('',#6962,2.7);
#2195=CIRCLE('',#6963,0.200000000000003);
#2196=CIRCLE('',#6964,0.2);
#2197=CIRCLE('',#6965,0.200000000000005);
#2198=CIRCLE('',#6966,0.2);
#2199=CIRCLE('',#6968,0.199999999999996);
#2200=CIRCLE('',#6969,18.7);
#2201=CIRCLE('',#6970,18.5);
#2202=CIRCLE('',#6972,0.199999999999998);
#2203=CIRCLE('',#6973,0.999999999999999);
#2204=CIRCLE('',#6974,1.2);
#2205=CIRCLE('',#6976,20.7);
#2206=CIRCLE('',#6977,20.9);
#2207=CIRCLE('',#6979,2.9);
#2208=CIRCLE('',#6981,0.2);
#2209=CIRCLE('',#6982,0.200000000000001);
#2210=CIRCLE('',#6983,0.200000000000001);
#2211=CIRCLE('',#6985,0.2);
#2212=CIRCLE('',#6986,0.199999999999998);
#2213=CIRCLE('',#6987,0.2);
#2214=CIRCLE('',#6989,0.2);
#2215=CIRCLE('',#6990,18.5);
#2216=CIRCLE('',#6992,0.2);
#2217=CIRCLE('',#6993,1.2);
#2218=CIRCLE('',#6995,20.9);
#2219=CIRCLE('',#6998,0.2);
#2220=CIRCLE('',#6999,0.200000000000006);
#2221=CIRCLE('',#7000,0.200000000000002);
#2222=CIRCLE('',#7002,0.2);
#2223=CIRCLE('',#7003,0.200000000000005);
#2224=CIRCLE('',#7004,0.2);
#2225=CIRCLE('',#7005,0.200000000000001);
#2226=CIRCLE('',#7006,0.2);
#2227=CIRCLE('',#7007,0.2);
#2228=CIRCLE('',#7008,0.200000000000001);
#2229=CIRCLE('',#7010,2.9);
#2230=CIRCLE('',#7012,0.199999999999993);
#2231=CIRCLE('',#7013,20.7);
#2232=CIRCLE('',#7014,20.9);
#2233=CIRCLE('',#7016,0.199999999999996);
#2234=CIRCLE('',#7017,0.999999999999999);
#2235=CIRCLE('',#7018,1.2);
#2236=CIRCLE('',#7020,18.7);
#2237=CIRCLE('',#7021,18.5);
#2238=CIRCLE('',#7025,0.2);
#2239=CIRCLE('',#7026,20.9);
#2240=CIRCLE('',#7028,0.2);
#2241=CIRCLE('',#7029,1.2);
#2242=CIRCLE('',#7031,18.5);
#2243=VERTEX_POINT('',#9304);
#2244=VERTEX_POINT('',#9305);
#2245=VERTEX_POINT('',#9307);
#2246=VERTEX_POINT('',#9309);
#2247=VERTEX_POINT('',#9313);
#2248=VERTEX_POINT('',#9314);
#2249=VERTEX_POINT('',#9319);
#2250=VERTEX_POINT('',#9320);
#2251=VERTEX_POINT('',#9325);
#2252=VERTEX_POINT('',#9326);
#2253=VERTEX_POINT('',#9331);
#2254=VERTEX_POINT('',#9332);
#2255=VERTEX_POINT('',#9337);
#2256=VERTEX_POINT('',#9338);
#2257=VERTEX_POINT('',#9340);
#2258=VERTEX_POINT('',#9342);
#2259=VERTEX_POINT('',#9368);
#2260=VERTEX_POINT('',#9369);
#2261=VERTEX_POINT('',#9399);
#2262=VERTEX_POINT('',#9400);
#2263=VERTEX_POINT('',#9414);
#2264=VERTEX_POINT('',#9416);
#2265=VERTEX_POINT('',#9421);
#2266=VERTEX_POINT('',#9425);
#2267=VERTEX_POINT('',#9429);
#2268=VERTEX_POINT('',#9431);
#2269=VERTEX_POINT('',#9438);
#2270=VERTEX_POINT('',#9440);
#2271=VERTEX_POINT('',#9442);
#2272=VERTEX_POINT('',#9444);
#2273=VERTEX_POINT('',#9446);
#2274=VERTEX_POINT('',#9448);
#2275=VERTEX_POINT('',#9451);
#2276=VERTEX_POINT('',#9453);
#2277=VERTEX_POINT('',#9454);
#2278=VERTEX_POINT('',#9456);
#2279=VERTEX_POINT('',#9458);
#2280=VERTEX_POINT('',#9461);
#2281=VERTEX_POINT('',#9462);
#2282=VERTEX_POINT('',#9464);
#2283=VERTEX_POINT('',#9466);
#2284=VERTEX_POINT('',#9469);
#2285=VERTEX_POINT('',#9471);
#2286=VERTEX_POINT('',#9473);
#2287=VERTEX_POINT('',#9475);
#2288=VERTEX_POINT('',#9477);
#2289=VERTEX_POINT('',#9478);
#2290=VERTEX_POINT('',#9480);
#2291=VERTEX_POINT('',#9482);
#2292=VERTEX_POINT('',#9485);
#2293=VERTEX_POINT('',#9486);
#2294=VERTEX_POINT('',#9488);
#2295=VERTEX_POINT('',#9490);
#2296=VERTEX_POINT('',#9494);
#2297=VERTEX_POINT('',#9496);
#2298=VERTEX_POINT('',#9500);
#2299=VERTEX_POINT('',#9501);
#2300=VERTEX_POINT('',#9506);
#2301=VERTEX_POINT('',#9507);
#2302=VERTEX_POINT('',#9512);
#2303=VERTEX_POINT('',#9513);
#2304=VERTEX_POINT('',#9518);
#2305=VERTEX_POINT('',#9519);
#2306=VERTEX_POINT('',#9524);
#2307=VERTEX_POINT('',#9529);
#2308=VERTEX_POINT('',#9552);
#2309=VERTEX_POINT('',#9578);
#2310=VERTEX_POINT('',#9587);
#2311=VERTEX_POINT('',#9589);
#2312=VERTEX_POINT('',#9591);
#2313=VERTEX_POINT('',#9593);
#2314=VERTEX_POINT('',#9595);
#2315=VERTEX_POINT('',#9597);
#2316=VERTEX_POINT('',#9600);
#2317=VERTEX_POINT('',#9602);
#2318=VERTEX_POINT('',#9603);
#2319=VERTEX_POINT('',#9605);
#2320=VERTEX_POINT('',#9607);
#2321=VERTEX_POINT('',#9609);
#2322=VERTEX_POINT('',#9611);
#2323=VERTEX_POINT('',#9613);
#2324=VERTEX_POINT('',#9615);
#2325=VERTEX_POINT('',#9618);
#2326=VERTEX_POINT('',#9619);
#2327=VERTEX_POINT('',#9621);
#2328=VERTEX_POINT('',#9623);
#2329=VERTEX_POINT('',#9625);
#2330=VERTEX_POINT('',#9627);
#2331=VERTEX_POINT('',#9629);
#2332=VERTEX_POINT('',#9631);
#2333=VERTEX_POINT('',#9634);
#2334=VERTEX_POINT('',#9635);
#2335=VERTEX_POINT('',#9637);
#2336=VERTEX_POINT('',#9639);
#2337=VERTEX_POINT('',#9641);
#2338=VERTEX_POINT('',#9643);
#2339=VERTEX_POINT('',#9645);
#2340=VERTEX_POINT('',#9647);
#2341=VERTEX_POINT('',#9650);
#2342=VERTEX_POINT('',#9651);
#2343=VERTEX_POINT('',#9653);
#2344=VERTEX_POINT('',#9655);
#2345=VERTEX_POINT('',#9657);
#2346=VERTEX_POINT('',#9659);
#2347=VERTEX_POINT('',#9661);
#2348=VERTEX_POINT('',#9663);
#2349=VERTEX_POINT('',#9666);
#2350=VERTEX_POINT('',#9668);
#2351=VERTEX_POINT('',#9670);
#2352=VERTEX_POINT('',#9672);
#2353=VERTEX_POINT('',#9683);
#2354=VERTEX_POINT('',#9684);
#2355=VERTEX_POINT('',#9686);
#2356=VERTEX_POINT('',#9688);
#2357=VERTEX_POINT('',#9692);
#2358=VERTEX_POINT('',#9693);
#2359=VERTEX_POINT('',#9698);
#2360=VERTEX_POINT('',#9699);
#2361=VERTEX_POINT('',#9704);
#2362=VERTEX_POINT('',#9705);
#2363=VERTEX_POINT('',#9710);
#2364=VERTEX_POINT('',#9711);
#2365=VERTEX_POINT('',#9716);
#2366=VERTEX_POINT('',#9717);
#2367=VERTEX_POINT('',#9730);
#2368=VERTEX_POINT('',#9731);
#2369=VERTEX_POINT('',#9736);
#2370=VERTEX_POINT('',#9737);
#2371=VERTEX_POINT('',#9742);
#2372=VERTEX_POINT('',#9743);
#2373=VERTEX_POINT('',#9748);
#2374=VERTEX_POINT('',#9749);
#2375=VERTEX_POINT('',#9754);
#2376=VERTEX_POINT('',#9755);
#2377=VERTEX_POINT('',#9760);
#2378=VERTEX_POINT('',#9761);
#2379=VERTEX_POINT('',#9774);
#2380=VERTEX_POINT('',#9775);
#2381=VERTEX_POINT('',#9780);
#2382=VERTEX_POINT('',#9781);
#2383=VERTEX_POINT('',#9786);
#2384=VERTEX_POINT('',#9787);
#2385=VERTEX_POINT('',#9792);
#2386=VERTEX_POINT('',#9793);
#2387=VERTEX_POINT('',#9798);
#2388=VERTEX_POINT('',#9799);
#2389=VERTEX_POINT('',#9804);
#2390=VERTEX_POINT('',#9805);
#2391=VERTEX_POINT('',#9818);
#2392=VERTEX_POINT('',#9819);
#2393=VERTEX_POINT('',#9824);
#2394=VERTEX_POINT('',#9825);
#2395=VERTEX_POINT('',#9830);
#2396=VERTEX_POINT('',#9831);
#2397=VERTEX_POINT('',#9836);
#2398=VERTEX_POINT('',#9837);
#2399=VERTEX_POINT('',#9842);
#2400=VERTEX_POINT('',#9843);
#2401=VERTEX_POINT('',#9851);
#2402=VERTEX_POINT('',#9853);
#2403=VERTEX_POINT('',#9857);
#2404=VERTEX_POINT('',#9861);
#2405=VERTEX_POINT('',#9865);
#2406=VERTEX_POINT('',#9869);
#2407=VERTEX_POINT('',#9873);
#2408=VERTEX_POINT('',#9877);
#2409=VERTEX_POINT('',#9881);
#2410=VERTEX_POINT('',#9885);
#2411=VERTEX_POINT('',#9889);
#2412=VERTEX_POINT('',#9893);
#2413=VERTEX_POINT('',#9897);
#2414=VERTEX_POINT('',#9901);
#2415=VERTEX_POINT('',#9902);
#2416=VERTEX_POINT('',#9904);
#2417=VERTEX_POINT('',#9906);
#2418=VERTEX_POINT('',#9909);
#2419=VERTEX_POINT('',#9911);
#2420=VERTEX_POINT('',#9913);
#2421=VERTEX_POINT('',#9915);
#2422=VERTEX_POINT('',#9918);
#2423=VERTEX_POINT('',#9919);
#2424=VERTEX_POINT('',#9921);
#2425=VERTEX_POINT('',#9923);
#2426=VERTEX_POINT('',#9927);
#2427=VERTEX_POINT('',#9940);
#2428=VERTEX_POINT('',#9944);
#2429=VERTEX_POINT('',#9948);
#2430=VERTEX_POINT('',#9952);
#2431=VERTEX_POINT('',#9956);
#2432=VERTEX_POINT('',#9960);
#2433=VERTEX_POINT('',#9972);
#2434=VERTEX_POINT('',#9976);
#2435=VERTEX_POINT('',#9980);
#2436=VERTEX_POINT('',#9984);
#2437=VERTEX_POINT('',#9988);
#2438=VERTEX_POINT('',#9992);
#2439=VERTEX_POINT('',#10004);
#2440=VERTEX_POINT('',#10005);
#2441=VERTEX_POINT('',#10010);
#2442=VERTEX_POINT('',#10011);
#2443=VERTEX_POINT('',#10016);
#2444=VERTEX_POINT('',#10017);
#2445=VERTEX_POINT('',#10022);
#2446=VERTEX_POINT('',#10023);
#2447=VERTEX_POINT('',#10028);
#2448=VERTEX_POINT('',#10029);
#2449=VERTEX_POINT('',#10034);
#2450=VERTEX_POINT('',#10035);
#2451=VERTEX_POINT('',#10048);
#2452=VERTEX_POINT('',#10049);
#2453=VERTEX_POINT('',#10054);
#2454=VERTEX_POINT('',#10055);
#2455=VERTEX_POINT('',#10060);
#2456=VERTEX_POINT('',#10061);
#2457=VERTEX_POINT('',#10091);
#2458=VERTEX_POINT('',#10092);
#2459=VERTEX_POINT('',#10094);
#2460=VERTEX_POINT('',#10096);
#2461=VERTEX_POINT('',#10099);
#2462=VERTEX_POINT('',#10101);
#2463=VERTEX_POINT('',#10103);
#2464=VERTEX_POINT('',#10105);
#2465=VERTEX_POINT('',#10109);
#2466=VERTEX_POINT('',#10111);
#2467=VERTEX_POINT('',#10115);
#2468=VERTEX_POINT('',#10119);
#2469=VERTEX_POINT('',#10121);
#2470=VERTEX_POINT('',#10125);
#2471=VERTEX_POINT('',#10129);
#2472=VERTEX_POINT('',#10131);
#2473=VERTEX_POINT('',#10135);
#2474=VERTEX_POINT('',#10139);
#2475=VERTEX_POINT('',#10141);
#2476=VERTEX_POINT('',#10145);
#2477=VERTEX_POINT('',#10157);
#2478=VERTEX_POINT('',#10158);
#2479=VERTEX_POINT('',#10163);
#2480=VERTEX_POINT('',#10165);
#2481=VERTEX_POINT('',#10169);
#2482=VERTEX_POINT('',#10171);
#2483=VERTEX_POINT('',#10178);
#2484=VERTEX_POINT('',#10180);
#2485=VERTEX_POINT('',#10187);
#2486=VERTEX_POINT('',#10191);
#2487=VERTEX_POINT('',#10192);
#2488=VERTEX_POINT('',#10197);
#2489=VERTEX_POINT('',#10198);
#2490=VERTEX_POINT('',#10203);
#2491=VERTEX_POINT('',#10208);
#2492=VERTEX_POINT('',#10212);
#2493=VERTEX_POINT('',#10216);
#2494=VERTEX_POINT('',#10220);
#2495=VERTEX_POINT('',#10224);
#2496=VERTEX_POINT('',#10228);
#2497=VERTEX_POINT('',#10229);
#2498=VERTEX_POINT('',#10234);
#2499=VERTEX_POINT('',#10235);
#2500=VERTEX_POINT('',#10240);
#2501=VERTEX_POINT('',#10251);
#2502=VERTEX_POINT('',#10255);
#2503=VERTEX_POINT('',#10256);
#2504=VERTEX_POINT('',#10261);
#2505=VERTEX_POINT('',#10262);
#2506=VERTEX_POINT('',#10267);
#2507=VERTEX_POINT('',#10272);
#2508=VERTEX_POINT('',#10276);
#2509=VERTEX_POINT('',#10280);
#2510=VERTEX_POINT('',#10284);
#2511=VERTEX_POINT('',#10288);
#2512=VERTEX_POINT('',#10292);
#2513=VERTEX_POINT('',#10293);
#2514=VERTEX_POINT('',#10298);
#2515=VERTEX_POINT('',#10299);
#2516=VERTEX_POINT('',#10304);
#2517=VERTEX_POINT('',#10339);
#2518=VERTEX_POINT('',#10343);
#2519=VERTEX_POINT('',#10344);
#2520=VERTEX_POINT('',#10351);
#2521=VERTEX_POINT('',#10352);
#2522=VERTEX_POINT('',#10354);
#2523=VERTEX_POINT('',#10356);
#2524=VERTEX_POINT('',#10360);
#2525=VERTEX_POINT('',#10361);
#2526=VERTEX_POINT('',#10366);
#2527=VERTEX_POINT('',#10367);
#2528=VERTEX_POINT('',#10375);
#2529=VERTEX_POINT('',#10377);
#2530=VERTEX_POINT('',#10381);
#2531=VERTEX_POINT('',#10386);
#2532=VERTEX_POINT('',#10399);
#2533=VERTEX_POINT('',#10400);
#2534=VERTEX_POINT('',#10402);
#2535=VERTEX_POINT('',#10404);
#2536=VERTEX_POINT('',#10408);
#2537=VERTEX_POINT('',#10409);
#2538=VERTEX_POINT('',#10414);
#2539=VERTEX_POINT('',#10415);
#2540=VERTEX_POINT('',#10423);
#2541=VERTEX_POINT('',#10425);
#2542=VERTEX_POINT('',#10429);
#2543=VERTEX_POINT('',#10435);
#2544=VERTEX_POINT('',#10448);
#2545=VERTEX_POINT('',#10449);
#2546=VERTEX_POINT('',#10451);
#2547=VERTEX_POINT('',#10453);
#2548=VERTEX_POINT('',#10457);
#2549=VERTEX_POINT('',#10458);
#2550=VERTEX_POINT('',#10463);
#2551=VERTEX_POINT('',#10464);
#2552=VERTEX_POINT('',#10472);
#2553=VERTEX_POINT('',#10474);
#2554=VERTEX_POINT('',#10478);
#2555=VERTEX_POINT('',#10483);
#2556=VERTEX_POINT('',#10496);
#2557=VERTEX_POINT('',#10497);
#2558=VERTEX_POINT('',#10499);
#2559=VERTEX_POINT('',#10501);
#2560=VERTEX_POINT('',#10505);
#2561=VERTEX_POINT('',#10506);
#2562=VERTEX_POINT('',#10511);
#2563=VERTEX_POINT('',#10512);
#2564=VERTEX_POINT('',#10520);
#2565=VERTEX_POINT('',#10522);
#2566=VERTEX_POINT('',#10526);
#2567=VERTEX_POINT('',#10531);
#2568=VERTEX_POINT('',#10544);
#2569=VERTEX_POINT('',#10548);
#2570=VERTEX_POINT('',#10550);
#2571=VERTEX_POINT('',#10554);
#2572=VERTEX_POINT('',#10558);
#2573=VERTEX_POINT('',#10560);
#2574=VERTEX_POINT('',#10564);
#2575=VERTEX_POINT('',#10568);
#2576=VERTEX_POINT('',#10570);
#2577=VERTEX_POINT('',#10574);
#2578=VERTEX_POINT('',#10576);
#2579=VERTEX_POINT('',#10580);
#2580=VERTEX_POINT('',#10587);
#2581=VERTEX_POINT('',#10591);
#2582=VERTEX_POINT('',#10594);
#2583=VERTEX_POINT('',#10596);
#2584=VERTEX_POINT('',#10600);
#2585=VERTEX_POINT('',#10601);
#2586=VERTEX_POINT('',#10603);
#2587=VERTEX_POINT('',#10605);
#2588=VERTEX_POINT('',#10612);
#2589=VERTEX_POINT('',#10614);
#2590=VERTEX_POINT('',#10620);
#2591=VERTEX_POINT('',#10622);
#2592=VERTEX_POINT('',#10624);
#2593=VERTEX_POINT('',#10626);
#2594=VERTEX_POINT('',#10632);
#2595=VERTEX_POINT('',#10635);
#2596=VERTEX_POINT('',#10637);
#2597=VERTEX_POINT('',#10675);
#2598=VERTEX_POINT('',#10677);
#2599=VERTEX_POINT('',#10710);
#2600=VERTEX_POINT('',#10712);
#2601=VERTEX_POINT('',#10722);
#2602=VERTEX_POINT('',#10723);
#2603=VERTEX_POINT('',#10728);
#2604=VERTEX_POINT('',#10729);
#2605=VERTEX_POINT('',#10766);
#2606=VERTEX_POINT('',#10767);
#2607=VERTEX_POINT('',#10778);
#2608=VERTEX_POINT('',#10806);
#2609=VERTEX_POINT('',#10808);
#2610=VERTEX_POINT('',#10816);
#2611=VERTEX_POINT('',#10817);
#2612=VERTEX_POINT('',#10822);
#2613=VERTEX_POINT('',#10823);
#2614=VERTEX_POINT('',#10834);
#2615=VERTEX_POINT('',#10840);
#2616=VERTEX_POINT('',#10844);
#2617=VERTEX_POINT('',#10850);
#2618=VERTEX_POINT('',#10859);
#2619=VERTEX_POINT('',#10863);
#2620=VERTEX_POINT('',#10867);
#2621=VERTEX_POINT('',#10888);
#2622=VERTEX_POINT('',#10892);
#2623=VERTEX_POINT('',#10896);
#2624=VERTEX_POINT('',#10901);
#2625=VERTEX_POINT('',#10903);
#2626=VERTEX_POINT('',#10905);
#2627=VERTEX_POINT('',#10909);
#2628=VERTEX_POINT('',#10912);
#2629=VERTEX_POINT('',#10913);
#2630=VERTEX_POINT('',#10915);
#2631=VERTEX_POINT('',#10917);
#2632=VERTEX_POINT('',#10924);
#2633=VERTEX_POINT('',#10926);
#2634=VERTEX_POINT('',#10932);
#2635=VERTEX_POINT('',#10934);
#2636=VERTEX_POINT('',#10936);
#2637=VERTEX_POINT('',#10938);
#2638=VERTEX_POINT('',#10944);
#2639=VERTEX_POINT('',#10946);
#2640=VERTEX_POINT('',#10953);
#2641=VERTEX_POINT('',#10989);
#2642=VERTEX_POINT('',#10991);
#2643=VERTEX_POINT('',#11024);
#2644=VERTEX_POINT('',#11026);
#2645=VERTEX_POINT('',#11036);
#2646=VERTEX_POINT('',#11037);
#2647=VERTEX_POINT('',#11042);
#2648=VERTEX_POINT('',#11043);
#2649=VERTEX_POINT('',#11052);
#2650=VERTEX_POINT('',#11085);
#2651=VERTEX_POINT('',#11086);
#2652=VERTEX_POINT('',#11120);
#2653=VERTEX_POINT('',#11122);
#2654=VERTEX_POINT('',#11130);
#2655=VERTEX_POINT('',#11131);
#2656=VERTEX_POINT('',#11136);
#2657=VERTEX_POINT('',#11137);
#2658=VERTEX_POINT('',#11148);
#2659=VERTEX_POINT('',#11154);
#2660=VERTEX_POINT('',#11158);
#2661=VERTEX_POINT('',#11164);
#2662=VERTEX_POINT('',#11173);
#2663=VERTEX_POINT('',#11177);
#2664=VERTEX_POINT('',#11181);
#2665=VERTEX_POINT('',#11202);
#2666=VERTEX_POINT('',#11206);
#2667=VERTEX_POINT('',#11210);
#2668=VERTEX_POINT('',#11215);
#2669=VERTEX_POINT('',#11217);
#2670=VERTEX_POINT('',#11219);
#2671=VERTEX_POINT('',#11223);
#2672=VERTEX_POINT('',#11224);
#2673=VERTEX_POINT('',#11231);
#2674=VERTEX_POINT('',#11233);
#2675=VERTEX_POINT('',#11239);
#2676=VERTEX_POINT('',#11241);
#2677=VERTEX_POINT('',#11244);
#2678=VERTEX_POINT('',#11246);
#2679=VERTEX_POINT('',#11248);
#2680=VERTEX_POINT('',#11254);
#2681=VERTEX_POINT('',#11256);
#2682=VERTEX_POINT('',#11263);
#2683=VERTEX_POINT('',#11265);
#2684=VERTEX_POINT('',#11269);
#2685=VERTEX_POINT('',#11296);
#2686=VERTEX_POINT('',#11298);
#2687=VERTEX_POINT('',#11330);
#2688=VERTEX_POINT('',#11332);
#2689=VERTEX_POINT('',#11369);
#2690=VERTEX_POINT('',#11370);
#2691=VERTEX_POINT('',#11381);
#2692=VERTEX_POINT('',#11414);
#2693=VERTEX_POINT('',#11416);
#2694=VERTEX_POINT('',#11425);
#2695=VERTEX_POINT('',#11426);
#2696=VERTEX_POINT('',#11431);
#2697=VERTEX_POINT('',#11432);
#2698=VERTEX_POINT('',#11443);
#2699=VERTEX_POINT('',#11450);
#2700=VERTEX_POINT('',#11456);
#2701=VERTEX_POINT('',#11460);
#2702=VERTEX_POINT('',#11467);
#2703=VERTEX_POINT('',#11471);
#2704=VERTEX_POINT('',#11475);
#2705=VERTEX_POINT('',#11489);
#2706=VERTEX_POINT('',#11490);
#2707=VERTEX_POINT('',#11495);
#2708=VERTEX_POINT('',#11496);
#2709=VERTEX_POINT('',#11516);
#2710=VERTEX_POINT('',#11520);
#2711=VERTEX_POINT('',#11524);
#2712=VERTEX_POINT('',#11529);
#2713=VERTEX_POINT('',#11533);
#2714=VERTEX_POINT('',#11535);
#2715=VERTEX_POINT('',#11539);
#2716=VERTEX_POINT('',#11543);
#2717=VERTEX_POINT('',#11546);
#2718=VERTEX_POINT('',#11548);
#2719=VERTEX_POINT('',#11552);
#2720=VERTEX_POINT('',#11553);
#2721=VERTEX_POINT('',#11559);
#2722=VERTEX_POINT('',#11561);
#2723=VERTEX_POINT('',#11563);
#2724=VERTEX_POINT('',#11565);
#2725=VERTEX_POINT('',#11571);
#2726=VERTEX_POINT('',#11573);
#2727=VERTEX_POINT('',#11580);
#2728=VERTEX_POINT('',#11582);
#2729=VERTEX_POINT('',#11584);
#2730=VERTEX_POINT('',#11586);
#2731=VERTEX_POINT('',#11593);
#2732=VERTEX_POINT('',#11627);
#2733=VERTEX_POINT('',#11628);
#2734=VERTEX_POINT('',#11662);
#2735=VERTEX_POINT('',#11664);
#2736=VERTEX_POINT('',#11672);
#2737=VERTEX_POINT('',#11673);
#2738=VERTEX_POINT('',#11678);
#2739=VERTEX_POINT('',#11679);
#2740=VERTEX_POINT('',#11689);
#2741=VERTEX_POINT('',#11695);
#2742=VERTEX_POINT('',#11699);
#2743=VERTEX_POINT('',#11703);
#2744=VERTEX_POINT('',#11712);
#2745=VERTEX_POINT('',#11717);
#2746=VERTEX_POINT('',#11750);
#2747=VERTEX_POINT('',#11752);
#2748=VERTEX_POINT('',#11785);
#2749=VERTEX_POINT('',#11787);
#2750=VERTEX_POINT('',#11797);
#2751=VERTEX_POINT('',#11798);
#2752=VERTEX_POINT('',#11803);
#2753=VERTEX_POINT('',#11804);
#2754=VERTEX_POINT('',#11816);
#2755=VERTEX_POINT('',#11820);
#2756=EDGE_CURVE('',#2243,#2244,#1604,.T.);
#2757=EDGE_CURVE('',#2244,#2245,#1605,.T.);
#2758=EDGE_CURVE('',#2245,#2246,#1606,.T.);
#2759=EDGE_CURVE('',#2246,#2243,#1607,.T.);
#2760=EDGE_CURVE('',#2247,#2248,#1608,.T.);
#2761=EDGE_CURVE('',#2248,#2246,#180,.T.);
#2762=EDGE_CURVE('',#2245,#2247,#181,.T.);
#2763=EDGE_CURVE('',#2249,#2250,#1609,.T.);
#2764=EDGE_CURVE('',#2250,#2248,#1610,.T.);
#2765=EDGE_CURVE('',#2247,#2249,#1611,.T.);
#2766=EDGE_CURVE('',#2251,#2252,#1612,.T.);
#2767=EDGE_CURVE('',#2252,#2250,#182,.T.);
#2768=EDGE_CURVE('',#2249,#2251,#183,.T.);
#2769=EDGE_CURVE('',#2253,#2254,#1613,.T.);
#2770=EDGE_CURVE('',#2254,#2252,#1614,.T.);
#2771=EDGE_CURVE('',#2251,#2253,#1615,.T.);
#2772=EDGE_CURVE('',#2255,#2256,#1616,.T.);
#2773=EDGE_CURVE('',#2256,#2257,#1617,.T.);
#2774=EDGE_CURVE('',#2257,#2258,#1618,.T.);
#2775=EDGE_CURVE('',#2258,#2255,#1619,.T.);
#2776=EDGE_CURVE('',#2257,#2244,#184,.T.);
#2777=EDGE_CURVE('',#2243,#2258,#185,.T.);
#2778=EDGE_CURVE('',#2259,#2260,#1620,.T.);
#2779=EDGE_CURVE('',#2260,#2254,#120,.T.);
#2780=EDGE_CURVE('',#2253,#2259,#121,.T.);
#2781=EDGE_CURVE('',#2261,#2262,#1621,.T.);
#2782=EDGE_CURVE('',#2262,#2256,#122,.T.);
#2783=EDGE_CURVE('',#2255,#2261,#123,.T.);
#2784=EDGE_CURVE('',#2259,#2262,#186,.T.);
#2785=EDGE_CURVE('',#2261,#2260,#187,.T.);
#2786=EDGE_CURVE('',#2260,#2263,#188,.T.);
#2787=EDGE_CURVE('',#2264,#2263,#124,.T.);
#2788=EDGE_CURVE('',#2265,#2264,#1622,.T.);
#2789=EDGE_CURVE('',#2265,#2252,#189,.T.);
#2790=EDGE_CURVE('',#2266,#2261,#190,.T.);
#2791=EDGE_CURVE('',#2263,#2266,#191,.T.);
#2792=EDGE_CURVE('',#2258,#2267,#192,.T.);
#2793=EDGE_CURVE('',#2268,#2267,#1623,.T.);
#2794=EDGE_CURVE('',#2266,#2268,#125,.T.);
#2795=EDGE_CURVE('',#2269,#2256,#193,.T.);
#2796=EDGE_CURVE('',#2270,#2269,#194,.T.);
#2797=EDGE_CURVE('',#2271,#2270,#1624,.T.);
#2798=EDGE_CURVE('',#2272,#2271,#1625,.T.);
#2799=EDGE_CURVE('',#2273,#2272,#1626,.T.);
#2800=EDGE_CURVE('',#2274,#2273,#195,.T.);
#2801=EDGE_CURVE('',#2253,#2274,#196,.T.);
#2802=EDGE_CURVE('',#2275,#2275,#1627,.T.);
#2803=EDGE_CURVE('',#2276,#2277,#1628,.T.);
#2804=EDGE_CURVE('',#2278,#2276,#1629,.T.);
#2805=EDGE_CURVE('',#2279,#2278,#1630,.T.);
#2806=EDGE_CURVE('',#2277,#2279,#1631,.T.);
#2807=EDGE_CURVE('',#2280,#2281,#1632,.T.);
#2808=EDGE_CURVE('',#2282,#2280,#1633,.T.);
#2809=EDGE_CURVE('',#2283,#2282,#1634,.T.);
#2810=EDGE_CURVE('',#2281,#2283,#1635,.T.);
#2811=EDGE_CURVE('',#2284,#2284,#1636,.T.);
#2812=EDGE_CURVE('',#2285,#2285,#1637,.T.);
#2813=EDGE_CURVE('',#2286,#2286,#1638,.T.);
#2814=EDGE_CURVE('',#2287,#2287,#1639,.T.);
#2815=EDGE_CURVE('',#2288,#2289,#1640,.T.);
#2816=EDGE_CURVE('',#2290,#2288,#1641,.T.);
#2817=EDGE_CURVE('',#2291,#2290,#1642,.T.);
#2818=EDGE_CURVE('',#2289,#2291,#1643,.T.);
#2819=EDGE_CURVE('',#2292,#2293,#1644,.T.);
#2820=EDGE_CURVE('',#2294,#2292,#1645,.T.);
#2821=EDGE_CURVE('',#2295,#2294,#1646,.T.);
#2822=EDGE_CURVE('',#2293,#2295,#1647,.T.);
#2823=EDGE_CURVE('',#2264,#2296,#1648,.T.);
#2824=EDGE_CURVE('',#2296,#2297,#1649,.T.);
#2825=EDGE_CURVE('',#2297,#2265,#1650,.T.);
#2826=EDGE_CURVE('',#2298,#2299,#1651,.T.);
#2827=EDGE_CURVE('',#2299,#2265,#197,.T.);
#2828=EDGE_CURVE('',#2297,#2298,#198,.T.);
#2829=EDGE_CURVE('',#2300,#2301,#1652,.T.);
#2830=EDGE_CURVE('',#2301,#2299,#1653,.T.);
#2831=EDGE_CURVE('',#2298,#2300,#1654,.T.);
#2832=EDGE_CURVE('',#2302,#2303,#1655,.T.);
#2833=EDGE_CURVE('',#2303,#2301,#199,.T.);
#2834=EDGE_CURVE('',#2300,#2302,#200,.T.);
#2835=EDGE_CURVE('',#2304,#2305,#1656,.T.);
#2836=EDGE_CURVE('',#2305,#2303,#1657,.T.);
#2837=EDGE_CURVE('',#2302,#2304,#1658,.T.);
#2838=EDGE_CURVE('',#2306,#2267,#1659,.T.);
#2839=EDGE_CURVE('',#2267,#2305,#201,.T.);
#2840=EDGE_CURVE('',#2304,#2306,#202,.T.);
#2841=EDGE_CURVE('',#2307,#2268,#1660,.T.);
#2842=EDGE_CURVE('',#2306,#2307,#1661,.T.);
#2843=EDGE_CURVE('',#2263,#2308,#1662,.T.);
#2844=EDGE_CURVE('',#2308,#2296,#126,.T.);
#2845=EDGE_CURVE('',#2309,#2266,#1663,.T.);
#2846=EDGE_CURVE('',#2307,#2309,#127,.T.);
#2847=EDGE_CURVE('',#2309,#2308,#203,.T.);
#2848=EDGE_CURVE('',#2310,#2296,#204,.T.);
#2849=EDGE_CURVE('',#2311,#2310,#205,.T.);
#2850=EDGE_CURVE('',#2312,#2311,#1664,.T.);
#2851=EDGE_CURVE('',#2313,#2312,#1665,.T.);
#2852=EDGE_CURVE('',#2314,#2313,#1666,.T.);
#2853=EDGE_CURVE('',#2315,#2314,#206,.T.);
#2854=EDGE_CURVE('',#2307,#2315,#207,.T.);
#2855=EDGE_CURVE('',#2316,#2316,#1667,.T.);
#2856=EDGE_CURVE('',#2317,#2318,#1668,.T.);
#2857=EDGE_CURVE('',#2319,#2317,#1669,.T.);
#2858=EDGE_CURVE('',#2320,#2319,#1670,.T.);
#2859=EDGE_CURVE('',#2321,#2320,#1671,.T.);
#2860=EDGE_CURVE('',#2322,#2321,#1672,.T.);
#2861=EDGE_CURVE('',#2323,#2322,#1673,.T.);
#2862=EDGE_CURVE('',#2324,#2323,#1674,.T.);
#2863=EDGE_CURVE('',#2318,#2324,#1675,.T.);
#2864=EDGE_CURVE('',#2325,#2326,#1676,.T.);
#2865=EDGE_CURVE('',#2327,#2325,#1677,.T.);
#2866=EDGE_CURVE('',#2328,#2327,#1678,.T.);
#2867=EDGE_CURVE('',#2329,#2328,#1679,.T.);
#2868=EDGE_CURVE('',#2330,#2329,#1680,.T.);
#2869=EDGE_CURVE('',#2331,#2330,#1681,.T.);
#2870=EDGE_CURVE('',#2332,#2331,#1682,.T.);
#2871=EDGE_CURVE('',#2326,#2332,#1683,.T.);
#2872=EDGE_CURVE('',#2333,#2334,#1684,.T.);
#2873=EDGE_CURVE('',#2335,#2333,#1685,.T.);
#2874=EDGE_CURVE('',#2336,#2335,#1686,.T.);
#2875=EDGE_CURVE('',#2337,#2336,#1687,.T.);
#2876=EDGE_CURVE('',#2338,#2337,#1688,.T.);
#2877=EDGE_CURVE('',#2339,#2338,#1689,.T.);
#2878=EDGE_CURVE('',#2340,#2339,#1690,.T.);
#2879=EDGE_CURVE('',#2334,#2340,#1691,.T.);
#2880=EDGE_CURVE('',#2341,#2342,#1692,.T.);
#2881=EDGE_CURVE('',#2343,#2341,#1693,.T.);
#2882=EDGE_CURVE('',#2344,#2343,#1694,.T.);
#2883=EDGE_CURVE('',#2345,#2344,#1695,.T.);
#2884=EDGE_CURVE('',#2346,#2345,#1696,.T.);
#2885=EDGE_CURVE('',#2347,#2346,#1697,.T.);
#2886=EDGE_CURVE('',#2348,#2347,#1698,.T.);
#2887=EDGE_CURVE('',#2342,#2348,#1699,.T.);
#2888=EDGE_CURVE('',#2349,#2349,#1700,.T.);
#2889=EDGE_CURVE('',#2350,#2350,#1701,.T.);
#2890=EDGE_CURVE('',#2351,#2351,#1702,.T.);
#2891=EDGE_CURVE('',#2352,#2352,#1703,.T.);
#2892=EDGE_CURVE('',#2353,#2354,#1704,.T.);
#2893=EDGE_CURVE('',#2354,#2355,#1705,.T.);
#2894=EDGE_CURVE('',#2355,#2356,#1706,.T.);
#2895=EDGE_CURVE('',#2356,#2353,#1707,.T.);
#2896=EDGE_CURVE('',#2357,#2358,#1708,.T.);
#2897=EDGE_CURVE('',#2358,#2356,#208,.T.);
#2898=EDGE_CURVE('',#2355,#2357,#209,.T.);
#2899=EDGE_CURVE('',#2359,#2360,#1709,.T.);
#2900=EDGE_CURVE('',#2360,#2358,#1710,.T.);
#2901=EDGE_CURVE('',#2357,#2359,#1711,.T.);
#2902=EDGE_CURVE('',#2361,#2362,#1712,.T.);
#2903=EDGE_CURVE('',#2362,#2360,#210,.T.);
#2904=EDGE_CURVE('',#2359,#2361,#211,.T.);
#2905=EDGE_CURVE('',#2363,#2364,#1713,.T.);
#2906=EDGE_CURVE('',#2364,#2362,#1714,.T.);
#2907=EDGE_CURVE('',#2361,#2363,#1715,.T.);
#2908=EDGE_CURVE('',#2365,#2366,#1716,.T.);
#2909=EDGE_CURVE('',#2366,#2364,#212,.T.);
#2910=EDGE_CURVE('',#2363,#2365,#213,.T.);
#2911=EDGE_CURVE('',#2367,#2368,#1717,.T.);
#2912=EDGE_CURVE('',#2368,#2366,#1718,.T.);
#2913=EDGE_CURVE('',#2365,#2367,#1719,.T.);
#2914=EDGE_CURVE('',#2369,#2370,#1720,.T.);
#2915=EDGE_CURVE('',#2370,#2368,#214,.T.);
#2916=EDGE_CURVE('',#2367,#2369,#215,.T.);
#2917=EDGE_CURVE('',#2371,#2372,#1721,.T.);
#2918=EDGE_CURVE('',#2372,#2370,#1722,.T.);
#2919=EDGE_CURVE('',#2369,#2371,#1723,.T.);
#2920=EDGE_CURVE('',#2373,#2374,#1724,.T.);
#2921=EDGE_CURVE('',#2374,#2372,#216,.T.);
#2922=EDGE_CURVE('',#2371,#2373,#217,.T.);
#2923=EDGE_CURVE('',#2375,#2376,#1725,.T.);
#2924=EDGE_CURVE('',#2376,#2374,#1726,.T.);
#2925=EDGE_CURVE('',#2373,#2375,#1727,.T.);
#2926=EDGE_CURVE('',#2377,#2378,#1728,.T.);
#2927=EDGE_CURVE('',#2378,#2376,#218,.T.);
#2928=EDGE_CURVE('',#2375,#2377,#219,.T.);
#2929=EDGE_CURVE('',#2379,#2380,#1729,.T.);
#2930=EDGE_CURVE('',#2380,#2378,#1730,.T.);
#2931=EDGE_CURVE('',#2377,#2379,#1731,.T.);
#2932=EDGE_CURVE('',#2381,#2382,#1732,.T.);
#2933=EDGE_CURVE('',#2382,#2380,#220,.T.);
#2934=EDGE_CURVE('',#2379,#2381,#221,.T.);
#2935=EDGE_CURVE('',#2383,#2384,#1733,.T.);
#2936=EDGE_CURVE('',#2384,#2382,#1734,.T.);
#2937=EDGE_CURVE('',#2381,#2383,#1735,.T.);
#2938=EDGE_CURVE('',#2385,#2386,#1736,.T.);
#2939=EDGE_CURVE('',#2386,#2384,#222,.T.);
#2940=EDGE_CURVE('',#2383,#2385,#223,.T.);
#2941=EDGE_CURVE('',#2387,#2388,#1737,.T.);
#2942=EDGE_CURVE('',#2388,#2386,#1738,.T.);
#2943=EDGE_CURVE('',#2385,#2387,#1739,.T.);
#2944=EDGE_CURVE('',#2389,#2390,#1740,.T.);
#2945=EDGE_CURVE('',#2390,#2388,#224,.T.);
#2946=EDGE_CURVE('',#2387,#2389,#225,.T.);
#2947=EDGE_CURVE('',#2391,#2392,#1741,.T.);
#2948=EDGE_CURVE('',#2392,#2390,#1742,.T.);
#2949=EDGE_CURVE('',#2389,#2391,#1743,.T.);
#2950=EDGE_CURVE('',#2393,#2394,#1744,.T.);
#2951=EDGE_CURVE('',#2394,#2392,#226,.T.);
#2952=EDGE_CURVE('',#2391,#2393,#227,.T.);
#2953=EDGE_CURVE('',#2395,#2396,#1745,.T.);
#2954=EDGE_CURVE('',#2396,#2394,#1746,.T.);
#2955=EDGE_CURVE('',#2393,#2395,#1747,.T.);
#2956=EDGE_CURVE('',#2397,#2398,#1748,.T.);
#2957=EDGE_CURVE('',#2398,#2396,#228,.T.);
#2958=EDGE_CURVE('',#2395,#2397,#229,.T.);
#2959=EDGE_CURVE('',#2399,#2400,#1749,.T.);
#2960=EDGE_CURVE('',#2400,#2398,#1750,.T.);
#2961=EDGE_CURVE('',#2397,#2399,#1751,.T.);
#2962=EDGE_CURVE('',#2399,#2354,#230,.T.);
#2963=EDGE_CURVE('',#2353,#2400,#231,.T.);
#2964=EDGE_CURVE('',#2401,#2382,#232,.T.);
#2965=EDGE_CURVE('',#2402,#2401,#233,.T.);
#2966=EDGE_CURVE('',#2380,#2402,#234,.T.);
#2967=EDGE_CURVE('',#2384,#2403,#235,.T.);
#2968=EDGE_CURVE('',#2401,#2403,#1752,.T.);
#2969=EDGE_CURVE('',#2404,#2386,#236,.T.);
#2970=EDGE_CURVE('',#2403,#2404,#237,.T.);
#2971=EDGE_CURVE('',#2388,#2405,#238,.T.);
#2972=EDGE_CURVE('',#2404,#2405,#1753,.T.);
#2973=EDGE_CURVE('',#2406,#2390,#239,.T.);
#2974=EDGE_CURVE('',#2405,#2406,#240,.T.);
#2975=EDGE_CURVE('',#2392,#2407,#241,.T.);
#2976=EDGE_CURVE('',#2406,#2407,#1754,.T.);
#2977=EDGE_CURVE('',#2408,#2394,#242,.T.);
#2978=EDGE_CURVE('',#2407,#2408,#243,.T.);
#2979=EDGE_CURVE('',#2396,#2409,#244,.T.);
#2980=EDGE_CURVE('',#2408,#2409,#1755,.T.);
#2981=EDGE_CURVE('',#2410,#2398,#245,.T.);
#2982=EDGE_CURVE('',#2409,#2410,#246,.T.);
#2983=EDGE_CURVE('',#2400,#2411,#247,.T.);
#2984=EDGE_CURVE('',#2410,#2411,#1756,.T.);
#2985=EDGE_CURVE('',#2412,#2353,#248,.T.);
#2986=EDGE_CURVE('',#2411,#2412,#249,.T.);
#2987=EDGE_CURVE('',#2356,#2413,#250,.T.);
#2988=EDGE_CURVE('',#2412,#2413,#1757,.T.);
#2989=EDGE_CURVE('',#2414,#2415,#251,.T.);
#2990=EDGE_CURVE('',#2416,#2414,#252,.T.);
#2991=EDGE_CURVE('',#2417,#2416,#253,.T.);
#2992=EDGE_CURVE('',#2415,#2417,#254,.T.);
#2993=EDGE_CURVE('',#2418,#2418,#1758,.T.);
#2994=EDGE_CURVE('',#2419,#2419,#1759,.T.);
#2995=EDGE_CURVE('',#2420,#2420,#1760,.T.);
#2996=EDGE_CURVE('',#2421,#2421,#1761,.T.);
#2997=EDGE_CURVE('',#2422,#2423,#1762,.T.);
#2998=EDGE_CURVE('',#2423,#2424,#1763,.T.);
#2999=EDGE_CURVE('',#2424,#2425,#1764,.T.);
#3000=EDGE_CURVE('',#2425,#2422,#1765,.T.);
#3001=EDGE_CURVE('',#2426,#2413,#1766,.T.);
#3002=EDGE_CURVE('',#2413,#2425,#255,.T.);
#3003=EDGE_CURVE('',#2424,#2426,#256,.T.);
#3004=EDGE_CURVE('',#2427,#2412,#1767,.T.);
#3005=EDGE_CURVE('',#2426,#2427,#1768,.T.);
#3006=EDGE_CURVE('',#2428,#2411,#1769,.T.);
#3007=EDGE_CURVE('',#2427,#2428,#257,.T.);
#3008=EDGE_CURVE('',#2429,#2410,#1770,.T.);
#3009=EDGE_CURVE('',#2428,#2429,#1771,.T.);
#3010=EDGE_CURVE('',#2430,#2409,#1772,.T.);
#3011=EDGE_CURVE('',#2429,#2430,#258,.T.);
#3012=EDGE_CURVE('',#2431,#2408,#1773,.T.);
#3013=EDGE_CURVE('',#2430,#2431,#1774,.T.);
#3014=EDGE_CURVE('',#2432,#2407,#1775,.T.);
#3015=EDGE_CURVE('',#2431,#2432,#259,.T.);
#3016=EDGE_CURVE('',#2433,#2406,#1776,.T.);
#3017=EDGE_CURVE('',#2432,#2433,#1777,.T.);
#3018=EDGE_CURVE('',#2434,#2405,#1778,.T.);
#3019=EDGE_CURVE('',#2433,#2434,#260,.T.);
#3020=EDGE_CURVE('',#2435,#2404,#1779,.T.);
#3021=EDGE_CURVE('',#2434,#2435,#1780,.T.);
#3022=EDGE_CURVE('',#2436,#2403,#1781,.T.);
#3023=EDGE_CURVE('',#2435,#2436,#261,.T.);
#3024=EDGE_CURVE('',#2437,#2401,#1782,.T.);
#3025=EDGE_CURVE('',#2436,#2437,#1783,.T.);
#3026=EDGE_CURVE('',#2438,#2402,#1784,.T.);
#3027=EDGE_CURVE('',#2437,#2438,#262,.T.);
#3028=EDGE_CURVE('',#2439,#2440,#1785,.T.);
#3029=EDGE_CURVE('',#2440,#2402,#1786,.T.);
#3030=EDGE_CURVE('',#2438,#2439,#1787,.T.);
#3031=EDGE_CURVE('',#2441,#2442,#1788,.T.);
#3032=EDGE_CURVE('',#2442,#2440,#263,.T.);
#3033=EDGE_CURVE('',#2439,#2441,#264,.T.);
#3034=EDGE_CURVE('',#2443,#2444,#1789,.T.);
#3035=EDGE_CURVE('',#2444,#2442,#1790,.T.);
#3036=EDGE_CURVE('',#2441,#2443,#1791,.T.);
#3037=EDGE_CURVE('',#2445,#2446,#1792,.T.);
#3038=EDGE_CURVE('',#2446,#2444,#265,.T.);
#3039=EDGE_CURVE('',#2443,#2445,#266,.T.);
#3040=EDGE_CURVE('',#2447,#2448,#1793,.T.);
#3041=EDGE_CURVE('',#2448,#2446,#1794,.T.);
#3042=EDGE_CURVE('',#2445,#2447,#1795,.T.);
#3043=EDGE_CURVE('',#2449,#2450,#1796,.T.);
#3044=EDGE_CURVE('',#2450,#2448,#267,.T.);
#3045=EDGE_CURVE('',#2447,#2449,#268,.T.);
#3046=EDGE_CURVE('',#2451,#2452,#1797,.T.);
#3047=EDGE_CURVE('',#2452,#2450,#1798,.T.);
#3048=EDGE_CURVE('',#2449,#2451,#1799,.T.);
#3049=EDGE_CURVE('',#2453,#2454,#1800,.T.);
#3050=EDGE_CURVE('',#2454,#2452,#269,.T.);
#3051=EDGE_CURVE('',#2451,#2453,#270,.T.);
#3052=EDGE_CURVE('',#2455,#2456,#1801,.T.);
#3053=EDGE_CURVE('',#2456,#2454,#1802,.T.);
#3054=EDGE_CURVE('',#2453,#2455,#1803,.T.);
#3055=EDGE_CURVE('',#2455,#2423,#271,.T.);
#3056=EDGE_CURVE('',#2422,#2456,#272,.T.);
#3057=EDGE_CURVE('',#2440,#2378,#273,.T.);
#3058=EDGE_CURVE('',#2376,#2442,#274,.T.);
#3059=EDGE_CURVE('',#2444,#2374,#275,.T.);
#3060=EDGE_CURVE('',#2372,#2446,#276,.T.);
#3061=EDGE_CURVE('',#2448,#2370,#277,.T.);
#3062=EDGE_CURVE('',#2368,#2450,#278,.T.);
#3063=EDGE_CURVE('',#2452,#2366,#279,.T.);
#3064=EDGE_CURVE('',#2364,#2454,#280,.T.);
#3065=EDGE_CURVE('',#2456,#2362,#281,.T.);
#3066=EDGE_CURVE('',#2360,#2422,#282,.T.);
#3067=EDGE_CURVE('',#2425,#2358,#283,.T.);
#3068=EDGE_CURVE('',#2457,#2458,#284,.T.);
#3069=EDGE_CURVE('',#2459,#2457,#285,.T.);
#3070=EDGE_CURVE('',#2460,#2459,#286,.T.);
#3071=EDGE_CURVE('',#2458,#2460,#287,.T.);
#3072=EDGE_CURVE('',#2461,#2461,#1804,.T.);
#3073=EDGE_CURVE('',#2462,#2462,#1805,.T.);
#3074=EDGE_CURVE('',#2463,#2463,#1806,.T.);
#3075=EDGE_CURVE('',#2464,#2464,#1807,.T.);
#3076=EDGE_CURVE('',#2461,#2465,#1808,.T.);
#3077=EDGE_CURVE('',#2465,#2466,#1809,.T.);
#3078=EDGE_CURVE('',#2466,#2465,#1810,.T.);
#3079=EDGE_CURVE('',#2466,#2467,#288,.T.);
#3080=EDGE_CURVE('',#2467,#2467,#1811,.T.);
#3081=EDGE_CURVE('',#2464,#2468,#1812,.T.);
#3082=EDGE_CURVE('',#2468,#2469,#1813,.T.);
#3083=EDGE_CURVE('',#2469,#2468,#1814,.T.);
#3084=EDGE_CURVE('',#2469,#2470,#289,.T.);
#3085=EDGE_CURVE('',#2470,#2470,#1815,.T.);
#3086=EDGE_CURVE('',#2462,#2471,#1816,.T.);
#3087=EDGE_CURVE('',#2471,#2472,#1817,.T.);
#3088=EDGE_CURVE('',#2472,#2471,#1818,.T.);
#3089=EDGE_CURVE('',#2472,#2473,#290,.T.);
#3090=EDGE_CURVE('',#2473,#2473,#1819,.T.);
#3091=EDGE_CURVE('',#2463,#2474,#1820,.T.);
#3092=EDGE_CURVE('',#2474,#2475,#1821,.T.);
#3093=EDGE_CURVE('',#2475,#2474,#1822,.T.);
#3094=EDGE_CURVE('',#2475,#2476,#291,.T.);
#3095=EDGE_CURVE('',#2476,#2476,#1823,.T.);
#3096=EDGE_CURVE('',#2418,#2470,#1824,.T.);
#3097=EDGE_CURVE('',#2421,#2473,#1825,.T.);
#3098=EDGE_CURVE('',#2419,#2476,#1826,.T.);
#3099=EDGE_CURVE('',#2420,#2467,#1827,.T.);
#3100=EDGE_CURVE('',#2477,#2478,#1828,.F.);
#3101=EDGE_CURVE('',#2459,#2477,#1829,.F.);
#3102=EDGE_CURVE('',#2478,#2459,#1830,.F.);
#3103=EDGE_CURVE('',#2479,#2457,#1831,.F.);
#3104=EDGE_CURVE('',#2480,#2479,#1832,.F.);
#3105=EDGE_CURVE('',#2457,#2480,#1833,.F.);
#3106=EDGE_CURVE('',#2481,#2414,#1834,.F.);
#3107=EDGE_CURVE('',#2482,#2481,#1835,.F.);
#3108=EDGE_CURVE('',#2414,#2482,#1836,.F.);
#3109=EDGE_CURVE('',#2481,#2477,#292,.T.);
#3110=EDGE_CURVE('',#2478,#2482,#293,.T.);
#3111=EDGE_CURVE('',#2483,#2416,#1837,.F.);
#3112=EDGE_CURVE('',#2484,#2483,#1838,.F.);
#3113=EDGE_CURVE('',#2416,#2484,#1839,.F.);
#3114=EDGE_CURVE('',#2483,#2480,#294,.T.);
#3115=EDGE_CURVE('',#2479,#2484,#295,.T.);
#3116=EDGE_CURVE('',#2485,#2417,#1840,.T.);
#3117=EDGE_CURVE('',#2484,#2485,#296,.T.);
#3118=EDGE_CURVE('',#2486,#2487,#1841,.T.);
#3119=EDGE_CURVE('',#2487,#2417,#1842,.T.);
#3120=EDGE_CURVE('',#2485,#2486,#1843,.T.);
#3121=EDGE_CURVE('',#2488,#2489,#1844,.T.);
#3122=EDGE_CURVE('',#2489,#2487,#297,.T.);
#3123=EDGE_CURVE('',#2486,#2488,#298,.T.);
#3124=EDGE_CURVE('',#2490,#2310,#1845,.T.);
#3125=EDGE_CURVE('',#2310,#2489,#1846,.T.);
#3126=EDGE_CURVE('',#2488,#2490,#1847,.T.);
#3127=EDGE_CURVE('',#2491,#2311,#1848,.T.);
#3128=EDGE_CURVE('',#2490,#2491,#299,.T.);
#3129=EDGE_CURVE('',#2492,#2312,#1849,.T.);
#3130=EDGE_CURVE('',#2491,#2492,#1850,.T.);
#3131=EDGE_CURVE('',#2493,#2313,#1851,.T.);
#3132=EDGE_CURVE('',#2492,#2493,#1852,.T.);
#3133=EDGE_CURVE('',#2494,#2314,#1853,.T.);
#3134=EDGE_CURVE('',#2493,#2494,#1854,.T.);
#3135=EDGE_CURVE('',#2495,#2315,#1855,.T.);
#3136=EDGE_CURVE('',#2494,#2495,#300,.T.);
#3137=EDGE_CURVE('',#2496,#2497,#1856,.T.);
#3138=EDGE_CURVE('',#2497,#2315,#1857,.T.);
#3139=EDGE_CURVE('',#2495,#2496,#1858,.T.);
#3140=EDGE_CURVE('',#2498,#2499,#1859,.T.);
#3141=EDGE_CURVE('',#2499,#2497,#301,.T.);
#3142=EDGE_CURVE('',#2496,#2498,#302,.T.);
#3143=EDGE_CURVE('',#2500,#2415,#1860,.T.);
#3144=EDGE_CURVE('',#2415,#2499,#1861,.T.);
#3145=EDGE_CURVE('',#2498,#2500,#1862,.T.);
#3146=EDGE_CURVE('',#2500,#2481,#303,.T.);
#3147=EDGE_CURVE('',#2482,#2483,#304,.T.);
#3148=EDGE_CURVE('',#2480,#2478,#305,.T.);
#3149=EDGE_CURVE('',#2458,#2501,#1863,.T.);
#3150=EDGE_CURVE('',#2501,#2479,#306,.T.);
#3151=EDGE_CURVE('',#2502,#2503,#1864,.T.);
#3152=EDGE_CURVE('',#2503,#2501,#1865,.T.);
#3153=EDGE_CURVE('',#2458,#2502,#1866,.T.);
#3154=EDGE_CURVE('',#2504,#2505,#1867,.T.);
#3155=EDGE_CURVE('',#2505,#2503,#307,.T.);
#3156=EDGE_CURVE('',#2502,#2504,#308,.T.);
#3157=EDGE_CURVE('',#2274,#2506,#1868,.T.);
#3158=EDGE_CURVE('',#2506,#2505,#1869,.T.);
#3159=EDGE_CURVE('',#2504,#2274,#1870,.T.);
#3160=EDGE_CURVE('',#2273,#2507,#1871,.T.);
#3161=EDGE_CURVE('',#2507,#2506,#309,.T.);
#3162=EDGE_CURVE('',#2272,#2508,#1872,.T.);
#3163=EDGE_CURVE('',#2508,#2507,#1873,.T.);
#3164=EDGE_CURVE('',#2271,#2509,#1874,.T.);
#3165=EDGE_CURVE('',#2509,#2508,#1875,.T.);
#3166=EDGE_CURVE('',#2270,#2510,#1876,.T.);
#3167=EDGE_CURVE('',#2510,#2509,#1877,.T.);
#3168=EDGE_CURVE('',#2269,#2511,#1878,.T.);
#3169=EDGE_CURVE('',#2511,#2510,#310,.T.);
#3170=EDGE_CURVE('',#2512,#2513,#1879,.T.);
#3171=EDGE_CURVE('',#2513,#2511,#1880,.T.);
#3172=EDGE_CURVE('',#2269,#2512,#1881,.T.);
#3173=EDGE_CURVE('',#2514,#2515,#1882,.T.);
#3174=EDGE_CURVE('',#2515,#2513,#311,.T.);
#3175=EDGE_CURVE('',#2512,#2514,#312,.T.);
#3176=EDGE_CURVE('',#2460,#2516,#1883,.T.);
#3177=EDGE_CURVE('',#2516,#2515,#1884,.T.);
#3178=EDGE_CURVE('',#2514,#2460,#1885,.T.);
#3179=EDGE_CURVE('',#2477,#2516,#313,.T.);
#3180=EDGE_CURVE('',#2493,#2509,#314,.T.);
#3181=EDGE_CURVE('',#2510,#2494,#315,.T.);
#3182=EDGE_CURVE('',#2508,#2492,#316,.T.);
#3183=EDGE_CURVE('',#2491,#2507,#317,.T.);
#3184=EDGE_CURVE('',#2497,#2489,#318,.T.);
#3185=EDGE_CURVE('',#2487,#2499,#319,.T.);
#3186=EDGE_CURVE('',#2504,#2512,#320,.T.);
#3187=EDGE_CURVE('',#2514,#2502,#321,.T.);
#3188=EDGE_CURVE('',#2246,#2303,#322,.T.);
#3189=EDGE_CURVE('',#2305,#2243,#323,.T.);
#3190=EDGE_CURVE('',#2250,#2299,#324,.T.);
#3191=EDGE_CURVE('',#2301,#2248,#325,.T.);
#3192=EDGE_CURVE('',#2275,#2517,#1886,.T.);
#3193=EDGE_CURVE('',#2517,#2517,#1887,.T.);
#3194=EDGE_CURVE('',#2518,#2519,#1888,.T.);
#3195=EDGE_CURVE('',#2519,#2518,#1889,.T.);
#3196=EDGE_CURVE('',#2519,#2517,#326,.T.);
#3197=EDGE_CURVE('',#2316,#2518,#1890,.T.);
#3198=EDGE_CURVE('',#2520,#2521,#1891,.T.);
#3199=EDGE_CURVE('',#2521,#2522,#1892,.T.);
#3200=EDGE_CURVE('',#2522,#2523,#1893,.T.);
#3201=EDGE_CURVE('',#2523,#2520,#1894,.T.);
#3202=EDGE_CURVE('',#2524,#2525,#1895,.T.);
#3203=EDGE_CURVE('',#2525,#2523,#1896,.T.);
#3204=EDGE_CURVE('',#2522,#2524,#1897,.T.);
#3205=EDGE_CURVE('',#2526,#2527,#1898,.T.);
#3206=EDGE_CURVE('',#2527,#2525,#1899,.T.);
#3207=EDGE_CURVE('',#2524,#2526,#1900,.T.);
#3208=EDGE_CURVE('',#2520,#2527,#1901,.T.);
#3209=EDGE_CURVE('',#2526,#2521,#1902,.T.);
#3210=EDGE_CURVE('',#2528,#2522,#327,.T.);
#3211=EDGE_CURVE('',#2529,#2528,#1903,.T.);
#3212=EDGE_CURVE('',#2529,#2524,#328,.T.);
#3213=EDGE_CURVE('',#2530,#2521,#329,.T.);
#3214=EDGE_CURVE('',#2528,#2530,#1904,.T.);
#3215=EDGE_CURVE('',#2293,#2531,#1905,.T.);
#3216=EDGE_CURVE('',#2531,#2529,#1906,.T.);
#3217=EDGE_CURVE('',#2529,#2292,#1907,.T.);
#3218=EDGE_CURVE('',#2528,#2294,#1908,.T.);
#3219=EDGE_CURVE('',#2530,#2295,#1909,.T.);
#3220=EDGE_CURVE('',#2530,#2531,#1910,.T.);
#3221=EDGE_CURVE('',#2531,#2526,#330,.T.);
#3222=EDGE_CURVE('',#2532,#2533,#1911,.T.);
#3223=EDGE_CURVE('',#2533,#2534,#1912,.T.);
#3224=EDGE_CURVE('',#2534,#2535,#1913,.T.);
#3225=EDGE_CURVE('',#2535,#2532,#1914,.T.);
#3226=EDGE_CURVE('',#2536,#2537,#1915,.T.);
#3227=EDGE_CURVE('',#2537,#2535,#1916,.T.);
#3228=EDGE_CURVE('',#2534,#2536,#1917,.T.);
#3229=EDGE_CURVE('',#2538,#2539,#1918,.T.);
#3230=EDGE_CURVE('',#2539,#2537,#1919,.T.);
#3231=EDGE_CURVE('',#2536,#2538,#1920,.T.);
#3232=EDGE_CURVE('',#2532,#2539,#1921,.T.);
#3233=EDGE_CURVE('',#2538,#2533,#1922,.T.);
#3234=EDGE_CURVE('',#2540,#2534,#331,.T.);
#3235=EDGE_CURVE('',#2541,#2540,#1923,.T.);
#3236=EDGE_CURVE('',#2541,#2536,#332,.T.);
#3237=EDGE_CURVE('',#2542,#2533,#333,.T.);
#3238=EDGE_CURVE('',#2540,#2542,#1924,.T.);
#3239=EDGE_CURVE('',#2277,#2542,#1925,.T.);
#3240=EDGE_CURVE('',#2542,#2543,#1926,.T.);
#3241=EDGE_CURVE('',#2543,#2276,#1927,.T.);
#3242=EDGE_CURVE('',#2541,#2278,#1928,.T.);
#3243=EDGE_CURVE('',#2543,#2541,#1929,.T.);
#3244=EDGE_CURVE('',#2540,#2279,#1930,.T.);
#3245=EDGE_CURVE('',#2543,#2538,#334,.T.);
#3246=EDGE_CURVE('',#2544,#2545,#1931,.T.);
#3247=EDGE_CURVE('',#2545,#2546,#1932,.T.);
#3248=EDGE_CURVE('',#2546,#2547,#1933,.T.);
#3249=EDGE_CURVE('',#2547,#2544,#1934,.T.);
#3250=EDGE_CURVE('',#2548,#2549,#1935,.T.);
#3251=EDGE_CURVE('',#2549,#2547,#1936,.T.);
#3252=EDGE_CURVE('',#2546,#2548,#1937,.T.);
#3253=EDGE_CURVE('',#2550,#2551,#1938,.T.);
#3254=EDGE_CURVE('',#2551,#2549,#1939,.T.);
#3255=EDGE_CURVE('',#2548,#2550,#1940,.T.);
#3256=EDGE_CURVE('',#2544,#2551,#1941,.T.);
#3257=EDGE_CURVE('',#2550,#2545,#1942,.T.);
#3258=EDGE_CURVE('',#2552,#2546,#335,.T.);
#3259=EDGE_CURVE('',#2553,#2552,#1943,.T.);
#3260=EDGE_CURVE('',#2553,#2548,#336,.T.);
#3261=EDGE_CURVE('',#2554,#2545,#337,.T.);
#3262=EDGE_CURVE('',#2552,#2554,#1944,.T.);
#3263=EDGE_CURVE('',#2289,#2555,#1945,.T.);
#3264=EDGE_CURVE('',#2555,#2553,#1946,.T.);
#3265=EDGE_CURVE('',#2553,#2288,#1947,.T.);
#3266=EDGE_CURVE('',#2552,#2290,#1948,.T.);
#3267=EDGE_CURVE('',#2554,#2291,#1949,.T.);
#3268=EDGE_CURVE('',#2554,#2555,#1950,.T.);
#3269=EDGE_CURVE('',#2555,#2550,#338,.T.);
#3270=EDGE_CURVE('',#2556,#2557,#1951,.T.);
#3271=EDGE_CURVE('',#2557,#2558,#1952,.T.);
#3272=EDGE_CURVE('',#2558,#2559,#1953,.T.);
#3273=EDGE_CURVE('',#2559,#2556,#1954,.T.);
#3274=EDGE_CURVE('',#2560,#2561,#1955,.T.);
#3275=EDGE_CURVE('',#2561,#2559,#1956,.T.);
#3276=EDGE_CURVE('',#2558,#2560,#1957,.T.);
#3277=EDGE_CURVE('',#2562,#2563,#1958,.T.);
#3278=EDGE_CURVE('',#2563,#2561,#1959,.T.);
#3279=EDGE_CURVE('',#2560,#2562,#1960,.T.);
#3280=EDGE_CURVE('',#2556,#2563,#1961,.T.);
#3281=EDGE_CURVE('',#2562,#2557,#1962,.T.);
#3282=EDGE_CURVE('',#2564,#2558,#339,.T.);
#3283=EDGE_CURVE('',#2565,#2564,#1963,.T.);
#3284=EDGE_CURVE('',#2565,#2560,#340,.T.);
#3285=EDGE_CURVE('',#2566,#2557,#341,.T.);
#3286=EDGE_CURVE('',#2564,#2566,#1964,.T.);
#3287=EDGE_CURVE('',#2281,#2567,#1965,.T.);
#3288=EDGE_CURVE('',#2567,#2565,#1966,.T.);
#3289=EDGE_CURVE('',#2565,#2280,#1967,.T.);
#3290=EDGE_CURVE('',#2564,#2282,#1968,.T.);
#3291=EDGE_CURVE('',#2566,#2283,#1969,.T.);
#3292=EDGE_CURVE('',#2566,#2567,#1970,.T.);
#3293=EDGE_CURVE('',#2567,#2562,#342,.T.);
#3294=EDGE_CURVE('',#2287,#2568,#1971,.T.);
#3295=EDGE_CURVE('',#2568,#2568,#1972,.T.);
#3296=EDGE_CURVE('',#2568,#2569,#343,.T.);
#3297=EDGE_CURVE('',#2570,#2569,#1973,.T.);
#3298=EDGE_CURVE('',#2569,#2570,#1974,.T.);
#3299=EDGE_CURVE('',#2284,#2571,#1975,.T.);
#3300=EDGE_CURVE('',#2571,#2571,#1976,.T.);
#3301=EDGE_CURVE('',#2571,#2572,#344,.T.);
#3302=EDGE_CURVE('',#2573,#2572,#1977,.T.);
#3303=EDGE_CURVE('',#2572,#2573,#1978,.T.);
#3304=EDGE_CURVE('',#2286,#2574,#1979,.T.);
#3305=EDGE_CURVE('',#2574,#2574,#1980,.T.);
#3306=EDGE_CURVE('',#2574,#2575,#345,.T.);
#3307=EDGE_CURVE('',#2576,#2575,#1981,.T.);
#3308=EDGE_CURVE('',#2575,#2576,#1982,.T.);
#3309=EDGE_CURVE('',#2577,#2577,#1983,.T.);
#3310=EDGE_CURVE('',#2577,#2578,#1984,.T.);
#3311=EDGE_CURVE('',#2578,#2578,#1985,.T.);
#3312=EDGE_CURVE('',#2577,#2579,#346,.T.);
#3313=EDGE_CURVE('',#2579,#2579,#1986,.T.);
#3314=EDGE_CURVE('',#2579,#2352,#1987,.T.);
#3315=EDGE_CURVE('',#2580,#2580,#1988,.T.);
#3316=EDGE_CURVE('',#2580,#2570,#1989,.T.);
#3317=EDGE_CURVE('',#2581,#2581,#1990,.T.);
#3318=EDGE_CURVE('',#2581,#2582,#1991,.T.);
#3319=EDGE_CURVE('',#2582,#2583,#1992,.T.);
#3320=EDGE_CURVE('',#2583,#2582,#1993,.T.);
#3321=EDGE_CURVE('',#2584,#2585,#1994,.T.);
#3322=EDGE_CURVE('',#2586,#2584,#347,.T.);
#3323=EDGE_CURVE('',#2587,#2586,#128,.T.);
#3324=EDGE_CURVE('',#2588,#2587,#1995,.T.);
#3325=EDGE_CURVE('',#2589,#2588,#129,.T.);
#3326=EDGE_CURVE('',#2590,#2589,#348,.T.);
#3327=EDGE_CURVE('',#2591,#2590,#1996,.T.);
#3328=EDGE_CURVE('',#2592,#2591,#349,.T.);
#3329=EDGE_CURVE('',#2593,#2592,#130,.T.);
#3330=EDGE_CURVE('',#2594,#2593,#1997,.T.);
#3331=EDGE_CURVE('',#2594,#2583,#350,.T.);
#3332=EDGE_CURVE('',#2595,#2594,#1998,.T.);
#3333=EDGE_CURVE('',#2596,#2595,#131,.T.);
#3334=EDGE_CURVE('',#2585,#2596,#351,.T.);
#3335=EDGE_CURVE('',#2597,#2586,#1999,.T.);
#3336=EDGE_CURVE('',#2598,#2597,#132,.F.);
#3337=EDGE_CURVE('',#2587,#2598,#2000,.T.);
#3338=EDGE_CURVE('',#2599,#2588,#2001,.T.);
#3339=EDGE_CURVE('',#2600,#2599,#133,.F.);
#3340=EDGE_CURVE('',#2589,#2600,#2002,.T.);
#3341=EDGE_CURVE('',#2598,#2599,#2003,.T.);
#3342=EDGE_CURVE('',#2601,#2602,#2004,.T.);
#3343=EDGE_CURVE('',#2602,#2598,#2005,.T.);
#3344=EDGE_CURVE('',#2597,#2601,#2006,.T.);
#3345=EDGE_CURVE('',#2603,#2604,#2007,.T.);
#3346=EDGE_CURVE('',#2604,#2602,#2008,.T.);
#3347=EDGE_CURVE('',#2601,#2603,#2009,.T.);
#3348=EDGE_CURVE('',#2599,#2604,#2010,.T.);
#3349=EDGE_CURVE('',#2603,#2600,#2011,.T.);
#3350=EDGE_CURVE('',#2605,#2606,#134,.F.);
#3351=EDGE_CURVE('',#2596,#2605,#2012,.T.);
#3352=EDGE_CURVE('',#2606,#2595,#2013,.T.);
#3353=EDGE_CURVE('',#2322,#2584,#2014,.F.);
#3354=EDGE_CURVE('',#2607,#2322,#2015,.F.);
#3355=EDGE_CURVE('',#2584,#2607,#2016,.F.);
#3356=EDGE_CURVE('',#2608,#2592,#2017,.T.);
#3357=EDGE_CURVE('',#2609,#2608,#135,.F.);
#3358=EDGE_CURVE('',#2593,#2609,#2018,.T.);
#3359=EDGE_CURVE('',#2610,#2611,#2019,.T.);
#3360=EDGE_CURVE('',#2611,#2609,#2020,.T.);
#3361=EDGE_CURVE('',#2608,#2610,#2021,.T.);
#3362=EDGE_CURVE('',#2612,#2613,#2022,.T.);
#3363=EDGE_CURVE('',#2613,#2611,#2023,.T.);
#3364=EDGE_CURVE('',#2610,#2612,#2024,.T.);
#3365=EDGE_CURVE('',#2606,#2613,#2025,.T.);
#3366=EDGE_CURVE('',#2612,#2605,#2026,.T.);
#3367=EDGE_CURVE('',#2609,#2606,#2027,.T.);
#3368=EDGE_CURVE('',#2590,#2319,#2028,.F.);
#3369=EDGE_CURVE('',#2614,#2590,#2029,.F.);
#3370=EDGE_CURVE('',#2319,#2614,#2030,.F.);
#3371=EDGE_CURVE('',#2600,#2614,#352,.T.);
#3372=EDGE_CURVE('',#2321,#2615,#2031,.T.);
#3373=EDGE_CURVE('',#2615,#2607,#2032,.T.);
#3374=EDGE_CURVE('',#2320,#2616,#2033,.T.);
#3375=EDGE_CURVE('',#2616,#2615,#2034,.T.);
#3376=EDGE_CURVE('',#2614,#2616,#2035,.T.);
#3377=EDGE_CURVE('',#2323,#2617,#2036,.F.);
#3378=EDGE_CURVE('',#2585,#2323,#2037,.F.);
#3379=EDGE_CURVE('',#2617,#2585,#2038,.F.);
#3380=EDGE_CURVE('',#2605,#2617,#353,.T.);
#3381=EDGE_CURVE('',#2317,#2591,#2039,.F.);
#3382=EDGE_CURVE('',#2618,#2317,#2040,.F.);
#3383=EDGE_CURVE('',#2591,#2618,#2041,.F.);
#3384=EDGE_CURVE('',#2318,#2619,#2042,.T.);
#3385=EDGE_CURVE('',#2619,#2618,#2043,.T.);
#3386=EDGE_CURVE('',#2324,#2620,#2044,.T.);
#3387=EDGE_CURVE('',#2620,#2619,#2045,.T.);
#3388=EDGE_CURVE('',#2617,#2620,#2046,.T.);
#3389=EDGE_CURVE('',#2618,#2608,#354,.T.);
#3390=EDGE_CURVE('',#2607,#2597,#355,.T.);
#3391=EDGE_CURVE('',#2615,#2601,#356,.T.);
#3392=EDGE_CURVE('',#2616,#2603,#357,.T.);
#3393=EDGE_CURVE('',#2619,#2610,#358,.T.);
#3394=EDGE_CURVE('',#2620,#2612,#359,.T.);
#3395=EDGE_CURVE('',#2621,#2621,#2047,.T.);
#3396=EDGE_CURVE('',#2621,#2351,#2048,.T.);
#3397=EDGE_CURVE('',#2622,#2622,#2049,.T.);
#3398=EDGE_CURVE('',#2622,#2621,#360,.T.);
#3399=EDGE_CURVE('',#2622,#2623,#2050,.T.);
#3400=EDGE_CURVE('',#2623,#2623,#2051,.T.);
#3401=EDGE_CURVE('',#2624,#2624,#2052,.T.);
#3402=EDGE_CURVE('',#2624,#2625,#2053,.T.);
#3403=EDGE_CURVE('',#2625,#2626,#2054,.T.);
#3404=EDGE_CURVE('',#2626,#2625,#2055,.T.);
#3405=EDGE_CURVE('',#2627,#2627,#2056,.T.);
#3406=EDGE_CURVE('',#2628,#2629,#2057,.T.);
#3407=EDGE_CURVE('',#2630,#2628,#361,.T.);
#3408=EDGE_CURVE('',#2631,#2630,#136,.T.);
#3409=EDGE_CURVE('',#2632,#2631,#2058,.T.);
#3410=EDGE_CURVE('',#2633,#2632,#137,.T.);
#3411=EDGE_CURVE('',#2634,#2633,#362,.T.);
#3412=EDGE_CURVE('',#2635,#2634,#2059,.T.);
#3413=EDGE_CURVE('',#2636,#2635,#363,.T.);
#3414=EDGE_CURVE('',#2637,#2636,#138,.T.);
#3415=EDGE_CURVE('',#2638,#2637,#2060,.T.);
#3416=EDGE_CURVE('',#2639,#2638,#139,.T.);
#3417=EDGE_CURVE('',#2640,#2639,#364,.T.);
#3418=EDGE_CURVE('',#2629,#2640,#2061,.T.);
#3419=EDGE_CURVE('',#2629,#2626,#365,.T.);
#3420=EDGE_CURVE('',#2627,#2573,#2062,.T.);
#3421=EDGE_CURVE('',#2641,#2630,#2063,.T.);
#3422=EDGE_CURVE('',#2642,#2641,#140,.F.);
#3423=EDGE_CURVE('',#2631,#2642,#2064,.T.);
#3424=EDGE_CURVE('',#2643,#2632,#2065,.T.);
#3425=EDGE_CURVE('',#2644,#2643,#141,.F.);
#3426=EDGE_CURVE('',#2633,#2644,#2066,.T.);
#3427=EDGE_CURVE('',#2642,#2643,#2067,.T.);
#3428=EDGE_CURVE('',#2645,#2646,#2068,.T.);
#3429=EDGE_CURVE('',#2646,#2642,#2069,.T.);
#3430=EDGE_CURVE('',#2641,#2645,#2070,.T.);
#3431=EDGE_CURVE('',#2647,#2648,#2071,.T.);
#3432=EDGE_CURVE('',#2648,#2646,#2072,.T.);
#3433=EDGE_CURVE('',#2645,#2647,#2073,.T.);
#3434=EDGE_CURVE('',#2643,#2648,#2074,.T.);
#3435=EDGE_CURVE('',#2647,#2644,#2075,.T.);
#3436=EDGE_CURVE('',#2330,#2628,#2076,.F.);
#3437=EDGE_CURVE('',#2649,#2330,#2077,.F.);
#3438=EDGE_CURVE('',#2628,#2649,#2078,.F.);
#3439=EDGE_CURVE('',#2650,#2651,#142,.F.);
#3440=EDGE_CURVE('',#2639,#2650,#2079,.T.);
#3441=EDGE_CURVE('',#2651,#2638,#2080,.T.);
#3442=EDGE_CURVE('',#2652,#2636,#2081,.T.);
#3443=EDGE_CURVE('',#2653,#2652,#143,.F.);
#3444=EDGE_CURVE('',#2637,#2653,#2082,.T.);
#3445=EDGE_CURVE('',#2654,#2655,#2083,.T.);
#3446=EDGE_CURVE('',#2655,#2653,#2084,.T.);
#3447=EDGE_CURVE('',#2652,#2654,#2085,.T.);
#3448=EDGE_CURVE('',#2656,#2657,#2086,.T.);
#3449=EDGE_CURVE('',#2657,#2655,#2087,.T.);
#3450=EDGE_CURVE('',#2654,#2656,#2088,.T.);
#3451=EDGE_CURVE('',#2651,#2657,#2089,.T.);
#3452=EDGE_CURVE('',#2656,#2650,#2090,.T.);
#3453=EDGE_CURVE('',#2653,#2651,#2091,.T.);
#3454=EDGE_CURVE('',#2634,#2327,#2092,.F.);
#3455=EDGE_CURVE('',#2658,#2634,#2093,.F.);
#3456=EDGE_CURVE('',#2327,#2658,#2094,.F.);
#3457=EDGE_CURVE('',#2644,#2658,#366,.T.);
#3458=EDGE_CURVE('',#2329,#2659,#2095,.T.);
#3459=EDGE_CURVE('',#2659,#2649,#2096,.T.);
#3460=EDGE_CURVE('',#2328,#2660,#2097,.T.);
#3461=EDGE_CURVE('',#2660,#2659,#2098,.T.);
#3462=EDGE_CURVE('',#2658,#2660,#2099,.T.);
#3463=EDGE_CURVE('',#2331,#2661,#2100,.F.);
#3464=EDGE_CURVE('',#2640,#2331,#2101,.F.);
#3465=EDGE_CURVE('',#2661,#2640,#2102,.F.);
#3466=EDGE_CURVE('',#2650,#2661,#367,.T.);
#3467=EDGE_CURVE('',#2325,#2635,#2103,.F.);
#3468=EDGE_CURVE('',#2662,#2325,#2104,.F.);
#3469=EDGE_CURVE('',#2635,#2662,#2105,.F.);
#3470=EDGE_CURVE('',#2326,#2663,#2106,.T.);
#3471=EDGE_CURVE('',#2663,#2662,#2107,.T.);
#3472=EDGE_CURVE('',#2332,#2664,#2108,.T.);
#3473=EDGE_CURVE('',#2664,#2663,#2109,.T.);
#3474=EDGE_CURVE('',#2661,#2664,#2110,.T.);
#3475=EDGE_CURVE('',#2662,#2652,#368,.T.);
#3476=EDGE_CURVE('',#2649,#2641,#369,.T.);
#3477=EDGE_CURVE('',#2659,#2645,#370,.T.);
#3478=EDGE_CURVE('',#2660,#2647,#371,.T.);
#3479=EDGE_CURVE('',#2663,#2654,#372,.T.);
#3480=EDGE_CURVE('',#2664,#2656,#373,.T.);
#3481=EDGE_CURVE('',#2665,#2665,#2111,.T.);
#3482=EDGE_CURVE('',#2665,#2350,#2112,.T.);
#3483=EDGE_CURVE('',#2666,#2666,#2113,.T.);
#3484=EDGE_CURVE('',#2666,#2665,#374,.T.);
#3485=EDGE_CURVE('',#2666,#2667,#2114,.T.);
#3486=EDGE_CURVE('',#2667,#2667,#2115,.T.);
#3487=EDGE_CURVE('',#2668,#2668,#2116,.T.);
#3488=EDGE_CURVE('',#2668,#2669,#2117,.T.);
#3489=EDGE_CURVE('',#2669,#2670,#2118,.T.);
#3490=EDGE_CURVE('',#2670,#2669,#2119,.T.);
#3491=EDGE_CURVE('',#2671,#2672,#144,.T.);
#3492=EDGE_CURVE('',#2673,#2671,#2120,.T.);
#3493=EDGE_CURVE('',#2674,#2673,#145,.T.);
#3494=EDGE_CURVE('',#2675,#2674,#375,.T.);
#3495=EDGE_CURVE('',#2676,#2675,#2121,.T.);
#3496=EDGE_CURVE('',#2676,#2670,#376,.T.);
#3497=EDGE_CURVE('',#2677,#2676,#2122,.T.);
#3498=EDGE_CURVE('',#2678,#2677,#377,.T.);
#3499=EDGE_CURVE('',#2679,#2678,#146,.T.);
#3500=EDGE_CURVE('',#2680,#2679,#2123,.T.);
#3501=EDGE_CURVE('',#2681,#2680,#147,.T.);
#3502=EDGE_CURVE('',#2682,#2681,#378,.T.);
#3503=EDGE_CURVE('',#2683,#2682,#2124,.T.);
#3504=EDGE_CURVE('',#2672,#2683,#379,.T.);
#3505=EDGE_CURVE('',#2684,#2684,#2125,.T.);
#3506=EDGE_CURVE('',#2685,#2678,#2126,.T.);
#3507=EDGE_CURVE('',#2686,#2685,#148,.F.);
#3508=EDGE_CURVE('',#2679,#2686,#2127,.T.);
#3509=EDGE_CURVE('',#2687,#2673,#2128,.T.);
#3510=EDGE_CURVE('',#2688,#2687,#149,.F.);
#3511=EDGE_CURVE('',#2674,#2688,#2129,.T.);
#3512=EDGE_CURVE('',#2689,#2690,#150,.F.);
#3513=EDGE_CURVE('',#2681,#2689,#2130,.T.);
#3514=EDGE_CURVE('',#2690,#2680,#2131,.T.);
#3515=EDGE_CURVE('',#2338,#2677,#2132,.F.);
#3516=EDGE_CURVE('',#2691,#2338,#2133,.F.);
#3517=EDGE_CURVE('',#2677,#2691,#2134,.F.);
#3518=EDGE_CURVE('',#2692,#2672,#2135,.T.);
#3519=EDGE_CURVE('',#2693,#2692,#151,.F.);
#3520=EDGE_CURVE('',#2671,#2693,#2136,.T.);
#3521=EDGE_CURVE('',#2694,#2695,#2137,.T.);
#3522=EDGE_CURVE('',#2695,#2693,#2138,.T.);
#3523=EDGE_CURVE('',#2692,#2694,#2139,.T.);
#3524=EDGE_CURVE('',#2696,#2697,#2140,.T.);
#3525=EDGE_CURVE('',#2697,#2695,#2141,.T.);
#3526=EDGE_CURVE('',#2694,#2696,#2142,.T.);
#3527=EDGE_CURVE('',#2687,#2697,#2143,.T.);
#3528=EDGE_CURVE('',#2696,#2688,#2144,.T.);
#3529=EDGE_CURVE('',#2693,#2687,#2145,.T.);
#3530=EDGE_CURVE('',#2675,#2339,#2146,.F.);
#3531=EDGE_CURVE('',#2698,#2675,#2147,.F.);
#3532=EDGE_CURVE('',#2339,#2698,#2148,.F.);
#3533=EDGE_CURVE('',#2688,#2698,#380,.T.);
#3534=EDGE_CURVE('',#2682,#2335,#2149,.F.);
#3535=EDGE_CURVE('',#2699,#2682,#2150,.F.);
#3536=EDGE_CURVE('',#2335,#2699,#2151,.F.);
#3537=EDGE_CURVE('',#2689,#2699,#381,.T.);
#3538=EDGE_CURVE('',#2337,#2700,#2152,.T.);
#3539=EDGE_CURVE('',#2700,#2691,#2153,.T.);
#3540=EDGE_CURVE('',#2336,#2701,#2154,.T.);
#3541=EDGE_CURVE('',#2701,#2700,#2155,.T.);
#3542=EDGE_CURVE('',#2699,#2701,#2156,.T.);
#3543=EDGE_CURVE('',#2333,#2683,#2157,.F.);
#3544=EDGE_CURVE('',#2702,#2333,#2158,.F.);
#3545=EDGE_CURVE('',#2683,#2702,#2159,.F.);
#3546=EDGE_CURVE('',#2334,#2703,#2160,.T.);
#3547=EDGE_CURVE('',#2703,#2702,#2161,.T.);
#3548=EDGE_CURVE('',#2340,#2704,#2162,.T.);
#3549=EDGE_CURVE('',#2704,#2703,#2163,.T.);
#3550=EDGE_CURVE('',#2698,#2704,#2164,.T.);
#3551=EDGE_CURVE('',#2702,#2692,#382,.T.);
#3552=EDGE_CURVE('',#2691,#2685,#383,.T.);
#3553=EDGE_CURVE('',#2686,#2690,#2165,.T.);
#3554=EDGE_CURVE('',#2705,#2706,#2166,.T.);
#3555=EDGE_CURVE('',#2706,#2686,#2167,.T.);
#3556=EDGE_CURVE('',#2685,#2705,#2168,.T.);
#3557=EDGE_CURVE('',#2707,#2708,#2169,.T.);
#3558=EDGE_CURVE('',#2708,#2706,#2170,.T.);
#3559=EDGE_CURVE('',#2705,#2707,#2171,.T.);
#3560=EDGE_CURVE('',#2690,#2708,#2172,.T.);
#3561=EDGE_CURVE('',#2707,#2689,#2173,.T.);
#3562=EDGE_CURVE('',#2700,#2705,#384,.T.);
#3563=EDGE_CURVE('',#2701,#2707,#385,.T.);
#3564=EDGE_CURVE('',#2703,#2694,#386,.T.);
#3565=EDGE_CURVE('',#2704,#2696,#387,.T.);
#3566=EDGE_CURVE('',#2684,#2576,#2174,.T.);
#3567=EDGE_CURVE('',#2709,#2709,#2175,.T.);
#3568=EDGE_CURVE('',#2709,#2349,#2176,.T.);
#3569=EDGE_CURVE('',#2710,#2710,#2177,.T.);
#3570=EDGE_CURVE('',#2710,#2709,#388,.T.);
#3571=EDGE_CURVE('',#2710,#2711,#2178,.T.);
#3572=EDGE_CURVE('',#2711,#2711,#2179,.T.);
#3573=EDGE_CURVE('',#2285,#2712,#2180,.T.);
#3574=EDGE_CURVE('',#2712,#2712,#2181,.T.);
#3575=EDGE_CURVE('',#2712,#2713,#389,.T.);
#3576=EDGE_CURVE('',#2714,#2713,#2182,.T.);
#3577=EDGE_CURVE('',#2713,#2714,#2183,.T.);
#3578=EDGE_CURVE('',#2715,#2715,#2184,.T.);
#3579=EDGE_CURVE('',#2715,#2714,#2185,.T.);
#3580=EDGE_CURVE('',#2716,#2716,#2186,.T.);
#3581=EDGE_CURVE('',#2716,#2717,#2187,.T.);
#3582=EDGE_CURVE('',#2717,#2718,#2188,.T.);
#3583=EDGE_CURVE('',#2718,#2717,#2189,.T.);
#3584=EDGE_CURVE('',#2719,#2720,#152,.T.);
#3585=EDGE_CURVE('',#2721,#2719,#390,.T.);
#3586=EDGE_CURVE('',#2722,#2721,#2190,.T.);
#3587=EDGE_CURVE('',#2723,#2722,#391,.T.);
#3588=EDGE_CURVE('',#2724,#2723,#153,.T.);
#3589=EDGE_CURVE('',#2725,#2724,#2191,.T.);
#3590=EDGE_CURVE('',#2726,#2725,#154,.T.);
#3591=EDGE_CURVE('',#2727,#2726,#392,.T.);
#3592=EDGE_CURVE('',#2728,#2727,#2192,.T.);
#3593=EDGE_CURVE('',#2729,#2728,#393,.T.);
#3594=EDGE_CURVE('',#2730,#2729,#155,.T.);
#3595=EDGE_CURVE('',#2731,#2730,#2193,.T.);
#3596=EDGE_CURVE('',#2731,#2718,#394,.T.);
#3597=EDGE_CURVE('',#2720,#2731,#2194,.T.);
#3598=EDGE_CURVE('',#2732,#2733,#156,.F.);
#3599=EDGE_CURVE('',#2726,#2732,#2195,.T.);
#3600=EDGE_CURVE('',#2733,#2725,#2196,.T.);
#3601=EDGE_CURVE('',#2734,#2723,#2197,.T.);
#3602=EDGE_CURVE('',#2735,#2734,#157,.F.);
#3603=EDGE_CURVE('',#2724,#2735,#2198,.T.);
#3604=EDGE_CURVE('',#2736,#2737,#2199,.T.);
#3605=EDGE_CURVE('',#2737,#2735,#2200,.T.);
#3606=EDGE_CURVE('',#2734,#2736,#2201,.T.);
#3607=EDGE_CURVE('',#2738,#2739,#2202,.T.);
#3608=EDGE_CURVE('',#2739,#2737,#2203,.T.);
#3609=EDGE_CURVE('',#2736,#2738,#2204,.T.);
#3610=EDGE_CURVE('',#2733,#2739,#2205,.T.);
#3611=EDGE_CURVE('',#2738,#2732,#2206,.T.);
#3612=EDGE_CURVE('',#2735,#2733,#2207,.T.);
#3613=EDGE_CURVE('',#2343,#2740,#2208,.F.);
#3614=EDGE_CURVE('',#2727,#2343,#2209,.F.);
#3615=EDGE_CURVE('',#2740,#2727,#2210,.F.);
#3616=EDGE_CURVE('',#2346,#2722,#2211,.F.);
#3617=EDGE_CURVE('',#2741,#2346,#2212,.F.);
#3618=EDGE_CURVE('',#2722,#2741,#2213,.F.);
#3619=EDGE_CURVE('',#2345,#2742,#2214,.T.);
#3620=EDGE_CURVE('',#2742,#2741,#2215,.T.);
#3621=EDGE_CURVE('',#2344,#2743,#2216,.T.);
#3622=EDGE_CURVE('',#2743,#2742,#2217,.T.);
#3623=EDGE_CURVE('',#2740,#2743,#2218,.T.);
#3624=EDGE_CURVE('',#2741,#2734,#395,.T.);
#3625=EDGE_CURVE('',#2341,#2728,#2219,.F.);
#3626=EDGE_CURVE('',#2744,#2341,#2220,.F.);
#3627=EDGE_CURVE('',#2728,#2744,#2221,.F.);
#3628=EDGE_CURVE('',#2721,#2347,#2222,.F.);
#3629=EDGE_CURVE('',#2745,#2721,#2223,.F.);
#3630=EDGE_CURVE('',#2347,#2745,#2224,.F.);
#3631=EDGE_CURVE('',#2746,#2729,#2225,.T.);
#3632=EDGE_CURVE('',#2747,#2746,#158,.F.);
#3633=EDGE_CURVE('',#2730,#2747,#2226,.T.);
#3634=EDGE_CURVE('',#2748,#2720,#2227,.T.);
#3635=EDGE_CURVE('',#2749,#2748,#159,.F.);
#3636=EDGE_CURVE('',#2719,#2749,#2228,.T.);
#3637=EDGE_CURVE('',#2747,#2748,#2229,.T.);
#3638=EDGE_CURVE('',#2750,#2751,#2230,.T.);
#3639=EDGE_CURVE('',#2751,#2747,#2231,.T.);
#3640=EDGE_CURVE('',#2746,#2750,#2232,.T.);
#3641=EDGE_CURVE('',#2752,#2753,#2233,.T.);
#3642=EDGE_CURVE('',#2753,#2751,#2234,.T.);
#3643=EDGE_CURVE('',#2750,#2752,#2235,.T.);
#3644=EDGE_CURVE('',#2748,#2753,#2236,.T.);
#3645=EDGE_CURVE('',#2752,#2749,#2237,.T.);
#3646=EDGE_CURVE('',#2749,#2745,#396,.T.);
#3647=EDGE_CURVE('',#2744,#2746,#397,.T.);
#3648=EDGE_CURVE('',#2342,#2754,#2238,.T.);
#3649=EDGE_CURVE('',#2754,#2744,#2239,.T.);
#3650=EDGE_CURVE('',#2348,#2755,#2240,.T.);
#3651=EDGE_CURVE('',#2755,#2754,#2241,.T.);
#3652=EDGE_CURVE('',#2745,#2755,#2242,.T.);
#3653=EDGE_CURVE('',#2732,#2740,#398,.T.);
#3654=EDGE_CURVE('',#2742,#2736,#399,.T.);
#3655=EDGE_CURVE('',#2743,#2738,#400,.T.);
#3656=EDGE_CURVE('',#2755,#2752,#401,.T.);
#3657=EDGE_CURVE('',#2754,#2750,#402,.T.);
#3658=ORIENTED_EDGE('',*,*,#2756,.T.);
#3659=ORIENTED_EDGE('',*,*,#2757,.T.);
#3660=ORIENTED_EDGE('',*,*,#2758,.T.);
#3661=ORIENTED_EDGE('',*,*,#2759,.T.);
#3662=ORIENTED_EDGE('',*,*,#2760,.T.);
#3663=ORIENTED_EDGE('',*,*,#2761,.T.);
#3664=ORIENTED_EDGE('',*,*,#2758,.F.);
#3665=ORIENTED_EDGE('',*,*,#2762,.T.);
#3666=ORIENTED_EDGE('',*,*,#2763,.T.);
#3667=ORIENTED_EDGE('',*,*,#2764,.T.);
#3668=ORIENTED_EDGE('',*,*,#2760,.F.);
#3669=ORIENTED_EDGE('',*,*,#2765,.T.);
#3670=ORIENTED_EDGE('',*,*,#2766,.T.);
#3671=ORIENTED_EDGE('',*,*,#2767,.T.);
#3672=ORIENTED_EDGE('',*,*,#2763,.F.);
#3673=ORIENTED_EDGE('',*,*,#2768,.T.);
#3674=ORIENTED_EDGE('',*,*,#2769,.T.);
#3675=ORIENTED_EDGE('',*,*,#2770,.T.);
#3676=ORIENTED_EDGE('',*,*,#2766,.F.);
#3677=ORIENTED_EDGE('',*,*,#2771,.T.);
#3678=ORIENTED_EDGE('',*,*,#2772,.T.);
#3679=ORIENTED_EDGE('',*,*,#2773,.T.);
#3680=ORIENTED_EDGE('',*,*,#2774,.T.);
#3681=ORIENTED_EDGE('',*,*,#2775,.T.);
#3682=ORIENTED_EDGE('',*,*,#2774,.F.);
#3683=ORIENTED_EDGE('',*,*,#2776,.T.);
#3684=ORIENTED_EDGE('',*,*,#2756,.F.);
#3685=ORIENTED_EDGE('',*,*,#2777,.T.);
#3686=ORIENTED_EDGE('',*,*,#2778,.T.);
#3687=ORIENTED_EDGE('',*,*,#2779,.T.);
#3688=ORIENTED_EDGE('',*,*,#2769,.F.);
#3689=ORIENTED_EDGE('',*,*,#2780,.T.);
#3690=ORIENTED_EDGE('',*,*,#2781,.T.);
#3691=ORIENTED_EDGE('',*,*,#2782,.T.);
#3692=ORIENTED_EDGE('',*,*,#2772,.F.);
#3693=ORIENTED_EDGE('',*,*,#2783,.T.);
#3694=ORIENTED_EDGE('',*,*,#2778,.F.);
#3695=ORIENTED_EDGE('',*,*,#2784,.T.);
#3696=ORIENTED_EDGE('',*,*,#2781,.F.);
#3697=ORIENTED_EDGE('',*,*,#2785,.T.);
#3698=ORIENTED_EDGE('',*,*,#2770,.F.);
#3699=ORIENTED_EDGE('',*,*,#2779,.F.);
#3700=ORIENTED_EDGE('',*,*,#2786,.T.);
#3701=ORIENTED_EDGE('',*,*,#2787,.F.);
#3702=ORIENTED_EDGE('',*,*,#2788,.F.);
#3703=ORIENTED_EDGE('',*,*,#2789,.T.);
#3704=ORIENTED_EDGE('',*,*,#2785,.F.);
#3705=ORIENTED_EDGE('',*,*,#2790,.F.);
#3706=ORIENTED_EDGE('',*,*,#2791,.F.);
#3707=ORIENTED_EDGE('',*,*,#2786,.F.);
#3708=ORIENTED_EDGE('',*,*,#2783,.F.);
#3709=ORIENTED_EDGE('',*,*,#2775,.F.);
#3710=ORIENTED_EDGE('',*,*,#2792,.T.);
#3711=ORIENTED_EDGE('',*,*,#2793,.F.);
#3712=ORIENTED_EDGE('',*,*,#2794,.F.);
#3713=ORIENTED_EDGE('',*,*,#2790,.T.);
#3714=ORIENTED_EDGE('',*,*,#2771,.F.);
#3715=ORIENTED_EDGE('',*,*,#2768,.F.);
#3716=ORIENTED_EDGE('',*,*,#2765,.F.);
#3717=ORIENTED_EDGE('',*,*,#2762,.F.);
#3718=ORIENTED_EDGE('',*,*,#2757,.F.);
#3719=ORIENTED_EDGE('',*,*,#2776,.F.);
#3720=ORIENTED_EDGE('',*,*,#2773,.F.);
#3721=ORIENTED_EDGE('',*,*,#2795,.F.);
#3722=ORIENTED_EDGE('',*,*,#2796,.F.);
#3723=ORIENTED_EDGE('',*,*,#2797,.F.);
#3724=ORIENTED_EDGE('',*,*,#2798,.F.);
#3725=ORIENTED_EDGE('',*,*,#2799,.F.);
#3726=ORIENTED_EDGE('',*,*,#2800,.F.);
#3727=ORIENTED_EDGE('',*,*,#2801,.F.);
#3728=ORIENTED_EDGE('',*,*,#2802,.F.);
#3729=ORIENTED_EDGE('',*,*,#2803,.F.);
#3730=ORIENTED_EDGE('',*,*,#2804,.F.);
#3731=ORIENTED_EDGE('',*,*,#2805,.F.);
#3732=ORIENTED_EDGE('',*,*,#2806,.F.);
#3733=ORIENTED_EDGE('',*,*,#2807,.F.);
#3734=ORIENTED_EDGE('',*,*,#2808,.F.);
#3735=ORIENTED_EDGE('',*,*,#2809,.F.);
#3736=ORIENTED_EDGE('',*,*,#2810,.F.);
#3737=ORIENTED_EDGE('',*,*,#2811,.F.);
#3738=ORIENTED_EDGE('',*,*,#2812,.F.);
#3739=ORIENTED_EDGE('',*,*,#2813,.F.);
#3740=ORIENTED_EDGE('',*,*,#2814,.F.);
#3741=ORIENTED_EDGE('',*,*,#2815,.F.);
#3742=ORIENTED_EDGE('',*,*,#2816,.F.);
#3743=ORIENTED_EDGE('',*,*,#2817,.F.);
#3744=ORIENTED_EDGE('',*,*,#2818,.F.);
#3745=ORIENTED_EDGE('',*,*,#2819,.F.);
#3746=ORIENTED_EDGE('',*,*,#2820,.F.);
#3747=ORIENTED_EDGE('',*,*,#2821,.F.);
#3748=ORIENTED_EDGE('',*,*,#2822,.F.);
#3749=ORIENTED_EDGE('',*,*,#2823,.T.);
#3750=ORIENTED_EDGE('',*,*,#2824,.T.);
#3751=ORIENTED_EDGE('',*,*,#2825,.T.);
#3752=ORIENTED_EDGE('',*,*,#2788,.T.);
#3753=ORIENTED_EDGE('',*,*,#2826,.T.);
#3754=ORIENTED_EDGE('',*,*,#2827,.T.);
#3755=ORIENTED_EDGE('',*,*,#2825,.F.);
#3756=ORIENTED_EDGE('',*,*,#2828,.T.);
#3757=ORIENTED_EDGE('',*,*,#2829,.T.);
#3758=ORIENTED_EDGE('',*,*,#2830,.T.);
#3759=ORIENTED_EDGE('',*,*,#2826,.F.);
#3760=ORIENTED_EDGE('',*,*,#2831,.T.);
#3761=ORIENTED_EDGE('',*,*,#2832,.T.);
#3762=ORIENTED_EDGE('',*,*,#2833,.T.);
#3763=ORIENTED_EDGE('',*,*,#2829,.F.);
#3764=ORIENTED_EDGE('',*,*,#2834,.T.);
#3765=ORIENTED_EDGE('',*,*,#2835,.T.);
#3766=ORIENTED_EDGE('',*,*,#2836,.T.);
#3767=ORIENTED_EDGE('',*,*,#2832,.F.);
#3768=ORIENTED_EDGE('',*,*,#2837,.T.);
#3769=ORIENTED_EDGE('',*,*,#2838,.T.);
#3770=ORIENTED_EDGE('',*,*,#2839,.T.);
#3771=ORIENTED_EDGE('',*,*,#2835,.F.);
#3772=ORIENTED_EDGE('',*,*,#2840,.T.);
#3773=ORIENTED_EDGE('',*,*,#2841,.T.);
#3774=ORIENTED_EDGE('',*,*,#2793,.T.);
#3775=ORIENTED_EDGE('',*,*,#2838,.F.);
#3776=ORIENTED_EDGE('',*,*,#2842,.T.);
#3777=ORIENTED_EDGE('',*,*,#2843,.T.);
#3778=ORIENTED_EDGE('',*,*,#2844,.T.);
#3779=ORIENTED_EDGE('',*,*,#2823,.F.);
#3780=ORIENTED_EDGE('',*,*,#2787,.T.);
#3781=ORIENTED_EDGE('',*,*,#2845,.T.);
#3782=ORIENTED_EDGE('',*,*,#2794,.T.);
#3783=ORIENTED_EDGE('',*,*,#2841,.F.);
#3784=ORIENTED_EDGE('',*,*,#2846,.T.);
#3785=ORIENTED_EDGE('',*,*,#2843,.F.);
#3786=ORIENTED_EDGE('',*,*,#2791,.T.);
#3787=ORIENTED_EDGE('',*,*,#2845,.F.);
#3788=ORIENTED_EDGE('',*,*,#2847,.T.);
#3789=ORIENTED_EDGE('',*,*,#2842,.F.);
#3790=ORIENTED_EDGE('',*,*,#2840,.F.);
#3791=ORIENTED_EDGE('',*,*,#2837,.F.);
#3792=ORIENTED_EDGE('',*,*,#2834,.F.);
#3793=ORIENTED_EDGE('',*,*,#2831,.F.);
#3794=ORIENTED_EDGE('',*,*,#2828,.F.);
#3795=ORIENTED_EDGE('',*,*,#2824,.F.);
#3796=ORIENTED_EDGE('',*,*,#2848,.F.);
#3797=ORIENTED_EDGE('',*,*,#2849,.F.);
#3798=ORIENTED_EDGE('',*,*,#2850,.F.);
#3799=ORIENTED_EDGE('',*,*,#2851,.F.);
#3800=ORIENTED_EDGE('',*,*,#2852,.F.);
#3801=ORIENTED_EDGE('',*,*,#2853,.F.);
#3802=ORIENTED_EDGE('',*,*,#2854,.F.);
#3803=ORIENTED_EDGE('',*,*,#2855,.F.);
#3804=ORIENTED_EDGE('',*,*,#2856,.F.);
#3805=ORIENTED_EDGE('',*,*,#2857,.F.);
#3806=ORIENTED_EDGE('',*,*,#2858,.F.);
#3807=ORIENTED_EDGE('',*,*,#2859,.F.);
#3808=ORIENTED_EDGE('',*,*,#2860,.F.);
#3809=ORIENTED_EDGE('',*,*,#2861,.F.);
#3810=ORIENTED_EDGE('',*,*,#2862,.F.);
#3811=ORIENTED_EDGE('',*,*,#2863,.F.);
#3812=ORIENTED_EDGE('',*,*,#2864,.F.);
#3813=ORIENTED_EDGE('',*,*,#2865,.F.);
#3814=ORIENTED_EDGE('',*,*,#2866,.F.);
#3815=ORIENTED_EDGE('',*,*,#2867,.F.);
#3816=ORIENTED_EDGE('',*,*,#2868,.F.);
#3817=ORIENTED_EDGE('',*,*,#2869,.F.);
#3818=ORIENTED_EDGE('',*,*,#2870,.F.);
#3819=ORIENTED_EDGE('',*,*,#2871,.F.);
#3820=ORIENTED_EDGE('',*,*,#2872,.F.);
#3821=ORIENTED_EDGE('',*,*,#2873,.F.);
#3822=ORIENTED_EDGE('',*,*,#2874,.F.);
#3823=ORIENTED_EDGE('',*,*,#2875,.F.);
#3824=ORIENTED_EDGE('',*,*,#2876,.F.);
#3825=ORIENTED_EDGE('',*,*,#2877,.F.);
#3826=ORIENTED_EDGE('',*,*,#2878,.F.);
#3827=ORIENTED_EDGE('',*,*,#2879,.F.);
#3828=ORIENTED_EDGE('',*,*,#2880,.F.);
#3829=ORIENTED_EDGE('',*,*,#2881,.F.);
#3830=ORIENTED_EDGE('',*,*,#2882,.F.);
#3831=ORIENTED_EDGE('',*,*,#2883,.F.);
#3832=ORIENTED_EDGE('',*,*,#2884,.F.);
#3833=ORIENTED_EDGE('',*,*,#2885,.F.);
#3834=ORIENTED_EDGE('',*,*,#2886,.F.);
#3835=ORIENTED_EDGE('',*,*,#2887,.F.);
#3836=ORIENTED_EDGE('',*,*,#2888,.F.);
#3837=ORIENTED_EDGE('',*,*,#2889,.F.);
#3838=ORIENTED_EDGE('',*,*,#2890,.F.);
#3839=ORIENTED_EDGE('',*,*,#2891,.F.);
#3840=ORIENTED_EDGE('',*,*,#2892,.T.);
#3841=ORIENTED_EDGE('',*,*,#2893,.T.);
#3842=ORIENTED_EDGE('',*,*,#2894,.T.);
#3843=ORIENTED_EDGE('',*,*,#2895,.T.);
#3844=ORIENTED_EDGE('',*,*,#2896,.T.);
#3845=ORIENTED_EDGE('',*,*,#2897,.T.);
#3846=ORIENTED_EDGE('',*,*,#2894,.F.);
#3847=ORIENTED_EDGE('',*,*,#2898,.T.);
#3848=ORIENTED_EDGE('',*,*,#2899,.T.);
#3849=ORIENTED_EDGE('',*,*,#2900,.T.);
#3850=ORIENTED_EDGE('',*,*,#2896,.F.);
#3851=ORIENTED_EDGE('',*,*,#2901,.T.);
#3852=ORIENTED_EDGE('',*,*,#2902,.T.);
#3853=ORIENTED_EDGE('',*,*,#2903,.T.);
#3854=ORIENTED_EDGE('',*,*,#2899,.F.);
#3855=ORIENTED_EDGE('',*,*,#2904,.T.);
#3856=ORIENTED_EDGE('',*,*,#2905,.T.);
#3857=ORIENTED_EDGE('',*,*,#2906,.T.);
#3858=ORIENTED_EDGE('',*,*,#2902,.F.);
#3859=ORIENTED_EDGE('',*,*,#2907,.T.);
#3860=ORIENTED_EDGE('',*,*,#2908,.T.);
#3861=ORIENTED_EDGE('',*,*,#2909,.T.);
#3862=ORIENTED_EDGE('',*,*,#2905,.F.);
#3863=ORIENTED_EDGE('',*,*,#2910,.T.);
#3864=ORIENTED_EDGE('',*,*,#2911,.T.);
#3865=ORIENTED_EDGE('',*,*,#2912,.T.);
#3866=ORIENTED_EDGE('',*,*,#2908,.F.);
#3867=ORIENTED_EDGE('',*,*,#2913,.T.);
#3868=ORIENTED_EDGE('',*,*,#2914,.T.);
#3869=ORIENTED_EDGE('',*,*,#2915,.T.);
#3870=ORIENTED_EDGE('',*,*,#2911,.F.);
#3871=ORIENTED_EDGE('',*,*,#2916,.T.);
#3872=ORIENTED_EDGE('',*,*,#2917,.T.);
#3873=ORIENTED_EDGE('',*,*,#2918,.T.);
#3874=ORIENTED_EDGE('',*,*,#2914,.F.);
#3875=ORIENTED_EDGE('',*,*,#2919,.T.);
#3876=ORIENTED_EDGE('',*,*,#2920,.T.);
#3877=ORIENTED_EDGE('',*,*,#2921,.T.);
#3878=ORIENTED_EDGE('',*,*,#2917,.F.);
#3879=ORIENTED_EDGE('',*,*,#2922,.T.);
#3880=ORIENTED_EDGE('',*,*,#2923,.T.);
#3881=ORIENTED_EDGE('',*,*,#2924,.T.);
#3882=ORIENTED_EDGE('',*,*,#2920,.F.);
#3883=ORIENTED_EDGE('',*,*,#2925,.T.);
#3884=ORIENTED_EDGE('',*,*,#2926,.T.);
#3885=ORIENTED_EDGE('',*,*,#2927,.T.);
#3886=ORIENTED_EDGE('',*,*,#2923,.F.);
#3887=ORIENTED_EDGE('',*,*,#2928,.T.);
#3888=ORIENTED_EDGE('',*,*,#2929,.T.);
#3889=ORIENTED_EDGE('',*,*,#2930,.T.);
#3890=ORIENTED_EDGE('',*,*,#2926,.F.);
#3891=ORIENTED_EDGE('',*,*,#2931,.T.);
#3892=ORIENTED_EDGE('',*,*,#2932,.T.);
#3893=ORIENTED_EDGE('',*,*,#2933,.T.);
#3894=ORIENTED_EDGE('',*,*,#2929,.F.);
#3895=ORIENTED_EDGE('',*,*,#2934,.T.);
#3896=ORIENTED_EDGE('',*,*,#2935,.T.);
#3897=ORIENTED_EDGE('',*,*,#2936,.T.);
#3898=ORIENTED_EDGE('',*,*,#2932,.F.);
#3899=ORIENTED_EDGE('',*,*,#2937,.T.);
#3900=ORIENTED_EDGE('',*,*,#2938,.T.);
#3901=ORIENTED_EDGE('',*,*,#2939,.T.);
#3902=ORIENTED_EDGE('',*,*,#2935,.F.);
#3903=ORIENTED_EDGE('',*,*,#2940,.T.);
#3904=ORIENTED_EDGE('',*,*,#2941,.T.);
#3905=ORIENTED_EDGE('',*,*,#2942,.T.);
#3906=ORIENTED_EDGE('',*,*,#2938,.F.);
#3907=ORIENTED_EDGE('',*,*,#2943,.T.);
#3908=ORIENTED_EDGE('',*,*,#2944,.T.);
#3909=ORIENTED_EDGE('',*,*,#2945,.T.);
#3910=ORIENTED_EDGE('',*,*,#2941,.F.);
#3911=ORIENTED_EDGE('',*,*,#2946,.T.);
#3912=ORIENTED_EDGE('',*,*,#2947,.T.);
#3913=ORIENTED_EDGE('',*,*,#2948,.T.);
#3914=ORIENTED_EDGE('',*,*,#2944,.F.);
#3915=ORIENTED_EDGE('',*,*,#2949,.T.);
#3916=ORIENTED_EDGE('',*,*,#2950,.T.);
#3917=ORIENTED_EDGE('',*,*,#2951,.T.);
#3918=ORIENTED_EDGE('',*,*,#2947,.F.);
#3919=ORIENTED_EDGE('',*,*,#2952,.T.);
#3920=ORIENTED_EDGE('',*,*,#2953,.T.);
#3921=ORIENTED_EDGE('',*,*,#2954,.T.);
#3922=ORIENTED_EDGE('',*,*,#2950,.F.);
#3923=ORIENTED_EDGE('',*,*,#2955,.T.);
#3924=ORIENTED_EDGE('',*,*,#2956,.T.);
#3925=ORIENTED_EDGE('',*,*,#2957,.T.);
#3926=ORIENTED_EDGE('',*,*,#2953,.F.);
#3927=ORIENTED_EDGE('',*,*,#2958,.T.);
#3928=ORIENTED_EDGE('',*,*,#2959,.T.);
#3929=ORIENTED_EDGE('',*,*,#2960,.T.);
#3930=ORIENTED_EDGE('',*,*,#2956,.F.);
#3931=ORIENTED_EDGE('',*,*,#2961,.T.);
#3932=ORIENTED_EDGE('',*,*,#2959,.F.);
#3933=ORIENTED_EDGE('',*,*,#2962,.T.);
#3934=ORIENTED_EDGE('',*,*,#2892,.F.);
#3935=ORIENTED_EDGE('',*,*,#2963,.T.);
#3936=ORIENTED_EDGE('',*,*,#2933,.F.);
#3937=ORIENTED_EDGE('',*,*,#2964,.F.);
#3938=ORIENTED_EDGE('',*,*,#2965,.F.);
#3939=ORIENTED_EDGE('',*,*,#2966,.F.);
#3940=ORIENTED_EDGE('',*,*,#2936,.F.);
#3941=ORIENTED_EDGE('',*,*,#2967,.T.);
#3942=ORIENTED_EDGE('',*,*,#2968,.F.);
#3943=ORIENTED_EDGE('',*,*,#2964,.T.);
#3944=ORIENTED_EDGE('',*,*,#2939,.F.);
#3945=ORIENTED_EDGE('',*,*,#2969,.F.);
#3946=ORIENTED_EDGE('',*,*,#2970,.F.);
#3947=ORIENTED_EDGE('',*,*,#2967,.F.);
#3948=ORIENTED_EDGE('',*,*,#2942,.F.);
#3949=ORIENTED_EDGE('',*,*,#2971,.T.);
#3950=ORIENTED_EDGE('',*,*,#2972,.F.);
#3951=ORIENTED_EDGE('',*,*,#2969,.T.);
#3952=ORIENTED_EDGE('',*,*,#2945,.F.);
#3953=ORIENTED_EDGE('',*,*,#2973,.F.);
#3954=ORIENTED_EDGE('',*,*,#2974,.F.);
#3955=ORIENTED_EDGE('',*,*,#2971,.F.);
#3956=ORIENTED_EDGE('',*,*,#2948,.F.);
#3957=ORIENTED_EDGE('',*,*,#2975,.T.);
#3958=ORIENTED_EDGE('',*,*,#2976,.F.);
#3959=ORIENTED_EDGE('',*,*,#2973,.T.);
#3960=ORIENTED_EDGE('',*,*,#2951,.F.);
#3961=ORIENTED_EDGE('',*,*,#2977,.F.);
#3962=ORIENTED_EDGE('',*,*,#2978,.F.);
#3963=ORIENTED_EDGE('',*,*,#2975,.F.);
#3964=ORIENTED_EDGE('',*,*,#2954,.F.);
#3965=ORIENTED_EDGE('',*,*,#2979,.T.);
#3966=ORIENTED_EDGE('',*,*,#2980,.F.);
#3967=ORIENTED_EDGE('',*,*,#2977,.T.);
#3968=ORIENTED_EDGE('',*,*,#2957,.F.);
#3969=ORIENTED_EDGE('',*,*,#2981,.F.);
#3970=ORIENTED_EDGE('',*,*,#2982,.F.);
#3971=ORIENTED_EDGE('',*,*,#2979,.F.);
#3972=ORIENTED_EDGE('',*,*,#2960,.F.);
#3973=ORIENTED_EDGE('',*,*,#2983,.T.);
#3974=ORIENTED_EDGE('',*,*,#2984,.F.);
#3975=ORIENTED_EDGE('',*,*,#2981,.T.);
#3976=ORIENTED_EDGE('',*,*,#2963,.F.);
#3977=ORIENTED_EDGE('',*,*,#2985,.F.);
#3978=ORIENTED_EDGE('',*,*,#2986,.F.);
#3979=ORIENTED_EDGE('',*,*,#2983,.F.);
#3980=ORIENTED_EDGE('',*,*,#2895,.F.);
#3981=ORIENTED_EDGE('',*,*,#2987,.T.);
#3982=ORIENTED_EDGE('',*,*,#2988,.F.);
#3983=ORIENTED_EDGE('',*,*,#2985,.T.);
#3984=ORIENTED_EDGE('',*,*,#2989,.F.);
#3985=ORIENTED_EDGE('',*,*,#2990,.F.);
#3986=ORIENTED_EDGE('',*,*,#2991,.F.);
#3987=ORIENTED_EDGE('',*,*,#2992,.F.);
#3988=ORIENTED_EDGE('',*,*,#2993,.F.);
#3989=ORIENTED_EDGE('',*,*,#2994,.F.);
#3990=ORIENTED_EDGE('',*,*,#2995,.F.);
#3991=ORIENTED_EDGE('',*,*,#2996,.F.);
#3992=ORIENTED_EDGE('',*,*,#2893,.F.);
#3993=ORIENTED_EDGE('',*,*,#2962,.F.);
#3994=ORIENTED_EDGE('',*,*,#2961,.F.);
#3995=ORIENTED_EDGE('',*,*,#2958,.F.);
#3996=ORIENTED_EDGE('',*,*,#2955,.F.);
#3997=ORIENTED_EDGE('',*,*,#2952,.F.);
#3998=ORIENTED_EDGE('',*,*,#2949,.F.);
#3999=ORIENTED_EDGE('',*,*,#2946,.F.);
#4000=ORIENTED_EDGE('',*,*,#2943,.F.);
#4001=ORIENTED_EDGE('',*,*,#2940,.F.);
#4002=ORIENTED_EDGE('',*,*,#2937,.F.);
#4003=ORIENTED_EDGE('',*,*,#2934,.F.);
#4004=ORIENTED_EDGE('',*,*,#2931,.F.);
#4005=ORIENTED_EDGE('',*,*,#2928,.F.);
#4006=ORIENTED_EDGE('',*,*,#2925,.F.);
#4007=ORIENTED_EDGE('',*,*,#2922,.F.);
#4008=ORIENTED_EDGE('',*,*,#2919,.F.);
#4009=ORIENTED_EDGE('',*,*,#2916,.F.);
#4010=ORIENTED_EDGE('',*,*,#2913,.F.);
#4011=ORIENTED_EDGE('',*,*,#2910,.F.);
#4012=ORIENTED_EDGE('',*,*,#2907,.F.);
#4013=ORIENTED_EDGE('',*,*,#2904,.F.);
#4014=ORIENTED_EDGE('',*,*,#2901,.F.);
#4015=ORIENTED_EDGE('',*,*,#2898,.F.);
#4016=ORIENTED_EDGE('',*,*,#2997,.T.);
#4017=ORIENTED_EDGE('',*,*,#2998,.T.);
#4018=ORIENTED_EDGE('',*,*,#2999,.T.);
#4019=ORIENTED_EDGE('',*,*,#3000,.T.);
#4020=ORIENTED_EDGE('',*,*,#3001,.T.);
#4021=ORIENTED_EDGE('',*,*,#3002,.T.);
#4022=ORIENTED_EDGE('',*,*,#2999,.F.);
#4023=ORIENTED_EDGE('',*,*,#3003,.T.);
#4024=ORIENTED_EDGE('',*,*,#3004,.T.);
#4025=ORIENTED_EDGE('',*,*,#2988,.T.);
#4026=ORIENTED_EDGE('',*,*,#3001,.F.);
#4027=ORIENTED_EDGE('',*,*,#3005,.T.);
#4028=ORIENTED_EDGE('',*,*,#3006,.T.);
#4029=ORIENTED_EDGE('',*,*,#2986,.T.);
#4030=ORIENTED_EDGE('',*,*,#3004,.F.);
#4031=ORIENTED_EDGE('',*,*,#3007,.T.);
#4032=ORIENTED_EDGE('',*,*,#3008,.T.);
#4033=ORIENTED_EDGE('',*,*,#2984,.T.);
#4034=ORIENTED_EDGE('',*,*,#3006,.F.);
#4035=ORIENTED_EDGE('',*,*,#3009,.T.);
#4036=ORIENTED_EDGE('',*,*,#3010,.T.);
#4037=ORIENTED_EDGE('',*,*,#2982,.T.);
#4038=ORIENTED_EDGE('',*,*,#3008,.F.);
#4039=ORIENTED_EDGE('',*,*,#3011,.T.);
#4040=ORIENTED_EDGE('',*,*,#3012,.T.);
#4041=ORIENTED_EDGE('',*,*,#2980,.T.);
#4042=ORIENTED_EDGE('',*,*,#3010,.F.);
#4043=ORIENTED_EDGE('',*,*,#3013,.T.);
#4044=ORIENTED_EDGE('',*,*,#3014,.T.);
#4045=ORIENTED_EDGE('',*,*,#2978,.T.);
#4046=ORIENTED_EDGE('',*,*,#3012,.F.);
#4047=ORIENTED_EDGE('',*,*,#3015,.T.);
#4048=ORIENTED_EDGE('',*,*,#3016,.T.);
#4049=ORIENTED_EDGE('',*,*,#2976,.T.);
#4050=ORIENTED_EDGE('',*,*,#3014,.F.);
#4051=ORIENTED_EDGE('',*,*,#3017,.T.);
#4052=ORIENTED_EDGE('',*,*,#3018,.T.);
#4053=ORIENTED_EDGE('',*,*,#2974,.T.);
#4054=ORIENTED_EDGE('',*,*,#3016,.F.);
#4055=ORIENTED_EDGE('',*,*,#3019,.T.);
#4056=ORIENTED_EDGE('',*,*,#3020,.T.);
#4057=ORIENTED_EDGE('',*,*,#2972,.T.);
#4058=ORIENTED_EDGE('',*,*,#3018,.F.);
#4059=ORIENTED_EDGE('',*,*,#3021,.T.);
#4060=ORIENTED_EDGE('',*,*,#3022,.T.);
#4061=ORIENTED_EDGE('',*,*,#2970,.T.);
#4062=ORIENTED_EDGE('',*,*,#3020,.F.);
#4063=ORIENTED_EDGE('',*,*,#3023,.T.);
#4064=ORIENTED_EDGE('',*,*,#3024,.T.);
#4065=ORIENTED_EDGE('',*,*,#2968,.T.);
#4066=ORIENTED_EDGE('',*,*,#3022,.F.);
#4067=ORIENTED_EDGE('',*,*,#3025,.T.);
#4068=ORIENTED_EDGE('',*,*,#3026,.T.);
#4069=ORIENTED_EDGE('',*,*,#2965,.T.);
#4070=ORIENTED_EDGE('',*,*,#3024,.F.);
#4071=ORIENTED_EDGE('',*,*,#3027,.T.);
#4072=ORIENTED_EDGE('',*,*,#3028,.T.);
#4073=ORIENTED_EDGE('',*,*,#3029,.T.);
#4074=ORIENTED_EDGE('',*,*,#3026,.F.);
#4075=ORIENTED_EDGE('',*,*,#3030,.T.);
#4076=ORIENTED_EDGE('',*,*,#3031,.T.);
#4077=ORIENTED_EDGE('',*,*,#3032,.T.);
#4078=ORIENTED_EDGE('',*,*,#3028,.F.);
#4079=ORIENTED_EDGE('',*,*,#3033,.T.);
#4080=ORIENTED_EDGE('',*,*,#3034,.T.);
#4081=ORIENTED_EDGE('',*,*,#3035,.T.);
#4082=ORIENTED_EDGE('',*,*,#3031,.F.);
#4083=ORIENTED_EDGE('',*,*,#3036,.T.);
#4084=ORIENTED_EDGE('',*,*,#3037,.T.);
#4085=ORIENTED_EDGE('',*,*,#3038,.T.);
#4086=ORIENTED_EDGE('',*,*,#3034,.F.);
#4087=ORIENTED_EDGE('',*,*,#3039,.T.);
#4088=ORIENTED_EDGE('',*,*,#3040,.T.);
#4089=ORIENTED_EDGE('',*,*,#3041,.T.);
#4090=ORIENTED_EDGE('',*,*,#3037,.F.);
#4091=ORIENTED_EDGE('',*,*,#3042,.T.);
#4092=ORIENTED_EDGE('',*,*,#3043,.T.);
#4093=ORIENTED_EDGE('',*,*,#3044,.T.);
#4094=ORIENTED_EDGE('',*,*,#3040,.F.);
#4095=ORIENTED_EDGE('',*,*,#3045,.T.);
#4096=ORIENTED_EDGE('',*,*,#3046,.T.);
#4097=ORIENTED_EDGE('',*,*,#3047,.T.);
#4098=ORIENTED_EDGE('',*,*,#3043,.F.);
#4099=ORIENTED_EDGE('',*,*,#3048,.T.);
#4100=ORIENTED_EDGE('',*,*,#3049,.T.);
#4101=ORIENTED_EDGE('',*,*,#3050,.T.);
#4102=ORIENTED_EDGE('',*,*,#3046,.F.);
#4103=ORIENTED_EDGE('',*,*,#3051,.T.);
#4104=ORIENTED_EDGE('',*,*,#3052,.T.);
#4105=ORIENTED_EDGE('',*,*,#3053,.T.);
#4106=ORIENTED_EDGE('',*,*,#3049,.F.);
#4107=ORIENTED_EDGE('',*,*,#3054,.T.);
#4108=ORIENTED_EDGE('',*,*,#3052,.F.);
#4109=ORIENTED_EDGE('',*,*,#3055,.T.);
#4110=ORIENTED_EDGE('',*,*,#2997,.F.);
#4111=ORIENTED_EDGE('',*,*,#3056,.T.);
#4112=ORIENTED_EDGE('',*,*,#2930,.F.);
#4113=ORIENTED_EDGE('',*,*,#2966,.T.);
#4114=ORIENTED_EDGE('',*,*,#3029,.F.);
#4115=ORIENTED_EDGE('',*,*,#3057,.T.);
#4116=ORIENTED_EDGE('',*,*,#2927,.F.);
#4117=ORIENTED_EDGE('',*,*,#3057,.F.);
#4118=ORIENTED_EDGE('',*,*,#3032,.F.);
#4119=ORIENTED_EDGE('',*,*,#3058,.F.);
#4120=ORIENTED_EDGE('',*,*,#2924,.F.);
#4121=ORIENTED_EDGE('',*,*,#3058,.T.);
#4122=ORIENTED_EDGE('',*,*,#3035,.F.);
#4123=ORIENTED_EDGE('',*,*,#3059,.T.);
#4124=ORIENTED_EDGE('',*,*,#2921,.F.);
#4125=ORIENTED_EDGE('',*,*,#3059,.F.);
#4126=ORIENTED_EDGE('',*,*,#3038,.F.);
#4127=ORIENTED_EDGE('',*,*,#3060,.F.);
#4128=ORIENTED_EDGE('',*,*,#2918,.F.);
#4129=ORIENTED_EDGE('',*,*,#3060,.T.);
#4130=ORIENTED_EDGE('',*,*,#3041,.F.);
#4131=ORIENTED_EDGE('',*,*,#3061,.T.);
#4132=ORIENTED_EDGE('',*,*,#2915,.F.);
#4133=ORIENTED_EDGE('',*,*,#3061,.F.);
#4134=ORIENTED_EDGE('',*,*,#3044,.F.);
#4135=ORIENTED_EDGE('',*,*,#3062,.F.);
#4136=ORIENTED_EDGE('',*,*,#2912,.F.);
#4137=ORIENTED_EDGE('',*,*,#3062,.T.);
#4138=ORIENTED_EDGE('',*,*,#3047,.F.);
#4139=ORIENTED_EDGE('',*,*,#3063,.T.);
#4140=ORIENTED_EDGE('',*,*,#2909,.F.);
#4141=ORIENTED_EDGE('',*,*,#3063,.F.);
#4142=ORIENTED_EDGE('',*,*,#3050,.F.);
#4143=ORIENTED_EDGE('',*,*,#3064,.F.);
#4144=ORIENTED_EDGE('',*,*,#2906,.F.);
#4145=ORIENTED_EDGE('',*,*,#3064,.T.);
#4146=ORIENTED_EDGE('',*,*,#3053,.F.);
#4147=ORIENTED_EDGE('',*,*,#3065,.T.);
#4148=ORIENTED_EDGE('',*,*,#2903,.F.);
#4149=ORIENTED_EDGE('',*,*,#3065,.F.);
#4150=ORIENTED_EDGE('',*,*,#3056,.F.);
#4151=ORIENTED_EDGE('',*,*,#3066,.F.);
#4152=ORIENTED_EDGE('',*,*,#2900,.F.);
#4153=ORIENTED_EDGE('',*,*,#3066,.T.);
#4154=ORIENTED_EDGE('',*,*,#3000,.F.);
#4155=ORIENTED_EDGE('',*,*,#3067,.T.);
#4156=ORIENTED_EDGE('',*,*,#3068,.F.);
#4157=ORIENTED_EDGE('',*,*,#3069,.F.);
#4158=ORIENTED_EDGE('',*,*,#3070,.F.);
#4159=ORIENTED_EDGE('',*,*,#3071,.F.);
#4160=ORIENTED_EDGE('',*,*,#3072,.F.);
#4161=ORIENTED_EDGE('',*,*,#3073,.F.);
#4162=ORIENTED_EDGE('',*,*,#3074,.F.);
#4163=ORIENTED_EDGE('',*,*,#3075,.F.);
#4164=ORIENTED_EDGE('',*,*,#2998,.F.);
#4165=ORIENTED_EDGE('',*,*,#3055,.F.);
#4166=ORIENTED_EDGE('',*,*,#3054,.F.);
#4167=ORIENTED_EDGE('',*,*,#3051,.F.);
#4168=ORIENTED_EDGE('',*,*,#3048,.F.);
#4169=ORIENTED_EDGE('',*,*,#3045,.F.);
#4170=ORIENTED_EDGE('',*,*,#3042,.F.);
#4171=ORIENTED_EDGE('',*,*,#3039,.F.);
#4172=ORIENTED_EDGE('',*,*,#3036,.F.);
#4173=ORIENTED_EDGE('',*,*,#3033,.F.);
#4174=ORIENTED_EDGE('',*,*,#3030,.F.);
#4175=ORIENTED_EDGE('',*,*,#3027,.F.);
#4176=ORIENTED_EDGE('',*,*,#3025,.F.);
#4177=ORIENTED_EDGE('',*,*,#3023,.F.);
#4178=ORIENTED_EDGE('',*,*,#3021,.F.);
#4179=ORIENTED_EDGE('',*,*,#3019,.F.);
#4180=ORIENTED_EDGE('',*,*,#3017,.F.);
#4181=ORIENTED_EDGE('',*,*,#3015,.F.);
#4182=ORIENTED_EDGE('',*,*,#3013,.F.);
#4183=ORIENTED_EDGE('',*,*,#3011,.F.);
#4184=ORIENTED_EDGE('',*,*,#3009,.F.);
#4185=ORIENTED_EDGE('',*,*,#3007,.F.);
#4186=ORIENTED_EDGE('',*,*,#3005,.F.);
#4187=ORIENTED_EDGE('',*,*,#3003,.F.);
#4188=ORIENTED_EDGE('',*,*,#2897,.F.);
#4189=ORIENTED_EDGE('',*,*,#3067,.F.);
#4190=ORIENTED_EDGE('',*,*,#3002,.F.);
#4191=ORIENTED_EDGE('',*,*,#2987,.F.);
#4192=ORIENTED_EDGE('',*,*,#3072,.T.);
#4193=ORIENTED_EDGE('',*,*,#3076,.T.);
#4194=ORIENTED_EDGE('',*,*,#3077,.T.);
#4195=ORIENTED_EDGE('',*,*,#3078,.T.);
#4196=ORIENTED_EDGE('',*,*,#3076,.F.);
#4197=ORIENTED_EDGE('',*,*,#3077,.F.);
#4198=ORIENTED_EDGE('',*,*,#3078,.F.);
#4199=ORIENTED_EDGE('',*,*,#3079,.T.);
#4200=ORIENTED_EDGE('',*,*,#3080,.F.);
#4201=ORIENTED_EDGE('',*,*,#3079,.F.);
#4202=ORIENTED_EDGE('',*,*,#3075,.T.);
#4203=ORIENTED_EDGE('',*,*,#3081,.T.);
#4204=ORIENTED_EDGE('',*,*,#3082,.T.);
#4205=ORIENTED_EDGE('',*,*,#3083,.T.);
#4206=ORIENTED_EDGE('',*,*,#3081,.F.);
#4207=ORIENTED_EDGE('',*,*,#3082,.F.);
#4208=ORIENTED_EDGE('',*,*,#3083,.F.);
#4209=ORIENTED_EDGE('',*,*,#3084,.T.);
#4210=ORIENTED_EDGE('',*,*,#3085,.F.);
#4211=ORIENTED_EDGE('',*,*,#3084,.F.);
#4212=ORIENTED_EDGE('',*,*,#3073,.T.);
#4213=ORIENTED_EDGE('',*,*,#3086,.T.);
#4214=ORIENTED_EDGE('',*,*,#3087,.T.);
#4215=ORIENTED_EDGE('',*,*,#3088,.T.);
#4216=ORIENTED_EDGE('',*,*,#3086,.F.);
#4217=ORIENTED_EDGE('',*,*,#3087,.F.);
#4218=ORIENTED_EDGE('',*,*,#3088,.F.);
#4219=ORIENTED_EDGE('',*,*,#3089,.T.);
#4220=ORIENTED_EDGE('',*,*,#3090,.F.);
#4221=ORIENTED_EDGE('',*,*,#3089,.F.);
#4222=ORIENTED_EDGE('',*,*,#3074,.T.);
#4223=ORIENTED_EDGE('',*,*,#3091,.T.);
#4224=ORIENTED_EDGE('',*,*,#3092,.T.);
#4225=ORIENTED_EDGE('',*,*,#3093,.T.);
#4226=ORIENTED_EDGE('',*,*,#3091,.F.);
#4227=ORIENTED_EDGE('',*,*,#3092,.F.);
#4228=ORIENTED_EDGE('',*,*,#3093,.F.);
#4229=ORIENTED_EDGE('',*,*,#3094,.T.);
#4230=ORIENTED_EDGE('',*,*,#3095,.F.);
#4231=ORIENTED_EDGE('',*,*,#3094,.F.);
#4232=ORIENTED_EDGE('',*,*,#2993,.T.);
#4233=ORIENTED_EDGE('',*,*,#3096,.T.);
#4234=ORIENTED_EDGE('',*,*,#3085,.T.);
#4235=ORIENTED_EDGE('',*,*,#3096,.F.);
#4236=ORIENTED_EDGE('',*,*,#2996,.T.);
#4237=ORIENTED_EDGE('',*,*,#3097,.T.);
#4238=ORIENTED_EDGE('',*,*,#3090,.T.);
#4239=ORIENTED_EDGE('',*,*,#3097,.F.);
#4240=ORIENTED_EDGE('',*,*,#2994,.T.);
#4241=ORIENTED_EDGE('',*,*,#3098,.T.);
#4242=ORIENTED_EDGE('',*,*,#3095,.T.);
#4243=ORIENTED_EDGE('',*,*,#3098,.F.);
#4244=ORIENTED_EDGE('',*,*,#2995,.T.);
#4245=ORIENTED_EDGE('',*,*,#3099,.T.);
#4246=ORIENTED_EDGE('',*,*,#3080,.T.);
#4247=ORIENTED_EDGE('',*,*,#3099,.F.);
#4248=ORIENTED_EDGE('',*,*,#3100,.F.);
#4249=ORIENTED_EDGE('',*,*,#3101,.F.);
#4250=ORIENTED_EDGE('',*,*,#3102,.F.);
#4251=ORIENTED_EDGE('',*,*,#3103,.F.);
#4252=ORIENTED_EDGE('',*,*,#3104,.F.);
#4253=ORIENTED_EDGE('',*,*,#3105,.F.);
#4254=ORIENTED_EDGE('',*,*,#3106,.F.);
#4255=ORIENTED_EDGE('',*,*,#3107,.F.);
#4256=ORIENTED_EDGE('',*,*,#3108,.F.);
#4257=ORIENTED_EDGE('',*,*,#3107,.T.);
#4258=ORIENTED_EDGE('',*,*,#3109,.T.);
#4259=ORIENTED_EDGE('',*,*,#3100,.T.);
#4260=ORIENTED_EDGE('',*,*,#3110,.T.);
#4261=ORIENTED_EDGE('',*,*,#3111,.F.);
#4262=ORIENTED_EDGE('',*,*,#3112,.F.);
#4263=ORIENTED_EDGE('',*,*,#3113,.F.);
#4264=ORIENTED_EDGE('',*,*,#3112,.T.);
#4265=ORIENTED_EDGE('',*,*,#3114,.T.);
#4266=ORIENTED_EDGE('',*,*,#3104,.T.);
#4267=ORIENTED_EDGE('',*,*,#3115,.T.);
#4268=ORIENTED_EDGE('',*,*,#3116,.T.);
#4269=ORIENTED_EDGE('',*,*,#2991,.T.);
#4270=ORIENTED_EDGE('',*,*,#3113,.T.);
#4271=ORIENTED_EDGE('',*,*,#3117,.T.);
#4272=ORIENTED_EDGE('',*,*,#3118,.T.);
#4273=ORIENTED_EDGE('',*,*,#3119,.T.);
#4274=ORIENTED_EDGE('',*,*,#3116,.F.);
#4275=ORIENTED_EDGE('',*,*,#3120,.T.);
#4276=ORIENTED_EDGE('',*,*,#3121,.T.);
#4277=ORIENTED_EDGE('',*,*,#3122,.T.);
#4278=ORIENTED_EDGE('',*,*,#3118,.F.);
#4279=ORIENTED_EDGE('',*,*,#3123,.T.);
#4280=ORIENTED_EDGE('',*,*,#3124,.T.);
#4281=ORIENTED_EDGE('',*,*,#3125,.T.);
#4282=ORIENTED_EDGE('',*,*,#3121,.F.);
#4283=ORIENTED_EDGE('',*,*,#3126,.T.);
#4284=ORIENTED_EDGE('',*,*,#3127,.T.);
#4285=ORIENTED_EDGE('',*,*,#2849,.T.);
#4286=ORIENTED_EDGE('',*,*,#3124,.F.);
#4287=ORIENTED_EDGE('',*,*,#3128,.T.);
#4288=ORIENTED_EDGE('',*,*,#3129,.T.);
#4289=ORIENTED_EDGE('',*,*,#2850,.T.);
#4290=ORIENTED_EDGE('',*,*,#3127,.F.);
#4291=ORIENTED_EDGE('',*,*,#3130,.T.);
#4292=ORIENTED_EDGE('',*,*,#3131,.T.);
#4293=ORIENTED_EDGE('',*,*,#2851,.T.);
#4294=ORIENTED_EDGE('',*,*,#3129,.F.);
#4295=ORIENTED_EDGE('',*,*,#3132,.T.);
#4296=ORIENTED_EDGE('',*,*,#3133,.T.);
#4297=ORIENTED_EDGE('',*,*,#2852,.T.);
#4298=ORIENTED_EDGE('',*,*,#3131,.F.);
#4299=ORIENTED_EDGE('',*,*,#3134,.T.);
#4300=ORIENTED_EDGE('',*,*,#3135,.T.);
#4301=ORIENTED_EDGE('',*,*,#2853,.T.);
#4302=ORIENTED_EDGE('',*,*,#3133,.F.);
#4303=ORIENTED_EDGE('',*,*,#3136,.T.);
#4304=ORIENTED_EDGE('',*,*,#3137,.T.);
#4305=ORIENTED_EDGE('',*,*,#3138,.T.);
#4306=ORIENTED_EDGE('',*,*,#3135,.F.);
#4307=ORIENTED_EDGE('',*,*,#3139,.T.);
#4308=ORIENTED_EDGE('',*,*,#3140,.T.);
#4309=ORIENTED_EDGE('',*,*,#3141,.T.);
#4310=ORIENTED_EDGE('',*,*,#3137,.F.);
#4311=ORIENTED_EDGE('',*,*,#3142,.T.);
#4312=ORIENTED_EDGE('',*,*,#3143,.T.);
#4313=ORIENTED_EDGE('',*,*,#3144,.T.);
#4314=ORIENTED_EDGE('',*,*,#3140,.F.);
#4315=ORIENTED_EDGE('',*,*,#3145,.T.);
#4316=ORIENTED_EDGE('',*,*,#3143,.F.);
#4317=ORIENTED_EDGE('',*,*,#3146,.T.);
#4318=ORIENTED_EDGE('',*,*,#3106,.T.);
#4319=ORIENTED_EDGE('',*,*,#2989,.T.);
#4320=ORIENTED_EDGE('',*,*,#3111,.T.);
#4321=ORIENTED_EDGE('',*,*,#2990,.T.);
#4322=ORIENTED_EDGE('',*,*,#3108,.T.);
#4323=ORIENTED_EDGE('',*,*,#3147,.T.);
#4324=ORIENTED_EDGE('',*,*,#3105,.T.);
#4325=ORIENTED_EDGE('',*,*,#3148,.T.);
#4326=ORIENTED_EDGE('',*,*,#3102,.T.);
#4327=ORIENTED_EDGE('',*,*,#3069,.T.);
#4328=ORIENTED_EDGE('',*,*,#3149,.T.);
#4329=ORIENTED_EDGE('',*,*,#3150,.T.);
#4330=ORIENTED_EDGE('',*,*,#3103,.T.);
#4331=ORIENTED_EDGE('',*,*,#3068,.T.);
#4332=ORIENTED_EDGE('',*,*,#3151,.T.);
#4333=ORIENTED_EDGE('',*,*,#3152,.T.);
#4334=ORIENTED_EDGE('',*,*,#3149,.F.);
#4335=ORIENTED_EDGE('',*,*,#3153,.T.);
#4336=ORIENTED_EDGE('',*,*,#3154,.T.);
#4337=ORIENTED_EDGE('',*,*,#3155,.T.);
#4338=ORIENTED_EDGE('',*,*,#3151,.F.);
#4339=ORIENTED_EDGE('',*,*,#3156,.T.);
#4340=ORIENTED_EDGE('',*,*,#3157,.T.);
#4341=ORIENTED_EDGE('',*,*,#3158,.T.);
#4342=ORIENTED_EDGE('',*,*,#3154,.F.);
#4343=ORIENTED_EDGE('',*,*,#3159,.T.);
#4344=ORIENTED_EDGE('',*,*,#3160,.T.);
#4345=ORIENTED_EDGE('',*,*,#3161,.T.);
#4346=ORIENTED_EDGE('',*,*,#3157,.F.);
#4347=ORIENTED_EDGE('',*,*,#2800,.T.);
#4348=ORIENTED_EDGE('',*,*,#3162,.T.);
#4349=ORIENTED_EDGE('',*,*,#3163,.T.);
#4350=ORIENTED_EDGE('',*,*,#3160,.F.);
#4351=ORIENTED_EDGE('',*,*,#2799,.T.);
#4352=ORIENTED_EDGE('',*,*,#3164,.T.);
#4353=ORIENTED_EDGE('',*,*,#3165,.T.);
#4354=ORIENTED_EDGE('',*,*,#3162,.F.);
#4355=ORIENTED_EDGE('',*,*,#2798,.T.);
#4356=ORIENTED_EDGE('',*,*,#3166,.T.);
#4357=ORIENTED_EDGE('',*,*,#3167,.T.);
#4358=ORIENTED_EDGE('',*,*,#3164,.F.);
#4359=ORIENTED_EDGE('',*,*,#2797,.T.);
#4360=ORIENTED_EDGE('',*,*,#3168,.T.);
#4361=ORIENTED_EDGE('',*,*,#3169,.T.);
#4362=ORIENTED_EDGE('',*,*,#3166,.F.);
#4363=ORIENTED_EDGE('',*,*,#2796,.T.);
#4364=ORIENTED_EDGE('',*,*,#3170,.T.);
#4365=ORIENTED_EDGE('',*,*,#3171,.T.);
#4366=ORIENTED_EDGE('',*,*,#3168,.F.);
#4367=ORIENTED_EDGE('',*,*,#3172,.T.);
#4368=ORIENTED_EDGE('',*,*,#3173,.T.);
#4369=ORIENTED_EDGE('',*,*,#3174,.T.);
#4370=ORIENTED_EDGE('',*,*,#3170,.F.);
#4371=ORIENTED_EDGE('',*,*,#3175,.T.);
#4372=ORIENTED_EDGE('',*,*,#3176,.T.);
#4373=ORIENTED_EDGE('',*,*,#3177,.T.);
#4374=ORIENTED_EDGE('',*,*,#3173,.F.);
#4375=ORIENTED_EDGE('',*,*,#3178,.T.);
#4376=ORIENTED_EDGE('',*,*,#3101,.T.);
#4377=ORIENTED_EDGE('',*,*,#3179,.T.);
#4378=ORIENTED_EDGE('',*,*,#3176,.F.);
#4379=ORIENTED_EDGE('',*,*,#3070,.T.);
#4380=ORIENTED_EDGE('',*,*,#3134,.F.);
#4381=ORIENTED_EDGE('',*,*,#3180,.T.);
#4382=ORIENTED_EDGE('',*,*,#3167,.F.);
#4383=ORIENTED_EDGE('',*,*,#3181,.T.);
#4384=ORIENTED_EDGE('',*,*,#3132,.F.);
#4385=ORIENTED_EDGE('',*,*,#3182,.F.);
#4386=ORIENTED_EDGE('',*,*,#3165,.F.);
#4387=ORIENTED_EDGE('',*,*,#3180,.F.);
#4388=ORIENTED_EDGE('',*,*,#3130,.F.);
#4389=ORIENTED_EDGE('',*,*,#3183,.T.);
#4390=ORIENTED_EDGE('',*,*,#3163,.F.);
#4391=ORIENTED_EDGE('',*,*,#3182,.T.);
#4392=ORIENTED_EDGE('',*,*,#3128,.F.);
#4393=ORIENTED_EDGE('',*,*,#3126,.F.);
#4394=ORIENTED_EDGE('',*,*,#3123,.F.);
#4395=ORIENTED_EDGE('',*,*,#3120,.F.);
#4396=ORIENTED_EDGE('',*,*,#3117,.F.);
#4397=ORIENTED_EDGE('',*,*,#3115,.F.);
#4398=ORIENTED_EDGE('',*,*,#3150,.F.);
#4399=ORIENTED_EDGE('',*,*,#3152,.F.);
#4400=ORIENTED_EDGE('',*,*,#3155,.F.);
#4401=ORIENTED_EDGE('',*,*,#3158,.F.);
#4402=ORIENTED_EDGE('',*,*,#3161,.F.);
#4403=ORIENTED_EDGE('',*,*,#3183,.F.);
#4404=ORIENTED_EDGE('',*,*,#2846,.F.);
#4405=ORIENTED_EDGE('',*,*,#2854,.T.);
#4406=ORIENTED_EDGE('',*,*,#3138,.F.);
#4407=ORIENTED_EDGE('',*,*,#3184,.T.);
#4408=ORIENTED_EDGE('',*,*,#3125,.F.);
#4409=ORIENTED_EDGE('',*,*,#2848,.T.);
#4410=ORIENTED_EDGE('',*,*,#2844,.F.);
#4411=ORIENTED_EDGE('',*,*,#2847,.F.);
#4412=ORIENTED_EDGE('',*,*,#3141,.F.);
#4413=ORIENTED_EDGE('',*,*,#3185,.F.);
#4414=ORIENTED_EDGE('',*,*,#3122,.F.);
#4415=ORIENTED_EDGE('',*,*,#3184,.F.);
#4416=ORIENTED_EDGE('',*,*,#3144,.F.);
#4417=ORIENTED_EDGE('',*,*,#2992,.T.);
#4418=ORIENTED_EDGE('',*,*,#3119,.F.);
#4419=ORIENTED_EDGE('',*,*,#3185,.T.);
#4420=ORIENTED_EDGE('',*,*,#2780,.F.);
#4421=ORIENTED_EDGE('',*,*,#2801,.T.);
#4422=ORIENTED_EDGE('',*,*,#3159,.F.);
#4423=ORIENTED_EDGE('',*,*,#3186,.T.);
#4424=ORIENTED_EDGE('',*,*,#3172,.F.);
#4425=ORIENTED_EDGE('',*,*,#2795,.T.);
#4426=ORIENTED_EDGE('',*,*,#2782,.F.);
#4427=ORIENTED_EDGE('',*,*,#2784,.F.);
#4428=ORIENTED_EDGE('',*,*,#3156,.F.);
#4429=ORIENTED_EDGE('',*,*,#3187,.F.);
#4430=ORIENTED_EDGE('',*,*,#3175,.F.);
#4431=ORIENTED_EDGE('',*,*,#3186,.F.);
#4432=ORIENTED_EDGE('',*,*,#3153,.F.);
#4433=ORIENTED_EDGE('',*,*,#3071,.T.);
#4434=ORIENTED_EDGE('',*,*,#3178,.F.);
#4435=ORIENTED_EDGE('',*,*,#3187,.T.);
#4436=ORIENTED_EDGE('',*,*,#3114,.F.);
#4437=ORIENTED_EDGE('',*,*,#3147,.F.);
#4438=ORIENTED_EDGE('',*,*,#3110,.F.);
#4439=ORIENTED_EDGE('',*,*,#3148,.F.);
#4440=ORIENTED_EDGE('',*,*,#2759,.F.);
#4441=ORIENTED_EDGE('',*,*,#3188,.T.);
#4442=ORIENTED_EDGE('',*,*,#2836,.F.);
#4443=ORIENTED_EDGE('',*,*,#3189,.T.);
#4444=ORIENTED_EDGE('',*,*,#2777,.F.);
#4445=ORIENTED_EDGE('',*,*,#3189,.F.);
#4446=ORIENTED_EDGE('',*,*,#2839,.F.);
#4447=ORIENTED_EDGE('',*,*,#2792,.F.);
#4448=ORIENTED_EDGE('',*,*,#2764,.F.);
#4449=ORIENTED_EDGE('',*,*,#3190,.T.);
#4450=ORIENTED_EDGE('',*,*,#2830,.F.);
#4451=ORIENTED_EDGE('',*,*,#3191,.T.);
#4452=ORIENTED_EDGE('',*,*,#2761,.F.);
#4453=ORIENTED_EDGE('',*,*,#3191,.F.);
#4454=ORIENTED_EDGE('',*,*,#2833,.F.);
#4455=ORIENTED_EDGE('',*,*,#3188,.F.);
#4456=ORIENTED_EDGE('',*,*,#2767,.F.);
#4457=ORIENTED_EDGE('',*,*,#2789,.F.);
#4458=ORIENTED_EDGE('',*,*,#2827,.F.);
#4459=ORIENTED_EDGE('',*,*,#3190,.F.);
#4460=ORIENTED_EDGE('',*,*,#2802,.T.);
#4461=ORIENTED_EDGE('',*,*,#3192,.T.);
#4462=ORIENTED_EDGE('',*,*,#3193,.T.);
#4463=ORIENTED_EDGE('',*,*,#3192,.F.);
#4464=ORIENTED_EDGE('',*,*,#3194,.F.);
#4465=ORIENTED_EDGE('',*,*,#3195,.F.);
#4466=ORIENTED_EDGE('',*,*,#3196,.T.);
#4467=ORIENTED_EDGE('',*,*,#3193,.F.);
#4468=ORIENTED_EDGE('',*,*,#3196,.F.);
#4469=ORIENTED_EDGE('',*,*,#2855,.T.);
#4470=ORIENTED_EDGE('',*,*,#3197,.T.);
#4471=ORIENTED_EDGE('',*,*,#3194,.T.);
#4472=ORIENTED_EDGE('',*,*,#3195,.T.);
#4473=ORIENTED_EDGE('',*,*,#3197,.F.);
#4474=ORIENTED_EDGE('',*,*,#3198,.T.);
#4475=ORIENTED_EDGE('',*,*,#3199,.T.);
#4476=ORIENTED_EDGE('',*,*,#3200,.T.);
#4477=ORIENTED_EDGE('',*,*,#3201,.T.);
#4478=ORIENTED_EDGE('',*,*,#3202,.T.);
#4479=ORIENTED_EDGE('',*,*,#3203,.T.);
#4480=ORIENTED_EDGE('',*,*,#3200,.F.);
#4481=ORIENTED_EDGE('',*,*,#3204,.T.);
#4482=ORIENTED_EDGE('',*,*,#3205,.T.);
#4483=ORIENTED_EDGE('',*,*,#3206,.T.);
#4484=ORIENTED_EDGE('',*,*,#3202,.F.);
#4485=ORIENTED_EDGE('',*,*,#3207,.T.);
#4486=ORIENTED_EDGE('',*,*,#3198,.F.);
#4487=ORIENTED_EDGE('',*,*,#3208,.T.);
#4488=ORIENTED_EDGE('',*,*,#3205,.F.);
#4489=ORIENTED_EDGE('',*,*,#3209,.T.);
#4490=ORIENTED_EDGE('',*,*,#3204,.F.);
#4491=ORIENTED_EDGE('',*,*,#3210,.F.);
#4492=ORIENTED_EDGE('',*,*,#3211,.F.);
#4493=ORIENTED_EDGE('',*,*,#3212,.T.);
#4494=ORIENTED_EDGE('',*,*,#3199,.F.);
#4495=ORIENTED_EDGE('',*,*,#3213,.F.);
#4496=ORIENTED_EDGE('',*,*,#3214,.F.);
#4497=ORIENTED_EDGE('',*,*,#3210,.T.);
#4498=ORIENTED_EDGE('',*,*,#3201,.F.);
#4499=ORIENTED_EDGE('',*,*,#3203,.F.);
#4500=ORIENTED_EDGE('',*,*,#3206,.F.);
#4501=ORIENTED_EDGE('',*,*,#3208,.F.);
#4502=ORIENTED_EDGE('',*,*,#3215,.T.);
#4503=ORIENTED_EDGE('',*,*,#3216,.T.);
#4504=ORIENTED_EDGE('',*,*,#3217,.T.);
#4505=ORIENTED_EDGE('',*,*,#2819,.T.);
#4506=ORIENTED_EDGE('',*,*,#3218,.T.);
#4507=ORIENTED_EDGE('',*,*,#2820,.T.);
#4508=ORIENTED_EDGE('',*,*,#3217,.F.);
#4509=ORIENTED_EDGE('',*,*,#3211,.T.);
#4510=ORIENTED_EDGE('',*,*,#3219,.T.);
#4511=ORIENTED_EDGE('',*,*,#2821,.T.);
#4512=ORIENTED_EDGE('',*,*,#3218,.F.);
#4513=ORIENTED_EDGE('',*,*,#3214,.T.);
#4514=ORIENTED_EDGE('',*,*,#3215,.F.);
#4515=ORIENTED_EDGE('',*,*,#2822,.T.);
#4516=ORIENTED_EDGE('',*,*,#3219,.F.);
#4517=ORIENTED_EDGE('',*,*,#3220,.T.);
#4518=ORIENTED_EDGE('',*,*,#3207,.F.);
#4519=ORIENTED_EDGE('',*,*,#3212,.F.);
#4520=ORIENTED_EDGE('',*,*,#3216,.F.);
#4521=ORIENTED_EDGE('',*,*,#3221,.T.);
#4522=ORIENTED_EDGE('',*,*,#3222,.T.);
#4523=ORIENTED_EDGE('',*,*,#3223,.T.);
#4524=ORIENTED_EDGE('',*,*,#3224,.T.);
#4525=ORIENTED_EDGE('',*,*,#3225,.T.);
#4526=ORIENTED_EDGE('',*,*,#3226,.T.);
#4527=ORIENTED_EDGE('',*,*,#3227,.T.);
#4528=ORIENTED_EDGE('',*,*,#3224,.F.);
#4529=ORIENTED_EDGE('',*,*,#3228,.T.);
#4530=ORIENTED_EDGE('',*,*,#3229,.T.);
#4531=ORIENTED_EDGE('',*,*,#3230,.T.);
#4532=ORIENTED_EDGE('',*,*,#3226,.F.);
#4533=ORIENTED_EDGE('',*,*,#3231,.T.);
#4534=ORIENTED_EDGE('',*,*,#3222,.F.);
#4535=ORIENTED_EDGE('',*,*,#3232,.T.);
#4536=ORIENTED_EDGE('',*,*,#3229,.F.);
#4537=ORIENTED_EDGE('',*,*,#3233,.T.);
#4538=ORIENTED_EDGE('',*,*,#3228,.F.);
#4539=ORIENTED_EDGE('',*,*,#3234,.F.);
#4540=ORIENTED_EDGE('',*,*,#3235,.F.);
#4541=ORIENTED_EDGE('',*,*,#3236,.T.);
#4542=ORIENTED_EDGE('',*,*,#3223,.F.);
#4543=ORIENTED_EDGE('',*,*,#3237,.F.);
#4544=ORIENTED_EDGE('',*,*,#3238,.F.);
#4545=ORIENTED_EDGE('',*,*,#3234,.T.);
#4546=ORIENTED_EDGE('',*,*,#3225,.F.);
#4547=ORIENTED_EDGE('',*,*,#3227,.F.);
#4548=ORIENTED_EDGE('',*,*,#3230,.F.);
#4549=ORIENTED_EDGE('',*,*,#3232,.F.);
#4550=ORIENTED_EDGE('',*,*,#3239,.T.);
#4551=ORIENTED_EDGE('',*,*,#3240,.T.);
#4552=ORIENTED_EDGE('',*,*,#3241,.T.);
#4553=ORIENTED_EDGE('',*,*,#2803,.T.);
#4554=ORIENTED_EDGE('',*,*,#3242,.T.);
#4555=ORIENTED_EDGE('',*,*,#2804,.T.);
#4556=ORIENTED_EDGE('',*,*,#3241,.F.);
#4557=ORIENTED_EDGE('',*,*,#3243,.T.);
#4558=ORIENTED_EDGE('',*,*,#3244,.T.);
#4559=ORIENTED_EDGE('',*,*,#2805,.T.);
#4560=ORIENTED_EDGE('',*,*,#3242,.F.);
#4561=ORIENTED_EDGE('',*,*,#3235,.T.);
#4562=ORIENTED_EDGE('',*,*,#3239,.F.);
#4563=ORIENTED_EDGE('',*,*,#2806,.T.);
#4564=ORIENTED_EDGE('',*,*,#3244,.F.);
#4565=ORIENTED_EDGE('',*,*,#3238,.T.);
#4566=ORIENTED_EDGE('',*,*,#3231,.F.);
#4567=ORIENTED_EDGE('',*,*,#3236,.F.);
#4568=ORIENTED_EDGE('',*,*,#3243,.F.);
#4569=ORIENTED_EDGE('',*,*,#3245,.T.);
#4570=ORIENTED_EDGE('',*,*,#3233,.F.);
#4571=ORIENTED_EDGE('',*,*,#3245,.F.);
#4572=ORIENTED_EDGE('',*,*,#3240,.F.);
#4573=ORIENTED_EDGE('',*,*,#3237,.T.);
#4574=ORIENTED_EDGE('',*,*,#3246,.T.);
#4575=ORIENTED_EDGE('',*,*,#3247,.T.);
#4576=ORIENTED_EDGE('',*,*,#3248,.T.);
#4577=ORIENTED_EDGE('',*,*,#3249,.T.);
#4578=ORIENTED_EDGE('',*,*,#3250,.T.);
#4579=ORIENTED_EDGE('',*,*,#3251,.T.);
#4580=ORIENTED_EDGE('',*,*,#3248,.F.);
#4581=ORIENTED_EDGE('',*,*,#3252,.T.);
#4582=ORIENTED_EDGE('',*,*,#3253,.T.);
#4583=ORIENTED_EDGE('',*,*,#3254,.T.);
#4584=ORIENTED_EDGE('',*,*,#3250,.F.);
#4585=ORIENTED_EDGE('',*,*,#3255,.T.);
#4586=ORIENTED_EDGE('',*,*,#3246,.F.);
#4587=ORIENTED_EDGE('',*,*,#3256,.T.);
#4588=ORIENTED_EDGE('',*,*,#3253,.F.);
#4589=ORIENTED_EDGE('',*,*,#3257,.T.);
#4590=ORIENTED_EDGE('',*,*,#3252,.F.);
#4591=ORIENTED_EDGE('',*,*,#3258,.F.);
#4592=ORIENTED_EDGE('',*,*,#3259,.F.);
#4593=ORIENTED_EDGE('',*,*,#3260,.T.);
#4594=ORIENTED_EDGE('',*,*,#3247,.F.);
#4595=ORIENTED_EDGE('',*,*,#3261,.F.);
#4596=ORIENTED_EDGE('',*,*,#3262,.F.);
#4597=ORIENTED_EDGE('',*,*,#3258,.T.);
#4598=ORIENTED_EDGE('',*,*,#3249,.F.);
#4599=ORIENTED_EDGE('',*,*,#3251,.F.);
#4600=ORIENTED_EDGE('',*,*,#3254,.F.);
#4601=ORIENTED_EDGE('',*,*,#3256,.F.);
#4602=ORIENTED_EDGE('',*,*,#3263,.T.);
#4603=ORIENTED_EDGE('',*,*,#3264,.T.);
#4604=ORIENTED_EDGE('',*,*,#3265,.T.);
#4605=ORIENTED_EDGE('',*,*,#2815,.T.);
#4606=ORIENTED_EDGE('',*,*,#3266,.T.);
#4607=ORIENTED_EDGE('',*,*,#2816,.T.);
#4608=ORIENTED_EDGE('',*,*,#3265,.F.);
#4609=ORIENTED_EDGE('',*,*,#3259,.T.);
#4610=ORIENTED_EDGE('',*,*,#3267,.T.);
#4611=ORIENTED_EDGE('',*,*,#2817,.T.);
#4612=ORIENTED_EDGE('',*,*,#3266,.F.);
#4613=ORIENTED_EDGE('',*,*,#3262,.T.);
#4614=ORIENTED_EDGE('',*,*,#3263,.F.);
#4615=ORIENTED_EDGE('',*,*,#2818,.T.);
#4616=ORIENTED_EDGE('',*,*,#3267,.F.);
#4617=ORIENTED_EDGE('',*,*,#3268,.T.);
#4618=ORIENTED_EDGE('',*,*,#3255,.F.);
#4619=ORIENTED_EDGE('',*,*,#3260,.F.);
#4620=ORIENTED_EDGE('',*,*,#3264,.F.);
#4621=ORIENTED_EDGE('',*,*,#3269,.T.);
#4622=ORIENTED_EDGE('',*,*,#3270,.T.);
#4623=ORIENTED_EDGE('',*,*,#3271,.T.);
#4624=ORIENTED_EDGE('',*,*,#3272,.T.);
#4625=ORIENTED_EDGE('',*,*,#3273,.T.);
#4626=ORIENTED_EDGE('',*,*,#3274,.T.);
#4627=ORIENTED_EDGE('',*,*,#3275,.T.);
#4628=ORIENTED_EDGE('',*,*,#3272,.F.);
#4629=ORIENTED_EDGE('',*,*,#3276,.T.);
#4630=ORIENTED_EDGE('',*,*,#3277,.T.);
#4631=ORIENTED_EDGE('',*,*,#3278,.T.);
#4632=ORIENTED_EDGE('',*,*,#3274,.F.);
#4633=ORIENTED_EDGE('',*,*,#3279,.T.);
#4634=ORIENTED_EDGE('',*,*,#3270,.F.);
#4635=ORIENTED_EDGE('',*,*,#3280,.T.);
#4636=ORIENTED_EDGE('',*,*,#3277,.F.);
#4637=ORIENTED_EDGE('',*,*,#3281,.T.);
#4638=ORIENTED_EDGE('',*,*,#3276,.F.);
#4639=ORIENTED_EDGE('',*,*,#3282,.F.);
#4640=ORIENTED_EDGE('',*,*,#3283,.F.);
#4641=ORIENTED_EDGE('',*,*,#3284,.T.);
#4642=ORIENTED_EDGE('',*,*,#3271,.F.);
#4643=ORIENTED_EDGE('',*,*,#3285,.F.);
#4644=ORIENTED_EDGE('',*,*,#3286,.F.);
#4645=ORIENTED_EDGE('',*,*,#3282,.T.);
#4646=ORIENTED_EDGE('',*,*,#3273,.F.);
#4647=ORIENTED_EDGE('',*,*,#3275,.F.);
#4648=ORIENTED_EDGE('',*,*,#3278,.F.);
#4649=ORIENTED_EDGE('',*,*,#3280,.F.);
#4650=ORIENTED_EDGE('',*,*,#3287,.T.);
#4651=ORIENTED_EDGE('',*,*,#3288,.T.);
#4652=ORIENTED_EDGE('',*,*,#3289,.T.);
#4653=ORIENTED_EDGE('',*,*,#2807,.T.);
#4654=ORIENTED_EDGE('',*,*,#3290,.T.);
#4655=ORIENTED_EDGE('',*,*,#2808,.T.);
#4656=ORIENTED_EDGE('',*,*,#3289,.F.);
#4657=ORIENTED_EDGE('',*,*,#3283,.T.);
#4658=ORIENTED_EDGE('',*,*,#3291,.T.);
#4659=ORIENTED_EDGE('',*,*,#2809,.T.);
#4660=ORIENTED_EDGE('',*,*,#3290,.F.);
#4661=ORIENTED_EDGE('',*,*,#3286,.T.);
#4662=ORIENTED_EDGE('',*,*,#3287,.F.);
#4663=ORIENTED_EDGE('',*,*,#2810,.T.);
#4664=ORIENTED_EDGE('',*,*,#3291,.F.);
#4665=ORIENTED_EDGE('',*,*,#3292,.T.);
#4666=ORIENTED_EDGE('',*,*,#3279,.F.);
#4667=ORIENTED_EDGE('',*,*,#3284,.F.);
#4668=ORIENTED_EDGE('',*,*,#3288,.F.);
#4669=ORIENTED_EDGE('',*,*,#3293,.T.);
#4670=ORIENTED_EDGE('',*,*,#2814,.T.);
#4671=ORIENTED_EDGE('',*,*,#3294,.T.);
#4672=ORIENTED_EDGE('',*,*,#3295,.T.);
#4673=ORIENTED_EDGE('',*,*,#3294,.F.);
#4674=ORIENTED_EDGE('',*,*,#3295,.F.);
#4675=ORIENTED_EDGE('',*,*,#3296,.T.);
#4676=ORIENTED_EDGE('',*,*,#3297,.F.);
#4677=ORIENTED_EDGE('',*,*,#3298,.F.);
#4678=ORIENTED_EDGE('',*,*,#3296,.F.);
#4679=ORIENTED_EDGE('',*,*,#2811,.T.);
#4680=ORIENTED_EDGE('',*,*,#3299,.T.);
#4681=ORIENTED_EDGE('',*,*,#3300,.T.);
#4682=ORIENTED_EDGE('',*,*,#3299,.F.);
#4683=ORIENTED_EDGE('',*,*,#3300,.F.);
#4684=ORIENTED_EDGE('',*,*,#3301,.T.);
#4685=ORIENTED_EDGE('',*,*,#3302,.F.);
#4686=ORIENTED_EDGE('',*,*,#3303,.F.);
#4687=ORIENTED_EDGE('',*,*,#3301,.F.);
#4688=ORIENTED_EDGE('',*,*,#2813,.T.);
#4689=ORIENTED_EDGE('',*,*,#3304,.T.);
#4690=ORIENTED_EDGE('',*,*,#3305,.T.);
#4691=ORIENTED_EDGE('',*,*,#3304,.F.);
#4692=ORIENTED_EDGE('',*,*,#3305,.F.);
#4693=ORIENTED_EDGE('',*,*,#3306,.T.);
#4694=ORIENTED_EDGE('',*,*,#3307,.F.);
#4695=ORIENTED_EDGE('',*,*,#3308,.F.);
#4696=ORIENTED_EDGE('',*,*,#3306,.F.);
#4697=ORIENTED_EDGE('',*,*,#3309,.T.);
#4698=ORIENTED_EDGE('',*,*,#3310,.T.);
#4699=ORIENTED_EDGE('',*,*,#3311,.T.);
#4700=ORIENTED_EDGE('',*,*,#3310,.F.);
#4701=ORIENTED_EDGE('',*,*,#3309,.F.);
#4702=ORIENTED_EDGE('',*,*,#3312,.T.);
#4703=ORIENTED_EDGE('',*,*,#3313,.F.);
#4704=ORIENTED_EDGE('',*,*,#3312,.F.);
#4705=ORIENTED_EDGE('',*,*,#3311,.F.);
#4706=ORIENTED_EDGE('',*,*,#3313,.T.);
#4707=ORIENTED_EDGE('',*,*,#3314,.T.);
#4708=ORIENTED_EDGE('',*,*,#2891,.T.);
#4709=ORIENTED_EDGE('',*,*,#3314,.F.);
#4710=ORIENTED_EDGE('',*,*,#3315,.T.);
#4711=ORIENTED_EDGE('',*,*,#3316,.T.);
#4712=ORIENTED_EDGE('',*,*,#3297,.T.);
#4713=ORIENTED_EDGE('',*,*,#3298,.T.);
#4714=ORIENTED_EDGE('',*,*,#3316,.F.);
#4715=ORIENTED_EDGE('',*,*,#3317,.F.);
#4716=ORIENTED_EDGE('',*,*,#3315,.F.);
#4717=ORIENTED_EDGE('',*,*,#3317,.T.);
#4718=ORIENTED_EDGE('',*,*,#3318,.T.);
#4719=ORIENTED_EDGE('',*,*,#3319,.T.);
#4720=ORIENTED_EDGE('',*,*,#3320,.T.);
#4721=ORIENTED_EDGE('',*,*,#3318,.F.);
#4722=ORIENTED_EDGE('',*,*,#3321,.F.);
#4723=ORIENTED_EDGE('',*,*,#3322,.F.);
#4724=ORIENTED_EDGE('',*,*,#3323,.F.);
#4725=ORIENTED_EDGE('',*,*,#3324,.F.);
#4726=ORIENTED_EDGE('',*,*,#3325,.F.);
#4727=ORIENTED_EDGE('',*,*,#3326,.F.);
#4728=ORIENTED_EDGE('',*,*,#3327,.F.);
#4729=ORIENTED_EDGE('',*,*,#3328,.F.);
#4730=ORIENTED_EDGE('',*,*,#3329,.F.);
#4731=ORIENTED_EDGE('',*,*,#3330,.F.);
#4732=ORIENTED_EDGE('',*,*,#3331,.T.);
#4733=ORIENTED_EDGE('',*,*,#3319,.F.);
#4734=ORIENTED_EDGE('',*,*,#3320,.F.);
#4735=ORIENTED_EDGE('',*,*,#3331,.F.);
#4736=ORIENTED_EDGE('',*,*,#3332,.F.);
#4737=ORIENTED_EDGE('',*,*,#3333,.F.);
#4738=ORIENTED_EDGE('',*,*,#3334,.F.);
#4739=ORIENTED_EDGE('',*,*,#3335,.F.);
#4740=ORIENTED_EDGE('',*,*,#3336,.F.);
#4741=ORIENTED_EDGE('',*,*,#3337,.F.);
#4742=ORIENTED_EDGE('',*,*,#3323,.T.);
#4743=ORIENTED_EDGE('',*,*,#3325,.T.);
#4744=ORIENTED_EDGE('',*,*,#3338,.F.);
#4745=ORIENTED_EDGE('',*,*,#3339,.F.);
#4746=ORIENTED_EDGE('',*,*,#3340,.F.);
#4747=ORIENTED_EDGE('',*,*,#3337,.T.);
#4748=ORIENTED_EDGE('',*,*,#3341,.T.);
#4749=ORIENTED_EDGE('',*,*,#3338,.T.);
#4750=ORIENTED_EDGE('',*,*,#3324,.T.);
#4751=ORIENTED_EDGE('',*,*,#3342,.T.);
#4752=ORIENTED_EDGE('',*,*,#3343,.T.);
#4753=ORIENTED_EDGE('',*,*,#3336,.T.);
#4754=ORIENTED_EDGE('',*,*,#3344,.T.);
#4755=ORIENTED_EDGE('',*,*,#3345,.T.);
#4756=ORIENTED_EDGE('',*,*,#3346,.T.);
#4757=ORIENTED_EDGE('',*,*,#3342,.F.);
#4758=ORIENTED_EDGE('',*,*,#3347,.T.);
#4759=ORIENTED_EDGE('',*,*,#3339,.T.);
#4760=ORIENTED_EDGE('',*,*,#3348,.T.);
#4761=ORIENTED_EDGE('',*,*,#3345,.F.);
#4762=ORIENTED_EDGE('',*,*,#3349,.T.);
#4763=ORIENTED_EDGE('',*,*,#3350,.F.);
#4764=ORIENTED_EDGE('',*,*,#3351,.F.);
#4765=ORIENTED_EDGE('',*,*,#3333,.T.);
#4766=ORIENTED_EDGE('',*,*,#3352,.F.);
#4767=ORIENTED_EDGE('',*,*,#3353,.F.);
#4768=ORIENTED_EDGE('',*,*,#3354,.F.);
#4769=ORIENTED_EDGE('',*,*,#3355,.F.);
#4770=ORIENTED_EDGE('',*,*,#3356,.F.);
#4771=ORIENTED_EDGE('',*,*,#3357,.F.);
#4772=ORIENTED_EDGE('',*,*,#3358,.F.);
#4773=ORIENTED_EDGE('',*,*,#3329,.T.);
#4774=ORIENTED_EDGE('',*,*,#3359,.T.);
#4775=ORIENTED_EDGE('',*,*,#3360,.T.);
#4776=ORIENTED_EDGE('',*,*,#3357,.T.);
#4777=ORIENTED_EDGE('',*,*,#3361,.T.);
#4778=ORIENTED_EDGE('',*,*,#3362,.T.);
#4779=ORIENTED_EDGE('',*,*,#3363,.T.);
#4780=ORIENTED_EDGE('',*,*,#3359,.F.);
#4781=ORIENTED_EDGE('',*,*,#3364,.T.);
#4782=ORIENTED_EDGE('',*,*,#3350,.T.);
#4783=ORIENTED_EDGE('',*,*,#3365,.T.);
#4784=ORIENTED_EDGE('',*,*,#3362,.F.);
#4785=ORIENTED_EDGE('',*,*,#3366,.T.);
#4786=ORIENTED_EDGE('',*,*,#3358,.T.);
#4787=ORIENTED_EDGE('',*,*,#3367,.T.);
#4788=ORIENTED_EDGE('',*,*,#3352,.T.);
#4789=ORIENTED_EDGE('',*,*,#3332,.T.);
#4790=ORIENTED_EDGE('',*,*,#3330,.T.);
#4791=ORIENTED_EDGE('',*,*,#3368,.F.);
#4792=ORIENTED_EDGE('',*,*,#3369,.F.);
#4793=ORIENTED_EDGE('',*,*,#3370,.F.);
#4794=ORIENTED_EDGE('',*,*,#3340,.T.);
#4795=ORIENTED_EDGE('',*,*,#3371,.T.);
#4796=ORIENTED_EDGE('',*,*,#3369,.T.);
#4797=ORIENTED_EDGE('',*,*,#3326,.T.);
#4798=ORIENTED_EDGE('',*,*,#3372,.T.);
#4799=ORIENTED_EDGE('',*,*,#3373,.T.);
#4800=ORIENTED_EDGE('',*,*,#3354,.T.);
#4801=ORIENTED_EDGE('',*,*,#2860,.T.);
#4802=ORIENTED_EDGE('',*,*,#3374,.T.);
#4803=ORIENTED_EDGE('',*,*,#3375,.T.);
#4804=ORIENTED_EDGE('',*,*,#3372,.F.);
#4805=ORIENTED_EDGE('',*,*,#2859,.T.);
#4806=ORIENTED_EDGE('',*,*,#3370,.T.);
#4807=ORIENTED_EDGE('',*,*,#3376,.T.);
#4808=ORIENTED_EDGE('',*,*,#3374,.F.);
#4809=ORIENTED_EDGE('',*,*,#2858,.T.);
#4810=ORIENTED_EDGE('',*,*,#3377,.F.);
#4811=ORIENTED_EDGE('',*,*,#3378,.F.);
#4812=ORIENTED_EDGE('',*,*,#3379,.F.);
#4813=ORIENTED_EDGE('',*,*,#3378,.T.);
#4814=ORIENTED_EDGE('',*,*,#2861,.T.);
#4815=ORIENTED_EDGE('',*,*,#3353,.T.);
#4816=ORIENTED_EDGE('',*,*,#3321,.T.);
#4817=ORIENTED_EDGE('',*,*,#3351,.T.);
#4818=ORIENTED_EDGE('',*,*,#3380,.T.);
#4819=ORIENTED_EDGE('',*,*,#3379,.T.);
#4820=ORIENTED_EDGE('',*,*,#3334,.T.);
#4821=ORIENTED_EDGE('',*,*,#3381,.F.);
#4822=ORIENTED_EDGE('',*,*,#3382,.F.);
#4823=ORIENTED_EDGE('',*,*,#3383,.F.);
#4824=ORIENTED_EDGE('',*,*,#3384,.T.);
#4825=ORIENTED_EDGE('',*,*,#3385,.T.);
#4826=ORIENTED_EDGE('',*,*,#3382,.T.);
#4827=ORIENTED_EDGE('',*,*,#2856,.T.);
#4828=ORIENTED_EDGE('',*,*,#3386,.T.);
#4829=ORIENTED_EDGE('',*,*,#3387,.T.);
#4830=ORIENTED_EDGE('',*,*,#3384,.F.);
#4831=ORIENTED_EDGE('',*,*,#2863,.T.);
#4832=ORIENTED_EDGE('',*,*,#3377,.T.);
#4833=ORIENTED_EDGE('',*,*,#3388,.T.);
#4834=ORIENTED_EDGE('',*,*,#3386,.F.);
#4835=ORIENTED_EDGE('',*,*,#2862,.T.);
#4836=ORIENTED_EDGE('',*,*,#3383,.T.);
#4837=ORIENTED_EDGE('',*,*,#3389,.T.);
#4838=ORIENTED_EDGE('',*,*,#3356,.T.);
#4839=ORIENTED_EDGE('',*,*,#3328,.T.);
#4840=ORIENTED_EDGE('',*,*,#3368,.T.);
#4841=ORIENTED_EDGE('',*,*,#2857,.T.);
#4842=ORIENTED_EDGE('',*,*,#3381,.T.);
#4843=ORIENTED_EDGE('',*,*,#3327,.T.);
#4844=ORIENTED_EDGE('',*,*,#3355,.T.);
#4845=ORIENTED_EDGE('',*,*,#3390,.T.);
#4846=ORIENTED_EDGE('',*,*,#3335,.T.);
#4847=ORIENTED_EDGE('',*,*,#3322,.T.);
#4848=ORIENTED_EDGE('',*,*,#3344,.F.);
#4849=ORIENTED_EDGE('',*,*,#3390,.F.);
#4850=ORIENTED_EDGE('',*,*,#3373,.F.);
#4851=ORIENTED_EDGE('',*,*,#3391,.T.);
#4852=ORIENTED_EDGE('',*,*,#3347,.F.);
#4853=ORIENTED_EDGE('',*,*,#3391,.F.);
#4854=ORIENTED_EDGE('',*,*,#3375,.F.);
#4855=ORIENTED_EDGE('',*,*,#3392,.T.);
#4856=ORIENTED_EDGE('',*,*,#3361,.F.);
#4857=ORIENTED_EDGE('',*,*,#3389,.F.);
#4858=ORIENTED_EDGE('',*,*,#3385,.F.);
#4859=ORIENTED_EDGE('',*,*,#3393,.T.);
#4860=ORIENTED_EDGE('',*,*,#3364,.F.);
#4861=ORIENTED_EDGE('',*,*,#3393,.F.);
#4862=ORIENTED_EDGE('',*,*,#3387,.F.);
#4863=ORIENTED_EDGE('',*,*,#3394,.T.);
#4864=ORIENTED_EDGE('',*,*,#3341,.F.);
#4865=ORIENTED_EDGE('',*,*,#3343,.F.);
#4866=ORIENTED_EDGE('',*,*,#3346,.F.);
#4867=ORIENTED_EDGE('',*,*,#3348,.F.);
#4868=ORIENTED_EDGE('',*,*,#3360,.F.);
#4869=ORIENTED_EDGE('',*,*,#3363,.F.);
#4870=ORIENTED_EDGE('',*,*,#3365,.F.);
#4871=ORIENTED_EDGE('',*,*,#3367,.F.);
#4872=ORIENTED_EDGE('',*,*,#3395,.T.);
#4873=ORIENTED_EDGE('',*,*,#3396,.T.);
#4874=ORIENTED_EDGE('',*,*,#2890,.T.);
#4875=ORIENTED_EDGE('',*,*,#3396,.F.);
#4876=ORIENTED_EDGE('',*,*,#3397,.F.);
#4877=ORIENTED_EDGE('',*,*,#3398,.T.);
#4878=ORIENTED_EDGE('',*,*,#3395,.F.);
#4879=ORIENTED_EDGE('',*,*,#3398,.F.);
#4880=ORIENTED_EDGE('',*,*,#3397,.T.);
#4881=ORIENTED_EDGE('',*,*,#3399,.T.);
#4882=ORIENTED_EDGE('',*,*,#3400,.T.);
#4883=ORIENTED_EDGE('',*,*,#3399,.F.);
#4884=ORIENTED_EDGE('',*,*,#3400,.F.);
#4885=ORIENTED_EDGE('',*,*,#3401,.T.);
#4886=ORIENTED_EDGE('',*,*,#3402,.T.);
#4887=ORIENTED_EDGE('',*,*,#3403,.T.);
#4888=ORIENTED_EDGE('',*,*,#3404,.T.);
#4889=ORIENTED_EDGE('',*,*,#3402,.F.);
#4890=ORIENTED_EDGE('',*,*,#3401,.F.);
#4891=ORIENTED_EDGE('',*,*,#3405,.F.);
#4892=ORIENTED_EDGE('',*,*,#3406,.F.);
#4893=ORIENTED_EDGE('',*,*,#3407,.F.);
#4894=ORIENTED_EDGE('',*,*,#3408,.F.);
#4895=ORIENTED_EDGE('',*,*,#3409,.F.);
#4896=ORIENTED_EDGE('',*,*,#3410,.F.);
#4897=ORIENTED_EDGE('',*,*,#3411,.F.);
#4898=ORIENTED_EDGE('',*,*,#3412,.F.);
#4899=ORIENTED_EDGE('',*,*,#3413,.F.);
#4900=ORIENTED_EDGE('',*,*,#3414,.F.);
#4901=ORIENTED_EDGE('',*,*,#3415,.F.);
#4902=ORIENTED_EDGE('',*,*,#3416,.F.);
#4903=ORIENTED_EDGE('',*,*,#3417,.F.);
#4904=ORIENTED_EDGE('',*,*,#3418,.F.);
#4905=ORIENTED_EDGE('',*,*,#3419,.T.);
#4906=ORIENTED_EDGE('',*,*,#3403,.F.);
#4907=ORIENTED_EDGE('',*,*,#3404,.F.);
#4908=ORIENTED_EDGE('',*,*,#3419,.F.);
#4909=ORIENTED_EDGE('',*,*,#3405,.T.);
#4910=ORIENTED_EDGE('',*,*,#3420,.T.);
#4911=ORIENTED_EDGE('',*,*,#3302,.T.);
#4912=ORIENTED_EDGE('',*,*,#3303,.T.);
#4913=ORIENTED_EDGE('',*,*,#3420,.F.);
#4914=ORIENTED_EDGE('',*,*,#3421,.F.);
#4915=ORIENTED_EDGE('',*,*,#3422,.F.);
#4916=ORIENTED_EDGE('',*,*,#3423,.F.);
#4917=ORIENTED_EDGE('',*,*,#3408,.T.);
#4918=ORIENTED_EDGE('',*,*,#3410,.T.);
#4919=ORIENTED_EDGE('',*,*,#3424,.F.);
#4920=ORIENTED_EDGE('',*,*,#3425,.F.);
#4921=ORIENTED_EDGE('',*,*,#3426,.F.);
#4922=ORIENTED_EDGE('',*,*,#3423,.T.);
#4923=ORIENTED_EDGE('',*,*,#3427,.T.);
#4924=ORIENTED_EDGE('',*,*,#3424,.T.);
#4925=ORIENTED_EDGE('',*,*,#3409,.T.);
#4926=ORIENTED_EDGE('',*,*,#3428,.T.);
#4927=ORIENTED_EDGE('',*,*,#3429,.T.);
#4928=ORIENTED_EDGE('',*,*,#3422,.T.);
#4929=ORIENTED_EDGE('',*,*,#3430,.T.);
#4930=ORIENTED_EDGE('',*,*,#3431,.T.);
#4931=ORIENTED_EDGE('',*,*,#3432,.T.);
#4932=ORIENTED_EDGE('',*,*,#3428,.F.);
#4933=ORIENTED_EDGE('',*,*,#3433,.T.);
#4934=ORIENTED_EDGE('',*,*,#3425,.T.);
#4935=ORIENTED_EDGE('',*,*,#3434,.T.);
#4936=ORIENTED_EDGE('',*,*,#3431,.F.);
#4937=ORIENTED_EDGE('',*,*,#3435,.T.);
#4938=ORIENTED_EDGE('',*,*,#3436,.F.);
#4939=ORIENTED_EDGE('',*,*,#3437,.F.);
#4940=ORIENTED_EDGE('',*,*,#3438,.F.);
#4941=ORIENTED_EDGE('',*,*,#3439,.F.);
#4942=ORIENTED_EDGE('',*,*,#3440,.F.);
#4943=ORIENTED_EDGE('',*,*,#3416,.T.);
#4944=ORIENTED_EDGE('',*,*,#3441,.F.);
#4945=ORIENTED_EDGE('',*,*,#3442,.F.);
#4946=ORIENTED_EDGE('',*,*,#3443,.F.);
#4947=ORIENTED_EDGE('',*,*,#3444,.F.);
#4948=ORIENTED_EDGE('',*,*,#3414,.T.);
#4949=ORIENTED_EDGE('',*,*,#3445,.T.);
#4950=ORIENTED_EDGE('',*,*,#3446,.T.);
#4951=ORIENTED_EDGE('',*,*,#3443,.T.);
#4952=ORIENTED_EDGE('',*,*,#3447,.T.);
#4953=ORIENTED_EDGE('',*,*,#3448,.T.);
#4954=ORIENTED_EDGE('',*,*,#3449,.T.);
#4955=ORIENTED_EDGE('',*,*,#3445,.F.);
#4956=ORIENTED_EDGE('',*,*,#3450,.T.);
#4957=ORIENTED_EDGE('',*,*,#3439,.T.);
#4958=ORIENTED_EDGE('',*,*,#3451,.T.);
#4959=ORIENTED_EDGE('',*,*,#3448,.F.);
#4960=ORIENTED_EDGE('',*,*,#3452,.T.);
#4961=ORIENTED_EDGE('',*,*,#3444,.T.);
#4962=ORIENTED_EDGE('',*,*,#3453,.T.);
#4963=ORIENTED_EDGE('',*,*,#3441,.T.);
#4964=ORIENTED_EDGE('',*,*,#3415,.T.);
#4965=ORIENTED_EDGE('',*,*,#3454,.F.);
#4966=ORIENTED_EDGE('',*,*,#3455,.F.);
#4967=ORIENTED_EDGE('',*,*,#3456,.F.);
#4968=ORIENTED_EDGE('',*,*,#3426,.T.);
#4969=ORIENTED_EDGE('',*,*,#3457,.T.);
#4970=ORIENTED_EDGE('',*,*,#3455,.T.);
#4971=ORIENTED_EDGE('',*,*,#3411,.T.);
#4972=ORIENTED_EDGE('',*,*,#3458,.T.);
#4973=ORIENTED_EDGE('',*,*,#3459,.T.);
#4974=ORIENTED_EDGE('',*,*,#3437,.T.);
#4975=ORIENTED_EDGE('',*,*,#2868,.T.);
#4976=ORIENTED_EDGE('',*,*,#3460,.T.);
#4977=ORIENTED_EDGE('',*,*,#3461,.T.);
#4978=ORIENTED_EDGE('',*,*,#3458,.F.);
#4979=ORIENTED_EDGE('',*,*,#2867,.T.);
#4980=ORIENTED_EDGE('',*,*,#3456,.T.);
#4981=ORIENTED_EDGE('',*,*,#3462,.T.);
#4982=ORIENTED_EDGE('',*,*,#3460,.F.);
#4983=ORIENTED_EDGE('',*,*,#2866,.T.);
#4984=ORIENTED_EDGE('',*,*,#3463,.F.);
#4985=ORIENTED_EDGE('',*,*,#3464,.F.);
#4986=ORIENTED_EDGE('',*,*,#3465,.F.);
#4987=ORIENTED_EDGE('',*,*,#3464,.T.);
#4988=ORIENTED_EDGE('',*,*,#2869,.T.);
#4989=ORIENTED_EDGE('',*,*,#3436,.T.);
#4990=ORIENTED_EDGE('',*,*,#3406,.T.);
#4991=ORIENTED_EDGE('',*,*,#3418,.T.);
#4992=ORIENTED_EDGE('',*,*,#3440,.T.);
#4993=ORIENTED_EDGE('',*,*,#3466,.T.);
#4994=ORIENTED_EDGE('',*,*,#3465,.T.);
#4995=ORIENTED_EDGE('',*,*,#3417,.T.);
#4996=ORIENTED_EDGE('',*,*,#3467,.F.);
#4997=ORIENTED_EDGE('',*,*,#3468,.F.);
#4998=ORIENTED_EDGE('',*,*,#3469,.F.);
#4999=ORIENTED_EDGE('',*,*,#3470,.T.);
#5000=ORIENTED_EDGE('',*,*,#3471,.T.);
#5001=ORIENTED_EDGE('',*,*,#3468,.T.);
#5002=ORIENTED_EDGE('',*,*,#2864,.T.);
#5003=ORIENTED_EDGE('',*,*,#3472,.T.);
#5004=ORIENTED_EDGE('',*,*,#3473,.T.);
#5005=ORIENTED_EDGE('',*,*,#3470,.F.);
#5006=ORIENTED_EDGE('',*,*,#2871,.T.);
#5007=ORIENTED_EDGE('',*,*,#3463,.T.);
#5008=ORIENTED_EDGE('',*,*,#3474,.T.);
#5009=ORIENTED_EDGE('',*,*,#3472,.F.);
#5010=ORIENTED_EDGE('',*,*,#2870,.T.);
#5011=ORIENTED_EDGE('',*,*,#3469,.T.);
#5012=ORIENTED_EDGE('',*,*,#3475,.T.);
#5013=ORIENTED_EDGE('',*,*,#3442,.T.);
#5014=ORIENTED_EDGE('',*,*,#3413,.T.);
#5015=ORIENTED_EDGE('',*,*,#3454,.T.);
#5016=ORIENTED_EDGE('',*,*,#2865,.T.);
#5017=ORIENTED_EDGE('',*,*,#3467,.T.);
#5018=ORIENTED_EDGE('',*,*,#3412,.T.);
#5019=ORIENTED_EDGE('',*,*,#3438,.T.);
#5020=ORIENTED_EDGE('',*,*,#3476,.T.);
#5021=ORIENTED_EDGE('',*,*,#3421,.T.);
#5022=ORIENTED_EDGE('',*,*,#3407,.T.);
#5023=ORIENTED_EDGE('',*,*,#3430,.F.);
#5024=ORIENTED_EDGE('',*,*,#3476,.F.);
#5025=ORIENTED_EDGE('',*,*,#3459,.F.);
#5026=ORIENTED_EDGE('',*,*,#3477,.T.);
#5027=ORIENTED_EDGE('',*,*,#3433,.F.);
#5028=ORIENTED_EDGE('',*,*,#3477,.F.);
#5029=ORIENTED_EDGE('',*,*,#3461,.F.);
#5030=ORIENTED_EDGE('',*,*,#3478,.T.);
#5031=ORIENTED_EDGE('',*,*,#3447,.F.);
#5032=ORIENTED_EDGE('',*,*,#3475,.F.);
#5033=ORIENTED_EDGE('',*,*,#3471,.F.);
#5034=ORIENTED_EDGE('',*,*,#3479,.T.);
#5035=ORIENTED_EDGE('',*,*,#3450,.F.);
#5036=ORIENTED_EDGE('',*,*,#3479,.F.);
#5037=ORIENTED_EDGE('',*,*,#3473,.F.);
#5038=ORIENTED_EDGE('',*,*,#3480,.T.);
#5039=ORIENTED_EDGE('',*,*,#3427,.F.);
#5040=ORIENTED_EDGE('',*,*,#3429,.F.);
#5041=ORIENTED_EDGE('',*,*,#3432,.F.);
#5042=ORIENTED_EDGE('',*,*,#3434,.F.);
#5043=ORIENTED_EDGE('',*,*,#3446,.F.);
#5044=ORIENTED_EDGE('',*,*,#3449,.F.);
#5045=ORIENTED_EDGE('',*,*,#3451,.F.);
#5046=ORIENTED_EDGE('',*,*,#3453,.F.);
#5047=ORIENTED_EDGE('',*,*,#3481,.T.);
#5048=ORIENTED_EDGE('',*,*,#3482,.T.);
#5049=ORIENTED_EDGE('',*,*,#2889,.T.);
#5050=ORIENTED_EDGE('',*,*,#3482,.F.);
#5051=ORIENTED_EDGE('',*,*,#3483,.F.);
#5052=ORIENTED_EDGE('',*,*,#3484,.T.);
#5053=ORIENTED_EDGE('',*,*,#3481,.F.);
#5054=ORIENTED_EDGE('',*,*,#3484,.F.);
#5055=ORIENTED_EDGE('',*,*,#3483,.T.);
#5056=ORIENTED_EDGE('',*,*,#3485,.T.);
#5057=ORIENTED_EDGE('',*,*,#3486,.T.);
#5058=ORIENTED_EDGE('',*,*,#3485,.F.);
#5059=ORIENTED_EDGE('',*,*,#3486,.F.);
#5060=ORIENTED_EDGE('',*,*,#3487,.T.);
#5061=ORIENTED_EDGE('',*,*,#3488,.T.);
#5062=ORIENTED_EDGE('',*,*,#3489,.T.);
#5063=ORIENTED_EDGE('',*,*,#3490,.T.);
#5064=ORIENTED_EDGE('',*,*,#3488,.F.);
#5065=ORIENTED_EDGE('',*,*,#3491,.F.);
#5066=ORIENTED_EDGE('',*,*,#3492,.F.);
#5067=ORIENTED_EDGE('',*,*,#3493,.F.);
#5068=ORIENTED_EDGE('',*,*,#3494,.F.);
#5069=ORIENTED_EDGE('',*,*,#3495,.F.);
#5070=ORIENTED_EDGE('',*,*,#3496,.T.);
#5071=ORIENTED_EDGE('',*,*,#3489,.F.);
#5072=ORIENTED_EDGE('',*,*,#3490,.F.);
#5073=ORIENTED_EDGE('',*,*,#3496,.F.);
#5074=ORIENTED_EDGE('',*,*,#3497,.F.);
#5075=ORIENTED_EDGE('',*,*,#3498,.F.);
#5076=ORIENTED_EDGE('',*,*,#3499,.F.);
#5077=ORIENTED_EDGE('',*,*,#3500,.F.);
#5078=ORIENTED_EDGE('',*,*,#3501,.F.);
#5079=ORIENTED_EDGE('',*,*,#3502,.F.);
#5080=ORIENTED_EDGE('',*,*,#3503,.F.);
#5081=ORIENTED_EDGE('',*,*,#3504,.F.);
#5082=ORIENTED_EDGE('',*,*,#3487,.F.);
#5083=ORIENTED_EDGE('',*,*,#3505,.F.);
#5084=ORIENTED_EDGE('',*,*,#3506,.F.);
#5085=ORIENTED_EDGE('',*,*,#3507,.F.);
#5086=ORIENTED_EDGE('',*,*,#3508,.F.);
#5087=ORIENTED_EDGE('',*,*,#3499,.T.);
#5088=ORIENTED_EDGE('',*,*,#3493,.T.);
#5089=ORIENTED_EDGE('',*,*,#3509,.F.);
#5090=ORIENTED_EDGE('',*,*,#3510,.F.);
#5091=ORIENTED_EDGE('',*,*,#3511,.F.);
#5092=ORIENTED_EDGE('',*,*,#3512,.F.);
#5093=ORIENTED_EDGE('',*,*,#3513,.F.);
#5094=ORIENTED_EDGE('',*,*,#3501,.T.);
#5095=ORIENTED_EDGE('',*,*,#3514,.F.);
#5096=ORIENTED_EDGE('',*,*,#3515,.F.);
#5097=ORIENTED_EDGE('',*,*,#3516,.F.);
#5098=ORIENTED_EDGE('',*,*,#3517,.F.);
#5099=ORIENTED_EDGE('',*,*,#3518,.F.);
#5100=ORIENTED_EDGE('',*,*,#3519,.F.);
#5101=ORIENTED_EDGE('',*,*,#3520,.F.);
#5102=ORIENTED_EDGE('',*,*,#3491,.T.);
#5103=ORIENTED_EDGE('',*,*,#3521,.T.);
#5104=ORIENTED_EDGE('',*,*,#3522,.T.);
#5105=ORIENTED_EDGE('',*,*,#3519,.T.);
#5106=ORIENTED_EDGE('',*,*,#3523,.T.);
#5107=ORIENTED_EDGE('',*,*,#3524,.T.);
#5108=ORIENTED_EDGE('',*,*,#3525,.T.);
#5109=ORIENTED_EDGE('',*,*,#3521,.F.);
#5110=ORIENTED_EDGE('',*,*,#3526,.T.);
#5111=ORIENTED_EDGE('',*,*,#3510,.T.);
#5112=ORIENTED_EDGE('',*,*,#3527,.T.);
#5113=ORIENTED_EDGE('',*,*,#3524,.F.);
#5114=ORIENTED_EDGE('',*,*,#3528,.T.);
#5115=ORIENTED_EDGE('',*,*,#3520,.T.);
#5116=ORIENTED_EDGE('',*,*,#3529,.T.);
#5117=ORIENTED_EDGE('',*,*,#3509,.T.);
#5118=ORIENTED_EDGE('',*,*,#3492,.T.);
#5119=ORIENTED_EDGE('',*,*,#3530,.F.);
#5120=ORIENTED_EDGE('',*,*,#3531,.F.);
#5121=ORIENTED_EDGE('',*,*,#3532,.F.);
#5122=ORIENTED_EDGE('',*,*,#3511,.T.);
#5123=ORIENTED_EDGE('',*,*,#3533,.T.);
#5124=ORIENTED_EDGE('',*,*,#3531,.T.);
#5125=ORIENTED_EDGE('',*,*,#3494,.T.);
#5126=ORIENTED_EDGE('',*,*,#3534,.F.);
#5127=ORIENTED_EDGE('',*,*,#3535,.F.);
#5128=ORIENTED_EDGE('',*,*,#3536,.F.);
#5129=ORIENTED_EDGE('',*,*,#3513,.T.);
#5130=ORIENTED_EDGE('',*,*,#3537,.T.);
#5131=ORIENTED_EDGE('',*,*,#3535,.T.);
#5132=ORIENTED_EDGE('',*,*,#3502,.T.);
#5133=ORIENTED_EDGE('',*,*,#3538,.T.);
#5134=ORIENTED_EDGE('',*,*,#3539,.T.);
#5135=ORIENTED_EDGE('',*,*,#3516,.T.);
#5136=ORIENTED_EDGE('',*,*,#2876,.T.);
#5137=ORIENTED_EDGE('',*,*,#3540,.T.);
#5138=ORIENTED_EDGE('',*,*,#3541,.T.);
#5139=ORIENTED_EDGE('',*,*,#3538,.F.);
#5140=ORIENTED_EDGE('',*,*,#2875,.T.);
#5141=ORIENTED_EDGE('',*,*,#3536,.T.);
#5142=ORIENTED_EDGE('',*,*,#3542,.T.);
#5143=ORIENTED_EDGE('',*,*,#3540,.F.);
#5144=ORIENTED_EDGE('',*,*,#2874,.T.);
#5145=ORIENTED_EDGE('',*,*,#3543,.F.);
#5146=ORIENTED_EDGE('',*,*,#3544,.F.);
#5147=ORIENTED_EDGE('',*,*,#3545,.F.);
#5148=ORIENTED_EDGE('',*,*,#3546,.T.);
#5149=ORIENTED_EDGE('',*,*,#3547,.T.);
#5150=ORIENTED_EDGE('',*,*,#3544,.T.);
#5151=ORIENTED_EDGE('',*,*,#2872,.T.);
#5152=ORIENTED_EDGE('',*,*,#3548,.T.);
#5153=ORIENTED_EDGE('',*,*,#3549,.T.);
#5154=ORIENTED_EDGE('',*,*,#3546,.F.);
#5155=ORIENTED_EDGE('',*,*,#2879,.T.);
#5156=ORIENTED_EDGE('',*,*,#3532,.T.);
#5157=ORIENTED_EDGE('',*,*,#3550,.T.);
#5158=ORIENTED_EDGE('',*,*,#3548,.F.);
#5159=ORIENTED_EDGE('',*,*,#2878,.T.);
#5160=ORIENTED_EDGE('',*,*,#3545,.T.);
#5161=ORIENTED_EDGE('',*,*,#3551,.T.);
#5162=ORIENTED_EDGE('',*,*,#3518,.T.);
#5163=ORIENTED_EDGE('',*,*,#3504,.T.);
#5164=ORIENTED_EDGE('',*,*,#3534,.T.);
#5165=ORIENTED_EDGE('',*,*,#2873,.T.);
#5166=ORIENTED_EDGE('',*,*,#3543,.T.);
#5167=ORIENTED_EDGE('',*,*,#3503,.T.);
#5168=ORIENTED_EDGE('',*,*,#3530,.T.);
#5169=ORIENTED_EDGE('',*,*,#2877,.T.);
#5170=ORIENTED_EDGE('',*,*,#3515,.T.);
#5171=ORIENTED_EDGE('',*,*,#3497,.T.);
#5172=ORIENTED_EDGE('',*,*,#3495,.T.);
#5173=ORIENTED_EDGE('',*,*,#3517,.T.);
#5174=ORIENTED_EDGE('',*,*,#3552,.T.);
#5175=ORIENTED_EDGE('',*,*,#3506,.T.);
#5176=ORIENTED_EDGE('',*,*,#3498,.T.);
#5177=ORIENTED_EDGE('',*,*,#3508,.T.);
#5178=ORIENTED_EDGE('',*,*,#3553,.T.);
#5179=ORIENTED_EDGE('',*,*,#3514,.T.);
#5180=ORIENTED_EDGE('',*,*,#3500,.T.);
#5181=ORIENTED_EDGE('',*,*,#3554,.T.);
#5182=ORIENTED_EDGE('',*,*,#3555,.T.);
#5183=ORIENTED_EDGE('',*,*,#3507,.T.);
#5184=ORIENTED_EDGE('',*,*,#3556,.T.);
#5185=ORIENTED_EDGE('',*,*,#3557,.T.);
#5186=ORIENTED_EDGE('',*,*,#3558,.T.);
#5187=ORIENTED_EDGE('',*,*,#3554,.F.);
#5188=ORIENTED_EDGE('',*,*,#3559,.T.);
#5189=ORIENTED_EDGE('',*,*,#3512,.T.);
#5190=ORIENTED_EDGE('',*,*,#3560,.T.);
#5191=ORIENTED_EDGE('',*,*,#3557,.F.);
#5192=ORIENTED_EDGE('',*,*,#3561,.T.);
#5193=ORIENTED_EDGE('',*,*,#3556,.F.);
#5194=ORIENTED_EDGE('',*,*,#3552,.F.);
#5195=ORIENTED_EDGE('',*,*,#3539,.F.);
#5196=ORIENTED_EDGE('',*,*,#3562,.T.);
#5197=ORIENTED_EDGE('',*,*,#3559,.F.);
#5198=ORIENTED_EDGE('',*,*,#3562,.F.);
#5199=ORIENTED_EDGE('',*,*,#3541,.F.);
#5200=ORIENTED_EDGE('',*,*,#3563,.T.);
#5201=ORIENTED_EDGE('',*,*,#3523,.F.);
#5202=ORIENTED_EDGE('',*,*,#3551,.F.);
#5203=ORIENTED_EDGE('',*,*,#3547,.F.);
#5204=ORIENTED_EDGE('',*,*,#3564,.T.);
#5205=ORIENTED_EDGE('',*,*,#3526,.F.);
#5206=ORIENTED_EDGE('',*,*,#3564,.F.);
#5207=ORIENTED_EDGE('',*,*,#3549,.F.);
#5208=ORIENTED_EDGE('',*,*,#3565,.T.);
#5209=ORIENTED_EDGE('',*,*,#3522,.F.);
#5210=ORIENTED_EDGE('',*,*,#3525,.F.);
#5211=ORIENTED_EDGE('',*,*,#3527,.F.);
#5212=ORIENTED_EDGE('',*,*,#3529,.F.);
#5213=ORIENTED_EDGE('',*,*,#3553,.F.);
#5214=ORIENTED_EDGE('',*,*,#3555,.F.);
#5215=ORIENTED_EDGE('',*,*,#3558,.F.);
#5216=ORIENTED_EDGE('',*,*,#3560,.F.);
#5217=ORIENTED_EDGE('',*,*,#3505,.T.);
#5218=ORIENTED_EDGE('',*,*,#3566,.T.);
#5219=ORIENTED_EDGE('',*,*,#3307,.T.);
#5220=ORIENTED_EDGE('',*,*,#3308,.T.);
#5221=ORIENTED_EDGE('',*,*,#3566,.F.);
#5222=ORIENTED_EDGE('',*,*,#3567,.T.);
#5223=ORIENTED_EDGE('',*,*,#3568,.T.);
#5224=ORIENTED_EDGE('',*,*,#2888,.T.);
#5225=ORIENTED_EDGE('',*,*,#3568,.F.);
#5226=ORIENTED_EDGE('',*,*,#3569,.F.);
#5227=ORIENTED_EDGE('',*,*,#3570,.T.);
#5228=ORIENTED_EDGE('',*,*,#3567,.F.);
#5229=ORIENTED_EDGE('',*,*,#3570,.F.);
#5230=ORIENTED_EDGE('',*,*,#3569,.T.);
#5231=ORIENTED_EDGE('',*,*,#3571,.T.);
#5232=ORIENTED_EDGE('',*,*,#3572,.T.);
#5233=ORIENTED_EDGE('',*,*,#3571,.F.);
#5234=ORIENTED_EDGE('',*,*,#3572,.F.);
#5235=ORIENTED_EDGE('',*,*,#2812,.T.);
#5236=ORIENTED_EDGE('',*,*,#3573,.T.);
#5237=ORIENTED_EDGE('',*,*,#3574,.T.);
#5238=ORIENTED_EDGE('',*,*,#3573,.F.);
#5239=ORIENTED_EDGE('',*,*,#3574,.F.);
#5240=ORIENTED_EDGE('',*,*,#3575,.T.);
#5241=ORIENTED_EDGE('',*,*,#3576,.F.);
#5242=ORIENTED_EDGE('',*,*,#3577,.F.);
#5243=ORIENTED_EDGE('',*,*,#3575,.F.);
#5244=ORIENTED_EDGE('',*,*,#3578,.T.);
#5245=ORIENTED_EDGE('',*,*,#3579,.T.);
#5246=ORIENTED_EDGE('',*,*,#3576,.T.);
#5247=ORIENTED_EDGE('',*,*,#3577,.T.);
#5248=ORIENTED_EDGE('',*,*,#3579,.F.);
#5249=ORIENTED_EDGE('',*,*,#3580,.F.);
#5250=ORIENTED_EDGE('',*,*,#3578,.F.);
#5251=ORIENTED_EDGE('',*,*,#3580,.T.);
#5252=ORIENTED_EDGE('',*,*,#3581,.T.);
#5253=ORIENTED_EDGE('',*,*,#3582,.T.);
#5254=ORIENTED_EDGE('',*,*,#3583,.T.);
#5255=ORIENTED_EDGE('',*,*,#3581,.F.);
#5256=ORIENTED_EDGE('',*,*,#3584,.F.);
#5257=ORIENTED_EDGE('',*,*,#3585,.F.);
#5258=ORIENTED_EDGE('',*,*,#3586,.F.);
#5259=ORIENTED_EDGE('',*,*,#3587,.F.);
#5260=ORIENTED_EDGE('',*,*,#3588,.F.);
#5261=ORIENTED_EDGE('',*,*,#3589,.F.);
#5262=ORIENTED_EDGE('',*,*,#3590,.F.);
#5263=ORIENTED_EDGE('',*,*,#3591,.F.);
#5264=ORIENTED_EDGE('',*,*,#3592,.F.);
#5265=ORIENTED_EDGE('',*,*,#3593,.F.);
#5266=ORIENTED_EDGE('',*,*,#3594,.F.);
#5267=ORIENTED_EDGE('',*,*,#3595,.F.);
#5268=ORIENTED_EDGE('',*,*,#3596,.T.);
#5269=ORIENTED_EDGE('',*,*,#3582,.F.);
#5270=ORIENTED_EDGE('',*,*,#3583,.F.);
#5271=ORIENTED_EDGE('',*,*,#3596,.F.);
#5272=ORIENTED_EDGE('',*,*,#3597,.F.);
#5273=ORIENTED_EDGE('',*,*,#3598,.F.);
#5274=ORIENTED_EDGE('',*,*,#3599,.F.);
#5275=ORIENTED_EDGE('',*,*,#3590,.T.);
#5276=ORIENTED_EDGE('',*,*,#3600,.F.);
#5277=ORIENTED_EDGE('',*,*,#3601,.F.);
#5278=ORIENTED_EDGE('',*,*,#3602,.F.);
#5279=ORIENTED_EDGE('',*,*,#3603,.F.);
#5280=ORIENTED_EDGE('',*,*,#3588,.T.);
#5281=ORIENTED_EDGE('',*,*,#3604,.T.);
#5282=ORIENTED_EDGE('',*,*,#3605,.T.);
#5283=ORIENTED_EDGE('',*,*,#3602,.T.);
#5284=ORIENTED_EDGE('',*,*,#3606,.T.);
#5285=ORIENTED_EDGE('',*,*,#3607,.T.);
#5286=ORIENTED_EDGE('',*,*,#3608,.T.);
#5287=ORIENTED_EDGE('',*,*,#3604,.F.);
#5288=ORIENTED_EDGE('',*,*,#3609,.T.);
#5289=ORIENTED_EDGE('',*,*,#3598,.T.);
#5290=ORIENTED_EDGE('',*,*,#3610,.T.);
#5291=ORIENTED_EDGE('',*,*,#3607,.F.);
#5292=ORIENTED_EDGE('',*,*,#3611,.T.);
#5293=ORIENTED_EDGE('',*,*,#3603,.T.);
#5294=ORIENTED_EDGE('',*,*,#3612,.T.);
#5295=ORIENTED_EDGE('',*,*,#3600,.T.);
#5296=ORIENTED_EDGE('',*,*,#3589,.T.);
#5297=ORIENTED_EDGE('',*,*,#3613,.F.);
#5298=ORIENTED_EDGE('',*,*,#3614,.F.);
#5299=ORIENTED_EDGE('',*,*,#3615,.F.);
#5300=ORIENTED_EDGE('',*,*,#3616,.F.);
#5301=ORIENTED_EDGE('',*,*,#3617,.F.);
#5302=ORIENTED_EDGE('',*,*,#3618,.F.);
#5303=ORIENTED_EDGE('',*,*,#3619,.T.);
#5304=ORIENTED_EDGE('',*,*,#3620,.T.);
#5305=ORIENTED_EDGE('',*,*,#3617,.T.);
#5306=ORIENTED_EDGE('',*,*,#2884,.T.);
#5307=ORIENTED_EDGE('',*,*,#3621,.T.);
#5308=ORIENTED_EDGE('',*,*,#3622,.T.);
#5309=ORIENTED_EDGE('',*,*,#3619,.F.);
#5310=ORIENTED_EDGE('',*,*,#2883,.T.);
#5311=ORIENTED_EDGE('',*,*,#3613,.T.);
#5312=ORIENTED_EDGE('',*,*,#3623,.T.);
#5313=ORIENTED_EDGE('',*,*,#3621,.F.);
#5314=ORIENTED_EDGE('',*,*,#2882,.T.);
#5315=ORIENTED_EDGE('',*,*,#3618,.T.);
#5316=ORIENTED_EDGE('',*,*,#3624,.T.);
#5317=ORIENTED_EDGE('',*,*,#3601,.T.);
#5318=ORIENTED_EDGE('',*,*,#3587,.T.);
#5319=ORIENTED_EDGE('',*,*,#3625,.F.);
#5320=ORIENTED_EDGE('',*,*,#3626,.F.);
#5321=ORIENTED_EDGE('',*,*,#3627,.F.);
#5322=ORIENTED_EDGE('',*,*,#3628,.F.);
#5323=ORIENTED_EDGE('',*,*,#3629,.F.);
#5324=ORIENTED_EDGE('',*,*,#3630,.F.);
#5325=ORIENTED_EDGE('',*,*,#3631,.F.);
#5326=ORIENTED_EDGE('',*,*,#3632,.F.);
#5327=ORIENTED_EDGE('',*,*,#3633,.F.);
#5328=ORIENTED_EDGE('',*,*,#3594,.T.);
#5329=ORIENTED_EDGE('',*,*,#3584,.T.);
#5330=ORIENTED_EDGE('',*,*,#3634,.F.);
#5331=ORIENTED_EDGE('',*,*,#3635,.F.);
#5332=ORIENTED_EDGE('',*,*,#3636,.F.);
#5333=ORIENTED_EDGE('',*,*,#3633,.T.);
#5334=ORIENTED_EDGE('',*,*,#3637,.T.);
#5335=ORIENTED_EDGE('',*,*,#3634,.T.);
#5336=ORIENTED_EDGE('',*,*,#3597,.T.);
#5337=ORIENTED_EDGE('',*,*,#3595,.T.);
#5338=ORIENTED_EDGE('',*,*,#3638,.T.);
#5339=ORIENTED_EDGE('',*,*,#3639,.T.);
#5340=ORIENTED_EDGE('',*,*,#3632,.T.);
#5341=ORIENTED_EDGE('',*,*,#3640,.T.);
#5342=ORIENTED_EDGE('',*,*,#3641,.T.);
#5343=ORIENTED_EDGE('',*,*,#3642,.T.);
#5344=ORIENTED_EDGE('',*,*,#3638,.F.);
#5345=ORIENTED_EDGE('',*,*,#3643,.T.);
#5346=ORIENTED_EDGE('',*,*,#3635,.T.);
#5347=ORIENTED_EDGE('',*,*,#3644,.T.);
#5348=ORIENTED_EDGE('',*,*,#3641,.F.);
#5349=ORIENTED_EDGE('',*,*,#3645,.T.);
#5350=ORIENTED_EDGE('',*,*,#3636,.T.);
#5351=ORIENTED_EDGE('',*,*,#3646,.T.);
#5352=ORIENTED_EDGE('',*,*,#3629,.T.);
#5353=ORIENTED_EDGE('',*,*,#3585,.T.);
#5354=ORIENTED_EDGE('',*,*,#3627,.T.);
#5355=ORIENTED_EDGE('',*,*,#3647,.T.);
#5356=ORIENTED_EDGE('',*,*,#3631,.T.);
#5357=ORIENTED_EDGE('',*,*,#3593,.T.);
#5358=ORIENTED_EDGE('',*,*,#3648,.T.);
#5359=ORIENTED_EDGE('',*,*,#3649,.T.);
#5360=ORIENTED_EDGE('',*,*,#3626,.T.);
#5361=ORIENTED_EDGE('',*,*,#2880,.T.);
#5362=ORIENTED_EDGE('',*,*,#3650,.T.);
#5363=ORIENTED_EDGE('',*,*,#3651,.T.);
#5364=ORIENTED_EDGE('',*,*,#3648,.F.);
#5365=ORIENTED_EDGE('',*,*,#2887,.T.);
#5366=ORIENTED_EDGE('',*,*,#3630,.T.);
#5367=ORIENTED_EDGE('',*,*,#3652,.T.);
#5368=ORIENTED_EDGE('',*,*,#3650,.F.);
#5369=ORIENTED_EDGE('',*,*,#2886,.T.);
#5370=ORIENTED_EDGE('',*,*,#3628,.T.);
#5371=ORIENTED_EDGE('',*,*,#2885,.T.);
#5372=ORIENTED_EDGE('',*,*,#3616,.T.);
#5373=ORIENTED_EDGE('',*,*,#3586,.T.);
#5374=ORIENTED_EDGE('',*,*,#3614,.T.);
#5375=ORIENTED_EDGE('',*,*,#2881,.T.);
#5376=ORIENTED_EDGE('',*,*,#3625,.T.);
#5377=ORIENTED_EDGE('',*,*,#3592,.T.);
#5378=ORIENTED_EDGE('',*,*,#3599,.T.);
#5379=ORIENTED_EDGE('',*,*,#3653,.T.);
#5380=ORIENTED_EDGE('',*,*,#3615,.T.);
#5381=ORIENTED_EDGE('',*,*,#3591,.T.);
#5382=ORIENTED_EDGE('',*,*,#3606,.F.);
#5383=ORIENTED_EDGE('',*,*,#3624,.F.);
#5384=ORIENTED_EDGE('',*,*,#3620,.F.);
#5385=ORIENTED_EDGE('',*,*,#3654,.T.);
#5386=ORIENTED_EDGE('',*,*,#3609,.F.);
#5387=ORIENTED_EDGE('',*,*,#3654,.F.);
#5388=ORIENTED_EDGE('',*,*,#3622,.F.);
#5389=ORIENTED_EDGE('',*,*,#3655,.T.);
#5390=ORIENTED_EDGE('',*,*,#3652,.F.);
#5391=ORIENTED_EDGE('',*,*,#3646,.F.);
#5392=ORIENTED_EDGE('',*,*,#3645,.F.);
#5393=ORIENTED_EDGE('',*,*,#3656,.F.);
#5394=ORIENTED_EDGE('',*,*,#3605,.F.);
#5395=ORIENTED_EDGE('',*,*,#3608,.F.);
#5396=ORIENTED_EDGE('',*,*,#3610,.F.);
#5397=ORIENTED_EDGE('',*,*,#3612,.F.);
#5398=ORIENTED_EDGE('',*,*,#3637,.F.);
#5399=ORIENTED_EDGE('',*,*,#3639,.F.);
#5400=ORIENTED_EDGE('',*,*,#3642,.F.);
#5401=ORIENTED_EDGE('',*,*,#3644,.F.);
#5402=ORIENTED_EDGE('',*,*,#3528,.F.);
#5403=ORIENTED_EDGE('',*,*,#3565,.F.);
#5404=ORIENTED_EDGE('',*,*,#3550,.F.);
#5405=ORIENTED_EDGE('',*,*,#3533,.F.);
#5406=ORIENTED_EDGE('',*,*,#3435,.F.);
#5407=ORIENTED_EDGE('',*,*,#3478,.F.);
#5408=ORIENTED_EDGE('',*,*,#3462,.F.);
#5409=ORIENTED_EDGE('',*,*,#3457,.F.);
#5410=ORIENTED_EDGE('',*,*,#3349,.F.);
#5411=ORIENTED_EDGE('',*,*,#3392,.F.);
#5412=ORIENTED_EDGE('',*,*,#3376,.F.);
#5413=ORIENTED_EDGE('',*,*,#3371,.F.);
#5414=ORIENTED_EDGE('',*,*,#3649,.F.);
#5415=ORIENTED_EDGE('',*,*,#3657,.T.);
#5416=ORIENTED_EDGE('',*,*,#3640,.F.);
#5417=ORIENTED_EDGE('',*,*,#3647,.F.);
#5418=ORIENTED_EDGE('',*,*,#3281,.F.);
#5419=ORIENTED_EDGE('',*,*,#3293,.F.);
#5420=ORIENTED_EDGE('',*,*,#3292,.F.);
#5421=ORIENTED_EDGE('',*,*,#3285,.T.);
#5422=ORIENTED_EDGE('',*,*,#3209,.F.);
#5423=ORIENTED_EDGE('',*,*,#3221,.F.);
#5424=ORIENTED_EDGE('',*,*,#3220,.F.);
#5425=ORIENTED_EDGE('',*,*,#3213,.T.);
#5426=ORIENTED_EDGE('',*,*,#3257,.F.);
#5427=ORIENTED_EDGE('',*,*,#3269,.F.);
#5428=ORIENTED_EDGE('',*,*,#3268,.F.);
#5429=ORIENTED_EDGE('',*,*,#3261,.T.);
#5430=ORIENTED_EDGE('',*,*,#3561,.F.);
#5431=ORIENTED_EDGE('',*,*,#3563,.F.);
#5432=ORIENTED_EDGE('',*,*,#3542,.F.);
#5433=ORIENTED_EDGE('',*,*,#3537,.F.);
#5434=ORIENTED_EDGE('',*,*,#3366,.F.);
#5435=ORIENTED_EDGE('',*,*,#3394,.F.);
#5436=ORIENTED_EDGE('',*,*,#3388,.F.);
#5437=ORIENTED_EDGE('',*,*,#3380,.F.);
#5438=ORIENTED_EDGE('',*,*,#3452,.F.);
#5439=ORIENTED_EDGE('',*,*,#3480,.F.);
#5440=ORIENTED_EDGE('',*,*,#3474,.F.);
#5441=ORIENTED_EDGE('',*,*,#3466,.F.);
#5442=ORIENTED_EDGE('',*,*,#3651,.F.);
#5443=ORIENTED_EDGE('',*,*,#3656,.T.);
#5444=ORIENTED_EDGE('',*,*,#3643,.F.);
#5445=ORIENTED_EDGE('',*,*,#3657,.F.);
#5446=ORIENTED_EDGE('',*,*,#3611,.F.);
#5447=ORIENTED_EDGE('',*,*,#3655,.F.);
#5448=ORIENTED_EDGE('',*,*,#3623,.F.);
#5449=ORIENTED_EDGE('',*,*,#3653,.F.);
#5450=ORIENTED_EDGE('',*,*,#3136,.F.);
#5451=ORIENTED_EDGE('',*,*,#3181,.F.);
#5452=ORIENTED_EDGE('',*,*,#3169,.F.);
#5453=ORIENTED_EDGE('',*,*,#3171,.F.);
#5454=ORIENTED_EDGE('',*,*,#3174,.F.);
#5455=ORIENTED_EDGE('',*,*,#3177,.F.);
#5456=ORIENTED_EDGE('',*,*,#3179,.F.);
#5457=ORIENTED_EDGE('',*,*,#3109,.F.);
#5458=ORIENTED_EDGE('',*,*,#3146,.F.);
#5459=ORIENTED_EDGE('',*,*,#3145,.F.);
#5460=ORIENTED_EDGE('',*,*,#3142,.F.);
#5461=ORIENTED_EDGE('',*,*,#3139,.F.);
#5462=TOROIDAL_SURFACE('',#6041,2.5,0.5);
#5463=TOROIDAL_SURFACE('',#6048,2.5,0.5);
#5464=TOROIDAL_SURFACE('',#6054,2.5,0.5);
#5465=TOROIDAL_SURFACE('',#6058,2.5,0.5);
#5466=TOROIDAL_SURFACE('',#6097,2.5,0.5);
#5467=TOROIDAL_SURFACE('',#6103,2.5,0.5);
#5468=TOROIDAL_SURFACE('',#6109,2.5,0.5);
#5469=TOROIDAL_SURFACE('',#6115,2.5,0.5);
#5470=TOROIDAL_SURFACE('',#6168,1.5,0.5);
#5471=TOROIDAL_SURFACE('',#6174,1.5,0.5);
#5472=TOROIDAL_SURFACE('',#6185,1.5,0.5);
#5473=TOROIDAL_SURFACE('',#6191,1.5,0.5);
#5474=TOROIDAL_SURFACE('',#6202,1.5,0.5);
#5475=TOROIDAL_SURFACE('',#6208,1.5,0.5);
#5476=TOROIDAL_SURFACE('',#6219,1.5,0.5);
#5477=TOROIDAL_SURFACE('',#6225,1.5,0.5);
#5478=TOROIDAL_SURFACE('',#6253,1.5,0.5);
#5479=TOROIDAL_SURFACE('',#6264,1.5,0.5);
#5480=TOROIDAL_SURFACE('',#6269,1.5,0.5);
#5481=TOROIDAL_SURFACE('',#6278,1.5,0.5);
#5482=TOROIDAL_SURFACE('',#6283,1.5,0.5);
#5483=TOROIDAL_SURFACE('',#6293,1.5,0.5);
#5484=TOROIDAL_SURFACE('',#6299,1.5,0.5);
#5485=TOROIDAL_SURFACE('',#6310,1.5,0.5);
#5486=TOROIDAL_SURFACE('',#6332,1.2,0.2);
#5487=TOROIDAL_SURFACE('',#6338,1.2,0.2);
#5488=TOROIDAL_SURFACE('',#6344,1.2,0.2);
#5489=TOROIDAL_SURFACE('',#6350,1.2,0.2);
#5490=TOROIDAL_SURFACE('',#6356,1.2,0.2);
#5491=TOROIDAL_SURFACE('',#6358,1.2,0.2);
#5492=TOROIDAL_SURFACE('',#6360,1.2,0.2);
#5493=TOROIDAL_SURFACE('',#6362,1.2,0.2);
#5494=TOROIDAL_SURFACE('',#6384,2.6,0.6);
#5495=TOROIDAL_SURFACE('',#6390,7.4,0.6);
#5496=TOROIDAL_SURFACE('',#6396,2.6,0.6);
#5497=TOROIDAL_SURFACE('',#6399,22.72,0.6);
#5498=TOROIDAL_SURFACE('',#6402,2.6,0.6);
#5499=TOROIDAL_SURFACE('',#6407,7.4,0.6);
#5500=TOROIDAL_SURFACE('',#6413,2.6,0.6);
#5501=TOROIDAL_SURFACE('',#6422,7.4,0.6);
#5502=TOROIDAL_SURFACE('',#6428,8.6,0.6);
#5503=TOROIDAL_SURFACE('',#6434,2.6,0.6);
#5504=TOROIDAL_SURFACE('',#6437,22.72,0.6);
#5505=TOROIDAL_SURFACE('',#6440,2.6,0.6);
#5506=TOROIDAL_SURFACE('',#6445,8.6,0.6);
#5507=TOROIDAL_SURFACE('',#6451,7.4,0.6);
#5508=TOROIDAL_SURFACE('',#6472,15.5,3.);
#5509=TOROIDAL_SURFACE('',#6478,15.5,3.);
#5510=TOROIDAL_SURFACE('',#6480,0.800000000000005,0.2);
#5511=TOROIDAL_SURFACE('',#6485,20.5,0.2);
#5512=TOROIDAL_SURFACE('',#6489,0.800000000000005,0.2);
#5513=TOROIDAL_SURFACE('',#6493,18.9,0.2);
#5514=TOROIDAL_SURFACE('',#6501,1.20000000000001,0.2);
#5515=TOROIDAL_SURFACE('',#6505,20.9,0.2);
#5516=TOROIDAL_SURFACE('',#6507,1.20000000000001,0.2);
#5517=TOROIDAL_SURFACE('',#6509,18.5,0.2);
#5518=TOROIDAL_SURFACE('',#6512,18.9,0.2);
#5519=TOROIDAL_SURFACE('',#6517,0.800000000000005,0.2);
#5520=TOROIDAL_SURFACE('',#6521,20.5,0.2);
#5521=TOROIDAL_SURFACE('',#6525,0.800000000000005,0.2);
#5522=TOROIDAL_SURFACE('',#6533,1.20000000000001,0.2);
#5523=TOROIDAL_SURFACE('',#6537,20.9,0.2);
#5524=TOROIDAL_SURFACE('',#6540,1.20000000000001,0.2);
#5525=TOROIDAL_SURFACE('',#6542,18.5,0.2);
#5526=TOROIDAL_SURFACE('',#6545,0.800000000000005,0.2);
#5527=TOROIDAL_SURFACE('',#6550,18.9,0.2);
#5528=TOROIDAL_SURFACE('',#6554,0.800000000000005,0.2);
#5529=TOROIDAL_SURFACE('',#6558,20.5,0.2);
#5530=TOROIDAL_SURFACE('',#6566,1.20000000000001,0.2);
#5531=TOROIDAL_SURFACE('',#6570,18.5,0.2);
#5532=TOROIDAL_SURFACE('',#6572,1.20000000000001,0.2);
#5533=TOROIDAL_SURFACE('',#6574,20.9,0.2);
#5534=TOROIDAL_SURFACE('',#6577,0.800000000000005,0.2);
#5535=TOROIDAL_SURFACE('',#6582,18.9,0.2);
#5536=TOROIDAL_SURFACE('',#6586,0.800000000000005,0.2);
#5537=TOROIDAL_SURFACE('',#6590,20.5,0.2);
#5538=TOROIDAL_SURFACE('',#6598,1.20000000000001,0.2);
#5539=TOROIDAL_SURFACE('',#6602,18.5,0.2);
#5540=TOROIDAL_SURFACE('',#6604,1.20000000000001,0.2);
#5541=TOROIDAL_SURFACE('',#6606,20.9,0.2);
#5542=TOROIDAL_SURFACE('',#6609,1.6,0.2);
#5543=TOROIDAL_SURFACE('',#6615,1.6,0.2);
#5544=TOROIDAL_SURFACE('',#6621,1.6,0.2);
#5545=TOROIDAL_SURFACE('',#6627,1.2,0.2);
#5546=TOROIDAL_SURFACE('',#6634,1.6,0.2);
#5547=TOROIDAL_SURFACE('',#6636,1.6,0.2);
#5548=TOROIDAL_SURFACE('',#6641,2.5,0.2);
#5549=TOROIDAL_SURFACE('',#6655,2.9,0.2);
#5550=TOROIDAL_SURFACE('',#6657,20.7,0.2);
#5551=TOROIDAL_SURFACE('',#6661,0.999999999999999,0.2);
#5552=TOROIDAL_SURFACE('',#6665,18.7,0.2);
#5553=TOROIDAL_SURFACE('',#6676,18.7,0.2);
#5554=TOROIDAL_SURFACE('',#6680,0.999999999999999,0.2);
#5555=TOROIDAL_SURFACE('',#6684,20.7,0.2);
#5556=TOROIDAL_SURFACE('',#6687,2.9,0.2);
#5557=TOROIDAL_SURFACE('',#6694,21.1,0.2);
#5558=TOROIDAL_SURFACE('',#6697,1.4,0.2);
#5559=TOROIDAL_SURFACE('',#6700,18.3,0.2);
#5560=TOROIDAL_SURFACE('',#6706,2.9,0.2);
#5561=TOROIDAL_SURFACE('',#6712,18.3,0.2);
#5562=TOROIDAL_SURFACE('',#6715,1.4,0.2);
#5563=TOROIDAL_SURFACE('',#6718,21.1,0.2);
#5564=TOROIDAL_SURFACE('',#6721,2.9,0.2);
#5565=TOROIDAL_SURFACE('',#6729,1.6,0.2);
#5566=TOROIDAL_SURFACE('',#6734,1.2,0.2);
#5567=TOROIDAL_SURFACE('',#6738,2.5,0.2);
#5568=TOROIDAL_SURFACE('',#6751,1.6,0.2);
#5569=TOROIDAL_SURFACE('',#6757,2.9,0.2);
#5570=TOROIDAL_SURFACE('',#6759,20.7,0.2);
#5571=TOROIDAL_SURFACE('',#6763,0.999999999999999,0.2);
#5572=TOROIDAL_SURFACE('',#6767,18.7,0.2);
#5573=TOROIDAL_SURFACE('',#6778,18.7,0.2);
#5574=TOROIDAL_SURFACE('',#6782,0.999999999999999,0.2);
#5575=TOROIDAL_SURFACE('',#6786,20.7,0.2);
#5576=TOROIDAL_SURFACE('',#6789,2.9,0.2);
#5577=TOROIDAL_SURFACE('',#6796,21.1,0.2);
#5578=TOROIDAL_SURFACE('',#6799,1.4,0.2);
#5579=TOROIDAL_SURFACE('',#6802,18.3,0.2);
#5580=TOROIDAL_SURFACE('',#6808,2.9,0.2);
#5581=TOROIDAL_SURFACE('',#6814,18.3,0.2);
#5582=TOROIDAL_SURFACE('',#6817,1.4,0.2);
#5583=TOROIDAL_SURFACE('',#6820,21.1,0.2);
#5584=TOROIDAL_SURFACE('',#6823,2.9,0.2);
#5585=TOROIDAL_SURFACE('',#6831,1.6,0.2);
#5586=TOROIDAL_SURFACE('',#6836,1.2,0.2);
#5587=TOROIDAL_SURFACE('',#6840,2.5,0.2);
#5588=TOROIDAL_SURFACE('',#6865,20.7,0.2);
#5589=TOROIDAL_SURFACE('',#6869,0.999999999999999,0.2);
#5590=TOROIDAL_SURFACE('',#6873,18.7,0.2);
#5591=TOROIDAL_SURFACE('',#6876,2.9,0.2);
#5592=TOROIDAL_SURFACE('',#6888,18.3,0.2);
#5593=TOROIDAL_SURFACE('',#6891,1.4,0.2);
#5594=TOROIDAL_SURFACE('',#6894,21.1,0.2);
#5595=TOROIDAL_SURFACE('',#6900,21.1,0.2);
#5596=TOROIDAL_SURFACE('',#6903,1.4,0.2);
#5597=TOROIDAL_SURFACE('',#6906,18.3,0.2);
#5598=TOROIDAL_SURFACE('',#6909,2.9,0.2);
#5599=TOROIDAL_SURFACE('',#6910,2.9,0.2);
#5600=TOROIDAL_SURFACE('',#6912,2.9,0.2);
#5601=TOROIDAL_SURFACE('',#6914,18.7,0.2);
#5602=TOROIDAL_SURFACE('',#6918,0.999999999999999,0.2);
#5603=TOROIDAL_SURFACE('',#6922,20.7,0.2);
#5604=TOROIDAL_SURFACE('',#6931,1.6,0.2);
#5605=TOROIDAL_SURFACE('',#6933,1.6,0.2);
#5606=TOROIDAL_SURFACE('',#6938,1.2,0.2);
#5607=TOROIDAL_SURFACE('',#6942,1.6,0.2);
#5608=TOROIDAL_SURFACE('',#6948,1.6,0.2);
#5609=TOROIDAL_SURFACE('',#6953,2.5,0.2);
#5610=TOROIDAL_SURFACE('',#6967,18.7,0.2);
#5611=TOROIDAL_SURFACE('',#6971,0.999999999999999,0.2);
#5612=TOROIDAL_SURFACE('',#6975,20.7,0.2);
#5613=TOROIDAL_SURFACE('',#6978,2.9,0.2);
#5614=TOROIDAL_SURFACE('',#6988,18.3,0.2);
#5615=TOROIDAL_SURFACE('',#6991,1.4,0.2);
#5616=TOROIDAL_SURFACE('',#6994,21.1,0.2);
#5617=TOROIDAL_SURFACE('',#7009,2.9,0.2);
#5618=TOROIDAL_SURFACE('',#7011,20.7,0.2);
#5619=TOROIDAL_SURFACE('',#7015,0.999999999999999,0.2);
#5620=TOROIDAL_SURFACE('',#7019,18.7,0.2);
#5621=TOROIDAL_SURFACE('',#7024,21.1,0.2);
#5622=TOROIDAL_SURFACE('',#7027,1.4,0.2);
#5623=TOROIDAL_SURFACE('',#7030,18.3,0.2);
#5624=TOROIDAL_SURFACE('',#7032,2.9,0.2);
#5625=TOROIDAL_SURFACE('',#7033,2.9,0.2);
#5626=ADVANCED_FACE('',(#770),#5462,.T.);
#5627=ADVANCED_FACE('',(#771),#626,.T.);
#5628=ADVANCED_FACE('',(#772),#5463,.T.);
#5629=ADVANCED_FACE('',(#773),#627,.T.);
#5630=ADVANCED_FACE('',(#774),#5464,.T.);
#5631=ADVANCED_FACE('',(#775),#5465,.T.);
#5632=ADVANCED_FACE('',(#776),#628,.T.);
#5633=ADVANCED_FACE('',(#777),#160,.F.);
#5634=ADVANCED_FACE('',(#778),#161,.F.);
#5635=ADVANCED_FACE('',(#779),#629,.T.);
#5636=ADVANCED_FACE('',(#780),#630,.F.);
#5637=ADVANCED_FACE('',(#781),#75,.T.);
#5638=ADVANCED_FACE('',(#782),#631,.F.);
#5639=ADVANCED_FACE('',(#783,#43,#44,#45,#46,#47,#48,#49,#50,#51),#76,.T.);
#5640=ADVANCED_FACE('',(#784),#5466,.T.);
#5641=ADVANCED_FACE('',(#785),#632,.T.);
#5642=ADVANCED_FACE('',(#786),#5467,.T.);
#5643=ADVANCED_FACE('',(#787),#633,.T.);
#5644=ADVANCED_FACE('',(#788),#5468,.T.);
#5645=ADVANCED_FACE('',(#789),#634,.T.);
#5646=ADVANCED_FACE('',(#790),#5469,.T.);
#5647=ADVANCED_FACE('',(#791),#162,.F.);
#5648=ADVANCED_FACE('',(#792),#163,.F.);
#5649=ADVANCED_FACE('',(#793),#635,.T.);
#5650=ADVANCED_FACE('',(#794,#52,#53,#54,#55,#56,#57,#58,#59,#60),#77,.F.);
#5651=ADVANCED_FACE('',(#795),#35,.F.);
#5652=ADVANCED_FACE('',(#796),#636,.T.);
#5653=ADVANCED_FACE('',(#797),#5470,.T.);
#5654=ADVANCED_FACE('',(#798),#637,.T.);
#5655=ADVANCED_FACE('',(#799),#5471,.T.);
#5656=ADVANCED_FACE('',(#800),#638,.T.);
#5657=ADVANCED_FACE('',(#801),#36,.F.);
#5658=ADVANCED_FACE('',(#802),#639,.T.);
#5659=ADVANCED_FACE('',(#803),#5472,.T.);
#5660=ADVANCED_FACE('',(#804),#640,.T.);
#5661=ADVANCED_FACE('',(#805),#5473,.T.);
#5662=ADVANCED_FACE('',(#806),#641,.T.);
#5663=ADVANCED_FACE('',(#807),#37,.F.);
#5664=ADVANCED_FACE('',(#808),#642,.T.);
#5665=ADVANCED_FACE('',(#809),#5474,.T.);
#5666=ADVANCED_FACE('',(#810),#643,.T.);
#5667=ADVANCED_FACE('',(#811),#5475,.T.);
#5668=ADVANCED_FACE('',(#812),#644,.T.);
#5669=ADVANCED_FACE('',(#813),#38,.F.);
#5670=ADVANCED_FACE('',(#814),#645,.T.);
#5671=ADVANCED_FACE('',(#815),#5476,.T.);
#5672=ADVANCED_FACE('',(#816),#646,.T.);
#5673=ADVANCED_FACE('',(#817),#5477,.T.);
#5674=ADVANCED_FACE('',(#818),#647,.T.);
#5675=ADVANCED_FACE('',(#819),#78,.F.);
#5676=ADVANCED_FACE('',(#820),#648,.F.);
#5677=ADVANCED_FACE('',(#821),#79,.F.);
#5678=ADVANCED_FACE('',(#822),#649,.F.);
#5679=ADVANCED_FACE('',(#823),#80,.F.);
#5680=ADVANCED_FACE('',(#824),#650,.T.);
#5681=ADVANCED_FACE('',(#825),#81,.F.);
#5682=ADVANCED_FACE('',(#826),#651,.F.);
#5683=ADVANCED_FACE('',(#827),#82,.F.);
#5684=ADVANCED_FACE('',(#828),#652,.F.);
#5685=ADVANCED_FACE('',(#829),#83,.F.);
#5686=ADVANCED_FACE('',(#830),#653,.T.);
#5687=ADVANCED_FACE('',(#831,#61,#62,#63,#64,#65),#84,.T.);
#5688=ADVANCED_FACE('',(#832),#5478,.T.);
#5689=ADVANCED_FACE('',(#833),#654,.T.);
#5690=ADVANCED_FACE('',(#834),#39,.F.);
#5691=ADVANCED_FACE('',(#835),#655,.T.);
#5692=ADVANCED_FACE('',(#836),#5479,.T.);
#5693=ADVANCED_FACE('',(#837),#656,.T.);
#5694=ADVANCED_FACE('',(#838),#5480,.T.);
#5695=ADVANCED_FACE('',(#839),#657,.T.);
#5696=ADVANCED_FACE('',(#840),#40,.F.);
#5697=ADVANCED_FACE('',(#841),#658,.T.);
#5698=ADVANCED_FACE('',(#842),#5481,.T.);
#5699=ADVANCED_FACE('',(#843),#659,.T.);
#5700=ADVANCED_FACE('',(#844),#5482,.T.);
#5701=ADVANCED_FACE('',(#845),#660,.T.);
#5702=ADVANCED_FACE('',(#846),#41,.F.);
#5703=ADVANCED_FACE('',(#847),#661,.T.);
#5704=ADVANCED_FACE('',(#848),#5483,.T.);
#5705=ADVANCED_FACE('',(#849),#662,.T.);
#5706=ADVANCED_FACE('',(#850),#5484,.T.);
#5707=ADVANCED_FACE('',(#851),#663,.T.);
#5708=ADVANCED_FACE('',(#852),#42,.F.);
#5709=ADVANCED_FACE('',(#853),#664,.T.);
#5710=ADVANCED_FACE('',(#854),#5485,.T.);
#5711=ADVANCED_FACE('',(#855),#665,.T.);
#5712=ADVANCED_FACE('',(#856),#666,.T.);
#5713=ADVANCED_FACE('',(#857),#85,.F.);
#5714=ADVANCED_FACE('',(#858),#667,.F.);
#5715=ADVANCED_FACE('',(#859),#86,.F.);
#5716=ADVANCED_FACE('',(#860),#668,.F.);
#5717=ADVANCED_FACE('',(#861),#87,.F.);
#5718=ADVANCED_FACE('',(#862),#669,.T.);
#5719=ADVANCED_FACE('',(#863),#88,.F.);
#5720=ADVANCED_FACE('',(#864),#670,.F.);
#5721=ADVANCED_FACE('',(#865),#89,.F.);
#5722=ADVANCED_FACE('',(#866),#671,.F.);
#5723=ADVANCED_FACE('',(#867,#66,#67,#68,#69,#70),#90,.T.);
#5724=ADVANCED_FACE('',(#868),#91,.F.);
#5725=ADVANCED_FACE('',(#869),#5486,.T.);
#5726=ADVANCED_FACE('',(#870),#672,.F.);
#5727=ADVANCED_FACE('',(#871),#5487,.T.);
#5728=ADVANCED_FACE('',(#872),#673,.F.);
#5729=ADVANCED_FACE('',(#873),#5488,.T.);
#5730=ADVANCED_FACE('',(#874),#674,.F.);
#5731=ADVANCED_FACE('',(#875),#5489,.T.);
#5732=ADVANCED_FACE('',(#876),#675,.F.);
#5733=ADVANCED_FACE('',(#877),#5490,.T.);
#5734=ADVANCED_FACE('',(#878),#5491,.T.);
#5735=ADVANCED_FACE('',(#879),#5492,.T.);
#5736=ADVANCED_FACE('',(#880),#5493,.T.);
#5737=ADVANCED_FACE('',(#881),#15,.T.);
#5738=ADVANCED_FACE('',(#882),#16,.T.);
#5739=ADVANCED_FACE('',(#883),#17,.T.);
#5740=ADVANCED_FACE('',(#884),#676,.T.);
#5741=ADVANCED_FACE('',(#885),#18,.T.);
#5742=ADVANCED_FACE('',(#886),#677,.T.);
#5743=ADVANCED_FACE('',(#887),#678,.T.);
#5744=ADVANCED_FACE('',(#888),#5494,.T.);
#5745=ADVANCED_FACE('',(#889),#679,.T.);
#5746=ADVANCED_FACE('',(#890),#5495,.T.);
#5747=ADVANCED_FACE('',(#891),#680,.T.);
#5748=ADVANCED_FACE('',(#892),#5496,.T.);
#5749=ADVANCED_FACE('',(#893),#5497,.T.);
#5750=ADVANCED_FACE('',(#894),#5498,.T.);
#5751=ADVANCED_FACE('',(#895),#681,.T.);
#5752=ADVANCED_FACE('',(#896),#5499,.T.);
#5753=ADVANCED_FACE('',(#897),#682,.T.);
#5754=ADVANCED_FACE('',(#898),#5500,.T.);
#5755=ADVANCED_FACE('',(#899),#683,.T.);
#5756=ADVANCED_FACE('',(#900),#684,.T.);
#5757=ADVANCED_FACE('',(#901),#685,.T.);
#5758=ADVANCED_FACE('',(#902),#686,.T.);
#5759=ADVANCED_FACE('',(#903),#5501,.T.);
#5760=ADVANCED_FACE('',(#904),#687,.T.);
#5761=ADVANCED_FACE('',(#905),#5502,.T.);
#5762=ADVANCED_FACE('',(#906),#688,.T.);
#5763=ADVANCED_FACE('',(#907),#5503,.T.);
#5764=ADVANCED_FACE('',(#908),#5504,.T.);
#5765=ADVANCED_FACE('',(#909),#5505,.T.);
#5766=ADVANCED_FACE('',(#910),#689,.T.);
#5767=ADVANCED_FACE('',(#911),#5506,.T.);
#5768=ADVANCED_FACE('',(#912),#690,.T.);
#5769=ADVANCED_FACE('',(#913),#5507,.T.);
#5770=ADVANCED_FACE('',(#914),#691,.T.);
#5771=ADVANCED_FACE('',(#915),#692,.F.);
#5772=ADVANCED_FACE('',(#916),#693,.T.);
#5773=ADVANCED_FACE('',(#917),#694,.F.);
#5774=ADVANCED_FACE('',(#918),#92,.T.);
#5775=ADVANCED_FACE('',(#919),#695,.T.);
#5776=ADVANCED_FACE('',(#920),#93,.T.);
#5777=ADVANCED_FACE('',(#921),#696,.F.);
#5778=ADVANCED_FACE('',(#922),#697,.F.);
#5779=ADVANCED_FACE('',(#923),#94,.T.);
#5780=ADVANCED_FACE('',(#924),#698,.T.);
#5781=ADVANCED_FACE('',(#925),#95,.T.);
#5782=ADVANCED_FACE('',(#926),#699,.F.);
#5783=ADVANCED_FACE('',(#927),#96,.T.);
#5784=ADVANCED_FACE('',(#928),#700,.F.);
#5785=ADVANCED_FACE('',(#929),#97,.T.);
#5786=ADVANCED_FACE('',(#930),#98,.T.);
#5787=ADVANCED_FACE('',(#931),#5508,.T.);
#5788=ADVANCED_FACE('',(#932),#701,.F.);
#5789=ADVANCED_FACE('',(#933),#5509,.T.);
#5790=ADVANCED_FACE('',(#934),#5510,.T.);
#5791=ADVANCED_FACE('',(#935),#5511,.T.);
#5792=ADVANCED_FACE('',(#936),#5512,.T.);
#5793=ADVANCED_FACE('',(#937),#5513,.T.);
#5794=ADVANCED_FACE('',(#938),#702,.T.);
#5795=ADVANCED_FACE('',(#939),#703,.T.);
#5796=ADVANCED_FACE('',(#940),#99,.T.);
#5797=ADVANCED_FACE('',(#941),#5514,.F.);
#5798=ADVANCED_FACE('',(#942),#5515,.F.);
#5799=ADVANCED_FACE('',(#943),#5516,.F.);
#5800=ADVANCED_FACE('',(#944),#5517,.F.);
#5801=ADVANCED_FACE('',(#945),#704,.T.);
#5802=ADVANCED_FACE('',(#946),#5518,.T.);
#5803=ADVANCED_FACE('',(#947),#5519,.T.);
#5804=ADVANCED_FACE('',(#948),#5520,.T.);
#5805=ADVANCED_FACE('',(#949),#5521,.T.);
#5806=ADVANCED_FACE('',(#950),#705,.T.);
#5807=ADVANCED_FACE('',(#951),#706,.F.);
#5808=ADVANCED_FACE('',(#952),#100,.T.);
#5809=ADVANCED_FACE('',(#953),#5522,.F.);
#5810=ADVANCED_FACE('',(#954),#5523,.F.);
#5811=ADVANCED_FACE('',(#955),#5524,.F.);
#5812=ADVANCED_FACE('',(#956),#5525,.F.);
#5813=ADVANCED_FACE('',(#957),#707,.T.);
#5814=ADVANCED_FACE('',(#958),#708,.T.);
#5815=ADVANCED_FACE('',(#959),#5526,.T.);
#5816=ADVANCED_FACE('',(#960),#5527,.T.);
#5817=ADVANCED_FACE('',(#961),#5528,.T.);
#5818=ADVANCED_FACE('',(#962),#5529,.T.);
#5819=ADVANCED_FACE('',(#963),#709,.F.);
#5820=ADVANCED_FACE('',(#964),#710,.T.);
#5821=ADVANCED_FACE('',(#965),#101,.T.);
#5822=ADVANCED_FACE('',(#966),#5530,.F.);
#5823=ADVANCED_FACE('',(#967),#5531,.F.);
#5824=ADVANCED_FACE('',(#968),#5532,.F.);
#5825=ADVANCED_FACE('',(#969),#5533,.F.);
#5826=ADVANCED_FACE('',(#970),#711,.T.);
#5827=ADVANCED_FACE('',(#971),#5534,.T.);
#5828=ADVANCED_FACE('',(#972),#5535,.T.);
#5829=ADVANCED_FACE('',(#973),#5536,.T.);
#5830=ADVANCED_FACE('',(#974),#5537,.T.);
#5831=ADVANCED_FACE('',(#975),#712,.F.);
#5832=ADVANCED_FACE('',(#976),#713,.T.);
#5833=ADVANCED_FACE('',(#977),#102,.T.);
#5834=ADVANCED_FACE('',(#978),#5538,.F.);
#5835=ADVANCED_FACE('',(#979),#5539,.F.);
#5836=ADVANCED_FACE('',(#980),#5540,.F.);
#5837=ADVANCED_FACE('',(#981),#5541,.F.);
#5838=ADVANCED_FACE('',(#982),#714,.T.);
#5839=ADVANCED_FACE('',(#983),#5542,.T.);
#5840=ADVANCED_FACE('',(#984),#715,.F.);
#5841=ADVANCED_FACE('',(#985),#5543,.T.);
#5842=ADVANCED_FACE('',(#986),#716,.F.);
#5843=ADVANCED_FACE('',(#987),#5544,.T.);
#5844=ADVANCED_FACE('',(#988),#717,.F.);
#5845=ADVANCED_FACE('',(#989),#5545,.F.);
#5846=ADVANCED_FACE('',(#990),#718,.F.);
#5847=ADVANCED_FACE('',(#991),#103,.F.);
#5848=ADVANCED_FACE('',(#992),#5546,.T.);
#5849=ADVANCED_FACE('',(#993),#5547,.T.);
#5850=ADVANCED_FACE('',(#994,#71),#104,.T.);
#5851=ADVANCED_FACE('',(#995),#5548,.F.);
#5852=ADVANCED_FACE('',(#996),#719,.F.);
#5853=ADVANCED_FACE('',(#997),#164,.F.);
#5854=ADVANCED_FACE('',(#998),#165,.F.);
#5855=ADVANCED_FACE('',(#999),#5549,.T.);
#5856=ADVANCED_FACE('',(#1000),#5550,.F.);
#5857=ADVANCED_FACE('',(#1001),#5551,.F.);
#5858=ADVANCED_FACE('',(#1002),#5552,.F.);
#5859=ADVANCED_FACE('',(#1003),#166,.F.);
#5860=ADVANCED_FACE('',(#1004),#19,.T.);
#5861=ADVANCED_FACE('',(#1005),#167,.F.);
#5862=ADVANCED_FACE('',(#1006),#5553,.F.);
#5863=ADVANCED_FACE('',(#1007),#5554,.F.);
#5864=ADVANCED_FACE('',(#1008),#5555,.F.);
#5865=ADVANCED_FACE('',(#1009),#5556,.T.);
#5866=ADVANCED_FACE('',(#1010),#20,.T.);
#5867=ADVANCED_FACE('',(#1011),#720,.T.);
#5868=ADVANCED_FACE('',(#1012),#5557,.T.);
#5869=ADVANCED_FACE('',(#1013),#5558,.T.);
#5870=ADVANCED_FACE('',(#1014),#5559,.T.);
#5871=ADVANCED_FACE('',(#1015),#21,.T.);
#5872=ADVANCED_FACE('',(#1016),#5560,.T.);
#5873=ADVANCED_FACE('',(#1017),#721,.T.);
#5874=ADVANCED_FACE('',(#1018),#22,.T.);
#5875=ADVANCED_FACE('',(#1019),#5561,.T.);
#5876=ADVANCED_FACE('',(#1020),#5562,.T.);
#5877=ADVANCED_FACE('',(#1021),#5563,.T.);
#5878=ADVANCED_FACE('',(#1022),#722,.T.);
#5879=ADVANCED_FACE('',(#1023),#5564,.T.);
#5880=ADVANCED_FACE('',(#1024),#723,.T.);
#5881=ADVANCED_FACE('',(#1025),#724,.F.);
#5882=ADVANCED_FACE('',(#1026),#725,.F.);
#5883=ADVANCED_FACE('',(#1027),#726,.T.);
#5884=ADVANCED_FACE('',(#1028),#727,.F.);
#5885=ADVANCED_FACE('',(#1029),#105,.F.);
#5886=ADVANCED_FACE('',(#1030),#106,.F.);
#5887=ADVANCED_FACE('',(#1031),#5565,.T.);
#5888=ADVANCED_FACE('',(#1032),#728,.F.);
#5889=ADVANCED_FACE('',(#1033),#5566,.F.);
#5890=ADVANCED_FACE('',(#1034),#107,.F.);
#5891=ADVANCED_FACE('',(#1035),#5567,.F.);
#5892=ADVANCED_FACE('',(#1036,#72),#108,.T.);
#5893=ADVANCED_FACE('',(#1037),#729,.F.);
#5894=ADVANCED_FACE('',(#1038),#5568,.T.);
#5895=ADVANCED_FACE('',(#1039),#168,.F.);
#5896=ADVANCED_FACE('',(#1040),#169,.F.);
#5897=ADVANCED_FACE('',(#1041),#5569,.T.);
#5898=ADVANCED_FACE('',(#1042),#5570,.F.);
#5899=ADVANCED_FACE('',(#1043),#5571,.F.);
#5900=ADVANCED_FACE('',(#1044),#5572,.F.);
#5901=ADVANCED_FACE('',(#1045),#23,.T.);
#5902=ADVANCED_FACE('',(#1046),#170,.F.);
#5903=ADVANCED_FACE('',(#1047),#171,.F.);
#5904=ADVANCED_FACE('',(#1048),#5573,.F.);
#5905=ADVANCED_FACE('',(#1049),#5574,.F.);
#5906=ADVANCED_FACE('',(#1050),#5575,.F.);
#5907=ADVANCED_FACE('',(#1051),#5576,.T.);
#5908=ADVANCED_FACE('',(#1052),#24,.T.);
#5909=ADVANCED_FACE('',(#1053),#730,.T.);
#5910=ADVANCED_FACE('',(#1054),#5577,.T.);
#5911=ADVANCED_FACE('',(#1055),#5578,.T.);
#5912=ADVANCED_FACE('',(#1056),#5579,.T.);
#5913=ADVANCED_FACE('',(#1057),#25,.T.);
#5914=ADVANCED_FACE('',(#1058),#5580,.T.);
#5915=ADVANCED_FACE('',(#1059),#731,.T.);
#5916=ADVANCED_FACE('',(#1060),#26,.T.);
#5917=ADVANCED_FACE('',(#1061),#5581,.T.);
#5918=ADVANCED_FACE('',(#1062),#5582,.T.);
#5919=ADVANCED_FACE('',(#1063),#5583,.T.);
#5920=ADVANCED_FACE('',(#1064),#732,.T.);
#5921=ADVANCED_FACE('',(#1065),#5584,.T.);
#5922=ADVANCED_FACE('',(#1066),#733,.T.);
#5923=ADVANCED_FACE('',(#1067),#734,.F.);
#5924=ADVANCED_FACE('',(#1068),#735,.F.);
#5925=ADVANCED_FACE('',(#1069),#736,.T.);
#5926=ADVANCED_FACE('',(#1070),#737,.F.);
#5927=ADVANCED_FACE('',(#1071),#109,.F.);
#5928=ADVANCED_FACE('',(#1072),#110,.F.);
#5929=ADVANCED_FACE('',(#1073),#5585,.T.);
#5930=ADVANCED_FACE('',(#1074),#738,.F.);
#5931=ADVANCED_FACE('',(#1075),#5586,.F.);
#5932=ADVANCED_FACE('',(#1076),#111,.F.);
#5933=ADVANCED_FACE('',(#1077),#5587,.F.);
#5934=ADVANCED_FACE('',(#1078),#739,.F.);
#5935=ADVANCED_FACE('',(#1079,#73),#112,.T.);
#5936=ADVANCED_FACE('',(#1080),#172,.F.);
#5937=ADVANCED_FACE('',(#1081),#173,.F.);
#5938=ADVANCED_FACE('',(#1082),#174,.F.);
#5939=ADVANCED_FACE('',(#1083),#27,.T.);
#5940=ADVANCED_FACE('',(#1084),#175,.F.);
#5941=ADVANCED_FACE('',(#1085),#5588,.F.);
#5942=ADVANCED_FACE('',(#1086),#5589,.F.);
#5943=ADVANCED_FACE('',(#1087),#5590,.F.);
#5944=ADVANCED_FACE('',(#1088),#5591,.T.);
#5945=ADVANCED_FACE('',(#1089),#28,.T.);
#5946=ADVANCED_FACE('',(#1090),#740,.T.);
#5947=ADVANCED_FACE('',(#1091),#29,.T.);
#5948=ADVANCED_FACE('',(#1092),#741,.T.);
#5949=ADVANCED_FACE('',(#1093),#5592,.T.);
#5950=ADVANCED_FACE('',(#1094),#5593,.T.);
#5951=ADVANCED_FACE('',(#1095),#5594,.T.);
#5952=ADVANCED_FACE('',(#1096),#30,.T.);
#5953=ADVANCED_FACE('',(#1097),#5595,.T.);
#5954=ADVANCED_FACE('',(#1098),#5596,.T.);
#5955=ADVANCED_FACE('',(#1099),#5597,.T.);
#5956=ADVANCED_FACE('',(#1100),#742,.T.);
#5957=ADVANCED_FACE('',(#1101),#5598,.T.);
#5958=ADVANCED_FACE('',(#1102),#5599,.T.);
#5959=ADVANCED_FACE('',(#1103),#743,.T.);
#5960=ADVANCED_FACE('',(#1104),#5600,.T.);
#5961=ADVANCED_FACE('',(#1105),#5601,.F.);
#5962=ADVANCED_FACE('',(#1106),#5602,.F.);
#5963=ADVANCED_FACE('',(#1107),#5603,.F.);
#5964=ADVANCED_FACE('',(#1108),#744,.T.);
#5965=ADVANCED_FACE('',(#1109),#745,.F.);
#5966=ADVANCED_FACE('',(#1110),#746,.F.);
#5967=ADVANCED_FACE('',(#1111),#747,.F.);
#5968=ADVANCED_FACE('',(#1112),#113,.F.);
#5969=ADVANCED_FACE('',(#1113),#114,.F.);
#5970=ADVANCED_FACE('',(#1114),#5604,.T.);
#5971=ADVANCED_FACE('',(#1115),#5605,.T.);
#5972=ADVANCED_FACE('',(#1116),#748,.F.);
#5973=ADVANCED_FACE('',(#1117),#5606,.F.);
#5974=ADVANCED_FACE('',(#1118),#115,.F.);
#5975=ADVANCED_FACE('',(#1119),#5607,.T.);
#5976=ADVANCED_FACE('',(#1120),#749,.F.);
#5977=ADVANCED_FACE('',(#1121),#5608,.T.);
#5978=ADVANCED_FACE('',(#1122,#74),#116,.T.);
#5979=ADVANCED_FACE('',(#1123),#5609,.F.);
#5980=ADVANCED_FACE('',(#1124),#750,.F.);
#5981=ADVANCED_FACE('',(#1125),#176,.F.);
#5982=ADVANCED_FACE('',(#1126),#177,.F.);
#5983=ADVANCED_FACE('',(#1127),#5610,.F.);
#5984=ADVANCED_FACE('',(#1128),#5611,.F.);
#5985=ADVANCED_FACE('',(#1129),#5612,.F.);
#5986=ADVANCED_FACE('',(#1130),#5613,.T.);
#5987=ADVANCED_FACE('',(#1131),#31,.T.);
#5988=ADVANCED_FACE('',(#1132),#32,.T.);
#5989=ADVANCED_FACE('',(#1133),#5614,.T.);
#5990=ADVANCED_FACE('',(#1134),#5615,.T.);
#5991=ADVANCED_FACE('',(#1135),#5616,.T.);
#5992=ADVANCED_FACE('',(#1136),#751,.T.);
#5993=ADVANCED_FACE('',(#1137),#33,.T.);
#5994=ADVANCED_FACE('',(#1138),#34,.T.);
#5995=ADVANCED_FACE('',(#1139),#178,.F.);
#5996=ADVANCED_FACE('',(#1140),#179,.F.);
#5997=ADVANCED_FACE('',(#1141),#5617,.T.);
#5998=ADVANCED_FACE('',(#1142),#5618,.F.);
#5999=ADVANCED_FACE('',(#1143),#5619,.F.);
#6000=ADVANCED_FACE('',(#1144),#5620,.F.);
#6001=ADVANCED_FACE('',(#1145),#752,.T.);
#6002=ADVANCED_FACE('',(#1146),#753,.T.);
#6003=ADVANCED_FACE('',(#1147),#5621,.T.);
#6004=ADVANCED_FACE('',(#1148),#5622,.T.);
#6005=ADVANCED_FACE('',(#1149),#5623,.T.);
#6006=ADVANCED_FACE('',(#1150),#5624,.T.);
#6007=ADVANCED_FACE('',(#1151),#5625,.T.);
#6008=ADVANCED_FACE('',(#1152),#754,.T.);
#6009=ADVANCED_FACE('',(#1153),#755,.T.);
#6010=ADVANCED_FACE('',(#1154),#756,.F.);
#6011=ADVANCED_FACE('',(#1155),#757,.T.);
#6012=ADVANCED_FACE('',(#1156),#117,.F.);
#6013=ADVANCED_FACE('',(#1157),#118,.F.);
#6014=ADVANCED_FACE('',(#1158),#758,.T.);
#6015=ADVANCED_FACE('',(#1159),#759,.T.);
#6016=ADVANCED_FACE('',(#1160),#760,.T.);
#6017=ADVANCED_FACE('',(#1161),#761,.F.);
#6018=ADVANCED_FACE('',(#1162),#762,.T.);
#6019=ADVANCED_FACE('',(#1163),#763,.F.);
#6020=ADVANCED_FACE('',(#1164),#764,.T.);
#6021=ADVANCED_FACE('',(#1165),#765,.F.);
#6022=ADVANCED_FACE('',(#1166),#766,.F.);
#6023=ADVANCED_FACE('',(#1167),#767,.F.);
#6024=ADVANCED_FACE('',(#1168),#768,.F.);
#6025=ADVANCED_FACE('',(#1169),#769,.F.);
#6026=ADVANCED_FACE('',(#1170),#119,.T.);
#6027=CLOSED_SHELL('',(#5626,#5627,#5628,#5629,#5630,#5631,#5632,#5633,
#5634,#5635,#5636,#5637,#5638,#5639,#5640,#5641,#5642,#5643,#5644,#5645,
#5646,#5647,#5648,#5649,#5650,#5651,#5652,#5653,#5654,#5655,#5656,#5657,
#5658,#5659,#5660,#5661,#5662,#5663,#5664,#5665,#5666,#5667,#5668,#5669,
#5670,#5671,#5672,#5673,#5674,#5675,#5676,#5677,#5678,#5679,#5680,#5681,
#5682,#5683,#5684,#5685,#5686,#5687,#5688,#5689,#5690,#5691,#5692,#5693,
#5694,#5695,#5696,#5697,#5698,#5699,#5700,#5701,#5702,#5703,#5704,#5705,
#5706,#5707,#5708,#5709,#5710,#5711,#5712,#5713,#5714,#5715,#5716,#5717,
#5718,#5719,#5720,#5721,#5722,#5723,#5724,#5725,#5726,#5727,#5728,#5729,
#5730,#5731,#5732,#5733,#5734,#5735,#5736,#5737,#5738,#5739,#5740,#5741,
#5742,#5743,#5744,#5745,#5746,#5747,#5748,#5749,#5750,#5751,#5752,#5753,
#5754,#5755,#5756,#5757,#5758,#5759,#5760,#5761,#5762,#5763,#5764,#5765,
#5766,#5767,#5768,#5769,#5770,#5771,#5772,#5773,#5774,#5775,#5776,#5777,
#5778,#5779,#5780,#5781,#5782,#5783,#5784,#5785,#5786,#5787,#5788,#5789,
#5790,#5791,#5792,#5793,#5794,#5795,#5796,#5797,#5798,#5799,#5800,#5801,
#5802,#5803,#5804,#5805,#5806,#5807,#5808,#5809,#5810,#5811,#5812,#5813,
#5814,#5815,#5816,#5817,#5818,#5819,#5820,#5821,#5822,#5823,#5824,#5825,
#5826,#5827,#5828,#5829,#5830,#5831,#5832,#5833,#5834,#5835,#5836,#5837,
#5838,#5839,#5840,#5841,#5842,#5843,#5844,#5845,#5846,#5847,#5848,#5849,
#5850,#5851,#5852,#5853,#5854,#5855,#5856,#5857,#5858,#5859,#5860,#5861,
#5862,#5863,#5864,#5865,#5866,#5867,#5868,#5869,#5870,#5871,#5872,#5873,
#5874,#5875,#5876,#5877,#5878,#5879,#5880,#5881,#5882,#5883,#5884,#5885,
#5886,#5887,#5888,#5889,#5890,#5891,#5892,#5893,#5894,#5895,#5896,#5897,
#5898,#5899,#5900,#5901,#5902,#5903,#5904,#5905,#5906,#5907,#5908,#5909,
#5910,#5911,#5912,#5913,#5914,#5915,#5916,#5917,#5918,#5919,#5920,#5921,
#5922,#5923,#5924,#5925,#5926,#5927,#5928,#5929,#5930,#5931,#5932,#5933,
#5934,#5935,#5936,#5937,#5938,#5939,#5940,#5941,#5942,#5943,#5944,#5945,
#5946,#5947,#5948,#5949,#5950,#5951,#5952,#5953,#5954,#5955,#5956,#5957,
#5958,#5959,#5960,#5961,#5962,#5963,#5964,#5965,#5966,#5967,#5968,#5969,
#5970,#5971,#5972,#5973,#5974,#5975,#5976,#5977,#5978,#5979,#5980,#5981,
#5982,#5983,#5984,#5985,#5986,#5987,#5988,#5989,#5990,#5991,#5992,#5993,
#5994,#5995,#5996,#5997,#5998,#5999,#6000,#6001,#6002,#6003,#6004,#6005,
#6006,#6007,#6008,#6009,#6010,#6011,#6012,#6013,#6014,#6015,#6016,#6017,
#6018,#6019,#6020,#6021,#6022,#6023,#6024,#6025,#6026));
#6028=DERIVED_UNIT_ELEMENT(#6030,1.);
#6029=DERIVED_UNIT_ELEMENT(#11856,-3.);
#6030=(
MASS_UNIT()
NAMED_UNIT(*)
SI_UNIT(.KILO.,.GRAM.)
);
#6031=DERIVED_UNIT((#6028,#6029));
#6032=MEASURE_REPRESENTATION_ITEM('density measure',
POSITIVE_RATIO_MEASURE(1000.),#6031);
#6033=PROPERTY_DEFINITION_REPRESENTATION(#6038,#6035);
#6034=PROPERTY_DEFINITION_REPRESENTATION(#6039,#6036);
#6035=REPRESENTATION('material name',(#6037),#11853);
#6036=REPRESENTATION('density',(#6032),#11853);
#6037=DESCRIPTIVE_REPRESENTATION_ITEM('Generic','Generic');
#6038=PROPERTY_DEFINITION('material property','material name',#11863);
#6039=PROPERTY_DEFINITION('material property','density of part',#11863);
#6040=AXIS2_PLACEMENT_3D('',#9302,#7053,#7054);
#6041=AXIS2_PLACEMENT_3D('',#9303,#7055,#7056);
#6042=AXIS2_PLACEMENT_3D('',#9306,#7057,#7058);
#6043=AXIS2_PLACEMENT_3D('',#9308,#7059,#7060);
#6044=AXIS2_PLACEMENT_3D('',#9310,#7061,#7062);
#6045=AXIS2_PLACEMENT_3D('',#9311,#7063,#7064);
#6046=AXIS2_PLACEMENT_3D('',#9312,#7065,#7066);
#6047=AXIS2_PLACEMENT_3D('',#9315,#7067,#7068);
#6048=AXIS2_PLACEMENT_3D('',#9318,#7071,#7072);
#6049=AXIS2_PLACEMENT_3D('',#9321,#7073,#7074);
#6050=AXIS2_PLACEMENT_3D('',#9322,#7075,#7076);
#6051=AXIS2_PLACEMENT_3D('',#9323,#7077,#7078);
#6052=AXIS2_PLACEMENT_3D('',#9324,#7079,#7080);
#6053=AXIS2_PLACEMENT_3D('',#9327,#7081,#7082);
#6054=AXIS2_PLACEMENT_3D('',#9330,#7085,#7086);
#6055=AXIS2_PLACEMENT_3D('',#9333,#7087,#7088);
#6056=AXIS2_PLACEMENT_3D('',#9334,#7089,#7090);
#6057=AXIS2_PLACEMENT_3D('',#9335,#7091,#7092);
#6058=AXIS2_PLACEMENT_3D('',#9336,#7093,#7094);
#6059=AXIS2_PLACEMENT_3D('',#9339,#7095,#7096);
#6060=AXIS2_PLACEMENT_3D('',#9341,#7097,#7098);
#6061=AXIS2_PLACEMENT_3D('',#9343,#7099,#7100);
#6062=AXIS2_PLACEMENT_3D('',#9344,#7101,#7102);
#6063=AXIS2_PLACEMENT_3D('',#9345,#7103,#7104);
#6064=AXIS2_PLACEMENT_3D('',#9370,#7107,#7108);
#6065=AXIS2_PLACEMENT_3D('',#9401,#7109,#7110);
#6066=AXIS2_PLACEMENT_3D('',#9410,#7111,#7112);
#6067=AXIS2_PLACEMENT_3D('',#9413,#7115,#7116);
#6068=AXIS2_PLACEMENT_3D('',#9422,#7118,#7119);
#6069=AXIS2_PLACEMENT_3D('',#9424,#7121,#7122);
#6070=AXIS2_PLACEMENT_3D('',#9428,#7125,#7126);
#6071=AXIS2_PLACEMENT_3D('',#9432,#7128,#7129);
#6072=AXIS2_PLACEMENT_3D('',#9437,#7130,#7131);
#6073=AXIS2_PLACEMENT_3D('',#9443,#7134,#7135);
#6074=AXIS2_PLACEMENT_3D('',#9445,#7136,#7137);
#6075=AXIS2_PLACEMENT_3D('',#9447,#7138,#7139);
#6076=AXIS2_PLACEMENT_3D('',#9452,#7142,#7143);
#6077=AXIS2_PLACEMENT_3D('',#9455,#7144,#7145);
#6078=AXIS2_PLACEMENT_3D('',#9457,#7146,#7147);
#6079=AXIS2_PLACEMENT_3D('',#9459,#7148,#7149);
#6080=AXIS2_PLACEMENT_3D('',#9460,#7150,#7151);
#6081=AXIS2_PLACEMENT_3D('',#9463,#7152,#7153);
#6082=AXIS2_PLACEMENT_3D('',#9465,#7154,#7155);
#6083=AXIS2_PLACEMENT_3D('',#9467,#7156,#7157);
#6084=AXIS2_PLACEMENT_3D('',#9468,#7158,#7159);
#6085=AXIS2_PLACEMENT_3D('',#9470,#7160,#7161);
#6086=AXIS2_PLACEMENT_3D('',#9472,#7162,#7163);
#6087=AXIS2_PLACEMENT_3D('',#9474,#7164,#7165);
#6088=AXIS2_PLACEMENT_3D('',#9476,#7166,#7167);
#6089=AXIS2_PLACEMENT_3D('',#9479,#7168,#7169);
#6090=AXIS2_PLACEMENT_3D('',#9481,#7170,#7171);
#6091=AXIS2_PLACEMENT_3D('',#9483,#7172,#7173);
#6092=AXIS2_PLACEMENT_3D('',#9484,#7174,#7175);
#6093=AXIS2_PLACEMENT_3D('',#9487,#7176,#7177);
#6094=AXIS2_PLACEMENT_3D('',#9489,#7178,#7179);
#6095=AXIS2_PLACEMENT_3D('',#9491,#7180,#7181);
#6096=AXIS2_PLACEMENT_3D('',#9492,#7182,#7183);
#6097=AXIS2_PLACEMENT_3D('',#9493,#7184,#7185);
#6098=AXIS2_PLACEMENT_3D('',#9495,#7186,#7187);
#6099=AXIS2_PLACEMENT_3D('',#9497,#7188,#7189);
#6100=AXIS2_PLACEMENT_3D('',#9498,#7190,#7191);
#6101=AXIS2_PLACEMENT_3D('',#9499,#7192,#7193);
#6102=AXIS2_PLACEMENT_3D('',#9502,#7194,#7195);
#6103=AXIS2_PLACEMENT_3D('',#9505,#7198,#7199);
#6104=AXIS2_PLACEMENT_3D('',#9508,#7200,#7201);
#6105=AXIS2_PLACEMENT_3D('',#9509,#7202,#7203);
#6106=AXIS2_PLACEMENT_3D('',#9510,#7204,#7205);
#6107=AXIS2_PLACEMENT_3D('',#9511,#7206,#7207);
#6108=AXIS2_PLACEMENT_3D('',#9514,#7208,#7209);
#6109=AXIS2_PLACEMENT_3D('',#9517,#7212,#7213);
#6110=AXIS2_PLACEMENT_3D('',#9520,#7214,#7215);
#6111=AXIS2_PLACEMENT_3D('',#9521,#7216,#7217);
#6112=AXIS2_PLACEMENT_3D('',#9522,#7218,#7219);
#6113=AXIS2_PLACEMENT_3D('',#9523,#7220,#7221);
#6114=AXIS2_PLACEMENT_3D('',#9525,#7222,#7223);
#6115=AXIS2_PLACEMENT_3D('',#9528,#7226,#7227);
#6116=AXIS2_PLACEMENT_3D('',#9530,#7228,#7229);
#6117=AXIS2_PLACEMENT_3D('',#9531,#7230,#7231);
#6118=AXIS2_PLACEMENT_3D('',#9553,#7232,#7233);
#6119=AXIS2_PLACEMENT_3D('',#9579,#7234,#7235);
#6120=AXIS2_PLACEMENT_3D('',#9584,#7236,#7237);
#6121=AXIS2_PLACEMENT_3D('',#9586,#7239,#7240);
#6122=AXIS2_PLACEMENT_3D('',#9592,#7243,#7244);
#6123=AXIS2_PLACEMENT_3D('',#9594,#7245,#7246);
#6124=AXIS2_PLACEMENT_3D('',#9596,#7247,#7248);
#6125=AXIS2_PLACEMENT_3D('',#9601,#7251,#7252);
#6126=AXIS2_PLACEMENT_3D('',#9604,#7253,#7254);
#6127=AXIS2_PLACEMENT_3D('',#9606,#7255,#7256);
#6128=AXIS2_PLACEMENT_3D('',#9608,#7257,#7258);
#6129=AXIS2_PLACEMENT_3D('',#9610,#7259,#7260);
#6130=AXIS2_PLACEMENT_3D('',#9612,#7261,#7262);
#6131=AXIS2_PLACEMENT_3D('',#9614,#7263,#7264);
#6132=AXIS2_PLACEMENT_3D('',#9616,#7265,#7266);
#6133=AXIS2_PLACEMENT_3D('',#9617,#7267,#7268);
#6134=AXIS2_PLACEMENT_3D('',#9620,#7269,#7270);
#6135=AXIS2_PLACEMENT_3D('',#9622,#7271,#7272);
#6136=AXIS2_PLACEMENT_3D('',#9624,#7273,#7274);
#6137=AXIS2_PLACEMENT_3D('',#9626,#7275,#7276);
#6138=AXIS2_PLACEMENT_3D('',#9628,#7277,#7278);
#6139=AXIS2_PLACEMENT_3D('',#9630,#7279,#7280);
#6140=AXIS2_PLACEMENT_3D('',#9632,#7281,#7282);
#6141=AXIS2_PLACEMENT_3D('',#9633,#7283,#7284);
#6142=AXIS2_PLACEMENT_3D('',#9636,#7285,#7286);
#6143=AXIS2_PLACEMENT_3D('',#9638,#7287,#7288);
#6144=AXIS2_PLACEMENT_3D('',#9640,#7289,#7290);
#6145=AXIS2_PLACEMENT_3D('',#9642,#7291,#7292);
#6146=AXIS2_PLACEMENT_3D('',#9644,#7293,#7294);
#6147=AXIS2_PLACEMENT_3D('',#9646,#7295,#7296);
#6148=AXIS2_PLACEMENT_3D('',#9648,#7297,#7298);
#6149=AXIS2_PLACEMENT_3D('',#9649,#7299,#7300);
#6150=AXIS2_PLACEMENT_3D('',#9652,#7301,#7302);
#6151=AXIS2_PLACEMENT_3D('',#9654,#7303,#7304);
#6152=AXIS2_PLACEMENT_3D('',#9656,#7305,#7306);
#6153=AXIS2_PLACEMENT_3D('',#9658,#7307,#7308);
#6154=AXIS2_PLACEMENT_3D('',#9660,#7309,#7310);
#6155=AXIS2_PLACEMENT_3D('',#9662,#7311,#7312);
#6156=AXIS2_PLACEMENT_3D('',#9664,#7313,#7314);
#6157=AXIS2_PLACEMENT_3D('',#9665,#7315,#7316);
#6158=AXIS2_PLACEMENT_3D('',#9667,#7317,#7318);
#6159=AXIS2_PLACEMENT_3D('',#9669,#7319,#7320);
#6160=AXIS2_PLACEMENT_3D('',#9671,#7321,#7322);
#6161=AXIS2_PLACEMENT_3D('',#9673,#7323,#7324);
#6162=AXIS2_PLACEMENT_3D('',#9685,#7325,#7326);
#6163=AXIS2_PLACEMENT_3D('',#9687,#7327,#7328);
#6164=AXIS2_PLACEMENT_3D('',#9689,#7329,#7330);
#6165=AXIS2_PLACEMENT_3D('',#9690,#7331,#7332);
#6166=AXIS2_PLACEMENT_3D('',#9691,#7333,#7334);
#6167=AXIS2_PLACEMENT_3D('',#9694,#7335,#7336);
#6168=AXIS2_PLACEMENT_3D('',#9697,#7339,#7340);
#6169=AXIS2_PLACEMENT_3D('',#9700,#7341,#7342);
#6170=AXIS2_PLACEMENT_3D('',#9701,#7343,#7344);
#6171=AXIS2_PLACEMENT_3D('',#9702,#7345,#7346);
#6172=AXIS2_PLACEMENT_3D('',#9703,#7347,#7348);
#6173=AXIS2_PLACEMENT_3D('',#9706,#7349,#7350);
#6174=AXIS2_PLACEMENT_3D('',#9709,#7353,#7354);
#6175=AXIS2_PLACEMENT_3D('',#9712,#7355,#7356);
#6176=AXIS2_PLACEMENT_3D('',#9713,#7357,#7358);
#6177=AXIS2_PLACEMENT_3D('',#9714,#7359,#7360);
#6178=AXIS2_PLACEMENT_3D('',#9715,#7361,#7362);
#6179=AXIS2_PLACEMENT_3D('',#9718,#7363,#7364);
#6180=AXIS2_PLACEMENT_3D('',#9732,#7367,#7368);
#6181=AXIS2_PLACEMENT_3D('',#9733,#7369,#7370);
#6182=AXIS2_PLACEMENT_3D('',#9734,#7371,#7372);
#6183=AXIS2_PLACEMENT_3D('',#9735,#7373,#7374);
#6184=AXIS2_PLACEMENT_3D('',#9738,#7375,#7376);
#6185=AXIS2_PLACEMENT_3D('',#9741,#7379,#7380);
#6186=AXIS2_PLACEMENT_3D('',#9744,#7381,#7382);
#6187=AXIS2_PLACEMENT_3D('',#9745,#7383,#7384);
#6188=AXIS2_PLACEMENT_3D('',#9746,#7385,#7386);
#6189=AXIS2_PLACEMENT_3D('',#9747,#7387,#7388);
#6190=AXIS2_PLACEMENT_3D('',#9750,#7389,#7390);
#6191=AXIS2_PLACEMENT_3D('',#9753,#7393,#7394);
#6192=AXIS2_PLACEMENT_3D('',#9756,#7395,#7396);
#6193=AXIS2_PLACEMENT_3D('',#9757,#7397,#7398);
#6194=AXIS2_PLACEMENT_3D('',#9758,#7399,#7400);
#6195=AXIS2_PLACEMENT_3D('',#9759,#7401,#7402);
#6196=AXIS2_PLACEMENT_3D('',#9762,#7403,#7404);
#6197=AXIS2_PLACEMENT_3D('',#9776,#7407,#7408);
#6198=AXIS2_PLACEMENT_3D('',#9777,#7409,#7410);
#6199=AXIS2_PLACEMENT_3D('',#9778,#7411,#7412);
#6200=AXIS2_PLACEMENT_3D('',#9779,#7413,#7414);
#6201=AXIS2_PLACEMENT_3D('',#9782,#7415,#7416);
#6202=AXIS2_PLACEMENT_3D('',#9785,#7419,#7420);
#6203=AXIS2_PLACEMENT_3D('',#9788,#7421,#7422);
#6204=AXIS2_PLACEMENT_3D('',#9789,#7423,#7424);
#6205=AXIS2_PLACEMENT_3D('',#9790,#7425,#7426);
#6206=AXIS2_PLACEMENT_3D('',#9791,#7427,#7428);
#6207=AXIS2_PLACEMENT_3D('',#9794,#7429,#7430);
#6208=AXIS2_PLACEMENT_3D('',#9797,#7433,#7434);
#6209=AXIS2_PLACEMENT_3D('',#9800,#7435,#7436);
#6210=AXIS2_PLACEMENT_3D('',#9801,#7437,#7438);
#6211=AXIS2_PLACEMENT_3D('',#9802,#7439,#7440);
#6212=AXIS2_PLACEMENT_3D('',#9803,#7441,#7442);
#6213=AXIS2_PLACEMENT_3D('',#9806,#7443,#7444);
#6214=AXIS2_PLACEMENT_3D('',#9820,#7447,#7448);
#6215=AXIS2_PLACEMENT_3D('',#9821,#7449,#7450);
#6216=AXIS2_PLACEMENT_3D('',#9822,#7451,#7452);
#6217=AXIS2_PLACEMENT_3D('',#9823,#7453,#7454);
#6218=AXIS2_PLACEMENT_3D('',#9826,#7455,#7456);
#6219=AXIS2_PLACEMENT_3D('',#9829,#7459,#7460);
#6220=AXIS2_PLACEMENT_3D('',#9832,#7461,#7462);
#6221=AXIS2_PLACEMENT_3D('',#9833,#7463,#7464);
#6222=AXIS2_PLACEMENT_3D('',#9834,#7465,#7466);
#6223=AXIS2_PLACEMENT_3D('',#9835,#7467,#7468);
#6224=AXIS2_PLACEMENT_3D('',#9838,#7469,#7470);
#6225=AXIS2_PLACEMENT_3D('',#9841,#7473,#7474);
#6226=AXIS2_PLACEMENT_3D('',#9844,#7475,#7476);
#6227=AXIS2_PLACEMENT_3D('',#9845,#7477,#7478);
#6228=AXIS2_PLACEMENT_3D('',#9846,#7479,#7480);
#6229=AXIS2_PLACEMENT_3D('',#9847,#7481,#7482);
#6230=AXIS2_PLACEMENT_3D('',#9850,#7485,#7486);
#6231=AXIS2_PLACEMENT_3D('',#9856,#7490,#7491);
#6232=AXIS2_PLACEMENT_3D('',#9859,#7493,#7494);
#6233=AXIS2_PLACEMENT_3D('',#9860,#7495,#7496);
#6234=AXIS2_PLACEMENT_3D('',#9864,#7499,#7500);
#6235=AXIS2_PLACEMENT_3D('',#9867,#7502,#7503);
#6236=AXIS2_PLACEMENT_3D('',#9868,#7504,#7505);
#6237=AXIS2_PLACEMENT_3D('',#9872,#7508,#7509);
#6238=AXIS2_PLACEMENT_3D('',#9875,#7511,#7512);
#6239=AXIS2_PLACEMENT_3D('',#9876,#7513,#7514);
#6240=AXIS2_PLACEMENT_3D('',#9880,#7517,#7518);
#6241=AXIS2_PLACEMENT_3D('',#9883,#7520,#7521);
#6242=AXIS2_PLACEMENT_3D('',#9884,#7522,#7523);
#6243=AXIS2_PLACEMENT_3D('',#9888,#7526,#7527);
#6244=AXIS2_PLACEMENT_3D('',#9891,#7529,#7530);
#6245=AXIS2_PLACEMENT_3D('',#9892,#7531,#7532);
#6246=AXIS2_PLACEMENT_3D('',#9896,#7535,#7536);
#6247=AXIS2_PLACEMENT_3D('',#9899,#7538,#7539);
#6248=AXIS2_PLACEMENT_3D('',#9900,#7540,#7541);
#6249=AXIS2_PLACEMENT_3D('',#9910,#7546,#7547);
#6250=AXIS2_PLACEMENT_3D('',#9912,#7548,#7549);
#6251=AXIS2_PLACEMENT_3D('',#9914,#7550,#7551);
#6252=AXIS2_PLACEMENT_3D('',#9916,#7552,#7553);
#6253=AXIS2_PLACEMENT_3D('',#9917,#7554,#7555);
#6254=AXIS2_PLACEMENT_3D('',#9920,#7556,#7557);
#6255=AXIS2_PLACEMENT_3D('',#9922,#7558,#7559);
#6256=AXIS2_PLACEMENT_3D('',#9924,#7560,#7561);
#6257=AXIS2_PLACEMENT_3D('',#9925,#7562,#7563);
#6258=AXIS2_PLACEMENT_3D('',#9926,#7564,#7565);
#6259=AXIS2_PLACEMENT_3D('',#9928,#7566,#7567);
#6260=AXIS2_PLACEMENT_3D('',#9941,#7570,#7571);
#6261=AXIS2_PLACEMENT_3D('',#9942,#7572,#7573);
#6262=AXIS2_PLACEMENT_3D('',#9943,#7574,#7575);
#6263=AXIS2_PLACEMENT_3D('',#9945,#7576,#7577);
#6264=AXIS2_PLACEMENT_3D('',#9947,#7579,#7580);
#6265=AXIS2_PLACEMENT_3D('',#9949,#7581,#7582);
#6266=AXIS2_PLACEMENT_3D('',#9950,#7583,#7584);
#6267=AXIS2_PLACEMENT_3D('',#9951,#7585,#7586);
#6268=AXIS2_PLACEMENT_3D('',#9953,#7587,#7588);
#6269=AXIS2_PLACEMENT_3D('',#9955,#7590,#7591);
#6270=AXIS2_PLACEMENT_3D('',#9957,#7592,#7593);
#6271=AXIS2_PLACEMENT_3D('',#9958,#7594,#7595);
#6272=AXIS2_PLACEMENT_3D('',#9959,#7596,#7597);
#6273=AXIS2_PLACEMENT_3D('',#9961,#7598,#7599);
#6274=AXIS2_PLACEMENT_3D('',#9973,#7601,#7602);
#6275=AXIS2_PLACEMENT_3D('',#9974,#7603,#7604);
#6276=AXIS2_PLACEMENT_3D('',#9975,#7605,#7606);
#6277=AXIS2_PLACEMENT_3D('',#9977,#7607,#7608);
#6278=AXIS2_PLACEMENT_3D('',#9979,#7610,#7611);
#6279=AXIS2_PLACEMENT_3D('',#9981,#7612,#7613);
#6280=AXIS2_PLACEMENT_3D('',#9982,#7614,#7615);
#6281=AXIS2_PLACEMENT_3D('',#9983,#7616,#7617);
#6282=AXIS2_PLACEMENT_3D('',#9985,#7618,#7619);
#6283=AXIS2_PLACEMENT_3D('',#9987,#7621,#7622);
#6284=AXIS2_PLACEMENT_3D('',#9989,#7623,#7624);
#6285=AXIS2_PLACEMENT_3D('',#9990,#7625,#7626);
#6286=AXIS2_PLACEMENT_3D('',#9991,#7627,#7628);
#6287=AXIS2_PLACEMENT_3D('',#9993,#7629,#7630);
#6288=AXIS2_PLACEMENT_3D('',#10006,#7632,#7633);
#6289=AXIS2_PLACEMENT_3D('',#10007,#7634,#7635);
#6290=AXIS2_PLACEMENT_3D('',#10008,#7636,#7637);
#6291=AXIS2_PLACEMENT_3D('',#10009,#7638,#7639);
#6292=AXIS2_PLACEMENT_3D('',#10012,#7640,#7641);
#6293=AXIS2_PLACEMENT_3D('',#10015,#7644,#7645);
#6294=AXIS2_PLACEMENT_3D('',#10018,#7646,#7647);
#6295=AXIS2_PLACEMENT_3D('',#10019,#7648,#7649);
#6296=AXIS2_PLACEMENT_3D('',#10020,#7650,#7651);
#6297=AXIS2_PLACEMENT_3D('',#10021,#7652,#7653);
#6298=AXIS2_PLACEMENT_3D('',#10024,#7654,#7655);
#6299=AXIS2_PLACEMENT_3D('',#10027,#7658,#7659);
#6300=AXIS2_PLACEMENT_3D('',#10030,#7660,#7661);
#6301=AXIS2_PLACEMENT_3D('',#10031,#7662,#7663);
#6302=AXIS2_PLACEMENT_3D('',#10032,#7664,#7665);
#6303=AXIS2_PLACEMENT_3D('',#10033,#7666,#7667);
#6304=AXIS2_PLACEMENT_3D('',#10036,#7668,#7669);
#6305=AXIS2_PLACEMENT_3D('',#10050,#7672,#7673);
#6306=AXIS2_PLACEMENT_3D('',#10051,#7674,#7675);
#6307=AXIS2_PLACEMENT_3D('',#10052,#7676,#7677);
#6308=AXIS2_PLACEMENT_3D('',#10053,#7678,#7679);
#6309=AXIS2_PLACEMENT_3D('',#10056,#7680,#7681);
#6310=AXIS2_PLACEMENT_3D('',#10059,#7684,#7685);
#6311=AXIS2_PLACEMENT_3D('',#10062,#7686,#7687);
#6312=AXIS2_PLACEMENT_3D('',#10063,#7688,#7689);
#6313=AXIS2_PLACEMENT_3D('',#10064,#7690,#7691);
#6314=AXIS2_PLACEMENT_3D('',#10065,#7692,#7693);
#6315=AXIS2_PLACEMENT_3D('',#10068,#7696,#7697);
#6316=AXIS2_PLACEMENT_3D('',#10070,#7699,#7700);
#6317=AXIS2_PLACEMENT_3D('',#10072,#7702,#7703);
#6318=AXIS2_PLACEMENT_3D('',#10074,#7705,#7706);
#6319=AXIS2_PLACEMENT_3D('',#10076,#7708,#7709);
#6320=AXIS2_PLACEMENT_3D('',#10078,#7711,#7712);
#6321=AXIS2_PLACEMENT_3D('',#10080,#7714,#7715);
#6322=AXIS2_PLACEMENT_3D('',#10082,#7717,#7718);
#6323=AXIS2_PLACEMENT_3D('',#10084,#7720,#7721);
#6324=AXIS2_PLACEMENT_3D('',#10086,#7723,#7724);
#6325=AXIS2_PLACEMENT_3D('',#10088,#7726,#7727);
#6326=AXIS2_PLACEMENT_3D('',#10090,#7729,#7730);
#6327=AXIS2_PLACEMENT_3D('',#10100,#7735,#7736);
#6328=AXIS2_PLACEMENT_3D('',#10102,#7737,#7738);
#6329=AXIS2_PLACEMENT_3D('',#10104,#7739,#7740);
#6330=AXIS2_PLACEMENT_3D('',#10106,#7741,#7742);
#6331=AXIS2_PLACEMENT_3D('',#10107,#7743,#7744);
#6332=AXIS2_PLACEMENT_3D('',#10108,#7745,#7746);
#6333=AXIS2_PLACEMENT_3D('',#10110,#7747,#7748);
#6334=AXIS2_PLACEMENT_3D('',#10112,#7749,#7750);
#6335=AXIS2_PLACEMENT_3D('',#10113,#7751,#7752);
#6336=AXIS2_PLACEMENT_3D('',#10114,#7753,#7754);
#6337=AXIS2_PLACEMENT_3D('',#10117,#7756,#7757);
#6338=AXIS2_PLACEMENT_3D('',#10118,#7758,#7759);
#6339=AXIS2_PLACEMENT_3D('',#10120,#7760,#7761);
#6340=AXIS2_PLACEMENT_3D('',#10122,#7762,#7763);
#6341=AXIS2_PLACEMENT_3D('',#10123,#7764,#7765);
#6342=AXIS2_PLACEMENT_3D('',#10124,#7766,#7767);
#6343=AXIS2_PLACEMENT_3D('',#10127,#7769,#7770);
#6344=AXIS2_PLACEMENT_3D('',#10128,#7771,#7772);
#6345=AXIS2_PLACEMENT_3D('',#10130,#7773,#7774);
#6346=AXIS2_PLACEMENT_3D('',#10132,#7775,#7776);
#6347=AXIS2_PLACEMENT_3D('',#10133,#7777,#7778);
#6348=AXIS2_PLACEMENT_3D('',#10134,#7779,#7780);
#6349=AXIS2_PLACEMENT_3D('',#10137,#7782,#7783);
#6350=AXIS2_PLACEMENT_3D('',#10138,#7784,#7785);
#6351=AXIS2_PLACEMENT_3D('',#10140,#7786,#7787);
#6352=AXIS2_PLACEMENT_3D('',#10142,#7788,#7789);
#6353=AXIS2_PLACEMENT_3D('',#10143,#7790,#7791);
#6354=AXIS2_PLACEMENT_3D('',#10144,#7792,#7793);
#6355=AXIS2_PLACEMENT_3D('',#10147,#7795,#7796);
#6356=AXIS2_PLACEMENT_3D('',#10148,#7797,#7798);
#6357=AXIS2_PLACEMENT_3D('',#10149,#7799,#7800);
#6358=AXIS2_PLACEMENT_3D('',#10150,#7801,#7802);
#6359=AXIS2_PLACEMENT_3D('',#10151,#7803,#7804);
#6360=AXIS2_PLACEMENT_3D('',#10152,#7805,#7806);
#6361=AXIS2_PLACEMENT_3D('',#10153,#7807,#7808);
#6362=AXIS2_PLACEMENT_3D('',#10154,#7809,#7810);
#6363=AXIS2_PLACEMENT_3D('',#10155,#7811,#7812);
#6364=AXIS2_PLACEMENT_3D('',#10156,#7813,#7814);
#6365=AXIS2_PLACEMENT_3D('',#10159,#7815,#7816);
#6366=AXIS2_PLACEMENT_3D('',#10160,#7817,#7818);
#6367=AXIS2_PLACEMENT_3D('',#10161,#7819,#7820);
#6368=AXIS2_PLACEMENT_3D('',#10162,#7821,#7822);
#6369=AXIS2_PLACEMENT_3D('',#10164,#7823,#7824);
#6370=AXIS2_PLACEMENT_3D('',#10166,#7825,#7826);
#6371=AXIS2_PLACEMENT_3D('',#10167,#7827,#7828);
#6372=AXIS2_PLACEMENT_3D('',#10168,#7829,#7830);
#6373=AXIS2_PLACEMENT_3D('',#10170,#7831,#7832);
#6374=AXIS2_PLACEMENT_3D('',#10172,#7833,#7834);
#6375=AXIS2_PLACEMENT_3D('',#10173,#7835,#7836);
#6376=AXIS2_PLACEMENT_3D('',#10174,#7837,#7838);
#6377=AXIS2_PLACEMENT_3D('',#10177,#7841,#7842);
#6378=AXIS2_PLACEMENT_3D('',#10179,#7843,#7844);
#6379=AXIS2_PLACEMENT_3D('',#10181,#7845,#7846);
#6380=AXIS2_PLACEMENT_3D('',#10182,#7847,#7848);
#6381=AXIS2_PLACEMENT_3D('',#10183,#7849,#7850);
#6382=AXIS2_PLACEMENT_3D('',#10186,#7853,#7854);
#6383=AXIS2_PLACEMENT_3D('',#10188,#7855,#7856);
#6384=AXIS2_PLACEMENT_3D('',#10190,#7858,#7859);
#6385=AXIS2_PLACEMENT_3D('',#10193,#7860,#7861);
#6386=AXIS2_PLACEMENT_3D('',#10194,#7862,#7863);
#6387=AXIS2_PLACEMENT_3D('',#10195,#7864,#7865);
#6388=AXIS2_PLACEMENT_3D('',#10196,#7866,#7867);
#6389=AXIS2_PLACEMENT_3D('',#10199,#7868,#7869);
#6390=AXIS2_PLACEMENT_3D('',#10202,#7872,#7873);
#6391=AXIS2_PLACEMENT_3D('',#10204,#7874,#7875);
#6392=AXIS2_PLACEMENT_3D('',#10205,#7876,#7877);
#6393=AXIS2_PLACEMENT_3D('',#10206,#7878,#7879);
#6394=AXIS2_PLACEMENT_3D('',#10207,#7880,#7881);
#6395=AXIS2_PLACEMENT_3D('',#10209,#7882,#7883);
#6396=AXIS2_PLACEMENT_3D('',#10211,#7885,#7886);
#6397=AXIS2_PLACEMENT_3D('',#10213,#7887,#7888);
#6398=AXIS2_PLACEMENT_3D('',#10214,#7889,#7890);
#6399=AXIS2_PLACEMENT_3D('',#10215,#7891,#7892);
#6400=AXIS2_PLACEMENT_3D('',#10217,#7893,#7894);
#6401=AXIS2_PLACEMENT_3D('',#10218,#7895,#7896);
#6402=AXIS2_PLACEMENT_3D('',#10219,#7897,#7898);
#6403=AXIS2_PLACEMENT_3D('',#10221,#7899,#7900);
#6404=AXIS2_PLACEMENT_3D('',#10222,#7901,#7902);
#6405=AXIS2_PLACEMENT_3D('',#10223,#7903,#7904);
#6406=AXIS2_PLACEMENT_3D('',#10225,#7905,#7906);
#6407=AXIS2_PLACEMENT_3D('',#10227,#7908,#7909);
#6408=AXIS2_PLACEMENT_3D('',#10230,#7910,#7911);
#6409=AXIS2_PLACEMENT_3D('',#10231,#7912,#7913);
#6410=AXIS2_PLACEMENT_3D('',#10232,#7914,#7915);
#6411=AXIS2_PLACEMENT_3D('',#10233,#7916,#7917);
#6412=AXIS2_PLACEMENT_3D('',#10236,#7918,#7919);
#6413=AXIS2_PLACEMENT_3D('',#10239,#7922,#7923);
#6414=AXIS2_PLACEMENT_3D('',#10241,#7924,#7925);
#6415=AXIS2_PLACEMENT_3D('',#10242,#7926,#7927);
#6416=AXIS2_PLACEMENT_3D('',#10243,#7928,#7929);
#6417=AXIS2_PLACEMENT_3D('',#10244,#7930,#7931);
#6418=AXIS2_PLACEMENT_3D('',#10246,#7933,#7934);
#6419=AXIS2_PLACEMENT_3D('',#10248,#7936,#7937);
#6420=AXIS2_PLACEMENT_3D('',#10250,#7939,#7940);
#6421=AXIS2_PLACEMENT_3D('',#10252,#7941,#7942);
#6422=AXIS2_PLACEMENT_3D('',#10254,#7944,#7945);
#6423=AXIS2_PLACEMENT_3D('',#10257,#7946,#7947);
#6424=AXIS2_PLACEMENT_3D('',#10258,#7948,#7949);
#6425=AXIS2_PLACEMENT_3D('',#10259,#7950,#7951);
#6426=AXIS2_PLACEMENT_3D('',#10260,#7952,#7953);
#6427=AXIS2_PLACEMENT_3D('',#10263,#7954,#7955);
#6428=AXIS2_PLACEMENT_3D('',#10266,#7958,#7959);
#6429=AXIS2_PLACEMENT_3D('',#10268,#7960,#7961);
#6430=AXIS2_PLACEMENT_3D('',#10269,#7962,#7963);
#6431=AXIS2_PLACEMENT_3D('',#10270,#7964,#7965);
#6432=AXIS2_PLACEMENT_3D('',#10271,#7966,#7967);
#6433=AXIS2_PLACEMENT_3D('',#10273,#7968,#7969);
#6434=AXIS2_PLACEMENT_3D('',#10275,#7971,#7972);
#6435=AXIS2_PLACEMENT_3D('',#10277,#7973,#7974);
#6436=AXIS2_PLACEMENT_3D('',#10278,#7975,#7976);
#6437=AXIS2_PLACEMENT_3D('',#10279,#7977,#7978);
#6438=AXIS2_PLACEMENT_3D('',#10281,#7979,#7980);
#6439=AXIS2_PLACEMENT_3D('',#10282,#7981,#7982);
#6440=AXIS2_PLACEMENT_3D('',#10283,#7983,#7984);
#6441=AXIS2_PLACEMENT_3D('',#10285,#7985,#7986);
#6442=AXIS2_PLACEMENT_3D('',#10286,#7987,#7988);
#6443=AXIS2_PLACEMENT_3D('',#10287,#7989,#7990);
#6444=AXIS2_PLACEMENT_3D('',#10289,#7991,#7992);
#6445=AXIS2_PLACEMENT_3D('',#10291,#7994,#7995);
#6446=AXIS2_PLACEMENT_3D('',#10294,#7996,#7997);
#6447=AXIS2_PLACEMENT_3D('',#10295,#7998,#7999);
#6448=AXIS2_PLACEMENT_3D('',#10296,#8000,#8001);
#6449=AXIS2_PLACEMENT_3D('',#10297,#8002,#8003);
#6450=AXIS2_PLACEMENT_3D('',#10300,#8004,#8005);
#6451=AXIS2_PLACEMENT_3D('',#10303,#8008,#8009);
#6452=AXIS2_PLACEMENT_3D('',#10305,#8010,#8011);
#6453=AXIS2_PLACEMENT_3D('',#10306,#8012,#8013);
#6454=AXIS2_PLACEMENT_3D('',#10307,#8014,#8015);
#6455=AXIS2_PLACEMENT_3D('',#10308,#8016,#8017);
#6456=AXIS2_PLACEMENT_3D('',#10310,#8019,#8020);
#6457=AXIS2_PLACEMENT_3D('',#10313,#8023,#8024);
#6458=AXIS2_PLACEMENT_3D('',#10315,#8026,#8027);
#6459=AXIS2_PLACEMENT_3D('',#10317,#8029,#8030);
#6460=AXIS2_PLACEMENT_3D('',#10318,#8031,#8032);
#6461=AXIS2_PLACEMENT_3D('',#10320,#8034,#8035);
#6462=AXIS2_PLACEMENT_3D('',#10322,#8037,#8038);
#6463=AXIS2_PLACEMENT_3D('',#10323,#8039,#8040);
#6464=AXIS2_PLACEMENT_3D('',#10325,#8042,#8043);
#6465=AXIS2_PLACEMENT_3D('',#10327,#8045,#8046);
#6466=AXIS2_PLACEMENT_3D('',#10328,#8047,#8048);
#6467=AXIS2_PLACEMENT_3D('',#10329,#8049,#8050);
#6468=AXIS2_PLACEMENT_3D('',#10332,#8053,#8054);
#6469=AXIS2_PLACEMENT_3D('',#10333,#8055,#8056);
#6470=AXIS2_PLACEMENT_3D('',#10336,#8059,#8060);
#6471=AXIS2_PLACEMENT_3D('',#10337,#8061,#8062);
#6472=AXIS2_PLACEMENT_3D('',#10338,#8063,#8064);
#6473=AXIS2_PLACEMENT_3D('',#10340,#8065,#8066);
#6474=AXIS2_PLACEMENT_3D('',#10341,#8067,#8068);
#6475=AXIS2_PLACEMENT_3D('',#10342,#8069,#8070);
#6476=AXIS2_PLACEMENT_3D('',#10345,#8071,#8072);
#6477=AXIS2_PLACEMENT_3D('',#10346,#8073,#8074);
#6478=AXIS2_PLACEMENT_3D('',#10348,#8076,#8077);
#6479=AXIS2_PLACEMENT_3D('',#10349,#8078,#8079);
#6480=AXIS2_PLACEMENT_3D('',#10350,#8080,#8081);
#6481=AXIS2_PLACEMENT_3D('',#10353,#8082,#8083);
#6482=AXIS2_PLACEMENT_3D('',#10355,#8084,#8085);
#6483=AXIS2_PLACEMENT_3D('',#10357,#8086,#8087);
#6484=AXIS2_PLACEMENT_3D('',#10358,#8088,#8089);
#6485=AXIS2_PLACEMENT_3D('',#10359,#8090,#8091);
#6486=AXIS2_PLACEMENT_3D('',#10362,#8092,#8093);
#6487=AXIS2_PLACEMENT_3D('',#10363,#8094,#8095);
#6488=AXIS2_PLACEMENT_3D('',#10364,#8096,#8097);
#6489=AXIS2_PLACEMENT_3D('',#10365,#8098,#8099);
#6490=AXIS2_PLACEMENT_3D('',#10368,#8100,#8101);
#6491=AXIS2_PLACEMENT_3D('',#10369,#8102,#8103);
#6492=AXIS2_PLACEMENT_3D('',#10370,#8104,#8105);
#6493=AXIS2_PLACEMENT_3D('',#10371,#8106,#8107);
#6494=AXIS2_PLACEMENT_3D('',#10372,#8108,#8109);
#6495=AXIS2_PLACEMENT_3D('',#10373,#8110,#8111);
#6496=AXIS2_PLACEMENT_3D('',#10374,#8112,#8113);
#6497=AXIS2_PLACEMENT_3D('',#10378,#8115,#8116);
#6498=AXIS2_PLACEMENT_3D('',#10380,#8118,#8119);
#6499=AXIS2_PLACEMENT_3D('',#10383,#8121,#8122);
#6500=AXIS2_PLACEMENT_3D('',#10384,#8123,#8124);
#6501=AXIS2_PLACEMENT_3D('',#10385,#8125,#8126);
#6502=AXIS2_PLACEMENT_3D('',#10387,#8127,#8128);
#6503=AXIS2_PLACEMENT_3D('',#10388,#8129,#8130);
#6504=AXIS2_PLACEMENT_3D('',#10389,#8131,#8132);
#6505=AXIS2_PLACEMENT_3D('',#10390,#8133,#8134);
#6506=AXIS2_PLACEMENT_3D('',#10391,#8135,#8136);
#6507=AXIS2_PLACEMENT_3D('',#10392,#8137,#8138);
#6508=AXIS2_PLACEMENT_3D('',#10393,#8139,#8140);
#6509=AXIS2_PLACEMENT_3D('',#10394,#8141,#8142);
#6510=AXIS2_PLACEMENT_3D('',#10395,#8143,#8144);
#6511=AXIS2_PLACEMENT_3D('',#10396,#8145,#8146);
#6512=AXIS2_PLACEMENT_3D('',#10398,#8148,#8149);
#6513=AXIS2_PLACEMENT_3D('',#10401,#8150,#8151);
#6514=AXIS2_PLACEMENT_3D('',#10403,#8152,#8153);
#6515=AXIS2_PLACEMENT_3D('',#10405,#8154,#8155);
#6516=AXIS2_PLACEMENT_3D('',#10406,#8156,#8157);
#6517=AXIS2_PLACEMENT_3D('',#10407,#8158,#8159);
#6518=AXIS2_PLACEMENT_3D('',#10410,#8160,#8161);
#6519=AXIS2_PLACEMENT_3D('',#10411,#8162,#8163);
#6520=AXIS2_PLACEMENT_3D('',#10412,#8164,#8165);
#6521=AXIS2_PLACEMENT_3D('',#10413,#8166,#8167);
#6522=AXIS2_PLACEMENT_3D('',#10416,#8168,#8169);
#6523=AXIS2_PLACEMENT_3D('',#10417,#8170,#8171);
#6524=AXIS2_PLACEMENT_3D('',#10418,#8172,#8173);
#6525=AXIS2_PLACEMENT_3D('',#10419,#8174,#8175);
#6526=AXIS2_PLACEMENT_3D('',#10420,#8176,#8177);
#6527=AXIS2_PLACEMENT_3D('',#10421,#8178,#8179);
#6528=AXIS2_PLACEMENT_3D('',#10422,#8180,#8181);
#6529=AXIS2_PLACEMENT_3D('',#10426,#8183,#8184);
#6530=AXIS2_PLACEMENT_3D('',#10428,#8186,#8187);
#6531=AXIS2_PLACEMENT_3D('',#10431,#8189,#8190);
#6532=AXIS2_PLACEMENT_3D('',#10432,#8191,#8192);
#6533=AXIS2_PLACEMENT_3D('',#10433,#8193,#8194);
#6534=AXIS2_PLACEMENT_3D('',#10434,#8195,#8196);
#6535=AXIS2_PLACEMENT_3D('',#10436,#8197,#8198);
#6536=AXIS2_PLACEMENT_3D('',#10437,#8199,#8200);
#6537=AXIS2_PLACEMENT_3D('',#10438,#8201,#8202);
#6538=AXIS2_PLACEMENT_3D('',#10439,#8203,#8204);
#6539=AXIS2_PLACEMENT_3D('',#10440,#8205,#8206);
#6540=AXIS2_PLACEMENT_3D('',#10441,#8207,#8208);
#6541=AXIS2_PLACEMENT_3D('',#10442,#8209,#8210);
#6542=AXIS2_PLACEMENT_3D('',#10443,#8211,#8212);
#6543=AXIS2_PLACEMENT_3D('',#10444,#8213,#8214);
#6544=AXIS2_PLACEMENT_3D('',#10446,#8216,#8217);
#6545=AXIS2_PLACEMENT_3D('',#10447,#8218,#8219);
#6546=AXIS2_PLACEMENT_3D('',#10450,#8220,#8221);
#6547=AXIS2_PLACEMENT_3D('',#10452,#8222,#8223);
#6548=AXIS2_PLACEMENT_3D('',#10454,#8224,#8225);
#6549=AXIS2_PLACEMENT_3D('',#10455,#8226,#8227);
#6550=AXIS2_PLACEMENT_3D('',#10456,#8228,#8229);
#6551=AXIS2_PLACEMENT_3D('',#10459,#8230,#8231);
#6552=AXIS2_PLACEMENT_3D('',#10460,#8232,#8233);
#6553=AXIS2_PLACEMENT_3D('',#10461,#8234,#8235);
#6554=AXIS2_PLACEMENT_3D('',#10462,#8236,#8237);
#6555=AXIS2_PLACEMENT_3D('',#10465,#8238,#8239);
#6556=AXIS2_PLACEMENT_3D('',#10466,#8240,#8241);
#6557=AXIS2_PLACEMENT_3D('',#10467,#8242,#8243);
#6558=AXIS2_PLACEMENT_3D('',#10468,#8244,#8245);
#6559=AXIS2_PLACEMENT_3D('',#10469,#8246,#8247);
#6560=AXIS2_PLACEMENT_3D('',#10470,#8248,#8249);
#6561=AXIS2_PLACEMENT_3D('',#10471,#8250,#8251);
#6562=AXIS2_PLACEMENT_3D('',#10475,#8253,#8254);
#6563=AXIS2_PLACEMENT_3D('',#10477,#8256,#8257);
#6564=AXIS2_PLACEMENT_3D('',#10480,#8259,#8260);
#6565=AXIS2_PLACEMENT_3D('',#10481,#8261,#8262);
#6566=AXIS2_PLACEMENT_3D('',#10482,#8263,#8264);
#6567=AXIS2_PLACEMENT_3D('',#10484,#8265,#8266);
#6568=AXIS2_PLACEMENT_3D('',#10485,#8267,#8268);
#6569=AXIS2_PLACEMENT_3D('',#10486,#8269,#8270);
#6570=AXIS2_PLACEMENT_3D('',#10487,#8271,#8272);
#6571=AXIS2_PLACEMENT_3D('',#10488,#8273,#8274);
#6572=AXIS2_PLACEMENT_3D('',#10489,#8275,#8276);
#6573=AXIS2_PLACEMENT_3D('',#10490,#8277,#8278);
#6574=AXIS2_PLACEMENT_3D('',#10491,#8279,#8280);
#6575=AXIS2_PLACEMENT_3D('',#10492,#8281,#8282);
#6576=AXIS2_PLACEMENT_3D('',#10493,#8283,#8284);
#6577=AXIS2_PLACEMENT_3D('',#10495,#8286,#8287);
#6578=AXIS2_PLACEMENT_3D('',#10498,#8288,#8289);
#6579=AXIS2_PLACEMENT_3D('',#10500,#8290,#8291);
#6580=AXIS2_PLACEMENT_3D('',#10502,#8292,#8293);
#6581=AXIS2_PLACEMENT_3D('',#10503,#8294,#8295);
#6582=AXIS2_PLACEMENT_3D('',#10504,#8296,#8297);
#6583=AXIS2_PLACEMENT_3D('',#10507,#8298,#8299);
#6584=AXIS2_PLACEMENT_3D('',#10508,#8300,#8301);
#6585=AXIS2_PLACEMENT_3D('',#10509,#8302,#8303);
#6586=AXIS2_PLACEMENT_3D('',#10510,#8304,#8305);
#6587=AXIS2_PLACEMENT_3D('',#10513,#8306,#8307);
#6588=AXIS2_PLACEMENT_3D('',#10514,#8308,#8309);
#6589=AXIS2_PLACEMENT_3D('',#10515,#8310,#8311);
#6590=AXIS2_PLACEMENT_3D('',#10516,#8312,#8313);
#6591=AXIS2_PLACEMENT_3D('',#10517,#8314,#8315);
#6592=AXIS2_PLACEMENT_3D('',#10518,#8316,#8317);
#6593=AXIS2_PLACEMENT_3D('',#10519,#8318,#8319);
#6594=AXIS2_PLACEMENT_3D('',#10523,#8321,#8322);
#6595=AXIS2_PLACEMENT_3D('',#10525,#8324,#8325);
#6596=AXIS2_PLACEMENT_3D('',#10528,#8327,#8328);
#6597=AXIS2_PLACEMENT_3D('',#10529,#8329,#8330);
#6598=AXIS2_PLACEMENT_3D('',#10530,#8331,#8332);
#6599=AXIS2_PLACEMENT_3D('',#10532,#8333,#8334);
#6600=AXIS2_PLACEMENT_3D('',#10533,#8335,#8336);
#6601=AXIS2_PLACEMENT_3D('',#10534,#8337,#8338);
#6602=AXIS2_PLACEMENT_3D('',#10535,#8339,#8340);
#6603=AXIS2_PLACEMENT_3D('',#10536,#8341,#8342);
#6604=AXIS2_PLACEMENT_3D('',#10537,#8343,#8344);
#6605=AXIS2_PLACEMENT_3D('',#10538,#8345,#8346);
#6606=AXIS2_PLACEMENT_3D('',#10539,#8347,#8348);
#6607=AXIS2_PLACEMENT_3D('',#10540,#8349,#8350);
#6608=AXIS2_PLACEMENT_3D('',#10541,#8351,#8352);
#6609=AXIS2_PLACEMENT_3D('',#10543,#8354,#8355);
#6610=AXIS2_PLACEMENT_3D('',#10545,#8356,#8357);
#6611=AXIS2_PLACEMENT_3D('',#10546,#8358,#8359);
#6612=AXIS2_PLACEMENT_3D('',#10547,#8360,#8361);
#6613=AXIS2_PLACEMENT_3D('',#10551,#8363,#8364);
#6614=AXIS2_PLACEMENT_3D('',#10552,#8365,#8366);
#6615=AXIS2_PLACEMENT_3D('',#10553,#8367,#8368);
#6616=AXIS2_PLACEMENT_3D('',#10555,#8369,#8370);
#6617=AXIS2_PLACEMENT_3D('',#10556,#8371,#8372);
#6618=AXIS2_PLACEMENT_3D('',#10557,#8373,#8374);
#6619=AXIS2_PLACEMENT_3D('',#10561,#8376,#8377);
#6620=AXIS2_PLACEMENT_3D('',#10562,#8378,#8379);
#6621=AXIS2_PLACEMENT_3D('',#10563,#8380,#8381);
#6622=AXIS2_PLACEMENT_3D('',#10565,#8382,#8383);
#6623=AXIS2_PLACEMENT_3D('',#10566,#8384,#8385);
#6624=AXIS2_PLACEMENT_3D('',#10567,#8386,#8387);
#6625=AXIS2_PLACEMENT_3D('',#10571,#8389,#8390);
#6626=AXIS2_PLACEMENT_3D('',#10572,#8391,#8392);
#6627=AXIS2_PLACEMENT_3D('',#10573,#8393,#8394);
#6628=AXIS2_PLACEMENT_3D('',#10575,#8395,#8396);
#6629=AXIS2_PLACEMENT_3D('',#10577,#8397,#8398);
#6630=AXIS2_PLACEMENT_3D('',#10578,#8399,#8400);
#6631=AXIS2_PLACEMENT_3D('',#10579,#8401,#8402);
#6632=AXIS2_PLACEMENT_3D('',#10582,#8404,#8405);
#6633=AXIS2_PLACEMENT_3D('',#10583,#8406,#8407);
#6634=AXIS2_PLACEMENT_3D('',#10584,#8408,#8409);
#6635=AXIS2_PLACEMENT_3D('',#10585,#8410,#8411);
#6636=AXIS2_PLACEMENT_3D('',#10586,#8412,#8413);
#6637=AXIS2_PLACEMENT_3D('',#10588,#8414,#8415);
#6638=AXIS2_PLACEMENT_3D('',#10589,#8416,#8417);
#6639=AXIS2_PLACEMENT_3D('',#10590,#8418,#8419);
#6640=AXIS2_PLACEMENT_3D('',#10592,#8420,#8421);
#6641=AXIS2_PLACEMENT_3D('',#10593,#8422,#8423);
#6642=AXIS2_PLACEMENT_3D('',#10595,#8424,#8425);
#6643=AXIS2_PLACEMENT_3D('',#10597,#8426,#8427);
#6644=AXIS2_PLACEMENT_3D('',#10598,#8428,#8429);
#6645=AXIS2_PLACEMENT_3D('',#10599,#8430,#8431);
#6646=AXIS2_PLACEMENT_3D('',#10602,#8432,#8433);
#6647=AXIS2_PLACEMENT_3D('',#10613,#8435,#8436);
#6648=AXIS2_PLACEMENT_3D('',#10623,#8438,#8439);
#6649=AXIS2_PLACEMENT_3D('',#10633,#8441,#8442);
#6650=AXIS2_PLACEMENT_3D('',#10636,#8444,#8445);
#6651=AXIS2_PLACEMENT_3D('',#10676,#8447,#8448);
#6652=AXIS2_PLACEMENT_3D('',#10684,#8449,#8450);
#6653=AXIS2_PLACEMENT_3D('',#10711,#8451,#8452);
#6654=AXIS2_PLACEMENT_3D('',#10718,#8453,#8454);
#6655=AXIS2_PLACEMENT_3D('',#10719,#8455,#8456);
#6656=AXIS2_PLACEMENT_3D('',#10720,#8457,#8458);
#6657=AXIS2_PLACEMENT_3D('',#10721,#8459,#8460);
#6658=AXIS2_PLACEMENT_3D('',#10724,#8461,#8462);
#6659=AXIS2_PLACEMENT_3D('',#10725,#8463,#8464);
#6660=AXIS2_PLACEMENT_3D('',#10726,#8465,#8466);
#6661=AXIS2_PLACEMENT_3D('',#10727,#8467,#8468);
#6662=AXIS2_PLACEMENT_3D('',#10730,#8469,#8470);
#6663=AXIS2_PLACEMENT_3D('',#10731,#8471,#8472);
#6664=AXIS2_PLACEMENT_3D('',#10732,#8473,#8474);
#6665=AXIS2_PLACEMENT_3D('',#10733,#8475,#8476);
#6666=AXIS2_PLACEMENT_3D('',#10734,#8477,#8478);
#6667=AXIS2_PLACEMENT_3D('',#10735,#8479,#8480);
#6668=AXIS2_PLACEMENT_3D('',#10774,#8481,#8482);
#6669=AXIS2_PLACEMENT_3D('',#10775,#8483,#8484);
#6670=AXIS2_PLACEMENT_3D('',#10776,#8485,#8486);
#6671=AXIS2_PLACEMENT_3D('',#10777,#8487,#8488);
#6672=AXIS2_PLACEMENT_3D('',#10779,#8489,#8490);
#6673=AXIS2_PLACEMENT_3D('',#10780,#8491,#8492);
#6674=AXIS2_PLACEMENT_3D('',#10807,#8493,#8494);
#6675=AXIS2_PLACEMENT_3D('',#10814,#8495,#8496);
#6676=AXIS2_PLACEMENT_3D('',#10815,#8497,#8498);
#6677=AXIS2_PLACEMENT_3D('',#10818,#8499,#8500);
#6678=AXIS2_PLACEMENT_3D('',#10819,#8501,#8502);
#6679=AXIS2_PLACEMENT_3D('',#10820,#8503,#8504);
#6680=AXIS2_PLACEMENT_3D('',#10821,#8505,#8506);
#6681=AXIS2_PLACEMENT_3D('',#10824,#8507,#8508);
#6682=AXIS2_PLACEMENT_3D('',#10825,#8509,#8510);
#6683=AXIS2_PLACEMENT_3D('',#10826,#8511,#8512);
#6684=AXIS2_PLACEMENT_3D('',#10827,#8513,#8514);
#6685=AXIS2_PLACEMENT_3D('',#10828,#8515,#8516);
#6686=AXIS2_PLACEMENT_3D('',#10829,#8517,#8518);
#6687=AXIS2_PLACEMENT_3D('',#10830,#8519,#8520);
#6688=AXIS2_PLACEMENT_3D('',#10831,#8521,#8522);
#6689=AXIS2_PLACEMENT_3D('',#10832,#8523,#8524);
#6690=AXIS2_PLACEMENT_3D('',#10833,#8525,#8526);
#6691=AXIS2_PLACEMENT_3D('',#10835,#8527,#8528);
#6692=AXIS2_PLACEMENT_3D('',#10836,#8529,#8530);
#6693=AXIS2_PLACEMENT_3D('',#10837,#8531,#8532);
#6694=AXIS2_PLACEMENT_3D('',#10839,#8534,#8535);
#6695=AXIS2_PLACEMENT_3D('',#10841,#8536,#8537);
#6696=AXIS2_PLACEMENT_3D('',#10842,#8538,#8539);
#6697=AXIS2_PLACEMENT_3D('',#10843,#8540,#8541);
#6698=AXIS2_PLACEMENT_3D('',#10845,#8542,#8543);
#6699=AXIS2_PLACEMENT_3D('',#10846,#8544,#8545);
#6700=AXIS2_PLACEMENT_3D('',#10847,#8546,#8547);
#6701=AXIS2_PLACEMENT_3D('',#10848,#8548,#8549);
#6702=AXIS2_PLACEMENT_3D('',#10849,#8550,#8551);
#6703=AXIS2_PLACEMENT_3D('',#10851,#8552,#8553);
#6704=AXIS2_PLACEMENT_3D('',#10852,#8554,#8555);
#6705=AXIS2_PLACEMENT_3D('',#10853,#8556,#8557);
#6706=AXIS2_PLACEMENT_3D('',#10854,#8558,#8559);
#6707=AXIS2_PLACEMENT_3D('',#10855,#8560,#8561);
#6708=AXIS2_PLACEMENT_3D('',#10857,#8563,#8564);
#6709=AXIS2_PLACEMENT_3D('',#10858,#8565,#8566);
#6710=AXIS2_PLACEMENT_3D('',#10860,#8567,#8568);
#6711=AXIS2_PLACEMENT_3D('',#10861,#8569,#8570);
#6712=AXIS2_PLACEMENT_3D('',#10862,#8571,#8572);
#6713=AXIS2_PLACEMENT_3D('',#10864,#8573,#8574);
#6714=AXIS2_PLACEMENT_3D('',#10865,#8575,#8576);
#6715=AXIS2_PLACEMENT_3D('',#10866,#8577,#8578);
#6716=AXIS2_PLACEMENT_3D('',#10868,#8579,#8580);
#6717=AXIS2_PLACEMENT_3D('',#10869,#8581,#8582);
#6718=AXIS2_PLACEMENT_3D('',#10870,#8583,#8584);
#6719=AXIS2_PLACEMENT_3D('',#10871,#8585,#8586);
#6720=AXIS2_PLACEMENT_3D('',#10872,#8587,#8588);
#6721=AXIS2_PLACEMENT_3D('',#10874,#8590,#8591);
#6722=AXIS2_PLACEMENT_3D('',#10875,#8592,#8593);
#6723=AXIS2_PLACEMENT_3D('',#10877,#8595,#8596);
#6724=AXIS2_PLACEMENT_3D('',#10879,#8598,#8599);
#6725=AXIS2_PLACEMENT_3D('',#10881,#8601,#8602);
#6726=AXIS2_PLACEMENT_3D('',#10883,#8604,#8605);
#6727=AXIS2_PLACEMENT_3D('',#10885,#8607,#8608);
#6728=AXIS2_PLACEMENT_3D('',#10886,#8609,#8610);
#6729=AXIS2_PLACEMENT_3D('',#10887,#8611,#8612);
#6730=AXIS2_PLACEMENT_3D('',#10889,#8613,#8614);
#6731=AXIS2_PLACEMENT_3D('',#10890,#8615,#8616);
#6732=AXIS2_PLACEMENT_3D('',#10891,#8617,#8618);
#6733=AXIS2_PLACEMENT_3D('',#10893,#8619,#8620);
#6734=AXIS2_PLACEMENT_3D('',#10895,#8622,#8623);
#6735=AXIS2_PLACEMENT_3D('',#10897,#8624,#8625);
#6736=AXIS2_PLACEMENT_3D('',#10898,#8626,#8627);
#6737=AXIS2_PLACEMENT_3D('',#10899,#8628,#8629);
#6738=AXIS2_PLACEMENT_3D('',#10900,#8630,#8631);
#6739=AXIS2_PLACEMENT_3D('',#10902,#8632,#8633);
#6740=AXIS2_PLACEMENT_3D('',#10904,#8634,#8635);
#6741=AXIS2_PLACEMENT_3D('',#10906,#8636,#8637);
#6742=AXIS2_PLACEMENT_3D('',#10907,#8638,#8639);
#6743=AXIS2_PLACEMENT_3D('',#10908,#8640,#8641);
#6744=AXIS2_PLACEMENT_3D('',#10910,#8642,#8643);
#6745=AXIS2_PLACEMENT_3D('',#10911,#8644,#8645);
#6746=AXIS2_PLACEMENT_3D('',#10914,#8646,#8647);
#6747=AXIS2_PLACEMENT_3D('',#10925,#8649,#8650);
#6748=AXIS2_PLACEMENT_3D('',#10935,#8652,#8653);
#6749=AXIS2_PLACEMENT_3D('',#10945,#8655,#8656);
#6750=AXIS2_PLACEMENT_3D('',#10955,#8658,#8659);
#6751=AXIS2_PLACEMENT_3D('',#10957,#8661,#8662);
#6752=AXIS2_PLACEMENT_3D('',#10958,#8663,#8664);
#6753=AXIS2_PLACEMENT_3D('',#10990,#8665,#8666);
#6754=AXIS2_PLACEMENT_3D('',#10998,#8667,#8668);
#6755=AXIS2_PLACEMENT_3D('',#11025,#8669,#8670);
#6756=AXIS2_PLACEMENT_3D('',#11032,#8671,#8672);
#6757=AXIS2_PLACEMENT_3D('',#11033,#8673,#8674);
#6758=AXIS2_PLACEMENT_3D('',#11034,#8675,#8676);
#6759=AXIS2_PLACEMENT_3D('',#11035,#8677,#8678);
#6760=AXIS2_PLACEMENT_3D('',#11038,#8679,#8680);
#6761=AXIS2_PLACEMENT_3D('',#11039,#8681,#8682);
#6762=AXIS2_PLACEMENT_3D('',#11040,#8683,#8684);
#6763=AXIS2_PLACEMENT_3D('',#11041,#8685,#8686);
#6764=AXIS2_PLACEMENT_3D('',#11044,#8687,#8688);
#6765=AXIS2_PLACEMENT_3D('',#11045,#8689,#8690);
#6766=AXIS2_PLACEMENT_3D('',#11046,#8691,#8692);
#6767=AXIS2_PLACEMENT_3D('',#11047,#8693,#8694);
#6768=AXIS2_PLACEMENT_3D('',#11048,#8695,#8696);
#6769=AXIS2_PLACEMENT_3D('',#11049,#8697,#8698);
#6770=AXIS2_PLACEMENT_3D('',#11050,#8699,#8700);
#6771=AXIS2_PLACEMENT_3D('',#11051,#8701,#8702);
#6772=AXIS2_PLACEMENT_3D('',#11053,#8703,#8704);
#6773=AXIS2_PLACEMENT_3D('',#11054,#8705,#8706);
#6774=AXIS2_PLACEMENT_3D('',#11093,#8707,#8708);
#6775=AXIS2_PLACEMENT_3D('',#11094,#8709,#8710);
#6776=AXIS2_PLACEMENT_3D('',#11121,#8711,#8712);
#6777=AXIS2_PLACEMENT_3D('',#11128,#8713,#8714);
#6778=AXIS2_PLACEMENT_3D('',#11129,#8715,#8716);
#6779=AXIS2_PLACEMENT_3D('',#11132,#8717,#8718);
#6780=AXIS2_PLACEMENT_3D('',#11133,#8719,#8720);
#6781=AXIS2_PLACEMENT_3D('',#11134,#8721,#8722);
#6782=AXIS2_PLACEMENT_3D('',#11135,#8723,#8724);
#6783=AXIS2_PLACEMENT_3D('',#11138,#8725,#8726);
#6784=AXIS2_PLACEMENT_3D('',#11139,#8727,#8728);
#6785=AXIS2_PLACEMENT_3D('',#11140,#8729,#8730);
#6786=AXIS2_PLACEMENT_3D('',#11141,#8731,#8732);
#6787=AXIS2_PLACEMENT_3D('',#11142,#8733,#8734);
#6788=AXIS2_PLACEMENT_3D('',#11143,#8735,#8736);
#6789=AXIS2_PLACEMENT_3D('',#11144,#8737,#8738);
#6790=AXIS2_PLACEMENT_3D('',#11145,#8739,#8740);
#6791=AXIS2_PLACEMENT_3D('',#11146,#8741,#8742);
#6792=AXIS2_PLACEMENT_3D('',#11147,#8743,#8744);
#6793=AXIS2_PLACEMENT_3D('',#11149,#8745,#8746);
#6794=AXIS2_PLACEMENT_3D('',#11150,#8747,#8748);
#6795=AXIS2_PLACEMENT_3D('',#11151,#8749,#8750);
#6796=AXIS2_PLACEMENT_3D('',#11153,#8752,#8753);
#6797=AXIS2_PLACEMENT_3D('',#11155,#8754,#8755);
#6798=AXIS2_PLACEMENT_3D('',#11156,#8756,#8757);
#6799=AXIS2_PLACEMENT_3D('',#11157,#8758,#8759);
#6800=AXIS2_PLACEMENT_3D('',#11159,#8760,#8761);
#6801=AXIS2_PLACEMENT_3D('',#11160,#8762,#8763);
#6802=AXIS2_PLACEMENT_3D('',#11161,#8764,#8765);
#6803=AXIS2_PLACEMENT_3D('',#11162,#8766,#8767);
#6804=AXIS2_PLACEMENT_3D('',#11163,#8768,#8769);
#6805=AXIS2_PLACEMENT_3D('',#11165,#8770,#8771);
#6806=AXIS2_PLACEMENT_3D('',#11166,#8772,#8773);
#6807=AXIS2_PLACEMENT_3D('',#11167,#8774,#8775);
#6808=AXIS2_PLACEMENT_3D('',#11168,#8776,#8777);
#6809=AXIS2_PLACEMENT_3D('',#11169,#8778,#8779);
#6810=AXIS2_PLACEMENT_3D('',#11171,#8781,#8782);
#6811=AXIS2_PLACEMENT_3D('',#11172,#8783,#8784);
#6812=AXIS2_PLACEMENT_3D('',#11174,#8785,#8786);
#6813=AXIS2_PLACEMENT_3D('',#11175,#8787,#8788);
#6814=AXIS2_PLACEMENT_3D('',#11176,#8789,#8790);
#6815=AXIS2_PLACEMENT_3D('',#11178,#8791,#8792);
#6816=AXIS2_PLACEMENT_3D('',#11179,#8793,#8794);
#6817=AXIS2_PLACEMENT_3D('',#11180,#8795,#8796);
#6818=AXIS2_PLACEMENT_3D('',#11182,#8797,#8798);
#6819=AXIS2_PLACEMENT_3D('',#11183,#8799,#8800);
#6820=AXIS2_PLACEMENT_3D('',#11184,#8801,#8802);
#6821=AXIS2_PLACEMENT_3D('',#11185,#8803,#8804);
#6822=AXIS2_PLACEMENT_3D('',#11186,#8805,#8806);
#6823=AXIS2_PLACEMENT_3D('',#11188,#8808,#8809);
#6824=AXIS2_PLACEMENT_3D('',#11189,#8810,#8811);
#6825=AXIS2_PLACEMENT_3D('',#11191,#8813,#8814);
#6826=AXIS2_PLACEMENT_3D('',#11193,#8816,#8817);
#6827=AXIS2_PLACEMENT_3D('',#11195,#8819,#8820);
#6828=AXIS2_PLACEMENT_3D('',#11197,#8822,#8823);
#6829=AXIS2_PLACEMENT_3D('',#11199,#8825,#8826);
#6830=AXIS2_PLACEMENT_3D('',#11200,#8827,#8828);
#6831=AXIS2_PLACEMENT_3D('',#11201,#8829,#8830);
#6832=AXIS2_PLACEMENT_3D('',#11203,#8831,#8832);
#6833=AXIS2_PLACEMENT_3D('',#11204,#8833,#8834);
#6834=AXIS2_PLACEMENT_3D('',#11205,#8835,#8836);
#6835=AXIS2_PLACEMENT_3D('',#11207,#8837,#8838);
#6836=AXIS2_PLACEMENT_3D('',#11209,#8840,#8841);
#6837=AXIS2_PLACEMENT_3D('',#11211,#8842,#8843);
#6838=AXIS2_PLACEMENT_3D('',#11212,#8844,#8845);
#6839=AXIS2_PLACEMENT_3D('',#11213,#8846,#8847);
#6840=AXIS2_PLACEMENT_3D('',#11214,#8848,#8849);
#6841=AXIS2_PLACEMENT_3D('',#11216,#8850,#8851);
#6842=AXIS2_PLACEMENT_3D('',#11218,#8852,#8853);
#6843=AXIS2_PLACEMENT_3D('',#11220,#8854,#8855);
#6844=AXIS2_PLACEMENT_3D('',#11221,#8856,#8857);
#6845=AXIS2_PLACEMENT_3D('',#11222,#8858,#8859);
#6846=AXIS2_PLACEMENT_3D('',#11232,#8860,#8861);
#6847=AXIS2_PLACEMENT_3D('',#11242,#8863,#8864);
#6848=AXIS2_PLACEMENT_3D('',#11245,#8866,#8867);
#6849=AXIS2_PLACEMENT_3D('',#11255,#8869,#8870);
#6850=AXIS2_PLACEMENT_3D('',#11266,#8872,#8873);
#6851=AXIS2_PLACEMENT_3D('',#11268,#8875,#8876);
#6852=AXIS2_PLACEMENT_3D('',#11270,#8877,#8878);
#6853=AXIS2_PLACEMENT_3D('',#11297,#8879,#8880);
#6854=AXIS2_PLACEMENT_3D('',#11304,#8881,#8882);
#6855=AXIS2_PLACEMENT_3D('',#11331,#8883,#8884);
#6856=AXIS2_PLACEMENT_3D('',#11338,#8885,#8886);
#6857=AXIS2_PLACEMENT_3D('',#11377,#8887,#8888);
#6858=AXIS2_PLACEMENT_3D('',#11378,#8889,#8890);
#6859=AXIS2_PLACEMENT_3D('',#11379,#8891,#8892);
#6860=AXIS2_PLACEMENT_3D('',#11380,#8893,#8894);
#6861=AXIS2_PLACEMENT_3D('',#11382,#8895,#8896);
#6862=AXIS2_PLACEMENT_3D('',#11383,#8897,#8898);
#6863=AXIS2_PLACEMENT_3D('',#11415,#8899,#8900);
#6864=AXIS2_PLACEMENT_3D('',#11423,#8901,#8902);
#6865=AXIS2_PLACEMENT_3D('',#11424,#8903,#8904);
#6866=AXIS2_PLACEMENT_3D('',#11427,#8905,#8906);
#6867=AXIS2_PLACEMENT_3D('',#11428,#8907,#8908);
#6868=AXIS2_PLACEMENT_3D('',#11429,#8909,#8910);
#6869=AXIS2_PLACEMENT_3D('',#11430,#8911,#8912);
#6870=AXIS2_PLACEMENT_3D('',#11433,#8913,#8914);
#6871=AXIS2_PLACEMENT_3D('',#11434,#8915,#8916);
#6872=AXIS2_PLACEMENT_3D('',#11435,#8917,#8918);
#6873=AXIS2_PLACEMENT_3D('',#11436,#8919,#8920);
#6874=AXIS2_PLACEMENT_3D('',#11437,#8921,#8922);
#6875=AXIS2_PLACEMENT_3D('',#11438,#8923,#8924);
#6876=AXIS2_PLACEMENT_3D('',#11439,#8925,#8926);
#6877=AXIS2_PLACEMENT_3D('',#11440,#8927,#8928);
#6878=AXIS2_PLACEMENT_3D('',#11441,#8929,#8930);
#6879=AXIS2_PLACEMENT_3D('',#11442,#8931,#8932);
#6880=AXIS2_PLACEMENT_3D('',#11444,#8933,#8934);
#6881=AXIS2_PLACEMENT_3D('',#11445,#8935,#8936);
#6882=AXIS2_PLACEMENT_3D('',#11446,#8937,#8938);
#6883=AXIS2_PLACEMENT_3D('',#11448,#8940,#8941);
#6884=AXIS2_PLACEMENT_3D('',#11449,#8942,#8943);
#6885=AXIS2_PLACEMENT_3D('',#11451,#8944,#8945);
#6886=AXIS2_PLACEMENT_3D('',#11452,#8946,#8947);
#6887=AXIS2_PLACEMENT_3D('',#11453,#8948,#8949);
#6888=AXIS2_PLACEMENT_3D('',#11455,#8951,#8952);
#6889=AXIS2_PLACEMENT_3D('',#11457,#8953,#8954);
#6890=AXIS2_PLACEMENT_3D('',#11458,#8955,#8956);
#6891=AXIS2_PLACEMENT_3D('',#11459,#8957,#8958);
#6892=AXIS2_PLACEMENT_3D('',#11461,#8959,#8960);
#6893=AXIS2_PLACEMENT_3D('',#11462,#8961,#8962);
#6894=AXIS2_PLACEMENT_3D('',#11463,#8963,#8964);
#6895=AXIS2_PLACEMENT_3D('',#11464,#8965,#8966);
#6896=AXIS2_PLACEMENT_3D('',#11465,#8967,#8968);
#6897=AXIS2_PLACEMENT_3D('',#11466,#8969,#8970);
#6898=AXIS2_PLACEMENT_3D('',#11468,#8971,#8972);
#6899=AXIS2_PLACEMENT_3D('',#11469,#8973,#8974);
#6900=AXIS2_PLACEMENT_3D('',#11470,#8975,#8976);
#6901=AXIS2_PLACEMENT_3D('',#11472,#8977,#8978);
#6902=AXIS2_PLACEMENT_3D('',#11473,#8979,#8980);
#6903=AXIS2_PLACEMENT_3D('',#11474,#8981,#8982);
#6904=AXIS2_PLACEMENT_3D('',#11476,#8983,#8984);
#6905=AXIS2_PLACEMENT_3D('',#11477,#8985,#8986);
#6906=AXIS2_PLACEMENT_3D('',#11478,#8987,#8988);
#6907=AXIS2_PLACEMENT_3D('',#11479,#8989,#8990);
#6908=AXIS2_PLACEMENT_3D('',#11480,#8991,#8992);
#6909=AXIS2_PLACEMENT_3D('',#11482,#8994,#8995);
#6910=AXIS2_PLACEMENT_3D('',#11483,#8996,#8997);
#6911=AXIS2_PLACEMENT_3D('',#11484,#8998,#8999);
#6912=AXIS2_PLACEMENT_3D('',#11486,#9001,#9002);
#6913=AXIS2_PLACEMENT_3D('',#11487,#9003,#9004);
#6914=AXIS2_PLACEMENT_3D('',#11488,#9005,#9006);
#6915=AXIS2_PLACEMENT_3D('',#11491,#9007,#9008);
#6916=AXIS2_PLACEMENT_3D('',#11492,#9009,#9010);
#6917=AXIS2_PLACEMENT_3D('',#11493,#9011,#9012);
#6918=AXIS2_PLACEMENT_3D('',#11494,#9013,#9014);
#6919=AXIS2_PLACEMENT_3D('',#11497,#9015,#9016);
#6920=AXIS2_PLACEMENT_3D('',#11498,#9017,#9018);
#6921=AXIS2_PLACEMENT_3D('',#11499,#9019,#9020);
#6922=AXIS2_PLACEMENT_3D('',#11500,#9021,#9022);
#6923=AXIS2_PLACEMENT_3D('',#11501,#9023,#9024);
#6924=AXIS2_PLACEMENT_3D('',#11502,#9025,#9026);
#6925=AXIS2_PLACEMENT_3D('',#11503,#9027,#9028);
#6926=AXIS2_PLACEMENT_3D('',#11505,#9030,#9031);
#6927=AXIS2_PLACEMENT_3D('',#11507,#9033,#9034);
#6928=AXIS2_PLACEMENT_3D('',#11509,#9036,#9037);
#6929=AXIS2_PLACEMENT_3D('',#11511,#9039,#9040);
#6930=AXIS2_PLACEMENT_3D('',#11512,#9041,#9042);
#6931=AXIS2_PLACEMENT_3D('',#11513,#9043,#9044);
#6932=AXIS2_PLACEMENT_3D('',#11514,#9045,#9046);
#6933=AXIS2_PLACEMENT_3D('',#11515,#9047,#9048);
#6934=AXIS2_PLACEMENT_3D('',#11517,#9049,#9050);
#6935=AXIS2_PLACEMENT_3D('',#11518,#9051,#9052);
#6936=AXIS2_PLACEMENT_3D('',#11519,#9053,#9054);
#6937=AXIS2_PLACEMENT_3D('',#11521,#9055,#9056);
#6938=AXIS2_PLACEMENT_3D('',#11523,#9058,#9059);
#6939=AXIS2_PLACEMENT_3D('',#11525,#9060,#9061);
#6940=AXIS2_PLACEMENT_3D('',#11526,#9062,#9063);
#6941=AXIS2_PLACEMENT_3D('',#11527,#9064,#9065);
#6942=AXIS2_PLACEMENT_3D('',#11528,#9066,#9067);
#6943=AXIS2_PLACEMENT_3D('',#11530,#9068,#9069);
#6944=AXIS2_PLACEMENT_3D('',#11531,#9070,#9071);
#6945=AXIS2_PLACEMENT_3D('',#11532,#9072,#9073);
#6946=AXIS2_PLACEMENT_3D('',#11536,#9075,#9076);
#6947=AXIS2_PLACEMENT_3D('',#11537,#9077,#9078);
#6948=AXIS2_PLACEMENT_3D('',#11538,#9079,#9080);
#6949=AXIS2_PLACEMENT_3D('',#11540,#9081,#9082);
#6950=AXIS2_PLACEMENT_3D('',#11541,#9083,#9084);
#6951=AXIS2_PLACEMENT_3D('',#11542,#9085,#9086);
#6952=AXIS2_PLACEMENT_3D('',#11544,#9087,#9088);
#6953=AXIS2_PLACEMENT_3D('',#11545,#9089,#9090);
#6954=AXIS2_PLACEMENT_3D('',#11547,#9091,#9092);
#6955=AXIS2_PLACEMENT_3D('',#11549,#9093,#9094);
#6956=AXIS2_PLACEMENT_3D('',#11550,#9095,#9096);
#6957=AXIS2_PLACEMENT_3D('',#11551,#9097,#9098);
#6958=AXIS2_PLACEMENT_3D('',#11562,#9100,#9101);
#6959=AXIS2_PLACEMENT_3D('',#11572,#9103,#9104);
#6960=AXIS2_PLACEMENT_3D('',#11583,#9106,#9107);
#6961=AXIS2_PLACEMENT_3D('',#11594,#9109,#9110);
#6962=AXIS2_PLACEMENT_3D('',#11596,#9112,#9113);
#6963=AXIS2_PLACEMENT_3D('',#11635,#9114,#9115);
#6964=AXIS2_PLACEMENT_3D('',#11636,#9116,#9117);
#6965=AXIS2_PLACEMENT_3D('',#11663,#9118,#9119);
#6966=AXIS2_PLACEMENT_3D('',#11670,#9120,#9121);
#6967=AXIS2_PLACEMENT_3D('',#11671,#9122,#9123);
#6968=AXIS2_PLACEMENT_3D('',#11674,#9124,#9125);
#6969=AXIS2_PLACEMENT_3D('',#11675,#9126,#9127);
#6970=AXIS2_PLACEMENT_3D('',#11676,#9128,#9129);
#6971=AXIS2_PLACEMENT_3D('',#11677,#9130,#9131);
#6972=AXIS2_PLACEMENT_3D('',#11680,#9132,#9133);
#6973=AXIS2_PLACEMENT_3D('',#11681,#9134,#9135);
#6974=AXIS2_PLACEMENT_3D('',#11682,#9136,#9137);
#6975=AXIS2_PLACEMENT_3D('',#11683,#9138,#9139);
#6976=AXIS2_PLACEMENT_3D('',#11684,#9140,#9141);
#6977=AXIS2_PLACEMENT_3D('',#11685,#9142,#9143);
#6978=AXIS2_PLACEMENT_3D('',#11686,#9144,#9145);
#6979=AXIS2_PLACEMENT_3D('',#11687,#9146,#9147);
#6980=AXIS2_PLACEMENT_3D('',#11688,#9148,#9149);
#6981=AXIS2_PLACEMENT_3D('',#11690,#9150,#9151);
#6982=AXIS2_PLACEMENT_3D('',#11691,#9152,#9153);
#6983=AXIS2_PLACEMENT_3D('',#11692,#9154,#9155);
#6984=AXIS2_PLACEMENT_3D('',#11693,#9156,#9157);
#6985=AXIS2_PLACEMENT_3D('',#11694,#9158,#9159);
#6986=AXIS2_PLACEMENT_3D('',#11696,#9160,#9161);
#6987=AXIS2_PLACEMENT_3D('',#11697,#9162,#9163);
#6988=AXIS2_PLACEMENT_3D('',#11698,#9164,#9165);
#6989=AXIS2_PLACEMENT_3D('',#11700,#9166,#9167);
#6990=AXIS2_PLACEMENT_3D('',#11701,#9168,#9169);
#6991=AXIS2_PLACEMENT_3D('',#11702,#9170,#9171);
#6992=AXIS2_PLACEMENT_3D('',#11704,#9172,#9173);
#6993=AXIS2_PLACEMENT_3D('',#11705,#9174,#9175);
#6994=AXIS2_PLACEMENT_3D('',#11706,#9176,#9177);
#6995=AXIS2_PLACEMENT_3D('',#11707,#9178,#9179);
#6996=AXIS2_PLACEMENT_3D('',#11708,#9180,#9181);
#6997=AXIS2_PLACEMENT_3D('',#11710,#9183,#9184);
#6998=AXIS2_PLACEMENT_3D('',#11711,#9185,#9186);
#6999=AXIS2_PLACEMENT_3D('',#11713,#9187,#9188);
#7000=AXIS2_PLACEMENT_3D('',#11714,#9189,#9190);
#7001=AXIS2_PLACEMENT_3D('',#11715,#9191,#9192);
#7002=AXIS2_PLACEMENT_3D('',#11716,#9193,#9194);
#7003=AXIS2_PLACEMENT_3D('',#11718,#9195,#9196);
#7004=AXIS2_PLACEMENT_3D('',#11719,#9197,#9198);
#7005=AXIS2_PLACEMENT_3D('',#11751,#9199,#9200);
#7006=AXIS2_PLACEMENT_3D('',#11759,#9201,#9202);
#7007=AXIS2_PLACEMENT_3D('',#11786,#9203,#9204);
#7008=AXIS2_PLACEMENT_3D('',#11793,#9205,#9206);
#7009=AXIS2_PLACEMENT_3D('',#11794,#9207,#9208);
#7010=AXIS2_PLACEMENT_3D('',#11795,#9209,#9210);
#7011=AXIS2_PLACEMENT_3D('',#11796,#9211,#9212);
#7012=AXIS2_PLACEMENT_3D('',#11799,#9213,#9214);
#7013=AXIS2_PLACEMENT_3D('',#11800,#9215,#9216);
#7014=AXIS2_PLACEMENT_3D('',#11801,#9217,#9218);
#7015=AXIS2_PLACEMENT_3D('',#11802,#9219,#9220);
#7016=AXIS2_PLACEMENT_3D('',#11805,#9221,#9222);
#7017=AXIS2_PLACEMENT_3D('',#11806,#9223,#9224);
#7018=AXIS2_PLACEMENT_3D('',#11807,#9225,#9226);
#7019=AXIS2_PLACEMENT_3D('',#11808,#9227,#9228);
#7020=AXIS2_PLACEMENT_3D('',#11809,#9229,#9230);
#7021=AXIS2_PLACEMENT_3D('',#11810,#9231,#9232);
#7022=AXIS2_PLACEMENT_3D('',#11811,#9233,#9234);
#7023=AXIS2_PLACEMENT_3D('',#11813,#9236,#9237);
#7024=AXIS2_PLACEMENT_3D('',#11815,#9239,#9240);
#7025=AXIS2_PLACEMENT_3D('',#11817,#9241,#9242);
#7026=AXIS2_PLACEMENT_3D('',#11818,#9243,#9244);
#7027=AXIS2_PLACEMENT_3D('',#11819,#9245,#9246);
#7028=AXIS2_PLACEMENT_3D('',#11821,#9247,#9248);
#7029=AXIS2_PLACEMENT_3D('',#11822,#9249,#9250);
#7030=AXIS2_PLACEMENT_3D('',#11823,#9251,#9252);
#7031=AXIS2_PLACEMENT_3D('',#11824,#9253,#9254);
#7032=AXIS2_PLACEMENT_3D('',#11825,#9255,#9256);
#7033=AXIS2_PLACEMENT_3D('',#11826,#9257,#9258);
#7034=AXIS2_PLACEMENT_3D('',#11827,#9259,#9260);
#7035=AXIS2_PLACEMENT_3D('',#11829,#9262,#9263);
#7036=AXIS2_PLACEMENT_3D('',#11831,#9265,#9266);
#7037=AXIS2_PLACEMENT_3D('',#11833,#9268,#9269);
#7038=AXIS2_PLACEMENT_3D('',#11835,#9271,#9272);
#7039=AXIS2_PLACEMENT_3D('',#11836,#9273,#9274);
#7040=AXIS2_PLACEMENT_3D('',#11837,#9275,#9276);
#7041=AXIS2_PLACEMENT_3D('',#11838,#9277,#9278);
#7042=AXIS2_PLACEMENT_3D('',#11839,#9279,#9280);
#7043=AXIS2_PLACEMENT_3D('',#11840,#9281,#9282);
#7044=AXIS2_PLACEMENT_3D('',#11842,#9284,#9285);
#7045=AXIS2_PLACEMENT_3D('',#11843,#9286,#9287);
#7046=AXIS2_PLACEMENT_3D('',#11844,#9288,#9289);
#7047=AXIS2_PLACEMENT_3D('',#11845,#9290,#9291);
#7048=AXIS2_PLACEMENT_3D('',#11846,#9292,#9293);
#7049=AXIS2_PLACEMENT_3D('',#11847,#9294,#9295);
#7050=AXIS2_PLACEMENT_3D('',#11848,#9296,#9297);
#7051=AXIS2_PLACEMENT_3D('',#11849,#9298,#9299);
#7052=AXIS2_PLACEMENT_3D('',#11850,#9300,#9301);
#7053=DIRECTION('axis',(0.,0.,1.));
#7054=DIRECTION('refdir',(1.,0.,0.));
#7055=DIRECTION('center_axis',(0.,0.,1.));
#7056=DIRECTION('ref_axis',(1.,0.,0.));
#7057=DIRECTION('center_axis',(0.,-1.,0.));
#7058=DIRECTION('ref_axis',(1.,0.,0.));
#7059=DIRECTION('center_axis',(0.,0.,1.));
#7060=DIRECTION('ref_axis',(-0.707106781186547,-0.707106781186547,0.));
#7061=DIRECTION('center_axis',(-1.,2.22044604925032E-15,0.));
#7062=DIRECTION('ref_axis',(0.,0.,1.));
#7063=DIRECTION('center_axis',(0.,0.,-1.));
#7064=DIRECTION('ref_axis',(-0.707106781186548,-0.707106781186548,0.));
#7065=DIRECTION('center_axis',(-1.,1.77635683940025E-15,0.));
#7066=DIRECTION('ref_axis',(0.,0.707106781186546,0.707106781186549));
#7067=DIRECTION('center_axis',(-1.,2.22044604925032E-15,0.));
#7068=DIRECTION('ref_axis',(0.,0.,1.));
#7069=DIRECTION('',(-1.,1.77635683940025E-15,0.));
#7070=DIRECTION('',(1.,-1.77635683940025E-15,0.));
#7071=DIRECTION('center_axis',(0.,0.,1.));
#7072=DIRECTION('ref_axis',(1.,0.,0.));
#7073=DIRECTION('center_axis',(0.,-1.,0.));
#7074=DIRECTION('ref_axis',(0.,0.,1.));
#7075=DIRECTION('center_axis',(0.,0.,-1.));
#7076=DIRECTION('ref_axis',(0.707106781186547,-0.707106781186548,0.));
#7077=DIRECTION('center_axis',(0.,0.,1.));
#7078=DIRECTION('ref_axis',(0.707106781186547,-0.707106781186548,0.));
#7079=DIRECTION('center_axis',(0.,-1.,0.));
#7080=DIRECTION('ref_axis',(-0.707106781186549,0.,0.707106781186546));
#7081=DIRECTION('center_axis',(0.,-1.,0.));
#7082=DIRECTION('ref_axis',(0.,0.,1.));
#7083=DIRECTION('',(0.,-1.,0.));
#7084=DIRECTION('',(0.,1.,0.));
#7085=DIRECTION('center_axis',(0.,0.,1.));
#7086=DIRECTION('ref_axis',(1.,0.,0.));
#7087=DIRECTION('center_axis',(0.907815493904002,-0.419369799851912,2.01575532688736E-15));
#7088=DIRECTION('ref_axis',(-2.22044604925031E-15,0.,1.));
#7089=DIRECTION('center_axis',(0.,0.,-1.));
#7090=DIRECTION('ref_axis',(0.707106781186547,0.707106781186548,0.));
#7091=DIRECTION('center_axis',(0.,0.,1.));
#7092=DIRECTION('ref_axis',(0.707106781186547,0.707106781186548,0.));
#7093=DIRECTION('center_axis',(0.,0.,1.));
#7094=DIRECTION('ref_axis',(1.,0.,0.));
#7095=DIRECTION('center_axis',(-0.907815493904002,-0.419369799851912,0.));
#7096=DIRECTION('ref_axis',(0.419369799851912,-0.907815493904002,0.));
#7097=DIRECTION('center_axis',(0.,0.,1.));
#7098=DIRECTION('ref_axis',(-0.707106781186547,0.707106781186548,0.));
#7099=DIRECTION('center_axis',(0.,1.,0.));
#7100=DIRECTION('ref_axis',(0.,0.,1.));
#7101=DIRECTION('center_axis',(0.,0.,-1.));
#7102=DIRECTION('ref_axis',(-0.707106781186547,0.707106781186548,0.));
#7103=DIRECTION('center_axis',(-4.44089209850063E-16,1.,0.));
#7104=DIRECTION('ref_axis',(0.707106781186549,0.,0.707106781186546));
#7105=DIRECTION('',(4.44089209850063E-16,-1.,0.));
#7106=DIRECTION('',(-4.44089209850063E-16,1.,0.));
#7107=DIRECTION('center_axis',(1.,-2.22044604925032E-15,2.16103735215808E-15));
#7108=DIRECTION('ref_axis',(-2.22044604925031E-15,-0.0271130900282301,0.999632372599608));
#7109=DIRECTION('center_axis',(-1.,0.,0.));
#7110=DIRECTION('ref_axis',(0.,-1.,0.));
#7111=DIRECTION('center_axis',(1.,1.69176841847643E-16,0.));
#7112=DIRECTION('ref_axis',(0.,-0.716628596285491,0.697454984200333));
#7113=DIRECTION('',(-1.,-1.69176841847643E-16,0.));
#7114=DIRECTION('',(1.,0.,0.));
#7115=DIRECTION('center_axis',(0.,0.,1.));
#7116=DIRECTION('ref_axis',(0.707106781186547,0.707106781186548,0.));
#7117=DIRECTION('',(0.,0.,-1.));
#7118=DIRECTION('center_axis',(0.,0.,1.));
#7119=DIRECTION('ref_axis',(0.707106781186547,0.707106781186548,0.));
#7120=DIRECTION('',(0.,0.,1.));
#7121=DIRECTION('center_axis',(0.,-1.,0.));
#7122=DIRECTION('ref_axis',(1.,0.,0.));
#7123=DIRECTION('',(0.,0.,1.));
#7124=DIRECTION('',(-1.,0.,5.20095053776291E-18));
#7125=DIRECTION('center_axis',(0.,0.,1.));
#7126=DIRECTION('ref_axis',(-0.707106781186547,0.707106781186548,0.));
#7127=DIRECTION('',(0.,0.,-1.));
#7128=DIRECTION('center_axis',(0.,0.,1.));
#7129=DIRECTION('ref_axis',(-0.707106781186547,0.707106781186548,0.));
#7130=DIRECTION('center_axis',(0.,0.,1.));
#7131=DIRECTION('ref_axis',(1.,0.,0.));
#7132=DIRECTION('',(1.,1.69176841847643E-16,0.));
#7133=DIRECTION('',(-1.1154311844568E-16,1.,0.));
#7134=DIRECTION('center_axis',(0.,0.,1.));
#7135=DIRECTION('ref_axis',(0.94078216928649,-0.339011666396021,0.));
#7136=DIRECTION('center_axis',(0.,0.,-1.));
#7137=DIRECTION('ref_axis',(-2.8564914870287E-16,-1.,0.));
#7138=DIRECTION('center_axis',(0.,0.,1.));
#7139=DIRECTION('ref_axis',(-0.940782169286489,-0.339011666396022,0.));
#7140=DIRECTION('',(0.,-1.,0.));
#7141=DIRECTION('',(1.,1.69176841847643E-16,0.));
#7142=DIRECTION('center_axis',(0.,0.,1.));
#7143=DIRECTION('ref_axis',(-1.,0.,0.));
#7144=DIRECTION('center_axis',(0.,0.,1.));
#7145=DIRECTION('ref_axis',(-0.368124552684677,-0.929776485888252,0.));
#7146=DIRECTION('center_axis',(0.,0.,1.));
#7147=DIRECTION('ref_axis',(-0.707106781186547,0.707106781186548,0.));
#7148=DIRECTION('center_axis',(0.,0.,1.));
#7149=DIRECTION('ref_axis',(0.92977648588825,0.368124552684681,0.));
#7150=DIRECTION('center_axis',(0.,0.,-1.));
#7151=DIRECTION('ref_axis',(-0.707106781186548,0.707106781186547,0.));
#7152=DIRECTION('center_axis',(0.,0.,1.));
#7153=DIRECTION('ref_axis',(-0.368124552684681,0.92977648588825,0.));
#7154=DIRECTION('center_axis',(0.,0.,-1.));
#7155=DIRECTION('ref_axis',(-0.707106781186547,-0.707106781186548,0.));
#7156=DIRECTION('center_axis',(0.,0.,1.));
#7157=DIRECTION('ref_axis',(0.929776485888252,-0.368124552684677,0.));
#7158=DIRECTION('center_axis',(0.,0.,1.));
#7159=DIRECTION('ref_axis',(-0.707106781186548,-0.707106781186548,0.));
#7160=DIRECTION('center_axis',(0.,0.,1.));
#7161=DIRECTION('ref_axis',(-1.,0.,0.));
#7162=DIRECTION('center_axis',(0.,0.,1.));
#7163=DIRECTION('ref_axis',(-1.,0.,0.));
#7164=DIRECTION('center_axis',(0.,0.,1.));
#7165=DIRECTION('ref_axis',(-1.,0.,0.));
#7166=DIRECTION('center_axis',(0.,0.,1.));
#7167=DIRECTION('ref_axis',(-1.,0.,0.));
#7168=DIRECTION('center_axis',(0.,0.,1.));
#7169=DIRECTION('ref_axis',(-0.92977648588825,-0.368124552684681,0.));
#7170=DIRECTION('center_axis',(0.,0.,-1.));
#7171=DIRECTION('ref_axis',(0.707106781186548,-0.707106781186547,0.));
#7172=DIRECTION('center_axis',(0.,0.,1.));
#7173=DIRECTION('ref_axis',(0.368124552684677,0.929776485888252,0.));
#7174=DIRECTION('center_axis',(0.,0.,1.));
#7175=DIRECTION('ref_axis',(0.707106781186547,-0.707106781186548,0.));
#7176=DIRECTION('center_axis',(0.,0.,1.));
#7177=DIRECTION('ref_axis',(-0.929776485888252,0.368124552684677,0.));
#7178=DIRECTION('center_axis',(0.,0.,1.));
#7179=DIRECTION('ref_axis',(0.707106781186547,0.707106781186547,0.));
#7180=DIRECTION('center_axis',(0.,0.,1.));
#7181=DIRECTION('ref_axis',(0.368124552684681,-0.92977648588825,0.));
#7182=DIRECTION('center_axis',(0.,0.,-1.));
#7183=DIRECTION('ref_axis',(0.707106781186547,0.707106781186548,0.));
#7184=DIRECTION('center_axis',(0.,0.,-1.));
#7185=DIRECTION('ref_axis',(-1.,0.,0.));
#7186=DIRECTION('center_axis',(0.907815493904009,-0.419369799851898,3.72475206102417E-15));
#7187=DIRECTION('ref_axis',(-0.419369799851898,-0.907815493904009,0.));
#7188=DIRECTION('center_axis',(0.,0.,-1.));
#7189=DIRECTION('ref_axis',(0.707106781186547,0.707106781186548,0.));
#7190=DIRECTION('center_axis',(0.,1.,0.));
#7191=DIRECTION('ref_axis',(0.,0.,-1.));
#7192=DIRECTION('center_axis',(0.,-1.,0.));
#7193=DIRECTION('ref_axis',(-0.707106781186549,0.,-0.707106781186546));
#7194=DIRECTION('center_axis',(0.,1.,0.));
#7195=DIRECTION('ref_axis',(0.,0.,-1.));
#7196=DIRECTION('',(0.,1.,0.));
#7197=DIRECTION('',(0.,-1.,0.));
#7198=DIRECTION('center_axis',(0.,0.,-1.));
#7199=DIRECTION('ref_axis',(-1.,0.,0.));
#7200=DIRECTION('center_axis',(1.,-2.22044604925032E-15,0.));
#7201=DIRECTION('ref_axis',(0.,0.,-1.));
#7202=DIRECTION('center_axis',(0.,0.,1.));
#7203=DIRECTION('ref_axis',(0.707106781186547,-0.707106781186548,0.));
#7204=DIRECTION('center_axis',(0.,0.,-1.));
#7205=DIRECTION('ref_axis',(0.707106781186547,-0.707106781186548,0.));
#7206=DIRECTION('center_axis',(-1.,1.77635683940025E-15,0.));
#7207=DIRECTION('ref_axis',(0.,0.707106781186546,-0.707106781186549));
#7208=DIRECTION('center_axis',(1.,-4.44089209850064E-15,0.));
#7209=DIRECTION('ref_axis',(0.,0.,-1.));
#7210=DIRECTION('',(1.,-1.77635683940025E-15,0.));
#7211=DIRECTION('',(-1.,1.77635683940025E-15,0.));
#7212=DIRECTION('center_axis',(0.,0.,-1.));
#7213=DIRECTION('ref_axis',(-1.,0.,0.));
#7214=DIRECTION('center_axis',(0.,-1.,0.));
#7215=DIRECTION('ref_axis',(0.,0.,-1.));
#7216=DIRECTION('center_axis',(0.,0.,1.));
#7217=DIRECTION('ref_axis',(-0.707106781186548,-0.707106781186548,0.));
#7218=DIRECTION('center_axis',(0.,0.,-1.));
#7219=DIRECTION('ref_axis',(-0.707106781186547,-0.707106781186547,0.));
#7220=DIRECTION('center_axis',(-4.44089209850063E-16,1.,0.));
#7221=DIRECTION('ref_axis',(0.707106781186546,0.,-0.707106781186549));
#7222=DIRECTION('center_axis',(0.,-1.,0.));
#7223=DIRECTION('ref_axis',(0.,0.,-1.));
#7224=DIRECTION('',(4.44089209850063E-16,-1.,0.));
#7225=DIRECTION('',(-4.44089209850063E-16,1.,0.));
#7226=DIRECTION('center_axis',(0.,0.,-1.));
#7227=DIRECTION('ref_axis',(-1.,0.,0.));
#7228=DIRECTION('center_axis',(-0.907815493904006,-0.419369799851904,0.));
#7229=DIRECTION('ref_axis',(0.,0.,-1.));
#7230=DIRECTION('center_axis',(0.,0.,-1.));
#7231=DIRECTION('ref_axis',(-0.707106781186547,0.707106781186548,0.));
#7232=DIRECTION('center_axis',(1.,2.22044604925028E-15,-2.15323261156768E-15));
#7233=DIRECTION('ref_axis',(2.22044604925028E-15,-1.,0.));
#7234=DIRECTION('center_axis',(-1.,0.,2.22149508737579E-15));
#7235=DIRECTION('ref_axis',(-2.22044604925031E-15,0.0307281686986638,-0.999527778327559));
#7236=DIRECTION('center_axis',(1.,0.,-5.20095053776291E-18));
#7237=DIRECTION('ref_axis',(0.,-0.696157967454707,-0.717888629488816));
#7238=DIRECTION('',(1.,1.69176841847643E-16,0.));
#7239=DIRECTION('center_axis',(0.,0.,1.));
#7240=DIRECTION('ref_axis',(1.,0.,0.));
#7241=DIRECTION('',(-1.,-1.69176841847643E-16,0.));
#7242=DIRECTION('',(0.,1.,0.));
#7243=DIRECTION('center_axis',(0.,0.,-1.));
#7244=DIRECTION('ref_axis',(-0.940782169286489,-0.339011666396022,0.));
#7245=DIRECTION('center_axis',(0.,0.,1.));
#7246=DIRECTION('ref_axis',(6.12323399573677E-17,-1.,0.));
#7247=DIRECTION('center_axis',(0.,0.,-1.));
#7248=DIRECTION('ref_axis',(0.94078216928649,-0.339011666396021,0.));
#7249=DIRECTION('',(1.1154311844568E-16,-1.,0.));
#7250=DIRECTION('',(-1.,-1.69176841847643E-16,0.));
#7251=DIRECTION('center_axis',(0.,0.,-1.));
#7252=DIRECTION('ref_axis',(1.,-1.22464679914735E-16,0.));
#7253=DIRECTION('center_axis',(0.,0.,1.));
#7254=DIRECTION('ref_axis',(0.269457238388603,-0.963012355413983,0.));
#7255=DIRECTION('center_axis',(0.,0.,-1.));
#7256=DIRECTION('ref_axis',(-6.12323399573676E-17,1.,0.));
#7257=DIRECTION('center_axis',(0.,0.,1.));
#7258=DIRECTION('ref_axis',(-0.269457238388603,-0.963012355413983,0.));
#7259=DIRECTION('center_axis',(0.,0.,-1.));
#7260=DIRECTION('ref_axis',(-0.913545457642603,0.406736643075795,0.));
#7261=DIRECTION('center_axis',(0.,0.,-1.));
#7262=DIRECTION('ref_axis',(-0.265839084724638,-0.964017417390768,0.));
#7263=DIRECTION('center_axis',(0.,0.,-1.));
#7264=DIRECTION('ref_axis',(-6.12323399573676E-17,-1.,0.));
#7265=DIRECTION('center_axis',(0.,0.,-1.));
#7266=DIRECTION('ref_axis',(0.265839084724638,-0.964017417390769,0.));
#7267=DIRECTION('center_axis',(0.,0.,-1.));
#7268=DIRECTION('ref_axis',(0.913545457642603,0.406736643075795,0.));
#7269=DIRECTION('center_axis',(0.,0.,1.));
#7270=DIRECTION('ref_axis',(0.963012355413983,0.269457238388603,0.));
#7271=DIRECTION('center_axis',(0.,0.,-1.));
#7272=DIRECTION('ref_axis',(-1.,0.,0.));
#7273=DIRECTION('center_axis',(0.,0.,1.));
#7274=DIRECTION('ref_axis',(0.963012355413983,-0.269457238388603,0.));
#7275=DIRECTION('center_axis',(0.,0.,-1.));
#7276=DIRECTION('ref_axis',(-0.406736643075796,-0.913545457642603,0.));
#7277=DIRECTION('center_axis',(0.,0.,-1.));
#7278=DIRECTION('ref_axis',(0.964017417390768,-0.265839084724638,0.));
#7279=DIRECTION('center_axis',(0.,0.,-1.));
#7280=DIRECTION('ref_axis',(1.,-1.22464679914735E-16,0.));
#7281=DIRECTION('center_axis',(0.,0.,-1.));
#7282=DIRECTION('ref_axis',(0.964017417390769,0.265839084724638,0.));
#7283=DIRECTION('center_axis',(0.,0.,-1.));
#7284=DIRECTION('ref_axis',(-0.406736643075796,0.913545457642603,0.));
#7285=DIRECTION('center_axis',(0.,0.,-1.));
#7286=DIRECTION('ref_axis',(-0.964017417390768,0.265839084724638,0.));
#7287=DIRECTION('center_axis',(0.,0.,-1.));
#7288=DIRECTION('ref_axis',(-1.,-1.11022302462516E-16,0.));
#7289=DIRECTION('center_axis',(0.,0.,-1.));
#7290=DIRECTION('ref_axis',(-0.964017417390769,-0.265839084724638,0.));
#7291=DIRECTION('center_axis',(0.,0.,-1.));
#7292=DIRECTION('ref_axis',(0.406736643075792,-0.913545457642605,0.));
#7293=DIRECTION('center_axis',(0.,0.,1.));
#7294=DIRECTION('ref_axis',(-0.963012355413983,-0.269457238388603,0.));
#7295=DIRECTION('center_axis',(0.,0.,-1.));
#7296=DIRECTION('ref_axis',(1.,-1.22464679914735E-16,0.));
#7297=DIRECTION('center_axis',(0.,0.,1.));
#7298=DIRECTION('ref_axis',(-0.963012355413983,0.269457238388603,0.));
#7299=DIRECTION('center_axis',(0.,0.,-1.));
#7300=DIRECTION('ref_axis',(0.406736643075795,0.913545457642603,0.));
#7301=DIRECTION('center_axis',(0.,0.,-1.));
#7302=DIRECTION('ref_axis',(0.265839084724638,0.964017417390768,0.));
#7303=DIRECTION('center_axis',(0.,0.,-1.));
#7304=DIRECTION('ref_axis',(-6.12323399573676E-17,1.,0.));
#7305=DIRECTION('center_axis',(0.,0.,-1.));
#7306=DIRECTION('ref_axis',(-0.265839084724638,0.964017417390769,0.));
#7307=DIRECTION('center_axis',(0.,0.,-1.));
#7308=DIRECTION('ref_axis',(-0.913545457642603,-0.406736643075795,0.));
#7309=DIRECTION('center_axis',(0.,0.,1.));
#7310=DIRECTION('ref_axis',(-0.269457238388603,0.963012355413983,0.));
#7311=DIRECTION('center_axis',(0.,0.,-1.));
#7312=DIRECTION('ref_axis',(-6.12323399573676E-17,-1.,0.));
#7313=DIRECTION('center_axis',(0.,0.,1.));
#7314=DIRECTION('ref_axis',(0.269457238388603,0.963012355413983,0.));
#7315=DIRECTION('center_axis',(0.,0.,-1.));
#7316=DIRECTION('ref_axis',(0.913545457642603,-0.406736643075795,0.));
#7317=DIRECTION('center_axis',(0.,0.,-1.));
#7318=DIRECTION('ref_axis',(-1.,0.,0.));
#7319=DIRECTION('center_axis',(0.,0.,-1.));
#7320=DIRECTION('ref_axis',(-1.,0.,0.));
#7321=DIRECTION('center_axis',(0.,0.,-1.));
#7322=DIRECTION('ref_axis',(-1.,0.,0.));
#7323=DIRECTION('center_axis',(0.,0.,-1.));
#7324=DIRECTION('ref_axis',(-1.,0.,0.));
#7325=DIRECTION('center_axis',(1.,0.,0.));
#7326=DIRECTION('ref_axis',(0.,-0.939692620785908,0.34202014332567));
#7327=DIRECTION('center_axis',(-5.78618876961149E-17,0.342020143325669,
0.939692620785908));
#7328=DIRECTION('ref_axis',(0.707106781186545,-0.664463024388677,0.241844762647977));
#7329=DIRECTION('center_axis',(0.,-0.939692620785907,0.342020143325673));
#7330=DIRECTION('ref_axis',(0.,-0.342020143325673,-0.939692620785907));
#7331=DIRECTION('center_axis',(5.78618876961149E-17,-0.342020143325669,
-0.939692620785908));
#7332=DIRECTION('ref_axis',(0.707106781186545,-0.664463024388677,0.241844762647977));
#7333=DIRECTION('center_axis',(-4.93432455388959E-16,-0.939692620785908,
0.342020143325669));
#7334=DIRECTION('ref_axis',(0.707106781186544,-0.24184476264798,-0.664463024388677));
#7335=DIRECTION('center_axis',(-1.51887455202304E-15,-0.939692620785906,
0.342020143325674));
#7336=DIRECTION('ref_axis',(0.,-0.342020143325674,-0.939692620785906));
#7337=DIRECTION('',(-4.93432455388959E-16,-0.939692620785908,0.342020143325669));
#7338=DIRECTION('',(4.93432455388959E-16,0.939692620785908,-0.342020143325669));
#7339=DIRECTION('center_axis',(5.78618876961149E-17,-0.342020143325669,
-0.939692620785908));
#7340=DIRECTION('ref_axis',(-1.,0.,0.));
#7341=DIRECTION('center_axis',(-1.,-2.08653676733373E-15,7.59437276011514E-16));
#7342=DIRECTION('ref_axis',(0.,-0.342020143325673,-0.939692620785907));
#7343=DIRECTION('center_axis',(-5.78618876961149E-17,0.342020143325669,
0.939692620785908));
#7344=DIRECTION('ref_axis',(-0.707106781186547,0.664463024388675,-0.241844762647976));
#7345=DIRECTION('center_axis',(5.78618876961149E-17,-0.342020143325669,
-0.939692620785908));
#7346=DIRECTION('ref_axis',(-0.707106781186547,0.664463024388675,-0.241844762647976));
#7347=DIRECTION('center_axis',(-1.,-2.97994833434085E-16,4.68859145754191E-17));
#7348=DIRECTION('ref_axis',(0.,-0.90630778703665,-0.422618261740699));
#7349=DIRECTION('center_axis',(-1.,0.,0.));
#7350=DIRECTION('ref_axis',(0.,-0.342020143325673,-0.939692620785907));
#7351=DIRECTION('',(-1.,-2.97994833434085E-16,4.68859145754191E-17));
#7352=DIRECTION('',(1.,2.97994833434085E-16,-4.68859145754191E-17));
#7353=DIRECTION('center_axis',(5.78618876961149E-17,-0.342020143325669,
-0.939692620785908));
#7354=DIRECTION('ref_axis',(-1.,0.,0.));
#7355=DIRECTION('center_axis',(0.,0.939692620785907,-0.342020143325673));
#7356=DIRECTION('ref_axis',(0.,-0.342020143325673,-0.939692620785907));
#7357=DIRECTION('center_axis',(-5.78618876961149E-17,0.342020143325669,
0.939692620785908));
#7358=DIRECTION('ref_axis',(0.707106781186547,0.664463024388675,-0.241844762647976));
#7359=DIRECTION('center_axis',(5.78618876961149E-17,-0.342020143325669,
-0.939692620785908));
#7360=DIRECTION('ref_axis',(0.707106781186547,0.664463024388675,-0.241844762647976));
#7361=DIRECTION('center_axis',(3.08148791101958E-33,0.939692620785908,-0.342020143325669));
#7362=DIRECTION('ref_axis',(-0.707106781186546,-0.24184476264798,-0.664463024388675));
#7363=DIRECTION('center_axis',(-1.51887455202303E-15,0.939692620785906,
-0.342020143325674));
#7364=DIRECTION('ref_axis',(0.,-0.342020143325674,-0.939692620785906));
#7365=DIRECTION('',(3.08148791101958E-33,0.939692620785908,-0.342020143325669));
#7366=DIRECTION('',(-3.08148791101958E-33,-0.939692620785908,0.342020143325669));
#7367=DIRECTION('center_axis',(-1.,0.,0.));
#7368=DIRECTION('ref_axis',(0.,-0.342020143325673,-0.939692620785907));
#7369=DIRECTION('center_axis',(5.78618876961149E-17,-0.342020143325669,
-0.939692620785908));
#7370=DIRECTION('ref_axis',(-0.707106781186546,-0.664463024388676,0.241844762647976));
#7371=DIRECTION('center_axis',(-5.78618876961149E-17,0.342020143325669,
0.939692620785908));
#7372=DIRECTION('ref_axis',(-0.707106781186546,-0.664463024388676,0.241844762647976));
#7373=DIRECTION('center_axis',(-1.,-3.67546059011876E-16,7.22004904424694E-17));
#7374=DIRECTION('ref_axis',(0.,-0.906307787036652,-0.422618261740694));
#7375=DIRECTION('center_axis',(-1.,0.,0.));
#7376=DIRECTION('ref_axis',(0.,-0.342020143325674,-0.939692620785906));
#7377=DIRECTION('',(-1.,-3.67546059011876E-16,7.22004904424694E-17));
#7378=DIRECTION('',(1.,3.67546059011876E-16,-7.22004904424694E-17));
#7379=DIRECTION('center_axis',(5.78618876961149E-17,-0.342020143325669,
-0.939692620785908));
#7380=DIRECTION('ref_axis',(-1.,0.,0.));
#7381=DIRECTION('center_axis',(0.,0.939692620785907,-0.342020143325673));
#7382=DIRECTION('ref_axis',(0.,-0.342020143325673,-0.939692620785907));
#7383=DIRECTION('center_axis',(-5.78618876961149E-17,0.342020143325669,
0.939692620785908));
#7384=DIRECTION('ref_axis',(0.707106781186548,0.664463024388674,-0.241844762647976));
#7385=DIRECTION('center_axis',(5.78618876961149E-17,-0.342020143325669,
-0.939692620785908));
#7386=DIRECTION('ref_axis',(0.707106781186548,0.664463024388674,-0.241844762647975));
#7387=DIRECTION('center_axis',(-7.40148683083438E-16,0.939692620785908,
-0.342020143325669));
#7388=DIRECTION('ref_axis',(-0.707106781186547,-0.241844762647979,-0.664463024388674));
#7389=DIRECTION('center_axis',(0.,0.939692620785906,-0.342020143325674));
#7390=DIRECTION('ref_axis',(0.,-0.342020143325674,-0.939692620785906));
#7391=DIRECTION('',(-7.40148683083438E-16,0.939692620785908,-0.342020143325669));
#7392=DIRECTION('',(7.40148683083438E-16,-0.939692620785908,0.342020143325669));
#7393=DIRECTION('center_axis',(5.78618876961149E-17,-0.342020143325669,
-0.939692620785908));
#7394=DIRECTION('ref_axis',(-1.,0.,0.));
#7395=DIRECTION('center_axis',(1.,0.,0.));
#7396=DIRECTION('ref_axis',(0.,-0.342020143325674,-0.939692620785906));
#7397=DIRECTION('center_axis',(-5.78618876961149E-17,0.342020143325669,
0.939692620785908));
#7398=DIRECTION('ref_axis',(0.707106781186544,-0.664463024388678,0.241844762647977));
#7399=DIRECTION('center_axis',(5.78618876961149E-17,-0.342020143325669,
-0.939692620785908));
#7400=DIRECTION('ref_axis',(0.707106781186544,-0.664463024388678,0.241844762647977));
#7401=DIRECTION('center_axis',(1.,1.9789931122919E-17,5.43723888927821E-17));
#7402=DIRECTION('ref_axis',(0.,0.422618261740694,-0.906307787036652));
#7403=DIRECTION('center_axis',(1.,0.,0.));
#7404=DIRECTION('ref_axis',(0.,-0.342020143325671,-0.939692620785908));
#7405=DIRECTION('',(1.,1.9789931122919E-17,5.43723888927821E-17));
#7406=DIRECTION('',(-1.,-1.9789931122919E-17,-5.43723888927821E-17));
#7407=DIRECTION('center_axis',(0.,0.939692620785906,-0.342020143325674));
#7408=DIRECTION('ref_axis',(0.,-0.342020143325674,-0.939692620785906));
#7409=DIRECTION('center_axis',(5.78618876961149E-17,-0.342020143325669,
-0.939692620785908));
#7410=DIRECTION('ref_axis',(-0.707106781186548,0.664463024388674,-0.241844762647976));
#7411=DIRECTION('center_axis',(-5.78618876961149E-17,0.342020143325669,
0.939692620785908));
#7412=DIRECTION('ref_axis',(-0.707106781186548,0.664463024388674,-0.241844762647976));
#7413=DIRECTION('center_axis',(3.08148791101958E-33,0.939692620785908,-0.342020143325669));
#7414=DIRECTION('ref_axis',(-0.707106781186546,-0.24184476264798,-0.664463024388675));
#7415=DIRECTION('center_axis',(0.,0.939692620785906,-0.342020143325676));
#7416=DIRECTION('ref_axis',(0.,-0.342020143325676,-0.939692620785906));
#7417=DIRECTION('',(3.08148791101958E-33,0.939692620785908,-0.342020143325669));
#7418=DIRECTION('',(-3.08148791101958E-33,-0.939692620785908,0.342020143325669));
#7419=DIRECTION('center_axis',(5.78618876961149E-17,-0.342020143325669,
-0.939692620785908));
#7420=DIRECTION('ref_axis',(-1.,0.,0.));
#7421=DIRECTION('center_axis',(1.,-2.08653676733377E-15,7.5943727601153E-16));
#7422=DIRECTION('ref_axis',(0.,-0.342020143325674,-0.939692620785906));
#7423=DIRECTION('center_axis',(-5.78618876961149E-17,0.342020143325669,
0.939692620785908));
#7424=DIRECTION('ref_axis',(0.707106781186546,-0.664463024388676,0.241844762647976));
#7425=DIRECTION('center_axis',(5.78618876961149E-17,-0.342020143325669,
-0.939692620785908));
#7426=DIRECTION('ref_axis',(0.707106781186546,-0.664463024388676,0.241844762647976));
#7427=DIRECTION('center_axis',(1.,1.9789931122919E-17,5.43723888927821E-17));
#7428=DIRECTION('ref_axis',(0.,0.422618261740696,-0.906307787036651));
#7429=DIRECTION('center_axis',(1.,0.,0.));
#7430=DIRECTION('ref_axis',(0.,-0.342020143325674,-0.939692620785906));
#7431=DIRECTION('',(1.,1.9789931122919E-17,5.43723888927821E-17));
#7432=DIRECTION('',(-1.,-1.9789931122919E-17,-5.43723888927821E-17));
#7433=DIRECTION('center_axis',(5.78618876961149E-17,-0.342020143325669,
-0.939692620785908));
#7434=DIRECTION('ref_axis',(-1.,0.,0.));
#7435=DIRECTION('center_axis',(0.,-0.939692620785907,0.342020143325671));
#7436=DIRECTION('ref_axis',(0.,-0.342020143325671,-0.939692620785908));
#7437=DIRECTION('center_axis',(-5.78618876961149E-17,0.342020143325669,
0.939692620785908));
#7438=DIRECTION('ref_axis',(-0.707106781186545,-0.664463024388677,0.241844762647977));
#7439=DIRECTION('center_axis',(5.78618876961149E-17,-0.342020143325669,
-0.939692620785908));
#7440=DIRECTION('ref_axis',(-0.707106781186545,-0.664463024388677,0.241844762647977));
#7441=DIRECTION('center_axis',(-3.08148791101958E-33,-0.939692620785908,
0.342020143325669));
#7442=DIRECTION('ref_axis',(0.707106781186552,-0.241844762647982,-0.664463024388668));
#7443=DIRECTION('center_axis',(1.51887455202305E-15,-0.939692620785905,
0.342020143325677));
#7444=DIRECTION('ref_axis',(0.,-0.342020143325677,-0.939692620785905));
#7445=DIRECTION('',(-3.08148791101958E-33,-0.939692620785908,0.342020143325669));
#7446=DIRECTION('',(3.08148791101958E-33,0.939692620785908,-0.342020143325669));
#7447=DIRECTION('center_axis',(1.,0.,0.));
#7448=DIRECTION('ref_axis',(0.,-0.342020143325673,-0.939692620785907));
#7449=DIRECTION('center_axis',(5.78618876961149E-17,-0.342020143325669,
-0.939692620785908));
#7450=DIRECTION('ref_axis',(0.707106781186551,0.664463024388672,-0.241844762647975));
#7451=DIRECTION('center_axis',(-5.78618876961149E-17,0.342020143325669,
0.939692620785908));
#7452=DIRECTION('ref_axis',(0.707106781186551,0.664463024388672,-0.241844762647975));
#7453=DIRECTION('center_axis',(1.,1.9789931122919E-17,5.43723888927821E-17));
#7454=DIRECTION('ref_axis',(0.,0.422618261740696,-0.906307787036651));
#7455=DIRECTION('center_axis',(1.,0.,0.));
#7456=DIRECTION('ref_axis',(0.,-0.342020143325674,-0.939692620785906));
#7457=DIRECTION('',(1.,1.9789931122919E-17,5.43723888927821E-17));
#7458=DIRECTION('',(-1.,-1.9789931122919E-17,-5.43723888927821E-17));
#7459=DIRECTION('center_axis',(5.78618876961149E-17,-0.342020143325669,
-0.939692620785908));
#7460=DIRECTION('ref_axis',(-1.,0.,0.));
#7461=DIRECTION('center_axis',(0.,-0.939692620785908,0.342020143325671));
#7462=DIRECTION('ref_axis',(0.,-0.342020143325671,-0.939692620785908));
#7463=DIRECTION('center_axis',(-5.78618876961149E-17,0.342020143325669,
0.939692620785908));
#7464=DIRECTION('ref_axis',(-0.707106781186546,-0.664463024388676,0.241844762647976));
#7465=DIRECTION('center_axis',(5.78618876961149E-17,-0.342020143325669,
-0.939692620785908));
#7466=DIRECTION('ref_axis',(-0.707106781186546,-0.664463024388676,0.241844762647976));
#7467=DIRECTION('center_axis',(1.75785312232317E-15,-0.939692620785908,
0.342020143325669));
#7468=DIRECTION('ref_axis',(0.707106781186547,-0.241844762647979,-0.664463024388674));
#7469=DIRECTION('center_axis',(0.,-0.939692620785906,0.342020143325674));
#7470=DIRECTION('ref_axis',(0.,-0.342020143325674,-0.939692620785906));
#7471=DIRECTION('',(1.75785312232317E-15,-0.939692620785908,0.342020143325669));
#7472=DIRECTION('',(-1.75785312232317E-15,0.939692620785908,-0.342020143325669));
#7473=DIRECTION('center_axis',(5.78618876961149E-17,-0.342020143325669,
-0.939692620785908));
#7474=DIRECTION('ref_axis',(-1.,0.,0.));
#7475=DIRECTION('center_axis',(-1.,0.,0.));
#7476=DIRECTION('ref_axis',(0.,-0.342020143325671,-0.939692620785908));
#7477=DIRECTION('center_axis',(-5.78618876961149E-17,0.342020143325669,
0.939692620785908));
#7478=DIRECTION('ref_axis',(-0.707106781186548,0.664463024388674,-0.241844762647976));
#7479=DIRECTION('center_axis',(5.78618876961149E-17,-0.342020143325669,
-0.939692620785908));
#7480=DIRECTION('ref_axis',(-0.707106781186548,0.664463024388674,-0.241844762647976));
#7481=DIRECTION('center_axis',(-1.,-1.9789931122919E-17,-5.43723888927821E-17));
#7482=DIRECTION('ref_axis',(0.,-0.906307787036652,-0.422618261740694));
#7483=DIRECTION('',(1.,1.9789931122919E-17,5.43723888927821E-17));
#7484=DIRECTION('',(-1.,-1.9789931122919E-17,-5.43723888927821E-17));
#7485=DIRECTION('center_axis',(1.,-2.89565145102608E-33,1.05393093698323E-33));
#7486=DIRECTION('ref_axis',(-3.08148791101958E-33,-0.939692620785908,0.342020143325669));
#7487=DIRECTION('',(0.,-0.342020143325669,-0.939692620785908));
#7488=DIRECTION('',(-3.08148791101958E-33,-0.939692620785908,0.342020143325669));
#7489=DIRECTION('',(0.,0.342020143325669,0.939692620785908));
#7490=DIRECTION('center_axis',(0.,-0.342020143325669,-0.939692620785908));
#7491=DIRECTION('ref_axis',(0.707106781186546,-0.664463024388677,0.241844762647974));
#7492=DIRECTION('',(0.,0.342020143325669,0.939692620785908));
#7493=DIRECTION('center_axis',(5.78618876961149E-17,-0.342020143325669,
-0.939692620785908));
#7494=DIRECTION('ref_axis',(0.707106781186548,-0.664463024388674,0.241844762647976));
#7495=DIRECTION('center_axis',(6.16297582203915E-33,-0.939692620785908,
0.342020143325669));
#7496=DIRECTION('ref_axis',(-1.,-1.9789931122919E-17,-5.43723888927821E-17));
#7497=DIRECTION('',(0.,-0.342020143325669,-0.939692620785908));
#7498=DIRECTION('',(-1.,-1.9789931122919E-17,-5.43723888927821E-17));
#7499=DIRECTION('center_axis',(0.,-0.342020143325669,-0.939692620785908));
#7500=DIRECTION('ref_axis',(-0.707106781186545,-0.664463024388676,0.24184476264798));
#7501=DIRECTION('',(0.,0.342020143325669,0.939692620785908));
#7502=DIRECTION('center_axis',(5.78618876961149E-17,-0.342020143325669,
-0.939692620785908));
#7503=DIRECTION('ref_axis',(-0.707106781186547,-0.664463024388675,0.241844762647976));
#7504=DIRECTION('center_axis',(-1.,2.89565145102608E-33,-1.05393093698323E-33));
#7505=DIRECTION('ref_axis',(3.08148791101958E-33,0.939692620785908,-0.342020143325669));
#7506=DIRECTION('',(0.,-0.342020143325669,-0.939692620785908));
#7507=DIRECTION('',(3.08148791101958E-33,0.939692620785908,-0.342020143325669));
#7508=DIRECTION('center_axis',(0.,-0.342020143325669,-0.939692620785908));
#7509=DIRECTION('ref_axis',(0.707106781186552,0.66446302438867,-0.241844762647976));
#7510=DIRECTION('',(0.,0.342020143325669,0.939692620785908));
#7511=DIRECTION('center_axis',(-5.78618876961149E-17,0.342020143325669,
0.939692620785908));
#7512=DIRECTION('ref_axis',(0.707106781186548,0.664463024388674,-0.241844762647976));
#7513=DIRECTION('center_axis',(6.16297582203915E-33,-0.939692620785908,
0.342020143325669));
#7514=DIRECTION('ref_axis',(-1.,-1.9789931122919E-17,-5.43723888927821E-17));
#7515=DIRECTION('',(9.86076131526265E-32,-0.342020143325669,-0.939692620785908));
#7516=DIRECTION('',(-1.,-1.9789931122919E-17,-5.43723888927821E-17));
#7517=DIRECTION('center_axis',(9.86076131526265E-32,-0.342020143325669,
-0.939692620785908));
#7518=DIRECTION('ref_axis',(-0.707106781186548,-0.664463024388675,0.241844762647973));
#7519=DIRECTION('',(-9.86076131526265E-32,0.342020143325669,0.939692620785908));
#7520=DIRECTION('center_axis',(5.78618876961149E-17,-0.342020143325669,
-0.939692620785908));
#7521=DIRECTION('ref_axis',(-0.707106781186548,-0.664463024388674,0.241844762647975));
#7522=DIRECTION('center_axis',(-1.,-1.65184160747255E-15,6.01221176842444E-16));
#7523=DIRECTION('ref_axis',(-1.75785312232317E-15,0.939692620785908,-0.342020143325669));
#7524=DIRECTION('',(9.86076131526265E-32,-0.342020143325669,-0.939692620785908));
#7525=DIRECTION('',(-1.75785312232317E-15,0.939692620785908,-0.342020143325669));
#7526=DIRECTION('center_axis',(9.86076131526265E-32,-0.342020143325669,
-0.939692620785908));
#7527=DIRECTION('ref_axis',(-0.707106781186546,0.664463024388676,-0.241844762647977));
#7528=DIRECTION('',(-9.86076131526265E-32,0.342020143325669,0.939692620785908));
#7529=DIRECTION('center_axis',(5.78618876961149E-17,-0.342020143325669,
-0.939692620785908));
#7530=DIRECTION('ref_axis',(-0.707106781186545,0.664463024388677,-0.241844762647977));
#7531=DIRECTION('center_axis',(-3.08148791101958E-33,0.939692620785908,
-0.342020143325669));
#7532=DIRECTION('ref_axis',(1.,1.9789931122919E-17,5.43723888927821E-17));
#7533=DIRECTION('',(-2.46519032881566E-32,-0.342020143325669,-0.939692620785908));
#7534=DIRECTION('',(1.,1.9789931122919E-17,5.43723888927821E-17));
#7535=DIRECTION('center_axis',(-2.46519032881566E-32,-0.342020143325669,
-0.939692620785908));
#7536=DIRECTION('ref_axis',(0.707106781186546,-0.664463024388676,0.241844762647977));
#7537=DIRECTION('',(2.46519032881566E-32,0.342020143325669,0.939692620785908));
#7538=DIRECTION('center_axis',(-5.78618876961149E-17,0.342020143325669,
0.939692620785908));
#7539=DIRECTION('ref_axis',(0.707106781186548,-0.664463024388674,0.241844762647976));
#7540=DIRECTION('center_axis',(5.78618876961149E-17,-0.342020143325669,
-0.939692620785908));
#7541=DIRECTION('ref_axis',(-1.04816245302854E-16,0.939692620785908,-0.342020143325669));
#7542=DIRECTION('',(1.04816245302854E-16,-0.939692620785908,0.342020143325669));
#7543=DIRECTION('',(-1.,-1.69176841847643E-16,0.));
#7544=DIRECTION('',(0.,0.939692620785908,-0.342020143325669));
#7545=DIRECTION('',(1.,1.69176841847643E-16,0.));
#7546=DIRECTION('center_axis',(5.78618876961149E-17,-0.342020143325669,
-0.939692620785908));
#7547=DIRECTION('ref_axis',(1.,1.02929815188586E-14,-3.68476355995695E-15));
#7548=DIRECTION('center_axis',(5.78618876961149E-17,-0.342020143325669,
-0.939692620785908));
#7549=DIRECTION('ref_axis',(1.,3.16865100657954E-15,-1.09171931441289E-15));
#7550=DIRECTION('center_axis',(5.78618876961149E-17,-0.342020143325669,
-0.939692620785908));
#7551=DIRECTION('ref_axis',(1.,-5.38318121498733E-15,2.02089306267606E-15));
#7552=DIRECTION('center_axis',(5.78618876961149E-17,-0.342020143325669,
-0.939692620785908));
#7553=DIRECTION('ref_axis',(1.,3.16865100657954E-15,-1.09171931441289E-15));
#7554=DIRECTION('center_axis',(-5.78618876961149E-17,0.342020143325669,
0.939692620785908));
#7555=DIRECTION('ref_axis',(1.,0.,0.));
#7556=DIRECTION('center_axis',(-1.,2.08653676733378E-15,-7.59437276011488E-16));
#7557=DIRECTION('ref_axis',(-2.22044604925034E-15,-0.939692620785907,0.342020143325672));
#7558=DIRECTION('center_axis',(-5.78618876961149E-17,0.342020143325669,
0.939692620785908));
#7559=DIRECTION('ref_axis',(-0.707106781186544,0.664463024388678,-0.241844762647977));
#7560=DIRECTION('center_axis',(0.,0.939692620785907,-0.342020143325673));
#7561=DIRECTION('ref_axis',(0.,0.342020143325673,0.939692620785907));
#7562=DIRECTION('center_axis',(5.78618876961149E-17,-0.342020143325669,
-0.939692620785908));
#7563=DIRECTION('ref_axis',(-0.707106781186544,0.664463024388678,-0.241844762647977));
#7564=DIRECTION('center_axis',(4.93432455388959E-16,0.939692620785908,-0.342020143325669));
#7565=DIRECTION('ref_axis',(0.707106781186548,0.241844762647957,0.664463024388681));
#7566=DIRECTION('center_axis',(0.,0.939692620785906,-0.342020143325676));
#7567=DIRECTION('ref_axis',(0.,0.342020143325676,0.939692620785906));
#7568=DIRECTION('',(4.93432455388959E-16,0.939692620785908,-0.342020143325669));
#7569=DIRECTION('',(-4.93432455388959E-16,-0.939692620785908,0.342020143325669));
#7570=DIRECTION('center_axis',(1.,0.,0.));
#7571=DIRECTION('ref_axis',(0.,0.342020143325674,0.939692620785906));
#7572=DIRECTION('center_axis',(5.78618876961149E-17,-0.342020143325669,
-0.939692620785908));
#7573=DIRECTION('ref_axis',(0.707106781186548,-0.664463024388674,0.241844762647976));
#7574=DIRECTION('center_axis',(1.,1.9789931122919E-17,5.43723888927821E-17));
#7575=DIRECTION('ref_axis',(0.,-0.422618261740696,0.906307787036651));
#7576=DIRECTION('center_axis',(1.,0.,0.));
#7577=DIRECTION('ref_axis',(0.,0.342020143325674,0.939692620785906));
#7578=DIRECTION('',(-1.,-1.9789931122919E-17,-5.43723888927821E-17));
#7579=DIRECTION('center_axis',(-5.78618876961149E-17,0.342020143325669,
0.939692620785908));
#7580=DIRECTION('ref_axis',(1.,0.,0.));
#7581=DIRECTION('center_axis',(0.,0.939692620785906,-0.342020143325674));
#7582=DIRECTION('ref_axis',(0.,0.342020143325674,0.939692620785906));
#7583=DIRECTION('center_axis',(-5.78618876961149E-17,0.342020143325669,
0.939692620785908));
#7584=DIRECTION('ref_axis',(-0.707106781186545,0.664463024388677,-0.241844762647977));
#7585=DIRECTION('center_axis',(-1.75785312232317E-15,0.939692620785908,
-0.342020143325669));
#7586=DIRECTION('ref_axis',(0.707106781186547,0.241844762647979,0.664463024388674));
#7587=DIRECTION('center_axis',(0.,0.939692620785906,-0.342020143325674));
#7588=DIRECTION('ref_axis',(0.,0.342020143325674,0.939692620785906));
#7589=DIRECTION('',(1.75785312232317E-15,-0.939692620785908,0.342020143325669));
#7590=DIRECTION('center_axis',(-5.78618876961149E-17,0.342020143325669,
0.939692620785908));
#7591=DIRECTION('ref_axis',(1.,0.,0.));
#7592=DIRECTION('center_axis',(-1.,0.,0.));
#7593=DIRECTION('ref_axis',(0.,0.342020143325674,0.939692620785906));
#7594=DIRECTION('center_axis',(-5.78618876961149E-17,0.342020143325669,
0.939692620785908));
#7595=DIRECTION('ref_axis',(-0.707106781186548,-0.664463024388674,0.241844762647975));
#7596=DIRECTION('center_axis',(-1.,-1.9789931122919E-17,-5.43723888927821E-17));
#7597=DIRECTION('ref_axis',(0.,0.906307787036652,0.422618261740694));
#7598=DIRECTION('center_axis',(-1.,0.,0.));
#7599=DIRECTION('ref_axis',(0.,0.342020143325677,0.939692620785905));
#7600=DIRECTION('',(1.,1.9789931122919E-17,5.43723888927821E-17));
#7601=DIRECTION('center_axis',(0.,0.939692620785906,-0.342020143325674));
#7602=DIRECTION('ref_axis',(0.,0.342020143325674,0.939692620785906));
#7603=DIRECTION('center_axis',(5.78618876961149E-17,-0.342020143325669,
-0.939692620785908));
#7604=DIRECTION('ref_axis',(0.707106781186548,0.664463024388674,-0.241844762647975));
#7605=DIRECTION('center_axis',(3.08148791101958E-33,0.939692620785908,-0.342020143325669));
#7606=DIRECTION('ref_axis',(0.707106781186546,0.24184476264798,0.664463024388675));
#7607=DIRECTION('center_axis',(0.,0.939692620785906,-0.342020143325674));
#7608=DIRECTION('ref_axis',(0.,0.342020143325674,0.939692620785906));
#7609=DIRECTION('',(-3.08148791101958E-33,-0.939692620785908,0.342020143325669));
#7610=DIRECTION('center_axis',(-5.78618876961149E-17,0.342020143325669,
0.939692620785908));
#7611=DIRECTION('ref_axis',(1.,0.,0.));
#7612=DIRECTION('center_axis',(-1.,-2.08653676733373E-15,7.59437276011517E-16));
#7613=DIRECTION('ref_axis',(0.,0.342020143325674,0.939692620785906));
#7614=DIRECTION('center_axis',(-5.78618876961149E-17,0.342020143325669,
0.939692620785908));
#7615=DIRECTION('ref_axis',(-0.707106781186547,-0.664463024388675,0.241844762647976));
#7616=DIRECTION('center_axis',(-1.,-1.9789931122919E-17,-5.43723888927821E-17));
#7617=DIRECTION('ref_axis',(0.,0.906307787036648,0.422618261740704));
#7618=DIRECTION('center_axis',(-1.,2.08653676733373E-15,-7.5943727601151E-16));
#7619=DIRECTION('ref_axis',(0.,0.342020143325671,0.939692620785908));
#7620=DIRECTION('',(1.,1.9789931122919E-17,5.43723888927821E-17));
#7621=DIRECTION('center_axis',(-5.78618876961149E-17,0.342020143325669,
0.939692620785908));
#7622=DIRECTION('ref_axis',(1.,0.,0.));
#7623=DIRECTION('center_axis',(0.,-0.939692620785906,0.342020143325674));
#7624=DIRECTION('ref_axis',(0.,0.342020143325674,0.939692620785906));
#7625=DIRECTION('center_axis',(-5.78618876961149E-17,0.342020143325669,
0.939692620785908));
#7626=DIRECTION('ref_axis',(0.707106781186548,-0.664463024388674,0.241844762647976));
#7627=DIRECTION('center_axis',(-3.08148791101958E-33,-0.939692620785908,
0.342020143325669));
#7628=DIRECTION('ref_axis',(-0.707106781186543,0.241844762647979,0.664463024388679));
#7629=DIRECTION('center_axis',(-3.03774910404607E-15,-0.939692620785906,
0.342020143325674));
#7630=DIRECTION('ref_axis',(0.,0.342020143325674,0.939692620785906));
#7631=DIRECTION('',(3.08148791101958E-33,0.939692620785908,-0.342020143325669));
#7632=DIRECTION('center_axis',(-1.,0.,0.));
#7633=DIRECTION('ref_axis',(0.,0.342020143325671,0.939692620785908));
#7634=DIRECTION('center_axis',(-5.78618876961149E-17,0.342020143325669,
0.939692620785908));
#7635=DIRECTION('ref_axis',(-0.707106781186545,0.664463024388677,-0.241844762647977));
#7636=DIRECTION('center_axis',(5.78618876961149E-17,-0.342020143325669,
-0.939692620785908));
#7637=DIRECTION('ref_axis',(-0.707106781186545,0.664463024388677,-0.241844762647977));
#7638=DIRECTION('center_axis',(-1.,-1.9789931122919E-17,-5.43723888927821E-17));
#7639=DIRECTION('ref_axis',(0.,0.906307787036652,0.422618261740694));
#7640=DIRECTION('center_axis',(-1.,0.,0.));
#7641=DIRECTION('ref_axis',(0.,0.342020143325674,0.939692620785906));
#7642=DIRECTION('',(-1.,-1.9789931122919E-17,-5.43723888927821E-17));
#7643=DIRECTION('',(1.,1.9789931122919E-17,5.43723888927821E-17));
#7644=DIRECTION('center_axis',(-5.78618876961149E-17,0.342020143325669,
0.939692620785908));
#7645=DIRECTION('ref_axis',(1.,0.,0.));
#7646=DIRECTION('center_axis',(1.51887455202301E-15,-0.939692620785909,
0.342020143325669));
#7647=DIRECTION('ref_axis',(0.,0.342020143325669,0.939692620785909));
#7648=DIRECTION('center_axis',(5.78618876961149E-17,-0.342020143325669,
-0.939692620785908));
#7649=DIRECTION('ref_axis',(0.707106781186548,-0.664463024388674,0.241844762647975));
#7650=DIRECTION('center_axis',(-5.78618876961149E-17,0.342020143325669,
0.939692620785908));
#7651=DIRECTION('ref_axis',(0.707106781186548,-0.664463024388674,0.241844762647976));
#7652=DIRECTION('center_axis',(7.40148683083438E-16,-0.939692620785908,
0.342020143325669));
#7653=DIRECTION('ref_axis',(-0.707106781186543,0.241844762648005,0.664463024388669));
#7654=DIRECTION('center_axis',(-1.51887455202306E-15,-0.939692620785905,
0.342020143325679));
#7655=DIRECTION('ref_axis',(0.,0.342020143325679,0.939692620785905));
#7656=DIRECTION('',(7.40148683083438E-16,-0.939692620785908,0.342020143325669));
#7657=DIRECTION('',(-7.40148683083438E-16,0.939692620785908,-0.342020143325669));
#7658=DIRECTION('center_axis',(-5.78618876961149E-17,0.342020143325669,
0.939692620785908));
#7659=DIRECTION('ref_axis',(1.,0.,0.));
#7660=DIRECTION('center_axis',(1.,0.,0.));
#7661=DIRECTION('ref_axis',(0.,0.342020143325673,0.939692620785907));
#7662=DIRECTION('center_axis',(5.78618876961149E-17,-0.342020143325669,
-0.939692620785908));
#7663=DIRECTION('ref_axis',(0.707106781186545,0.664463024388677,-0.241844762647977));
#7664=DIRECTION('center_axis',(-5.78618876961149E-17,0.342020143325669,
0.939692620785908));
#7665=DIRECTION('ref_axis',(0.707106781186545,0.664463024388677,-0.241844762647976));
#7666=DIRECTION('center_axis',(1.,3.67546059011876E-16,-7.22004904424694E-17));
#7667=DIRECTION('ref_axis',(0.,-0.42261826174072,0.906307787036641));
#7668=DIRECTION('center_axis',(1.,2.0865367673337E-15,-7.59437276011478E-16));
#7669=DIRECTION('ref_axis',(0.,0.342020143325663,0.939692620785911));
#7670=DIRECTION('',(1.,3.67546059011876E-16,-7.22004904424694E-17));
#7671=DIRECTION('',(-1.,-3.67546059011876E-16,7.22004904424694E-17));
#7672=DIRECTION('center_axis',(0.,-0.939692620785907,0.342020143325671));
#7673=DIRECTION('ref_axis',(0.,0.342020143325671,0.939692620785908));
#7674=DIRECTION('center_axis',(-5.78618876961149E-17,0.342020143325669,
0.939692620785908));
#7675=DIRECTION('ref_axis',(-0.707106781186548,-0.664463024388674,0.241844762647975));
#7676=DIRECTION('center_axis',(5.78618876961149E-17,-0.342020143325669,
-0.939692620785908));
#7677=DIRECTION('ref_axis',(-0.707106781186548,-0.664463024388674,0.241844762647975));
#7678=DIRECTION('center_axis',(-3.08148791101958E-33,-0.939692620785908,
0.342020143325669));
#7679=DIRECTION('ref_axis',(-0.70710678118655,0.241844762647956,0.664463024388679));
#7680=DIRECTION('center_axis',(0.,-0.939692620785906,0.342020143325674));
#7681=DIRECTION('ref_axis',(0.,0.342020143325674,0.939692620785906));
#7682=DIRECTION('',(-3.08148791101958E-33,-0.939692620785908,0.342020143325669));
#7683=DIRECTION('',(3.08148791101958E-33,0.939692620785908,-0.342020143325669));
#7684=DIRECTION('center_axis',(-5.78618876961149E-17,0.342020143325669,
0.939692620785908));
#7685=DIRECTION('ref_axis',(1.,0.,0.));
#7686=DIRECTION('center_axis',(1.,2.08653676733376E-15,-7.59437276011562E-16));
#7687=DIRECTION('ref_axis',(0.,0.342020143325688,0.939692620785901));
#7688=DIRECTION('center_axis',(5.78618876961149E-17,-0.342020143325669,
-0.939692620785908));
#7689=DIRECTION('ref_axis',(0.707106781186545,0.664463024388677,-0.241844762647977));
#7690=DIRECTION('center_axis',(-5.78618876961149E-17,0.342020143325669,
0.939692620785908));
#7691=DIRECTION('ref_axis',(0.707106781186545,0.664463024388677,-0.241844762647977));
#7692=DIRECTION('center_axis',(1.,2.97994833434085E-16,-4.6885914575419E-17));
#7693=DIRECTION('ref_axis',(0.,-0.422618261740694,0.906307787036652));
#7694=DIRECTION('',(-1.,-2.97994833434085E-16,4.68859145754191E-17));
#7695=DIRECTION('',(1.,2.97994833434085E-16,-4.6885914575419E-17));
#7696=DIRECTION('center_axis',(0.,-0.342020143325669,-0.939692620785908));
#7697=DIRECTION('ref_axis',(-0.707106781186547,0.664463024388676,-0.241844762647974));
#7698=DIRECTION('',(0.,-0.342020143325669,-0.939692620785908));
#7699=DIRECTION('center_axis',(6.16297582203915E-33,-0.939692620785908,
0.342020143325669));
#7700=DIRECTION('ref_axis',(-1.,-1.9789931122919E-17,-5.43723888927821E-17));
#7701=DIRECTION('',(4.93038065763132E-32,0.342020143325669,0.939692620785908));
#7702=DIRECTION('center_axis',(-4.93038065763132E-32,-0.342020143325669,
-0.939692620785908));
#7703=DIRECTION('ref_axis',(0.707106781186553,-0.664463024388669,0.241844762647976));
#7704=DIRECTION('',(-4.93038065763132E-32,-0.342020143325669,-0.939692620785908));
#7705=DIRECTION('center_axis',(1.,6.95512255777914E-16,-2.53145758670503E-16));
#7706=DIRECTION('ref_axis',(7.40148683083438E-16,-0.939692620785908,0.342020143325669));
#7707=DIRECTION('',(4.93038065763132E-32,0.342020143325669,0.939692620785908));
#7708=DIRECTION('center_axis',(-4.93038065763132E-32,-0.342020143325669,
-0.939692620785908));
#7709=DIRECTION('ref_axis',(0.707106781186546,0.664463024388676,-0.241844762647977));
#7710=DIRECTION('',(-4.93038065763132E-32,-0.342020143325669,-0.939692620785908));
#7711=DIRECTION('center_axis',(-3.70074341541719E-16,0.939692620785908,
-0.342020143325669));
#7712=DIRECTION('ref_axis',(1.,3.67546059011876E-16,-7.22004904424694E-17));
#7713=DIRECTION('',(0.,0.342020143325669,0.939692620785908));
#7714=DIRECTION('center_axis',(0.,-0.342020143325669,-0.939692620785908));
#7715=DIRECTION('ref_axis',(-0.707106781186546,-0.664463024388677,0.241844762647974));
#7716=DIRECTION('',(0.,-0.342020143325669,-0.939692620785908));
#7717=DIRECTION('center_axis',(1.,-2.89565145102608E-33,1.05393093698323E-33));
#7718=DIRECTION('ref_axis',(-3.08148791101958E-33,-0.939692620785908,0.342020143325669));
#7719=DIRECTION('',(0.,0.342020143325669,0.939692620785908));
#7720=DIRECTION('center_axis',(0.,-0.342020143325669,-0.939692620785908));
#7721=DIRECTION('ref_axis',(0.707106781186546,0.664463024388676,-0.241844762647977));
#7722=DIRECTION('',(0.,-0.342020143325669,-0.939692620785908));
#7723=DIRECTION('center_axis',(-2.96059473233375E-16,0.939692620785908,
-0.342020143325669));
#7724=DIRECTION('ref_axis',(1.,2.97994833434085E-16,-4.6885914575419E-17));
#7725=DIRECTION('',(2.46519032881566E-32,0.342020143325669,0.939692620785908));
#7726=DIRECTION('center_axis',(-2.46519032881566E-32,-0.342020143325669,
-0.939692620785908));
#7727=DIRECTION('ref_axis',(-0.707106781186545,0.664463024388676,-0.241844762647977));
#7728=DIRECTION('',(-2.46519032881566E-32,-0.342020143325669,-0.939692620785908));
#7729=DIRECTION('center_axis',(-5.78618876961149E-17,0.342020143325669,
0.939692620785908));
#7730=DIRECTION('ref_axis',(1.04816245302854E-16,-0.939692620785908,0.342020143325669));
#7731=DIRECTION('',(0.,-0.939692620785908,0.342020143325669));
#7732=DIRECTION('',(1.,1.69176841847643E-16,1.2303537024349E-32));
#7733=DIRECTION('',(-1.04816245302854E-16,0.939692620785908,-0.342020143325669));
#7734=DIRECTION('',(-1.,-1.69176841847643E-16,1.15826058041043E-32));
#7735=DIRECTION('center_axis',(-5.78618876961149E-17,0.342020143325669,
0.939692620785908));
#7736=DIRECTION('ref_axis',(-1.,3.94385310260216E-15,-1.4970204724253E-15));
#7737=DIRECTION('center_axis',(-5.78618876961149E-17,0.342020143325669,
0.939692620785908));
#7738=DIRECTION('ref_axis',(-1.,4.66109554792424E-15,-1.75807537327485E-15));
#7739=DIRECTION('center_axis',(-5.78618876961149E-17,0.342020143325669,
0.939692620785908));
#7740=DIRECTION('ref_axis',(-1.,3.23776124484599E-15,-1.24002405354433E-15));
#7741=DIRECTION('center_axis',(-5.78618876961149E-17,0.342020143325669,
0.939692620785908));
#7742=DIRECTION('ref_axis',(-1.,3.94385310260216E-15,-1.4970204724253E-15));
#7743=DIRECTION('center_axis',(-1.,4.63674837185276E-16,-1.68763839113669E-16));
#7744=DIRECTION('ref_axis',(4.93432455388959E-16,0.939692620785908,-0.342020143325669));
#7745=DIRECTION('center_axis',(5.78618876961149E-17,-0.342020143325669,
-0.939692620785908));
#7746=DIRECTION('ref_axis',(-1.,0.,0.));
#7747=DIRECTION('center_axis',(0.,-0.939692620785908,0.342020143325669));
#7748=DIRECTION('ref_axis',(1.,0.,0.));
#7749=DIRECTION('center_axis',(5.78618876961149E-17,-0.342020143325669,
-0.939692620785908));
#7750=DIRECTION('ref_axis',(-1.,3.92047505570758E-15,-1.56125112837913E-15));
#7751=DIRECTION('center_axis',(5.78618876961149E-17,-0.342020143325669,
-0.939692620785908));
#7752=DIRECTION('ref_axis',(-1.,3.92047505570758E-15,-1.56125112837913E-15));
#7753=DIRECTION('center_axis',(0.,-0.342020143325669,-0.939692620785908));
#7754=DIRECTION('ref_axis',(1.,-3.85185988877447E-33,-1.54074395550979E-32));
#7755=DIRECTION('',(0.,-0.342020143325669,-0.939692620785908));
#7756=DIRECTION('center_axis',(-5.78618876961149E-17,0.342020143325669,
0.939692620785908));
#7757=DIRECTION('ref_axis',(1.,-5.38631639290798E-15,2.01227923213309E-15));
#7758=DIRECTION('center_axis',(5.78618876961149E-17,-0.342020143325669,
-0.939692620785908));
#7759=DIRECTION('ref_axis',(-1.,0.,0.));
#7760=DIRECTION('center_axis',(0.,-0.939692620785908,0.342020143325669));
#7761=DIRECTION('ref_axis',(1.,0.,0.));
#7762=DIRECTION('center_axis',(5.78618876961149E-17,-0.342020143325669,
-0.939692620785908));
#7763=DIRECTION('ref_axis',(-1.,3.92047505570758E-15,-1.56125112837913E-15));
#7764=DIRECTION('center_axis',(5.78618876961149E-17,-0.342020143325669,
-0.939692620785908));
#7765=DIRECTION('ref_axis',(-1.,3.92047505570758E-15,-1.56125112837913E-15));
#7766=DIRECTION('center_axis',(0.,-0.342020143325669,-0.939692620785908));
#7767=DIRECTION('ref_axis',(1.,-3.85185988877447E-33,-1.54074395550979E-32));
#7768=DIRECTION('',(0.,-0.342020143325669,-0.939692620785908));
#7769=DIRECTION('center_axis',(-5.78618876961149E-17,0.342020143325669,
0.939692620785908));
#7770=DIRECTION('ref_axis',(1.,1.02955838299223E-14,-3.67761376907083E-15));
#7771=DIRECTION('center_axis',(5.78618876961149E-17,-0.342020143325669,
-0.939692620785908));
#7772=DIRECTION('ref_axis',(-1.,0.,0.));
#7773=DIRECTION('center_axis',(0.,-0.939692620785908,0.342020143325669));
#7774=DIRECTION('ref_axis',(1.,0.,0.));
#7775=DIRECTION('center_axis',(5.78618876961149E-17,-0.342020143325669,
-0.939692620785908));
#7776=DIRECTION('ref_axis',(-1.,4.63171168085807E-15,-1.83880688453541E-15));
#7777=DIRECTION('center_axis',(5.78618876961149E-17,-0.342020143325669,
-0.939692620785908));
#7778=DIRECTION('ref_axis',(-1.,4.63171168085807E-15,-1.83880688453541E-15));
#7779=DIRECTION('center_axis',(0.,-0.342020143325669,-0.939692620785908));
#7780=DIRECTION('ref_axis',(1.,3.85185988877447E-33,0.));
#7781=DIRECTION('',(0.,-0.342020143325669,-0.939692620785908));
#7782=DIRECTION('center_axis',(-5.78618876961149E-17,0.342020143325669,
0.939692620785908));
#7783=DIRECTION('ref_axis',(1.,3.17454396103755E-15,-1.07552855510562E-15));
#7784=DIRECTION('center_axis',(5.78618876961149E-17,-0.342020143325669,
-0.939692620785908));
#7785=DIRECTION('ref_axis',(-1.,0.,0.));
#7786=DIRECTION('center_axis',(0.,-0.939692620785908,0.342020143325669));
#7787=DIRECTION('ref_axis',(1.,0.,0.));
#7788=DIRECTION('center_axis',(5.78618876961149E-17,-0.342020143325669,
-0.939692620785908));
#7789=DIRECTION('ref_axis',(-1.,3.20923843055709E-15,-1.31838984174237E-15));
#7790=DIRECTION('center_axis',(5.78618876961149E-17,-0.342020143325669,
-0.939692620785908));
#7791=DIRECTION('ref_axis',(-1.,3.20923843055709E-15,-1.31838984174237E-15));
#7792=DIRECTION('center_axis',(0.,-0.342020143325669,-0.939692620785908));
#7793=DIRECTION('ref_axis',(1.,3.85185988877447E-33,0.));
#7794=DIRECTION('',(0.,-0.342020143325669,-0.939692620785908));
#7795=DIRECTION('center_axis',(-5.78618876961149E-17,0.342020143325669,
0.939692620785908));
#7796=DIRECTION('ref_axis',(1.,3.17454396103755E-15,-1.07552855510562E-15));
#7797=DIRECTION('center_axis',(-5.78618876961149E-17,0.342020143325669,
0.939692620785908));
#7798=DIRECTION('ref_axis',(1.,0.,0.));
#7799=DIRECTION('center_axis',(0.,-0.939692620785908,0.342020143325669));
#7800=DIRECTION('ref_axis',(-1.,0.,0.));
#7801=DIRECTION('center_axis',(-5.78618876961149E-17,0.342020143325669,
0.939692620785908));
#7802=DIRECTION('ref_axis',(1.,0.,0.));
#7803=DIRECTION('center_axis',(0.,-0.939692620785908,0.342020143325669));
#7804=DIRECTION('ref_axis',(-1.,0.,0.));
#7805=DIRECTION('center_axis',(-5.78618876961149E-17,0.342020143325669,
0.939692620785908));
#7806=DIRECTION('ref_axis',(1.,0.,0.));
#7807=DIRECTION('center_axis',(0.,-0.939692620785908,0.342020143325669));
#7808=DIRECTION('ref_axis',(-1.,0.,0.));
#7809=DIRECTION('center_axis',(-5.78618876961149E-17,0.342020143325669,
0.939692620785908));
#7810=DIRECTION('ref_axis',(1.,0.,0.));
#7811=DIRECTION('center_axis',(0.,-0.939692620785908,0.342020143325669));
#7812=DIRECTION('ref_axis',(-1.,0.,0.));
#7813=DIRECTION('center_axis',(0.,0.,1.));
#7814=DIRECTION('ref_axis',(1.,0.,0.));
#7815=DIRECTION('center_axis',(0.,0.342020143325672,0.939692620785907));
#7816=DIRECTION('ref_axis',(-1.,0.,0.));
#7817=DIRECTION('center_axis',(0.,0.939692620785909,-0.342020143325667));
#7818=DIRECTION('ref_axis',(0.,0.342020143325667,0.939692620785909));
#7819=DIRECTION('center_axis',(-1.,0.,0.));
#7820=DIRECTION('ref_axis',(0.,0.939692620785908,-0.342020143325668));
#7821=DIRECTION('center_axis',(0.,0.,1.));
#7822=DIRECTION('ref_axis',(1.,0.,0.));
#7823=DIRECTION('center_axis',(0.,0.939692620785909,-0.342020143325667));
#7824=DIRECTION('ref_axis',(1.,0.,0.));
#7825=DIRECTION('center_axis',(0.,0.342020143325668,0.939692620785909));
#7826=DIRECTION('ref_axis',(0.,0.939692620785908,-0.342020143325668));
#7827=DIRECTION('center_axis',(1.,0.,0.));
#7828=DIRECTION('ref_axis',(0.,0.342020143325665,0.93969262078591));
#7829=DIRECTION('center_axis',(-0.21226163191855,-0.938578288279047,-0.272058442961154));
#7830=DIRECTION('ref_axis',(-0.577350269189628,0.345066365748935,-0.73999720938358));
#7831=DIRECTION('center_axis',(0.,0.939692620785899,-0.342020143325694));
#7832=DIRECTION('ref_axis',(-1.,0.,0.));
#7833=DIRECTION('center_axis',(-2.40360754623783E-14,-0.342020143325665,
-0.93969262078591));
#7834=DIRECTION('ref_axis',(0.,0.93969262078591,-0.342020143325665));
#7835=DIRECTION('center_axis',(-1.,0.,0.));
#7836=DIRECTION('ref_axis',(0.,-0.342020143325665,-0.93969262078591));
#7837=DIRECTION('center_axis',(3.81499933577834E-17,-0.342020143325668,
-0.939692620785909));
#7838=DIRECTION('ref_axis',(-0.707106781186554,0.664463024388666,-0.24184476264798));
#7839=DIRECTION('',(-3.81499933577834E-17,0.342020143325668,0.939692620785909));
#7840=DIRECTION('',(3.81499933577834E-17,-0.342020143325668,-0.939692620785909));
#7841=DIRECTION('center_axis',(0.212261631918534,-0.938578288279055,-0.272058442961141));
#7842=DIRECTION('ref_axis',(0.577350269189621,0.345066365748915,-0.739997209383595));
#7843=DIRECTION('center_axis',(1.,0.,0.));
#7844=DIRECTION('ref_axis',(0.,0.939692620785908,-0.342020143325668));
#7845=DIRECTION('center_axis',(0.,-0.342020143325668,-0.939692620785909));
#7846=DIRECTION('ref_axis',(1.,0.,0.));
#7847=DIRECTION('center_axis',(0.,0.939692620785909,-0.342020143325667));
#7848=DIRECTION('ref_axis',(0.,-0.342020143325667,-0.939692620785909));
#7849=DIRECTION('center_axis',(0.,-0.342020143325668,-0.939692620785909));
#7850=DIRECTION('ref_axis',(0.707106781186534,0.66446302438869,-0.241844762647973));
#7851=DIRECTION('',(0.,0.342020143325668,0.939692620785909));
#7852=DIRECTION('',(0.,-0.342020143325668,-0.939692620785909));
#7853=DIRECTION('center_axis',(0.,-0.939692620785908,0.342020143325669));
#7854=DIRECTION('ref_axis',(0.70710678118655,-0.241844762647973,-0.664463024388673));
#7855=DIRECTION('center_axis',(0.,0.939692620785909,-0.342020143325667));
#7856=DIRECTION('ref_axis',(1.,0.,0.));
#7857=DIRECTION('',(0.,-0.939692620785908,0.342020143325669));
#7858=DIRECTION('center_axis',(1.,0.,0.));
#7859=DIRECTION('ref_axis',(0.,-0.258819045102521,0.965925826289068));
#7860=DIRECTION('center_axis',(0.,0.642787609686543,0.766044443118975));
#7861=DIRECTION('ref_axis',(1.,0.,0.));
#7862=DIRECTION('center_axis',(-1.,0.,0.));
#7863=DIRECTION('ref_axis',(0.,-0.258819045102516,0.965925826289069));
#7864=DIRECTION('center_axis',(1.,0.,0.));
#7865=DIRECTION('ref_axis',(0.,-0.258819045102516,0.965925826289069));
#7866=DIRECTION('center_axis',(0.,-0.642787609686539,-0.766044443118978));
#7867=DIRECTION('ref_axis',(0.707106781186548,0.541675220419701,-0.454519477672044));
#7868=DIRECTION('center_axis',(0.,0.642787609686541,0.766044443118977));
#7869=DIRECTION('ref_axis',(1.,0.,0.));
#7870=DIRECTION('',(0.,0.642787609686539,0.766044443118978));
#7871=DIRECTION('',(0.,-0.642787609686539,-0.766044443118978));
#7872=DIRECTION('center_axis',(-1.,0.,0.));
#7873=DIRECTION('ref_axis',(0.,0.,1.));
#7874=DIRECTION('center_axis',(0.,1.,0.));
#7875=DIRECTION('ref_axis',(1.,0.,0.));
#7876=DIRECTION('center_axis',(1.,0.,0.));
#7877=DIRECTION('ref_axis',(0.,0.4226182617407,-0.90630778703665));
#7878=DIRECTION('center_axis',(-1.,0.,0.));
#7879=DIRECTION('ref_axis',(0.,0.4226182617407,-0.90630778703665));
#7880=DIRECTION('center_axis',(0.,1.,0.));
#7881=DIRECTION('ref_axis',(0.707106781186548,0.,-0.707106781186547));
#7882=DIRECTION('center_axis',(0.,1.,0.));
#7883=DIRECTION('ref_axis',(1.,0.,0.));
#7884=DIRECTION('',(0.,-1.,0.));
#7885=DIRECTION('center_axis',(0.,0.,-1.));
#7886=DIRECTION('ref_axis',(-1.,0.,0.));
#7887=DIRECTION('center_axis',(-0.637872261850952,0.770142180094786,0.));
#7888=DIRECTION('ref_axis',(0.770142180094786,0.637872261850952,0.));
#7889=DIRECTION('center_axis',(0.,0.,1.));
#7890=DIRECTION('ref_axis',(-0.940782169286489,-0.339011666396022,0.));
#7891=DIRECTION('center_axis',(0.,0.,1.));
#7892=DIRECTION('ref_axis',(-1.83697019872103E-16,-1.,0.));
#7893=DIRECTION('center_axis',(-0.637872261850945,-0.770142180094792,0.));
#7894=DIRECTION('ref_axis',(-0.770142180094792,0.637872261850945,0.));
#7895=DIRECTION('center_axis',(0.,0.,-1.));
#7896=DIRECTION('ref_axis',(6.12323399573677E-17,-1.,0.));
#7897=DIRECTION('center_axis',(0.,0.,-1.));
#7898=DIRECTION('ref_axis',(-1.,0.,0.));
#7899=DIRECTION('center_axis',(0.,-1.,0.));
#7900=DIRECTION('ref_axis',(-1.,0.,0.));
#7901=DIRECTION('center_axis',(0.,0.,1.));
#7902=DIRECTION('ref_axis',(0.94078216928649,-0.339011666396021,0.));
#7903=DIRECTION('center_axis',(1.1154311844568E-16,-1.,0.));
#7904=DIRECTION('ref_axis',(-0.707106781186548,0.,-0.707106781186547));
#7905=DIRECTION('center_axis',(0.,-1.,0.));
#7906=DIRECTION('ref_axis',(-1.,0.,0.));
#7907=DIRECTION('',(-1.1154311844568E-16,1.,0.));
#7908=DIRECTION('center_axis',(1.,1.1154311844568E-16,0.));
#7909=DIRECTION('ref_axis',(0.,0.,-1.));
#7910=DIRECTION('center_axis',(0.,-0.64278760968654,-0.766044443118978));
#7911=DIRECTION('ref_axis',(-1.,0.,0.));
#7912=DIRECTION('center_axis',(-1.,-1.1154311844568E-16,0.));
#7913=DIRECTION('ref_axis',(-4.33680868994202E-17,0.422618261740699,-0.90630778703665));
#7914=DIRECTION('center_axis',(1.,1.1154311844568E-16,0.));
#7915=DIRECTION('ref_axis',(-4.71401588266502E-17,0.422618261740699,-0.90630778703665));
#7916=DIRECTION('center_axis',(7.16985344826812E-17,-0.642787609686539,
-0.766044443118978));
#7917=DIRECTION('ref_axis',(-0.707106781186548,0.541675220419702,-0.454519477672043));
#7918=DIRECTION('center_axis',(0.,-0.642787609686546,-0.766044443118972));
#7919=DIRECTION('ref_axis',(-1.,0.,0.));
#7920=DIRECTION('',(7.16985344826811E-17,-0.642787609686539,-0.766044443118978));
#7921=DIRECTION('',(-7.16985344826811E-17,0.642787609686539,0.766044443118978));
#7922=DIRECTION('center_axis',(-1.,-1.1154311844568E-16,0.));
#7923=DIRECTION('ref_axis',(0.,0.,1.));
#7924=DIRECTION('center_axis',(0.,-0.939692620785904,0.342020143325682));
#7925=DIRECTION('ref_axis',(-1.,0.,0.));
#7926=DIRECTION('center_axis',(1.,1.1154311844568E-16,0.));
#7927=DIRECTION('ref_axis',(3.46944695195361E-17,-0.258819045102521,0.965925826289068));
#7928=DIRECTION('center_axis',(-1.,-1.1154311844568E-16,0.));
#7929=DIRECTION('ref_axis',(2.88694834038682E-17,-0.258819045102521,0.965925826289068));
#7930=DIRECTION('center_axis',(1.04816245302854E-16,-0.939692620785908,
0.342020143325669));
#7931=DIRECTION('ref_axis',(-0.707106781186548,-0.24184476264797,-0.664463024388676));
#7932=DIRECTION('',(-1.04816245302854E-16,0.939692620785908,-0.342020143325669));
#7933=DIRECTION('center_axis',(1.,1.69176841847643E-16,0.));
#7934=DIRECTION('ref_axis',(0.,0.422618261740723,-0.906307787036639));
#7935=DIRECTION('',(1.,1.69176841847643E-16,0.));
#7936=DIRECTION('center_axis',(1.,1.69176841847643E-16,6.16297582203915E-33));
#7937=DIRECTION('ref_axis',(0.,0.906307787036654,0.422618261740689));
#7938=DIRECTION('',(-1.,-1.69176841847643E-16,2.98940289407139E-33));
#7939=DIRECTION('center_axis',(0.,0.939692620785908,-0.342020143325669));
#7940=DIRECTION('ref_axis',(0.70710678118655,0.241844762647973,0.664463024388673));
#7941=DIRECTION('center_axis',(0.,0.939692620785909,-0.342020143325667));
#7942=DIRECTION('ref_axis',(3.70074341541721E-15,0.342020143325667,0.939692620785909));
#7943=DIRECTION('',(0.,0.939692620785908,-0.342020143325669));
#7944=DIRECTION('center_axis',(-1.,0.,0.));
#7945=DIRECTION('ref_axis',(0.,0.,1.));
#7946=DIRECTION('center_axis',(0.,0.642787609686543,0.766044443118975));
#7947=DIRECTION('ref_axis',(0.,-0.766044443118975,0.642787609686543));
#7948=DIRECTION('center_axis',(-1.,0.,0.));
#7949=DIRECTION('ref_axis',(0.,-0.25881904510252,0.965925826289069));
#7950=DIRECTION('center_axis',(1.,0.,0.));
#7951=DIRECTION('ref_axis',(0.,-0.25881904510252,0.965925826289069));
#7952=DIRECTION('center_axis',(0.,0.64278760968654,0.766044443118978));
#7953=DIRECTION('ref_axis',(0.707106781186548,-0.541675220419702,0.454519477672043));
#7954=DIRECTION('center_axis',(0.,0.642787609686537,0.76604444311898));
#7955=DIRECTION('ref_axis',(3.7007434154172E-15,-0.76604444311898,0.642787609686537));
#7956=DIRECTION('',(0.,0.64278760968654,0.766044443118978));
#7957=DIRECTION('',(0.,-0.64278760968654,-0.766044443118978));
#7958=DIRECTION('center_axis',(1.,0.,0.));
#7959=DIRECTION('ref_axis',(0.,0.,-1.));
#7960=DIRECTION('center_axis',(0.,1.,0.));
#7961=DIRECTION('ref_axis',(0.,0.,1.));
#7962=DIRECTION('center_axis',(1.,0.,0.));
#7963=DIRECTION('ref_axis',(0.,0.422618261740699,-0.90630778703665));
#7964=DIRECTION('center_axis',(-1.,0.,0.));
#7965=DIRECTION('ref_axis',(0.,0.422618261740699,-0.90630778703665));
#7966=DIRECTION('center_axis',(0.,1.,0.));
#7967=DIRECTION('ref_axis',(0.707106781186547,0.,0.707106781186547));
#7968=DIRECTION('center_axis',(0.,1.,0.));
#7969=DIRECTION('ref_axis',(0.,0.,1.));
#7970=DIRECTION('',(0.,1.,0.));
#7971=DIRECTION('center_axis',(0.,0.,1.));
#7972=DIRECTION('ref_axis',(1.,0.,0.));
#7973=DIRECTION('center_axis',(-0.637872261850952,0.770142180094786,0.));
#7974=DIRECTION('ref_axis',(0.,0.,1.));
#7975=DIRECTION('center_axis',(0.,0.,-1.));
#7976=DIRECTION('ref_axis',(-0.940782169286489,-0.339011666396022,0.));
#7977=DIRECTION('center_axis',(0.,0.,1.));
#7978=DIRECTION('ref_axis',(-1.83697019872103E-16,-1.,0.));
#7979=DIRECTION('center_axis',(-0.637872261850949,-0.770142180094789,0.));
#7980=DIRECTION('ref_axis',(0.,0.,1.));
#7981=DIRECTION('center_axis',(0.,0.,1.));
#7982=DIRECTION('ref_axis',(-2.8564914870287E-16,-1.,0.));
#7983=DIRECTION('center_axis',(0.,0.,1.));
#7984=DIRECTION('ref_axis',(1.,0.,0.));
#7985=DIRECTION('center_axis',(0.,-1.,0.));
#7986=DIRECTION('ref_axis',(0.,0.,1.));
#7987=DIRECTION('center_axis',(0.,0.,-1.));
#7988=DIRECTION('ref_axis',(0.94078216928649,-0.339011666396021,0.));
#7989=DIRECTION('center_axis',(1.1154311844568E-16,-1.,0.));
#7990=DIRECTION('ref_axis',(-0.707106781186545,0.,0.70710678118655));
#7991=DIRECTION('center_axis',(0.,-1.,0.));
#7992=DIRECTION('ref_axis',(3.70074341541719E-15,0.,1.));
#7993=DIRECTION('',(1.1154311844568E-16,-1.,0.));
#7994=DIRECTION('center_axis',(-1.,-1.1154311844568E-16,0.));
#7995=DIRECTION('ref_axis',(0.,0.,1.));
#7996=DIRECTION('center_axis',(0.,-0.642787609686541,-0.766044443118977));
#7997=DIRECTION('ref_axis',(0.,-0.766044443118977,0.642787609686541));
#7998=DIRECTION('center_axis',(-1.,-1.1154311844568E-16,0.));
#7999=DIRECTION('ref_axis',(-4.71401588266502E-17,0.422618261740699,-0.90630778703665));
#8000=DIRECTION('center_axis',(1.,1.1154311844568E-16,0.));
#8001=DIRECTION('ref_axis',(-4.33680868994202E-17,0.422618261740699,-0.90630778703665));
#8002=DIRECTION('center_axis',(-7.16985344826812E-17,0.64278760968654,0.766044443118978));
#8003=DIRECTION('ref_axis',(-0.707106781186548,-0.541675220419702,0.454519477672043));
#8004=DIRECTION('center_axis',(0.,-0.642787609686539,-0.766044443118978));
#8005=DIRECTION('ref_axis',(0.,-0.766044443118978,0.642787609686539));
#8006=DIRECTION('',(7.16985344826812E-17,-0.64278760968654,-0.766044443118978));
#8007=DIRECTION('',(-7.16985344826812E-17,0.64278760968654,0.766044443118978));
#8008=DIRECTION('center_axis',(1.,1.1154311844568E-16,0.));
#8009=DIRECTION('ref_axis',(0.,-0.25881904510252,0.965925826289069));
#8010=DIRECTION('center_axis',(0.,-0.939692620785906,0.342020143325675));
#8011=DIRECTION('ref_axis',(0.,0.342020143325675,0.939692620785906));
#8012=DIRECTION('center_axis',(1.,1.1154311844568E-16,0.));
#8013=DIRECTION('ref_axis',(2.88694834038681E-17,-0.25881904510252,0.965925826289069));
#8014=DIRECTION('center_axis',(-1.,-1.1154311844568E-16,0.));
#8015=DIRECTION('ref_axis',(2.60208521396521E-17,-0.25881904510252,0.965925826289069));
#8016=DIRECTION('center_axis',(-1.04816245302854E-16,0.939692620785908,
-0.342020143325669));
#8017=DIRECTION('ref_axis',(-0.70710678118655,0.241844762647973,0.664463024388673));
#8018=DIRECTION('',(1.04816245302854E-16,-0.939692620785908,0.342020143325669));
#8019=DIRECTION('center_axis',(0.,0.,1.));
#8020=DIRECTION('ref_axis',(0.94078216928649,-0.339011666396021,0.));
#8021=DIRECTION('',(0.,0.,1.));
#8022=DIRECTION('',(0.,0.,-1.));
#8023=DIRECTION('center_axis',(0.,0.,1.));
#8024=DIRECTION('ref_axis',(-1.83697019872103E-16,-1.,0.));
#8025=DIRECTION('',(0.,0.,-1.));
#8026=DIRECTION('center_axis',(0.,0.,1.));
#8027=DIRECTION('ref_axis',(-0.940782169286489,-0.339011666396022,0.));
#8028=DIRECTION('',(0.,0.,1.));
#8029=DIRECTION('center_axis',(1.,0.,0.));
#8030=DIRECTION('ref_axis',(0.,1.,0.));
#8031=DIRECTION('center_axis',(-1.,-1.69176841847643E-16,0.));
#8032=DIRECTION('ref_axis',(-1.53124446311894E-16,0.422618261740699,-0.90630778703665));
#8033=DIRECTION('',(1.,1.69176841847643E-16,0.));
#8034=DIRECTION('center_axis',(-1.29596979601805E-16,0.766044443118978,
-0.642787609686539));
#8035=DIRECTION('ref_axis',(-7.16985344826812E-17,0.642787609686539,0.766044443118978));
#8036=DIRECTION('',(-1.,-1.69176841847643E-16,0.));
#8037=DIRECTION('center_axis',(1.,1.69176841847643E-16,0.));
#8038=DIRECTION('ref_axis',(0.,-0.258819045102518,0.965925826289069));
#8039=DIRECTION('center_axis',(-1.,-1.69176841847643E-16,0.));
#8040=DIRECTION('ref_axis',(0.,0.422618261740699,-0.90630778703665));
#8041=DIRECTION('',(-1.,-1.69176841847643E-16,0.));
#8042=DIRECTION('center_axis',(1.29596979601805E-16,-0.766044443118978,
0.64278760968654));
#8043=DIRECTION('ref_axis',(7.16985344826812E-17,-0.64278760968654,-0.766044443118978));
#8044=DIRECTION('',(1.,1.69176841847643E-16,0.));
#8045=DIRECTION('center_axis',(1.,1.69176841847643E-16,0.));
#8046=DIRECTION('ref_axis',(0.,-0.25881904510252,0.965925826289069));
#8047=DIRECTION('center_axis',(-1.58974229892095E-16,0.939692620785909,
-0.342020143325668));
#8048=DIRECTION('ref_axis',(-3.81499933577834E-17,0.342020143325668,0.939692620785909));
#8049=DIRECTION('center_axis',(0.,0.,1.));
#8050=DIRECTION('ref_axis',(-0.707106781186548,-0.707106781186548,0.));
#8051=DIRECTION('',(0.,0.,-1.));
#8052=DIRECTION('',(0.,0.,1.));
#8053=DIRECTION('center_axis',(1.,4.44089209850063E-16,0.));
#8054=DIRECTION('ref_axis',(-4.44089209850063E-16,1.,0.));
#8055=DIRECTION('center_axis',(0.,0.,1.));
#8056=DIRECTION('ref_axis',(0.707106781186547,-0.707106781186548,0.));
#8057=DIRECTION('',(0.,0.,-1.));
#8058=DIRECTION('',(0.,0.,1.));
#8059=DIRECTION('center_axis',(1.77635683940025E-15,1.,0.));
#8060=DIRECTION('ref_axis',(-1.,1.77635683940025E-15,0.));
#8061=DIRECTION('center_axis',(-1.,0.,0.));
#8062=DIRECTION('ref_axis',(0.,-1.,0.));
#8063=DIRECTION('center_axis',(0.,0.,-1.));
#8064=DIRECTION('ref_axis',(-1.,0.,0.));
#8065=DIRECTION('center_axis',(-1.22464679914735E-16,-1.,0.));
#8066=DIRECTION('ref_axis',(1.,-1.22464679914735E-16,0.));
#8067=DIRECTION('center_axis',(0.,0.,-1.));
#8068=DIRECTION('ref_axis',(-1.,0.,0.));
#8069=DIRECTION('center_axis',(0.,0.,1.));
#8070=DIRECTION('ref_axis',(-1.,0.,0.));
#8071=DIRECTION('center_axis',(0.,0.,1.));
#8072=DIRECTION('ref_axis',(1.,-1.22464679914735E-16,0.));
#8073=DIRECTION('center_axis',(0.,0.,1.));
#8074=DIRECTION('ref_axis',(1.,-1.22464679914735E-16,0.));
#8075=DIRECTION('',(0.,0.,1.));
#8076=DIRECTION('center_axis',(0.,0.,1.));
#8077=DIRECTION('ref_axis',(1.,0.,0.));
#8078=DIRECTION('center_axis',(1.22464679914735E-16,-1.,0.));
#8079=DIRECTION('ref_axis',(-1.,-1.22464679914735E-16,0.));
#8080=DIRECTION('center_axis',(0.,0.,1.));
#8081=DIRECTION('ref_axis',(1.,0.,0.));
#8082=DIRECTION('center_axis',(0.368124552684677,-0.929776485888252,0.));
#8083=DIRECTION('ref_axis',(0.,0.,1.));
#8084=DIRECTION('center_axis',(0.,0.,1.));
#8085=DIRECTION('ref_axis',(0.368124552684681,-0.92977648588825,0.));
#8086=DIRECTION('center_axis',(0.368124552684677,-0.929776485888252,0.));
#8087=DIRECTION('ref_axis',(0.929776485888252,0.368124552684677,0.));
#8088=DIRECTION('center_axis',(0.,0.,-1.));
#8089=DIRECTION('ref_axis',(0.368124552684681,-0.92977648588825,0.));
#8090=DIRECTION('center_axis',(0.,0.,1.));
#8091=DIRECTION('ref_axis',(1.,0.,0.));
#8092=DIRECTION('center_axis',(0.929776485888251,-0.36812455268468,0.));
#8093=DIRECTION('ref_axis',(0.36812455268468,0.929776485888251,0.));
#8094=DIRECTION('center_axis',(0.,0.,-1.));
#8095=DIRECTION('ref_axis',(0.707106781186547,0.707106781186548,0.));
#8096=DIRECTION('center_axis',(0.,0.,1.));
#8097=DIRECTION('ref_axis',(0.707106781186547,0.707106781186548,0.));
#8098=DIRECTION('center_axis',(0.,0.,1.));
#8099=DIRECTION('ref_axis',(-0.929776485888251,0.368124552684678,0.));
#8100=DIRECTION('center_axis',(-0.92977648588825,0.368124552684682,0.));
#8101=DIRECTION('ref_axis',(-0.368124552684682,-0.92977648588825,0.));
#8102=DIRECTION('center_axis',(0.,0.,-1.));
#8103=DIRECTION('ref_axis',(-0.929776485888252,0.368124552684677,0.));
#8104=DIRECTION('center_axis',(0.,0.,1.));
#8105=DIRECTION('ref_axis',(-0.929776485888252,0.368124552684677,0.));
#8106=DIRECTION('center_axis',(0.,0.,-1.));
#8107=DIRECTION('ref_axis',(-1.,0.,0.));
#8108=DIRECTION('center_axis',(0.,0.,1.));
#8109=DIRECTION('ref_axis',(0.707106781186547,0.707106781186548,0.));
#8110=DIRECTION('center_axis',(0.,0.,-1.));
#8111=DIRECTION('ref_axis',(0.707106781186547,0.707106781186548,0.));
#8112=DIRECTION('center_axis',(0.,0.,1.));
#8113=DIRECTION('ref_axis',(0.929776485888251,0.368124552684678,0.));
#8114=DIRECTION('',(0.,0.,1.));
#8115=DIRECTION('center_axis',(0.,0.,-1.));
#8116=DIRECTION('ref_axis',(0.707106781186547,0.707106781186547,0.));
#8117=DIRECTION('',(0.,0.,1.));
#8118=DIRECTION('center_axis',(0.,0.,1.));
#8119=DIRECTION('ref_axis',(-0.92977648588825,-0.368124552684681,0.));
#8120=DIRECTION('',(0.,0.,1.));
#8121=DIRECTION('center_axis',(0.,0.,-1.));
#8122=DIRECTION('ref_axis',(0.368124552684681,-0.92977648588825,0.));
#8123=DIRECTION('center_axis',(0.,0.,1.));
#8124=DIRECTION('ref_axis',(1.,0.,0.));
#8125=DIRECTION('center_axis',(0.,0.,-1.));
#8126=DIRECTION('ref_axis',(-1.,0.,0.));
#8127=DIRECTION('center_axis',(0.92977648588825,-0.368124552684681,0.));
#8128=DIRECTION('ref_axis',(0.,0.,-1.));
#8129=DIRECTION('center_axis',(0.,0.,-1.));
#8130=DIRECTION('ref_axis',(-0.929776485888252,0.368124552684677,0.));
#8131=DIRECTION('center_axis',(0.929776485888252,-0.368124552684676,0.));
#8132=DIRECTION('ref_axis',(-0.368124552684676,-0.929776485888252,0.));
#8133=DIRECTION('center_axis',(0.,0.,-1.));
#8134=DIRECTION('ref_axis',(-1.,0.,0.));
#8135=DIRECTION('center_axis',(0.368124552684688,-0.929776485888247,0.));
#8136=DIRECTION('ref_axis',(-0.929776485888247,-0.368124552684688,0.));
#8137=DIRECTION('center_axis',(0.,0.,-1.));
#8138=DIRECTION('ref_axis',(0.36812455268468,-0.929776485888251,0.));
#8139=DIRECTION('center_axis',(-0.368124552684681,0.92977648588825,0.));
#8140=DIRECTION('ref_axis',(0.92977648588825,0.368124552684681,0.));
#8141=DIRECTION('center_axis',(0.,0.,1.));
#8142=DIRECTION('ref_axis',(1.,0.,0.));
#8143=DIRECTION('center_axis',(0.,0.,1.));
#8144=DIRECTION('ref_axis',(0.707106781186547,0.707106781186548,0.));
#8145=DIRECTION('center_axis',(0.,0.,1.));
#8146=DIRECTION('ref_axis',(0.368124552684675,0.929776485888253,0.));
#8147=DIRECTION('',(0.,0.,1.));
#8148=DIRECTION('center_axis',(0.,0.,-1.));
#8149=DIRECTION('ref_axis',(-1.,0.,0.));
#8150=DIRECTION('center_axis',(0.368124552684672,0.929776485888254,0.));
#8151=DIRECTION('ref_axis',(0.,0.,1.));
#8152=DIRECTION('center_axis',(0.,0.,-1.));
#8153=DIRECTION('ref_axis',(-0.707106781186548,0.707106781186547,0.));
#8154=DIRECTION('center_axis',(-0.929776485888252,-0.368124552684677,0.));
#8155=DIRECTION('ref_axis',(0.368124552684677,-0.929776485888252,0.));
#8156=DIRECTION('center_axis',(0.,0.,1.));
#8157=DIRECTION('ref_axis',(-0.707106781186548,0.707106781186547,0.));
#8158=DIRECTION('center_axis',(0.,0.,1.));
#8159=DIRECTION('ref_axis',(1.,0.,0.));
#8160=DIRECTION('center_axis',(0.929776485888252,0.368124552684677,0.));
#8161=DIRECTION('ref_axis',(-0.368124552684677,0.929776485888252,0.));
#8162=DIRECTION('center_axis',(0.,0.,-1.));
#8163=DIRECTION('ref_axis',(0.92977648588825,0.368124552684681,0.));
#8164=DIRECTION('center_axis',(0.,0.,1.));
#8165=DIRECTION('ref_axis',(0.92977648588825,0.368124552684681,0.));
#8166=DIRECTION('center_axis',(0.,0.,1.));
#8167=DIRECTION('ref_axis',(1.,0.,0.));
#8168=DIRECTION('center_axis',(0.368124552684685,0.929776485888249,0.));
#8169=DIRECTION('ref_axis',(-0.929776485888249,0.368124552684685,0.));
#8170=DIRECTION('center_axis',(0.,0.,-1.));
#8171=DIRECTION('ref_axis',(-0.707106781186547,0.707106781186547,0.));
#8172=DIRECTION('center_axis',(0.,0.,1.));
#8173=DIRECTION('ref_axis',(-0.707106781186547,0.707106781186547,0.));
#8174=DIRECTION('center_axis',(0.,0.,1.));
#8175=DIRECTION('ref_axis',(-0.368124552684678,-0.929776485888251,0.));
#8176=DIRECTION('center_axis',(0.,0.,-1.));
#8177=DIRECTION('ref_axis',(-0.368124552684677,-0.929776485888252,0.));
#8178=DIRECTION('center_axis',(0.,0.,1.));
#8179=DIRECTION('ref_axis',(-0.368124552684677,-0.929776485888252,0.));
#8180=DIRECTION('center_axis',(0.,0.,1.));
#8181=DIRECTION('ref_axis',(0.368124552684681,-0.92977648588825,0.));
#8182=DIRECTION('',(0.,0.,1.));
#8183=DIRECTION('center_axis',(0.,0.,-1.));
#8184=DIRECTION('ref_axis',(0.92977648588825,0.368124552684681,0.));
#8185=DIRECTION('',(0.,0.,1.));
#8186=DIRECTION('center_axis',(0.,0.,1.));
#8187=DIRECTION('ref_axis',(0.368124552684678,-0.929776485888251,0.));
#8188=DIRECTION('',(0.,0.,1.));
#8189=DIRECTION('center_axis',(0.,0.,1.));
#8190=DIRECTION('ref_axis',(-0.707106781186548,0.707106781186547,0.));
#8191=DIRECTION('center_axis',(0.,0.,1.));
#8192=DIRECTION('ref_axis',(1.,0.,0.));
#8193=DIRECTION('center_axis',(0.,0.,-1.));
#8194=DIRECTION('ref_axis',(-1.,0.,0.));
#8195=DIRECTION('center_axis',(0.368124552684681,0.92977648588825,0.));
#8196=DIRECTION('ref_axis',(0.,0.,-1.));
#8197=DIRECTION('center_axis',(0.,0.,-1.));
#8198=DIRECTION('ref_axis',(-0.368124552684677,-0.929776485888252,0.));
#8199=DIRECTION('center_axis',(0.368124552684676,0.929776485888252,0.));
#8200=DIRECTION('ref_axis',(0.929776485888252,-0.368124552684676,0.));
#8201=DIRECTION('center_axis',(0.,0.,-1.));
#8202=DIRECTION('ref_axis',(-1.,0.,0.));
#8203=DIRECTION('center_axis',(0.929776485888254,0.368124552684672,0.));
#8204=DIRECTION('ref_axis',(0.368124552684672,-0.929776485888254,0.));
#8205=DIRECTION('center_axis',(0.,0.,-1.));
#8206=DIRECTION('ref_axis',(-0.707106781186547,0.707106781186548,0.));
#8207=DIRECTION('center_axis',(0.,0.,-1.));
#8208=DIRECTION('ref_axis',(0.929776485888251,0.368124552684678,0.));
#8209=DIRECTION('center_axis',(-0.929776485888248,-0.368124552684686,0.));
#8210=DIRECTION('ref_axis',(-0.368124552684686,0.929776485888248,0.));
#8211=DIRECTION('center_axis',(0.,0.,1.));
#8212=DIRECTION('ref_axis',(1.,0.,0.));
#8213=DIRECTION('center_axis',(0.,0.,1.));
#8214=DIRECTION('ref_axis',(-0.368124552684678,0.929776485888251,0.));
#8215=DIRECTION('',(0.,0.,1.));
#8216=DIRECTION('center_axis',(0.,0.,1.));
#8217=DIRECTION('ref_axis',(-0.929776485888253,0.368124552684675,0.));
#8218=DIRECTION('center_axis',(0.,0.,1.));
#8219=DIRECTION('ref_axis',(1.,0.,0.));
#8220=DIRECTION('center_axis',(0.368124552684677,0.929776485888252,0.));
#8221=DIRECTION('ref_axis',(0.,0.,1.));
#8222=DIRECTION('center_axis',(0.,0.,1.));
#8223=DIRECTION('ref_axis',(0.368124552684677,0.929776485888252,0.));
#8224=DIRECTION('center_axis',(0.368124552684682,0.92977648588825,0.));
#8225=DIRECTION('ref_axis',(-0.92977648588825,0.368124552684682,0.));
#8226=DIRECTION('center_axis',(0.,0.,-1.));
#8227=DIRECTION('ref_axis',(0.368124552684677,0.929776485888252,0.));
#8228=DIRECTION('center_axis',(0.,0.,-1.));
#8229=DIRECTION('ref_axis',(-1.,0.,0.));
#8230=DIRECTION('center_axis',(0.929776485888252,0.368124552684677,0.));
#8231=DIRECTION('ref_axis',(-0.368124552684677,0.929776485888252,0.));
#8232=DIRECTION('center_axis',(0.,0.,1.));
#8233=DIRECTION('ref_axis',(0.707106781186548,-0.707106781186547,0.));
#8234=DIRECTION('center_axis',(0.,0.,-1.));
#8235=DIRECTION('ref_axis',(0.707106781186548,-0.707106781186548,0.));
#8236=DIRECTION('center_axis',(0.,0.,1.));
#8237=DIRECTION('ref_axis',(-0.929776485888251,-0.368124552684678,0.));
#8238=DIRECTION('center_axis',(-0.929776485888252,-0.368124552684677,0.));
#8239=DIRECTION('ref_axis',(0.368124552684677,-0.929776485888252,0.));
#8240=DIRECTION('center_axis',(0.,0.,-1.));
#8241=DIRECTION('ref_axis',(-0.92977648588825,-0.368124552684681,0.));
#8242=DIRECTION('center_axis',(0.,0.,1.));
#8243=DIRECTION('ref_axis',(-0.92977648588825,-0.368124552684681,0.));
#8244=DIRECTION('center_axis',(0.,0.,1.));
#8245=DIRECTION('ref_axis',(1.,0.,0.));
#8246=DIRECTION('center_axis',(0.,0.,-1.));
#8247=DIRECTION('ref_axis',(0.707106781186547,-0.707106781186548,0.));
#8248=DIRECTION('center_axis',(0.,0.,1.));
#8249=DIRECTION('ref_axis',(0.707106781186547,-0.707106781186548,0.));
#8250=DIRECTION('center_axis',(0.,0.,1.));
#8251=DIRECTION('ref_axis',(-0.368124552684678,0.929776485888252,0.));
#8252=DIRECTION('',(0.,0.,1.));
#8253=DIRECTION('center_axis',(0.,0.,1.));
#8254=DIRECTION('ref_axis',(0.707106781186548,-0.707106781186548,0.));
#8255=DIRECTION('',(0.,0.,1.));
#8256=DIRECTION('center_axis',(0.,0.,1.));
#8257=DIRECTION('ref_axis',(0.929776485888253,-0.368124552684675,0.));
#8258=DIRECTION('',(0.,0.,1.));
#8259=DIRECTION('center_axis',(0.,0.,-1.));
#8260=DIRECTION('ref_axis',(0.368124552684677,0.929776485888252,0.));
#8261=DIRECTION('center_axis',(0.,0.,1.));
#8262=DIRECTION('ref_axis',(1.,0.,0.));
#8263=DIRECTION('center_axis',(0.,0.,-1.));
#8264=DIRECTION('ref_axis',(-1.,0.,0.));
#8265=DIRECTION('center_axis',(0.929776485888252,0.368124552684676,0.));
#8266=DIRECTION('ref_axis',(0.,0.,-1.));
#8267=DIRECTION('center_axis',(0.,0.,-1.));
#8268=DIRECTION('ref_axis',(-0.92977648588825,-0.368124552684681,0.));
#8269=DIRECTION('center_axis',(0.929776485888248,0.368124552684686,0.));
#8270=DIRECTION('ref_axis',(0.368124552684686,-0.929776485888248,0.));
#8271=DIRECTION('center_axis',(0.,0.,1.));
#8272=DIRECTION('ref_axis',(1.,0.,0.));
#8273=DIRECTION('center_axis',(0.368124552684679,0.929776485888251,0.));
#8274=DIRECTION('ref_axis',(0.929776485888251,-0.368124552684679,0.));
#8275=DIRECTION('center_axis',(0.,0.,-1.));
#8276=DIRECTION('ref_axis',(0.368124552684678,0.929776485888251,0.));
#8277=DIRECTION('center_axis',(-0.368124552684676,-0.929776485888252,0.));
#8278=DIRECTION('ref_axis',(-0.929776485888252,0.368124552684676,0.));
#8279=DIRECTION('center_axis',(0.,0.,-1.));
#8280=DIRECTION('ref_axis',(-1.,0.,0.));
#8281=DIRECTION('center_axis',(0.,0.,-1.));
#8282=DIRECTION('ref_axis',(0.707106781186547,-0.707106781186548,0.));
#8283=DIRECTION('center_axis',(0.,0.,1.));
#8284=DIRECTION('ref_axis',(-0.368124552684681,0.92977648588825,0.));
#8285=DIRECTION('',(0.,0.,1.));
#8286=DIRECTION('center_axis',(0.,0.,1.));
#8287=DIRECTION('ref_axis',(1.,0.,0.));
#8288=DIRECTION('center_axis',(0.929776485888252,-0.368124552684677,0.));
#8289=DIRECTION('ref_axis',(0.,0.,1.));
#8290=DIRECTION('center_axis',(0.,0.,1.));
#8291=DIRECTION('ref_axis',(0.929776485888252,-0.368124552684677,0.));
#8292=DIRECTION('center_axis',(0.92977648588825,-0.368124552684682,0.));
#8293=DIRECTION('ref_axis',(0.368124552684682,0.92977648588825,0.));
#8294=DIRECTION('center_axis',(0.,0.,-1.));
#8295=DIRECTION('ref_axis',(0.929776485888252,-0.368124552684677,0.));
#8296=DIRECTION('center_axis',(0.,0.,-1.));
#8297=DIRECTION('ref_axis',(-1.,0.,0.));
#8298=DIRECTION('center_axis',(0.368124552684682,-0.92977648588825,0.));
#8299=DIRECTION('ref_axis',(0.92977648588825,0.368124552684682,0.));
#8300=DIRECTION('center_axis',(0.,0.,1.));
#8301=DIRECTION('ref_axis',(-0.707106781186547,-0.707106781186548,0.));
#8302=DIRECTION('center_axis',(0.,0.,-1.));
#8303=DIRECTION('ref_axis',(-0.707106781186547,-0.707106781186548,0.));
#8304=DIRECTION('center_axis',(0.,0.,1.));
#8305=DIRECTION('ref_axis',(-0.368124552684679,0.929776485888251,0.));
#8306=DIRECTION('center_axis',(-0.368124552684677,0.929776485888252,0.));
#8307=DIRECTION('ref_axis',(-0.929776485888252,-0.368124552684677,0.));
#8308=DIRECTION('center_axis',(0.,0.,-1.));
#8309=DIRECTION('ref_axis',(-0.368124552684681,0.92977648588825,0.));
#8310=DIRECTION('center_axis',(0.,0.,1.));
#8311=DIRECTION('ref_axis',(-0.368124552684681,0.92977648588825,0.));
#8312=DIRECTION('center_axis',(0.,0.,1.));
#8313=DIRECTION('ref_axis',(1.,0.,0.));
#8314=DIRECTION('center_axis',(0.,0.,-1.));
#8315=DIRECTION('ref_axis',(-0.707106781186548,-0.707106781186548,0.));
#8316=DIRECTION('center_axis',(0.,0.,1.));
#8317=DIRECTION('ref_axis',(-0.707106781186547,-0.707106781186547,0.));
#8318=DIRECTION('center_axis',(0.,0.,1.));
#8319=DIRECTION('ref_axis',(0.929776485888252,0.368124552684678,0.));
#8320=DIRECTION('',(0.,0.,1.));
#8321=DIRECTION('center_axis',(0.,0.,1.));
#8322=DIRECTION('ref_axis',(-0.707106781186547,-0.707106781186548,0.));
#8323=DIRECTION('',(0.,0.,1.));
#8324=DIRECTION('center_axis',(0.,0.,1.));
#8325=DIRECTION('ref_axis',(-0.368124552684675,-0.929776485888253,0.));
#8326=DIRECTION('',(0.,0.,1.));
#8327=DIRECTION('center_axis',(0.,0.,-1.));
#8328=DIRECTION('ref_axis',(0.929776485888252,-0.368124552684677,0.));
#8329=DIRECTION('center_axis',(0.,0.,1.));
#8330=DIRECTION('ref_axis',(1.,0.,0.));
#8331=DIRECTION('center_axis',(0.,0.,-1.));
#8332=DIRECTION('ref_axis',(-1.,0.,0.));
#8333=DIRECTION('center_axis',(0.368124552684681,-0.92977648588825,0.));
#8334=DIRECTION('ref_axis',(0.,0.,-1.));
#8335=DIRECTION('center_axis',(0.,0.,-1.));
#8336=DIRECTION('ref_axis',(-0.368124552684681,0.92977648588825,0.));
#8337=DIRECTION('center_axis',(0.368124552684681,-0.92977648588825,0.));
#8338=DIRECTION('ref_axis',(-0.92977648588825,-0.368124552684681,0.));
#8339=DIRECTION('center_axis',(0.,0.,1.));
#8340=DIRECTION('ref_axis',(1.,0.,0.));
#8341=DIRECTION('center_axis',(0.92977648588825,-0.368124552684682,0.));
#8342=DIRECTION('ref_axis',(-0.368124552684682,-0.92977648588825,0.));
#8343=DIRECTION('center_axis',(0.,0.,-1.));
#8344=DIRECTION('ref_axis',(0.929776485888251,-0.368124552684678,0.));
#8345=DIRECTION('center_axis',(-0.929776485888252,0.368124552684676,0.));
#8346=DIRECTION('ref_axis',(0.368124552684676,0.929776485888252,0.));
#8347=DIRECTION('center_axis',(0.,0.,-1.));
#8348=DIRECTION('ref_axis',(-1.,0.,0.));
#8349=DIRECTION('center_axis',(0.,0.,-1.));
#8350=DIRECTION('ref_axis',(-0.707106781186548,-0.707106781186548,0.));
#8351=DIRECTION('center_axis',(0.,0.,1.));
#8352=DIRECTION('ref_axis',(0.92977648588825,0.368124552684681,0.));
#8353=DIRECTION('',(0.,0.,1.));
#8354=DIRECTION('center_axis',(0.,0.,-1.));
#8355=DIRECTION('ref_axis',(-1.,0.,0.));
#8356=DIRECTION('center_axis',(0.,-1.,0.));
#8357=DIRECTION('ref_axis',(1.,0.,0.));
#8358=DIRECTION('center_axis',(0.,0.,-1.));
#8359=DIRECTION('ref_axis',(-1.,0.,0.));
#8360=DIRECTION('center_axis',(0.,0.,1.));
#8361=DIRECTION('ref_axis',(-1.,0.,0.));
#8362=DIRECTION('',(0.,0.,-1.));
#8363=DIRECTION('center_axis',(0.,0.,1.));
#8364=DIRECTION('ref_axis',(-1.,0.,0.));
#8365=DIRECTION('center_axis',(0.,0.,1.));
#8366=DIRECTION('ref_axis',(-1.,0.,0.));
#8367=DIRECTION('center_axis',(0.,0.,-1.));
#8368=DIRECTION('ref_axis',(-1.,0.,0.));
#8369=DIRECTION('center_axis',(-1.22464679914735E-16,-1.,0.));
#8370=DIRECTION('ref_axis',(1.,-1.22464679914735E-16,0.));
#8371=DIRECTION('center_axis',(0.,0.,-1.));
#8372=DIRECTION('ref_axis',(-1.,0.,0.));
#8373=DIRECTION('center_axis',(0.,0.,1.));
#8374=DIRECTION('ref_axis',(-1.,0.,0.));
#8375=DIRECTION('',(0.,0.,-1.));
#8376=DIRECTION('center_axis',(0.,0.,1.));
#8377=DIRECTION('ref_axis',(-1.,0.,0.));
#8378=DIRECTION('center_axis',(0.,0.,1.));
#8379=DIRECTION('ref_axis',(-1.,0.,0.));
#8380=DIRECTION('center_axis',(0.,0.,-1.));
#8381=DIRECTION('ref_axis',(-1.,0.,0.));
#8382=DIRECTION('center_axis',(-1.22464679914735E-16,-1.,0.));
#8383=DIRECTION('ref_axis',(1.,-1.22464679914735E-16,0.));
#8384=DIRECTION('center_axis',(0.,0.,-1.));
#8385=DIRECTION('ref_axis',(-1.,0.,0.));
#8386=DIRECTION('center_axis',(0.,0.,1.));
#8387=DIRECTION('ref_axis',(-1.,0.,0.));
#8388=DIRECTION('',(0.,0.,-1.));
#8389=DIRECTION('center_axis',(0.,0.,1.));
#8390=DIRECTION('ref_axis',(-1.,0.,0.));
#8391=DIRECTION('center_axis',(0.,0.,1.));
#8392=DIRECTION('ref_axis',(-1.,0.,0.));
#8393=DIRECTION('center_axis',(0.,0.,-1.));
#8394=DIRECTION('ref_axis',(-1.,0.,0.));
#8395=DIRECTION('center_axis',(0.,0.,-1.));
#8396=DIRECTION('ref_axis',(-1.,0.,0.));
#8397=DIRECTION('center_axis',(0.,-1.,0.));
#8398=DIRECTION('ref_axis',(1.,0.,0.));
#8399=DIRECTION('center_axis',(0.,0.,1.));
#8400=DIRECTION('ref_axis',(-1.,0.,0.));
#8401=DIRECTION('center_axis',(0.,0.,1.));
#8402=DIRECTION('ref_axis',(-1.,0.,0.));
#8403=DIRECTION('',(0.,0.,-1.));
#8404=DIRECTION('center_axis',(0.,0.,1.));
#8405=DIRECTION('ref_axis',(-1.,0.,0.));
#8406=DIRECTION('center_axis',(0.,0.,1.));
#8407=DIRECTION('ref_axis',(1.,0.,0.));
#8408=DIRECTION('center_axis',(0.,0.,-1.));
#8409=DIRECTION('ref_axis',(-1.,0.,0.));
#8410=DIRECTION('center_axis',(0.,-1.,0.));
#8411=DIRECTION('ref_axis',(1.,0.,0.));
#8412=DIRECTION('center_axis',(0.,0.,1.));
#8413=DIRECTION('ref_axis',(1.,0.,0.));
#8414=DIRECTION('center_axis',(0.,0.,-1.));
#8415=DIRECTION('ref_axis',(-1.,0.,0.));
#8416=DIRECTION('center_axis',(0.,-1.,0.));
#8417=DIRECTION('ref_axis',(-1.,0.,0.));
#8418=DIRECTION('center_axis',(0.,0.,-1.));
#8419=DIRECTION('ref_axis',(-1.,0.,0.));
#8420=DIRECTION('center_axis',(0.,0.,1.));
#8421=DIRECTION('ref_axis',(1.,0.,0.));
#8422=DIRECTION('center_axis',(0.,0.,1.));
#8423=DIRECTION('ref_axis',(1.,0.,0.));
#8424=DIRECTION('center_axis',(0.,-1.,0.));
#8425=DIRECTION('ref_axis',(-1.,0.,0.));
#8426=DIRECTION('center_axis',(0.,0.,-1.));
#8427=DIRECTION('ref_axis',(1.,0.,0.));
#8428=DIRECTION('center_axis',(0.,0.,-1.));
#8429=DIRECTION('ref_axis',(1.,0.,0.));
#8430=DIRECTION('center_axis',(0.,0.,1.));
#8431=DIRECTION('ref_axis',(-1.,0.,0.));
#8432=DIRECTION('center_axis',(0.,0.,1.));
#8433=DIRECTION('ref_axis',(-6.12323399573676E-17,-1.,0.));
#8434=DIRECTION('',(0.,0.,-1.));
#8435=DIRECTION('center_axis',(0.,0.,1.));
#8436=DIRECTION('ref_axis',(-0.998112232541784,0.0614163760771914,0.));
#8437=DIRECTION('',(0.,0.,1.));
#8438=DIRECTION('center_axis',(0.,0.,1.));
#8439=DIRECTION('ref_axis',(-6.12323399573677E-17,1.,0.));
#8440=DIRECTION('',(0.,0.,-1.));
#8441=DIRECTION('center_axis',(0.,0.,1.));
#8442=DIRECTION('ref_axis',(0.998112232541784,0.0614163760771905,0.));
#8443=DIRECTION('',(0.,0.,1.));
#8444=DIRECTION('center_axis',(0.,0.,1.));
#8445=DIRECTION('ref_axis',(0.998112232541784,0.0614163760771905,0.));
#8446=DIRECTION('',(0.,0.,1.));
#8447=DIRECTION('center_axis',(0.,0.,-1.));
#8448=DIRECTION('ref_axis',(0.124325869046501,0.992241441528136,0.));
#8449=DIRECTION('center_axis',(-0.279975494486262,0.960007147102131,0.));
#8450=DIRECTION('ref_axis',(0.960007147102131,0.279975494486262,0.));
#8451=DIRECTION('center_axis',(-0.409679677927521,-0.912229445640296,0.));
#8452=DIRECTION('ref_axis',(0.,0.,-1.));
#8453=DIRECTION('center_axis',(0.,0.,-1.));
#8454=DIRECTION('ref_axis',(0.842172100163384,-0.539208821984948,0.));
#8455=DIRECTION('center_axis',(0.,0.,1.));
#8456=DIRECTION('ref_axis',(-0.997608905839465,0.0691120176943635,0.));
#8457=DIRECTION('center_axis',(0.,0.,-1.));
#8458=DIRECTION('ref_axis',(-0.998112232541784,0.0614163760771913,0.));
#8459=DIRECTION('center_axis',(0.,0.,-1.));
#8460=DIRECTION('ref_axis',(-1.,0.,0.));
#8461=DIRECTION('center_axis',(-0.913545457642604,0.406736643075793,0.));
#8462=DIRECTION('ref_axis',(-0.406736643075793,-0.913545457642604,0.));
#8463=DIRECTION('center_axis',(0.,0.,1.));
#8464=DIRECTION('ref_axis',(-0.265839084724638,-0.964017417390768,0.));
#8465=DIRECTION('center_axis',(0.,0.,-1.));
#8466=DIRECTION('ref_axis',(-0.265839084724638,-0.964017417390768,0.));
#8467=DIRECTION('center_axis',(0.,0.,-1.));
#8468=DIRECTION('ref_axis',(-1.,0.,0.));
#8469=DIRECTION('center_axis',(0.913545457642604,-0.406736643075793,0.));
#8470=DIRECTION('ref_axis',(0.406736643075793,0.913545457642604,0.));
#8471=DIRECTION('center_axis',(0.,0.,1.));
#8472=DIRECTION('ref_axis',(-0.913545457642603,0.406736643075795,0.));
#8473=DIRECTION('center_axis',(0.,0.,-1.));
#8474=DIRECTION('ref_axis',(-0.913545457642603,0.406736643075795,0.));
#8475=DIRECTION('center_axis',(0.,0.,1.));
#8476=DIRECTION('ref_axis',(1.,0.,0.));
#8477=DIRECTION('center_axis',(0.,0.,-1.));
#8478=DIRECTION('ref_axis',(-0.269457238388603,-0.963012355413983,0.));
#8479=DIRECTION('center_axis',(0.,0.,1.));
#8480=DIRECTION('ref_axis',(-0.269457238388603,-0.963012355413983,0.));
#8481=DIRECTION('center_axis',(0.,0.,-1.));
#8482=DIRECTION('ref_axis',(-0.904577874786623,0.426308419394358,0.));
#8483=DIRECTION('center_axis',(0.279975494486262,0.960007147102131,0.));
#8484=DIRECTION('ref_axis',(0.,0.,-1.));
#8485=DIRECTION('center_axis',(-0.860203686184564,0.416797187151461,-0.293819201307739));
#8486=DIRECTION('ref_axis',(0.509950603759314,0.703069030874733,-0.495625180504759));
#8487=DIRECTION('center_axis',(-0.426308419394372,0.904577874786617,0.));
#8488=DIRECTION('ref_axis',(0.,0.,-1.));
#8489=DIRECTION('center_axis',(0.992241441528136,-0.124325869046501,0.));
#8490=DIRECTION('ref_axis',(0.124325869046501,0.992241441528136,0.));
#8491=DIRECTION('center_axis',(0.,0.,-1.));
#8492=DIRECTION('ref_axis',(0.904577874786624,0.426308419394357,0.));
#8493=DIRECTION('center_axis',(0.,0.,-1.));
#8494=DIRECTION('ref_axis',(0.133458966692558,-0.991054339685446,0.));
#8495=DIRECTION('center_axis',(0.409679677927532,-0.912229445640292,1.13708952789041E-15));
#8496=DIRECTION('ref_axis',(-0.912229445640291,-0.409679677927532,0.));
#8497=DIRECTION('center_axis',(0.,0.,1.));
#8498=DIRECTION('ref_axis',(1.,0.,0.));
#8499=DIRECTION('center_axis',(0.913545457642602,0.406736643075798,0.));
#8500=DIRECTION('ref_axis',(-0.406736643075798,0.913545457642602,0.));
#8501=DIRECTION('center_axis',(0.,0.,-1.));
#8502=DIRECTION('ref_axis',(0.269457238388603,-0.963012355413983,0.));
#8503=DIRECTION('center_axis',(0.,0.,1.));
#8504=DIRECTION('ref_axis',(0.269457238388603,-0.963012355413983,0.));
#8505=DIRECTION('center_axis',(0.,0.,-1.));
#8506=DIRECTION('ref_axis',(0.913545457642603,0.406736643075796,0.));
#8507=DIRECTION('center_axis',(-0.913545457642602,-0.406736643075798,0.));
#8508=DIRECTION('ref_axis',(0.406736643075798,-0.913545457642602,0.));
#8509=DIRECTION('center_axis',(0.,0.,1.));
#8510=DIRECTION('ref_axis',(0.913545457642603,0.406736643075795,0.));
#8511=DIRECTION('center_axis',(0.,0.,-1.));
#8512=DIRECTION('ref_axis',(0.913545457642603,0.406736643075795,0.));
#8513=DIRECTION('center_axis',(0.,0.,-1.));
#8514=DIRECTION('ref_axis',(-1.,0.,0.));
#8515=DIRECTION('center_axis',(0.,0.,1.));
#8516=DIRECTION('ref_axis',(0.265839084724638,-0.964017417390768,0.));
#8517=DIRECTION('center_axis',(0.,0.,-1.));
#8518=DIRECTION('ref_axis',(0.265839084724638,-0.964017417390768,0.));
#8519=DIRECTION('center_axis',(0.,0.,1.));
#8520=DIRECTION('ref_axis',(1.,0.,0.));
#8521=DIRECTION('center_axis',(0.,0.,-1.));
#8522=DIRECTION('ref_axis',(0.998112232541784,0.0614163760771905,0.));
#8523=DIRECTION('center_axis',(-0.93238126144163,-0.30259516749103,-0.19774060767478));
#8524=DIRECTION('ref_axis',(0.361476393852373,-0.780504809635378,-0.510046134014882));
#8525=DIRECTION('center_axis',(-0.539208821984948,-0.842172100163384,-2.69313053031358E-14));
#8526=DIRECTION('ref_axis',(0.842172100163384,-0.539208821984948,0.));
#8527=DIRECTION('center_axis',(0.,0.,-1.));
#8528=DIRECTION('ref_axis',(-0.133458966692558,-0.991054339685446,0.));
#8529=DIRECTION('center_axis',(0.99105433968544,-0.133458966692601,0.));
#8530=DIRECTION('ref_axis',(0.,0.,-1.));
#8531=DIRECTION('center_axis',(0.,0.,1.));
#8532=DIRECTION('ref_axis',(0.420249532248422,-0.907408579772631,0.));
#8533=DIRECTION('',(0.,0.,-1.));
#8534=DIRECTION('center_axis',(0.,0.,-1.));
#8535=DIRECTION('ref_axis',(-1.,0.,0.));
#8536=DIRECTION('center_axis',(0.9135454576426,-0.406736643075803,0.));
#8537=DIRECTION('ref_axis',(0.,0.,-1.));
#8538=DIRECTION('center_axis',(0.,0.,1.));
#8539=DIRECTION('ref_axis',(-0.265839084724638,-0.964017417390768,0.));
#8540=DIRECTION('center_axis',(0.,0.,-1.));
#8541=DIRECTION('ref_axis',(-1.,0.,0.));
#8542=DIRECTION('center_axis',(-0.913545457642606,0.40673664307579,0.));
#8543=DIRECTION('ref_axis',(0.,0.,-1.));
#8544=DIRECTION('center_axis',(0.,0.,1.));
#8545=DIRECTION('ref_axis',(-0.913545457642603,0.406736643075795,0.));
#8546=DIRECTION('center_axis',(0.,0.,1.));
#8547=DIRECTION('ref_axis',(1.,0.,0.));
#8548=DIRECTION('center_axis',(0.,0.,-1.));
#8549=DIRECTION('ref_axis',(-0.269457238388603,-0.963012355413983,0.));
#8550=DIRECTION('center_axis',(-0.860203686184564,-0.416797187151462,0.29381920130774));
#8551=DIRECTION('ref_axis',(-0.509950603759315,0.703069030874733,-0.495625180504758));
#8552=DIRECTION('center_axis',(-0.992241441528135,-0.124325869046509,0.));
#8553=DIRECTION('ref_axis',(0.,0.,-1.));
#8554=DIRECTION('center_axis',(0.426308419394371,0.904577874786617,-1.18324355700797E-15));
#8555=DIRECTION('ref_axis',(-0.904577874786617,0.426308419394371,0.));
#8556=DIRECTION('center_axis',(0.,0.,-1.));
#8557=DIRECTION('ref_axis',(-0.124325869046501,0.992241441528136,0.));
#8558=DIRECTION('center_axis',(0.,0.,1.));
#8559=DIRECTION('ref_axis',(1.,0.,0.));
#8560=DIRECTION('center_axis',(0.,0.,1.));
#8561=DIRECTION('ref_axis',(-0.587137781873911,0.809487013543876,0.));
#8562=DIRECTION('',(0.,0.,-1.));
#8563=DIRECTION('center_axis',(-0.932381261441632,0.302595167491026,0.197740607674774));
#8564=DIRECTION('ref_axis',(-0.361476393852368,-0.780504809635377,-0.510046134014887));
#8565=DIRECTION('center_axis',(0.539208821984949,-0.842172100163384,0.));
#8566=DIRECTION('ref_axis',(0.,0.,-1.));
#8567=DIRECTION('center_axis',(-0.991054339685445,-0.13345896669256,-2.75072836643366E-15));
#8568=DIRECTION('ref_axis',(0.13345896669256,-0.991054339685445,0.));
#8569=DIRECTION('center_axis',(0.,0.,-1.));
#8570=DIRECTION('ref_axis',(-0.842172100163384,-0.539208821984948,0.));
#8571=DIRECTION('center_axis',(0.,0.,1.));
#8572=DIRECTION('ref_axis',(1.,0.,0.));
#8573=DIRECTION('center_axis',(-0.913545457642597,-0.406736643075808,0.));
#8574=DIRECTION('ref_axis',(0.,0.,-1.));
#8575=DIRECTION('center_axis',(0.,0.,-1.));
#8576=DIRECTION('ref_axis',(0.269457238388603,-0.963012355413983,0.));
#8577=DIRECTION('center_axis',(0.,0.,-1.));
#8578=DIRECTION('ref_axis',(0.913545457642603,0.406736643075796,0.));
#8579=DIRECTION('center_axis',(0.913545457642602,0.406736643075799,0.));
#8580=DIRECTION('ref_axis',(0.,0.,-1.));
#8581=DIRECTION('center_axis',(0.,0.,1.));
#8582=DIRECTION('ref_axis',(0.913545457642603,0.406736643075795,0.));
#8583=DIRECTION('center_axis',(0.,0.,-1.));
#8584=DIRECTION('ref_axis',(-1.,0.,0.));
#8585=DIRECTION('center_axis',(0.,0.,1.));
#8586=DIRECTION('ref_axis',(0.265839084724638,-0.964017417390768,0.));
#8587=DIRECTION('center_axis',(0.,0.,-1.));
#8588=DIRECTION('ref_axis',(-0.420249532248422,-0.907408579772631,0.));
#8589=DIRECTION('',(0.,0.,1.));
#8590=DIRECTION('center_axis',(0.,0.,1.));
#8591=DIRECTION('ref_axis',(1.,0.,0.));
#8592=DIRECTION('center_axis',(0.,0.,-1.));
#8593=DIRECTION('ref_axis',(0.587137781873911,0.809487013543876,0.));
#8594=DIRECTION('',(0.,0.,1.));
#8595=DIRECTION('center_axis',(0.,0.,1.));
#8596=DIRECTION('ref_axis',(0.406736643075801,0.913545457642601,0.));
#8597=DIRECTION('',(0.,0.,1.));
#8598=DIRECTION('center_axis',(0.,0.,1.));
#8599=DIRECTION('ref_axis',(-0.406736643075792,-0.913545457642605,0.));
#8600=DIRECTION('',(0.,0.,1.));
#8601=DIRECTION('center_axis',(0.,0.,1.));
#8602=DIRECTION('ref_axis',(-0.406736643075801,-0.9135454576426,0.));
#8603=DIRECTION('',(0.,0.,1.));
#8604=DIRECTION('center_axis',(0.,0.,1.));
#8605=DIRECTION('ref_axis',(-0.406736643075799,0.913545457642601,0.));
#8606=DIRECTION('',(0.,0.,1.));
#8607=DIRECTION('center_axis',(0.,0.,1.));
#8608=DIRECTION('ref_axis',(1.,0.,0.));
#8609=DIRECTION('center_axis',(0.,0.,1.));
#8610=DIRECTION('ref_axis',(1.,0.,0.));
#8611=DIRECTION('center_axis',(0.,0.,-1.));
#8612=DIRECTION('ref_axis',(-1.,0.,0.));
#8613=DIRECTION('center_axis',(0.,0.,1.));
#8614=DIRECTION('ref_axis',(-1.,0.,0.));
#8615=DIRECTION('center_axis',(0.,-1.,0.));
#8616=DIRECTION('ref_axis',(1.,0.,0.));
#8617=DIRECTION('center_axis',(0.,0.,1.));
#8618=DIRECTION('ref_axis',(-1.,0.,0.));
#8619=DIRECTION('center_axis',(0.,0.,-1.));
#8620=DIRECTION('ref_axis',(-1.,0.,0.));
#8621=DIRECTION('',(0.,0.,-1.));
#8622=DIRECTION('center_axis',(0.,0.,-1.));
#8623=DIRECTION('ref_axis',(-1.,0.,0.));
#8624=DIRECTION('center_axis',(0.,-1.,0.));
#8625=DIRECTION('ref_axis',(1.,0.,0.));
#8626=DIRECTION('center_axis',(0.,0.,1.));
#8627=DIRECTION('ref_axis',(-1.,0.,0.));
#8628=DIRECTION('center_axis',(0.,0.,1.));
#8629=DIRECTION('ref_axis',(1.,0.,0.));
#8630=DIRECTION('center_axis',(0.,0.,1.));
#8631=DIRECTION('ref_axis',(1.,0.,0.));
#8632=DIRECTION('center_axis',(0.,0.,1.));
#8633=DIRECTION('ref_axis',(1.,1.22464679914735E-16,0.));
#8634=DIRECTION('center_axis',(1.22464679914735E-16,-1.,0.));
#8635=DIRECTION('ref_axis',(-1.,-1.22464679914735E-16,0.));
#8636=DIRECTION('center_axis',(0.,0.,-1.));
#8637=DIRECTION('ref_axis',(1.,1.22464679914735E-16,0.));
#8638=DIRECTION('center_axis',(0.,0.,-1.));
#8639=DIRECTION('ref_axis',(1.,1.22464679914735E-16,0.));
#8640=DIRECTION('center_axis',(0.,0.,-1.));
#8641=DIRECTION('ref_axis',(-1.,0.,0.));
#8642=DIRECTION('center_axis',(0.,0.,-1.));
#8643=DIRECTION('ref_axis',(-1.,0.,0.));
#8644=DIRECTION('center_axis',(0.,0.,1.));
#8645=DIRECTION('ref_axis',(-1.,0.,0.));
#8646=DIRECTION('center_axis',(0.,0.,1.));
#8647=DIRECTION('ref_axis',(1.,-1.22464679914735E-16,0.));
#8648=DIRECTION('',(0.,0.,-1.));
#8649=DIRECTION('center_axis',(0.,0.,1.));
#8650=DIRECTION('ref_axis',(-0.0614163760771905,-0.998112232541784,0.));
#8651=DIRECTION('',(0.,0.,1.));
#8652=DIRECTION('center_axis',(0.,0.,1.));
#8653=DIRECTION('ref_axis',(-1.,0.,0.));
#8654=DIRECTION('',(0.,0.,-1.));
#8655=DIRECTION('center_axis',(0.,0.,1.));
#8656=DIRECTION('ref_axis',(-0.0614163760771905,0.998112232541784,0.));
#8657=DIRECTION('',(0.,0.,1.));
#8658=DIRECTION('center_axis',(0.,0.,1.));
#8659=DIRECTION('ref_axis',(1.,-1.22464679914735E-16,0.));
#8660=DIRECTION('',(0.,0.,1.));
#8661=DIRECTION('center_axis',(0.,0.,1.));
#8662=DIRECTION('ref_axis',(1.,0.,0.));
#8663=DIRECTION('center_axis',(1.22464679914735E-16,-1.,0.));
#8664=DIRECTION('ref_axis',(-1.,-1.22464679914735E-16,0.));
#8665=DIRECTION('center_axis',(0.,0.,-1.));
#8666=DIRECTION('ref_axis',(-0.992241441528136,0.124325869046501,0.));
#8667=DIRECTION('center_axis',(-0.960007147102131,-0.279975494486262,0.));
#8668=DIRECTION('ref_axis',(-0.279975494486262,0.960007147102131,0.));
#8669=DIRECTION('center_axis',(0.912229445640296,-0.409679677927521,0.));
#8670=DIRECTION('ref_axis',(0.,0.,-1.));
#8671=DIRECTION('center_axis',(0.,0.,-1.));
#8672=DIRECTION('ref_axis',(0.539208821984947,0.842172100163385,0.));
#8673=DIRECTION('center_axis',(0.,0.,1.));
#8674=DIRECTION('ref_axis',(1.,0.,0.));
#8675=DIRECTION('center_axis',(0.,0.,-1.));
#8676=DIRECTION('ref_axis',(-0.0614163760771905,-0.998112232541784,0.));
#8677=DIRECTION('center_axis',(0.,0.,-1.));
#8678=DIRECTION('ref_axis',(-1.,0.,0.));
#8679=DIRECTION('center_axis',(-0.406736643075793,-0.913545457642604,0.));
#8680=DIRECTION('ref_axis',(0.913545457642604,-0.406736643075793,0.));
#8681=DIRECTION('center_axis',(0.,0.,1.));
#8682=DIRECTION('ref_axis',(0.964017417390768,-0.265839084724638,0.));
#8683=DIRECTION('center_axis',(0.,0.,-1.));
#8684=DIRECTION('ref_axis',(0.964017417390768,-0.265839084724638,0.));
#8685=DIRECTION('center_axis',(0.,0.,-1.));
#8686=DIRECTION('ref_axis',(-1.,0.,0.));
#8687=DIRECTION('center_axis',(0.406736643075792,0.913545457642605,0.));
#8688=DIRECTION('ref_axis',(-0.913545457642605,0.406736643075792,0.));
#8689=DIRECTION('center_axis',(0.,0.,1.));
#8690=DIRECTION('ref_axis',(-0.406736643075797,-0.913545457642603,0.));
#8691=DIRECTION('center_axis',(0.,0.,-1.));
#8692=DIRECTION('ref_axis',(-0.406736643075796,-0.913545457642603,0.));
#8693=DIRECTION('center_axis',(0.,0.,1.));
#8694=DIRECTION('ref_axis',(1.,0.,0.));
#8695=DIRECTION('center_axis',(0.,0.,-1.));
#8696=DIRECTION('ref_axis',(0.963012355413983,-0.269457238388603,0.));
#8697=DIRECTION('center_axis',(0.,0.,1.));
#8698=DIRECTION('ref_axis',(0.963012355413983,-0.269457238388603,0.));
#8699=DIRECTION('center_axis',(0.401202147203942,-0.291000269122418,-0.868536516474481));
#8700=DIRECTION('ref_axis',(-0.703069030874734,0.509950603759311,-0.495625180504761));
#8701=DIRECTION('center_axis',(-0.904577874786617,-0.426308419394372,0.));
#8702=DIRECTION('ref_axis',(0.,0.,-1.));
#8703=DIRECTION('center_axis',(0.124325869046501,0.992241441528136,-5.50804647185896E-15));
#8704=DIRECTION('ref_axis',(-0.992241441528136,0.124325869046501,0.));
#8705=DIRECTION('center_axis',(0.,0.,-1.));
#8706=DIRECTION('ref_axis',(-0.426308419394357,0.904577874786624,0.));
#8707=DIRECTION('center_axis',(0.,0.,-1.));
#8708=DIRECTION('ref_axis',(-0.426308419394357,-0.904577874786624,0.));
#8709=DIRECTION('center_axis',(-0.960007147102131,0.279975494486262,0.));
#8710=DIRECTION('ref_axis',(0.,0.,-1.));
#8711=DIRECTION('center_axis',(0.,0.,-1.));
#8712=DIRECTION('ref_axis',(0.991054339685446,0.133458966692558,0.));
#8713=DIRECTION('center_axis',(0.912229445640292,0.409679677927532,1.12648708707993E-14));
#8714=DIRECTION('ref_axis',(0.409679677927532,-0.912229445640292,0.));
#8715=DIRECTION('center_axis',(0.,0.,1.));
#8716=DIRECTION('ref_axis',(1.,0.,0.));
#8717=DIRECTION('center_axis',(-0.406736643075794,0.913545457642604,0.));
#8718=DIRECTION('ref_axis',(-0.913545457642604,-0.406736643075794,0.));
#8719=DIRECTION('center_axis',(0.,0.,-1.));
#8720=DIRECTION('ref_axis',(0.963012355413983,0.269457238388603,0.));
#8721=DIRECTION('center_axis',(0.,0.,1.));
#8722=DIRECTION('ref_axis',(0.963012355413983,0.269457238388603,0.));
#8723=DIRECTION('center_axis',(0.,0.,-1.));
#8724=DIRECTION('ref_axis',(-1.,0.,0.));
#8725=DIRECTION('center_axis',(0.406736643075802,-0.9135454576426,0.));
#8726=DIRECTION('ref_axis',(0.9135454576426,0.406736643075802,0.));
#8727=DIRECTION('center_axis',(0.,0.,1.));
#8728=DIRECTION('ref_axis',(-0.406736643075796,0.913545457642603,0.));
#8729=DIRECTION('center_axis',(0.,0.,-1.));
#8730=DIRECTION('ref_axis',(-0.406736643075797,0.913545457642603,0.));
#8731=DIRECTION('center_axis',(0.,0.,-1.));
#8732=DIRECTION('ref_axis',(-1.,0.,0.));
#8733=DIRECTION('center_axis',(0.,0.,1.));
#8734=DIRECTION('ref_axis',(0.964017417390768,0.265839084724638,0.));
#8735=DIRECTION('center_axis',(0.,0.,-1.));
#8736=DIRECTION('ref_axis',(0.964017417390768,0.265839084724638,0.));
#8737=DIRECTION('center_axis',(0.,0.,1.));
#8738=DIRECTION('ref_axis',(1.,0.,0.));
#8739=DIRECTION('center_axis',(0.,0.,-1.));
#8740=DIRECTION('ref_axis',(-0.0614163760771905,0.998112232541784,0.));
#8741=DIRECTION('center_axis',(-0.462820238084967,-0.214346649244873,-0.86014704625225));
#8742=DIRECTION('ref_axis',(0.780504809635378,0.361476393852376,-0.510046134014879));
#8743=DIRECTION('center_axis',(0.842172100163384,-0.539208821984948,-2.61830027415749E-14));
#8744=DIRECTION('ref_axis',(0.539208821984948,0.842172100163384,0.));
#8745=DIRECTION('center_axis',(0.,0.,-1.));
#8746=DIRECTION('ref_axis',(0.991054339685446,-0.133458966692558,0.));
#8747=DIRECTION('center_axis',(0.133458966692605,0.991054339685439,0.));
#8748=DIRECTION('ref_axis',(0.,0.,-1.));
#8749=DIRECTION('center_axis',(0.,0.,1.));
#8750=DIRECTION('ref_axis',(0.907408579772633,0.420249532248417,0.));
#8751=DIRECTION('',(0.,0.,-1.));
#8752=DIRECTION('center_axis',(0.,0.,-1.));
#8753=DIRECTION('ref_axis',(-1.,0.,0.));
#8754=DIRECTION('center_axis',(0.406736643075808,0.913545457642597,0.));
#8755=DIRECTION('ref_axis',(0.,0.,-1.));
#8756=DIRECTION('center_axis',(0.,0.,1.));
#8757=DIRECTION('ref_axis',(0.964017417390768,-0.265839084724638,0.));
#8758=DIRECTION('center_axis',(0.,0.,-1.));
#8759=DIRECTION('ref_axis',(-1.,0.,0.));
#8760=DIRECTION('center_axis',(-0.406736643075786,-0.913545457642607,0.));
#8761=DIRECTION('ref_axis',(0.,0.,-1.));
#8762=DIRECTION('center_axis',(0.,0.,1.));
#8763=DIRECTION('ref_axis',(-0.406736643075796,-0.913545457642603,0.));
#8764=DIRECTION('center_axis',(0.,0.,1.));
#8765=DIRECTION('ref_axis',(1.,0.,0.));
#8766=DIRECTION('center_axis',(0.,0.,-1.));
#8767=DIRECTION('ref_axis',(0.963012355413983,-0.269457238388603,0.));
#8768=DIRECTION('center_axis',(0.401202147203941,0.29100026912242,-0.868536516474481));
#8769=DIRECTION('ref_axis',(-0.703069030874732,-0.509950603759318,-0.495625180504756));
#8770=DIRECTION('center_axis',(0.124325869046506,-0.992241441528135,0.));
#8771=DIRECTION('ref_axis',(0.,0.,-1.));
#8772=DIRECTION('center_axis',(-0.904577874786617,0.426308419394371,-2.36648711401594E-15));
#8773=DIRECTION('ref_axis',(-0.426308419394371,-0.904577874786617,0.));
#8774=DIRECTION('center_axis',(0.,0.,-1.));
#8775=DIRECTION('ref_axis',(-0.992241441528136,-0.124325869046501,0.));
#8776=DIRECTION('center_axis',(0.,0.,1.));
#8777=DIRECTION('ref_axis',(1.,0.,0.));
#8778=DIRECTION('center_axis',(0.,0.,1.));
#8779=DIRECTION('ref_axis',(-0.809487013543876,-0.587137781873911,0.));
#8780=DIRECTION('',(0.,0.,-1.));
#8781=DIRECTION('center_axis',(-0.462820238084972,0.214346649244868,-0.860147046252248));
#8782=DIRECTION('ref_axis',(0.780504809635377,-0.361476393852368,-0.510046134014886));
#8783=DIRECTION('center_axis',(0.842172100163391,0.539208821984937,0.));
#8784=DIRECTION('ref_axis',(0.,0.,-1.));
#8785=DIRECTION('center_axis',(0.133458966692559,-0.991054339685446,-2.75072836643366E-15));
#8786=DIRECTION('ref_axis',(0.991054339685446,0.133458966692559,0.));
#8787=DIRECTION('center_axis',(0.,0.,-1.));
#8788=DIRECTION('ref_axis',(0.539208821984948,-0.842172100163384,0.));
#8789=DIRECTION('center_axis',(0.,0.,1.));
#8790=DIRECTION('ref_axis',(1.,0.,0.));
#8791=DIRECTION('center_axis',(0.406736643075803,-0.9135454576426,0.));
#8792=DIRECTION('ref_axis',(0.,0.,-1.));
#8793=DIRECTION('center_axis',(0.,0.,-1.));
#8794=DIRECTION('ref_axis',(0.963012355413983,0.269457238388603,0.));
#8795=DIRECTION('center_axis',(0.,0.,-1.));
#8796=DIRECTION('ref_axis',(-1.,0.,0.));
#8797=DIRECTION('center_axis',(-0.406736643075803,0.9135454576426,0.));
#8798=DIRECTION('ref_axis',(0.,0.,-1.));
#8799=DIRECTION('center_axis',(0.,0.,1.));
#8800=DIRECTION('ref_axis',(-0.406736643075796,0.913545457642603,0.));
#8801=DIRECTION('center_axis',(0.,0.,-1.));
#8802=DIRECTION('ref_axis',(-1.,0.,0.));
#8803=DIRECTION('center_axis',(0.,0.,1.));
#8804=DIRECTION('ref_axis',(0.964017417390768,0.265839084724637,0.));
#8805=DIRECTION('center_axis',(0.,0.,-1.));
#8806=DIRECTION('ref_axis',(0.907408579772634,-0.420249532248414,0.));
#8807=DIRECTION('',(0.,0.,1.));
#8808=DIRECTION('center_axis',(0.,0.,1.));
#8809=DIRECTION('ref_axis',(-1.,-1.22464679914735E-16,0.));
#8810=DIRECTION('center_axis',(0.,0.,-1.));
#8811=DIRECTION('ref_axis',(-0.809487013543876,0.587137781873911,0.));
#8812=DIRECTION('',(0.,0.,1.));
#8813=DIRECTION('center_axis',(0.,0.,1.));
#8814=DIRECTION('ref_axis',(-0.913545457642601,0.406736643075801,0.));
#8815=DIRECTION('',(0.,0.,1.));
#8816=DIRECTION('center_axis',(0.,0.,1.));
#8817=DIRECTION('ref_axis',(0.913545457642606,-0.406736643075789,0.));
#8818=DIRECTION('',(0.,0.,1.));
#8819=DIRECTION('center_axis',(0.,0.,1.));
#8820=DIRECTION('ref_axis',(0.9135454576426,-0.406736643075801,0.));
#8821=DIRECTION('',(0.,0.,1.));
#8822=DIRECTION('center_axis',(0.,0.,1.));
#8823=DIRECTION('ref_axis',(-0.913545457642601,-0.4067366430758,0.));
#8824=DIRECTION('',(0.,0.,1.));
#8825=DIRECTION('center_axis',(0.,0.,1.));
#8826=DIRECTION('ref_axis',(1.,0.,0.));
#8827=DIRECTION('center_axis',(0.,0.,1.));
#8828=DIRECTION('ref_axis',(1.,0.,0.));
#8829=DIRECTION('center_axis',(0.,0.,-1.));
#8830=DIRECTION('ref_axis',(-1.,0.,0.));
#8831=DIRECTION('center_axis',(0.,0.,1.));
#8832=DIRECTION('ref_axis',(-1.,0.,0.));
#8833=DIRECTION('center_axis',(0.,-1.,0.));
#8834=DIRECTION('ref_axis',(1.,0.,0.));
#8835=DIRECTION('center_axis',(0.,0.,1.));
#8836=DIRECTION('ref_axis',(-1.,0.,0.));
#8837=DIRECTION('center_axis',(0.,0.,-1.));
#8838=DIRECTION('ref_axis',(-1.,0.,0.));
#8839=DIRECTION('',(0.,0.,-1.));
#8840=DIRECTION('center_axis',(0.,0.,-1.));
#8841=DIRECTION('ref_axis',(-1.,0.,0.));
#8842=DIRECTION('center_axis',(0.,-1.,0.));
#8843=DIRECTION('ref_axis',(1.,0.,0.));
#8844=DIRECTION('center_axis',(0.,0.,1.));
#8845=DIRECTION('ref_axis',(-1.,0.,0.));
#8846=DIRECTION('center_axis',(0.,0.,1.));
#8847=DIRECTION('ref_axis',(1.,0.,0.));
#8848=DIRECTION('center_axis',(0.,0.,1.));
#8849=DIRECTION('ref_axis',(1.,0.,0.));
#8850=DIRECTION('center_axis',(0.,0.,1.));
#8851=DIRECTION('ref_axis',(1.,1.22464679914735E-16,0.));
#8852=DIRECTION('center_axis',(1.22464679914735E-16,-1.,0.));
#8853=DIRECTION('ref_axis',(-1.,-1.22464679914735E-16,0.));
#8854=DIRECTION('center_axis',(0.,0.,-1.));
#8855=DIRECTION('ref_axis',(1.,1.22464679914735E-16,0.));
#8856=DIRECTION('center_axis',(0.,0.,-1.));
#8857=DIRECTION('ref_axis',(1.,1.22464679914735E-16,0.));
#8858=DIRECTION('center_axis',(0.,0.,1.));
#8859=DIRECTION('ref_axis',(-1.,0.,0.));
#8860=DIRECTION('center_axis',(0.,0.,1.));
#8861=DIRECTION('ref_axis',(0.0614163760771905,0.998112232541784,0.));
#8862=DIRECTION('',(0.,0.,1.));
#8863=DIRECTION('center_axis',(0.,0.,1.));
#8864=DIRECTION('ref_axis',(1.,-1.22464679914735E-16,0.));
#8865=DIRECTION('',(0.,0.,1.));
#8866=DIRECTION('center_axis',(0.,0.,1.));
#8867=DIRECTION('ref_axis',(1.,-1.22464679914735E-16,0.));
#8868=DIRECTION('',(0.,0.,-1.));
#8869=DIRECTION('center_axis',(0.,0.,1.));
#8870=DIRECTION('ref_axis',(0.0614163760771905,-0.998112232541784,0.));
#8871=DIRECTION('',(0.,0.,1.));
#8872=DIRECTION('center_axis',(0.,0.,1.));
#8873=DIRECTION('ref_axis',(-1.,-1.11022302462516E-16,0.));
#8874=DIRECTION('',(0.,0.,-1.));
#8875=DIRECTION('center_axis',(0.,0.,-1.));
#8876=DIRECTION('ref_axis',(-1.,0.,0.));
#8877=DIRECTION('center_axis',(0.,0.,-1.));
#8878=DIRECTION('ref_axis',(-1.,0.,0.));
#8879=DIRECTION('center_axis',(0.,0.,-1.));
#8880=DIRECTION('ref_axis',(-0.991054339685446,-0.133458966692558,0.));
#8881=DIRECTION('center_axis',(-0.912229445640292,-0.409679677927532,1.13708952789041E-15));
#8882=DIRECTION('ref_axis',(-0.409679677927532,0.912229445640291,0.));
#8883=DIRECTION('center_axis',(-0.912229445640292,0.409679677927531,0.));
#8884=DIRECTION('ref_axis',(0.,0.,-1.));
#8885=DIRECTION('center_axis',(0.,0.,-1.));
#8886=DIRECTION('ref_axis',(-0.539208821984948,-0.842172100163384,0.));
#8887=DIRECTION('center_axis',(0.,0.,-1.));
#8888=DIRECTION('ref_axis',(0.426308419394374,0.904577874786616,0.));
#8889=DIRECTION('center_axis',(0.960007147102132,-0.279975494486261,0.));
#8890=DIRECTION('ref_axis',(0.,0.,-1.));
#8891=DIRECTION('center_axis',(0.462820238084962,-0.214346649244876,-0.860147046252251));
#8892=DIRECTION('ref_axis',(-0.78050480963537,0.361476393852379,-0.51004613401489));
#8893=DIRECTION('center_axis',(-0.842172100163391,-0.539208821984938,0.));
#8894=DIRECTION('ref_axis',(0.,0.,-1.));
#8895=DIRECTION('center_axis',(-0.133458966692559,0.991054339685446,1.37536418321683E-15));
#8896=DIRECTION('ref_axis',(-0.991054339685446,-0.133458966692559,0.));
#8897=DIRECTION('center_axis',(0.,0.,-1.));
#8898=DIRECTION('ref_axis',(-0.539208821984945,0.842172100163386,0.));
#8899=DIRECTION('center_axis',(0.,0.,-1.));
#8900=DIRECTION('ref_axis',(0.992241441528136,-0.124325869046501,0.));
#8901=DIRECTION('center_axis',(0.960007147102131,0.279975494486262,2.28706169718972E-14));
#8902=DIRECTION('ref_axis',(0.279975494486262,-0.960007147102131,0.));
#8903=DIRECTION('center_axis',(0.,0.,-1.));
#8904=DIRECTION('ref_axis',(-1.,0.,0.));
#8905=DIRECTION('center_axis',(0.406736643075787,0.913545457642607,0.));
#8906=DIRECTION('ref_axis',(-0.913545457642607,0.406736643075787,0.));
#8907=DIRECTION('center_axis',(0.,0.,1.));
#8908=DIRECTION('ref_axis',(-0.964017417390768,0.265839084724638,0.));
#8909=DIRECTION('center_axis',(0.,0.,-1.));
#8910=DIRECTION('ref_axis',(-0.964017417390768,0.265839084724638,0.));
#8911=DIRECTION('center_axis',(0.,0.,-1.));
#8912=DIRECTION('ref_axis',(0.406736643075796,0.913545457642603,0.));
#8913=DIRECTION('center_axis',(-0.406736643075793,-0.913545457642604,0.));
#8914=DIRECTION('ref_axis',(0.913545457642604,-0.406736643075793,0.));
#8915=DIRECTION('center_axis',(0.,0.,1.));
#8916=DIRECTION('ref_axis',(0.406736643075795,0.913545457642603,0.));
#8917=DIRECTION('center_axis',(0.,0.,-1.));
#8918=DIRECTION('ref_axis',(0.406736643075795,0.913545457642603,0.));
#8919=DIRECTION('center_axis',(0.,0.,1.));
#8920=DIRECTION('ref_axis',(1.,0.,0.));
#8921=DIRECTION('center_axis',(0.,0.,-1.));
#8922=DIRECTION('ref_axis',(-0.963012355413983,0.269457238388603,0.));
#8923=DIRECTION('center_axis',(0.,0.,1.));
#8924=DIRECTION('ref_axis',(-0.963012355413983,0.269457238388603,0.));
#8925=DIRECTION('center_axis',(0.,0.,1.));
#8926=DIRECTION('ref_axis',(1.,0.,0.));
#8927=DIRECTION('center_axis',(0.,0.,-1.));
#8928=DIRECTION('ref_axis',(0.0614163760771905,0.998112232541784,0.));
#8929=DIRECTION('center_axis',(0.462820238084962,0.214346649244872,-0.860147046252253));
#8930=DIRECTION('ref_axis',(-0.78050480963538,-0.361476393852369,-0.510046134014881));
#8931=DIRECTION('center_axis',(-0.842172100163384,0.539208821984947,-1.45881064939092E-14));
#8932=DIRECTION('ref_axis',(-0.539208821984947,-0.842172100163384,0.));
#8933=DIRECTION('center_axis',(0.,0.,-1.));
#8934=DIRECTION('ref_axis',(-0.991054339685446,0.133458966692558,0.));
#8935=DIRECTION('center_axis',(-0.133458966692604,-0.991054339685439,0.));
#8936=DIRECTION('ref_axis',(0.,0.,-1.));
#8937=DIRECTION('center_axis',(0.,0.,1.));
#8938=DIRECTION('ref_axis',(-0.907408579772631,-0.420249532248422,0.));
#8939=DIRECTION('',(0.,0.,-1.));
#8940=DIRECTION('center_axis',(-0.401202147203957,-0.291000269122421,-0.868536516474473));
#8941=DIRECTION('ref_axis',(0.703069030874732,0.509950603759309,-0.495625180504765));
#8942=DIRECTION('center_axis',(0.904577874786618,-0.42630841939437,-1.18324355700797E-15));
#8943=DIRECTION('ref_axis',(0.42630841939437,0.904577874786618,0.));
#8944=DIRECTION('center_axis',(0.,0.,-1.));
#8945=DIRECTION('ref_axis',(0.992241441528136,0.124325869046501,0.));
#8946=DIRECTION('center_axis',(-0.124325869046506,0.992241441528135,0.));
#8947=DIRECTION('ref_axis',(0.,0.,-1.));
#8948=DIRECTION('center_axis',(0.,0.,1.));
#8949=DIRECTION('ref_axis',(0.809487013543874,0.587137781873914,0.));
#8950=DIRECTION('',(0.,0.,-1.));
#8951=DIRECTION('center_axis',(0.,0.,1.));
#8952=DIRECTION('ref_axis',(1.,0.,0.));
#8953=DIRECTION('center_axis',(-0.406736643075802,0.9135454576426,0.));
#8954=DIRECTION('ref_axis',(0.,0.,-1.));
#8955=DIRECTION('center_axis',(0.,0.,-1.));
#8956=DIRECTION('ref_axis',(-0.963012355413983,-0.269457238388603,0.));
#8957=DIRECTION('center_axis',(0.,0.,-1.));
#8958=DIRECTION('ref_axis',(0.406736643075794,-0.913545457642604,0.));
#8959=DIRECTION('center_axis',(0.406736643075799,-0.913545457642602,0.));
#8960=DIRECTION('ref_axis',(0.,0.,-1.));
#8961=DIRECTION('center_axis',(0.,0.,1.));
#8962=DIRECTION('ref_axis',(0.406736643075792,-0.913545457642605,0.));
#8963=DIRECTION('center_axis',(0.,0.,-1.));
#8964=DIRECTION('ref_axis',(-1.,0.,0.));
#8965=DIRECTION('center_axis',(0.,0.,1.));
#8966=DIRECTION('ref_axis',(-0.964017417390768,-0.265839084724638,0.));
#8967=DIRECTION('center_axis',(-0.401202147203949,0.291000269122423,-0.868536516474476));
#8968=DIRECTION('ref_axis',(0.703069030874729,-0.509950603759317,-0.495625180504761));
#8969=DIRECTION('center_axis',(0.904577874786617,0.426308419394372,0.));
#8970=DIRECTION('ref_axis',(0.,0.,-1.));
#8971=DIRECTION('center_axis',(-0.124325869046504,-0.992241441528135,0.));
#8972=DIRECTION('ref_axis',(0.992241441528135,-0.124325869046504,0.));
#8973=DIRECTION('center_axis',(0.,0.,-1.));
#8974=DIRECTION('ref_axis',(0.426308419394371,-0.904577874786617,0.));
#8975=DIRECTION('center_axis',(0.,0.,-1.));
#8976=DIRECTION('ref_axis',(-1.,0.,0.));
#8977=DIRECTION('center_axis',(-0.406736643075804,-0.913545457642599,0.));
#8978=DIRECTION('ref_axis',(0.,0.,-1.));
#8979=DIRECTION('center_axis',(0.,0.,1.));
#8980=DIRECTION('ref_axis',(-0.964017417390768,0.265839084724638,0.));
#8981=DIRECTION('center_axis',(0.,0.,-1.));
#8982=DIRECTION('ref_axis',(0.406736643075796,0.913545457642603,0.));
#8983=DIRECTION('center_axis',(0.406736643075795,0.913545457642603,0.));
#8984=DIRECTION('ref_axis',(0.,0.,-1.));
#8985=DIRECTION('center_axis',(0.,0.,1.));
#8986=DIRECTION('ref_axis',(0.406736643075795,0.913545457642603,0.));
#8987=DIRECTION('center_axis',(0.,0.,1.));
#8988=DIRECTION('ref_axis',(1.,0.,0.));
#8989=DIRECTION('center_axis',(0.,0.,-1.));
#8990=DIRECTION('ref_axis',(-0.963012355413983,0.269457238388603,0.));
#8991=DIRECTION('center_axis',(0.,0.,-1.));
#8992=DIRECTION('ref_axis',(0.809487013543873,-0.587137781873916,0.));
#8993=DIRECTION('',(0.,0.,1.));
#8994=DIRECTION('center_axis',(0.,0.,1.));
#8995=DIRECTION('ref_axis',(-1.,-1.22464679914735E-16,0.));
#8996=DIRECTION('center_axis',(0.,0.,1.));
#8997=DIRECTION('ref_axis',(1.,0.,0.));
#8998=DIRECTION('center_axis',(0.,0.,-1.));
#8999=DIRECTION('ref_axis',(-0.90740857977263,0.420249532248424,0.));
#9000=DIRECTION('',(0.,0.,1.));
#9001=DIRECTION('center_axis',(0.,0.,1.));
#9002=DIRECTION('ref_axis',(1.,0.,0.));
#9003=DIRECTION('center_axis',(0.,0.,-1.));
#9004=DIRECTION('ref_axis',(0.0614163760771905,-0.998112232541784,0.));
#9005=DIRECTION('center_axis',(0.,0.,1.));
#9006=DIRECTION('ref_axis',(1.,0.,0.));
#9007=DIRECTION('center_axis',(0.406736643075802,-0.9135454576426,0.));
#9008=DIRECTION('ref_axis',(0.9135454576426,0.406736643075802,0.));
#9009=DIRECTION('center_axis',(0.,0.,-1.));
#9010=DIRECTION('ref_axis',(-0.963012355413983,-0.269457238388603,0.));
#9011=DIRECTION('center_axis',(0.,0.,1.));
#9012=DIRECTION('ref_axis',(-0.963012355413983,-0.269457238388603,0.));
#9013=DIRECTION('center_axis',(0.,0.,-1.));
#9014=DIRECTION('ref_axis',(0.406736643075793,-0.913545457642604,0.));
#9015=DIRECTION('center_axis',(-0.406736643075798,0.913545457642602,0.));
#9016=DIRECTION('ref_axis',(-0.913545457642602,-0.406736643075798,0.));
#9017=DIRECTION('center_axis',(0.,0.,1.));
#9018=DIRECTION('ref_axis',(0.406736643075792,-0.913545457642605,0.));
#9019=DIRECTION('center_axis',(0.,0.,-1.));
#9020=DIRECTION('ref_axis',(0.406736643075792,-0.913545457642605,0.));
#9021=DIRECTION('center_axis',(0.,0.,-1.));
#9022=DIRECTION('ref_axis',(-1.,0.,0.));
#9023=DIRECTION('center_axis',(0.,0.,1.));
#9024=DIRECTION('ref_axis',(-0.964017417390768,-0.265839084724638,0.));
#9025=DIRECTION('center_axis',(0.,0.,-1.));
#9026=DIRECTION('ref_axis',(-0.964017417390768,-0.265839084724638,0.));
#9027=DIRECTION('center_axis',(0.,0.,1.));
#9028=DIRECTION('ref_axis',(-0.9135454576426,0.406736643075801,0.));
#9029=DIRECTION('',(0.,0.,1.));
#9030=DIRECTION('center_axis',(0.,0.,1.));
#9031=DIRECTION('ref_axis',(0.913545457642601,0.406736643075799,0.));
#9032=DIRECTION('',(0.,0.,1.));
#9033=DIRECTION('center_axis',(0.,0.,1.));
#9034=DIRECTION('ref_axis',(0.913545457642601,-0.406736643075801,0.));
#9035=DIRECTION('',(0.,0.,1.));
#9036=DIRECTION('center_axis',(0.,0.,1.));
#9037=DIRECTION('ref_axis',(-0.913545457642605,0.406736643075792,0.));
#9038=DIRECTION('',(0.,0.,1.));
#9039=DIRECTION('center_axis',(0.,0.,1.));
#9040=DIRECTION('ref_axis',(1.,0.,0.));
#9041=DIRECTION('center_axis',(0.,0.,1.));
#9042=DIRECTION('ref_axis',(1.,0.,0.));
#9043=DIRECTION('center_axis',(0.,0.,1.));
#9044=DIRECTION('ref_axis',(1.,0.,0.));
#9045=DIRECTION('center_axis',(1.22464679914735E-16,-1.,0.));
#9046=DIRECTION('ref_axis',(-1.,-1.22464679914735E-16,0.));
#9047=DIRECTION('center_axis',(0.,0.,-1.));
#9048=DIRECTION('ref_axis',(-1.,0.,0.));
#9049=DIRECTION('center_axis',(0.,0.,1.));
#9050=DIRECTION('ref_axis',(-1.,0.,0.));
#9051=DIRECTION('center_axis',(0.,-1.,0.));
#9052=DIRECTION('ref_axis',(1.,0.,0.));
#9053=DIRECTION('center_axis',(0.,0.,1.));
#9054=DIRECTION('ref_axis',(-1.,0.,0.));
#9055=DIRECTION('center_axis',(0.,0.,-1.));
#9056=DIRECTION('ref_axis',(-1.,0.,0.));
#9057=DIRECTION('',(0.,0.,-1.));
#9058=DIRECTION('center_axis',(0.,0.,-1.));
#9059=DIRECTION('ref_axis',(-1.,0.,0.));
#9060=DIRECTION('center_axis',(0.,-1.,0.));
#9061=DIRECTION('ref_axis',(1.,0.,0.));
#9062=DIRECTION('center_axis',(0.,0.,1.));
#9063=DIRECTION('ref_axis',(-1.,0.,0.));
#9064=DIRECTION('center_axis',(0.,0.,1.));
#9065=DIRECTION('ref_axis',(1.,0.,0.));
#9066=DIRECTION('center_axis',(0.,0.,-1.));
#9067=DIRECTION('ref_axis',(-1.,0.,0.));
#9068=DIRECTION('center_axis',(0.,-1.,0.));
#9069=DIRECTION('ref_axis',(1.,0.,0.));
#9070=DIRECTION('center_axis',(0.,0.,-1.));
#9071=DIRECTION('ref_axis',(-1.,0.,0.));
#9072=DIRECTION('center_axis',(0.,0.,1.));
#9073=DIRECTION('ref_axis',(-1.,0.,0.));
#9074=DIRECTION('',(0.,0.,-1.));
#9075=DIRECTION('center_axis',(0.,0.,1.));
#9076=DIRECTION('ref_axis',(-1.,0.,0.));
#9077=DIRECTION('center_axis',(0.,0.,1.));
#9078=DIRECTION('ref_axis',(-1.,0.,0.));
#9079=DIRECTION('center_axis',(0.,0.,1.));
#9080=DIRECTION('ref_axis',(1.,0.,0.));
#9081=DIRECTION('center_axis',(0.,0.,-1.));
#9082=DIRECTION('ref_axis',(-1.,0.,0.));
#9083=DIRECTION('center_axis',(0.,-1.,0.));
#9084=DIRECTION('ref_axis',(-1.,0.,0.));
#9085=DIRECTION('center_axis',(0.,0.,-1.));
#9086=DIRECTION('ref_axis',(-1.,0.,0.));
#9087=DIRECTION('center_axis',(0.,0.,1.));
#9088=DIRECTION('ref_axis',(1.,0.,0.));
#9089=DIRECTION('center_axis',(0.,0.,1.));
#9090=DIRECTION('ref_axis',(1.,0.,0.));
#9091=DIRECTION('center_axis',(0.,-1.,0.));
#9092=DIRECTION('ref_axis',(-1.,0.,0.));
#9093=DIRECTION('center_axis',(0.,0.,-1.));
#9094=DIRECTION('ref_axis',(1.,0.,0.));
#9095=DIRECTION('center_axis',(0.,0.,-1.));
#9096=DIRECTION('ref_axis',(1.,0.,0.));
#9097=DIRECTION('center_axis',(0.,0.,1.));
#9098=DIRECTION('ref_axis',(-1.,0.,0.));
#9099=DIRECTION('',(0.,0.,1.));
#9100=DIRECTION('center_axis',(0.,0.,1.));
#9101=DIRECTION('ref_axis',(-6.12323399573677E-17,-1.,0.));
#9102=DIRECTION('',(0.,0.,-1.));
#9103=DIRECTION('center_axis',(0.,0.,1.));
#9104=DIRECTION('ref_axis',(-0.998112232541784,-0.0614163760771914,0.));
#9105=DIRECTION('',(0.,0.,1.));
#9106=DIRECTION('center_axis',(0.,0.,1.));
#9107=DIRECTION('ref_axis',(-6.12323399573676E-17,1.,0.));
#9108=DIRECTION('',(0.,0.,-1.));
#9109=DIRECTION('center_axis',(0.,0.,1.));
#9110=DIRECTION('ref_axis',(0.998112232541784,-0.0614163760771914,0.));
#9111=DIRECTION('',(0.,0.,1.));
#9112=DIRECTION('center_axis',(0.,0.,1.));
#9113=DIRECTION('ref_axis',(0.998112232541784,-0.0614163760771914,0.));
#9114=DIRECTION('center_axis',(0.,0.,-1.));
#9115=DIRECTION('ref_axis',(0.90457787478662,-0.426308419394365,0.));
#9116=DIRECTION('center_axis',(-0.279975494486262,-0.960007147102131,0.));
#9117=DIRECTION('ref_axis',(0.,0.,-1.));
#9118=DIRECTION('center_axis',(0.,0.,-1.));
#9119=DIRECTION('ref_axis',(-0.133458966692558,0.991054339685446,0.));
#9120=DIRECTION('center_axis',(-0.409679677927533,0.912229445640291,1.13708952789041E-15));
#9121=DIRECTION('ref_axis',(0.912229445640291,0.409679677927533,0.));
#9122=DIRECTION('center_axis',(0.,0.,1.));
#9123=DIRECTION('ref_axis',(1.,0.,0.));
#9124=DIRECTION('center_axis',(-0.9135454576426,-0.406736643075802,0.));
#9125=DIRECTION('ref_axis',(0.406736643075802,-0.9135454576426,0.));
#9126=DIRECTION('center_axis',(0.,0.,-1.));
#9127=DIRECTION('ref_axis',(-0.269457238388603,0.963012355413983,0.));
#9128=DIRECTION('center_axis',(0.,0.,1.));
#9129=DIRECTION('ref_axis',(-0.269457238388603,0.963012355413983,0.));
#9130=DIRECTION('center_axis',(0.,0.,-1.));
#9131=DIRECTION('ref_axis',(-1.,0.,0.));
#9132=DIRECTION('center_axis',(0.913545457642602,0.406736643075798,0.));
#9133=DIRECTION('ref_axis',(-0.406736643075798,0.913545457642602,0.));
#9134=DIRECTION('center_axis',(0.,0.,1.));
#9135=DIRECTION('ref_axis',(-0.913545457642603,-0.406736643075795,0.));
#9136=DIRECTION('center_axis',(0.,0.,-1.));
#9137=DIRECTION('ref_axis',(-0.913545457642603,-0.406736643075795,0.));
#9138=DIRECTION('center_axis',(0.,0.,-1.));
#9139=DIRECTION('ref_axis',(-1.,0.,0.));
#9140=DIRECTION('center_axis',(0.,0.,1.));
#9141=DIRECTION('ref_axis',(-0.265839084724638,0.964017417390768,0.));
#9142=DIRECTION('center_axis',(0.,0.,-1.));
#9143=DIRECTION('ref_axis',(-0.265839084724638,0.964017417390768,0.));
#9144=DIRECTION('center_axis',(0.,0.,1.));
#9145=DIRECTION('ref_axis',(-0.997608905839465,-0.0691120176943624,0.));
#9146=DIRECTION('center_axis',(0.,0.,-1.));
#9147=DIRECTION('ref_axis',(-0.998112232541784,-0.0614163760771913,0.));
#9148=DIRECTION('center_axis',(-0.860203686184565,-0.416797187151461,-0.293819201307737));
#9149=DIRECTION('ref_axis',(0.509950603759311,-0.703069030874734,-0.49562518050476));
#9150=DIRECTION('center_axis',(0.992241441528137,0.12432586904649,0.));
#9151=DIRECTION('ref_axis',(0.,0.,-1.));
#9152=DIRECTION('center_axis',(-0.426308419394371,-0.904577874786617,-1.18324355700797E-15));
#9153=DIRECTION('ref_axis',(0.904577874786617,-0.426308419394371,0.));
#9154=DIRECTION('center_axis',(0.,0.,-1.));
#9155=DIRECTION('ref_axis',(0.124325869046504,-0.992241441528135,0.));
#9156=DIRECTION('center_axis',(-0.932381261441628,0.302595167491033,-0.197740607674783));
#9157=DIRECTION('ref_axis',(0.361476393852371,0.780504809635371,-0.510046134014894));
#9158=DIRECTION('center_axis',(-0.539208821984916,0.842172100163405,0.));
#9159=DIRECTION('ref_axis',(0.,0.,-1.));
#9160=DIRECTION('center_axis',(0.991054339685446,0.133458966692558,-1.52353340088159E-14));
#9161=DIRECTION('ref_axis',(-0.133458966692558,0.991054339685446,0.));
#9162=DIRECTION('center_axis',(0.,0.,-1.));
#9163=DIRECTION('ref_axis',(0.842172100163383,0.53920882198495,0.));
#9164=DIRECTION('center_axis',(0.,0.,1.));
#9165=DIRECTION('ref_axis',(1.,0.,0.));
#9166=DIRECTION('center_axis',(0.9135454576426,0.406736643075803,0.));
#9167=DIRECTION('ref_axis',(0.,0.,-1.));
#9168=DIRECTION('center_axis',(0.,0.,-1.));
#9169=DIRECTION('ref_axis',(-0.269457238388603,0.963012355413983,0.));
#9170=DIRECTION('center_axis',(0.,0.,-1.));
#9171=DIRECTION('ref_axis',(-1.,0.,0.));
#9172=DIRECTION('center_axis',(-0.913545457642602,-0.406736643075799,0.));
#9173=DIRECTION('ref_axis',(0.,0.,-1.));
#9174=DIRECTION('center_axis',(0.,0.,1.));
#9175=DIRECTION('ref_axis',(-0.913545457642603,-0.406736643075795,0.));
#9176=DIRECTION('center_axis',(0.,0.,-1.));
#9177=DIRECTION('ref_axis',(-1.,0.,0.));
#9178=DIRECTION('center_axis',(0.,0.,1.));
#9179=DIRECTION('ref_axis',(-0.265839084724638,0.964017417390768,0.));
#9180=DIRECTION('center_axis',(0.,0.,-1.));
#9181=DIRECTION('ref_axis',(0.420249532248413,0.907408579772635,0.));
#9182=DIRECTION('',(0.,0.,1.));
#9183=DIRECTION('center_axis',(-0.86020368618456,0.41679718715147,0.29381920130774));
#9184=DIRECTION('ref_axis',(-0.509950603759325,-0.703069030874735,-0.495625180504745));
#9185=DIRECTION('center_axis',(0.426308419394394,-0.904577874786606,0.));
#9186=DIRECTION('ref_axis',(0.,0.,-1.));
#9187=DIRECTION('center_axis',(-0.992241441528135,0.124325869046506,2.47796435118555E-14));
#9188=DIRECTION('ref_axis',(-0.124325869046506,-0.992241441528135,0.));
#9189=DIRECTION('center_axis',(0.,0.,-1.));
#9190=DIRECTION('ref_axis',(-0.904577874786619,-0.426308419394367,0.));
#9191=DIRECTION('center_axis',(-0.932381261441633,-0.302595167491023,0.197740607674772));
#9192=DIRECTION('ref_axis',(-0.361476393852366,0.780504809635383,-0.510046134014879));
#9193=DIRECTION('center_axis',(0.539208821984948,0.842172100163384,0.));
#9194=DIRECTION('ref_axis',(-0.842172100163384,0.539208821984948,0.));
#9195=DIRECTION('center_axis',(0.,0.,-1.));
#9196=DIRECTION('ref_axis',(0.133458966692558,0.991054339685446,0.));
#9197=DIRECTION('center_axis',(-0.99105433968544,0.1334589666926,0.));
#9198=DIRECTION('ref_axis',(0.,0.,-1.));
#9199=DIRECTION('center_axis',(0.,0.,-1.));
#9200=DIRECTION('ref_axis',(-0.124325869046501,-0.992241441528136,0.));
#9201=DIRECTION('center_axis',(0.279975494486262,-0.960007147102131,0.));
#9202=DIRECTION('ref_axis',(-0.960007147102131,-0.279975494486262,0.));
#9203=DIRECTION('center_axis',(0.409679677927532,0.912229445640292,0.));
#9204=DIRECTION('ref_axis',(0.,0.,-1.));
#9205=DIRECTION('center_axis',(0.,0.,-1.));
#9206=DIRECTION('ref_axis',(-0.842172100163384,0.539208821984947,0.));
#9207=DIRECTION('center_axis',(0.,0.,1.));
#9208=DIRECTION('ref_axis',(1.,0.,0.));
#9209=DIRECTION('center_axis',(0.,0.,-1.));
#9210=DIRECTION('ref_axis',(0.998112232541784,-0.0614163760771913,0.));
#9211=DIRECTION('center_axis',(0.,0.,-1.));
#9212=DIRECTION('ref_axis',(-1.,0.,0.));
#9213=DIRECTION('center_axis',(0.913545457642605,-0.406736643075792,0.));
#9214=DIRECTION('ref_axis',(0.406736643075792,0.913545457642605,0.));
#9215=DIRECTION('center_axis',(0.,0.,1.));
#9216=DIRECTION('ref_axis',(0.265839084724638,0.964017417390768,0.));
#9217=DIRECTION('center_axis',(0.,0.,-1.));
#9218=DIRECTION('ref_axis',(0.265839084724638,0.964017417390768,0.));
#9219=DIRECTION('center_axis',(0.,0.,-1.));
#9220=DIRECTION('ref_axis',(0.913545457642603,-0.406736643075796,0.));
#9221=DIRECTION('center_axis',(-0.913545457642604,0.406736643075793,0.));
#9222=DIRECTION('ref_axis',(-0.406736643075793,-0.913545457642604,0.));
#9223=DIRECTION('center_axis',(0.,0.,1.));
#9224=DIRECTION('ref_axis',(0.913545457642603,-0.406736643075795,0.));
#9225=DIRECTION('center_axis',(0.,0.,-1.));
#9226=DIRECTION('ref_axis',(0.913545457642603,-0.406736643075795,0.));
#9227=DIRECTION('center_axis',(0.,0.,1.));
#9228=DIRECTION('ref_axis',(1.,0.,0.));
#9229=DIRECTION('center_axis',(0.,0.,-1.));
#9230=DIRECTION('ref_axis',(0.269457238388603,0.963012355413983,0.));
#9231=DIRECTION('center_axis',(0.,0.,1.));
#9232=DIRECTION('ref_axis',(0.269457238388603,0.963012355413983,0.));
#9233=DIRECTION('center_axis',(0.,0.,1.));
#9234=DIRECTION('ref_axis',(-0.420249532248415,0.907408579772634,0.));
#9235=DIRECTION('',(0.,0.,-1.));
#9236=DIRECTION('center_axis',(0.,0.,-1.));
#9237=DIRECTION('ref_axis',(-0.587137781873908,-0.809487013543879,0.));
#9238=DIRECTION('',(0.,0.,1.));
#9239=DIRECTION('center_axis',(0.,0.,-1.));
#9240=DIRECTION('ref_axis',(-1.,0.,0.));
#9241=DIRECTION('center_axis',(-0.913545457642601,0.406736643075799,0.));
#9242=DIRECTION('ref_axis',(0.,0.,-1.));
#9243=DIRECTION('center_axis',(0.,0.,1.));
#9244=DIRECTION('ref_axis',(0.265839084724638,0.964017417390768,0.));
#9245=DIRECTION('center_axis',(0.,0.,-1.));
#9246=DIRECTION('ref_axis',(0.913545457642603,-0.406736643075796,0.));
#9247=DIRECTION('center_axis',(0.913545457642606,-0.40673664307579,0.));
#9248=DIRECTION('ref_axis',(0.,0.,-1.));
#9249=DIRECTION('center_axis',(0.,0.,1.));
#9250=DIRECTION('ref_axis',(0.913545457642603,-0.406736643075795,0.));
#9251=DIRECTION('center_axis',(0.,0.,1.));
#9252=DIRECTION('ref_axis',(1.,0.,0.));
#9253=DIRECTION('center_axis',(0.,0.,-1.));
#9254=DIRECTION('ref_axis',(0.269457238388603,0.963012355413983,0.));
#9255=DIRECTION('center_axis',(0.,0.,1.));
#9256=DIRECTION('ref_axis',(1.,0.,0.));
#9257=DIRECTION('center_axis',(0.,0.,1.));
#9258=DIRECTION('ref_axis',(1.,0.,0.));
#9259=DIRECTION('center_axis',(0.,0.,1.));
#9260=DIRECTION('ref_axis',(0.587137781873922,-0.809487013543868,0.));
#9261=DIRECTION('',(0.,0.,-1.));
#9262=DIRECTION('center_axis',(0.,0.,1.));
#9263=DIRECTION('ref_axis',(0.406736643075801,0.9135454576426,0.));
#9264=DIRECTION('',(0.,0.,1.));
#9265=DIRECTION('center_axis',(0.,0.,1.));
#9266=DIRECTION('ref_axis',(0.406736643075799,-0.913545457642601,0.));
#9267=DIRECTION('',(0.,0.,1.));
#9268=DIRECTION('center_axis',(0.,0.,1.));
#9269=DIRECTION('ref_axis',(0.406736643075801,0.9135454576426,0.));
#9270=DIRECTION('',(0.,0.,1.));
#9271=DIRECTION('center_axis',(0.,0.,1.));
#9272=DIRECTION('ref_axis',(1.,0.,0.));
#9273=DIRECTION('center_axis',(0.,0.,1.));
#9274=DIRECTION('ref_axis',(1.,0.,0.));
#9275=DIRECTION('center_axis',(0.,0.,1.));
#9276=DIRECTION('ref_axis',(-0.9135454576426,0.406736643075801,0.));
#9277=DIRECTION('center_axis',(0.,0.,1.));
#9278=DIRECTION('ref_axis',(0.9135454576426,-0.406736643075801,0.));
#9279=DIRECTION('center_axis',(0.,0.,1.));
#9280=DIRECTION('ref_axis',(-0.406736643075801,-0.9135454576426,0.));
#9281=DIRECTION('center_axis',(0.,0.,1.));
#9282=DIRECTION('ref_axis',(-0.406736643075801,-0.913545457642601,0.));
#9283=DIRECTION('',(0.,0.,1.));
#9284=DIRECTION('center_axis',(0.,0.,1.));
#9285=DIRECTION('ref_axis',(-0.929776485888251,-0.368124552684678,0.));
#9286=DIRECTION('center_axis',(0.,0.,1.));
#9287=DIRECTION('ref_axis',(-0.929776485888251,-0.368124552684678,0.));
#9288=DIRECTION('center_axis',(0.,0.,1.));
#9289=DIRECTION('ref_axis',(0.368124552684678,-0.929776485888251,0.));
#9290=DIRECTION('center_axis',(0.,0.,1.));
#9291=DIRECTION('ref_axis',(0.913545457642601,-0.406736643075801,0.));
#9292=DIRECTION('center_axis',(0.,0.,1.));
#9293=DIRECTION('ref_axis',(0.406736643075801,0.913545457642601,0.));
#9294=DIRECTION('center_axis',(0.,0.,1.));
#9295=DIRECTION('ref_axis',(-0.913545457642601,0.406736643075801,0.));
#9296=DIRECTION('center_axis',(0.,0.,1.));
#9297=DIRECTION('ref_axis',(0.406736643075792,0.913545457642605,0.));
#9298=DIRECTION('center_axis',(0.,0.,1.));
#9299=DIRECTION('ref_axis',(-0.406736643075801,-0.913545457642601,0.));
#9300=DIRECTION('center_axis',(-1.,-1.1154311844568E-16,0.));
#9301=DIRECTION('ref_axis',(1.1154311844568E-16,-1.,0.));
#9302=CARTESIAN_POINT('',(0.,0.,0.));
#9303=CARTESIAN_POINT('Origin',(-8.,28.32,7.7));
#9304=CARTESIAN_POINT('',(-10.,28.32,7.7));
#9305=CARTESIAN_POINT('',(-10.5,28.32,8.2));
#9306=CARTESIAN_POINT('Origin',(-10.5,28.32,7.7));
#9307=CARTESIAN_POINT('',(-8.00000000000001,25.82,8.2));
#9308=CARTESIAN_POINT('Origin',(-8.,28.32,8.2));
#9309=CARTESIAN_POINT('',(-8.00000000000001,26.32,7.7));
#9310=CARTESIAN_POINT('Origin',(-8.00000000000001,25.82,7.7));
#9311=CARTESIAN_POINT('Origin',(-8.,28.32,7.7));
#9312=CARTESIAN_POINT('Origin',(5.00000000000002,25.82,7.7));
#9313=CARTESIAN_POINT('',(8.,25.82,8.2));
#9314=CARTESIAN_POINT('',(8.,26.32,7.7));
#9315=CARTESIAN_POINT('Origin',(8.,25.82,7.7));
#9316=CARTESIAN_POINT('',(5.00000000000002,26.32,7.7));
#9317=CARTESIAN_POINT('',(5.00000000000002,25.82,8.2));
#9318=CARTESIAN_POINT('Origin',(8.,28.32,7.7));
#9319=CARTESIAN_POINT('',(10.5,28.32,8.2));
#9320=CARTESIAN_POINT('',(10.,28.32,7.7));
#9321=CARTESIAN_POINT('Origin',(10.5,28.32,7.7));
#9322=CARTESIAN_POINT('Origin',(8.,28.32,7.7));
#9323=CARTESIAN_POINT('Origin',(8.,28.32,8.2));
#9324=CARTESIAN_POINT('Origin',(10.5,18.66,7.7));
#9325=CARTESIAN_POINT('',(10.5,29.32,8.2));
#9326=CARTESIAN_POINT('',(10.,29.32,7.7));
#9327=CARTESIAN_POINT('Origin',(10.5,29.32,7.7));
#9328=CARTESIAN_POINT('',(10.,18.66,7.7));
#9329=CARTESIAN_POINT('',(10.5,18.66,8.2));
#9330=CARTESIAN_POINT('Origin',(8.,29.32,7.7));
#9331=CARTESIAN_POINT('',(9.04842449962977,31.58953873476,8.2));
#9332=CARTESIAN_POINT('',(8.83873959970382,31.135630987808,7.7));
#9333=CARTESIAN_POINT('Origin',(9.04842449962977,31.58953873476,7.7));
#9334=CARTESIAN_POINT('Origin',(8.,29.32,7.7));
#9335=CARTESIAN_POINT('Origin',(8.,29.32,8.2));
#9336=CARTESIAN_POINT('Origin',(-8.,29.32,7.7));
#9337=CARTESIAN_POINT('',(-8.83873959970382,31.135630987808,7.7));
#9338=CARTESIAN_POINT('',(-9.04842449962978,31.58953873476,8.2));
#9339=CARTESIAN_POINT('Origin',(-9.04842449962978,31.58953873476,7.7));
#9340=CARTESIAN_POINT('',(-10.5,29.32,8.2));
#9341=CARTESIAN_POINT('Origin',(-8.,29.32,8.2));
#9342=CARTESIAN_POINT('',(-10.,29.32,7.7));
#9343=CARTESIAN_POINT('Origin',(-10.5,29.32,7.7));
#9344=CARTESIAN_POINT('Origin',(-8.,29.32,7.7));
#9345=CARTESIAN_POINT('Origin',(-10.5,16.16,7.7));
#9346=CARTESIAN_POINT('',(-10.5,16.16,8.2));
#9347=CARTESIAN_POINT('',(-10.,16.16,7.7));
#9348=CARTESIAN_POINT('Ctrl Pts',(9.04842449962977,31.58953873476,8.2));
#9349=CARTESIAN_POINT('Ctrl Pts',(8.72105488348647,31.7318728454158,8.2));
#9350=CARTESIAN_POINT('Ctrl Pts',(8.36061727874119,31.8064434549859,8.20294101920314));
#9351=CARTESIAN_POINT('Ctrl Pts',(8.,31.8064434549859,8.20294101920314));
#9352=CARTESIAN_POINT('Ctrl Pts',(8.99352912119843,31.4707059644907,8.2));
#9353=CARTESIAN_POINT('Ctrl Pts',(8.68390214663136,31.606322269637,8.19783797458002));
#9354=CARTESIAN_POINT('Ctrl Pts',(8.34202278627507,31.6778507537576,8.19945319149673));
#9355=CARTESIAN_POINT('Ctrl Pts',(8.,31.6778507537576,8.19945319149673));
#9356=CARTESIAN_POINT('Ctrl Pts',(8.88420453288037,31.2340495453235,8.09158748867321));
#9357=CARTESIAN_POINT('Ctrl Pts',(8.60971040282805,31.3582516039655,8.08763220104561));
#9358=CARTESIAN_POINT('Ctrl Pts',(8.30513710617501,31.4245121608892,8.08803127678265));
#9359=CARTESIAN_POINT('Ctrl Pts',(8.,31.4245121608892,8.08803127678265));
#9360=CARTESIAN_POINT('Ctrl Pts',(8.83873959970382,31.135630987808,7.83089969389958));
#9361=CARTESIAN_POINT('Ctrl Pts',(8.57788831529277,31.256180850668,7.82954050679419));
#9362=CARTESIAN_POINT('Ctrl Pts',(8.28885661958352,31.32,7.83176482571776));
#9363=CARTESIAN_POINT('Ctrl Pts',(8.,31.32,7.83176482571776));
#9364=CARTESIAN_POINT('Ctrl Pts',(8.83873959970382,31.135630987808,7.7));
#9365=CARTESIAN_POINT('Ctrl Pts',(8.5768439067892,31.2566149818654,7.7));
#9366=CARTESIAN_POINT('Ctrl Pts',(8.28849382299295,31.32,7.70312483290334));
#9367=CARTESIAN_POINT('Ctrl Pts',(8.,31.32,7.70312483290334));
#9368=CARTESIAN_POINT('',(8.,31.8064434549859,8.20294101920314));
#9369=CARTESIAN_POINT('',(8.,31.32,7.70312483290334));
#9370=CARTESIAN_POINT('Origin',(8.,31.82,7.70312483290334));
#9371=CARTESIAN_POINT('Ctrl Pts',(8.,31.32,7.70312483290334));
#9372=CARTESIAN_POINT('Ctrl Pts',(8.28849382299295,31.32,7.70312483290334));
#9373=CARTESIAN_POINT('Ctrl Pts',(8.5768439067892,31.2566149818654,7.7));
#9374=CARTESIAN_POINT('Ctrl Pts',(8.83873959970382,31.135630987808,7.7));
#9375=CARTESIAN_POINT('Ctrl Pts',(9.04842449962977,31.58953873476,8.2));
#9376=CARTESIAN_POINT('Ctrl Pts',(8.72105488348647,31.7318728454158,8.2));
#9377=CARTESIAN_POINT('Ctrl Pts',(8.36061727874119,31.8064434549859,8.20294101920314));
#9378=CARTESIAN_POINT('Ctrl Pts',(8.,31.8064434549859,8.20294101920314));
#9379=CARTESIAN_POINT('Ctrl Pts',(-8.,31.8064434549859,8.20294101920314));
#9380=CARTESIAN_POINT('Ctrl Pts',(-8.36061727874118,31.8064434549859,8.20294101920314));
#9381=CARTESIAN_POINT('Ctrl Pts',(-8.72105488348648,31.7318728454158,8.2));
#9382=CARTESIAN_POINT('Ctrl Pts',(-9.04842449962977,31.58953873476,8.2));
#9383=CARTESIAN_POINT('Ctrl Pts',(-8.,31.6778507537576,8.19945319149673));
#9384=CARTESIAN_POINT('Ctrl Pts',(-8.34202278627507,31.6778507537576,8.19945319149673));
#9385=CARTESIAN_POINT('Ctrl Pts',(-8.68390214663138,31.606322269637,8.19783797458002));
#9386=CARTESIAN_POINT('Ctrl Pts',(-8.99352912119843,31.4707059644907,8.2));
#9387=CARTESIAN_POINT('Ctrl Pts',(-8.00000000000001,31.4245121608892,8.08803127678265));
#9388=CARTESIAN_POINT('Ctrl Pts',(-8.30513710617501,31.4245121608892,8.08803127678265));
#9389=CARTESIAN_POINT('Ctrl Pts',(-8.60971040282809,31.3582516039655,8.08763220104561));
#9390=CARTESIAN_POINT('Ctrl Pts',(-8.88420453288038,31.2340495453235,8.09158748867321));
#9391=CARTESIAN_POINT('Ctrl Pts',(-8.,31.32,7.83176482571776));
#9392=CARTESIAN_POINT('Ctrl Pts',(-8.28885661958351,31.32,7.83176482571776));
#9393=CARTESIAN_POINT('Ctrl Pts',(-8.57788831529282,31.2561808506679,7.82954050679419));
#9394=CARTESIAN_POINT('Ctrl Pts',(-8.83873959970382,31.135630987808,7.83089969389958));
#9395=CARTESIAN_POINT('Ctrl Pts',(-8.,31.32,7.70312483290334));
#9396=CARTESIAN_POINT('Ctrl Pts',(-8.28849382299295,31.32,7.70312483290334));
#9397=CARTESIAN_POINT('Ctrl Pts',(-8.57684390678925,31.2566149818654,7.7));
#9398=CARTESIAN_POINT('Ctrl Pts',(-8.83873959970382,31.135630987808,7.7));
#9399=CARTESIAN_POINT('',(-8.,31.32,7.70312483290334));
#9400=CARTESIAN_POINT('',(-8.,31.8064434549859,8.20294101920314));
#9401=CARTESIAN_POINT('Origin',(-8.,31.82,7.70312483290334));
#9402=CARTESIAN_POINT('Ctrl Pts',(-8.,31.8064434549859,8.20294101920314));
#9403=CARTESIAN_POINT('Ctrl Pts',(-8.36061727874118,31.8064434549859,8.20294101920314));
#9404=CARTESIAN_POINT('Ctrl Pts',(-8.72105488348648,31.7318728454158,8.2));
#9405=CARTESIAN_POINT('Ctrl Pts',(-9.04842449962977,31.58953873476,8.2));
#9406=CARTESIAN_POINT('Ctrl Pts',(-8.83873959970382,31.135630987808,7.7));
#9407=CARTESIAN_POINT('Ctrl Pts',(-8.57684390678925,31.2566149818654,7.7));
#9408=CARTESIAN_POINT('Ctrl Pts',(-8.28849382299295,31.32,7.70312483290334));
#9409=CARTESIAN_POINT('Ctrl Pts',(-8.,31.32,7.70312483290334));
#9410=CARTESIAN_POINT('Origin',(-8.75,31.82,7.70312483290334));
#9411=CARTESIAN_POINT('',(-8.75,31.8064434549859,8.20294101920314));
#9412=CARTESIAN_POINT('',(-8.75,31.32,7.70312483290334));
#9413=CARTESIAN_POINT('Origin',(8.,29.32,0.));
#9414=CARTESIAN_POINT('',(8.,31.32,0.503541662543307));
#9415=CARTESIAN_POINT('',(8.,31.32,0.));
#9416=CARTESIAN_POINT('',(8.8387395997038,31.135630987808,0.5));
#9417=CARTESIAN_POINT('Ctrl Pts',(8.8387395997038,31.135630987808,0.500000000000001));
#9418=CARTESIAN_POINT('Ctrl Pts',(8.57684344949735,31.2566151931136,0.500000000000001));
#9419=CARTESIAN_POINT('Ctrl Pts',(8.28849432396901,31.32,0.503541662543307));
#9420=CARTESIAN_POINT('Ctrl Pts',(8.,31.32,0.503541662543307));
#9421=CARTESIAN_POINT('',(10.,29.32,0.5));
#9422=CARTESIAN_POINT('Origin',(8.,29.32,0.5));
#9423=CARTESIAN_POINT('',(10.,29.32,0.));
#9424=CARTESIAN_POINT('Origin',(-10.,31.32,0.));
#9425=CARTESIAN_POINT('',(-8.,31.32,0.503541662543307));
#9426=CARTESIAN_POINT('',(-8.,31.32,0.));
#9427=CARTESIAN_POINT('',(-8.75,31.32,0.503541662543308));
#9428=CARTESIAN_POINT('Origin',(-8.,29.32,0.));
#9429=CARTESIAN_POINT('',(-10.,29.32,0.5));
#9430=CARTESIAN_POINT('',(-10.,29.32,0.));
#9431=CARTESIAN_POINT('',(-8.83873959970381,31.135630987808,0.5));
#9432=CARTESIAN_POINT('Origin',(-8.,29.32,0.5));
#9433=CARTESIAN_POINT('Ctrl Pts',(-8.,31.32,0.503541662543307));
#9434=CARTESIAN_POINT('Ctrl Pts',(-8.28849432396901,31.32,0.503541662543307));
#9435=CARTESIAN_POINT('Ctrl Pts',(-8.57684344949737,31.2566151931136,0.500000000000001));
#9436=CARTESIAN_POINT('Ctrl Pts',(-8.83873959970381,31.135630987808,0.500000000000001));
#9437=CARTESIAN_POINT('Origin',(-2.22044604925031E-15,6.,8.2));
#9438=CARTESIAN_POINT('',(-16.9,31.58953873476,8.2));
#9439=CARTESIAN_POINT('',(-8.75,31.58953873476,8.2));
#9440=CARTESIAN_POINT('',(-16.9,16.1509256700661,8.2));
#9441=CARTESIAN_POINT('',(-16.9,20.66,8.2));
#9442=CARTESIAN_POINT('',(-17.4976303317535,14.4924577892536,8.2));
#9443=CARTESIAN_POINT('Origin',(-19.5,16.1509256700661,8.2));
#9444=CARTESIAN_POINT('',(17.4976303317536,14.4924577892536,8.2));
#9445=CARTESIAN_POINT('Origin',(0.,0.,8.2));
#9446=CARTESIAN_POINT('',(16.9,16.1509256700661,8.2));
#9447=CARTESIAN_POINT('Origin',(19.5,16.1509256700661,8.2));
#9448=CARTESIAN_POINT('',(16.9,31.58953873476,8.2));
#9449=CARTESIAN_POINT('',(16.9,10.7066918973059,8.2));
#9450=CARTESIAN_POINT('',(-8.75,31.58953873476,8.2));
#9451=CARTESIAN_POINT('',(15.5,1.8982025386784E-15,8.2));
#9452=CARTESIAN_POINT('Origin',(0.,0.,8.2));
#9453=CARTESIAN_POINT('',(-19.4323285550645,7.69380315110977,8.2));
#9454=CARTESIAN_POINT('',(-17.2008649889327,6.81030422466654,8.2));
#9455=CARTESIAN_POINT('Origin',(-18.3165967719986,7.25205368788816,8.2));
#9456=CARTESIAN_POINT('',(-7.69380315110977,19.4323285550645,8.2));
#9457=CARTESIAN_POINT('Origin',(0.,0.,8.2));
#9458=CARTESIAN_POINT('',(-6.81030422466654,17.2008649889327,8.2));
#9459=CARTESIAN_POINT('Origin',(-7.25205368788816,18.3165967719986,8.2));
#9460=CARTESIAN_POINT('Origin',(0.,0.,8.2));
#9461=CARTESIAN_POINT('',(-17.2008649889327,-6.81030422466654,8.2));
#9462=CARTESIAN_POINT('',(-19.4323285550645,-7.69380315110977,8.2));
#9463=CARTESIAN_POINT('Origin',(-18.3165967719986,-7.25205368788816,8.2));
#9464=CARTESIAN_POINT('',(-6.81030422466654,-17.2008649889326,8.2));
#9465=CARTESIAN_POINT('Origin',(0.,0.,8.2));
#9466=CARTESIAN_POINT('',(-7.69380315110977,-19.4323285550645,8.2));
#9467=CARTESIAN_POINT('Origin',(-7.25205368788816,-18.3165967719986,8.2));
#9468=CARTESIAN_POINT('Origin',(0.,0.,8.2));
#9469=CARTESIAN_POINT('',(21.3,-3.42288780361685E-15,8.2));
#9470=CARTESIAN_POINT('Origin',(19.7,-3.61883129148043E-15,8.2));
#9471=CARTESIAN_POINT('',(1.6,19.7,8.2));
#9472=CARTESIAN_POINT('Origin',(0.,19.7,8.2));
#9473=CARTESIAN_POINT('',(-18.1,1.40222058502372E-15,8.2));
#9474=CARTESIAN_POINT('Origin',(-19.7,1.20627709716014E-15,8.2));
#9475=CARTESIAN_POINT('',(1.6,-19.7,8.2));
#9476=CARTESIAN_POINT('Origin',(-2.41255419432029E-15,-19.7,8.2));
#9477=CARTESIAN_POINT('',(6.81030422466653,-17.2008649889327,8.2));
#9478=CARTESIAN_POINT('',(7.69380315110977,-19.4323285550645,8.2));
#9479=CARTESIAN_POINT('Origin',(7.25205368788815,-18.3165967719986,8.2));
#9480=CARTESIAN_POINT('',(17.2008649889327,-6.81030422466654,8.2));
#9481=CARTESIAN_POINT('Origin',(0.,0.,8.2));
#9482=CARTESIAN_POINT('',(19.4323285550645,-7.69380315110977,8.2));
#9483=CARTESIAN_POINT('Origin',(18.3165967719986,-7.25205368788816,8.2));
#9484=CARTESIAN_POINT('Origin',(0.,0.,8.2));
#9485=CARTESIAN_POINT('',(7.69380315110977,19.4323285550645,8.2));
#9486=CARTESIAN_POINT('',(6.81030422466654,17.2008649889327,8.2));
#9487=CARTESIAN_POINT('Origin',(7.25205368788816,18.3165967719986,8.2));
#9488=CARTESIAN_POINT('',(19.4323285550645,7.69380315110977,8.2));
#9489=CARTESIAN_POINT('Origin',(0.,0.,8.2));
#9490=CARTESIAN_POINT('',(17.2008649889327,6.81030422466654,8.2));
#9491=CARTESIAN_POINT('Origin',(18.3165967719986,7.25205368788816,8.2));
#9492=CARTESIAN_POINT('Origin',(0.,0.,8.2));
#9493=CARTESIAN_POINT('Origin',(8.,29.32,0.5));
#9494=CARTESIAN_POINT('',(9.04842449962975,31.58953873476,0.));
#9495=CARTESIAN_POINT('Origin',(9.04842449962975,31.58953873476,0.5));
#9496=CARTESIAN_POINT('',(10.5,29.32,0.));
#9497=CARTESIAN_POINT('Origin',(8.,29.32,0.));
#9498=CARTESIAN_POINT('Origin',(10.5,29.32,0.5));
#9499=CARTESIAN_POINT('Origin',(10.5,15.66,0.5));
#9500=CARTESIAN_POINT('',(10.5,28.32,0.));
#9501=CARTESIAN_POINT('',(10.,28.32,0.5));
#9502=CARTESIAN_POINT('Origin',(10.5,28.32,0.5));
#9503=CARTESIAN_POINT('',(10.,15.66,0.5));
#9504=CARTESIAN_POINT('',(10.5,15.66,0.));
#9505=CARTESIAN_POINT('Origin',(8.,28.32,0.5));
#9506=CARTESIAN_POINT('',(8.,25.82,0.));
#9507=CARTESIAN_POINT('',(8.,26.32,0.5));
#9508=CARTESIAN_POINT('Origin',(8.,25.82,0.5));
#9509=CARTESIAN_POINT('Origin',(8.,28.32,0.5));
#9510=CARTESIAN_POINT('Origin',(8.,28.32,0.));
#9511=CARTESIAN_POINT('Origin',(5.00000000000002,25.82,0.5));
#9512=CARTESIAN_POINT('',(-8.00000000000001,25.82,0.));
#9513=CARTESIAN_POINT('',(-8.00000000000001,26.32,0.5));
#9514=CARTESIAN_POINT('Origin',(-8.00000000000001,25.82,0.5));
#9515=CARTESIAN_POINT('',(5.00000000000002,26.32,0.5));
#9516=CARTESIAN_POINT('',(5.00000000000002,25.82,0.));
#9517=CARTESIAN_POINT('Origin',(-8.,28.32,0.5));
#9518=CARTESIAN_POINT('',(-10.5,28.32,0.));
#9519=CARTESIAN_POINT('',(-10.,28.32,0.5));
#9520=CARTESIAN_POINT('Origin',(-10.5,28.32,0.5));
#9521=CARTESIAN_POINT('Origin',(-8.,28.32,0.5));
#9522=CARTESIAN_POINT('Origin',(-8.,28.32,0.));
#9523=CARTESIAN_POINT('Origin',(-10.5,13.16,0.5));
#9524=CARTESIAN_POINT('',(-10.5,29.32,0.));
#9525=CARTESIAN_POINT('Origin',(-10.5,29.32,0.5));
#9526=CARTESIAN_POINT('',(-9.99999999999999,13.16,0.5));
#9527=CARTESIAN_POINT('',(-10.5,13.16,0.));
#9528=CARTESIAN_POINT('Origin',(-8.,29.32,0.5));
#9529=CARTESIAN_POINT('',(-9.04842449962976,31.58953873476,0.));
#9530=CARTESIAN_POINT('Origin',(-9.04842449962976,31.58953873476,0.5));
#9531=CARTESIAN_POINT('Origin',(-8.,29.32,0.));
#9532=CARTESIAN_POINT('Ctrl Pts',(8.,31.8353640843493,0.00377777337952717));
#9533=CARTESIAN_POINT('Ctrl Pts',(8.36061790496126,31.8353640843493,0.00377777337952716));
#9534=CARTESIAN_POINT('Ctrl Pts',(8.72105431187171,31.7508510085008,9.62638577543394E-16));
#9535=CARTESIAN_POINT('Ctrl Pts',(9.04842449962975,31.58953873476,1.04083408558608E-15));
#9536=CARTESIAN_POINT('Ctrl Pts',(8.,31.7019663296508,-0.000323231914451014));
#9537=CARTESIAN_POINT('Ctrl Pts',(8.3413188488337,31.7019663296508,-0.000323231914451003));
#9538=CARTESIAN_POINT('Ctrl Pts',(8.68268559955488,31.6227080342201,-0.00245029975440285));
#9539=CARTESIAN_POINT('Ctrl Pts',(8.99352912119841,31.4707059644907,2.21817333281002E-15));
#9540=CARTESIAN_POINT('Ctrl Pts',(7.99999999999999,31.4329105296315,0.10436914371345));
#9541=CARTESIAN_POINT('Ctrl Pts',(8.30308763227531,31.4329105296315,0.10436914371345));
#9542=CARTESIAN_POINT('Ctrl Pts',(8.60616275261003,31.3654186221312,0.103909469257742));
#9543=CARTESIAN_POINT('Ctrl Pts',(8.88419598824976,31.2340310486458,0.108392136396124));
#9544=CARTESIAN_POINT('Ctrl Pts',(8.,31.32,0.370080884773049));
#9545=CARTESIAN_POINT('Ctrl Pts',(8.28773718212367,31.32,0.370080884773049));
#9546=CARTESIAN_POINT('Ctrl Pts',(8.57595358835615,31.2569714851854,0.367559891357964));
#9547=CARTESIAN_POINT('Ctrl Pts',(8.8387395997038,31.135630987808,0.369100306100427));
#9548=CARTESIAN_POINT('Ctrl Pts',(8.,31.32,0.503541662543307));
#9549=CARTESIAN_POINT('Ctrl Pts',(8.28849432396901,31.32,0.503541662543307));
#9550=CARTESIAN_POINT('Ctrl Pts',(8.57684344949735,31.2566151931136,0.500000000000001));
#9551=CARTESIAN_POINT('Ctrl Pts',(8.8387395997038,31.135630987808,0.500000000000001));
#9552=CARTESIAN_POINT('',(8.,31.8353640843493,0.00377777337952722));
#9553=CARTESIAN_POINT('Origin',(8.,31.82,0.503541662543307));
#9554=CARTESIAN_POINT('Ctrl Pts',(8.,31.8353640843493,0.00377777337952717));
#9555=CARTESIAN_POINT('Ctrl Pts',(8.36061790496126,31.8353640843493,0.00377777337952716));
#9556=CARTESIAN_POINT('Ctrl Pts',(8.72105431187171,31.7508510085008,9.62638577543394E-16));
#9557=CARTESIAN_POINT('Ctrl Pts',(9.04842449962975,31.58953873476,1.04083408558608E-15));
#9558=CARTESIAN_POINT('Ctrl Pts',(-9.04842449962976,31.58953873476,1.04083408558608E-15));
#9559=CARTESIAN_POINT('Ctrl Pts',(-8.72105431187172,31.7508510085008,1.0256641570258E-15));
#9560=CARTESIAN_POINT('Ctrl Pts',(-8.36061790496126,31.8353640843493,0.00377777337952732));
#9561=CARTESIAN_POINT('Ctrl Pts',(-8.,31.8353640843493,0.00377777337952731));
#9562=CARTESIAN_POINT('Ctrl Pts',(-8.99352912119842,31.4707059644907,9.18941859426115E-16));
#9563=CARTESIAN_POINT('Ctrl Pts',(-8.68268559955489,31.6227080342201,-0.00245029975440414));
#9564=CARTESIAN_POINT('Ctrl Pts',(-8.3413188488337,31.7019663296508,-0.000323231914452127));
#9565=CARTESIAN_POINT('Ctrl Pts',(-8.,31.7019663296508,-0.000323231914452084));
#9566=CARTESIAN_POINT('Ctrl Pts',(-8.88419598824977,31.2340310486458,0.108392136396121));
#9567=CARTESIAN_POINT('Ctrl Pts',(-8.60616275261006,31.3654186221312,0.103909469257739));
#9568=CARTESIAN_POINT('Ctrl Pts',(-8.30308763227532,31.4329105296315,0.104369143713448));
#9569=CARTESIAN_POINT('Ctrl Pts',(-8.,31.4329105296315,0.104369143713448));
#9570=CARTESIAN_POINT('Ctrl Pts',(-8.83873959970381,31.135630987808,0.369100306100427));
#9571=CARTESIAN_POINT('Ctrl Pts',(-8.57595358835617,31.2569714851854,0.367559891357964));
#9572=CARTESIAN_POINT('Ctrl Pts',(-8.28773718212367,31.32,0.370080884773048));
#9573=CARTESIAN_POINT('Ctrl Pts',(-8.,31.32,0.370080884773048));
#9574=CARTESIAN_POINT('Ctrl Pts',(-8.83873959970381,31.135630987808,0.500000000000001));
#9575=CARTESIAN_POINT('Ctrl Pts',(-8.57684344949737,31.2566151931136,0.500000000000001));
#9576=CARTESIAN_POINT('Ctrl Pts',(-8.28849432396901,31.32,0.503541662543307));
#9577=CARTESIAN_POINT('Ctrl Pts',(-8.,31.32,0.503541662543307));
#9578=CARTESIAN_POINT('',(-8.,31.8353640843493,0.0037777733795273));
#9579=CARTESIAN_POINT('Origin',(-8.,31.82,0.503541662543307));
#9580=CARTESIAN_POINT('Ctrl Pts',(-9.04842449962976,31.58953873476,1.04083408558608E-15));
#9581=CARTESIAN_POINT('Ctrl Pts',(-8.72105431187172,31.7508510085008,1.0256641570258E-15));
#9582=CARTESIAN_POINT('Ctrl Pts',(-8.36061790496126,31.8353640843493,0.00377777337952732));
#9583=CARTESIAN_POINT('Ctrl Pts',(-8.,31.8353640843493,0.00377777337952731));
#9584=CARTESIAN_POINT('Origin',(-8.75,31.82,0.503541662543308));
#9585=CARTESIAN_POINT('',(-8.75,31.8353640843493,0.00377777337952634));
#9586=CARTESIAN_POINT('Origin',(0.,0.,0.));
#9587=CARTESIAN_POINT('',(16.9,31.58953873476,0.));
#9588=CARTESIAN_POINT('',(-8.75,31.58953873476,0.));
#9589=CARTESIAN_POINT('',(16.9,16.1509256700661,0.));
#9590=CARTESIAN_POINT('',(16.9,7.70669189730588,0.));
#9591=CARTESIAN_POINT('',(17.4976303317536,14.4924577892536,0.));
#9592=CARTESIAN_POINT('Origin',(19.5,16.1509256700661,0.));
#9593=CARTESIAN_POINT('',(-17.4976303317535,14.4924577892536,0.));
#9594=CARTESIAN_POINT('Origin',(0.,0.,0.));
#9595=CARTESIAN_POINT('',(-16.9,16.1509256700661,0.));
#9596=CARTESIAN_POINT('Origin',(-19.5,16.1509256700661,0.));
#9597=CARTESIAN_POINT('',(-16.9,31.58953873476,0.));
#9598=CARTESIAN_POINT('',(-16.9,17.66,0.));
#9599=CARTESIAN_POINT('',(-8.75,31.58953873476,0.));
#9600=CARTESIAN_POINT('',(-15.5,3.7964050773568E-15,0.));
#9601=CARTESIAN_POINT('Origin',(0.,0.,0.));
#9602=CARTESIAN_POINT('',(2.44229909047382,-18.1362944162437,0.));
#9603=CARTESIAN_POINT('',(7.44328056828716,-16.7178818748596,0.));
#9604=CARTESIAN_POINT('Origin',(0.,0.,0.));
#9605=CARTESIAN_POINT('',(-2.44229909047381,-18.1362944162437,0.));
#9606=CARTESIAN_POINT('Origin',(2.41255419432029E-15,-19.7,0.));
#9607=CARTESIAN_POINT('',(-7.44328056828717,-16.7178818748596,0.));
#9608=CARTESIAN_POINT('Origin',(0.,0.,0.));
#9609=CARTESIAN_POINT('',(-8.58214316889939,-19.2758091562589,0.));
#9610=CARTESIAN_POINT('Origin',(-8.01271186859327,-17.9968455155592,0.));
#9611=CARTESIAN_POINT('',(-2.6232758368812,-20.9362944162437,0.));
#9612=CARTESIAN_POINT('Origin',(0.,0.,0.));
#9613=CARTESIAN_POINT('',(2.6232758368812,-20.9362944162437,0.));
#9614=CARTESIAN_POINT('Origin',(2.41255419432029E-15,-19.7,0.));
#9615=CARTESIAN_POINT('',(8.58214316889939,-19.2758091562589,0.));
#9616=CARTESIAN_POINT('Origin',(0.,0.,0.));
#9617=CARTESIAN_POINT('Origin',(8.01271186859327,-17.9968455155592,0.));
#9618=CARTESIAN_POINT('',(18.1362944162437,2.44229909047382,0.));
#9619=CARTESIAN_POINT('',(16.7178818748596,7.44328056828716,0.));
#9620=CARTESIAN_POINT('Origin',(0.,0.,0.));
#9621=CARTESIAN_POINT('',(18.1362944162437,-2.44229909047381,0.));
#9622=CARTESIAN_POINT('Origin',(19.7,1.20627709716014E-15,0.));
#9623=CARTESIAN_POINT('',(16.7178818748596,-7.44328056828717,0.));
#9624=CARTESIAN_POINT('Origin',(0.,0.,0.));
#9625=CARTESIAN_POINT('',(19.2758091562589,-8.5821431688994,0.));
#9626=CARTESIAN_POINT('Origin',(17.9968455155592,-8.01271186859327,0.));
#9627=CARTESIAN_POINT('',(20.9362944162437,-2.6232758368812,0.));
#9628=CARTESIAN_POINT('Origin',(0.,0.,0.));
#9629=CARTESIAN_POINT('',(20.9362944162437,2.6232758368812,0.));
#9630=CARTESIAN_POINT('Origin',(19.7,1.20627709716014E-15,0.));
#9631=CARTESIAN_POINT('',(19.2758091562589,8.58214316889939,0.));
#9632=CARTESIAN_POINT('Origin',(0.,0.,0.));
#9633=CARTESIAN_POINT('Origin',(17.9968455155592,8.01271186859327,0.));
#9634=CARTESIAN_POINT('',(-20.9362944162437,2.6232758368812,0.));
#9635=CARTESIAN_POINT('',(-19.2758091562589,8.58214316889939,0.));
#9636=CARTESIAN_POINT('Origin',(0.,0.,0.));
#9637=CARTESIAN_POINT('',(-20.9362944162437,-2.6232758368812,0.));
#9638=CARTESIAN_POINT('Origin',(-19.7,-3.61883129148043E-15,0.));
#9639=CARTESIAN_POINT('',(-19.2758091562589,-8.58214316889939,0.));
#9640=CARTESIAN_POINT('Origin',(0.,0.,0.));
#9641=CARTESIAN_POINT('',(-16.7178818748596,-7.44328056828717,0.));
#9642=CARTESIAN_POINT('Origin',(-17.9968455155592,-8.01271186859327,0.));
#9643=CARTESIAN_POINT('',(-18.1362944162437,-2.44229909047382,0.));
#9644=CARTESIAN_POINT('Origin',(0.,0.,0.));
#9645=CARTESIAN_POINT('',(-18.1362944162437,2.44229909047381,0.));
#9646=CARTESIAN_POINT('Origin',(-19.7,-3.61883129148043E-15,0.));
#9647=CARTESIAN_POINT('',(-16.7178818748596,7.44328056828716,0.));
#9648=CARTESIAN_POINT('Origin',(0.,0.,0.));
#9649=CARTESIAN_POINT('Origin',(-17.9968455155592,8.01271186859327,0.));
#9650=CARTESIAN_POINT('',(2.6232758368812,20.9362944162437,0.));
#9651=CARTESIAN_POINT('',(8.58214316889939,19.2758091562589,0.));
#9652=CARTESIAN_POINT('Origin',(0.,0.,0.));
#9653=CARTESIAN_POINT('',(-2.6232758368812,20.9362944162437,0.));
#9654=CARTESIAN_POINT('Origin',(0.,19.7,0.));
#9655=CARTESIAN_POINT('',(-8.58214316889939,19.2758091562589,0.));
#9656=CARTESIAN_POINT('Origin',(0.,0.,0.));
#9657=CARTESIAN_POINT('',(-7.44328056828716,16.7178818748596,0.));
#9658=CARTESIAN_POINT('Origin',(-8.01271186859327,17.9968455155592,0.));
#9659=CARTESIAN_POINT('',(-2.44229909047382,18.1362944162437,0.));
#9660=CARTESIAN_POINT('Origin',(0.,0.,0.));
#9661=CARTESIAN_POINT('',(2.44229909047381,18.1362944162437,0.));
#9662=CARTESIAN_POINT('Origin',(0.,19.7,0.));
#9663=CARTESIAN_POINT('',(7.44328056828716,16.7178818748596,0.));
#9664=CARTESIAN_POINT('Origin',(0.,0.,0.));
#9665=CARTESIAN_POINT('Origin',(8.01271186859327,17.9968455155592,0.));
#9666=CARTESIAN_POINT('',(-12.330003589375,13.930003589375,0.));
#9667=CARTESIAN_POINT('Origin',(-13.930003589375,13.930003589375,0.));
#9668=CARTESIAN_POINT('',(15.530003589375,13.930003589375,0.));
#9669=CARTESIAN_POINT('Origin',(13.930003589375,13.930003589375,0.));
#9670=CARTESIAN_POINT('',(15.530003589375,-13.930003589375,0.));
#9671=CARTESIAN_POINT('Origin',(13.930003589375,-13.930003589375,0.));
#9672=CARTESIAN_POINT('',(-12.330003589375,-13.930003589375,0.));
#9673=CARTESIAN_POINT('Origin',(-13.930003589375,-13.930003589375,0.));
#9674=CARTESIAN_POINT('Ctrl Pts',(-8.5,74.4536178092944,14.6998168683634));
#9675=CARTESIAN_POINT('Ctrl Pts',(-8.,74.4536178092944,14.6998168683634));
#9676=CARTESIAN_POINT('Ctrl Pts',(-8.,74.9234641196874,14.5288067967006));
#9677=CARTESIAN_POINT('Ctrl Pts',(-8.5,73.9837714989015,14.8708269400262));
#9678=CARTESIAN_POINT('Ctrl Pts',(-7.5,73.9837714989015,14.8708269400263));
#9679=CARTESIAN_POINT('Ctrl Pts',(-7.5,74.9234641196874,14.5288067967006));
#9680=CARTESIAN_POINT('Ctrl Pts',(-8.5,74.1547815705643,15.3406732504192));
#9681=CARTESIAN_POINT('Ctrl Pts',(-7.5,74.1547815705643,15.3406732504192));
#9682=CARTESIAN_POINT('Ctrl Pts',(-7.5,75.0944741913502,14.9986531070935));
#9683=CARTESIAN_POINT('',(-8.5,74.1547815705643,15.3406732504192));
#9684=CARTESIAN_POINT('',(-8.5,74.4536178092944,14.6998168683634));
#9685=CARTESIAN_POINT('Origin',(-8.5,74.6246278809572,15.1696631787564));
#9686=CARTESIAN_POINT('',(-8.,74.9234641196874,14.5288067967006));
#9687=CARTESIAN_POINT('Origin',(-8.5,74.9234641196874,14.5288067967006));
#9688=CARTESIAN_POINT('',(-7.5,75.0944741913502,14.9986531070935));
#9689=CARTESIAN_POINT('Origin',(-8.,75.0944741913502,14.9986531070935));
#9690=CARTESIAN_POINT('Origin',(-8.5,75.0944741913502,14.9986531070935));
#9691=CARTESIAN_POINT('Origin',(-8.00000000000001,64.1250895686074,18.9911825979893));
#9692=CARTESIAN_POINT('',(-8.,77.2726956716521,13.6737564383864));
#9693=CARTESIAN_POINT('',(-7.5,77.443705743315,14.1436027487794));
#9694=CARTESIAN_POINT('Origin',(-8.,77.443705743315,14.1436027487794));
#9695=CARTESIAN_POINT('',(-7.50000000000001,64.1250895686074,18.9911825979893));
#9696=CARTESIAN_POINT('',(-8.00000000000001,63.9540794969446,18.5213362875964));
#9697=CARTESIAN_POINT('Origin',(-6.5,77.443705743315,14.1436027487794));
#9698=CARTESIAN_POINT('',(-6.5,78.682234602831,13.1607262233979));
#9699=CARTESIAN_POINT('',(-6.5,78.3833983641009,13.8015826054537));
#9700=CARTESIAN_POINT('Origin',(-6.5,78.8532446744938,13.6305725337909));
#9701=CARTESIAN_POINT('Origin',(-6.5,77.443705743315,14.1436027487794));
#9702=CARTESIAN_POINT('Origin',(-6.5,77.2726956716521,13.6737564383864));
#9703=CARTESIAN_POINT('Origin',(-12.5,78.8532446744938,13.6305725337909));
#9704=CARTESIAN_POINT('',(6.5,78.682234602831,13.1607262233979));
#9705=CARTESIAN_POINT('',(6.5,78.3833983641009,13.8015826054537));
#9706=CARTESIAN_POINT('Origin',(6.5,78.8532446744939,13.6305725337909));
#9707=CARTESIAN_POINT('',(-12.5,78.3833983641009,13.8015826054537));
#9708=CARTESIAN_POINT('',(-12.5,78.682234602831,13.1607262233979));
#9709=CARTESIAN_POINT('Origin',(6.5,77.443705743315,14.1436027487794));
#9710=CARTESIAN_POINT('',(8.,77.2726956716521,13.6737564383864));
#9711=CARTESIAN_POINT('',(7.5,77.443705743315,14.1436027487794));
#9712=CARTESIAN_POINT('Origin',(8.,77.443705743315,14.1436027487794));
#9713=CARTESIAN_POINT('Origin',(6.5,77.443705743315,14.1436027487794));
#9714=CARTESIAN_POINT('Origin',(6.5,77.2726956716521,13.6737564383864));
#9715=CARTESIAN_POINT('Origin',(8.,66.2393979653757,18.2216372755065));
#9716=CARTESIAN_POINT('',(8.,74.9234641196874,14.5288067967006));
#9717=CARTESIAN_POINT('',(7.5,75.0944741913502,14.9986531070935));
#9718=CARTESIAN_POINT('Origin',(8.,75.0944741913502,14.9986531070935));
#9719=CARTESIAN_POINT('',(7.5,66.2393979653757,18.2216372755065));
#9720=CARTESIAN_POINT('',(8.,66.0683878937129,17.7517909651136));
#9721=CARTESIAN_POINT('Ctrl Pts',(8.,74.9234641196874,14.5288067967006));
#9722=CARTESIAN_POINT('Ctrl Pts',(8.,74.4536178092944,14.6998168683634));
#9723=CARTESIAN_POINT('Ctrl Pts',(8.5,74.4536178092944,14.6998168683634));
#9724=CARTESIAN_POINT('Ctrl Pts',(7.5,74.9234641196874,14.5288067967006));
#9725=CARTESIAN_POINT('Ctrl Pts',(7.5,73.9837714989015,14.8708269400262));
#9726=CARTESIAN_POINT('Ctrl Pts',(8.5,73.9837714989015,14.8708269400262));
#9727=CARTESIAN_POINT('Ctrl Pts',(7.5,75.0944741913502,14.9986531070935));
#9728=CARTESIAN_POINT('Ctrl Pts',(7.5,74.1547815705643,15.3406732504192));
#9729=CARTESIAN_POINT('Ctrl Pts',(8.5,74.1547815705643,15.3406732504192));
#9730=CARTESIAN_POINT('',(8.5,74.4536178092944,14.6998168683634));
#9731=CARTESIAN_POINT('',(8.5,74.1547815705643,15.3406732504192));
#9732=CARTESIAN_POINT('Origin',(8.5,74.6246278809573,15.1696631787564));
#9733=CARTESIAN_POINT('Origin',(8.5,75.0944741913502,14.9986531070935));
#9734=CARTESIAN_POINT('Origin',(8.5,74.9234641196874,14.5288067967006));
#9735=CARTESIAN_POINT('Origin',(-5.00000000000001,74.6246278809572,15.1696631787564));
#9736=CARTESIAN_POINT('',(12.5,74.4536178092944,14.6998168683634));
#9737=CARTESIAN_POINT('',(12.5,74.1547815705643,15.3406732504192));
#9738=CARTESIAN_POINT('Origin',(12.5,74.6246278809573,15.1696631787564));
#9739=CARTESIAN_POINT('',(-5.00000000000001,74.1547815705643,15.3406732504192));
#9740=CARTESIAN_POINT('',(-5.00000000000001,74.4536178092944,14.6998168683634));
#9741=CARTESIAN_POINT('Origin',(12.5,73.2150889497784,15.6826933937449));
#9742=CARTESIAN_POINT('',(14.,73.0440788781156,15.2128470833519));
#9743=CARTESIAN_POINT('',(13.5,73.2150889497784,15.6826933937449));
#9744=CARTESIAN_POINT('Origin',(14.,73.2150889497784,15.6826933937449));
#9745=CARTESIAN_POINT('Origin',(12.5,73.2150889497784,15.6826933937449));
#9746=CARTESIAN_POINT('Origin',(12.5,73.0440788781156,15.2128470833519));
#9747=CARTESIAN_POINT('Origin',(14.,64.1250895686075,18.9911825979893));
#9748=CARTESIAN_POINT('',(14.,69.2853083949719,16.5809276566546));
#9749=CARTESIAN_POINT('',(13.5,69.4563184666348,17.0507739670476));
#9750=CARTESIAN_POINT('Origin',(14.,69.4563184666348,17.0507739670476));
#9751=CARTESIAN_POINT('',(13.5,64.1250895686075,18.9911825979893));
#9752=CARTESIAN_POINT('',(14.,63.9540794969446,18.5213362875963));
#9753=CARTESIAN_POINT('Origin',(12.5,69.4563184666348,17.0507739670476));
#9754=CARTESIAN_POINT('',(12.5,67.8757694637931,17.0939578716431));
#9755=CARTESIAN_POINT('',(12.5,68.5166258458488,17.3927941103732));
#9756=CARTESIAN_POINT('Origin',(12.5,68.0467795354559,17.5638041820361));
#9757=CARTESIAN_POINT('Origin',(12.5,69.4563184666348,17.0507739670476));
#9758=CARTESIAN_POINT('Origin',(12.5,69.2853083949719,16.5809276566546));
#9759=CARTESIAN_POINT('Origin',(-2.,68.0467795354559,17.5638041820361));
#9760=CARTESIAN_POINT('',(8.5,67.8757694637931,17.0939578716431));
#9761=CARTESIAN_POINT('',(8.5,68.5166258458488,17.3927941103732));
#9762=CARTESIAN_POINT('Origin',(8.5,68.0467795354559,17.5638041820361));
#9763=CARTESIAN_POINT('',(-2.,68.5166258458488,17.3927941103732));
#9764=CARTESIAN_POINT('',(-2.,67.8757694637931,17.0939578716431));
#9765=CARTESIAN_POINT('Ctrl Pts',(8.5,67.875769463793,17.0939578716431));
#9766=CARTESIAN_POINT('Ctrl Pts',(8.,67.8757694637931,17.0939578716431));
#9767=CARTESIAN_POINT('Ctrl Pts',(8.,67.4059231534001,17.2649679433059));
#9768=CARTESIAN_POINT('Ctrl Pts',(8.5,68.345615774186,16.9229477999803));
#9769=CARTESIAN_POINT('Ctrl Pts',(7.49999999999999,68.345615774186,16.9229477999803));
#9770=CARTESIAN_POINT('Ctrl Pts',(7.49999999999999,67.4059231534001,17.2649679433059));
#9771=CARTESIAN_POINT('Ctrl Pts',(8.5,68.5166258458488,17.3927941103732));
#9772=CARTESIAN_POINT('Ctrl Pts',(7.5,68.5166258458488,17.3927941103732));
#9773=CARTESIAN_POINT('Ctrl Pts',(7.5,67.5769332250629,17.7348142536989));
#9774=CARTESIAN_POINT('',(8.,67.4059231534001,17.2649679433059));
#9775=CARTESIAN_POINT('',(7.5,67.5769332250629,17.7348142536989));
#9776=CARTESIAN_POINT('Origin',(8.,67.5769332250629,17.7348142536989));
#9777=CARTESIAN_POINT('Origin',(8.5,67.5769332250629,17.7348142536989));
#9778=CARTESIAN_POINT('Origin',(8.5,67.4059231534001,17.2649679433059));
#9779=CARTESIAN_POINT('Origin',(8.,61.3060117062497,20.0172430279663));
#9780=CARTESIAN_POINT('',(8.,65.0566916014354,18.1200183016201));
#9781=CARTESIAN_POINT('',(7.5,65.2277016730983,18.589864612013));
#9782=CARTESIAN_POINT('Origin',(8.,65.2277016730983,18.589864612013));
#9783=CARTESIAN_POINT('',(7.5,61.3060117062497,20.0172430279663));
#9784=CARTESIAN_POINT('',(8.,61.1350016345869,19.5473967175734));
#9785=CARTESIAN_POINT('Origin',(6.5,65.2277016730983,18.589864612013));
#9786=CARTESIAN_POINT('',(6.5,63.6471526702566,18.6330485166086));
#9787=CARTESIAN_POINT('',(6.5,64.2880090523124,18.9318847553387));
#9788=CARTESIAN_POINT('Origin',(6.5,63.8181627419194,19.1028948270015));
#9789=CARTESIAN_POINT('Origin',(6.5,65.2277016730983,18.589864612013));
#9790=CARTESIAN_POINT('Origin',(6.5,65.0566916014354,18.1200183016201));
#9791=CARTESIAN_POINT('Origin',(-5.,63.8181627419194,19.1028948270015));
#9792=CARTESIAN_POINT('',(-6.5,63.6471526702566,18.6330485166086));
#9793=CARTESIAN_POINT('',(-6.5,64.2880090523124,18.9318847553387));
#9794=CARTESIAN_POINT('Origin',(-6.5,63.8181627419194,19.1028948270015));
#9795=CARTESIAN_POINT('',(-5.,64.2880090523124,18.9318847553387));
#9796=CARTESIAN_POINT('',(-5.,63.6471526702566,18.6330485166086));
#9797=CARTESIAN_POINT('Origin',(-6.5,65.2277016730983,18.589864612013));
#9798=CARTESIAN_POINT('',(-8.00000000000001,65.0566916014354,18.1200183016201));
#9799=CARTESIAN_POINT('',(-7.5,65.2277016730983,18.589864612013));
#9800=CARTESIAN_POINT('Origin',(-8.00000000000001,65.2277016730983,18.589864612013));
#9801=CARTESIAN_POINT('Origin',(-6.5,65.2277016730983,18.589864612013));
#9802=CARTESIAN_POINT('Origin',(-6.5,65.0566916014354,18.1200183016201));
#9803=CARTESIAN_POINT('Origin',(-8.,59.1917033094815,20.786788350449));
#9804=CARTESIAN_POINT('',(-8.,67.4059231534001,17.2649679433059));
#9805=CARTESIAN_POINT('',(-7.5,67.5769332250629,17.7348142536989));
#9806=CARTESIAN_POINT('Origin',(-8.,67.5769332250629,17.7348142536989));
#9807=CARTESIAN_POINT('',(-7.5,59.1917033094815,20.786788350449));
#9808=CARTESIAN_POINT('',(-8.,59.0206932378186,20.3169420400561));
#9809=CARTESIAN_POINT('Ctrl Pts',(-8.00000000000001,67.4059231534001,17.2649679433059));
#9810=CARTESIAN_POINT('Ctrl Pts',(-8.,67.8757694637931,17.0939578716431));
#9811=CARTESIAN_POINT('Ctrl Pts',(-8.5,67.8757694637931,17.0939578716431));
#9812=CARTESIAN_POINT('Ctrl Pts',(-7.5,67.4059231534001,17.2649679433059));
#9813=CARTESIAN_POINT('Ctrl Pts',(-7.49999999999999,68.345615774186,16.9229477999803));
#9814=CARTESIAN_POINT('Ctrl Pts',(-8.5,68.345615774186,16.9229477999803));
#9815=CARTESIAN_POINT('Ctrl Pts',(-7.5,67.576933225063,17.7348142536989));
#9816=CARTESIAN_POINT('Ctrl Pts',(-7.49999999999999,68.5166258458489,17.3927941103732));
#9817=CARTESIAN_POINT('Ctrl Pts',(-8.5,68.5166258458489,17.3927941103732));
#9818=CARTESIAN_POINT('',(-8.5,67.8757694637931,17.0939578716431));
#9819=CARTESIAN_POINT('',(-8.5,68.5166258458488,17.3927941103732));
#9820=CARTESIAN_POINT('Origin',(-8.5,68.0467795354559,17.5638041820361));
#9821=CARTESIAN_POINT('Origin',(-8.5,67.576933225063,17.7348142536989));
#9822=CARTESIAN_POINT('Origin',(-8.5,67.4059231534001,17.2649679433059));
#9823=CARTESIAN_POINT('Origin',(-12.5,68.0467795354559,17.5638041820361));
#9824=CARTESIAN_POINT('',(-12.5,67.8757694637931,17.0939578716431));
#9825=CARTESIAN_POINT('',(-12.5,68.5166258458488,17.3927941103732));
#9826=CARTESIAN_POINT('Origin',(-12.5,68.0467795354559,17.5638041820361));
#9827=CARTESIAN_POINT('',(-12.5,68.5166258458488,17.3927941103732));
#9828=CARTESIAN_POINT('',(-12.5,67.8757694637931,17.0939578716431));
#9829=CARTESIAN_POINT('Origin',(-12.5,69.4563184666348,17.0507739670476));
#9830=CARTESIAN_POINT('',(-14.,69.2853083949719,16.5809276566546));
#9831=CARTESIAN_POINT('',(-13.5,69.4563184666348,17.0507739670476));
#9832=CARTESIAN_POINT('Origin',(-14.,69.4563184666348,17.0507739670476));
#9833=CARTESIAN_POINT('Origin',(-12.5,69.4563184666348,17.0507739670476));
#9834=CARTESIAN_POINT('Origin',(-12.5,69.2853083949719,16.5809276566546));
#9835=CARTESIAN_POINT('Origin',(-14.,61.3060117062497,20.0172430279663));
#9836=CARTESIAN_POINT('',(-14.,73.0440788781155,15.2128470833519));
#9837=CARTESIAN_POINT('',(-13.5,73.2150889497784,15.6826933937449));
#9838=CARTESIAN_POINT('Origin',(-14.,73.2150889497784,15.6826933937449));
#9839=CARTESIAN_POINT('',(-13.5,61.3060117062497,20.0172430279663));
#9840=CARTESIAN_POINT('',(-14.,61.1350016345869,19.5473967175734));
#9841=CARTESIAN_POINT('Origin',(-12.5,73.2150889497784,15.6826933937449));
#9842=CARTESIAN_POINT('',(-12.5,74.4536178092944,14.6998168683634));
#9843=CARTESIAN_POINT('',(-12.5,74.1547815705643,15.3406732504192));
#9844=CARTESIAN_POINT('Origin',(-12.5,74.6246278809572,15.1696631787564));
#9845=CARTESIAN_POINT('Origin',(-12.5,73.2150889497784,15.6826933937449));
#9846=CARTESIAN_POINT('Origin',(-12.5,73.0440788781155,15.2128470833519));
#9847=CARTESIAN_POINT('Origin',(-15.5,74.6246278809572,15.1696631787564));
#9848=CARTESIAN_POINT('',(-15.5,74.4536178092944,14.6998168683634));
#9849=CARTESIAN_POINT('',(-15.5,74.1547815705643,15.3406732504192));
#9850=CARTESIAN_POINT('Origin',(7.5,69.7136963474887,20.6817182831239));
#9851=CARTESIAN_POINT('',(7.5,66.2537621030753,21.4089424743707));
#9852=CARTESIAN_POINT('',(7.5,66.4247721747381,21.8787887847637));
#9853=CARTESIAN_POINT('',(7.5,68.6029936550399,20.5538921160566));
#9854=CARTESIAN_POINT('',(7.5,79.1745356388814,16.7061655036428));
#9855=CARTESIAN_POINT('',(7.5,68.7740037267028,21.0237384264496));
#9856=CARTESIAN_POINT('Origin',(6.5,66.4247721747381,21.8787887847637));
#9857=CARTESIAN_POINT('',(6.5,65.3140694822894,21.7509626176964));
#9858=CARTESIAN_POINT('',(6.5,65.4850795539522,22.2208089280894));
#9859=CARTESIAN_POINT('Origin',(6.5,66.2537621030753,21.4089424743707));
#9860=CARTESIAN_POINT('Origin',(7.5,65.4850795539522,22.2208089280894));
#9861=CARTESIAN_POINT('',(-6.5,65.3140694822894,21.7509626176964));
#9862=CARTESIAN_POINT('',(-6.5,65.4850795539522,22.2208089280894));
#9863=CARTESIAN_POINT('',(-5.,65.3140694822894,21.7509626176964));
#9864=CARTESIAN_POINT('Origin',(-6.5,66.4247721747381,21.8787887847637));
#9865=CARTESIAN_POINT('',(-7.5,66.2537621030753,21.4089424743708));
#9866=CARTESIAN_POINT('',(-7.5,66.4247721747381,21.8787887847637));
#9867=CARTESIAN_POINT('Origin',(-6.5,66.2537621030753,21.4089424743707));
#9868=CARTESIAN_POINT('Origin',(-7.5,65.4850795539522,22.2208089280894));
#9869=CARTESIAN_POINT('',(-7.5,68.60299365504,20.5538921160566));
#9870=CARTESIAN_POINT('',(-7.5,68.7740037267028,21.0237384264496));
#9871=CARTESIAN_POINT('',(-7.5,77.0602272421132,17.4757108261256));
#9872=CARTESIAN_POINT('Origin',(-8.5,68.7740037267028,21.0237384264496));
#9873=CARTESIAN_POINT('',(-8.5,69.5426862758259,20.2118719727309));
#9874=CARTESIAN_POINT('',(-8.5,69.7136963474887,20.6817182831239));
#9875=CARTESIAN_POINT('Origin',(-8.5,68.60299365504,20.5538921160566));
#9876=CARTESIAN_POINT('Origin',(-7.5,69.7136963474887,20.6817182831239));
#9877=CARTESIAN_POINT('',(-12.5,69.5426862758259,20.2118719727309));
#9878=CARTESIAN_POINT('',(-12.5,69.7136963474887,20.6817182831239));
#9879=CARTESIAN_POINT('',(-12.5,69.5426862758259,20.2118719727309));
#9880=CARTESIAN_POINT('Origin',(-12.5,70.6533889682746,20.3396981397982));
#9881=CARTESIAN_POINT('',(-13.5,70.4823788966118,19.8698518294053));
#9882=CARTESIAN_POINT('',(-13.5,70.6533889682746,20.3396981397982));
#9883=CARTESIAN_POINT('Origin',(-12.5,70.4823788966118,19.8698518294053));
#9884=CARTESIAN_POINT('Origin',(-13.5,69.7136963474887,20.6817182831239));
#9885=CARTESIAN_POINT('',(-13.5,74.2411493797554,18.5017712561026));
#9886=CARTESIAN_POINT('',(-13.5,74.4121594514182,18.9716175664956));
#9887=CARTESIAN_POINT('',(-13.5,79.1745356388814,16.7061655036428));
#9888=CARTESIAN_POINT('Origin',(-12.5,74.4121594514182,18.9716175664956));
#9889=CARTESIAN_POINT('',(-12.5,75.1808420005413,18.1597511127769));
#9890=CARTESIAN_POINT('',(-12.5,75.3518520722041,18.6295974231699));
#9891=CARTESIAN_POINT('Origin',(-12.5,74.2411493797554,18.5017712561026));
#9892=CARTESIAN_POINT('Origin',(-13.5,75.3518520722041,18.6295974231699));
#9893=CARTESIAN_POINT('',(-8.5,75.1808420005413,18.1597511127769));
#9894=CARTESIAN_POINT('',(-8.5,75.3518520722041,18.6295974231699));
#9895=CARTESIAN_POINT('',(-15.5,75.1808420005413,18.1597511127769));
#9896=CARTESIAN_POINT('Origin',(-8.5,76.29154469299,18.2875772798442));
#9897=CARTESIAN_POINT('',(-7.5,76.1205346213272,17.8177309694513));
#9898=CARTESIAN_POINT('',(-7.5,76.29154469299,18.2875772798442));
#9899=CARTESIAN_POINT('Origin',(-8.5,76.1205346213272,17.8177309694513));
#9900=CARTESIAN_POINT('Origin',(-17.5,53.9243874949877,22.1718456351664));
#9901=CARTESIAN_POINT('',(-16.9,87.0454989278256,10.1167469477994));
#9902=CARTESIAN_POINT('',(-16.9,55.2403472083364,21.6928754700141));
#9903=CARTESIAN_POINT('',(-16.9,49.2732906212408,23.8647064538989));
#9904=CARTESIAN_POINT('',(16.9,87.0454989278256,10.1167469477994));
#9905=CARTESIAN_POINT('',(-17.5,87.0454989278256,10.1167469477994));
#9906=CARTESIAN_POINT('',(16.9,55.2403472083364,21.6928754700141));
#9907=CARTESIAN_POINT('',(16.9,40.4842983885338,27.0636380158011));
#9908=CARTESIAN_POINT('',(-17.5,55.2403472083364,21.6928754700141));
#9909=CARTESIAN_POINT('',(-13.7,82.9108513963676,11.6216355784324));
#9910=CARTESIAN_POINT('Origin',(-12.5,82.9108513963676,11.6216355784324));
#9911=CARTESIAN_POINT('',(11.3,59.4185358767199,20.1721391615741));
#9912=CARTESIAN_POINT('Origin',(12.5,59.4185358767199,20.1721391615741));
#9913=CARTESIAN_POINT('',(11.3,82.9108513963676,11.6216355784324));
#9914=CARTESIAN_POINT('Origin',(12.5,82.9108513963676,11.6216355784324));
#9915=CARTESIAN_POINT('',(-13.7,59.4185358767199,20.1721391615741));
#9916=CARTESIAN_POINT('Origin',(-12.5,59.4185358767199,20.1721391615741));
#9917=CARTESIAN_POINT('Origin',(-6.5,78.469766173292,16.9626806111371));
#9918=CARTESIAN_POINT('',(-6.5,79.4094587940779,16.6206604678114));
#9919=CARTESIAN_POINT('',(-6.5,80.0503151761337,16.9194967065415));
#9920=CARTESIAN_POINT('Origin',(-6.5,79.8793051044708,16.4496503961486));
#9921=CARTESIAN_POINT('',(-8.,78.6407762449548,17.43252692153));
#9922=CARTESIAN_POINT('Origin',(-6.5,78.6407762449548,17.43252692153));
#9923=CARTESIAN_POINT('',(-7.5,78.469766173292,16.9626806111371));
#9924=CARTESIAN_POINT('Origin',(-8.,78.469766173292,16.9626806111371));
#9925=CARTESIAN_POINT('Origin',(-6.5,78.469766173292,16.9626806111371));
#9926=CARTESIAN_POINT('Origin',(-8.,81.9936135012392,15.6801050736658));
#9927=CARTESIAN_POINT('',(-8.,76.29154469299,18.2875772798442));
#9928=CARTESIAN_POINT('Origin',(-8.,76.1205346213272,17.8177309694513));
#9929=CARTESIAN_POINT('',(-7.5,81.9936135012392,15.6801050736658));
#9930=CARTESIAN_POINT('',(-8.,82.164623572902,16.1499513840588));
#9931=CARTESIAN_POINT('Ctrl Pts',(-8.00000000000001,76.29154469299,18.2875772798442));
#9932=CARTESIAN_POINT('Ctrl Pts',(-8.00000000000001,75.8216983825971,18.458587351507));
#9933=CARTESIAN_POINT('Ctrl Pts',(-8.5,75.8216983825971,18.458587351507));
#9934=CARTESIAN_POINT('Ctrl Pts',(-7.5,76.29154469299,18.2875772798442));
#9935=CARTESIAN_POINT('Ctrl Pts',(-7.5,75.3518520722041,18.6295974231699));
#9936=CARTESIAN_POINT('Ctrl Pts',(-8.5,75.3518520722041,18.6295974231699));
#9937=CARTESIAN_POINT('Ctrl Pts',(-7.5,76.1205346213272,17.8177309694513));
#9938=CARTESIAN_POINT('Ctrl Pts',(-7.5,75.1808420005413,18.1597511127769));
#9939=CARTESIAN_POINT('Ctrl Pts',(-8.5,75.1808420005413,18.1597511127769));
#9940=CARTESIAN_POINT('',(-8.5,75.8216983825971,18.458587351507));
#9941=CARTESIAN_POINT('Origin',(-8.5,75.6506883109343,17.9887410411141));
#9942=CARTESIAN_POINT('Origin',(-8.5,76.29154469299,18.2875772798442));
#9943=CARTESIAN_POINT('Origin',(-15.5,75.6506883109343,17.9887410411141));
#9944=CARTESIAN_POINT('',(-12.5,75.8216983825971,18.458587351507));
#9945=CARTESIAN_POINT('Origin',(-12.5,75.6506883109343,17.9887410411141));
#9946=CARTESIAN_POINT('',(-15.5,75.8216983825971,18.458587351507));
#9947=CARTESIAN_POINT('Origin',(-12.5,74.2411493797554,18.5017712561026));
#9948=CARTESIAN_POINT('',(-14.,74.4121594514182,18.9716175664956));
#9949=CARTESIAN_POINT('Origin',(-14.,74.2411493797554,18.5017712561026));
#9950=CARTESIAN_POINT('Origin',(-12.5,74.4121594514182,18.9716175664956));
#9951=CARTESIAN_POINT('Origin',(-14.,79.1745356388814,16.7061655036428));
#9952=CARTESIAN_POINT('',(-14.,70.6533889682746,20.3396981397982));
#9953=CARTESIAN_POINT('Origin',(-14.,70.4823788966118,19.8698518294053));
#9954=CARTESIAN_POINT('',(-14.,79.3455457105443,17.1760118140358));
#9955=CARTESIAN_POINT('Origin',(-12.5,70.4823788966118,19.8698518294053));
#9956=CARTESIAN_POINT('',(-12.5,69.2438500370958,20.8527283547867));
#9957=CARTESIAN_POINT('Origin',(-12.5,69.0728399654329,20.3828820443938));
#9958=CARTESIAN_POINT('Origin',(-12.5,70.6533889682746,20.3396981397982));
#9959=CARTESIAN_POINT('Origin',(-12.5,69.0728399654329,20.3828820443938));
#9960=CARTESIAN_POINT('',(-8.5,69.2438500370957,20.8527283547867));
#9961=CARTESIAN_POINT('Origin',(-8.5,69.0728399654329,20.3828820443938));
#9962=CARTESIAN_POINT('',(-12.5,69.2438500370957,20.8527283547867));
#9963=CARTESIAN_POINT('Ctrl Pts',(-8.5,69.2438500370957,20.8527283547867));
#9964=CARTESIAN_POINT('Ctrl Pts',(-8.00000000000001,69.2438500370957,20.8527283547867));
#9965=CARTESIAN_POINT('Ctrl Pts',(-8.00000000000001,68.7740037267028,21.0237384264496));
#9966=CARTESIAN_POINT('Ctrl Pts',(-8.5,69.7136963474887,20.6817182831239));
#9967=CARTESIAN_POINT('Ctrl Pts',(-7.5,69.7136963474887,20.6817182831239));
#9968=CARTESIAN_POINT('Ctrl Pts',(-7.5,68.7740037267028,21.0237384264496));
#9969=CARTESIAN_POINT('Ctrl Pts',(-8.5,69.5426862758259,20.2118719727309));
#9970=CARTESIAN_POINT('Ctrl Pts',(-7.5,69.5426862758259,20.2118719727309));
#9971=CARTESIAN_POINT('Ctrl Pts',(-7.5,68.60299365504,20.5538921160566));
#9972=CARTESIAN_POINT('',(-8.,68.7740037267028,21.0237384264496));
#9973=CARTESIAN_POINT('Origin',(-8.,68.60299365504,20.5538921160566));
#9974=CARTESIAN_POINT('Origin',(-8.5,68.7740037267028,21.0237384264496));
#9975=CARTESIAN_POINT('Origin',(-8.,77.0602272421132,17.4757108261256));
#9976=CARTESIAN_POINT('',(-8.,66.4247721747381,21.8787887847637));
#9977=CARTESIAN_POINT('Origin',(-8.,66.2537621030753,21.4089424743708));
#9978=CARTESIAN_POINT('',(-8.,77.231237313776,17.9455571365185));
#9979=CARTESIAN_POINT('Origin',(-6.5,66.2537621030753,21.4089424743707));
#9980=CARTESIAN_POINT('',(-6.5,65.0152332435593,22.3918189997522));
#9981=CARTESIAN_POINT('Origin',(-6.5,64.8442231718964,21.9219726893593));
#9982=CARTESIAN_POINT('Origin',(-6.5,66.4247721747381,21.8787887847637));
#9983=CARTESIAN_POINT('Origin',(-5.,64.8442231718964,21.9219726893593));
#9984=CARTESIAN_POINT('',(6.5,65.0152332435593,22.3918189997522));
#9985=CARTESIAN_POINT('Origin',(6.5,64.8442231718964,21.9219726893593));
#9986=CARTESIAN_POINT('',(-5.,65.0152332435593,22.3918189997522));
#9987=CARTESIAN_POINT('Origin',(6.5,66.2537621030753,21.4089424743707));
#9988=CARTESIAN_POINT('',(8.,66.4247721747381,21.8787887847637));
#9989=CARTESIAN_POINT('Origin',(8.,66.2537621030753,21.4089424743707));
#9990=CARTESIAN_POINT('Origin',(6.5,66.4247721747381,21.8787887847637));
#9991=CARTESIAN_POINT('Origin',(8.,79.1745356388814,16.7061655036428));
#9992=CARTESIAN_POINT('',(8.,68.7740037267028,21.0237384264496));
#9993=CARTESIAN_POINT('Origin',(8.,68.6029936550399,20.5538921160566));
#9994=CARTESIAN_POINT('',(8.,79.3455457105443,17.1760118140358));
#9995=CARTESIAN_POINT('Ctrl Pts',(8.,68.7740037267028,21.0237384264496));
#9996=CARTESIAN_POINT('Ctrl Pts',(8.,69.2438500370957,20.8527283547867));
#9997=CARTESIAN_POINT('Ctrl Pts',(8.5,69.2438500370957,20.8527283547867));
#9998=CARTESIAN_POINT('Ctrl Pts',(7.5,68.7740037267028,21.0237384264496));
#9999=CARTESIAN_POINT('Ctrl Pts',(7.5,69.7136963474887,20.6817182831239));
#10000=CARTESIAN_POINT('Ctrl Pts',(8.5,69.7136963474887,20.6817182831239));
#10001=CARTESIAN_POINT('Ctrl Pts',(7.5,68.6029936550399,20.5538921160566));
#10002=CARTESIAN_POINT('Ctrl Pts',(7.5,69.5426862758259,20.2118719727309));
#10003=CARTESIAN_POINT('Ctrl Pts',(8.5,69.5426862758259,20.2118719727309));
#10004=CARTESIAN_POINT('',(8.5,69.2438500370957,20.8527283547867));
#10005=CARTESIAN_POINT('',(8.5,69.5426862758259,20.2118719727309));
#10006=CARTESIAN_POINT('Origin',(8.5,69.0728399654329,20.3828820443938));
#10007=CARTESIAN_POINT('Origin',(8.5,68.6029936550399,20.5538921160566));
#10008=CARTESIAN_POINT('Origin',(8.5,68.7740037267028,21.0237384264496));
#10009=CARTESIAN_POINT('Origin',(-2.,69.0728399654329,20.3828820443938));
#10010=CARTESIAN_POINT('',(12.5,69.2438500370957,20.8527283547867));
#10011=CARTESIAN_POINT('',(12.5,69.5426862758259,20.2118719727309));
#10012=CARTESIAN_POINT('Origin',(12.5,69.0728399654329,20.3828820443938));
#10013=CARTESIAN_POINT('',(-2.,69.5426862758259,20.2118719727309));
#10014=CARTESIAN_POINT('',(-2.,69.2438500370957,20.8527283547867));
#10015=CARTESIAN_POINT('Origin',(12.5,70.4823788966118,19.8698518294053));
#10016=CARTESIAN_POINT('',(14.,70.6533889682746,20.3396981397982));
#10017=CARTESIAN_POINT('',(13.5,70.4823788966118,19.8698518294053));
#10018=CARTESIAN_POINT('Origin',(14.,70.4823788966118,19.8698518294053));
#10019=CARTESIAN_POINT('Origin',(12.5,70.4823788966118,19.8698518294053));
#10020=CARTESIAN_POINT('Origin',(12.5,70.6533889682746,20.3396981397982));
#10021=CARTESIAN_POINT('Origin',(14.,81.9936135012392,15.6801050736658));
#10022=CARTESIAN_POINT('',(14.,74.4121594514182,18.9716175664956));
#10023=CARTESIAN_POINT('',(13.5,74.2411493797554,18.5017712561026));
#10024=CARTESIAN_POINT('Origin',(14.,74.2411493797554,18.5017712561026));
#10025=CARTESIAN_POINT('',(13.5,81.9936135012392,15.6801050736658));
#10026=CARTESIAN_POINT('',(14.,82.164623572902,16.1499513840588));
#10027=CARTESIAN_POINT('Origin',(12.5,74.2411493797554,18.5017712561026));
#10028=CARTESIAN_POINT('',(12.5,75.8216983825971,18.458587351507));
#10029=CARTESIAN_POINT('',(12.5,75.1808420005413,18.1597511127769));
#10030=CARTESIAN_POINT('Origin',(12.5,75.6506883109343,17.9887410411141));
#10031=CARTESIAN_POINT('Origin',(12.5,74.2411493797554,18.5017712561026));
#10032=CARTESIAN_POINT('Origin',(12.5,74.4121594514182,18.9716175664956));
#10033=CARTESIAN_POINT('Origin',(-5.,75.6506883109343,17.9887410411141));
#10034=CARTESIAN_POINT('',(8.5,75.8216983825971,18.458587351507));
#10035=CARTESIAN_POINT('',(8.5,75.1808420005413,18.1597511127769));
#10036=CARTESIAN_POINT('Origin',(8.5,75.6506883109343,17.9887410411141));
#10037=CARTESIAN_POINT('',(-5.,75.1808420005413,18.1597511127769));
#10038=CARTESIAN_POINT('',(-5.,75.8216983825971,18.458587351507));
#10039=CARTESIAN_POINT('Ctrl Pts',(8.5,75.8216983825971,18.458587351507));
#10040=CARTESIAN_POINT('Ctrl Pts',(8.,75.8216983825971,18.458587351507));
#10041=CARTESIAN_POINT('Ctrl Pts',(8.,76.2915446929901,18.2875772798442));
#10042=CARTESIAN_POINT('Ctrl Pts',(8.5,75.3518520722041,18.6295974231699));
#10043=CARTESIAN_POINT('Ctrl Pts',(7.49999999999999,75.3518520722041,18.6295974231699));
#10044=CARTESIAN_POINT('Ctrl Pts',(7.5,76.2915446929901,18.2875772798442));
#10045=CARTESIAN_POINT('Ctrl Pts',(8.5,75.1808420005413,18.1597511127769));
#10046=CARTESIAN_POINT('Ctrl Pts',(7.5,75.1808420005413,18.1597511127769));
#10047=CARTESIAN_POINT('Ctrl Pts',(7.5,76.1205346213272,17.8177309694513));
#10048=CARTESIAN_POINT('',(8.,76.2915446929901,18.2875772798442));
#10049=CARTESIAN_POINT('',(7.5,76.1205346213272,17.8177309694513));
#10050=CARTESIAN_POINT('Origin',(8.,76.1205346213272,17.8177309694513));
#10051=CARTESIAN_POINT('Origin',(8.5,76.1205346213272,17.8177309694513));
#10052=CARTESIAN_POINT('Origin',(8.5,76.2915446929901,18.2875772798442));
#10053=CARTESIAN_POINT('Origin',(8.,84.1079218980074,14.9105597511831));
#10054=CARTESIAN_POINT('',(8.,78.6407762449548,17.43252692153));
#10055=CARTESIAN_POINT('',(7.5,78.469766173292,16.9626806111371));
#10056=CARTESIAN_POINT('Origin',(8.,78.469766173292,16.9626806111371));
#10057=CARTESIAN_POINT('',(7.5,84.1079218980074,14.9105597511831));
#10058=CARTESIAN_POINT('',(8.,84.2789319696703,15.380406061576));
#10059=CARTESIAN_POINT('Origin',(6.5,78.469766173292,16.9626806111371));
#10060=CARTESIAN_POINT('',(6.5,80.0503151761337,16.9194967065415));
#10061=CARTESIAN_POINT('',(6.5,79.4094587940779,16.6206604678114));
#10062=CARTESIAN_POINT('Origin',(6.5,79.8793051044708,16.4496503961486));
#10063=CARTESIAN_POINT('Origin',(6.5,78.469766173292,16.9626806111371));
#10064=CARTESIAN_POINT('Origin',(6.5,78.6407762449548,17.43252692153));
#10065=CARTESIAN_POINT('Origin',(-12.5,79.8793051044708,16.4496503961486));
#10066=CARTESIAN_POINT('',(-12.5,80.0503151761337,16.9194967065415));
#10067=CARTESIAN_POINT('',(-12.5,79.4094587940779,16.6206604678114));
#10068=CARTESIAN_POINT('Origin',(8.5,68.7740037267028,21.0237384264496));
#10069=CARTESIAN_POINT('',(8.5,69.7136963474887,20.6817182831239));
#10070=CARTESIAN_POINT('Origin',(13.5,69.7136963474887,20.6817182831239));
#10071=CARTESIAN_POINT('',(12.5,69.7136963474887,20.6817182831239));
#10072=CARTESIAN_POINT('Origin',(12.5,70.6533889682746,20.3396981397982));
#10073=CARTESIAN_POINT('',(13.5,70.6533889682746,20.3396981397982));
#10074=CARTESIAN_POINT('Origin',(13.5,75.3518520722041,18.6295974231699));
#10075=CARTESIAN_POINT('',(13.5,74.4121594514182,18.9716175664956));
#10076=CARTESIAN_POINT('Origin',(12.5,74.4121594514182,18.9716175664956));
#10077=CARTESIAN_POINT('',(12.5,75.3518520722041,18.6295974231699));
#10078=CARTESIAN_POINT('Origin',(7.5,75.3518520722041,18.6295974231699));
#10079=CARTESIAN_POINT('',(8.5,75.3518520722041,18.6295974231699));
#10080=CARTESIAN_POINT('Origin',(8.5,76.2915446929901,18.2875772798442));
#10081=CARTESIAN_POINT('',(7.5,76.2915446929901,18.2875772798442));
#10082=CARTESIAN_POINT('Origin',(7.5,79.5804688657407,17.0905067782044));
#10083=CARTESIAN_POINT('',(7.5,78.6407762449548,17.43252692153));
#10084=CARTESIAN_POINT('Origin',(6.5,78.6407762449548,17.43252692153));
#10085=CARTESIAN_POINT('',(6.5,79.5804688657407,17.0905067782044));
#10086=CARTESIAN_POINT('Origin',(-7.5,79.5804688657407,17.0905067782044));
#10087=CARTESIAN_POINT('',(-6.5,79.5804688657407,17.0905067782044));
#10088=CARTESIAN_POINT('Origin',(-6.5,78.6407762449548,17.43252692153));
#10089=CARTESIAN_POINT('',(-7.5,78.6407762449548,17.43252692153));
#10090=CARTESIAN_POINT('Origin',(-17.5,88.9773950735998,13.6703053449477));
#10091=CARTESIAN_POINT('',(16.9,88.4135795011283,13.8755174309431));
#10092=CARTESIAN_POINT('',(16.9,56.6535290955581,25.4352304173649));
#10093=CARTESIAN_POINT('',(16.9,58.6948424644912,24.6922531122636));
#10094=CARTESIAN_POINT('',(-16.9,88.4135795011283,13.8755174309431));
#10095=CARTESIAN_POINT('',(-17.5,88.4135795011283,13.8755174309431));
#10096=CARTESIAN_POINT('',(-16.9,56.6535290955581,25.4352304173649));
#10097=CARTESIAN_POINT('',(-16.9,67.4838346971982,21.4933215503614));
#10098=CARTESIAN_POINT('',(-17.5,56.6535290955581,25.4352304173649));
#10099=CARTESIAN_POINT('',(13.7,84.2789319696703,15.380406061576));
#10100=CARTESIAN_POINT('Origin',(12.5,84.2789319696703,15.380406061576));
#10101=CARTESIAN_POINT('',(-11.3,60.7866164500226,23.9309096447178));
#10102=CARTESIAN_POINT('Origin',(-12.5,60.7866164500226,23.9309096447178));
#10103=CARTESIAN_POINT('',(13.7,60.7866164500226,23.9309096447178));
#10104=CARTESIAN_POINT('Origin',(12.5,60.7866164500226,23.9309096447178));
#10105=CARTESIAN_POINT('',(-11.3,84.2789319696703,15.380406061576));
#10106=CARTESIAN_POINT('Origin',(-12.5,84.2789319696703,15.380406061576));
#10107=CARTESIAN_POINT('Origin',(-7.5,75.3518520722041,18.6295974231699));
#10108=CARTESIAN_POINT('Origin',(12.5,84.2105279410051,15.1924675374188));
#10109=CARTESIAN_POINT('',(13.5,84.2105279410051,15.1924675374188));
#10110=CARTESIAN_POINT('Origin',(13.7,84.2105279410051,15.1924675374188));
#10111=CARTESIAN_POINT('',(11.5,84.2105279410051,15.1924675374188));
#10112=CARTESIAN_POINT('Origin',(12.5,84.2105279410051,15.1924675374188));
#10113=CARTESIAN_POINT('Origin',(12.5,84.2105279410051,15.1924675374188));
#10114=CARTESIAN_POINT('Origin',(12.5,84.2789319696703,15.380406061576));
#10115=CARTESIAN_POINT('',(11.5,82.9792554250327,11.8095741025896));
#10116=CARTESIAN_POINT('',(11.5,84.2789319696703,15.380406061576));
#10117=CARTESIAN_POINT('Origin',(12.5,82.9792554250327,11.8095741025896));
#10118=CARTESIAN_POINT('Origin',(-12.5,84.2105279410051,15.1924675374188));
#10119=CARTESIAN_POINT('',(-11.5,84.2105279410051,15.1924675374188));
#10120=CARTESIAN_POINT('Origin',(-11.3,84.2105279410051,15.1924675374188));
#10121=CARTESIAN_POINT('',(-13.5,84.2105279410051,15.1924675374188));
#10122=CARTESIAN_POINT('Origin',(-12.5,84.2105279410051,15.1924675374188));
#10123=CARTESIAN_POINT('Origin',(-12.5,84.2105279410051,15.1924675374188));
#10124=CARTESIAN_POINT('Origin',(-12.5,84.2789319696703,15.380406061576));
#10125=CARTESIAN_POINT('',(-13.5,82.9792554250327,11.8095741025896));
#10126=CARTESIAN_POINT('',(-13.5,84.2789319696703,15.380406061576));
#10127=CARTESIAN_POINT('Origin',(-12.5,82.9792554250327,11.8095741025896));
#10128=CARTESIAN_POINT('Origin',(-12.5,60.7182124213574,23.7429711205606));
#10129=CARTESIAN_POINT('',(-11.5,60.7182124213574,23.7429711205606));
#10130=CARTESIAN_POINT('Origin',(-11.3,60.7182124213574,23.7429711205606));
#10131=CARTESIAN_POINT('',(-13.5,60.7182124213574,23.7429711205606));
#10132=CARTESIAN_POINT('Origin',(-12.5,60.7182124213574,23.7429711205606));
#10133=CARTESIAN_POINT('Origin',(-12.5,60.7182124213574,23.7429711205606));
#10134=CARTESIAN_POINT('Origin',(-12.5,60.7866164500226,23.9309096447178));
#10135=CARTESIAN_POINT('',(-13.5,59.486939905385,20.3600776857313));
#10136=CARTESIAN_POINT('',(-13.5,60.7866164500226,23.9309096447178));
#10137=CARTESIAN_POINT('Origin',(-12.5,59.486939905385,20.3600776857313));
#10138=CARTESIAN_POINT('Origin',(12.5,60.7182124213574,23.7429711205606));
#10139=CARTESIAN_POINT('',(13.5,60.7182124213574,23.7429711205606));
#10140=CARTESIAN_POINT('Origin',(13.7,60.7182124213574,23.7429711205606));
#10141=CARTESIAN_POINT('',(11.5,60.7182124213574,23.7429711205606));
#10142=CARTESIAN_POINT('Origin',(12.5,60.7182124213574,23.7429711205606));
#10143=CARTESIAN_POINT('Origin',(12.5,60.7182124213574,23.7429711205606));
#10144=CARTESIAN_POINT('Origin',(12.5,60.7866164500226,23.9309096447178));
#10145=CARTESIAN_POINT('',(11.5,59.486939905385,20.3600776857313));
#10146=CARTESIAN_POINT('',(11.5,60.7866164500226,23.9309096447178));
#10147=CARTESIAN_POINT('Origin',(12.5,59.486939905385,20.3600776857313));
#10148=CARTESIAN_POINT('Origin',(-12.5,82.9792554250327,11.8095741025896));
#10149=CARTESIAN_POINT('Origin',(-13.7,82.9792554250327,11.8095741025896));
#10150=CARTESIAN_POINT('Origin',(-12.5,59.486939905385,20.3600776857313));
#10151=CARTESIAN_POINT('Origin',(-13.7,59.486939905385,20.3600776857313));
#10152=CARTESIAN_POINT('Origin',(12.5,59.486939905385,20.3600776857313));
#10153=CARTESIAN_POINT('Origin',(11.3,59.486939905385,20.3600776857313));
#10154=CARTESIAN_POINT('Origin',(12.5,82.9792554250327,11.8095741025896));
#10155=CARTESIAN_POINT('Origin',(11.3,82.9792554250327,11.8095741025896));
#10156=CARTESIAN_POINT('Origin',(-16.9,88.2083674151329,13.3117018584715));
#10157=CARTESIAN_POINT('',(-17.5,88.2083674151329,13.3117018584715));
#10158=CARTESIAN_POINT('',(-16.9,88.7721829876044,13.1064897724761));
#10159=CARTESIAN_POINT('Origin',(-16.9,88.2083674151329,13.3117018584715));
#10160=CARTESIAN_POINT('Origin',(-16.9,88.2083674151329,13.3117018584715));
#10161=CARTESIAN_POINT('Origin',(-16.9,88.2083674151329,13.3117018584715));
#10162=CARTESIAN_POINT('Origin',(16.9,88.2083674151329,13.3117018584715));
#10163=CARTESIAN_POINT('',(17.5,88.2083674151329,13.3117018584715));
#10164=CARTESIAN_POINT('Origin',(16.9,88.2083674151329,13.3117018584715));
#10165=CARTESIAN_POINT('',(16.9,88.7721829876044,13.1064897724761));
#10166=CARTESIAN_POINT('Origin',(16.9,88.2083674151329,13.3117018584715));
#10167=CARTESIAN_POINT('Origin',(16.9,88.2083674151329,13.3117018584715));
#10168=CARTESIAN_POINT('Origin',(-16.9,87.250711013821,10.680562520271));
#10169=CARTESIAN_POINT('',(-17.5,87.250711013821,10.680562520271));
#10170=CARTESIAN_POINT('Origin',(-16.9,87.250711013821,10.680562520271));
#10171=CARTESIAN_POINT('',(-16.9,87.8145265862925,10.4753504342756));
#10172=CARTESIAN_POINT('Origin',(-16.9,87.250711013821,10.680562520271));
#10173=CARTESIAN_POINT('Origin',(-16.9,87.250711013821,10.680562520271));
#10174=CARTESIAN_POINT('Origin',(-16.9,82.3944020540787,-2.66203668851623));
#10175=CARTESIAN_POINT('',(-17.5,82.3944020540787,-2.66203668851623));
#10176=CARTESIAN_POINT('',(-16.9,82.9582176265502,-2.86724877451163));
#10177=CARTESIAN_POINT('Origin',(16.9,87.250711013821,10.680562520271));
#10178=CARTESIAN_POINT('',(16.9,87.8145265862925,10.4753504342756));
#10179=CARTESIAN_POINT('Origin',(16.9,87.250711013821,10.680562520271));
#10180=CARTESIAN_POINT('',(17.5,87.250711013821,10.680562520271));
#10181=CARTESIAN_POINT('Origin',(16.9,87.250711013821,10.680562520271));
#10182=CARTESIAN_POINT('Origin',(16.9,87.250711013821,10.680562520271));
#10183=CARTESIAN_POINT('Origin',(16.9,81.2300861840916,-5.86096825041843));
#10184=CARTESIAN_POINT('',(16.9,81.7939017565631,-6.06618033641384));
#10185=CARTESIAN_POINT('',(17.5,81.2300861840916,-5.86096825041843));
#10186=CARTESIAN_POINT('Origin',(16.9,40.6895104745292,27.6274535882727));
#10187=CARTESIAN_POINT('',(17.5,55.4455592943318,22.2566910424856));
#10188=CARTESIAN_POINT('Origin',(16.9,55.4455592943318,22.2566910424856));
#10189=CARTESIAN_POINT('',(17.5,40.6895104745292,27.6274535882727));
#10190=CARTESIAN_POINT('Origin',(16.9,54.5563069216851,19.8134902284422));
#10191=CARTESIAN_POINT('',(17.5,52.5645913695757,21.4847380136272));
#10192=CARTESIAN_POINT('',(16.9,53.0242180354471,21.0990654478153));
#10193=CARTESIAN_POINT('Origin',(16.9,52.5645913695757,21.4847380136272));
#10194=CARTESIAN_POINT('Origin',(16.9,54.5563069216851,19.8134902284422));
#10195=CARTESIAN_POINT('Origin',(17.5,54.5563069216851,19.8134902284422));
#10196=CARTESIAN_POINT('Origin',(16.9,30.7479061896767,-4.51537492801428));
#10197=CARTESIAN_POINT('',(17.5,37.2582676138405,3.24337168831961));
#10198=CARTESIAN_POINT('',(16.9,37.7178942797118,2.85769912250769));
#10199=CARTESIAN_POINT('Origin',(16.9,37.2582676138405,3.24337168831961));
#10200=CARTESIAN_POINT('',(16.9,31.2075328555481,-4.90104749382621));
#10201=CARTESIAN_POINT('',(17.5,30.7479061896767,-4.51537492801428));
#10202=CARTESIAN_POINT('Origin',(16.9,31.58953873476,8.));
#10203=CARTESIAN_POINT('',(17.5,31.58953873476,0.600000000000001));
#10204=CARTESIAN_POINT('Origin',(16.9,31.58953873476,0.600000000000001));
#10205=CARTESIAN_POINT('Origin',(16.9,31.58953873476,8.));
#10206=CARTESIAN_POINT('Origin',(17.5,31.58953873476,8.));
#10207=CARTESIAN_POINT('Origin',(16.9,7.70669189730588,0.6));
#10208=CARTESIAN_POINT('',(17.5,16.1509256700661,0.6));
#10209=CARTESIAN_POINT('Origin',(16.9,16.1509256700661,0.6));
#10210=CARTESIAN_POINT('',(17.5,7.70669189730588,0.6));
#10211=CARTESIAN_POINT('Origin',(19.5,16.1509256700661,0.6));
#10212=CARTESIAN_POINT('',(17.9597156398104,14.8751811463642,0.6));
#10213=CARTESIAN_POINT('Origin',(17.4976303317536,14.4924577892536,0.6));
#10214=CARTESIAN_POINT('Origin',(19.5,16.1509256700661,0.6));
#10215=CARTESIAN_POINT('Origin',(0.,0.,0.6));
#10216=CARTESIAN_POINT('',(-17.9597156398104,14.8751811463642,0.6));
#10217=CARTESIAN_POINT('Origin',(-17.4976303317535,14.4924577892536,0.6));
#10218=CARTESIAN_POINT('Origin',(0.,0.,0.6));
#10219=CARTESIAN_POINT('Origin',(-19.5,16.1509256700661,0.6));
#10220=CARTESIAN_POINT('',(-17.5,16.1509256700661,0.6));
#10221=CARTESIAN_POINT('Origin',(-16.9,16.1509256700661,0.6));
#10222=CARTESIAN_POINT('Origin',(-19.5,16.1509256700661,0.6));
#10223=CARTESIAN_POINT('Origin',(-16.9,17.66,0.6));
#10224=CARTESIAN_POINT('',(-17.5,31.58953873476,0.6));
#10225=CARTESIAN_POINT('Origin',(-16.9,31.58953873476,0.6));
#10226=CARTESIAN_POINT('',(-17.5,17.66,0.6));
#10227=CARTESIAN_POINT('Origin',(-16.9,31.58953873476,8.));
#10228=CARTESIAN_POINT('',(-17.5,37.2582676138405,3.24337168831961));
#10229=CARTESIAN_POINT('',(-16.9,37.7178942797118,2.85769912250769));
#10230=CARTESIAN_POINT('Origin',(-16.9,37.2582676138405,3.24337168831961));
#10231=CARTESIAN_POINT('Origin',(-16.9,31.58953873476,8.));
#10232=CARTESIAN_POINT('Origin',(-17.5,31.58953873476,8.));
#10233=CARTESIAN_POINT('Origin',(-16.9,34.8603733341286,0.385672565811923));
#10234=CARTESIAN_POINT('',(-17.5,52.5645913695757,21.4847380136272));
#10235=CARTESIAN_POINT('',(-16.9,53.0242180354471,21.0990654478153));
#10236=CARTESIAN_POINT('Origin',(-16.9,52.5645913695757,21.4847380136272));
#10237=CARTESIAN_POINT('',(-16.9,35.32,-2.77555756156289E-16));
#10238=CARTESIAN_POINT('',(-17.5,34.8603733341286,0.385672565811923));
#10239=CARTESIAN_POINT('Origin',(-16.9,54.5563069216851,19.8134902284422));
#10240=CARTESIAN_POINT('',(-17.5,55.4455592943318,22.2566910424856));
#10241=CARTESIAN_POINT('Origin',(-16.9,55.4455592943318,22.2566910424856));
#10242=CARTESIAN_POINT('Origin',(-16.9,54.5563069216851,19.8134902284422));
#10243=CARTESIAN_POINT('Origin',(-17.5,54.5563069216851,19.8134902284422));
#10244=CARTESIAN_POINT('Origin',(-16.9,49.4785027072362,24.4285220263705));
#10245=CARTESIAN_POINT('',(-17.5,49.4785027072362,24.4285220263705));
#10246=CARTESIAN_POINT('Origin',(-17.5,87.250711013821,10.680562520271));
#10247=CARTESIAN_POINT('',(-17.5,87.8145265862925,10.4753504342756));
#10248=CARTESIAN_POINT('Origin',(-17.5,88.2083674151329,13.3117018584715));
#10249=CARTESIAN_POINT('',(-17.5,88.7721829876044,13.1064897724761));
#10250=CARTESIAN_POINT('Origin',(16.9,58.4896303784958,24.128437539792));
#10251=CARTESIAN_POINT('',(17.5,56.4483170095628,24.8714148448933));
#10252=CARTESIAN_POINT('Origin',(16.9,56.4483170095628,24.8714148448933));
#10253=CARTESIAN_POINT('',(17.5,58.4896303784958,24.128437539792));
#10254=CARTESIAN_POINT('Origin',(16.9,53.9173679489528,17.9176894510776));
#10255=CARTESIAN_POINT('',(16.9,47.789012404001,23.0599903285699));
#10256=CARTESIAN_POINT('',(17.5,48.2486390698724,22.674317762758));
#10257=CARTESIAN_POINT('Origin',(16.9,48.2486390698724,22.674317762758));
#10258=CARTESIAN_POINT('Origin',(17.5,53.9173679489528,17.9176894510776));
#10259=CARTESIAN_POINT('Origin',(16.9,53.9173679489528,17.9176894510776));
#10260=CARTESIAN_POINT('Origin',(16.9,37.6831487488262,10.0828567151319));
#10261=CARTESIAN_POINT('',(16.9,37.7178942797118,11.0576991225077));
#10262=CARTESIAN_POINT('',(17.5,38.1775209455832,10.6720265566958));
#10263=CARTESIAN_POINT('Origin',(16.9,38.1775209455832,10.6720265566958));
#10264=CARTESIAN_POINT('',(17.5,37.6831487488262,10.0828567151319));
#10265=CARTESIAN_POINT('',(16.9,37.2235220829548,10.4685292809438));
#10266=CARTESIAN_POINT('Origin',(16.9,31.58953873476,16.2));
#10267=CARTESIAN_POINT('',(17.5,31.58953873476,7.6));
#10268=CARTESIAN_POINT('Origin',(16.9,31.58953873476,7.6));
#10269=CARTESIAN_POINT('Origin',(17.5,31.58953873476,16.2));
#10270=CARTESIAN_POINT('Origin',(16.9,31.58953873476,16.2));
#10271=CARTESIAN_POINT('Origin',(16.9,10.7066918973059,7.6));
#10272=CARTESIAN_POINT('',(17.5,16.1509256700661,7.6));
#10273=CARTESIAN_POINT('Origin',(16.9,16.1509256700661,7.6));
#10274=CARTESIAN_POINT('',(17.5,10.7066918973059,7.6));
#10275=CARTESIAN_POINT('Origin',(19.5,16.1509256700661,7.6));
#10276=CARTESIAN_POINT('',(17.9597156398104,14.8751811463642,7.6));
#10277=CARTESIAN_POINT('Origin',(17.4976303317536,14.4924577892536,7.6));
#10278=CARTESIAN_POINT('Origin',(19.5,16.1509256700661,7.6));
#10279=CARTESIAN_POINT('Origin',(0.,0.,7.6));
#10280=CARTESIAN_POINT('',(-17.9597156398104,14.8751811463642,7.6));
#10281=CARTESIAN_POINT('Origin',(-17.4976303317535,14.4924577892536,7.6));
#10282=CARTESIAN_POINT('Origin',(0.,0.,7.6));
#10283=CARTESIAN_POINT('Origin',(-19.5,16.1509256700661,7.6));
#10284=CARTESIAN_POINT('',(-17.5,16.1509256700661,7.6));
#10285=CARTESIAN_POINT('Origin',(-16.9,16.1509256700661,7.6));
#10286=CARTESIAN_POINT('Origin',(-19.5,16.1509256700661,7.6));
#10287=CARTESIAN_POINT('Origin',(-16.9,20.66,7.6));
#10288=CARTESIAN_POINT('',(-17.5,31.58953873476,7.6));
#10289=CARTESIAN_POINT('Origin',(-16.9,31.58953873476,7.6));
#10290=CARTESIAN_POINT('',(-17.5,20.66,7.6));
#10291=CARTESIAN_POINT('Origin',(-16.9,31.58953873476,16.2));
#10292=CARTESIAN_POINT('',(-16.9,37.7178942797118,11.0576991225077));
#10293=CARTESIAN_POINT('',(-17.5,38.1775209455832,10.6720265566958));
#10294=CARTESIAN_POINT('Origin',(-16.9,38.1775209455832,10.6720265566958));
#10295=CARTESIAN_POINT('Origin',(-17.5,31.58953873476,16.2));
#10296=CARTESIAN_POINT('Origin',(-16.9,31.58953873476,16.2));
#10297=CARTESIAN_POINT('Origin',(-16.9,41.7956158932781,14.9839042089581));
#10298=CARTESIAN_POINT('',(-16.9,47.789012404001,23.0599903285699));
#10299=CARTESIAN_POINT('',(-17.5,48.2486390698723,22.674317762758));
#10300=CARTESIAN_POINT('Origin',(-16.9,48.2486390698723,22.674317762758));
#10301=CARTESIAN_POINT('',(-17.5,41.7956158932781,14.9839042089581));
#10302=CARTESIAN_POINT('',(-16.9,41.3359892274067,15.36957677477));
#10303=CARTESIAN_POINT('Origin',(-16.9,53.9173679489528,17.9176894510776));
#10304=CARTESIAN_POINT('',(-17.5,56.4483170095627,24.8714148448933));
#10305=CARTESIAN_POINT('Origin',(-16.9,56.4483170095627,24.8714148448933));
#10306=CARTESIAN_POINT('Origin',(-17.5,53.9173679489528,17.9176894510776));
#10307=CARTESIAN_POINT('Origin',(-16.9,53.9173679489528,17.9176894510776));
#10308=CARTESIAN_POINT('Origin',(-16.9,67.2786226112028,20.9295059778898));
#10309=CARTESIAN_POINT('',(-17.5,67.2786226112028,20.9295059778898));
#10310=CARTESIAN_POINT('Origin',(-19.5,16.1509256700661,0.));
#10311=CARTESIAN_POINT('',(-17.9597156398104,14.8751811463642,0.));
#10312=CARTESIAN_POINT('',(-17.5,16.1509256700661,0.));
#10313=CARTESIAN_POINT('Origin',(0.,0.,0.));
#10314=CARTESIAN_POINT('',(17.9597156398104,14.8751811463642,0.));
#10315=CARTESIAN_POINT('Origin',(19.5,16.1509256700661,0.));
#10316=CARTESIAN_POINT('',(17.5,16.1509256700661,0.));
#10317=CARTESIAN_POINT('Origin',(17.5,15.4133837946118,0.));
#10318=CARTESIAN_POINT('Origin',(-8.75,31.58953873476,8.));
#10319=CARTESIAN_POINT('',(-8.75,37.7178942797118,2.85769912250769));
#10320=CARTESIAN_POINT('Origin',(-17.5,35.32,-4.44089209850063E-15));
#10321=CARTESIAN_POINT('',(-17.5,53.0242180354471,21.0990654478153));
#10322=CARTESIAN_POINT('Origin',(-17.5,54.5563069216851,19.8134902284422));
#10323=CARTESIAN_POINT('Origin',(-8.75,31.58953873476,16.2));
#10324=CARTESIAN_POINT('',(-8.75000000000001,37.7178942797118,11.0576991225077));
#10325=CARTESIAN_POINT('Origin',(-17.5,51.3896902421635,27.3511110779745));
#10326=CARTESIAN_POINT('',(-17.5,47.789012404001,23.0599903285699));
#10327=CARTESIAN_POINT('Origin',(-17.5,53.9173679489528,17.9176894510776));
#10328=CARTESIAN_POINT('Origin',(-17.5,87.6093145002971,9.91153486180404));
#10329=CARTESIAN_POINT('Origin',(-8.,28.32,0.));
#10330=CARTESIAN_POINT('',(-8.00000000000001,26.32,0.));
#10331=CARTESIAN_POINT('',(-10.,28.32,0.));
#10332=CARTESIAN_POINT('Origin',(-10.,26.32,0.));
#10333=CARTESIAN_POINT('Origin',(8.,28.32,0.));
#10334=CARTESIAN_POINT('',(10.,28.32,0.));
#10335=CARTESIAN_POINT('',(8.,26.32,0.));
#10336=CARTESIAN_POINT('Origin',(10.,26.32,0.));
#10337=CARTESIAN_POINT('Origin',(10.,31.32,0.));
#10338=CARTESIAN_POINT('Origin',(0.,0.,5.2));
#10339=CARTESIAN_POINT('',(12.5,-1.53080849893419E-15,5.2));
#10340=CARTESIAN_POINT('Origin',(15.5,-1.8982025386784E-15,5.2));
#10341=CARTESIAN_POINT('Origin',(0.,0.,5.2));
#10342=CARTESIAN_POINT('Origin',(0.,0.,0.));
#10343=CARTESIAN_POINT('',(-12.5,0.,3.));
#10344=CARTESIAN_POINT('',(12.5,1.53080849893419E-15,3.));
#10345=CARTESIAN_POINT('Origin',(0.,0.,3.));
#10346=CARTESIAN_POINT('Origin',(0.,0.,3.));
#10347=CARTESIAN_POINT('',(12.5,1.53080849893419E-15,0.));
#10348=CARTESIAN_POINT('Origin',(0.,0.,3.));
#10349=CARTESIAN_POINT('Origin',(-15.5,-1.8982025386784E-15,3.));
#10350=CARTESIAN_POINT('Origin',(18.3165967719986,7.25205368788816,11.2));
#10351=CARTESIAN_POINT('',(17.5727755832879,6.95755404574041,11.4));
#10352=CARTESIAN_POINT('',(17.3868202861103,6.88392913520348,11.2));
#10353=CARTESIAN_POINT('Origin',(17.5727755832879,6.95755404574041,11.2));
#10354=CARTESIAN_POINT('',(19.2463732578868,7.62017824057284,11.2));
#10355=CARTESIAN_POINT('Origin',(18.3165967719986,7.25205368788816,11.2));
#10356=CARTESIAN_POINT('',(19.0604179607092,7.5465533300359,11.4));
#10357=CARTESIAN_POINT('Origin',(19.0604179607092,7.5465533300359,11.2));
#10358=CARTESIAN_POINT('Origin',(18.3165967719986,7.25205368788816,11.4));
#10359=CARTESIAN_POINT('Origin',(0.,0.,11.2));
#10360=CARTESIAN_POINT('',(7.62017824057284,19.2463732578868,11.2));
#10361=CARTESIAN_POINT('',(7.5465533300359,19.0604179607092,11.4));
#10362=CARTESIAN_POINT('Origin',(7.5465533300359,19.0604179607092,11.2));
#10363=CARTESIAN_POINT('Origin',(0.,0.,11.4));
#10364=CARTESIAN_POINT('Origin',(0.,0.,11.2));
#10365=CARTESIAN_POINT('Origin',(7.25205368788816,18.3165967719986,11.2));
#10366=CARTESIAN_POINT('',(6.88392913520348,17.3868202861103,11.2));
#10367=CARTESIAN_POINT('',(6.95755404574041,17.5727755832879,11.4));
#10368=CARTESIAN_POINT('Origin',(6.95755404574041,17.5727755832879,11.2));
#10369=CARTESIAN_POINT('Origin',(7.25205368788816,18.3165967719986,11.4));
#10370=CARTESIAN_POINT('Origin',(7.25205368788816,18.3165967719986,11.2));
#10371=CARTESIAN_POINT('Origin',(0.,0.,11.2));
#10372=CARTESIAN_POINT('Origin',(0.,0.,11.4));
#10373=CARTESIAN_POINT('Origin',(0.,0.,11.2));
#10374=CARTESIAN_POINT('Origin',(0.,0.,5.2));
#10375=CARTESIAN_POINT('',(19.2463732578868,7.62017824057284,8.4));
#10376=CARTESIAN_POINT('',(19.2463732578868,7.62017824057284,5.2));
#10377=CARTESIAN_POINT('',(7.62017824057284,19.2463732578868,8.4));
#10378=CARTESIAN_POINT('Origin',(0.,0.,8.4));
#10379=CARTESIAN_POINT('',(7.62017824057284,19.2463732578868,5.2));
#10380=CARTESIAN_POINT('Origin',(18.3165967719986,7.25205368788816,5.2));
#10381=CARTESIAN_POINT('',(17.3868202861103,6.88392913520348,8.4));
#10382=CARTESIAN_POINT('',(17.3868202861103,6.88392913520348,5.2));
#10383=CARTESIAN_POINT('Origin',(18.3165967719986,7.25205368788816,8.4));
#10384=CARTESIAN_POINT('Origin',(12.7843252299434,12.7843252299434,11.4));
#10385=CARTESIAN_POINT('Origin',(7.25205368788816,18.3165967719986,8.4));
#10386=CARTESIAN_POINT('',(6.88392913520348,17.3868202861103,8.4));
#10387=CARTESIAN_POINT('Origin',(6.81030422466654,17.2008649889327,8.4));
#10388=CARTESIAN_POINT('Origin',(7.25205368788816,18.3165967719986,8.4));
#10389=CARTESIAN_POINT('Origin',(7.69380315110977,19.4323285550645,8.4));
#10390=CARTESIAN_POINT('Origin',(0.,0.,8.4));
#10391=CARTESIAN_POINT('Origin',(19.4323285550645,7.69380315110977,8.4));
#10392=CARTESIAN_POINT('Origin',(18.3165967719986,7.25205368788816,8.4));
#10393=CARTESIAN_POINT('Origin',(17.2008649889327,6.81030422466654,8.4));
#10394=CARTESIAN_POINT('Origin',(0.,0.,8.4));
#10395=CARTESIAN_POINT('Origin',(0.,0.,8.4));
#10396=CARTESIAN_POINT('Origin',(7.25205368788816,18.3165967719986,5.2));
#10397=CARTESIAN_POINT('',(6.88392913520348,17.3868202861103,5.2));
#10398=CARTESIAN_POINT('Origin',(0.,0.,11.2));
#10399=CARTESIAN_POINT('',(-17.5727755832879,6.95755404574041,11.4));
#10400=CARTESIAN_POINT('',(-17.3868202861103,6.88392913520348,11.2));
#10401=CARTESIAN_POINT('Origin',(-17.5727755832879,6.95755404574041,11.2));
#10402=CARTESIAN_POINT('',(-6.88392913520347,17.3868202861103,11.2));
#10403=CARTESIAN_POINT('Origin',(0.,0.,11.2));
#10404=CARTESIAN_POINT('',(-6.95755404574041,17.5727755832879,11.4));
#10405=CARTESIAN_POINT('Origin',(-6.95755404574041,17.5727755832879,11.2));
#10406=CARTESIAN_POINT('Origin',(0.,0.,11.4));
#10407=CARTESIAN_POINT('Origin',(-7.25205368788816,18.3165967719986,11.2));
#10408=CARTESIAN_POINT('',(-7.62017824057284,19.2463732578868,11.2));
#10409=CARTESIAN_POINT('',(-7.5465533300359,19.0604179607092,11.4));
#10410=CARTESIAN_POINT('Origin',(-7.5465533300359,19.0604179607092,11.2));
#10411=CARTESIAN_POINT('Origin',(-7.25205368788816,18.3165967719986,11.4));
#10412=CARTESIAN_POINT('Origin',(-7.25205368788816,18.3165967719986,11.2));
#10413=CARTESIAN_POINT('Origin',(0.,0.,11.2));
#10414=CARTESIAN_POINT('',(-19.2463732578868,7.62017824057284,11.2));
#10415=CARTESIAN_POINT('',(-19.0604179607092,7.5465533300359,11.4));
#10416=CARTESIAN_POINT('Origin',(-19.0604179607092,7.5465533300359,11.2));
#10417=CARTESIAN_POINT('Origin',(0.,0.,11.4));
#10418=CARTESIAN_POINT('Origin',(0.,0.,11.2));
#10419=CARTESIAN_POINT('Origin',(-18.3165967719986,7.25205368788816,11.2));
#10420=CARTESIAN_POINT('Origin',(-18.3165967719986,7.25205368788816,11.4));
#10421=CARTESIAN_POINT('Origin',(-18.3165967719986,7.25205368788816,11.2));
#10422=CARTESIAN_POINT('Origin',(-7.25205368788816,18.3165967719986,5.2));
#10423=CARTESIAN_POINT('',(-6.88392913520347,17.3868202861103,8.4));
#10424=CARTESIAN_POINT('',(-6.88392913520347,17.3868202861103,5.2));
#10425=CARTESIAN_POINT('',(-7.62017824057284,19.2463732578868,8.4));
#10426=CARTESIAN_POINT('Origin',(-7.25205368788816,18.3165967719986,8.4));
#10427=CARTESIAN_POINT('',(-7.62017824057284,19.2463732578868,5.2));
#10428=CARTESIAN_POINT('Origin',(0.,0.,5.2));
#10429=CARTESIAN_POINT('',(-17.3868202861103,6.88392913520348,8.4));
#10430=CARTESIAN_POINT('',(-17.3868202861103,6.88392913520348,5.2));
#10431=CARTESIAN_POINT('Origin',(0.,0.,8.4));
#10432=CARTESIAN_POINT('Origin',(-12.7843252299434,12.7843252299434,11.4));
#10433=CARTESIAN_POINT('Origin',(-18.3165967719986,7.25205368788816,8.4));
#10434=CARTESIAN_POINT('Origin',(-17.2008649889327,6.81030422466654,8.4));
#10435=CARTESIAN_POINT('',(-19.2463732578868,7.62017824057284,8.4));
#10436=CARTESIAN_POINT('Origin',(-18.3165967719986,7.25205368788816,8.4));
#10437=CARTESIAN_POINT('Origin',(-19.4323285550645,7.69380315110977,8.4));
#10438=CARTESIAN_POINT('Origin',(0.,0.,8.4));
#10439=CARTESIAN_POINT('Origin',(-7.69380315110977,19.4323285550645,8.4));
#10440=CARTESIAN_POINT('Origin',(0.,0.,8.4));
#10441=CARTESIAN_POINT('Origin',(-7.25205368788816,18.3165967719986,8.4));
#10442=CARTESIAN_POINT('Origin',(-6.81030422466654,17.2008649889327,8.4));
#10443=CARTESIAN_POINT('Origin',(0.,0.,8.4));
#10444=CARTESIAN_POINT('Origin',(0.,0.,5.2));
#10445=CARTESIAN_POINT('',(-19.2463732578868,7.62017824057284,5.2));
#10446=CARTESIAN_POINT('Origin',(-18.3165967719986,7.25205368788816,5.2));
#10447=CARTESIAN_POINT('Origin',(18.3165967719986,-7.25205368788816,11.2));
#10448=CARTESIAN_POINT('',(19.0604179607092,-7.5465533300359,11.4));
#10449=CARTESIAN_POINT('',(19.2463732578868,-7.62017824057284,11.2));
#10450=CARTESIAN_POINT('Origin',(19.0604179607092,-7.5465533300359,11.2));
#10451=CARTESIAN_POINT('',(17.3868202861103,-6.88392913520348,11.2));
#10452=CARTESIAN_POINT('Origin',(18.3165967719986,-7.25205368788816,11.2));
#10453=CARTESIAN_POINT('',(17.5727755832879,-6.95755404574042,11.4));
#10454=CARTESIAN_POINT('Origin',(17.5727755832879,-6.95755404574042,11.2));
#10455=CARTESIAN_POINT('Origin',(18.3165967719986,-7.25205368788816,11.4));
#10456=CARTESIAN_POINT('Origin',(0.,0.,11.2));
#10457=CARTESIAN_POINT('',(6.88392913520347,-17.3868202861103,11.2));
#10458=CARTESIAN_POINT('',(6.95755404574041,-17.572775583288,11.4));
#10459=CARTESIAN_POINT('Origin',(6.95755404574041,-17.572775583288,11.2));
#10460=CARTESIAN_POINT('Origin',(0.,0.,11.4));
#10461=CARTESIAN_POINT('Origin',(0.,0.,11.2));
#10462=CARTESIAN_POINT('Origin',(7.25205368788815,-18.3165967719986,11.2));
#10463=CARTESIAN_POINT('',(7.62017824057284,-19.2463732578868,11.2));
#10464=CARTESIAN_POINT('',(7.5465533300359,-19.0604179607092,11.4));
#10465=CARTESIAN_POINT('Origin',(7.5465533300359,-19.0604179607092,11.2));
#10466=CARTESIAN_POINT('Origin',(7.25205368788815,-18.3165967719986,11.4));
#10467=CARTESIAN_POINT('Origin',(7.25205368788815,-18.3165967719986,11.2));
#10468=CARTESIAN_POINT('Origin',(0.,0.,11.2));
#10469=CARTESIAN_POINT('Origin',(0.,0.,11.4));
#10470=CARTESIAN_POINT('Origin',(0.,0.,11.2));
#10471=CARTESIAN_POINT('Origin',(0.,0.,5.2));
#10472=CARTESIAN_POINT('',(17.3868202861103,-6.88392913520348,8.4));
#10473=CARTESIAN_POINT('',(17.3868202861103,-6.88392913520348,5.2));
#10474=CARTESIAN_POINT('',(6.88392913520347,-17.3868202861103,8.4));
#10475=CARTESIAN_POINT('Origin',(0.,0.,8.4));
#10476=CARTESIAN_POINT('',(6.88392913520347,-17.3868202861103,5.2));
#10477=CARTESIAN_POINT('Origin',(18.3165967719986,-7.25205368788816,5.2));
#10478=CARTESIAN_POINT('',(19.2463732578868,-7.62017824057284,8.4));
#10479=CARTESIAN_POINT('',(19.2463732578868,-7.62017824057284,5.2));
#10480=CARTESIAN_POINT('Origin',(18.3165967719986,-7.25205368788816,8.4));
#10481=CARTESIAN_POINT('Origin',(12.7843252299434,-12.7843252299434,11.4));
#10482=CARTESIAN_POINT('Origin',(7.25205368788815,-18.3165967719986,8.4));
#10483=CARTESIAN_POINT('',(7.62017824057284,-19.2463732578868,8.4));
#10484=CARTESIAN_POINT('Origin',(7.69380315110977,-19.4323285550645,8.4));
#10485=CARTESIAN_POINT('Origin',(7.25205368788815,-18.3165967719986,8.4));
#10486=CARTESIAN_POINT('Origin',(6.81030422466653,-17.2008649889327,8.4));
#10487=CARTESIAN_POINT('Origin',(0.,0.,8.4));
#10488=CARTESIAN_POINT('Origin',(17.2008649889327,-6.81030422466654,8.4));
#10489=CARTESIAN_POINT('Origin',(18.3165967719986,-7.25205368788816,8.4));
#10490=CARTESIAN_POINT('Origin',(19.4323285550645,-7.69380315110977,8.4));
#10491=CARTESIAN_POINT('Origin',(0.,0.,8.4));
#10492=CARTESIAN_POINT('Origin',(0.,0.,8.4));
#10493=CARTESIAN_POINT('Origin',(7.25205368788815,-18.3165967719986,5.2));
#10494=CARTESIAN_POINT('',(7.62017824057284,-19.2463732578868,5.2));
#10495=CARTESIAN_POINT('Origin',(-7.25205368788816,-18.3165967719986,11.2));
#10496=CARTESIAN_POINT('',(-7.5465533300359,-19.0604179607092,11.4));
#10497=CARTESIAN_POINT('',(-7.62017824057284,-19.2463732578868,11.2));
#10498=CARTESIAN_POINT('Origin',(-7.5465533300359,-19.0604179607092,11.2));
#10499=CARTESIAN_POINT('',(-6.88392913520348,-17.3868202861103,11.2));
#10500=CARTESIAN_POINT('Origin',(-7.25205368788816,-18.3165967719986,11.2));
#10501=CARTESIAN_POINT('',(-6.95755404574041,-17.5727755832879,11.4));
#10502=CARTESIAN_POINT('Origin',(-6.95755404574041,-17.5727755832879,11.2));
#10503=CARTESIAN_POINT('Origin',(-7.25205368788816,-18.3165967719986,11.4));
#10504=CARTESIAN_POINT('Origin',(0.,0.,11.2));
#10505=CARTESIAN_POINT('',(-17.3868202861103,-6.88392913520347,11.2));
#10506=CARTESIAN_POINT('',(-17.5727755832879,-6.95755404574041,11.4));
#10507=CARTESIAN_POINT('Origin',(-17.5727755832879,-6.95755404574041,11.2));
#10508=CARTESIAN_POINT('Origin',(0.,0.,11.4));
#10509=CARTESIAN_POINT('Origin',(0.,0.,11.2));
#10510=CARTESIAN_POINT('Origin',(-18.3165967719986,-7.25205368788816,11.2));
#10511=CARTESIAN_POINT('',(-19.2463732578868,-7.62017824057284,11.2));
#10512=CARTESIAN_POINT('',(-19.0604179607092,-7.5465533300359,11.4));
#10513=CARTESIAN_POINT('Origin',(-19.0604179607092,-7.5465533300359,11.2));
#10514=CARTESIAN_POINT('Origin',(-18.3165967719986,-7.25205368788816,11.4));
#10515=CARTESIAN_POINT('Origin',(-18.3165967719986,-7.25205368788816,11.2));
#10516=CARTESIAN_POINT('Origin',(0.,0.,11.2));
#10517=CARTESIAN_POINT('Origin',(0.,0.,11.4));
#10518=CARTESIAN_POINT('Origin',(0.,0.,11.2));
#10519=CARTESIAN_POINT('Origin',(0.,0.,5.2));
#10520=CARTESIAN_POINT('',(-6.88392913520348,-17.3868202861103,8.4));
#10521=CARTESIAN_POINT('',(-6.88392913520348,-17.3868202861103,5.2));
#10522=CARTESIAN_POINT('',(-17.3868202861103,-6.88392913520347,8.4));
#10523=CARTESIAN_POINT('Origin',(0.,0.,8.4));
#10524=CARTESIAN_POINT('',(-17.3868202861103,-6.88392913520347,5.2));
#10525=CARTESIAN_POINT('Origin',(-7.25205368788816,-18.3165967719986,5.2));
#10526=CARTESIAN_POINT('',(-7.62017824057284,-19.2463732578868,8.4));
#10527=CARTESIAN_POINT('',(-7.62017824057284,-19.2463732578868,5.2));
#10528=CARTESIAN_POINT('Origin',(-7.25205368788816,-18.3165967719986,8.4));
#10529=CARTESIAN_POINT('Origin',(-12.7843252299434,-12.7843252299434,11.4));
#10530=CARTESIAN_POINT('Origin',(-18.3165967719986,-7.25205368788816,8.4));
#10531=CARTESIAN_POINT('',(-19.2463732578868,-7.62017824057284,8.4));
#10532=CARTESIAN_POINT('Origin',(-19.4323285550645,-7.69380315110977,8.4));
#10533=CARTESIAN_POINT('Origin',(-18.3165967719986,-7.25205368788816,8.4));
#10534=CARTESIAN_POINT('Origin',(-17.2008649889327,-6.81030422466654,8.4));
#10535=CARTESIAN_POINT('Origin',(0.,0.,8.4));
#10536=CARTESIAN_POINT('Origin',(-6.81030422466654,-17.2008649889326,8.4));
#10537=CARTESIAN_POINT('Origin',(-7.25205368788816,-18.3165967719986,8.4));
#10538=CARTESIAN_POINT('Origin',(-7.69380315110977,-19.4323285550645,8.4));
#10539=CARTESIAN_POINT('Origin',(0.,0.,8.4));
#10540=CARTESIAN_POINT('Origin',(0.,0.,8.4));
#10541=CARTESIAN_POINT('Origin',(-18.3165967719986,-7.25205368788816,5.2));
#10542=CARTESIAN_POINT('',(-19.2463732578868,-7.62017824057284,5.2));
#10543=CARTESIAN_POINT('Origin',(-2.41255419432029E-15,-19.7,8.));
#10544=CARTESIAN_POINT('',(1.4,-19.7,8.));
#10545=CARTESIAN_POINT('Origin',(1.6,-19.7,8.));
#10546=CARTESIAN_POINT('Origin',(-2.41255419432029E-15,-19.7,8.));
#10547=CARTESIAN_POINT('Origin',(-2.41255419432029E-15,-19.7,5.2));
#10548=CARTESIAN_POINT('',(1.4,-19.7,5.4));
#10549=CARTESIAN_POINT('',(1.4,-19.7,5.2));
#10550=CARTESIAN_POINT('',(-1.4,-19.7,5.4));
#10551=CARTESIAN_POINT('Origin',(-2.41255419432029E-15,-19.7,5.4));
#10552=CARTESIAN_POINT('Origin',(-2.41255419432029E-15,-19.7,5.4));
#10553=CARTESIAN_POINT('Origin',(19.7,-3.61883129148043E-15,8.));
#10554=CARTESIAN_POINT('',(21.1,-3.79028184336106E-15,8.));
#10555=CARTESIAN_POINT('Origin',(21.3,-3.814774779344E-15,8.));
#10556=CARTESIAN_POINT('Origin',(19.7,-3.61883129148043E-15,8.));
#10557=CARTESIAN_POINT('Origin',(19.7,-3.61883129148043E-15,5.2));
#10558=CARTESIAN_POINT('',(21.1,-3.4473807395998E-15,5.4));
#10559=CARTESIAN_POINT('',(21.1,-3.4473807395998E-15,5.2));
#10560=CARTESIAN_POINT('',(18.3,-3.79028184336106E-15,5.4));
#10561=CARTESIAN_POINT('Origin',(19.7,-3.61883129148043E-15,5.4));
#10562=CARTESIAN_POINT('Origin',(19.7,-3.61883129148043E-15,5.4));
#10563=CARTESIAN_POINT('Origin',(-19.7,1.20627709716014E-15,8.));
#10564=CARTESIAN_POINT('',(-18.3,1.03482654527951E-15,8.));
#10565=CARTESIAN_POINT('Origin',(-18.1,1.01033360929657E-15,8.));
#10566=CARTESIAN_POINT('Origin',(-19.7,1.20627709716014E-15,8.));
#10567=CARTESIAN_POINT('Origin',(-19.7,1.20627709716014E-15,5.2));
#10568=CARTESIAN_POINT('',(-18.3,1.37772764904077E-15,5.4));
#10569=CARTESIAN_POINT('',(-18.3,1.37772764904077E-15,5.2));
#10570=CARTESIAN_POINT('',(-21.1,1.03482654527951E-15,5.4));
#10571=CARTESIAN_POINT('Origin',(-19.7,1.20627709716014E-15,5.4));
#10572=CARTESIAN_POINT('Origin',(-19.7,1.20627709716014E-15,5.4));
#10573=CARTESIAN_POINT('Origin',(-13.930003589375,-13.930003589375,2.8));
#10574=CARTESIAN_POINT('',(-12.530003589375,-13.930003589375,2.8));
#10575=CARTESIAN_POINT('Origin',(-13.930003589375,-13.930003589375,2.8));
#10576=CARTESIAN_POINT('',(-12.730003589375,-13.930003589375,3.));
#10577=CARTESIAN_POINT('Origin',(-12.730003589375,-13.930003589375,2.8));
#10578=CARTESIAN_POINT('Origin',(-13.930003589375,-13.930003589375,3.));
#10579=CARTESIAN_POINT('Origin',(-13.930003589375,-13.930003589375,0.));
#10580=CARTESIAN_POINT('',(-12.530003589375,-13.930003589375,0.2));
#10581=CARTESIAN_POINT('',(-12.530003589375,-13.930003589375,0.));
#10582=CARTESIAN_POINT('Origin',(-13.930003589375,-13.930003589375,0.2));
#10583=CARTESIAN_POINT('Origin',(-2.22044604925031E-15,6.,3.));
#10584=CARTESIAN_POINT('Origin',(-13.930003589375,-13.930003589375,0.2));
#10585=CARTESIAN_POINT('Origin',(-12.330003589375,-13.930003589375,0.2));
#10586=CARTESIAN_POINT('Origin',(-2.41255419432029E-15,-19.7,5.4));
#10587=CARTESIAN_POINT('',(-1.6,-19.7,5.2));
#10588=CARTESIAN_POINT('Origin',(-2.41255419432029E-15,-19.7,5.2));
#10589=CARTESIAN_POINT('Origin',(-1.6,-19.7,5.4));
#10590=CARTESIAN_POINT('Origin',(2.22044604925031E-15,-19.7,5.2));
#10591=CARTESIAN_POINT('',(-2.5,-19.7,5.2));
#10592=CARTESIAN_POINT('Origin',(2.41255419432029E-15,-19.7,5.2));
#10593=CARTESIAN_POINT('Origin',(2.41255419432029E-15,-19.7,5.));
#10594=CARTESIAN_POINT('',(-2.7,-19.7,5.));
#10595=CARTESIAN_POINT('Origin',(-2.5,-19.7,5.));
#10596=CARTESIAN_POINT('',(2.7,-19.7,5.));
#10597=CARTESIAN_POINT('Origin',(2.41255419432029E-15,-19.7,5.));
#10598=CARTESIAN_POINT('Origin',(2.41255419432029E-15,-19.7,5.));
#10599=CARTESIAN_POINT('Origin',(2.41255419432029E-15,-19.7,0.));
#10600=CARTESIAN_POINT('',(-2.44236026192387,-20.8510327323648,0.2));
#10601=CARTESIAN_POINT('',(2.44236026192388,-20.8510327323648,0.2));
#10602=CARTESIAN_POINT('Origin',(2.41255419432029E-15,-19.7,0.2));
#10603=CARTESIAN_POINT('',(-2.44236026192387,-20.8510327323648,2.8));
#10604=CARTESIAN_POINT('',(-2.44236026192387,-20.8510327323648,0.));
#10605=CARTESIAN_POINT('',(-2.59201929717575,-20.4559338351129,3.2));
#10606=CARTESIAN_POINT('Ctrl Pts',(-2.59201929717575,-20.4559338351129,
3.2));
#10607=CARTESIAN_POINT('Ctrl Pts',(-2.56292884876545,-20.5556819878487,
3.2));
#10608=CARTESIAN_POINT('Ctrl Pts',(-2.50687890688656,-20.7091673192233,
3.138752074843));
#10609=CARTESIAN_POINT('Ctrl Pts',(-2.45211734083555,-20.8303018976039,
2.95946014632867));
#10610=CARTESIAN_POINT('Ctrl Pts',(-2.44236026192387,-20.8510327323648,
2.84782861927362));
#10611=CARTESIAN_POINT('Ctrl Pts',(-2.44236026192387,-20.8510327323648,
2.8));
#10612=CARTESIAN_POINT('',(-2.46301950322878,-18.5938648695957,3.2));
#10613=CARTESIAN_POINT('Origin',(2.41255419432029E-15,-19.7,3.2));
#10614=CARTESIAN_POINT('',(-2.27386467044114,-18.2441361806406,2.8));
#10615=CARTESIAN_POINT('Ctrl Pts',(-2.27386467044114,-18.2441361806406,
2.8));
#10616=CARTESIAN_POINT('Ctrl Pts',(-2.27386467044114,-18.2441361806406,
2.90809672597418));
#10617=CARTESIAN_POINT('Ctrl Pts',(-2.32730270965722,-18.324476327638,3.11799486062564));
#10618=CARTESIAN_POINT('Ctrl Pts',(-2.42178861147646,-18.5020564750061,
3.2));
#10619=CARTESIAN_POINT('Ctrl Pts',(-2.46301950322879,-18.5938648695957,
3.2));
#10620=CARTESIAN_POINT('',(-2.27386467044114,-18.2441361806406,0.2));
#10621=CARTESIAN_POINT('',(-2.27386467044114,-18.2441361806406,0.));
#10622=CARTESIAN_POINT('',(2.27386467044114,-18.2441361806406,0.2));
#10623=CARTESIAN_POINT('Origin',(2.41255419432029E-15,-19.7,0.2));
#10624=CARTESIAN_POINT('',(2.27386467044114,-18.2441361806406,2.8));
#10625=CARTESIAN_POINT('',(2.27386467044114,-18.2441361806406,0.));
#10626=CARTESIAN_POINT('',(2.46301950322879,-18.5938648695957,3.2));
#10627=CARTESIAN_POINT('Ctrl Pts',(2.46301950322878,-18.5938648695957,3.2));
#10628=CARTESIAN_POINT('Ctrl Pts',(2.42178870978669,-18.5020566939125,3.2));
#10629=CARTESIAN_POINT('Ctrl Pts',(2.32730587226128,-18.3244813469527,3.11799633355062));
#10630=CARTESIAN_POINT('Ctrl Pts',(2.27386467044114,-18.2441361806406,2.90809646823022));
#10631=CARTESIAN_POINT('Ctrl Pts',(2.27386467044114,-18.2441361806406,2.8));
#10632=CARTESIAN_POINT('',(2.7,-19.7,3.2));
#10633=CARTESIAN_POINT('Origin',(2.41255419432029E-15,-19.7,3.2));
#10634=CARTESIAN_POINT('',(2.7,-19.7,0.));
#10635=CARTESIAN_POINT('',(2.59201929717576,-20.4559338351129,3.2));
#10636=CARTESIAN_POINT('Origin',(2.41255419432029E-15,-19.7,3.2));
#10637=CARTESIAN_POINT('',(2.44236026192388,-20.8510327323648,2.8));
#10638=CARTESIAN_POINT('Ctrl Pts',(2.44236026192387,-20.8510327323648,2.8));
#10639=CARTESIAN_POINT('Ctrl Pts',(2.44236026192387,-20.8510327323648,2.86377188533104));
#10640=CARTESIAN_POINT('Ctrl Pts',(2.45566148573437,-20.8230885430869,2.9743469713855));
#10641=CARTESIAN_POINT('Ctrl Pts',(2.51206406599653,-20.6951191560038,3.14396047081039));
#10642=CARTESIAN_POINT('Ctrl Pts',(2.56292866950725,-20.5556826025066,3.2));
#10643=CARTESIAN_POINT('Ctrl Pts',(2.59201929717576,-20.4559338351129,3.2));
#10644=CARTESIAN_POINT('',(2.44236026192388,-20.8510327323648,0.));
#10645=CARTESIAN_POINT('Ctrl Pts',(-2.59841066307189,-20.737846127938,2.8));
#10646=CARTESIAN_POINT('Ctrl Pts',(-2.59841066307189,-20.737846127938,2.82391430963681));
#10647=CARTESIAN_POINT('Ctrl Pts',(-2.61005985158797,-20.7259103635082,
2.87973007316434));
#10648=CARTESIAN_POINT('Ctrl Pts',(-2.67587847910331,-20.6562491146311,
2.9693760374215));
#10649=CARTESIAN_POINT('Ctrl Pts',(-2.74591885723507,-20.5685484216236,
3.));
#10650=CARTESIAN_POINT('Ctrl Pts',(-2.78402072659618,-20.5119289340102,
3.));
#10651=CARTESIAN_POINT('Ctrl Pts',(-2.56514609647115,-20.7420141116343,
2.8));
#10652=CARTESIAN_POINT('Ctrl Pts',(-2.56514609647115,-20.7420141116343,
2.82644830519282));
#10653=CARTESIAN_POINT('Ctrl Pts',(-2.57588085762745,-20.7280106330548,
2.88822053574058));
#10654=CARTESIAN_POINT('Ctrl Pts',(-2.63627441086657,-20.6471483438092,
2.98277011084807));
#10655=CARTESIAN_POINT('Ctrl Pts',(-2.69954939961406,-20.552821615736,3.00554770576481));
#10656=CARTESIAN_POINT('Ctrl Pts',(-2.73375486991735,-20.4972694513991,
3.));
#10657=CARTESIAN_POINT('Ctrl Pts',(-2.50080680607237,-20.7674463314131,
2.8));
#10658=CARTESIAN_POINT('Ctrl Pts',(-2.50080680607237,-20.7674463314131,
2.83359864060668));
#10659=CARTESIAN_POINT('Ctrl Pts',(-2.50970241754289,-20.7498467591538,
2.9117772392167));
#10660=CARTESIAN_POINT('Ctrl Pts',(-2.55964564825859,-20.6483245777579,
3.03026518340479));
#10661=CARTESIAN_POINT('Ctrl Pts',(-2.6085073126018,-20.5327651338468,3.05355314773703));
#10662=CARTESIAN_POINT('Ctrl Pts',(-2.63368345976072,-20.4680847285279,
3.04339984625192));
#10663=CARTESIAN_POINT('Ctrl Pts',(-2.45665211087906,-20.8207070578847,
2.8));
#10664=CARTESIAN_POINT('Ctrl Pts',(-2.45665211087906,-20.8207070578847,
2.84308111500293));
#10665=CARTESIAN_POINT('Ctrl Pts',(-2.46577895158249,-20.8008814252582,
2.94359153645269));
#10666=CARTESIAN_POINT('Ctrl Pts',(-2.51620613969843,-20.6853815139121,
3.10257771757767));
#10667=CARTESIAN_POINT('Ctrl Pts',(-2.56646120929936,-20.5439727520633,
3.15112516089407));
#10668=CARTESIAN_POINT('Ctrl Pts',(-2.59201929717575,-20.4559338351129,
3.14764012244017));
#10669=CARTESIAN_POINT('Ctrl Pts',(-2.44236026192387,-20.8510327323648,
2.8));
#10670=CARTESIAN_POINT('Ctrl Pts',(-2.44236026192387,-20.8510327323648,
2.84782861927362));
#10671=CARTESIAN_POINT('Ctrl Pts',(-2.45211734083555,-20.8303018976039,
2.95946014632867));
#10672=CARTESIAN_POINT('Ctrl Pts',(-2.50687890688656,-20.7091673192233,
3.138752074843));
#10673=CARTESIAN_POINT('Ctrl Pts',(-2.56292884876545,-20.5556819878487,
3.2));
#10674=CARTESIAN_POINT('Ctrl Pts',(-2.59201929717575,-20.4559338351129,
3.2));
#10675=CARTESIAN_POINT('',(-2.5984106630719,-20.737846127938,2.8));
#10676=CARTESIAN_POINT('Origin',(-2.6232758368812,-20.9362944162437,2.8));
#10677=CARTESIAN_POINT('',(-2.78402072659618,-20.5119289340102,3.));
#10678=CARTESIAN_POINT('Ctrl Pts',(-2.59841066307189,-20.737846127938,2.8));
#10679=CARTESIAN_POINT('Ctrl Pts',(-2.59841066307189,-20.737846127938,2.82391430963681));
#10680=CARTESIAN_POINT('Ctrl Pts',(-2.61005985158797,-20.7259103635082,
2.87973007316434));
#10681=CARTESIAN_POINT('Ctrl Pts',(-2.67587847910331,-20.6562491146311,
2.9693760374215));
#10682=CARTESIAN_POINT('Ctrl Pts',(-2.74591885723507,-20.5685484216236,
3.));
#10683=CARTESIAN_POINT('Ctrl Pts',(-2.78402072659618,-20.5119289340102,
3.));
#10684=CARTESIAN_POINT('Origin',(-2.78402072659618,-20.5119289340102,3.2));
#10685=CARTESIAN_POINT('Ctrl Pts',(-2.64546539235684,-18.5119289340102,
3.));
#10686=CARTESIAN_POINT('Ctrl Pts',(-2.60852840414727,-18.4647386443998,
3.));
#10687=CARTESIAN_POINT('Ctrl Pts',(-2.52075692235664,-18.3745603470862,
2.95899743031282));
#10688=CARTESIAN_POINT('Ctrl Pts',(-2.46899088381232,-18.3345052841807,
2.85404836298709));
#10689=CARTESIAN_POINT('Ctrl Pts',(-2.46899088381232,-18.3345052841807,
2.8));
#10690=CARTESIAN_POINT('Ctrl Pts',(-2.59770117027665,-18.5333797117852,
3.));
#10691=CARTESIAN_POINT('Ctrl Pts',(-2.56378340719342,-18.4870907691784,
3.0038442895113));
#10692=CARTESIAN_POINT('Ctrl Pts',(-2.48165179159112,-18.3896238727949,
2.97181534473827));
#10693=CARTESIAN_POINT('Ctrl Pts',(-2.43149079802508,-18.3395551815473,
2.85877988194906));
#10694=CARTESIAN_POINT('Ctrl Pts',(-2.43149079802508,-18.3395551815473,
2.8));
#10695=CARTESIAN_POINT('Ctrl Pts',(-2.50260447501969,-18.5760873701172,
3.04339365713318));
#10696=CARTESIAN_POINT('Ctrl Pts',(-2.47287513569634,-18.5201401237699,
3.05042939984539));
#10697=CARTESIAN_POINT('Ctrl Pts',(-2.40008484741033,-18.3952775045081,
3.01650128916419));
#10698=CARTESIAN_POINT('Ctrl Pts',(-2.35362886058804,-18.3277523982152,
2.87429525798721));
#10699=CARTESIAN_POINT('Ctrl Pts',(-2.35362886058804,-18.3277523982152,
2.8));
#10700=CARTESIAN_POINT('Ctrl Pts',(-2.46301950322878,-18.5938648695957,
3.14764012244017));
#10701=CARTESIAN_POINT('Ctrl Pts',(-2.42722871943786,-18.5139791242967,
3.15005508410951));
#10702=CARTESIAN_POINT('Ctrl Pts',(-2.34368995176034,-18.3530095596462,
3.08418445151803));
#10703=CARTESIAN_POINT('Ctrl Pts',(-2.29426756488595,-18.2760027743673,
2.89681323849155));
#10704=CARTESIAN_POINT('Ctrl Pts',(-2.29426756488595,-18.2760027743673,
2.8));
#10705=CARTESIAN_POINT('Ctrl Pts',(-2.46301950322879,-18.5938648695957,
3.2));
#10706=CARTESIAN_POINT('Ctrl Pts',(-2.42178861147646,-18.5020564750061,
3.2));
#10707=CARTESIAN_POINT('Ctrl Pts',(-2.32730270965722,-18.324476327638,3.11799486062564));
#10708=CARTESIAN_POINT('Ctrl Pts',(-2.27386467044114,-18.2441361806406,
2.90809672597418));
#10709=CARTESIAN_POINT('Ctrl Pts',(-2.27386467044114,-18.2441361806406,
2.8));
#10710=CARTESIAN_POINT('',(-2.64546539235684,-18.5119289340102,3.));
#10711=CARTESIAN_POINT('Origin',(-2.64546539235684,-18.5119289340102,3.2));
#10712=CARTESIAN_POINT('',(-2.46899088381232,-18.3345052841807,2.8));
#10713=CARTESIAN_POINT('Ctrl Pts',(-2.64546539235684,-18.5119289340102,
3.));
#10714=CARTESIAN_POINT('Ctrl Pts',(-2.60852840414727,-18.4647386443998,
3.));
#10715=CARTESIAN_POINT('Ctrl Pts',(-2.52075692235664,-18.3745603470862,
2.95899743031282));
#10716=CARTESIAN_POINT('Ctrl Pts',(-2.46899088381232,-18.3345052841807,
2.85404836298709));
#10717=CARTESIAN_POINT('Ctrl Pts',(-2.46899088381232,-18.3345052841807,
2.8));
#10718=CARTESIAN_POINT('Origin',(-2.44229909047381,-18.1362944162437,2.8));
#10719=CARTESIAN_POINT('Origin',(2.41255419432029E-15,-19.7,3.2));
#10720=CARTESIAN_POINT('Origin',(2.41255419432029E-15,-19.7,3.));
#10721=CARTESIAN_POINT('Origin',(0.,0.,2.8));
#10722=CARTESIAN_POINT('',(-8.50079584028423,-19.0931000647304,2.8));
#10723=CARTESIAN_POINT('',(-8.41944851166907,-18.9103909732018,3.));
#10724=CARTESIAN_POINT('Origin',(-8.41944851166907,-18.9103909732018,2.8));
#10725=CARTESIAN_POINT('Origin',(0.,0.,3.));
#10726=CARTESIAN_POINT('Origin',(0.,0.,2.8));
#10727=CARTESIAN_POINT('Origin',(-8.01271186859327,-17.9968455155592,2.8));
#10728=CARTESIAN_POINT('',(-7.52462789690233,-16.9005909663881,2.8));
#10729=CARTESIAN_POINT('',(-7.60597522551748,-17.0833000579166,3.));
#10730=CARTESIAN_POINT('Origin',(-7.60597522551748,-17.0833000579166,2.8));
#10731=CARTESIAN_POINT('Origin',(-8.01271186859327,-17.9968455155592,3.));
#10732=CARTESIAN_POINT('Origin',(-8.01271186859327,-17.9968455155592,2.8));
#10733=CARTESIAN_POINT('Origin',(0.,0.,2.8));
#10734=CARTESIAN_POINT('Origin',(0.,0.,3.));
#10735=CARTESIAN_POINT('Origin',(0.,0.,2.8));
#10736=CARTESIAN_POINT('Ctrl Pts',(2.78402072659618,-20.5119289340102,3.));
#10737=CARTESIAN_POINT('Ctrl Pts',(2.7459186224476,-20.5685487705185,3.));
#10738=CARTESIAN_POINT('Ctrl Pts',(2.6823443978959,-20.6482194674373,2.9719802354052));
#10739=CARTESIAN_POINT('Ctrl Pts',(2.61426296303179,-20.7217502095345,2.88717348569275));
#10740=CARTESIAN_POINT('Ctrl Pts',(2.5984106630719,-20.737846127938,2.83188594266552));
#10741=CARTESIAN_POINT('Ctrl Pts',(2.5984106630719,-20.737846127938,2.8));
#10742=CARTESIAN_POINT('Ctrl Pts',(2.73375486991735,-20.4972694513991,3.));
#10743=CARTESIAN_POINT('Ctrl Pts',(2.69954918883659,-20.5528219580539,3.00554773995032));
#10744=CARTESIAN_POINT('Ctrl Pts',(2.64211756501732,-20.638475085629,2.98458031436913));
#10745=CARTESIAN_POINT('Ctrl Pts',(2.57976160158762,-20.7230251482669,2.89632890305056));
#10746=CARTESIAN_POINT('Ctrl Pts',(2.56514609647115,-20.7420141116343,2.83526462422651));
#10747=CARTESIAN_POINT('Ctrl Pts',(2.56514609647115,-20.7420141116343,2.8));
#10748=CARTESIAN_POINT('Ctrl Pts',(2.63368345976085,-20.468084728528,3.04339984625204));
#10749=CARTESIAN_POINT('Ctrl Pts',(2.60850715746404,-20.5327655324138,3.0535532103028));
#10750=CARTESIAN_POINT('Ctrl Pts',(2.56418200455427,-20.637678144526,3.03207426009124));
#10751=CARTESIAN_POINT('Ctrl Pts',(2.51296719843435,-20.7435306934167,2.92200013187117));
#10752=CARTESIAN_POINT('Ctrl Pts',(2.50080680607239,-20.7674463314132,2.84479846352641));
#10753=CARTESIAN_POINT('Ctrl Pts',(2.50080680607239,-20.7674463314132,2.8));
#10754=CARTESIAN_POINT('Ctrl Pts',(2.59201929717576,-20.4559338351129,3.14764012244017));
#10755=CARTESIAN_POINT('Ctrl Pts',(2.56646105180792,-20.5439732945677,3.15112518236922));
#10756=CARTESIAN_POINT('Ctrl Pts',(2.52084818107961,-20.6724092187028,3.10664343044559));
#10757=CARTESIAN_POINT('Ctrl Pts',(2.46909394438372,-20.7939075627658,2.95693092059744));
#10758=CARTESIAN_POINT('Ctrl Pts',(2.45665211087906,-20.8207070578847,2.85744184063066));
#10759=CARTESIAN_POINT('Ctrl Pts',(2.45665211087906,-20.8207070578847,2.8));
#10760=CARTESIAN_POINT('Ctrl Pts',(2.59201929717576,-20.4559338351129,3.2));
#10761=CARTESIAN_POINT('Ctrl Pts',(2.56292866950725,-20.5556826025066,3.2));
#10762=CARTESIAN_POINT('Ctrl Pts',(2.51206406599653,-20.6951191560038,3.14396047081039));
#10763=CARTESIAN_POINT('Ctrl Pts',(2.45566148573437,-20.8230885430869,2.9743469713855));
#10764=CARTESIAN_POINT('Ctrl Pts',(2.44236026192387,-20.8510327323648,2.86377188533104));
#10765=CARTESIAN_POINT('Ctrl Pts',(2.44236026192387,-20.8510327323648,2.8));
#10766=CARTESIAN_POINT('',(2.5984106630719,-20.737846127938,2.8));
#10767=CARTESIAN_POINT('',(2.78402072659618,-20.5119289340102,3.));
#10768=CARTESIAN_POINT('Ctrl Pts',(2.78402072659618,-20.5119289340102,3.));
#10769=CARTESIAN_POINT('Ctrl Pts',(2.7459186224476,-20.5685487705185,3.));
#10770=CARTESIAN_POINT('Ctrl Pts',(2.6823443978959,-20.6482194674373,2.9719802354052));
#10771=CARTESIAN_POINT('Ctrl Pts',(2.61426296303179,-20.7217502095345,2.88717348569275));
#10772=CARTESIAN_POINT('Ctrl Pts',(2.5984106630719,-20.737846127938,2.83188594266552));
#10773=CARTESIAN_POINT('Ctrl Pts',(2.5984106630719,-20.737846127938,2.8));
#10774=CARTESIAN_POINT('Origin',(2.6232758368812,-20.9362944162437,2.8));
#10775=CARTESIAN_POINT('Origin',(2.78402072659618,-20.5119289340102,3.2));
#10776=CARTESIAN_POINT('Origin',(-2.6232758368812,-20.9362944162437,0.2));
#10777=CARTESIAN_POINT('Origin',(-2.6232758368812,-20.9362944162437,0.2));
#10778=CARTESIAN_POINT('',(-2.59841066307189,-20.737846127938,0.2));
#10779=CARTESIAN_POINT('Origin',(-2.6232758368812,-20.9362944162437,0.2));
#10780=CARTESIAN_POINT('Origin',(-2.6232758368812,-20.9362944162437,0.2));
#10781=CARTESIAN_POINT('Ctrl Pts',(2.46899088381233,-18.3345052841807,2.8));
#10782=CARTESIAN_POINT('Ctrl Pts',(2.46899088381233,-18.3345052841807,2.85404823411511));
#10783=CARTESIAN_POINT('Ctrl Pts',(2.52075995439015,-18.3745628607312,2.95899816677531));
#10784=CARTESIAN_POINT('Ctrl Pts',(2.60852849221918,-18.4647387569195,3.));
#10785=CARTESIAN_POINT('Ctrl Pts',(2.64546539235685,-18.5119289340102,3.));
#10786=CARTESIAN_POINT('Ctrl Pts',(2.43149079802508,-18.3395551815473,2.8));
#10787=CARTESIAN_POINT('Ctrl Pts',(2.43149079802508,-18.3395551815473,2.85877974179532));
#10788=CARTESIAN_POINT('Ctrl Pts',(2.48165469573508,-18.3896269071543,2.97181580608809));
#10789=CARTESIAN_POINT('Ctrl Pts',(2.56378348806635,-18.487090879549,3.00384428034504));
#10790=CARTESIAN_POINT('Ctrl Pts',(2.59770117027665,-18.5333797117852,3.));
#10791=CARTESIAN_POINT('Ctrl Pts',(2.35362886058805,-18.3277523982152,2.8));
#10792=CARTESIAN_POINT('Ctrl Pts',(2.35362886058805,-18.3277523982152,2.87429508083889));
#10793=CARTESIAN_POINT('Ctrl Pts',(2.40008749782813,-18.3952815797828,3.01650173343358));
#10794=CARTESIAN_POINT('Ctrl Pts',(2.47287520658246,-18.5201402571695,3.05042938306948));
#10795=CARTESIAN_POINT('Ctrl Pts',(2.50260447501969,-18.5760873701172,3.04339365713317));
#10796=CARTESIAN_POINT('Ctrl Pts',(2.29426756488596,-18.2760027743673,2.8));
#10797=CARTESIAN_POINT('Ctrl Pts',(2.29426756488596,-18.2760027743673,2.89681300765174));
#10798=CARTESIAN_POINT('Ctrl Pts',(2.34369282203622,-18.3530143205814,3.08418557862332));
#10799=CARTESIAN_POINT('Ctrl Pts',(2.42722880477679,-18.5139793147749,3.15005507835132));
#10800=CARTESIAN_POINT('Ctrl Pts',(2.46301950322879,-18.5938648695957,3.14764012244017));
#10801=CARTESIAN_POINT('Ctrl Pts',(2.27386467044114,-18.2441361806406,2.8));
#10802=CARTESIAN_POINT('Ctrl Pts',(2.27386467044114,-18.2441361806406,2.90809646823022));
#10803=CARTESIAN_POINT('Ctrl Pts',(2.32730587226128,-18.3244813469527,3.11799633355062));
#10804=CARTESIAN_POINT('Ctrl Pts',(2.42178870978669,-18.5020566939125,3.2));
#10805=CARTESIAN_POINT('Ctrl Pts',(2.46301950322878,-18.5938648695957,3.2));
#10806=CARTESIAN_POINT('',(2.46899088381233,-18.3345052841807,2.8));
#10807=CARTESIAN_POINT('Origin',(2.44229909047382,-18.1362944162437,2.8));
#10808=CARTESIAN_POINT('',(2.64546539235684,-18.5119289340102,3.));
#10809=CARTESIAN_POINT('Ctrl Pts',(2.46899088381233,-18.3345052841807,2.8));
#10810=CARTESIAN_POINT('Ctrl Pts',(2.46899088381233,-18.3345052841807,2.85404823411511));
#10811=CARTESIAN_POINT('Ctrl Pts',(2.52075995439015,-18.3745628607312,2.95899816677531));
#10812=CARTESIAN_POINT('Ctrl Pts',(2.60852849221918,-18.4647387569195,3.));
#10813=CARTESIAN_POINT('Ctrl Pts',(2.64546539235685,-18.5119289340102,3.));
#10814=CARTESIAN_POINT('Origin',(2.64546539235684,-18.5119289340102,3.2));
#10815=CARTESIAN_POINT('Origin',(0.,0.,2.8));
#10816=CARTESIAN_POINT('',(7.52462789690232,-16.9005909663881,2.8));
#10817=CARTESIAN_POINT('',(7.60597522551748,-17.0833000579166,3.));
#10818=CARTESIAN_POINT('Origin',(7.60597522551748,-17.0833000579166,2.8));
#10819=CARTESIAN_POINT('Origin',(0.,0.,3.));
#10820=CARTESIAN_POINT('Origin',(0.,0.,2.8));
#10821=CARTESIAN_POINT('Origin',(8.01271186859327,-17.9968455155592,2.8));
#10822=CARTESIAN_POINT('',(8.50079584028423,-19.0931000647304,2.8));
#10823=CARTESIAN_POINT('',(8.41944851166907,-18.9103909732018,3.));
#10824=CARTESIAN_POINT('Origin',(8.41944851166907,-18.9103909732018,2.8));
#10825=CARTESIAN_POINT('Origin',(8.01271186859327,-17.9968455155592,3.));
#10826=CARTESIAN_POINT('Origin',(8.01271186859327,-17.9968455155592,2.8));
#10827=CARTESIAN_POINT('Origin',(0.,0.,2.8));
#10828=CARTESIAN_POINT('Origin',(0.,0.,3.));
#10829=CARTESIAN_POINT('Origin',(0.,0.,2.8));
#10830=CARTESIAN_POINT('Origin',(2.41255419432029E-15,-19.7,3.2));
#10831=CARTESIAN_POINT('Origin',(2.41255419432029E-15,-19.7,3.));
#10832=CARTESIAN_POINT('Origin',(-2.44229909047381,-18.1362944162437,0.2));
#10833=CARTESIAN_POINT('Origin',(-2.44229909047381,-18.1362944162437,0.2));
#10834=CARTESIAN_POINT('',(-2.46899088381233,-18.3345052841807,0.2));
#10835=CARTESIAN_POINT('Origin',(-2.44229909047381,-18.1362944162437,0.2));
#10836=CARTESIAN_POINT('Origin',(-2.44229909047381,-18.1362944162437,0.2));
#10837=CARTESIAN_POINT('Origin',(-2.44229909047381,-18.1362944162437,0.));
#10838=CARTESIAN_POINT('',(-2.46899088381232,-18.3345052841807,0.));
#10839=CARTESIAN_POINT('Origin',(0.,0.,0.2));
#10840=CARTESIAN_POINT('',(-8.50079584028423,-19.0931000647304,0.2));
#10841=CARTESIAN_POINT('Origin',(-8.58214316889939,-19.2758091562589,0.2));
#10842=CARTESIAN_POINT('Origin',(0.,0.,0.2));
#10843=CARTESIAN_POINT('Origin',(-8.01271186859327,-17.9968455155592,0.2));
#10844=CARTESIAN_POINT('',(-7.52462789690233,-16.9005909663881,0.2));
#10845=CARTESIAN_POINT('Origin',(-7.44328056828717,-16.7178818748596,0.2));
#10846=CARTESIAN_POINT('Origin',(-8.01271186859327,-17.9968455155592,0.2));
#10847=CARTESIAN_POINT('Origin',(0.,0.,0.2));
#10848=CARTESIAN_POINT('Origin',(0.,0.,0.2));
#10849=CARTESIAN_POINT('Origin',(2.6232758368812,-20.9362944162437,0.2));
#10850=CARTESIAN_POINT('',(2.5984106630719,-20.737846127938,0.2));
#10851=CARTESIAN_POINT('Origin',(2.6232758368812,-20.9362944162437,0.2));
#10852=CARTESIAN_POINT('Origin',(2.6232758368812,-20.9362944162437,0.2));
#10853=CARTESIAN_POINT('Origin',(2.6232758368812,-20.9362944162437,0.2));
#10854=CARTESIAN_POINT('Origin',(2.41255419432029E-15,-19.7,0.2));
#10855=CARTESIAN_POINT('Origin',(2.6232758368812,-20.9362944162437,0.));
#10856=CARTESIAN_POINT('',(2.5984106630719,-20.737846127938,0.));
#10857=CARTESIAN_POINT('Origin',(2.44229909047382,-18.1362944162437,0.2));
#10858=CARTESIAN_POINT('Origin',(2.44229909047382,-18.1362944162437,0.2));
#10859=CARTESIAN_POINT('',(2.46899088381233,-18.3345052841807,0.2));
#10860=CARTESIAN_POINT('Origin',(2.44229909047382,-18.1362944162437,0.2));
#10861=CARTESIAN_POINT('Origin',(2.44229909047382,-18.1362944162437,0.2));
#10862=CARTESIAN_POINT('Origin',(0.,0.,0.2));
#10863=CARTESIAN_POINT('',(7.52462789690232,-16.9005909663881,0.2));
#10864=CARTESIAN_POINT('Origin',(7.44328056828716,-16.7178818748596,0.2));
#10865=CARTESIAN_POINT('Origin',(0.,0.,0.2));
#10866=CARTESIAN_POINT('Origin',(8.01271186859327,-17.9968455155592,0.2));
#10867=CARTESIAN_POINT('',(8.50079584028423,-19.0931000647304,0.2));
#10868=CARTESIAN_POINT('Origin',(8.58214316889939,-19.2758091562589,0.2));
#10869=CARTESIAN_POINT('Origin',(8.01271186859327,-17.9968455155592,0.2));
#10870=CARTESIAN_POINT('Origin',(0.,0.,0.2));
#10871=CARTESIAN_POINT('Origin',(0.,0.,0.2));
#10872=CARTESIAN_POINT('Origin',(2.44229909047382,-18.1362944162437,0.));
#10873=CARTESIAN_POINT('',(2.46899088381233,-18.3345052841807,0.));
#10874=CARTESIAN_POINT('Origin',(2.41255419432029E-15,-19.7,0.2));
#10875=CARTESIAN_POINT('Origin',(-2.6232758368812,-20.9362944162437,0.));
#10876=CARTESIAN_POINT('',(-2.59841066307189,-20.737846127938,0.));
#10877=CARTESIAN_POINT('Origin',(0.,0.,0.));
#10878=CARTESIAN_POINT('',(-8.50079584028423,-19.0931000647304,0.));
#10879=CARTESIAN_POINT('Origin',(-8.01271186859327,-17.9968455155592,0.));
#10880=CARTESIAN_POINT('',(-7.52462789690233,-16.9005909663881,0.));
#10881=CARTESIAN_POINT('Origin',(0.,0.,0.));
#10882=CARTESIAN_POINT('',(7.52462789690232,-16.9005909663881,0.));
#10883=CARTESIAN_POINT('Origin',(8.01271186859327,-17.9968455155592,0.));
#10884=CARTESIAN_POINT('',(8.50079584028423,-19.0931000647304,0.));
#10885=CARTESIAN_POINT('Origin',(-2.22044604925031E-15,6.,3.));
#10886=CARTESIAN_POINT('Origin',(-2.22044604925031E-15,6.,3.));
#10887=CARTESIAN_POINT('Origin',(13.930003589375,-13.930003589375,0.2));
#10888=CARTESIAN_POINT('',(15.330003589375,-13.930003589375,0.2));
#10889=CARTESIAN_POINT('Origin',(13.930003589375,-13.930003589375,0.2));
#10890=CARTESIAN_POINT('Origin',(15.530003589375,-13.930003589375,0.2));
#10891=CARTESIAN_POINT('Origin',(13.930003589375,-13.930003589375,0.));
#10892=CARTESIAN_POINT('',(15.330003589375,-13.930003589375,2.8));
#10893=CARTESIAN_POINT('Origin',(13.930003589375,-13.930003589375,2.8));
#10894=CARTESIAN_POINT('',(15.330003589375,-13.930003589375,0.));
#10895=CARTESIAN_POINT('Origin',(13.930003589375,-13.930003589375,2.8));
#10896=CARTESIAN_POINT('',(15.130003589375,-13.930003589375,3.));
#10897=CARTESIAN_POINT('Origin',(15.130003589375,-13.930003589375,2.8));
#10898=CARTESIAN_POINT('Origin',(13.930003589375,-13.930003589375,3.));
#10899=CARTESIAN_POINT('Origin',(-2.22044604925031E-15,6.,3.));
#10900=CARTESIAN_POINT('Origin',(19.7,1.20627709716014E-15,5.));
#10901=CARTESIAN_POINT('',(17.2,5.93953697586466E-16,5.2));
#10902=CARTESIAN_POINT('Origin',(19.7,1.20627709716014E-15,5.2));
#10903=CARTESIAN_POINT('',(17.,1.20627709716014E-15,5.));
#10904=CARTESIAN_POINT('Origin',(17.2,9.00115397373304E-16,5.));
#10905=CARTESIAN_POINT('',(22.4,1.53693173292993E-15,5.));
#10906=CARTESIAN_POINT('Origin',(19.7,1.20627709716014E-15,5.));
#10907=CARTESIAN_POINT('Origin',(19.7,1.20627709716014E-15,5.));
#10908=CARTESIAN_POINT('Origin',(19.7,1.11022302462516E-15,5.2));
#10909=CARTESIAN_POINT('',(18.1,-3.814774779344E-15,5.2));
#10910=CARTESIAN_POINT('Origin',(19.7,-3.61883129148043E-15,5.2));
#10911=CARTESIAN_POINT('Origin',(19.7,1.20627709716014E-15,0.));
#10912=CARTESIAN_POINT('',(20.8510327323648,-2.44236026192387,0.2));
#10913=CARTESIAN_POINT('',(22.4,1.53693173292993E-15,0.2));
#10914=CARTESIAN_POINT('Origin',(19.7,1.20627709716014E-15,0.2));
#10915=CARTESIAN_POINT('',(20.8510327323648,-2.44236026192387,2.8));
#10916=CARTESIAN_POINT('',(20.8510327323648,-2.44236026192387,0.));
#10917=CARTESIAN_POINT('',(20.4559338351129,-2.59201929717575,3.2));
#10918=CARTESIAN_POINT('Ctrl Pts',(20.4559338351129,-2.59201929717576,3.2));
#10919=CARTESIAN_POINT('Ctrl Pts',(20.5556819878487,-2.56292884876545,3.2));
#10920=CARTESIAN_POINT('Ctrl Pts',(20.695114858933,-2.51206576609309,3.14395846235587));
#10921=CARTESIAN_POINT('Ctrl Pts',(20.8230867899687,-2.4556624496439,2.97434720640599));
#10922=CARTESIAN_POINT('Ctrl Pts',(20.8510327323648,-2.44236026192387,2.86377149236483));
#10923=CARTESIAN_POINT('Ctrl Pts',(20.8510327323648,-2.44236026192387,2.8));
#10924=CARTESIAN_POINT('',(18.5938648695957,-2.46301950322878,3.2));
#10925=CARTESIAN_POINT('Origin',(19.7,1.20627709716014E-15,3.2));
#10926=CARTESIAN_POINT('',(18.2441361806406,-2.27386467044114,2.8));
#10927=CARTESIAN_POINT('Ctrl Pts',(18.2441361806406,-2.27386467044114,2.8));
#10928=CARTESIAN_POINT('Ctrl Pts',(18.2441361806406,-2.27386467044114,2.90809672597418));
#10929=CARTESIAN_POINT('Ctrl Pts',(18.3244763276381,-2.32730270965727,3.11799486062565));
#10930=CARTESIAN_POINT('Ctrl Pts',(18.5020564750062,-2.42178861147648,3.2));
#10931=CARTESIAN_POINT('Ctrl Pts',(18.5938648695957,-2.46301950322878,3.2));
#10932=CARTESIAN_POINT('',(18.2441361806406,-2.27386467044114,0.2));
#10933=CARTESIAN_POINT('',(18.2441361806406,-2.27386467044114,0.));
#10934=CARTESIAN_POINT('',(18.2441361806406,2.27386467044114,0.2));
#10935=CARTESIAN_POINT('Origin',(19.7,1.20627709716014E-15,0.2));
#10936=CARTESIAN_POINT('',(18.2441361806406,2.27386467044114,2.8));
#10937=CARTESIAN_POINT('',(18.2441361806406,2.27386467044114,0.));
#10938=CARTESIAN_POINT('',(18.5938648695957,2.46301950322879,3.2));
#10939=CARTESIAN_POINT('Ctrl Pts',(18.5938648695957,2.46301950322878,3.20000000000001));
#10940=CARTESIAN_POINT('Ctrl Pts',(18.5020566939125,2.4217887097867,3.2));
#10941=CARTESIAN_POINT('Ctrl Pts',(18.3244813469527,2.32730587226128,3.11799633355067));
#10942=CARTESIAN_POINT('Ctrl Pts',(18.2441361806406,2.27386467044114,2.90809646823022));
#10943=CARTESIAN_POINT('Ctrl Pts',(18.2441361806406,2.27386467044114,2.8));
#10944=CARTESIAN_POINT('',(20.4559338351129,2.59201929717576,3.2));
#10945=CARTESIAN_POINT('Origin',(19.7,1.20627709716014E-15,3.2));
#10946=CARTESIAN_POINT('',(20.8510327323648,2.44236026192388,2.8));
#10947=CARTESIAN_POINT('Ctrl Pts',(20.8510327323648,2.44236026192387,2.8));
#10948=CARTESIAN_POINT('Ctrl Pts',(20.8510327323648,2.44236026192387,2.84782891399828));
#10949=CARTESIAN_POINT('Ctrl Pts',(20.8303029024176,2.4521167154546,2.9594617225287));
#10950=CARTESIAN_POINT('Ctrl Pts',(20.7091719830939,2.50687702135445,3.1387538420773));
#10951=CARTESIAN_POINT('Ctrl Pts',(20.5556826025066,2.56292866950724,3.2));
#10952=CARTESIAN_POINT('Ctrl Pts',(20.4559338351129,2.59201929717575,3.2));
#10953=CARTESIAN_POINT('',(20.8510327323648,2.44236026192388,0.2));
#10954=CARTESIAN_POINT('',(20.8510327323648,2.44236026192388,0.));
#10955=CARTESIAN_POINT('Origin',(19.7,1.20627709716014E-15,0.2));
#10956=CARTESIAN_POINT('',(22.4,1.53693173292993E-15,0.));
#10957=CARTESIAN_POINT('Origin',(19.7,-3.61883129148043E-15,5.4));
#10958=CARTESIAN_POINT('Origin',(18.1,-3.814774779344E-15,5.4));
#10959=CARTESIAN_POINT('Ctrl Pts',(20.737846127938,-2.5984106630719,2.8));
#10960=CARTESIAN_POINT('Ctrl Pts',(20.737846127938,-2.5984106630719,2.83188574618242));
#10961=CARTESIAN_POINT('Ctrl Pts',(20.7217491938864,-2.61426408748698,2.887173603203));
#10962=CARTESIAN_POINT('Ctrl Pts',(20.6482170059379,-2.68234649042679,2.97197923117794));
#10963=CARTESIAN_POINT('Ctrl Pts',(20.5685484216236,-2.74591885723507,3.));
#10964=CARTESIAN_POINT('Ctrl Pts',(20.5119289340102,-2.78402072659618,3.));
#10965=CARTESIAN_POINT('Ctrl Pts',(20.7420141116343,-2.56514609647115,2.8));
#10966=CARTESIAN_POINT('Ctrl Pts',(20.7420141116343,-2.56514609647115,2.83526440692376));
#10967=CARTESIAN_POINT('Ctrl Pts',(20.7230238701289,-2.57976264450122,2.89632900945998));
#10968=CARTESIAN_POINT('Ctrl Pts',(20.6384723503432,-2.64211946311593,2.9845788726187));
#10969=CARTESIAN_POINT('Ctrl Pts',(20.552821615736,-2.69954939961406,3.00554770576481));
#10970=CARTESIAN_POINT('Ctrl Pts',(20.4972694513991,-2.73375486991735,3.));
#10971=CARTESIAN_POINT('Ctrl Pts',(20.7674463314131,-2.50080680607237,2.8));
#10972=CARTESIAN_POINT('Ctrl Pts',(20.7674463314131,-2.50080680607237,2.84479818747558));
#10973=CARTESIAN_POINT('Ctrl Pts',(20.7435290467547,-2.51296809969193,2.92200027160592));
#10974=CARTESIAN_POINT('Ctrl Pts',(20.6376747462801,-2.56418350853205,3.03207229398397));
#10975=CARTESIAN_POINT('Ctrl Pts',(20.5327651338468,-2.60850731260181,3.05355314773703));
#10976=CARTESIAN_POINT('Ctrl Pts',(20.4680847285279,-2.63368345976073,3.04339984625192));
#10977=CARTESIAN_POINT('Ctrl Pts',(20.8207070578847,-2.45665211087906,2.8));
#10978=CARTESIAN_POINT('Ctrl Pts',(20.8207070578847,-2.45665211087906,2.85744148667057));
#10979=CARTESIAN_POINT('Ctrl Pts',(20.7939058248567,-2.46909484913001,2.95693112444906));
#10980=CARTESIAN_POINT('Ctrl Pts',(20.6724051974253,-2.52084971387348,3.10664143352213));
#10981=CARTESIAN_POINT('Ctrl Pts',(20.5439727520633,-2.56646120929937,3.15112516089408));
#10982=CARTESIAN_POINT('Ctrl Pts',(20.4559338351129,-2.59201929717576,3.14764012244017));
#10983=CARTESIAN_POINT('Ctrl Pts',(20.8510327323648,-2.44236026192387,2.8));
#10984=CARTESIAN_POINT('Ctrl Pts',(20.8510327323648,-2.44236026192387,2.86377149236483));
#10985=CARTESIAN_POINT('Ctrl Pts',(20.8230867899687,-2.4556624496439,2.97434720640599));
#10986=CARTESIAN_POINT('Ctrl Pts',(20.695114858933,-2.51206576609309,3.14395846235587));
#10987=CARTESIAN_POINT('Ctrl Pts',(20.5556819878487,-2.56292884876545,3.2));
#10988=CARTESIAN_POINT('Ctrl Pts',(20.4559338351129,-2.59201929717576,3.2));
#10989=CARTESIAN_POINT('',(20.737846127938,-2.5984106630719,2.8));
#10990=CARTESIAN_POINT('Origin',(20.9362944162437,-2.6232758368812,2.8));
#10991=CARTESIAN_POINT('',(20.5119289340102,-2.78402072659618,3.));
#10992=CARTESIAN_POINT('Ctrl Pts',(20.737846127938,-2.5984106630719,2.8));
#10993=CARTESIAN_POINT('Ctrl Pts',(20.737846127938,-2.5984106630719,2.83188574618242));
#10994=CARTESIAN_POINT('Ctrl Pts',(20.7217491938864,-2.61426408748698,2.887173603203));
#10995=CARTESIAN_POINT('Ctrl Pts',(20.6482170059379,-2.68234649042679,2.97197923117794));
#10996=CARTESIAN_POINT('Ctrl Pts',(20.5685484216236,-2.74591885723507,3.));
#10997=CARTESIAN_POINT('Ctrl Pts',(20.5119289340102,-2.78402072659618,3.));
#10998=CARTESIAN_POINT('Origin',(20.5119289340102,-2.78402072659618,3.2));
#10999=CARTESIAN_POINT('Ctrl Pts',(18.5119289340102,-2.64546539235684,3.));
#11000=CARTESIAN_POINT('Ctrl Pts',(18.4647386443998,-2.60852840414727,3.));
#11001=CARTESIAN_POINT('Ctrl Pts',(18.3745603470863,-2.52075692235668,2.95899743031283));
#11002=CARTESIAN_POINT('Ctrl Pts',(18.3345052841807,-2.46899088381233,2.85404836298709));
#11003=CARTESIAN_POINT('Ctrl Pts',(18.3345052841807,-2.46899088381233,2.8));
#11004=CARTESIAN_POINT('Ctrl Pts',(18.5333797117852,-2.59770117027664,3.));
#11005=CARTESIAN_POINT('Ctrl Pts',(18.4870907691784,-2.56378340719343,3.00384428951129));
#11006=CARTESIAN_POINT('Ctrl Pts',(18.3896238727949,-2.48165179159116,2.97181534473827));
#11007=CARTESIAN_POINT('Ctrl Pts',(18.3395551815473,-2.43149079802508,2.85877988194906));
#11008=CARTESIAN_POINT('Ctrl Pts',(18.3395551815473,-2.43149079802508,2.8));
#11009=CARTESIAN_POINT('Ctrl Pts',(18.5760873701172,-2.50260447501968,3.04339365713318));
#11010=CARTESIAN_POINT('Ctrl Pts',(18.5201401237699,-2.47287513569635,3.05042939984538));
#11011=CARTESIAN_POINT('Ctrl Pts',(18.3952775045081,-2.40008484741036,3.01650128916419));
#11012=CARTESIAN_POINT('Ctrl Pts',(18.3277523982152,-2.35362886058805,2.87429525798721));
#11013=CARTESIAN_POINT('Ctrl Pts',(18.3277523982152,-2.35362886058805,2.8));
#11014=CARTESIAN_POINT('Ctrl Pts',(18.5938648695957,-2.46301950322878,3.14764012244017));
#11015=CARTESIAN_POINT('Ctrl Pts',(18.5139791242967,-2.42722871943787,3.15005508410951));
#11016=CARTESIAN_POINT('Ctrl Pts',(18.3530095596463,-2.34368995176038,3.08418445151804));
#11017=CARTESIAN_POINT('Ctrl Pts',(18.2760027743673,-2.29426756488595,2.89681323849155));
#11018=CARTESIAN_POINT('Ctrl Pts',(18.2760027743673,-2.29426756488595,2.8));
#11019=CARTESIAN_POINT('Ctrl Pts',(18.5938648695957,-2.46301950322878,3.2));
#11020=CARTESIAN_POINT('Ctrl Pts',(18.5020564750062,-2.42178861147648,3.2));
#11021=CARTESIAN_POINT('Ctrl Pts',(18.3244763276381,-2.32730270965727,3.11799486062565));
#11022=CARTESIAN_POINT('Ctrl Pts',(18.2441361806406,-2.27386467044114,2.90809672597418));
#11023=CARTESIAN_POINT('Ctrl Pts',(18.2441361806406,-2.27386467044114,2.8));
#11024=CARTESIAN_POINT('',(18.5119289340102,-2.64546539235684,3.));
#11025=CARTESIAN_POINT('Origin',(18.5119289340102,-2.64546539235684,3.2));
#11026=CARTESIAN_POINT('',(18.3345052841808,-2.46899088381233,2.8));
#11027=CARTESIAN_POINT('Ctrl Pts',(18.5119289340102,-2.64546539235684,3.));
#11028=CARTESIAN_POINT('Ctrl Pts',(18.4647386443998,-2.60852840414727,3.));
#11029=CARTESIAN_POINT('Ctrl Pts',(18.3745603470863,-2.52075692235668,2.95899743031283));
#11030=CARTESIAN_POINT('Ctrl Pts',(18.3345052841807,-2.46899088381233,2.85404836298709));
#11031=CARTESIAN_POINT('Ctrl Pts',(18.3345052841807,-2.46899088381233,2.8));
#11032=CARTESIAN_POINT('Origin',(18.1362944162437,-2.44229909047382,2.8));
#11033=CARTESIAN_POINT('Origin',(19.7,1.20627709716014E-15,3.2));
#11034=CARTESIAN_POINT('Origin',(19.7,1.20627709716014E-15,3.));
#11035=CARTESIAN_POINT('Origin',(0.,0.,2.8));
#11036=CARTESIAN_POINT('',(19.0931000647304,-8.50079584028423,2.8));
#11037=CARTESIAN_POINT('',(18.9103909732018,-8.41944851166908,3.));
#11038=CARTESIAN_POINT('Origin',(18.9103909732018,-8.41944851166908,2.8));
#11039=CARTESIAN_POINT('Origin',(0.,0.,3.));
#11040=CARTESIAN_POINT('Origin',(0.,0.,2.8));
#11041=CARTESIAN_POINT('Origin',(17.9968455155592,-8.01271186859327,2.8));
#11042=CARTESIAN_POINT('',(16.9005909663881,-7.52462789690233,2.8));
#11043=CARTESIAN_POINT('',(17.0833000579166,-7.60597522551748,3.));
#11044=CARTESIAN_POINT('Origin',(17.0833000579166,-7.60597522551748,2.8));
#11045=CARTESIAN_POINT('Origin',(17.9968455155592,-8.01271186859327,3.));
#11046=CARTESIAN_POINT('Origin',(17.9968455155592,-8.01271186859327,2.8));
#11047=CARTESIAN_POINT('Origin',(0.,0.,2.8));
#11048=CARTESIAN_POINT('Origin',(0.,0.,3.));
#11049=CARTESIAN_POINT('Origin',(0.,0.,2.8));
#11050=CARTESIAN_POINT('Origin',(20.9362944162437,-2.6232758368812,0.2));
#11051=CARTESIAN_POINT('Origin',(20.9362944162437,-2.6232758368812,0.2));
#11052=CARTESIAN_POINT('',(20.737846127938,-2.5984106630719,0.2));
#11053=CARTESIAN_POINT('Origin',(20.9362944162437,-2.6232758368812,0.2));
#11054=CARTESIAN_POINT('Origin',(20.9362944162437,-2.6232758368812,0.2));
#11055=CARTESIAN_POINT('Ctrl Pts',(20.5119289340102,2.78402072659618,3.));
#11056=CARTESIAN_POINT('Ctrl Pts',(20.5685487705185,2.7459186224476,3.));
#11057=CARTESIAN_POINT('Ctrl Pts',(20.6562517879821,2.67587616753078,2.96937692103865));
#11058=CARTESIAN_POINT('Ctrl Pts',(20.7259109487072,2.61005913407599,2.87973086126435));
#11059=CARTESIAN_POINT('Ctrl Pts',(20.737846127938,2.5984106630719,2.82391445699914));
#11060=CARTESIAN_POINT('Ctrl Pts',(20.737846127938,2.5984106630719,2.8));
#11061=CARTESIAN_POINT('Ctrl Pts',(20.4972694513991,2.73375486991735,3.));
#11062=CARTESIAN_POINT('Ctrl Pts',(20.5528219580539,2.69954918883659,3.00554773995032));
#11063=CARTESIAN_POINT('Ctrl Pts',(20.6471513374271,2.63627231096471,2.98277143233405));
#11064=CARTESIAN_POINT('Ctrl Pts',(20.728011409298,2.57588018740609,2.88822139514724));
#11065=CARTESIAN_POINT('Ctrl Pts',(20.7420141116343,2.56514609647115,2.82644846816988));
#11066=CARTESIAN_POINT('Ctrl Pts',(20.7420141116343,2.56514609647115,2.8));
#11067=CARTESIAN_POINT('Ctrl Pts',(20.468084728528,2.63368345976085,3.04339984625204));
#11068=CARTESIAN_POINT('Ctrl Pts',(20.5327655324138,2.60850715746403,3.0535532103028));
#11069=CARTESIAN_POINT('Ctrl Pts',(20.6483283066984,2.55964397382168,3.03026700021911));
#11070=CARTESIAN_POINT('Ctrl Pts',(20.7498477729115,2.50970182327016,2.91177831376538));
#11071=CARTESIAN_POINT('Ctrl Pts',(20.7674463314132,2.50080680607239,2.83359884764481));
#11072=CARTESIAN_POINT('Ctrl Pts',(20.7674463314132,2.50080680607239,2.8));
#11073=CARTESIAN_POINT('Ctrl Pts',(20.4559338351129,2.59201929717576,3.14764012244017));
#11074=CARTESIAN_POINT('Ctrl Pts',(20.5439732945677,2.56646105180791,3.15112518236922));
#11075=CARTESIAN_POINT('Ctrl Pts',(20.6853858936414,2.51620443482688,3.10257950394383));
#11076=CARTESIAN_POINT('Ctrl Pts',(20.8008824475128,2.46577835759692,2.94359294449724));
#11077=CARTESIAN_POINT('Ctrl Pts',(20.8207070578847,2.45665211087906,2.84308138047299));
#11078=CARTESIAN_POINT('Ctrl Pts',(20.8207070578847,2.45665211087906,2.8));
#11079=CARTESIAN_POINT('Ctrl Pts',(20.4559338351129,2.59201929717575,3.2));
#11080=CARTESIAN_POINT('Ctrl Pts',(20.5556826025066,2.56292866950724,3.2));
#11081=CARTESIAN_POINT('Ctrl Pts',(20.7091719830939,2.50687702135445,3.1387538420773));
#11082=CARTESIAN_POINT('Ctrl Pts',(20.8303029024176,2.4521167154546,2.9594617225287));
#11083=CARTESIAN_POINT('Ctrl Pts',(20.8510327323648,2.44236026192387,2.84782891399828));
#11084=CARTESIAN_POINT('Ctrl Pts',(20.8510327323648,2.44236026192387,2.8));
#11085=CARTESIAN_POINT('',(20.737846127938,2.5984106630719,2.8));
#11086=CARTESIAN_POINT('',(20.5119289340102,2.78402072659618,3.));
#11087=CARTESIAN_POINT('Ctrl Pts',(20.5119289340102,2.78402072659618,3.));
#11088=CARTESIAN_POINT('Ctrl Pts',(20.5685487705185,2.7459186224476,3.));
#11089=CARTESIAN_POINT('Ctrl Pts',(20.6562517879821,2.67587616753078,2.96937692103865));
#11090=CARTESIAN_POINT('Ctrl Pts',(20.7259109487072,2.61005913407599,2.87973086126435));
#11091=CARTESIAN_POINT('Ctrl Pts',(20.737846127938,2.5984106630719,2.82391445699914));
#11092=CARTESIAN_POINT('Ctrl Pts',(20.737846127938,2.5984106630719,2.8));
#11093=CARTESIAN_POINT('Origin',(20.9362944162437,2.6232758368812,2.8));
#11094=CARTESIAN_POINT('Origin',(20.5119289340102,2.78402072659618,3.2));
#11095=CARTESIAN_POINT('Ctrl Pts',(18.3345052841807,2.46899088381233,2.8));
#11096=CARTESIAN_POINT('Ctrl Pts',(18.3345052841807,2.46899088381233,2.85404823411511));
#11097=CARTESIAN_POINT('Ctrl Pts',(18.3745628607312,2.52075995439016,2.95899816677533));
#11098=CARTESIAN_POINT('Ctrl Pts',(18.4647387569196,2.6085284922192,3.));
#11099=CARTESIAN_POINT('Ctrl Pts',(18.5119289340102,2.64546539235685,3.));
#11100=CARTESIAN_POINT('Ctrl Pts',(18.3395551815473,2.43149079802509,2.8));
#11101=CARTESIAN_POINT('Ctrl Pts',(18.3395551815473,2.43149079802509,2.85877974179533));
#11102=CARTESIAN_POINT('Ctrl Pts',(18.3896269071543,2.48165469573508,2.97181580608811));
#11103=CARTESIAN_POINT('Ctrl Pts',(18.487090879549,2.56378348806636,3.00384428034504));
#11104=CARTESIAN_POINT('Ctrl Pts',(18.5333797117852,2.59770117027665,3.));
#11105=CARTESIAN_POINT('Ctrl Pts',(18.3277523982152,2.35362886058805,2.8));
#11106=CARTESIAN_POINT('Ctrl Pts',(18.3277523982152,2.35362886058805,2.87429508083889));
#11107=CARTESIAN_POINT('Ctrl Pts',(18.3952815797828,2.40008749782813,3.01650173343361));
#11108=CARTESIAN_POINT('Ctrl Pts',(18.5201402571695,2.47287520658248,3.05042938306948));
#11109=CARTESIAN_POINT('Ctrl Pts',(18.5760873701172,2.50260447501969,3.04339365713318));
#11110=CARTESIAN_POINT('Ctrl Pts',(18.2760027743673,2.29426756488596,2.8));
#11111=CARTESIAN_POINT('Ctrl Pts',(18.2760027743673,2.29426756488596,2.89681300765175));
#11112=CARTESIAN_POINT('Ctrl Pts',(18.3530143205814,2.34369282203622,3.08418557862337));
#11113=CARTESIAN_POINT('Ctrl Pts',(18.5139793147749,2.4272288047768,3.15005507835132));
#11114=CARTESIAN_POINT('Ctrl Pts',(18.5938648695957,2.46301950322878,3.14764012244018));
#11115=CARTESIAN_POINT('Ctrl Pts',(18.2441361806406,2.27386467044114,2.8));
#11116=CARTESIAN_POINT('Ctrl Pts',(18.2441361806406,2.27386467044114,2.90809646823022));
#11117=CARTESIAN_POINT('Ctrl Pts',(18.3244813469527,2.32730587226128,3.11799633355067));
#11118=CARTESIAN_POINT('Ctrl Pts',(18.5020566939125,2.4217887097867,3.2));
#11119=CARTESIAN_POINT('Ctrl Pts',(18.5938648695957,2.46301950322878,3.20000000000001));
#11120=CARTESIAN_POINT('',(18.3345052841808,2.46899088381233,2.8));
#11121=CARTESIAN_POINT('Origin',(18.1362944162437,2.44229909047382,2.8));
#11122=CARTESIAN_POINT('',(18.5119289340102,2.64546539235685,3.));
#11123=CARTESIAN_POINT('Ctrl Pts',(18.3345052841807,2.46899088381233,2.8));
#11124=CARTESIAN_POINT('Ctrl Pts',(18.3345052841807,2.46899088381233,2.85404823411511));
#11125=CARTESIAN_POINT('Ctrl Pts',(18.3745628607312,2.52075995439016,2.95899816677533));
#11126=CARTESIAN_POINT('Ctrl Pts',(18.4647387569196,2.6085284922192,3.));
#11127=CARTESIAN_POINT('Ctrl Pts',(18.5119289340102,2.64546539235685,3.));
#11128=CARTESIAN_POINT('Origin',(18.5119289340102,2.64546539235685,3.2));
#11129=CARTESIAN_POINT('Origin',(0.,0.,2.8));
#11130=CARTESIAN_POINT('',(16.9005909663881,7.52462789690232,2.8));
#11131=CARTESIAN_POINT('',(17.0833000579166,7.60597522551748,3.));
#11132=CARTESIAN_POINT('Origin',(17.0833000579166,7.60597522551748,2.8));
#11133=CARTESIAN_POINT('Origin',(0.,0.,3.));
#11134=CARTESIAN_POINT('Origin',(0.,0.,2.8));
#11135=CARTESIAN_POINT('Origin',(17.9968455155592,8.01271186859327,2.8));
#11136=CARTESIAN_POINT('',(19.0931000647304,8.50079584028423,2.8));
#11137=CARTESIAN_POINT('',(18.9103909732018,8.41944851166907,3.));
#11138=CARTESIAN_POINT('Origin',(18.9103909732018,8.41944851166907,2.8));
#11139=CARTESIAN_POINT('Origin',(17.9968455155592,8.01271186859327,3.));
#11140=CARTESIAN_POINT('Origin',(17.9968455155592,8.01271186859327,2.8));
#11141=CARTESIAN_POINT('Origin',(0.,0.,2.8));
#11142=CARTESIAN_POINT('Origin',(0.,0.,3.));
#11143=CARTESIAN_POINT('Origin',(0.,0.,2.8));
#11144=CARTESIAN_POINT('Origin',(19.7,1.20627709716014E-15,3.2));
#11145=CARTESIAN_POINT('Origin',(19.7,1.20627709716014E-15,3.));
#11146=CARTESIAN_POINT('Origin',(18.1362944162437,-2.44229909047382,0.2));
#11147=CARTESIAN_POINT('Origin',(18.1362944162437,-2.44229909047382,0.2));
#11148=CARTESIAN_POINT('',(18.3345052841808,-2.46899088381233,0.2));
#11149=CARTESIAN_POINT('Origin',(18.1362944162437,-2.44229909047382,0.2));
#11150=CARTESIAN_POINT('Origin',(18.1362944162437,-2.44229909047381,0.2));
#11151=CARTESIAN_POINT('Origin',(18.1362944162437,-2.44229909047382,0.));
#11152=CARTESIAN_POINT('',(18.3345052841808,-2.46899088381233,0.));
#11153=CARTESIAN_POINT('Origin',(0.,0.,0.2));
#11154=CARTESIAN_POINT('',(19.0931000647304,-8.50079584028423,0.2));
#11155=CARTESIAN_POINT('Origin',(19.2758091562589,-8.5821431688994,0.2));
#11156=CARTESIAN_POINT('Origin',(0.,0.,0.2));
#11157=CARTESIAN_POINT('Origin',(17.9968455155592,-8.01271186859327,0.2));
#11158=CARTESIAN_POINT('',(16.9005909663881,-7.52462789690233,0.2));
#11159=CARTESIAN_POINT('Origin',(16.7178818748596,-7.44328056828717,0.2));
#11160=CARTESIAN_POINT('Origin',(17.9968455155592,-8.01271186859327,0.2));
#11161=CARTESIAN_POINT('Origin',(0.,0.,0.2));
#11162=CARTESIAN_POINT('Origin',(0.,0.,0.2));
#11163=CARTESIAN_POINT('Origin',(20.9362944162437,2.6232758368812,0.2));
#11164=CARTESIAN_POINT('',(20.737846127938,2.5984106630719,0.2));
#11165=CARTESIAN_POINT('Origin',(20.9362944162437,2.6232758368812,0.2));
#11166=CARTESIAN_POINT('Origin',(20.9362944162437,2.6232758368812,0.2));
#11167=CARTESIAN_POINT('Origin',(20.9362944162437,2.6232758368812,0.2));
#11168=CARTESIAN_POINT('Origin',(19.7,1.20627709716014E-15,0.2));
#11169=CARTESIAN_POINT('Origin',(20.9362944162437,2.6232758368812,0.));
#11170=CARTESIAN_POINT('',(20.737846127938,2.5984106630719,0.));
#11171=CARTESIAN_POINT('Origin',(18.1362944162437,2.44229909047382,0.2));
#11172=CARTESIAN_POINT('Origin',(18.1362944162437,2.44229909047382,0.2));
#11173=CARTESIAN_POINT('',(18.3345052841808,2.46899088381233,0.2));
#11174=CARTESIAN_POINT('Origin',(18.1362944162437,2.44229909047382,0.2));
#11175=CARTESIAN_POINT('Origin',(18.1362944162437,2.44229909047382,0.2));
#11176=CARTESIAN_POINT('Origin',(0.,0.,0.2));
#11177=CARTESIAN_POINT('',(16.9005909663881,7.52462789690232,0.2));
#11178=CARTESIAN_POINT('Origin',(16.7178818748596,7.44328056828716,0.2));
#11179=CARTESIAN_POINT('Origin',(0.,0.,0.2));
#11180=CARTESIAN_POINT('Origin',(17.9968455155592,8.01271186859327,0.2));
#11181=CARTESIAN_POINT('',(19.0931000647304,8.50079584028423,0.2));
#11182=CARTESIAN_POINT('Origin',(19.2758091562589,8.58214316889939,0.2));
#11183=CARTESIAN_POINT('Origin',(17.9968455155592,8.01271186859327,0.2));
#11184=CARTESIAN_POINT('Origin',(0.,0.,0.2));
#11185=CARTESIAN_POINT('Origin',(0.,0.,0.2));
#11186=CARTESIAN_POINT('Origin',(18.1362944162437,2.44229909047382,0.));
#11187=CARTESIAN_POINT('',(18.3345052841808,2.46899088381233,0.));
#11188=CARTESIAN_POINT('Origin',(19.7,1.20627709716014E-15,0.2));
#11189=CARTESIAN_POINT('Origin',(20.9362944162437,-2.6232758368812,0.));
#11190=CARTESIAN_POINT('',(20.737846127938,-2.5984106630719,0.));
#11191=CARTESIAN_POINT('Origin',(0.,0.,0.));
#11192=CARTESIAN_POINT('',(19.0931000647304,-8.50079584028423,0.));
#11193=CARTESIAN_POINT('Origin',(17.9968455155592,-8.01271186859327,0.));
#11194=CARTESIAN_POINT('',(16.9005909663881,-7.52462789690233,0.));
#11195=CARTESIAN_POINT('Origin',(0.,0.,0.));
#11196=CARTESIAN_POINT('',(16.9005909663881,7.52462789690232,0.));
#11197=CARTESIAN_POINT('Origin',(17.9968455155592,8.01271186859327,0.));
#11198=CARTESIAN_POINT('',(19.0931000647304,8.50079584028423,0.));
#11199=CARTESIAN_POINT('Origin',(-2.22044604925031E-15,6.,3.));
#11200=CARTESIAN_POINT('Origin',(-2.22044604925031E-15,6.,3.));
#11201=CARTESIAN_POINT('Origin',(13.930003589375,13.930003589375,0.2));
#11202=CARTESIAN_POINT('',(15.330003589375,13.930003589375,0.2));
#11203=CARTESIAN_POINT('Origin',(13.930003589375,13.930003589375,0.2));
#11204=CARTESIAN_POINT('Origin',(15.530003589375,13.930003589375,0.2));
#11205=CARTESIAN_POINT('Origin',(13.930003589375,13.930003589375,0.));
#11206=CARTESIAN_POINT('',(15.330003589375,13.930003589375,2.8));
#11207=CARTESIAN_POINT('Origin',(13.930003589375,13.930003589375,2.8));
#11208=CARTESIAN_POINT('',(15.330003589375,13.930003589375,0.));
#11209=CARTESIAN_POINT('Origin',(13.930003589375,13.930003589375,2.8));
#11210=CARTESIAN_POINT('',(15.130003589375,13.930003589375,3.));
#11211=CARTESIAN_POINT('Origin',(15.130003589375,13.930003589375,2.8));
#11212=CARTESIAN_POINT('Origin',(13.930003589375,13.930003589375,3.));
#11213=CARTESIAN_POINT('Origin',(-2.22044604925031E-15,6.,3.));
#11214=CARTESIAN_POINT('Origin',(-19.7,-3.61883129148043E-15,5.));
#11215=CARTESIAN_POINT('',(-22.2,-4.23115469105411E-15,5.2));
#11216=CARTESIAN_POINT('Origin',(-19.7,-3.61883129148043E-15,5.2));
#11217=CARTESIAN_POINT('',(-22.4,-3.61883129148043E-15,5.));
#11218=CARTESIAN_POINT('Origin',(-22.2,-3.92499299126727E-15,5.));
#11219=CARTESIAN_POINT('',(-17.,-3.28817665571064E-15,5.));
#11220=CARTESIAN_POINT('Origin',(-19.7,-3.61883129148043E-15,5.));
#11221=CARTESIAN_POINT('Origin',(-19.7,-3.61883129148043E-15,5.));
#11222=CARTESIAN_POINT('Origin',(-19.7,-3.61883129148043E-15,0.));
#11223=CARTESIAN_POINT('',(-20.4559338351129,2.59201929717575,3.2));
#11224=CARTESIAN_POINT('',(-20.8510327323648,2.44236026192387,2.8));
#11225=CARTESIAN_POINT('Ctrl Pts',(-20.4559338351129,2.59201929717576,3.2));
#11226=CARTESIAN_POINT('Ctrl Pts',(-20.5556819878488,2.56292884876543,3.20000000000001));
#11227=CARTESIAN_POINT('Ctrl Pts',(-20.7091673192233,2.50687890688656,3.13875207484299));
#11228=CARTESIAN_POINT('Ctrl Pts',(-20.8303018976039,2.45211734083554,2.95946014632867));
#11229=CARTESIAN_POINT('Ctrl Pts',(-20.8510327323648,2.44236026192386,2.84782861927363));
#11230=CARTESIAN_POINT('Ctrl Pts',(-20.8510327323648,2.44236026192386,2.8));
#11231=CARTESIAN_POINT('',(-18.5938648695957,2.46301950322878,3.2));
#11232=CARTESIAN_POINT('Origin',(-19.7,-3.61883129148043E-15,3.2));
#11233=CARTESIAN_POINT('',(-18.2441361806406,2.27386467044114,2.8));
#11234=CARTESIAN_POINT('Ctrl Pts',(-18.2441361806406,2.27386467044114,2.8));
#11235=CARTESIAN_POINT('Ctrl Pts',(-18.2441361806406,2.27386467044114,2.90809672597418));
#11236=CARTESIAN_POINT('Ctrl Pts',(-18.324476327638,2.32730270965725,3.11799486062565));
#11237=CARTESIAN_POINT('Ctrl Pts',(-18.5020564750062,2.42178861147646,3.2));
#11238=CARTESIAN_POINT('Ctrl Pts',(-18.5938648695957,2.46301950322878,3.2));
#11239=CARTESIAN_POINT('',(-18.2441361806406,2.27386467044114,0.2));
#11240=CARTESIAN_POINT('',(-18.2441361806406,2.27386467044114,0.));
#11241=CARTESIAN_POINT('',(-17.,-3.28817665571064E-15,0.2));
#11242=CARTESIAN_POINT('Origin',(-19.7,-3.61883129148043E-15,0.2));
#11243=CARTESIAN_POINT('',(-17.,-3.28817665571064E-15,0.));
#11244=CARTESIAN_POINT('',(-18.2441361806406,-2.27386467044114,0.2));
#11245=CARTESIAN_POINT('Origin',(-19.7,-3.61883129148043E-15,0.2));
#11246=CARTESIAN_POINT('',(-18.2441361806406,-2.27386467044114,2.8));
#11247=CARTESIAN_POINT('',(-18.2441361806406,-2.27386467044114,0.));
#11248=CARTESIAN_POINT('',(-18.5938648695957,-2.46301950322879,3.2));
#11249=CARTESIAN_POINT('Ctrl Pts',(-18.5938648695957,-2.46301950322879,
3.2));
#11250=CARTESIAN_POINT('Ctrl Pts',(-18.5020566939125,-2.42178870978669,
3.2));
#11251=CARTESIAN_POINT('Ctrl Pts',(-18.3244813469527,-2.32730587226128,
3.11799633355065));
#11252=CARTESIAN_POINT('Ctrl Pts',(-18.2441361806406,-2.27386467044114,
2.90809646823022));
#11253=CARTESIAN_POINT('Ctrl Pts',(-18.2441361806406,-2.27386467044114,
2.8));
#11254=CARTESIAN_POINT('',(-20.4559338351129,-2.59201929717576,3.2));
#11255=CARTESIAN_POINT('Origin',(-19.7,-3.61883129148043E-15,3.2));
#11256=CARTESIAN_POINT('',(-20.8510327323648,-2.44236026192388,2.8));
#11257=CARTESIAN_POINT('Ctrl Pts',(-20.8510327323648,-2.44236026192387,
2.8));
#11258=CARTESIAN_POINT('Ctrl Pts',(-20.8510327323648,-2.44236026192387,
2.84782891399828));
#11259=CARTESIAN_POINT('Ctrl Pts',(-20.8303029024176,-2.4521167154546,2.95946172252868));
#11260=CARTESIAN_POINT('Ctrl Pts',(-20.7091719830939,-2.50687702135443,
3.13875384207731));
#11261=CARTESIAN_POINT('Ctrl Pts',(-20.5556826025066,-2.56292866950725,
3.2));
#11262=CARTESIAN_POINT('Ctrl Pts',(-20.4559338351129,-2.59201929717576,
3.2));
#11263=CARTESIAN_POINT('',(-20.8510327323648,-2.44236026192388,0.2));
#11264=CARTESIAN_POINT('',(-20.8510327323648,-2.44236026192388,0.));
#11265=CARTESIAN_POINT('',(-20.8510327323648,2.44236026192387,0.2));
#11266=CARTESIAN_POINT('Origin',(-19.7,-3.61883129148043E-15,0.2));
#11267=CARTESIAN_POINT('',(-20.8510327323648,2.44236026192387,0.));
#11268=CARTESIAN_POINT('Origin',(-19.7,-3.88578058618805E-15,5.2));
#11269=CARTESIAN_POINT('',(-21.3,1.01033360929657E-15,5.2));
#11270=CARTESIAN_POINT('Origin',(-19.7,1.20627709716014E-15,5.2));
#11271=CARTESIAN_POINT('Ctrl Pts',(-18.3345052841807,-2.46899088381234,
2.8));
#11272=CARTESIAN_POINT('Ctrl Pts',(-18.3345052841807,-2.46899088381234,
2.85404823411511));
#11273=CARTESIAN_POINT('Ctrl Pts',(-18.3745628607312,-2.52075995439015,
2.95899816677532));
#11274=CARTESIAN_POINT('Ctrl Pts',(-18.4647387569195,-2.60852849221918,
3.));
#11275=CARTESIAN_POINT('Ctrl Pts',(-18.5119289340102,-2.64546539235685,
3.));
#11276=CARTESIAN_POINT('Ctrl Pts',(-18.3395551815473,-2.43149079802509,
2.8));
#11277=CARTESIAN_POINT('Ctrl Pts',(-18.3395551815473,-2.43149079802509,
2.85877974179532));
#11278=CARTESIAN_POINT('Ctrl Pts',(-18.3896269071543,-2.48165469573508,
2.9718158060881));
#11279=CARTESIAN_POINT('Ctrl Pts',(-18.487090879549,-2.56378348806635,3.00384428034504));
#11280=CARTESIAN_POINT('Ctrl Pts',(-18.5333797117852,-2.59770117027665,
3.));
#11281=CARTESIAN_POINT('Ctrl Pts',(-18.3277523982152,-2.35362886058805,
2.8));
#11282=CARTESIAN_POINT('Ctrl Pts',(-18.3277523982152,-2.35362886058805,
2.87429508083889));
#11283=CARTESIAN_POINT('Ctrl Pts',(-18.3952815797828,-2.40008749782813,
3.0165017334336));
#11284=CARTESIAN_POINT('Ctrl Pts',(-18.5201402571695,-2.47287520658247,
3.05042938306948));
#11285=CARTESIAN_POINT('Ctrl Pts',(-18.5760873701172,-2.50260447501969,
3.04339365713318));
#11286=CARTESIAN_POINT('Ctrl Pts',(-18.2760027743673,-2.29426756488596,
2.8));
#11287=CARTESIAN_POINT('Ctrl Pts',(-18.2760027743673,-2.29426756488596,
2.89681300765174));
#11288=CARTESIAN_POINT('Ctrl Pts',(-18.3530143205814,-2.34369282203622,
3.08418557862335));
#11289=CARTESIAN_POINT('Ctrl Pts',(-18.5139793147749,-2.42722880477679,
3.15005507835132));
#11290=CARTESIAN_POINT('Ctrl Pts',(-18.5938648695957,-2.46301950322879,
3.14764012244017));
#11291=CARTESIAN_POINT('Ctrl Pts',(-18.2441361806406,-2.27386467044114,
2.8));
#11292=CARTESIAN_POINT('Ctrl Pts',(-18.2441361806406,-2.27386467044114,
2.90809646823022));
#11293=CARTESIAN_POINT('Ctrl Pts',(-18.3244813469527,-2.32730587226128,
3.11799633355065));
#11294=CARTESIAN_POINT('Ctrl Pts',(-18.5020566939125,-2.42178870978669,
3.2));
#11295=CARTESIAN_POINT('Ctrl Pts',(-18.5938648695957,-2.46301950322879,
3.2));
#11296=CARTESIAN_POINT('',(-18.3345052841807,-2.46899088381233,2.8));
#11297=CARTESIAN_POINT('Origin',(-18.1362944162437,-2.44229909047382,2.8));
#11298=CARTESIAN_POINT('',(-18.5119289340102,-2.64546539235685,3.));
#11299=CARTESIAN_POINT('Ctrl Pts',(-18.3345052841807,-2.46899088381234,
2.8));
#11300=CARTESIAN_POINT('Ctrl Pts',(-18.3345052841807,-2.46899088381234,
2.85404823411511));
#11301=CARTESIAN_POINT('Ctrl Pts',(-18.3745628607312,-2.52075995439015,
2.95899816677532));
#11302=CARTESIAN_POINT('Ctrl Pts',(-18.4647387569195,-2.60852849221918,
3.));
#11303=CARTESIAN_POINT('Ctrl Pts',(-18.5119289340102,-2.64546539235685,
3.));
#11304=CARTESIAN_POINT('Origin',(-18.5119289340102,-2.64546539235685,3.2));
#11305=CARTESIAN_POINT('Ctrl Pts',(-18.5119289340102,2.64546539235684,3.));
#11306=CARTESIAN_POINT('Ctrl Pts',(-18.4647386443998,2.60852840414726,3.));
#11307=CARTESIAN_POINT('Ctrl Pts',(-18.3745603470863,2.52075692235667,2.95899743031282));
#11308=CARTESIAN_POINT('Ctrl Pts',(-18.3345052841807,2.46899088381233,2.85404836298709));
#11309=CARTESIAN_POINT('Ctrl Pts',(-18.3345052841807,2.46899088381233,2.8));
#11310=CARTESIAN_POINT('Ctrl Pts',(-18.5333797117852,2.59770117027664,3.));
#11311=CARTESIAN_POINT('Ctrl Pts',(-18.4870907691784,2.56378340719342,3.0038442895113));
#11312=CARTESIAN_POINT('Ctrl Pts',(-18.3896238727949,2.48165179159114,2.97181534473827));
#11313=CARTESIAN_POINT('Ctrl Pts',(-18.3395551815473,2.43149079802508,2.85877988194906));
#11314=CARTESIAN_POINT('Ctrl Pts',(-18.3395551815473,2.43149079802508,2.8));
#11315=CARTESIAN_POINT('Ctrl Pts',(-18.5760873701172,2.50260447501968,3.04339365713318));
#11316=CARTESIAN_POINT('Ctrl Pts',(-18.5201401237699,2.47287513569634,3.05042939984539));
#11317=CARTESIAN_POINT('Ctrl Pts',(-18.3952775045081,2.40008484741035,3.01650128916419));
#11318=CARTESIAN_POINT('Ctrl Pts',(-18.3277523982152,2.35362886058805,2.87429525798721));
#11319=CARTESIAN_POINT('Ctrl Pts',(-18.3277523982152,2.35362886058805,2.8));
#11320=CARTESIAN_POINT('Ctrl Pts',(-18.5938648695957,2.46301950322878,3.14764012244017));
#11321=CARTESIAN_POINT('Ctrl Pts',(-18.5139791242967,2.42722871943786,3.15005508410951));
#11322=CARTESIAN_POINT('Ctrl Pts',(-18.3530095596463,2.34368995176036,3.08418445151804));
#11323=CARTESIAN_POINT('Ctrl Pts',(-18.2760027743673,2.29426756488595,2.89681323849155));
#11324=CARTESIAN_POINT('Ctrl Pts',(-18.2760027743673,2.29426756488595,2.8));
#11325=CARTESIAN_POINT('Ctrl Pts',(-18.5938648695957,2.46301950322878,3.2));
#11326=CARTESIAN_POINT('Ctrl Pts',(-18.5020564750062,2.42178861147646,3.2));
#11327=CARTESIAN_POINT('Ctrl Pts',(-18.324476327638,2.32730270965725,3.11799486062565));
#11328=CARTESIAN_POINT('Ctrl Pts',(-18.2441361806406,2.27386467044114,2.90809672597418));
#11329=CARTESIAN_POINT('Ctrl Pts',(-18.2441361806406,2.27386467044114,2.8));
#11330=CARTESIAN_POINT('',(-18.5119289340102,2.64546539235684,3.));
#11331=CARTESIAN_POINT('Origin',(-18.5119289340102,2.64546539235684,3.2));
#11332=CARTESIAN_POINT('',(-18.3345052841807,2.46899088381232,2.8));
#11333=CARTESIAN_POINT('Ctrl Pts',(-18.5119289340102,2.64546539235684,3.));
#11334=CARTESIAN_POINT('Ctrl Pts',(-18.4647386443998,2.60852840414726,3.));
#11335=CARTESIAN_POINT('Ctrl Pts',(-18.3745603470863,2.52075692235667,2.95899743031282));
#11336=CARTESIAN_POINT('Ctrl Pts',(-18.3345052841807,2.46899088381233,2.85404836298709));
#11337=CARTESIAN_POINT('Ctrl Pts',(-18.3345052841807,2.46899088381233,2.8));
#11338=CARTESIAN_POINT('Origin',(-18.1362944162437,2.44229909047381,2.8));
#11339=CARTESIAN_POINT('Ctrl Pts',(-20.5119289340102,-2.78402072659619,
3.));
#11340=CARTESIAN_POINT('Ctrl Pts',(-20.5685487705185,-2.74591862244761,
3.));
#11341=CARTESIAN_POINT('Ctrl Pts',(-20.6562517879821,-2.67587616753076,
2.96937692103865));
#11342=CARTESIAN_POINT('Ctrl Pts',(-20.7259109487072,-2.61005913407599,
2.87973086126434));
#11343=CARTESIAN_POINT('Ctrl Pts',(-20.737846127938,-2.5984106630719,2.82391445699914));
#11344=CARTESIAN_POINT('Ctrl Pts',(-20.737846127938,-2.5984106630719,2.8));
#11345=CARTESIAN_POINT('Ctrl Pts',(-20.4972694513991,-2.73375486991736,
3.));
#11346=CARTESIAN_POINT('Ctrl Pts',(-20.5528219580539,-2.69954918883659,
3.00554773995032));
#11347=CARTESIAN_POINT('Ctrl Pts',(-20.6471513374272,-2.63627231096469,
2.98277143233406));
#11348=CARTESIAN_POINT('Ctrl Pts',(-20.728011409298,-2.57588018740609,2.88822139514724));
#11349=CARTESIAN_POINT('Ctrl Pts',(-20.7420141116343,-2.56514609647115,
2.82644846816988));
#11350=CARTESIAN_POINT('Ctrl Pts',(-20.7420141116343,-2.56514609647115,
2.8));
#11351=CARTESIAN_POINT('Ctrl Pts',(-20.4680847285279,-2.63368345976085,
3.04339984625204));
#11352=CARTESIAN_POINT('Ctrl Pts',(-20.5327655324138,-2.60850715746404,
3.0535532103028));
#11353=CARTESIAN_POINT('Ctrl Pts',(-20.6483283066984,-2.55964397382166,
3.03026700021912));
#11354=CARTESIAN_POINT('Ctrl Pts',(-20.7498477729115,-2.50970182327016,
2.91177831376537));
#11355=CARTESIAN_POINT('Ctrl Pts',(-20.7674463314132,-2.50080680607239,
2.83359884764481));
#11356=CARTESIAN_POINT('Ctrl Pts',(-20.7674463314132,-2.50080680607239,
2.8));
#11357=CARTESIAN_POINT('Ctrl Pts',(-20.4559338351129,-2.59201929717576,
3.14764012244017));
#11358=CARTESIAN_POINT('Ctrl Pts',(-20.5439732945677,-2.56646105180792,
3.15112518236922));
#11359=CARTESIAN_POINT('Ctrl Pts',(-20.6853858936415,-2.51620443482686,
3.10257950394384));
#11360=CARTESIAN_POINT('Ctrl Pts',(-20.8008824475128,-2.46577835759692,
2.94359294449723));
#11361=CARTESIAN_POINT('Ctrl Pts',(-20.8207070578847,-2.45665211087906,
2.843081380473));
#11362=CARTESIAN_POINT('Ctrl Pts',(-20.8207070578847,-2.45665211087906,
2.8));
#11363=CARTESIAN_POINT('Ctrl Pts',(-20.4559338351129,-2.59201929717576,
3.2));
#11364=CARTESIAN_POINT('Ctrl Pts',(-20.5556826025066,-2.56292866950725,
3.2));
#11365=CARTESIAN_POINT('Ctrl Pts',(-20.7091719830939,-2.50687702135443,
3.13875384207731));
#11366=CARTESIAN_POINT('Ctrl Pts',(-20.8303029024176,-2.4521167154546,2.95946172252868));
#11367=CARTESIAN_POINT('Ctrl Pts',(-20.8510327323648,-2.44236026192387,
2.84782891399828));
#11368=CARTESIAN_POINT('Ctrl Pts',(-20.8510327323648,-2.44236026192387,
2.8));
#11369=CARTESIAN_POINT('',(-20.737846127938,-2.5984106630719,2.8));
#11370=CARTESIAN_POINT('',(-20.5119289340102,-2.78402072659618,3.));
#11371=CARTESIAN_POINT('Ctrl Pts',(-20.5119289340102,-2.78402072659619,
3.));
#11372=CARTESIAN_POINT('Ctrl Pts',(-20.5685487705185,-2.74591862244761,
3.));
#11373=CARTESIAN_POINT('Ctrl Pts',(-20.6562517879821,-2.67587616753076,
2.96937692103865));
#11374=CARTESIAN_POINT('Ctrl Pts',(-20.7259109487072,-2.61005913407599,
2.87973086126434));
#11375=CARTESIAN_POINT('Ctrl Pts',(-20.737846127938,-2.5984106630719,2.82391445699914));
#11376=CARTESIAN_POINT('Ctrl Pts',(-20.737846127938,-2.5984106630719,2.8));
#11377=CARTESIAN_POINT('Origin',(-20.9362944162437,-2.6232758368812,2.8));
#11378=CARTESIAN_POINT('Origin',(-20.5119289340102,-2.78402072659618,3.2));
#11379=CARTESIAN_POINT('Origin',(-18.1362944162437,-2.44229909047382,0.2));
#11380=CARTESIAN_POINT('Origin',(-18.1362944162437,-2.44229909047382,0.2));
#11381=CARTESIAN_POINT('',(-18.3345052841807,-2.46899088381233,0.2));
#11382=CARTESIAN_POINT('Origin',(-18.1362944162437,-2.44229909047382,0.2));
#11383=CARTESIAN_POINT('Origin',(-18.1362944162437,-2.44229909047382,0.2));
#11384=CARTESIAN_POINT('Ctrl Pts',(-20.737846127938,2.59841066307189,2.8));
#11385=CARTESIAN_POINT('Ctrl Pts',(-20.737846127938,2.59841066307189,2.82391430963681));
#11386=CARTESIAN_POINT('Ctrl Pts',(-20.7259103635082,2.61005985158796,2.87973007316434));
#11387=CARTESIAN_POINT('Ctrl Pts',(-20.6562491146311,2.67587847910331,2.96937603742149));
#11388=CARTESIAN_POINT('Ctrl Pts',(-20.5685484216237,2.74591885723504,3.));
#11389=CARTESIAN_POINT('Ctrl Pts',(-20.5119289340102,2.78402072659619,3.));
#11390=CARTESIAN_POINT('Ctrl Pts',(-20.7420141116343,2.56514609647115,2.8));
#11391=CARTESIAN_POINT('Ctrl Pts',(-20.7420141116343,2.56514609647115,2.82644830519282));
#11392=CARTESIAN_POINT('Ctrl Pts',(-20.7280106330548,2.57588085762744,2.88822053574058));
#11393=CARTESIAN_POINT('Ctrl Pts',(-20.6471483438092,2.63627441086656,2.98277011084806));
#11394=CARTESIAN_POINT('Ctrl Pts',(-20.552821615736,2.69954939961404,3.00554770576482));
#11395=CARTESIAN_POINT('Ctrl Pts',(-20.4972694513991,2.73375486991736,3.));
#11396=CARTESIAN_POINT('Ctrl Pts',(-20.7674463314132,2.50080680607236,2.8));
#11397=CARTESIAN_POINT('Ctrl Pts',(-20.7674463314132,2.50080680607236,2.83359864060668));
#11398=CARTESIAN_POINT('Ctrl Pts',(-20.7498467591538,2.50970241754289,2.9117772392167));
#11399=CARTESIAN_POINT('Ctrl Pts',(-20.6483245777579,2.55964564825859,3.03026518340478));
#11400=CARTESIAN_POINT('Ctrl Pts',(-20.5327651338468,2.60850731260179,3.05355314773704));
#11401=CARTESIAN_POINT('Ctrl Pts',(-20.4680847285279,2.63368345976073,3.04339984625191));
#11402=CARTESIAN_POINT('Ctrl Pts',(-20.8207070578847,2.45665211087905,2.8));
#11403=CARTESIAN_POINT('Ctrl Pts',(-20.8207070578847,2.45665211087905,2.84308111500293));
#11404=CARTESIAN_POINT('Ctrl Pts',(-20.8008814252582,2.46577895158248,2.94359153645269));
#11405=CARTESIAN_POINT('Ctrl Pts',(-20.6853815139121,2.51620613969843,3.10257771757766));
#11406=CARTESIAN_POINT('Ctrl Pts',(-20.5439727520633,2.56646120929935,3.15112516089408));
#11407=CARTESIAN_POINT('Ctrl Pts',(-20.4559338351129,2.59201929717576,3.14764012244017));
#11408=CARTESIAN_POINT('Ctrl Pts',(-20.8510327323648,2.44236026192386,2.8));
#11409=CARTESIAN_POINT('Ctrl Pts',(-20.8510327323648,2.44236026192386,2.84782861927363));
#11410=CARTESIAN_POINT('Ctrl Pts',(-20.8303018976039,2.45211734083554,2.95946014632867));
#11411=CARTESIAN_POINT('Ctrl Pts',(-20.7091673192233,2.50687890688656,3.13875207484299));
#11412=CARTESIAN_POINT('Ctrl Pts',(-20.5556819878488,2.56292884876543,3.20000000000001));
#11413=CARTESIAN_POINT('Ctrl Pts',(-20.4559338351129,2.59201929717576,3.2));
#11414=CARTESIAN_POINT('',(-20.737846127938,2.5984106630719,2.8));
#11415=CARTESIAN_POINT('Origin',(-20.9362944162437,2.6232758368812,2.8));
#11416=CARTESIAN_POINT('',(-20.5119289340102,2.78402072659618,3.));
#11417=CARTESIAN_POINT('Ctrl Pts',(-20.737846127938,2.59841066307189,2.8));
#11418=CARTESIAN_POINT('Ctrl Pts',(-20.737846127938,2.59841066307189,2.82391430963681));
#11419=CARTESIAN_POINT('Ctrl Pts',(-20.7259103635082,2.61005985158796,2.87973007316434));
#11420=CARTESIAN_POINT('Ctrl Pts',(-20.6562491146311,2.67587847910331,2.96937603742149));
#11421=CARTESIAN_POINT('Ctrl Pts',(-20.5685484216237,2.74591885723504,3.));
#11422=CARTESIAN_POINT('Ctrl Pts',(-20.5119289340102,2.78402072659619,3.));
#11423=CARTESIAN_POINT('Origin',(-20.5119289340102,2.78402072659618,3.2));
#11424=CARTESIAN_POINT('Origin',(0.,0.,2.8));
#11425=CARTESIAN_POINT('',(-19.0931000647304,8.50079584028423,2.8));
#11426=CARTESIAN_POINT('',(-18.9103909732018,8.41944851166908,3.));
#11427=CARTESIAN_POINT('Origin',(-18.9103909732018,8.41944851166908,2.8));
#11428=CARTESIAN_POINT('Origin',(0.,0.,3.));
#11429=CARTESIAN_POINT('Origin',(0.,0.,2.8));
#11430=CARTESIAN_POINT('Origin',(-17.9968455155592,8.01271186859327,2.8));
#11431=CARTESIAN_POINT('',(-16.9005909663881,7.52462789690233,2.8));
#11432=CARTESIAN_POINT('',(-17.0833000579166,7.60597522551748,3.));
#11433=CARTESIAN_POINT('Origin',(-17.0833000579166,7.60597522551748,2.8));
#11434=CARTESIAN_POINT('Origin',(-17.9968455155592,8.01271186859327,3.));
#11435=CARTESIAN_POINT('Origin',(-17.9968455155592,8.01271186859327,2.8));
#11436=CARTESIAN_POINT('Origin',(0.,0.,2.8));
#11437=CARTESIAN_POINT('Origin',(0.,0.,3.));
#11438=CARTESIAN_POINT('Origin',(0.,0.,2.8));
#11439=CARTESIAN_POINT('Origin',(-19.7,-3.61883129148043E-15,3.2));
#11440=CARTESIAN_POINT('Origin',(-19.7,-3.61883129148043E-15,3.));
#11441=CARTESIAN_POINT('Origin',(-18.1362944162437,2.44229909047381,0.2));
#11442=CARTESIAN_POINT('Origin',(-18.1362944162437,2.44229909047381,0.2));
#11443=CARTESIAN_POINT('',(-18.3345052841807,2.46899088381232,0.2));
#11444=CARTESIAN_POINT('Origin',(-18.1362944162437,2.44229909047381,0.2));
#11445=CARTESIAN_POINT('Origin',(-18.1362944162437,2.4422990904738,0.2));
#11446=CARTESIAN_POINT('Origin',(-18.1362944162437,2.44229909047381,0.));
#11447=CARTESIAN_POINT('',(-18.3345052841807,2.46899088381232,0.));
#11448=CARTESIAN_POINT('Origin',(-20.9362944162437,-2.6232758368812,0.2));
#11449=CARTESIAN_POINT('Origin',(-20.9362944162437,-2.6232758368812,0.2));
#11450=CARTESIAN_POINT('',(-20.737846127938,-2.5984106630719,0.2));
#11451=CARTESIAN_POINT('Origin',(-20.9362944162437,-2.6232758368812,0.2));
#11452=CARTESIAN_POINT('Origin',(-20.9362944162437,-2.6232758368812,0.2));
#11453=CARTESIAN_POINT('Origin',(-20.9362944162437,-2.6232758368812,0.));
#11454=CARTESIAN_POINT('',(-20.737846127938,-2.5984106630719,0.));
#11455=CARTESIAN_POINT('Origin',(0.,0.,0.2));
#11456=CARTESIAN_POINT('',(-16.9005909663881,-7.52462789690233,0.2));
#11457=CARTESIAN_POINT('Origin',(-16.7178818748596,-7.44328056828717,0.2));
#11458=CARTESIAN_POINT('Origin',(0.,0.,0.2));
#11459=CARTESIAN_POINT('Origin',(-17.9968455155592,-8.01271186859327,0.2));
#11460=CARTESIAN_POINT('',(-19.0931000647304,-8.50079584028423,0.2));
#11461=CARTESIAN_POINT('Origin',(-19.2758091562589,-8.58214316889939,0.2));
#11462=CARTESIAN_POINT('Origin',(-17.9968455155592,-8.01271186859327,0.2));
#11463=CARTESIAN_POINT('Origin',(0.,0.,0.2));
#11464=CARTESIAN_POINT('Origin',(0.,0.,0.2));
#11465=CARTESIAN_POINT('Origin',(-20.9362944162437,2.6232758368812,0.2));
#11466=CARTESIAN_POINT('Origin',(-20.9362944162437,2.62327583688119,0.2));
#11467=CARTESIAN_POINT('',(-20.737846127938,2.59841066307189,0.2));
#11468=CARTESIAN_POINT('Origin',(-20.9362944162437,2.6232758368812,0.2));
#11469=CARTESIAN_POINT('Origin',(-20.9362944162437,2.6232758368812,0.2));
#11470=CARTESIAN_POINT('Origin',(0.,0.,0.2));
#11471=CARTESIAN_POINT('',(-19.0931000647304,8.50079584028423,0.2));
#11472=CARTESIAN_POINT('Origin',(-19.2758091562589,8.58214316889939,0.2));
#11473=CARTESIAN_POINT('Origin',(0.,0.,0.2));
#11474=CARTESIAN_POINT('Origin',(-17.9968455155592,8.01271186859327,0.2));
#11475=CARTESIAN_POINT('',(-16.9005909663881,7.52462789690233,0.2));
#11476=CARTESIAN_POINT('Origin',(-16.7178818748596,7.44328056828716,0.2));
#11477=CARTESIAN_POINT('Origin',(-17.9968455155592,8.01271186859327,0.2));
#11478=CARTESIAN_POINT('Origin',(0.,0.,0.2));
#11479=CARTESIAN_POINT('Origin',(0.,0.,0.2));
#11480=CARTESIAN_POINT('Origin',(-20.9362944162437,2.6232758368812,0.));
#11481=CARTESIAN_POINT('',(-20.737846127938,2.59841066307189,0.));
#11482=CARTESIAN_POINT('Origin',(-19.7,-3.61883129148043E-15,0.2));
#11483=CARTESIAN_POINT('Origin',(-19.7,-3.61883129148043E-15,0.2));
#11484=CARTESIAN_POINT('Origin',(-18.1362944162437,-2.44229909047382,0.));
#11485=CARTESIAN_POINT('',(-18.3345052841807,-2.46899088381233,0.));
#11486=CARTESIAN_POINT('Origin',(-19.7,-3.61883129148043E-15,3.2));
#11487=CARTESIAN_POINT('Origin',(-19.7,-3.61883129148043E-15,3.));
#11488=CARTESIAN_POINT('Origin',(0.,0.,2.8));
#11489=CARTESIAN_POINT('',(-16.9005909663881,-7.52462789690233,2.8));
#11490=CARTESIAN_POINT('',(-17.0833000579166,-7.60597522551749,3.));
#11491=CARTESIAN_POINT('Origin',(-17.0833000579166,-7.60597522551749,2.8));
#11492=CARTESIAN_POINT('Origin',(0.,0.,3.));
#11493=CARTESIAN_POINT('Origin',(0.,0.,2.8));
#11494=CARTESIAN_POINT('Origin',(-17.9968455155592,-8.01271186859327,2.8));
#11495=CARTESIAN_POINT('',(-19.0931000647304,-8.50079584028423,2.8));
#11496=CARTESIAN_POINT('',(-18.9103909732018,-8.41944851166907,3.));
#11497=CARTESIAN_POINT('Origin',(-18.9103909732018,-8.41944851166907,2.8));
#11498=CARTESIAN_POINT('Origin',(-17.9968455155592,-8.01271186859327,3.));
#11499=CARTESIAN_POINT('Origin',(-17.9968455155592,-8.01271186859327,2.8));
#11500=CARTESIAN_POINT('Origin',(0.,0.,2.8));
#11501=CARTESIAN_POINT('Origin',(0.,0.,3.));
#11502=CARTESIAN_POINT('Origin',(0.,0.,2.8));
#11503=CARTESIAN_POINT('Origin',(0.,0.,0.));
#11504=CARTESIAN_POINT('',(-16.9005909663881,-7.52462789690233,0.));
#11505=CARTESIAN_POINT('Origin',(-17.9968455155592,-8.01271186859327,0.));
#11506=CARTESIAN_POINT('',(-19.0931000647304,-8.50079584028423,0.));
#11507=CARTESIAN_POINT('Origin',(0.,0.,0.));
#11508=CARTESIAN_POINT('',(-19.0931000647304,8.50079584028423,0.));
#11509=CARTESIAN_POINT('Origin',(-17.9968455155592,8.01271186859327,0.));
#11510=CARTESIAN_POINT('',(-16.9005909663881,7.52462789690233,0.));
#11511=CARTESIAN_POINT('Origin',(-2.22044604925031E-15,6.,3.));
#11512=CARTESIAN_POINT('Origin',(-2.22044604925031E-15,6.,3.));
#11513=CARTESIAN_POINT('Origin',(-19.7,1.20627709716014E-15,5.4));
#11514=CARTESIAN_POINT('Origin',(-21.3,1.01033360929657E-15,5.4));
#11515=CARTESIAN_POINT('Origin',(-13.930003589375,13.930003589375,0.2));
#11516=CARTESIAN_POINT('',(-12.530003589375,13.930003589375,0.2));
#11517=CARTESIAN_POINT('Origin',(-13.930003589375,13.930003589375,0.2));
#11518=CARTESIAN_POINT('Origin',(-12.330003589375,13.930003589375,0.2));
#11519=CARTESIAN_POINT('Origin',(-13.930003589375,13.930003589375,0.));
#11520=CARTESIAN_POINT('',(-12.530003589375,13.930003589375,2.8));
#11521=CARTESIAN_POINT('Origin',(-13.930003589375,13.930003589375,2.8));
#11522=CARTESIAN_POINT('',(-12.530003589375,13.930003589375,0.));
#11523=CARTESIAN_POINT('Origin',(-13.930003589375,13.930003589375,2.8));
#11524=CARTESIAN_POINT('',(-12.730003589375,13.930003589375,3.));
#11525=CARTESIAN_POINT('Origin',(-12.730003589375,13.930003589375,2.8));
#11526=CARTESIAN_POINT('Origin',(-13.930003589375,13.930003589375,3.));
#11527=CARTESIAN_POINT('Origin',(-2.22044604925031E-15,6.,3.));
#11528=CARTESIAN_POINT('Origin',(0.,19.7,8.));
#11529=CARTESIAN_POINT('',(1.4,19.7,8.));
#11530=CARTESIAN_POINT('Origin',(1.6,19.7,8.));
#11531=CARTESIAN_POINT('Origin',(0.,19.7,8.));
#11532=CARTESIAN_POINT('Origin',(0.,19.7,5.2));
#11533=CARTESIAN_POINT('',(1.4,19.7,5.4));
#11534=CARTESIAN_POINT('',(1.4,19.7,5.2));
#11535=CARTESIAN_POINT('',(-1.4,19.7,5.4));
#11536=CARTESIAN_POINT('Origin',(0.,19.7,5.4));
#11537=CARTESIAN_POINT('Origin',(0.,19.7,5.4));
#11538=CARTESIAN_POINT('Origin',(0.,19.7,5.4));
#11539=CARTESIAN_POINT('',(-1.6,19.7,5.2));
#11540=CARTESIAN_POINT('Origin',(0.,19.7,5.2));
#11541=CARTESIAN_POINT('Origin',(-1.6,19.7,5.4));
#11542=CARTESIAN_POINT('Origin',(0.,19.7,5.2));
#11543=CARTESIAN_POINT('',(-2.5,19.7,5.2));
#11544=CARTESIAN_POINT('Origin',(0.,19.7,5.2));
#11545=CARTESIAN_POINT('Origin',(0.,19.7,5.));
#11546=CARTESIAN_POINT('',(-2.7,19.7,5.));
#11547=CARTESIAN_POINT('Origin',(-2.5,19.7,5.));
#11548=CARTESIAN_POINT('',(2.7,19.7,5.));
#11549=CARTESIAN_POINT('Origin',(0.,19.7,5.));
#11550=CARTESIAN_POINT('Origin',(0.,19.7,5.));
#11551=CARTESIAN_POINT('Origin',(0.,19.7,0.));
#11552=CARTESIAN_POINT('',(2.27386467044114,18.2441361806406,2.8));
#11553=CARTESIAN_POINT('',(2.46301950322878,18.5938648695957,3.2));
#11554=CARTESIAN_POINT('Ctrl Pts',(2.27386467044114,18.2441361806406,2.8));
#11555=CARTESIAN_POINT('Ctrl Pts',(2.27386467044114,18.2441361806406,2.90809672597418));
#11556=CARTESIAN_POINT('Ctrl Pts',(2.32730270965726,18.324476327638,3.11799486062566));
#11557=CARTESIAN_POINT('Ctrl Pts',(2.42178861147646,18.5020564750061,3.2));
#11558=CARTESIAN_POINT('Ctrl Pts',(2.46301950322878,18.5938648695957,3.2));
#11559=CARTESIAN_POINT('',(2.27386467044114,18.2441361806406,0.2));
#11560=CARTESIAN_POINT('',(2.27386467044114,18.2441361806406,0.));
#11561=CARTESIAN_POINT('',(-2.27386467044114,18.2441361806406,0.2));
#11562=CARTESIAN_POINT('Origin',(0.,19.7,0.2));
#11563=CARTESIAN_POINT('',(-2.27386467044114,18.2441361806406,2.8));
#11564=CARTESIAN_POINT('',(-2.27386467044114,18.2441361806406,0.));
#11565=CARTESIAN_POINT('',(-2.46301950322879,18.5938648695957,3.2));
#11566=CARTESIAN_POINT('Ctrl Pts',(-2.46301950322879,18.5938648695957,3.20000000000001));
#11567=CARTESIAN_POINT('Ctrl Pts',(-2.42178870978669,18.5020566939125,3.20000000000001));
#11568=CARTESIAN_POINT('Ctrl Pts',(-2.32730587226128,18.3244813469527,3.11799633355064));
#11569=CARTESIAN_POINT('Ctrl Pts',(-2.27386467044114,18.2441361806406,2.90809646823022));
#11570=CARTESIAN_POINT('Ctrl Pts',(-2.27386467044114,18.2441361806406,2.8));
#11571=CARTESIAN_POINT('',(-2.59201929717575,20.4559338351129,3.2));
#11572=CARTESIAN_POINT('Origin',(0.,19.7,3.2));
#11573=CARTESIAN_POINT('',(-2.44236026192387,20.8510327323648,2.8));
#11574=CARTESIAN_POINT('Ctrl Pts',(-2.44236026192387,20.8510327323648,2.8));
#11575=CARTESIAN_POINT('Ctrl Pts',(-2.44236026192387,20.8510327323648,2.86377188533104));
#11576=CARTESIAN_POINT('Ctrl Pts',(-2.45566148573436,20.8230885430869,2.97434697138549));
#11577=CARTESIAN_POINT('Ctrl Pts',(-2.51206406599653,20.6951191560038,3.14396047081039));
#11578=CARTESIAN_POINT('Ctrl Pts',(-2.56292866950724,20.5556826025066,3.2));
#11579=CARTESIAN_POINT('Ctrl Pts',(-2.59201929717575,20.4559338351129,3.2));
#11580=CARTESIAN_POINT('',(-2.44236026192387,20.8510327323648,0.2));
#11581=CARTESIAN_POINT('',(-2.44236026192387,20.8510327323648,0.));
#11582=CARTESIAN_POINT('',(2.44236026192388,20.8510327323648,0.2));
#11583=CARTESIAN_POINT('Origin',(0.,19.7,0.2));
#11584=CARTESIAN_POINT('',(2.44236026192388,20.8510327323648,2.8));
#11585=CARTESIAN_POINT('',(2.44236026192388,20.8510327323648,0.));
#11586=CARTESIAN_POINT('',(2.59201929717576,20.4559338351129,3.2));
#11587=CARTESIAN_POINT('Ctrl Pts',(2.59201929717576,20.4559338351129,3.2));
#11588=CARTESIAN_POINT('Ctrl Pts',(2.56292884876545,20.5556819878487,3.2));
#11589=CARTESIAN_POINT('Ctrl Pts',(2.50687890688656,20.7091673192233,3.13875207484298));
#11590=CARTESIAN_POINT('Ctrl Pts',(2.45211734083555,20.8303018976039,2.95946014632871));
#11591=CARTESIAN_POINT('Ctrl Pts',(2.44236026192387,20.8510327323648,2.84782861927363));
#11592=CARTESIAN_POINT('Ctrl Pts',(2.44236026192387,20.8510327323648,2.8));
#11593=CARTESIAN_POINT('',(2.7,19.7,3.2));
#11594=CARTESIAN_POINT('Origin',(0.,19.7,3.2));
#11595=CARTESIAN_POINT('',(2.7,19.7,0.));
#11596=CARTESIAN_POINT('Origin',(0.,19.7,3.2));
#11597=CARTESIAN_POINT('Ctrl Pts',(-2.78402072659618,20.5119289340102,3.));
#11598=CARTESIAN_POINT('Ctrl Pts',(-2.7459186224476,20.5685487705185,3.));
#11599=CARTESIAN_POINT('Ctrl Pts',(-2.68234439789589,20.6482194674373,2.9719802354052));
#11600=CARTESIAN_POINT('Ctrl Pts',(-2.61426296303179,20.7217502095345,2.88717348569275));
#11601=CARTESIAN_POINT('Ctrl Pts',(-2.59841066307189,20.737846127938,2.83188594266552));
#11602=CARTESIAN_POINT('Ctrl Pts',(-2.59841066307189,20.737846127938,2.8));
#11603=CARTESIAN_POINT('Ctrl Pts',(-2.73375486991735,20.4972694513991,3.));
#11604=CARTESIAN_POINT('Ctrl Pts',(-2.69954918883658,20.5528219580539,3.00554773995032));
#11605=CARTESIAN_POINT('Ctrl Pts',(-2.64211756501732,20.638475085629,2.98458031436913));
#11606=CARTESIAN_POINT('Ctrl Pts',(-2.57976160158762,20.7230251482669,2.89632890305056));
#11607=CARTESIAN_POINT('Ctrl Pts',(-2.56514609647115,20.7420141116343,2.83526462422651));
#11608=CARTESIAN_POINT('Ctrl Pts',(-2.56514609647115,20.7420141116343,2.8));
#11609=CARTESIAN_POINT('Ctrl Pts',(-2.63368345976085,20.4680847285279,3.04339984625205));
#11610=CARTESIAN_POINT('Ctrl Pts',(-2.60850715746403,20.5327655324138,3.0535532103028));
#11611=CARTESIAN_POINT('Ctrl Pts',(-2.56418200455426,20.637678144526,3.03207426009123));
#11612=CARTESIAN_POINT('Ctrl Pts',(-2.51296719843434,20.7435306934166,2.92200013187116));
#11613=CARTESIAN_POINT('Ctrl Pts',(-2.50080680607238,20.7674463314132,2.84479846352641));
#11614=CARTESIAN_POINT('Ctrl Pts',(-2.50080680607238,20.7674463314132,2.8));
#11615=CARTESIAN_POINT('Ctrl Pts',(-2.59201929717575,20.4559338351129,3.14764012244017));
#11616=CARTESIAN_POINT('Ctrl Pts',(-2.56646105180791,20.5439732945677,3.15112518236923));
#11617=CARTESIAN_POINT('Ctrl Pts',(-2.5208481810796,20.6724092187029,3.10664343044559));
#11618=CARTESIAN_POINT('Ctrl Pts',(-2.46909394438371,20.7939075627659,2.95693092059744));
#11619=CARTESIAN_POINT('Ctrl Pts',(-2.45665211087906,20.8207070578847,2.85744184063066));
#11620=CARTESIAN_POINT('Ctrl Pts',(-2.45665211087906,20.8207070578847,2.8));
#11621=CARTESIAN_POINT('Ctrl Pts',(-2.59201929717575,20.4559338351129,3.2));
#11622=CARTESIAN_POINT('Ctrl Pts',(-2.56292866950724,20.5556826025066,3.2));
#11623=CARTESIAN_POINT('Ctrl Pts',(-2.51206406599653,20.6951191560038,3.14396047081039));
#11624=CARTESIAN_POINT('Ctrl Pts',(-2.45566148573436,20.8230885430869,2.97434697138549));
#11625=CARTESIAN_POINT('Ctrl Pts',(-2.44236026192387,20.8510327323648,2.86377188533104));
#11626=CARTESIAN_POINT('Ctrl Pts',(-2.44236026192387,20.8510327323648,2.8));
#11627=CARTESIAN_POINT('',(-2.5984106630719,20.737846127938,2.8));
#11628=CARTESIAN_POINT('',(-2.78402072659618,20.5119289340102,3.));
#11629=CARTESIAN_POINT('Ctrl Pts',(-2.78402072659618,20.5119289340102,3.));
#11630=CARTESIAN_POINT('Ctrl Pts',(-2.7459186224476,20.5685487705185,3.));
#11631=CARTESIAN_POINT('Ctrl Pts',(-2.68234439789589,20.6482194674373,2.9719802354052));
#11632=CARTESIAN_POINT('Ctrl Pts',(-2.61426296303179,20.7217502095345,2.88717348569275));
#11633=CARTESIAN_POINT('Ctrl Pts',(-2.59841066307189,20.737846127938,2.83188594266552));
#11634=CARTESIAN_POINT('Ctrl Pts',(-2.59841066307189,20.737846127938,2.8));
#11635=CARTESIAN_POINT('Origin',(-2.6232758368812,20.9362944162437,2.8));
#11636=CARTESIAN_POINT('Origin',(-2.78402072659618,20.5119289340102,3.2));
#11637=CARTESIAN_POINT('Ctrl Pts',(-2.46899088381233,18.3345052841807,2.8));
#11638=CARTESIAN_POINT('Ctrl Pts',(-2.46899088381233,18.3345052841807,2.85404823411511));
#11639=CARTESIAN_POINT('Ctrl Pts',(-2.52075995439015,18.3745628607312,2.95899816677532));
#11640=CARTESIAN_POINT('Ctrl Pts',(-2.60852849221918,18.4647387569195,3.));
#11641=CARTESIAN_POINT('Ctrl Pts',(-2.64546539235685,18.5119289340102,3.));
#11642=CARTESIAN_POINT('Ctrl Pts',(-2.43149079802508,18.3395551815473,2.8));
#11643=CARTESIAN_POINT('Ctrl Pts',(-2.43149079802508,18.3395551815473,2.85877974179532));
#11644=CARTESIAN_POINT('Ctrl Pts',(-2.48165469573508,18.3896269071543,2.9718158060881));
#11645=CARTESIAN_POINT('Ctrl Pts',(-2.56378348806635,18.487090879549,3.00384428034504));
#11646=CARTESIAN_POINT('Ctrl Pts',(-2.59770117027665,18.5333797117852,3.));
#11647=CARTESIAN_POINT('Ctrl Pts',(-2.35362886058805,18.3277523982152,2.8));
#11648=CARTESIAN_POINT('Ctrl Pts',(-2.35362886058805,18.3277523982152,2.87429508083889));
#11649=CARTESIAN_POINT('Ctrl Pts',(-2.40008749782813,18.3952815797828,3.01650173343359));
#11650=CARTESIAN_POINT('Ctrl Pts',(-2.47287520658246,18.5201402571695,3.05042938306948));
#11651=CARTESIAN_POINT('Ctrl Pts',(-2.50260447501969,18.5760873701172,3.04339365713318));
#11652=CARTESIAN_POINT('Ctrl Pts',(-2.29426756488595,18.2760027743673,2.8));
#11653=CARTESIAN_POINT('Ctrl Pts',(-2.29426756488595,18.2760027743673,2.89681300765175));
#11654=CARTESIAN_POINT('Ctrl Pts',(-2.34369282203622,18.3530143205814,3.08418557862334));
#11655=CARTESIAN_POINT('Ctrl Pts',(-2.42722880477679,18.5139793147749,3.15005507835132));
#11656=CARTESIAN_POINT('Ctrl Pts',(-2.46301950322879,18.5938648695957,3.14764012244017));
#11657=CARTESIAN_POINT('Ctrl Pts',(-2.27386467044114,18.2441361806406,2.8));
#11658=CARTESIAN_POINT('Ctrl Pts',(-2.27386467044114,18.2441361806406,2.90809646823022));
#11659=CARTESIAN_POINT('Ctrl Pts',(-2.32730587226128,18.3244813469527,3.11799633355064));
#11660=CARTESIAN_POINT('Ctrl Pts',(-2.42178870978669,18.5020566939125,3.20000000000001));
#11661=CARTESIAN_POINT('Ctrl Pts',(-2.46301950322879,18.5938648695957,3.20000000000001));
#11662=CARTESIAN_POINT('',(-2.46899088381233,18.3345052841807,2.8));
#11663=CARTESIAN_POINT('Origin',(-2.44229909047381,18.1362944162437,2.8));
#11664=CARTESIAN_POINT('',(-2.64546539235684,18.5119289340102,3.));
#11665=CARTESIAN_POINT('Ctrl Pts',(-2.46899088381233,18.3345052841807,2.8));
#11666=CARTESIAN_POINT('Ctrl Pts',(-2.46899088381233,18.3345052841807,2.85404823411511));
#11667=CARTESIAN_POINT('Ctrl Pts',(-2.52075995439015,18.3745628607312,2.95899816677532));
#11668=CARTESIAN_POINT('Ctrl Pts',(-2.60852849221918,18.4647387569195,3.));
#11669=CARTESIAN_POINT('Ctrl Pts',(-2.64546539235685,18.5119289340102,3.));
#11670=CARTESIAN_POINT('Origin',(-2.64546539235684,18.5119289340102,3.2));
#11671=CARTESIAN_POINT('Origin',(0.,0.,2.8));
#11672=CARTESIAN_POINT('',(-7.52462789690232,16.9005909663881,2.8));
#11673=CARTESIAN_POINT('',(-7.60597522551748,17.0833000579166,3.));
#11674=CARTESIAN_POINT('Origin',(-7.60597522551748,17.0833000579166,2.8));
#11675=CARTESIAN_POINT('Origin',(0.,0.,3.));
#11676=CARTESIAN_POINT('Origin',(0.,0.,2.8));
#11677=CARTESIAN_POINT('Origin',(-8.01271186859327,17.9968455155592,2.8));
#11678=CARTESIAN_POINT('',(-8.50079584028423,19.0931000647304,2.8));
#11679=CARTESIAN_POINT('',(-8.41944851166907,18.9103909732018,3.));
#11680=CARTESIAN_POINT('Origin',(-8.41944851166907,18.9103909732018,2.8));
#11681=CARTESIAN_POINT('Origin',(-8.01271186859327,17.9968455155592,3.));
#11682=CARTESIAN_POINT('Origin',(-8.01271186859327,17.9968455155592,2.8));
#11683=CARTESIAN_POINT('Origin',(0.,0.,2.8));
#11684=CARTESIAN_POINT('Origin',(0.,0.,3.));
#11685=CARTESIAN_POINT('Origin',(0.,0.,2.8));
#11686=CARTESIAN_POINT('Origin',(0.,19.7,3.2));
#11687=CARTESIAN_POINT('Origin',(0.,19.7,3.));
#11688=CARTESIAN_POINT('Origin',(-2.6232758368812,20.9362944162437,0.2));
#11689=CARTESIAN_POINT('',(-2.5984106630719,20.737846127938,0.2));
#11690=CARTESIAN_POINT('Origin',(-2.6232758368812,20.9362944162437,0.2));
#11691=CARTESIAN_POINT('Origin',(-2.6232758368812,20.9362944162437,0.2));
#11692=CARTESIAN_POINT('Origin',(-2.6232758368812,20.9362944162437,0.2));
#11693=CARTESIAN_POINT('Origin',(-2.44229909047382,18.1362944162437,0.2));
#11694=CARTESIAN_POINT('Origin',(-2.44229909047382,18.1362944162437,0.2));
#11695=CARTESIAN_POINT('',(-2.46899088381233,18.3345052841807,0.2));
#11696=CARTESIAN_POINT('Origin',(-2.44229909047382,18.1362944162437,0.2));
#11697=CARTESIAN_POINT('Origin',(-2.44229909047381,18.1362944162437,0.2));
#11698=CARTESIAN_POINT('Origin',(0.,0.,0.2));
#11699=CARTESIAN_POINT('',(-7.52462789690232,16.9005909663881,0.2));
#11700=CARTESIAN_POINT('Origin',(-7.44328056828716,16.7178818748596,0.2));
#11701=CARTESIAN_POINT('Origin',(0.,0.,0.2));
#11702=CARTESIAN_POINT('Origin',(-8.01271186859327,17.9968455155592,0.2));
#11703=CARTESIAN_POINT('',(-8.50079584028423,19.0931000647304,0.2));
#11704=CARTESIAN_POINT('Origin',(-8.58214316889939,19.2758091562589,0.2));
#11705=CARTESIAN_POINT('Origin',(-8.01271186859327,17.9968455155592,0.2));
#11706=CARTESIAN_POINT('Origin',(0.,0.,0.2));
#11707=CARTESIAN_POINT('Origin',(0.,0.,0.2));
#11708=CARTESIAN_POINT('Origin',(-2.44229909047381,18.1362944162437,0.));
#11709=CARTESIAN_POINT('',(-2.46899088381233,18.3345052841807,0.));
#11710=CARTESIAN_POINT('Origin',(2.6232758368812,20.9362944162437,0.2));
#11711=CARTESIAN_POINT('Origin',(2.6232758368812,20.9362944162437,0.2));
#11712=CARTESIAN_POINT('',(2.5984106630719,20.737846127938,0.2));
#11713=CARTESIAN_POINT('Origin',(2.6232758368812,20.9362944162437,0.2));
#11714=CARTESIAN_POINT('Origin',(2.6232758368812,20.9362944162437,0.2));
#11715=CARTESIAN_POINT('Origin',(2.44229909047382,18.1362944162437,0.2));
#11716=CARTESIAN_POINT('Origin',(2.44229909047381,18.1362944162437,0.2));
#11717=CARTESIAN_POINT('',(2.46899088381233,18.3345052841807,0.2));
#11718=CARTESIAN_POINT('Origin',(2.44229909047382,18.1362944162437,0.2));
#11719=CARTESIAN_POINT('Origin',(2.44229909047381,18.1362944162437,0.2));
#11720=CARTESIAN_POINT('Ctrl Pts',(2.59841066307189,20.737846127938,2.8));
#11721=CARTESIAN_POINT('Ctrl Pts',(2.59841066307189,20.737846127938,2.82391430963681));
#11722=CARTESIAN_POINT('Ctrl Pts',(2.61005985158797,20.7259103635082,2.87973007316435));
#11723=CARTESIAN_POINT('Ctrl Pts',(2.67587847910331,20.656249114631,2.96937603742149));
#11724=CARTESIAN_POINT('Ctrl Pts',(2.74591885723508,20.5685484216236,3.));
#11725=CARTESIAN_POINT('Ctrl Pts',(2.78402072659618,20.5119289340102,3.));
#11726=CARTESIAN_POINT('Ctrl Pts',(2.56514609647115,20.7420141116343,2.8));
#11727=CARTESIAN_POINT('Ctrl Pts',(2.56514609647115,20.7420141116343,2.82644830519282));
#11728=CARTESIAN_POINT('Ctrl Pts',(2.57588085762746,20.7280106330548,2.8882205357406));
#11729=CARTESIAN_POINT('Ctrl Pts',(2.63627441086657,20.6471483438092,2.98277011084806));
#11730=CARTESIAN_POINT('Ctrl Pts',(2.69954939961406,20.552821615736,3.00554770576481));
#11731=CARTESIAN_POINT('Ctrl Pts',(2.73375486991735,20.4972694513991,3.));
#11732=CARTESIAN_POINT('Ctrl Pts',(2.50080680607237,20.7674463314132,2.8));
#11733=CARTESIAN_POINT('Ctrl Pts',(2.50080680607237,20.7674463314132,2.83359864060668));
#11734=CARTESIAN_POINT('Ctrl Pts',(2.5097024175429,20.7498467591538,2.91177723921672));
#11735=CARTESIAN_POINT('Ctrl Pts',(2.55964564825859,20.6483245777579,3.03026518340478));
#11736=CARTESIAN_POINT('Ctrl Pts',(2.60850731260181,20.5327651338468,3.05355314773703));
#11737=CARTESIAN_POINT('Ctrl Pts',(2.63368345976073,20.4680847285279,3.04339984625192));
#11738=CARTESIAN_POINT('Ctrl Pts',(2.45665211087906,20.8207070578847,2.8));
#11739=CARTESIAN_POINT('Ctrl Pts',(2.45665211087906,20.8207070578847,2.84308111500293));
#11740=CARTESIAN_POINT('Ctrl Pts',(2.46577895158249,20.8008814252582,2.94359153645272));
#11741=CARTESIAN_POINT('Ctrl Pts',(2.51620613969843,20.6853815139121,3.10257771757765));
#11742=CARTESIAN_POINT('Ctrl Pts',(2.56646120929937,20.5439727520633,3.15112516089408));
#11743=CARTESIAN_POINT('Ctrl Pts',(2.59201929717576,20.4559338351129,3.14764012244017));
#11744=CARTESIAN_POINT('Ctrl Pts',(2.44236026192387,20.8510327323648,2.8));
#11745=CARTESIAN_POINT('Ctrl Pts',(2.44236026192387,20.8510327323648,2.84782861927363));
#11746=CARTESIAN_POINT('Ctrl Pts',(2.45211734083555,20.8303018976039,2.95946014632871));
#11747=CARTESIAN_POINT('Ctrl Pts',(2.50687890688656,20.7091673192233,3.13875207484298));
#11748=CARTESIAN_POINT('Ctrl Pts',(2.56292884876545,20.5556819878487,3.2));
#11749=CARTESIAN_POINT('Ctrl Pts',(2.59201929717576,20.4559338351129,3.2));
#11750=CARTESIAN_POINT('',(2.5984106630719,20.737846127938,2.8));
#11751=CARTESIAN_POINT('Origin',(2.6232758368812,20.9362944162437,2.8));
#11752=CARTESIAN_POINT('',(2.78402072659618,20.5119289340102,3.));
#11753=CARTESIAN_POINT('Ctrl Pts',(2.59841066307189,20.737846127938,2.8));
#11754=CARTESIAN_POINT('Ctrl Pts',(2.59841066307189,20.737846127938,2.82391430963681));
#11755=CARTESIAN_POINT('Ctrl Pts',(2.61005985158797,20.7259103635082,2.87973007316435));
#11756=CARTESIAN_POINT('Ctrl Pts',(2.67587847910331,20.656249114631,2.96937603742149));
#11757=CARTESIAN_POINT('Ctrl Pts',(2.74591885723508,20.5685484216236,3.));
#11758=CARTESIAN_POINT('Ctrl Pts',(2.78402072659618,20.5119289340102,3.));
#11759=CARTESIAN_POINT('Origin',(2.78402072659618,20.5119289340102,3.2));
#11760=CARTESIAN_POINT('Ctrl Pts',(2.64546539235684,18.5119289340102,3.));
#11761=CARTESIAN_POINT('Ctrl Pts',(2.60852840414726,18.4647386443998,3.));
#11762=CARTESIAN_POINT('Ctrl Pts',(2.52075692235667,18.3745603470863,2.95899743031283));
#11763=CARTESIAN_POINT('Ctrl Pts',(2.46899088381233,18.3345052841807,2.85404836298709));
#11764=CARTESIAN_POINT('Ctrl Pts',(2.46899088381233,18.3345052841807,2.8));
#11765=CARTESIAN_POINT('Ctrl Pts',(2.59770117027664,18.5333797117852,3.));
#11766=CARTESIAN_POINT('Ctrl Pts',(2.56378340719342,18.4870907691784,3.0038442895113));
#11767=CARTESIAN_POINT('Ctrl Pts',(2.48165179159115,18.3896238727949,2.97181534473828));
#11768=CARTESIAN_POINT('Ctrl Pts',(2.43149079802508,18.3395551815473,2.85877988194906));
#11769=CARTESIAN_POINT('Ctrl Pts',(2.43149079802508,18.3395551815473,2.8));
#11770=CARTESIAN_POINT('Ctrl Pts',(2.50260447501969,18.5760873701172,3.04339365713318));
#11771=CARTESIAN_POINT('Ctrl Pts',(2.47287513569634,18.5201401237699,3.05042939984539));
#11772=CARTESIAN_POINT('Ctrl Pts',(2.40008484741035,18.3952775045081,3.01650128916419));
#11773=CARTESIAN_POINT('Ctrl Pts',(2.35362886058805,18.3277523982152,2.87429525798721));
#11774=CARTESIAN_POINT('Ctrl Pts',(2.35362886058805,18.3277523982152,2.8));
#11775=CARTESIAN_POINT('Ctrl Pts',(2.46301950322878,18.5938648695957,3.14764012244017));
#11776=CARTESIAN_POINT('Ctrl Pts',(2.42722871943786,18.5139791242967,3.15005508410951));
#11777=CARTESIAN_POINT('Ctrl Pts',(2.34368995176037,18.3530095596463,3.08418445151804));
#11778=CARTESIAN_POINT('Ctrl Pts',(2.29426756488595,18.2760027743673,2.89681323849155));
#11779=CARTESIAN_POINT('Ctrl Pts',(2.29426756488595,18.2760027743673,2.8));
#11780=CARTESIAN_POINT('Ctrl Pts',(2.46301950322878,18.5938648695957,3.2));
#11781=CARTESIAN_POINT('Ctrl Pts',(2.42178861147646,18.5020564750061,3.2));
#11782=CARTESIAN_POINT('Ctrl Pts',(2.32730270965726,18.324476327638,3.11799486062566));
#11783=CARTESIAN_POINT('Ctrl Pts',(2.27386467044114,18.2441361806406,2.90809672597418));
#11784=CARTESIAN_POINT('Ctrl Pts',(2.27386467044114,18.2441361806406,2.8));
#11785=CARTESIAN_POINT('',(2.64546539235684,18.5119289340102,3.));
#11786=CARTESIAN_POINT('Origin',(2.64546539235684,18.5119289340102,3.2));
#11787=CARTESIAN_POINT('',(2.46899088381233,18.3345052841807,2.8));
#11788=CARTESIAN_POINT('Ctrl Pts',(2.64546539235684,18.5119289340102,3.));
#11789=CARTESIAN_POINT('Ctrl Pts',(2.60852840414726,18.4647386443998,3.));
#11790=CARTESIAN_POINT('Ctrl Pts',(2.52075692235667,18.3745603470863,2.95899743031283));
#11791=CARTESIAN_POINT('Ctrl Pts',(2.46899088381233,18.3345052841807,2.85404836298709));
#11792=CARTESIAN_POINT('Ctrl Pts',(2.46899088381233,18.3345052841807,2.8));
#11793=CARTESIAN_POINT('Origin',(2.44229909047382,18.1362944162437,2.8));
#11794=CARTESIAN_POINT('Origin',(0.,19.7,3.2));
#11795=CARTESIAN_POINT('Origin',(0.,19.7,3.));
#11796=CARTESIAN_POINT('Origin',(0.,0.,2.8));
#11797=CARTESIAN_POINT('',(8.50079584028423,19.0931000647304,2.8));
#11798=CARTESIAN_POINT('',(8.41944851166907,18.9103909732018,3.));
#11799=CARTESIAN_POINT('Origin',(8.41944851166907,18.9103909732018,2.8));
#11800=CARTESIAN_POINT('Origin',(0.,0.,3.));
#11801=CARTESIAN_POINT('Origin',(0.,0.,2.8));
#11802=CARTESIAN_POINT('Origin',(8.01271186859327,17.9968455155592,2.8));
#11803=CARTESIAN_POINT('',(7.52462789690232,16.9005909663881,2.8));
#11804=CARTESIAN_POINT('',(7.60597522551748,17.0833000579166,3.));
#11805=CARTESIAN_POINT('Origin',(7.60597522551748,17.0833000579166,2.8));
#11806=CARTESIAN_POINT('Origin',(8.01271186859327,17.9968455155592,3.));
#11807=CARTESIAN_POINT('Origin',(8.01271186859327,17.9968455155592,2.8));
#11808=CARTESIAN_POINT('Origin',(0.,0.,2.8));
#11809=CARTESIAN_POINT('Origin',(0.,0.,3.));
#11810=CARTESIAN_POINT('Origin',(0.,0.,2.8));
#11811=CARTESIAN_POINT('Origin',(2.44229909047382,18.1362944162437,0.));
#11812=CARTESIAN_POINT('',(2.46899088381233,18.3345052841807,0.));
#11813=CARTESIAN_POINT('Origin',(2.6232758368812,20.9362944162437,0.));
#11814=CARTESIAN_POINT('',(2.5984106630719,20.737846127938,0.));
#11815=CARTESIAN_POINT('Origin',(0.,0.,0.2));
#11816=CARTESIAN_POINT('',(8.50079584028423,19.0931000647304,0.2));
#11817=CARTESIAN_POINT('Origin',(8.58214316889939,19.2758091562589,0.2));
#11818=CARTESIAN_POINT('Origin',(0.,0.,0.2));
#11819=CARTESIAN_POINT('Origin',(8.01271186859327,17.9968455155592,0.2));
#11820=CARTESIAN_POINT('',(7.52462789690232,16.9005909663881,0.2));
#11821=CARTESIAN_POINT('Origin',(7.44328056828716,16.7178818748596,0.2));
#11822=CARTESIAN_POINT('Origin',(8.01271186859327,17.9968455155592,0.2));
#11823=CARTESIAN_POINT('Origin',(0.,0.,0.2));
#11824=CARTESIAN_POINT('Origin',(0.,0.,0.2));
#11825=CARTESIAN_POINT('Origin',(0.,19.7,0.2));
#11826=CARTESIAN_POINT('Origin',(0.,19.7,0.2));
#11827=CARTESIAN_POINT('Origin',(-2.6232758368812,20.9362944162437,0.));
#11828=CARTESIAN_POINT('',(-2.5984106630719,20.737846127938,0.));
#11829=CARTESIAN_POINT('Origin',(0.,0.,0.));
#11830=CARTESIAN_POINT('',(-7.52462789690232,16.9005909663881,0.));
#11831=CARTESIAN_POINT('Origin',(-8.01271186859327,17.9968455155592,0.));
#11832=CARTESIAN_POINT('',(-8.50079584028423,19.0931000647304,0.));
#11833=CARTESIAN_POINT('Origin',(0.,0.,0.));
#11834=CARTESIAN_POINT('',(7.52462789690232,16.9005909663881,0.));
#11835=CARTESIAN_POINT('Origin',(-2.22044604925031E-15,6.,3.));
#11836=CARTESIAN_POINT('Origin',(-2.22044604925031E-15,6.,3.));
#11837=CARTESIAN_POINT('Origin',(0.,0.,0.));
#11838=CARTESIAN_POINT('Origin',(0.,0.,0.));
#11839=CARTESIAN_POINT('Origin',(0.,0.,0.));
#11840=CARTESIAN_POINT('Origin',(0.,0.,0.));
#11841=CARTESIAN_POINT('',(8.50079584028423,19.0931000647304,0.));
#11842=CARTESIAN_POINT('Origin',(0.,0.,5.2));
#11843=CARTESIAN_POINT('Origin',(0.,0.,5.2));
#11844=CARTESIAN_POINT('Origin',(0.,0.,5.2));
#11845=CARTESIAN_POINT('Origin',(0.,0.,0.));
#11846=CARTESIAN_POINT('Origin',(0.,0.,0.));
#11847=CARTESIAN_POINT('Origin',(0.,0.,0.));
#11848=CARTESIAN_POINT('Origin',(8.01271186859327,17.9968455155592,0.));
#11849=CARTESIAN_POINT('Origin',(0.,0.,0.));
#11850=CARTESIAN_POINT('Origin',(-17.5,35.32,0.));
#11851=UNCERTAINTY_MEASURE_WITH_UNIT(LENGTH_MEASURE(0.01),#11855,
'DISTANCE_ACCURACY_VALUE',
'Maximum model space distance between geometric entities at asserted c
onnectivities');
#11852=UNCERTAINTY_MEASURE_WITH_UNIT(LENGTH_MEASURE(0.01),#11855,
'DISTANCE_ACCURACY_VALUE',
'Maximum model space distance between geometric entities at asserted c
onnectivities');
#11853=(
GEOMETRIC_REPRESENTATION_CONTEXT(3)
GLOBAL_UNCERTAINTY_ASSIGNED_CONTEXT((#11851))
GLOBAL_UNIT_ASSIGNED_CONTEXT((#11855,#11857,#11858))
REPRESENTATION_CONTEXT('','3D')
);
#11854=(
GEOMETRIC_REPRESENTATION_CONTEXT(3)
GLOBAL_UNCERTAINTY_ASSIGNED_CONTEXT((#11852))
GLOBAL_UNIT_ASSIGNED_CONTEXT((#11855,#11857,#11858))
REPRESENTATION_CONTEXT('','3D')
);
#11855=(
LENGTH_UNIT()
NAMED_UNIT(*)
SI_UNIT(.MILLI.,.METRE.)
);
#11856=(
LENGTH_UNIT()
NAMED_UNIT(*)
SI_UNIT($,.METRE.)
);
#11857=(
NAMED_UNIT(*)
PLANE_ANGLE_UNIT()
SI_UNIT($,.RADIAN.)
);
#11858=(
NAMED_UNIT(*)
SI_UNIT($,.STERADIAN.)
SOLID_ANGLE_UNIT()
);
#11859=SHAPE_DEFINITION_REPRESENTATION(#11860,#11861);
#11860=PRODUCT_DEFINITION_SHAPE('',$,#11863);
#11861=SHAPE_REPRESENTATION('',(#6040),#11853);
#11862=PRODUCT_DEFINITION_CONTEXT('part definition',#11867,'design');
#11863=PRODUCT_DEFINITION('2025-11-03-15-38-43-657','CameraAttachment',
#11864,#11862);
#11864=PRODUCT_DEFINITION_FORMATION('',$,#11869);
#11865=PRODUCT_RELATED_PRODUCT_CATEGORY('CameraAttachment',
'CameraAttachment',(#11869));
#11866=APPLICATION_PROTOCOL_DEFINITION('international standard',
'automotive_design',2009,#11867);
#11867=APPLICATION_CONTEXT(
'Core Data for Automotive Mechanical Design Process');
#11868=PRODUCT_CONTEXT('part definition',#11867,'mechanical');
#11869=PRODUCT('2025-11-03-15-38-43-657','CameraAttachment',$,(#11868));
#11870=PRESENTATION_STYLE_ASSIGNMENT((#11871));
#11871=SURFACE_STYLE_USAGE(.BOTH.,#11872);
#11872=SURFACE_SIDE_STYLE('',(#11873));
#11873=SURFACE_STYLE_FILL_AREA(#11874);
#11874=FILL_AREA_STYLE('Default',(#11875));
#11875=FILL_AREA_STYLE_COLOUR('Default',#11876);
#11876=COLOUR_RGB('Default',0.749019607843137,0.749019607843137,0.749019607843137);
ENDSEC;
END-ISO-10303-21;
