ISO-10303-21;
HEADER;
/* Generated by software containing ST-Developer
 * from STEP Tools, Inc. (www.steptools.com) 
 */

FILE_DESCRIPTION(
/* description */ (''),
/* implementation_level */ '2;1');

FILE_NAME(
/* name */ 'ScrewComponent.step',
/* time_stamp */ '2026-06-07T20:26:57-05:00',
/* author */ (''),
/* organization */ (''),
/* preprocessor_version */ 'ST-DEVELOPER v20.1',
/* originating_system */ 'Autodesk Translation Framework v14.21.0.0',
/* authorisation */ '');

FILE_SCHEMA (('AUTOMOTIVE_DESIGN { 1 0 10303 214 3 1 1 }'));
ENDSEC;

DATA;
#10=MECHANICAL_DESIGN_GEOMETRIC_PRESENTATION_REPRESENTATION('',(#13),#6675);
#11=SHAPE_REPRESENTATION_RELATIONSHIP('SRR','None',#6682,#12);
#12=ADVANCED_BREP_SHAPE_REPRESENTATION('',(#14),#6674);
#13=STYLED_ITEM('',(#6692),#14);
#14=MANIFOLD_SOLID_BREP('Body1',#1704);
#15=(
BOUNDED_SURFACE()
B_SPLINE_SURFACE(3,2,((#4991,#4992,#4993),(#4994,#4995,#4996),(#4997,#4998,
#4999),(#5000,#5001,#5002),(#5003,#5004,#5005),(#5006,#5007,#5008),(#5009,
#5010,#5011),(#5012,#5013,#5014),(#5015,#5016,#5017),(#5018,#5019,#5020),
(#5021,#5022,#5023),(#5024,#5025,#5026),(#5027,#5028,#5029),(#5030,#5031,
#5032),(#5033,#5034,#5035),(#5036,#5037,#5038),(#5039,#5040,#5041),(#5042,
#5043,#5044),(#5045,#5046,#5047),(#5048,#5049,#5050),(#5051,#5052,#5053),
(#5054,#5055,#5056)),.UNSPECIFIED.,.F.,.F.,.F.)
B_SPLINE_SURFACE_WITH_KNOTS((4,1,1,1,1,1,1,1,1,1,1,1,1,1,1,1,1,1,1,4),(3,
3),(-0.000156117593953229,0.00254109017780882,0.00508218035561764,0.00762327053342645,
0.00889381562233086,0.0101643607112353,0.0114349058001397,0.0127054508890441,
0.0139759959779485,0.0152465410668529,0.0158818136113051,0.0165170861557573,
0.0171523587002095,0.0177876312446617,0.0184229037891139,0.0190581763335661,
0.0193758126057922,0.0196934488780183,0.0200110851502444,0.020484839016424),
(-0.00252770888880992,1.00085242109382),.UNSPECIFIED.)
GEOMETRIC_REPRESENTATION_ITEM()
RATIONAL_B_SPLINE_SURFACE(((1.00283440700884,0.438853654876124,1.0009542518374),
(1.00268857675636,0.467724636683587,1.00090515557637),(1.00242445130284,
0.520015303632234,1.00081623320265),(1.00206210903118,0.591750605159071,
1.00069424444894),(1.00177942931682,0.647714582123339,1.0005990754644),
(1.00155751246378,0.691648932629983,1.00052436334151),(1.00139202576637,
0.72441143114551,1.00046864940043),(1.0012265225883,0.757177192446124,1.00041292991086),
(1.00106004890116,0.790135091861552,1.00035688368273),(1.00089149376579,
0.823505069381095,1.00030013669927),(1.00074884710821,0.851745773801928,
1.00025211225018),(1.00063302669592,0.874675508607048,1.00021311931767),
(1.00054518286947,0.892066533256612,1.00018354518363),(1.00045631355763,
0.909660580044458,1.00015362580231),(1.00036622072142,0.927496856064492,
1.00012329450048),(1.00027554520344,0.945448489455782,1.00009276702882),
(1.0001999921316,0.96040623193763,1.00006733078858),(1.00014050600841,0.972183094085863,
1.00004730376275),(1.00009653715601,0.980887899269764,1.00003250089285),
(1.00004939681836,0.990220584413272,1.00001663028793),(1.00002546647912,
0.994958232309319,1.00000857372791),(1.00003141893356,0.993779785444333,
1.00001057772401)))
REPRESENTATION_ITEM('')
SURFACE()
);
#16=(
BOUNDED_SURFACE()
B_SPLINE_SURFACE(3,2,((#5059,#5060,#5061),(#5062,#5063,#5064),(#5065,#5066,
#5067),(#5068,#5069,#5070)),.UNSPECIFIED.,.F.,.F.,.F.)
B_SPLINE_SURFACE_WITH_KNOTS((4,4),(3,3),(-0.00101305417582425,0.0111435959340667),
(0.,1.00539423101251),.UNSPECIFIED.)
GEOMETRIC_REPRESENTATION_ITEM()
RATIONAL_B_SPLINE_SURFACE(((1.,0.512445616581782,1.00525996195064),(1.,
0.493815819164004,1.00546094881262),(1.,0.470959849548547,1.00570752957286),
(1.,0.433716582488224,1.00610932714523)))
REPRESENTATION_ITEM('')
SURFACE()
);
#17=(
BOUNDED_SURFACE()
B_SPLINE_SURFACE(3,2,((#5072,#5073,#5074),(#5075,#5076,#5077),(#5078,#5079,
#5080),(#5081,#5082,#5083)),.UNSPECIFIED.,.F.,.F.,.F.)
B_SPLINE_SURFACE_WITH_KNOTS((4,4),(3,3),(0.,0.000166212324396955),(-0.000421201993222541,
1.),.UNSPECIFIED.)
GEOMETRIC_REPRESENTATION_ITEM()
RATIONAL_B_SPLINE_SURFACE(((1.00000524447199,0.993774397944017,1.),(1.00000466008169,
0.994468115334567,1.),(1.00000465958608,0.994468703671257,1.),(1.00000524447199,
0.993774397943409,1.)))
REPRESENTATION_ITEM('')
SURFACE()
);
#18=(
BOUNDED_SURFACE()
B_SPLINE_SURFACE(3,2,((#5085,#5086,#5087),(#5088,#5089,#5090),(#5091,#5092,
#5093),(#5094,#5095,#5096),(#5097,#5098,#5099),(#5100,#5101,#5102),(#5103,
#5104,#5105),(#5106,#5107,#5108),(#5109,#5110,#5111),(#5112,#5113,#5114),
(#5115,#5116,#5117),(#5118,#5119,#5120),(#5121,#5122,#5123),(#5124,#5125,
#5126),(#5127,#5128,#5129),(#5130,#5131,#5132),(#5133,#5134,#5135),(#5136,
#5137,#5138),(#5139,#5140,#5141),(#5142,#5143,#5144),(#5145,#5146,#5147),
(#5148,#5149,#5150),(#5151,#5152,#5153),(#5154,#5155,#5156),(#5157,#5158,
#5159),(#5160,#5161,#5162),(#5163,#5164,#5165),(#5166,#5167,#5168),(#5169,
#5170,#5171),(#5172,#5173,#5174),(#5175,#5176,#5177),(#5178,#5179,#5180),
(#5181,#5182,#5183),(#5184,#5185,#5186),(#5187,#5188,#5189),(#5190,#5191,
#5192),(#5193,#5194,#5195),(#5196,#5197,#5198),(#5199,#5200,#5201),(#5202,
#5203,#5204),(#5205,#5206,#5207)),.UNSPECIFIED.,.F.,.F.,.F.)
B_SPLINE_SURFACE_WITH_KNOTS((4,1,1,1,1,1,1,1,1,1,1,1,1,1,1,1,1,1,1,1,1,
1,1,1,1,1,1,1,1,1,1,1,1,1,1,1,1,1,4),(3,3),(-3.95562421154872E-5,0.000755195274556328,
0.00151039054911266,0.00226558582366899,0.00264318346094716,0.00302078109822532,
0.00339837873550349,0.00377597637278165,0.00415357401005982,0.00453117164733798,
0.00471997046597707,0.00490876928461615,0.00509756810325523,0.00528636692189432,
0.0054751657405334,0.00566396455917248,0.00575836396849202,0.00585276337781156,
0.0059471627871311,0.00604156219645065,0.00613596160577019,0.00623036101508973,
0.00632476042440927,0.00641915983372881,0.00660795865236789,0.00679675747100698,
0.00698555628964606,0.00717435510828514,0.00736315392692423,0.00755195274556331,
0.00792955038284147,0.00830714802011964,0.00868474565739781,0.00906234329467597,
0.00943994093195414,0.0098175385692323,0.0105727338437886,0.011327929118345,
0.0121980819127754),(-0.00093988574236552,1.00076430352801),
 .UNSPECIFIED.)
GEOMETRIC_REPRESENTATION_ITEM()
RATIONAL_B_SPLINE_SURFACE(((1.00091784527557,0.511351537067821,1.00074624956337),
(1.00094110156747,0.498970200484324,1.00076515797651),(1.00098763008075,
0.474199046671701,1.00080298775419),(1.00106114985132,0.435058111003235,
1.00086276264016),(1.00112578299278,0.40064829698875,1.00091531229627),
(1.00118104551939,0.371227272111912,1.0009602432203),(1.00122459914575,
0.348039908026192,1.00099565428089),(1.00127068846675,0.323502574273099,
1.00103312697545),(1.00131984051056,0.29733468813781,1.00107308980166),
(1.00137302733785,0.269018737623619,1.00111633308863),(1.00142096880795,
0.243495344630941,1.00115531166386),(1.00146212918807,0.221582112616339,
1.00118877690741),(1.00149459501653,0.204297742801987,1.00121517308873),
(1.00152902115508,0.185969730295357,1.00124316309047),(1.00156483824822,
0.16690119230269,1.00127228400097),(1.00160190985335,0.147164769020057,
1.00130242488623),(1.00163265401427,0.130796991816441,1.00132742127427),
(1.00165425313623,0.119297910190234,1.00134498233358),(1.00166730889539,
0.112347199849051,1.00135559725402),(1.00167574063933,0.107858252937139,
1.00136245264174),(1.00167795239198,0.106680745613941,1.0013642508963),
(1.00167341818547,0.109094696093933,1.00136056438211),(1.00166291562655,
0.114686117014193,1.00135202532851),(1.00164861430523,0.122299947867641,
1.00134039770992),(1.00162602159982,0.134327999945625,1.00132202882248),
(1.00159530830978,0.150679341909008,1.00129705753387),(1.00155816035134,
0.170456414662786,1.00126685456992),(1.00152259061459,0.189393263445441,
1.00123793477132),(1.00148898958633,0.207281998343551,1.00121061562142),
(1.00145703636408,0.224293463516574,1.00118463621205),(1.00141643377161,
0.245909736901388,1.00115162447498),(1.00136878869066,0.271275336301249,
1.00111288687748),(1.00131641755876,0.299157021577373,1.00107030678762),
(1.00126783420011,0.325022147387763,1.00103080632807),(1.00122224438049,
0.349293553335484,1.00099373975064),(1.00117911146455,0.37225693686102,
1.00095867074658),(1.00112434073686,0.401416134613491,1.00091413967723),
(1.00106021807536,0.435554175974774,1.00086200506433),(1.00098482634808,
0.475691716182325,1.00080070819321),(1.00093648947894,0.501425614300489,
1.00076140814073),(1.00091130348108,0.514834300349711,1.0007409307897)))
REPRESENTATION_ITEM('')
SURFACE()
);
#19=(
BOUNDED_SURFACE()
B_SPLINE_SURFACE(3,2,((#5276,#5277,#5278),(#5279,#5280,#5281),(#5282,#5283,
#5284),(#5285,#5286,#5287),(#5288,#5289,#5290),(#5291,#5292,#5293),(#5294,
#5295,#5296),(#5297,#5298,#5299),(#5300,#5301,#5302),(#5303,#5304,#5305),
(#5306,#5307,#5308),(#5309,#5310,#5311),(#5312,#5313,#5314),(#5315,#5316,
#5317),(#5318,#5319,#5320),(#5321,#5322,#5323),(#5324,#5325,#5326),(#5327,
#5328,#5329),(#5330,#5331,#5332),(#5333,#5334,#5335),(#5336,#5337,#5338),
(#5339,#5340,#5341),(#5342,#5343,#5344),(#5345,#5346,#5347)),
 .UNSPECIFIED.,.F.,.F.,.F.)
B_SPLINE_SURFACE_WITH_KNOTS((4,1,1,1,1,1,1,1,1,1,1,1,1,1,1,1,1,1,1,1,1,
4),(3,3),(0.020242063095071,0.0206523342710088,0.0208115542583302,0.0211299942329729,
0.0214484342076157,0.0217668741822584,0.0220853141569012,0.0224037541315439,
0.0230406340808294,0.0236775140301148,0.0243143939794003,0.0249512739286858,
0.0255881538779713,0.0268619137765422,0.0281356736751131,0.0294094335736841,
0.030683193472255,0.031956953370826,0.0332307132693969,0.0357782330665388,
0.0383257528636807,0.0411243238494402),(-0.000678127724919159,1.00014456893662),
 .UNSPECIFIED.)
GEOMETRIC_REPRESENTATION_ITEM()
RATIONAL_B_SPLINE_SURFACE(((1.00001033924479,0.992375521481124,1.00000220303135),
(1.00000652446159,0.995188660467641,1.00000139019761),(1.00000856059718,
0.993687151177216,1.00000182404657),(1.00001680384831,0.987608323143163,
1.00000358047472),(1.00002596885501,0.980849764072838,1.00000553330566),
(1.00003763676374,0.972245487719872,1.00000801944166),(1.00004969260449,
0.963355138319766,1.00001058823616),(1.00006195078339,0.954315578513518,
1.00001320014379),(1.00007826001497,0.942288647309973,1.00001667522821),
(1.00009854789245,0.927327739708745,1.00002099806136),(1.00012263690558,
0.909563757259239,1.0000261308203),(1.00014645562676,0.891999096441471,
1.00003120598686),(1.00017001168035,0.874628134813693,1.00003622518561),
(1.00020109093476,0.851709332494176,1.00004284738802),(1.00023942866534,
0.823437905614003,1.00005101618797),(1.00028457022248,0.790149126843082,
1.00006063471114),(1.00032913530824,0.757285455874809,1.00007013040285),
(1.00037339504188,0.724646960988705,1.00007956103175),(1.00041761129974,
0.692040526491397,1.00008898239706),(1.00047686252864,0.648346839877142,
1.00010160733413),(1.00055215051826,0.592827150498756,1.00011764929897),
(1.00065010505714,0.520592447458055,1.0001385209317),(1.00072233638441,
0.467326835318687,1.00015391159916),(1.00076316683857,0.437217197067512,
1.00016261153541)))
REPRESENTATION_ITEM('')
SURFACE()
);
#20=(
BOUNDED_SURFACE()
B_SPLINE_SURFACE(3,2,((#5349,#5350,#5351),(#5352,#5353,#5354),(#5355,#5356,
#5357),(#5358,#5359,#5360)),.UNSPECIFIED.,.F.,.F.,.F.)
B_SPLINE_SURFACE_WITH_KNOTS((4,4),(3,3),(-0.00101305417582424,0.0111435959340667),
(0.,1.00539378919855),.UNSPECIFIED.)
GEOMETRIC_REPRESENTATION_ITEM()
RATIONAL_B_SPLINE_SURFACE(((1.,0.433716831332559,1.00610882407696),(1.,
0.470960082050932,1.00570705959007),(1.,0.493816041603879,1.00546049913455),
(0.999999999999999,0.512445830833771,1.00525952882271)))
REPRESENTATION_ITEM('')
SURFACE()
);
#21=(
BOUNDED_SURFACE()
B_SPLINE_SURFACE(3,2,((#5361,#5362,#5363),(#5364,#5365,#5366),(#5367,#5368,
#5369),(#5370,#5371,#5372),(#5373,#5374,#5375),(#5376,#5377,#5378),(#5379,
#5380,#5381),(#5382,#5383,#5384),(#5385,#5386,#5387),(#5388,#5389,#5390),
(#5391,#5392,#5393),(#5394,#5395,#5396),(#5397,#5398,#5399),(#5400,#5401,
#5402),(#5403,#5404,#5405),(#5406,#5407,#5408),(#5409,#5410,#5411),(#5412,
#5413,#5414),(#5415,#5416,#5417),(#5418,#5419,#5420),(#5421,#5422,#5423),
(#5424,#5425,#5426)),.UNSPECIFIED.,.F.,.F.,.F.)
B_SPLINE_SURFACE_WITH_KNOTS((4,1,1,1,1,1,1,1,1,1,1,1,1,1,1,1,1,1,1,4),(3,
3),(-0.000156117594028705,0.00254109017780879,0.00508218035561759,0.00762327053342638,
0.00889381562233078,0.0101643607112352,0.0114349058001396,0.012705450889044,
0.0139759959779484,0.0152465410668528,0.015881813611305,0.0165170861557572,
0.0171523587002094,0.0177876312446616,0.0184229037891138,0.019058176333566,
0.0193758126057921,0.0196934488780182,0.0200110851502443,0.0204848390164992),
(-0.00252770889159973,1.00085242109195),.UNSPECIFIED.)
GEOMETRIC_REPRESENTATION_ITEM()
RATIONAL_B_SPLINE_SURFACE(((1.00283440701199,0.438853654873425,1.00095425183531),
(1.00268857675935,0.46772463668036,1.00090515557439),(1.00242445130553,
0.520015303631637,1.00081623320086),(1.00206210903346,0.591750605158559,
1.00069424444742),(1.00177942931879,0.647714582123035,1.00059907546308),
(1.00155751246551,0.691648932629702,1.00052436334036),(1.00139202576791,
0.72441143114526,1.0004686493994),(1.00122652258966,0.757177192445902,1.00041292990996),
(1.00106004890233,0.79013509186136,1.00035688368195),(1.00089149376677,
0.823505069380937,1.00030013669862),(1.00074884710903,0.851745773801793,
1.00025211224963),(1.00063302669663,0.874675508606934,1.0002131193172),
(1.00054518287007,0.892066533256514,1.00018354518322),(1.00045631355814,
0.909660580044376,1.00015362580197),(1.00036622072183,0.927496856064427,
1.00012329450021),(1.00027554520375,0.945448489455732,1.00009276702862),
(1.00019999213182,0.960406231937597,1.00006733078843),(1.00014050600857,
0.972183094085836,1.00004730376265),(1.00009653715612,0.980887899269751,
1.00003250089278),(1.00004939681841,0.990220584413881,1.0000166302879),
(1.00002546647914,0.994958232310271,1.00000857372789),(1.0000314189336,
0.993779785443676,1.00001057772399)))
REPRESENTATION_ITEM('')
SURFACE()
);
#22=(
BOUNDED_SURFACE()
B_SPLINE_SURFACE(3,2,((#5429,#5430,#5431),(#5432,#5433,#5434),(#5435,#5436,
#5437),(#5438,#5439,#5440)),.UNSPECIFIED.,.F.,.F.,.F.)
B_SPLINE_SURFACE_WITH_KNOTS((4,4),(3,3),(-0.00101305417582425,0.0111435959340667),
(0.,1.005394231022),.UNSPECIFIED.)
GEOMETRIC_REPRESENTATION_ITEM()
RATIONAL_B_SPLINE_SURFACE(((1.,0.512445616577321,1.00525996195994),(1.,
0.4938158191577,1.00546094882229),(1.,0.47095984955481,1.00570752958283),
(1.,0.433716582479848,1.00610932715606)))
REPRESENTATION_ITEM('')
SURFACE()
);
#23=(
BOUNDED_SURFACE()
B_SPLINE_SURFACE(3,2,((#5442,#5443,#5444),(#5445,#5446,#5447),(#5448,#5449,
#5450),(#5451,#5452,#5453)),.UNSPECIFIED.,.F.,.F.,.F.)
B_SPLINE_SURFACE_WITH_KNOTS((4,4),(3,3),(5.42101086242752E-20,0.000166212324396928),
(-0.000421201987652263,1.),.UNSPECIFIED.)
GEOMETRIC_REPRESENTATION_ITEM()
RATIONAL_B_SPLINE_SURFACE(((1.00000524447192,0.993774397944052,1.),(1.00000466008163,
0.994468115334607,1.),(1.00000465958602,0.994468703671294,1.),(1.00000524447192,
0.993774397943443,1.)))
REPRESENTATION_ITEM('')
SURFACE()
);
#24=(
BOUNDED_SURFACE()
B_SPLINE_SURFACE(3,2,((#5455,#5456,#5457),(#5458,#5459,#5460),(#5461,#5462,
#5463),(#5464,#5465,#5466),(#5467,#5468,#5469),(#5470,#5471,#5472),(#5473,
#5474,#5475),(#5476,#5477,#5478),(#5479,#5480,#5481),(#5482,#5483,#5484),
(#5485,#5486,#5487),(#5488,#5489,#5490),(#5491,#5492,#5493),(#5494,#5495,
#5496),(#5497,#5498,#5499),(#5500,#5501,#5502),(#5503,#5504,#5505),(#5506,
#5507,#5508),(#5509,#5510,#5511),(#5512,#5513,#5514),(#5515,#5516,#5517),
(#5518,#5519,#5520),(#5521,#5522,#5523),(#5524,#5525,#5526),(#5527,#5528,
#5529),(#5530,#5531,#5532),(#5533,#5534,#5535),(#5536,#5537,#5538),(#5539,
#5540,#5541),(#5542,#5543,#5544),(#5545,#5546,#5547),(#5548,#5549,#5550),
(#5551,#5552,#5553),(#5554,#5555,#5556),(#5557,#5558,#5559),(#5560,#5561,
#5562),(#5563,#5564,#5565),(#5566,#5567,#5568),(#5569,#5570,#5571),(#5572,
#5573,#5574),(#5575,#5576,#5577)),.UNSPECIFIED.,.F.,.F.,.F.)
B_SPLINE_SURFACE_WITH_KNOTS((4,1,1,1,1,1,1,1,1,1,1,1,1,1,1,1,1,1,1,1,1,
1,1,1,1,1,1,1,1,1,1,1,1,1,1,1,1,1,4),(3,3),(-3.95562421196507E-5,0.000755195274556331,
0.00151039054911266,0.00226558582366899,0.00264318346094716,0.00302078109822533,
0.00339837873550349,0.00377597637278166,0.00415357401005982,0.00453117164733799,
0.00471997046597707,0.00490876928461615,0.00509756810325524,0.00528636692189432,
0.0054751657405334,0.00566396455917249,0.00575836396849203,0.00585276337781157,
0.00594716278713111,0.00604156219645065,0.00613596160577019,0.00623036101508973,
0.00632476042440928,0.00641915983372882,0.0066079586523679,0.00679675747100698,
0.00698555628964607,0.00717435510828515,0.00736315392692423,0.00755195274556331,
0.00792955038284148,0.00830714802011965,0.00868474565739781,0.00906234329467598,
0.00943994093195414,0.00981753856923231,0.0105727338437886,0.011327929118345,
0.012198081912774),(-0.00093988574234412,1.000764303528),.UNSPECIFIED.)
GEOMETRIC_REPRESENTATION_ITEM()
RATIONAL_B_SPLINE_SURFACE(((1.00091784527555,0.511351537068014,1.00074624956335),
(1.00094110156745,0.498970200484596,1.0007651579765),(1.00098763008073,
0.474199046671738,1.00080298775418),(1.0010611498513,0.435058111003268,
1.00086276264015),(1.00112578299275,0.400648296988772,1.00091531229625),
(1.00118104551936,0.371227272111933,1.00096024322029),(1.00122459914573,
0.348039908026212,1.00099565428087),(1.00127068846672,0.323502574273125,
1.00103312697543),(1.00131984051053,0.29733468813783,1.00107308980164),
(1.00137302733782,0.269018737623646,1.00111633308861),(1.00142096880792,
0.243495344630964,1.00115531166384),(1.00146212918803,0.221582112616371,
1.00118877690739),(1.00149459501649,0.204297742802012,1.00121517308871),
(1.00152902115505,0.185969730295391,1.00124316309045),(1.00156483824818,
0.166901192302719,1.00127228400094),(1.00160190985332,0.147164769020088,
1.00130242488621),(1.00163265401424,0.130796991816474,1.00132742127424),
(1.00165425313619,0.119297910190262,1.00134498233356),(1.00166730889536,
0.112347199849085,1.001355597254),(1.00167574063929,0.10785825293717,1.00136245264172),
(1.00167795239195,0.106680745613971,1.00136425089628),(1.00167341818543,
0.109094696093964,1.00136056438209),(1.00166291562651,0.11468611701422,
1.00135202532848),(1.0016486143052,0.122299947867671,1.0013403977099),(1.00162602159978,
0.134327999945649,1.00132202882246),(1.00159530830974,0.150679341909035,
1.00129705753385),(1.0015581603513,0.170456414662809,1.0012668545699),(1.00152259061456,
0.189393263445464,1.0012379347713),(1.0014889895863,0.207281998343579,1.0012106156214),
(1.00145703636404,0.224293463516601,1.00118463621203),(1.00141643377157,
0.245909736901409,1.00115162447497),(1.00136878869063,0.271275336301272,
1.00111288687746),(1.00131641755873,0.299157021577399,1.0010703067876),
(1.00126783420008,0.325022147387773,1.00103080632806),(1.00122224438047,
0.349293553335506,1.00099373975062),(1.00117911146452,0.372256936861045,
1.00095867074656),(1.00112434073684,0.401416134613511,1.00091413967721),
(1.00106021807534,0.435554175974797,1.00086200506431),(1.00098482634806,
0.475691716182299,1.00080070819319),(1.00093648947892,0.501425614300495,
1.00076140814072),(1.00091130348106,0.514834300349645,1.00074093078968)))
REPRESENTATION_ITEM('')
SURFACE()
);
#25=(
BOUNDED_SURFACE()
B_SPLINE_SURFACE(3,2,((#5646,#5647,#5648),(#5649,#5650,#5651),(#5652,#5653,
#5654),(#5655,#5656,#5657),(#5658,#5659,#5660),(#5661,#5662,#5663),(#5664,
#5665,#5666),(#5667,#5668,#5669),(#5670,#5671,#5672),(#5673,#5674,#5675),
(#5676,#5677,#5678),(#5679,#5680,#5681),(#5682,#5683,#5684),(#5685,#5686,
#5687),(#5688,#5689,#5690),(#5691,#5692,#5693),(#5694,#5695,#5696),(#5697,
#5698,#5699),(#5700,#5701,#5702),(#5703,#5704,#5705),(#5706,#5707,#5708),
(#5709,#5710,#5711),(#5712,#5713,#5714),(#5715,#5716,#5717)),
 .UNSPECIFIED.,.F.,.F.,.F.)
B_SPLINE_SURFACE_WITH_KNOTS((4,1,1,1,1,1,1,1,1,1,1,1,1,1,1,1,1,1,1,1,1,
4),(3,3),(0.020242063095624,0.0206523342710086,0.02081155425833,0.0211299942329727,
0.0214484342076155,0.0217668741822582,0.0220853141569009,0.0224037541315437,
0.0230406340808291,0.0236775140301146,0.0243143939794001,0.0249512739286856,
0.025588153877971,0.026861913776542,0.0281356736751129,0.0294094335736839,
0.0306831934722548,0.0319569533708258,0.0332307132693967,0.0357782330665386,
0.0383257528636805,0.0411243238488867),(-0.000678127724457711,1.00014456893664),
 .UNSPECIFIED.)
GEOMETRIC_REPRESENTATION_ITEM()
RATIONAL_B_SPLINE_SURFACE(((1.00001033924477,0.992375521492822,1.00000220303135),
(1.00000652446159,0.995188660464673,1.00000139019761),(1.00000856059718,
0.99368715117344,1.00000182404657),(1.0000168038483,0.987608323143166,1.00000358047472),
(1.00002596885499,0.980849764072848,1.00000553330566),(1.00003763676372,
0.972245487719885,1.00000801944166),(1.00004969260445,0.963355138319783,
1.00001058823616),(1.00006195078334,0.954315578513539,1.00001320014379),
(1.00007826001492,0.94228864731,1.00001667522821),(1.00009854789239,0.927327739708777,
1.00002099806136),(1.00012263690549,0.909563757259279,1.0000261308203),
(1.00014645562666,0.891999096441519,1.00003120598686),(1.00017001168024,
0.874628134813749,1.00003622518561),(1.00020109093462,0.851709332494242,
1.00004284738803),(1.00023942866518,0.823437905614083,1.00005101618798),
(1.00028457022228,0.790149126843173,1.00006063471115),(1.00032913530801,
0.757285455874923,1.00007013040286),(1.00037339504163,0.72464696098882,
1.00007956103176),(1.00041761129946,0.692040526491545,1.00008898239707),
(1.00047686252832,0.648346839877222,1.00010160733414),(1.00055215051788,
0.592827150499526,1.00011764929898),(1.00065010505669,0.520592447461135,
1.00013852093171),(1.0007223363839,0.467326835335146,1.00015391159917),
(1.00076316683802,0.437217197084041,1.00016261153542)))
REPRESENTATION_ITEM('')
SURFACE()
);
#26=(
BOUNDED_SURFACE()
B_SPLINE_SURFACE(3,2,((#5719,#5720,#5721),(#5722,#5723,#5724),(#5725,#5726,
#5727),(#5728,#5729,#5730)),.UNSPECIFIED.,.F.,.F.,.F.)
B_SPLINE_SURFACE_WITH_KNOTS((4,4),(3,3),(-0.00101305417582424,0.0111435959340667),
(0.,1.00539378919038),.UNSPECIFIED.)
GEOMETRIC_REPRESENTATION_ITEM()
RATIONAL_B_SPLINE_SURFACE(((1.,0.433716831340016,1.00610882406762),(1.,
0.470960082044908,1.00570705958149),(1.,0.493816041606392,1.00546049912625),
(1.,0.512445830838423,1.0052595288147)))
REPRESENTATION_ITEM('')
SURFACE()
);
#27=(
BOUNDED_SURFACE()
B_SPLINE_SURFACE(3,2,((#5731,#5732,#5733),(#5734,#5735,#5736),(#5737,#5738,
#5739),(#5740,#5741,#5742),(#5743,#5744,#5745),(#5746,#5747,#5748),(#5749,
#5750,#5751),(#5752,#5753,#5754),(#5755,#5756,#5757),(#5758,#5759,#5760),
(#5761,#5762,#5763),(#5764,#5765,#5766),(#5767,#5768,#5769),(#5770,#5771,
#5772),(#5773,#5774,#5775),(#5776,#5777,#5778),(#5779,#5780,#5781),(#5782,
#5783,#5784),(#5785,#5786,#5787),(#5788,#5789,#5790),(#5791,#5792,#5793),
(#5794,#5795,#5796)),.UNSPECIFIED.,.F.,.F.,.F.)
B_SPLINE_SURFACE_WITH_KNOTS((4,1,1,1,1,1,1,1,1,1,1,1,1,1,1,1,1,1,1,4),(3,
3),(-0.000156117594018075,0.00254109017780879,0.00508218035561758,0.00762327053342637,
0.00889381562233076,0.0101643607112352,0.0114349058001396,0.0127054508890439,
0.0139759959779483,0.0152465410668527,0.0158818136113049,0.0165170861557571,
0.0171523587002093,0.0177876312446615,0.0184229037891137,0.0190581763335659,
0.019375812605792,0.0196934488780181,0.0200110851502442,0.0204848390164885),
(-0.00252770889119539,1.00085242109226),.UNSPECIFIED.)
GEOMETRIC_REPRESENTATION_ITEM()
RATIONAL_B_SPLINE_SURFACE(((1.00283440701153,0.438853654873854,1.00095425183566),
(1.00268857675892,0.467724636680473,1.00090515557472),(1.00242445130514,
0.520015303631858,1.00081623320116),(1.00206210903313,0.59175060515858,
1.00069424444767),(1.00177942931851,0.647714582123078,1.0005990754633),
(1.00155751246526,0.691648932629733,1.00052436334055),(1.00139202576769,
0.724411431145292,1.00046864939958),(1.00122652258946,0.757177192445927,
1.00041292991011),(1.00106004890216,0.790135091861387,1.00035688368208),
(1.00089149376663,0.823505069380955,1.00030013669873),(1.00074884710891,
0.851745773801813,1.00025211224972),(1.00063302669652,0.87467550860695,
1.00021311931728),(1.00054518286998,0.892066533256529,1.00018354518329),
(1.00045631355807,0.90966058004439,1.00015362580203),(1.00036622072177,
0.927496856064438,1.00012329450025),(1.00027554520371,0.945448489455742,
1.00009276702865),(1.00019999213179,0.960406231937605,1.00006733078845),
(1.00014050600854,0.972183094085843,1.00004730376267),(1.0000965371561,
0.980887899269759,1.0000325008928),(1.0000493968184,0.99022058441379,1.0000166302879),
(1.00002546647914,0.994958232310166,1.0000085737279),(1.00003141893359,
0.993779785443723,1.00001057772399)))
REPRESENTATION_ITEM('')
SURFACE()
);
#28=(
BOUNDED_SURFACE()
B_SPLINE_SURFACE(3,2,((#5799,#5800,#5801),(#5802,#5803,#5804),(#5805,#5806,
#5807),(#5808,#5809,#5810)),.UNSPECIFIED.,.F.,.F.,.F.)
B_SPLINE_SURFACE_WITH_KNOTS((4,4),(3,3),(-0.00101305417582424,0.0111435959340667),
(0.,1.00539423101204),.UNSPECIFIED.)
GEOMETRIC_REPRESENTATION_ITEM()
RATIONAL_B_SPLINE_SURFACE(((1.,0.512445616582246,1.00525996195017),(1.,
0.49381581916178,1.00546094881216),(1.,0.470959849566638,1.00570752957216),
(1.,0.433716582483687,1.00610932714474)))
REPRESENTATION_ITEM('')
SURFACE()
);
#29=(
BOUNDED_SURFACE()
B_SPLINE_SURFACE(3,2,((#5812,#5813,#5814),(#5815,#5816,#5817),(#5818,#5819,
#5820),(#5821,#5822,#5823)),.UNSPECIFIED.,.F.,.F.,.F.)
B_SPLINE_SURFACE_WITH_KNOTS((4,4),(3,3),(0.,0.000166212324396596),(-0.000421202003870225,
1.),.UNSPECIFIED.)
GEOMETRIC_REPRESENTATION_ITEM()
RATIONAL_B_SPLINE_SURFACE(((1.00000524447212,0.993774397943953,1.),(1.00000466008181,
0.994468115334508,1.),(1.0000046595862,0.994468703671208,1.),(1.00000524447212,
0.993774397943344,1.)))
REPRESENTATION_ITEM('')
SURFACE()
);
#30=(
BOUNDED_SURFACE()
B_SPLINE_SURFACE(3,2,((#5825,#5826,#5827),(#5828,#5829,#5830),(#5831,#5832,
#5833),(#5834,#5835,#5836),(#5837,#5838,#5839),(#5840,#5841,#5842),(#5843,
#5844,#5845),(#5846,#5847,#5848),(#5849,#5850,#5851),(#5852,#5853,#5854),
(#5855,#5856,#5857),(#5858,#5859,#5860),(#5861,#5862,#5863),(#5864,#5865,
#5866),(#5867,#5868,#5869),(#5870,#5871,#5872),(#5873,#5874,#5875),(#5876,
#5877,#5878),(#5879,#5880,#5881),(#5882,#5883,#5884),(#5885,#5886,#5887),
(#5888,#5889,#5890),(#5891,#5892,#5893),(#5894,#5895,#5896),(#5897,#5898,
#5899),(#5900,#5901,#5902),(#5903,#5904,#5905),(#5906,#5907,#5908),(#5909,
#5910,#5911),(#5912,#5913,#5914),(#5915,#5916,#5917),(#5918,#5919,#5920),
(#5921,#5922,#5923),(#5924,#5925,#5926),(#5927,#5928,#5929),(#5930,#5931,
#5932),(#5933,#5934,#5935),(#5936,#5937,#5938),(#5939,#5940,#5941),(#5942,
#5943,#5944),(#5945,#5946,#5947)),.UNSPECIFIED.,.F.,.F.,.F.)
B_SPLINE_SURFACE_WITH_KNOTS((4,1,1,1,1,1,1,1,1,1,1,1,1,1,1,1,1,1,1,1,1,
1,1,1,1,1,1,1,1,1,1,1,1,1,1,1,1,1,4),(3,3),(-3.95562421248696E-5,0.00075519527455633,
0.00151039054911266,0.00226558582366899,0.00264318346094716,0.00302078109822533,
0.00339837873550349,0.00377597637278166,0.00415357401005982,0.00453117164733799,
0.00471997046597707,0.00490876928461615,0.00509756810325524,0.00528636692189432,
0.0054751657405334,0.00566396455917249,0.00575836396849203,0.00585276337781157,
0.00594716278713111,0.00604156219645065,0.00613596160577019,0.00623036101508974,
0.00632476042440928,0.00641915983372882,0.0066079586523679,0.00679675747100698,
0.00698555628964607,0.00717435510828515,0.00736315392692423,0.00755195274556331,
0.00792955038284148,0.00830714802011965,0.00868474565739781,0.00906234329467598,
0.00943994093195414,0.00981753856923231,0.0105727338437886,0.011327929118345,
0.0121980819127768),(-0.000939885742340271,1.000764303528),
 .UNSPECIFIED.)
GEOMETRIC_REPRESENTATION_ITEM()
RATIONAL_B_SPLINE_SURFACE(((1.00091784527555,0.511351537068377,1.00074624956335),
(1.00094110156744,0.498970200484038,1.00076515797649),(1.00098763008072,
0.474199046672161,1.00080298775417),(1.00106114985129,0.435058111003176,
1.00086276264014),(1.00112578299275,0.400648296988792,1.00091531229625),
(1.00118104551935,0.371227272111929,1.00096024322028),(1.00122459914572,
0.34803990802622,1.00099565428086),(1.00127068846671,0.323502574273127,
1.00103312697543),(1.00131984051053,0.297334688137837,1.00107308980164),
(1.00137302733781,0.269018737623647,1.0011163330886),(1.00142096880791,
0.24349534463097,1.00115531166384),(1.00146212918803,0.221582112616372,
1.00118877690739),(1.00149459501649,0.204297742802019,1.0012151730887),
(1.00152902115504,0.185969730295392,1.00124316309045),(1.00156483824818,
0.166901192302723,1.00127228400094),(1.00160190985331,0.147164769020093,
1.0013024248862),(1.00163265401423,0.130796991816479,1.00132742127424),
(1.00165425313618,0.119297910190268,1.00134498233355),(1.00166730889535,
0.11234719984909,1.00135559725399),(1.00167574063929,0.107858252937177,
1.00136245264171),(1.00167795239194,0.106680745613979,1.00136425089627),
(1.00167341818543,0.109094696093973,1.00136056438208),(1.0016629156265,
0.114686117014228,1.00135202532848),(1.00164861430519,0.122299947867678,
1.00134039770989),(1.00162602159977,0.134327999945662,1.00132202882245),
(1.00159530830973,0.150679341909044,1.00129705753384),(1.0015581603513,
0.170456414662821,1.00126685456989),(1.00152259061455,0.189393263445476,
1.00123793477129),(1.00148898958629,0.207281998343582,1.00121061562139),
(1.00145703636404,0.224293463516612,1.00118463621202),(1.00141643377157,
0.245909736901417,1.00115162447496),(1.00136878869062,0.27127533630128,
1.00111288687746),(1.00131641755872,0.299157021577406,1.0010703067876),
(1.00126783420008,0.325022147387783,1.00103080632805),(1.00122224438046,
0.349293553335523,1.00099373975061),(1.00117911146451,0.372256936861048,
1.00095867074656),(1.00112434073683,0.401416134613525,1.00091413967721),
(1.00106021807533,0.435554175974751,1.00086200506431),(1.00098482634806,
0.475691716182539,1.00080070819319),(1.00093648947891,0.501425614300139,
1.00076140814072),(1.00091130348105,0.51483430034999,1.00074093078968)))
REPRESENTATION_ITEM('')
SURFACE()
);
#31=(
BOUNDED_SURFACE()
B_SPLINE_SURFACE(3,2,((#6016,#6017,#6018),(#6019,#6020,#6021),(#6022,#6023,
#6024),(#6025,#6026,#6027),(#6028,#6029,#6030),(#6031,#6032,#6033),(#6034,
#6035,#6036),(#6037,#6038,#6039),(#6040,#6041,#6042),(#6043,#6044,#6045),
(#6046,#6047,#6048),(#6049,#6050,#6051),(#6052,#6053,#6054),(#6055,#6056,
#6057),(#6058,#6059,#6060),(#6061,#6062,#6063),(#6064,#6065,#6066),(#6067,
#6068,#6069),(#6070,#6071,#6072),(#6073,#6074,#6075),(#6076,#6077,#6078),
(#6079,#6080,#6081),(#6082,#6083,#6084),(#6085,#6086,#6087)),
 .UNSPECIFIED.,.F.,.F.,.F.)
B_SPLINE_SURFACE_WITH_KNOTS((4,1,1,1,1,1,1,1,1,1,1,1,1,1,1,1,1,1,1,1,1,
4),(3,3),(0.0202420631057207,0.0206523342710082,0.0208115542583296,0.0211299942329724,
0.0214484342076151,0.0217668741822578,0.0220853141569006,0.0224037541315433,
0.0230406340808288,0.0236775140301143,0.0243143939793998,0.0249512739286853,
0.0255881538779707,0.0268619137765417,0.0281356736751127,0.0294094335736836,
0.0306831934722546,0.0319569533708256,0.0332307132693966,0.0357782330665385,
0.0383257528636804,0.0411243238387896),(-0.000678127713802491,1.00014456893666),
 .UNSPECIFIED.)
GEOMETRIC_REPRESENTATION_ITEM()
RATIONAL_B_SPLINE_SURFACE(((1.00001033924433,0.992375521700616,1.00000220303129),
(1.00000652446156,0.995188660411479,1.00000139019763),(1.00000856059714,
0.993687151104385,1.00000182404659),(1.00001680384803,0.987608323143302,
1.00000358047472),(1.00002596885458,0.980849764073056,1.00000553330566),
(1.00003763676313,0.972245487720184,1.00000801944166),(1.00004969260367,
0.963355138320176,1.00001058823616),(1.00006195078237,0.95431557851403,
1.0000132001438),(1.00007826001369,0.942288647310616,1.00001667522821),
(1.00009854789084,0.927327739709555,1.00002099806136),(1.00012263690357,
0.909563757260242,1.0000261308203),(1.00014645562435,0.891999096442672,
1.00003120598687),(1.00017001167756,0.874628134815085,1.00003622518562),
(1.00020109093146,0.851709332495822,1.00004284738803),(1.00023942866141,
0.823437905615962,1.00005101618799),(1.00028457021781,0.790149126845408,
1.00006063471116),(1.00032913530284,0.757285455877503,1.00007013040287),
(1.00037339503576,0.724646960991757,1.00007956103177),(1.00041761129289,
0.692040526494799,1.00008898239709),(1.00047686252082,0.648346839881083,
1.00010160733415),(1.0005521505092,0.592827150502862,1.000117649299),(1.00065010504634,
0.520592447562393,1.00013852093171),(1.00072233637228,0.467326835533081,
1.00015391159914),(1.00076316682558,0.437217197418631,1.00016261153535)))
REPRESENTATION_ITEM('')
SURFACE()
);
#32=(
BOUNDED_SURFACE()
B_SPLINE_SURFACE(3,2,((#6089,#6090,#6091),(#6092,#6093,#6094),(#6095,#6096,
#6097),(#6098,#6099,#6100)),.UNSPECIFIED.,.F.,.F.,.F.)
B_SPLINE_SURFACE_WITH_KNOTS((4,4),(3,3),(-0.00101305417582424,0.0111435959340667),
(0.,1.00539378918966),.UNSPECIFIED.)
GEOMETRIC_REPRESENTATION_ITEM()
RATIONAL_B_SPLINE_SURFACE(((1.,0.43371683134225,1.00610882406679),(1.,0.47096008203814,
1.00570705958081),(1.,0.493816041611489,1.00546049912547),(1.,0.512445830837653,
1.00525952881401)))
REPRESENTATION_ITEM('')
SURFACE()
);
#33=(
BOUNDED_SURFACE()
B_SPLINE_SURFACE(3,2,((#6101,#6102,#6103),(#6104,#6105,#6106),(#6107,#6108,
#6109),(#6110,#6111,#6112),(#6113,#6114,#6115),(#6116,#6117,#6118),(#6119,
#6120,#6121),(#6122,#6123,#6124),(#6125,#6126,#6127),(#6128,#6129,#6130),
(#6131,#6132,#6133),(#6134,#6135,#6136),(#6137,#6138,#6139),(#6140,#6141,
#6142),(#6143,#6144,#6145),(#6146,#6147,#6148),(#6149,#6150,#6151),(#6152,
#6153,#6154),(#6155,#6156,#6157),(#6158,#6159,#6160),(#6161,#6162,#6163),
(#6164,#6165,#6166)),.UNSPECIFIED.,.F.,.F.,.F.)
B_SPLINE_SURFACE_WITH_KNOTS((4,1,1,1,1,1,1,1,1,1,1,1,1,1,1,1,1,1,1,4),(3,
3),(-0.000156117594018207,0.00254109017780879,0.00508218035561759,0.00762327053342638,
0.00889381562233078,0.0101643607112352,0.0114349058001396,0.012705450889044,
0.0139759959779484,0.0152465410668528,0.015881813611305,0.0165170861557572,
0.0171523587002094,0.0177876312446616,0.0184229037891138,0.0190581763335659,
0.019375812605792,0.0196934488780181,0.0200110851502442,0.0204848390164887),
(-0.00252770889134052,1.0008524210922),.UNSPECIFIED.)
GEOMETRIC_REPRESENTATION_ITEM()
RATIONAL_B_SPLINE_SURFACE(((1.0028344070117,0.438853654873685,1.00095425183559),
(1.00268857675907,0.467724636681043,1.00090515557465),(1.00242445130528,
0.520015303631548,1.0008162332011),(1.00206210903325,0.591750605158612,
1.00069424444762),(1.00177942931861,0.647714582123034,1.00059907546326),
(1.00155751246535,0.691648932629712,1.00052436334051),(1.00139202576777,
0.724411431145265,1.00046864939954),(1.00122652258953,0.757177192445908,
1.00041292991008),(1.00106004890222,0.79013509186137,1.00035688368205),
(1.00089149376668,0.823505069380941,1.0003001366987),(1.00074884710896,
0.851745773801798,1.00025211224971),(1.00063302669656,0.87467550860694,
1.00021311931726),(1.00054518287001,0.89206653325652,1.00018354518328),
(1.00045631355809,0.909660580044383,1.00015362580202),(1.00036622072179,
0.927496856064431,1.00012329450024),(1.00027554520372,0.945448489455738,
1.00009276702864),(1.0001999921318,0.960406231937602,1.00006733078845),
(1.00014050600855,0.972183094085841,1.00004730376266),(1.00009653715611,
0.980887899269755,1.00003250089279),(1.0000493968184,0.9902205844138,1.0000166302879),
(1.00002546647914,0.994958232310134,1.0000085737279),(1.00003141893359,
0.993779785443774,1.00001057772399)))
REPRESENTATION_ITEM('')
SURFACE()
);
#34=(
BOUNDED_SURFACE()
B_SPLINE_SURFACE(3,2,((#6169,#6170,#6171),(#6172,#6173,#6174),(#6175,#6176,
#6177),(#6178,#6179,#6180)),.UNSPECIFIED.,.F.,.F.,.F.)
B_SPLINE_SURFACE_WITH_KNOTS((4,4),(3,3),(-0.00101305417582424,0.0111435959340667),
(0.,1.0053942310276),.UNSPECIFIED.)
GEOMETRIC_REPRESENTATION_ITEM()
RATIONAL_B_SPLINE_SURFACE(((1.,0.51244561657326,1.00525996196545),(1.,0.493815819159795,
1.00546094882794),(1.,0.470959849551965,1.00570752958879),(1.,0.433716582476542,
1.00610932716244)))
REPRESENTATION_ITEM('')
SURFACE()
);
#35=(
BOUNDED_SURFACE()
B_SPLINE_SURFACE(3,2,((#6182,#6183,#6184),(#6185,#6186,#6187),(#6188,#6189,
#6190),(#6191,#6192,#6193)),.UNSPECIFIED.,.F.,.F.,.F.)
B_SPLINE_SURFACE_WITH_KNOTS((4,4),(3,3),(0.,0.000166212324396599),(-0.000421201995005672,
1.),.UNSPECIFIED.)
GEOMETRIC_REPRESENTATION_ITEM()
RATIONAL_B_SPLINE_SURFACE(((1.00000524447201,0.993774397944007,1.),(1.00000466008171,
0.994468115334557,1.),(1.0000046595861,0.994468703671256,1.),(1.00000524447201,
0.993774397943399,1.)))
REPRESENTATION_ITEM('')
SURFACE()
);
#36=(
BOUNDED_SURFACE()
B_SPLINE_SURFACE(3,2,((#6195,#6196,#6197),(#6198,#6199,#6200),(#6201,#6202,
#6203),(#6204,#6205,#6206),(#6207,#6208,#6209),(#6210,#6211,#6212),(#6213,
#6214,#6215),(#6216,#6217,#6218),(#6219,#6220,#6221),(#6222,#6223,#6224),
(#6225,#6226,#6227),(#6228,#6229,#6230),(#6231,#6232,#6233),(#6234,#6235,
#6236),(#6237,#6238,#6239),(#6240,#6241,#6242),(#6243,#6244,#6245),(#6246,
#6247,#6248),(#6249,#6250,#6251),(#6252,#6253,#6254),(#6255,#6256,#6257),
(#6258,#6259,#6260),(#6261,#6262,#6263),(#6264,#6265,#6266),(#6267,#6268,
#6269),(#6270,#6271,#6272),(#6273,#6274,#6275),(#6276,#6277,#6278),(#6279,
#6280,#6281),(#6282,#6283,#6284),(#6285,#6286,#6287),(#6288,#6289,#6290),
(#6291,#6292,#6293),(#6294,#6295,#6296),(#6297,#6298,#6299),(#6300,#6301,
#6302),(#6303,#6304,#6305),(#6306,#6307,#6308),(#6309,#6310,#6311),(#6312,
#6313,#6314),(#6315,#6316,#6317)),.UNSPECIFIED.,.F.,.F.,.F.)
B_SPLINE_SURFACE_WITH_KNOTS((4,1,1,1,1,1,1,1,1,1,1,1,1,1,1,1,1,1,1,1,1,
1,1,1,1,1,1,1,1,1,1,1,1,1,1,1,1,1,4),(3,3),(-3.95562421151753E-5,0.000755195274556329,
0.00151039054911266,0.00226558582366899,0.00264318346094716,0.00302078109822532,
0.00339837873550349,0.00377597637278166,0.00415357401005982,0.00453117164733799,
0.00471997046597707,0.00490876928461615,0.00509756810325524,0.00528636692189432,
0.0054751657405334,0.00566396455917248,0.00575836396849203,0.00585276337781157,
0.00594716278713111,0.00604156219645065,0.00613596160577019,0.00623036101508973,
0.00632476042440928,0.00641915983372882,0.0066079586523679,0.00679675747100698,
0.00698555628964607,0.00717435510828515,0.00736315392692423,0.00755195274556331,
0.00792955038284148,0.00830714802011965,0.00868474565739781,0.00906234329467598,
0.00943994093195414,0.00981753856923231,0.0105727338437886,0.011327929118345,
0.0121980819127731),(-0.000939885742298319,1.000764303528),
 .UNSPECIFIED.)
GEOMETRIC_REPRESENTATION_ITEM()
RATIONAL_B_SPLINE_SURFACE(((1.00091784527551,0.511351537067893,1.00074624956335),
(1.0009411015674,0.498970200484066,1.0007651579765),(1.00098763008068,0.474199046671876,
1.00080298775418),(1.00106114985125,0.435058111003237,1.00086276264015),
(1.0011257829927,0.400648296988807,1.00091531229625),(1.0011810455193,0.371227272111959,
1.00096024322029),(1.00122459914567,0.348039908026241,1.00099565428087),
(1.00127068846665,0.323502574273154,1.00103312697543),(1.00131984051047,
0.297334688137863,1.00107308980164),(1.00137302733775,0.269018737623675,
1.00111633308861),(1.00142096880785,0.243495344630997,1.00115531166384),
(1.00146212918796,0.221582112616403,1.00118877690739),(1.00149459501642,
0.20429774280205,1.00121517308871),(1.00152902115497,0.185969730295422,
1.00124316309045),(1.00156483824811,0.166901192302758,1.00127228400094),
(1.00160190985324,0.147164769020126,1.00130242488621),(1.00163265401416,
0.130796991816511,1.00132742127424),(1.00165425313611,0.119297910190304,
1.00134498233356),(1.00166730889528,0.112347199849123,1.001355597254),(1.00167574063921,
0.107858252937208,1.00136245264172),(1.00167795239186,0.10668074561401,
1.00136425089628),(1.00167341818535,0.109094696094,1.00136056438209),(1.00166291562643,
0.114686117014266,1.00135202532848),(1.00164861430511,0.122299947867709,
1.0013403977099),(1.0016260215997,0.134327999945692,1.00132202882246),(1.00159530830966,
0.150679341909075,1.00129705753385),(1.00155816035123,0.170456414662846,
1.0012668545699),(1.00152259061448,0.189393263445506,1.0012379347713),(1.00148898958622,
0.20728199834361,1.0012106156214),(1.00145703636397,0.224293463516639,1.00118463621203),
(1.00141643377151,0.24590973690144,1.00115162447497),(1.00136878869056,
0.271275336301304,1.00111288687746),(1.00131641755866,0.299157021577427,
1.0010703067876),(1.00126783420002,0.325022147387808,1.00103080632806),
(1.00122224438041,0.349293553335548,1.00099373975062),(1.00117911146446,
0.372256936861067,1.00095867074656),(1.00112434073678,0.401416134613552,
1.00091413967721),(1.00106021807529,0.435554175974761,1.00086200506431),
(1.00098482634801,0.475691716182519,1.00080070819319),(1.00093648947887,
0.501425614299988,1.00076140814072),(1.00091130348101,0.514834300349863,
1.00074093078968)))
REPRESENTATION_ITEM('')
SURFACE()
);
#37=(
BOUNDED_SURFACE()
B_SPLINE_SURFACE(3,2,((#6386,#6387,#6388),(#6389,#6390,#6391),(#6392,#6393,
#6394),(#6395,#6396,#6397),(#6398,#6399,#6400),(#6401,#6402,#6403),(#6404,
#6405,#6406),(#6407,#6408,#6409),(#6410,#6411,#6412),(#6413,#6414,#6415),
(#6416,#6417,#6418),(#6419,#6420,#6421),(#6422,#6423,#6424),(#6425,#6426,
#6427),(#6428,#6429,#6430),(#6431,#6432,#6433),(#6434,#6435,#6436),(#6437,
#6438,#6439),(#6440,#6441,#6442),(#6443,#6444,#6445),(#6446,#6447,#6448),
(#6449,#6450,#6451),(#6452,#6453,#6454),(#6455,#6456,#6457)),
 .UNSPECIFIED.,.F.,.F.,.F.)
B_SPLINE_SURFACE_WITH_KNOTS((4,1,1,1,1,1,1,1,1,1,1,1,1,1,1,1,1,1,1,1,1,
4),(3,3),(0.0202420631056417,0.0206523342710083,0.0208115542583296,0.0211299942329724,
0.0214484342076151,0.0217668741822579,0.0220853141569006,0.0224037541315433,
0.0230406340808288,0.0236775140301143,0.0243143939793998,0.0249512739286853,
0.0255881538779707,0.0268619137765417,0.0281356736751126,0.0294094335736836,
0.0306831934722546,0.0319569533708255,0.0332307132693965,0.0357782330665384,
0.0383257528636803,0.0411243238388685),(-0.000678127714009526,1.0001445689367),
 .UNSPECIFIED.)
GEOMETRIC_REPRESENTATION_ITEM()
RATIONAL_B_SPLINE_SURFACE(((1.00001033924433,0.992375521698995,1.00000220303129),
(1.00000652446156,0.995188660411893,1.00000139019763),(1.00000856059715,
0.993687151104925,1.00000182404659),(1.00001680384804,0.987608323143298,
1.00000358047472),(1.00002596885459,0.980849764073052,1.00000553330566),
(1.00003763676314,0.972245487720177,1.00000801944167),(1.00004969260369,
0.963355138320168,1.00001058823616),(1.00006195078239,0.954315578514018,
1.0000132001438),(1.00007826001371,0.942288647310602,1.00001667522822),
(1.00009854789087,0.927327739709538,1.00002099806137),(1.0001226369036,
0.909563757260221,1.00002613082031),(1.0001464556244,0.891999096442647,
1.00003120598688),(1.00017001167761,0.874628134815053,1.00003622518563),
(1.00020109093152,0.851709332495786,1.00004284738805),(1.00023942866149,
0.823437905615919,1.000051016188),(1.0002845702179,0.790149126845353,1.00006063471117),
(1.00032913530294,0.757285455877444,1.00007013040289),(1.00037339503587,
0.724646960991687,1.0000795610318),(1.00041761129302,0.692040526494727,
1.00008898239711),(1.00047686252097,0.648346839880959,1.00010160733418),
(1.00055215050937,0.592827150503051,1.00011764929903),(1.00065010504654,
0.520592447560443,1.00013852093175),(1.0007223363725,0.467326835534016,
1.00015391159919),(1.00076316682582,0.437217197415142,1.0001626115354)))
REPRESENTATION_ITEM('')
SURFACE()
);
#38=(
BOUNDED_SURFACE()
B_SPLINE_SURFACE(3,2,((#6459,#6460,#6461),(#6462,#6463,#6464),(#6465,#6466,
#6467),(#6468,#6469,#6470)),.UNSPECIFIED.,.F.,.F.,.F.)
B_SPLINE_SURFACE_WITH_KNOTS((4,4),(3,3),(-0.00101305417582424,0.0111435959340667),
(0.,1.00539378919788),.UNSPECIFIED.)
GEOMETRIC_REPRESENTATION_ITEM()
RATIONAL_B_SPLINE_SURFACE(((1.,0.433716831333048,1.0061088240762),(1.,0.470960082051057,
1.00570705958937),(1.,0.493816041602034,1.0054604991339),(1.,0.512445830834694,
1.00525952882205)))
REPRESENTATION_ITEM('')
SURFACE()
);
#39=(
BOUNDED_SURFACE()
B_SPLINE_SURFACE(3,2,((#6474,#6475,#6476),(#6477,#6478,#6479),(#6480,#6481,
#6482),(#6483,#6484,#6485),(#6486,#6487,#6488),(#6489,#6490,#6491),(#6492,
#6493,#6494),(#6495,#6496,#6497),(#6498,#6499,#6500)),.UNSPECIFIED.,.F.,
 .F.,.F.)
B_SPLINE_SURFACE_WITH_KNOTS((4,1,1,1,1,1,4),(3,3),(-4.93541874940164E-5,
0.000123390379381289,0.000185085569071933,0.000246780758762577,0.000308475948453222,
0.000370171138143866,0.000542905415382486),(-0.000521831696327238,1.),
 .UNSPECIFIED.)
GEOMETRIC_REPRESENTATION_ITEM()
RATIONAL_B_SPLINE_SURFACE(((1.00032592326385,0.687712277596809,1.),(1.00030279047563,
0.709877267175053,1.),(1.00026905585029,0.742200548387579,1.),(1.00023918747988,
0.770819325885302,1.),(1.00023120739576,0.778465549919766,1.),(1.00023918747988,
0.770819325881343,1.),(1.00026905481248,0.742201542780579,1.),(1.0003027875144,
0.709880104513086,1.),(1.00032591913009,0.687716238415681,1.)))
REPRESENTATION_ITEM('')
SURFACE()
);
#40=(
BOUNDED_SURFACE()
B_SPLINE_SURFACE(3,2,((#6516,#6517,#6518),(#6519,#6520,#6521),(#6522,#6523,
#6524),(#6525,#6526,#6527),(#6528,#6529,#6530),(#6531,#6532,#6533),(#6534,
#6535,#6536),(#6537,#6538,#6539),(#6540,#6541,#6542)),.UNSPECIFIED.,.F.,
 .F.,.F.)
B_SPLINE_SURFACE_WITH_KNOTS((4,1,1,1,1,1,4),(3,3),(-4.93541874939953E-5,
0.000123390379381213,0.000185085569071819,0.000246780758762426,0.000308475948453032,
0.000370171138143639,0.00054290541538216),(-0.000521831696025523,1.),
 .UNSPECIFIED.)
GEOMETRIC_REPRESENTATION_ITEM()
RATIONAL_B_SPLINE_SURFACE(((1.00032592326366,0.687712277596726,1.),(1.00030279047545,
0.709877267175291,1.),(1.00026905585014,0.742200548387609,1.),(1.00023918747974,
0.770819325885308,1.),(1.00023120739563,0.778465549919763,1.),(1.00023918747974,
0.77081932588135,1.),(1.00026905481233,0.742201542780676,1.),(1.00030278751423,
0.709880104512934,1.),(1.0003259191299,0.687716238416122,1.)))
REPRESENTATION_ITEM('')
SURFACE()
);
#41=(
BOUNDED_SURFACE()
B_SPLINE_SURFACE(3,2,((#6556,#6557,#6558),(#6559,#6560,#6561),(#6562,#6563,
#6564),(#6565,#6566,#6567),(#6568,#6569,#6570),(#6571,#6572,#6573),(#6574,
#6575,#6576),(#6577,#6578,#6579),(#6580,#6581,#6582)),.UNSPECIFIED.,.F.,
 .F.,.F.)
B_SPLINE_SURFACE_WITH_KNOTS((4,1,1,1,1,1,4),(3,3),(-4.93541874939963E-5,
0.000123390379381221,0.000185085569071832,0.000246780758762443,0.000308475948453053,
0.000370171138143664,0.000542905415382185),(-0.000521831696060911,1.),
 .UNSPECIFIED.)
GEOMETRIC_REPRESENTATION_ITEM()
RATIONAL_B_SPLINE_SURFACE(((1.00032592326368,0.687712277596952,1.),(1.00030279047547,
0.709877267175093,1.),(1.00026905585016,0.742200548387631,1.),(1.00023918747976,
0.770819325885297,1.),(1.00023120739564,0.778465549919756,1.),(1.00023918747976,
0.77081932588134,1.),(1.00026905481235,0.742201542780641,1.),(1.00030278751425,
0.709880104512976,1.),(1.00032591912992,0.687716238416026,0.999999999999999)))
REPRESENTATION_ITEM('')
SURFACE()
);
#42=(
BOUNDED_SURFACE()
B_SPLINE_SURFACE(3,2,((#6596,#6597,#6598),(#6599,#6600,#6601),(#6602,#6603,
#6604),(#6605,#6606,#6607),(#6608,#6609,#6610),(#6611,#6612,#6613),(#6614,
#6615,#6616),(#6617,#6618,#6619),(#6620,#6621,#6622)),.UNSPECIFIED.,.F.,
 .F.,.F.)
B_SPLINE_SURFACE_WITH_KNOTS((4,1,1,1,1,1,4),(3,3),(-4.93541874940168E-5,
0.000123390379381285,0.000185085569071927,0.00024678075876257,0.000308475948453212,
0.000370171138143855,0.000542905415382475),(-0.000521831695956978,1.),
 .UNSPECIFIED.)
GEOMETRIC_REPRESENTATION_ITEM()
RATIONAL_B_SPLINE_SURFACE(((1.00032592326362,0.687712277597168,1.),(1.00030279047541,
0.70987726717498,1.),(1.0002690558501,0.742200548387697,1.),(1.00023918747971,
0.770819325885383,1.),(1.0002312073956,0.778465549919853,1.),(1.00023918747971,
0.770819325881413,1.),(1.00026905481229,0.742201542780781,1.),(1.00030278751419,
0.709880104512536,1.),(1.00032591912985,0.687716238416646,1.)))
REPRESENTATION_ITEM('')
SURFACE()
);
#43=ELLIPSE('',#1793,0.551858933825322,0.426195629158179);
#44=ELLIPSE('',#1805,0.551858933852622,0.426195629171957);
#45=ELLIPSE('',#1817,0.551858933967306,0.426195629225534);
#46=ELLIPSE('',#1829,0.551858934044549,0.426195629248403);
#47=TOROIDAL_SURFACE('',#1777,6.25,2.);
#48=TOROIDAL_SURFACE('',#1784,3.95,0.3);
#49=TOROIDAL_SURFACE('',#1858,1.5,0.3);
#50=TOROIDAL_SURFACE('',#1864,1.5,0.3);
#51=TOROIDAL_SURFACE('',#1866,2.40000000000001,0.3);
#52=TOROIDAL_SURFACE('',#1869,1.7,0.3);
#53=TOROIDAL_SURFACE('',#1871,1.5,0.3);
#54=TOROIDAL_SURFACE('',#1877,2.4,0.3);
#55=TOROIDAL_SURFACE('',#1879,1.5,0.3);
#56=TOROIDAL_SURFACE('',#1882,1.7,0.3);
#57=TOROIDAL_SURFACE('',#1884,1.5,0.3);
#58=TOROIDAL_SURFACE('',#1890,2.4,0.3);
#59=TOROIDAL_SURFACE('',#1892,1.5,0.3);
#60=TOROIDAL_SURFACE('',#1895,1.7,0.3);
#61=TOROIDAL_SURFACE('',#1897,1.5,0.3);
#62=TOROIDAL_SURFACE('',#1903,2.40000000000001,0.3);
#63=TOROIDAL_SURFACE('',#1905,1.5,0.3);
#64=TOROIDAL_SURFACE('',#1908,1.7,0.3);
#65=TOROIDAL_SURFACE('',#1910,1.7,0.3);
#66=TOROIDAL_SURFACE('',#1912,1.7,0.3);
#67=TOROIDAL_SURFACE('',#1914,1.7,0.3);
#68=TOROIDAL_SURFACE('',#1916,1.7,0.3);
#69=TOROIDAL_SURFACE('',#1918,10.7,0.2);
#70=TOROIDAL_SURFACE('',#1920,10.3,0.2);
#71=TOROIDAL_SURFACE('',#1928,2.,1.5);
#72=TOROIDAL_SURFACE('',#1930,5.,1.5);
#73=TOROIDAL_SURFACE('',#1937,11.37639320225,0.2);
#74=TOROIDAL_SURFACE('',#1939,11.7999999999996,0.2);
#75=CONICAL_SURFACE('',#1766,12.,0.217912516366173);
#76=CONICAL_SURFACE('',#1932,11.9999999999996,0.463647609000803);
#77=FACE_BOUND('',#428,.T.);
#78=FACE_BOUND('',#429,.T.);
#79=FACE_BOUND('',#430,.T.);
#80=FACE_BOUND('',#431,.T.);
#81=FACE_BOUND('',#432,.T.);
#82=FACE_BOUND('',#439,.T.);
#83=FACE_BOUND('',#444,.T.);
#84=FACE_BOUND('',#448,.T.);
#85=FACE_BOUND('',#454,.T.);
#86=FACE_BOUND('',#460,.T.);
#87=FACE_BOUND('',#466,.T.);
#88=B_SPLINE_CURVE_WITH_KNOTS('',3,(#2493,#2494,#2495,#2496,#2497,#2498,
#2499,#2500,#2501,#2502,#2503,#2504,#2505,#2506,#2507,#2508,#2509,#2510,
#2511,#2512,#2513,#2514,#2515,#2516,#2517,#2518,#2519,#2520,#2521,#2522,
#2523,#2524,#2525,#2526,#2527,#2528,#2529,#2530,#2531,#2532,#2533,#2534,
#2535,#2536,#2537,#2538,#2539,#2540,#2541,#2542,#2543,#2544,#2545,#2546,
#2547,#2548,#2549,#2550,#2551,#2552,#2553,#2554,#2555,#2556,#2557,#2558,
#2559,#2560,#2561,#2562,#2563,#2564,#2565),.UNSPECIFIED.,.F.,.F.,(4,3,3,
3,3,3,3,3,3,3,3,3,3,3,3,3,3,3,3,3,3,3,3,3,4),(0.00621581686804552,0.00632086217734037,
0.00642930990446475,0.00654273080117176,0.00656238132451155,0.00669569831999779,
0.00683546803329807,0.00690894578097759,0.00708419103250352,0.00725551023744363,
0.0074603408977493,0.00760207469390966,0.00786100850648238,0.00813089997050043,
0.00829520360684173,0.00860383443546738,0.00892348052412939,0.00898833251977381,
0.00937720936202746,0.00968146143270588,0.0101237170260091,0.010374590345638,
0.0108921507151074,0.0114275768701535,0.0117608481715021),.UNSPECIFIED.);
#89=B_SPLINE_CURVE_WITH_KNOTS('',3,(#2572,#2573,#2574,#2575,#2576,#2577,
#2578,#2579,#2580,#2581,#2582,#2583,#2584,#2585,#2586,#2587,#2588,#2589,
#2590,#2591,#2592,#2593,#2594,#2595,#2596,#2597,#2598,#2599,#2600,#2601,
#2602,#2603,#2604,#2605,#2606,#2607,#2608,#2609,#2610,#2611,#2612,#2613,
#2614,#2615,#2616,#2617,#2618,#2619,#2620,#2621,#2622,#2623,#2624,#2625,
#2626,#2627,#2628,#2629,#2630,#2631,#2632,#2633,#2634,#2635,#2636,#2637,
#2638,#2639,#2640,#2641,#2642,#2643,#2644),.UNSPECIFIED.,.F.,.F.,(4,3,3,
3,3,3,3,3,3,3,3,3,3,3,3,3,3,3,3,3,3,3,3,3,4),(0.00621581686804534,0.00632086217734024,
0.00642930990446452,0.00654273080117163,0.00656238132451139,0.00669569831999782,
0.00683546803329809,0.00690894578097743,0.00708419103250327,0.00725551023744348,
0.00746034089774961,0.00760207469390952,0.00786100850648276,0.0081308999705008,
0.00829520360684161,0.00860383443546754,0.00892348052412999,0.0089883325197737,
0.0093772093620273,0.0096814614327058,0.0101237170260091,0.0103745903456379,
0.0108921507151077,0.0114275768701533,0.0117608481715021),.UNSPECIFIED.);
#90=B_SPLINE_CURVE_WITH_KNOTS('',3,(#2651,#2652,#2653,#2654,#2655,#2656,
#2657,#2658,#2659,#2660,#2661,#2662,#2663,#2664,#2665,#2666,#2667,#2668,
#2669,#2670,#2671,#2672,#2673,#2674,#2675,#2676,#2677,#2678,#2679,#2680,
#2681,#2682,#2683,#2684,#2685,#2686,#2687,#2688,#2689,#2690,#2691,#2692,
#2693,#2694,#2695,#2696,#2697,#2698,#2699,#2700,#2701,#2702,#2703,#2704,
#2705,#2706,#2707,#2708,#2709,#2710,#2711,#2712,#2713,#2714,#2715,#2716,
#2717,#2718,#2719,#2720,#2721,#2722,#2723),.UNSPECIFIED.,.F.,.F.,(4,3,3,
3,3,3,3,3,3,3,3,3,3,3,3,3,3,3,3,3,3,3,3,3,4),(0.00621581686804531,0.00632086217734017,
0.00642930990446449,0.00654273080117141,0.00656238132451136,0.00669569831999764,
0.00683546803329788,0.0069089457809774,0.00708419103250334,0.00725551023744345,
0.00746034089774919,0.00760207469390949,0.00786100850648214,0.00813089997050008,
0.00829520360684159,0.00860383443546795,0.00892348052413001,0.00898833251977368,
0.0093772093620272,0.00968146143270577,0.0101237170260089,0.0103745903456379,
0.0108921507151071,0.0114275768701527,0.011760848171502),.UNSPECIFIED.);
#91=B_SPLINE_CURVE_WITH_KNOTS('',3,(#2730,#2731,#2732,#2733,#2734,#2735,
#2736,#2737,#2738,#2739,#2740,#2741,#2742,#2743,#2744,#2745,#2746,#2747,
#2748,#2749,#2750,#2751,#2752,#2753,#2754,#2755,#2756,#2757,#2758,#2759,
#2760,#2761,#2762,#2763,#2764,#2765,#2766,#2767,#2768,#2769,#2770,#2771,
#2772,#2773,#2774,#2775,#2776,#2777,#2778,#2779,#2780,#2781,#2782,#2783,
#2784,#2785,#2786,#2787,#2788,#2789,#2790,#2791,#2792,#2793,#2794,#2795,
#2796,#2797,#2798,#2799,#2800,#2801,#2802),.UNSPECIFIED.,.F.,.F.,(4,3,3,
3,3,3,3,3,3,3,3,3,3,3,3,3,3,3,3,3,3,3,3,3,4),(0.00621581686804553,0.00632086217734044,
0.00642930990446479,0.00654273080117147,0.00656238132451157,0.00669569831999778,
0.006835468033298,0.0069089457809776,0.00708419103250366,0.00725551023744363,
0.00746034089774918,0.00760207469390967,0.00786100850648227,0.00813089997050036,
0.00829520360684174,0.00860383443546807,0.00892348052413021,0.00898833251977381,
0.00937720936202716,0.00968146143270587,0.0101237170260089,0.0103745903456379,
0.010892150715107,0.0114275768701526,0.0117608481715021),.UNSPECIFIED.);
#92=B_SPLINE_CURVE_WITH_KNOTS('',3,(#2871,#2872,#2873,#2874,#2875,#2876,
#2877,#2878,#2879,#2880,#2881,#2882,#2883,#2884,#2885,#2886),
 .UNSPECIFIED.,.F.,.F.,(4,1,1,1,1,1,1,1,1,1,1,1,1,4),(0.00604019309387953,
0.00605767510247977,0.00624697744943226,0.00643627979638475,0.00681488449028974,
0.00719348918419473,0.00757209387809971,0.0079506985720047,0.00832930326590968,
0.00908651265371965,0.00984372204152962,0.0106009314293396,0.0113581408171496,
0.0121153502049595),.UNSPECIFIED.);
#93=B_SPLINE_CURVE_WITH_KNOTS('',3,(#2888,#2889,#2890,#2891,#2892,#2893,
#2894,#2895,#2896,#2897,#2898,#2899,#2900,#2901,#2902,#2903,#2904,#2905,
#2906,#2907,#2908,#2909),.UNSPECIFIED.,.F.,.F.,(4,3,3,3,3,3,3,4),(0.,0.00144883091367183,
0.00289271539778595,0.0043309977263877,0.00578204864884896,0.00720470377685582,
0.00866995259654428,0.0101352014162327),.UNSPECIFIED.);
#94=B_SPLINE_CURVE_WITH_KNOTS('',3,(#2911,#2912,#2913,#2914,#2915,#2916,
#2917,#2918,#2919,#2920,#2921,#2922,#2923,#2924,#2925,#2926,#2927,#2928,
#2929,#2930,#2931,#2932,#2933,#2934,#2935,#2936,#2937,#2938,#2939,#2940,
#2941,#2942,#2943,#2944,#2945,#2946,#2947,#2948,#2949,#2950,#2951,#2952,
#2953,#2954,#2955,#2956,#2957,#2958,#2959,#2960,#2961,#2962,#2963,#2964,
#2965,#2966,#2967,#2968,#2969,#2970,#2971,#2972,#2973,#2974,#2975,#2976,
#2977,#2978,#2979,#2980,#2981,#2982,#2983,#2984,#2985,#2986,#2987,#2988,
#2989,#2990,#2991,#2992,#2993,#2994,#2995,#2996,#2997,#2998,#2999,#3000,
#3001,#3002,#3003,#3004,#3005,#3006,#3007,#3008,#3009,#3010,#3011,#3012,
#3013,#3014,#3015,#3016,#3017,#3018,#3019,#3020,#3021,#3022,#3023,#3024,
#3025,#3026,#3027,#3028,#3029,#3030,#3031,#3032,#3033,#3034,#3035,#3036,
#3037,#3038,#3039,#3040),.UNSPECIFIED.,.F.,.F.,(4,3,3,3,3,3,3,3,3,3,3,3,
3,3,3,3,3,3,3,3,3,3,3,3,3,3,3,3,3,3,3,3,3,3,3,3,3,3,3,3,3,3,3,4),(7.15455147463256E-17,
0.000961554285782974,0.00196374192378712,0.0025451114537042,0.00372605550446661,
0.00494206760617587,0.00509022290740833,0.00636277863426039,0.00763533436111245,
0.0087710336414522,0.00890789008796452,0.00995407274272006,0.0101804458148166,
0.0111379897102459,0.0114530015416686,0.0123131014925233,0.0127255572685207,
0.0135091739439835,0.0139981129953728,0.0146767957474256,0.0152706687222248,
0.0158643324652046,0.0159069465856509,0.0164520443879287,0.0165432244490769,
0.017016733053035,0.0171795023125029,0.0176126451214284,0.017815780175929,
0.0181744950979968,0.018452058039355,0.0187385283027562,0.0190125792443246,
0.019088335902781,0.0192907406125289,0.019406474834494,0.0196032149091053,
0.0197246137662071,0.0198596976500832,0.0199863249885153,0.0200427526979201,
0.0201751901609521,0.0203015614482037,0.0203608916296331),.UNSPECIFIED.);
#95=B_SPLINE_CURVE_WITH_KNOTS('',3,(#3044,#3045,#3046,#3047,#3048,#3049,
#3050,#3051,#3052,#3053,#3054,#3055,#3056,#3057,#3058,#3059,#3060,#3061,
#3062,#3063,#3064,#3065,#3066,#3067,#3068,#3069,#3070,#3071,#3072,#3073,
#3074,#3075,#3076,#3077,#3078,#3079,#3080,#3081,#3082,#3083,#3084,#3085,
#3086,#3087,#3088,#3089,#3090,#3091,#3092,#3093,#3094,#3095,#3096,#3097,
#3098,#3099,#3100,#3101,#3102,#3103,#3104,#3105,#3106,#3107,#3108,#3109,
#3110,#3111,#3112,#3113,#3114,#3115,#3116,#3117,#3118,#3119,#3120,#3121,
#3122,#3123,#3124,#3125,#3126,#3127,#3128,#3129,#3130,#3131,#3132,#3133,
#3134,#3135,#3136,#3137,#3138,#3139,#3140,#3141,#3142,#3143,#3144,#3145,
#3146,#3147,#3148,#3149,#3150,#3151,#3152,#3153,#3154,#3155,#3156,#3157,
#3158,#3159,#3160,#3161,#3162,#3163,#3164,#3165,#3166,#3167,#3168,#3169,
#3170,#3171,#3172,#3173),.UNSPECIFIED.,.F.,.F.,(4,3,3,3,3,3,3,3,3,3,3,3,
3,3,3,3,3,3,3,3,3,3,3,3,3,3,3,3,3,3,3,3,3,3,3,3,3,3,3,3,3,3,3,4),(0.020532775048036,
0.0206588201184739,0.0207911980853483,0.0208517822204495,0.0209819888865675,
0.0211206044884368,0.0211707893928637,0.0213488206646624,0.0214897965652778,
0.0217082580796855,0.021808803737692,0.0220922072229082,0.0221278109101061,
0.022412785112016,0.0224468180825203,0.022793537961029,0.0230848324273486,
0.0235067581654662,0.0237228467721769,0.0242047285256838,0.0243608611170052,
0.0249241915053438,0.0255013145389638,0.0256368898066618,0.026334300182498,
0.0269129184963184,0.0276800633574213,0.0281889471859751,0.0290535731721274,
0.0294649758756317,0.0304201619301546,0.0307410045652883,0.0317891545954023,
0.0320170332549449,0.0331430643438384,0.0332930619446015,0.0345690906342581,
0.0358451193239148,0.0371211480135714,0.0382936834049887,0.038397176703228,
0.039390103204967,0.040341654752764,0.0409492340825412),.UNSPECIFIED.);
#96=B_SPLINE_CURVE_WITH_KNOTS('',3,(#3175,#3176,#3177,#3178,#3179,#3180,
#3181,#3182,#3183,#3184,#3185,#3186,#3187,#3188,#3189,#3190,#3191,#3192,
#3193,#3194,#3195,#3196),.UNSPECIFIED.,.F.,.F.,(4,3,3,3,3,3,3,4),(0.,0.00141134110899623,
0.00282981736645835,0.00425509496259261,0.00572515360987443,0.00716571083672242,
0.00865052019422116,0.0101353295517199),.UNSPECIFIED.);
#97=B_SPLINE_CURVE_WITH_KNOTS('',3,(#3198,#3199,#3200,#3201,#3202,#3203,
#3204,#3205,#3206,#3207,#3208,#3209,#3210,#3211,#3212,#3213,#3214,#3215,
#3216,#3217,#3218,#3219,#3220,#3221,#3222,#3223,#3224,#3225),
 .UNSPECIFIED.,.F.,.F.,(4,1,1,1,1,1,1,1,1,1,1,1,1,1,1,1,1,1,1,1,1,1,1,1,
1,4),(0.,0.000757209387809971,0.00151441877561994,0.00227162816342991,0.00302883755123989,
0.00378604693904986,0.00416465163295484,0.00454325632685983,0.00492186102076481,
0.0053004657146698,0.00548976806162229,0.00567907040857478,0.00586837275552728,
0.00605767510247977,0.00624697744943226,0.00643627979638476,0.00681488449028974,
0.00719348918419473,0.00757209387809971,0.0079506985720047,0.00832930326590968,
0.00908651265371966,0.00984372204152963,0.0106009314293396,0.0113581408171496,
0.0121153502049595),.UNSPECIFIED.);
#98=B_SPLINE_CURVE_WITH_KNOTS('',3,(#3227,#3228,#3229,#3230,#3231,#3232,
#3233,#3234,#3235,#3236,#3237,#3238,#3239,#3240,#3241,#3242,#3243,#3244,
#3245,#3246,#3247,#3248),.UNSPECIFIED.,.F.,.F.,(4,3,3,3,3,3,3,4),(0.,0.0014488309136727,
0.00289271539781522,0.0043309977263942,0.00578204864885383,0.00720470377685499,
0.00866995259654386,0.0101352014162327),.UNSPECIFIED.);
#99=B_SPLINE_CURVE_WITH_KNOTS('',3,(#3250,#3251,#3252,#3253,#3254,#3255,
#3256,#3257,#3258,#3259,#3260,#3261,#3262,#3263,#3264,#3265,#3266,#3267,
#3268,#3269,#3270,#3271,#3272,#3273,#3274,#3275,#3276,#3277,#3278,#3279,
#3280,#3281,#3282,#3283,#3284,#3285,#3286,#3287,#3288,#3289,#3290,#3291,
#3292,#3293,#3294,#3295,#3296,#3297,#3298,#3299,#3300,#3301,#3302,#3303,
#3304,#3305,#3306,#3307,#3308,#3309,#3310,#3311,#3312,#3313,#3314,#3315,
#3316,#3317,#3318,#3319,#3320,#3321,#3322,#3323,#3324,#3325,#3326,#3327,
#3328,#3329,#3330,#3331,#3332,#3333,#3334,#3335,#3336,#3337,#3338,#3339,
#3340,#3341,#3342,#3343,#3344,#3345,#3346,#3347,#3348,#3349,#3350,#3351,
#3352,#3353,#3354,#3355,#3356,#3357,#3358,#3359,#3360,#3361,#3362,#3363,
#3364,#3365,#3366,#3367,#3368,#3369,#3370,#3371,#3372,#3373,#3374,#3375,
#3376,#3377,#3378,#3379),.UNSPECIFIED.,.F.,.F.,(4,3,3,3,3,3,3,3,3,3,3,3,
3,3,3,3,3,3,3,3,3,3,3,3,3,3,3,3,3,3,3,3,3,3,3,3,3,3,3,3,3,3,3,4),(0.,0.000961554285787523,
0.00196374192380207,0.00254511145370412,0.00372605550447822,0.00494206760619107,
0.00509022290740824,0.00636277863426029,0.00763533436111235,0.00877103364145274,
0.00890789008796441,0.00995407274272217,0.0101804458148165,0.0111379897102428,
0.0114530015416685,0.0123131014925244,0.0127255572685206,0.0135091739439831,
0.0139981129953726,0.0146767957474253,0.0152706687222247,0.0158643324652041,
0.0159069465856507,0.0164520443879293,0.0165432244490768,0.0170167330530336,
0.0171795023125028,0.0176126451214301,0.0178157801759288,0.0181744950979959,
0.0184520580393549,0.0187385283027554,0.0190125792443254,0.0190883359027809,
0.0192907406125287,0.0194064748344939,0.0196032149091053,0.0197246137662069,
0.0198596976500895,0.0199863249885227,0.0200427526979199,0.0201751901609482,
0.020301561448201,0.0203608916296329),.UNSPECIFIED.);
#100=B_SPLINE_CURVE_WITH_KNOTS('',3,(#3383,#3384,#3385,#3386,#3387,#3388,
#3389,#3390,#3391,#3392,#3393,#3394,#3395,#3396,#3397,#3398,#3399,#3400,
#3401,#3402,#3403,#3404,#3405,#3406,#3407,#3408,#3409,#3410,#3411,#3412,
#3413,#3414,#3415,#3416,#3417,#3418,#3419,#3420,#3421,#3422,#3423,#3424,
#3425,#3426,#3427,#3428,#3429,#3430,#3431,#3432,#3433,#3434,#3435,#3436,
#3437,#3438,#3439,#3440,#3441,#3442,#3443,#3444,#3445,#3446,#3447,#3448,
#3449,#3450,#3451,#3452,#3453,#3454,#3455,#3456,#3457,#3458,#3459,#3460,
#3461,#3462,#3463,#3464,#3465,#3466,#3467,#3468,#3469,#3470,#3471,#3472,
#3473,#3474,#3475,#3476,#3477,#3478,#3479,#3480,#3481,#3482,#3483,#3484,
#3485,#3486,#3487,#3488,#3489,#3490,#3491,#3492,#3493,#3494,#3495,#3496,
#3497,#3498,#3499,#3500,#3501,#3502,#3503,#3504,#3505,#3506,#3507,#3508,
#3509,#3510,#3511,#3512),.UNSPECIFIED.,.F.,.F.,(4,3,3,3,3,3,3,3,3,3,3,3,
3,3,3,3,3,3,3,3,3,3,3,3,3,3,3,3,3,3,3,3,3,3,3,3,3,3,3,3,3,3,3,4),(0.020532775048036,
0.0206588201184726,0.020791198085347,0.0208517822204495,0.0209819888865703,
0.0211206044884396,0.0211707893928637,0.0213488206646625,0.0214897965652778,
0.021708258079685,0.021808803737692,0.0220922072229096,0.0221278109101061,
0.0224127851120156,0.0224468180825203,0.0227935379610285,0.0230848324273486,
0.023506758165468,0.0237228467721769,0.024204728525681,0.0243608611170052,
0.0249241915053626,0.0255013145389895,0.0256368898066618,0.0263343001824976,
0.0269129184963184,0.0276800633574226,0.028188947185975,0.0290535731721254,
0.0294649758756316,0.0304201619301597,0.0307410045652882,0.0317891545954023,
0.0320170332549449,0.0331430643438266,0.0332930619446015,0.0345690906342581,
0.0358451193239147,0.0371211480135713,0.0382936834049845,0.0383971767032279,
0.0393901032049691,0.0403416547527657,0.0409492340825411),.UNSPECIFIED.);
#101=B_SPLINE_CURVE_WITH_KNOTS('',3,(#3514,#3515,#3516,#3517,#3518,#3519,
#3520,#3521,#3522,#3523,#3524,#3525,#3526,#3527,#3528,#3529,#3530,#3531,
#3532,#3533,#3534,#3535),.UNSPECIFIED.,.F.,.F.,(4,3,3,3,3,3,3,4),(0.,0.00141134110900188,
0.00282981736646838,0.00425509496261155,0.00572515360988864,0.00716571083672724,
0.00865052019422358,0.0101353295517199),.UNSPECIFIED.);
#102=B_SPLINE_CURVE_WITH_KNOTS('',3,(#3537,#3538,#3539,#3540,#3541,#3542,
#3543,#3544,#3545,#3546,#3547,#3548,#3549,#3550,#3551,#3552,#3553,#3554,
#3555,#3556,#3557,#3558,#3559,#3560,#3561,#3562,#3563,#3564),
 .UNSPECIFIED.,.F.,.F.,(4,1,1,1,1,1,1,1,1,1,1,1,1,1,1,1,1,1,1,1,1,1,1,1,
1,4),(0.,0.000757209387809972,0.00151441877561994,0.00227162816342992,0.00302883755123989,
0.00378604693904986,0.00416465163295485,0.00454325632685983,0.00492186102076482,
0.0053004657146698,0.0054897680616223,0.00567907040857479,0.00586837275552728,
0.00605767510247977,0.00624697744943227,0.00643627979638476,0.00681488449028975,
0.00719348918419473,0.00757209387809972,0.0079506985720047,0.00832930326590969,
0.00908651265371966,0.00984372204152963,0.0106009314293396,0.0113581408171496,
0.0121153502049595),.UNSPECIFIED.);
#103=B_SPLINE_CURVE_WITH_KNOTS('',3,(#3566,#3567,#3568,#3569,#3570,#3571,
#3572,#3573,#3574,#3575,#3576,#3577,#3578,#3579,#3580,#3581,#3582,#3583,
#3584,#3585,#3586,#3587),.UNSPECIFIED.,.F.,.F.,(4,3,3,3,3,3,3,4),(0.,0.00144883091366569,
0.00289271539779935,0.00433099772639431,0.00578204864885391,0.00720470377685306,
0.00866995259654289,0.0101352014162327),.UNSPECIFIED.);
#104=B_SPLINE_CURVE_WITH_KNOTS('',3,(#3589,#3590,#3591,#3592,#3593,#3594,
#3595,#3596,#3597,#3598,#3599,#3600,#3601,#3602,#3603,#3604,#3605,#3606,
#3607,#3608,#3609,#3610,#3611,#3612,#3613,#3614,#3615,#3616,#3617,#3618,
#3619,#3620,#3621,#3622,#3623,#3624,#3625,#3626,#3627,#3628,#3629,#3630,
#3631,#3632,#3633,#3634,#3635,#3636,#3637,#3638,#3639,#3640,#3641,#3642,
#3643,#3644,#3645,#3646,#3647,#3648,#3649,#3650,#3651,#3652,#3653,#3654,
#3655,#3656,#3657,#3658,#3659,#3660,#3661,#3662,#3663,#3664,#3665,#3666,
#3667,#3668,#3669,#3670,#3671,#3672,#3673,#3674,#3675,#3676,#3677,#3678,
#3679,#3680,#3681,#3682,#3683,#3684,#3685,#3686,#3687,#3688,#3689,#3690,
#3691,#3692,#3693,#3694,#3695,#3696,#3697,#3698,#3699,#3700,#3701,#3702,
#3703,#3704,#3705,#3706,#3707,#3708,#3709,#3710,#3711,#3712,#3713,#3714,
#3715,#3716,#3717,#3718),.UNSPECIFIED.,.F.,.F.,(4,3,3,3,3,3,3,3,3,3,3,3,
3,3,3,3,3,3,3,3,3,3,3,3,3,3,3,3,3,3,3,3,3,3,3,3,3,3,3,3,3,3,3,4),(0.,0.000961554285781688,
0.00196374192379366,0.00254511145370412,0.00372605550447811,0.00494206760617573,
0.00509022290740824,0.0063627786342603,0.00763533436111236,0.00877103364145554,
0.00890789008796442,0.00995407274271769,0.0101804458148165,0.0111379897102452,
0.0114530015416685,0.0123131014925239,0.0127255572685206,0.0135091739439833,
0.0139981129953727,0.0146767957474253,0.0152706687222247,0.015864332465203,
0.0159069465856508,0.0164520443879292,0.0165432244490768,0.0170167330530335,
0.0171795023125028,0.0176126451214301,0.0178157801759288,0.0181744950979958,
0.0184520580393549,0.0187385283027653,0.0190125792443389,0.0190883359027809,
0.0192907406125287,0.0194064748344939,0.0196032149091053,0.0197246137662069,
0.0198596976500849,0.0199863249885163,0.0200427526979199,0.0201751901609486,
0.0203015614482015,0.020360891629633),.UNSPECIFIED.);
#105=B_SPLINE_CURVE_WITH_KNOTS('',3,(#3722,#3723,#3724,#3725,#3726,#3727,
#3728,#3729,#3730,#3731,#3732,#3733,#3734,#3735,#3736,#3737,#3738,#3739,
#3740,#3741,#3742,#3743,#3744,#3745,#3746,#3747,#3748,#3749,#3750,#3751,
#3752,#3753,#3754,#3755,#3756,#3757,#3758,#3759,#3760,#3761,#3762,#3763,
#3764,#3765,#3766,#3767,#3768,#3769,#3770,#3771,#3772,#3773,#3774,#3775,
#3776,#3777,#3778,#3779,#3780,#3781,#3782,#3783,#3784,#3785,#3786,#3787,
#3788,#3789,#3790,#3791,#3792,#3793,#3794,#3795,#3796,#3797,#3798,#3799,
#3800,#3801,#3802,#3803,#3804,#3805,#3806,#3807,#3808,#3809,#3810,#3811,
#3812,#3813,#3814,#3815,#3816,#3817,#3818,#3819,#3820,#3821,#3822,#3823,
#3824,#3825,#3826,#3827,#3828,#3829,#3830,#3831,#3832,#3833,#3834,#3835,
#3836,#3837,#3838,#3839,#3840,#3841,#3842,#3843,#3844,#3845,#3846,#3847,
#3848,#3849,#3850,#3851),.UNSPECIFIED.,.F.,.F.,(4,3,3,3,3,3,3,3,3,3,3,3,
3,3,3,3,3,3,3,3,3,3,3,3,3,3,3,3,3,3,3,3,3,3,3,3,3,3,3,3,3,3,3,4),(0.0205327750480363,
0.0206588201184711,0.0207911980853458,0.0208517822204499,0.0209819888865716,
0.0211206044884412,0.021170789392864,0.0213488206646628,0.0214897965652782,
0.0217082580796856,0.0218088037376923,0.0220922072229092,0.0221278109101065,
0.0224127851120169,0.0224468180825206,0.022793537961029,0.0230848324273489,
0.0235067581654683,0.0237228467721772,0.0242047285256817,0.0243608611170055,
0.0249241915053511,0.0255013145389824,0.0256368898066621,0.0263343001824981,
0.0269129184963187,0.0276800633574217,0.0281889471859753,0.029053573172129,
0.0294649758756319,0.0304201619301569,0.0307410045652885,0.0317891545954027,
0.0320170332549451,0.03314306434383,0.0332930619446017,0.0345690906342584,
0.035845119323915,0.0371211480135716,0.0382936834049747,0.0383971767032282,
0.0393901032049805,0.0403416547527759,0.0409492340825414),.UNSPECIFIED.);
#106=B_SPLINE_CURVE_WITH_KNOTS('',3,(#3853,#3854,#3855,#3856,#3857,#3858,
#3859,#3860,#3861,#3862,#3863,#3864,#3865,#3866,#3867,#3868,#3869,#3870,
#3871,#3872,#3873,#3874),.UNSPECIFIED.,.F.,.F.,(4,3,3,3,3,3,3,4),(0.,0.00141134110899864,
0.00282981736646253,0.00425509496260258,0.00572515360988191,0.00716571083672321,
0.00865052019422156,0.0101353295517199),.UNSPECIFIED.);
#107=B_SPLINE_CURVE_WITH_KNOTS('',3,(#3876,#3877,#3878,#3879,#3880,#3881,
#3882,#3883,#3884,#3885,#3886,#3887,#3888,#3889,#3890,#3891,#3892,#3893,
#3894,#3895,#3896,#3897,#3898,#3899,#3900,#3901,#3902,#3903),
 .UNSPECIFIED.,.F.,.F.,(4,1,1,1,1,1,1,1,1,1,1,1,1,1,1,1,1,1,1,1,1,1,1,1,
1,4),(0.,0.000757209387809971,0.00151441877561994,0.00227162816342991,0.00302883755123988,
0.00378604693904985,0.00416465163295484,0.00454325632685982,0.00492186102076481,
0.0053004657146698,0.00548976806162229,0.00567907040857478,0.00586837275552727,
0.00605767510247977,0.00624697744943226,0.00643627979638475,0.00681488449028974,
0.00719348918419472,0.00757209387809971,0.00795069857200469,0.00832930326590968,
0.00908651265371965,0.00984372204152962,0.0106009314293396,0.0113581408171496,
0.0121153502049595),.UNSPECIFIED.);
#108=B_SPLINE_CURVE_WITH_KNOTS('',3,(#3905,#3906,#3907,#3908,#3909,#3910,
#3911,#3912,#3913,#3914,#3915,#3916,#3917,#3918,#3919,#3920,#3921,#3922,
#3923,#3924,#3925,#3926),.UNSPECIFIED.,.F.,.F.,(4,3,3,3,3,3,3,4),(0.,0.00144883091367148,
0.00289271539779566,0.00433099772638161,0.00578204864884438,0.00720470377684152,
0.00866995259653712,0.0101352014162327),.UNSPECIFIED.);
#109=B_SPLINE_CURVE_WITH_KNOTS('',3,(#3928,#3929,#3930,#3931,#3932,#3933,
#3934,#3935,#3936,#3937,#3938,#3939,#3940,#3941,#3942,#3943,#3944,#3945,
#3946,#3947,#3948,#3949,#3950,#3951,#3952,#3953,#3954,#3955,#3956,#3957,
#3958,#3959,#3960,#3961,#3962,#3963,#3964,#3965,#3966,#3967,#3968,#3969,
#3970,#3971,#3972,#3973,#3974,#3975,#3976,#3977,#3978,#3979,#3980,#3981,
#3982,#3983,#3984,#3985,#3986,#3987,#3988,#3989,#3990,#3991,#3992,#3993,
#3994,#3995,#3996,#3997,#3998,#3999,#4000,#4001,#4002,#4003,#4004,#4005,
#4006,#4007,#4008,#4009,#4010,#4011,#4012,#4013,#4014,#4015,#4016,#4017,
#4018,#4019,#4020,#4021,#4022,#4023,#4024,#4025,#4026,#4027,#4028,#4029,
#4030,#4031,#4032,#4033,#4034,#4035,#4036,#4037,#4038,#4039,#4040,#4041,
#4042,#4043,#4044,#4045,#4046,#4047,#4048,#4049,#4050,#4051,#4052,#4053,
#4054,#4055,#4056,#4057),.UNSPECIFIED.,.F.,.F.,(4,3,3,3,3,3,3,3,3,3,3,3,
3,3,3,3,3,3,3,3,3,3,3,3,3,3,3,3,3,3,3,3,3,3,3,3,3,3,3,3,3,3,3,4),(0.,0.000961554285788981,
0.00196374192379886,0.00254511145370412,0.00372605550443752,0.00494206760616527,
0.00509022290740824,0.0063627786342603,0.00763533436111236,0.00877103364145348,
0.00890789008796442,0.00995407274272401,0.0101804458148165,0.0111379897102448,
0.0114530015416685,0.0123131014925217,0.0127255572685206,0.0135091739439853,
0.0139981129953727,0.0146767957474245,0.0152706687222247,0.0158643324652045,
0.0159069465856507,0.0164520443879279,0.0165432244490768,0.017016733053034,
0.0171795023125028,0.0176126451214301,0.0178157801759288,0.018174495097996,
0.0184520580393549,0.0187385283027702,0.0190125792443426,0.0190883359027809,
0.0192907406125288,0.0194064748344939,0.0196032149091051,0.0197246137662069,
0.0198596976500863,0.0199863249885192,0.0200427526979199,0.020175190160948,
0.0203015614482015,0.020360891629633),.UNSPECIFIED.);
#110=B_SPLINE_CURVE_WITH_KNOTS('',3,(#4061,#4062,#4063,#4064,#4065,#4066,
#4067,#4068,#4069,#4070,#4071,#4072,#4073,#4074,#4075,#4076,#4077,#4078,
#4079,#4080,#4081,#4082,#4083,#4084,#4085,#4086,#4087,#4088,#4089,#4090,
#4091,#4092,#4093,#4094,#4095,#4096,#4097,#4098,#4099,#4100,#4101,#4102,
#4103,#4104,#4105,#4106,#4107,#4108,#4109,#4110,#4111,#4112,#4113,#4114,
#4115,#4116,#4117,#4118,#4119,#4120,#4121,#4122,#4123,#4124,#4125,#4126,
#4127,#4128,#4129,#4130,#4131,#4132,#4133,#4134,#4135,#4136,#4137,#4138,
#4139,#4140,#4141,#4142,#4143,#4144,#4145,#4146,#4147,#4148,#4149,#4150,
#4151,#4152,#4153,#4154,#4155,#4156,#4157,#4158,#4159,#4160,#4161,#4162,
#4163,#4164,#4165,#4166,#4167,#4168,#4169,#4170,#4171,#4172,#4173,#4174,
#4175,#4176,#4177,#4178,#4179,#4180,#4181,#4182,#4183,#4184,#4185,#4186,
#4187,#4188,#4189,#4190),.UNSPECIFIED.,.F.,.F.,(4,3,3,3,3,3,3,3,3,3,3,3,
3,3,3,3,3,3,3,3,3,3,3,3,3,3,3,3,3,3,3,3,3,3,3,3,3,3,3,3,3,3,3,4),(0.0205327750480365,
0.0206588201184744,0.020791198085349,0.02085178222045,0.0209819888865733,
0.0211206044884439,0.0211707893928642,0.0213488206646631,0.0214897965652783,
0.0217082580796857,0.0218088037376925,0.0220922072229102,0.0221278109101066,
0.0224127851120165,0.0224468180825208,0.0227935379610289,0.0230848324273491,
0.0235067581654681,0.0237228467721774,0.0242047285256814,0.0243608611170057,
0.024924191505357,0.0255013145389838,0.0256368898066623,0.0263343001824986,
0.0269129184963189,0.027680063357422,0.0281889471859755,0.0290535731721283,
0.0294649758756321,0.0304201619301595,0.0307410045652887,0.0317891545954022,
0.0320170332549452,0.0331430643438294,0.0332930619446018,0.0345690906342584,
0.035845119323915,0.0371211480135716,0.0382936834050133,0.0383971767032282,
0.0393901032049654,0.040341654752763,0.0409492340825414),.UNSPECIFIED.);
#111=B_SPLINE_CURVE_WITH_KNOTS('',3,(#4192,#4193,#4194,#4195,#4196,#4197,
#4198,#4199,#4200,#4201,#4202,#4203,#4204,#4205,#4206,#4207,#4208,#4209,
#4210,#4211,#4212,#4213),.UNSPECIFIED.,.F.,.F.,(4,3,3,3,3,3,3,4),(0.,0.00141134110899604,
0.0028298173664684,0.00425509496261888,0.00572515360989413,0.00716571083673286,
0.00865052019422638,0.0101353295517199),.UNSPECIFIED.);
#112=B_SPLINE_CURVE_WITH_KNOTS('',3,(#4214,#4215,#4216,#4217,#4218,#4219,
#4220,#4221,#4222,#4223,#4224,#4225,#4226,#4227,#4228,#4229),
 .UNSPECIFIED.,.F.,.F.,(4,1,1,1,1,1,1,1,1,1,1,1,1,4),(0.,0.000757209387809971,
0.00151441877561994,0.00227162816342991,0.00302883755123988,0.00378604693904986,
0.00416465163295484,0.00454325632685983,0.00492186102076481,0.0053004657146698,
0.00548976806162229,0.00567907040857478,0.00586837275552728,0.00604019309387953),
 .UNSPECIFIED.);
#113=B_SPLINE_CURVE_WITH_KNOTS('',3,(#4256,#4257,#4258,#4259,#4260,#4261,
#4262,#4263,#4264,#4265,#4266,#4267,#4268,#4269,#4270,#4271,#4272,#4273,
#4274),.UNSPECIFIED.,.F.,.F.,(4,3,3,3,3,3,4),(0.,0.000123390387512994,0.000185085572115212,
0.000246780758757579,0.000308475945390415,0.000370171129992678,0.000493561517515158),
 .UNSPECIFIED.);
#114=B_SPLINE_CURVE_WITH_KNOTS('',3,(#4293,#4294,#4295,#4296,#4297,#4298,
#4299,#4300,#4301,#4302,#4303,#4304,#4305,#4306,#4307,#4308,#4309,#4310,
#4311,#4312,#4313,#4314,#4315,#4316),.UNSPECIFIED.,.F.,.F.,(4,1,1,1,1,1,
1,1,1,1,1,1,1,1,1,1,1,1,1,1,1,4),(3.46944695195361E-18,0.00251952787165248,
0.00503905574330496,0.00755858361495745,0.00881834755078368,0.0100781114866099,
0.0113378754224362,0.0125976393582624,0.0138574032940886,0.0151171672299149,
0.015747049197828,0.0163769311657411,0.0170068131336542,0.0176366951015674,
0.0182665770694805,0.018581518053437,0.0188964590373936,0.0192114000213502,
0.0195263410053067,0.0198412819892633,0.0199987524812416,0.0201562229732198),
 .UNSPECIFIED.);
#115=B_SPLINE_CURVE_WITH_KNOTS('',3,(#4319,#4320,#4321,#4322,#4323,#4324,
#4325,#4326,#4327,#4328,#4329,#4330,#4331,#4332,#4333,#4334,#4335,#4336,
#4337,#4338,#4339,#4340,#4341),.UNSPECIFIED.,.F.,.F.,(4,1,1,1,1,1,1,1,1,
1,1,1,1,1,1,1,1,1,1,1,4),(0.0203081725725585,0.0204652201426753,0.020622267712792,
0.0209363628530255,0.021250457993259,0.0215645531334926,0.0221927434139596,
0.0228209336944266,0.0234491239748936,0.0240773142553606,0.0247055045358276,
0.0253336948162947,0.0265900753772287,0.0278464559381627,0.0291028364990968,
0.0303592170600308,0.0316155976209649,0.0328719781818989,0.035384739303767,
0.037897500425635,0.0404102615475031),.UNSPECIFIED.);
#116=B_SPLINE_CURVE_WITH_KNOTS('',3,(#4347,#4348,#4349,#4350),
 .UNSPECIFIED.,.F.,.F.,(4,4),(7.16558394298172E-18,0.0101305417582424),
 .UNSPECIFIED.);
#117=B_SPLINE_CURVE_WITH_KNOTS('',3,(#4353,#4354,#4355,#4356,#4357,#4358,
#4359,#4360,#4361,#4362,#4363,#4364,#4365,#4366,#4367,#4368,#4369,#4370,
#4371,#4372,#4373,#4374,#4375,#4376,#4377,#4378,#4379,#4380,#4381,#4382,
#4383,#4384,#4385,#4386,#4387,#4388,#4389,#4390,#4391,#4392,#4393,#4394,
#4395,#4396,#4397,#4398,#4399,#4400,#4401,#4402,#4403,#4404,#4405,#4406,
#4407,#4408,#4409,#4410,#4411,#4412,#4413,#4414,#4415,#4416,#4417,#4418,
#4419,#4420,#4421,#4422,#4423,#4424,#4425,#4426,#4427,#4428),
 .UNSPECIFIED.,.F.,.F.,(4,3,3,3,3,3,3,3,3,3,3,3,3,3,3,3,3,3,3,3,3,3,3,3,
3,4),(1.74822347316868E-18,0.000542939214451165,0.00106780769677886,0.00139788500546082,
0.00184551503628003,0.00209682750819124,0.00248787809258128,0.00279577001092165,
0.00312291037614487,0.00343868021260989,0.00349471251365206,0.00375977897215598,
0.00401371149315578,0.00419365501638247,0.00441890263403356,0.00454312626774768,
0.00471786189343028,0.00488164976927212,0.00489259751911288,0.00503687723482443,
0.00517439281005237,0.00524206877047809,0.00535277816990969,0.00545988070828811,
0.00556205435124518,0.00559154002184329),.UNSPECIFIED.);
#118=B_SPLINE_CURVE_WITH_KNOTS('',3,(#4432,#4433,#4434,#4435),
 .UNSPECIFIED.,.F.,.F.,(4,4),(1.74822347316868E-18,0.0101305417582424),
 .UNSPECIFIED.);
#119=B_SPLINE_CURVE_WITH_KNOTS('',3,(#4445,#4446,#4447,#4448,#4449,#4450,
#4451,#4452,#4453,#4454,#4455,#4456,#4457,#4458,#4459,#4460,#4461,#4462,
#4463),.UNSPECIFIED.,.F.,.F.,(4,3,3,3,3,3,4),(0.,0.000123390387512993,0.000185085572115212,
0.000246780758757582,0.000308475945390418,0.000370171129992684,0.000493561517515165),
 .UNSPECIFIED.);
#120=B_SPLINE_CURVE_WITH_KNOTS('',3,(#4478,#4479,#4480,#4481,#4482,#4483,
#4484,#4485,#4486,#4487,#4488,#4489,#4490,#4491,#4492,#4493,#4494,#4495,
#4496,#4497,#4498,#4499,#4500,#4501),.UNSPECIFIED.,.F.,.F.,(4,1,1,1,1,1,
1,1,1,1,1,1,1,1,1,1,1,1,1,1,1,4),(1.0560819286685E-17,0.00251952787165247,
0.00503905574330494,0.0075585836149574,0.00881834755078363,0.0100781114866099,
0.0113378754224361,0.0125976393582623,0.0138574032940886,0.0151171672299148,
0.0157470491978279,0.016376931165741,0.0170068131336541,0.0176366951015673,
0.0182665770694804,0.0185815180534369,0.0188964590373935,0.01921140002135,
0.0195263410053066,0.0198412819892632,0.0199987524812414,0.0201562229732197),
 .UNSPECIFIED.);
#121=B_SPLINE_CURVE_WITH_KNOTS('',3,(#4504,#4505,#4506,#4507,#4508,#4509,
#4510,#4511,#4512,#4513,#4514,#4515,#4516,#4517,#4518,#4519,#4520,#4521,
#4522,#4523,#4524,#4525,#4526),.UNSPECIFIED.,.F.,.F.,(4,1,1,1,1,1,1,1,1,
1,1,1,1,1,1,1,1,1,1,1,4),(0.0203081725725584,0.0204652201426752,0.0206222677127919,
0.0209363628530254,0.0212504579932589,0.0215645531334925,0.0221927434139595,
0.0228209336944265,0.0234491239748935,0.0240773142553605,0.0247055045358276,
0.0253336948162946,0.0265900753772286,0.0278464559381627,0.0291028364990967,
0.0303592170600307,0.0316155976209648,0.0328719781818988,0.0353847393037669,
0.037897500425635,0.0404102615475031),.UNSPECIFIED.);
#122=B_SPLINE_CURVE_WITH_KNOTS('',3,(#4532,#4533,#4534,#4535),
 .UNSPECIFIED.,.F.,.F.,(4,4),(1.47375581764312E-16,0.0101305417582425),
 .UNSPECIFIED.);
#123=B_SPLINE_CURVE_WITH_KNOTS('',3,(#4538,#4539,#4540,#4541,#4542,#4543,
#4544,#4545,#4546,#4547,#4548,#4549,#4550,#4551,#4552,#4553,#4554,#4555,
#4556,#4557,#4558,#4559,#4560,#4561,#4562,#4563,#4564,#4565,#4566,#4567,
#4568,#4569,#4570,#4571,#4572,#4573,#4574,#4575,#4576,#4577,#4578,#4579,
#4580,#4581,#4582,#4583,#4584,#4585,#4586,#4587,#4588,#4589,#4590,#4591,
#4592,#4593,#4594,#4595,#4596,#4597,#4598,#4599,#4600,#4601,#4602,#4603,
#4604,#4605,#4606,#4607,#4608,#4609,#4610,#4611,#4612,#4613),
 .UNSPECIFIED.,.F.,.F.,(4,3,3,3,3,3,3,3,3,3,3,3,3,3,3,3,3,3,3,3,3,3,3,3,
3,4),(0.,0.000542939214452277,0.00106780769678033,0.00139788500546083,0.00184551503627969,
0.00209682750819124,0.00248787809258077,0.00279577001092165,0.00312291037613816,
0.00343868021260186,0.00349471251365206,0.00375977897215722,0.00401371149315747,
0.00419365501638248,0.00441890263403385,0.00454312626774768,0.00471786189343029,
0.0048816497692727,0.00489259751911289,0.00503687723482431,0.00517439281005225,
0.0052420687704781,0.00535277816990968,0.00545988070828793,0.00556205435124472,
0.0055915400218433),.UNSPECIFIED.);
#124=B_SPLINE_CURVE_WITH_KNOTS('',3,(#4617,#4618,#4619,#4620),
 .UNSPECIFIED.,.F.,.F.,(4,4),(3.47621661097998E-18,0.0101305417582426),
 .UNSPECIFIED.);
#125=B_SPLINE_CURVE_WITH_KNOTS('',3,(#4626,#4627,#4628,#4629,#4630,#4631,
#4632,#4633,#4634,#4635,#4636,#4637,#4638,#4639,#4640,#4641,#4642,#4643,
#4644),.UNSPECIFIED.,.F.,.F.,(4,3,3,3,3,3,4),(0.,0.000123390387512923,0.000185085572115109,
0.000246780758757449,0.000308475945390247,0.000370171129992479,0.000493561517514898),
 .UNSPECIFIED.);
#126=B_SPLINE_CURVE_WITH_KNOTS('',3,(#4663,#4664,#4665,#4666,#4667,#4668,
#4669,#4670,#4671,#4672,#4673,#4674,#4675,#4676,#4677,#4678,#4679,#4680,
#4681,#4682,#4683,#4684,#4685,#4686),.UNSPECIFIED.,.F.,.F.,(4,1,1,1,1,1,
1,1,1,1,1,1,1,1,1,1,1,1,1,1,1,4),(0.,0.00251952787165249,0.00503905574330497,
0.00755858361495746,0.0088183475507837,0.0100781114866099,0.0113378754224362,
0.0125976393582624,0.0138574032940887,0.0151171672299149,0.015747049197828,
0.0163769311657412,0.0170068131336543,0.0176366951015674,0.0182665770694805,
0.0185815180534371,0.0188964590373936,0.0192114000213502,0.0195263410053068,
0.0198412819892633,0.0199987524812416,0.0201562229732199),.UNSPECIFIED.);
#127=B_SPLINE_CURVE_WITH_KNOTS('',3,(#4689,#4690,#4691,#4692,#4693,#4694,
#4695,#4696,#4697,#4698,#4699,#4700,#4701,#4702,#4703,#4704,#4705,#4706,
#4707,#4708,#4709,#4710,#4711),.UNSPECIFIED.,.F.,.F.,(4,1,1,1,1,1,1,1,1,
1,1,1,1,1,1,1,1,1,1,1,4),(0.0203081725725583,0.020465220142675,0.0206222677127918,
0.0209363628530253,0.0212504579932588,0.0215645531334923,0.0221927434139593,
0.0228209336944263,0.0234491239748933,0.0240773142553603,0.0247055045358273,
0.0253336948162943,0.0265900753772284,0.0278464559381624,0.0291028364990964,
0.0303592170600304,0.0316155976209645,0.0328719781818985,0.0353847393037665,
0.0378975004256346,0.0404102615475026),.UNSPECIFIED.);
#128=B_SPLINE_CURVE_WITH_KNOTS('',3,(#4717,#4718,#4719,#4720),
 .UNSPECIFIED.,.F.,.F.,(4,4),(3.49644694633735E-18,0.0101305417582424),
 .UNSPECIFIED.);
#129=B_SPLINE_CURVE_WITH_KNOTS('',3,(#4723,#4724,#4725,#4726,#4727,#4728,
#4729,#4730,#4731,#4732,#4733,#4734,#4735,#4736,#4737,#4738,#4739,#4740,
#4741,#4742,#4743,#4744,#4745,#4746,#4747,#4748,#4749,#4750,#4751,#4752,
#4753,#4754,#4755,#4756,#4757,#4758,#4759,#4760,#4761,#4762,#4763,#4764,
#4765,#4766,#4767,#4768,#4769,#4770,#4771,#4772,#4773,#4774,#4775,#4776,
#4777,#4778,#4779,#4780,#4781,#4782,#4783,#4784,#4785,#4786,#4787,#4788,
#4789,#4790,#4791,#4792,#4793,#4794,#4795,#4796,#4797,#4798),
 .UNSPECIFIED.,.F.,.F.,(4,3,3,3,3,3,3,3,3,3,3,3,3,3,3,3,3,3,3,3,3,3,3,3,
3,4),(0.,0.000542939214451682,0.00106780769678071,0.00139788500546087,0.00184551503627964,
0.00209682750819131,0.00248787809258117,0.00279577001092175,0.00312291037614068,
0.00343868021260518,0.00349471251365218,0.00375977897215638,0.00401371149315631,
0.00419365501638262,0.00441890263403402,0.00454312626774784,0.00471786189343045,
0.00488164976927264,0.00489259751911306,0.00503687723482489,0.00517439281005291,
0.00524206877047828,0.00535277816990986,0.00545988070828828,0.00556205435124527,
0.00559154002184349),.UNSPECIFIED.);
#130=B_SPLINE_CURVE_WITH_KNOTS('',3,(#4802,#4803,#4804,#4805),
 .UNSPECIFIED.,.F.,.F.,(4,4),(1.74822347316868E-18,0.0101305417582424),
 .UNSPECIFIED.);
#131=B_SPLINE_CURVE_WITH_KNOTS('',3,(#4811,#4812,#4813,#4814,#4815,#4816,
#4817,#4818,#4819,#4820,#4821,#4822,#4823,#4824,#4825,#4826,#4827,#4828,
#4829),.UNSPECIFIED.,.F.,.F.,(4,3,3,3,3,3,4),(0.,0.000123390387512924,0.000185085572115106,
0.000246780758757438,0.000308475945390243,0.000370171129992478,0.000493561517514876),
 .UNSPECIFIED.);
#132=B_SPLINE_CURVE_WITH_KNOTS('',3,(#4848,#4849,#4850,#4851,#4852,#4853,
#4854,#4855,#4856,#4857,#4858,#4859,#4860,#4861,#4862,#4863,#4864,#4865,
#4866,#4867,#4868,#4869,#4870,#4871),.UNSPECIFIED.,.F.,.F.,(4,1,1,1,1,1,
1,1,1,1,1,1,1,1,1,1,1,1,1,1,1,4),(0.,0.00251952787165248,0.00503905574330497,
0.00755858361495745,0.00881834755078369,0.0100781114866099,0.0113378754224362,
0.0125976393582624,0.0138574032940887,0.0151171672299149,0.015747049197828,
0.0163769311657411,0.0170068131336543,0.0176366951015674,0.0182665770694805,
0.0185815180534371,0.0188964590373936,0.0192114000213502,0.0195263410053067,
0.0198412819892633,0.0199987524812416,0.0201562229732199),.UNSPECIFIED.);
#133=B_SPLINE_CURVE_WITH_KNOTS('',3,(#4874,#4875,#4876,#4877,#4878,#4879,
#4880,#4881,#4882,#4883,#4884,#4885,#4886,#4887,#4888,#4889,#4890,#4891,
#4892,#4893,#4894,#4895,#4896),.UNSPECIFIED.,.F.,.F.,(4,1,1,1,1,1,1,1,1,
1,1,1,1,1,1,1,1,1,1,1,4),(0.0203081725725582,0.020465220142675,0.0206222677127917,
0.0209363628530252,0.0212504579932587,0.0215645531334923,0.0221927434139593,
0.0228209336944263,0.0234491239748933,0.0240773142553603,0.0247055045358273,
0.0253336948162944,0.0265900753772284,0.0278464559381624,0.0291028364990965,
0.0303592170600305,0.0316155976209645,0.0328719781818986,0.0353847393037666,
0.0378975004256347,0.0404102615475028),.UNSPECIFIED.);
#134=B_SPLINE_CURVE_WITH_KNOTS('',3,(#4902,#4903,#4904,#4905),
 .UNSPECIFIED.,.F.,.F.,(4,4),(3.49644694633735E-18,0.0101305417582424),
 .UNSPECIFIED.);
#135=B_SPLINE_CURVE_WITH_KNOTS('',3,(#4908,#4909,#4910,#4911,#4912,#4913,
#4914,#4915,#4916,#4917,#4918,#4919,#4920,#4921,#4922,#4923,#4924,#4925,
#4926,#4927,#4928,#4929,#4930,#4931,#4932,#4933,#4934,#4935,#4936,#4937,
#4938,#4939,#4940,#4941,#4942,#4943,#4944,#4945,#4946,#4947,#4948,#4949,
#4950,#4951,#4952,#4953,#4954,#4955,#4956,#4957,#4958,#4959,#4960,#4961,
#4962,#4963,#4964,#4965,#4966,#4967,#4968,#4969,#4970,#4971,#4972,#4973,
#4974,#4975,#4976,#4977,#4978,#4979,#4980,#4981,#4982,#4983),
 .UNSPECIFIED.,.F.,.F.,(4,3,3,3,3,3,3,3,3,3,3,3,3,3,3,3,3,3,3,3,3,3,3,3,
3,4),(3.52990653115862E-18,0.000542939214451018,0.00106780769678039,0.00139788500546088,
0.00184551503627994,0.00209682750819131,0.0024878780925814,0.00279577001092175,
0.00312291037614127,0.00343868021260608,0.00349471251365218,0.0037597789721564,
0.00401371149315644,0.00419365501638262,0.00441890263403406,0.00454312626774784,
0.00471786189343045,0.0048816497692726,0.00489259751911306,0.00503687723482466,
0.00517439281005263,0.00524206877047828,0.00535277816990982,0.00545988070828826,
0.0055620543512452,0.00559154002184349),.UNSPECIFIED.);
#136=B_SPLINE_CURVE_WITH_KNOTS('',3,(#4987,#4988,#4989,#4990),
 .UNSPECIFIED.,.F.,.F.,(4,4),(3.47621661097998E-18,0.0101305417582424),
 .UNSPECIFIED.);
#137=B_SPLINE_CURVE_WITH_KNOTS('',3,(#5208,#5209,#5210,#5211,#5212,#5213,
#5214,#5215,#5216,#5217,#5218,#5219,#5220,#5221,#5222,#5223,#5224,#5225,
#5226,#5227,#5228,#5229,#5230,#5231,#5232,#5233,#5234,#5235,#5236,#5237,
#5238,#5239,#5240,#5241,#5242,#5243,#5244,#5245,#5246,#5247,#5248,#5249,
#5250,#5251,#5252,#5253,#5254,#5255,#5256,#5257,#5258,#5259,#5260,#5261,
#5262,#5263,#5264,#5265,#5266,#5267,#5268,#5269,#5270,#5271,#5272,#5273,
#5274),.UNSPECIFIED.,.F.,.F.,(4,3,3,3,3,3,3,3,3,3,3,3,3,3,3,3,3,3,3,3,3,
3,4),(4.16799750805843E-10,5.20346520493218E-5,7.4752906433704E-5,0.000126030458853849,
0.000152582142505589,0.000159102113713666,0.000202602049154845,0.000228873213758319,
0.000239188312231572,0.000267018749384684,0.000286091517197866,0.000295627901104457,
0.000300396093057753,0.000302780189034401,0.000305164285011049,0.00031879419590564,
0.000380454635923363,0.000399307392467877,0.000463252923482263,0.000481905298861263,
0.000538128974777817,0.000567846672830305,0.000610325640689663),
 .UNSPECIFIED.);
#138=B_SPLINE_CURVE_WITH_KNOTS('',3,(#5578,#5579,#5580,#5581,#5582,#5583,
#5584,#5585,#5586,#5587,#5588,#5589,#5590,#5591,#5592,#5593,#5594,#5595,
#5596,#5597,#5598,#5599,#5600,#5601,#5602,#5603,#5604,#5605,#5606,#5607,
#5608,#5609,#5610,#5611,#5612,#5613,#5614,#5615,#5616,#5617,#5618,#5619,
#5620,#5621,#5622,#5623,#5624,#5625,#5626,#5627,#5628,#5629,#5630,#5631,
#5632,#5633,#5634,#5635,#5636,#5637,#5638,#5639,#5640,#5641,#5642,#5643,
#5644),.UNSPECIFIED.,.F.,.F.,(4,3,3,3,3,3,3,3,3,3,3,3,3,3,3,3,3,3,3,3,3,
3,4),(4.16799752189364E-10,5.20346520494554E-5,7.47529064336809E-5,0.000126030458853795,
0.000152582142505588,0.000159102113713643,0.000202602049155148,0.000228873213758316,
0.000239188312231548,0.000267018749384681,0.000286091517197863,0.000295627901104454,
0.00030039609305775,0.000302780189034397,0.000305164285011045,0.000318794195905618,
0.00038045463592329,0.000399307392467855,0.000463252923482234,0.00048190529886124,
0.000538128974777674,0.000567846672830279,0.000610325640690309),
 .UNSPECIFIED.);
#139=B_SPLINE_CURVE_WITH_KNOTS('',3,(#5948,#5949,#5950,#5951,#5952,#5953,
#5954,#5955,#5956,#5957,#5958,#5959,#5960,#5961,#5962,#5963,#5964,#5965,
#5966,#5967,#5968,#5969,#5970,#5971,#5972,#5973,#5974,#5975,#5976,#5977,
#5978,#5979,#5980,#5981,#5982,#5983,#5984,#5985,#5986,#5987,#5988,#5989,
#5990,#5991,#5992,#5993,#5994,#5995,#5996,#5997,#5998,#5999,#6000,#6001,
#6002,#6003,#6004,#6005,#6006,#6007,#6008,#6009,#6010,#6011,#6012,#6013,
#6014),.UNSPECIFIED.,.F.,.F.,(4,3,3,3,3,3,3,3,3,3,3,3,3,3,3,3,3,3,3,3,3,
3,4),(4.16799749127908E-10,5.20346520493551E-5,7.47529064335111E-5,0.000126030458853665,
0.000152582142505499,0.000159102113713479,0.000202602049154827,0.000228873213758185,
0.000239188312231396,0.000267018749384527,0.000286091517197699,0.000295627901104285,
0.000300396093057577,0.000302780189034224,0.00030516428501087,0.000318794195905466,
0.00038045463592325,0.000399307392467704,0.000463252923482091,0.000481905298861093,
0.000538128974777425,0.00056784667283014,0.000610325640689961),
 .UNSPECIFIED.);
#140=B_SPLINE_CURVE_WITH_KNOTS('',3,(#6318,#6319,#6320,#6321,#6322,#6323,
#6324,#6325,#6326,#6327,#6328,#6329,#6330,#6331,#6332,#6333,#6334,#6335,
#6336,#6337,#6338,#6339,#6340,#6341,#6342,#6343,#6344,#6345,#6346,#6347,
#6348,#6349,#6350,#6351,#6352,#6353,#6354,#6355,#6356,#6357,#6358,#6359,
#6360,#6361,#6362,#6363,#6364,#6365,#6366,#6367,#6368,#6369,#6370,#6371,
#6372,#6373,#6374,#6375,#6376,#6377,#6378,#6379,#6380,#6381,#6382,#6383,
#6384),.UNSPECIFIED.,.F.,.F.,(4,3,3,3,3,3,3,3,3,3,3,3,3,3,3,3,3,3,3,3,3,
3,4),(4.16799749894285E-10,5.2034652049518E-5,7.4752906433495E-5,0.000126030458853659,
0.000152582142505492,0.00015910211371346,0.000202602049154854,0.000228873213758174,
0.000239188312231373,0.000267018749384515,0.000286091517197685,0.00029562790110427,
0.000300396093057563,0.000302780189034209,0.000305164285010855,0.000318794195905448,
0.000380454635922925,0.000399307392467689,0.000463252923482195,0.000481905298861072,
0.000538128974777612,0.000567846672830115,0.000610325640689927),
 .UNSPECIFIED.);
#141=CIRCLE('',#1726,1.8);
#142=CIRCLE('',#1728,1.8);
#143=CIRCLE('',#1730,1.8);
#144=CIRCLE('',#1732,1.8);
#145=CIRCLE('',#1734,10.3);
#146=CIRCLE('',#1735,1.7);
#147=CIRCLE('',#1736,1.7);
#148=CIRCLE('',#1737,1.7);
#149=CIRCLE('',#1738,1.7);
#150=CIRCLE('',#1739,5.);
#151=CIRCLE('',#1741,11.9999999999996);
#152=CIRCLE('',#1742,11.9999999999996);
#153=CIRCLE('',#1744,1.4);
#154=CIRCLE('',#1745,1.4);
#155=CIRCLE('',#1746,1.4);
#156=CIRCLE('',#1748,1.4);
#157=CIRCLE('',#1749,1.4);
#158=CIRCLE('',#1750,1.4);
#159=CIRCLE('',#1752,1.4);
#160=CIRCLE('',#1753,1.4);
#161=CIRCLE('',#1754,1.4);
#162=CIRCLE('',#1756,1.4);
#163=CIRCLE('',#1757,1.4);
#164=CIRCLE('',#1758,1.4);
#165=CIRCLE('',#1760,11.37639320225);
#166=CIRCLE('',#1761,10.7);
#167=CIRCLE('',#1763,10.5);
#168=CIRCLE('',#1764,10.5);
#169=CIRCLE('',#1765,10.5);
#170=CIRCLE('',#1767,4.29729825302469);
#171=CIRCLE('',#1768,4.29729825302469);
#172=CIRCLE('',#1769,4.29729825302469);
#173=CIRCLE('',#1770,4.29729825302469);
#174=CIRCLE('',#1772,4.25);
#175=CIRCLE('',#1773,4.25);
#176=CIRCLE('',#1774,4.25);
#177=CIRCLE('',#1776,3.95);
#178=CIRCLE('',#1778,0.458046463119827);
#179=CIRCLE('',#1779,2.);
#180=CIRCLE('',#1780,0.458046463119827);
#181=CIRCLE('',#1781,0.45804646312005);
#182=CIRCLE('',#1782,0.458046463119828);
#183=CIRCLE('',#1783,0.458046463119814);
#184=CIRCLE('',#1785,0.3);
#185=CIRCLE('',#1787,1.5);
#186=CIRCLE('',#1788,1.5);
#187=CIRCLE('',#1789,2.40000000000001);
#188=CIRCLE('',#1790,1.7);
#189=CIRCLE('',#1792,2.70000000000001);
#190=CIRCLE('',#1796,1.8);
#191=CIRCLE('',#1799,2.40000000000001);
#192=CIRCLE('',#1800,1.5);
#193=CIRCLE('',#1801,1.5);
#194=CIRCLE('',#1802,1.7);
#195=CIRCLE('',#1804,2.70000000000001);
#196=CIRCLE('',#1808,1.8);
#197=CIRCLE('',#1811,1.5);
#198=CIRCLE('',#1812,1.5);
#199=CIRCLE('',#1813,2.4);
#200=CIRCLE('',#1814,1.7);
#201=CIRCLE('',#1816,2.7);
#202=CIRCLE('',#1820,1.8);
#203=CIRCLE('',#1823,1.5);
#204=CIRCLE('',#1824,1.5);
#205=CIRCLE('',#1825,2.4);
#206=CIRCLE('',#1826,1.7);
#207=CIRCLE('',#1828,2.7);
#208=CIRCLE('',#1832,1.8);
#209=CIRCLE('',#1834,0.2);
#210=CIRCLE('',#1835,0.2);
#211=CIRCLE('',#1836,0.2);
#212=CIRCLE('',#1837,0.2);
#213=CIRCLE('',#1838,0.2);
#214=CIRCLE('',#1839,0.2);
#215=CIRCLE('',#1840,0.2);
#216=CIRCLE('',#1841,0.2);
#217=CIRCLE('',#1842,0.2);
#218=CIRCLE('',#1843,0.2);
#219=CIRCLE('',#1844,0.2);
#220=CIRCLE('',#1845,0.2);
#221=CIRCLE('',#1846,0.2);
#222=CIRCLE('',#1847,0.2);
#223=CIRCLE('',#1848,0.2);
#224=CIRCLE('',#1849,0.2);
#225=CIRCLE('',#1850,0.2);
#226=CIRCLE('',#1851,0.2);
#227=CIRCLE('',#1852,0.2);
#228=CIRCLE('',#1853,0.2);
#229=CIRCLE('',#1854,0.2);
#230=CIRCLE('',#1855,0.2);
#231=CIRCLE('',#1856,0.2);
#232=CIRCLE('',#1857,0.2);
#233=CIRCLE('',#1859,0.3);
#234=CIRCLE('',#1860,0.3);
#235=CIRCLE('',#1861,0.3);
#236=CIRCLE('',#1863,0.3);
#237=CIRCLE('',#1865,0.3);
#238=CIRCLE('',#1867,0.3);
#239=CIRCLE('',#1870,0.3);
#240=CIRCLE('',#1872,0.3);
#241=CIRCLE('',#1873,0.3);
#242=CIRCLE('',#1875,0.3);
#243=CIRCLE('',#1876,0.3);
#244=CIRCLE('',#1878,0.3);
#245=CIRCLE('',#1880,0.3);
#246=CIRCLE('',#1883,0.3);
#247=CIRCLE('',#1885,0.3);
#248=CIRCLE('',#1886,0.3);
#249=CIRCLE('',#1888,0.3);
#250=CIRCLE('',#1889,0.3);
#251=CIRCLE('',#1891,0.3);
#252=CIRCLE('',#1893,0.3);
#253=CIRCLE('',#1896,0.3);
#254=CIRCLE('',#1898,0.3);
#255=CIRCLE('',#1899,0.3);
#256=CIRCLE('',#1901,0.3);
#257=CIRCLE('',#1902,0.3);
#258=CIRCLE('',#1904,0.3);
#259=CIRCLE('',#1906,0.3);
#260=CIRCLE('',#1909,0.3);
#261=CIRCLE('',#1911,0.3);
#262=CIRCLE('',#1913,0.3);
#263=CIRCLE('',#1915,0.3);
#264=CIRCLE('',#1917,0.3);
#265=CIRCLE('',#1919,0.2);
#266=CIRCLE('',#1921,0.2);
#267=CIRCLE('',#1923,3.5);
#268=CIRCLE('',#1924,3.5);
#269=CIRCLE('',#1925,3.5);
#270=CIRCLE('',#1927,2.);
#271=CIRCLE('',#1929,1.5);
#272=CIRCLE('',#1931,1.5);
#273=CIRCLE('',#1933,11.9788854381996);
#274=CIRCLE('',#1934,11.55527864045);
#275=CIRCLE('',#1935,11.55527864045);
#276=CIRCLE('',#1936,11.9788854381996);
#277=CIRCLE('',#1938,0.2);
#278=CIRCLE('',#1940,0.2);
#279=CYLINDRICAL_SURFACE('',#1725,1.8);
#280=CYLINDRICAL_SURFACE('',#1727,1.8);
#281=CYLINDRICAL_SURFACE('',#1729,1.8);
#282=CYLINDRICAL_SURFACE('',#1731,1.8);
#283=CYLINDRICAL_SURFACE('',#1740,11.9999999999996);
#284=CYLINDRICAL_SURFACE('',#1743,1.4);
#285=CYLINDRICAL_SURFACE('',#1747,1.4);
#286=CYLINDRICAL_SURFACE('',#1751,1.4);
#287=CYLINDRICAL_SURFACE('',#1755,1.4);
#288=CYLINDRICAL_SURFACE('',#1762,10.5);
#289=CYLINDRICAL_SURFACE('',#1771,4.25);
#290=CYLINDRICAL_SURFACE('',#1791,2.70000000000001);
#291=CYLINDRICAL_SURFACE('',#1795,1.8);
#292=CYLINDRICAL_SURFACE('',#1803,2.70000000000001);
#293=CYLINDRICAL_SURFACE('',#1807,1.8);
#294=CYLINDRICAL_SURFACE('',#1815,2.7);
#295=CYLINDRICAL_SURFACE('',#1819,1.8);
#296=CYLINDRICAL_SURFACE('',#1827,2.7);
#297=CYLINDRICAL_SURFACE('',#1831,1.8);
#298=CYLINDRICAL_SURFACE('',#1862,0.3);
#299=CYLINDRICAL_SURFACE('',#1868,0.3);
#300=CYLINDRICAL_SURFACE('',#1874,0.3);
#301=CYLINDRICAL_SURFACE('',#1881,0.3);
#302=CYLINDRICAL_SURFACE('',#1887,0.3);
#303=CYLINDRICAL_SURFACE('',#1894,0.3);
#304=CYLINDRICAL_SURFACE('',#1900,0.3);
#305=CYLINDRICAL_SURFACE('',#1907,0.3);
#306=CYLINDRICAL_SURFACE('',#1922,3.5);
#307=FACE_OUTER_BOUND('',#416,.T.);
#308=FACE_OUTER_BOUND('',#417,.T.);
#309=FACE_OUTER_BOUND('',#418,.T.);
#310=FACE_OUTER_BOUND('',#419,.T.);
#311=FACE_OUTER_BOUND('',#420,.T.);
#312=FACE_OUTER_BOUND('',#421,.T.);
#313=FACE_OUTER_BOUND('',#422,.T.);
#314=FACE_OUTER_BOUND('',#423,.T.);
#315=FACE_OUTER_BOUND('',#424,.T.);
#316=FACE_OUTER_BOUND('',#425,.T.);
#317=FACE_OUTER_BOUND('',#426,.T.);
#318=FACE_OUTER_BOUND('',#427,.T.);
#319=FACE_OUTER_BOUND('',#433,.T.);
#320=FACE_OUTER_BOUND('',#434,.T.);
#321=FACE_OUTER_BOUND('',#435,.T.);
#322=FACE_OUTER_BOUND('',#436,.T.);
#323=FACE_OUTER_BOUND('',#437,.T.);
#324=FACE_OUTER_BOUND('',#438,.T.);
#325=FACE_OUTER_BOUND('',#440,.T.);
#326=FACE_OUTER_BOUND('',#441,.T.);
#327=FACE_OUTER_BOUND('',#442,.T.);
#328=FACE_OUTER_BOUND('',#443,.T.);
#329=FACE_OUTER_BOUND('',#445,.T.);
#330=FACE_OUTER_BOUND('',#446,.T.);
#331=FACE_OUTER_BOUND('',#447,.T.);
#332=FACE_OUTER_BOUND('',#449,.T.);
#333=FACE_OUTER_BOUND('',#450,.T.);
#334=FACE_OUTER_BOUND('',#451,.T.);
#335=FACE_OUTER_BOUND('',#452,.T.);
#336=FACE_OUTER_BOUND('',#453,.T.);
#337=FACE_OUTER_BOUND('',#455,.T.);
#338=FACE_OUTER_BOUND('',#456,.T.);
#339=FACE_OUTER_BOUND('',#457,.T.);
#340=FACE_OUTER_BOUND('',#458,.T.);
#341=FACE_OUTER_BOUND('',#459,.T.);
#342=FACE_OUTER_BOUND('',#461,.T.);
#343=FACE_OUTER_BOUND('',#462,.T.);
#344=FACE_OUTER_BOUND('',#463,.T.);
#345=FACE_OUTER_BOUND('',#464,.T.);
#346=FACE_OUTER_BOUND('',#465,.T.);
#347=FACE_OUTER_BOUND('',#467,.T.);
#348=FACE_OUTER_BOUND('',#468,.T.);
#349=FACE_OUTER_BOUND('',#469,.T.);
#350=FACE_OUTER_BOUND('',#470,.T.);
#351=FACE_OUTER_BOUND('',#471,.T.);
#352=FACE_OUTER_BOUND('',#472,.T.);
#353=FACE_OUTER_BOUND('',#473,.T.);
#354=FACE_OUTER_BOUND('',#474,.T.);
#355=FACE_OUTER_BOUND('',#475,.T.);
#356=FACE_OUTER_BOUND('',#476,.T.);
#357=FACE_OUTER_BOUND('',#477,.T.);
#358=FACE_OUTER_BOUND('',#478,.T.);
#359=FACE_OUTER_BOUND('',#479,.T.);
#360=FACE_OUTER_BOUND('',#480,.T.);
#361=FACE_OUTER_BOUND('',#481,.T.);
#362=FACE_OUTER_BOUND('',#482,.T.);
#363=FACE_OUTER_BOUND('',#483,.T.);
#364=FACE_OUTER_BOUND('',#484,.T.);
#365=FACE_OUTER_BOUND('',#485,.T.);
#366=FACE_OUTER_BOUND('',#486,.T.);
#367=FACE_OUTER_BOUND('',#487,.T.);
#368=FACE_OUTER_BOUND('',#488,.T.);
#369=FACE_OUTER_BOUND('',#489,.T.);
#370=FACE_OUTER_BOUND('',#490,.T.);
#371=FACE_OUTER_BOUND('',#491,.T.);
#372=FACE_OUTER_BOUND('',#492,.T.);
#373=FACE_OUTER_BOUND('',#493,.T.);
#374=FACE_OUTER_BOUND('',#494,.T.);
#375=FACE_OUTER_BOUND('',#495,.T.);
#376=FACE_OUTER_BOUND('',#496,.T.);
#377=FACE_OUTER_BOUND('',#497,.T.);
#378=FACE_OUTER_BOUND('',#498,.T.);
#379=FACE_OUTER_BOUND('',#499,.T.);
#380=FACE_OUTER_BOUND('',#500,.T.);
#381=FACE_OUTER_BOUND('',#501,.T.);
#382=FACE_OUTER_BOUND('',#502,.T.);
#383=FACE_OUTER_BOUND('',#503,.T.);
#384=FACE_OUTER_BOUND('',#504,.T.);
#385=FACE_OUTER_BOUND('',#505,.T.);
#386=FACE_OUTER_BOUND('',#506,.T.);
#387=FACE_OUTER_BOUND('',#507,.T.);
#388=FACE_OUTER_BOUND('',#508,.T.);
#389=FACE_OUTER_BOUND('',#509,.T.);
#390=FACE_OUTER_BOUND('',#510,.T.);
#391=FACE_OUTER_BOUND('',#511,.T.);
#392=FACE_OUTER_BOUND('',#512,.T.);
#393=FACE_OUTER_BOUND('',#513,.T.);
#394=FACE_OUTER_BOUND('',#514,.T.);
#395=FACE_OUTER_BOUND('',#515,.T.);
#396=FACE_OUTER_BOUND('',#516,.T.);
#397=FACE_OUTER_BOUND('',#517,.T.);
#398=FACE_OUTER_BOUND('',#518,.T.);
#399=FACE_OUTER_BOUND('',#519,.T.);
#400=FACE_OUTER_BOUND('',#520,.T.);
#401=FACE_OUTER_BOUND('',#521,.T.);
#402=FACE_OUTER_BOUND('',#522,.T.);
#403=FACE_OUTER_BOUND('',#523,.T.);
#404=FACE_OUTER_BOUND('',#524,.T.);
#405=FACE_OUTER_BOUND('',#525,.T.);
#406=FACE_OUTER_BOUND('',#526,.T.);
#407=FACE_OUTER_BOUND('',#527,.T.);
#408=FACE_OUTER_BOUND('',#528,.T.);
#409=FACE_OUTER_BOUND('',#529,.T.);
#410=FACE_OUTER_BOUND('',#530,.T.);
#411=FACE_OUTER_BOUND('',#531,.T.);
#412=FACE_OUTER_BOUND('',#532,.T.);
#413=FACE_OUTER_BOUND('',#533,.T.);
#414=FACE_OUTER_BOUND('',#534,.T.);
#415=FACE_OUTER_BOUND('',#535,.T.);
#416=EDGE_LOOP('',(#1062,#1063,#1064,#1065));
#417=EDGE_LOOP('',(#1066,#1067,#1068,#1069));
#418=EDGE_LOOP('',(#1070,#1071,#1072,#1073));
#419=EDGE_LOOP('',(#1074,#1075,#1076,#1077));
#420=EDGE_LOOP('',(#1078,#1079,#1080,#1081));
#421=EDGE_LOOP('',(#1082,#1083,#1084,#1085));
#422=EDGE_LOOP('',(#1086,#1087,#1088,#1089,#1090,#1091));
#423=EDGE_LOOP('',(#1092,#1093,#1094));
#424=EDGE_LOOP('',(#1095,#1096,#1097));
#425=EDGE_LOOP('',(#1098,#1099,#1100));
#426=EDGE_LOOP('',(#1101,#1102,#1103));
#427=EDGE_LOOP('',(#1104));
#428=EDGE_LOOP('',(#1105));
#429=EDGE_LOOP('',(#1106));
#430=EDGE_LOOP('',(#1107));
#431=EDGE_LOOP('',(#1108));
#432=EDGE_LOOP('',(#1109));
#433=EDGE_LOOP('',(#1110,#1111,#1112,#1113));
#434=EDGE_LOOP('',(#1114,#1115,#1116,#1117,#1118));
#435=EDGE_LOOP('',(#1119,#1120,#1121,#1122,#1123));
#436=EDGE_LOOP('',(#1124,#1125,#1126,#1127,#1128));
#437=EDGE_LOOP('',(#1129,#1130,#1131,#1132,#1133));
#438=EDGE_LOOP('',(#1134));
#439=EDGE_LOOP('',(#1135));
#440=EDGE_LOOP('',(#1136,#1137,#1138,#1139,#1140));
#441=EDGE_LOOP('',(#1141,#1142,#1143,#1144,#1145,#1146,#1147,#1148,#1149,
#1150,#1151,#1152,#1153,#1154,#1155,#1156,#1157,#1158,#1159,#1160,#1161,
#1162,#1163,#1164,#1165,#1166,#1167,#1168));
#442=EDGE_LOOP('',(#1169,#1170,#1171,#1172,#1173));
#443=EDGE_LOOP('',(#1174));
#444=EDGE_LOOP('',(#1175,#1176,#1177,#1178,#1179,#1180));
#445=EDGE_LOOP('',(#1181,#1182,#1183,#1184,#1185,#1186,#1187,#1188,#1189,
#1190,#1191,#1192));
#446=EDGE_LOOP('',(#1193,#1194,#1195,#1196,#1197));
#447=EDGE_LOOP('',(#1198,#1199,#1200,#1201,#1202,#1203));
#448=EDGE_LOOP('',(#1204));
#449=EDGE_LOOP('',(#1205,#1206,#1207,#1208,#1209,#1210));
#450=EDGE_LOOP('',(#1211,#1212,#1213,#1214));
#451=EDGE_LOOP('',(#1215,#1216,#1217));
#452=EDGE_LOOP('',(#1218,#1219,#1220,#1221));
#453=EDGE_LOOP('',(#1222,#1223,#1224,#1225,#1226,#1227));
#454=EDGE_LOOP('',(#1228));
#455=EDGE_LOOP('',(#1229,#1230,#1231,#1232,#1233,#1234));
#456=EDGE_LOOP('',(#1235,#1236,#1237,#1238));
#457=EDGE_LOOP('',(#1239,#1240,#1241));
#458=EDGE_LOOP('',(#1242,#1243,#1244,#1245));
#459=EDGE_LOOP('',(#1246,#1247,#1248,#1249,#1250,#1251));
#460=EDGE_LOOP('',(#1252));
#461=EDGE_LOOP('',(#1253,#1254,#1255,#1256,#1257,#1258));
#462=EDGE_LOOP('',(#1259,#1260,#1261,#1262));
#463=EDGE_LOOP('',(#1263,#1264,#1265));
#464=EDGE_LOOP('',(#1266,#1267,#1268,#1269));
#465=EDGE_LOOP('',(#1270,#1271,#1272,#1273,#1274,#1275));
#466=EDGE_LOOP('',(#1276));
#467=EDGE_LOOP('',(#1277,#1278,#1279,#1280,#1281,#1282));
#468=EDGE_LOOP('',(#1283,#1284,#1285,#1286));
#469=EDGE_LOOP('',(#1287,#1288,#1289));
#470=EDGE_LOOP('',(#1290,#1291,#1292,#1293));
#471=EDGE_LOOP('',(#1294,#1295,#1296,#1297));
#472=EDGE_LOOP('',(#1298,#1299,#1300,#1301));
#473=EDGE_LOOP('',(#1302,#1303,#1304,#1305,#1306));
#474=EDGE_LOOP('',(#1307,#1308,#1309,#1310,#1311,#1312,#1313));
#475=EDGE_LOOP('',(#1314,#1315,#1316,#1317));
#476=EDGE_LOOP('',(#1318,#1319,#1320,#1321));
#477=EDGE_LOOP('',(#1322,#1323,#1324,#1325));
#478=EDGE_LOOP('',(#1326,#1327,#1328,#1329));
#479=EDGE_LOOP('',(#1330,#1331,#1332,#1333));
#480=EDGE_LOOP('',(#1334,#1335,#1336,#1337,#1338,#1339));
#481=EDGE_LOOP('',(#1340,#1341,#1342,#1343));
#482=EDGE_LOOP('',(#1344,#1345,#1346,#1347));
#483=EDGE_LOOP('',(#1348,#1349,#1350,#1351));
#484=EDGE_LOOP('',(#1352,#1353,#1354,#1355));
#485=EDGE_LOOP('',(#1356,#1357,#1358,#1359));
#486=EDGE_LOOP('',(#1360,#1361,#1362,#1363,#1364,#1365));
#487=EDGE_LOOP('',(#1366,#1367,#1368,#1369));
#488=EDGE_LOOP('',(#1370,#1371,#1372,#1373));
#489=EDGE_LOOP('',(#1374,#1375,#1376,#1377));
#490=EDGE_LOOP('',(#1378,#1379,#1380,#1381));
#491=EDGE_LOOP('',(#1382,#1383,#1384,#1385));
#492=EDGE_LOOP('',(#1386,#1387,#1388,#1389,#1390,#1391));
#493=EDGE_LOOP('',(#1392,#1393,#1394,#1395));
#494=EDGE_LOOP('',(#1396,#1397,#1398,#1399));
#495=EDGE_LOOP('',(#1400,#1401,#1402,#1403));
#496=EDGE_LOOP('',(#1404,#1405,#1406,#1407));
#497=EDGE_LOOP('',(#1408,#1409,#1410,#1411));
#498=EDGE_LOOP('',(#1412,#1413,#1414,#1415));
#499=EDGE_LOOP('',(#1416,#1417,#1418,#1419));
#500=EDGE_LOOP('',(#1420,#1421,#1422,#1423));
#501=EDGE_LOOP('',(#1424,#1425,#1426,#1427));
#502=EDGE_LOOP('',(#1428,#1429,#1430,#1431));
#503=EDGE_LOOP('',(#1432,#1433,#1434,#1435));
#504=EDGE_LOOP('',(#1436,#1437,#1438,#1439));
#505=EDGE_LOOP('',(#1440,#1441,#1442,#1443));
#506=EDGE_LOOP('',(#1444,#1445,#1446,#1447));
#507=EDGE_LOOP('',(#1448,#1449,#1450,#1451));
#508=EDGE_LOOP('',(#1452,#1453,#1454,#1455));
#509=EDGE_LOOP('',(#1456,#1457,#1458,#1459));
#510=EDGE_LOOP('',(#1460,#1461,#1462,#1463));
#511=EDGE_LOOP('',(#1464,#1465,#1466,#1467));
#512=EDGE_LOOP('',(#1468,#1469,#1470,#1471));
#513=EDGE_LOOP('',(#1472,#1473,#1474,#1475));
#514=EDGE_LOOP('',(#1476,#1477,#1478,#1479));
#515=EDGE_LOOP('',(#1480,#1481,#1482,#1483));
#516=EDGE_LOOP('',(#1484,#1485,#1486,#1487));
#517=EDGE_LOOP('',(#1488,#1489,#1490,#1491));
#518=EDGE_LOOP('',(#1492,#1493,#1494,#1495));
#519=EDGE_LOOP('',(#1496,#1497,#1498,#1499));
#520=EDGE_LOOP('',(#1500,#1501,#1502,#1503));
#521=EDGE_LOOP('',(#1504,#1505,#1506,#1507));
#522=EDGE_LOOP('',(#1508,#1509,#1510,#1511,#1512));
#523=EDGE_LOOP('',(#1513,#1514,#1515,#1516,#1517));
#524=EDGE_LOOP('',(#1518,#1519,#1520,#1521,#1522));
#525=EDGE_LOOP('',(#1523,#1524,#1525,#1526,#1527));
#526=EDGE_LOOP('',(#1528,#1529,#1530,#1531));
#527=EDGE_LOOP('',(#1532,#1533,#1534,#1535,#1536));
#528=EDGE_LOOP('',(#1537,#1538,#1539,#1540));
#529=EDGE_LOOP('',(#1541,#1542,#1543,#1544,#1545));
#530=EDGE_LOOP('',(#1546));
#531=EDGE_LOOP('',(#1547,#1548,#1549,#1550));
#532=EDGE_LOOP('',(#1551,#1552,#1553,#1554,#1555));
#533=EDGE_LOOP('',(#1556,#1557,#1558,#1559,#1560,#1561));
#534=EDGE_LOOP('',(#1562,#1563,#1564,#1565,#1566));
#535=EDGE_LOOP('',(#1567,#1568,#1569,#1570,#1571));
#536=LINE('',#2453,#596);
#537=LINE('',#2455,#597);
#538=LINE('',#2457,#598);
#539=LINE('',#2458,#599);
#540=LINE('',#2461,#600);
#541=LINE('',#2463,#601);
#542=LINE('',#2464,#602);
#543=LINE('',#2467,#603);
#544=LINE('',#2469,#604);
#545=LINE('',#2470,#605);
#546=LINE('',#2473,#606);
#547=LINE('',#2475,#607);
#548=LINE('',#2476,#608);
#549=LINE('',#2479,#609);
#550=LINE('',#2481,#610);
#551=LINE('',#2482,#611);
#552=LINE('',#2484,#612);
#553=LINE('',#2485,#613);
#554=LINE('',#2490,#614);
#555=LINE('',#2569,#615);
#556=LINE('',#2648,#616);
#557=LINE('',#2727,#617);
#558=LINE('',#2820,#618);
#559=LINE('',#2826,#619);
#560=LINE('',#2834,#620);
#561=LINE('',#2842,#621);
#562=LINE('',#2850,#622);
#563=LINE('',#2865,#623);
#564=LINE('',#2869,#624);
#565=LINE('',#4234,#625);
#566=LINE('',#4278,#626);
#567=LINE('',#4281,#627);
#568=LINE('',#4287,#628);
#569=LINE('',#4291,#629);
#570=LINE('',#4345,#630);
#571=LINE('',#4346,#631);
#572=LINE('',#4431,#632);
#573=LINE('',#4441,#633);
#574=LINE('',#4466,#634);
#575=LINE('',#4472,#635);
#576=LINE('',#4476,#636);
#577=LINE('',#4530,#637);
#578=LINE('',#4531,#638);
#579=LINE('',#4616,#639);
#580=LINE('',#4648,#640);
#581=LINE('',#4651,#641);
#582=LINE('',#4657,#642);
#583=LINE('',#4661,#643);
#584=LINE('',#4715,#644);
#585=LINE('',#4716,#645);
#586=LINE('',#4801,#646);
#587=LINE('',#4833,#647);
#588=LINE('',#4836,#648);
#589=LINE('',#4842,#649);
#590=LINE('',#4846,#650);
#591=LINE('',#4900,#651);
#592=LINE('',#4901,#652);
#593=LINE('',#4986,#653);
#594=LINE('',#6647,#654);
#595=LINE('',#6663,#655);
#596=VECTOR('',#1945,10.);
#597=VECTOR('',#1946,10.);
#598=VECTOR('',#1947,10.);
#599=VECTOR('',#1948,10.);
#600=VECTOR('',#1951,10.);
#601=VECTOR('',#1952,10.);
#602=VECTOR('',#1953,10.);
#603=VECTOR('',#1956,10.);
#604=VECTOR('',#1957,10.);
#605=VECTOR('',#1958,10.);
#606=VECTOR('',#1961,10.);
#607=VECTOR('',#1962,10.);
#608=VECTOR('',#1963,10.);
#609=VECTOR('',#1966,10.);
#610=VECTOR('',#1967,10.);
#611=VECTOR('',#1968,10.);
#612=VECTOR('',#1971,10.);
#613=VECTOR('',#1972,10.);
#614=VECTOR('',#1977,5.2066314033393);
#615=VECTOR('',#1982,5.20663140333938);
#616=VECTOR('',#1987,5.20663140333939);
#617=VECTOR('',#1992,5.20663140333927);
#618=VECTOR('',#2013,11.9999999999996);
#619=VECTOR('',#2020,1.4);
#620=VECTOR('',#2029,1.4);
#621=VECTOR('',#2038,1.4);
#622=VECTOR('',#2047,1.4);
#623=VECTOR('',#2064,10.5);
#624=VECTOR('',#2069,12.);
#625=VECTOR('',#2082,4.25);
#626=VECTOR('',#2115,2.6);
#627=VECTOR('',#2118,2.6);
#628=VECTOR('',#2123,14.9978456444584);
#629=VECTOR('',#2126,14.9978456444584);
#630=VECTOR('',#2131,5.2066314033393);
#631=VECTOR('',#2132,2.6);
#632=VECTOR('',#2139,2.6);
#633=VECTOR('',#2144,2.6);
#634=VECTOR('',#2149,2.6);
#635=VECTOR('',#2154,14.9978456444583);
#636=VECTOR('',#2157,14.9978456444585);
#637=VECTOR('',#2162,5.20663140333931);
#638=VECTOR('',#2163,2.6);
#639=VECTOR('',#2170,2.6);
#640=VECTOR('',#2177,2.6);
#641=VECTOR('',#2180,2.6);
#642=VECTOR('',#2185,14.9978456444586);
#643=VECTOR('',#2188,14.9978456444585);
#644=VECTOR('',#2193,5.20663140333942);
#645=VECTOR('',#2194,2.6);
#646=VECTOR('',#2201,2.6);
#647=VECTOR('',#2208,2.6);
#648=VECTOR('',#2211,2.6);
#649=VECTOR('',#2216,14.9978456444585);
#650=VECTOR('',#2219,14.9978456444585);
#651=VECTOR('',#2224,5.20663140333939);
#652=VECTOR('',#2225,2.6);
#653=VECTOR('',#2232,2.6);
#654=VECTOR('',#2413,3.5);
#655=VECTOR('',#2434,11.9999999999996);
#656=VERTEX_POINT('',#2451);
#657=VERTEX_POINT('',#2452);
#658=VERTEX_POINT('',#2454);
#659=VERTEX_POINT('',#2456);
#660=VERTEX_POINT('',#2460);
#661=VERTEX_POINT('',#2462);
#662=VERTEX_POINT('',#2466);
#663=VERTEX_POINT('',#2468);
#664=VERTEX_POINT('',#2472);
#665=VERTEX_POINT('',#2474);
#666=VERTEX_POINT('',#2478);
#667=VERTEX_POINT('',#2480);
#668=VERTEX_POINT('',#2488);
#669=VERTEX_POINT('',#2489);
#670=VERTEX_POINT('',#2491);
#671=VERTEX_POINT('',#2567);
#672=VERTEX_POINT('',#2568);
#673=VERTEX_POINT('',#2570);
#674=VERTEX_POINT('',#2646);
#675=VERTEX_POINT('',#2647);
#676=VERTEX_POINT('',#2649);
#677=VERTEX_POINT('',#2725);
#678=VERTEX_POINT('',#2726);
#679=VERTEX_POINT('',#2728);
#680=VERTEX_POINT('',#2804);
#681=VERTEX_POINT('',#2806);
#682=VERTEX_POINT('',#2808);
#683=VERTEX_POINT('',#2810);
#684=VERTEX_POINT('',#2812);
#685=VERTEX_POINT('',#2814);
#686=VERTEX_POINT('',#2817);
#687=VERTEX_POINT('',#2819);
#688=VERTEX_POINT('',#2823);
#689=VERTEX_POINT('',#2825);
#690=VERTEX_POINT('',#2827);
#691=VERTEX_POINT('',#2831);
#692=VERTEX_POINT('',#2833);
#693=VERTEX_POINT('',#2835);
#694=VERTEX_POINT('',#2839);
#695=VERTEX_POINT('',#2841);
#696=VERTEX_POINT('',#2843);
#697=VERTEX_POINT('',#2847);
#698=VERTEX_POINT('',#2849);
#699=VERTEX_POINT('',#2851);
#700=VERTEX_POINT('',#2855);
#701=VERTEX_POINT('',#2857);
#702=VERTEX_POINT('',#2860);
#703=VERTEX_POINT('',#2861);
#704=VERTEX_POINT('',#2864);
#705=VERTEX_POINT('',#2868);
#706=VERTEX_POINT('',#2870);
#707=VERTEX_POINT('',#2887);
#708=VERTEX_POINT('',#2910);
#709=VERTEX_POINT('',#3041);
#710=VERTEX_POINT('',#3043);
#711=VERTEX_POINT('',#3174);
#712=VERTEX_POINT('',#3197);
#713=VERTEX_POINT('',#3226);
#714=VERTEX_POINT('',#3249);
#715=VERTEX_POINT('',#3380);
#716=VERTEX_POINT('',#3382);
#717=VERTEX_POINT('',#3513);
#718=VERTEX_POINT('',#3536);
#719=VERTEX_POINT('',#3565);
#720=VERTEX_POINT('',#3588);
#721=VERTEX_POINT('',#3719);
#722=VERTEX_POINT('',#3721);
#723=VERTEX_POINT('',#3852);
#724=VERTEX_POINT('',#3875);
#725=VERTEX_POINT('',#3904);
#726=VERTEX_POINT('',#3927);
#727=VERTEX_POINT('',#4058);
#728=VERTEX_POINT('',#4060);
#729=VERTEX_POINT('',#4191);
#730=VERTEX_POINT('',#4231);
#731=VERTEX_POINT('',#4233);
#732=VERTEX_POINT('',#4235);
#733=VERTEX_POINT('',#4239);
#734=VERTEX_POINT('',#4242);
#735=VERTEX_POINT('',#4252);
#736=VERTEX_POINT('',#4253);
#737=VERTEX_POINT('',#4255);
#738=VERTEX_POINT('',#4275);
#739=VERTEX_POINT('',#4277);
#740=VERTEX_POINT('',#4279);
#741=VERTEX_POINT('',#4282);
#742=VERTEX_POINT('',#4285);
#743=VERTEX_POINT('',#4286);
#744=VERTEX_POINT('',#4288);
#745=VERTEX_POINT('',#4290);
#746=VERTEX_POINT('',#4292);
#747=VERTEX_POINT('',#4317);
#748=VERTEX_POINT('',#4343);
#749=VERTEX_POINT('',#4344);
#750=VERTEX_POINT('',#4352);
#751=VERTEX_POINT('',#4437);
#752=VERTEX_POINT('',#4438);
#753=VERTEX_POINT('',#4440);
#754=VERTEX_POINT('',#4442);
#755=VERTEX_POINT('',#4444);
#756=VERTEX_POINT('',#4464);
#757=VERTEX_POINT('',#4467);
#758=VERTEX_POINT('',#4470);
#759=VERTEX_POINT('',#4471);
#760=VERTEX_POINT('',#4473);
#761=VERTEX_POINT('',#4475);
#762=VERTEX_POINT('',#4477);
#763=VERTEX_POINT('',#4502);
#764=VERTEX_POINT('',#4528);
#765=VERTEX_POINT('',#4529);
#766=VERTEX_POINT('',#4537);
#767=VERTEX_POINT('',#4622);
#768=VERTEX_POINT('',#4623);
#769=VERTEX_POINT('',#4625);
#770=VERTEX_POINT('',#4645);
#771=VERTEX_POINT('',#4647);
#772=VERTEX_POINT('',#4649);
#773=VERTEX_POINT('',#4652);
#774=VERTEX_POINT('',#4655);
#775=VERTEX_POINT('',#4656);
#776=VERTEX_POINT('',#4658);
#777=VERTEX_POINT('',#4660);
#778=VERTEX_POINT('',#4662);
#779=VERTEX_POINT('',#4687);
#780=VERTEX_POINT('',#4713);
#781=VERTEX_POINT('',#4714);
#782=VERTEX_POINT('',#4722);
#783=VERTEX_POINT('',#4807);
#784=VERTEX_POINT('',#4808);
#785=VERTEX_POINT('',#4810);
#786=VERTEX_POINT('',#4830);
#787=VERTEX_POINT('',#4832);
#788=VERTEX_POINT('',#4834);
#789=VERTEX_POINT('',#4837);
#790=VERTEX_POINT('',#4840);
#791=VERTEX_POINT('',#4841);
#792=VERTEX_POINT('',#4843);
#793=VERTEX_POINT('',#4845);
#794=VERTEX_POINT('',#4847);
#795=VERTEX_POINT('',#4872);
#796=VERTEX_POINT('',#4898);
#797=VERTEX_POINT('',#4899);
#798=VERTEX_POINT('',#4907);
#799=VERTEX_POINT('',#6644);
#800=VERTEX_POINT('',#6646);
#801=VERTEX_POINT('',#6648);
#802=VERTEX_POINT('',#6652);
#803=VERTEX_POINT('',#6659);
#804=VERTEX_POINT('',#6660);
#805=VERTEX_POINT('',#6662);
#806=VERTEX_POINT('',#6664);
#807=EDGE_CURVE('',#656,#657,#536,.T.);
#808=EDGE_CURVE('',#656,#658,#537,.T.);
#809=EDGE_CURVE('',#658,#659,#538,.T.);
#810=EDGE_CURVE('',#657,#659,#539,.T.);
#811=EDGE_CURVE('',#660,#656,#540,.T.);
#812=EDGE_CURVE('',#660,#661,#541,.T.);
#813=EDGE_CURVE('',#661,#658,#542,.T.);
#814=EDGE_CURVE('',#662,#660,#543,.T.);
#815=EDGE_CURVE('',#662,#663,#544,.T.);
#816=EDGE_CURVE('',#663,#661,#545,.T.);
#817=EDGE_CURVE('',#664,#662,#546,.T.);
#818=EDGE_CURVE('',#664,#665,#547,.T.);
#819=EDGE_CURVE('',#665,#663,#548,.T.);
#820=EDGE_CURVE('',#666,#664,#549,.T.);
#821=EDGE_CURVE('',#666,#667,#550,.T.);
#822=EDGE_CURVE('',#667,#665,#551,.T.);
#823=EDGE_CURVE('',#657,#666,#552,.T.);
#824=EDGE_CURVE('',#659,#667,#553,.T.);
#825=EDGE_CURVE('',#668,#669,#554,.T.);
#826=EDGE_CURVE('',#669,#670,#141,.T.);
#827=EDGE_CURVE('',#670,#668,#88,.T.);
#828=EDGE_CURVE('',#671,#672,#555,.T.);
#829=EDGE_CURVE('',#672,#673,#142,.T.);
#830=EDGE_CURVE('',#673,#671,#89,.T.);
#831=EDGE_CURVE('',#674,#675,#556,.T.);
#832=EDGE_CURVE('',#675,#676,#143,.T.);
#833=EDGE_CURVE('',#676,#674,#90,.T.);
#834=EDGE_CURVE('',#677,#678,#557,.T.);
#835=EDGE_CURVE('',#678,#679,#144,.T.);
#836=EDGE_CURVE('',#679,#677,#91,.T.);
#837=EDGE_CURVE('',#680,#680,#145,.F.);
#838=EDGE_CURVE('',#681,#681,#146,.T.);
#839=EDGE_CURVE('',#682,#682,#147,.T.);
#840=EDGE_CURVE('',#683,#683,#148,.T.);
#841=EDGE_CURVE('',#684,#684,#149,.T.);
#842=EDGE_CURVE('',#685,#685,#150,.T.);
#843=EDGE_CURVE('',#686,#686,#151,.F.);
#844=EDGE_CURVE('',#686,#687,#558,.T.);
#845=EDGE_CURVE('',#687,#687,#152,.T.);
#846=EDGE_CURVE('',#688,#688,#153,.F.);
#847=EDGE_CURVE('',#688,#689,#559,.T.);
#848=EDGE_CURVE('',#689,#690,#154,.F.);
#849=EDGE_CURVE('',#690,#689,#155,.F.);
#850=EDGE_CURVE('',#691,#691,#156,.F.);
#851=EDGE_CURVE('',#691,#692,#560,.T.);
#852=EDGE_CURVE('',#692,#693,#157,.F.);
#853=EDGE_CURVE('',#693,#692,#158,.F.);
#854=EDGE_CURVE('',#694,#694,#159,.F.);
#855=EDGE_CURVE('',#694,#695,#561,.T.);
#856=EDGE_CURVE('',#695,#696,#160,.F.);
#857=EDGE_CURVE('',#696,#695,#161,.F.);
#858=EDGE_CURVE('',#697,#697,#162,.F.);
#859=EDGE_CURVE('',#697,#698,#562,.T.);
#860=EDGE_CURVE('',#698,#699,#163,.F.);
#861=EDGE_CURVE('',#699,#698,#164,.F.);
#862=EDGE_CURVE('',#700,#700,#165,.T.);
#863=EDGE_CURVE('',#701,#701,#166,.F.);
#864=EDGE_CURVE('',#702,#703,#167,.T.);
#865=EDGE_CURVE('',#703,#702,#168,.T.);
#866=EDGE_CURVE('',#702,#704,#563,.T.);
#867=EDGE_CURVE('',#704,#704,#169,.T.);
#868=EDGE_CURVE('',#687,#705,#564,.T.);
#869=EDGE_CURVE('',#705,#706,#92,.T.);
#870=EDGE_CURVE('',#706,#707,#93,.T.);
#871=EDGE_CURVE('',#707,#708,#94,.T.);
#872=EDGE_CURVE('',#708,#709,#170,.T.);
#873=EDGE_CURVE('',#709,#710,#95,.T.);
#874=EDGE_CURVE('',#710,#711,#96,.T.);
#875=EDGE_CURVE('',#711,#712,#97,.T.);
#876=EDGE_CURVE('',#712,#713,#98,.T.);
#877=EDGE_CURVE('',#713,#714,#99,.T.);
#878=EDGE_CURVE('',#714,#715,#171,.T.);
#879=EDGE_CURVE('',#715,#716,#100,.T.);
#880=EDGE_CURVE('',#716,#717,#101,.T.);
#881=EDGE_CURVE('',#717,#718,#102,.T.);
#882=EDGE_CURVE('',#718,#719,#103,.T.);
#883=EDGE_CURVE('',#719,#720,#104,.T.);
#884=EDGE_CURVE('',#720,#721,#172,.T.);
#885=EDGE_CURVE('',#721,#722,#105,.T.);
#886=EDGE_CURVE('',#722,#723,#106,.T.);
#887=EDGE_CURVE('',#723,#724,#107,.T.);
#888=EDGE_CURVE('',#724,#725,#108,.T.);
#889=EDGE_CURVE('',#725,#726,#109,.T.);
#890=EDGE_CURVE('',#726,#727,#173,.T.);
#891=EDGE_CURVE('',#727,#728,#110,.T.);
#892=EDGE_CURVE('',#728,#729,#111,.T.);
#893=EDGE_CURVE('',#729,#705,#112,.T.);
#894=EDGE_CURVE('',#730,#730,#174,.F.);
#895=EDGE_CURVE('',#730,#731,#565,.T.);
#896=EDGE_CURVE('',#731,#732,#175,.F.);
#897=EDGE_CURVE('',#732,#731,#176,.F.);
#898=EDGE_CURVE('',#733,#733,#177,.T.);
#899=EDGE_CURVE('',#708,#734,#178,.T.);
#900=EDGE_CURVE('',#734,#730,#179,.T.);
#901=EDGE_CURVE('',#734,#727,#180,.T.);
#902=EDGE_CURVE('',#726,#721,#181,.T.);
#903=EDGE_CURVE('',#720,#715,#182,.T.);
#904=EDGE_CURVE('',#714,#709,#183,.T.);
#905=EDGE_CURVE('',#733,#732,#184,.T.);
#906=EDGE_CURVE('',#735,#736,#185,.F.);
#907=EDGE_CURVE('',#736,#737,#113,.T.);
#908=EDGE_CURVE('',#737,#738,#186,.F.);
#909=EDGE_CURVE('',#738,#739,#566,.F.);
#910=EDGE_CURVE('',#739,#740,#187,.F.);
#911=EDGE_CURVE('',#740,#735,#567,.F.);
#912=EDGE_CURVE('',#741,#741,#188,.T.);
#913=EDGE_CURVE('',#742,#743,#568,.T.);
#914=EDGE_CURVE('',#743,#744,#189,.T.);
#915=EDGE_CURVE('',#745,#744,#569,.T.);
#916=EDGE_CURVE('',#745,#746,#114,.T.);
#917=EDGE_CURVE('',#746,#747,#43,.T.);
#918=EDGE_CURVE('',#747,#742,#115,.T.);
#919=EDGE_CURVE('',#748,#749,#570,.T.);
#920=EDGE_CURVE('',#749,#743,#571,.T.);
#921=EDGE_CURVE('',#742,#748,#116,.T.);
#922=EDGE_CURVE('',#748,#750,#117,.T.);
#923=EDGE_CURVE('',#750,#749,#190,.T.);
#924=EDGE_CURVE('',#744,#669,#572,.T.);
#925=EDGE_CURVE('',#668,#745,#118,.T.);
#926=EDGE_CURVE('',#751,#752,#191,.F.);
#927=EDGE_CURVE('',#752,#753,#573,.F.);
#928=EDGE_CURVE('',#753,#754,#192,.F.);
#929=EDGE_CURVE('',#754,#755,#119,.T.);
#930=EDGE_CURVE('',#755,#756,#193,.F.);
#931=EDGE_CURVE('',#756,#751,#574,.F.);
#932=EDGE_CURVE('',#757,#757,#194,.T.);
#933=EDGE_CURVE('',#758,#759,#575,.T.);
#934=EDGE_CURVE('',#759,#760,#195,.T.);
#935=EDGE_CURVE('',#761,#760,#576,.T.);
#936=EDGE_CURVE('',#761,#762,#120,.T.);
#937=EDGE_CURVE('',#762,#763,#44,.T.);
#938=EDGE_CURVE('',#763,#758,#121,.T.);
#939=EDGE_CURVE('',#764,#765,#577,.T.);
#940=EDGE_CURVE('',#765,#759,#578,.T.);
#941=EDGE_CURVE('',#758,#764,#122,.T.);
#942=EDGE_CURVE('',#764,#766,#123,.T.);
#943=EDGE_CURVE('',#766,#765,#196,.T.);
#944=EDGE_CURVE('',#760,#678,#579,.T.);
#945=EDGE_CURVE('',#677,#761,#124,.T.);
#946=EDGE_CURVE('',#767,#768,#197,.F.);
#947=EDGE_CURVE('',#768,#769,#125,.T.);
#948=EDGE_CURVE('',#769,#770,#198,.F.);
#949=EDGE_CURVE('',#770,#771,#580,.F.);
#950=EDGE_CURVE('',#771,#772,#199,.F.);
#951=EDGE_CURVE('',#772,#767,#581,.F.);
#952=EDGE_CURVE('',#773,#773,#200,.T.);
#953=EDGE_CURVE('',#774,#775,#582,.T.);
#954=EDGE_CURVE('',#775,#776,#201,.T.);
#955=EDGE_CURVE('',#777,#776,#583,.T.);
#956=EDGE_CURVE('',#777,#778,#126,.T.);
#957=EDGE_CURVE('',#778,#779,#45,.T.);
#958=EDGE_CURVE('',#779,#774,#127,.T.);
#959=EDGE_CURVE('',#780,#781,#584,.T.);
#960=EDGE_CURVE('',#781,#775,#585,.T.);
#961=EDGE_CURVE('',#774,#780,#128,.T.);
#962=EDGE_CURVE('',#780,#782,#129,.T.);
#963=EDGE_CURVE('',#782,#781,#202,.T.);
#964=EDGE_CURVE('',#776,#672,#586,.T.);
#965=EDGE_CURVE('',#671,#777,#130,.T.);
#966=EDGE_CURVE('',#783,#784,#203,.F.);
#967=EDGE_CURVE('',#784,#785,#131,.T.);
#968=EDGE_CURVE('',#785,#786,#204,.F.);
#969=EDGE_CURVE('',#786,#787,#587,.F.);
#970=EDGE_CURVE('',#787,#788,#205,.F.);
#971=EDGE_CURVE('',#788,#783,#588,.F.);
#972=EDGE_CURVE('',#789,#789,#206,.T.);
#973=EDGE_CURVE('',#790,#791,#589,.T.);
#974=EDGE_CURVE('',#791,#792,#207,.T.);
#975=EDGE_CURVE('',#793,#792,#590,.T.);
#976=EDGE_CURVE('',#793,#794,#132,.T.);
#977=EDGE_CURVE('',#794,#795,#46,.T.);
#978=EDGE_CURVE('',#795,#790,#133,.T.);
#979=EDGE_CURVE('',#796,#797,#591,.T.);
#980=EDGE_CURVE('',#797,#791,#592,.T.);
#981=EDGE_CURVE('',#790,#796,#134,.T.);
#982=EDGE_CURVE('',#796,#798,#135,.T.);
#983=EDGE_CURVE('',#798,#797,#208,.T.);
#984=EDGE_CURVE('',#792,#675,#593,.T.);
#985=EDGE_CURVE('',#674,#793,#136,.T.);
#986=EDGE_CURVE('',#708,#763,#209,.T.);
#987=EDGE_CURVE('',#758,#707,#210,.T.);
#988=EDGE_CURVE('',#764,#706,#211,.T.);
#989=EDGE_CURVE('',#727,#762,#212,.T.);
#990=EDGE_CURVE('',#679,#766,#137,.T.);
#991=EDGE_CURVE('',#677,#729,#213,.T.);
#992=EDGE_CURVE('',#728,#761,#214,.T.);
#993=EDGE_CURVE('',#726,#747,#215,.T.);
#994=EDGE_CURVE('',#742,#725,#216,.T.);
#995=EDGE_CURVE('',#748,#724,#217,.T.);
#996=EDGE_CURVE('',#721,#746,#218,.T.);
#997=EDGE_CURVE('',#670,#750,#138,.T.);
#998=EDGE_CURVE('',#668,#723,#219,.T.);
#999=EDGE_CURVE('',#722,#745,#220,.T.);
#1000=EDGE_CURVE('',#714,#779,#221,.T.);
#1001=EDGE_CURVE('',#774,#713,#222,.T.);
#1002=EDGE_CURVE('',#780,#712,#223,.T.);
#1003=EDGE_CURVE('',#709,#778,#224,.T.);
#1004=EDGE_CURVE('',#673,#782,#139,.T.);
#1005=EDGE_CURVE('',#671,#711,#225,.T.);
#1006=EDGE_CURVE('',#710,#777,#226,.T.);
#1007=EDGE_CURVE('',#720,#795,#227,.T.);
#1008=EDGE_CURVE('',#790,#719,#228,.T.);
#1009=EDGE_CURVE('',#796,#718,#229,.T.);
#1010=EDGE_CURVE('',#715,#794,#230,.T.);
#1011=EDGE_CURVE('',#676,#798,#140,.T.);
#1012=EDGE_CURVE('',#674,#717,#231,.T.);
#1013=EDGE_CURVE('',#716,#793,#232,.T.);
#1014=EDGE_CURVE('',#756,#678,#233,.T.);
#1015=EDGE_CURVE('',#679,#755,#234,.T.);
#1016=EDGE_CURVE('',#766,#754,#235,.T.);
#1017=EDGE_CURVE('',#751,#760,#236,.T.);
#1018=EDGE_CURVE('',#765,#753,#237,.T.);
#1019=EDGE_CURVE('',#752,#759,#238,.T.);
#1020=EDGE_CURVE('',#789,#691,#239,.T.);
#1021=EDGE_CURVE('',#784,#798,#240,.T.);
#1022=EDGE_CURVE('',#797,#783,#241,.T.);
#1023=EDGE_CURVE('',#791,#788,#242,.T.);
#1024=EDGE_CURVE('',#785,#676,#243,.T.);
#1025=EDGE_CURVE('',#792,#787,#244,.T.);
#1026=EDGE_CURVE('',#786,#675,#245,.T.);
#1027=EDGE_CURVE('',#773,#688,#246,.T.);
#1028=EDGE_CURVE('',#768,#782,#247,.T.);
#1029=EDGE_CURVE('',#781,#767,#248,.T.);
#1030=EDGE_CURVE('',#775,#772,#249,.T.);
#1031=EDGE_CURVE('',#769,#673,#250,.T.);
#1032=EDGE_CURVE('',#776,#771,#251,.T.);
#1033=EDGE_CURVE('',#770,#672,#252,.T.);
#1034=EDGE_CURVE('',#741,#694,#253,.T.);
#1035=EDGE_CURVE('',#736,#750,#254,.T.);
#1036=EDGE_CURVE('',#749,#735,#255,.T.);
#1037=EDGE_CURVE('',#743,#740,#256,.T.);
#1038=EDGE_CURVE('',#737,#670,#257,.T.);
#1039=EDGE_CURVE('',#744,#739,#258,.T.);
#1040=EDGE_CURVE('',#738,#669,#259,.T.);
#1041=EDGE_CURVE('',#681,#699,#260,.T.);
#1042=EDGE_CURVE('',#682,#693,#261,.T.);
#1043=EDGE_CURVE('',#683,#690,#262,.T.);
#1044=EDGE_CURVE('',#684,#696,#263,.T.);
#1045=EDGE_CURVE('',#757,#697,#264,.T.);
#1046=EDGE_CURVE('',#703,#701,#265,.T.);
#1047=EDGE_CURVE('',#704,#680,#266,.T.);
#1048=EDGE_CURVE('',#799,#799,#267,.F.);
#1049=EDGE_CURVE('',#799,#800,#594,.T.);
#1050=EDGE_CURVE('',#800,#801,#268,.F.);
#1051=EDGE_CURVE('',#801,#800,#269,.F.);
#1052=EDGE_CURVE('',#802,#802,#270,.T.);
#1053=EDGE_CURVE('',#802,#799,#271,.T.);
#1054=EDGE_CURVE('',#685,#801,#272,.T.);
#1055=EDGE_CURVE('',#803,#804,#273,.F.);
#1056=EDGE_CURVE('',#804,#805,#595,.T.);
#1057=EDGE_CURVE('',#805,#806,#274,.F.);
#1058=EDGE_CURVE('',#806,#805,#275,.F.);
#1059=EDGE_CURVE('',#804,#803,#276,.F.);
#1060=EDGE_CURVE('',#700,#806,#277,.T.);
#1061=EDGE_CURVE('',#803,#686,#278,.T.);
#1062=ORIENTED_EDGE('',*,*,#807,.F.);
#1063=ORIENTED_EDGE('',*,*,#808,.T.);
#1064=ORIENTED_EDGE('',*,*,#809,.T.);
#1065=ORIENTED_EDGE('',*,*,#810,.F.);
#1066=ORIENTED_EDGE('',*,*,#811,.F.);
#1067=ORIENTED_EDGE('',*,*,#812,.T.);
#1068=ORIENTED_EDGE('',*,*,#813,.T.);
#1069=ORIENTED_EDGE('',*,*,#808,.F.);
#1070=ORIENTED_EDGE('',*,*,#814,.F.);
#1071=ORIENTED_EDGE('',*,*,#815,.T.);
#1072=ORIENTED_EDGE('',*,*,#816,.T.);
#1073=ORIENTED_EDGE('',*,*,#812,.F.);
#1074=ORIENTED_EDGE('',*,*,#817,.F.);
#1075=ORIENTED_EDGE('',*,*,#818,.T.);
#1076=ORIENTED_EDGE('',*,*,#819,.T.);
#1077=ORIENTED_EDGE('',*,*,#815,.F.);
#1078=ORIENTED_EDGE('',*,*,#820,.F.);
#1079=ORIENTED_EDGE('',*,*,#821,.T.);
#1080=ORIENTED_EDGE('',*,*,#822,.T.);
#1081=ORIENTED_EDGE('',*,*,#818,.F.);
#1082=ORIENTED_EDGE('',*,*,#823,.F.);
#1083=ORIENTED_EDGE('',*,*,#810,.T.);
#1084=ORIENTED_EDGE('',*,*,#824,.T.);
#1085=ORIENTED_EDGE('',*,*,#821,.F.);
#1086=ORIENTED_EDGE('',*,*,#824,.F.);
#1087=ORIENTED_EDGE('',*,*,#809,.F.);
#1088=ORIENTED_EDGE('',*,*,#813,.F.);
#1089=ORIENTED_EDGE('',*,*,#816,.F.);
#1090=ORIENTED_EDGE('',*,*,#819,.F.);
#1091=ORIENTED_EDGE('',*,*,#822,.F.);
#1092=ORIENTED_EDGE('',*,*,#825,.T.);
#1093=ORIENTED_EDGE('',*,*,#826,.T.);
#1094=ORIENTED_EDGE('',*,*,#827,.T.);
#1095=ORIENTED_EDGE('',*,*,#828,.T.);
#1096=ORIENTED_EDGE('',*,*,#829,.T.);
#1097=ORIENTED_EDGE('',*,*,#830,.T.);
#1098=ORIENTED_EDGE('',*,*,#831,.T.);
#1099=ORIENTED_EDGE('',*,*,#832,.T.);
#1100=ORIENTED_EDGE('',*,*,#833,.T.);
#1101=ORIENTED_EDGE('',*,*,#834,.T.);
#1102=ORIENTED_EDGE('',*,*,#835,.T.);
#1103=ORIENTED_EDGE('',*,*,#836,.T.);
#1104=ORIENTED_EDGE('',*,*,#837,.T.);
#1105=ORIENTED_EDGE('',*,*,#838,.T.);
#1106=ORIENTED_EDGE('',*,*,#839,.T.);
#1107=ORIENTED_EDGE('',*,*,#840,.T.);
#1108=ORIENTED_EDGE('',*,*,#841,.T.);
#1109=ORIENTED_EDGE('',*,*,#842,.T.);
#1110=ORIENTED_EDGE('',*,*,#843,.T.);
#1111=ORIENTED_EDGE('',*,*,#844,.T.);
#1112=ORIENTED_EDGE('',*,*,#845,.F.);
#1113=ORIENTED_EDGE('',*,*,#844,.F.);
#1114=ORIENTED_EDGE('',*,*,#846,.T.);
#1115=ORIENTED_EDGE('',*,*,#847,.T.);
#1116=ORIENTED_EDGE('',*,*,#848,.T.);
#1117=ORIENTED_EDGE('',*,*,#849,.T.);
#1118=ORIENTED_EDGE('',*,*,#847,.F.);
#1119=ORIENTED_EDGE('',*,*,#850,.T.);
#1120=ORIENTED_EDGE('',*,*,#851,.T.);
#1121=ORIENTED_EDGE('',*,*,#852,.T.);
#1122=ORIENTED_EDGE('',*,*,#853,.T.);
#1123=ORIENTED_EDGE('',*,*,#851,.F.);
#1124=ORIENTED_EDGE('',*,*,#854,.T.);
#1125=ORIENTED_EDGE('',*,*,#855,.T.);
#1126=ORIENTED_EDGE('',*,*,#856,.T.);
#1127=ORIENTED_EDGE('',*,*,#857,.T.);
#1128=ORIENTED_EDGE('',*,*,#855,.F.);
#1129=ORIENTED_EDGE('',*,*,#858,.T.);
#1130=ORIENTED_EDGE('',*,*,#859,.T.);
#1131=ORIENTED_EDGE('',*,*,#860,.T.);
#1132=ORIENTED_EDGE('',*,*,#861,.T.);
#1133=ORIENTED_EDGE('',*,*,#859,.F.);
#1134=ORIENTED_EDGE('',*,*,#862,.T.);
#1135=ORIENTED_EDGE('',*,*,#863,.T.);
#1136=ORIENTED_EDGE('',*,*,#864,.T.);
#1137=ORIENTED_EDGE('',*,*,#865,.T.);
#1138=ORIENTED_EDGE('',*,*,#866,.T.);
#1139=ORIENTED_EDGE('',*,*,#867,.T.);
#1140=ORIENTED_EDGE('',*,*,#866,.F.);
#1141=ORIENTED_EDGE('',*,*,#845,.T.);
#1142=ORIENTED_EDGE('',*,*,#868,.T.);
#1143=ORIENTED_EDGE('',*,*,#869,.T.);
#1144=ORIENTED_EDGE('',*,*,#870,.T.);
#1145=ORIENTED_EDGE('',*,*,#871,.T.);
#1146=ORIENTED_EDGE('',*,*,#872,.T.);
#1147=ORIENTED_EDGE('',*,*,#873,.T.);
#1148=ORIENTED_EDGE('',*,*,#874,.T.);
#1149=ORIENTED_EDGE('',*,*,#875,.T.);
#1150=ORIENTED_EDGE('',*,*,#876,.T.);
#1151=ORIENTED_EDGE('',*,*,#877,.T.);
#1152=ORIENTED_EDGE('',*,*,#878,.T.);
#1153=ORIENTED_EDGE('',*,*,#879,.T.);
#1154=ORIENTED_EDGE('',*,*,#880,.T.);
#1155=ORIENTED_EDGE('',*,*,#881,.T.);
#1156=ORIENTED_EDGE('',*,*,#882,.T.);
#1157=ORIENTED_EDGE('',*,*,#883,.T.);
#1158=ORIENTED_EDGE('',*,*,#884,.T.);
#1159=ORIENTED_EDGE('',*,*,#885,.T.);
#1160=ORIENTED_EDGE('',*,*,#886,.T.);
#1161=ORIENTED_EDGE('',*,*,#887,.T.);
#1162=ORIENTED_EDGE('',*,*,#888,.T.);
#1163=ORIENTED_EDGE('',*,*,#889,.T.);
#1164=ORIENTED_EDGE('',*,*,#890,.T.);
#1165=ORIENTED_EDGE('',*,*,#891,.T.);
#1166=ORIENTED_EDGE('',*,*,#892,.T.);
#1167=ORIENTED_EDGE('',*,*,#893,.T.);
#1168=ORIENTED_EDGE('',*,*,#868,.F.);
#1169=ORIENTED_EDGE('',*,*,#894,.T.);
#1170=ORIENTED_EDGE('',*,*,#895,.T.);
#1171=ORIENTED_EDGE('',*,*,#896,.T.);
#1172=ORIENTED_EDGE('',*,*,#897,.T.);
#1173=ORIENTED_EDGE('',*,*,#895,.F.);
#1174=ORIENTED_EDGE('',*,*,#898,.T.);
#1175=ORIENTED_EDGE('',*,*,#807,.T.);
#1176=ORIENTED_EDGE('',*,*,#823,.T.);
#1177=ORIENTED_EDGE('',*,*,#820,.T.);
#1178=ORIENTED_EDGE('',*,*,#817,.T.);
#1179=ORIENTED_EDGE('',*,*,#814,.T.);
#1180=ORIENTED_EDGE('',*,*,#811,.T.);
#1181=ORIENTED_EDGE('',*,*,#872,.F.);
#1182=ORIENTED_EDGE('',*,*,#899,.T.);
#1183=ORIENTED_EDGE('',*,*,#900,.T.);
#1184=ORIENTED_EDGE('',*,*,#894,.F.);
#1185=ORIENTED_EDGE('',*,*,#900,.F.);
#1186=ORIENTED_EDGE('',*,*,#901,.T.);
#1187=ORIENTED_EDGE('',*,*,#890,.F.);
#1188=ORIENTED_EDGE('',*,*,#902,.T.);
#1189=ORIENTED_EDGE('',*,*,#884,.F.);
#1190=ORIENTED_EDGE('',*,*,#903,.T.);
#1191=ORIENTED_EDGE('',*,*,#878,.F.);
#1192=ORIENTED_EDGE('',*,*,#904,.T.);
#1193=ORIENTED_EDGE('',*,*,#898,.F.);
#1194=ORIENTED_EDGE('',*,*,#905,.T.);
#1195=ORIENTED_EDGE('',*,*,#896,.F.);
#1196=ORIENTED_EDGE('',*,*,#897,.F.);
#1197=ORIENTED_EDGE('',*,*,#905,.F.);
#1198=ORIENTED_EDGE('',*,*,#906,.T.);
#1199=ORIENTED_EDGE('',*,*,#907,.T.);
#1200=ORIENTED_EDGE('',*,*,#908,.T.);
#1201=ORIENTED_EDGE('',*,*,#909,.T.);
#1202=ORIENTED_EDGE('',*,*,#910,.T.);
#1203=ORIENTED_EDGE('',*,*,#911,.T.);
#1204=ORIENTED_EDGE('',*,*,#912,.T.);
#1205=ORIENTED_EDGE('',*,*,#913,.T.);
#1206=ORIENTED_EDGE('',*,*,#914,.T.);
#1207=ORIENTED_EDGE('',*,*,#915,.F.);
#1208=ORIENTED_EDGE('',*,*,#916,.T.);
#1209=ORIENTED_EDGE('',*,*,#917,.T.);
#1210=ORIENTED_EDGE('',*,*,#918,.T.);
#1211=ORIENTED_EDGE('',*,*,#919,.T.);
#1212=ORIENTED_EDGE('',*,*,#920,.T.);
#1213=ORIENTED_EDGE('',*,*,#913,.F.);
#1214=ORIENTED_EDGE('',*,*,#921,.T.);
#1215=ORIENTED_EDGE('',*,*,#922,.T.);
#1216=ORIENTED_EDGE('',*,*,#923,.T.);
#1217=ORIENTED_EDGE('',*,*,#919,.F.);
#1218=ORIENTED_EDGE('',*,*,#915,.T.);
#1219=ORIENTED_EDGE('',*,*,#924,.T.);
#1220=ORIENTED_EDGE('',*,*,#825,.F.);
#1221=ORIENTED_EDGE('',*,*,#925,.T.);
#1222=ORIENTED_EDGE('',*,*,#926,.T.);
#1223=ORIENTED_EDGE('',*,*,#927,.T.);
#1224=ORIENTED_EDGE('',*,*,#928,.T.);
#1225=ORIENTED_EDGE('',*,*,#929,.T.);
#1226=ORIENTED_EDGE('',*,*,#930,.T.);
#1227=ORIENTED_EDGE('',*,*,#931,.T.);
#1228=ORIENTED_EDGE('',*,*,#932,.T.);
#1229=ORIENTED_EDGE('',*,*,#933,.T.);
#1230=ORIENTED_EDGE('',*,*,#934,.T.);
#1231=ORIENTED_EDGE('',*,*,#935,.F.);
#1232=ORIENTED_EDGE('',*,*,#936,.T.);
#1233=ORIENTED_EDGE('',*,*,#937,.T.);
#1234=ORIENTED_EDGE('',*,*,#938,.T.);
#1235=ORIENTED_EDGE('',*,*,#939,.T.);
#1236=ORIENTED_EDGE('',*,*,#940,.T.);
#1237=ORIENTED_EDGE('',*,*,#933,.F.);
#1238=ORIENTED_EDGE('',*,*,#941,.T.);
#1239=ORIENTED_EDGE('',*,*,#942,.T.);
#1240=ORIENTED_EDGE('',*,*,#943,.T.);
#1241=ORIENTED_EDGE('',*,*,#939,.F.);
#1242=ORIENTED_EDGE('',*,*,#935,.T.);
#1243=ORIENTED_EDGE('',*,*,#944,.T.);
#1244=ORIENTED_EDGE('',*,*,#834,.F.);
#1245=ORIENTED_EDGE('',*,*,#945,.T.);
#1246=ORIENTED_EDGE('',*,*,#946,.T.);
#1247=ORIENTED_EDGE('',*,*,#947,.T.);
#1248=ORIENTED_EDGE('',*,*,#948,.T.);
#1249=ORIENTED_EDGE('',*,*,#949,.T.);
#1250=ORIENTED_EDGE('',*,*,#950,.T.);
#1251=ORIENTED_EDGE('',*,*,#951,.T.);
#1252=ORIENTED_EDGE('',*,*,#952,.T.);
#1253=ORIENTED_EDGE('',*,*,#953,.T.);
#1254=ORIENTED_EDGE('',*,*,#954,.T.);
#1255=ORIENTED_EDGE('',*,*,#955,.F.);
#1256=ORIENTED_EDGE('',*,*,#956,.T.);
#1257=ORIENTED_EDGE('',*,*,#957,.T.);
#1258=ORIENTED_EDGE('',*,*,#958,.T.);
#1259=ORIENTED_EDGE('',*,*,#959,.T.);
#1260=ORIENTED_EDGE('',*,*,#960,.T.);
#1261=ORIENTED_EDGE('',*,*,#953,.F.);
#1262=ORIENTED_EDGE('',*,*,#961,.T.);
#1263=ORIENTED_EDGE('',*,*,#962,.T.);
#1264=ORIENTED_EDGE('',*,*,#963,.T.);
#1265=ORIENTED_EDGE('',*,*,#959,.F.);
#1266=ORIENTED_EDGE('',*,*,#955,.T.);
#1267=ORIENTED_EDGE('',*,*,#964,.T.);
#1268=ORIENTED_EDGE('',*,*,#828,.F.);
#1269=ORIENTED_EDGE('',*,*,#965,.T.);
#1270=ORIENTED_EDGE('',*,*,#966,.T.);
#1271=ORIENTED_EDGE('',*,*,#967,.T.);
#1272=ORIENTED_EDGE('',*,*,#968,.T.);
#1273=ORIENTED_EDGE('',*,*,#969,.T.);
#1274=ORIENTED_EDGE('',*,*,#970,.T.);
#1275=ORIENTED_EDGE('',*,*,#971,.T.);
#1276=ORIENTED_EDGE('',*,*,#972,.T.);
#1277=ORIENTED_EDGE('',*,*,#973,.T.);
#1278=ORIENTED_EDGE('',*,*,#974,.T.);
#1279=ORIENTED_EDGE('',*,*,#975,.F.);
#1280=ORIENTED_EDGE('',*,*,#976,.T.);
#1281=ORIENTED_EDGE('',*,*,#977,.T.);
#1282=ORIENTED_EDGE('',*,*,#978,.T.);
#1283=ORIENTED_EDGE('',*,*,#979,.T.);
#1284=ORIENTED_EDGE('',*,*,#980,.T.);
#1285=ORIENTED_EDGE('',*,*,#973,.F.);
#1286=ORIENTED_EDGE('',*,*,#981,.T.);
#1287=ORIENTED_EDGE('',*,*,#982,.T.);
#1288=ORIENTED_EDGE('',*,*,#983,.T.);
#1289=ORIENTED_EDGE('',*,*,#979,.F.);
#1290=ORIENTED_EDGE('',*,*,#975,.T.);
#1291=ORIENTED_EDGE('',*,*,#984,.T.);
#1292=ORIENTED_EDGE('',*,*,#831,.F.);
#1293=ORIENTED_EDGE('',*,*,#985,.T.);
#1294=ORIENTED_EDGE('',*,*,#986,.F.);
#1295=ORIENTED_EDGE('',*,*,#871,.F.);
#1296=ORIENTED_EDGE('',*,*,#987,.F.);
#1297=ORIENTED_EDGE('',*,*,#938,.F.);
#1298=ORIENTED_EDGE('',*,*,#987,.T.);
#1299=ORIENTED_EDGE('',*,*,#870,.F.);
#1300=ORIENTED_EDGE('',*,*,#988,.F.);
#1301=ORIENTED_EDGE('',*,*,#941,.F.);
#1302=ORIENTED_EDGE('',*,*,#986,.T.);
#1303=ORIENTED_EDGE('',*,*,#937,.F.);
#1304=ORIENTED_EDGE('',*,*,#989,.F.);
#1305=ORIENTED_EDGE('',*,*,#901,.F.);
#1306=ORIENTED_EDGE('',*,*,#899,.F.);
#1307=ORIENTED_EDGE('',*,*,#836,.F.);
#1308=ORIENTED_EDGE('',*,*,#990,.T.);
#1309=ORIENTED_EDGE('',*,*,#942,.F.);
#1310=ORIENTED_EDGE('',*,*,#988,.T.);
#1311=ORIENTED_EDGE('',*,*,#869,.F.);
#1312=ORIENTED_EDGE('',*,*,#893,.F.);
#1313=ORIENTED_EDGE('',*,*,#991,.F.);
#1314=ORIENTED_EDGE('',*,*,#989,.T.);
#1315=ORIENTED_EDGE('',*,*,#936,.F.);
#1316=ORIENTED_EDGE('',*,*,#992,.F.);
#1317=ORIENTED_EDGE('',*,*,#891,.F.);
#1318=ORIENTED_EDGE('',*,*,#991,.T.);
#1319=ORIENTED_EDGE('',*,*,#892,.F.);
#1320=ORIENTED_EDGE('',*,*,#992,.T.);
#1321=ORIENTED_EDGE('',*,*,#945,.F.);
#1322=ORIENTED_EDGE('',*,*,#993,.F.);
#1323=ORIENTED_EDGE('',*,*,#889,.F.);
#1324=ORIENTED_EDGE('',*,*,#994,.F.);
#1325=ORIENTED_EDGE('',*,*,#918,.F.);
#1326=ORIENTED_EDGE('',*,*,#994,.T.);
#1327=ORIENTED_EDGE('',*,*,#888,.F.);
#1328=ORIENTED_EDGE('',*,*,#995,.F.);
#1329=ORIENTED_EDGE('',*,*,#921,.F.);
#1330=ORIENTED_EDGE('',*,*,#993,.T.);
#1331=ORIENTED_EDGE('',*,*,#917,.F.);
#1332=ORIENTED_EDGE('',*,*,#996,.F.);
#1333=ORIENTED_EDGE('',*,*,#902,.F.);
#1334=ORIENTED_EDGE('',*,*,#827,.F.);
#1335=ORIENTED_EDGE('',*,*,#997,.T.);
#1336=ORIENTED_EDGE('',*,*,#922,.F.);
#1337=ORIENTED_EDGE('',*,*,#995,.T.);
#1338=ORIENTED_EDGE('',*,*,#887,.F.);
#1339=ORIENTED_EDGE('',*,*,#998,.F.);
#1340=ORIENTED_EDGE('',*,*,#996,.T.);
#1341=ORIENTED_EDGE('',*,*,#916,.F.);
#1342=ORIENTED_EDGE('',*,*,#999,.F.);
#1343=ORIENTED_EDGE('',*,*,#885,.F.);
#1344=ORIENTED_EDGE('',*,*,#998,.T.);
#1345=ORIENTED_EDGE('',*,*,#886,.F.);
#1346=ORIENTED_EDGE('',*,*,#999,.T.);
#1347=ORIENTED_EDGE('',*,*,#925,.F.);
#1348=ORIENTED_EDGE('',*,*,#1000,.F.);
#1349=ORIENTED_EDGE('',*,*,#877,.F.);
#1350=ORIENTED_EDGE('',*,*,#1001,.F.);
#1351=ORIENTED_EDGE('',*,*,#958,.F.);
#1352=ORIENTED_EDGE('',*,*,#1001,.T.);
#1353=ORIENTED_EDGE('',*,*,#876,.F.);
#1354=ORIENTED_EDGE('',*,*,#1002,.F.);
#1355=ORIENTED_EDGE('',*,*,#961,.F.);
#1356=ORIENTED_EDGE('',*,*,#1000,.T.);
#1357=ORIENTED_EDGE('',*,*,#957,.F.);
#1358=ORIENTED_EDGE('',*,*,#1003,.F.);
#1359=ORIENTED_EDGE('',*,*,#904,.F.);
#1360=ORIENTED_EDGE('',*,*,#830,.F.);
#1361=ORIENTED_EDGE('',*,*,#1004,.T.);
#1362=ORIENTED_EDGE('',*,*,#962,.F.);
#1363=ORIENTED_EDGE('',*,*,#1002,.T.);
#1364=ORIENTED_EDGE('',*,*,#875,.F.);
#1365=ORIENTED_EDGE('',*,*,#1005,.F.);
#1366=ORIENTED_EDGE('',*,*,#1003,.T.);
#1367=ORIENTED_EDGE('',*,*,#956,.F.);
#1368=ORIENTED_EDGE('',*,*,#1006,.F.);
#1369=ORIENTED_EDGE('',*,*,#873,.F.);
#1370=ORIENTED_EDGE('',*,*,#1005,.T.);
#1371=ORIENTED_EDGE('',*,*,#874,.F.);
#1372=ORIENTED_EDGE('',*,*,#1006,.T.);
#1373=ORIENTED_EDGE('',*,*,#965,.F.);
#1374=ORIENTED_EDGE('',*,*,#1007,.F.);
#1375=ORIENTED_EDGE('',*,*,#883,.F.);
#1376=ORIENTED_EDGE('',*,*,#1008,.F.);
#1377=ORIENTED_EDGE('',*,*,#978,.F.);
#1378=ORIENTED_EDGE('',*,*,#1008,.T.);
#1379=ORIENTED_EDGE('',*,*,#882,.F.);
#1380=ORIENTED_EDGE('',*,*,#1009,.F.);
#1381=ORIENTED_EDGE('',*,*,#981,.F.);
#1382=ORIENTED_EDGE('',*,*,#1007,.T.);
#1383=ORIENTED_EDGE('',*,*,#977,.F.);
#1384=ORIENTED_EDGE('',*,*,#1010,.F.);
#1385=ORIENTED_EDGE('',*,*,#903,.F.);
#1386=ORIENTED_EDGE('',*,*,#833,.F.);
#1387=ORIENTED_EDGE('',*,*,#1011,.T.);
#1388=ORIENTED_EDGE('',*,*,#982,.F.);
#1389=ORIENTED_EDGE('',*,*,#1009,.T.);
#1390=ORIENTED_EDGE('',*,*,#881,.F.);
#1391=ORIENTED_EDGE('',*,*,#1012,.F.);
#1392=ORIENTED_EDGE('',*,*,#1010,.T.);
#1393=ORIENTED_EDGE('',*,*,#976,.F.);
#1394=ORIENTED_EDGE('',*,*,#1013,.F.);
#1395=ORIENTED_EDGE('',*,*,#879,.F.);
#1396=ORIENTED_EDGE('',*,*,#1012,.T.);
#1397=ORIENTED_EDGE('',*,*,#880,.F.);
#1398=ORIENTED_EDGE('',*,*,#1013,.T.);
#1399=ORIENTED_EDGE('',*,*,#985,.F.);
#1400=ORIENTED_EDGE('',*,*,#1014,.F.);
#1401=ORIENTED_EDGE('',*,*,#930,.F.);
#1402=ORIENTED_EDGE('',*,*,#1015,.F.);
#1403=ORIENTED_EDGE('',*,*,#835,.F.);
#1404=ORIENTED_EDGE('',*,*,#1015,.T.);
#1405=ORIENTED_EDGE('',*,*,#929,.F.);
#1406=ORIENTED_EDGE('',*,*,#1016,.F.);
#1407=ORIENTED_EDGE('',*,*,#990,.F.);
#1408=ORIENTED_EDGE('',*,*,#1014,.T.);
#1409=ORIENTED_EDGE('',*,*,#944,.F.);
#1410=ORIENTED_EDGE('',*,*,#1017,.F.);
#1411=ORIENTED_EDGE('',*,*,#931,.F.);
#1412=ORIENTED_EDGE('',*,*,#1016,.T.);
#1413=ORIENTED_EDGE('',*,*,#928,.F.);
#1414=ORIENTED_EDGE('',*,*,#1018,.F.);
#1415=ORIENTED_EDGE('',*,*,#943,.F.);
#1416=ORIENTED_EDGE('',*,*,#1017,.T.);
#1417=ORIENTED_EDGE('',*,*,#934,.F.);
#1418=ORIENTED_EDGE('',*,*,#1019,.F.);
#1419=ORIENTED_EDGE('',*,*,#926,.F.);
#1420=ORIENTED_EDGE('',*,*,#1018,.T.);
#1421=ORIENTED_EDGE('',*,*,#927,.F.);
#1422=ORIENTED_EDGE('',*,*,#1019,.T.);
#1423=ORIENTED_EDGE('',*,*,#940,.F.);
#1424=ORIENTED_EDGE('',*,*,#972,.F.);
#1425=ORIENTED_EDGE('',*,*,#1020,.T.);
#1426=ORIENTED_EDGE('',*,*,#850,.F.);
#1427=ORIENTED_EDGE('',*,*,#1020,.F.);
#1428=ORIENTED_EDGE('',*,*,#1021,.F.);
#1429=ORIENTED_EDGE('',*,*,#966,.F.);
#1430=ORIENTED_EDGE('',*,*,#1022,.F.);
#1431=ORIENTED_EDGE('',*,*,#983,.F.);
#1432=ORIENTED_EDGE('',*,*,#1022,.T.);
#1433=ORIENTED_EDGE('',*,*,#971,.F.);
#1434=ORIENTED_EDGE('',*,*,#1023,.F.);
#1435=ORIENTED_EDGE('',*,*,#980,.F.);
#1436=ORIENTED_EDGE('',*,*,#1021,.T.);
#1437=ORIENTED_EDGE('',*,*,#1011,.F.);
#1438=ORIENTED_EDGE('',*,*,#1024,.F.);
#1439=ORIENTED_EDGE('',*,*,#967,.F.);
#1440=ORIENTED_EDGE('',*,*,#1023,.T.);
#1441=ORIENTED_EDGE('',*,*,#970,.F.);
#1442=ORIENTED_EDGE('',*,*,#1025,.F.);
#1443=ORIENTED_EDGE('',*,*,#974,.F.);
#1444=ORIENTED_EDGE('',*,*,#1024,.T.);
#1445=ORIENTED_EDGE('',*,*,#832,.F.);
#1446=ORIENTED_EDGE('',*,*,#1026,.F.);
#1447=ORIENTED_EDGE('',*,*,#968,.F.);
#1448=ORIENTED_EDGE('',*,*,#1025,.T.);
#1449=ORIENTED_EDGE('',*,*,#969,.F.);
#1450=ORIENTED_EDGE('',*,*,#1026,.T.);
#1451=ORIENTED_EDGE('',*,*,#984,.F.);
#1452=ORIENTED_EDGE('',*,*,#952,.F.);
#1453=ORIENTED_EDGE('',*,*,#1027,.T.);
#1454=ORIENTED_EDGE('',*,*,#846,.F.);
#1455=ORIENTED_EDGE('',*,*,#1027,.F.);
#1456=ORIENTED_EDGE('',*,*,#1028,.F.);
#1457=ORIENTED_EDGE('',*,*,#946,.F.);
#1458=ORIENTED_EDGE('',*,*,#1029,.F.);
#1459=ORIENTED_EDGE('',*,*,#963,.F.);
#1460=ORIENTED_EDGE('',*,*,#1029,.T.);
#1461=ORIENTED_EDGE('',*,*,#951,.F.);
#1462=ORIENTED_EDGE('',*,*,#1030,.F.);
#1463=ORIENTED_EDGE('',*,*,#960,.F.);
#1464=ORIENTED_EDGE('',*,*,#1028,.T.);
#1465=ORIENTED_EDGE('',*,*,#1004,.F.);
#1466=ORIENTED_EDGE('',*,*,#1031,.F.);
#1467=ORIENTED_EDGE('',*,*,#947,.F.);
#1468=ORIENTED_EDGE('',*,*,#1030,.T.);
#1469=ORIENTED_EDGE('',*,*,#950,.F.);
#1470=ORIENTED_EDGE('',*,*,#1032,.F.);
#1471=ORIENTED_EDGE('',*,*,#954,.F.);
#1472=ORIENTED_EDGE('',*,*,#1031,.T.);
#1473=ORIENTED_EDGE('',*,*,#829,.F.);
#1474=ORIENTED_EDGE('',*,*,#1033,.F.);
#1475=ORIENTED_EDGE('',*,*,#948,.F.);
#1476=ORIENTED_EDGE('',*,*,#1032,.T.);
#1477=ORIENTED_EDGE('',*,*,#949,.F.);
#1478=ORIENTED_EDGE('',*,*,#1033,.T.);
#1479=ORIENTED_EDGE('',*,*,#964,.F.);
#1480=ORIENTED_EDGE('',*,*,#912,.F.);
#1481=ORIENTED_EDGE('',*,*,#1034,.T.);
#1482=ORIENTED_EDGE('',*,*,#854,.F.);
#1483=ORIENTED_EDGE('',*,*,#1034,.F.);
#1484=ORIENTED_EDGE('',*,*,#1035,.F.);
#1485=ORIENTED_EDGE('',*,*,#906,.F.);
#1486=ORIENTED_EDGE('',*,*,#1036,.F.);
#1487=ORIENTED_EDGE('',*,*,#923,.F.);
#1488=ORIENTED_EDGE('',*,*,#1036,.T.);
#1489=ORIENTED_EDGE('',*,*,#911,.F.);
#1490=ORIENTED_EDGE('',*,*,#1037,.F.);
#1491=ORIENTED_EDGE('',*,*,#920,.F.);
#1492=ORIENTED_EDGE('',*,*,#1035,.T.);
#1493=ORIENTED_EDGE('',*,*,#997,.F.);
#1494=ORIENTED_EDGE('',*,*,#1038,.F.);
#1495=ORIENTED_EDGE('',*,*,#907,.F.);
#1496=ORIENTED_EDGE('',*,*,#1037,.T.);
#1497=ORIENTED_EDGE('',*,*,#910,.F.);
#1498=ORIENTED_EDGE('',*,*,#1039,.F.);
#1499=ORIENTED_EDGE('',*,*,#914,.F.);
#1500=ORIENTED_EDGE('',*,*,#1038,.T.);
#1501=ORIENTED_EDGE('',*,*,#826,.F.);
#1502=ORIENTED_EDGE('',*,*,#1040,.F.);
#1503=ORIENTED_EDGE('',*,*,#908,.F.);
#1504=ORIENTED_EDGE('',*,*,#1039,.T.);
#1505=ORIENTED_EDGE('',*,*,#909,.F.);
#1506=ORIENTED_EDGE('',*,*,#1040,.T.);
#1507=ORIENTED_EDGE('',*,*,#924,.F.);
#1508=ORIENTED_EDGE('',*,*,#838,.F.);
#1509=ORIENTED_EDGE('',*,*,#1041,.T.);
#1510=ORIENTED_EDGE('',*,*,#860,.F.);
#1511=ORIENTED_EDGE('',*,*,#861,.F.);
#1512=ORIENTED_EDGE('',*,*,#1041,.F.);
#1513=ORIENTED_EDGE('',*,*,#839,.F.);
#1514=ORIENTED_EDGE('',*,*,#1042,.T.);
#1515=ORIENTED_EDGE('',*,*,#852,.F.);
#1516=ORIENTED_EDGE('',*,*,#853,.F.);
#1517=ORIENTED_EDGE('',*,*,#1042,.F.);
#1518=ORIENTED_EDGE('',*,*,#840,.F.);
#1519=ORIENTED_EDGE('',*,*,#1043,.T.);
#1520=ORIENTED_EDGE('',*,*,#848,.F.);
#1521=ORIENTED_EDGE('',*,*,#849,.F.);
#1522=ORIENTED_EDGE('',*,*,#1043,.F.);
#1523=ORIENTED_EDGE('',*,*,#841,.F.);
#1524=ORIENTED_EDGE('',*,*,#1044,.T.);
#1525=ORIENTED_EDGE('',*,*,#856,.F.);
#1526=ORIENTED_EDGE('',*,*,#857,.F.);
#1527=ORIENTED_EDGE('',*,*,#1044,.F.);
#1528=ORIENTED_EDGE('',*,*,#932,.F.);
#1529=ORIENTED_EDGE('',*,*,#1045,.T.);
#1530=ORIENTED_EDGE('',*,*,#858,.F.);
#1531=ORIENTED_EDGE('',*,*,#1045,.F.);
#1532=ORIENTED_EDGE('',*,*,#864,.F.);
#1533=ORIENTED_EDGE('',*,*,#865,.F.);
#1534=ORIENTED_EDGE('',*,*,#1046,.T.);
#1535=ORIENTED_EDGE('',*,*,#863,.F.);
#1536=ORIENTED_EDGE('',*,*,#1046,.F.);
#1537=ORIENTED_EDGE('',*,*,#867,.F.);
#1538=ORIENTED_EDGE('',*,*,#1047,.T.);
#1539=ORIENTED_EDGE('',*,*,#837,.F.);
#1540=ORIENTED_EDGE('',*,*,#1047,.F.);
#1541=ORIENTED_EDGE('',*,*,#1048,.T.);
#1542=ORIENTED_EDGE('',*,*,#1049,.T.);
#1543=ORIENTED_EDGE('',*,*,#1050,.T.);
#1544=ORIENTED_EDGE('',*,*,#1051,.T.);
#1545=ORIENTED_EDGE('',*,*,#1049,.F.);
#1546=ORIENTED_EDGE('',*,*,#1052,.T.);
#1547=ORIENTED_EDGE('',*,*,#1052,.F.);
#1548=ORIENTED_EDGE('',*,*,#1053,.T.);
#1549=ORIENTED_EDGE('',*,*,#1048,.F.);
#1550=ORIENTED_EDGE('',*,*,#1053,.F.);
#1551=ORIENTED_EDGE('',*,*,#842,.F.);
#1552=ORIENTED_EDGE('',*,*,#1054,.T.);
#1553=ORIENTED_EDGE('',*,*,#1050,.F.);
#1554=ORIENTED_EDGE('',*,*,#1051,.F.);
#1555=ORIENTED_EDGE('',*,*,#1054,.F.);
#1556=ORIENTED_EDGE('',*,*,#1055,.T.);
#1557=ORIENTED_EDGE('',*,*,#1056,.T.);
#1558=ORIENTED_EDGE('',*,*,#1057,.T.);
#1559=ORIENTED_EDGE('',*,*,#1058,.T.);
#1560=ORIENTED_EDGE('',*,*,#1056,.F.);
#1561=ORIENTED_EDGE('',*,*,#1059,.T.);
#1562=ORIENTED_EDGE('',*,*,#862,.F.);
#1563=ORIENTED_EDGE('',*,*,#1060,.T.);
#1564=ORIENTED_EDGE('',*,*,#1057,.F.);
#1565=ORIENTED_EDGE('',*,*,#1058,.F.);
#1566=ORIENTED_EDGE('',*,*,#1060,.F.);
#1567=ORIENTED_EDGE('',*,*,#1055,.F.);
#1568=ORIENTED_EDGE('',*,*,#1061,.T.);
#1569=ORIENTED_EDGE('',*,*,#843,.F.);
#1570=ORIENTED_EDGE('',*,*,#1061,.F.);
#1571=ORIENTED_EDGE('',*,*,#1059,.F.);
#1572=PLANE('',#1718);
#1573=PLANE('',#1719);
#1574=PLANE('',#1720);
#1575=PLANE('',#1721);
#1576=PLANE('',#1722);
#1577=PLANE('',#1723);
#1578=PLANE('',#1724);
#1579=PLANE('',#1733);
#1580=PLANE('',#1759);
#1581=PLANE('',#1775);
#1582=PLANE('',#1786);
#1583=PLANE('',#1794);
#1584=PLANE('',#1797);
#1585=PLANE('',#1798);
#1586=PLANE('',#1806);
#1587=PLANE('',#1809);
#1588=PLANE('',#1810);
#1589=PLANE('',#1818);
#1590=PLANE('',#1821);
#1591=PLANE('',#1822);
#1592=PLANE('',#1830);
#1593=PLANE('',#1833);
#1594=PLANE('',#1926);
#1595=ADVANCED_FACE('',(#307),#1572,.F.);
#1596=ADVANCED_FACE('',(#308),#1573,.F.);
#1597=ADVANCED_FACE('',(#309),#1574,.F.);
#1598=ADVANCED_FACE('',(#310),#1575,.F.);
#1599=ADVANCED_FACE('',(#311),#1576,.F.);
#1600=ADVANCED_FACE('',(#312),#1577,.F.);
#1601=ADVANCED_FACE('',(#313),#1578,.F.);
#1602=ADVANCED_FACE('',(#314),#279,.F.);
#1603=ADVANCED_FACE('',(#315),#280,.F.);
#1604=ADVANCED_FACE('',(#316),#281,.F.);
#1605=ADVANCED_FACE('',(#317),#282,.F.);
#1606=ADVANCED_FACE('',(#318,#77,#78,#79,#80,#81),#1579,.F.);
#1607=ADVANCED_FACE('',(#319),#283,.T.);
#1608=ADVANCED_FACE('',(#320),#284,.F.);
#1609=ADVANCED_FACE('',(#321),#285,.F.);
#1610=ADVANCED_FACE('',(#322),#286,.F.);
#1611=ADVANCED_FACE('',(#323),#287,.F.);
#1612=ADVANCED_FACE('',(#324,#82),#1580,.T.);
#1613=ADVANCED_FACE('',(#325),#288,.F.);
#1614=ADVANCED_FACE('',(#326),#75,.T.);
#1615=ADVANCED_FACE('',(#327),#289,.T.);
#1616=ADVANCED_FACE('',(#328,#83),#1581,.T.);
#1617=ADVANCED_FACE('',(#329),#47,.F.);
#1618=ADVANCED_FACE('',(#330),#48,.T.);
#1619=ADVANCED_FACE('',(#331,#84),#1582,.F.);
#1620=ADVANCED_FACE('',(#332),#290,.F.);
#1621=ADVANCED_FACE('',(#333),#1583,.F.);
#1622=ADVANCED_FACE('',(#334),#291,.F.);
#1623=ADVANCED_FACE('',(#335),#1584,.F.);
#1624=ADVANCED_FACE('',(#336,#85),#1585,.F.);
#1625=ADVANCED_FACE('',(#337),#292,.F.);
#1626=ADVANCED_FACE('',(#338),#1586,.F.);
#1627=ADVANCED_FACE('',(#339),#293,.F.);
#1628=ADVANCED_FACE('',(#340),#1587,.F.);
#1629=ADVANCED_FACE('',(#341,#86),#1588,.F.);
#1630=ADVANCED_FACE('',(#342),#294,.F.);
#1631=ADVANCED_FACE('',(#343),#1589,.F.);
#1632=ADVANCED_FACE('',(#344),#295,.F.);
#1633=ADVANCED_FACE('',(#345),#1590,.F.);
#1634=ADVANCED_FACE('',(#346,#87),#1591,.F.);
#1635=ADVANCED_FACE('',(#347),#296,.F.);
#1636=ADVANCED_FACE('',(#348),#1592,.F.);
#1637=ADVANCED_FACE('',(#349),#297,.F.);
#1638=ADVANCED_FACE('',(#350),#1593,.F.);
#1639=ADVANCED_FACE('',(#351),#15,.T.);
#1640=ADVANCED_FACE('',(#352),#16,.T.);
#1641=ADVANCED_FACE('',(#353),#17,.T.);
#1642=ADVANCED_FACE('',(#354),#18,.T.);
#1643=ADVANCED_FACE('',(#355),#19,.T.);
#1644=ADVANCED_FACE('',(#356),#20,.T.);
#1645=ADVANCED_FACE('',(#357),#21,.T.);
#1646=ADVANCED_FACE('',(#358),#22,.T.);
#1647=ADVANCED_FACE('',(#359),#23,.T.);
#1648=ADVANCED_FACE('',(#360),#24,.T.);
#1649=ADVANCED_FACE('',(#361),#25,.T.);
#1650=ADVANCED_FACE('',(#362),#26,.T.);
#1651=ADVANCED_FACE('',(#363),#27,.T.);
#1652=ADVANCED_FACE('',(#364),#28,.T.);
#1653=ADVANCED_FACE('',(#365),#29,.T.);
#1654=ADVANCED_FACE('',(#366),#30,.T.);
#1655=ADVANCED_FACE('',(#367),#31,.T.);
#1656=ADVANCED_FACE('',(#368),#32,.T.);
#1657=ADVANCED_FACE('',(#369),#33,.T.);
#1658=ADVANCED_FACE('',(#370),#34,.T.);
#1659=ADVANCED_FACE('',(#371),#35,.T.);
#1660=ADVANCED_FACE('',(#372),#36,.T.);
#1661=ADVANCED_FACE('',(#373),#37,.T.);
#1662=ADVANCED_FACE('',(#374),#38,.T.);
#1663=ADVANCED_FACE('',(#375),#49,.F.);
#1664=ADVANCED_FACE('',(#376),#39,.F.);
#1665=ADVANCED_FACE('',(#377),#298,.F.);
#1666=ADVANCED_FACE('',(#378),#50,.F.);
#1667=ADVANCED_FACE('',(#379),#51,.F.);
#1668=ADVANCED_FACE('',(#380),#299,.F.);
#1669=ADVANCED_FACE('',(#381),#52,.T.);
#1670=ADVANCED_FACE('',(#382),#53,.F.);
#1671=ADVANCED_FACE('',(#383),#300,.F.);
#1672=ADVANCED_FACE('',(#384),#40,.F.);
#1673=ADVANCED_FACE('',(#385),#54,.F.);
#1674=ADVANCED_FACE('',(#386),#55,.F.);
#1675=ADVANCED_FACE('',(#387),#301,.F.);
#1676=ADVANCED_FACE('',(#388),#56,.T.);
#1677=ADVANCED_FACE('',(#389),#57,.F.);
#1678=ADVANCED_FACE('',(#390),#302,.F.);
#1679=ADVANCED_FACE('',(#391),#41,.F.);
#1680=ADVANCED_FACE('',(#392),#58,.F.);
#1681=ADVANCED_FACE('',(#393),#59,.F.);
#1682=ADVANCED_FACE('',(#394),#303,.F.);
#1683=ADVANCED_FACE('',(#395),#60,.T.);
#1684=ADVANCED_FACE('',(#396),#61,.F.);
#1685=ADVANCED_FACE('',(#397),#304,.F.);
#1686=ADVANCED_FACE('',(#398),#42,.F.);
#1687=ADVANCED_FACE('',(#399),#62,.F.);
#1688=ADVANCED_FACE('',(#400),#63,.F.);
#1689=ADVANCED_FACE('',(#401),#305,.F.);
#1690=ADVANCED_FACE('',(#402),#64,.T.);
#1691=ADVANCED_FACE('',(#403),#65,.T.);
#1692=ADVANCED_FACE('',(#404),#66,.T.);
#1693=ADVANCED_FACE('',(#405),#67,.T.);
#1694=ADVANCED_FACE('',(#406),#68,.T.);
#1695=ADVANCED_FACE('',(#407),#69,.T.);
#1696=ADVANCED_FACE('',(#408),#70,.F.);
#1697=ADVANCED_FACE('',(#409),#306,.F.);
#1698=ADVANCED_FACE('',(#410),#1594,.T.);
#1699=ADVANCED_FACE('',(#411),#71,.F.);
#1700=ADVANCED_FACE('',(#412),#72,.T.);
#1701=ADVANCED_FACE('',(#413),#76,.T.);
#1702=ADVANCED_FACE('',(#414),#73,.T.);
#1703=ADVANCED_FACE('',(#415),#74,.T.);
#1704=CLOSED_SHELL('',(#1595,#1596,#1597,#1598,#1599,#1600,#1601,#1602,
#1603,#1604,#1605,#1606,#1607,#1608,#1609,#1610,#1611,#1612,#1613,#1614,
#1615,#1616,#1617,#1618,#1619,#1620,#1621,#1622,#1623,#1624,#1625,#1626,
#1627,#1628,#1629,#1630,#1631,#1632,#1633,#1634,#1635,#1636,#1637,#1638,
#1639,#1640,#1641,#1642,#1643,#1644,#1645,#1646,#1647,#1648,#1649,#1650,
#1651,#1652,#1653,#1654,#1655,#1656,#1657,#1658,#1659,#1660,#1661,#1662,
#1663,#1664,#1665,#1666,#1667,#1668,#1669,#1670,#1671,#1672,#1673,#1674,
#1675,#1676,#1677,#1678,#1679,#1680,#1681,#1682,#1683,#1684,#1685,#1686,
#1687,#1688,#1689,#1690,#1691,#1692,#1693,#1694,#1695,#1696,#1697,#1698,
#1699,#1700,#1701,#1702,#1703));
#1705=DERIVED_UNIT_ELEMENT(#1707,1.);
#1706=DERIVED_UNIT_ELEMENT(#6677,-3.);
#1707=(
MASS_UNIT()
NAMED_UNIT(*)
SI_UNIT(.KILO.,.GRAM.)
);
#1708=DERIVED_UNIT((#1705,#1706));
#1709=MEASURE_REPRESENTATION_ITEM('density measure',
POSITIVE_RATIO_MEASURE(1000.),#1708);
#1710=PROPERTY_DEFINITION_REPRESENTATION(#1715,#1712);
#1711=PROPERTY_DEFINITION_REPRESENTATION(#1716,#1713);
#1712=REPRESENTATION('material name',(#1714),#6674);
#1713=REPRESENTATION('density',(#1709),#6674);
#1714=DESCRIPTIVE_REPRESENTATION_ITEM('Generic','Generic');
#1715=PROPERTY_DEFINITION('material property','material name',#6684);
#1716=PROPERTY_DEFINITION('material property','density of part',#6684);
#1717=AXIS2_PLACEMENT_3D('',#2449,#1941,#1942);
#1718=AXIS2_PLACEMENT_3D('',#2450,#1943,#1944);
#1719=AXIS2_PLACEMENT_3D('',#2459,#1949,#1950);
#1720=AXIS2_PLACEMENT_3D('',#2465,#1954,#1955);
#1721=AXIS2_PLACEMENT_3D('',#2471,#1959,#1960);
#1722=AXIS2_PLACEMENT_3D('',#2477,#1964,#1965);
#1723=AXIS2_PLACEMENT_3D('',#2483,#1969,#1970);
#1724=AXIS2_PLACEMENT_3D('',#2486,#1973,#1974);
#1725=AXIS2_PLACEMENT_3D('',#2487,#1975,#1976);
#1726=AXIS2_PLACEMENT_3D('',#2492,#1978,#1979);
#1727=AXIS2_PLACEMENT_3D('',#2566,#1980,#1981);
#1728=AXIS2_PLACEMENT_3D('',#2571,#1983,#1984);
#1729=AXIS2_PLACEMENT_3D('',#2645,#1985,#1986);
#1730=AXIS2_PLACEMENT_3D('',#2650,#1988,#1989);
#1731=AXIS2_PLACEMENT_3D('',#2724,#1990,#1991);
#1732=AXIS2_PLACEMENT_3D('',#2729,#1993,#1994);
#1733=AXIS2_PLACEMENT_3D('',#2803,#1995,#1996);
#1734=AXIS2_PLACEMENT_3D('',#2805,#1997,#1998);
#1735=AXIS2_PLACEMENT_3D('',#2807,#1999,#2000);
#1736=AXIS2_PLACEMENT_3D('',#2809,#2001,#2002);
#1737=AXIS2_PLACEMENT_3D('',#2811,#2003,#2004);
#1738=AXIS2_PLACEMENT_3D('',#2813,#2005,#2006);
#1739=AXIS2_PLACEMENT_3D('',#2815,#2007,#2008);
#1740=AXIS2_PLACEMENT_3D('',#2816,#2009,#2010);
#1741=AXIS2_PLACEMENT_3D('',#2818,#2011,#2012);
#1742=AXIS2_PLACEMENT_3D('',#2821,#2014,#2015);
#1743=AXIS2_PLACEMENT_3D('',#2822,#2016,#2017);
#1744=AXIS2_PLACEMENT_3D('',#2824,#2018,#2019);
#1745=AXIS2_PLACEMENT_3D('',#2828,#2021,#2022);
#1746=AXIS2_PLACEMENT_3D('',#2829,#2023,#2024);
#1747=AXIS2_PLACEMENT_3D('',#2830,#2025,#2026);
#1748=AXIS2_PLACEMENT_3D('',#2832,#2027,#2028);
#1749=AXIS2_PLACEMENT_3D('',#2836,#2030,#2031);
#1750=AXIS2_PLACEMENT_3D('',#2837,#2032,#2033);
#1751=AXIS2_PLACEMENT_3D('',#2838,#2034,#2035);
#1752=AXIS2_PLACEMENT_3D('',#2840,#2036,#2037);
#1753=AXIS2_PLACEMENT_3D('',#2844,#2039,#2040);
#1754=AXIS2_PLACEMENT_3D('',#2845,#2041,#2042);
#1755=AXIS2_PLACEMENT_3D('',#2846,#2043,#2044);
#1756=AXIS2_PLACEMENT_3D('',#2848,#2045,#2046);
#1757=AXIS2_PLACEMENT_3D('',#2852,#2048,#2049);
#1758=AXIS2_PLACEMENT_3D('',#2853,#2050,#2051);
#1759=AXIS2_PLACEMENT_3D('',#2854,#2052,#2053);
#1760=AXIS2_PLACEMENT_3D('',#2856,#2054,#2055);
#1761=AXIS2_PLACEMENT_3D('',#2858,#2056,#2057);
#1762=AXIS2_PLACEMENT_3D('',#2859,#2058,#2059);
#1763=AXIS2_PLACEMENT_3D('',#2862,#2060,#2061);
#1764=AXIS2_PLACEMENT_3D('',#2863,#2062,#2063);
#1765=AXIS2_PLACEMENT_3D('',#2866,#2065,#2066);
#1766=AXIS2_PLACEMENT_3D('',#2867,#2067,#2068);
#1767=AXIS2_PLACEMENT_3D('',#3042,#2070,#2071);
#1768=AXIS2_PLACEMENT_3D('',#3381,#2072,#2073);
#1769=AXIS2_PLACEMENT_3D('',#3720,#2074,#2075);
#1770=AXIS2_PLACEMENT_3D('',#4059,#2076,#2077);
#1771=AXIS2_PLACEMENT_3D('',#4230,#2078,#2079);
#1772=AXIS2_PLACEMENT_3D('',#4232,#2080,#2081);
#1773=AXIS2_PLACEMENT_3D('',#4236,#2083,#2084);
#1774=AXIS2_PLACEMENT_3D('',#4237,#2085,#2086);
#1775=AXIS2_PLACEMENT_3D('',#4238,#2087,#2088);
#1776=AXIS2_PLACEMENT_3D('',#4240,#2089,#2090);
#1777=AXIS2_PLACEMENT_3D('',#4241,#2091,#2092);
#1778=AXIS2_PLACEMENT_3D('',#4243,#2093,#2094);
#1779=AXIS2_PLACEMENT_3D('',#4244,#2095,#2096);
#1780=AXIS2_PLACEMENT_3D('',#4245,#2097,#2098);
#1781=AXIS2_PLACEMENT_3D('',#4246,#2099,#2100);
#1782=AXIS2_PLACEMENT_3D('',#4247,#2101,#2102);
#1783=AXIS2_PLACEMENT_3D('',#4248,#2103,#2104);
#1784=AXIS2_PLACEMENT_3D('',#4249,#2105,#2106);
#1785=AXIS2_PLACEMENT_3D('',#4250,#2107,#2108);
#1786=AXIS2_PLACEMENT_3D('',#4251,#2109,#2110);
#1787=AXIS2_PLACEMENT_3D('',#4254,#2111,#2112);
#1788=AXIS2_PLACEMENT_3D('',#4276,#2113,#2114);
#1789=AXIS2_PLACEMENT_3D('',#4280,#2116,#2117);
#1790=AXIS2_PLACEMENT_3D('',#4283,#2119,#2120);
#1791=AXIS2_PLACEMENT_3D('',#4284,#2121,#2122);
#1792=AXIS2_PLACEMENT_3D('',#4289,#2124,#2125);
#1793=AXIS2_PLACEMENT_3D('',#4318,#2127,#2128);
#1794=AXIS2_PLACEMENT_3D('',#4342,#2129,#2130);
#1795=AXIS2_PLACEMENT_3D('',#4351,#2133,#2134);
#1796=AXIS2_PLACEMENT_3D('',#4429,#2135,#2136);
#1797=AXIS2_PLACEMENT_3D('',#4430,#2137,#2138);
#1798=AXIS2_PLACEMENT_3D('',#4436,#2140,#2141);
#1799=AXIS2_PLACEMENT_3D('',#4439,#2142,#2143);
#1800=AXIS2_PLACEMENT_3D('',#4443,#2145,#2146);
#1801=AXIS2_PLACEMENT_3D('',#4465,#2147,#2148);
#1802=AXIS2_PLACEMENT_3D('',#4468,#2150,#2151);
#1803=AXIS2_PLACEMENT_3D('',#4469,#2152,#2153);
#1804=AXIS2_PLACEMENT_3D('',#4474,#2155,#2156);
#1805=AXIS2_PLACEMENT_3D('',#4503,#2158,#2159);
#1806=AXIS2_PLACEMENT_3D('',#4527,#2160,#2161);
#1807=AXIS2_PLACEMENT_3D('',#4536,#2164,#2165);
#1808=AXIS2_PLACEMENT_3D('',#4614,#2166,#2167);
#1809=AXIS2_PLACEMENT_3D('',#4615,#2168,#2169);
#1810=AXIS2_PLACEMENT_3D('',#4621,#2171,#2172);
#1811=AXIS2_PLACEMENT_3D('',#4624,#2173,#2174);
#1812=AXIS2_PLACEMENT_3D('',#4646,#2175,#2176);
#1813=AXIS2_PLACEMENT_3D('',#4650,#2178,#2179);
#1814=AXIS2_PLACEMENT_3D('',#4653,#2181,#2182);
#1815=AXIS2_PLACEMENT_3D('',#4654,#2183,#2184);
#1816=AXIS2_PLACEMENT_3D('',#4659,#2186,#2187);
#1817=AXIS2_PLACEMENT_3D('',#4688,#2189,#2190);
#1818=AXIS2_PLACEMENT_3D('',#4712,#2191,#2192);
#1819=AXIS2_PLACEMENT_3D('',#4721,#2195,#2196);
#1820=AXIS2_PLACEMENT_3D('',#4799,#2197,#2198);
#1821=AXIS2_PLACEMENT_3D('',#4800,#2199,#2200);
#1822=AXIS2_PLACEMENT_3D('',#4806,#2202,#2203);
#1823=AXIS2_PLACEMENT_3D('',#4809,#2204,#2205);
#1824=AXIS2_PLACEMENT_3D('',#4831,#2206,#2207);
#1825=AXIS2_PLACEMENT_3D('',#4835,#2209,#2210);
#1826=AXIS2_PLACEMENT_3D('',#4838,#2212,#2213);
#1827=AXIS2_PLACEMENT_3D('',#4839,#2214,#2215);
#1828=AXIS2_PLACEMENT_3D('',#4844,#2217,#2218);
#1829=AXIS2_PLACEMENT_3D('',#4873,#2220,#2221);
#1830=AXIS2_PLACEMENT_3D('',#4897,#2222,#2223);
#1831=AXIS2_PLACEMENT_3D('',#4906,#2226,#2227);
#1832=AXIS2_PLACEMENT_3D('',#4984,#2228,#2229);
#1833=AXIS2_PLACEMENT_3D('',#4985,#2230,#2231);
#1834=AXIS2_PLACEMENT_3D('',#5057,#2233,#2234);
#1835=AXIS2_PLACEMENT_3D('',#5058,#2235,#2236);
#1836=AXIS2_PLACEMENT_3D('',#5071,#2237,#2238);
#1837=AXIS2_PLACEMENT_3D('',#5084,#2239,#2240);
#1838=AXIS2_PLACEMENT_3D('',#5275,#2241,#2242);
#1839=AXIS2_PLACEMENT_3D('',#5348,#2243,#2244);
#1840=AXIS2_PLACEMENT_3D('',#5427,#2245,#2246);
#1841=AXIS2_PLACEMENT_3D('',#5428,#2247,#2248);
#1842=AXIS2_PLACEMENT_3D('',#5441,#2249,#2250);
#1843=AXIS2_PLACEMENT_3D('',#5454,#2251,#2252);
#1844=AXIS2_PLACEMENT_3D('',#5645,#2253,#2254);
#1845=AXIS2_PLACEMENT_3D('',#5718,#2255,#2256);
#1846=AXIS2_PLACEMENT_3D('',#5797,#2257,#2258);
#1847=AXIS2_PLACEMENT_3D('',#5798,#2259,#2260);
#1848=AXIS2_PLACEMENT_3D('',#5811,#2261,#2262);
#1849=AXIS2_PLACEMENT_3D('',#5824,#2263,#2264);
#1850=AXIS2_PLACEMENT_3D('',#6015,#2265,#2266);
#1851=AXIS2_PLACEMENT_3D('',#6088,#2267,#2268);
#1852=AXIS2_PLACEMENT_3D('',#6167,#2269,#2270);
#1853=AXIS2_PLACEMENT_3D('',#6168,#2271,#2272);
#1854=AXIS2_PLACEMENT_3D('',#6181,#2273,#2274);
#1855=AXIS2_PLACEMENT_3D('',#6194,#2275,#2276);
#1856=AXIS2_PLACEMENT_3D('',#6385,#2277,#2278);
#1857=AXIS2_PLACEMENT_3D('',#6458,#2279,#2280);
#1858=AXIS2_PLACEMENT_3D('',#6471,#2281,#2282);
#1859=AXIS2_PLACEMENT_3D('',#6472,#2283,#2284);
#1860=AXIS2_PLACEMENT_3D('',#6473,#2285,#2286);
#1861=AXIS2_PLACEMENT_3D('',#6501,#2287,#2288);
#1862=AXIS2_PLACEMENT_3D('',#6502,#2289,#2290);
#1863=AXIS2_PLACEMENT_3D('',#6503,#2291,#2292);
#1864=AXIS2_PLACEMENT_3D('',#6504,#2293,#2294);
#1865=AXIS2_PLACEMENT_3D('',#6505,#2295,#2296);
#1866=AXIS2_PLACEMENT_3D('',#6506,#2297,#2298);
#1867=AXIS2_PLACEMENT_3D('',#6507,#2299,#2300);
#1868=AXIS2_PLACEMENT_3D('',#6508,#2301,#2302);
#1869=AXIS2_PLACEMENT_3D('',#6509,#2303,#2304);
#1870=AXIS2_PLACEMENT_3D('',#6510,#2305,#2306);
#1871=AXIS2_PLACEMENT_3D('',#6511,#2307,#2308);
#1872=AXIS2_PLACEMENT_3D('',#6512,#2309,#2310);
#1873=AXIS2_PLACEMENT_3D('',#6513,#2311,#2312);
#1874=AXIS2_PLACEMENT_3D('',#6514,#2313,#2314);
#1875=AXIS2_PLACEMENT_3D('',#6515,#2315,#2316);
#1876=AXIS2_PLACEMENT_3D('',#6543,#2317,#2318);
#1877=AXIS2_PLACEMENT_3D('',#6544,#2319,#2320);
#1878=AXIS2_PLACEMENT_3D('',#6545,#2321,#2322);
#1879=AXIS2_PLACEMENT_3D('',#6546,#2323,#2324);
#1880=AXIS2_PLACEMENT_3D('',#6547,#2325,#2326);
#1881=AXIS2_PLACEMENT_3D('',#6548,#2327,#2328);
#1882=AXIS2_PLACEMENT_3D('',#6549,#2329,#2330);
#1883=AXIS2_PLACEMENT_3D('',#6550,#2331,#2332);
#1884=AXIS2_PLACEMENT_3D('',#6551,#2333,#2334);
#1885=AXIS2_PLACEMENT_3D('',#6552,#2335,#2336);
#1886=AXIS2_PLACEMENT_3D('',#6553,#2337,#2338);
#1887=AXIS2_PLACEMENT_3D('',#6554,#2339,#2340);
#1888=AXIS2_PLACEMENT_3D('',#6555,#2341,#2342);
#1889=AXIS2_PLACEMENT_3D('',#6583,#2343,#2344);
#1890=AXIS2_PLACEMENT_3D('',#6584,#2345,#2346);
#1891=AXIS2_PLACEMENT_3D('',#6585,#2347,#2348);
#1892=AXIS2_PLACEMENT_3D('',#6586,#2349,#2350);
#1893=AXIS2_PLACEMENT_3D('',#6587,#2351,#2352);
#1894=AXIS2_PLACEMENT_3D('',#6588,#2353,#2354);
#1895=AXIS2_PLACEMENT_3D('',#6589,#2355,#2356);
#1896=AXIS2_PLACEMENT_3D('',#6590,#2357,#2358);
#1897=AXIS2_PLACEMENT_3D('',#6591,#2359,#2360);
#1898=AXIS2_PLACEMENT_3D('',#6592,#2361,#2362);
#1899=AXIS2_PLACEMENT_3D('',#6593,#2363,#2364);
#1900=AXIS2_PLACEMENT_3D('',#6594,#2365,#2366);
#1901=AXIS2_PLACEMENT_3D('',#6595,#2367,#2368);
#1902=AXIS2_PLACEMENT_3D('',#6623,#2369,#2370);
#1903=AXIS2_PLACEMENT_3D('',#6624,#2371,#2372);
#1904=AXIS2_PLACEMENT_3D('',#6625,#2373,#2374);
#1905=AXIS2_PLACEMENT_3D('',#6626,#2375,#2376);
#1906=AXIS2_PLACEMENT_3D('',#6627,#2377,#2378);
#1907=AXIS2_PLACEMENT_3D('',#6628,#2379,#2380);
#1908=AXIS2_PLACEMENT_3D('',#6629,#2381,#2382);
#1909=AXIS2_PLACEMENT_3D('',#6630,#2383,#2384);
#1910=AXIS2_PLACEMENT_3D('',#6631,#2385,#2386);
#1911=AXIS2_PLACEMENT_3D('',#6632,#2387,#2388);
#1912=AXIS2_PLACEMENT_3D('',#6633,#2389,#2390);
#1913=AXIS2_PLACEMENT_3D('',#6634,#2391,#2392);
#1914=AXIS2_PLACEMENT_3D('',#6635,#2393,#2394);
#1915=AXIS2_PLACEMENT_3D('',#6636,#2395,#2396);
#1916=AXIS2_PLACEMENT_3D('',#6637,#2397,#2398);
#1917=AXIS2_PLACEMENT_3D('',#6638,#2399,#2400);
#1918=AXIS2_PLACEMENT_3D('',#6639,#2401,#2402);
#1919=AXIS2_PLACEMENT_3D('',#6640,#2403,#2404);
#1920=AXIS2_PLACEMENT_3D('',#6641,#2405,#2406);
#1921=AXIS2_PLACEMENT_3D('',#6642,#2407,#2408);
#1922=AXIS2_PLACEMENT_3D('',#6643,#2409,#2410);
#1923=AXIS2_PLACEMENT_3D('',#6645,#2411,#2412);
#1924=AXIS2_PLACEMENT_3D('',#6649,#2414,#2415);
#1925=AXIS2_PLACEMENT_3D('',#6650,#2416,#2417);
#1926=AXIS2_PLACEMENT_3D('',#6651,#2418,#2419);
#1927=AXIS2_PLACEMENT_3D('',#6653,#2420,#2421);
#1928=AXIS2_PLACEMENT_3D('',#6654,#2422,#2423);
#1929=AXIS2_PLACEMENT_3D('',#6655,#2424,#2425);
#1930=AXIS2_PLACEMENT_3D('',#6656,#2426,#2427);
#1931=AXIS2_PLACEMENT_3D('',#6657,#2428,#2429);
#1932=AXIS2_PLACEMENT_3D('',#6658,#2430,#2431);
#1933=AXIS2_PLACEMENT_3D('',#6661,#2432,#2433);
#1934=AXIS2_PLACEMENT_3D('',#6665,#2435,#2436);
#1935=AXIS2_PLACEMENT_3D('',#6666,#2437,#2438);
#1936=AXIS2_PLACEMENT_3D('',#6667,#2439,#2440);
#1937=AXIS2_PLACEMENT_3D('',#6668,#2441,#2442);
#1938=AXIS2_PLACEMENT_3D('',#6669,#2443,#2444);
#1939=AXIS2_PLACEMENT_3D('',#6670,#2445,#2446);
#1940=AXIS2_PLACEMENT_3D('',#6671,#2447,#2448);
#1941=DIRECTION('axis',(0.,0.,1.));
#1942=DIRECTION('refdir',(1.,0.,0.));
#1943=DIRECTION('center_axis',(-0.687480890870657,0.,0.726202468109058));
#1944=DIRECTION('ref_axis',(-0.726202468109058,0.,-0.687480890870657));
#1945=DIRECTION('',(-0.726202468109058,0.,-0.687480890870657));
#1946=DIRECTION('',(0.,-1.,0.));
#1947=DIRECTION('',(-0.726202468109058,0.,-0.687480890870657));
#1948=DIRECTION('',(0.,-1.,0.));
#1949=DIRECTION('center_axis',(0.285169340238074,0.,0.958477150164876));
#1950=DIRECTION('ref_axis',(-0.958477150164876,0.,0.285169340238074));
#1951=DIRECTION('',(-0.958477150164876,0.,0.285169340238074));
#1952=DIRECTION('',(0.,-1.,0.));
#1953=DIRECTION('',(-0.958477150164876,0.,0.285169340238074));
#1954=DIRECTION('center_axis',(0.972650231108732,0.,0.232274682055818));
#1955=DIRECTION('ref_axis',(-0.232274682055818,0.,0.972650231108731));
#1956=DIRECTION('',(-0.232274682055818,0.,0.972650231108731));
#1957=DIRECTION('',(0.,-1.,0.));
#1958=DIRECTION('',(-0.232274682055818,0.,0.972650231108731));
#1959=DIRECTION('center_axis',(0.687480890870658,0.,-0.726202468109058));
#1960=DIRECTION('ref_axis',(0.726202468109058,0.,0.687480890870658));
#1961=DIRECTION('',(0.726202468109058,0.,0.687480890870658));
#1962=DIRECTION('',(0.,-1.,0.));
#1963=DIRECTION('',(0.726202468109058,0.,0.687480890870658));
#1964=DIRECTION('center_axis',(-0.285169340238073,0.,-0.958477150164876));
#1965=DIRECTION('ref_axis',(0.958477150164876,0.,-0.285169340238073));
#1966=DIRECTION('',(0.958477150164876,0.,-0.285169340238073));
#1967=DIRECTION('',(0.,-1.,0.));
#1968=DIRECTION('',(0.958477150164876,0.,-0.285169340238073));
#1969=DIRECTION('center_axis',(-0.972650231108732,0.,-0.232274682055818));
#1970=DIRECTION('ref_axis',(0.232274682055818,0.,-0.972650231108731));
#1971=DIRECTION('',(0.232274682055818,0.,-0.972650231108731));
#1972=DIRECTION('',(0.232274682055818,0.,-0.972650231108731));
#1973=DIRECTION('center_axis',(0.,-1.,0.));
#1974=DIRECTION('ref_axis',(0.,0.,-1.));
#1975=DIRECTION('center_axis',(0.,-1.,0.));
#1976=DIRECTION('ref_axis',(0.,0.,-1.));
#1977=DIRECTION('',(0.,-1.,0.));
#1978=DIRECTION('center_axis',(0.,-1.,0.));
#1979=DIRECTION('ref_axis',(0.,0.,-1.));
#1980=DIRECTION('center_axis',(0.,-1.,0.));
#1981=DIRECTION('ref_axis',(0.,0.,-1.));
#1982=DIRECTION('',(0.,-1.,0.));
#1983=DIRECTION('center_axis',(0.,-1.,0.));
#1984=DIRECTION('ref_axis',(0.,0.,-1.));
#1985=DIRECTION('center_axis',(0.,-1.,0.));
#1986=DIRECTION('ref_axis',(0.,0.,-1.));
#1987=DIRECTION('',(0.,-1.,0.));
#1988=DIRECTION('center_axis',(0.,-1.,0.));
#1989=DIRECTION('ref_axis',(0.,0.,-1.));
#1990=DIRECTION('center_axis',(0.,-1.,0.));
#1991=DIRECTION('ref_axis',(0.,0.,-1.));
#1992=DIRECTION('',(0.,-1.,0.));
#1993=DIRECTION('center_axis',(0.,-1.,0.));
#1994=DIRECTION('ref_axis',(0.,0.,-1.));
#1995=DIRECTION('center_axis',(0.,1.,0.));
#1996=DIRECTION('ref_axis',(0.,0.,1.));
#1997=DIRECTION('center_axis',(0.,1.,0.));
#1998=DIRECTION('ref_axis',(0.,0.,1.));
#1999=DIRECTION('center_axis',(0.,1.,0.));
#2000=DIRECTION('ref_axis',(0.,0.,1.));
#2001=DIRECTION('center_axis',(0.,1.,0.));
#2002=DIRECTION('ref_axis',(0.,0.,1.));
#2003=DIRECTION('center_axis',(0.,1.,0.));
#2004=DIRECTION('ref_axis',(0.,0.,1.));
#2005=DIRECTION('center_axis',(0.,1.,0.));
#2006=DIRECTION('ref_axis',(0.,0.,1.));
#2007=DIRECTION('center_axis',(0.,1.,0.));
#2008=DIRECTION('ref_axis',(0.,0.,1.));
#2009=DIRECTION('center_axis',(0.,-1.,0.));
#2010=DIRECTION('ref_axis',(0.,0.,-1.));
#2011=DIRECTION('center_axis',(0.,-1.,0.));
#2012=DIRECTION('ref_axis',(0.,0.,-1.));
#2013=DIRECTION('',(0.,1.,0.));
#2014=DIRECTION('center_axis',(0.,1.,0.));
#2015=DIRECTION('ref_axis',(0.,0.,1.));
#2016=DIRECTION('center_axis',(0.,-1.,0.));
#2017=DIRECTION('ref_axis',(0.,0.,-1.));
#2018=DIRECTION('center_axis',(0.,-1.,0.));
#2019=DIRECTION('ref_axis',(0.,0.,-1.));
#2020=DIRECTION('',(0.,-1.,0.));
#2021=DIRECTION('center_axis',(0.,1.,0.));
#2022=DIRECTION('ref_axis',(0.,0.,1.));
#2023=DIRECTION('center_axis',(0.,1.,0.));
#2024=DIRECTION('ref_axis',(0.,0.,1.));
#2025=DIRECTION('center_axis',(0.,-1.,0.));
#2026=DIRECTION('ref_axis',(0.,0.,-1.));
#2027=DIRECTION('center_axis',(0.,-1.,0.));
#2028=DIRECTION('ref_axis',(0.,0.,-1.));
#2029=DIRECTION('',(0.,-1.,0.));
#2030=DIRECTION('center_axis',(0.,1.,0.));
#2031=DIRECTION('ref_axis',(0.,0.,1.));
#2032=DIRECTION('center_axis',(0.,1.,0.));
#2033=DIRECTION('ref_axis',(0.,0.,1.));
#2034=DIRECTION('center_axis',(0.,-1.,0.));
#2035=DIRECTION('ref_axis',(0.,0.,-1.));
#2036=DIRECTION('center_axis',(0.,-1.,0.));
#2037=DIRECTION('ref_axis',(0.,0.,-1.));
#2038=DIRECTION('',(0.,-1.,0.));
#2039=DIRECTION('center_axis',(0.,1.,0.));
#2040=DIRECTION('ref_axis',(0.,0.,1.));
#2041=DIRECTION('center_axis',(0.,1.,0.));
#2042=DIRECTION('ref_axis',(0.,0.,1.));
#2043=DIRECTION('center_axis',(0.,-1.,0.));
#2044=DIRECTION('ref_axis',(0.,0.,-1.));
#2045=DIRECTION('center_axis',(0.,-1.,0.));
#2046=DIRECTION('ref_axis',(0.,0.,-1.));
#2047=DIRECTION('',(0.,-1.,0.));
#2048=DIRECTION('center_axis',(0.,1.,0.));
#2049=DIRECTION('ref_axis',(0.,0.,1.));
#2050=DIRECTION('center_axis',(0.,1.,0.));
#2051=DIRECTION('ref_axis',(0.,0.,1.));
#2052=DIRECTION('center_axis',(0.,-1.,0.));
#2053=DIRECTION('ref_axis',(0.,0.,-1.));
#2054=DIRECTION('center_axis',(0.,-1.,0.));
#2055=DIRECTION('ref_axis',(0.,0.,-1.));
#2056=DIRECTION('center_axis',(0.,-1.,0.));
#2057=DIRECTION('ref_axis',(0.,0.,-1.));
#2058=DIRECTION('center_axis',(0.,1.,0.));
#2059=DIRECTION('ref_axis',(0.,0.,1.));
#2060=DIRECTION('center_axis',(0.,-1.,0.));
#2061=DIRECTION('ref_axis',(0.,0.,-1.));
#2062=DIRECTION('center_axis',(0.,-1.,0.));
#2063=DIRECTION('ref_axis',(0.,0.,-1.));
#2064=DIRECTION('',(0.,1.,0.));
#2065=DIRECTION('center_axis',(0.,1.,0.));
#2066=DIRECTION('ref_axis',(0.,0.,1.));
#2067=DIRECTION('center_axis',(0.,-1.,0.));
#2068=DIRECTION('ref_axis',(0.,0.,-1.));
#2069=DIRECTION('',(2.64758815242163E-17,0.976350873487656,-0.21619197912941));
#2070=DIRECTION('center_axis',(0.,-1.,0.));
#2071=DIRECTION('ref_axis',(0.,0.,-1.));
#2072=DIRECTION('center_axis',(0.,-1.,0.));
#2073=DIRECTION('ref_axis',(0.,0.,-1.));
#2074=DIRECTION('center_axis',(0.,-1.,0.));
#2075=DIRECTION('ref_axis',(0.,0.,-1.));
#2076=DIRECTION('center_axis',(0.,-1.,0.));
#2077=DIRECTION('ref_axis',(0.,0.,-1.));
#2078=DIRECTION('center_axis',(0.,-1.,0.));
#2079=DIRECTION('ref_axis',(0.,0.,-1.));
#2080=DIRECTION('center_axis',(0.,-1.,0.));
#2081=DIRECTION('ref_axis',(0.,0.,-1.));
#2082=DIRECTION('',(0.,1.,0.));
#2083=DIRECTION('center_axis',(0.,1.,0.));
#2084=DIRECTION('ref_axis',(0.,0.,1.));
#2085=DIRECTION('center_axis',(0.,1.,0.));
#2086=DIRECTION('ref_axis',(0.,0.,1.));
#2087=DIRECTION('center_axis',(0.,1.,0.));
#2088=DIRECTION('ref_axis',(0.,0.,1.));
#2089=DIRECTION('center_axis',(0.,1.,0.));
#2090=DIRECTION('ref_axis',(0.,0.,1.));
#2091=DIRECTION('center_axis',(0.,-1.,0.));
#2092=DIRECTION('ref_axis',(0.,0.,-1.));
#2093=DIRECTION('center_axis',(6.68605928393661E-14,-0.115029030311047,
-0.99336213043668));
#2094=DIRECTION('ref_axis',(0.189843535003156,0.975297201669497,-0.112937153466672));
#2095=DIRECTION('center_axis',(1.,0.,1.22464679914735E-16));
#2096=DIRECTION('ref_axis',(-1.22464679914735E-16,0.,1.));
#2097=DIRECTION('center_axis',(6.68605928393661E-14,-0.115029030311047,
-0.99336213043668));
#2098=DIRECTION('ref_axis',(0.189843535003156,0.975297201669497,-0.112937153466672));
#2099=DIRECTION('center_axis',(-0.99336213043667,-0.115029030311138,4.48134900480047E-14));
#2100=DIRECTION('ref_axis',(-0.112937153466787,0.975297201669525,-0.189843535002942));
#2101=DIRECTION('center_axis',(5.40921108394039E-14,-0.115029030311074,
0.993362130436677));
#2102=DIRECTION('ref_axis',(-0.189843535002683,0.975297201669582,0.112937153466731));
#2103=DIRECTION('center_axis',(0.99336213043667,-0.11502903031114,-5.40921108374148E-14));
#2104=DIRECTION('ref_axis',(0.112937153466795,0.975297201669572,0.189843535002695));
#2105=DIRECTION('center_axis',(0.,1.,0.));
#2106=DIRECTION('ref_axis',(0.,0.,1.));
#2107=DIRECTION('center_axis',(-1.,0.,1.22464679914735E-16));
#2108=DIRECTION('ref_axis',(-1.22464679914735E-16,0.,-1.));
#2109=DIRECTION('center_axis',(0.,-1.,0.));
#2110=DIRECTION('ref_axis',(0.,0.,-1.));
#2111=DIRECTION('center_axis',(0.,-1.,0.));
#2112=DIRECTION('ref_axis',(0.,0.,-1.));
#2113=DIRECTION('center_axis',(0.,-1.,0.));
#2114=DIRECTION('ref_axis',(0.,0.,-1.));
#2115=DIRECTION('',(0.944986073440258,0.,0.327110563883167));
#2116=DIRECTION('center_axis',(0.,-1.,0.));
#2117=DIRECTION('ref_axis',(0.,0.,-1.));
#2118=DIRECTION('',(-0.944986073440258,0.,0.327110563883166));
#2119=DIRECTION('center_axis',(0.,-1.,0.));
#2120=DIRECTION('ref_axis',(0.,0.,-1.));
#2121=DIRECTION('center_axis',(0.,-1.,0.));
#2122=DIRECTION('ref_axis',(-1.,0.,3.21581201290766E-14));
#2123=DIRECTION('',(0.,-1.,0.));
#2124=DIRECTION('center_axis',(0.,-1.,0.));
#2125=DIRECTION('ref_axis',(0.,0.,-1.));
#2126=DIRECTION('',(0.,-1.,0.));
#2127=DIRECTION('center_axis',(0.992781609634453,0.119936131218351,9.23782557583691E-12));
#2128=DIRECTION('ref_axis',(0.119936131007334,-0.992781607887744,-5.93196269921699E-5));
#2129=DIRECTION('center_axis',(0.327110563883166,0.,0.944986073440258));
#2130=DIRECTION('ref_axis',(0.944986073440258,0.,-0.327110563883166));
#2131=DIRECTION('',(0.,-1.,0.));
#2132=DIRECTION('',(-0.944986073440258,0.,0.327110563883166));
#2133=DIRECTION('center_axis',(0.,-1.,0.));
#2134=DIRECTION('ref_axis',(0.,0.,-1.));
#2135=DIRECTION('center_axis',(0.,-1.,0.));
#2136=DIRECTION('ref_axis',(0.,0.,-1.));
#2137=DIRECTION('center_axis',(0.327110563883167,0.,-0.944986073440258));
#2138=DIRECTION('ref_axis',(-0.944986073440258,0.,-0.327110563883167));
#2139=DIRECTION('',(0.944986073440258,0.,0.327110563883167));
#2140=DIRECTION('center_axis',(0.,-1.,0.));
#2141=DIRECTION('ref_axis',(0.,0.,-1.));
#2142=DIRECTION('center_axis',(0.,-1.,0.));
#2143=DIRECTION('ref_axis',(0.,0.,-1.));
#2144=DIRECTION('',(-0.327110563883166,0.,-0.944986073440258));
#2145=DIRECTION('center_axis',(0.,-1.,0.));
#2146=DIRECTION('ref_axis',(0.,0.,-1.));
#2147=DIRECTION('center_axis',(0.,-1.,0.));
#2148=DIRECTION('ref_axis',(0.,0.,-1.));
#2149=DIRECTION('',(-0.327110563883166,0.,0.944986073440258));
#2150=DIRECTION('center_axis',(0.,-1.,0.));
#2151=DIRECTION('ref_axis',(0.,0.,-1.));
#2152=DIRECTION('center_axis',(0.,-1.,0.));
#2153=DIRECTION('ref_axis',(0.,0.,-1.));
#2154=DIRECTION('',(0.,-1.,0.));
#2155=DIRECTION('center_axis',(0.,-1.,0.));
#2156=DIRECTION('ref_axis',(0.,0.,-1.));
#2157=DIRECTION('',(0.,-1.,0.));
#2158=DIRECTION('center_axis',(-9.33481355403824E-12,0.119936131220292,
0.992781609634218));
#2159=DIRECTION('ref_axis',(5.9319964424554E-5,-0.992781607887489,0.119936131009274));
#2160=DIRECTION('center_axis',(-0.944986073440258,0.,0.327110563883166));
#2161=DIRECTION('ref_axis',(0.327110563883166,0.,0.944986073440258));
#2162=DIRECTION('',(0.,-1.,0.));
#2163=DIRECTION('',(-0.327110563883166,0.,-0.944986073440258));
#2164=DIRECTION('center_axis',(0.,-1.,0.));
#2165=DIRECTION('ref_axis',(0.,0.,-1.));
#2166=DIRECTION('center_axis',(0.,-1.,0.));
#2167=DIRECTION('ref_axis',(0.,0.,-1.));
#2168=DIRECTION('center_axis',(0.944986073440258,0.,0.327110563883166));
#2169=DIRECTION('ref_axis',(0.327110563883166,0.,-0.944986073440258));
#2170=DIRECTION('',(-0.327110563883166,0.,0.944986073440258));
#2171=DIRECTION('center_axis',(0.,-1.,0.));
#2172=DIRECTION('ref_axis',(0.,0.,-1.));
#2173=DIRECTION('center_axis',(0.,-1.,0.));
#2174=DIRECTION('ref_axis',(0.,0.,-1.));
#2175=DIRECTION('center_axis',(0.,-1.,0.));
#2176=DIRECTION('ref_axis',(0.,0.,-1.));
#2177=DIRECTION('',(-0.944986073440258,0.,-0.327110563883166));
#2178=DIRECTION('center_axis',(0.,-1.,0.));
#2179=DIRECTION('ref_axis',(0.,0.,-1.));
#2180=DIRECTION('',(0.944986073440258,0.,-0.327110563883166));
#2181=DIRECTION('center_axis',(0.,-1.,0.));
#2182=DIRECTION('ref_axis',(0.,0.,-1.));
#2183=DIRECTION('center_axis',(0.,-1.,0.));
#2184=DIRECTION('ref_axis',(1.,0.,-3.51442799181123E-14));
#2185=DIRECTION('',(0.,-1.,0.));
#2186=DIRECTION('center_axis',(0.,-1.,0.));
#2187=DIRECTION('ref_axis',(0.,0.,-1.));
#2188=DIRECTION('',(0.,-1.,0.));
#2189=DIRECTION('center_axis',(-0.992781609633521,0.119936131226063,-9.22035640666952E-12));
#2190=DIRECTION('ref_axis',(0.119936131015043,0.992781607886782,-5.93201264486448E-5));
#2191=DIRECTION('center_axis',(-0.327110563883166,0.,-0.944986073440258));
#2192=DIRECTION('ref_axis',(-0.944986073440258,0.,0.327110563883166));
#2193=DIRECTION('',(0.,-1.,0.));
#2194=DIRECTION('',(0.944986073440258,0.,-0.327110563883166));
#2195=DIRECTION('center_axis',(0.,-1.,0.));
#2196=DIRECTION('ref_axis',(0.,0.,-1.));
#2197=DIRECTION('center_axis',(0.,-1.,0.));
#2198=DIRECTION('ref_axis',(0.,0.,-1.));
#2199=DIRECTION('center_axis',(-0.327110563883166,0.,0.944986073440258));
#2200=DIRECTION('ref_axis',(0.944986073440258,0.,0.327110563883166));
#2201=DIRECTION('',(-0.944986073440258,0.,-0.327110563883166));
#2202=DIRECTION('center_axis',(0.,-1.,0.));
#2203=DIRECTION('ref_axis',(0.,0.,-1.));
#2204=DIRECTION('center_axis',(0.,-1.,0.));
#2205=DIRECTION('ref_axis',(0.,0.,-1.));
#2206=DIRECTION('center_axis',(0.,-1.,0.));
#2207=DIRECTION('ref_axis',(0.,0.,-1.));
#2208=DIRECTION('',(0.327110563883166,0.,-0.944986073440258));
#2209=DIRECTION('center_axis',(0.,-1.,0.));
#2210=DIRECTION('ref_axis',(0.,0.,-1.));
#2211=DIRECTION('',(0.327110563883166,0.,0.944986073440258));
#2212=DIRECTION('center_axis',(0.,-1.,0.));
#2213=DIRECTION('ref_axis',(0.,0.,-1.));
#2214=DIRECTION('center_axis',(0.,-1.,0.));
#2215=DIRECTION('ref_axis',(3.52055122580697E-14,0.,1.));
#2216=DIRECTION('',(0.,-1.,0.));
#2217=DIRECTION('center_axis',(0.,-1.,0.));
#2218=DIRECTION('ref_axis',(0.,0.,-1.));
#2219=DIRECTION('',(0.,-1.,0.));
#2220=DIRECTION('center_axis',(9.22368284186724E-12,0.119936131222039,-0.992781609634007));
#2221=DIRECTION('ref_axis',(5.93197902270781E-5,0.992781607887288,0.119936131011021));
#2222=DIRECTION('center_axis',(0.944986073440258,0.,-0.327110563883166));
#2223=DIRECTION('ref_axis',(-0.327110563883166,0.,-0.944986073440258));
#2224=DIRECTION('',(0.,-1.,0.));
#2225=DIRECTION('',(0.327110563883166,0.,0.944986073440258));
#2226=DIRECTION('center_axis',(0.,-1.,0.));
#2227=DIRECTION('ref_axis',(0.,0.,-1.));
#2228=DIRECTION('center_axis',(0.,-1.,0.));
#2229=DIRECTION('ref_axis',(0.,0.,-1.));
#2230=DIRECTION('center_axis',(-0.944986073440258,0.,-0.327110563883166));
#2231=DIRECTION('ref_axis',(-0.327110563883166,0.,0.944986073440258));
#2232=DIRECTION('',(0.327110563883166,0.,-0.944986073440258));
#2233=DIRECTION('center_axis',(0.976124316321736,0.215406764592762,-0.0279507576480724));
#2234=DIRECTION('ref_axis',(-0.215490956640009,0.976505835930525,0.));
#2235=DIRECTION('center_axis',(0.0886202171742457,-0.962602362879677,0.256013960725685));
#2236=DIRECTION('ref_axis',(0.,-0.257025229482063,-0.966404693391797));
#2237=DIRECTION('center_axis',(0.0805679454507339,-0.969193162387711,0.232751842413234));
#2238=DIRECTION('ref_axis',(0.,-0.233510958759552,-0.97235417011457));
#2239=DIRECTION('center_axis',(0.976124316336189,-0.215406764528401,0.0279507576393308));
#2240=DIRECTION('ref_axis',(0.21549095657557,0.976505835944745,0.));
#2241=DIRECTION('center_axis',(0.080567945450734,0.969193162387711,-0.232751842413234));
#2242=DIRECTION('ref_axis',(0.,0.233510958759553,0.97235417011457));
#2243=DIRECTION('center_axis',(-0.0886202171741971,-0.962602362879666,0.256013960725743));
#2244=DIRECTION('ref_axis',(0.,-0.25702522948212,-0.966404693391782));
#2245=DIRECTION('center_axis',(-0.0279507576481843,0.215406764592757,-0.976124316321734));
#2246=DIRECTION('ref_axis',(0.,0.976505835930526,0.215490956640004));
#2247=DIRECTION('center_axis',(0.256013960725798,-0.96260236287964,-0.088620217174316));
#2248=DIRECTION('ref_axis',(0.966404693391766,0.257025229482178,0.));
#2249=DIRECTION('center_axis',(0.232751842413234,-0.969193162387711,-0.0805679454507339));
#2250=DIRECTION('ref_axis',(0.97235417011457,0.233510958759553,0.));
#2251=DIRECTION('center_axis',(0.0279507576391981,-0.21540676452829,-0.976124316336218));
#2252=DIRECTION('ref_axis',(0.,0.97650583594477,-0.215490956575457));
#2253=DIRECTION('center_axis',(-0.232751842413234,0.969193162387711,-0.0805679454507339));
#2254=DIRECTION('ref_axis',(-0.97235417011457,-0.233510958759553,0.));
#2255=DIRECTION('center_axis',(0.256013960725797,-0.962602362879641,0.0886202171743161));
#2256=DIRECTION('ref_axis',(0.966404693391766,0.257025229482177,0.));
#2257=DIRECTION('center_axis',(0.027950757648138,0.215406764592345,0.976124316321827));
#2258=DIRECTION('ref_axis',(0.,-0.976505835930617,0.215490956639592));
#2259=DIRECTION('center_axis',(-0.256013960725799,-0.96260236287964,0.0886202171743141));
#2260=DIRECTION('ref_axis',(0.966404693391766,-0.257025229482179,0.));
#2261=DIRECTION('center_axis',(-0.232751842413234,-0.969193162387711,0.0805679454507339));
#2262=DIRECTION('ref_axis',(0.97235417011457,-0.233510958759553,0.));
#2263=DIRECTION('center_axis',(-0.0279507576391325,-0.215406764527858,0.976124316336315));
#2264=DIRECTION('ref_axis',(0.,-0.976505835944866,-0.215490956575025));
#2265=DIRECTION('center_axis',(0.232751842413234,0.969193162387711,0.080567945450734));
#2266=DIRECTION('ref_axis',(-0.97235417011457,0.233510958759553,0.));
#2267=DIRECTION('center_axis',(-0.2560139607258,-0.96260236287964,-0.088620217174317));
#2268=DIRECTION('ref_axis',(0.966404693391765,-0.25702522948218,0.));
#2269=DIRECTION('center_axis',(-0.976124316321841,0.21540676459228,0.0279507576481185));
#2270=DIRECTION('ref_axis',(-0.215490956639526,-0.976505835930632,0.));
#2271=DIRECTION('center_axis',(-0.0886202171743141,-0.96260236287964,-0.2560139607258));
#2272=DIRECTION('ref_axis',(0.,0.25702522948218,-0.966404693391766));
#2273=DIRECTION('center_axis',(-0.0805679454507331,-0.969193162387712,-0.232751842413232));
#2274=DIRECTION('ref_axis',(0.,0.23351095875955,-0.972354170114571));
#2275=DIRECTION('center_axis',(-0.976124316336303,-0.215406764527909,-0.0279507576391486));
#2276=DIRECTION('ref_axis',(0.215490956575076,-0.976505835944854,0.));
#2277=DIRECTION('center_axis',(-0.0805679454507331,0.969193162387712,0.232751842413231));
#2278=DIRECTION('ref_axis',(0.,-0.23351095875955,0.972354170114571));
#2279=DIRECTION('center_axis',(0.0886202171743141,-0.96260236287964,-0.256013960725799));
#2280=DIRECTION('ref_axis',(0.,0.257025229482179,-0.966404693391766));
#2281=DIRECTION('center_axis',(0.,-1.,0.));
#2282=DIRECTION('ref_axis',(0.,0.,-1.));
#2283=DIRECTION('center_axis',(-0.327110563883166,0.,0.944986073440258));
#2284=DIRECTION('ref_axis',(0.944986073440258,0.,0.327110563883165));
#2285=DIRECTION('center_axis',(0.986373663050473,0.,-0.164520505835573));
#2286=DIRECTION('ref_axis',(-0.164520505835573,0.,-0.986373663050473));
#2287=DIRECTION('center_axis',(0.986373663052506,1.80653945476541E-11,0.164520505823384));
#2288=DIRECTION('ref_axis',(0.164520505823384,0.,-0.986373663052506));
#2289=DIRECTION('center_axis',(0.327110563883166,0.,-0.944986073440258));
#2290=DIRECTION('ref_axis',(-0.944986073440258,0.,-0.327110563883166));
#2291=DIRECTION('center_axis',(-0.327110563883166,0.,0.944986073440258));
#2292=DIRECTION('ref_axis',(0.944986073440258,0.,0.327110563883166));
#2293=DIRECTION('center_axis',(0.,-1.,0.));
#2294=DIRECTION('ref_axis',(0.,0.,-1.));
#2295=DIRECTION('center_axis',(0.327110563883166,0.,0.944986073440258));
#2296=DIRECTION('ref_axis',(0.944986073440258,0.,-0.327110563883165));
#2297=DIRECTION('center_axis',(0.,-1.,0.));
#2298=DIRECTION('ref_axis',(0.,0.,-1.));
#2299=DIRECTION('center_axis',(-0.327110563883166,0.,-0.944986073440258));
#2300=DIRECTION('ref_axis',(-0.944986073440258,0.,0.327110563883166));
#2301=DIRECTION('center_axis',(0.327110563883166,0.,0.944986073440258));
#2302=DIRECTION('ref_axis',(0.944986073440258,0.,-0.327110563883166));
#2303=DIRECTION('center_axis',(0.,-1.,0.));
#2304=DIRECTION('ref_axis',(0.,0.,-1.));
#2305=DIRECTION('center_axis',(-1.,0.,-1.22464679914735E-16));
#2306=DIRECTION('ref_axis',(-1.22464679914735E-16,0.,1.));
#2307=DIRECTION('center_axis',(0.,-1.,0.));
#2308=DIRECTION('ref_axis',(0.,0.,-1.));
#2309=DIRECTION('center_axis',(0.98637366304955,0.,0.164520505841106));
#2310=DIRECTION('ref_axis',(0.164520505841106,0.,-0.98637366304955));
#2311=DIRECTION('center_axis',(-0.327110563883166,0.,-0.944986073440258));
#2312=DIRECTION('ref_axis',(-0.944986073440258,0.,0.327110563883166));
#2313=DIRECTION('center_axis',(-0.327110563883166,0.,-0.944986073440258));
#2314=DIRECTION('ref_axis',(-0.944986073440258,0.,0.327110563883166));
#2315=DIRECTION('center_axis',(-0.327110563883166,0.,-0.944986073440258));
#2316=DIRECTION('ref_axis',(-0.944986073440258,0.,0.327110563883166));
#2317=DIRECTION('center_axis',(0.986373663050488,0.,-0.164520505835478));
#2318=DIRECTION('ref_axis',(-0.164520505835478,0.,-0.986373663050488));
#2319=DIRECTION('center_axis',(0.,-1.,0.));
#2320=DIRECTION('ref_axis',(1.22464679914735E-16,0.,1.));
#2321=DIRECTION('center_axis',(-0.327110563883166,0.,0.944986073440258));
#2322=DIRECTION('ref_axis',(0.944986073440258,0.,0.327110563883166));
#2323=DIRECTION('center_axis',(0.,-1.,0.));
#2324=DIRECTION('ref_axis',(0.,0.,-1.));
#2325=DIRECTION('center_axis',(0.327110563883166,0.,-0.944986073440258));
#2326=DIRECTION('ref_axis',(-0.944986073440258,0.,-0.327110563883166));
#2327=DIRECTION('center_axis',(-0.327110563883166,0.,0.944986073440258));
#2328=DIRECTION('ref_axis',(0.944986073440258,0.,0.327110563883166));
#2329=DIRECTION('center_axis',(0.,-1.,0.));
#2330=DIRECTION('ref_axis',(0.,0.,-1.));
#2331=DIRECTION('center_axis',(-1.,0.,0.));
#2332=DIRECTION('ref_axis',(0.,0.,1.));
#2333=DIRECTION('center_axis',(0.,-1.,0.));
#2334=DIRECTION('ref_axis',(0.,0.,-1.));
#2335=DIRECTION('center_axis',(0.164520505841115,0.,-0.986373663049548));
#2336=DIRECTION('ref_axis',(-0.986373663049548,0.,-0.164520505841115));
#2337=DIRECTION('center_axis',(-0.944986073440258,0.,0.327110563883166));
#2338=DIRECTION('ref_axis',(0.327110563883165,0.,0.944986073440258));
#2339=DIRECTION('center_axis',(-0.944986073440258,0.,0.327110563883166));
#2340=DIRECTION('ref_axis',(0.327110563883166,0.,0.944986073440258));
#2341=DIRECTION('center_axis',(-0.944986073440258,0.,0.327110563883166));
#2342=DIRECTION('ref_axis',(0.327110563883166,0.,0.944986073440258));
#2343=DIRECTION('center_axis',(-0.164520505835484,0.,-0.986373663050487));
#2344=DIRECTION('ref_axis',(-0.986373663050487,0.,0.164520505835484));
#2345=DIRECTION('center_axis',(0.,-1.,0.));
#2346=DIRECTION('ref_axis',(1.,0.,-5.05321549807431E-16));
#2347=DIRECTION('center_axis',(0.944986073440258,0.,0.327110563883166));
#2348=DIRECTION('ref_axis',(0.327110563883166,0.,-0.944986073440258));
#2349=DIRECTION('center_axis',(0.,-1.,0.));
#2350=DIRECTION('ref_axis',(0.,0.,-1.));
#2351=DIRECTION('center_axis',(-0.944986073440258,0.,-0.327110563883166));
#2352=DIRECTION('ref_axis',(-0.327110563883165,0.,0.944986073440258));
#2353=DIRECTION('center_axis',(0.944986073440258,0.,0.327110563883166));
#2354=DIRECTION('ref_axis',(0.327110563883166,0.,-0.944986073440258));
#2355=DIRECTION('center_axis',(0.,-1.,0.));
#2356=DIRECTION('ref_axis',(0.,0.,-1.));
#2357=DIRECTION('center_axis',(-1.,0.,0.));
#2358=DIRECTION('ref_axis',(0.,0.,1.));
#2359=DIRECTION('center_axis',(0.,-1.,0.));
#2360=DIRECTION('ref_axis',(0.,0.,-1.));
#2361=DIRECTION('center_axis',(-0.164520505841203,0.,0.986373663049534));
#2362=DIRECTION('ref_axis',(0.986373663049533,0.,0.164520505841203));
#2363=DIRECTION('center_axis',(0.944986073440258,0.,-0.327110563883166));
#2364=DIRECTION('ref_axis',(-0.327110563883165,0.,-0.944986073440258));
#2365=DIRECTION('center_axis',(0.944986073440258,0.,-0.327110563883166));
#2366=DIRECTION('ref_axis',(-0.327110563883166,0.,-0.944986073440258));
#2367=DIRECTION('center_axis',(0.944986073440258,0.,-0.327110563883166));
#2368=DIRECTION('ref_axis',(-0.327110563883166,0.,-0.944986073440258));
#2369=DIRECTION('center_axis',(0.16452050583557,0.,0.986373663050473));
#2370=DIRECTION('ref_axis',(0.986373663050473,0.,-0.164520505835569));
#2371=DIRECTION('center_axis',(0.,-1.,0.));
#2372=DIRECTION('ref_axis',(-1.,0.,3.7364106986726E-15));
#2373=DIRECTION('center_axis',(-0.944986073440256,-5.93717039890003E-15,
-0.327110563883171));
#2374=DIRECTION('ref_axis',(-0.327110563883171,0.,0.944986073440256));
#2375=DIRECTION('center_axis',(0.,-1.,0.));
#2376=DIRECTION('ref_axis',(0.,0.,-1.));
#2377=DIRECTION('center_axis',(0.944986073440258,0.,0.327110563883166));
#2378=DIRECTION('ref_axis',(0.327110563883165,0.,-0.944986073440258));
#2379=DIRECTION('center_axis',(-0.944986073440258,0.,-0.327110563883167));
#2380=DIRECTION('ref_axis',(-0.327110563883167,0.,0.944986073440258));
#2381=DIRECTION('center_axis',(0.,1.,0.));
#2382=DIRECTION('ref_axis',(0.,0.,1.));
#2383=DIRECTION('center_axis',(-1.,0.,1.2246467991471E-16));
#2384=DIRECTION('ref_axis',(-1.2246467991471E-16,0.,-1.));
#2385=DIRECTION('center_axis',(0.,1.,0.));
#2386=DIRECTION('ref_axis',(0.,0.,1.));
#2387=DIRECTION('center_axis',(-1.,0.,1.22464679914735E-16));
#2388=DIRECTION('ref_axis',(-1.22464679914735E-16,0.,-1.));
#2389=DIRECTION('center_axis',(0.,1.,0.));
#2390=DIRECTION('ref_axis',(0.,0.,1.));
#2391=DIRECTION('center_axis',(-1.,0.,0.));
#2392=DIRECTION('ref_axis',(0.,0.,-1.));
#2393=DIRECTION('center_axis',(0.,1.,0.));
#2394=DIRECTION('ref_axis',(0.,0.,1.));
#2395=DIRECTION('center_axis',(-1.,0.,0.));
#2396=DIRECTION('ref_axis',(0.,0.,-1.));
#2397=DIRECTION('center_axis',(0.,-1.,0.));
#2398=DIRECTION('ref_axis',(0.,0.,-1.));
#2399=DIRECTION('center_axis',(-1.,0.,-1.2246467991471E-16));
#2400=DIRECTION('ref_axis',(-1.2246467991471E-16,0.,1.));
#2401=DIRECTION('center_axis',(0.,-1.,0.));
#2402=DIRECTION('ref_axis',(0.,0.,-1.));
#2403=DIRECTION('center_axis',(-1.,0.,-1.22464679914735E-16));
#2404=DIRECTION('ref_axis',(-1.22464679914735E-16,0.,1.));
#2405=DIRECTION('center_axis',(0.,1.,0.));
#2406=DIRECTION('ref_axis',(0.,0.,1.));
#2407=DIRECTION('center_axis',(1.,0.,-1.22464679914735E-16));
#2408=DIRECTION('ref_axis',(-1.22464679914735E-16,0.,-1.));
#2409=DIRECTION('center_axis',(0.,-1.,0.));
#2410=DIRECTION('ref_axis',(0.,0.,-1.));
#2411=DIRECTION('center_axis',(0.,-1.,0.));
#2412=DIRECTION('ref_axis',(0.,0.,-1.));
#2413=DIRECTION('',(0.,-1.,0.));
#2414=DIRECTION('center_axis',(0.,1.,0.));
#2415=DIRECTION('ref_axis',(0.,0.,1.));
#2416=DIRECTION('center_axis',(0.,1.,0.));
#2417=DIRECTION('ref_axis',(0.,0.,1.));
#2418=DIRECTION('center_axis',(0.,-1.,0.));
#2419=DIRECTION('ref_axis',(0.,0.,-1.));
#2420=DIRECTION('center_axis',(0.,-1.,0.));
#2421=DIRECTION('ref_axis',(0.,0.,-1.));
#2422=DIRECTION('center_axis',(0.,-1.,0.));
#2423=DIRECTION('ref_axis',(0.,0.,-1.));
#2424=DIRECTION('center_axis',(1.,0.,1.22464679914735E-16));
#2425=DIRECTION('ref_axis',(-1.22464679914735E-16,0.,1.));
#2426=DIRECTION('center_axis',(0.,1.,0.));
#2427=DIRECTION('ref_axis',(0.,0.,1.));
#2428=DIRECTION('center_axis',(-1.,0.,1.22464679914735E-16));
#2429=DIRECTION('ref_axis',(-1.22464679914735E-16,0.,-1.));
#2430=DIRECTION('center_axis',(0.,1.,0.));
#2431=DIRECTION('ref_axis',(0.,0.,1.));
#2432=DIRECTION('center_axis',(0.,1.,0.));
#2433=DIRECTION('ref_axis',(0.,0.,1.));
#2434=DIRECTION('',(5.47678698264199E-17,-0.894427190999917,0.447213595499955));
#2435=DIRECTION('center_axis',(0.,-1.,0.));
#2436=DIRECTION('ref_axis',(0.,0.,-1.));
#2437=DIRECTION('center_axis',(0.,-1.,0.));
#2438=DIRECTION('ref_axis',(0.,0.,-1.));
#2439=DIRECTION('center_axis',(0.,1.,0.));
#2440=DIRECTION('ref_axis',(0.,0.,1.));
#2441=DIRECTION('center_axis',(0.,-1.,0.));
#2442=DIRECTION('ref_axis',(0.,0.,-1.));
#2443=DIRECTION('center_axis',(-1.,0.,-1.22464679914733E-16));
#2444=DIRECTION('ref_axis',(-1.22464679914733E-16,0.,1.));
#2445=DIRECTION('center_axis',(0.,-1.,0.));
#2446=DIRECTION('ref_axis',(0.,0.,-1.));
#2447=DIRECTION('center_axis',(-1.,0.,-1.22464679914735E-16));
#2448=DIRECTION('ref_axis',(-1.22464679914735E-16,0.,1.));
#2449=CARTESIAN_POINT('',(0.,0.,0.));
#2450=CARTESIAN_POINT('Origin',(-0.563236170885617,48.,2.35855146558351));
#2451=CARTESIAN_POINT('',(-0.563236170885618,48.,2.35855146558351));
#2452=CARTESIAN_POINT('',(-2.32418357077115,48.,0.691498900474538));
#2453=CARTESIAN_POINT('',(0.117188281604336,48.,3.00269525372845));
#2454=CARTESIAN_POINT('',(-0.563236170885618,38.5,2.35855146558351));
#2455=CARTESIAN_POINT('',(-0.563236170885618,48.,2.35855146558351));
#2456=CARTESIAN_POINT('',(-2.32418357077115,38.5,0.691498900474538));
#2457=CARTESIAN_POINT('',(-2.32418357077115,38.5,0.691498900474538));
#2458=CARTESIAN_POINT('',(-2.32418357077115,48.,0.691498900474538));
#2459=CARTESIAN_POINT('Origin',(1.76094739988553,48.,1.66705256510897));
#2460=CARTESIAN_POINT('',(1.76094739988553,48.,1.66705256510897));
#2461=CARTESIAN_POINT('',(3.13209320789263,48.,1.25910466006781));
#2462=CARTESIAN_POINT('',(1.76094739988553,38.5,1.66705256510897));
#2463=CARTESIAN_POINT('',(1.76094739988553,48.,1.66705256510897));
#2464=CARTESIAN_POINT('',(-0.563236170885618,38.5,2.35855146558351));
#2465=CARTESIAN_POINT('Origin',(2.32418357077115,48.,-0.691498900474536));
#2466=CARTESIAN_POINT('',(2.32418357077115,48.,-0.691498900474536));
#2467=CARTESIAN_POINT('',(2.29802152488852,48.,-0.581945333341043));
#2468=CARTESIAN_POINT('',(2.32418357077115,38.5,-0.691498900474536));
#2469=CARTESIAN_POINT('',(2.32418357077115,48.,-0.691498900474536));
#2470=CARTESIAN_POINT('',(1.76094739988553,38.5,1.66705256510897));
#2471=CARTESIAN_POINT('Origin',(0.563236170885618,48.,-2.35855146558351));
#2472=CARTESIAN_POINT('',(0.563236170885618,48.,-2.35855146558351));
#2473=CARTESIAN_POINT('',(2.12413432331833,48.,-0.880881394884084));
#2474=CARTESIAN_POINT('',(0.563236170885618,38.5,-2.35855146558351));
#2475=CARTESIAN_POINT('',(0.563236170885618,48.,-2.35855146558351));
#2476=CARTESIAN_POINT('',(2.32418357077115,38.5,-0.691498900474536));
#2477=CARTESIAN_POINT('Origin',(-1.76094739988553,48.,-1.66705256510897));
#2478=CARTESIAN_POINT('',(-1.76094739988553,48.,-1.66705256510897));
#2479=CARTESIAN_POINT('',(0.772290193507146,48.,-2.4207499203874));
#2480=CARTESIAN_POINT('',(-1.76094739988553,38.5,-1.66705256510897));
#2481=CARTESIAN_POINT('',(-1.76094739988553,48.,-1.66705256510897));
#2482=CARTESIAN_POINT('',(0.563236170885618,38.5,-2.35855146558351));
#2483=CARTESIAN_POINT('Origin',(-2.32418357077115,48.,0.691498900474538));
#2484=CARTESIAN_POINT('',(-2.06872753121096,48.,-0.378223265183724));
#2485=CARTESIAN_POINT('',(-1.76094739988553,38.5,-1.66705256510897));
#2486=CARTESIAN_POINT('Origin',(5.55111512312578E-16,38.5,0.));
#2487=CARTESIAN_POINT('Origin',(9.75136329843955,53.,1.49986283364946E-15));
#2488=CARTESIAN_POINT('',(10.3401623134292,8.50663140333929,-1.70097493219246));
#2489=CARTESIAN_POINT('',(10.3401623134292,3.3,-1.70097493219246));
#2490=CARTESIAN_POINT('',(10.3401623134292,8.50663140333929,-1.70097493219246));
#2491=CARTESIAN_POINT('',(11.526835883561,3.30000077259793,-0.296135374759582));
#2492=CARTESIAN_POINT('Origin',(9.75136329843955,3.3,1.49986283364946E-15));
#2493=CARTESIAN_POINT('Ctrl Pts',(11.5268358919304,3.30000000000027,-0.296136910503834));
#2494=CARTESIAN_POINT('Ctrl Pts',(11.5219768055863,3.32027182771487,-0.325269295989469));
#2495=CARTESIAN_POINT('Ctrl Pts',(11.5166398350781,3.34236882482487,-0.352875366867731));
#2496=CARTESIAN_POINT('Ctrl Pts',(11.5109789129307,3.36590149355892,-0.379147582398925));
#2497=CARTESIAN_POINT('Ctrl Pts',(11.5051346335009,3.39019638549185,-0.40627075505657));
#2498=CARTESIAN_POINT('Ctrl Pts',(11.4989447672551,3.41602145804449,-0.43197265896942));
#2499=CARTESIAN_POINT('Ctrl Pts',(11.492522424181,3.44294812682811,-0.456470041566171));
#2500=CARTESIAN_POINT('Ctrl Pts',(11.4858055668549,3.47110959226175,-0.482090819195854));
#2501=CARTESIAN_POINT('Ctrl Pts',(11.4788341898893,3.50047600397629,-0.50639441067782));
#2502=CARTESIAN_POINT('Ctrl Pts',(11.4716812415372,3.53055707064112,-0.529628336341836));
#2503=CARTESIAN_POINT('Ctrl Pts',(11.470441970974,3.53576870905824,-0.533653686271092));
#2504=CARTESIAN_POINT('Ctrl Pts',(11.4691971240678,3.54100179901635,-0.53764692046549));
#2505=CARTESIAN_POINT('Ctrl Pts',(11.4679469261231,3.54625379076695,-0.54160931414507));
#2506=CARTESIAN_POINT('Ctrl Pts',(11.4594650841455,3.58188539957453,-0.56849177478801));
#2507=CARTESIAN_POINT('Ctrl Pts',(11.4507454497946,3.61838702146526,-0.593941764617356));
#2508=CARTESIAN_POINT('Ctrl Pts',(11.4418789197627,3.65558545344168,-0.618188429253087));
#2509=CARTESIAN_POINT('Ctrl Pts',(11.4325832380231,3.69458433841956,-0.643608664327124));
#2510=CARTESIAN_POINT('Ctrl Pts',(11.4231258603123,3.73434911893932,-0.667706606967609));
#2511=CARTESIAN_POINT('Ctrl Pts',(11.4135539403261,3.77468020532464,-0.690740378162988));
#2512=CARTESIAN_POINT('Ctrl Pts',(11.408521926559,3.79588249099216,-0.702849365067509));
#2513=CARTESIAN_POINT('Ctrl Pts',(11.4034573416458,3.81724128467421,-0.714664120032085));
#2514=CARTESIAN_POINT('Ctrl Pts',(11.3983614481022,3.83872758848351,-0.726221106143255));
#2515=CARTESIAN_POINT('Ctrl Pts',(11.3862076849015,3.88997266382043,-0.753784647513187));
#2516=CARTESIAN_POINT('Ctrl Pts',(11.3738812651628,3.94194305226608,-0.779876767930164));
#2517=CARTESIAN_POINT('Ctrl Pts',(11.3614567104031,3.99445981897754,-0.804735487443888));
#2518=CARTESIAN_POINT('Ctrl Pts',(11.3493105048733,4.04580004440842,-0.829037293203746));
#2519=CARTESIAN_POINT('Ctrl Pts',(11.3370697688062,4.09766244113882,-0.852160524834164));
#2520=CARTESIAN_POINT('Ctrl Pts',(11.3247569540428,4.1498798330301,-0.874318251272077));
#2521=CARTESIAN_POINT('Ctrl Pts',(11.3100356507359,4.21231137924391,-0.900810212513299));
#2522=CARTESIAN_POINT('Ctrl Pts',(11.2952122709996,4.27525038364357,-0.925919234857838));
#2523=CARTESIAN_POINT('Ctrl Pts',(11.2803228769791,4.33861646386065,-0.949885575841688));
#2524=CARTESIAN_POINT('Ctrl Pts',(11.270020072048,4.38246300071975,-0.966469228321474));
#2525=CARTESIAN_POINT('Ctrl Pts',(11.2596844604941,4.42651402278297,-0.982505501677191));
#2526=CARTESIAN_POINT('Ctrl Pts',(11.2493141612211,4.47074289851763,-0.998069743400794));
#2527=CARTESIAN_POINT('Ctrl Pts',(11.2303686365754,4.55154473781095,-1.02650409398247));
#2528=CARTESIAN_POINT('Ctrl Pts',(11.211306893257,4.63294017660654,-1.05336586282307));
#2529=CARTESIAN_POINT('Ctrl Pts',(11.1922120558792,4.71474747149984,-1.07886739601518));
#2530=CARTESIAN_POINT('Ctrl Pts',(11.1723091565093,4.80001671604823,-1.10544811198866));
#2531=CARTESIAN_POINT('Ctrl Pts',(11.1523700296734,4.88573341240397,-1.13055140407789));
#2532=CARTESIAN_POINT('Ctrl Pts',(11.1324335110561,4.97169175372497,-1.15440247220078));
#2533=CARTESIAN_POINT('Ctrl Pts',(11.1202966229306,5.02402118957539,-1.16892244687828));
#2534=CARTESIAN_POINT('Ctrl Pts',(11.1081596528085,5.07644018124343,-1.18297800922101));
#2535=CARTESIAN_POINT('Ctrl Pts',(11.0960226462192,5.12890229496535,-1.19661657953954));
#2536=CARTESIAN_POINT('Ctrl Pts',(11.0732242804367,5.22744804836435,-1.22223550893397));
#2537=CARTESIAN_POINT('Ctrl Pts',(11.0504344809076,5.32614595587653,-1.24637681929995));
#2538=CARTESIAN_POINT('Ctrl Pts',(11.0276821693362,5.42501747796023,-1.26925574247001));
#2539=CARTESIAN_POINT('Ctrl Pts',(11.0041178111215,5.52741779699138,-1.29295123114388));
#2540=CARTESIAN_POINT('Ctrl Pts',(10.9805933175658,5.63000434461131,-1.31529292823347));
#2541=CARTESIAN_POINT('Ctrl Pts',(10.9570908679695,5.73280096208325,-1.33649580174254));
#2542=CARTESIAN_POINT('Ctrl Pts',(10.9523225294447,5.75365704643721,-1.34079758646394));
#2543=CARTESIAN_POINT('Ctrl Pts',(10.9475549492204,5.77452177791404,-1.34505240819087));
#2544=CARTESIAN_POINT('Ctrl Pts',(10.9427877587309,5.79539535562285,-1.34926192987852));
#2545=CARTESIAN_POINT('Ctrl Pts',(10.9142019000293,5.92056114127491,-1.37450379768883));
#2546=CARTESIAN_POINT('Ctrl Pts',(10.885637877309,6.04604500651253,-1.39811525880815));
#2547=CARTESIAN_POINT('Ctrl Pts',(10.8571321917215,6.1717880849867,-1.420308119617));
#2548=CARTESIAN_POINT('Ctrl Pts',(10.8348297223437,6.27016779764208,-1.43767151882648));
#2549=CARTESIAN_POINT('Ctrl Pts',(10.8125617999688,6.36870618222479,-1.45416613989263));
#2550=CARTESIAN_POINT('Ctrl Pts',(10.7903265018901,6.4673750463714,-1.46988280549019));
#2551=CARTESIAN_POINT('Ctrl Pts',(10.7580056538442,6.61079841554162,-1.49272828112852));
#2552=CARTESIAN_POINT('Ctrl Pts',(10.7257570949392,6.75449747538877,-1.51392910647203));
#2553=CARTESIAN_POINT('Ctrl Pts',(10.6935973825417,6.8984516913157,-1.53368671206222));
#2554=CARTESIAN_POINT('Ctrl Pts',(10.6753545068615,6.98011096837408,-1.54489438513044));
#2555=CARTESIAN_POINT('Ctrl Pts',(10.6571393518034,7.06185235016782,-1.55563714936058));
#2556=CARTESIAN_POINT('Ctrl Pts',(10.6389488593211,7.14367208843773,-1.56594759558379));
#2557=CARTESIAN_POINT('Ctrl Pts',(10.6014212417015,7.3124690495156,-1.58721840415191));
#2558=CARTESIAN_POINT('Ctrl Pts',(10.5639957214254,7.48159950455301,-1.60665343613341));
#2559=CARTESIAN_POINT('Ctrl Pts',(10.5267124092443,7.65103435334063,-1.62444875461623));
#2560=CARTESIAN_POINT('Ctrl Pts',(10.4881421058246,7.82631796269069,-1.64285835379563));
#2561=CARTESIAN_POINT('Ctrl Pts',(10.4497235531828,8.00192734337553,-1.65951345936208));
#2562=CARTESIAN_POINT('Ctrl Pts',(10.4114557088118,8.17783027641296,-1.67459786509148));
#2563=CARTESIAN_POINT('Ctrl Pts',(10.3876362256335,8.28731951008588,-1.6839870207764));
#2564=CARTESIAN_POINT('Ctrl Pts',(10.3638742631594,8.39692247564334,-1.69276694959355));
#2565=CARTESIAN_POINT('Ctrl Pts',(10.3401623134292,8.50663140333929,-1.70097493219246));
#2566=CARTESIAN_POINT('Origin',(-9.75136329843952,53.,2.39804634151017E-14));
#2567=CARTESIAN_POINT('',(-10.3401623134292,8.50663140333938,1.70097493219249));
#2568=CARTESIAN_POINT('',(-10.3401623134292,3.3,1.70097493219249));
#2569=CARTESIAN_POINT('',(-10.3401623134292,8.50663140333938,1.70097493219249));
#2570=CARTESIAN_POINT('',(-11.526835883561,3.30000077259793,0.296135374759453));
#2571=CARTESIAN_POINT('Origin',(-9.75136329843952,3.3,2.39804634151017E-14));
#2572=CARTESIAN_POINT('Ctrl Pts',(-11.5268358919304,3.30000000000027,0.296136910503703));
#2573=CARTESIAN_POINT('Ctrl Pts',(-11.5219768055864,3.32027182771488,0.325269295989358));
#2574=CARTESIAN_POINT('Ctrl Pts',(-11.5166398350781,3.34236882482485,0.352875366867638));
#2575=CARTESIAN_POINT('Ctrl Pts',(-11.5109789129307,3.36590149355892,0.379147582398848));
#2576=CARTESIAN_POINT('Ctrl Pts',(-11.5051346335009,3.39019638549182,0.406270755056471));
#2577=CARTESIAN_POINT('Ctrl Pts',(-11.4989447672551,3.41602145804445,0.4319726589693));
#2578=CARTESIAN_POINT('Ctrl Pts',(-11.492522424181,3.44294812682803,0.456470041566034));
#2579=CARTESIAN_POINT('Ctrl Pts',(-11.4858055668549,3.47110959226168,0.482090819195744));
#2580=CARTESIAN_POINT('Ctrl Pts',(-11.4788341898893,3.50047600397626,0.506394410677736));
#2581=CARTESIAN_POINT('Ctrl Pts',(-11.4716812415372,3.53055707064111,0.529628336341775));
#2582=CARTESIAN_POINT('Ctrl Pts',(-11.470441970974,3.53576870905822,0.533653686271024));
#2583=CARTESIAN_POINT('Ctrl Pts',(-11.4691971240678,3.54100179901633,0.537646920465416));
#2584=CARTESIAN_POINT('Ctrl Pts',(-11.4679469261231,3.54625379076691,0.541609314144989));
#2585=CARTESIAN_POINT('Ctrl Pts',(-11.4594650841455,3.58188539957454,0.568491774787972));
#2586=CARTESIAN_POINT('Ctrl Pts',(-11.4507454497945,3.61838702146531,0.593941764617358));
#2587=CARTESIAN_POINT('Ctrl Pts',(-11.4418789197627,3.65558545344179,0.618188429253126));
#2588=CARTESIAN_POINT('Ctrl Pts',(-11.4325832380231,3.69458433841967,0.643608664327161));
#2589=CARTESIAN_POINT('Ctrl Pts',(-11.4231258603123,3.73434911893945,0.667706606967645));
#2590=CARTESIAN_POINT('Ctrl Pts',(-11.4135539403261,3.77468020532476,0.690740378163023));
#2591=CARTESIAN_POINT('Ctrl Pts',(-11.4085219265589,3.79588249099223,0.702849365067514));
#2592=CARTESIAN_POINT('Ctrl Pts',(-11.4034573416458,3.81724128467421,0.714664120032062));
#2593=CARTESIAN_POINT('Ctrl Pts',(-11.3983614481022,3.83872758848347,0.726221106143207));
#2594=CARTESIAN_POINT('Ctrl Pts',(-11.3862076849015,3.88997266382036,0.753784647513127));
#2595=CARTESIAN_POINT('Ctrl Pts',(-11.3738812651628,3.94194305226598,0.779876767930093));
#2596=CARTESIAN_POINT('Ctrl Pts',(-11.3614567104031,3.99445981897741,0.804735487443807));
#2597=CARTESIAN_POINT('Ctrl Pts',(-11.3493105048733,4.04580004440832,0.829037293203681));
#2598=CARTESIAN_POINT('Ctrl Pts',(-11.3370697688062,4.09766244113876,0.852160524834115));
#2599=CARTESIAN_POINT('Ctrl Pts',(-11.3247569540428,4.14987983303007,0.874318251272042));
#2600=CARTESIAN_POINT('Ctrl Pts',(-11.3100356507359,4.21231137924402,0.900810212513324));
#2601=CARTESIAN_POINT('Ctrl Pts',(-11.2952122709995,4.27525038364383,0.925919234857919));
#2602=CARTESIAN_POINT('Ctrl Pts',(-11.280322876979,4.33861646386104,0.949885575841821));
#2603=CARTESIAN_POINT('Ctrl Pts',(-11.2700200720479,4.38246300072,0.966469228321555));
#2604=CARTESIAN_POINT('Ctrl Pts',(-11.259684460494,4.42651402278308,0.982505501677221));
#2605=CARTESIAN_POINT('Ctrl Pts',(-11.2493141612211,4.47074289851761,0.998069743400777));
#2606=CARTESIAN_POINT('Ctrl Pts',(-11.2303686365754,4.55154473781108,1.02650409398252));
#2607=CARTESIAN_POINT('Ctrl Pts',(-11.211306893257,4.63294017660684,1.05336586282317));
#2608=CARTESIAN_POINT('Ctrl Pts',(-11.1922120558791,4.71474747150032,1.07886739601533));
#2609=CARTESIAN_POINT('Ctrl Pts',(-11.1723091565092,4.80001671604871,1.1054481119888));
#2610=CARTESIAN_POINT('Ctrl Pts',(-11.1523700296733,4.88573341240443,1.13055140407802));
#2611=CARTESIAN_POINT('Ctrl Pts',(-11.132433511056,4.97169175372542,1.15440247220091));
#2612=CARTESIAN_POINT('Ctrl Pts',(-11.1202966229305,5.02402118957569,1.16892244687836));
#2613=CARTESIAN_POINT('Ctrl Pts',(-11.1081596528084,5.07644018124357,1.18297800922104));
#2614=CARTESIAN_POINT('Ctrl Pts',(-11.0960226462192,5.12890229496534,1.19661657953953));
#2615=CARTESIAN_POINT('Ctrl Pts',(-11.0732242804367,5.22744804836443,1.22223550893399));
#2616=CARTESIAN_POINT('Ctrl Pts',(-11.0504344809076,5.3261459558767,1.24637681929999));
#2617=CARTESIAN_POINT('Ctrl Pts',(-11.0276821693361,5.42501747796049,1.26925574247007));
#2618=CARTESIAN_POINT('Ctrl Pts',(-11.0041178111214,5.52741779699177,1.29295123114397));
#2619=CARTESIAN_POINT('Ctrl Pts',(-10.9805933175657,5.63000434461184,1.31529292823359));
#2620=CARTESIAN_POINT('Ctrl Pts',(-10.9570908679693,5.73280096208391,1.33649580174269));
#2621=CARTESIAN_POINT('Ctrl Pts',(-10.9523225294446,5.75365704643766,1.34079758646403));
#2622=CARTESIAN_POINT('Ctrl Pts',(-10.9475549492204,5.77452177791427,1.34505240819093));
#2623=CARTESIAN_POINT('Ctrl Pts',(-10.9427877587309,5.79539535562285,1.34926192987853));
#2624=CARTESIAN_POINT('Ctrl Pts',(-10.9142019000293,5.9205611412749,1.37450379768883));
#2625=CARTESIAN_POINT('Ctrl Pts',(-10.885637877309,6.04604500651251,1.39811525880815));
#2626=CARTESIAN_POINT('Ctrl Pts',(-10.8571321917215,6.17178808498667,1.420308119617));
#2627=CARTESIAN_POINT('Ctrl Pts',(-10.8348297223437,6.27016779764208,1.43767151882648));
#2628=CARTESIAN_POINT('Ctrl Pts',(-10.8125617999688,6.36870618222478,1.45416613989264));
#2629=CARTESIAN_POINT('Ctrl Pts',(-10.7903265018901,6.46737504637142,1.4698828054902));
#2630=CARTESIAN_POINT('Ctrl Pts',(-10.7580056538442,6.61079841554166,1.49272828112854));
#2631=CARTESIAN_POINT('Ctrl Pts',(-10.7257570949391,6.75449747538886,1.51392910647206));
#2632=CARTESIAN_POINT('Ctrl Pts',(-10.6935973825416,6.89845169131581,1.53368671206226));
#2633=CARTESIAN_POINT('Ctrl Pts',(-10.6753545068615,6.98011096837416,1.54489438513047));
#2634=CARTESIAN_POINT('Ctrl Pts',(-10.6571393518033,7.06185235016788,1.55563714936061));
#2635=CARTESIAN_POINT('Ctrl Pts',(-10.638948859321,7.14367208843777,1.56594759558381));
#2636=CARTESIAN_POINT('Ctrl Pts',(-10.6014212417015,7.31246904951574,1.58721840415195));
#2637=CARTESIAN_POINT('Ctrl Pts',(-10.5639957214253,7.48159950455325,1.60665343613345));
#2638=CARTESIAN_POINT('Ctrl Pts',(-10.5267124092443,7.65103435334098,1.62444875461628));
#2639=CARTESIAN_POINT('Ctrl Pts',(-10.4881421058246,7.82631796269089,1.64285835379566));
#2640=CARTESIAN_POINT('Ctrl Pts',(-10.4497235531828,8.00192734337561,1.6595134593621));
#2641=CARTESIAN_POINT('Ctrl Pts',(-10.4114557088118,8.17783027641291,1.67459786509149));
#2642=CARTESIAN_POINT('Ctrl Pts',(-10.3876362256335,8.28731951008588,1.68398702077642));
#2643=CARTESIAN_POINT('Ctrl Pts',(-10.3638742631594,8.39692247564338,1.69276694959358));
#2644=CARTESIAN_POINT('Ctrl Pts',(-10.3401623134292,8.50663140333938,1.70097493219249));
#2645=CARTESIAN_POINT('Origin',(0.,53.,-9.75136329843952));
#2646=CARTESIAN_POINT('',(-1.70097493219246,8.50663140333939,-10.3401623134292));
#2647=CARTESIAN_POINT('',(-1.70097493219246,3.3,-10.3401623134292));
#2648=CARTESIAN_POINT('',(-1.70097493219246,8.50663140333939,-10.3401623134292));
#2649=CARTESIAN_POINT('',(-0.296135374759422,3.30000077259793,-11.526835883561));
#2650=CARTESIAN_POINT('Origin',(0.,3.3,-9.75136329843952));
#2651=CARTESIAN_POINT('Ctrl Pts',(-0.296136910503674,3.30000000000027,-11.5268358919304));
#2652=CARTESIAN_POINT('Ctrl Pts',(-0.325269295989317,3.32027182771487,-11.5219768055864));
#2653=CARTESIAN_POINT('Ctrl Pts',(-0.352875366867585,3.34236882482483,-11.5166398350781));
#2654=CARTESIAN_POINT('Ctrl Pts',(-0.379147582398786,3.36590149355889,-11.5109789129307));
#2655=CARTESIAN_POINT('Ctrl Pts',(-0.406270755056421,3.3901963854918,-11.5051346335009));
#2656=CARTESIAN_POINT('Ctrl Pts',(-0.431972658969263,3.41602145804444,-11.4989447672551));
#2657=CARTESIAN_POINT('Ctrl Pts',(-0.456470041566007,3.44294812682803,-11.492522424181));
#2658=CARTESIAN_POINT('Ctrl Pts',(-0.482090819195674,3.47110959226164,-11.4858055668549));
#2659=CARTESIAN_POINT('Ctrl Pts',(-0.506394410677625,3.50047600397616,-11.4788341898893));
#2660=CARTESIAN_POINT('Ctrl Pts',(-0.529628336341627,3.53055707064095,-11.4716812415373));
#2661=CARTESIAN_POINT('Ctrl Pts',(-0.533653686270917,3.53576870905812,-11.470441970974));
#2662=CARTESIAN_POINT('Ctrl Pts',(-0.537646920465347,3.54100179901628,-11.4691971240678));
#2663=CARTESIAN_POINT('Ctrl Pts',(-0.541609314144958,3.54625379076692,-11.4679469261231));
#2664=CARTESIAN_POINT('Ctrl Pts',(-0.568491774787911,3.5818853995745,-11.4594650841455));
#2665=CARTESIAN_POINT('Ctrl Pts',(-0.593941764617268,3.61838702146523,-11.4507454497946));
#2666=CARTESIAN_POINT('Ctrl Pts',(-0.61818842925301,3.65558545344167,-11.4418789197627));
#2667=CARTESIAN_POINT('Ctrl Pts',(-0.643608664327043,3.69458433841954,-11.4325832380231));
#2668=CARTESIAN_POINT('Ctrl Pts',(-0.667706606967525,3.73434911893929,-11.4231258603124));
#2669=CARTESIAN_POINT('Ctrl Pts',(-0.6907403781629,3.77468020532459,-11.4135539403261));
#2670=CARTESIAN_POINT('Ctrl Pts',(-0.702849365067423,3.79588249099212,-11.408521926559));
#2671=CARTESIAN_POINT('Ctrl Pts',(-0.714664120032001,3.81724128467416,-11.4034573416459));
#2672=CARTESIAN_POINT('Ctrl Pts',(-0.726221106143173,3.83872758848347,-11.3983614481022));
#2673=CARTESIAN_POINT('Ctrl Pts',(-0.753784647513111,3.88997266382039,-11.3862076849015));
#2674=CARTESIAN_POINT('Ctrl Pts',(-0.779876767930093,3.94194305226605,-11.3738812651628));
#2675=CARTESIAN_POINT('Ctrl Pts',(-0.804735487443822,3.99445981897751,-11.3614567104031));
#2676=CARTESIAN_POINT('Ctrl Pts',(-0.829037293203681,4.04580004440839,-11.3493105048733));
#2677=CARTESIAN_POINT('Ctrl Pts',(-0.852160524834101,4.09766244113879,-11.3370697688062));
#2678=CARTESIAN_POINT('Ctrl Pts',(-0.874318251272016,4.14987983303007,-11.3247569540428));
#2679=CARTESIAN_POINT('Ctrl Pts',(-0.900810212513249,4.2123113792439,-11.310035650736));
#2680=CARTESIAN_POINT('Ctrl Pts',(-0.925919234857798,4.27525038364359,-11.2952122709996));
#2681=CARTESIAN_POINT('Ctrl Pts',(-0.949885575841657,4.33861646386068,-11.2803228769791));
#2682=CARTESIAN_POINT('Ctrl Pts',(-0.966469228321439,4.38246300071977,-11.270020072048));
#2683=CARTESIAN_POINT('Ctrl Pts',(-0.982505501677151,4.42651402278296,-11.2596844604941));
#2684=CARTESIAN_POINT('Ctrl Pts',(-0.99806974340075,4.47074289851761,-11.2493141612211));
#2685=CARTESIAN_POINT('Ctrl Pts',(-1.02650409398242,4.55154473781089,-11.2303686365754));
#2686=CARTESIAN_POINT('Ctrl Pts',(-1.05336586282302,4.63294017660648,-11.2113068932571));
#2687=CARTESIAN_POINT('Ctrl Pts',(-1.07886739601513,4.71474747149976,-11.1922120558792));
#2688=CARTESIAN_POINT('Ctrl Pts',(-1.10544811198859,4.80001671604812,-11.1723091565094));
#2689=CARTESIAN_POINT('Ctrl Pts',(-1.13055140407782,4.88573341240381,-11.1523700296735));
#2690=CARTESIAN_POINT('Ctrl Pts',(-1.1544024722007,4.97169175372478,-11.1324335110561));
#2691=CARTESIAN_POINT('Ctrl Pts',(-1.16892244687821,5.02402118957526,-11.1202966229306));
#2692=CARTESIAN_POINT('Ctrl Pts',(-1.18297800922096,5.07644018124336,-11.1081596528085));
#2693=CARTESIAN_POINT('Ctrl Pts',(-1.19661657953951,5.12890229496534,-11.0960226462192));
#2694=CARTESIAN_POINT('Ctrl Pts',(-1.222235508934,5.22744804836457,-11.0732242804367));
#2695=CARTESIAN_POINT('Ctrl Pts',(-1.24637681930004,5.326145955877,-11.0504344809075));
#2696=CARTESIAN_POINT('Ctrl Pts',(-1.26925574247014,5.42501747796091,-11.027682169336));
#2697=CARTESIAN_POINT('Ctrl Pts',(-1.29295123114401,5.52741779699207,-11.0041178111214));
#2698=CARTESIAN_POINT('Ctrl Pts',(-1.3152929282336,5.63000434461201,-10.9805933175656));
#2699=CARTESIAN_POINT('Ctrl Pts',(-1.33649580174267,5.73280096208396,-10.9570908679693));
#2700=CARTESIAN_POINT('Ctrl Pts',(-1.34079758646402,5.75365704643768,-10.9523225294446));
#2701=CARTESIAN_POINT('Ctrl Pts',(-1.3450524081909,5.77452177791429,-10.9475549492204));
#2702=CARTESIAN_POINT('Ctrl Pts',(-1.3492619298785,5.79539535562285,-10.9427877587309));
#2703=CARTESIAN_POINT('Ctrl Pts',(-1.3745037976888,5.92056114127487,-10.9142019000293));
#2704=CARTESIAN_POINT('Ctrl Pts',(-1.39811525880812,6.04604500651246,-10.885637877309));
#2705=CARTESIAN_POINT('Ctrl Pts',(-1.42030811961696,6.17178808498659,-10.8571321917215));
#2706=CARTESIAN_POINT('Ctrl Pts',(-1.43767151882645,6.27016779764202,-10.8348297223437));
#2707=CARTESIAN_POINT('Ctrl Pts',(-1.45416613989261,6.36870618222477,-10.8125617999688));
#2708=CARTESIAN_POINT('Ctrl Pts',(-1.46988280549017,6.46737504637143,-10.7903265018901));
#2709=CARTESIAN_POINT('Ctrl Pts',(-1.49272828112851,6.61079841554162,-10.7580056538442));
#2710=CARTESIAN_POINT('Ctrl Pts',(-1.51392910647201,6.75449747538876,-10.7257570949392));
#2711=CARTESIAN_POINT('Ctrl Pts',(-1.53368671206221,6.89845169131566,-10.6935973825417));
#2712=CARTESIAN_POINT('Ctrl Pts',(-1.54489438513043,6.98011096837406,-10.6753545068615));
#2713=CARTESIAN_POINT('Ctrl Pts',(-1.55563714936058,7.06185235016784,-10.6571393518034));
#2714=CARTESIAN_POINT('Ctrl Pts',(-1.56594759558378,7.14367208843778,-10.638948859321));
#2715=CARTESIAN_POINT('Ctrl Pts',(-1.5872184041519,7.31246904951557,-10.6014212417015));
#2716=CARTESIAN_POINT('Ctrl Pts',(-1.60665343613339,7.48159950455288,-10.5639957214254));
#2717=CARTESIAN_POINT('Ctrl Pts',(-1.6244487546162,7.65103435334042,-10.5267124092444));
#2718=CARTESIAN_POINT('Ctrl Pts',(-1.64285835379558,7.82631796269034,-10.4881421058247));
#2719=CARTESIAN_POINT('Ctrl Pts',(-1.65951345936203,8.00192734337505,-10.4497235531829));
#2720=CARTESIAN_POINT('Ctrl Pts',(-1.67459786509142,8.17783027641235,-10.4114557088119));
#2721=CARTESIAN_POINT('Ctrl Pts',(-1.68398702077637,8.28731951008551,-10.3876362256336));
#2722=CARTESIAN_POINT('Ctrl Pts',(-1.69276694959354,8.3969224756432,-10.3638742631595));
#2723=CARTESIAN_POINT('Ctrl Pts',(-1.70097493219246,8.50663140333939,-10.3401623134292));
#2724=CARTESIAN_POINT('Origin',(2.36747981665279E-14,53.,9.75136329843955));
#2725=CARTESIAN_POINT('',(1.70097493219249,8.50663140333926,10.3401623134292));
#2726=CARTESIAN_POINT('',(1.70097493219249,3.3,10.3401623134292));
#2727=CARTESIAN_POINT('',(1.70097493219249,8.50663140333926,10.3401623134292));
#2728=CARTESIAN_POINT('',(0.296135374759613,3.30000077259793,11.526835883561));
#2729=CARTESIAN_POINT('Origin',(2.36747981665279E-14,3.3,9.75136329843955));
#2730=CARTESIAN_POINT('Ctrl Pts',(0.296136910503867,3.30000000000027,11.5268358919304));
#2731=CARTESIAN_POINT('Ctrl Pts',(0.325269295989518,3.32027182771489,11.5219768055863));
#2732=CARTESIAN_POINT('Ctrl Pts',(0.352875366867796,3.34236882482491,11.516639835078));
#2733=CARTESIAN_POINT('Ctrl Pts',(0.379147582399004,3.36590149355897,11.5109789129307));
#2734=CARTESIAN_POINT('Ctrl Pts',(0.406270755056636,3.39019638549189,11.5051346335009));
#2735=CARTESIAN_POINT('Ctrl Pts',(0.431972658969475,3.41602145804451,11.4989447672551));
#2736=CARTESIAN_POINT('Ctrl Pts',(0.456470041566218,3.44294812682811,11.4925224241809));
#2737=CARTESIAN_POINT('Ctrl Pts',(0.482090819195826,3.47110959226167,11.4858055668549));
#2738=CARTESIAN_POINT('Ctrl Pts',(0.506394410677723,3.50047600397613,11.4788341898893));
#2739=CARTESIAN_POINT('Ctrl Pts',(0.529628336341677,3.53055707064087,11.4716812415373));
#2740=CARTESIAN_POINT('Ctrl Pts',(0.533653686270997,3.53576870905807,11.470441970974));
#2741=CARTESIAN_POINT('Ctrl Pts',(0.537646920465457,3.54100179901627,11.4691971240678));
#2742=CARTESIAN_POINT('Ctrl Pts',(0.541609314145098,3.54625379076695,11.4679469261231));
#2743=CARTESIAN_POINT('Ctrl Pts',(0.568491774788033,3.58188539957452,11.4594650841455));
#2744=CARTESIAN_POINT('Ctrl Pts',(0.593941764617375,3.61838702146523,11.4507454497946));
#2745=CARTESIAN_POINT('Ctrl Pts',(0.618188429253103,3.65558545344165,11.4418789197627));
#2746=CARTESIAN_POINT('Ctrl Pts',(0.643608664327128,3.69458433841953,11.4325832380231));
#2747=CARTESIAN_POINT('Ctrl Pts',(0.667706606967603,3.73434911893927,11.4231258603124));
#2748=CARTESIAN_POINT('Ctrl Pts',(0.690740378162972,3.77468020532457,11.4135539403261));
#2749=CARTESIAN_POINT('Ctrl Pts',(0.702849365067507,3.79588249099212,11.408521926559));
#2750=CARTESIAN_POINT('Ctrl Pts',(0.714664120032095,3.81724128467419,11.4034573416459));
#2751=CARTESIAN_POINT('Ctrl Pts',(0.726221106143278,3.83872758848351,11.3983614481022));
#2752=CARTESIAN_POINT('Ctrl Pts',(0.753784647513232,3.88997266382047,11.3862076849015));
#2753=CARTESIAN_POINT('Ctrl Pts',(0.779876767930228,3.94194305226616,11.3738812651627));
#2754=CARTESIAN_POINT('Ctrl Pts',(0.804735487443971,3.99445981897765,11.3614567104031));
#2755=CARTESIAN_POINT('Ctrl Pts',(0.829037293203808,4.04580004440849,11.3493105048733));
#2756=CARTESIAN_POINT('Ctrl Pts',(0.852160524834209,4.09766244113885,11.3370697688062));
#2757=CARTESIAN_POINT('Ctrl Pts',(0.874318251272105,4.14987983303009,11.3247569540428));
#2758=CARTESIAN_POINT('Ctrl Pts',(0.900810212513311,4.21231137924386,11.310035650736));
#2759=CARTESIAN_POINT('Ctrl Pts',(0.925919234857835,4.27525038364348,11.2952122709996));
#2760=CARTESIAN_POINT('Ctrl Pts',(0.949885575841672,4.33861646386052,11.2803228769791));
#2761=CARTESIAN_POINT('Ctrl Pts',(0.966469228321475,4.38246300071966,11.270020072048));
#2762=CARTESIAN_POINT('Ctrl Pts',(0.982505501677206,4.42651402278293,11.2596844604941));
#2763=CARTESIAN_POINT('Ctrl Pts',(0.998069743400823,4.47074289851763,11.2493141612211));
#2764=CARTESIAN_POINT('Ctrl Pts',(1.02650409398249,4.55154473781091,11.2303686365754));
#2765=CARTESIAN_POINT('Ctrl Pts',(1.05336586282308,4.63294017660646,11.2113068932571));
#2766=CARTESIAN_POINT('Ctrl Pts',(1.07886739601518,4.71474747149973,11.1922120558792));
#2767=CARTESIAN_POINT('Ctrl Pts',(1.10544811198866,4.80001671604813,11.1723091565094));
#2768=CARTESIAN_POINT('Ctrl Pts',(1.1305514040779,4.88573341240388,11.1523700296735));
#2769=CARTESIAN_POINT('Ctrl Pts',(1.15440247220079,4.97169175372489,11.1324335110561));
#2770=CARTESIAN_POINT('Ctrl Pts',(1.16892244687829,5.02402118957533,11.1202966229306));
#2771=CARTESIAN_POINT('Ctrl Pts',(1.18297800922103,5.0764401812434,11.1081596528085));
#2772=CARTESIAN_POINT('Ctrl Pts',(1.19661657953956,5.12890229496534,11.0960226462192));
#2773=CARTESIAN_POINT('Ctrl Pts',(1.22223550893406,5.22744804836456,11.0732242804367));
#2774=CARTESIAN_POINT('Ctrl Pts',(1.24637681930008,5.32614595587696,11.0504344809075));
#2775=CARTESIAN_POINT('Ctrl Pts',(1.26925574247018,5.42501747796087,11.027682169336));
#2776=CARTESIAN_POINT('Ctrl Pts',(1.29295123114406,5.52741779699206,11.0041178111214));
#2777=CARTESIAN_POINT('Ctrl Pts',(1.31529292823366,5.63000434461203,10.9805933175656));
#2778=CARTESIAN_POINT('Ctrl Pts',(1.33649580174273,5.73280096208401,10.9570908679693));
#2779=CARTESIAN_POINT('Ctrl Pts',(1.34079758646407,5.75365704643772,10.9523225294446));
#2780=CARTESIAN_POINT('Ctrl Pts',(1.34505240819095,5.77452177791429,10.9475549492204));
#2781=CARTESIAN_POINT('Ctrl Pts',(1.34926192987855,5.79539535562283,10.9427877587309));
#2782=CARTESIAN_POINT('Ctrl Pts',(1.37450379768883,5.9205611412748,10.9142019000293));
#2783=CARTESIAN_POINT('Ctrl Pts',(1.39811525880814,6.04604500651234,10.8856378773091));
#2784=CARTESIAN_POINT('Ctrl Pts',(1.42030811961698,6.17178808498642,10.8571321917216));
#2785=CARTESIAN_POINT('Ctrl Pts',(1.43767151882647,6.27016779764189,10.8348297223437));
#2786=CARTESIAN_POINT('Ctrl Pts',(1.45416613989264,6.36870618222469,10.8125617999688));
#2787=CARTESIAN_POINT('Ctrl Pts',(1.46988280549021,6.46737504637139,10.7903265018901));
#2788=CARTESIAN_POINT('Ctrl Pts',(1.49272828112854,6.61079841554155,10.7580056538442));
#2789=CARTESIAN_POINT('Ctrl Pts',(1.51392910647204,6.75449747538868,10.7257570949392));
#2790=CARTESIAN_POINT('Ctrl Pts',(1.53368671206223,6.89845169131556,10.6935973825417));
#2791=CARTESIAN_POINT('Ctrl Pts',(1.54489438513045,6.98011096837398,10.6753545068616));
#2792=CARTESIAN_POINT('Ctrl Pts',(1.5556371493606,7.06185235016776,10.6571393518034));
#2793=CARTESIAN_POINT('Ctrl Pts',(1.56594759558381,7.14367208843772,10.6389488593211));
#2794=CARTESIAN_POINT('Ctrl Pts',(1.58721840415193,7.31246904951546,10.6014212417016));
#2795=CARTESIAN_POINT('Ctrl Pts',(1.60665343613341,7.48159950455276,10.5639957214254));
#2796=CARTESIAN_POINT('Ctrl Pts',(1.62444875461621,7.65103435334024,10.5267124092444));
#2797=CARTESIAN_POINT('Ctrl Pts',(1.6428583537956,7.82631796269015,10.4881421058247));
#2798=CARTESIAN_POINT('Ctrl Pts',(1.65951345936204,8.00192734337485,10.449723553183));
#2799=CARTESIAN_POINT('Ctrl Pts',(1.67459786509143,8.17783027641213,10.411455708812));
#2800=CARTESIAN_POINT('Ctrl Pts',(1.68398702077639,8.28731951008532,10.3876362256336));
#2801=CARTESIAN_POINT('Ctrl Pts',(1.69276694959356,8.39692247564304,10.3638742631595));
#2802=CARTESIAN_POINT('Ctrl Pts',(1.70097493219249,8.50663140333927,10.3401623134292));
#2803=CARTESIAN_POINT('Origin',(3.9618942650685E-13,0.,0.));
#2804=CARTESIAN_POINT('',(-1.26138620312177E-15,0.,-10.3));
#2805=CARTESIAN_POINT('Origin',(0.,0.,0.));
#2806=CARTESIAN_POINT('',(-8.41788168282021E-13,0.,5.3));
#2807=CARTESIAN_POINT('Origin',(-8.41579978326166E-13,0.,7.));
#2808=CARTESIAN_POINT('',(-2.0818995585505E-16,0.,-8.7));
#2809=CARTESIAN_POINT('Origin',(0.,0.,-7.));
#2810=CARTESIAN_POINT('',(-7.,0.,-1.69999999999998));
#2811=CARTESIAN_POINT('Origin',(-7.,0.,2.44403693719019E-14));
#2812=CARTESIAN_POINT('',(7.,0.,-1.69999999999997));
#2813=CARTESIAN_POINT('Origin',(7.,0.,2.44403693719019E-14));
#2814=CARTESIAN_POINT('',(-6.12323399573677E-16,0.,-5.));
#2815=CARTESIAN_POINT('Origin',(0.,0.,0.));
#2816=CARTESIAN_POINT('Origin',(3.9618942650685E-13,3.,0.));
#2817=CARTESIAN_POINT('',(3.94719850347873E-13,-0.952786404500778,11.9999999999996));
#2818=CARTESIAN_POINT('Origin',(3.9618942650685E-13,-0.952786404500778,
0.));
#2819=CARTESIAN_POINT('',(3.9618942650685E-13,3.,11.9999999999996));
#2820=CARTESIAN_POINT('',(3.94719850347873E-13,3.,11.9999999999996));
#2821=CARTESIAN_POINT('Origin',(3.9618942650685E-13,3.,0.));
#2822=CARTESIAN_POINT('Origin',(-7.,3.,2.44403693719019E-14));
#2823=CARTESIAN_POINT('',(-7.,2.7,1.40000000000002));
#2824=CARTESIAN_POINT('Origin',(-7.,2.7,2.44403693719019E-14));
#2825=CARTESIAN_POINT('',(-7.,0.3,1.40000000000002));
#2826=CARTESIAN_POINT('',(-7.,3.,1.40000000000002));
#2827=CARTESIAN_POINT('',(-7.,0.3,-1.39999999999998));
#2828=CARTESIAN_POINT('Origin',(-7.,0.3,2.44403693719019E-14));
#2829=CARTESIAN_POINT('Origin',(-7.,0.3,2.44403693719019E-14));
#2830=CARTESIAN_POINT('Origin',(0.,3.,-7.));
#2831=CARTESIAN_POINT('',(-1.71450551880629E-16,2.7,-5.6));
#2832=CARTESIAN_POINT('Origin',(0.,2.7,-7.));
#2833=CARTESIAN_POINT('',(0.,0.3,-5.6));
#2834=CARTESIAN_POINT('',(-1.71450551880629E-16,3.,-5.6));
#2835=CARTESIAN_POINT('',(-1.71450551880629E-16,0.3,-8.4));
#2836=CARTESIAN_POINT('Origin',(0.,0.3,-7.));
#2837=CARTESIAN_POINT('Origin',(0.,0.3,-7.));
#2838=CARTESIAN_POINT('Origin',(7.,3.,2.44403693719019E-14));
#2839=CARTESIAN_POINT('',(7.,2.7,1.40000000000002));
#2840=CARTESIAN_POINT('Origin',(7.,2.7,2.44403693719019E-14));
#2841=CARTESIAN_POINT('',(7.,0.3,1.40000000000002));
#2842=CARTESIAN_POINT('',(7.,3.,1.40000000000002));
#2843=CARTESIAN_POINT('',(7.,0.3,-1.39999999999997));
#2844=CARTESIAN_POINT('Origin',(7.,0.3,2.44403693719019E-14));
#2845=CARTESIAN_POINT('Origin',(7.,0.3,2.44403693719019E-14));
#2846=CARTESIAN_POINT('Origin',(-8.41579978326166E-13,3.,7.));
#2847=CARTESIAN_POINT('',(-8.41751428878046E-13,2.7,8.4));
#2848=CARTESIAN_POINT('Origin',(-8.41579978326166E-13,2.7,7.));
#2849=CARTESIAN_POINT('',(-8.41579978326166E-13,0.3,8.4));
#2850=CARTESIAN_POINT('',(-8.41751428878046E-13,3.,8.4));
#2851=CARTESIAN_POINT('',(-8.41751428878046E-13,0.3,5.6));
#2852=CARTESIAN_POINT('Origin',(-8.41579978326166E-13,0.3,7.));
#2853=CARTESIAN_POINT('Origin',(-8.41579978326166E-13,0.3,7.));
#2854=CARTESIAN_POINT('Origin',(-10.5679530203418,-2.,0.));
#2855=CARTESIAN_POINT('',(3.94796220154752E-13,-2.,11.37639320225));
#2856=CARTESIAN_POINT('Origin',(3.9618942650685E-13,-2.,0.));
#2857=CARTESIAN_POINT('',(-1.31037207508767E-15,-2.,10.7));
#2858=CARTESIAN_POINT('Origin',(0.,-2.,0.));
#2859=CARTESIAN_POINT('Origin',(0.,0.,0.));
#2860=CARTESIAN_POINT('',(0.,-1.8,-10.5));
#2861=CARTESIAN_POINT('',(-1.28587913910472E-15,-1.8,10.5));
#2862=CARTESIAN_POINT('Origin',(0.,-1.8,0.));
#2863=CARTESIAN_POINT('Origin',(0.,-1.8,0.));
#2864=CARTESIAN_POINT('',(-1.28587913910472E-15,-0.2,-10.5));
#2865=CARTESIAN_POINT('',(-1.28587913910472E-15,0.,-10.5));
#2866=CARTESIAN_POINT('Origin',(0.,-0.2,0.));
#2867=CARTESIAN_POINT('Origin',(0.,3.,0.));
#2868=CARTESIAN_POINT('',(-1.69462803165099E-10,3.24102602930701,11.9466291838464));
#2869=CARTESIAN_POINT('',(-1.46957615897683E-15,3.,12.));
#2870=CARTESIAN_POINT('',(-1.92486824376948,8.54986979916519,10.597711216499));
#2871=CARTESIAN_POINT('Ctrl Pts',(-1.69576295280111E-10,3.24102602930701,
11.9466291838464));
#2872=CARTESIAN_POINT('Ctrl Pts',(-0.00591088150098748,3.24101811293399,
11.9466313177819));
#2873=CARTESIAN_POINT('Ctrl Pts',(-0.0758250000764853,3.2420720567422,11.94634942654));
#2874=CARTESIAN_POINT('Ctrl Pts',(-0.208902491568068,3.27055334711426,11.9387262795546));
#2875=CARTESIAN_POINT('Ctrl Pts',(-0.433356290652292,3.3947767482053,11.905522886198));
#2876=CARTESIAN_POINT('Ctrl Pts',(-0.654685565530989,3.62257459801509,11.8448215000578));
#2877=CARTESIAN_POINT('Ctrl Pts',(-0.859406018873297,3.93382466553251,11.7623705532944));
#2878=CARTESIAN_POINT('Ctrl Pts',(-1.0257933628203,4.2626914389959,11.6757906271712));
#2879=CARTESIAN_POINT('Ctrl Pts',(-1.16742891194475,4.60611426806917,11.5859697142165));
#2880=CARTESIAN_POINT('Ctrl Pts',(-1.32848781916434,5.07055855136557,11.4653187479574));
#2881=CARTESIAN_POINT('Ctrl Pts',(-1.49017121369302,5.65837414005698,11.3141833295873));
#2882=CARTESIAN_POINT('Ctrl Pts',(-1.64207953768604,6.37231699787741,11.1332021443616));
#2883=CARTESIAN_POINT('Ctrl Pts',(-1.76191272985095,7.09275907654222,10.953207284321));
#2884=CARTESIAN_POINT('Ctrl Pts',(-1.85592217629203,7.81862164401202,10.7745347778745));
#2885=CARTESIAN_POINT('Ctrl Pts',(-1.90401357759021,8.3056539107586,10.6564601795366));
#2886=CARTESIAN_POINT('Ctrl Pts',(-1.92486824376948,8.54986979916519,10.597711216499));
#2887=CARTESIAN_POINT('',(-2.80410665341496,18.3410840402843,8.13322696063999));
#2888=CARTESIAN_POINT('Ctrl Pts',(-1.92486824376949,8.54986979916519,10.597711216499));
#2889=CARTESIAN_POINT('Ctrl Pts',(-1.9648275510312,9.01780813196538,10.4851432259519));
#2890=CARTESIAN_POINT('Ctrl Pts',(-2.00474985798215,9.48563163220238,10.3721096182981));
#2891=CARTESIAN_POINT('Ctrl Pts',(-2.04483631588566,9.95330459470476,10.2585257720348));
#2892=CARTESIAN_POINT('Ctrl Pts',(-2.08478591527907,10.4193808827138,10.1453297104944));
#2893=CARTESIAN_POINT('Ctrl Pts',(-2.12489858231328,10.8853076591303,10.031587102179));
#2894=CARTESIAN_POINT('Ctrl Pts',(-2.16532311857958,11.351049583237,9.9172026610053));
#2895=CARTESIAN_POINT('Ctrl Pts',(-2.20559081090084,11.8149844661877,9.8032620222512));
#2896=CARTESIAN_POINT('Ctrl Pts',(-2.2461679980437,12.27873592847,9.68868445424725));
#2897=CARTESIAN_POINT('Ctrl Pts',(-2.2871511980338,12.7422690391302,9.57336524827681));
#2898=CARTESIAN_POINT('Ctrl Pts',(-2.32849823329137,13.2099172431297,9.45702227661311));
#2899=CARTESIAN_POINT('Ctrl Pts',(-2.37025868692972,13.6773432013914,9.33992437043043));
#2900=CARTESIAN_POINT('Ctrl Pts',(-2.41247840311392,14.1445110443619,9.22195425915359));
#2901=CARTESIAN_POINT('Ctrl Pts',(-2.45387191646531,14.6025368221992,9.10629271953313));
#2902=CARTESIAN_POINT('Ctrl Pts',(-2.49570681406355,15.0603144880797,8.98979263835871));
#2903=CARTESIAN_POINT('Ctrl Pts',(-2.53797508547182,15.517810237317,8.87233578231838));
#2904=CARTESIAN_POINT('Ctrl Pts',(-2.58150885101485,15.9890032154224,8.75136231778062));
#2905=CARTESIAN_POINT('Ctrl Pts',(-2.62550271377373,16.459897143251,8.62937378796428));
#2906=CARTESIAN_POINT('Ctrl Pts',(-2.66989014333799,16.9304550880099,8.50623477585251));
#2907=CARTESIAN_POINT('Ctrl Pts',(-2.71427757290225,17.4010130327687,8.38309576374074));
#2908=CARTESIAN_POINT('Ctrl Pts',(-2.75905868115613,17.8712349944579,8.25880602238832));
#2909=CARTESIAN_POINT('Ctrl Pts',(-2.80410665341494,18.3410840402843,8.13322696064));
#2910=CARTESIAN_POINT('',(-0.0869571597820601,37.7863949863401,4.2964183604267));
#2911=CARTESIAN_POINT('Ctrl Pts',(-2.80410665341595,18.3410840402842,8.13322696063969));
#2912=CARTESIAN_POINT('Ctrl Pts',(-2.83374265201213,18.6501866472236,8.05061145740899));
#2913=CARTESIAN_POINT('Ctrl Pts',(-2.85892209747521,18.9596238113192,7.96890190434069));
#2914=CARTESIAN_POINT('Ctrl Pts',(-2.88011903263829,19.2693924054691,7.88814179012717));
#2915=CARTESIAN_POINT('Ctrl Pts',(-2.90221170769379,19.5922511980397,7.80396891574526));
#2916=CARTESIAN_POINT('Ctrl Pts',(-2.91997840070511,19.9154700236483,7.72082704164497));
#2917=CARTESIAN_POINT('Ctrl Pts',(-2.93392086104003,20.2390453417693,7.63871998533033));
#2918=CARTESIAN_POINT('Ctrl Pts',(-2.94200888897354,20.426751539147,7.59108964254584));
#2919=CARTESIAN_POINT('Ctrl Pts',(-2.94880933437572,20.6145777021612,7.54380672878078));
#2920=CARTESIAN_POINT('Ctrl Pts',(-2.95441470083169,20.8025231396538,7.49686621106045));
#2921=CARTESIAN_POINT('Ctrl Pts',(-2.96580096004873,21.1842993333707,7.40151528142119));
#2922=CARTESIAN_POINT('Ctrl Pts',(-2.97226993156572,21.5665637801742,7.30757551519339));
#2923=CARTESIAN_POINT('Ctrl Pts',(-2.97423375414668,21.9492848462442,7.2151026561203));
#2924=CARTESIAN_POINT('Ctrl Pts',(-2.97625589230177,22.3433707875889,7.11988382196814));
#2925=CARTESIAN_POINT('Ctrl Pts',(-2.97350148528544,22.7379408693962,7.02622010784498));
#2926=CARTESIAN_POINT('Ctrl Pts',(-2.96640312718842,23.1329605552426,6.93412034833642));
#2927=CARTESIAN_POINT('Ctrl Pts',(-2.96553828432983,23.1810885800107,6.92289918730172));
#2928=CARTESIAN_POINT('Ctrl Pts',(-2.9646089368055,23.2292232788187,6.91170118265893));
#2929=CARTESIAN_POINT('Ctrl Pts',(-2.96361584871937,23.2773645892048,6.90052630195997));
#2930=CARTESIAN_POINT('Ctrl Pts',(-2.95508588103841,23.690866500512,6.80454149202034));
#2931=CARTESIAN_POINT('Ctrl Pts',(-2.94186308354882,24.1048549533988,6.71026290115992));
#2932=CARTESIAN_POINT('Ctrl Pts',(-2.92421159180518,24.5189967699233,6.61780619621084));
#2933=CARTESIAN_POINT('Ctrl Pts',(-2.90656010006153,24.9331385864479,6.52534949126176));
#2934=CARTESIAN_POINT('Ctrl Pts',(-2.88448022730114,25.3474337666103,6.43471467889613));
#2935=CARTESIAN_POINT('Ctrl Pts',(-2.85825478396874,25.761549132469,6.34595791564854));
#2936=CARTESIAN_POINT('Ctrl Pts',(-2.83484974441666,26.1311286432593,6.26674645950672));
#2937=CARTESIAN_POINT('Ctrl Pts',(-2.80813609383604,26.5005629629271,6.18903358758738));
#2938=CARTESIAN_POINT('Ctrl Pts',(-2.77816964655775,26.8699902667115,6.11279908123186));
#2939=CARTESIAN_POINT('Ctrl Pts',(-2.77455856608944,26.9145077802081,6.10361250885125));
#2940=CARTESIAN_POINT('Ctrl Pts',(-2.77090028225777,26.9590251918253,6.0944473503341));
#2941=CARTESIAN_POINT('Ctrl Pts',(-2.76719491828209,27.0035427433518,6.08530352550027));
#2942=CARTESIAN_POINT('Ctrl Pts',(-2.73886970876725,27.343851814836,6.01540465567677));
#2943=CARTESIAN_POINT('Ctrl Pts',(-2.70779238396067,27.6841691410209,5.94675506674788));
#2944=CARTESIAN_POINT('Ctrl Pts',(-2.67394909406073,28.0244726046492,5.87936700073357));
#2945=CARTESIAN_POINT('Ctrl Pts',(-2.66662608075165,28.0981074906383,5.8647855665481));
#2946=CARTESIAN_POINT('Ctrl Pts',(-2.65917367852307,28.1717417275778,5.85026304114802));
#2947=CARTESIAN_POINT('Ctrl Pts',(-2.65159193446016,28.2453750913982,5.83579928503195));
#2948=CARTESIAN_POINT('Ctrl Pts',(-2.61952163264863,28.556839601612,5.77461850391845));
#2949=CARTESIAN_POINT('Ctrl Pts',(-2.58513638565302,28.8682886446695,5.71449151052873));
#2950=CARTESIAN_POINT('Ctrl Pts',(-2.54835791732124,29.1797034009325,5.65543063788154));
#2951=CARTESIAN_POINT('Ctrl Pts',(-2.5362585736552,29.2821523154635,5.63600085116698));
#2952=CARTESIAN_POINT('Ctrl Pts',(-2.52390047888417,29.3845975192314,5.61668612248767));
#2953=CARTESIAN_POINT('Ctrl Pts',(-2.5112816019332,29.487038342173,5.597485906332));
#2954=CARTESIAN_POINT('Ctrl Pts',(-2.4768273549408,29.7667400485489,5.54506214530277));
#2955=CARTESIAN_POINT('Ctrl Pts',(-2.44042913821316,30.0464093653569,5.49349375602931));
#2956=CARTESIAN_POINT('Ctrl Pts',(-2.40194605537622,30.326082424337,5.44278683765683));
#2957=CARTESIAN_POINT('Ctrl Pts',(-2.38349172366917,30.460197963412,5.41847063888833));
#2958=CARTESIAN_POINT('Ctrl Pts',(-2.36455843484595,30.5943143630461,5.39435196684596));
#2959=CARTESIAN_POINT('Ctrl Pts',(-2.3451332907016,30.7284356077434,5.37042812624065));
#2960=CARTESIAN_POINT('Ctrl Pts',(-2.30822783862501,30.9832499417759,5.32497568859664));
#2961=CARTESIAN_POINT('Ctrl Pts',(-2.26954745268334,31.2380821797335,5.2802280152874));
#2962=CARTESIAN_POINT('Ctrl Pts',(-2.22893430538255,31.4927568502602,5.23622724724359));
#2963=CARTESIAN_POINT('Ctrl Pts',(-2.2035936581797,31.6516615746226,5.20877288791026));
#2964=CARTESIAN_POINT('Ctrl Pts',(-2.17750117386593,31.8105049554829,5.18160852310807));
#2965=CARTESIAN_POINT('Ctrl Pts',(-2.15062440335747,31.9692443683307,5.15473591367397));
#2966=CARTESIAN_POINT('Ctrl Pts',(-2.11331750278746,32.1895861497138,5.11743478897601));
#2967=CARTESIAN_POINT('Ctrl Pts',(-2.07450259199408,32.4097283848092,5.08069593320403));
#2968=CARTESIAN_POINT('Ctrl Pts',(-2.03396056243731,32.6295985670263,5.04454848205021));
#2969=CARTESIAN_POINT('Ctrl Pts',(-1.99848475931067,32.8219932592267,5.01291810057494));
#2970=CARTESIAN_POINT('Ctrl Pts',(-1.96168698242465,33.0141796430067,4.98174011252861));
#2971=CARTESIAN_POINT('Ctrl Pts',(-1.92343813939827,33.2061091383412,4.95100644001897));
#2972=CARTESIAN_POINT('Ctrl Pts',(-1.8852027721072,33.3979710135629,4.92028359551884));
#2973=CARTESIAN_POINT('Ctrl Pts',(-1.84551136450607,33.5895753253457,4.89000833498017));
#2974=CARTESIAN_POINT('Ctrl Pts',(-1.80411218601201,33.7808911827261,4.86018855091911));
#2975=CARTESIAN_POINT('Ctrl Pts',(-1.80114048763969,33.7946241369213,4.85804803975486));
#2976=CARTESIAN_POINT('Ctrl Pts',(-1.79816000114728,33.8083556048278,4.85590985617106));
#2977=CARTESIAN_POINT('Ctrl Pts',(-1.79517063867598,33.8220855750202,4.8537739939896));
#2978=CARTESIAN_POINT('Ctrl Pts',(-1.75693225909067,33.9977122569474,4.82645314895301));
#2979=CARTESIAN_POINT('Ctrl Pts',(-1.71724053720053,34.1730941346316,4.79951546793833));
#2980=CARTESIAN_POINT('Ctrl Pts',(-1.67583240074251,34.3481408121785,4.77297416694639));
#2981=CARTESIAN_POINT('Ctrl Pts',(-1.66890594387826,34.3774213682472,4.76853452797282));
#2982=CARTESIAN_POINT('Ctrl Pts',(-1.66193151576629,34.4066925453472,4.76410587490969));
#2983=CARTESIAN_POINT('Ctrl Pts',(-1.6549079504501,34.4359539203961,4.75968814051291));
#2984=CARTESIAN_POINT('Ctrl Pts',(-1.61843376337676,34.5879116255657,4.7367463348096));
#2985=CARTESIAN_POINT('Ctrl Pts',(-1.58063466512792,34.7396054574746,4.71410179524854));
#2986=CARTESIAN_POINT('Ctrl Pts',(-1.54120402461261,34.891049830592,4.69175738722184));
#2987=CARTESIAN_POINT('Ctrl Pts',(-1.52764968557131,34.9431090503335,4.68407646502243));
#2988=CARTESIAN_POINT('Ctrl Pts',(-1.51390275627292,34.9951387927655,4.67643061083632));
#2989=CARTESIAN_POINT('Ctrl Pts',(-1.49995141490927,35.0471396433953,4.66881864406377));
#2990=CARTESIAN_POINT('Ctrl Pts',(-1.46282571189702,35.1855183187172,4.64856255467632));
#2991=CARTESIAN_POINT('Ctrl Pts',(-1.42425205601153,35.3236929557575,4.62854959580201));
#2992=CARTESIAN_POINT('Ctrl Pts',(-1.38393190836327,35.4613387244828,4.60883371383492));
#2993=CARTESIAN_POINT('Ctrl Pts',(-1.36502258972466,35.5258917544664,4.59958737134606));
#2994=CARTESIAN_POINT('Ctrl Pts',(-1.34572937839482,35.5903284642658,4.59040568980554));
#2995=CARTESIAN_POINT('Ctrl Pts',(-1.32602266949247,35.654615348275,4.58129041551408));
#2996=CARTESIAN_POINT('Ctrl Pts',(-1.29122271551357,35.7681391546118,4.56519380966175));
#2997=CARTESIAN_POINT('Ctrl Pts',(-1.2551356018455,35.8811969440691,4.54930621823083));
#2998=CARTESIAN_POINT('Ctrl Pts',(-1.21741369264448,35.9936362838174,4.53365631034979));
#2999=CARTESIAN_POINT('Ctrl Pts',(-1.18822560085524,36.08063850186,4.52154687693562));
#3000=CARTESIAN_POINT('Ctrl Pts',(-1.15805903633918,36.1672704414284,4.50957896113493));
#3001=CARTESIAN_POINT('Ctrl Pts',(-1.12675906220621,36.2534614846506,4.49774519388479));
#3002=CARTESIAN_POINT('Ctrl Pts',(-1.09445463499973,36.3424185000715,4.48553166709125));
#3003=CARTESIAN_POINT('Ctrl Pts',(-1.06094763685503,36.4309085206242,4.4734614744584));
#3004=CARTESIAN_POINT('Ctrl Pts',(-1.02581182251157,36.5187245037798,4.4615876149464));
#3005=CARTESIAN_POINT('Ctrl Pts',(-0.992199248245485,36.6027334078204,4.45022852189192));
#3006=CARTESIAN_POINT('Ctrl Pts',(-0.957096152347001,36.6861254506032,4.43904930889028));
#3007=CARTESIAN_POINT('Ctrl Pts',(-0.920139459012443,36.7687193667687,4.42804950091896));
#3008=CARTESIAN_POINT('Ctrl Pts',(-0.909923418233304,36.7915510310634,4.42500879363001));
#3009=CARTESIAN_POINT('Ctrl Pts',(-0.899565790551622,36.8143217064556,4.42198149868906));
#3010=CARTESIAN_POINT('Ctrl Pts',(-0.889059033608253,36.8370275639632,4.41896689747426));
#3011=CARTESIAN_POINT('Ctrl Pts',(-0.860987348124164,36.8976924954957,4.41091256276202));
#3012=CARTESIAN_POINT('Ctrl Pts',(-0.831849947646998,36.9578943704646,4.40295273263882));
#3013=CARTESIAN_POINT('Ctrl Pts',(-0.801154915569021,37.0175790839745,4.39511424748607));
#3014=CARTESIAN_POINT('Ctrl Pts',(-0.783603616193803,37.0517065698907,4.39063223231128));
#3015=CARTESIAN_POINT('Ctrl Pts',(-0.765543242984765,37.0856649694694,4.38618904818384));
#3016=CARTESIAN_POINT('Ctrl Pts',(-0.746883393534616,37.1194441678454,4.38178209778281));
#3017=CARTESIAN_POINT('Ctrl Pts',(-0.715162955873896,37.1768664401512,4.37429059063837));
#3018=CARTESIAN_POINT('Ctrl Pts',(-0.681707017986213,37.2337711262537,4.36690688710213));
#3019=CARTESIAN_POINT('Ctrl Pts',(-0.646183449218652,37.2894151793506,4.35971629354248));
#3020=CARTESIAN_POINT('Ctrl Pts',(-0.624263559958268,37.3237504537669,4.35527932338402));
#3021=CARTESIAN_POINT('Ctrl Pts',(-0.601556313954979,37.3576057381646,4.35091499330081));
#3022=CARTESIAN_POINT('Ctrl Pts',(-0.57798220829466,37.3908064577776,4.34663340109861));
#3023=CARTESIAN_POINT('Ctrl Pts',(-0.551750645432147,37.42774982166,4.3418691544026));
#3024=CARTESIAN_POINT('Ctrl Pts',(-0.524448185398458,37.463887082986,4.33720935201011));
#3025=CARTESIAN_POINT('Ctrl Pts',(-0.495514003808871,37.4987242535559,4.3327541727113));
#3026=CARTESIAN_POINT('Ctrl Pts',(-0.468391165027008,37.5313805413468,4.3285778973433));
#3027=CARTESIAN_POINT('Ctrl Pts',(-0.439834646956748,37.562894420311,4.32458162296697));
#3028=CARTESIAN_POINT('Ctrl Pts',(-0.409380184798803,37.5928589897887,4.32080234553988));
#3029=CARTESIAN_POINT('Ctrl Pts',(-0.395809058989752,37.6062118094868,4.31911822289261));
#3030=CARTESIAN_POINT('Ctrl Pts',(-0.381861000196539,37.6192569712891,4.31747654577943));
#3031=CARTESIAN_POINT('Ctrl Pts',(-0.367494656859171,37.631958468504,4.31587718051173));
#3032=CARTESIAN_POINT('Ctrl Pts',(-0.333776434292314,37.6617692491576,4.31212342405499));
#3033=CARTESIAN_POINT('Ctrl Pts',(-0.297731420463883,37.6896813364923,4.3086052147668));
#3034=CARTESIAN_POINT('Ctrl Pts',(-0.259568147641574,37.7137088940726,4.3055758979657));
#3035=CARTESIAN_POINT('Ctrl Pts',(-0.22315290831369,37.7366358915506,4.30268533622522));
#3036=CARTESIAN_POINT('Ctrl Pts',(-0.184809205405487,37.7560260640797,4.30023979669179));
#3037=CARTESIAN_POINT('Ctrl Pts',(-0.144670586228782,37.7701541453396,4.29846058479305));
#3038=CARTESIAN_POINT('Ctrl Pts',(-0.125825865961456,37.776787152272,4.29762526082785));
#3039=CARTESIAN_POINT('Ctrl Pts',(-0.106584789685852,37.7822602796031,4.29693683762935));
#3040=CARTESIAN_POINT('Ctrl Pts',(-0.0869571597820732,37.7863949863402,
4.29641836042669));
#3041=CARTESIAN_POINT('',(-4.29641836042727,37.7863949863401,0.0869571597539251));
#3042=CARTESIAN_POINT('Origin',(0.,37.7863949863401,0.));
#3043=CARTESIAN_POINT('',(-8.13322696063997,18.3410840402844,2.804106653415));
#3044=CARTESIAN_POINT('Ctrl Pts',(-4.29641836042604,37.7863949863456,0.0869571597551083));
#3045=CARTESIAN_POINT('Ctrl Pts',(-4.29752565238301,37.7775646511045,0.128875139218608));
#3046=CARTESIAN_POINT('Ctrl Pts',(-4.2993822455735,37.7627663130321,0.168868512907188));
#3047=CARTESIAN_POINT('Ctrl Pts',(-4.30178828987205,37.7436519117848,0.206937784693875));
#3048=CARTESIAN_POINT('Ctrl Pts',(-4.30431522132083,37.7235771435582,0.246919775119985));
#3049=CARTESIAN_POINT('Ctrl Pts',(-4.30744814301066,37.6987417119353,0.284779289459824));
#3050=CARTESIAN_POINT('Ctrl Pts',(-4.31094234609452,37.6710592721749,0.320460200919545));
#3051=CARTESIAN_POINT('Ctrl Pts',(-4.31254150399596,37.6583901195207,0.336789936233157));
#3052=CARTESIAN_POINT('Ctrl Pts',(-4.31421616268829,37.64512465271,0.352662614983428));
#3053=CARTESIAN_POINT('Ctrl Pts',(-4.31594202101625,37.6314463114379,0.368069396975926));
#3054=CARTESIAN_POINT('Ctrl Pts',(-4.3196512141689,37.6020489912964,0.401181460315557));
#3055=CARTESIAN_POINT('Ctrl Pts',(-4.3235985027571,37.5707479873801,0.432164354669137));
#3056=CARTESIAN_POINT('Ctrl Pts',(-4.32775255573537,37.5380741533875,0.461443582532869));
#3057=CARTESIAN_POINT('Ctrl Pts',(-4.33217488349282,37.5032901957047,0.492613705488942));
#3058=CARTESIAN_POINT('Ctrl Pts',(-4.33683126126958,37.4669503634717,0.521852838122608));
#3059=CARTESIAN_POINT('Ctrl Pts',(-4.34162509973447,37.4296951454816,0.549666982789166));
#3060=CARTESIAN_POINT('Ctrl Pts',(-4.34336067871659,37.416207128772,0.559736918445641));
#3061=CARTESIAN_POINT('Ctrl Pts',(-4.34511376617214,37.4025991272923,0.569620019442573));
#3062=CARTESIAN_POINT('Ctrl Pts',(-4.34687815099241,37.3889015355068,0.579340148437111));
#3063=CARTESIAN_POINT('Ctrl Pts',(-4.35313731751036,37.3403092403937,0.613822368672612));
#3064=CARTESIAN_POINT('Ctrl Pts',(-4.35954363549737,37.2905839544119,0.646254914487917));
#3065=CARTESIAN_POINT('Ctrl Pts',(-4.36610128205094,37.2399800102749,0.677087410337172));
#3066=CARTESIAN_POINT('Ctrl Pts',(-4.37129402217725,37.1999087546617,0.701502440498172));
#3067=CARTESIAN_POINT('Ctrl Pts',(-4.37658033059776,37.1592865428022,0.724914212596441));
#3068=CARTESIAN_POINT('Ctrl Pts',(-4.38193938428198,37.1182396585935,0.747547674408093));
#3069=CARTESIAN_POINT('Ctrl Pts',(-4.39024397377945,37.0546318756547,0.782621331125857));
#3070=CARTESIAN_POINT('Ctrl Pts',(-4.39872497791349,36.9900020696771,0.815824134111012));
#3071=CARTESIAN_POINT('Ctrl Pts',(-4.40737130313305,36.9245604361295,0.847594500619366));
#3072=CARTESIAN_POINT('Ctrl Pts',(-4.41135072468424,36.8944412999334,0.862216629438493));
#3073=CARTESIAN_POINT('Ctrl Pts',(-4.41536440962626,36.8641501985419,0.876535427524182));
#3074=CARTESIAN_POINT('Ctrl Pts',(-4.41940767768872,36.8337076241506,0.890594150137603));
#3075=CARTESIAN_POINT('Ctrl Pts',(-4.43080425396345,36.7479005206664,0.93022083382864));
#3076=CARTESIAN_POINT('Ctrl Pts',(-4.44244017538308,36.660888143364,0.967777607218775));
#3077=CARTESIAN_POINT('Ctrl Pts',(-4.45423321253407,36.5733902142382,1.00358246678368));
#3078=CARTESIAN_POINT('Ctrl Pts',(-4.45571475961355,36.5623979397547,1.0080805943178));
#3079=CARTESIAN_POINT('Ctrl Pts',(-4.45719871931743,36.5513980019829,1.01255107100494));
#3080=CARTESIAN_POINT('Ctrl Pts',(-4.45868487224162,36.540391827956,1.01699452707665));
#3081=CARTESIAN_POINT('Ctrl Pts',(-4.47058013581735,36.4522977032679,1.0525602352214));
#3082=CARTESIAN_POINT('Ctrl Pts',(-4.48261979848701,36.363803953943,1.08639522587205));
#3083=CARTESIAN_POINT('Ctrl Pts',(-4.49479351974579,36.2749856788391,1.1189073848936));
#3084=CARTESIAN_POINT('Ctrl Pts',(-4.49624736326479,36.264378579261,1.12279014109257));
#3085=CARTESIAN_POINT('Ctrl Pts',(-4.49770306046653,36.2537668512089,1.12665404766616));
#3086=CARTESIAN_POINT('Ctrl Pts',(-4.49916054742474,36.2431506225963,1.1304998131624));
#3087=CARTESIAN_POINT('Ctrl Pts',(-4.51400908087896,36.1349949888028,1.16967956520491));
#3088=CARTESIAN_POINT('Ctrl Pts',(-4.52904654923777,36.0263735054116,1.20697881234969));
#3089=CARTESIAN_POINT('Ctrl Pts',(-4.54428351444335,35.9173833064386,1.2427508080416));
#3090=CARTESIAN_POINT('Ctrl Pts',(-4.55708475233886,35.825815894785,1.27280441915578));
#3091=CARTESIAN_POINT('Ctrl Pts',(-4.57002566515788,35.7339882284942,1.30178030909201));
#3092=CARTESIAN_POINT('Ctrl Pts',(-4.58308567692259,35.6419579088051,1.32989688872444));
#3093=CARTESIAN_POINT('Ctrl Pts',(-4.60200246299571,35.5086565074615,1.37062237439756));
#3094=CARTESIAN_POINT('Ctrl Pts',(-4.62117154851915,35.3749279620672,1.40953912463465));
#3095=CARTESIAN_POINT('Ctrl Pts',(-4.64060265214107,35.2408494969062,1.4469582398501));
#3096=CARTESIAN_POINT('Ctrl Pts',(-4.65055426146276,35.1721814207281,1.46612238116873));
#3097=CARTESIAN_POINT('Ctrl Pts',(-4.66057377649712,35.1034215619878,1.48489401112225));
#3098=CARTESIAN_POINT('Ctrl Pts',(-4.67065766238285,35.0345802945706,1.50331689959057));
#3099=CARTESIAN_POINT('Ctrl Pts',(-4.69314492206188,34.8810629427693,1.54440029558682));
#3100=CARTESIAN_POINT('Ctrl Pts',(-4.71595615334289,34.7271399014024,1.58374548120515));
#3101=CARTESIAN_POINT('Ctrl Pts',(-4.73908465264166,34.5728976856689,1.62164694734308));
#3102=CARTESIAN_POINT('Ctrl Pts',(-4.74657842575636,34.5229222785107,1.63392725071612));
#3103=CARTESIAN_POINT('Ctrl Pts',(-4.7541051298382,34.4729133644581,1.64605616464504));
#3104=CARTESIAN_POINT('Ctrl Pts',(-4.76166349299508,34.4228738862496,1.65804420421831));
#3105=CARTESIAN_POINT('Ctrl Pts',(-4.78893426084909,34.2423301672678,1.70129735803505));
#3106=CARTESIAN_POINT('Ctrl Pts',(-4.81661741538652,34.0613901134925,1.74272297068316));
#3107=CARTESIAN_POINT('Ctrl Pts',(-4.84473847460378,33.8800915958959,1.7825525256213));
#3108=CARTESIAN_POINT('Ctrl Pts',(-4.8735480530324,33.69435414478,1.82335727191134));
#3109=CARTESIAN_POINT('Ctrl Pts',(-4.90281703452067,33.5082404616159,1.8624867124678));
#3110=CARTESIAN_POINT('Ctrl Pts',(-4.93252503744334,33.3217912677508,1.90021579913459));
#3111=CARTESIAN_POINT('Ctrl Pts',(-4.93950391406823,33.2779914228342,1.90907895434912));
#3112=CARTESIAN_POINT('Ctrl Pts',(-4.94650682282753,33.2341730626284,1.91786494655921));
#3113=CARTESIAN_POINT('Ctrl Pts',(-4.95353314847441,33.1903367150413,1.92657755557239));
#3114=CARTESIAN_POINT('Ctrl Pts',(-4.98967714799096,32.9648389220806,1.97139593601573));
#3115=CARTESIAN_POINT('Ctrl Pts',(-5.02644976006453,32.7388628833147,2.01425825936538));
#3116=CARTESIAN_POINT('Ctrl Pts',(-5.06383017284161,32.5126828242158,2.0553302416106));
#3117=CARTESIAN_POINT('Ctrl Pts',(-5.09484346452808,32.3250287127341,2.08940630634292));
#3118=CARTESIAN_POINT('Ctrl Pts',(-5.12627416748836,32.1372341644301,2.12225039992622));
#3119=CARTESIAN_POINT('Ctrl Pts',(-5.1580871084817,31.9494557891653,2.15397117273274));
#3120=CARTESIAN_POINT('Ctrl Pts',(-5.20026540394296,31.7004950975143,2.19602726958881));
#3121=CARTESIAN_POINT('Ctrl Pts',(-5.24311792057553,31.4515620217914,2.23610484145752));
#3122=CARTESIAN_POINT('Ctrl Pts',(-5.28665111356091,31.2026777715549,2.27436623335733));
#3123=CARTESIAN_POINT('Ctrl Pts',(-5.31552875980327,31.0375809605759,2.29974684213542));
#3124=CARTESIAN_POINT('Ctrl Pts',(-5.34470499161397,30.872505634288,2.32432890319581));
#3125=CARTESIAN_POINT('Ctrl Pts',(-5.37417165229241,30.7074579836149,2.34816741251509));
#3126=CARTESIAN_POINT('Ctrl Pts',(-5.42423738265786,30.4270315292491,2.38867055581042));
#3127=CARTESIAN_POINT('Ctrl Pts',(-5.47514530904844,30.1466843936979,2.4270216173567));
#3128=CARTESIAN_POINT('Ctrl Pts',(-5.52690219550308,29.8664171353589,2.46334031588456));
#3129=CARTESIAN_POINT('Ctrl Pts',(-5.55152893972941,29.7330615462012,2.48062132640404));
#3130=CARTESIAN_POINT('Ctrl Pts',(-5.57634727202899,29.5997240412981,2.49744267640378));
#3131=CARTESIAN_POINT('Ctrl Pts',(-5.60135471838935,29.4664046808031,2.51381985265319));
#3132=CARTESIAN_POINT('Ctrl Pts',(-5.65941647593054,29.1568666226959,2.55184403244748));
#3133=CARTESIAN_POINT('Ctrl Pts',(-5.71850171062606,28.8474260533402,2.58746891121115));
#3134=CARTESIAN_POINT('Ctrl Pts',(-5.77861088106537,28.5380876294439,2.62076882127823));
#3135=CARTESIAN_POINT('Ctrl Pts',(-5.79880127700775,28.4341822650376,2.63195410905022));
#3136=CARTESIAN_POINT('Ctrl Pts',(-5.81910685513083,28.3302884252687,2.6428773511319));
#3137=CARTESIAN_POINT('Ctrl Pts',(-5.83952662044399,28.2264062866155,2.6535421972533));
#3138=CARTESIAN_POINT('Ctrl Pts',(-5.90623526600473,27.8870372164409,2.68838282489821));
#3139=CARTESIAN_POINT('Ctrl Pts',(-5.9741668462331,27.5477928364478,2.72046113319601));
#3140=CARTESIAN_POINT('Ctrl Pts',(-6.04332126717868,27.2086722419945,2.74978878915928));
#3141=CARTESIAN_POINT('Ctrl Pts',(-6.05835615368707,27.1349439165955,2.75616492495704));
#3142=CARTESIAN_POINT('Ctrl Pts',(-6.07344868292262,27.0612214421994,2.76241116136872));
#3143=CARTESIAN_POINT('Ctrl Pts',(-6.08859859647565,26.98750480951,2.76852781462347));
#3144=CARTESIAN_POINT('Ctrl Pts',(-6.16345981291863,26.6232441966759,2.79875241634204));
#3145=CARTESIAN_POINT('Ctrl Pts',(-6.23972646694837,26.2591261224363,2.82580914220078));
#3146=CARTESIAN_POINT('Ctrl Pts',(-6.31738883609889,25.8951455973947,2.84964850203916));
#3147=CARTESIAN_POINT('Ctrl Pts',(-6.32773417128285,25.8466600750861,2.85282412197964));
#3148=CARTESIAN_POINT('Ctrl Pts',(-6.33810420969386,25.7981769935422,2.85594269228351));
#3149=CARTESIAN_POINT('Ctrl Pts',(-6.34849887081403,25.7496963409694,2.85900413463849));
#3150=CARTESIAN_POINT('Ctrl Pts',(-6.43692619059193,25.3372717204326,2.88504780638264));
#3151=CARTESIAN_POINT('Ctrl Pts',(-6.52713727020268,24.92502536504,2.90696118785022));
#3152=CARTESIAN_POINT('Ctrl Pts',(-6.61915223992378,24.5129423057112,2.92448232250504));
#3153=CARTESIAN_POINT('Ctrl Pts',(-6.71116720964488,24.1008592463824,2.94200345715986));
#3154=CARTESIAN_POINT('Ctrl Pts',(-6.80498604157628,23.6889394831174,2.95513220915565));
#3155=CARTESIAN_POINT('Ctrl Pts',(-6.90057192551863,23.2771680468359,2.96361990112719));
#3156=CARTESIAN_POINT('Ctrl Pts',(-6.99615780946097,22.8653966105543,2.97210759309874));
#3157=CARTESIAN_POINT('Ctrl Pts',(-7.0935154242725,22.4537748958373,2.97594608176766));
#3158=CARTESIAN_POINT('Ctrl Pts',(-7.19266782921555,22.0422739200293,2.97461713418145));
#3159=CARTESIAN_POINT('Ctrl Pts',(-7.2837784013228,21.6641480505652,2.9733959719217));
#3160=CARTESIAN_POINT('Ctrl Pts',(-7.37640425635875,21.2861241290023,2.96781128720535));
#3161=CARTESIAN_POINT('Ctrl Pts',(-7.47051715747019,20.9081796681741,2.95743968806488));
#3162=CARTESIAN_POINT('Ctrl Pts',(-7.47882398949776,20.8748205737803,2.95652424362634));
#3163=CARTESIAN_POINT('Ctrl Pts',(-7.48714237539841,20.8414620984356,2.95557149302996));
#3164=CARTESIAN_POINT('Ctrl Pts',(-7.49547227732274,20.808104226677,2.95458113756319));
#3165=CARTESIAN_POINT('Ctrl Pts',(-7.5753903060093,20.488065002165,2.94507955431262));
#3166=CARTESIAN_POINT('Ctrl Pts',(-7.65637449449797,20.1680842887525,2.93210933637608));
#3167=CARTESIAN_POINT('Ctrl Pts',(-7.73845769069137,19.8481356485485,2.91518089123056));
#3168=CARTESIAN_POINT('Ctrl Pts',(-7.81712050435298,19.5415191736448,2.89895784939231));
#3169=CARTESIAN_POINT('Ctrl Pts',(-7.8967929900694,19.2349321546781,2.87909940313868));
#3170=CARTESIAN_POINT('Ctrl Pts',(-7.97747005749273,18.9283513229304,2.85514180332364));
#3171=CARTESIAN_POINT('Ctrl Pts',(-8.02898352375416,18.7325950586406,2.8398445317545));
#3172=CARTESIAN_POINT('Ctrl Pts',(-8.08090586869753,18.5368413168837,2.82287538018809));
#3173=CARTESIAN_POINT('Ctrl Pts',(-8.13322696063996,18.3410840402844,2.80410665341501));
#3174=CARTESIAN_POINT('',(-10.5977112164989,8.54986979916526,1.92486824376953));
#3175=CARTESIAN_POINT('Ctrl Pts',(-8.13322696063997,18.3410840402844,2.804106653415));
#3176=CARTESIAN_POINT('Ctrl Pts',(-8.25418411053767,17.8885276931186,2.76071666262166));
#3177=CARTESIAN_POINT('Ctrl Pts',(-8.37394516277874,17.4356250854409,2.71757390102126));
#3178=CARTESIAN_POINT('Ctrl Pts',(-8.4926339707684,16.9824092919516,2.67479268907597));
#3179=CARTESIAN_POINT('Ctrl Pts',(-8.61192281957091,16.5269022295741,2.63179519327355));
#3180=CARTESIAN_POINT('Ctrl Pts',(-8.73012876786855,16.0710788067083,2.58916286201135));
#3181=CARTESIAN_POINT('Ctrl Pts',(-8.8473748871001,15.6149726022303,2.5469588987898));
#3182=CARTESIAN_POINT('Ctrl Pts',(-8.96518318039744,15.1566794504905,2.5045525751511));
#3183=CARTESIAN_POINT('Ctrl Pts',(-9.08202258105024,14.6981007988633,2.46257868396157));
#3184=CARTESIAN_POINT('Ctrl Pts',(-9.19801242279752,14.2392707115585,2.42104889760459));
#3185=CARTESIAN_POINT('Ctrl Pts',(-9.31764657008218,13.766024559858,2.37821427947868));
#3186=CARTESIAN_POINT('Ctrl Pts',(-9.43637710445139,13.2925109244667,2.33585230109011));
#3187=CARTESIAN_POINT('Ctrl Pts',(-9.55432651467318,12.8187671823404,2.2939187459814));
#3188=CARTESIAN_POINT('Ctrl Pts',(-9.66990889338415,12.3545306209923,2.25282672154349));
#3189=CARTESIAN_POINT('Ctrl Pts',(-9.78474123906207,11.8900730958905,2.21214583036119));
#3190=CARTESIAN_POINT('Ctrl Pts',(-9.89892927970194,11.4254297785834,2.17178189170155));
#3191=CARTESIAN_POINT('Ctrl Pts',(-10.0166250352725,10.9465131950706,2.13017802292748));
#3192=CARTESIAN_POINT('Ctrl Pts',(-10.1336364195797,10.4673992294192,2.08891107651685));
#3193=CARTESIAN_POINT('Ctrl Pts',(-10.2500674981817,9.98812639504446,2.04782141376712));
#3194=CARTESIAN_POINT('Ctrl Pts',(-10.3664985767837,9.5088535606697,2.00673175101739));
#3195=CARTESIAN_POINT('Ctrl Pts',(-10.4823494096248,9.02942185757156,1.9658192980146));
#3196=CARTESIAN_POINT('Ctrl Pts',(-10.5977112164989,8.54986979916526,1.92486824376953));
#3197=CARTESIAN_POINT('',(-10.5977112164989,8.5498697991653,-1.92486824376948));
#3198=CARTESIAN_POINT('Ctrl Pts',(-10.5977112164989,8.54986979916526,1.92486824376953));
#3199=CARTESIAN_POINT('Ctrl Pts',(-10.6568275337236,8.30412684160721,1.90388317445558));
#3200=CARTESIAN_POINT('Ctrl Pts',(-10.7756558996427,7.81400869599901,1.8554478005176));
#3201=CARTESIAN_POINT('Ctrl Pts',(-10.9555221869771,7.08340190163758,1.7605952001113));
#3202=CARTESIAN_POINT('Ctrl Pts',(-11.136768161575,6.35812462333802,1.63949513018497));
#3203=CARTESIAN_POINT('Ctrl Pts',(-11.3190950069937,5.63911720436821,1.48561122821014));
#3204=CARTESIAN_POINT('Ctrl Pts',(-11.4713277791265,5.04728158846746,1.32156466912146));
#3205=CARTESIAN_POINT('Ctrl Pts',(-11.5930722615222,4.57887077071155,1.15713291674212));
#3206=CARTESIAN_POINT('Ctrl Pts',(-11.6826966977215,4.23638068082712,1.01381277950711));
#3207=CARTESIAN_POINT('Ctrl Pts',(-11.7697835711073,3.90575322305604,0.843403724850644));
#3208=CARTESIAN_POINT('Ctrl Pts',(-11.8386315835486,3.64601357254153,0.667756866847814));
#3209=CARTESIAN_POINT('Ctrl Pts',(-11.8874605119109,3.46254943274657,0.497113572443185));
#3210=CARTESIAN_POINT('Ctrl Pts',(-11.9192734953846,3.34331755884214,0.347671967721034));
#3211=CARTESIAN_POINT('Ctrl Pts',(-11.9419918329005,3.25834893239623,0.174914395351632));
#3212=CARTESIAN_POINT('Ctrl Pts',(-11.9496563078012,3.2297170220555,-0.0180966808207988));
#3213=CARTESIAN_POINT('Ctrl Pts',(-11.9387262795546,3.27055334711436,-0.208902491568075));
#3214=CARTESIAN_POINT('Ctrl Pts',(-11.905522886198,3.39477674820543,-0.433356290652281));
#3215=CARTESIAN_POINT('Ctrl Pts',(-11.8448215000577,3.62257459801519,-0.654685565530993));
#3216=CARTESIAN_POINT('Ctrl Pts',(-11.7623705532944,3.93382466553262,-0.859406018873296));
#3217=CARTESIAN_POINT('Ctrl Pts',(-11.6757906271711,4.26269143899602,-1.0257933628203));
#3218=CARTESIAN_POINT('Ctrl Pts',(-11.5859697142165,4.60611426806928,-1.16742891194475));
#3219=CARTESIAN_POINT('Ctrl Pts',(-11.4653187479574,5.07055855136568,-1.32848781916433));
#3220=CARTESIAN_POINT('Ctrl Pts',(-11.3141833295872,5.65837414005709,-1.49017121369303));
#3221=CARTESIAN_POINT('Ctrl Pts',(-11.1332021443616,6.37231699787752,-1.64207953768604));
#3222=CARTESIAN_POINT('Ctrl Pts',(-10.953207284321,7.09275907654233,-1.76191272985095));
#3223=CARTESIAN_POINT('Ctrl Pts',(-10.7745347778745,7.81862164401213,-1.85592217629203));
#3224=CARTESIAN_POINT('Ctrl Pts',(-10.6564601795366,8.30565391075871,-1.90401357759021));
#3225=CARTESIAN_POINT('Ctrl Pts',(-10.5977112164989,8.5498697991653,-1.92486824376948));
#3226=CARTESIAN_POINT('',(-8.13322696063997,18.3410840402844,-2.80410665341495));
#3227=CARTESIAN_POINT('Ctrl Pts',(-10.5977112164989,8.5498697991653,-1.92486824376949));
#3228=CARTESIAN_POINT('Ctrl Pts',(-10.4851432259518,9.01780813196577,-1.96482755103123));
#3229=CARTESIAN_POINT('Ctrl Pts',(-10.3721096182979,9.48563163220305,-2.00474985798219));
#3230=CARTESIAN_POINT('Ctrl Pts',(-10.2585257720345,9.95330459470572,-2.04483631588573));
#3231=CARTESIAN_POINT('Ctrl Pts',(-10.1453297104919,10.4193808827239,-2.08478591527992));
#3232=CARTESIAN_POINT('Ctrl Pts',(-10.0315871021743,10.8853076591496,-2.12489858231492));
#3233=CARTESIAN_POINT('Ctrl Pts',(-9.91720266099832,11.3510495832655,-2.16532311858204));
#3234=CARTESIAN_POINT('Ctrl Pts',(-9.803262022246,11.8149844662088,-2.20559081090267));
#3235=CARTESIAN_POINT('Ctrl Pts',(-9.68868445424384,12.2787359284837,-2.2461679980449));
#3236=CARTESIAN_POINT('Ctrl Pts',(-9.57336524827522,12.7422690391366,-2.28715119803435));
#3237=CARTESIAN_POINT('Ctrl Pts',(-9.45702227661165,13.2099172431355,-2.32849823329188));
#3238=CARTESIAN_POINT('Ctrl Pts',(-9.3399243704291,13.6773432013968,-2.37025868693019));
#3239=CARTESIAN_POINT('Ctrl Pts',(-9.22195425915237,14.1445110443667,-2.41247840311434));
#3240=CARTESIAN_POINT('Ctrl Pts',(-9.10629271953238,14.6025368222021,-2.45387191646557));
#3241=CARTESIAN_POINT('Ctrl Pts',(-8.98979263835842,15.0603144880808,-2.49570681406365));
#3242=CARTESIAN_POINT('Ctrl Pts',(-8.87233578231857,15.5178102373163,-2.53797508547174));
#3243=CARTESIAN_POINT('Ctrl Pts',(-8.75136231778077,15.9890032154218,-2.58150885101478));
#3244=CARTESIAN_POINT('Ctrl Pts',(-8.6293737879644,16.4598971432506,-2.62550271377368));
#3245=CARTESIAN_POINT('Ctrl Pts',(-8.5062347758526,16.9304550880096,-2.66989014333795));
#3246=CARTESIAN_POINT('Ctrl Pts',(-8.38309576374079,17.4010130327686,-2.71427757290222));
#3247=CARTESIAN_POINT('Ctrl Pts',(-8.25880602238834,17.8712349944578,-2.75905868115611));
#3248=CARTESIAN_POINT('Ctrl Pts',(-8.13322696063998,18.3410840402844,-2.80410665341494));
#3249=CARTESIAN_POINT('',(-4.29641836042672,37.7863949863401,-0.0869571597813562));
#3250=CARTESIAN_POINT('Ctrl Pts',(-8.13322696063997,18.3410840402844,-2.80410665341495));
#3251=CARTESIAN_POINT('Ctrl Pts',(-8.05061145740888,18.6501866472254,-2.83374265201129));
#3252=CARTESIAN_POINT('Ctrl Pts',(-7.9689019043402,18.9596238113224,-2.85892209747447));
#3253=CARTESIAN_POINT('Ctrl Pts',(-7.8881417901263,19.2693924054738,-2.88011903263762));
#3254=CARTESIAN_POINT('Ctrl Pts',(-7.80396891574353,19.5922511980478,-2.90221170769331));
#3255=CARTESIAN_POINT('Ctrl Pts',(-7.7208270416424,19.9154700236597,-2.91997840070475));
#3256=CARTESIAN_POINT('Ctrl Pts',(-7.63871998532695,20.239045341784,-2.93392086103971));
#3257=CARTESIAN_POINT('Ctrl Pts',(-7.59108964254371,20.4267515391569,-2.94200888897295));
#3258=CARTESIAN_POINT('Ctrl Pts',(-7.54380672877989,20.6145777021663,-2.94880933437493));
#3259=CARTESIAN_POINT('Ctrl Pts',(-7.49686621106077,20.802523139654,-2.95441470083076));
#3260=CARTESIAN_POINT('Ctrl Pts',(-7.40151528142058,21.1842993333747,-2.96580096004792));
#3261=CARTESIAN_POINT('Ctrl Pts',(-7.30757551519186,21.5665637801819,-2.97226993156493));
#3262=CARTESIAN_POINT('Ctrl Pts',(-7.21510265611788,21.9492848462557,-2.97423375414584));
#3263=CARTESIAN_POINT('Ctrl Pts',(-7.11988382196546,22.3433707876016,-2.97625589230085));
#3264=CARTESIAN_POINT('Ctrl Pts',(-7.02622010784207,22.7379408694101,-2.97350148528443));
#3265=CARTESIAN_POINT('Ctrl Pts',(-6.93412034833327,23.1329605552577,-2.96640312718728));
#3266=CARTESIAN_POINT('Ctrl Pts',(-6.92289918729973,23.1810885800208,-2.96553828432877));
#3267=CARTESIAN_POINT('Ctrl Pts',(-6.9117011826581,23.2292232788239,-2.96460893680454));
#3268=CARTESIAN_POINT('Ctrl Pts',(-6.9005263019603,23.2773645892049,-2.96361584871851));
#3269=CARTESIAN_POINT('Ctrl Pts',(-6.80454149202066,23.6908665005122,-2.95508588103756));
#3270=CARTESIAN_POINT('Ctrl Pts',(-6.71026290116024,24.1048549533989,-2.94186308354798));
#3271=CARTESIAN_POINT('Ctrl Pts',(-6.61780619621116,24.5189967699235,-2.92421159180435));
#3272=CARTESIAN_POINT('Ctrl Pts',(-6.52534949126208,24.9331385864481,-2.90656010006072));
#3273=CARTESIAN_POINT('Ctrl Pts',(-6.43471467889645,25.3474337666105,-2.88448022730032));
#3274=CARTESIAN_POINT('Ctrl Pts',(-6.34595791564886,25.7615491324692,-2.85825478396793));
#3275=CARTESIAN_POINT('Ctrl Pts',(-6.26674645950699,26.1311286432597,-2.83484974441585));
#3276=CARTESIAN_POINT('Ctrl Pts',(-6.1890335875876,26.5005629629277,-2.80813609383522));
#3277=CARTESIAN_POINT('Ctrl Pts',(-6.11279908123204,26.8699902667123,-2.77816964655691));
#3278=CARTESIAN_POINT('Ctrl Pts',(-6.10361250885148,26.9145077802087,-2.77455856608862));
#3279=CARTESIAN_POINT('Ctrl Pts',(-6.09444735033436,26.9590251918257,-2.77090028225698));
#3280=CARTESIAN_POINT('Ctrl Pts',(-6.08530352550058,27.003542743352,-2.76719491828131));
#3281=CARTESIAN_POINT('Ctrl Pts',(-6.01540465567693,27.3438518148369,-2.73886970876642));
#3282=CARTESIAN_POINT('Ctrl Pts',(-5.94675506674789,27.6841691410225,-2.70779238395977));
#3283=CARTESIAN_POINT('Ctrl Pts',(-5.87936700073344,28.0244726046516,-2.67394909405976));
#3284=CARTESIAN_POINT('Ctrl Pts',(-5.86478556654811,28.0981074906399,-2.66662608075075));
#3285=CARTESIAN_POINT('Ctrl Pts',(-5.85026304114818,28.1717417275787,-2.65917367852224));
#3286=CARTESIAN_POINT('Ctrl Pts',(-5.83579928503224,28.2453750913984,-2.65159193445941));
#3287=CARTESIAN_POINT('Ctrl Pts',(-5.77461850391893,28.5568396016112,-2.61952163264799));
#3288=CARTESIAN_POINT('Ctrl Pts',(-5.71449151052939,28.8682886446677,-2.5851363856525));
#3289=CARTESIAN_POINT('Ctrl Pts',(-5.65543063788236,29.1797034009299,-2.54835791732085));
#3290=CARTESIAN_POINT('Ctrl Pts',(-5.63600085116762,29.2821523154618,-2.5362585736547));
#3291=CARTESIAN_POINT('Ctrl Pts',(-5.61668612248813,29.3845975192307,-2.52390047888357));
#3292=CARTESIAN_POINT('Ctrl Pts',(-5.59748590633228,29.4870383421732,-2.51128160193248));
#3293=CARTESIAN_POINT('Ctrl Pts',(-5.54506214530297,29.7667400485494,-2.47682735494004));
#3294=CARTESIAN_POINT('Ctrl Pts',(-5.49349375602944,30.0464093653578,-2.44042913821235));
#3295=CARTESIAN_POINT('Ctrl Pts',(-5.44278683765688,30.3260824243384,-2.40194605537535));
#3296=CARTESIAN_POINT('Ctrl Pts',(-5.41847063888845,30.460197963413,-2.38349172366836));
#3297=CARTESIAN_POINT('Ctrl Pts',(-5.39435196684615,30.5943143630467,-2.3645584348452));
#3298=CARTESIAN_POINT('Ctrl Pts',(-5.37042812624091,30.7284356077436,-2.3451332907009));
#3299=CARTESIAN_POINT('Ctrl Pts',(-5.32497568859692,30.983249941776,-2.30822783862433));
#3300=CARTESIAN_POINT('Ctrl Pts',(-5.28022801528769,31.2380821797335,-2.26954745268268));
#3301=CARTESIAN_POINT('Ctrl Pts',(-5.23622724724389,31.4927568502601,-2.22893430538191));
#3302=CARTESIAN_POINT('Ctrl Pts',(-5.20877288791054,31.6516615746226,-2.20359365817905));
#3303=CARTESIAN_POINT('Ctrl Pts',(-5.18160852310833,31.8105049554829,-2.17750117386527));
#3304=CARTESIAN_POINT('Ctrl Pts',(-5.15473591367422,31.9692443683309,-2.15062440335679));
#3305=CARTESIAN_POINT('Ctrl Pts',(-5.11743478897626,32.1895861497138,-2.1133175027868));
#3306=CARTESIAN_POINT('Ctrl Pts',(-5.08069593320429,32.4097283848092,-2.07450259199345));
#3307=CARTESIAN_POINT('Ctrl Pts',(-5.04454848205048,32.6295985670262,-2.0339605624367));
#3308=CARTESIAN_POINT('Ctrl Pts',(-5.01291810057518,32.8219932592267,-1.99848475931004));
#3309=CARTESIAN_POINT('Ctrl Pts',(-4.98174011252884,33.0141796430068,-1.96168698242401));
#3310=CARTESIAN_POINT('Ctrl Pts',(-4.95100644001919,33.2061091383413,-1.92343813939762));
#3311=CARTESIAN_POINT('Ctrl Pts',(-4.92028359551907,33.397971013563,-1.88520277210658));
#3312=CARTESIAN_POINT('Ctrl Pts',(-4.89000833498042,33.5895753253456,-1.84551136450548));
#3313=CARTESIAN_POINT('Ctrl Pts',(-4.86018855091937,33.7808911827259,-1.80411218601145));
#3314=CARTESIAN_POINT('Ctrl Pts',(-4.8580480397551,33.7946241369212,-1.8011404876391));
#3315=CARTESIAN_POINT('Ctrl Pts',(-4.85590985617128,33.8083556048278,-1.79816000114666));
#3316=CARTESIAN_POINT('Ctrl Pts',(-4.8537739939898,33.8220855750204,-1.79517063867533));
#3317=CARTESIAN_POINT('Ctrl Pts',(-4.82645314895316,33.9977122569478,-1.75693225908998));
#3318=CARTESIAN_POINT('Ctrl Pts',(-4.79951546793845,34.1730941346322,-1.71724053719978));
#3319=CARTESIAN_POINT('Ctrl Pts',(-4.77297416694647,34.3481408121794,-1.6758324007417));
#3320=CARTESIAN_POINT('Ctrl Pts',(-4.76853452797294,34.3774213682478,-1.66890594387751));
#3321=CARTESIAN_POINT('Ctrl Pts',(-4.76410587490984,34.4066925453476,-1.6619315157656));
#3322=CARTESIAN_POINT('Ctrl Pts',(-4.7596881405131,34.4359539203963,-1.65490795044946));
#3323=CARTESIAN_POINT('Ctrl Pts',(-4.73674633480985,34.5879116255654,-1.61843376337623));
#3324=CARTESIAN_POINT('Ctrl Pts',(-4.71410179524885,34.7396054574739,-1.5806346651275));
#3325=CARTESIAN_POINT('Ctrl Pts',(-4.6917573872222,34.8910498305909,-1.54120402461231));
#3326=CARTESIAN_POINT('Ctrl Pts',(-4.68407646502272,34.9431090503328,-1.52764968557091));
#3327=CARTESIAN_POINT('Ctrl Pts',(-4.67643061083655,34.9951387927652,-1.51390275627241));
#3328=CARTESIAN_POINT('Ctrl Pts',(-4.66881864406394,35.0471396433954,-1.49995141490865));
#3329=CARTESIAN_POINT('Ctrl Pts',(-4.6485625546764,35.1855183187179,-1.46282571189625));
#3330=CARTESIAN_POINT('Ctrl Pts',(-4.628549595802,35.3236929557588,-1.42425205601058));
#3331=CARTESIAN_POINT('Ctrl Pts',(-4.60883371383483,35.4613387244846,-1.38393190836214));
#3332=CARTESIAN_POINT('Ctrl Pts',(-4.59958737134605,35.5258917544677,-1.36502258972369));
#3333=CARTESIAN_POINT('Ctrl Pts',(-4.59040568980561,35.5903284642665,-1.34572937839401));
#3334=CARTESIAN_POINT('Ctrl Pts',(-4.58129041551423,35.6546153482751,-1.32602266949184));
#3335=CARTESIAN_POINT('Ctrl Pts',(-4.56519380966193,35.7681391546117,-1.29122271551301));
#3336=CARTESIAN_POINT('Ctrl Pts',(-4.54930621823104,35.8811969440688,-1.25513560184503));
#3337=CARTESIAN_POINT('Ctrl Pts',(-4.53365631035002,35.9936362838168,-1.2174136926441));
#3338=CARTESIAN_POINT('Ctrl Pts',(-4.52154687693582,36.0806385018597,-1.18822560085479));
#3339=CARTESIAN_POINT('Ctrl Pts',(-4.50957896113509,36.1672704414283,-1.15805903633866));
#3340=CARTESIAN_POINT('Ctrl Pts',(-4.49774519388492,36.2534614846507,-1.1267590622056));
#3341=CARTESIAN_POINT('Ctrl Pts',(-4.4855316670914,36.3424185000715,-1.09445463499919));
#3342=CARTESIAN_POINT('Ctrl Pts',(-4.47346147445857,36.4309085206239,-1.06094763685456));
#3343=CARTESIAN_POINT('Ctrl Pts',(-4.46158761494659,36.5187245037794,-1.02581182251119));
#3344=CARTESIAN_POINT('Ctrl Pts',(-4.45022852189204,36.6027334078205,-0.992199248244917));
#3345=CARTESIAN_POINT('Ctrl Pts',(-4.43904930889033,36.6861254506037,-0.95709615234623));
#3346=CARTESIAN_POINT('Ctrl Pts',(-4.42804950091894,36.7687193667697,-0.920139459011448));
#3347=CARTESIAN_POINT('Ctrl Pts',(-4.42500879363003,36.7915510310641,-0.90992341823243));
#3348=CARTESIAN_POINT('Ctrl Pts',(-4.42198149868912,36.814321706456,-0.899565790550869));
#3349=CARTESIAN_POINT('Ctrl Pts',(-4.41896689747435,36.8370275639633,-0.889059033607628));
#3350=CARTESIAN_POINT('Ctrl Pts',(-4.41091256276211,36.8976924954958,-0.860987348123552));
#3351=CARTESIAN_POINT('Ctrl Pts',(-4.40295273263891,36.9578943704646,-0.8318499476464));
#3352=CARTESIAN_POINT('Ctrl Pts',(-4.39511424748616,37.0175790839746,-0.801154915568439));
#3353=CARTESIAN_POINT('Ctrl Pts',(-4.39063223231137,37.0517065698908,-0.783603616193206));
#3354=CARTESIAN_POINT('Ctrl Pts',(-4.38618904818393,37.0856649694695,-0.765543242984152));
#3355=CARTESIAN_POINT('Ctrl Pts',(-4.38178209778289,37.1194441678455,-0.746883393533985));
#3356=CARTESIAN_POINT('Ctrl Pts',(-4.37429059063844,37.1768664401513,-0.715162955873237));
#3357=CARTESIAN_POINT('Ctrl Pts',(-4.36690688710219,37.2337711262539,-0.681707017985523));
#3358=CARTESIAN_POINT('Ctrl Pts',(-4.35971629354253,37.2894151793508,-0.646183449217927));
#3359=CARTESIAN_POINT('Ctrl Pts',(-4.35527932338407,37.3237504537671,-0.624263559957568));
#3360=CARTESIAN_POINT('Ctrl Pts',(-4.35091499330087,37.3576057381648,-0.601556313954302));
#3361=CARTESIAN_POINT('Ctrl Pts',(-4.34663340109867,37.3908064577778,-0.577982208294012));
#3362=CARTESIAN_POINT('Ctrl Pts',(-4.34186915440243,37.4277498216618,-0.551750645430254));
#3363=CARTESIAN_POINT('Ctrl Pts',(-4.33720935200973,37.4638870829895,-0.524448185395224));
#3364=CARTESIAN_POINT('Ctrl Pts',(-4.33275417271072,37.498724253561,-0.495514003804108));
#3365=CARTESIAN_POINT('Ctrl Pts',(-4.32857789734269,37.531380541352,-0.468391165021857));
#3366=CARTESIAN_POINT('Ctrl Pts',(-4.32458162296635,37.5628944203164,-0.439834646951161));
#3367=CARTESIAN_POINT('Ctrl Pts',(-4.32080234553925,37.5928589897941,-0.40938018479272));
#3368=CARTESIAN_POINT('Ctrl Pts',(-4.31911822289222,37.6062118094903,-0.395809058985376));
#3369=CARTESIAN_POINT('Ctrl Pts',(-4.31747654577926,37.6192569712909,-0.381861000193962));
#3370=CARTESIAN_POINT('Ctrl Pts',(-4.31587718051176,37.6319584685041,-0.367494656858506));
#3371=CARTESIAN_POINT('Ctrl Pts',(-4.31212342405513,37.6617692491568,-0.333776434292601));
#3372=CARTESIAN_POINT('Ctrl Pts',(-4.30860521476703,37.6896813364909,-0.29773142046525));
#3373=CARTESIAN_POINT('Ctrl Pts',(-4.30557589796599,37.7137088940706,-0.259568147644138));
#3374=CARTESIAN_POINT('Ctrl Pts',(-4.30268533622544,37.736635891549,-0.22315290831603));
#3375=CARTESIAN_POINT('Ctrl Pts',(-4.30023979669197,37.7560260640785,-0.184809205407562));
#3376=CARTESIAN_POINT('Ctrl Pts',(-4.29846058479318,37.7701541453387,-0.144670586230557));
#3377=CARTESIAN_POINT('Ctrl Pts',(-4.29762526082793,37.7767871522715,-0.125825865962438));
#3378=CARTESIAN_POINT('Ctrl Pts',(-4.29693683762939,37.782260279603,-0.106584789686006));
#3379=CARTESIAN_POINT('Ctrl Pts',(-4.29641836042671,37.7863949863402,-0.0869571597813651));
#3380=CARTESIAN_POINT('',(-0.0869571597539057,37.7863949863401,-4.29641836042727));
#3381=CARTESIAN_POINT('Origin',(0.,37.7863949863401,0.));
#3382=CARTESIAN_POINT('',(-2.80410665341498,18.3410840402844,-8.13322696063997));
#3383=CARTESIAN_POINT('Ctrl Pts',(-0.0869571597550892,37.7863949863456,
-4.29641836042604));
#3384=CARTESIAN_POINT('Ctrl Pts',(-0.128875139218153,37.7775646511046,-4.29752565238299));
#3385=CARTESIAN_POINT('Ctrl Pts',(-0.168868512906337,37.7627663130324,-4.29938224557346));
#3386=CARTESIAN_POINT('Ctrl Pts',(-0.20693778469267,37.7436519117854,-4.30178828987198));
#3387=CARTESIAN_POINT('Ctrl Pts',(-0.246919775118821,37.7235771435589,-4.30431522132074));
#3388=CARTESIAN_POINT('Ctrl Pts',(-0.284779289458701,37.6987417119361,-4.30744814301057));
#3389=CARTESIAN_POINT('Ctrl Pts',(-0.320460200918466,37.6710592721757,-4.31094234609442));
#3390=CARTESIAN_POINT('Ctrl Pts',(-0.336789936232451,37.6583901195213,-4.31254150399589));
#3391=CARTESIAN_POINT('Ctrl Pts',(-0.352662614983076,37.6451246527103,-4.31421616268825));
#3392=CARTESIAN_POINT('Ctrl Pts',(-0.368069396975907,37.6314463114379,-4.31594202101625));
#3393=CARTESIAN_POINT('Ctrl Pts',(-0.401181460316254,37.6020489912958,-4.31965121416898));
#3394=CARTESIAN_POINT('Ctrl Pts',(-0.432164354670456,37.5707479873788,-4.32359850275727));
#3395=CARTESIAN_POINT('Ctrl Pts',(-0.461443582534747,37.5380741533854,-4.32775255573564));
#3396=CARTESIAN_POINT('Ctrl Pts',(-0.49261370549075,37.5032901957025,-4.3321748834931));
#3397=CARTESIAN_POINT('Ctrl Pts',(-0.521852838124354,37.4669503634695,-4.33683126126987));
#3398=CARTESIAN_POINT('Ctrl Pts',(-0.549666982790861,37.4296951454794,-4.34162509973477));
#3399=CARTESIAN_POINT('Ctrl Pts',(-0.559736918446744,37.4162071287704,-4.34336067871679));
#3400=CARTESIAN_POINT('Ctrl Pts',(-0.569620019443108,37.4025991272915,-4.34511376617224));
#3401=CARTESIAN_POINT('Ctrl Pts',(-0.579340148437095,37.3889015355069,-4.34687815099241));
#3402=CARTESIAN_POINT('Ctrl Pts',(-0.613822368672606,37.3403092403937,-4.35313731751036));
#3403=CARTESIAN_POINT('Ctrl Pts',(-0.64625491448792,37.2905839544118,-4.35954363549738));
#3404=CARTESIAN_POINT('Ctrl Pts',(-0.677087410337182,37.2399800102749,-4.36610128205095));
#3405=CARTESIAN_POINT('Ctrl Pts',(-0.701502440498174,37.1999087546617,-4.37129402217725));
#3406=CARTESIAN_POINT('Ctrl Pts',(-0.724914212596434,37.1592865428022,-4.37658033059776));
#3407=CARTESIAN_POINT('Ctrl Pts',(-0.747547674408077,37.1182396585935,-4.38193938428198));
#3408=CARTESIAN_POINT('Ctrl Pts',(-0.782621331125756,37.0546318756548,-4.39024397377943));
#3409=CARTESIAN_POINT('Ctrl Pts',(-0.815824134110831,36.9900020696774,-4.39872497791344));
#3410=CARTESIAN_POINT('Ctrl Pts',(-0.847594500619112,36.92456043613,-4.40737130313298));
#3411=CARTESIAN_POINT('Ctrl Pts',(-0.862216629438317,36.8944412999337,-4.41135072468419));
#3412=CARTESIAN_POINT('Ctrl Pts',(-0.87653542752408,36.8641501985421,-4.41536440962624));
#3413=CARTESIAN_POINT('Ctrl Pts',(-0.890594150137574,36.8337076241506,-4.41940767768872));
#3414=CARTESIAN_POINT('Ctrl Pts',(-0.930220833828813,36.747900520666,-4.4308042539635));
#3415=CARTESIAN_POINT('Ctrl Pts',(-0.967777607219137,36.6608881433631,-4.4424401753832));
#3416=CARTESIAN_POINT('Ctrl Pts',(-1.00358246678421,36.5733902142368,-4.45423321253425));
#3417=CARTESIAN_POINT('Ctrl Pts',(-1.00808059431815,36.5623979397538,-4.45571475961368));
#3418=CARTESIAN_POINT('Ctrl Pts',(-1.0125510710051,36.5513980019824,-4.4571987193175));
#3419=CARTESIAN_POINT('Ctrl Pts',(-1.01699452707664,36.540391827956,-4.45868487224163));
#3420=CARTESIAN_POINT('Ctrl Pts',(-1.05256023522134,36.4522977032681,-4.47058013581734));
#3421=CARTESIAN_POINT('Ctrl Pts',(-1.08639522587195,36.3638039539433,-4.48261979848699));
#3422=CARTESIAN_POINT('Ctrl Pts',(-1.11890738489346,36.2749856788394,-4.49479351974574));
#3423=CARTESIAN_POINT('Ctrl Pts',(-1.12279014109247,36.2643785792612,-4.49624736326476));
#3424=CARTESIAN_POINT('Ctrl Pts',(-1.12665404766611,36.253766851209,-4.49770306046651));
#3425=CARTESIAN_POINT('Ctrl Pts',(-1.13049981316239,36.2431506225963,-4.49916054742474));
#3426=CARTESIAN_POINT('Ctrl Pts',(-1.16967956520484,36.134994988803,-4.51400908087894));
#3427=CARTESIAN_POINT('Ctrl Pts',(-1.20697881234956,36.0263735054119,-4.52904654923772));
#3428=CARTESIAN_POINT('Ctrl Pts',(-1.24275080804142,35.9173833064391,-4.54428351444329));
#3429=CARTESIAN_POINT('Ctrl Pts',(-1.27280441915566,35.8258158947853,-4.55708475233882));
#3430=CARTESIAN_POINT('Ctrl Pts',(-1.30178030909193,35.7339882284944,-4.57002566515785));
#3431=CARTESIAN_POINT('Ctrl Pts',(-1.32989688872441,35.6419579088051,-4.58308567692259));
#3432=CARTESIAN_POINT('Ctrl Pts',(-1.37062237439771,35.5086565074609,-4.60200246299579));
#3433=CARTESIAN_POINT('Ctrl Pts',(-1.40953912463497,35.3749279620661,-4.62117154851931));
#3434=CARTESIAN_POINT('Ctrl Pts',(-1.44695823985057,35.2408494969045,-4.64060265214132));
#3435=CARTESIAN_POINT('Ctrl Pts',(-1.46612238116903,35.1721814207269,-4.65055426146292));
#3436=CARTESIAN_POINT('Ctrl Pts',(-1.48489401112239,35.1034215619872,-4.6605737764972));
#3437=CARTESIAN_POINT('Ctrl Pts',(-1.50331689959055,35.0345802945706,-4.67065766238286));
#3438=CARTESIAN_POINT('Ctrl Pts',(-1.54440029558658,34.8810629427702,-4.69314492206176));
#3439=CARTESIAN_POINT('Ctrl Pts',(-1.58374548120469,34.7271399014041,-4.71595615334263));
#3440=CARTESIAN_POINT('Ctrl Pts',(-1.62164694734241,34.5728976856715,-4.73908465264127));
#3441=CARTESIAN_POINT('Ctrl Pts',(-1.63392725071567,34.5229222785124,-4.7465784257561));
#3442=CARTESIAN_POINT('Ctrl Pts',(-1.6460561646448,34.472913364459,-4.75410512983806));
#3443=CARTESIAN_POINT('Ctrl Pts',(-1.65804420421829,34.4228738862496,-4.76166349299508));
#3444=CARTESIAN_POINT('Ctrl Pts',(-1.70129735803647,34.2423301672618,-4.78893426085));
#3445=CARTESIAN_POINT('Ctrl Pts',(-1.7427229706859,34.0613901134805,-4.81661741538837));
#3446=CARTESIAN_POINT('Ctrl Pts',(-1.78255252562526,33.8800915958778,-4.84473847460659));
#3447=CARTESIAN_POINT('Ctrl Pts',(-1.82335727191569,33.6943541447596,-4.8735480530356));
#3448=CARTESIAN_POINT('Ctrl Pts',(-1.8624867124725,33.5082404615932,-4.90281703452425));
#3449=CARTESIAN_POINT('Ctrl Pts',(-1.90021579913962,33.3217912677259,-4.93252503744732));
#3450=CARTESIAN_POINT('Ctrl Pts',(-1.90907895435243,33.2779914228176,-4.9395039140709));
#3451=CARTESIAN_POINT('Ctrl Pts',(-1.91786494656084,33.2341730626201,-4.94650682282887));
#3452=CARTESIAN_POINT('Ctrl Pts',(-1.92657755557237,33.1903367150413,-4.95353314847441));
#3453=CARTESIAN_POINT('Ctrl Pts',(-1.97139593601568,32.9648389220807,-4.98967714799094));
#3454=CARTESIAN_POINT('Ctrl Pts',(-2.0142582593653,32.738862883315,-5.02644976006449));
#3455=CARTESIAN_POINT('Ctrl Pts',(-2.05533024161049,32.5126828242162,-5.06383017284154));
#3456=CARTESIAN_POINT('Ctrl Pts',(-2.08940630634284,32.3250287127345,-5.09484346452803));
#3457=CARTESIAN_POINT('Ctrl Pts',(-2.12225039992617,32.1372341644303,-5.12627416748834));
#3458=CARTESIAN_POINT('Ctrl Pts',(-2.15397117273271,31.9494557891653,-5.15808710848171));
#3459=CARTESIAN_POINT('Ctrl Pts',(-2.19602726958886,31.7004950975139,-5.20026540394304));
#3460=CARTESIAN_POINT('Ctrl Pts',(-2.23610484145763,31.4515620217906,-5.24311792057568));
#3461=CARTESIAN_POINT('Ctrl Pts',(-2.2743662333575,31.2026777715537,-5.28665111356114));
#3462=CARTESIAN_POINT('Ctrl Pts',(-2.29974684213552,31.037580960575,-5.31552875980342));
#3463=CARTESIAN_POINT('Ctrl Pts',(-2.32432890319585,30.8725056342877,-5.34470499161405));
#3464=CARTESIAN_POINT('Ctrl Pts',(-2.34816741251507,30.7074579836149,-5.37417165229241));
#3465=CARTESIAN_POINT('Ctrl Pts',(-2.38867055581031,30.4270315292497,-5.42423738265775));
#3466=CARTESIAN_POINT('Ctrl Pts',(-2.4270216173565,30.1466843936992,-5.47514530904821));
#3467=CARTESIAN_POINT('Ctrl Pts',(-2.46334031588428,29.8664171353608,-5.52690219550273));
#3468=CARTESIAN_POINT('Ctrl Pts',(-2.48062132640385,29.7330615462025,-5.55152893972917));
#3469=CARTESIAN_POINT('Ctrl Pts',(-2.49744267640367,29.5997240412988,-5.57634727202887));
#3470=CARTESIAN_POINT('Ctrl Pts',(-2.51381985265316,29.4664046808031,-5.60135471838935));
#3471=CARTESIAN_POINT('Ctrl Pts',(-2.55184403244766,29.1568666226943,-5.65941647593085));
#3472=CARTESIAN_POINT('Ctrl Pts',(-2.58746891121151,28.8474260533369,-5.7185017106267));
#3473=CARTESIAN_POINT('Ctrl Pts',(-2.62076882127874,28.5380876294389,-5.77861088106634));
#3474=CARTESIAN_POINT('Ctrl Pts',(-2.63195410905055,28.4341822650343,-5.7988012770084));
#3475=CARTESIAN_POINT('Ctrl Pts',(-2.64287735113205,28.3302884252671,-5.81910685513116));
#3476=CARTESIAN_POINT('Ctrl Pts',(-2.65354219725328,28.2264062866155,-5.83952662044399));
#3477=CARTESIAN_POINT('Ctrl Pts',(-2.6883828248982,27.8870372164409,-5.90623526600474));
#3478=CARTESIAN_POINT('Ctrl Pts',(-2.720461133196,27.5477928364477,-5.97416684623312));
#3479=CARTESIAN_POINT('Ctrl Pts',(-2.74978878915927,27.2086722419945,-6.0433212671787));
#3480=CARTESIAN_POINT('Ctrl Pts',(-2.75616492495703,27.1349439165954,-6.05835615368708));
#3481=CARTESIAN_POINT('Ctrl Pts',(-2.7624111613687,27.0612214421994,-6.07344868292262));
#3482=CARTESIAN_POINT('Ctrl Pts',(-2.76852781462345,26.98750480951,-6.08859859647565));
#3483=CARTESIAN_POINT('Ctrl Pts',(-2.7987524163417,26.6232441966797,-6.16345981291785));
#3484=CARTESIAN_POINT('Ctrl Pts',(-2.82580914220019,26.259126122444,-6.23972646694678));
#3485=CARTESIAN_POINT('Ctrl Pts',(-2.84964850203839,25.8951455974061,-6.31738883609646));
#3486=CARTESIAN_POINT('Ctrl Pts',(-2.85282412197912,25.8466600750937,-6.32773417128122));
#3487=CARTESIAN_POINT('Ctrl Pts',(-2.85594269228324,25.798176993546,-6.33810420969305));
#3488=CARTESIAN_POINT('Ctrl Pts',(-2.85900413463846,25.7496963409694,-6.34849887081404));
#3489=CARTESIAN_POINT('Ctrl Pts',(-2.88504780638261,25.3372717204327,-6.43692619059194));
#3490=CARTESIAN_POINT('Ctrl Pts',(-2.90696118785019,24.9250253650401,-6.52713727020268));
#3491=CARTESIAN_POINT('Ctrl Pts',(-2.92448232250501,24.5129423057112,-6.61915223992378));
#3492=CARTESIAN_POINT('Ctrl Pts',(-2.94200345715984,24.1008592463824,-6.71116720964488));
#3493=CARTESIAN_POINT('Ctrl Pts',(-2.95513220915562,23.6889394831174,-6.80498604157628));
#3494=CARTESIAN_POINT('Ctrl Pts',(-2.96361990112717,23.2771680468359,-6.90057192551863));
#3495=CARTESIAN_POINT('Ctrl Pts',(-2.97210759309871,22.8653966105544,-6.99615780946097));
#3496=CARTESIAN_POINT('Ctrl Pts',(-2.97594608176763,22.4537748958374,-7.09351542427249));
#3497=CARTESIAN_POINT('Ctrl Pts',(-2.97461713418142,22.0422739200294,-7.19266782921554));
#3498=CARTESIAN_POINT('Ctrl Pts',(-2.97339597192167,21.6641480505666,-7.28377840132247));
#3499=CARTESIAN_POINT('Ctrl Pts',(-2.96781128720536,21.286124129005,-7.37640425635809));
#3500=CARTESIAN_POINT('Ctrl Pts',(-2.95743968806497,20.9081796681781,-7.47051715746919));
#3501=CARTESIAN_POINT('Ctrl Pts',(-2.9565242436264,20.874820573783,-7.4788239894971));
#3502=CARTESIAN_POINT('Ctrl Pts',(-2.95557149302998,20.841462098437,-7.48714237539807));
#3503=CARTESIAN_POINT('Ctrl Pts',(-2.95458113756317,20.8081042266771,-7.49547227732273));
#3504=CARTESIAN_POINT('Ctrl Pts',(-2.94507955431257,20.4880650021644,-7.57539030600947));
#3505=CARTESIAN_POINT('Ctrl Pts',(-2.93210933637599,20.1680842887512,-7.65637449449832));
#3506=CARTESIAN_POINT('Ctrl Pts',(-2.91518089123042,19.8481356485465,-7.73845769069191));
#3507=CARTESIAN_POINT('Ctrl Pts',(-2.89895784939216,19.5415191736429,-7.81712050435348));
#3508=CARTESIAN_POINT('Ctrl Pts',(-2.87909940313852,19.2349321546764,-7.89679299006988));
#3509=CARTESIAN_POINT('Ctrl Pts',(-2.85514180332348,18.9283513229287,-7.97747005749317));
#3510=CARTESIAN_POINT('Ctrl Pts',(-2.83984453175437,18.7325950586395,-8.02898352375446));
#3511=CARTESIAN_POINT('Ctrl Pts',(-2.822875380188,18.5368413168832,-8.08090586869769));
#3512=CARTESIAN_POINT('Ctrl Pts',(-2.80410665341498,18.3410840402844,-8.13322696063997));
#3513=CARTESIAN_POINT('',(-1.92486824376951,8.54986979916528,-10.5977112164989));
#3514=CARTESIAN_POINT('Ctrl Pts',(-2.80410665341498,18.3410840402844,-8.13322696063997));
#3515=CARTESIAN_POINT('Ctrl Pts',(-2.76071666262146,17.8885276931168,-8.25418411053816));
#3516=CARTESIAN_POINT('Ctrl Pts',(-2.71757390102088,17.4356250854373,-8.3739451627797));
#3517=CARTESIAN_POINT('Ctrl Pts',(-2.67479268907543,16.9824092919462,-8.49263397076983));
#3518=CARTESIAN_POINT('Ctrl Pts',(-2.63179519327288,16.5269022295673,-8.6119228195727));
#3519=CARTESIAN_POINT('Ctrl Pts',(-2.58916286201055,16.0710788067,-8.7301287678707));
#3520=CARTESIAN_POINT('Ctrl Pts',(-2.54695889878888,15.6149726022206,-8.84737488710259));
#3521=CARTESIAN_POINT('Ctrl Pts',(-2.50455257514992,15.1566794504779,-8.96518318040065));
#3522=CARTESIAN_POINT('Ctrl Pts',(-2.46257868396014,14.6981007988479,-9.08202258105417));
#3523=CARTESIAN_POINT('Ctrl Pts',(-2.42104889760291,14.2392707115402,-9.19801242280215));
#3524=CARTESIAN_POINT('Ctrl Pts',(-2.37821427947714,13.7660245598413,-9.31764657008639));
#3525=CARTESIAN_POINT('Ctrl Pts',(-2.33585230108873,13.2925109244515,-9.4363771044552));
#3526=CARTESIAN_POINT('Ctrl Pts',(-2.29391874598016,12.8187671823267,-9.5543265146766));
#3527=CARTESIAN_POINT('Ctrl Pts',(-2.25282672154252,12.3545306209816,-9.6699088933868));
#3528=CARTESIAN_POINT('Ctrl Pts',(-2.21214583036049,11.8900730958828,-9.78474123906396));
#3529=CARTESIAN_POINT('Ctrl Pts',(-2.17178189170112,11.4254297785788,-9.89892927970308));
#3530=CARTESIAN_POINT('Ctrl Pts',(-2.13017802292712,10.9465131950668,-10.0166250352735));
#3531=CARTESIAN_POINT('Ctrl Pts',(-2.08891107651656,10.4673992294161,-10.1336364195804));
#3532=CARTESIAN_POINT('Ctrl Pts',(-2.04782141376689,9.98812639504215,-10.2500674981822));
#3533=CARTESIAN_POINT('Ctrl Pts',(-2.00673175101722,9.50885356066816,-10.366498576784));
#3534=CARTESIAN_POINT('Ctrl Pts',(-1.96581929801451,9.0294218575708,-10.482349409625));
#3535=CARTESIAN_POINT('Ctrl Pts',(-1.9248682437695,8.54986979916527,-10.5977112164989));
#3536=CARTESIAN_POINT('',(1.92486824376951,8.54986979916528,-10.5977112164989));
#3537=CARTESIAN_POINT('Ctrl Pts',(-1.92486824376951,8.54986979916528,-10.5977112164989));
#3538=CARTESIAN_POINT('Ctrl Pts',(-1.90388317445556,8.30412684160722,-10.6568275337236));
#3539=CARTESIAN_POINT('Ctrl Pts',(-1.85544780051757,7.81400869599902,-10.7756558996427));
#3540=CARTESIAN_POINT('Ctrl Pts',(-1.76059520011127,7.08340190163759,-10.9555221869771));
#3541=CARTESIAN_POINT('Ctrl Pts',(-1.63949513018494,6.35812462333804,-11.136768161575));
#3542=CARTESIAN_POINT('Ctrl Pts',(-1.48561122821011,5.63911720436823,-11.3190950069937));
#3543=CARTESIAN_POINT('Ctrl Pts',(-1.32156466912143,5.04728158846746,-11.4713277791264));
#3544=CARTESIAN_POINT('Ctrl Pts',(-1.1571329167421,4.57887077071157,-11.5930722615222));
#3545=CARTESIAN_POINT('Ctrl Pts',(-1.01381277950708,4.23638068082713,-11.6826966977215));
#3546=CARTESIAN_POINT('Ctrl Pts',(-0.843403724850619,3.90575322305605,-11.7697835711073));
#3547=CARTESIAN_POINT('Ctrl Pts',(-0.667756866847797,3.64601357254154,-11.8386315835486));
#3548=CARTESIAN_POINT('Ctrl Pts',(-0.49711357244316,3.46254943274656,-11.8874605119109));
#3549=CARTESIAN_POINT('Ctrl Pts',(-0.34767196772101,3.34331755884215,-11.9192734953846));
#3550=CARTESIAN_POINT('Ctrl Pts',(-0.174914395351624,3.25834893239624,-11.9419918329005));
#3551=CARTESIAN_POINT('Ctrl Pts',(0.0180966808208158,3.2297170220555,-11.9496563078012));
#3552=CARTESIAN_POINT('Ctrl Pts',(0.2089024915681,3.27055334711436,-11.9387262795546));
#3553=CARTESIAN_POINT('Ctrl Pts',(0.433356290652296,3.39477674820541,-11.905522886198));
#3554=CARTESIAN_POINT('Ctrl Pts',(0.65468556553102,3.62257459801518,-11.8448215000577));
#3555=CARTESIAN_POINT('Ctrl Pts',(0.859406018873309,3.93382466553261,-11.7623705532944));
#3556=CARTESIAN_POINT('Ctrl Pts',(1.02579336282033,4.26269143899601,-11.6757906271711));
#3557=CARTESIAN_POINT('Ctrl Pts',(1.16742891194477,4.60611426806927,-11.5859697142165));
#3558=CARTESIAN_POINT('Ctrl Pts',(1.32848781916436,5.07055855136566,-11.4653187479574));
#3559=CARTESIAN_POINT('Ctrl Pts',(1.49017121369305,5.65837414005708,-11.3141833295872));
#3560=CARTESIAN_POINT('Ctrl Pts',(1.64207953768606,6.3723169978775,-11.1332021443616));
#3561=CARTESIAN_POINT('Ctrl Pts',(1.76191272985097,7.09275907654231,-10.953207284321));
#3562=CARTESIAN_POINT('Ctrl Pts',(1.85592217629206,7.8186216440121,-10.7745347778745));
#3563=CARTESIAN_POINT('Ctrl Pts',(1.90401357759024,8.30565391075868,-10.6564601795366));
#3564=CARTESIAN_POINT('Ctrl Pts',(1.92486824376951,8.54986979916527,-10.5977112164989));
#3565=CARTESIAN_POINT('',(2.80410665341498,18.3410840402844,-8.13322696063997));
#3566=CARTESIAN_POINT('Ctrl Pts',(1.9248682437695,8.54986979916527,-10.5977112164989));
#3567=CARTESIAN_POINT('Ctrl Pts',(1.96482755103105,9.01780813196348,-10.4851432259524));
#3568=CARTESIAN_POINT('Ctrl Pts',(2.00474985798183,9.4856316321985,-10.372109618299));
#3569=CARTESIAN_POINT('Ctrl Pts',(2.04483631588517,9.9533045946989,-10.2585257720362));
#3570=CARTESIAN_POINT('Ctrl Pts',(2.08478591527911,10.4193808827142,-10.1453297104943));
#3571=CARTESIAN_POINT('Ctrl Pts',(2.12489858231387,10.885307659137,-10.0315871021773));
#3572=CARTESIAN_POINT('Ctrl Pts',(2.16532311858073,11.3510495832501,-9.91720266100209));
#3573=CARTESIAN_POINT('Ctrl Pts',(2.2055908109018,11.8149844661985,-9.80326202224852));
#3574=CARTESIAN_POINT('Ctrl Pts',(2.24616799804448,12.2787359284787,-9.6886844542451));
#3575=CARTESIAN_POINT('Ctrl Pts',(2.28715119803438,12.7422690391367,-9.57336524827519));
#3576=CARTESIAN_POINT('Ctrl Pts',(2.32849823329191,13.2099172431356,-9.45702227661162));
#3577=CARTESIAN_POINT('Ctrl Pts',(2.37025868693022,13.6773432013968,-9.33992437042907));
#3578=CARTESIAN_POINT('Ctrl Pts',(2.41247840311438,14.1445110443668,-9.22195425915235));
#3579=CARTESIAN_POINT('Ctrl Pts',(2.45387191646554,14.6025368222015,-9.10629271953252));
#3580=CARTESIAN_POINT('Ctrl Pts',(2.49570681406356,15.0603144880796,-8.98979263835873));
#3581=CARTESIAN_POINT('Ctrl Pts',(2.5379750854716,15.5178102373144,-8.87233578231904));
#3582=CARTESIAN_POINT('Ctrl Pts',(2.58150885101467,15.9890032154202,-8.75136231778116));
#3583=CARTESIAN_POINT('Ctrl Pts',(2.62550271377359,16.4598971432493,-8.62937378796472));
#3584=CARTESIAN_POINT('Ctrl Pts',(2.66989014333789,16.9304550880086,-8.50623477585283));
#3585=CARTESIAN_POINT('Ctrl Pts',(2.71427757290219,17.4010130327679,-8.38309576374095));
#3586=CARTESIAN_POINT('Ctrl Pts',(2.75905868115611,17.8712349944575,-8.25880602238842));
#3587=CARTESIAN_POINT('Ctrl Pts',(2.80410665341497,18.3410840402844,-8.13322696063997));
#3588=CARTESIAN_POINT('',(0.0869571597813773,37.7863949863401,-4.29641836042672));
#3589=CARTESIAN_POINT('Ctrl Pts',(2.80410665341498,18.3410840402844,-8.13322696063997));
#3590=CARTESIAN_POINT('Ctrl Pts',(2.83374265201114,18.6501866472234,-8.05061145740937));
#3591=CARTESIAN_POINT('Ctrl Pts',(2.85892209747419,18.9596238113186,-7.96890190434118));
#3592=CARTESIAN_POINT('Ctrl Pts',(2.88011903263727,19.2693924054682,-7.88814179012777));
#3593=CARTESIAN_POINT('Ctrl Pts',(2.90221170769295,19.5922511980413,-7.8039689157452));
#3594=CARTESIAN_POINT('Ctrl Pts',(2.9199784007044,19.9154700236524,-7.72082704164427));
#3595=CARTESIAN_POINT('Ctrl Pts',(2.93392086103939,20.2390453417759,-7.63871998532901));
#3596=CARTESIAN_POINT('Ctrl Pts',(2.94200888897278,20.4267515391515,-7.59108964254508));
#3597=CARTESIAN_POINT('Ctrl Pts',(2.94880933437487,20.6145777021635,-7.54380672878056));
#3598=CARTESIAN_POINT('Ctrl Pts',(2.95441470083079,20.802523139654,-7.49686621106077));
#3599=CARTESIAN_POINT('Ctrl Pts',(2.96580096004795,21.1842993333747,-7.40151528142058));
#3600=CARTESIAN_POINT('Ctrl Pts',(2.97226993156496,21.5665637801818,-7.30757551519187));
#3601=CARTESIAN_POINT('Ctrl Pts',(2.97423375414586,21.9492848462556,-7.2151026561179));
#3602=CARTESIAN_POINT('Ctrl Pts',(2.97625589230085,22.3433707875965,-7.11988382196668));
#3603=CARTESIAN_POINT('Ctrl Pts',(2.97350148528452,22.7379408694001,-7.02622010784444));
#3604=CARTESIAN_POINT('Ctrl Pts',(2.96640312718757,23.1329605552427,-6.93412034833676));
#3605=CARTESIAN_POINT('Ctrl Pts',(2.96553828432898,23.1810885800108,-6.92289918730205));
#3606=CARTESIAN_POINT('Ctrl Pts',(2.96460893680466,23.2292232788188,-6.91170118265926));
#3607=CARTESIAN_POINT('Ctrl Pts',(2.96361584871853,23.2773645892049,-6.9005263019603));
#3608=CARTESIAN_POINT('Ctrl Pts',(2.95508588103758,23.6908665005122,-6.80454149202066));
#3609=CARTESIAN_POINT('Ctrl Pts',(2.94186308354801,24.1048549533989,-6.71026290116024));
#3610=CARTESIAN_POINT('Ctrl Pts',(2.92421159180437,24.5189967699235,-6.61780619621116));
#3611=CARTESIAN_POINT('Ctrl Pts',(2.90656010006074,24.933138586448,-6.52534949126207));
#3612=CARTESIAN_POINT('Ctrl Pts',(2.88448022730035,25.3474337666105,-6.43471467889645));
#3613=CARTESIAN_POINT('Ctrl Pts',(2.85825478396796,25.7615491324692,-6.34595791564886));
#3614=CARTESIAN_POINT('Ctrl Pts',(2.83484974441582,26.1311286432606,-6.26674645950679));
#3615=CARTESIAN_POINT('Ctrl Pts',(2.80813609383511,26.5005629629295,-6.18903358758721));
#3616=CARTESIAN_POINT('Ctrl Pts',(2.77816964655671,26.869990266715,-6.11279908123146));
#3617=CARTESIAN_POINT('Ctrl Pts',(2.7745585660885,26.9145077802105,-6.1036125088511));
#3618=CARTESIAN_POINT('Ctrl Pts',(2.77090028225692,26.9590251918266,-6.09444735033417));
#3619=CARTESIAN_POINT('Ctrl Pts',(2.76719491828133,27.003542743352,-6.08530352550057));
#3620=CARTESIAN_POINT('Ctrl Pts',(2.73886970876657,27.3438518148354,-6.01540465567722));
#3621=CARTESIAN_POINT('Ctrl Pts',(2.70779238396007,27.6841691410195,-5.94675506674848));
#3622=CARTESIAN_POINT('Ctrl Pts',(2.67394909406022,28.0244726046472,-5.8793670007343));
#3623=CARTESIAN_POINT('Ctrl Pts',(2.66662608075107,28.098107490637,-5.86478556654868));
#3624=CARTESIAN_POINT('Ctrl Pts',(2.65917367852242,28.1717417275773,-5.85026304114846));
#3625=CARTESIAN_POINT('Ctrl Pts',(2.65159193445944,28.2453750913984,-5.83579928503224));
#3626=CARTESIAN_POINT('Ctrl Pts',(2.61952163264794,28.556839601612,-5.77461850391877));
#3627=CARTESIAN_POINT('Ctrl Pts',(2.58513638565235,28.8682886446692,-5.71449151052909));
#3628=CARTESIAN_POINT('Ctrl Pts',(2.54835791732061,29.1797034009321,-5.65543063788193));
#3629=CARTESIAN_POINT('Ctrl Pts',(2.53625857365454,29.2821523154633,-5.63600085116733));
#3630=CARTESIAN_POINT('Ctrl Pts',(2.5239004788835,29.3845975192314,-5.61668612248799));
#3631=CARTESIAN_POINT('Ctrl Pts',(2.5112816019325,29.4870383421731,-5.59748590633228));
#3632=CARTESIAN_POINT('Ctrl Pts',(2.47682735494007,29.7667400485493,-5.545062145303));
#3633=CARTESIAN_POINT('Ctrl Pts',(2.44042913821241,30.0464093653575,-5.49349375602949));
#3634=CARTESIAN_POINT('Ctrl Pts',(2.40194605537543,30.3260824243379,-5.44278683765696));
#3635=CARTESIAN_POINT('Ctrl Pts',(2.38349172366842,30.4601979634127,-5.4184706388885));
#3636=CARTESIAN_POINT('Ctrl Pts',(2.36455843484524,30.5943143630465,-5.39435196684618));
#3637=CARTESIAN_POINT('Ctrl Pts',(2.34513329070092,30.7284356077435,-5.37042812624091));
#3638=CARTESIAN_POINT('Ctrl Pts',(2.30822783862434,30.983249941776,-5.32497568859691));
#3639=CARTESIAN_POINT('Ctrl Pts',(2.26954745268269,31.2380821797336,-5.28022801528768));
#3640=CARTESIAN_POINT('Ctrl Pts',(2.22893430538191,31.4927568502602,-5.23622724724386));
#3641=CARTESIAN_POINT('Ctrl Pts',(2.20359365817905,31.6516615746227,-5.20877288791052));
#3642=CARTESIAN_POINT('Ctrl Pts',(2.17750117386528,31.810504955483,-5.18160852310832));
#3643=CARTESIAN_POINT('Ctrl Pts',(2.15062440335681,31.9692443683309,-5.15473591367421));
#3644=CARTESIAN_POINT('Ctrl Pts',(2.11331750278682,32.1895861497138,-5.11743478897626));
#3645=CARTESIAN_POINT('Ctrl Pts',(2.07450259199346,32.4097283848092,-5.08069593320428));
#3646=CARTESIAN_POINT('Ctrl Pts',(2.03396056243671,32.6295985670262,-5.04454848205047));
#3647=CARTESIAN_POINT('Ctrl Pts',(1.99848475931006,32.8219932592267,-5.01291810057518));
#3648=CARTESIAN_POINT('Ctrl Pts',(1.96168698242402,33.0141796430068,-4.98174011252884));
#3649=CARTESIAN_POINT('Ctrl Pts',(1.92343813939764,33.2061091383413,-4.95100644001918));
#3650=CARTESIAN_POINT('Ctrl Pts',(1.88520277210667,33.3979710135626,-4.92028359551913));
#3651=CARTESIAN_POINT('Ctrl Pts',(1.84551136450565,33.5895753253449,-4.89000833498053));
#3652=CARTESIAN_POINT('Ctrl Pts',(1.80411218601171,33.7808911827248,-4.86018855091953));
#3653=CARTESIAN_POINT('Ctrl Pts',(1.80114048763928,33.7946241369205,-4.85804803975521));
#3654=CARTESIAN_POINT('Ctrl Pts',(1.79816000114676,33.8083556048275,-4.85590985617133));
#3655=CARTESIAN_POINT('Ctrl Pts',(1.79517063867536,33.8220855750204,-4.85377399398979));
#3656=CARTESIAN_POINT('Ctrl Pts',(1.75693225909001,33.9977122569477,-4.82645314895317));
#3657=CARTESIAN_POINT('Ctrl Pts',(1.71724053719983,34.1730941346321,-4.79951546793847));
#3658=CARTESIAN_POINT('Ctrl Pts',(1.67583240074176,34.3481408121792,-4.77297416694649));
#3659=CARTESIAN_POINT('Ctrl Pts',(1.66890594387756,34.3774213682477,-4.76853452797295));
#3660=CARTESIAN_POINT('Ctrl Pts',(1.66193151576563,34.4066925453475,-4.76410587490985));
#3661=CARTESIAN_POINT('Ctrl Pts',(1.65490795044949,34.4359539203962,-4.7596881405131));
#3662=CARTESIAN_POINT('Ctrl Pts',(1.61843376337626,34.5879116255654,-4.73674633480985));
#3663=CARTESIAN_POINT('Ctrl Pts',(1.58063466512754,34.7396054574738,-4.71410179524886));
#3664=CARTESIAN_POINT('Ctrl Pts',(1.54120402461237,34.8910498305908,-4.69175738722222));
#3665=CARTESIAN_POINT('Ctrl Pts',(1.52764968557095,34.9431090503327,-4.68407646502273));
#3666=CARTESIAN_POINT('Ctrl Pts',(1.51390275627244,34.9951387927651,-4.67643061083656));
#3667=CARTESIAN_POINT('Ctrl Pts',(1.49995141490867,35.0471396433954,-4.66881864406394));
#3668=CARTESIAN_POINT('Ctrl Pts',(1.46282571189627,35.1855183187179,-4.6485625546764));
#3669=CARTESIAN_POINT('Ctrl Pts',(1.42425205601061,35.3236929557588,-4.628549595802));
#3670=CARTESIAN_POINT('Ctrl Pts',(1.38393190836217,35.4613387244846,-4.60883371383483));
#3671=CARTESIAN_POINT('Ctrl Pts',(1.36502258972372,35.5258917544677,-4.59958737134605));
#3672=CARTESIAN_POINT('Ctrl Pts',(1.34572937839404,35.5903284642665,-4.59040568980561));
#3673=CARTESIAN_POINT('Ctrl Pts',(1.32602266949186,35.6546153482751,-4.58129041551423));
#3674=CARTESIAN_POINT('Ctrl Pts',(1.29122271551304,35.7681391546116,-4.56519380966193));
#3675=CARTESIAN_POINT('Ctrl Pts',(1.25513560184507,35.8811969440687,-4.54930621823104));
#3676=CARTESIAN_POINT('Ctrl Pts',(1.21741369264414,35.9936362838167,-4.53365631035003));
#3677=CARTESIAN_POINT('Ctrl Pts',(1.18822560085482,36.0806385018596,-4.52154687693582));
#3678=CARTESIAN_POINT('Ctrl Pts',(1.15805903633869,36.1672704414282,-4.50957896113509));
#3679=CARTESIAN_POINT('Ctrl Pts',(1.12675906220562,36.2534614846507,-4.49774519388492));
#3680=CARTESIAN_POINT('Ctrl Pts',(1.0944546349981,36.3424185000745,-4.48553166709097));
#3681=CARTESIAN_POINT('Ctrl Pts',(1.06094763685227,36.43090852063,-4.47346147445773));
#3682=CARTESIAN_POINT('Ctrl Pts',(1.02581182250757,36.5187245037884,-4.46158761494536));
#3683=CARTESIAN_POINT('Ctrl Pts',(0.992199248240749,36.6027334078306,-4.45022852189068));
#3684=CARTESIAN_POINT('Ctrl Pts',(0.95709615234146,36.6861254506149,-4.43904930888883));
#3685=CARTESIAN_POINT('Ctrl Pts',(0.920139459006009,36.7687193667819,-4.42804950091732));
#3686=CARTESIAN_POINT('Ctrl Pts',(0.90992341822876,36.7915510310722,-4.42500879362895));
#3687=CARTESIAN_POINT('Ctrl Pts',(0.899565790549018,36.8143217064601,-4.42198149868858));
#3688=CARTESIAN_POINT('Ctrl Pts',(0.889059033607648,36.8370275639633,-4.41896689747434));
#3689=CARTESIAN_POINT('Ctrl Pts',(0.860987348123576,36.8976924954958,-4.41091256276211));
#3690=CARTESIAN_POINT('Ctrl Pts',(0.831849947646429,36.9578943704646,-4.40295273263891));
#3691=CARTESIAN_POINT('Ctrl Pts',(0.801154915568474,37.0175790839745,-4.39511424748617));
#3692=CARTESIAN_POINT('Ctrl Pts',(0.783603616193237,37.0517065698907,-4.39063223231137));
#3693=CARTESIAN_POINT('Ctrl Pts',(0.765543242984179,37.0856649694695,-4.38618904818393));
#3694=CARTESIAN_POINT('Ctrl Pts',(0.746883393534008,37.1194441678455,-4.38178209778289));
#3695=CARTESIAN_POINT('Ctrl Pts',(0.715162955873268,37.1768664401513,-4.37429059063844));
#3696=CARTESIAN_POINT('Ctrl Pts',(0.681707017985563,37.2337711262539,-4.36690688710219));
#3697=CARTESIAN_POINT('Ctrl Pts',(0.646183449217976,37.2894151793508,-4.35971629354254));
#3698=CARTESIAN_POINT('Ctrl Pts',(0.624263559957609,37.3237504537671,-4.35527932338407));
#3699=CARTESIAN_POINT('Ctrl Pts',(0.601556313954337,37.3576057381648,-4.35091499330087));
#3700=CARTESIAN_POINT('Ctrl Pts',(0.577982208294039,37.3908064577777,-4.34663340109867));
#3701=CARTESIAN_POINT('Ctrl Pts',(0.551750645431172,37.4277498216606,-4.34186915440259));
#3702=CARTESIAN_POINT('Ctrl Pts',(0.524448185397107,37.4638870829871,-4.33720935201004));
#3703=CARTESIAN_POINT('Ctrl Pts',(0.495514003807083,37.4987242535574,-4.33275417271118));
#3704=CARTESIAN_POINT('Ctrl Pts',(0.468391165025324,37.5313805413481,-4.3285778973432));
#3705=CARTESIAN_POINT('Ctrl Pts',(0.439834646955175,37.5628944203121,-4.32458162296689));
#3706=CARTESIAN_POINT('Ctrl Pts',(0.409380184797359,37.5928589897896,-4.32080234553982));
#3707=CARTESIAN_POINT('Ctrl Pts',(0.395809058988563,37.6062118094874,-4.31911822289259));
#3708=CARTESIAN_POINT('Ctrl Pts',(0.381861000195616,37.6192569712895,-4.31747654577944));
#3709=CARTESIAN_POINT('Ctrl Pts',(0.367494656858533,37.6319584685041,-4.31587718051177));
#3710=CARTESIAN_POINT('Ctrl Pts',(0.333776434292535,37.6617692491569,-4.31212342405512));
#3711=CARTESIAN_POINT('Ctrl Pts',(0.29773142046508,37.689681336491,-4.30860521476701));
#3712=CARTESIAN_POINT('Ctrl Pts',(0.259568147643851,37.7137088940708,-4.30557589796597));
#3713=CARTESIAN_POINT('Ctrl Pts',(0.223152908315701,37.7366358915492,-4.30268533622542));
#3714=CARTESIAN_POINT('Ctrl Pts',(0.184809205407189,37.7560260640787,-4.30023979669195));
#3715=CARTESIAN_POINT('Ctrl Pts',(0.144670586230137,37.7701541453389,-4.29846058479316));
#3716=CARTESIAN_POINT('Ctrl Pts',(0.125825865962161,37.7767871522716,-4.29762526082792));
#3717=CARTESIAN_POINT('Ctrl Pts',(0.106584789685877,37.782260279603,-4.29693683762939));
#3718=CARTESIAN_POINT('Ctrl Pts',(0.0869571597813916,37.7863949863402,-4.29641836042671));
#3719=CARTESIAN_POINT('',(4.29641836042727,37.7863949863401,-0.0869571597540667));
#3720=CARTESIAN_POINT('Origin',(0.,37.7863949863401,0.));
#3721=CARTESIAN_POINT('',(8.13322696064,18.3410840402843,-2.80410665341495));
#3722=CARTESIAN_POINT('Ctrl Pts',(4.29641836042603,37.7863949863456,-0.0869571597552519));
#3723=CARTESIAN_POINT('Ctrl Pts',(4.29752565238298,37.7775646511048,-0.128875139217679));
#3724=CARTESIAN_POINT('Ctrl Pts',(4.2993822455734,37.7627663130328,-0.16886851290528));
#3725=CARTESIAN_POINT('Ctrl Pts',(4.30178828987187,37.7436519117862,-0.206937784691091));
#3726=CARTESIAN_POINT('Ctrl Pts',(4.30431522132063,37.7235771435598,-0.246919775117429));
#3727=CARTESIAN_POINT('Ctrl Pts',(4.30744814301045,37.698741711937,-0.284779289457481));
#3728=CARTESIAN_POINT('Ctrl Pts',(4.31094234609431,37.6710592721765,-0.320460200917403));
#3729=CARTESIAN_POINT('Ctrl Pts',(4.31254150399582,37.6583901195218,-0.336789936231803));
#3730=CARTESIAN_POINT('Ctrl Pts',(4.31421616268822,37.6451246527106,-0.352662614982822));
#3731=CARTESIAN_POINT('Ctrl Pts',(4.31594202101626,37.6314463114378,-0.368069396976023));
#3732=CARTESIAN_POINT('Ctrl Pts',(4.31965121416901,37.6020489912955,-0.401181460316598));
#3733=CARTESIAN_POINT('Ctrl Pts',(4.32359850275735,37.5707479873782,-0.432164354671));
#3734=CARTESIAN_POINT('Ctrl Pts',(4.32775255573574,37.5380741533846,-0.461443582535469));
#3735=CARTESIAN_POINT('Ctrl Pts',(4.33217488349322,37.5032901957016,-0.492613705491504));
#3736=CARTESIAN_POINT('Ctrl Pts',(4.33683126127,37.4669503634685,-0.521852838125138));
#3737=CARTESIAN_POINT('Ctrl Pts',(4.34162509973491,37.4296951454783,-0.549666982791673));
#3738=CARTESIAN_POINT('Ctrl Pts',(4.34336067871689,37.4162071287697,-0.559736918447306));
#3739=CARTESIAN_POINT('Ctrl Pts',(4.34511376617229,37.402599127291,-0.569620019443426));
#3740=CARTESIAN_POINT('Ctrl Pts',(4.34687815099242,37.3889015355067,-0.57934014843718));
#3741=CARTESIAN_POINT('Ctrl Pts',(4.35313731751037,37.3403092403936,-0.613822368672678));
#3742=CARTESIAN_POINT('Ctrl Pts',(4.35954363549739,37.2905839544118,-0.646254914487979));
#3743=CARTESIAN_POINT('Ctrl Pts',(4.36610128205096,37.2399800102748,-0.677087410337231));
#3744=CARTESIAN_POINT('Ctrl Pts',(4.37129402217727,37.1999087546616,-0.70150244049823));
#3745=CARTESIAN_POINT('Ctrl Pts',(4.37658033059777,37.1592865428021,-0.724914212596494));
#3746=CARTESIAN_POINT('Ctrl Pts',(4.381939384282,37.1182396585934,-0.747547674408145));
#3747=CARTESIAN_POINT('Ctrl Pts',(4.39024397377946,37.0546318756546,-0.782621331125867));
#3748=CARTESIAN_POINT('Ctrl Pts',(4.39872497791348,36.9900020696771,-0.815824134110984));
#3749=CARTESIAN_POINT('Ctrl Pts',(4.40737130313304,36.9245604361296,-0.847594500619303));
#3750=CARTESIAN_POINT('Ctrl Pts',(4.41135072468423,36.8944412999334,-0.862216629438464));
#3751=CARTESIAN_POINT('Ctrl Pts',(4.41536440962627,36.8641501985419,-0.876535427524183));
#3752=CARTESIAN_POINT('Ctrl Pts',(4.41940767768874,36.8337076241505,-0.890594150137635));
#3753=CARTESIAN_POINT('Ctrl Pts',(4.43080425396349,36.747900520666,-0.930220833828769));
#3754=CARTESIAN_POINT('Ctrl Pts',(4.44244017538316,36.6608881433634,-0.967777607218995));
#3755=CARTESIAN_POINT('Ctrl Pts',(4.45423321253418,36.5733902142374,-1.00358246678398));
#3756=CARTESIAN_POINT('Ctrl Pts',(4.45571475961363,36.5623979397541,-1.00808059431801));
#3757=CARTESIAN_POINT('Ctrl Pts',(4.45719871931748,36.5513980019825,-1.01255107100505));
#3758=CARTESIAN_POINT('Ctrl Pts',(4.45868487224165,36.5403918279559,-1.01699452707669));
#3759=CARTESIAN_POINT('Ctrl Pts',(4.47058013581739,36.4522977032676,-1.0525602352215));
#3760=CARTESIAN_POINT('Ctrl Pts',(4.48261979848708,36.3638039539426,-1.08639522587222));
#3761=CARTESIAN_POINT('Ctrl Pts',(4.49479351974588,36.2749856788384,-1.11890738489383));
#3762=CARTESIAN_POINT('Ctrl Pts',(4.49624736326485,36.2643785792605,-1.12279014109273));
#3763=CARTESIAN_POINT('Ctrl Pts',(4.49770306046657,36.2537668512086,-1.12665404766626));
#3764=CARTESIAN_POINT('Ctrl Pts',(4.49916054742476,36.2431506225962,-1.13049981316243));
#3765=CARTESIAN_POINT('Ctrl Pts',(4.51400908087896,36.1349949888029,-1.1696795652049));
#3766=CARTESIAN_POINT('Ctrl Pts',(4.52904654923775,36.0263735054117,-1.20697881234964));
#3767=CARTESIAN_POINT('Ctrl Pts',(4.54428351444333,35.9173833064388,-1.24275080804151));
#3768=CARTESIAN_POINT('Ctrl Pts',(4.55708475233885,35.8258158947851,-1.27280441915573));
#3769=CARTESIAN_POINT('Ctrl Pts',(4.57002566515788,35.7339882284942,-1.30178030909199));
#3770=CARTESIAN_POINT('Ctrl Pts',(4.58308567692261,35.641957908805,-1.32989688872445));
#3771=CARTESIAN_POINT('Ctrl Pts',(4.60200246299581,35.5086565074608,-1.37062237439774));
#3772=CARTESIAN_POINT('Ctrl Pts',(4.62117154851933,35.374927962066,-1.40953912463499));
#3773=CARTESIAN_POINT('Ctrl Pts',(4.64060265214133,35.2408494969044,-1.44695823985059));
#3774=CARTESIAN_POINT('Ctrl Pts',(4.65055426146294,35.1721814207268,-1.46612238116905));
#3775=CARTESIAN_POINT('Ctrl Pts',(4.66057377649722,35.1034215619871,-1.48489401112242));
#3776=CARTESIAN_POINT('Ctrl Pts',(4.67065766238288,35.0345802945704,-1.50331689959058));
#3777=CARTESIAN_POINT('Ctrl Pts',(4.69314492206179,34.88106294277,-1.54440029558663));
#3778=CARTESIAN_POINT('Ctrl Pts',(4.71595615334268,34.7271399014038,-1.58374548120476));
#3779=CARTESIAN_POINT('Ctrl Pts',(4.73908465264134,34.5728976856711,-1.62164694734251));
#3780=CARTESIAN_POINT('Ctrl Pts',(4.74657842575615,34.5229222785121,-1.63392725071574));
#3781=CARTESIAN_POINT('Ctrl Pts',(4.7541051298381,34.4729133644587,-1.64605616464485));
#3782=CARTESIAN_POINT('Ctrl Pts',(4.7616634929951,34.4228738862495,-1.65804420421831));
#3783=CARTESIAN_POINT('Ctrl Pts',(4.78893426084944,34.2423301672655,-1.70129735803558));
#3784=CARTESIAN_POINT('Ctrl Pts',(4.81661741538722,34.061390113488,-1.74272297068418));
#3785=CARTESIAN_POINT('Ctrl Pts',(4.84473847460483,33.8800915958891,-1.78255252562276));
#3786=CARTESIAN_POINT('Ctrl Pts',(4.87354805303404,33.6943541447696,-1.82335727191357));
#3787=CARTESIAN_POINT('Ctrl Pts',(4.9028170345229,33.5082404616017,-1.86248671247072));
#3788=CARTESIAN_POINT('Ctrl Pts',(4.93252503744619,33.321791267733,-1.90021579913817));
#3789=CARTESIAN_POINT('Ctrl Pts',(4.93950391407015,33.2779914228223,-1.90907895435148));
#3790=CARTESIAN_POINT('Ctrl Pts',(4.94650682282851,33.2341730626223,-1.91786494656037));
#3791=CARTESIAN_POINT('Ctrl Pts',(4.95353314847444,33.1903367150412,-1.92657755557238));
#3792=CARTESIAN_POINT('Ctrl Pts',(4.98967714799098,32.9648389220805,-1.97139593601571));
#3793=CARTESIAN_POINT('Ctrl Pts',(5.02644976006454,32.7388628833147,-2.01425825936534));
#3794=CARTESIAN_POINT('Ctrl Pts',(5.0638301728416,32.5126828242159,-2.05533024161055));
#3795=CARTESIAN_POINT('Ctrl Pts',(5.09484346452808,32.3250287127342,-2.08940630634288));
#3796=CARTESIAN_POINT('Ctrl Pts',(5.12627416748837,32.1372341644301,-2.1222503999262));
#3797=CARTESIAN_POINT('Ctrl Pts',(5.15808710848173,31.9494557891652,-2.15397117273272));
#3798=CARTESIAN_POINT('Ctrl Pts',(5.200265403943,31.7004950975141,-2.1960272695888));
#3799=CARTESIAN_POINT('Ctrl Pts',(5.24311792057557,31.4515620217913,-2.23610484145752));
#3800=CARTESIAN_POINT('Ctrl Pts',(5.28665111356096,31.2026777715547,-2.27436623335733));
#3801=CARTESIAN_POINT('Ctrl Pts',(5.31552875980331,31.0375809605757,-2.29974684213541));
#3802=CARTESIAN_POINT('Ctrl Pts',(5.34470499161401,30.8725056342879,-2.32432890319579));
#3803=CARTESIAN_POINT('Ctrl Pts',(5.37417165229243,30.7074579836148,-2.34816741251507));
#3804=CARTESIAN_POINT('Ctrl Pts',(5.42423738265796,30.4270315292486,-2.38867055581046));
#3805=CARTESIAN_POINT('Ctrl Pts',(5.47514530904862,30.1466843936969,-2.4270216173568));
#3806=CARTESIAN_POINT('Ctrl Pts',(5.52690219550335,29.8664171353575,-2.4633403158847));
#3807=CARTESIAN_POINT('Ctrl Pts',(5.55152893972959,29.7330615462002,-2.48062132640412));
#3808=CARTESIAN_POINT('Ctrl Pts',(5.57634727202909,29.5997240412976,-2.49744267640381));
#3809=CARTESIAN_POINT('Ctrl Pts',(5.60135471838938,29.466404680803,-2.51381985265317));
#3810=CARTESIAN_POINT('Ctrl Pts',(5.6594164759307,29.1568666226951,-2.55184403244754));
#3811=CARTESIAN_POINT('Ctrl Pts',(5.71850171062635,28.8474260533387,-2.58746891121129));
#3812=CARTESIAN_POINT('Ctrl Pts',(5.7786108810658,28.5380876294418,-2.62076882127842));
#3813=CARTESIAN_POINT('Ctrl Pts',(5.79880127700805,28.4341822650362,-2.63195410905034));
#3814=CARTESIAN_POINT('Ctrl Pts',(5.819106855131,28.3302884252679,-2.64287735113195));
#3815=CARTESIAN_POINT('Ctrl Pts',(5.83952662044403,28.2264062866154,-2.65354219725328));
#3816=CARTESIAN_POINT('Ctrl Pts',(5.90623526600478,27.8870372164408,-2.6883828248982));
#3817=CARTESIAN_POINT('Ctrl Pts',(5.97416684623316,27.5477928364475,-2.720461133196));
#3818=CARTESIAN_POINT('Ctrl Pts',(6.04332126717875,27.2086722419943,-2.74978878915927));
#3819=CARTESIAN_POINT('Ctrl Pts',(6.05835615368712,27.1349439165952,-2.75616492495702));
#3820=CARTESIAN_POINT('Ctrl Pts',(6.07344868292266,27.0612214421993,-2.7624111613687));
#3821=CARTESIAN_POINT('Ctrl Pts',(6.08859859647568,26.9875048095099,-2.76852781462345));
#3822=CARTESIAN_POINT('Ctrl Pts',(6.16345981291809,26.6232441966786,-2.79875241634178));
#3823=CARTESIAN_POINT('Ctrl Pts',(6.23972646694723,26.2591261224418,-2.82580914220033));
#3824=CARTESIAN_POINT('Ctrl Pts',(6.31738883609713,25.895145597403,-2.84964850203858));
#3825=CARTESIAN_POINT('Ctrl Pts',(6.32773417128168,25.8466600750916,-2.85282412197924));
#3826=CARTESIAN_POINT('Ctrl Pts',(6.3381042096933,25.7981769935449,-2.8559426922833));
#3827=CARTESIAN_POINT('Ctrl Pts',(6.34849887081407,25.7496963409693,-2.85900413463846));
#3828=CARTESIAN_POINT('Ctrl Pts',(6.43692619059197,25.3372717204326,-2.8850478063826));
#3829=CARTESIAN_POINT('Ctrl Pts',(6.52713727020272,24.9250253650399,-2.90696118785018));
#3830=CARTESIAN_POINT('Ctrl Pts',(6.61915223992382,24.5129423057111,-2.924482322505));
#3831=CARTESIAN_POINT('Ctrl Pts',(6.71116720964492,24.1008592463823,-2.94200345715982));
#3832=CARTESIAN_POINT('Ctrl Pts',(6.80498604157632,23.6889394831173,-2.95513220915561));
#3833=CARTESIAN_POINT('Ctrl Pts',(6.90057192551867,23.2771680468358,-2.96361990112715));
#3834=CARTESIAN_POINT('Ctrl Pts',(6.99615780946101,22.8653966105542,-2.9721075930987));
#3835=CARTESIAN_POINT('Ctrl Pts',(7.09351542427253,22.4537748958372,-2.97594608176761));
#3836=CARTESIAN_POINT('Ctrl Pts',(7.19266782921558,22.0422739200293,-2.9746171341814));
#3837=CARTESIAN_POINT('Ctrl Pts',(7.28377840132172,21.6641480505697,-2.97339597192166));
#3838=CARTESIAN_POINT('Ctrl Pts',(7.37640425635653,21.2861241290114,-2.96781128720543));
#3839=CARTESIAN_POINT('Ctrl Pts',(7.47051715746679,20.9081796681878,-2.95743968806521));
#3840=CARTESIAN_POINT('Ctrl Pts',(7.47882398949551,20.8748205737894,-2.95652424362656));
#3841=CARTESIAN_POINT('Ctrl Pts',(7.4871423753973,20.8414620984401,-2.95557149303005));
#3842=CARTESIAN_POINT('Ctrl Pts',(7.49547227732277,20.808104226677,-2.95458113756315));
#3843=CARTESIAN_POINT('Ctrl Pts',(7.57539030601041,20.4880650021607,-2.94507955431244));
#3844=CARTESIAN_POINT('Ctrl Pts',(7.65637449450018,20.1680842887438,-2.93210933637568));
#3845=CARTESIAN_POINT('Ctrl Pts',(7.73845769069472,19.8481356485355,-2.91518089122982));
#3846=CARTESIAN_POINT('Ctrl Pts',(7.81712050435622,19.5415191736323,-2.8989578493915));
#3847=CARTESIAN_POINT('Ctrl Pts',(7.89679299007253,19.2349321546662,-2.8790994031378));
#3848=CARTESIAN_POINT('Ctrl Pts',(7.97747005749574,18.928351322919,-2.8551418033227));
#3849=CARTESIAN_POINT('Ctrl Pts',(8.02898352375619,18.732595058633,-2.83984453175379));
#3850=CARTESIAN_POINT('Ctrl Pts',(8.08090586869858,18.5368413168798,-2.82287538018768));
#3851=CARTESIAN_POINT('Ctrl Pts',(8.13322696064,18.3410840402843,-2.80410665341496));
#3852=CARTESIAN_POINT('',(10.597711216499,8.54986979916517,-1.92486824376951));
#3853=CARTESIAN_POINT('Ctrl Pts',(8.13322696063999,18.3410840402843,-2.80410665341497));
#3854=CARTESIAN_POINT('Ctrl Pts',(8.2541841105379,17.8885276931178,-2.76071666262155));
#3855=CARTESIAN_POINT('Ctrl Pts',(8.37394516277917,17.4356250854393,-2.71757390102108));
#3856=CARTESIAN_POINT('Ctrl Pts',(8.49263397076904,16.9824092919492,-2.67479268907572));
#3857=CARTESIAN_POINT('Ctrl Pts',(8.61192281957169,16.5269022295712,-2.63179519327325));
#3858=CARTESIAN_POINT('Ctrl Pts',(8.73012876786948,16.0710788067048,-2.58916286201099));
#3859=CARTESIAN_POINT('Ctrl Pts',(8.84737488710116,15.6149726022261,-2.54695889878939));
#3860=CARTESIAN_POINT('Ctrl Pts',(8.96518318039897,15.1566794504845,-2.50455257515053));
#3861=CARTESIAN_POINT('Ctrl Pts',(9.08202258105224,14.6981007988554,-2.46257868396083));
#3862=CARTESIAN_POINT('Ctrl Pts',(9.19801242279998,14.2392707115488,-2.4210488976037));
#3863=CARTESIAN_POINT('Ctrl Pts',(9.31764657008442,13.7660245598491,-2.37821427947786));
#3864=CARTESIAN_POINT('Ctrl Pts',(9.43637710445342,13.2925109244586,-2.33585230108937));
#3865=CARTESIAN_POINT('Ctrl Pts',(9.554326514675,12.8187671823331,-2.29391874598074));
#3866=CARTESIAN_POINT('Ctrl Pts',(9.66990889338543,12.3545306209871,-2.25282672154301));
#3867=CARTESIAN_POINT('Ctrl Pts',(9.78474123906281,11.8900730958875,-2.2121458303609));
#3868=CARTESIAN_POINT('Ctrl Pts',(9.89892927970214,11.4254297785826,-2.17178189170146));
#3869=CARTESIAN_POINT('Ctrl Pts',(10.0166250352727,10.9465131950699,-2.1301780229274));
#3870=CARTESIAN_POINT('Ctrl Pts',(10.1336364195798,10.4673992294186,-2.08891107651678));
#3871=CARTESIAN_POINT('Ctrl Pts',(10.2500674981818,9.988126395044,-2.04782141376706));
#3872=CARTESIAN_POINT('Ctrl Pts',(10.3664985767837,9.50885356066936,-2.00673175101734));
#3873=CARTESIAN_POINT('Ctrl Pts',(10.4823494096249,9.02942185757135,-1.96581929801457));
#3874=CARTESIAN_POINT('Ctrl Pts',(10.597711216499,8.54986979916517,-1.92486824376951));
#3875=CARTESIAN_POINT('',(10.597711216499,8.54986979916517,1.92486824376951));
#3876=CARTESIAN_POINT('Ctrl Pts',(10.597711216499,8.54986979916517,-1.92486824376951));
#3877=CARTESIAN_POINT('Ctrl Pts',(10.6568275337236,8.30412684160712,-1.90388317445556));
#3878=CARTESIAN_POINT('Ctrl Pts',(10.7756558996427,7.81400869599893,-1.85544780051757));
#3879=CARTESIAN_POINT('Ctrl Pts',(10.9555221869771,7.08340190163749,-1.76059520011127));
#3880=CARTESIAN_POINT('Ctrl Pts',(11.136768161575,6.35812462333794,-1.63949513018494));
#3881=CARTESIAN_POINT('Ctrl Pts',(11.3190950069937,5.63911720436812,-1.48561122821011));
#3882=CARTESIAN_POINT('Ctrl Pts',(11.4713277791265,5.04728158846737,-1.32156466912143));
#3883=CARTESIAN_POINT('Ctrl Pts',(11.5930722615222,4.57887077071147,-1.1571329167421));
#3884=CARTESIAN_POINT('Ctrl Pts',(11.6826966977215,4.23638068082704,-1.01381277950709));
#3885=CARTESIAN_POINT('Ctrl Pts',(11.7697835711073,3.90575322305596,-0.843403724850623));
#3886=CARTESIAN_POINT('Ctrl Pts',(11.8386315835486,3.64601357254144,-0.667756866847801));
#3887=CARTESIAN_POINT('Ctrl Pts',(11.8874605119109,3.46254943274648,-0.497113572443179));
#3888=CARTESIAN_POINT('Ctrl Pts',(11.9192734953846,3.34331755884205,-0.347671967721019));
#3889=CARTESIAN_POINT('Ctrl Pts',(11.9419918329005,3.25834893239613,-0.17491439535164));
#3890=CARTESIAN_POINT('Ctrl Pts',(11.9496563078012,3.22971702205539,0.0180966808208033));
#3891=CARTESIAN_POINT('Ctrl Pts',(11.9387262795546,3.27055334711425,0.208902491568072));
#3892=CARTESIAN_POINT('Ctrl Pts',(11.905522886198,3.39477674820529,0.43335629065229));
#3893=CARTESIAN_POINT('Ctrl Pts',(11.8448215000578,3.62257459801505,0.654685565531008));
#3894=CARTESIAN_POINT('Ctrl Pts',(11.7623705532945,3.93382466553249,0.859406018873313));
#3895=CARTESIAN_POINT('Ctrl Pts',(11.6757906271712,4.26269143899588,1.02579336282032));
#3896=CARTESIAN_POINT('Ctrl Pts',(11.5859697142165,4.60611426806915,1.16742891194477));
#3897=CARTESIAN_POINT('Ctrl Pts',(11.4653187479574,5.07055855136554,1.32848781916436));
#3898=CARTESIAN_POINT('Ctrl Pts',(11.3141833295873,5.65837414005695,1.49017121369305));
#3899=CARTESIAN_POINT('Ctrl Pts',(11.1332021443616,6.37231699787739,1.64207953768606));
#3900=CARTESIAN_POINT('Ctrl Pts',(10.953207284321,7.0927590765422,1.76191272985097));
#3901=CARTESIAN_POINT('Ctrl Pts',(10.7745347778745,7.818621644012,1.85592217629206));
#3902=CARTESIAN_POINT('Ctrl Pts',(10.6564601795366,8.30565391075858,1.90401357759024));
#3903=CARTESIAN_POINT('Ctrl Pts',(10.597711216499,8.54986979916517,1.92486824376951));
#3904=CARTESIAN_POINT('',(8.13322696063999,18.3410840402843,2.80410665341498));
#3905=CARTESIAN_POINT('Ctrl Pts',(10.597711216499,8.54986979916517,1.92486824376951));
#3906=CARTESIAN_POINT('Ctrl Pts',(10.485143225952,9.01780813196525,1.96482755103122));
#3907=CARTESIAN_POINT('Ctrl Pts',(10.3721096182981,9.48563163220214,2.00474985798215));
#3908=CARTESIAN_POINT('Ctrl Pts',(10.2585257720348,9.95330459470442,2.04483631588565));
#3909=CARTESIAN_POINT('Ctrl Pts',(10.1453297104937,10.4193808827167,2.08478591527934));
#3910=CARTESIAN_POINT('Ctrl Pts',(10.0315871021775,10.8853076591364,2.12489858231383));
#3911=CARTESIAN_POINT('Ctrl Pts',(9.91720266100299,11.3510495832464,2.16532311858042));
#3912=CARTESIAN_POINT('Ctrl Pts',(9.80326202225013,11.814984466192,2.20559081090124));
#3913=CARTESIAN_POINT('Ctrl Pts',(9.68868445424744,12.2787359284692,2.24616799804365));
#3914=CARTESIAN_POINT('Ctrl Pts',(9.57336524827827,12.7422690391243,2.28715119803329));
#3915=CARTESIAN_POINT('Ctrl Pts',(9.45702227661446,13.2099172431243,2.32849823329091));
#3916=CARTESIAN_POINT('Ctrl Pts',(9.33992437043167,13.6773432013865,2.3702586869293));
#3917=CARTESIAN_POINT('Ctrl Pts',(9.2219542591547,14.1445110443574,2.41247840311354));
#3918=CARTESIAN_POINT('Ctrl Pts',(9.10629271953504,14.6025368221916,2.45387191646464));
#3919=CARTESIAN_POINT('Ctrl Pts',(8.98979263836143,15.060314488069,2.4957068140626));
#3920=CARTESIAN_POINT('Ctrl Pts',(8.87233578232192,15.5178102373032,2.53797508547057));
#3921=CARTESIAN_POINT('Ctrl Pts',(8.75136231778359,15.9890032154109,2.5815088510138));
#3922=CARTESIAN_POINT('Ctrl Pts',(8.62937378796667,16.4598971432418,2.62550271377289));
#3923=CARTESIAN_POINT('Ctrl Pts',(8.50623477585432,16.9304550880029,2.66989014333737));
#3924=CARTESIAN_POINT('Ctrl Pts',(8.38309576374196,17.4010130327641,2.71427757290184));
#3925=CARTESIAN_POINT('Ctrl Pts',(8.25880602238894,17.8712349944555,2.75905868115593));
#3926=CARTESIAN_POINT('Ctrl Pts',(8.13322696064,18.3410840402843,2.80410665341497));
#3927=CARTESIAN_POINT('',(4.29641836042671,37.7863949863401,0.0869571597815623));
#3928=CARTESIAN_POINT('Ctrl Pts',(8.13322696063999,18.3410840402843,2.804106653415));
#3929=CARTESIAN_POINT('Ctrl Pts',(8.05061145740876,18.6501866472257,2.83374265201139));
#3930=CARTESIAN_POINT('Ctrl Pts',(7.96890190433996,18.9596238113232,2.8589220974746));
#3931=CARTESIAN_POINT('Ctrl Pts',(7.88814179012595,19.2693924054751,2.88011903263778));
#3932=CARTESIAN_POINT('Ctrl Pts',(7.80396891574357,19.5922511980476,2.90221170769335));
#3933=CARTESIAN_POINT('Ctrl Pts',(7.72082704164283,19.915470023658,2.91997840070472));
#3934=CARTESIAN_POINT('Ctrl Pts',(7.63871998532775,20.2390453417808,2.93392086103964));
#3935=CARTESIAN_POINT('Ctrl Pts',(7.59108964254425,20.4267515391547,2.94200888897294));
#3936=CARTESIAN_POINT('Ctrl Pts',(7.54380672878016,20.6145777021651,2.94880933437496));
#3937=CARTESIAN_POINT('Ctrl Pts',(7.49686621106078,20.8025231396538,2.95441470083082));
#3938=CARTESIAN_POINT('Ctrl Pts',(7.40151528142387,21.1842993333614,2.96580096004759));
#3939=CARTESIAN_POINT('Ctrl Pts',(7.30757551519834,21.5665637801555,2.97226993156455));
#3940=CARTESIAN_POINT('Ctrl Pts',(7.21510265612745,21.949284846216,2.9742337541457));
#3941=CARTESIAN_POINT('Ctrl Pts',(7.11988382197377,22.3433707875667,2.97625589230105));
#3942=CARTESIAN_POINT('Ctrl Pts',(7.02622010784914,22.73794086938,2.97350148528484));
#3943=CARTESIAN_POINT('Ctrl Pts',(6.93412034833915,23.1329605552324,2.96640312718779));
#3944=CARTESIAN_POINT('Ctrl Pts',(6.92289918730365,23.1810885800039,2.96553828432915));
#3945=CARTESIAN_POINT('Ctrl Pts',(6.91170118266006,23.2292232788153,2.96460893680476));
#3946=CARTESIAN_POINT('Ctrl Pts',(6.90052630196031,23.2773645892048,2.96361584871856));
#3947=CARTESIAN_POINT('Ctrl Pts',(6.80454149202067,23.6908665005121,2.95508588103761));
#3948=CARTESIAN_POINT('Ctrl Pts',(6.71026290116025,24.1048549533988,2.94186308354804));
#3949=CARTESIAN_POINT('Ctrl Pts',(6.61780619621117,24.5189967699234,2.92421159180441));
#3950=CARTESIAN_POINT('Ctrl Pts',(6.52534949126209,24.9331385864479,2.90656010006078));
#3951=CARTESIAN_POINT('Ctrl Pts',(6.43471467889646,25.3474337666103,2.88448022730039));
#3952=CARTESIAN_POINT('Ctrl Pts',(6.34595791564887,25.7615491324691,2.858254783968));
#3953=CARTESIAN_POINT('Ctrl Pts',(6.26674645950694,26.1311286432598,2.8348497444159));
#3954=CARTESIAN_POINT('Ctrl Pts',(6.18903358758751,26.5005629629281,2.80813609383525));
#3955=CARTESIAN_POINT('Ctrl Pts',(6.11279908123189,26.8699902667129,2.77816964655692));
#3956=CARTESIAN_POINT('Ctrl Pts',(6.10361250885138,26.914507780209,2.77455856608865));
#3957=CARTESIAN_POINT('Ctrl Pts',(6.09444735033432,26.9590251918257,2.77090028225702));
#3958=CARTESIAN_POINT('Ctrl Pts',(6.08530352550058,27.0035427433518,2.76719491828138));
#3959=CARTESIAN_POINT('Ctrl Pts',(6.01540465567681,27.3438518148373,2.73886970876644));
#3960=CARTESIAN_POINT('Ctrl Pts',(5.94675506674766,27.6841691410235,2.70779238395973));
#3961=CARTESIAN_POINT('Ctrl Pts',(5.87936700073309,28.0244726046532,2.67394909405964));
#3962=CARTESIAN_POINT('Ctrl Pts',(5.86478556654788,28.098107490641,2.66662608075069));
#3963=CARTESIAN_POINT('Ctrl Pts',(5.85026304114807,28.1717417275792,2.65917367852224));
#3964=CARTESIAN_POINT('Ctrl Pts',(5.83579928503225,28.2453750913983,2.65159193445948));
#3965=CARTESIAN_POINT('Ctrl Pts',(5.77461850391881,28.5568396016117,2.61952163264799));
#3966=CARTESIAN_POINT('Ctrl Pts',(5.71449151052915,28.8682886446689,2.58513638565242));
#3967=CARTESIAN_POINT('Ctrl Pts',(5.65543063788201,29.1797034009316,2.54835791732069));
#3968=CARTESIAN_POINT('Ctrl Pts',(5.63600085116739,29.2821523154629,2.53625857365461));
#3969=CARTESIAN_POINT('Ctrl Pts',(5.61668612248802,29.3845975192311,2.52390047888355));
#3970=CARTESIAN_POINT('Ctrl Pts',(5.59748590633229,29.487038342173,2.51128160193255));
#3971=CARTESIAN_POINT('Ctrl Pts',(5.54506214530315,29.7667400485484,2.47682735494021));
#3972=CARTESIAN_POINT('Ctrl Pts',(5.49349375602977,30.0464093653559,2.44042913821264));
#3973=CARTESIAN_POINT('Ctrl Pts',(5.44278683765737,30.3260824243356,2.40194605537578));
#3974=CARTESIAN_POINT('Ctrl Pts',(5.41847063888877,30.4601979634111,2.38349172366868));
#3975=CARTESIAN_POINT('Ctrl Pts',(5.39435196684632,30.5943143630457,2.36455843484539));
#3976=CARTESIAN_POINT('Ctrl Pts',(5.37042812624092,30.7284356077434,2.34513329070097));
#3977=CARTESIAN_POINT('Ctrl Pts',(5.3249756885968,30.9832499417765,2.3082278386243));
#3978=CARTESIAN_POINT('Ctrl Pts',(5.28022801528745,31.2380821797348,2.26954745268253));
#3979=CARTESIAN_POINT('Ctrl Pts',(5.23622724724352,31.4927568502621,2.22893430538164));
#3980=CARTESIAN_POINT('Ctrl Pts',(5.2087728879103,31.6516615746239,2.20359365817888));
#3981=CARTESIAN_POINT('Ctrl Pts',(5.18160852310822,31.8105049554835,2.17750117386521));
#3982=CARTESIAN_POINT('Ctrl Pts',(5.15473591367422,31.9692443683307,2.15062440335686));
#3983=CARTESIAN_POINT('Ctrl Pts',(5.11743478897631,32.1895861497134,2.11331750278691));
#3984=CARTESIAN_POINT('Ctrl Pts',(5.08069593320438,32.4097283848085,2.07450259199361));
#3985=CARTESIAN_POINT('Ctrl Pts',(5.04454848205062,32.6295985670253,2.03396056243691));
#3986=CARTESIAN_POINT('Ctrl Pts',(5.01291810057527,32.821993259226,1.99848475931021));
#3987=CARTESIAN_POINT('Ctrl Pts',(4.98174011252889,33.0141796430064,1.96168698242413));
#3988=CARTESIAN_POINT('Ctrl Pts',(4.95100644001919,33.2061091383412,1.92343813939769));
#3989=CARTESIAN_POINT('Ctrl Pts',(4.92028359551905,33.397971013563,1.88520277210663));
#3990=CARTESIAN_POINT('Ctrl Pts',(4.89000833498038,33.5895753253457,1.84551136450549));
#3991=CARTESIAN_POINT('Ctrl Pts',(4.86018855091931,33.7808911827262,1.80411218601144));
#3992=CARTESIAN_POINT('Ctrl Pts',(4.85804803975506,33.7946241369214,1.80114048763911));
#3993=CARTESIAN_POINT('Ctrl Pts',(4.85590985617126,33.8083556048278,1.79816000114671));
#3994=CARTESIAN_POINT('Ctrl Pts',(4.8537739939898,33.8220855750202,1.79517063867541));
#3995=CARTESIAN_POINT('Ctrl Pts',(4.82645314895324,33.9977122569472,1.75693225909015));
#3996=CARTESIAN_POINT('Ctrl Pts',(4.79951546793859,34.1730941346312,1.71724053720007));
#3997=CARTESIAN_POINT('Ctrl Pts',(4.77297416694668,34.3481408121779,1.67583240074211));
#3998=CARTESIAN_POINT('Ctrl Pts',(4.76853452797308,34.3774213682468,1.66890594387781));
#3999=CARTESIAN_POINT('Ctrl Pts',(4.76410587490992,34.406692545347,1.66193151576579));
#4000=CARTESIAN_POINT('Ctrl Pts',(4.7596881405131,34.4359539203961,1.65490795044955));
#4001=CARTESIAN_POINT('Ctrl Pts',(4.73674633480983,34.5879116255654,1.61843376337628));
#4002=CARTESIAN_POINT('Ctrl Pts',(4.71410179524881,34.739605457474,1.58063466512752));
#4003=CARTESIAN_POINT('Ctrl Pts',(4.69175738722215,34.8910498305912,1.54120402461229));
#4004=CARTESIAN_POINT('Ctrl Pts',(4.68407646502269,34.9431090503329,1.52764968557092));
#4005=CARTESIAN_POINT('Ctrl Pts',(4.67643061083654,34.9951387927652,1.51390275627246));
#4006=CARTESIAN_POINT('Ctrl Pts',(4.66881864406395,35.0471396433953,1.49995141490873));
#4007=CARTESIAN_POINT('Ctrl Pts',(4.64856255467641,35.1855183187178,1.46282571189634));
#4008=CARTESIAN_POINT('Ctrl Pts',(4.62854959580201,35.3236929557587,1.42425205601067));
#4009=CARTESIAN_POINT('Ctrl Pts',(4.60883371383484,35.4613387244845,1.38393190836224));
#4010=CARTESIAN_POINT('Ctrl Pts',(4.59958737134606,35.5258917544676,1.36502258972378));
#4011=CARTESIAN_POINT('Ctrl Pts',(4.59040568980562,35.5903284642664,1.3457293783941));
#4012=CARTESIAN_POINT('Ctrl Pts',(4.58129041551424,35.654615348275,1.32602266949193));
#4013=CARTESIAN_POINT('Ctrl Pts',(4.56519380966193,35.7681391546116,1.29122271551309));
#4014=CARTESIAN_POINT('Ctrl Pts',(4.54930621823103,35.8811969440688,1.25513560184509));
#4015=CARTESIAN_POINT('Ctrl Pts',(4.53365631035001,35.9936362838168,1.21741369264415));
#4016=CARTESIAN_POINT('Ctrl Pts',(4.52154687693581,36.0806385018596,1.18822560085485));
#4017=CARTESIAN_POINT('Ctrl Pts',(4.50957896113509,36.1672704414282,1.15805903633874));
#4018=CARTESIAN_POINT('Ctrl Pts',(4.49774519388493,36.2534614846506,1.12675906220569));
#4019=CARTESIAN_POINT('Ctrl Pts',(4.48553166709078,36.3424185000759,1.09445463499763));
#4020=CARTESIAN_POINT('Ctrl Pts',(4.47346147445733,36.4309085206329,1.06094763685121));
#4021=CARTESIAN_POINT('Ctrl Pts',(4.46158761494476,36.5187245037928,1.02581182250587));
#4022=CARTESIAN_POINT('Ctrl Pts',(4.45022852189014,36.6027334078346,0.992199248239135));
#4023=CARTESIAN_POINT('Ctrl Pts',(4.43904930888835,36.6861254506185,0.957096152339943));
#4024=CARTESIAN_POINT('Ctrl Pts',(4.42804950091688,36.7687193667851,0.920139459004602));
#4025=CARTESIAN_POINT('Ctrl Pts',(4.42500879362867,36.7915510310743,0.909923418227837));
#4026=CARTESIAN_POINT('Ctrl Pts',(4.42198149868844,36.8143217064611,0.899565790548593));
#4027=CARTESIAN_POINT('Ctrl Pts',(4.41896689747435,36.8370275639632,0.889059033607735));
#4028=CARTESIAN_POINT('Ctrl Pts',(4.41091256276212,36.8976924954957,0.860987348123642));
#4029=CARTESIAN_POINT('Ctrl Pts',(4.40295273263891,36.9578943704646,0.831849947646471));
#4030=CARTESIAN_POINT('Ctrl Pts',(4.39511424748616,37.0175790839746,0.80115491556849));
#4031=CARTESIAN_POINT('Ctrl Pts',(4.39063223231137,37.0517065698907,0.783603616193277));
#4032=CARTESIAN_POINT('Ctrl Pts',(4.38618904818393,37.0856649694695,0.765543242984245));
#4033=CARTESIAN_POINT('Ctrl Pts',(4.38178209778289,37.1194441678454,0.746883393534101));
#4034=CARTESIAN_POINT('Ctrl Pts',(4.37429059063845,37.1768664401512,0.715162955873388));
#4035=CARTESIAN_POINT('Ctrl Pts',(4.36690688710221,37.2337711262537,0.681707017985716));
#4036=CARTESIAN_POINT('Ctrl Pts',(4.35971629354256,37.2894151793505,0.646183449218165));
#4037=CARTESIAN_POINT('Ctrl Pts',(4.35527932338409,37.3237504537669,0.624263559957775));
#4038=CARTESIAN_POINT('Ctrl Pts',(4.35091499330089,37.3576057381646,0.601556313954479));
#4039=CARTESIAN_POINT('Ctrl Pts',(4.34663340109868,37.3908064577776,0.577982208294154));
#4040=CARTESIAN_POINT('Ctrl Pts',(4.34186915440255,37.4277498216608,0.55175064543102));
#4041=CARTESIAN_POINT('Ctrl Pts',(4.33720935200995,37.4638870829877,0.524448185396666));
#4042=CARTESIAN_POINT('Ctrl Pts',(4.33275417271104,37.4987242535584,0.495514003806316));
#4043=CARTESIAN_POINT('Ctrl Pts',(4.32857789734301,37.5313805413494,0.468391165024192));
#4044=CARTESIAN_POINT('Ctrl Pts',(4.32458162296667,37.5628944203138,0.439834646953637));
#4045=CARTESIAN_POINT('Ctrl Pts',(4.32080234553956,37.5928589897916,0.409380184795359));
#4046=CARTESIAN_POINT('Ctrl Pts',(4.31911822289242,37.6062118094886,0.395809058987236));
#4047=CARTESIAN_POINT('Ctrl Pts',(4.31747654577936,37.61925697129,0.381861000195));
#4048=CARTESIAN_POINT('Ctrl Pts',(4.31587718051177,37.631958468504,0.367494656858672));
#4049=CARTESIAN_POINT('Ctrl Pts',(4.31212342405514,37.6617692491567,0.333776434292817));
#4050=CARTESIAN_POINT('Ctrl Pts',(4.30860521476704,37.6896813364907,0.297731420465525));
#4051=CARTESIAN_POINT('Ctrl Pts',(4.305575897966,37.7137088940705,0.259568147644476));
#4052=CARTESIAN_POINT('Ctrl Pts',(4.30268533622544,37.736635891549,0.22315290831618));
#4053=CARTESIAN_POINT('Ctrl Pts',(4.30023979669195,37.7560260640786,0.184809205407505));
#4054=CARTESIAN_POINT('Ctrl Pts',(4.29846058479316,37.7701541453389,0.144670586230273));
#4055=CARTESIAN_POINT('Ctrl Pts',(4.29762526082792,37.7767871522716,0.125825865962312));
#4056=CARTESIAN_POINT('Ctrl Pts',(4.29693683762938,37.782260279603,0.106584789686044));
#4057=CARTESIAN_POINT('Ctrl Pts',(4.2964183604267,37.7863949863402,0.0869571597815745));
#4058=CARTESIAN_POINT('',(0.0869571597535937,37.7863949863401,4.29641836042728));
#4059=CARTESIAN_POINT('Origin',(0.,37.7863949863401,0.));
#4060=CARTESIAN_POINT('',(2.80410665341401,18.3410840402844,8.13322696064029));
#4061=CARTESIAN_POINT('Ctrl Pts',(0.0869571597547723,37.7863949863456,4.29641836042604));
#4062=CARTESIAN_POINT('Ctrl Pts',(0.12887513921826,37.7775646511045,4.29752565238302));
#4063=CARTESIAN_POINT('Ctrl Pts',(0.168868512906828,37.762766313032,4.29938224557351));
#4064=CARTESIAN_POINT('Ctrl Pts',(0.206937784693498,37.7436519117847,4.30178828987208));
#4065=CARTESIAN_POINT('Ctrl Pts',(0.246919775119668,37.7235771435581,4.30431522132087));
#4066=CARTESIAN_POINT('Ctrl Pts',(0.284779289459558,37.6987417119352,4.30744814301071));
#4067=CARTESIAN_POINT('Ctrl Pts',(0.320460200919324,37.6710592721747,4.31094234609458));
#4068=CARTESIAN_POINT('Ctrl Pts',(0.336789936232877,37.6583901195205,4.31254150399602));
#4069=CARTESIAN_POINT('Ctrl Pts',(0.352662614983099,37.6451246527099,4.31421616268834));
#4070=CARTESIAN_POINT('Ctrl Pts',(0.368069396975545,37.6314463114378,4.31594202101631));
#4071=CARTESIAN_POINT('Ctrl Pts',(0.401181460316495,37.6020489912951,4.31965121416911));
#4072=CARTESIAN_POINT('Ctrl Pts',(0.432164354671219,37.5707479873775,4.32359850275748));
#4073=CARTESIAN_POINT('Ctrl Pts',(0.461443582535985,37.5380741533834,4.32775255573594));
#4074=CARTESIAN_POINT('Ctrl Pts',(0.492613705492222,37.5032901957002,4.33217488349346));
#4075=CARTESIAN_POINT('Ctrl Pts',(0.521852838126034,37.4669503634667,4.33683126127029));
#4076=CARTESIAN_POINT('Ctrl Pts',(0.549666982792729,37.4296951454762,4.34162509973524));
#4077=CARTESIAN_POINT('Ctrl Pts',(0.559736918447825,37.4162071287683,4.34336067871714));
#4078=CARTESIAN_POINT('Ctrl Pts',(0.569620019443432,37.4025991272903,4.34511376617245));
#4079=CARTESIAN_POINT('Ctrl Pts',(0.579340148436686,37.3889015355067,4.34687815099249));
#4080=CARTESIAN_POINT('Ctrl Pts',(0.613822368672202,37.3403092403936,4.35313731751045));
#4081=CARTESIAN_POINT('Ctrl Pts',(0.646254914487519,37.2905839544117,4.35954363549747));
#4082=CARTESIAN_POINT('Ctrl Pts',(0.677087410336787,37.2399800102747,4.36610128205105));
#4083=CARTESIAN_POINT('Ctrl Pts',(0.701502440497766,37.1999087546615,4.37129402217735));
#4084=CARTESIAN_POINT('Ctrl Pts',(0.724914212596013,37.1592865428021,4.37658033059786));
#4085=CARTESIAN_POINT('Ctrl Pts',(0.747547674407645,37.1182396585934,4.38193938428208));
#4086=CARTESIAN_POINT('Ctrl Pts',(0.782621331125356,37.0546318756546,4.39024397377955));
#4087=CARTESIAN_POINT('Ctrl Pts',(0.815824134110458,36.9900020696771,4.39872497791358));
#4088=CARTESIAN_POINT('Ctrl Pts',(0.847594500618767,36.9245604361297,4.40737130313313));
#4089=CARTESIAN_POINT('Ctrl Pts',(0.862216629437937,36.8944412999335,4.41135072468433));
#4090=CARTESIAN_POINT('Ctrl Pts',(0.876535427523666,36.8641501985419,4.41536440962637));
#4091=CARTESIAN_POINT('Ctrl Pts',(0.890594150137126,36.8337076241505,4.41940767768884));
#4092=CARTESIAN_POINT('Ctrl Pts',(0.930220833828375,36.7479005206658,4.43080425396364));
#4093=CARTESIAN_POINT('Ctrl Pts',(0.967777607218706,36.6608881433629,4.44244017538334));
#4094=CARTESIAN_POINT('Ctrl Pts',(1.00358246678379,36.5733902142366,4.4542332125344));
#4095=CARTESIAN_POINT('Ctrl Pts',(1.00808059431771,36.5623979397536,4.45571475961382));
#4096=CARTESIAN_POINT('Ctrl Pts',(1.01255107100465,36.5513980019822,4.45719871931764));
#4097=CARTESIAN_POINT('Ctrl Pts',(1.01699452707617,36.5403918279559,4.45868487224176));
#4098=CARTESIAN_POINT('Ctrl Pts',(1.05256023522092,36.4522977032678,4.47058013581749));
#4099=CARTESIAN_POINT('Ctrl Pts',(1.08639522587158,36.3638039539429,4.48261979848717));
#4100=CARTESIAN_POINT('Ctrl Pts',(1.11890738489313,36.2749856788389,4.49479351974595));
#4101=CARTESIAN_POINT('Ctrl Pts',(1.12279014109209,36.2643785792608,4.49624736326494));
#4102=CARTESIAN_POINT('Ctrl Pts',(1.12665404766568,36.2537668512087,4.49770306046668));
#4103=CARTESIAN_POINT('Ctrl Pts',(1.13049981316191,36.2431506225962,4.49916054742489));
#4104=CARTESIAN_POINT('Ctrl Pts',(1.16967956520434,36.1349949888029,4.5140090808791));
#4105=CARTESIAN_POINT('Ctrl Pts',(1.20697881234906,36.0263735054118,4.52904654923787));
#4106=CARTESIAN_POINT('Ctrl Pts',(1.2427508080409,35.917383306439,4.54428351444344));
#4107=CARTESIAN_POINT('Ctrl Pts',(1.27280441915515,35.8258158947852,4.55708475233898));
#4108=CARTESIAN_POINT('Ctrl Pts',(1.30178030909143,35.7339882284943,4.57002566515802));
#4109=CARTESIAN_POINT('Ctrl Pts',(1.32989688872392,35.641957908805,4.58308567692276));
#4110=CARTESIAN_POINT('Ctrl Pts',(1.37062237439717,35.5086565074609,4.60200246299595));
#4111=CARTESIAN_POINT('Ctrl Pts',(1.4095391246344,35.3749279620662,4.62117154851947));
#4112=CARTESIAN_POINT('Ctrl Pts',(1.44695823984997,35.2408494969046,4.64060265214147));
#4113=CARTESIAN_POINT('Ctrl Pts',(1.46612238116846,35.172181420727,4.65055426146309));
#4114=CARTESIAN_POINT('Ctrl Pts',(1.48489401112185,35.1034215619872,4.66057377649739));
#4115=CARTESIAN_POINT('Ctrl Pts',(1.50331689959004,35.0345802945704,4.67065766238306));
#4116=CARTESIAN_POINT('Ctrl Pts',(1.54440029558605,34.8810629427701,4.69314492206196));
#4117=CARTESIAN_POINT('Ctrl Pts',(1.58374548120415,34.7271399014041,4.71595615334283));
#4118=CARTESIAN_POINT('Ctrl Pts',(1.62164694734186,34.5728976856715,4.73908465264147));
#4119=CARTESIAN_POINT('Ctrl Pts',(1.63392725071513,34.5229222785124,4.74657842575631));
#4120=CARTESIAN_POINT('Ctrl Pts',(1.64605616464426,34.4729133644589,4.75410512983828));
#4121=CARTESIAN_POINT('Ctrl Pts',(1.65804420421776,34.4228738862495,4.7616634929953));
#4122=CARTESIAN_POINT('Ctrl Pts',(1.70129735803547,34.2423301672636,4.78893426084993));
#4123=CARTESIAN_POINT('Ctrl Pts',(1.74272297068447,34.0613901134842,4.816617415388));
#4124=CARTESIAN_POINT('Ctrl Pts',(1.78255252562343,33.8800915958835,4.84473847460592));
#4125=CARTESIAN_POINT('Ctrl Pts',(1.82335727191388,33.6943541447654,4.87354805303491));
#4126=CARTESIAN_POINT('Ctrl Pts',(1.86248671247071,33.508240461599,4.90281703452355));
#4127=CARTESIAN_POINT('Ctrl Pts',(1.90021579913785,33.3217912677317,4.93252503744661));
#4128=CARTESIAN_POINT('Ctrl Pts',(1.90907895435107,33.2779914228215,4.9395039140705));
#4129=CARTESIAN_POINT('Ctrl Pts',(1.91786494655988,33.2341730626219,4.9465068228288));
#4130=CARTESIAN_POINT('Ctrl Pts',(1.9265775555718,33.1903367150412,4.95353314847466));
#4131=CARTESIAN_POINT('Ctrl Pts',(1.97139593601515,32.9648389220804,4.98967714799122));
#4132=CARTESIAN_POINT('Ctrl Pts',(2.0142582593648,32.7388628833145,5.02644976006481));
#4133=CARTESIAN_POINT('Ctrl Pts',(2.05533024161002,32.5126828242156,5.06383017284189));
#4134=CARTESIAN_POINT('Ctrl Pts',(2.08940630634233,32.325028712734,5.09484346452836));
#4135=CARTESIAN_POINT('Ctrl Pts',(2.12225039992562,32.13723416443,5.12627416748864));
#4136=CARTESIAN_POINT('Ctrl Pts',(2.15397117273212,31.9494557891652,5.15808710848198));
#4137=CARTESIAN_POINT('Ctrl Pts',(2.1960272695882,31.7004950975141,5.20026540394326));
#4138=CARTESIAN_POINT('Ctrl Pts',(2.23610484145692,31.4515620217912,5.24311792057585));
#4139=CARTESIAN_POINT('Ctrl Pts',(2.27436623335674,31.2026777715546,5.28665111356125));
#4140=CARTESIAN_POINT('Ctrl Pts',(2.29974684213481,31.0375809605756,5.31552875980359));
#4141=CARTESIAN_POINT('Ctrl Pts',(2.32432890319518,30.8725056342879,5.34470499161429));
#4142=CARTESIAN_POINT('Ctrl Pts',(2.34816741251444,30.7074579836148,5.37417165229271));
#4143=CARTESIAN_POINT('Ctrl Pts',(2.38867055580979,30.4270315292489,5.42423738265819));
#4144=CARTESIAN_POINT('Ctrl Pts',(2.42702161735608,30.1466843936975,5.4751453090488));
#4145=CARTESIAN_POINT('Ctrl Pts',(2.46334031588394,29.8664171353584,5.52690219550348));
#4146=CARTESIAN_POINT('Ctrl Pts',(2.4806213264034,29.7330615462008,5.55152893972977));
#4147=CARTESIAN_POINT('Ctrl Pts',(2.49744267640312,29.5997240412979,5.57634727202933));
#4148=CARTESIAN_POINT('Ctrl Pts',(2.51381985265251,29.466404680803,5.60135471838967));
#4149=CARTESIAN_POINT('Ctrl Pts',(2.55184403244698,29.1568666226944,5.65941647593114));
#4150=CARTESIAN_POINT('Ctrl Pts',(2.5874689112108,28.8474260533372,5.71850171062695));
#4151=CARTESIAN_POINT('Ctrl Pts',(2.62076882127801,28.5380876294394,5.77861088106657));
#4152=CARTESIAN_POINT('Ctrl Pts',(2.63195410904984,28.4341822650346,5.79880127700866));
#4153=CARTESIAN_POINT('Ctrl Pts',(2.64287735113135,28.3302884252672,5.81910685513146));
#4154=CARTESIAN_POINT('Ctrl Pts',(2.6535421972526,28.2264062866154,5.83952662044433));
#4155=CARTESIAN_POINT('Ctrl Pts',(2.68838282489748,27.887037216441,5.90623526600504));
#4156=CARTESIAN_POINT('Ctrl Pts',(2.72046113319526,27.547792836448,5.97416684623339));
#4157=CARTESIAN_POINT('Ctrl Pts',(2.74978878915851,27.2086722419949,6.04332126717894));
#4158=CARTESIAN_POINT('Ctrl Pts',(2.75616492495628,27.1349439165957,6.05835615368736));
#4159=CARTESIAN_POINT('Ctrl Pts',(2.76241116136797,27.0612214421995,6.07344868292294));
#4160=CARTESIAN_POINT('Ctrl Pts',(2.76852781462273,26.98750480951,6.08859859647599));
#4161=CARTESIAN_POINT('Ctrl Pts',(2.79875241634104,26.6232441966788,6.16345981291837));
#4162=CARTESIAN_POINT('Ctrl Pts',(2.82580914219957,26.2591261224423,6.23972646694746));
#4163=CARTESIAN_POINT('Ctrl Pts',(2.8496485020378,25.8951455974037,6.31738883609732));
#4164=CARTESIAN_POINT('Ctrl Pts',(2.85282412197847,25.846660075092,6.32773417128192));
#4165=CARTESIAN_POINT('Ctrl Pts',(2.85594269228254,25.7981769935452,6.33810420969357));
#4166=CARTESIAN_POINT('Ctrl Pts',(2.85900413463771,25.7496963409694,6.34849887081439));
#4167=CARTESIAN_POINT('Ctrl Pts',(2.88504780638185,25.3372717204326,6.43692619059229));
#4168=CARTESIAN_POINT('Ctrl Pts',(2.90696118784941,24.92502536504,6.52713727020303));
#4169=CARTESIAN_POINT('Ctrl Pts',(2.92448232250423,24.5129423057112,6.61915223992414));
#4170=CARTESIAN_POINT('Ctrl Pts',(2.94200345715904,24.1008592463824,6.71116720964524));
#4171=CARTESIAN_POINT('Ctrl Pts',(2.95513220915481,23.6889394831174,6.80498604157664));
#4172=CARTESIAN_POINT('Ctrl Pts',(2.96361990112635,23.2771680468359,6.90057192551898));
#4173=CARTESIAN_POINT('Ctrl Pts',(2.97210759309788,22.8653966105544,6.99615780946133));
#4174=CARTESIAN_POINT('Ctrl Pts',(2.97594608176679,22.4537748958374,7.09351542427285));
#4175=CARTESIAN_POINT('Ctrl Pts',(2.97461713418056,22.0422739200294,7.19266782921591));
#4176=CARTESIAN_POINT('Ctrl Pts',(2.97339597192077,21.6641480505574,7.28377840132505));
#4177=CARTESIAN_POINT('Ctrl Pts',(2.96781128720421,21.2861241289867,7.37640425636294));
#4178=CARTESIAN_POINT('Ctrl Pts',(2.95743968806333,20.9081796681506,7.47051715747639));
#4179=CARTESIAN_POINT('Ctrl Pts',(2.95652424362499,20.8748205737647,7.47882398950202));
#4180=CARTESIAN_POINT('Ctrl Pts',(2.95557149302881,20.8414620984278,7.48714237540072));
#4181=CARTESIAN_POINT('Ctrl Pts',(2.95458113756228,20.8081042266771,7.49547227732309));
#4182=CARTESIAN_POINT('Ctrl Pts',(2.94507955431171,20.4880650021656,7.57539030600951));
#4183=CARTESIAN_POINT('Ctrl Pts',(2.93210933637518,20.1680842887537,7.65637449449803));
#4184=CARTESIAN_POINT('Ctrl Pts',(2.9151808912297,19.8481356485503,7.73845769069128));
#4185=CARTESIAN_POINT('Ctrl Pts',(2.89895784939144,19.5415191736464,7.81712050435292));
#4186=CARTESIAN_POINT('Ctrl Pts',(2.87909940313781,19.2349321546796,7.89679299006938));
#4187=CARTESIAN_POINT('Ctrl Pts',(2.85514180332276,18.9283513229316,7.97747005749274));
#4188=CARTESIAN_POINT('Ctrl Pts',(2.83984453175358,18.7325950586415,8.02898352375428));
#4189=CARTESIAN_POINT('Ctrl Pts',(2.82287538018714,18.5368413168841,8.08090586869776));
#4190=CARTESIAN_POINT('Ctrl Pts',(2.80410665341402,18.3410840402844,8.13322696064029));
#4191=CARTESIAN_POINT('',(1.92486824376953,8.54986979916515,10.597711216499));
#4192=CARTESIAN_POINT('Ctrl Pts',(2.804106653415,18.3410840402843,8.13322696063999));
#4193=CARTESIAN_POINT('Ctrl Pts',(2.76071666262166,17.8885276931186,8.25418411053768));
#4194=CARTESIAN_POINT('Ctrl Pts',(2.71757390102127,17.4356250854409,8.37394516277874));
#4195=CARTESIAN_POINT('Ctrl Pts',(2.67479268907599,16.9824092919517,8.49263397076838));
#4196=CARTESIAN_POINT('Ctrl Pts',(2.63179519327326,16.5269022295709,8.61192281957176));
#4197=CARTESIAN_POINT('Ctrl Pts',(2.58916286201074,16.0710788067018,8.73012876787024));
#4198=CARTESIAN_POINT('Ctrl Pts',(2.54695889878889,15.6149726022204,8.84737488710262));
#4199=CARTESIAN_POINT('Ctrl Pts',(2.50455257514972,15.1566794504754,8.96518318040128));
#4200=CARTESIAN_POINT('Ctrl Pts',(2.46257868395973,14.698100798843,9.08202258105539));
#4201=CARTESIAN_POINT('Ctrl Pts',(2.4210488976023,14.239270711533,9.19801242280396));
#4202=CARTESIAN_POINT('Ctrl Pts',(2.37821427947659,13.7660245598346,9.31764657008805));
#4203=CARTESIAN_POINT('Ctrl Pts',(2.33585230108823,13.2925109244454,9.4363771044567));
#4204=CARTESIAN_POINT('Ctrl Pts',(2.29391874597972,12.8187671823212,9.55432651467795));
#4205=CARTESIAN_POINT('Ctrl Pts',(2.25282672154208,12.3545306209761,9.66990889338816));
#4206=CARTESIAN_POINT('Ctrl Pts',(2.21214583036005,11.8900730958773,9.78474123906532));
#4207=CARTESIAN_POINT('Ctrl Pts',(2.17178189170068,11.4254297785732,9.89892927970445));
#4208=CARTESIAN_POINT('Ctrl Pts',(2.13017802292676,10.9465131950621,10.0166250352746));
#4209=CARTESIAN_POINT('Ctrl Pts',(2.08891107651627,10.4673992294124,10.1336364195813));
#4210=CARTESIAN_POINT('Ctrl Pts',(2.04782141376669,9.98812639503929,10.2500674981829));
#4211=CARTESIAN_POINT('Ctrl Pts',(2.0067317510171,9.50885356066621,10.3664985767845));
#4212=CARTESIAN_POINT('Ctrl Pts',(1.96581929801446,9.02942185756976,10.4823494096253));
#4213=CARTESIAN_POINT('Ctrl Pts',(1.92486824376954,8.54986979916515,10.597711216499));
#4214=CARTESIAN_POINT('Ctrl Pts',(1.92486824376953,8.54986979916515,10.597711216499));
#4215=CARTESIAN_POINT('Ctrl Pts',(1.90388317445558,8.3041268416071,10.6568275337236));
#4216=CARTESIAN_POINT('Ctrl Pts',(1.85544780051759,7.8140086959989,10.7756558996427));
#4217=CARTESIAN_POINT('Ctrl Pts',(1.76059520011129,7.08340190163747,10.9555221869771));
#4218=CARTESIAN_POINT('Ctrl Pts',(1.63949513018496,6.35812462333791,11.136768161575));
#4219=CARTESIAN_POINT('Ctrl Pts',(1.48561122821014,5.6391172043681,11.3190950069937));
#4220=CARTESIAN_POINT('Ctrl Pts',(1.32156466912146,5.04728158846735,11.4713277791265));
#4221=CARTESIAN_POINT('Ctrl Pts',(1.15713291674213,4.57887077071145,11.5930722615222));
#4222=CARTESIAN_POINT('Ctrl Pts',(1.0138127795071,4.23638068082702,11.6826966977215));
#4223=CARTESIAN_POINT('Ctrl Pts',(0.843403724850646,3.90575322305593,11.7697835711073));
#4224=CARTESIAN_POINT('Ctrl Pts',(0.667756866847814,3.64601357254142,11.8386315835486));
#4225=CARTESIAN_POINT('Ctrl Pts',(0.497113572443188,3.46254943274646,11.8874605119109));
#4226=CARTESIAN_POINT('Ctrl Pts',(0.347671967721028,3.34331755884204,11.9192734953846));
#4227=CARTESIAN_POINT('Ctrl Pts',(0.180232430080272,3.26096454049993,11.9412924892698));
#4228=CARTESIAN_POINT('Ctrl Pts',(0.058094561705266,3.2411038346623,11.9466082106541));
#4229=CARTESIAN_POINT('Ctrl Pts',(-1.69576295280111E-10,3.24102602930701,
11.9466291838464));
#4230=CARTESIAN_POINT('Origin',(0.,0.,0.));
#4231=CARTESIAN_POINT('',(-5.20474889637625E-16,38.2187789445989,4.25));
#4232=CARTESIAN_POINT('Origin',(0.,38.2187789445989,0.));
#4233=CARTESIAN_POINT('',(0.,47.7,4.25));
#4234=CARTESIAN_POINT('',(-5.20474889637625E-16,0.,4.25));
#4235=CARTESIAN_POINT('',(-5.20474889637625E-16,47.7,-4.25));
#4236=CARTESIAN_POINT('Origin',(0.,47.7,0.));
#4237=CARTESIAN_POINT('Origin',(0.,47.7,0.));
#4238=CARTESIAN_POINT('Origin',(4.25,48.,0.));
#4239=CARTESIAN_POINT('',(-4.83735485663205E-16,48.,-3.95));
#4240=CARTESIAN_POINT('Origin',(0.,48.,0.));
#4241=CARTESIAN_POINT('Origin',(0.,38.2187789445989,0.));
#4242=CARTESIAN_POINT('',(1.4231732246471E-15,37.7946695630735,4.29546018363629));
#4243=CARTESIAN_POINT('Origin',(-7.2773384540703E-13,37.3396635526298,4.34814882412637));
#4244=CARTESIAN_POINT('Origin',(-7.65404249467096E-16,38.2187789445989,
6.25));
#4245=CARTESIAN_POINT('Origin',(-7.2773384540703E-13,37.3396635526298,4.34814882412637));
#4246=CARTESIAN_POINT('Origin',(4.34814882412643,37.3396635526296,2.00308519771042E-13));
#4247=CARTESIAN_POINT('Origin',(1.98296240538909E-13,37.3396635526298,-4.34814882412639));
#4248=CARTESIAN_POINT('Origin',(-4.34814882412641,37.3396635526298,-1.81677589639051E-13));
#4249=CARTESIAN_POINT('Origin',(0.,47.7,0.));
#4250=CARTESIAN_POINT('Origin',(-4.83735485663205E-16,47.7,-3.95));
#4251=CARTESIAN_POINT('Origin',(7.,3.,2.44403693719019E-14));
#4252=CARTESIAN_POINT('',(10.2420291442643,3.,1.41747911016039));
#4253=CARTESIAN_POINT('',(11.2309237930138,3.,0.246780758761805));
#4254=CARTESIAN_POINT('Origin',(9.75136329843955,3.,1.49986283364946E-15));
#4255=CARTESIAN_POINT('',(11.2309237930153,3.,-0.246780758753353));
#4256=CARTESIAN_POINT('Ctrl Pts',(11.2309237930138,3.,0.246780758761805));
#4257=CARTESIAN_POINT('Ctrl Pts',(11.2377840875502,3.,0.205650640446082));
#4258=CARTESIAN_POINT('Ctrl Pts',(11.2453926137663,3.,0.164520511275121));
#4259=CARTESIAN_POINT('Ctrl Pts',(11.2514774058161,3.,0.123390379390331));
#4260=CARTESIAN_POINT('Ctrl Pts',(11.2545198013896,3.,0.102825316499362));
#4261=CARTESIAN_POINT('Ctrl Pts',(11.2571812634598,3.,0.0822602529299367));
#4262=CARTESIAN_POINT('Ctrl Pts',(11.2590326826473,3.,0.0616951896997313));
#4263=CARTESIAN_POINT('Ctrl Pts',(11.260884101896,3.,0.0411301257894761));
#4264=CARTESIAN_POINT('Ctrl Pts',(11.2619254781898,3.,0.0205650622184415));
#4265=CARTESIAN_POINT('Ctrl Pts',(11.2619254781899,3.,4.31426378996839E-12));
#4266=CARTESIAN_POINT('Ctrl Pts',(11.2619254781901,3.,-0.0205650622066359));
#4267=CARTESIAN_POINT('Ctrl Pts',(11.2608841018969,3.,-0.0411301257744927));
#4268=CARTESIAN_POINT('Ctrl Pts',(11.259032682649,3.,-0.0616951896815772));
#4269=CARTESIAN_POINT('Ctrl Pts',(11.2571812634619,3.,-0.0822602529118041));
#4270=CARTESIAN_POINT('Ctrl Pts',(11.254519801392,3.,-0.102825316481259));
#4271=CARTESIAN_POINT('Ctrl Pts',(11.2514774058187,3.,-0.123390379372262));
#4272=CARTESIAN_POINT('Ctrl Pts',(11.2453926137689,3.,-0.164520511260253));
#4273=CARTESIAN_POINT('Ctrl Pts',(11.2377840875523,3.,-0.205650640434435));
#4274=CARTESIAN_POINT('Ctrl Pts',(11.2309237930153,3.,-0.246780758753353));
#4275=CARTESIAN_POINT('',(10.2420291442643,3.,-1.41747911016039));
#4276=CARTESIAN_POINT('Origin',(9.75136329843955,3.,1.49986283364946E-15));
#4277=CARTESIAN_POINT('',(7.78506535331962,3.,-2.2679665762566));
#4278=CARTESIAN_POINT('',(7.78506535331962,3.,-2.26796657625662));
#4279=CARTESIAN_POINT('',(7.78506535331963,3.,2.26796657625664));
#4280=CARTESIAN_POINT('Origin',(7.,3.,2.44403693719019E-14));
#4281=CARTESIAN_POINT('',(10.2420291442643,3.,1.41747911016039));
#4282=CARTESIAN_POINT('',(7.,3.,1.70000000000002));
#4283=CARTESIAN_POINT('Origin',(7.,3.,2.44403693719019E-14));
#4284=CARTESIAN_POINT('Origin',(7.,53.,2.44403693719019E-14));
#4285=CARTESIAN_POINT('',(7.88319852248457,18.2978456444584,2.5514623982887));
#4286=CARTESIAN_POINT('',(7.88319852248457,3.3,2.5514623982887));
#4287=CARTESIAN_POINT('',(7.88319852248457,18.2978456444584,2.5514623982887));
#4288=CARTESIAN_POINT('',(7.88319852248457,3.3,-2.5514623982887));
#4289=CARTESIAN_POINT('Origin',(7.,3.3,2.44403693719019E-14));
#4290=CARTESIAN_POINT('',(7.88319852248457,18.2978456444584,-2.5514623982887));
#4291=CARTESIAN_POINT('',(7.88319852248457,18.2978456444584,-2.5514623982887));
#4292=CARTESIAN_POINT('',(4.30110622560368,37.74315659052,-0.0772812689135034));
#4293=CARTESIAN_POINT('Ctrl Pts',(7.88319852248458,18.2978456444584,-2.55146239828867));
#4294=CARTESIAN_POINT('Ctrl Pts',(7.68011159707017,19.1180073230652,-2.62176171862443));
#4295=CARTESIAN_POINT('Ctrl Pts',(7.28712561547773,20.7582000126692,-2.70475665856406));
#4296=CARTESIAN_POINT('Ctrl Pts',(6.7367136370988,23.2203336930781,-2.7046213084572));
#4297=CARTESIAN_POINT('Ctrl Pts',(6.31048624094142,25.2745757969742,-2.62020358692698));
#4298=CARTESIAN_POINT('Ctrl Pts',(5.98899392350609,26.9197330185627,-2.50788485894099));
#4299=CARTESIAN_POINT('Ctrl Pts',(5.75763671236125,28.1545082484961,-2.40169988300113));
#4300=CARTESIAN_POINT('Ctrl Pts',(5.53606284536535,29.3901919280956,-2.27353865821434));
#4301=CARTESIAN_POINT('Ctrl Pts',(5.32430080109195,30.6267536495691,-2.12252419426254));
#4302=CARTESIAN_POINT('Ctrl Pts',(5.12238566490735,31.864078822399,-1.94663865786164));
#4303=CARTESIAN_POINT('Ctrl Pts',(4.96236946160118,32.8957439065257,-1.77609022510562));
#4304=CARTESIAN_POINT('Ctrl Pts',(4.83992428620498,33.717154324174,-1.62222720201016));
#4305=CARTESIAN_POINT('Ctrl Pts',(4.75084188596877,34.331272645795,-1.49652890020894));
#4306=CARTESIAN_POINT('Ctrl Pts',(4.66457245719312,34.9428590808711,-1.35838870364404));
#4307=CARTESIAN_POINT('Ctrl Pts',(4.5811930464406,35.5511141857912,-1.20434925272071));
#4308=CARTESIAN_POINT('Ctrl Pts',(4.51422064098994,36.0542038813903,-1.05798888631851));
#4309=CARTESIAN_POINT('Ctrl Pts',(4.46231653653212,36.452869673933,-0.924321337886565));
#4310=CARTESIAN_POINT('Ctrl Pts',(4.42423975071798,36.7497708708706,-0.812740920092798));
#4311=CARTESIAN_POINT('Ctrl Pts',(4.38760439639365,37.0397919508855,-0.686924385030196));
#4312=CARTESIAN_POINT('Ctrl Pts',(4.35288500926808,37.3187385539467,-0.540057981659194));
#4313=CARTESIAN_POINT('Ctrl Pts',(4.32599239761808,37.5380097658119,-0.386378881898107));
#4314=CARTESIAN_POINT('Ctrl Pts',(4.30847954663712,37.6821471815189,-0.227195077936992));
#4315=CARTESIAN_POINT('Ctrl Pts',(4.30260505759689,37.7307499859169,-0.129624979002742));
#4316=CARTESIAN_POINT('Ctrl Pts',(4.30110622560368,37.74315659052,-0.0772812689135034));
#4317=CARTESIAN_POINT('',(4.30110622560436,37.7431565905143,0.0772812689380192));
#4318=CARTESIAN_POINT('Origin',(4.36619683197916,37.2043635152907,-1.29922062252694E-5));
#4319=CARTESIAN_POINT('Ctrl Pts',(4.30110622560436,37.7431565905143,0.0772812689380192));
#4320=CARTESIAN_POINT('Ctrl Pts',(4.30258969663012,37.7308771365528,0.129088527940495));
#4321=CARTESIAN_POINT('Ctrl Pts',(4.30843455987328,37.682517601357,0.226800245381891));
#4322=CARTESIAN_POINT('Ctrl Pts',(4.32598951752544,37.5380357173353,0.386299401114378));
#4323=CARTESIAN_POINT('Ctrl Pts',(4.35262778885174,37.3208198955865,0.538785508362813));
#4324=CARTESIAN_POINT('Ctrl Pts',(4.38759758764918,37.0398434892975,0.68695399433216));
#4325=CARTESIAN_POINT('Ctrl Pts',(4.43602876363935,36.6564437213754,0.853133522462416));
#4326=CARTESIAN_POINT('Ctrl Pts',(4.49966388264453,36.1637051299252,1.02572902905916));
#4327=CARTESIAN_POINT('Ctrl Pts',(4.5798036249045,35.5614024559005,1.20160785393733));
#4328=CARTESIAN_POINT('Ctrl Pts',(4.66322276436181,34.9525639926349,1.35606693634452));
#4329=CARTESIAN_POINT('Ctrl Pts',(4.74936264171125,34.3416246735314,1.49430193164701));
#4330=CARTESIAN_POINT('Ctrl Pts',(4.83826662136967,33.7284370157124,1.62001398403858));
#4331=CARTESIAN_POINT('Ctrl Pts',(4.96039328484137,32.9087494325622,1.77380150635737));
#4332=CARTESIAN_POINT('Ctrl Pts',(5.11976203817819,31.8806122783136,1.94408621243287));
#4333=CARTESIAN_POINT('Ctrl Pts',(5.32147341537536,30.6436622133737,2.12029685946025));
#4334=CARTESIAN_POINT('Ctrl Pts',(5.53312968795339,29.4069224125687,2.27165355767289));
#4335=CARTESIAN_POINT('Ctrl Pts',(5.75481977557658,28.169846178183,2.40025659979743));
#4336=CARTESIAN_POINT('Ctrl Pts',(5.98651787796316,26.9326378290621,2.50690226022039));
#4337=CARTESIAN_POINT('Ctrl Pts',(6.30873406867279,25.2831095969145,2.61980935184651));
#4338=CARTESIAN_POINT('Ctrl Pts',(6.7369538980784,23.2189678828801,2.70478765390906));
#4339=CARTESIAN_POINT('Ctrl Pts',(7.28861328704937,20.7517665321236,2.70462610236652));
#4340=CARTESIAN_POINT('Ctrl Pts',(7.6809754011667,19.1145188709353,2.62146270951469));
#4341=CARTESIAN_POINT('Ctrl Pts',(7.88319852248491,18.2978456444585,2.55146239828914));
#4342=CARTESIAN_POINT('Origin',(7.88319852248457,53.,2.5514623982887));
#4343=CARTESIAN_POINT('',(10.3401623134292,8.50663140333929,1.70097493219247));
#4344=CARTESIAN_POINT('',(10.3401623134292,3.3,1.70097493219247));
#4345=CARTESIAN_POINT('',(10.3401623134292,8.50663140333929,1.70097493219247));
#4346=CARTESIAN_POINT('',(10.3401623134292,3.3,1.70097493219247));
#4347=CARTESIAN_POINT('Ctrl Pts',(7.88319852248457,18.2978456444584,2.5514623982887));
#4348=CARTESIAN_POINT('Ctrl Pts',(8.74781315908639,15.0469288181318,2.25217271638807));
#4349=CARTESIAN_POINT('Ctrl Pts',(9.55414997122997,11.7796357320427,1.97305612756914));
#4350=CARTESIAN_POINT('Ctrl Pts',(10.3401623134292,8.50663140333929,1.70097493219247));
#4351=CARTESIAN_POINT('Origin',(9.75136329843955,53.,1.49986283364946E-15));
#4352=CARTESIAN_POINT('',(11.5268358528629,3.3000038519353,0.296127325265264));
#4353=CARTESIAN_POINT('Ctrl Pts',(10.3401623134292,8.50663140333929,1.70097493219247));
#4354=CARTESIAN_POINT('Ctrl Pts',(10.3784660378607,8.32941018863736,1.68771595065851));
#4355=CARTESIAN_POINT('Ctrl Pts',(10.416899711058,8.15247639249995,1.67296723411726));
#4356=CARTESIAN_POINT('Ctrl Pts',(10.4554880175391,7.97586332449409,1.65656523564663));
#4357=CARTESIAN_POINT('Ctrl Pts',(10.4927919832857,7.80512849728664,1.64070914749665));
#4358=CARTESIAN_POINT('Ctrl Pts',(10.5302408680332,7.63469340381261,1.62330768237748));
#4359=CARTESIAN_POINT('Ctrl Pts',(10.5678210577318,7.464588137166,1.60418101450285));
#4360=CARTESIAN_POINT('Ctrl Pts',(10.5914543454852,7.35761297958302,1.59215270785332));
#4361=CARTESIAN_POINT('Ctrl Pts',(10.6151388330869,7.25076826366306,1.57944148098892));
#4362=CARTESIAN_POINT('Ctrl Pts',(10.6388622981642,7.14406147389875,1.56599665564384));
#4363=CARTESIAN_POINT('Ctrl Pts',(10.6710345654615,6.9993524547252,1.54776363136354));
#4364=CARTESIAN_POINT('Ctrl Pts',(10.7032846476795,6.85489709656457,1.52818100457215));
#4365=CARTESIAN_POINT('Ctrl Pts',(10.7356188160623,6.71072022568311,1.50706372659854));
#4366=CARTESIAN_POINT('Ctrl Pts',(10.7537721552577,6.62977515203081,1.49520787475172));
#4367=CARTESIAN_POINT('Ctrl Pts',(10.7719512974538,6.54891785826521,1.48286775597014));
#4368=CARTESIAN_POINT('Ctrl Pts',(10.7901512401796,6.4681527377372,1.47000667076561));
#4369=CARTESIAN_POINT('Ctrl Pts',(10.8184709577992,6.34247951769911,1.44999439343264));
#4370=CARTESIAN_POINT('Ctrl Pts',(10.8468417207039,6.21702947116746,1.42872363688106));
#4371=CARTESIAN_POINT('Ctrl Pts',(10.8752661015673,6.091854420858,1.4060023076516));
#4372=CARTESIAN_POINT('Ctrl Pts',(10.897645909963,5.99329840814101,1.3881127713027));
#4373=CARTESIAN_POINT('Ctrl Pts',(10.920058323916,5.89491286914011,1.36932343316682));
#4374=CARTESIAN_POINT('Ctrl Pts',(10.9424845008717,5.79672309777988,1.34952965181077));
#4375=CARTESIAN_POINT('Ctrl Pts',(10.9663126927886,5.69239480674478,1.32849842469422));
#4376=CARTESIAN_POINT('Ctrl Pts',(10.9901559581179,5.58828752605147,1.3063365908512));
#4377=CARTESIAN_POINT('Ctrl Pts',(11.0140340296844,5.48439442887658,1.28283382573803));
#4378=CARTESIAN_POINT('Ctrl Pts',(11.0370821630093,5.38411237935826,1.26014795421252));
#4379=CARTESIAN_POINT('Ctrl Pts',(11.0601630374378,5.28402988320907,1.23621245544347));
#4380=CARTESIAN_POINT('Ctrl Pts',(11.083250538379,5.18414080099706,1.2108164105621));
#4381=CARTESIAN_POINT('Ctrl Pts',(11.0873473381795,5.16641581754713,1.20630996736283));
#4382=CARTESIAN_POINT('Ctrl Pts',(11.0914442242918,5.14869692418279,1.20175748495318));
#4383=CARTESIAN_POINT('Ctrl Pts',(11.0955408873198,5.13098408660109,1.19715772125148));
#4384=CARTESIAN_POINT('Ctrl Pts',(11.1149205654754,5.04719171968932,1.17539807455329));
#4385=CARTESIAN_POINT('Ctrl Pts',(11.1342938028013,4.96353487262808,1.1525878793332));
#4386=CARTESIAN_POINT('Ctrl Pts',(11.1536744780469,4.88013693120742,1.12850492048024));
#4387=CARTESIAN_POINT('Ctrl Pts',(11.1722410811229,4.80024206397045,1.10543355004287));
#4388=CARTESIAN_POINT('Ctrl Pts',(11.190814744312,4.72058480886465,1.08119380738129));
#4389=CARTESIAN_POINT('Ctrl Pts',(11.2093640341019,4.64127364741771,1.05557276149399));
#4390=CARTESIAN_POINT('Ctrl Pts',(11.2225085677166,4.58507159119517,1.03741698826904));
#4391=CARTESIAN_POINT('Ctrl Pts',(11.2356400005154,4.52904332683323,1.01856721309134));
#4392=CARTESIAN_POINT('Ctrl Pts',(11.2487317983679,4.47322745630268,0.998943229329104));
#4393=CARTESIAN_POINT('Ctrl Pts',(11.2651196973273,4.40335891289149,0.974378546410797));
#4394=CARTESIAN_POINT('Ctrl Pts',(11.2814494174265,4.33382317450362,0.948598642774039));
#4395=CARTESIAN_POINT('Ctrl Pts',(11.2976602378099,4.26493204672439,0.921393387915176));
#4396=CARTESIAN_POINT('Ctrl Pts',(11.3066004744904,4.22693872047906,0.906389741484066));
#4397=CARTESIAN_POINT('Ctrl Pts',(11.3155037157899,4.18914145265156,0.8909523649247));
#4398=CARTESIAN_POINT('Ctrl Pts',(11.3243530165882,4.15159254496026,0.875044768339639));
#4399=CARTESIAN_POINT('Ctrl Pts',(11.3368006327593,4.09877544661135,0.852668802033631));
#4400=CARTESIAN_POINT('Ctrl Pts',(11.3491440124284,4.04644974961841,0.82936582184993));
#4401=CARTESIAN_POINT('Ctrl Pts',(11.3613966538928,3.99465886893999,0.804855635706122));
#4402=CARTESIAN_POINT('Ctrl Pts',(11.3728816278989,3.94611285377475,0.781881091681113));
#4403=CARTESIAN_POINT('Ctrl Pts',(11.3842869519868,3.89803673837604,0.757845550074038));
#4404=CARTESIAN_POINT('Ctrl Pts',(11.3955758912971,3.85046627803051,0.732505938193442));
#4405=CARTESIAN_POINT('Ctrl Pts',(11.396330455595,3.84728661960344,0.730812212510115));
#4406=CARTESIAN_POINT('Ctrl Pts',(11.3970844807647,3.84410922030302,0.729112656831175));
#4407=CARTESIAN_POINT('Ctrl Pts',(11.3978379474181,3.84093409080677,0.727407197016249));
#4408=CARTESIAN_POINT('Ctrl Pts',(11.4077678376809,3.79908925623072,0.704931047959677));
#4409=CARTESIAN_POINT('Ctrl Pts',(11.4176032347888,3.75763865124011,0.681433827121917));
#4410=CARTESIAN_POINT('Ctrl Pts',(11.4273074883042,3.71684235958681,0.656666637235966));
#4411=CARTESIAN_POINT('Ctrl Pts',(11.4365567857384,3.67795868500926,0.633060585982336));
#4412=CARTESIAN_POINT('Ctrl Pts',(11.4456871397374,3.63966941069993,0.608300573342882));
#4413=CARTESIAN_POINT('Ctrl Pts',(11.4546201518714,3.60219972871027,0.582165003446137));
#4414=CARTESIAN_POINT('Ctrl Pts',(11.4590163824414,3.58375965956687,0.569302825535715));
#4415=CARTESIAN_POINT('Ctrl Pts',(11.4633640698546,3.56551809154092,0.556107423138983));
#4416=CARTESIAN_POINT('Ctrl Pts',(11.4676491612404,3.54750186575475,0.542552151548596));
#4417=CARTESIAN_POINT('Ctrl Pts',(11.4746590343304,3.51802957567916,0.520377424105296));
#4418=CARTESIAN_POINT('Ctrl Pts',(11.4815017760081,3.4891603209112,0.49724925714532));
#4419=CARTESIAN_POINT('Ctrl Pts',(11.4881274830726,3.46132560973145,0.472916659651338));
#4420=CARTESIAN_POINT('Ctrl Pts',(11.494537327664,3.43439774057411,0.449376806934896));
#4421=CARTESIAN_POINT('Ctrl Pts',(11.5007443579064,3.40843810319306,0.424709445865507));
#4422=CARTESIAN_POINT('Ctrl Pts',(11.5066553439193,3.38383738996887,0.398685132749605));
#4423=CARTESIAN_POINT('Ctrl Pts',(11.5122943043356,3.36036880997522,0.373858467417805));
#4424=CARTESIAN_POINT('Ctrl Pts',(11.5176640096356,3.33813695585736,0.347796557268991));
#4425=CARTESIAN_POINT('Ctrl Pts',(11.5226358274781,3.31748102483544,0.320302400667595));
#4426=CARTESIAN_POINT('Ctrl Pts',(11.52407061417,3.31152005525089,0.312368029126568));
#4427=CARTESIAN_POINT('Ctrl Pts',(11.5254719397843,3.30569032961335,0.304314410735087));
#4428=CARTESIAN_POINT('Ctrl Pts',(11.5268358919287,3.30000000000743,0.296136910514198));
#4429=CARTESIAN_POINT('Origin',(9.75136329843955,3.3,1.49986283364946E-15));
#4430=CARTESIAN_POINT('Origin',(7.88319852248457,53.,-2.5514623982887));
#4431=CARTESIAN_POINT('',(7.88319852248457,3.3,-2.5514623982887));
#4432=CARTESIAN_POINT('Ctrl Pts',(10.3401623134292,8.50663140333929,-1.70097493219246));
#4433=CARTESIAN_POINT('Ctrl Pts',(9.55414997122779,11.7796357320785,-1.97305612756989));
#4434=CARTESIAN_POINT('Ctrl Pts',(8.74781315908476,15.0469288181162,-2.25217271638863));
#4435=CARTESIAN_POINT('Ctrl Pts',(7.88319852248457,18.2978456444584,-2.5514623982887));
#4436=CARTESIAN_POINT('Origin',(-8.41579978326166E-13,3.,7.));
#4437=CARTESIAN_POINT('',(2.26796657625587,3.,7.78506535331936));
#4438=CARTESIAN_POINT('',(-2.26796657625737,3.,7.78506535331989));
#4439=CARTESIAN_POINT('Origin',(-8.41579978326166E-13,3.,7.));
#4440=CARTESIAN_POINT('',(-1.41747911016036,3.,10.2420291442643));
#4441=CARTESIAN_POINT('',(-1.41747911016036,3.,10.2420291442643));
#4442=CARTESIAN_POINT('',(-0.246780758761781,3.,11.2309237930138));
#4443=CARTESIAN_POINT('Origin',(2.36747981665279E-14,3.,9.75136329843955));
#4444=CARTESIAN_POINT('',(0.246780758753383,3.,11.2309237930153));
#4445=CARTESIAN_POINT('Ctrl Pts',(-0.246780758761782,3.,11.2309237930138));
#4446=CARTESIAN_POINT('Ctrl Pts',(-0.20565064044606,3.,11.2377840875502));
#4447=CARTESIAN_POINT('Ctrl Pts',(-0.164520511275099,3.,11.2453926137663));
#4448=CARTESIAN_POINT('Ctrl Pts',(-0.12339037939031,3.,11.2514774058161));
#4449=CARTESIAN_POINT('Ctrl Pts',(-0.102825316499341,3.,11.2545198013896));
#4450=CARTESIAN_POINT('Ctrl Pts',(-0.0822602529299138,3.,11.2571812634598));
#4451=CARTESIAN_POINT('Ctrl Pts',(-0.0616951896997079,3.,11.2590326826473));
#4452=CARTESIAN_POINT('Ctrl Pts',(-0.0411301257894515,3.,11.260884101896));
#4453=CARTESIAN_POINT('Ctrl Pts',(-0.0205650622184158,3.,11.2619254781898));
#4454=CARTESIAN_POINT('Ctrl Pts',(-4.28753603801228E-12,3.,11.2619254781899));
#4455=CARTESIAN_POINT('Ctrl Pts',(0.0205650622066627,3.,11.2619254781901));
#4456=CARTESIAN_POINT('Ctrl Pts',(0.0411301257745195,3.,11.2608841018969));
#4457=CARTESIAN_POINT('Ctrl Pts',(0.0616951896816041,3.,11.259032682649));
#4458=CARTESIAN_POINT('Ctrl Pts',(0.0822602529118316,3.,11.2571812634619));
#4459=CARTESIAN_POINT('Ctrl Pts',(0.102825316481287,3.,11.254519801392));
#4460=CARTESIAN_POINT('Ctrl Pts',(0.123390379372291,3.,11.2514774058187));
#4461=CARTESIAN_POINT('Ctrl Pts',(0.164520511260282,3.,11.2453926137689));
#4462=CARTESIAN_POINT('Ctrl Pts',(0.205650640434465,3.,11.2377840875523));
#4463=CARTESIAN_POINT('Ctrl Pts',(0.246780758753383,3.,11.2309237930153));
#4464=CARTESIAN_POINT('',(1.41747911016041,3.,10.2420291442643));
#4465=CARTESIAN_POINT('Origin',(2.36747981665279E-14,3.,9.75136329843955));
#4466=CARTESIAN_POINT('',(2.26796657625664,3.,7.78506535331962));
#4467=CARTESIAN_POINT('',(-8.41788168282021E-13,3.,8.7));
#4468=CARTESIAN_POINT('Origin',(-8.41579978326166E-13,3.,7.));
#4469=CARTESIAN_POINT('Origin',(-8.41579978326166E-13,53.,7.));
#4470=CARTESIAN_POINT('',(-2.55146239828867,18.2978456444583,7.88319852248457));
#4471=CARTESIAN_POINT('',(-2.55146239828867,3.3,7.88319852248457));
#4472=CARTESIAN_POINT('',(-2.55146239828867,18.2978456444583,7.88319852248457));
#4473=CARTESIAN_POINT('',(2.55146239828872,3.3,7.88319852248457));
#4474=CARTESIAN_POINT('Origin',(-8.41579978326166E-13,3.3,7.));
#4475=CARTESIAN_POINT('',(2.55146239828872,18.2978456444585,7.88319852248457));
#4476=CARTESIAN_POINT('',(2.55146239828872,18.2978456444585,7.88319852248457));
#4477=CARTESIAN_POINT('',(0.0772812689130231,37.74315659052,4.30110622560369));
#4478=CARTESIAN_POINT('Ctrl Pts',(2.55146239828776,18.2978456444585,7.88319852248485));
#4479=CARTESIAN_POINT('Ctrl Pts',(2.62176171862354,19.1180073230653,7.68011159707045));
#4480=CARTESIAN_POINT('Ctrl Pts',(2.70475665856321,20.7582000126693,7.28712561547803));
#4481=CARTESIAN_POINT('Ctrl Pts',(2.70462130845642,23.2203336930781,6.73671363709909));
#4482=CARTESIAN_POINT('Ctrl Pts',(2.62020358692618,25.2745757969743,6.31048624094173));
#4483=CARTESIAN_POINT('Ctrl Pts',(2.5078848589403,26.9197330185628,5.98899392350637));
#4484=CARTESIAN_POINT('Ctrl Pts',(2.40169988300045,28.1545082484961,5.75763671236153));
#4485=CARTESIAN_POINT('Ctrl Pts',(2.27353865821369,29.3901919280957,5.53606284536561));
#4486=CARTESIAN_POINT('Ctrl Pts',(2.12252419426192,30.6267536495692,5.32430080109219));
#4487=CARTESIAN_POINT('Ctrl Pts',(1.94663865786104,31.864078822399,5.12238566490757));
#4488=CARTESIAN_POINT('Ctrl Pts',(1.77609022510503,32.8957439065257,4.96236946160138));
#4489=CARTESIAN_POINT('Ctrl Pts',(1.6222272020096,33.7171543241741,4.83992428620517));
#4490=CARTESIAN_POINT('Ctrl Pts',(1.49652890020839,34.331272645795,4.75084188596895));
#4491=CARTESIAN_POINT('Ctrl Pts',(1.3583887036435,34.9428590808711,4.66457245719328));
#4492=CARTESIAN_POINT('Ctrl Pts',(1.20434925272018,35.5511141857912,4.58119304644075));
#4493=CARTESIAN_POINT('Ctrl Pts',(1.05798888631798,36.0542038813903,4.51422064099006));
#4494=CARTESIAN_POINT('Ctrl Pts',(0.924321337886048,36.452869673933,4.46231653653223));
#4495=CARTESIAN_POINT('Ctrl Pts',(0.8127409200923,36.7497708708706,4.42423975071808));
#4496=CARTESIAN_POINT('Ctrl Pts',(0.686924385029688,37.0397919508855,4.38760439639373));
#4497=CARTESIAN_POINT('Ctrl Pts',(0.540057981658693,37.3187385539467,4.35288500926815));
#4498=CARTESIAN_POINT('Ctrl Pts',(0.386378881897615,37.5380097658119,4.32599239761813));
#4499=CARTESIAN_POINT('Ctrl Pts',(0.22719507793651,37.6821471815189,4.30847954663714));
#4500=CARTESIAN_POINT('Ctrl Pts',(0.129624979002258,37.7307499859169,4.30260505759691));
#4501=CARTESIAN_POINT('Ctrl Pts',(0.0772812689130231,37.74315659052,4.30110622560369));
#4502=CARTESIAN_POINT('',(-0.0772812689385173,37.7431565905143,4.30110622560436));
#4503=CARTESIAN_POINT('Origin',(1.29922796009152E-5,37.2043635152636,4.36619683198351));
#4504=CARTESIAN_POINT('Ctrl Pts',(-0.0772812689385173,37.7431565905143,
4.30110622560436));
#4505=CARTESIAN_POINT('Ctrl Pts',(-0.129088527940994,37.7308771365528,4.30258969663011));
#4506=CARTESIAN_POINT('Ctrl Pts',(-0.226800245382398,37.682517601357,4.30843455987325));
#4507=CARTESIAN_POINT('Ctrl Pts',(-0.386299401114874,37.5380357173353,4.32598951752539));
#4508=CARTESIAN_POINT('Ctrl Pts',(-0.53878550836333,37.3208198955865,4.35262778885168));
#4509=CARTESIAN_POINT('Ctrl Pts',(-0.686953994332673,37.0398434892975,4.3875975876491));
#4510=CARTESIAN_POINT('Ctrl Pts',(-0.853133522462955,36.6564437213754,4.43602876363926));
#4511=CARTESIAN_POINT('Ctrl Pts',(-1.02572902905968,36.1637051299252,4.49966388264441));
#4512=CARTESIAN_POINT('Ctrl Pts',(-1.20160785393787,35.5614024559005,4.57980362490436));
#4513=CARTESIAN_POINT('Ctrl Pts',(-1.35606693634507,34.9525639926348,4.66322276436166));
#4514=CARTESIAN_POINT('Ctrl Pts',(-1.49430193164758,34.3416246735313,4.74936264171109));
#4515=CARTESIAN_POINT('Ctrl Pts',(-1.62001398403915,33.7284370157123,4.83826662136948));
#4516=CARTESIAN_POINT('Ctrl Pts',(-1.77380150635797,32.9087494325621,4.96039328484118));
#4517=CARTESIAN_POINT('Ctrl Pts',(-1.94408621243347,31.8806122783136,5.11976203817797));
#4518=CARTESIAN_POINT('Ctrl Pts',(-2.12029685946088,30.6436622133737,5.32147341537512));
#4519=CARTESIAN_POINT('Ctrl Pts',(-2.27165355767355,29.4069224125686,5.53312968795315));
#4520=CARTESIAN_POINT('Ctrl Pts',(-2.40025659979811,28.1698461781829,5.75481977557631));
#4521=CARTESIAN_POINT('Ctrl Pts',(-2.50690226022109,26.932637829062,5.98651787796288));
#4522=CARTESIAN_POINT('Ctrl Pts',(-2.61980935184725,25.2831095969144,6.30873406867251));
#4523=CARTESIAN_POINT('Ctrl Pts',(-2.70478765390985,23.21896788288,6.7369538980781));
#4524=CARTESIAN_POINT('Ctrl Pts',(-2.70462610236737,20.7517665321234,7.28861328704912));
#4525=CARTESIAN_POINT('Ctrl Pts',(-2.62146270951558,19.1145188709352,7.68097540116642));
#4526=CARTESIAN_POINT('Ctrl Pts',(-2.55146239829005,18.2978456444584,7.88319852248464));
#4527=CARTESIAN_POINT('Origin',(-2.55146239828867,53.,7.88319852248457));
#4528=CARTESIAN_POINT('',(-1.70097493219244,8.50663140333931,10.3401623134292));
#4529=CARTESIAN_POINT('',(-1.70097493219244,3.3,10.3401623134292));
#4530=CARTESIAN_POINT('',(-1.70097493219244,8.50663140333931,10.3401623134292));
#4531=CARTESIAN_POINT('',(-1.70097493219244,3.3,10.3401623134292));
#4532=CARTESIAN_POINT('Ctrl Pts',(-2.55146239828867,18.2978456444584,7.88319852248457));
#4533=CARTESIAN_POINT('Ctrl Pts',(-2.25217271639139,15.046928818167,8.74781315907674));
#4534=CARTESIAN_POINT('Ctrl Pts',(-1.97305612756876,11.779635732072,9.55414997123099));
#4535=CARTESIAN_POINT('Ctrl Pts',(-1.70097493219244,8.50663140333931,10.3401623134292));
#4536=CARTESIAN_POINT('Origin',(2.36747981665279E-14,53.,9.75136329843955));
#4537=CARTESIAN_POINT('',(-0.29612732526524,3.30000385193333,11.5268358528629));
#4538=CARTESIAN_POINT('Ctrl Pts',(-1.70097493219244,8.5066314033393,10.3401623134292));
#4539=CARTESIAN_POINT('Ctrl Pts',(-1.68771595065846,8.32941018863701,10.3784660378608));
#4540=CARTESIAN_POINT('Ctrl Pts',(-1.67296723411717,8.1524763924992,10.4168997110581));
#4541=CARTESIAN_POINT('Ctrl Pts',(-1.6565652356465,7.975863324493,10.4554880175393));
#4542=CARTESIAN_POINT('Ctrl Pts',(-1.64070914749651,7.80512849728543,10.4927919832859));
#4543=CARTESIAN_POINT('Ctrl Pts',(-1.62330768237731,7.6346934038113,10.5302408680334));
#4544=CARTESIAN_POINT('Ctrl Pts',(-1.60418101450266,7.46458813716458,10.5678210577322));
#4545=CARTESIAN_POINT('Ctrl Pts',(-1.59215270785318,7.35761297958208,10.5914543454854));
#4546=CARTESIAN_POINT('Ctrl Pts',(-1.57944148098883,7.2507682636626,10.615138833087));
#4547=CARTESIAN_POINT('Ctrl Pts',(-1.56599665564382,7.14406147389877,10.6388622981642));
#4548=CARTESIAN_POINT('Ctrl Pts',(-1.54776363136353,6.99935245472533,10.6710345654615));
#4549=CARTESIAN_POINT('Ctrl Pts',(-1.52818100457215,6.85489709656479,10.7032846476795));
#4550=CARTESIAN_POINT('Ctrl Pts',(-1.50706372659857,6.71072022568344,10.7356188160623));
#4551=CARTESIAN_POINT('Ctrl Pts',(-1.49520787475173,6.62977515203102,10.7537721552576));
#4552=CARTESIAN_POINT('Ctrl Pts',(-1.48286775597013,6.54891785826533,10.7719512974538));
#4553=CARTESIAN_POINT('Ctrl Pts',(-1.47000667076558,6.46815273773721,10.7901512401796));
#4554=CARTESIAN_POINT('Ctrl Pts',(-1.44999439343263,6.34247951769929,10.8184709577992));
#4555=CARTESIAN_POINT('Ctrl Pts',(-1.42872363688109,6.21702947116779,10.8468417207038));
#4556=CARTESIAN_POINT('Ctrl Pts',(-1.40600230765166,6.0918544208585,10.8752661015672));
#4557=CARTESIAN_POINT('Ctrl Pts',(-1.38811277130274,5.99329840814135,10.8976459099629));
#4558=CARTESIAN_POINT('Ctrl Pts',(-1.36932343316682,5.8949128691403,10.920058323916));
#4559=CARTESIAN_POINT('Ctrl Pts',(-1.34952965181074,5.7967230977799,10.9424845008717));
#4560=CARTESIAN_POINT('Ctrl Pts',(-1.32849842469463,5.69239480674694,10.9663126927881));
#4561=CARTESIAN_POINT('Ctrl Pts',(-1.30633659085208,5.58828752605573,10.9901559581169));
#4562=CARTESIAN_POINT('Ctrl Pts',(-1.28283382573945,5.48439442888298,11.0140340296829));
#4563=CARTESIAN_POINT('Ctrl Pts',(-1.26014795421409,5.38411237936508,11.0370821630078));
#4564=CARTESIAN_POINT('Ctrl Pts',(-1.2362124554452,5.28402988321629,11.0601630374361));
#4565=CARTESIAN_POINT('Ctrl Pts',(-1.21081641056402,5.18414080100469,11.0832505383772));
#4566=CARTESIAN_POINT('Ctrl Pts',(-1.20630996736411,5.16641581755222,11.0873473381784));
#4567=CARTESIAN_POINT('Ctrl Pts',(-1.20175748495381,5.14869692418534,11.0914442242912));
#4568=CARTESIAN_POINT('Ctrl Pts',(-1.19715772125146,5.1309840866011,11.0955408873198));
#4569=CARTESIAN_POINT('Ctrl Pts',(-1.17539807455316,5.04719171968894,11.1149205654755));
#4570=CARTESIAN_POINT('Ctrl Pts',(-1.15258787933296,4.9635348726273,11.1342938028015));
#4571=CARTESIAN_POINT('Ctrl Pts',(-1.12850492047988,4.88013693120625,11.1536744780472));
#4572=CARTESIAN_POINT('Ctrl Pts',(-1.10543355004245,4.80024206396915,11.1722410811232));
#4573=CARTESIAN_POINT('Ctrl Pts',(-1.08119380738081,4.72058480886322,11.1908147443124));
#4574=CARTESIAN_POINT('Ctrl Pts',(-1.05557276149345,4.64127364741616,11.2093640341023));
#4575=CARTESIAN_POINT('Ctrl Pts',(-1.03741698826866,4.58507159119415,11.2225085677168));
#4576=CARTESIAN_POINT('Ctrl Pts',(-1.01856721309113,4.52904332683271,11.2356400005155));
#4577=CARTESIAN_POINT('Ctrl Pts',(-0.998943229329079,4.47322745630269,11.2487317983679));
#4578=CARTESIAN_POINT('Ctrl Pts',(-0.974378546410741,4.4033589128914,11.2651196973273));
#4579=CARTESIAN_POINT('Ctrl Pts',(-0.94859864277395,4.33382317450344,11.2814494174266));
#4580=CARTESIAN_POINT('Ctrl Pts',(-0.921393387915049,4.26493204672413,11.29766023781));
#4581=CARTESIAN_POINT('Ctrl Pts',(-0.906389741483972,4.2269387204789,11.3066004744904));
#4582=CARTESIAN_POINT('Ctrl Pts',(-0.890952364924638,4.18914145265148,11.3155037157899));
#4583=CARTESIAN_POINT('Ctrl Pts',(-0.875044768339614,4.15159254496027,11.3243530165882));
#4584=CARTESIAN_POINT('Ctrl Pts',(-0.852668802033606,4.09877544661136,11.3368006327593));
#4585=CARTESIAN_POINT('Ctrl Pts',(-0.829365821849904,4.04644974961843,11.3491440124284));
#4586=CARTESIAN_POINT('Ctrl Pts',(-0.804855635706097,3.99465886894001,11.3613966538928));
#4587=CARTESIAN_POINT('Ctrl Pts',(-0.781881091681009,3.94611285377459,11.3728816278989));
#4588=CARTESIAN_POINT('Ctrl Pts',(-0.757845550073844,3.89803673837571,11.3842869519868));
#4589=CARTESIAN_POINT('Ctrl Pts',(-0.73250593819315,3.85046627803002,11.3955758912972));
#4590=CARTESIAN_POINT('Ctrl Pts',(-0.730812212509912,3.84728661960311,11.3963304555951));
#4591=CARTESIAN_POINT('Ctrl Pts',(-0.729112656831061,3.84410922030286,11.3970844807648));
#4592=CARTESIAN_POINT('Ctrl Pts',(-0.727407197016224,3.84093409080678,11.3978379474181));
#4593=CARTESIAN_POINT('Ctrl Pts',(-0.704931047959672,3.79908925623076,11.4077678376809));
#4594=CARTESIAN_POINT('Ctrl Pts',(-0.681433827121935,3.75763865124019,11.4176032347888));
#4595=CARTESIAN_POINT('Ctrl Pts',(-0.656666637236008,3.71684235958693,11.4273074883042));
#4596=CARTESIAN_POINT('Ctrl Pts',(-0.63306058598238,3.67795868500937,11.4365567857384));
#4597=CARTESIAN_POINT('Ctrl Pts',(-0.608300573342927,3.63966941070005,11.4456871397374));
#4598=CARTESIAN_POINT('Ctrl Pts',(-0.582165003446184,3.60219972871038,11.4546201518714));
#4599=CARTESIAN_POINT('Ctrl Pts',(-0.569302825535738,3.58375965956695,11.4590163824413));
#4600=CARTESIAN_POINT('Ctrl Pts',(-0.556107423138982,3.56551809154096,11.4633640698546));
#4601=CARTESIAN_POINT('Ctrl Pts',(-0.54255215154857,3.54750186575475,11.4676491612404));
#4602=CARTESIAN_POINT('Ctrl Pts',(-0.520377424105274,3.51802957567917,11.4746590343304));
#4603=CARTESIAN_POINT('Ctrl Pts',(-0.497249257145303,3.48916032091119,11.4815017760081));
#4604=CARTESIAN_POINT('Ctrl Pts',(-0.472916659651327,3.46132560973145,11.4881274830726));
#4605=CARTESIAN_POINT('Ctrl Pts',(-0.449376806934923,3.43439774057416,11.494537327664));
#4606=CARTESIAN_POINT('Ctrl Pts',(-0.424709445865578,3.40843810319317,11.5007443579064));
#4607=CARTESIAN_POINT('Ctrl Pts',(-0.398685132749723,3.38383738996902,11.5066553439192));
#4608=CARTESIAN_POINT('Ctrl Pts',(-0.373858467417996,3.36036880997543,11.5122943043356));
#4609=CARTESIAN_POINT('Ctrl Pts',(-0.347796557269257,3.3381369558576,11.5176640096356));
#4610=CARTESIAN_POINT('Ctrl Pts',(-0.320302400667949,3.31748102483571,11.522635827478));
#4611=CARTESIAN_POINT('Ctrl Pts',(-0.3123680291268,3.31152005525107,11.5240706141699));
#4612=CARTESIAN_POINT('Ctrl Pts',(-0.304314410735193,3.30569032961344,11.5254719397843));
#4613=CARTESIAN_POINT('Ctrl Pts',(-0.296136910514175,3.30000000000743,11.5268358919287));
#4614=CARTESIAN_POINT('Origin',(2.36747981665279E-14,3.3,9.75136329843955));
#4615=CARTESIAN_POINT('Origin',(2.55146239828872,53.,7.88319852248457));
#4616=CARTESIAN_POINT('',(2.55146239828872,3.3,7.88319852248457));
#4617=CARTESIAN_POINT('Ctrl Pts',(1.70097493219249,8.50663140333927,10.3401623134292));
#4618=CARTESIAN_POINT('Ctrl Pts',(1.97305612756877,11.7796357320667,9.55414997123109));
#4619=CARTESIAN_POINT('Ctrl Pts',(2.252172716385,15.0469288181161,8.74781315909532));
#4620=CARTESIAN_POINT('Ctrl Pts',(2.55146239828872,18.2978456444584,7.88319852248458));
#4621=CARTESIAN_POINT('Origin',(-7.,3.,2.44403693719019E-14));
#4622=CARTESIAN_POINT('',(-10.2420291442643,3.,-1.41747911016036));
#4623=CARTESIAN_POINT('',(-11.2309237930138,3.,-0.24678075876165));
#4624=CARTESIAN_POINT('Origin',(-9.75136329843952,3.,2.39804634151017E-14));
#4625=CARTESIAN_POINT('',(-11.2309237930153,3.,0.246780758753248));
#4626=CARTESIAN_POINT('Ctrl Pts',(-11.2309237930138,3.,-0.24678075876165));
#4627=CARTESIAN_POINT('Ctrl Pts',(-11.2377840875502,3.,-0.205650640445951));
#4628=CARTESIAN_POINT('Ctrl Pts',(-11.2453926137663,3.,-0.164520511275015));
#4629=CARTESIAN_POINT('Ctrl Pts',(-11.2514774058161,3.,-0.123390379390248));
#4630=CARTESIAN_POINT('Ctrl Pts',(-11.2545198013895,3.,-0.10282531649929));
#4631=CARTESIAN_POINT('Ctrl Pts',(-11.2571812634598,3.,-0.0822602529298746));
#4632=CARTESIAN_POINT('Ctrl Pts',(-11.2590326826472,3.,-0.0616951896996798));
#4633=CARTESIAN_POINT('Ctrl Pts',(-11.2608841018959,3.,-0.0411301257894333));
#4634=CARTESIAN_POINT('Ctrl Pts',(-11.2619254781898,3.,-0.0205650622184077));
#4635=CARTESIAN_POINT('Ctrl Pts',(-11.2619254781899,3.,-4.28927509829697E-12));
#4636=CARTESIAN_POINT('Ctrl Pts',(-11.26192547819,3.,0.0205650622066483));
#4637=CARTESIAN_POINT('Ctrl Pts',(-11.2608841018969,3.,0.0411301257744924));
#4638=CARTESIAN_POINT('Ctrl Pts',(-11.2590326826489,3.,0.0616951896815644));
#4639=CARTESIAN_POINT('Ctrl Pts',(-11.2571812634619,3.,0.0822602529117808));
#4640=CARTESIAN_POINT('Ctrl Pts',(-11.2545198013919,3.,0.102825316481225));
#4641=CARTESIAN_POINT('Ctrl Pts',(-11.2514774058187,3.,0.123390379372218));
#4642=CARTESIAN_POINT('Ctrl Pts',(-11.2453926137688,3.,0.164520511260189));
#4643=CARTESIAN_POINT('Ctrl Pts',(-11.2377840875523,3.,0.205650640434352));
#4644=CARTESIAN_POINT('Ctrl Pts',(-11.2309237930153,3.,0.246780758753248));
#4645=CARTESIAN_POINT('',(-10.2420291442643,3.,1.41747911016041));
#4646=CARTESIAN_POINT('Origin',(-9.75136329843952,3.,2.39804634151017E-14));
#4647=CARTESIAN_POINT('',(-7.7850653533196,3.,2.26796657625664));
#4648=CARTESIAN_POINT('',(-7.7850653533196,3.,2.26796657625664));
#4649=CARTESIAN_POINT('',(-7.7850653533196,3.,-2.2679665762566));
#4650=CARTESIAN_POINT('Origin',(-7.,3.,2.44403693719019E-14));
#4651=CARTESIAN_POINT('',(-10.2420291442643,3.,-1.41747911016036));
#4652=CARTESIAN_POINT('',(-7.,3.,1.70000000000002));
#4653=CARTESIAN_POINT('Origin',(-7.,3.,2.44403693719019E-14));
#4654=CARTESIAN_POINT('Origin',(-7.,53.,2.44403693719019E-14));
#4655=CARTESIAN_POINT('',(-7.88319852248455,18.2978456444586,-2.55146239828867));
#4656=CARTESIAN_POINT('',(-7.88319852248455,3.3,-2.55146239828867));
#4657=CARTESIAN_POINT('',(-7.88319852248455,18.2978456444586,-2.55146239828867));
#4658=CARTESIAN_POINT('',(-7.88319852248455,3.3,2.55146239828872));
#4659=CARTESIAN_POINT('Origin',(-7.,3.3,2.44403693719019E-14));
#4660=CARTESIAN_POINT('',(-7.88319852248455,18.2978456444585,2.55146239828872));
#4661=CARTESIAN_POINT('',(-7.88319852248455,18.2978456444585,2.55146239828872));
#4662=CARTESIAN_POINT('',(-4.30110622560369,37.74315659052,0.0772812689133807));
#4663=CARTESIAN_POINT('Ctrl Pts',(-7.88319852248455,18.2978456444585,2.55146239828872));
#4664=CARTESIAN_POINT('Ctrl Pts',(-7.68011159707014,19.1180073230653,2.62176171862448));
#4665=CARTESIAN_POINT('Ctrl Pts',(-7.2871256154777,20.7582000126693,2.7047566585641));
#4666=CARTESIAN_POINT('Ctrl Pts',(-6.73671363709876,23.2203336930781,2.70462130845725));
#4667=CARTESIAN_POINT('Ctrl Pts',(-6.31048624094141,25.2745757969743,2.62020358692696));
#4668=CARTESIAN_POINT('Ctrl Pts',(-5.98899392350606,26.9197330185628,2.50788485894103));
#4669=CARTESIAN_POINT('Ctrl Pts',(-5.75763671236123,28.1545082484962,2.40169988300115));
#4670=CARTESIAN_POINT('Ctrl Pts',(-5.53606284536532,29.3901919280957,2.27353865821436));
#4671=CARTESIAN_POINT('Ctrl Pts',(-5.32430080109193,30.6267536495692,2.12252419426256));
#4672=CARTESIAN_POINT('Ctrl Pts',(-5.12238566490733,31.8640788223991,1.94663865786166));
#4673=CARTESIAN_POINT('Ctrl Pts',(-4.96236946160116,32.8957439065258,1.77609022510563));
#4674=CARTESIAN_POINT('Ctrl Pts',(-4.83992428620496,33.7171543241742,1.62222720201017));
#4675=CARTESIAN_POINT('Ctrl Pts',(-4.75084188596875,34.3312726457951,1.49652890020895));
#4676=CARTESIAN_POINT('Ctrl Pts',(-4.6645724571931,34.9428590808712,1.35838870364403));
#4677=CARTESIAN_POINT('Ctrl Pts',(-4.58119304644059,35.5511141857913,1.20434925272071));
#4678=CARTESIAN_POINT('Ctrl Pts',(-4.51422064098993,36.0542038813904,1.0579888863185));
#4679=CARTESIAN_POINT('Ctrl Pts',(-4.4623165365321,36.4528696739331,0.924321337886549));
#4680=CARTESIAN_POINT('Ctrl Pts',(-4.42423975071797,36.7497708708707,0.812740920092775));
#4681=CARTESIAN_POINT('Ctrl Pts',(-4.38760439639364,37.0397919508855,0.686924385030173));
#4682=CARTESIAN_POINT('Ctrl Pts',(-4.35288500926807,37.3187385539468,0.540057981659122));
#4683=CARTESIAN_POINT('Ctrl Pts',(-4.32599239761807,37.538009765812,0.386378881898046));
#4684=CARTESIAN_POINT('Ctrl Pts',(-4.30847954663711,37.682147181519,0.227195077936894));
#4685=CARTESIAN_POINT('Ctrl Pts',(-4.30260505759689,37.7307499859169,0.12962497900262));
#4686=CARTESIAN_POINT('Ctrl Pts',(-4.30110622560369,37.74315659052,0.0772812689133807));
#4687=CARTESIAN_POINT('',(-4.30110622560437,37.7431565905143,-0.0772812689378324));
#4688=CARTESIAN_POINT('Origin',(-4.36619683200045,37.2043635151496,1.29923156441062E-5));
#4689=CARTESIAN_POINT('Ctrl Pts',(-4.30110622560437,37.7431565905143,-0.0772812689378324));
#4690=CARTESIAN_POINT('Ctrl Pts',(-4.30258969663012,37.7308771365528,-0.129088527940316));
#4691=CARTESIAN_POINT('Ctrl Pts',(-4.30843455987328,37.682517601357,-0.226800245381727));
#4692=CARTESIAN_POINT('Ctrl Pts',(-4.32598951752543,37.5380357173354,-0.386299401114253));
#4693=CARTESIAN_POINT('Ctrl Pts',(-4.35262778885174,37.3208198955866,-0.538785508362706));
#4694=CARTESIAN_POINT('Ctrl Pts',(-4.38759758764917,37.0398434892976,-0.686953994332064));
#4695=CARTESIAN_POINT('Ctrl Pts',(-4.43602876363935,36.6564437213755,-0.853133522462336));
#4696=CARTESIAN_POINT('Ctrl Pts',(-4.49966388264452,36.1637051299253,-1.02572902905907));
#4697=CARTESIAN_POINT('Ctrl Pts',(-4.5798036249045,35.5614024559007,-1.20160785393725));
#4698=CARTESIAN_POINT('Ctrl Pts',(-4.66322276436181,34.952563992635,-1.35606693634445));
#4699=CARTESIAN_POINT('Ctrl Pts',(-4.74936264171125,34.3416246735315,-1.49430193164695));
#4700=CARTESIAN_POINT('Ctrl Pts',(-4.83826662136966,33.7284370157125,-1.62001398403852));
#4701=CARTESIAN_POINT('Ctrl Pts',(-4.96039328484137,32.9087494325623,-1.7738015063573));
#4702=CARTESIAN_POINT('Ctrl Pts',(-5.11976203817819,31.8806122783137,-1.94408621243281));
#4703=CARTESIAN_POINT('Ctrl Pts',(-5.32147341537536,30.6436622133739,-2.12029685946019));
#4704=CARTESIAN_POINT('Ctrl Pts',(-5.53312968795339,29.4069224125689,-2.27165355767283));
#4705=CARTESIAN_POINT('Ctrl Pts',(-5.75481977557657,28.1698461781831,-2.40025659979737));
#4706=CARTESIAN_POINT('Ctrl Pts',(-5.98651787796315,26.9326378290623,-2.50690226022033));
#4707=CARTESIAN_POINT('Ctrl Pts',(-6.30873406867277,25.2831095969147,-2.61980935184644));
#4708=CARTESIAN_POINT('Ctrl Pts',(-6.73695389807838,23.2189678828803,-2.70478765390901));
#4709=CARTESIAN_POINT('Ctrl Pts',(-7.28861328704937,20.7517665321238,-2.70462610236647));
#4710=CARTESIAN_POINT('Ctrl Pts',(-7.68097540116669,19.1145188709354,-2.62146270951464));
#4711=CARTESIAN_POINT('Ctrl Pts',(-7.88319852248489,18.2978456444586,-2.55146239828909));
#4712=CARTESIAN_POINT('Origin',(-7.88319852248455,53.,-2.55146239828867));
#4713=CARTESIAN_POINT('',(-10.3401623134292,8.50663140333942,-1.70097493219244));
#4714=CARTESIAN_POINT('',(-10.3401623134292,3.3,-1.70097493219244));
#4715=CARTESIAN_POINT('',(-10.3401623134292,8.50663140333942,-1.70097493219244));
#4716=CARTESIAN_POINT('',(-10.3401623134292,3.3,-1.70097493219244));
#4717=CARTESIAN_POINT('Ctrl Pts',(-7.88319852248455,18.2978456444585,-2.55146239828867));
#4718=CARTESIAN_POINT('Ctrl Pts',(-8.74781315908421,15.046928818132,-2.25217271638879));
#4719=CARTESIAN_POINT('Ctrl Pts',(-9.55414997123085,11.7796357320721,-1.9730561275688));
#4720=CARTESIAN_POINT('Ctrl Pts',(-10.3401623134292,8.50663140333942,-1.70097493219244));
#4721=CARTESIAN_POINT('Origin',(-9.75136329843952,53.,2.39804634151017E-14));
#4722=CARTESIAN_POINT('',(-11.5268358528629,3.3000038519353,-0.296127325265082));
#4723=CARTESIAN_POINT('Ctrl Pts',(-10.3401623134292,8.50663140333941,-1.70097493219244));
#4724=CARTESIAN_POINT('Ctrl Pts',(-10.3784660378607,8.32941018863731,-1.68771595065847));
#4725=CARTESIAN_POINT('Ctrl Pts',(-10.416899711058,8.15247639249971,-1.6729672341172));
#4726=CARTESIAN_POINT('Ctrl Pts',(-10.4554880175392,7.97586332449369,-1.65656523564656));
#4727=CARTESIAN_POINT('Ctrl Pts',(-10.4927919832859,7.80512849728581,-1.64070914749653));
#4728=CARTESIAN_POINT('Ctrl Pts',(-10.5302408680334,7.63469340381137,-1.62330768237731));
#4729=CARTESIAN_POINT('Ctrl Pts',(-10.5678210577322,7.46458813716433,-1.60418101450262));
#4730=CARTESIAN_POINT('Ctrl Pts',(-10.5914543454854,7.35761297958194,-1.59215270785315));
#4731=CARTESIAN_POINT('Ctrl Pts',(-10.615138833087,7.25076826366256,-1.57944148098881));
#4732=CARTESIAN_POINT('Ctrl Pts',(-10.6388622981642,7.14406147389884,-1.56599665564381));
#4733=CARTESIAN_POINT('Ctrl Pts',(-10.6710345654615,6.99935245472543,-1.54776363136353));
#4734=CARTESIAN_POINT('Ctrl Pts',(-10.7032846476795,6.85489709656493,-1.52818100457215));
#4735=CARTESIAN_POINT('Ctrl Pts',(-10.7356188160622,6.71072022568361,-1.50706372659857));
#4736=CARTESIAN_POINT('Ctrl Pts',(-10.7537721552576,6.62977515203116,-1.49520787475173));
#4737=CARTESIAN_POINT('Ctrl Pts',(-10.7719512974538,6.54891785826542,-1.48286775597012));
#4738=CARTESIAN_POINT('Ctrl Pts',(-10.7901512401796,6.46815273773725,-1.47000667076557));
#4739=CARTESIAN_POINT('Ctrl Pts',(-10.8184709577992,6.34247951769922,-1.44999439343261));
#4740=CARTESIAN_POINT('Ctrl Pts',(-10.8468417207039,6.21702947116763,-1.42872363688104));
#4741=CARTESIAN_POINT('Ctrl Pts',(-10.8752661015672,6.09185442085823,-1.40600230765159));
#4742=CARTESIAN_POINT('Ctrl Pts',(-10.8976459099629,5.99329840814118,-1.38811277130268));
#4743=CARTESIAN_POINT('Ctrl Pts',(-10.920058323916,5.89491286914021,-1.36932343316678));
#4744=CARTESIAN_POINT('Ctrl Pts',(-10.9424845008717,5.79672309777992,-1.34952965181072));
#4745=CARTESIAN_POINT('Ctrl Pts',(-10.9663126927882,5.69239480674618,-1.32849842469445));
#4746=CARTESIAN_POINT('Ctrl Pts',(-10.9901559581173,5.58828752605424,-1.30633659085173));
#4747=CARTESIAN_POINT('Ctrl Pts',(-11.0140340296834,5.48439442888071,-1.2828338257389));
#4748=CARTESIAN_POINT('Ctrl Pts',(-11.0370821630084,5.38411237936254,-1.26014795421346));
#4749=CARTESIAN_POINT('Ctrl Pts',(-11.0601630374367,5.2840298832135,-1.23621245544449));
#4750=CARTESIAN_POINT('Ctrl Pts',(-11.0832505383779,5.18414080100165,-1.21081641056321));
#4751=CARTESIAN_POINT('Ctrl Pts',(-11.0873473381788,5.16641581755019,-1.20630996736356));
#4752=CARTESIAN_POINT('Ctrl Pts',(-11.0914442242915,5.14869692418433,-1.20175748495352));
#4753=CARTESIAN_POINT('Ctrl Pts',(-11.0955408873198,5.1309840866011,-1.19715772125142));
#4754=CARTESIAN_POINT('Ctrl Pts',(-11.1149205654754,5.04719171968924,-1.17539807455321));
#4755=CARTESIAN_POINT('Ctrl Pts',(-11.1342938028014,4.96353487262789,-1.15258787933309));
#4756=CARTESIAN_POINT('Ctrl Pts',(-11.153674478047,4.88013693120715,-1.12850492048011));
#4757=CARTESIAN_POINT('Ctrl Pts',(-11.172241081123,4.80024206397015,-1.10543355004272));
#4758=CARTESIAN_POINT('Ctrl Pts',(-11.1908147443121,4.72058480886433,-1.08119380738112));
#4759=CARTESIAN_POINT('Ctrl Pts',(-11.209364034102,4.64127364741736,-1.05557276149381));
#4760=CARTESIAN_POINT('Ctrl Pts',(-11.2225085677166,4.58507159119494,-1.03741698826889));
#4761=CARTESIAN_POINT('Ctrl Pts',(-11.2356400005154,4.52904332683311,-1.01856721309122));
#4762=CARTESIAN_POINT('Ctrl Pts',(-11.2487317983679,4.47322745630268,-0.998943229329031));
#4763=CARTESIAN_POINT('Ctrl Pts',(-11.2651196973273,4.40335891289138,-0.974378546410689));
#4764=CARTESIAN_POINT('Ctrl Pts',(-11.2814494174266,4.33382317450341,-0.948598642773892));
#4765=CARTESIAN_POINT('Ctrl Pts',(-11.29766023781,4.2649320467241,-0.921393387914986));
#4766=CARTESIAN_POINT('Ctrl Pts',(-11.3066004744904,4.22693872047887,-0.906389741483909));
#4767=CARTESIAN_POINT('Ctrl Pts',(-11.3155037157899,4.18914145265146,-0.890952364924577));
#4768=CARTESIAN_POINT('Ctrl Pts',(-11.3243530165882,4.15159254496024,-0.875044768339555));
#4769=CARTESIAN_POINT('Ctrl Pts',(-11.3368006327593,4.09877544661133,-0.852668802033544));
#4770=CARTESIAN_POINT('Ctrl Pts',(-11.3491440124284,4.0464497496184,-0.829365821849842));
#4771=CARTESIAN_POINT('Ctrl Pts',(-11.3613966538928,3.99465886893998,-0.804855635706033));
#4772=CARTESIAN_POINT('Ctrl Pts',(-11.3728816278989,3.94611285377463,-0.781881091680975));
#4773=CARTESIAN_POINT('Ctrl Pts',(-11.3842869519868,3.89803673837582,-0.757845550073843));
#4774=CARTESIAN_POINT('Ctrl Pts',(-11.3955758912972,3.85046627803019,-0.732505938193184));
#4775=CARTESIAN_POINT('Ctrl Pts',(-11.396330455595,3.84728661960322,-0.730812212509911));
#4776=CARTESIAN_POINT('Ctrl Pts',(-11.3970844807648,3.84410922030289,-0.729112656831024));
#4777=CARTESIAN_POINT('Ctrl Pts',(-11.3978379474181,3.84093409080674,-0.727407197016152));
#4778=CARTESIAN_POINT('Ctrl Pts',(-11.407767837681,3.79908925623061,-0.704931047959534));
#4779=CARTESIAN_POINT('Ctrl Pts',(-11.4176032347888,3.75763865123991,-0.681433827121722));
#4780=CARTESIAN_POINT('Ctrl Pts',(-11.4273074883043,3.71684235958654,-0.656666637235714));
#4781=CARTESIAN_POINT('Ctrl Pts',(-11.4365567857385,3.67795868500897,-0.633060585982061));
#4782=CARTESIAN_POINT('Ctrl Pts',(-11.4456871397375,3.63966941069963,-0.608300573342581));
#4783=CARTESIAN_POINT('Ctrl Pts',(-11.4546201518715,3.60219972870995,-0.582165003445808));
#4784=CARTESIAN_POINT('Ctrl Pts',(-11.4590163824414,3.58375965956665,-0.569302825535447));
#4785=CARTESIAN_POINT('Ctrl Pts',(-11.4633640698546,3.56551809154081,-0.556107423138781));
#4786=CARTESIAN_POINT('Ctrl Pts',(-11.4676491612404,3.54750186575473,-0.542552151548463));
#4787=CARTESIAN_POINT('Ctrl Pts',(-11.4746590343304,3.51802957567915,-0.520377424105164));
#4788=CARTESIAN_POINT('Ctrl Pts',(-11.4815017760081,3.48916032091117,-0.497249257145191));
#4789=CARTESIAN_POINT('Ctrl Pts',(-11.4881274830726,3.46132560973143,-0.472916659651212));
#4790=CARTESIAN_POINT('Ctrl Pts',(-11.494537327664,3.4343977405741,-0.449376806934766));
#4791=CARTESIAN_POINT('Ctrl Pts',(-11.5007443579064,3.40843810319308,-0.424709445865374));
#4792=CARTESIAN_POINT('Ctrl Pts',(-11.5066553439193,3.3838373899689,-0.398685132749468));
#4793=CARTESIAN_POINT('Ctrl Pts',(-11.5122943043356,3.36036880997527,-0.373858467417684));
#4794=CARTESIAN_POINT('Ctrl Pts',(-11.5176640096356,3.33813695585739,-0.347796557268888));
#4795=CARTESIAN_POINT('Ctrl Pts',(-11.5226358274781,3.31748102483549,-0.320302400667512));
#4796=CARTESIAN_POINT('Ctrl Pts',(-11.52407061417,3.31152005525091,-0.312368029126453));
#4797=CARTESIAN_POINT('Ctrl Pts',(-11.5254719397843,3.30569032961337,-0.30431441073494));
#4798=CARTESIAN_POINT('Ctrl Pts',(-11.5268358919287,3.30000000000743,-0.296136910514017));
#4799=CARTESIAN_POINT('Origin',(-9.75136329843952,3.3,2.39804634151017E-14));
#4800=CARTESIAN_POINT('Origin',(-7.88319852248455,53.,2.55146239828872));
#4801=CARTESIAN_POINT('',(-7.88319852248455,3.3,2.55146239828872));
#4802=CARTESIAN_POINT('Ctrl Pts',(-10.3401623134292,8.50663140333938,1.70097493219249));
#4803=CARTESIAN_POINT('Ctrl Pts',(-9.55414997123959,11.7796357320786,1.97305612756582));
#4804=CARTESIAN_POINT('Ctrl Pts',(-8.74781315909394,15.0469288181162,2.25217271638547));
#4805=CARTESIAN_POINT('Ctrl Pts',(-7.88319852248455,18.2978456444585,2.55146239828872));
#4806=CARTESIAN_POINT('Origin',(0.,3.,-7.));
#4807=CARTESIAN_POINT('',(1.41747911016039,3.,-10.2420291442643));
#4808=CARTESIAN_POINT('',(0.246780758761659,3.,-11.2309237930138));
#4809=CARTESIAN_POINT('Origin',(0.,3.,-9.75136329843952));
#4810=CARTESIAN_POINT('',(-0.246780758753218,3.,-11.2309237930153));
#4811=CARTESIAN_POINT('Ctrl Pts',(0.246780758761659,3.,-11.2309237930138));
#4812=CARTESIAN_POINT('Ctrl Pts',(0.205650640445961,3.,-11.2377840875502));
#4813=CARTESIAN_POINT('Ctrl Pts',(0.164520511275021,3.,-11.2453926137663));
#4814=CARTESIAN_POINT('Ctrl Pts',(0.123390379390254,3.,-11.2514774058161));
#4815=CARTESIAN_POINT('Ctrl Pts',(0.102825316499297,3.,-11.2545198013896));
#4816=CARTESIAN_POINT('Ctrl Pts',(0.0822602529298836,3.,-11.2571812634598));
#4817=CARTESIAN_POINT('Ctrl Pts',(0.0616951896996903,3.,-11.2590326826472));
#4818=CARTESIAN_POINT('Ctrl Pts',(0.0411301257894473,3.,-11.2608841018959));
#4819=CARTESIAN_POINT('Ctrl Pts',(0.0205650622184245,3.,-11.2619254781898));
#4820=CARTESIAN_POINT('Ctrl Pts',(4.30900757783618E-12,3.,-11.2619254781899));
#4821=CARTESIAN_POINT('Ctrl Pts',(-0.0205650622066308,3.,-11.26192547819));
#4822=CARTESIAN_POINT('Ctrl Pts',(-0.0411301257744748,3.,-11.2608841018969));
#4823=CARTESIAN_POINT('Ctrl Pts',(-0.0616951896815462,3.,-11.2590326826489));
#4824=CARTESIAN_POINT('Ctrl Pts',(-0.0822602529117611,3.,-11.2571812634619));
#4825=CARTESIAN_POINT('Ctrl Pts',(-0.102825316481204,3.,-11.254519801392));
#4826=CARTESIAN_POINT('Ctrl Pts',(-0.123390379372195,3.,-11.2514774058187));
#4827=CARTESIAN_POINT('Ctrl Pts',(-0.164520511260155,3.,-11.2453926137688));
#4828=CARTESIAN_POINT('Ctrl Pts',(-0.205650640434311,3.,-11.2377840875522));
#4829=CARTESIAN_POINT('Ctrl Pts',(-0.246780758753218,3.,-11.2309237930153));
#4830=CARTESIAN_POINT('',(-1.41747911016039,3.,-10.2420291442643));
#4831=CARTESIAN_POINT('Origin',(0.,3.,-9.75136329843952));
#4832=CARTESIAN_POINT('',(-2.26796657625662,3.,-7.7850653533196));
#4833=CARTESIAN_POINT('',(-2.26796657625662,3.,-7.7850653533196));
#4834=CARTESIAN_POINT('',(2.26796657625662,3.,-7.7850653533196));
#4835=CARTESIAN_POINT('Origin',(0.,3.,-7.));
#4836=CARTESIAN_POINT('',(1.41747911016039,3.,-10.2420291442643));
#4837=CARTESIAN_POINT('',(-2.0818995585505E-16,3.,-5.3));
#4838=CARTESIAN_POINT('Origin',(0.,3.,-7.));
#4839=CARTESIAN_POINT('Origin',(0.,53.,-7.));
#4840=CARTESIAN_POINT('',(2.5514623982887,18.2978456444585,-7.88319852248455));
#4841=CARTESIAN_POINT('',(2.5514623982887,3.3,-7.88319852248455));
#4842=CARTESIAN_POINT('',(2.5514623982887,18.2978456444585,-7.88319852248455));
#4843=CARTESIAN_POINT('',(-2.5514623982887,3.3,-7.88319852248455));
#4844=CARTESIAN_POINT('Origin',(0.,3.3,-7.));
#4845=CARTESIAN_POINT('',(-2.5514623982887,18.2978456444585,-7.88319852248455));
#4846=CARTESIAN_POINT('',(-2.5514623982887,18.2978456444585,-7.88319852248455));
#4847=CARTESIAN_POINT('',(-0.0772812689133619,37.74315659052,-4.30110622560369));
#4848=CARTESIAN_POINT('Ctrl Pts',(-2.5514623982887,18.2978456444585,-7.88319852248455));
#4849=CARTESIAN_POINT('Ctrl Pts',(-2.62176171862446,19.1180073230653,-7.68011159707014));
#4850=CARTESIAN_POINT('Ctrl Pts',(-2.70475665856408,20.7582000126693,-7.2871256154777));
#4851=CARTESIAN_POINT('Ctrl Pts',(-2.70462130845721,23.2203336930782,-6.73671363709877));
#4852=CARTESIAN_POINT('Ctrl Pts',(-2.62020358692699,25.2745757969743,-6.31048624094139));
#4853=CARTESIAN_POINT('Ctrl Pts',(-2.507884858941,26.9197330185628,-5.98899392350607));
#4854=CARTESIAN_POINT('Ctrl Pts',(-2.40169988300113,28.1545082484962,-5.75763671236123));
#4855=CARTESIAN_POINT('Ctrl Pts',(-2.27353865821434,29.3901919280957,-5.53606284536532));
#4856=CARTESIAN_POINT('Ctrl Pts',(-2.12252419426254,30.6267536495692,-5.32430080109193));
#4857=CARTESIAN_POINT('Ctrl Pts',(-1.94663865786164,31.8640788223991,-5.12238566490733));
#4858=CARTESIAN_POINT('Ctrl Pts',(-1.77609022510561,32.8957439065258,-4.96236946160116));
#4859=CARTESIAN_POINT('Ctrl Pts',(-1.62222720201015,33.7171543241742,-4.83992428620496));
#4860=CARTESIAN_POINT('Ctrl Pts',(-1.49652890020893,34.3312726457951,-4.75084188596876));
#4861=CARTESIAN_POINT('Ctrl Pts',(-1.35838870364402,34.9428590808712,-4.66457245719311));
#4862=CARTESIAN_POINT('Ctrl Pts',(-1.20434925272068,35.5511141857914,-4.58119304644059));
#4863=CARTESIAN_POINT('Ctrl Pts',(-1.05798888631848,36.0542038813904,-4.51422064098993));
#4864=CARTESIAN_POINT('Ctrl Pts',(-0.924321337886531,36.4528696739331,-4.46231653653211));
#4865=CARTESIAN_POINT('Ctrl Pts',(-0.812740920092757,36.7497708708707,-4.42423975071797));
#4866=CARTESIAN_POINT('Ctrl Pts',(-0.686924385030149,37.0397919508856,-4.38760439639364));
#4867=CARTESIAN_POINT('Ctrl Pts',(-0.540057981659128,37.3187385539468,-4.35288500926807));
#4868=CARTESIAN_POINT('Ctrl Pts',(-0.386378881898016,37.538009765812,-4.32599239761807));
#4869=CARTESIAN_POINT('Ctrl Pts',(-0.227195077936885,37.682147181519,-4.30847954663711));
#4870=CARTESIAN_POINT('Ctrl Pts',(-0.129624979002603,37.7307499859169,-4.30260505759689));
#4871=CARTESIAN_POINT('Ctrl Pts',(-0.0772812689133619,37.74315659052,-4.30110622560369));
#4872=CARTESIAN_POINT('',(0.0772812689378551,37.7431565905143,-4.30110622560437));
#4873=CARTESIAN_POINT('Origin',(-1.29922420052421E-5,37.204363515073,-4.3661968320075));
#4874=CARTESIAN_POINT('Ctrl Pts',(0.0772812689378585,37.7431565905143,-4.30110622560437));
#4875=CARTESIAN_POINT('Ctrl Pts',(0.129088527940341,37.7308771365528,-4.30258969663012));
#4876=CARTESIAN_POINT('Ctrl Pts',(0.226800245381749,37.682517601357,-4.30843455987327));
#4877=CARTESIAN_POINT('Ctrl Pts',(0.386299401114276,37.5380357173354,-4.32598951752544));
#4878=CARTESIAN_POINT('Ctrl Pts',(0.538785508362723,37.3208198955866,-4.35262778885173));
#4879=CARTESIAN_POINT('Ctrl Pts',(0.686953994332087,37.0398434892976,-4.38759758764917));
#4880=CARTESIAN_POINT('Ctrl Pts',(0.853133522462349,36.6564437213755,-4.43602876363934));
#4881=CARTESIAN_POINT('Ctrl Pts',(1.02572902905909,36.1637051299253,-4.49966388264452));
#4882=CARTESIAN_POINT('Ctrl Pts',(1.20160785393728,35.5614024559006,-4.5798036249045));
#4883=CARTESIAN_POINT('Ctrl Pts',(1.35606693634447,34.9525639926349,-4.66322276436181));
#4884=CARTESIAN_POINT('Ctrl Pts',(1.49430193164696,34.3416246735315,-4.74936264171125));
#4885=CARTESIAN_POINT('Ctrl Pts',(1.62001398403853,33.7284370157125,-4.83826662136966));
#4886=CARTESIAN_POINT('Ctrl Pts',(1.77380150635733,32.9087494325623,-4.96039328484138));
#4887=CARTESIAN_POINT('Ctrl Pts',(1.94408621243282,31.8806122783138,-5.11976203817818));
#4888=CARTESIAN_POINT('Ctrl Pts',(2.12029685946022,30.6436622133738,-5.32147341537536));
#4889=CARTESIAN_POINT('Ctrl Pts',(2.27165355767285,29.4069224125689,-5.53312968795338));
#4890=CARTESIAN_POINT('Ctrl Pts',(2.4002565997974,28.1698461781831,-5.75481977557657));
#4891=CARTESIAN_POINT('Ctrl Pts',(2.50690226022035,26.9326378290622,-5.98651787796315));
#4892=CARTESIAN_POINT('Ctrl Pts',(2.61980935184647,25.2831095969147,-6.30873406867276));
#4893=CARTESIAN_POINT('Ctrl Pts',(2.70478765390903,23.2189678828802,-6.7369538980784));
#4894=CARTESIAN_POINT('Ctrl Pts',(2.70462610236649,20.7517665321238,-7.28861328704935));
#4895=CARTESIAN_POINT('Ctrl Pts',(2.62146270951466,19.1145188709354,-7.68097540116669));
#4896=CARTESIAN_POINT('Ctrl Pts',(2.55146239828911,18.2978456444586,-7.88319852248489));
#4897=CARTESIAN_POINT('Origin',(2.5514623982887,53.,-7.88319852248455));
#4898=CARTESIAN_POINT('',(1.70097493219246,8.50663140333939,-10.3401623134292));
#4899=CARTESIAN_POINT('',(1.70097493219246,3.3,-10.3401623134292));
#4900=CARTESIAN_POINT('',(1.70097493219246,8.50663140333939,-10.3401623134292));
#4901=CARTESIAN_POINT('',(1.70097493219246,3.3,-10.3401623134292));
#4902=CARTESIAN_POINT('Ctrl Pts',(2.5514623982887,18.2978456444585,-7.88319852248455));
#4903=CARTESIAN_POINT('Ctrl Pts',(2.25217271638134,15.0469288181319,-8.74781315910581));
#4904=CARTESIAN_POINT('Ctrl Pts',(1.97305612756686,11.7796357320692,-9.55414997123654));
#4905=CARTESIAN_POINT('Ctrl Pts',(1.70097493219246,8.50663140333939,-10.3401623134292));
#4906=CARTESIAN_POINT('Origin',(0.,53.,-9.75136329843952));
#4907=CARTESIAN_POINT('',(0.296127325265088,3.30000385193529,-11.5268358528629));
#4908=CARTESIAN_POINT('Ctrl Pts',(1.70097493219246,8.50663140333939,-10.3401623134292));
#4909=CARTESIAN_POINT('Ctrl Pts',(1.68771595065851,8.32941018863751,-10.3784660378606));
#4910=CARTESIAN_POINT('Ctrl Pts',(1.67296723411726,8.15247639250012,-10.4168997110579));
#4911=CARTESIAN_POINT('Ctrl Pts',(1.65656523564664,7.97586332449432,-10.455488017539));
#4912=CARTESIAN_POINT('Ctrl Pts',(1.64070914749661,7.80512849728632,-10.4927919832857));
#4913=CARTESIAN_POINT('Ctrl Pts',(1.62330768237738,7.63469340381176,-10.5302408680333));
#4914=CARTESIAN_POINT('Ctrl Pts',(1.60418101450268,7.46458813716461,-10.5678210577322));
#4915=CARTESIAN_POINT('Ctrl Pts',(1.5921527078532,7.35761297958212,-10.5914543454854));
#4916=CARTESIAN_POINT('Ctrl Pts',(1.57944148098885,7.25076826366263,-10.615138833087));
#4917=CARTESIAN_POINT('Ctrl Pts',(1.56599665564383,7.14406147389881,-10.6388622981642));
#4918=CARTESIAN_POINT('Ctrl Pts',(1.54776363136354,6.9993524547253,-10.6710345654615));
#4919=CARTESIAN_POINT('Ctrl Pts',(1.52818100457215,6.85489709656471,-10.7032846476795));
#4920=CARTESIAN_POINT('Ctrl Pts',(1.50706372659855,6.71072022568329,-10.7356188160623));
#4921=CARTESIAN_POINT('Ctrl Pts',(1.49520787475172,6.62977515203093,-10.7537721552576));
#4922=CARTESIAN_POINT('Ctrl Pts',(1.48286775597013,6.5489178582653,-10.7719512974538));
#4923=CARTESIAN_POINT('Ctrl Pts',(1.47000667076559,6.46815273773723,-10.7901512401796));
#4924=CARTESIAN_POINT('Ctrl Pts',(1.44999439343262,6.34247951769913,-10.8184709577992));
#4925=CARTESIAN_POINT('Ctrl Pts',(1.42872363688104,6.21702947116746,-10.8468417207039));
#4926=CARTESIAN_POINT('Ctrl Pts',(1.40600230765157,6.09185442085799,-10.8752661015673));
#4927=CARTESIAN_POINT('Ctrl Pts',(1.38811277130268,5.99329840814101,-10.897645909963));
#4928=CARTESIAN_POINT('Ctrl Pts',(1.36932343316679,5.89491286914012,-10.920058323916));
#4929=CARTESIAN_POINT('Ctrl Pts',(1.34952965181075,5.79672309777989,-10.9424845008717));
#4930=CARTESIAN_POINT('Ctrl Pts',(1.32849842469443,5.69239480674598,-10.9663126927883));
#4931=CARTESIAN_POINT('Ctrl Pts',(1.30633659085167,5.58828752605384,-10.9901559581174));
#4932=CARTESIAN_POINT('Ctrl Pts',(1.2828338257388,5.48439442888013,-11.0140340296836));
#4933=CARTESIAN_POINT('Ctrl Pts',(1.26014795421334,5.38411237936187,-11.0370821630085));
#4934=CARTESIAN_POINT('Ctrl Pts',(1.23621245544433,5.28402988321273,-11.0601630374369));
#4935=CARTESIAN_POINT('Ctrl Pts',(1.21081641056302,5.18414080100079,-11.0832505383781));
#4936=CARTESIAN_POINT('Ctrl Pts',(1.20630996736344,5.16641581754961,-11.087347338179));
#4937=CARTESIAN_POINT('Ctrl Pts',(1.20175748495347,5.14869692418403,-11.0914442242915));
#4938=CARTESIAN_POINT('Ctrl Pts',(1.19715772125145,5.13098408660108,-11.0955408873198));
#4939=CARTESIAN_POINT('Ctrl Pts',(1.17539807455323,5.04719171968922,-11.1149205654754));
#4940=CARTESIAN_POINT('Ctrl Pts',(1.15258787933311,4.96353487262786,-11.1342938028014));
#4941=CARTESIAN_POINT('Ctrl Pts',(1.12850492048012,4.8801369312071,-11.153674478047));
#4942=CARTESIAN_POINT('Ctrl Pts',(1.10543355004272,4.80024206397007,-11.172241081123));
#4943=CARTESIAN_POINT('Ctrl Pts',(1.08119380738111,4.72058480886421,-11.1908147443122));
#4944=CARTESIAN_POINT('Ctrl Pts',(1.05557276149379,4.64127364741721,-11.209364034102));
#4945=CARTESIAN_POINT('Ctrl Pts',(1.03741698826888,4.58507159119483,-11.2225085677166));
#4946=CARTESIAN_POINT('Ctrl Pts',(1.01856721309123,4.52904332683303,-11.2356400005154));
#4947=CARTESIAN_POINT('Ctrl Pts',(0.998943229329049,4.47322745630264,-11.2487317983679));
#4948=CARTESIAN_POINT('Ctrl Pts',(0.974378546410702,4.40335891289134,-11.2651196973273));
#4949=CARTESIAN_POINT('Ctrl Pts',(0.9485986427739,4.33382317450336,-11.2814494174266));
#4950=CARTESIAN_POINT('Ctrl Pts',(0.921393387914989,4.26493204672403,-11.29766023781));
#4951=CARTESIAN_POINT('Ctrl Pts',(0.906389741483917,4.22693872047881,-11.3066004744904));
#4952=CARTESIAN_POINT('Ctrl Pts',(0.89095236492459,4.18914145265141,-11.3155037157899));
#4953=CARTESIAN_POINT('Ctrl Pts',(0.875044768339572,4.15159254496022,-11.3243530165882));
#4954=CARTESIAN_POINT('Ctrl Pts',(0.852668802033563,4.0987754466113,-11.3368006327593));
#4955=CARTESIAN_POINT('Ctrl Pts',(0.829365821849861,4.04644974961837,-11.3491440124284));
#4956=CARTESIAN_POINT('Ctrl Pts',(0.804855635706051,3.99465886893995,-11.3613966538928));
#4957=CARTESIAN_POINT('Ctrl Pts',(0.781881091680998,3.94611285377461,-11.3728816278989));
#4958=CARTESIAN_POINT('Ctrl Pts',(0.757845550073872,3.89803673837581,-11.3842869519868));
#4959=CARTESIAN_POINT('Ctrl Pts',(0.732505938193219,3.85046627803019,-11.3955758912972));
#4960=CARTESIAN_POINT('Ctrl Pts',(0.73081221250994,3.84728661960321,-11.396330455595));
#4961=CARTESIAN_POINT('Ctrl Pts',(0.729112656831047,3.84410922030288,-11.3970844807648));
#4962=CARTESIAN_POINT('Ctrl Pts',(0.727407197016168,3.84093409080671,-11.3978379474181));
#4963=CARTESIAN_POINT('Ctrl Pts',(0.704931047959586,3.79908925623065,-11.407767837681));
#4964=CARTESIAN_POINT('Ctrl Pts',(0.681433827121814,3.75763865124004,-11.4176032347888));
#4965=CARTESIAN_POINT('Ctrl Pts',(0.656666637235848,3.71684235958673,-11.4273074883043));
#4966=CARTESIAN_POINT('Ctrl Pts',(0.633060585982205,3.67795868500917,-11.4365567857384));
#4967=CARTESIAN_POINT('Ctrl Pts',(0.608300573342736,3.63966941069982,-11.4456871397374));
#4968=CARTESIAN_POINT('Ctrl Pts',(0.582165003445976,3.60219972871015,-11.4546201518714));
#4969=CARTESIAN_POINT('Ctrl Pts',(0.569302825535565,3.58375965956678,-11.4590163824414));
#4970=CARTESIAN_POINT('Ctrl Pts',(0.556107423138846,3.56551809154087,-11.4633640698546));
#4971=CARTESIAN_POINT('Ctrl Pts',(0.542552151548473,3.54750186575472,-11.4676491612404));
#4972=CARTESIAN_POINT('Ctrl Pts',(0.52037742410518,3.51802957567915,-11.4746590343304));
#4973=CARTESIAN_POINT('Ctrl Pts',(0.497249257145213,3.48916032091117,-11.4815017760081));
#4974=CARTESIAN_POINT('Ctrl Pts',(0.472916659651241,3.46132560973144,-11.4881274830726));
#4975=CARTESIAN_POINT('Ctrl Pts',(0.449376806934792,3.4343977405741,-11.494537327664));
#4976=CARTESIAN_POINT('Ctrl Pts',(0.424709445865395,3.40843810319308,-11.5007443579064));
#4977=CARTESIAN_POINT('Ctrl Pts',(0.398685132749485,3.3838373899689,-11.5066553439193));
#4978=CARTESIAN_POINT('Ctrl Pts',(0.373858467417714,3.36036880997528,-11.5122943043356));
#4979=CARTESIAN_POINT('Ctrl Pts',(0.347796557268931,3.33813695585742,-11.5176640096356));
#4980=CARTESIAN_POINT('Ctrl Pts',(0.32030240066757,3.31748102483552,-11.5226358274781));
#4981=CARTESIAN_POINT('Ctrl Pts',(0.312368029126494,3.31152005525094,-11.52407061417));
#4982=CARTESIAN_POINT('Ctrl Pts',(0.304314410734963,3.30569032961337,-11.5254719397843));
#4983=CARTESIAN_POINT('Ctrl Pts',(0.296136910514023,3.30000000000742,-11.5268358919287));
#4984=CARTESIAN_POINT('Origin',(0.,3.3,-9.75136329843952));
#4985=CARTESIAN_POINT('Origin',(-2.5514623982887,53.,-7.88319852248455));
#4986=CARTESIAN_POINT('',(-2.5514623982887,3.3,-7.88319852248455));
#4987=CARTESIAN_POINT('Ctrl Pts',(-1.70097493219246,8.50663140333939,-10.3401623134292));
#4988=CARTESIAN_POINT('Ctrl Pts',(-1.97305612757233,11.7796357320669,-9.55414997122072));
#4989=CARTESIAN_POINT('Ctrl Pts',(-2.2521727163847,15.0469288181163,-8.7478131590961));
#4990=CARTESIAN_POINT('Ctrl Pts',(-2.5514623982887,18.2978456444585,-7.88319852248455));
#4991=CARTESIAN_POINT('Ctrl Pts',(-2.53852546843117,18.1469794559867,7.91974952111548));
#4992=CARTESIAN_POINT('Ctrl Pts',(-2.40214379695392,18.2591075309874,8.2903045680476));
#4993=CARTESIAN_POINT('Ctrl Pts',(-2.78959853222499,18.1904142846009,8.17347725770625));
#4994=CARTESIAN_POINT('Ctrl Pts',(-2.61656444570296,19.0143763967741,7.7041023546148));
#4995=CARTESIAN_POINT('Ctrl Pts',(-2.51497387044849,19.0592830147049,8.07184239681666));
#4996=CARTESIAN_POINT('Ctrl Pts',(-2.87685924038722,19.0577194171794,7.94073709945306));
#4997=CARTESIAN_POINT('Ctrl Pts',(-2.70484712169695,20.703801761438,7.29840855671766));
#4998=CARTESIAN_POINT('Ctrl Pts',(-2.6664365447,20.661226517049,7.64728262794125));
#4999=CARTESIAN_POINT('Ctrl Pts',(-2.97724910753967,20.7470049208784,7.50297511470432));
#5000=CARTESIAN_POINT('Ctrl Pts',(-2.7046226127223,23.2261311794537,6.73454630509642));
#5001=CARTESIAN_POINT('Ctrl Pts',(-2.73278327979577,23.1918323844635,7.02219223545686));
#5002=CARTESIAN_POINT('Ctrl Pts',(-2.98273270139906,23.2693457468654,6.89495980252605));
#5003=CARTESIAN_POINT('Ctrl Pts',(-2.61900287142611,25.2951087217797,6.30553019131399));
#5004=CARTESIAN_POINT('Ctrl Pts',(-2.68102035654872,25.2972356153079,6.53881303380036));
#5005=CARTESIAN_POINT('Ctrl Pts',(-2.89352529195925,25.3383996110801,6.43288895894154));
#5006=CARTESIAN_POINT('Ctrl Pts',(-2.50542960634276,26.9482388877383,5.98283580681862));
#5007=CARTESIAN_POINT('Ctrl Pts',(-2.58347785724971,26.9737993353105,6.17652095284418));
#5008=CARTESIAN_POINT('Ctrl Pts',(-2.77247469105537,26.9915873250126,6.08581194460303));
#5009=CARTESIAN_POINT('Ctrl Pts',(-2.39819553128199,28.1882272241282,5.75081386744494));
#5010=CARTESIAN_POINT('Ctrl Pts',(-2.48582320078057,28.2107370515994,5.91994639221376));
#5011=CARTESIAN_POINT('Ctrl Pts',(-2.65730690302746,28.2315735020595,5.83655920292446));
#5012=CARTESIAN_POINT('Ctrl Pts',(-2.26891092855408,29.4280628271522,5.5288544038969));
#5013=CARTESIAN_POINT('Ctrl Pts',(-2.36271046573805,29.4478549298442,5.6740677755687));
#5014=CARTESIAN_POINT('Ctrl Pts',(-2.51766398491881,29.4714071197971,5.59846402827718));
#5015=CARTESIAN_POINT('Ctrl Pts',(-2.11676738666611,30.6675074903157,5.31698695322795));
#5016=CARTESIAN_POINT('Ctrl Pts',(-2.21351876062479,30.684800171016,5.43894613485682));
#5017=CARTESIAN_POINT('Ctrl Pts',(-2.35253351299279,30.7108498038537,5.37160966165064));
#5018=CARTESIAN_POINT('Ctrl Pts',(-1.93961241809614,31.9071937380387,5.11510861365716));
#5019=CARTESIAN_POINT('Ctrl Pts',(-2.03612059424392,31.9222208048783,5.2144693154298));
#5020=CARTESIAN_POINT('Ctrl Pts',(-2.15938003325401,31.950534215545,5.15594849189441));
#5021=CARTESIAN_POINT('Ctrl Pts',(-1.76844347462697,32.9370807535492,4.95572181042558));
#5022=CARTESIAN_POINT('Ctrl Pts',(-1.86085631114783,32.9572762176534,5.03567631838331));
#5023=CARTESIAN_POINT('Ctrl Pts',(-1.97189251689529,32.9804393982067,4.98617272867175));
#5024=CARTESIAN_POINT('Ctrl Pts',(-1.61386367184717,33.7577427352735,4.8336595261998));
#5025=CARTESIAN_POINT('Ctrl Pts',(-1.70079180545955,33.7820095829561,4.89861405302721));
#5026=CARTESIAN_POINT('Ctrl Pts',(-1.80192397462241,33.8011164830115,4.85651013169082));
#5027=CARTESIAN_POINT('Ctrl Pts',(-1.48749186547052,34.371427903619,4.7448437755338));
#5028=CARTESIAN_POINT('Ctrl Pts',(-1.57008117831886,34.3946539737156,4.79943374784829));
#5029=CARTESIAN_POINT('Ctrl Pts',(-1.66261211681097,34.4148012459177,4.76236367275867));
#5030=CARTESIAN_POINT('Ctrl Pts',(-1.34852570277079,34.982503690002,4.65884637698404));
#5031=CARTESIAN_POINT('Ctrl Pts',(-1.42562000986405,35.0047240236148,4.70328285277343));
#5032=CARTESIAN_POINT('Ctrl Pts',(-1.50899392050316,35.0258766424041,4.67142062401267));
#5033=CARTESIAN_POINT('Ctrl Pts',(-1.19316889007554,35.5911528600902,4.57561590459783));
#5034=CARTESIAN_POINT('Ctrl Pts',(-1.26336829325756,35.612443585632,4.61009938643984));
#5035=CARTESIAN_POINT('Ctrl Pts',(-1.33675008635118,35.6345255749722,4.58364040053415));
#5036=CARTESIAN_POINT('Ctrl Pts',(-1.01639948065272,36.1919776333664,4.49583164212042));
#5037=CARTESIAN_POINT('Ctrl Pts',(-1.07795934014177,36.2124368152779,4.52064517915166));
#5038=CARTESIAN_POINT('Ctrl Pts',(-1.14014447612604,36.235350325525,4.4997510683394));
#5039=CARTESIAN_POINT('Ctrl Pts',(-0.842914769473956,36.6821698284848,4.43265003029581));
#5040=CARTESIAN_POINT('Ctrl Pts',(-0.89473605191054,36.7036084268174,4.44947025710759));
#5041=CARTESIAN_POINT('Ctrl Pts',(-0.946541310483193,36.7255477796513,4.43354614344867));
#5042=CARTESIAN_POINT('Ctrl Pts',(-0.676241156055137,37.0617898892991,4.38478280369945));
#5043=CARTESIAN_POINT('Ctrl Pts',(-0.718089906422522,37.0838817425315,4.39551421062167));
#5044=CARTESIAN_POINT('Ctrl Pts',(-0.76001290517256,37.1051716676939,4.383528745));
#5045=CARTESIAN_POINT('Ctrl Pts',(-0.527146809462116,37.3392175407834,4.3503144569739));
#5046=CARTESIAN_POINT('Ctrl Pts',(-0.5602421359515,37.3609840337643,4.35674660536819));
#5047=CARTESIAN_POINT('Ctrl Pts',(-0.592846270043866,37.3825995391484,4.34758417036207));
#5048=CARTESIAN_POINT('Ctrl Pts',(-0.316314406102448,37.6332958245355,4.31430013503092));
#5049=CARTESIAN_POINT('Ctrl Pts',(-0.337053997801289,37.6544722827123,4.31624612024121));
#5050=CARTESIAN_POINT('Ctrl Pts',(-0.356043205072344,37.676677238045,4.31010422802177));
#5051=CARTESIAN_POINT('Ctrl Pts',(-0.0874509289730138,37.7804395142881,
4.29659980081776));
#5052=CARTESIAN_POINT('Ctrl Pts',(-0.0931793607557773,37.8023923386606,
4.29617720201393));
#5053=CARTESIAN_POINT('Ctrl Pts',(-0.0984687917377913,37.8238241966587,
4.29173250840208));
#5054=CARTESIAN_POINT('Ctrl Pts',(0.0748614955674751,37.7437959992628,4.3010135732091));
#5055=CARTESIAN_POINT('Ctrl Pts',(0.0798268631225237,37.7657467148668,4.30115544335358));
#5056=CARTESIAN_POINT('Ctrl Pts',(0.084290816660631,37.787180481741,4.29631440430995));
#5057=CARTESIAN_POINT('Origin',(-0.0830058073782816,37.7431565905141,4.10118816824174));
#5058=CARTESIAN_POINT('Origin',(-2.74045961297769,18.2978456444583,7.94862063526091));
#5059=CARTESIAN_POINT('Ctrl Pts',(-1.61954849768331,7.52456943245752,10.5753942353445));
#5060=CARTESIAN_POINT('Ctrl Pts',(-1.51302593408909,7.60824697141268,10.8831260857344));
#5061=CARTESIAN_POINT('Ctrl Pts',(-1.84307255520045,7.56758668185126,10.8330660745849));
#5062=CARTESIAN_POINT('Ctrl Pts',(-1.94451509010332,11.4534173449639,9.63660185724227));
#5063=CARTESIAN_POINT('Ctrl Pts',(-1.84361531492425,11.6795292162859,9.92809009662203));
#5064=CARTESIAN_POINT('Ctrl Pts',(-2.17654532752273,11.4956880226715,9.89285608901936));
#5065=CARTESIAN_POINT('Ctrl Pts',(-2.27772082033952,15.3755768305437,8.67400752544879));
#5066=CARTESIAN_POINT('Ctrl Pts',(-2.18613583834605,15.7694417010954,8.93858636233531));
#5067=CARTESIAN_POINT('Ctrl Pts',(-2.52014180671305,15.4170450783891,8.92835881369033));
#5068=CARTESIAN_POINT('Ctrl Pts',(-2.64186763334973,19.2726187395346,7.62202784341931));
#5069=CARTESIAN_POINT('Ctrl Pts',(-2.51089850477923,19.3889127962789,8.00038310372996));
#5070=CARTESIAN_POINT('Ctrl Pts',(-2.90014712939319,19.3155186242462,7.87010465055414));
#5071=CARTESIAN_POINT('Origin',(-1.88997214688049,8.50663140333931,10.4055844262059));
#5072=CARTESIAN_POINT('Ctrl Pts',(0.0869612191927297,37.7864128574963,4.29641431936948));
#5073=CARTESIAN_POINT('Ctrl Pts',(0.082110121764785,37.7650566710024,4.30124449702413));
#5074=CARTESIAN_POINT('Ctrl Pts',(0.0772812689129027,37.74315659052,4.3011062256037));
#5075=CARTESIAN_POINT('Ctrl Pts',(0.0295026144983708,37.7974166562474,4.29514035678396));
#5076=CARTESIAN_POINT('Ctrl Pts',(0.0278926534218091,37.7765653463091,4.29960062423293));
#5077=CARTESIAN_POINT('Ctrl Pts',(0.0262119280990392,37.7552612239559,4.29964388444076));
#5078=CARTESIAN_POINT('Ctrl Pts',(-0.0294540853570992,37.7974259872294,
4.29513927254915));
#5079=CARTESIAN_POINT('Ctrl Pts',(-0.0278468942872766,37.7765750993821,
4.29959923104042));
#5080=CARTESIAN_POINT('Ctrl Pts',(-0.0261687951643549,37.7552714893327,
4.29964264935351));
#5081=CARTESIAN_POINT('Ctrl Pts',(-0.0869612192198481,37.7864128574802,
4.29641431936977));
#5082=CARTESIAN_POINT('Ctrl Pts',(-0.0821101217904529,37.7650566709856,
4.30124449702483));
#5083=CARTESIAN_POINT('Ctrl Pts',(-0.0772812689371258,37.7431565905023,
4.30110622560431));
#5084=CARTESIAN_POINT('Origin',(0.0830058073510803,37.7431565905205,4.10118816824088));
#5085=CARTESIAN_POINT('Ctrl Pts',(1.70393439696286,8.54507519160842,10.331543423138));
#5086=CARTESIAN_POINT('Ctrl Pts',(1.59823192190583,8.62776113409892,10.6401206063367));
#5087=CARTESIAN_POINT('Ctrl Pts',(1.92838858174524,8.58836220030382,10.5884076544397));
#5088=CARTESIAN_POINT('Ctrl Pts',(1.68495882211292,8.28704519408076,10.3872684241));
#5089=CARTESIAN_POINT('Ctrl Pts',(1.56499552962728,8.36742340819238,10.7037385827641));
#5090=CARTESIAN_POINT('Ctrl Pts',(1.90671610089771,8.33033062303517,10.6504297642744));
#5091=CARTESIAN_POINT('Ctrl Pts',(1.64184032217524,7.78523995418546,10.4965228492638));
#5092=CARTESIAN_POINT('Ctrl Pts',(1.4906573887535,7.86094090755813,10.828542573785));
#5093=CARTESIAN_POINT('Ctrl Pts',(1.85755192953177,7.82852227290611,10.772042108843));
#5094=CARTESIAN_POINT('Ctrl Pts',(1.55725448781112,7.04352564762276,10.6605341783681));
#5095=CARTESIAN_POINT('Ctrl Pts',(1.35256130939701,7.13523841291178,11.0100888326354));
#5096=CARTESIAN_POINT('Ctrl Pts',(1.76135207737044,7.08680678325264,10.9546348733265));
#5097=CARTESIAN_POINT('Ctrl Pts',(1.46866420084662,6.44027618369775,10.7959157585422));
#5098=CARTESIAN_POINT('Ctrl Pts',(1.21131452547921,6.55935444168652,11.1562598022031));
#5099=CARTESIAN_POINT('Ctrl Pts',(1.66077825949256,6.48355778128779,11.105375680672));
#5100=CARTESIAN_POINT('Ctrl Pts',(1.38331974123657,5.96076435601358,10.9047023913483));
#5101=CARTESIAN_POINT('Ctrl Pts',(1.07631253071335,6.10998008363847,11.2714920069736));
#5102=CARTESIAN_POINT('Ctrl Pts',(1.56399628327059,6.0040467016439,11.2265154134366));
#5103=CARTESIAN_POINT('Ctrl Pts',(1.31099514676731,5.602903941609,10.9864727983825));
#5104=CARTESIAN_POINT('Ctrl Pts',(0.959021137774467,5.77269045777914,11.3585919255821));
#5105=CARTESIAN_POINT('Ctrl Pts',(1.482029717358,5.64618605150826,11.3175764209527));
#5106=CARTESIAN_POINT('Ctrl Pts',(1.22892713072771,5.24700985780508,11.0683712105801));
#5107=CARTESIAN_POINT('Ctrl Pts',(0.824512063960411,5.44355918584251,11.4441821821586));
#5108=CARTESIAN_POINT('Ctrl Pts',(1.38907302987093,5.29029192023245,11.4087844564095));
#5109=CARTESIAN_POINT('Ctrl Pts',(1.13523662223583,4.89371852139035,11.1502396267698));
#5110=CARTESIAN_POINT('Ctrl Pts',(0.668544357884811,5.12626767341377,11.5272748606427));
#5111=CARTESIAN_POINT('Ctrl Pts',(1.28300606962397,4.93700080297088,11.4999628788758));
#5112=CARTESIAN_POINT('Ctrl Pts',(1.02662075646065,4.54262284389898,11.232163490115));
#5113=CARTESIAN_POINT('Ctrl Pts',(0.484182183225578,4.82665889437888,11.6063053919241));
#5114=CARTESIAN_POINT('Ctrl Pts',(1.16010028588588,4.58590579986354,11.5912059989974));
#5115=CARTESIAN_POINT('Ctrl Pts',(0.921434305893998,4.25706219962849,11.2992494646081));
#5116=CARTESIAN_POINT('Ctrl Pts',(0.305162556281464,4.61043523546745,11.6637889421981));
#5117=CARTESIAN_POINT('Ctrl Pts',(1.04112711149521,4.30034684319006,11.6659246646671));
#5118=CARTESIAN_POINT('Ctrl Pts',(0.825236319232187,4.03446621820629,11.3517985547717));
#5119=CARTESIAN_POINT('Ctrl Pts',(0.14187892500519,4.46790928504404,11.7019354412574));
#5120=CARTESIAN_POINT('Ctrl Pts',(0.932354753828486,4.07775291533979,11.7244524741314));
#5121=CARTESIAN_POINT('Ctrl Pts',(0.745779963613066,3.87120183168693,11.3904644082112));
#5122=CARTESIAN_POINT('Ctrl Pts',(0.00399426639968642,4.38067176117636,
11.7254463408012));
#5123=CARTESIAN_POINT('Ctrl Pts',(0.842529565810902,3.91449020236229,11.7675172478525));
#5124=CARTESIAN_POINT('Ctrl Pts',(0.656765794024284,3.71203510253024,11.428278386744));
#5125=CARTESIAN_POINT('Ctrl Pts',(-0.147663217550863,4.3263143898694,11.7403191239495));
#5126=CARTESIAN_POINT('Ctrl Pts',(0.741918192954879,3.75532581761176,11.8096324816555));
#5127=CARTESIAN_POINT('Ctrl Pts',(0.557450589786682,3.5618486832819,11.4640669590096));
#5128=CARTESIAN_POINT('Ctrl Pts',(-0.306843381403197,4.32376509345839,11.7414746987497));
#5129=CARTESIAN_POINT('Ctrl Pts',(0.629684074110034,3.60514266466963,11.8494906354067));
#5130=CARTESIAN_POINT('Ctrl Pts',(0.444040497235613,3.42301099649812,11.4972450723361));
#5131=CARTESIAN_POINT('Ctrl Pts',(-0.459434067503372,4.40127608818234,11.721336805358));
#5132=CARTESIAN_POINT('Ctrl Pts',(0.501543925207916,3.46630955598802,11.8864395326787));
#5133=CARTESIAN_POINT('Ctrl Pts',(0.333722777150728,3.32241614889849,11.5213475072312));
#5134=CARTESIAN_POINT('Ctrl Pts',(-0.535247506986208,4.56642748152144,11.6777007851745));
#5135=CARTESIAN_POINT('Ctrl Pts',(0.376919450846922,3.36572018965678,11.9132788731634));
#5136=CARTESIAN_POINT('Ctrl Pts',(0.234084640909981,3.25866052709572,11.5366463822161));
#5137=CARTESIAN_POINT('Ctrl Pts',(-0.499298089357203,4.75834891032118,11.6267609673376));
#5138=CARTESIAN_POINT('Ctrl Pts',(0.264374270794536,3.30196947783623,11.9303134573615));
#5139=CARTESIAN_POINT('Ctrl Pts',(0.154725389198103,3.22256649869041,11.5453150489911));
#5140=CARTESIAN_POINT('Ctrl Pts',(-0.395150602761839,4.91356713527556,11.585491340884));
#5141=CARTESIAN_POINT('Ctrl Pts',(0.174741719679859,3.26587886499973,11.9399649702938));
#5142=CARTESIAN_POINT('Ctrl Pts',(0.0715367934236447,3.20044537432649,11.5506311387435));
#5143=CARTESIAN_POINT('Ctrl Pts',(-0.205581818479531,5.03566218490926,11.5529939328971));
#5144=CARTESIAN_POINT('Ctrl Pts',(0.0807898682015356,3.24376023177737,11.9458834292213));
#5145=CARTESIAN_POINT('Ctrl Pts',(-0.0161451425723967,3.19480307764341,
11.5519874989165));
#5146=CARTESIAN_POINT('Ctrl Pts',(0.0477569923901947,5.07103620290829,11.543574056765));
#5147=CARTESIAN_POINT('Ctrl Pts',(-0.0182333952729627,3.23811863250578,
11.9473934248995));
#5148=CARTESIAN_POINT('Ctrl Pts',(-0.101060880729771,3.2064379693436,11.5491907454995));
#5149=CARTESIAN_POINT('Ctrl Pts',(0.281262656471502,5.00003813474939,11.5624785552091));
#5150=CARTESIAN_POINT('Ctrl Pts',(-0.114133348252062,3.24975211355157,11.9442798580117));
#5151=CARTESIAN_POINT('Ctrl Pts',(-0.184879476309768,3.23446177878757,11.5424574401231));
#5152=CARTESIAN_POINT('Ctrl Pts',(0.444388668725712,4.85709519790401,11.6005128080172));
#5153=CARTESIAN_POINT('Ctrl Pts',(-0.2087985814033,3.27777293948992,11.9367834429344));
#5154=CARTESIAN_POINT('Ctrl Pts',(-0.261918589786093,3.27493092550719,11.5327408657263));
#5155=CARTESIAN_POINT('Ctrl Pts',(0.5169138706177,4.70204435917774,11.6417149479781));
#5156=CARTESIAN_POINT('Ctrl Pts',(-0.295813051513534,3.31823854355104,11.9259649387019));
#5157=CARTESIAN_POINT('Ctrl Pts',(-0.359061156254428,3.34337228926635,11.5163237249771));
#5158=CARTESIAN_POINT('Ctrl Pts',(0.52428221904323,4.522928092507,11.6892151518571));
#5159=CARTESIAN_POINT('Ctrl Pts',(-0.405542683123364,3.38667507009988,11.9076847756984));
#5160=CARTESIAN_POINT('Ctrl Pts',(-0.465254065181928,3.44648498300832,11.4916290650242));
#5161=CARTESIAN_POINT('Ctrl Pts',(0.434312453199965,4.37998426439025,11.7269196101468));
#5162=CARTESIAN_POINT('Ctrl Pts',(-0.525511155651669,3.48978261694081,11.8801854362621));
#5163=CARTESIAN_POINT('Ctrl Pts',(-0.576630660726389,3.58861410533638,11.457680955889));
#5164=CARTESIAN_POINT('Ctrl Pts',(0.277597437131411,4.31909727684668,11.7426265739932));
#5165=CARTESIAN_POINT('Ctrl Pts',(-0.651357499847735,3.6319073940987,11.8423786029126));
#5166=CARTESIAN_POINT('Ctrl Pts',(-0.673792167176741,3.74071699490424,11.4214559747464));
#5167=CARTESIAN_POINT('Ctrl Pts',(0.118938582943462,4.33323025683227,11.738397169018));
#5168=CARTESIAN_POINT('Ctrl Pts',(-0.761161497972853,3.78400722913124,11.8020341101877));
#5169=CARTESIAN_POINT('Ctrl Pts',(-0.75976698623132,3.8985380236542,11.3839823189064));
#5170=CARTESIAN_POINT('Ctrl Pts',(-0.0282913107534579,4.39366049173389,
11.7219316788526));
#5171=CARTESIAN_POINT('Ctrl Pts',(-0.858340713533097,3.94182608250382,11.7602977415055));
#5172=CARTESIAN_POINT('Ctrl Pts',(-0.837350300941037,4.06124610974737,11.3454682193522));
#5173=CARTESIAN_POINT('Ctrl Pts',(-0.162973532640439,4.48437414899944,11.6975180245026));
#5174=CARTESIAN_POINT('Ctrl Pts',(-0.946051149391755,4.10453258737046,11.7174019100179));
#5175=CARTESIAN_POINT('Ctrl Pts',(-0.931608083786038,4.28316768466588,11.2931049732636));
#5176=CARTESIAN_POINT('Ctrl Pts',(-0.322903476774364,4.6297245406291,11.6586487500936));
#5177=CARTESIAN_POINT('Ctrl Pts',(-1.05263300223947,4.32645219951391,11.659081058998));
#5178=CARTESIAN_POINT('Ctrl Pts',(-1.03554638148125,4.569444523181,11.2258858688376));
#5179=CARTESIAN_POINT('Ctrl Pts',(-0.49952894740283,4.84888152796067,11.6004237613671));
#5180=CARTESIAN_POINT('Ctrl Pts',(-1.17019823577834,4.61272741574331,11.5842141866619));
#5181=CARTESIAN_POINT('Ctrl Pts',(-1.14194397767782,4.91753316040887,11.1447050045189));
#5182=CARTESIAN_POINT('Ctrl Pts',(-0.679898238405133,5.14749138633812,11.5216999456019));
#5183=CARTESIAN_POINT('Ctrl Pts',(-1.29059797700619,4.96081543931079,11.4937987638803));
#5184=CARTESIAN_POINT('Ctrl Pts',(-1.23416041682241,5.26841444544346,11.0634306035374));
#5185=CARTESIAN_POINT('Ctrl Pts',(-0.83318392151174,5.46325504127434,11.4390447459954));
#5186=CARTESIAN_POINT('Ctrl Pts',(-1.39499933417292,5.31169651832602,11.4032821271277));
#5187=CARTESIAN_POINT('Ctrl Pts',(-1.31502252910026,5.62177643144599,10.9821473819678));
#5188=CARTESIAN_POINT('Ctrl Pts',(-0.965620566541463,5.79047174716473,11.3539863551379));
#5189=CARTESIAN_POINT('Ctrl Pts',(-1.48659291123757,5.66505856519734,11.3127594486639));
#5190=CARTESIAN_POINT('Ctrl Pts',(-1.38640076408454,5.97717892650659,10.9009669928589));
#5191=CARTESIAN_POINT('Ctrl Pts',(-1.08131720973386,6.1256715118005,11.2674561656251));
#5192=CARTESIAN_POINT('Ctrl Pts',(-1.56748928240734,6.02046129966905,11.2223557310322));
#5193=CARTESIAN_POINT('Ctrl Pts',(-1.47072163649953,6.4534428806324,10.792950052678));
#5194=CARTESIAN_POINT('Ctrl Pts',(-1.21469462684544,6.57227724693533,11.1529682535702));
#5195=CARTESIAN_POINT('Ctrl Pts',(-1.66311312680093,6.49672452666345,11.102073388381));
#5196=CARTESIAN_POINT('Ctrl Pts',(-1.55839048901137,7.05271689769551,10.658491986102));
#5197=CARTESIAN_POINT('Ctrl Pts',(-1.35446896861472,7.14450660397991,11.0077591509791));
#5198=CARTESIAN_POINT('Ctrl Pts',(-1.76264327300017,7.09599809375462,10.9523611901447));
#5199=CARTESIAN_POINT('Ctrl Pts',(-1.64497986005192,7.81380153370537,10.4902209611574));
#5200=CARTESIAN_POINT('Ctrl Pts',(-1.49546316884938,7.88717453081707,10.8219951837899));
#5201=CARTESIAN_POINT('Ctrl Pts',(-1.86112355136723,7.85708360275064,10.765026492183));
#5202=CARTESIAN_POINT('Ctrl Pts',(-1.68918976097139,8.33691752552107,10.3764171441122));
#5203=CARTESIAN_POINT('Ctrl Pts',(-1.57195085143622,8.41534086889807,10.6919385252222));
#5204=CARTESIAN_POINT('Ctrl Pts',(-1.91154085356859,8.38020284247431,10.6383512723296));
#5205=CARTESIAN_POINT('Ctrl Pts',(-1.70920241084177,8.617853111045,10.3158380723631));
#5206=CARTESIAN_POINT('Ctrl Pts',(-1.60725943276557,8.69942327904629,10.6226218097963));
#5207=CARTESIAN_POINT('Ctrl Pts',(-1.93440640310551,8.66114024947882,10.5709277838272));
#5208=CARTESIAN_POINT('Ctrl Pts',(0.296134521091661,3.30000285950774,11.5268352324465));
#5209=CARTESIAN_POINT('Ctrl Pts',(0.279883400578401,3.29420061979196,11.5295449093905));
#5210=CARTESIAN_POINT('Ctrl Pts',(0.263593733181762,3.28860990673661,11.5321942975256));
#5211=CARTESIAN_POINT('Ctrl Pts',(0.247226299073731,3.28330575088257,11.5347109548102));
#5212=CARTESIAN_POINT('Ctrl Pts',(0.240080243598861,3.28098994550158,11.535809732569));
#5213=CARTESIAN_POINT('Ctrl Pts',(0.232919083832011,3.27872933278968,11.5368833187366));
#5214=CARTESIAN_POINT('Ctrl Pts',(0.225738491203569,3.27653310950969,11.5379262056797));
#5215=CARTESIAN_POINT('Ctrl Pts',(0.209531118547078,3.27157599650001,11.5402801140825));
#5216=CARTESIAN_POINT('Ctrl Pts',(0.193226076647839,3.26694394746704,11.542476932186));
#5217=CARTESIAN_POINT('Ctrl Pts',(0.176748106230689,3.26273699263276,11.5444696992865));
#5218=CARTESIAN_POINT('Ctrl Pts',(0.168215759480711,3.26055861771772,11.5455015605815));
#5219=CARTESIAN_POINT('Ctrl Pts',(0.159636742586646,3.25849496637203,11.5464788786337));
#5220=CARTESIAN_POINT('Ctrl Pts',(0.150999214685669,3.25656522605797,11.5473960146641));
#5221=CARTESIAN_POINT('Ctrl Pts',(0.148878202927545,3.25609136340384,11.5476212245073));
#5222=CARTESIAN_POINT('Ctrl Pts',(0.146753628974082,3.25562499786718,11.5478427231575));
#5223=CARTESIAN_POINT('Ctrl Pts',(0.144625897394825,3.25516644239694,11.5480603441268));
#5224=CARTESIAN_POINT('Ctrl Pts',(0.130430100606771,3.25210705260599,11.5495122674276));
#5225=CARTESIAN_POINT('Ctrl Pts',(0.116095998807715,3.24939884447124,11.5507903829405));
#5226=CARTESIAN_POINT('Ctrl Pts',(0.101685502929969,3.2471147888508,11.5518525843853));
#5227=CARTESIAN_POINT('Ctrl Pts',(0.0929824898017333,3.24573536608708,11.5524940857741));
#5228=CARTESIAN_POINT('Ctrl Pts',(0.084251049688312,3.24450980317487,11.5530571165167));
#5229=CARTESIAN_POINT('Ctrl Pts',(0.0755005977166241,3.24344649094922,11.5535351268994));
#5230=CARTESIAN_POINT('Ctrl Pts',(0.0720648241170976,3.24302899250631,11.5537228126851));
#5231=CARTESIAN_POINT('Ctrl Pts',(0.0686278628420654,3.24263686031287,11.5538973609946));
#5232=CARTESIAN_POINT('Ctrl Pts',(0.065188468310152,3.24227113163596,11.5540587788468));
#5233=CARTESIAN_POINT('Ctrl Pts',(0.0559088813422356,3.24128438497678,11.5544942889299));
#5234=CARTESIAN_POINT('Ctrl Pts',(0.0466115644701101,3.240489637939,11.5548341687582));
#5235=CARTESIAN_POINT('Ctrl Pts',(0.0373214264798946,3.23989967606987,11.5550810198606));
#5236=CARTESIAN_POINT('Ctrl Pts',(0.0309547048985919,3.23949536313412,11.55525019197));
#5237=CARTESIAN_POINT('Ctrl Pts',(0.0245896150414956,3.23918739371922,11.5553758035685));
#5238=CARTESIAN_POINT('Ctrl Pts',(0.0182309907717872,3.23898018548627,11.5554586657984));
#5239=CARTESIAN_POINT('Ctrl Pts',(0.015051678636932,3.2388765813698,11.5555000969133));
#5240=CARTESIAN_POINT('Ctrl Pts',(0.0118739793273347,3.23879816842577,11.5555308367114));
#5241=CARTESIAN_POINT('Ctrl Pts',(0.00869847644887269,3.23874550690075,
11.5555509590606));
#5242=CARTESIAN_POINT('Ctrl Pts',(0.00711072500964058,3.23871917613824,
11.5555610202352));
#5243=CARTESIAN_POINT('Ctrl Pts',(0.0055235224699642,3.23869928333657,11.555568426731));
#5244=CARTESIAN_POINT('Ctrl Pts',(0.00393694056318649,3.23868589924152,
11.555573185757));
#5245=CARTESIAN_POINT('Ctrl Pts',(0.00314364960979764,3.238679207194,11.55557556527));
#5246=CARTESIAN_POINT('Ctrl Pts',(0.00235051380221296,3.23867414233121,
11.5555772828935));
#5247=CARTESIAN_POINT('Ctrl Pts',(0.00155754203368609,3.23867071354719,
11.5555783393919));
#5248=CARTESIAN_POINT('Ctrl Pts',(0.000764570265159218,3.23866728476317,
11.5555793958903));
#5249=CARTESIAN_POINT('Ctrl Pts',(-2.82374643684027E-5,3.2386654920578,
11.5555797912639));
#5250=CARTESIAN_POINT('Ctrl Pts',(-0.000820872309495932,3.23866534436119,
11.555579526182));
#5251=CARTESIAN_POINT('Ctrl Pts',(-0.00535237708818685,3.23866449997757,
11.5555780107051));
#5252=CARTESIAN_POINT('Ctrl Pts',(-0.0098727169570145,3.23871541063639,
11.5555544898753));
#5253=CARTESIAN_POINT('Ctrl Pts',(-0.0143785457237689,3.23881765312624,
11.5555088846336));
#5254=CARTESIAN_POINT('Ctrl Pts',(-0.0347624929521279,3.23928018857212,
11.5553025707922));
#5255=CARTESIAN_POINT('Ctrl Pts',(-0.0548517778160452,3.24079074648071,
11.5546432338274));
#5256=CARTESIAN_POINT('Ctrl Pts',(-0.074953372683065,3.24324624023646,11.5535444927731));
#5257=CARTESIAN_POINT('Ctrl Pts',(-0.0810994604189855,3.243997010519,11.5532085513234));
#5258=CARTESIAN_POINT('Ctrl Pts',(-0.087246457118643,3.24483633237824,11.5528316361108));
#5259=CARTESIAN_POINT('Ctrl Pts',(-0.0934022474874856,3.24576178531211,
11.5524144559785));
#5260=CARTESIAN_POINT('Ctrl Pts',(-0.114281702596315,3.24890077345665,11.5509994477792));
#5261=CARTESIAN_POINT('Ctrl Pts',(-0.135263519428431,3.25302822251006,11.5491187163438));
#5262=CARTESIAN_POINT('Ctrl Pts',(-0.156038334263685,3.25784927870161,11.5468664033578));
#5263=CARTESIAN_POINT('Ctrl Pts',(-0.162098173608036,3.2592555403806,11.5462094225396));
#5264=CARTESIAN_POINT('Ctrl Pts',(-0.168140235656774,3.26072100217974,11.5455210476642));
#5265=CARTESIAN_POINT('Ctrl Pts',(-0.174156331230613,3.26223872491838,11.5448042037369));
#5266=CARTESIAN_POINT('Ctrl Pts',(-0.19229059032382,3.26681358198912,11.5426434279734));
#5267=CARTESIAN_POINT('Ctrl Pts',(-0.210192611740653,3.27186327600537,11.5402223386137));
#5268=CARTESIAN_POINT('Ctrl Pts',(-0.227990119621078,3.27730751039735,11.5376125598597));
#5269=CARTESIAN_POINT('Ctrl Pts',(-0.237397205811284,3.28018512576402,11.5362331300068));
#5270=CARTESIAN_POINT('Ctrl Pts',(-0.246774303634759,3.28317298803373,11.5348013689291));
#5271=CARTESIAN_POINT('Ctrl Pts',(-0.256134891605327,3.28625902927824,11.5333302264143));
#5272=CARTESIAN_POINT('Ctrl Pts',(-0.26951507047531,3.29067026754463,11.5312273510338));
#5273=CARTESIAN_POINT('Ctrl Pts',(-0.282861171020213,3.29528151841892,11.529043988667));
#5274=CARTESIAN_POINT('Ctrl Pts',(-0.296121705051467,3.30001773040463,11.5268318767287));
#5275=CARTESIAN_POINT('Origin',(1.88997214688054,8.50663140333927,10.4055844262059));
#5276=CARTESIAN_POINT('Ctrl Pts',(-0.169247265149298,37.6997063343385,4.30632308283461));
#5277=CARTESIAN_POINT('Ctrl Pts',(-0.180441424730428,37.72134192708,4.30716513506171));
#5278=CARTESIAN_POINT('Ctrl Pts',(-0.190485178454014,37.7429800083445,4.30182835708117));
#5279=CARTESIAN_POINT('Ctrl Pts',(-0.0299024416130465,37.7872205266776,
4.29580225859208));
#5280=CARTESIAN_POINT('Ctrl Pts',(-0.0317616031405253,37.8092231031792,
4.29525738000894));
#5281=CARTESIAN_POINT('Ctrl Pts',(-0.0336521100911369,37.8304947148109,
4.29091453820814));
#5282=CARTESIAN_POINT('Ctrl Pts',(0.158033666721593,37.7406973421302,4.30136728083505));
#5283=CARTESIAN_POINT('Ctrl Pts',(0.168395577408233,37.762291468037,4.30158691162829));
#5284=CARTESIAN_POINT('Ctrl Pts',(0.177873650571049,37.7839710395638,4.29668310825468));
#5285=CARTESIAN_POINT('Ctrl Pts',(0.375723565580363,37.5500495171926,4.32451743146992));
#5286=CARTESIAN_POINT('Ctrl Pts',(0.399402854817069,37.5719178744367,4.32762816200655));
#5287=CARTESIAN_POINT('Ctrl Pts',(0.42263506815976,37.5933232881607,4.3207351041047));
#5288=CARTESIAN_POINT('Ctrl Pts',(0.5291716710907,37.3365393492533,4.35067720601911));
#5289=CARTESIAN_POINT('Ctrl Pts',(0.562318277427934,37.3582483460839,4.35710749479948));
#5290=CARTESIAN_POINT('Ctrl Pts',(0.594940574314488,37.3798127113538,4.34795033470807));
#5291=CARTESIAN_POINT('Ctrl Pts',(0.676405153265722,37.0615871996044,4.3848572253387));
#5292=CARTESIAN_POINT('Ctrl Pts',(0.718142859789452,37.0836320340958,4.3955231453677));
#5293=CARTESIAN_POINT('Ctrl Pts',(0.75996986539616,37.1048606031152,4.38358288817326));
#5294=CARTESIAN_POINT('Ctrl Pts',(0.802751068129656,36.7742768564735,4.42110025556709));
#5295=CARTESIAN_POINT('Ctrl Pts',(0.851649756609963,36.7966778685104,4.43622895275566));
#5296=CARTESIAN_POINT('Ctrl Pts',(0.90132990719588,36.817550305601,4.42144101118956));
#5297=CARTESIAN_POINT('Ctrl Pts',(0.915007655444149,36.4788304509473,4.45893536380668));
#5298=CARTESIAN_POINT('Ctrl Pts',(0.970041875659818,36.5016471122007,4.47868649931842));
#5299=CARTESIAN_POINT('Ctrl Pts',(1.02669862640653,36.5221039939703,4.46103871147297));
#5300=CARTESIAN_POINT('Ctrl Pts',(1.04947395752672,36.081424508715,4.51059884251816));
#5301=CARTESIAN_POINT('Ctrl Pts',(1.11203053183619,36.1035641660443,4.53680284039463));
#5302=CARTESIAN_POINT('Ctrl Pts',(1.17660668415293,36.124696929112,4.51520835508909));
#5303=CARTESIAN_POINT('Ctrl Pts',(1.19663938942671,35.5792205183128,4.57735225547228));
#5304=CARTESIAN_POINT('Ctrl Pts',(1.26683806195834,35.6004811622597,4.61183335914457));
#5305=CARTESIAN_POINT('Ctrl Pts',(1.34023966894744,35.6224915300338,4.58537909949922));
#5306=CARTESIAN_POINT('Ctrl Pts',(1.3515016613206,34.9712683615504,4.66056575209972));
#5307=CARTESIAN_POINT('Ctrl Pts',(1.42856023998636,34.9934630761532,4.70493927748));
#5308=CARTESIAN_POINT('Ctrl Pts',(1.51189452342731,35.0145396540795,4.6731198601035));
#5309=CARTESIAN_POINT('Ctrl Pts',(1.49036565583196,34.3594670975295,4.7467405788495));
#5310=CARTESIAN_POINT('Ctrl Pts',(1.57290878651569,34.3826452680088,4.80123458742651));
#5311=CARTESIAN_POINT('Ctrl Pts',(1.66536774423923,34.402738689848,4.7642282500421));
#5312=CARTESIAN_POINT('Ctrl Pts',(1.61672155803557,33.7447327296165,4.83578896184517));
#5313=CARTESIAN_POINT('Ctrl Pts',(1.70359661317435,33.7689520159121,4.90061713283966));
#5314=CARTESIAN_POINT('Ctrl Pts',(1.80463657489592,33.7880046460556,4.85859921667043));
#5315=CARTESIAN_POINT('Ctrl Pts',(1.77138897327029,32.9221083580979,4.95825427519712));
#5316=CARTESIAN_POINT('Ctrl Pts',(1.86374838219243,32.9422373020101,5.03805601814867));
#5317=CARTESIAN_POINT('Ctrl Pts',(1.9746725794128,32.9653756840774,4.98865882956955));
#5318=CARTESIAN_POINT('Ctrl Pts',(1.94286516108997,31.8881289262546,5.11843878108861));
#5319=CARTESIAN_POINT('Ctrl Pts',(2.03931731432551,31.9031150907378,5.2176375016653));
#5320=CARTESIAN_POINT('Ctrl Pts',(2.16247138787608,31.9313907797591,5.1592466404251));
#5321=CARTESIAN_POINT('Ctrl Pts',(2.11963545086031,30.6479816647496,5.32061187999171));
#5322=CARTESIAN_POINT('Ctrl Pts',(2.2163189736691,30.6653177825297,5.44230955087408));
#5323=CARTESIAN_POINT('Ctrl Pts',(2.35519142703086,30.6912445491981,5.37518180749964));
#5324=CARTESIAN_POINT('Ctrl Pts',(2.27136154550687,29.4087467891402,5.53265246563172));
#5325=CARTESIAN_POINT('Ctrl Pts',(2.36511591840284,29.4285816289041,5.6775057055954));
#5326=CARTESIAN_POINT('Ctrl Pts',(2.51986811238111,29.4520106720777,5.60218102205887));
#5327=CARTESIAN_POINT('Ctrl Pts',(2.40010717041866,28.1705124791632,5.75452707499372));
#5328=CARTESIAN_POINT('Ctrl Pts',(2.48773101208122,28.1931070035042,5.92316397789017));
#5329=CARTESIAN_POINT('Ctrl Pts',(2.65893813184119,28.2137773952468,5.84014605206424));
#5330=CARTESIAN_POINT('Ctrl Pts',(2.50677295401077,26.9333262427592,5.9862010467257));
#5331=CARTESIAN_POINT('Ctrl Pts',(2.58489967060958,26.958972249383,6.17923506836554));
#5332=CARTESIAN_POINT('Ctrl Pts',(2.77351419940692,26.9765922164579,6.08898745043149));
#5333=CARTESIAN_POINT('Ctrl Pts',(2.61961415859454,25.2851603850922,6.30812883336723));
#5334=CARTESIAN_POINT('Ctrl Pts',(2.68184968269309,25.2878125388195,6.54042595361592));
#5335=CARTESIAN_POINT('Ctrl Pts',(2.89381628136731,25.3284087331577,6.4351845897762));
#5336=CARTESIAN_POINT('Ctrl Pts',(2.70449561347123,23.2274923643867,6.73492606659642));
#5337=CARTESIAN_POINT('Ctrl Pts',(2.73332988979797,23.1944398256348,7.02096768762381));
#5338=CARTESIAN_POINT('Ctrl Pts',(2.98231976622033,23.2707173077371,6.89480087209592));
#5339=CARTESIAN_POINT('Ctrl Pts',(2.7049333884579,20.6806641603407,7.30417107425512));
#5340=CARTESIAN_POINT('Ctrl Pts',(2.66710633792383,20.6342863862504,7.65296791374185));
#5341=CARTESIAN_POINT('Ctrl Pts',(2.97714383812159,20.7238833540045,7.50857361187068));
#5342=CARTESIAN_POINT('Ctrl Pts',(2.61354014876851,18.9572739809152,7.71843651562528));
#5343=CARTESIAN_POINT('Ctrl Pts',(2.51092266911998,18.9980185011232,8.08696164156609));
#5344=CARTESIAN_POINT('Ctrl Pts',(2.87337603016919,19.000538523557,7.95560859682372));
#5345=CARTESIAN_POINT('Ctrl Pts',(2.52988275133618,18.0549618584993,7.9432969427514));
#5346=CARTESIAN_POINT('Ctrl Pts',(2.39106539205245,18.1679698326087,8.31399121098768));
#5347=CARTESIAN_POINT('Ctrl Pts',(2.77994801967775,18.0982583817611,8.19832042612132));
#5348=CARTESIAN_POINT('Origin',(2.74045961297581,18.2978456444585,7.9486206352615));
#5349=CARTESIAN_POINT('Ctrl Pts',(2.64186763335211,19.2726187395528,7.62202784341256));
#5350=CARTESIAN_POINT('Ctrl Pts',(2.51089863748132,19.3889126784716,8.0003827203712));
#5351=CARTESIAN_POINT('Ctrl Pts',(2.90014698192187,19.3155186520722,7.87010469990709));
#5352=CARTESIAN_POINT('Ctrl Pts',(2.27772082033088,15.3755768304762,8.6740075254739));
#5353=CARTESIAN_POINT('Ctrl Pts',(2.1861359238031,15.7694413336693,8.93858611544628));
#5354=CARTESIAN_POINT('Ctrl Pts',(2.52014166922849,15.4170452233541,8.92835881792223));
#5355=CARTESIAN_POINT('Ctrl Pts',(1.94451509010488,11.4534173449691,9.6366018572379));
#5356=CARTESIAN_POINT('Ctrl Pts',(1.84361540471532,11.6795290149745,9.92808983726892));
#5357=CARTESIAN_POINT('Ctrl Pts',(2.17654518381799,11.4956881020331,9.89285610422506));
#5358=CARTESIAN_POINT('Ctrl Pts',(1.61954849768315,7.52456943245772,10.5753942353451));
#5359=CARTESIAN_POINT('Ctrl Pts',(1.51302602543565,7.60824689967045,10.8831258218334));
#5360=CARTESIAN_POINT('Ctrl Pts',(1.84307240733036,7.5675867000681,10.8330660970132));
#5361=CARTESIAN_POINT('Ctrl Pts',(7.91974952113258,18.1469794559126,2.53852546842417));
#5362=CARTESIAN_POINT('Ctrl Pts',(8.29030456806612,18.2591075309152,2.40214379694183));
#5363=CARTESIAN_POINT('Ctrl Pts',(8.17347725772634,18.1904142845273,2.78959853221661));
#5364=CARTESIAN_POINT('Ctrl Pts',(7.70410235462767,19.0143763967319,2.61656444569915));
#5365=CARTESIAN_POINT('Ctrl Pts',(8.07184239683134,19.0592830146592,2.51497387043712));
#5366=CARTESIAN_POINT('Ctrl Pts',(7.94073709946574,19.0577194171369,2.87685924038005));
#5367=CARTESIAN_POINT('Ctrl Pts',(7.29840855672158,20.703801761411,2.70484712169649));
#5368=CARTESIAN_POINT('Ctrl Pts',(7.64728262794779,20.661226517017,2.66643654469821));
#5369=CARTESIAN_POINT('Ctrl Pts',(7.502975114711,20.7470049208513,2.97724910753934));
#5370=CARTESIAN_POINT('Ctrl Pts',(6.73454630509598,23.2261311794547,2.70462261272134));
#5371=CARTESIAN_POINT('Ctrl Pts',(7.02219223545673,23.1918323844649,2.73278327979338));
#5372=CARTESIAN_POINT('Ctrl Pts',(6.89495980252659,23.2693457468661,2.98273270139738));
#5373=CARTESIAN_POINT('Ctrl Pts',(6.30553019131341,25.2951087217797,2.61900287142516));
#5374=CARTESIAN_POINT('Ctrl Pts',(6.53881303380046,25.2972356153075,2.6810203565469));
#5375=CARTESIAN_POINT('Ctrl Pts',(6.43288895894212,25.3383996110801,2.89352529195803));
#5376=CARTESIAN_POINT('Ctrl Pts',(5.98283580681814,26.9482388877383,2.50542960634175));
#5377=CARTESIAN_POINT('Ctrl Pts',(6.1765209528443,26.9737993353106,2.58347785724801));
#5378=CARTESIAN_POINT('Ctrl Pts',(6.08581194460356,26.9915873250126,2.77247469105415));
#5379=CARTESIAN_POINT('Ctrl Pts',(5.75081386744453,28.1882272241282,2.39819553128096));
#5380=CARTESIAN_POINT('Ctrl Pts',(5.91994639221391,28.2107370515993,2.48582320077898));
#5381=CARTESIAN_POINT('Ctrl Pts',(5.83655920292498,28.2315735020595,2.65730690302631));
#5382=CARTESIAN_POINT('Ctrl Pts',(5.52885440389654,29.4280628271522,2.26891092855303));
#5383=CARTESIAN_POINT('Ctrl Pts',(5.67406777556888,29.4478549298441,2.36271046573657));
#5384=CARTESIAN_POINT('Ctrl Pts',(5.59846402827767,29.4714071197971,2.5176639849177));
#5385=CARTESIAN_POINT('Ctrl Pts',(5.31698695322765,30.6675074903157,2.11676738666506));
#5386=CARTESIAN_POINT('Ctrl Pts',(5.43894613485702,30.6848001710159,2.21351876062343));
#5387=CARTESIAN_POINT('Ctrl Pts',(5.3716096616511,30.7108498038537,2.35253351299174));
#5388=CARTESIAN_POINT('Ctrl Pts',(5.11510861365692,31.9071937380387,1.93961241809509));
#5389=CARTESIAN_POINT('Ctrl Pts',(5.21446931543,31.9222208048783,2.03612059424267));
#5390=CARTESIAN_POINT('Ctrl Pts',(5.15594849189482,31.9505342155449,2.15938003325301));
#5391=CARTESIAN_POINT('Ctrl Pts',(4.95572181042541,32.9370807535492,1.76844347462595));
#5392=CARTESIAN_POINT('Ctrl Pts',(5.03567631838351,32.9572762176533,1.86085631114667));
#5393=CARTESIAN_POINT('Ctrl Pts',(4.98617272867213,32.9804393982066,1.97189251689435));
#5394=CARTESIAN_POINT('Ctrl Pts',(4.83365952619967,33.7577427352735,1.61386367184618));
#5395=CARTESIAN_POINT('Ctrl Pts',(4.8986140530274,33.782009582956,1.70079180545847));
#5396=CARTESIAN_POINT('Ctrl Pts',(4.85651013169116,33.8011164830115,1.80192397462151));
#5397=CARTESIAN_POINT('Ctrl Pts',(4.74484377553369,34.3714279036189,1.48749186546955));
#5398=CARTESIAN_POINT('Ctrl Pts',(4.79943374784847,34.3946539737156,1.57008117831782));
#5399=CARTESIAN_POINT('Ctrl Pts',(4.76236367275898,34.4148012459177,1.6626121168101));
#5400=CARTESIAN_POINT('Ctrl Pts',(4.65884637698397,34.9825036900019,1.34852570276985));
#5401=CARTESIAN_POINT('Ctrl Pts',(4.7032828527736,35.0047240236148,1.42562000986308));
#5402=CARTESIAN_POINT('Ctrl Pts',(4.67142062401295,35.025876642404,1.50899392050233));
#5403=CARTESIAN_POINT('Ctrl Pts',(4.57561590459779,35.5911528600902,1.19316889007464));
#5404=CARTESIAN_POINT('Ctrl Pts',(4.61009938644,35.612443585632,1.26336829325665));
#5405=CARTESIAN_POINT('Ctrl Pts',(4.5836404005344,35.6345255749722,1.33675008635038));
#5406=CARTESIAN_POINT('Ctrl Pts',(4.49583164212041,36.1919776333663,1.01639948065187));
#5407=CARTESIAN_POINT('Ctrl Pts',(4.5206451791518,36.2124368152778,1.07795934014094));
#5408=CARTESIAN_POINT('Ctrl Pts',(4.4997510683396,36.2353503255249,1.1401444761253));
#5409=CARTESIAN_POINT('Ctrl Pts',(4.43265003029582,36.6821698284848,0.842914769473136));
#5410=CARTESIAN_POINT('Ctrl Pts',(4.44947025710772,36.7036084268173,0.894736051909738));
#5411=CARTESIAN_POINT('Ctrl Pts',(4.43354614344884,36.7255477796513,0.946541310482463));
#5412=CARTESIAN_POINT('Ctrl Pts',(4.38478280369948,37.061789889299,0.676241156054418));
#5413=CARTESIAN_POINT('Ctrl Pts',(4.39551421062175,37.0838817425314,0.718089906421834));
#5414=CARTESIAN_POINT('Ctrl Pts',(4.38352874500012,37.1051716676939,0.760012905171919));
#5415=CARTESIAN_POINT('Ctrl Pts',(4.35031445697392,37.3392175407831,0.527146809461389));
#5416=CARTESIAN_POINT('Ctrl Pts',(4.35674660536834,37.360984033764,0.560242135950773));
#5417=CARTESIAN_POINT('Ctrl Pts',(4.34758417036222,37.3825995391481,0.592846270043195));
#5418=CARTESIAN_POINT('Ctrl Pts',(4.31430013502851,37.6332958245564,0.316314406087639));
#5419=CARTESIAN_POINT('Ctrl Pts',(4.31624612023822,37.6544722827327,0.337053997785898));
#5420=CARTESIAN_POINT('Ctrl Pts',(4.31010422801906,37.6766772380659,0.356043205055838));
#5421=CARTESIAN_POINT('Ctrl Pts',(4.29659980081438,37.7804395143125,0.0874509289284538));
#5422=CARTESIAN_POINT('Ctrl Pts',(4.29617720201118,37.8023923386859,0.0931793607083016));
#5423=CARTESIAN_POINT('Ctrl Pts',(4.29173250839936,37.8238241966833,0.0984687916877063));
#5424=CARTESIAN_POINT('Ctrl Pts',(4.30101357321123,37.7437959992508,-0.0748614956447324));
#5425=CARTESIAN_POINT('Ctrl Pts',(4.30115544335428,37.7657467148536,-0.0798268632045365));
#5426=CARTESIAN_POINT('Ctrl Pts',(4.29631440431092,37.7871804817289,-0.0842908167475472));
#5427=CARTESIAN_POINT('Origin',(4.10118816824175,37.7431565905141,0.0830058073778065));
#5428=CARTESIAN_POINT('Origin',(7.9486206352612,18.2978456444584,2.74045961297678));
#5429=CARTESIAN_POINT('Ctrl Pts',(10.5753942353452,7.52456943246698,1.61954849768309));
#5430=CARTESIAN_POINT('Ctrl Pts',(10.8831260857338,7.60824697143336,1.51302593408562));
#5431=CARTESIAN_POINT('Ctrl Pts',(10.8330660745828,7.56758668185977,1.84307255520187));
#5432=CARTESIAN_POINT('Ctrl Pts',(9.63660185723855,11.4534173449328,1.94451509010463));
#5433=CARTESIAN_POINT('Ctrl Pts',(9.92809009665222,11.679529216207,1.84361531492828));
#5434=CARTESIAN_POINT('Ctrl Pts',(9.89285608902376,11.495688022641,2.17654532753328));
#5435=CARTESIAN_POINT('Ctrl Pts',(8.6740075254621,15.3755768305032,2.27772082033494));
#5436=CARTESIAN_POINT('Ctrl Pts',(8.93858636234494,15.7694417011751,2.18613583833907));
#5437=CARTESIAN_POINT('Ctrl Pts',(8.92835881370369,15.4170450783424,2.52014180670594));
#5438=CARTESIAN_POINT('Ctrl Pts',(7.62202784341576,19.2726187395463,2.64186763335098));
#5439=CARTESIAN_POINT('Ctrl Pts',(8.00038310372974,19.3889127962874,2.51089850478001));
#5440=CARTESIAN_POINT('Ctrl Pts',(7.87010465054933,19.315518624258,2.90014712939894));
#5441=CARTESIAN_POINT('Origin',(10.4055844262059,8.50663140333929,1.88997214688052));
#5442=CARTESIAN_POINT('Ctrl Pts',(4.29641431936952,37.786412857496,-0.0869612191931477));
#5443=CARTESIAN_POINT('Ctrl Pts',(4.30124449702412,37.7650566710023,-0.0821101217652312));
#5444=CARTESIAN_POINT('Ctrl Pts',(4.30110622560369,37.74315659052,-0.0772812689133782));
#5445=CARTESIAN_POINT('Ctrl Pts',(4.29514035678388,37.7974166562477,-0.0295026144988765));
#5446=CARTESIAN_POINT('Ctrl Pts',(4.29960062423295,37.7765653463098,-0.0278926534223899));
#5447=CARTESIAN_POINT('Ctrl Pts',(4.29964388444076,37.7552612239565,-0.0262119280995627));
#5448=CARTESIAN_POINT('Ctrl Pts',(4.29513927254925,37.7974259872289,0.0294540853566209));
#5449=CARTESIAN_POINT('Ctrl Pts',(4.29959923104048,37.7765750993812,0.027846894286874));
#5450=CARTESIAN_POINT('Ctrl Pts',(4.29964264935352,37.7552714893325,0.0261687951638908));
#5451=CARTESIAN_POINT('Ctrl Pts',(4.29641431936983,37.78641285748,0.0869612192192942));
#5452=CARTESIAN_POINT('Ctrl Pts',(4.30124449702484,37.7650566709855,0.0821101217899248));
#5453=CARTESIAN_POINT('Ctrl Pts',(4.30110622560432,37.7431565905023,0.0772812689366249));
#5454=CARTESIAN_POINT('Origin',(4.10118816824087,37.7431565905205,-0.0830058073515318));
#5455=CARTESIAN_POINT('Ctrl Pts',(10.331543423137,8.54507519161273,-1.70393439696319));
#5456=CARTESIAN_POINT('Ctrl Pts',(10.6401206063356,8.62776113410304,-1.59823192190641));
#5457=CARTESIAN_POINT('Ctrl Pts',(10.5884076544386,8.58836220030815,-1.92838858174564));
#5458=CARTESIAN_POINT('Ctrl Pts',(10.3872684241004,8.28704519408207,-1.68495882211278));
#5459=CARTESIAN_POINT('Ctrl Pts',(10.7037385827642,8.36742340819438,-1.56499552962712));
#5460=CARTESIAN_POINT('Ctrl Pts',(10.6504297642742,8.33033062303637,-1.90671610089738));
#5461=CARTESIAN_POINT('Ctrl Pts',(10.4965228492631,7.78523995418745,-1.64184032217551));
#5462=CARTESIAN_POINT('Ctrl Pts',(10.8285425737844,7.86094090755957,-1.49065738875397));
#5463=CARTESIAN_POINT('Ctrl Pts',(10.7720421088425,7.82852227290815,-1.85755192953216));
#5464=CARTESIAN_POINT('Ctrl Pts',(10.6605341783682,7.04352564762261,-1.55725448781105));
#5465=CARTESIAN_POINT('Ctrl Pts',(11.0100888326355,7.13523841291175,-1.35256130939695));
#5466=CARTESIAN_POINT('Ctrl Pts',(10.9546348733265,7.08680678325248,-1.76135207737035));
#5467=CARTESIAN_POINT('Ctrl Pts',(10.7959157585422,6.4402761836978,-1.46866420084659));
#5468=CARTESIAN_POINT('Ctrl Pts',(11.156259802203,6.55935444168654,-1.21131452547923));
#5469=CARTESIAN_POINT('Ctrl Pts',(11.105375680672,6.48355778128784,-1.66077825949254));
#5470=CARTESIAN_POINT('Ctrl Pts',(10.9047023913483,5.9607643560136,-1.38331974123654));
#5471=CARTESIAN_POINT('Ctrl Pts',(11.2714920069736,6.10998008363848,-1.07631253071336));
#5472=CARTESIAN_POINT('Ctrl Pts',(11.2265154134366,6.00404670164392,-1.56399628327056));
#5473=CARTESIAN_POINT('Ctrl Pts',(10.9864727983825,5.60290394160902,-1.31099514676728));
#5474=CARTESIAN_POINT('Ctrl Pts',(11.3585919255821,5.77269045777915,-0.959021137774482));
#5475=CARTESIAN_POINT('Ctrl Pts',(11.3175764209527,5.64618605150828,-1.48202971735797));
#5476=CARTESIAN_POINT('Ctrl Pts',(11.0683712105801,5.24700985780511,-1.22892713072769));
#5477=CARTESIAN_POINT('Ctrl Pts',(11.4441821821586,5.4435591858425,-0.824512063960445));
#5478=CARTESIAN_POINT('Ctrl Pts',(11.4087844564095,5.29029192023247,-1.38907302987091));
#5479=CARTESIAN_POINT('Ctrl Pts',(11.1502396267698,4.89371852139038,-1.1352366222358));
#5480=CARTESIAN_POINT('Ctrl Pts',(11.5272748606426,5.12626767341378,-0.668544357884844));
#5481=CARTESIAN_POINT('Ctrl Pts',(11.4999628788758,4.93700080297091,-1.28300606962394));
#5482=CARTESIAN_POINT('Ctrl Pts',(11.232163490115,4.54262284389901,-1.02662075646062));
#5483=CARTESIAN_POINT('Ctrl Pts',(11.606305391924,4.82665889437887,-0.484182183225637));
#5484=CARTESIAN_POINT('Ctrl Pts',(11.5912059989974,4.58590579986356,-1.16010028588586));
#5485=CARTESIAN_POINT('Ctrl Pts',(11.2992494646081,4.25706219962851,-0.921434305893962));
#5486=CARTESIAN_POINT('Ctrl Pts',(11.6637889421981,4.61043523546744,-0.305162556281531));
#5487=CARTESIAN_POINT('Ctrl Pts',(11.6659246646671,4.30034684319008,-1.04112711149518));
#5488=CARTESIAN_POINT('Ctrl Pts',(11.3517985547718,4.03446621820632,-0.825236319232167));
#5489=CARTESIAN_POINT('Ctrl Pts',(11.7019354412573,4.46790928504396,-0.1418789250053));
#5490=CARTESIAN_POINT('Ctrl Pts',(11.7244524741314,4.07775291533981,-0.932354753828469));
#5491=CARTESIAN_POINT('Ctrl Pts',(11.3904644082112,3.87120183168695,-0.745779963613038));
#5492=CARTESIAN_POINT('Ctrl Pts',(11.7254463408012,4.38067176117631,-0.00399426639978851));
#5493=CARTESIAN_POINT('Ctrl Pts',(11.7675172478525,3.91449020236231,-0.842529565810876));
#5494=CARTESIAN_POINT('Ctrl Pts',(11.428278386744,3.71203510253027,-0.656765794024258));
#5495=CARTESIAN_POINT('Ctrl Pts',(11.7403191239494,4.32631438986927,0.147663217550703));
#5496=CARTESIAN_POINT('Ctrl Pts',(11.8096324816555,3.75532581761179,-0.741918192954854));
#5497=CARTESIAN_POINT('Ctrl Pts',(11.4640669590096,3.56184868328192,-0.557450589786664));
#5498=CARTESIAN_POINT('Ctrl Pts',(11.7414746987497,4.32376509345822,0.306843381403041));
#5499=CARTESIAN_POINT('Ctrl Pts',(11.8494906354067,3.60514266466965,-0.629684074110019));
#5500=CARTESIAN_POINT('Ctrl Pts',(11.4972450723361,3.42301099649814,-0.444040497235594));
#5501=CARTESIAN_POINT('Ctrl Pts',(11.721336805358,4.40127608818214,0.459434067503156));
#5502=CARTESIAN_POINT('Ctrl Pts',(11.8864395326787,3.46630955598804,-0.5015439252079));
#5503=CARTESIAN_POINT('Ctrl Pts',(11.5213475072312,3.32241614889851,-0.333722777150713));
#5504=CARTESIAN_POINT('Ctrl Pts',(11.6777007851745,4.56642748152106,0.535247506986004));
#5505=CARTESIAN_POINT('Ctrl Pts',(11.9132788731634,3.36572018965679,-0.37691945084691));
#5506=CARTESIAN_POINT('Ctrl Pts',(11.5366463822161,3.25866052709574,-0.234084640909968));
#5507=CARTESIAN_POINT('Ctrl Pts',(11.6267609673377,4.75834891032078,0.499298089357087));
#5508=CARTESIAN_POINT('Ctrl Pts',(11.9303134573615,3.30196947783624,-0.264374270794527));
#5509=CARTESIAN_POINT('Ctrl Pts',(11.5453150489911,3.22256649869042,-0.154725389198093));
#5510=CARTESIAN_POINT('Ctrl Pts',(11.585491340884,4.91356713527497,0.395150602761708));
#5511=CARTESIAN_POINT('Ctrl Pts',(11.9399649702938,3.26587886499974,-0.174741719679852));
#5512=CARTESIAN_POINT('Ctrl Pts',(11.5506311387435,3.2004453743265,-0.0715367934236376));
#5513=CARTESIAN_POINT('Ctrl Pts',(11.5529939328972,5.03566218490872,0.205581818479549));
#5514=CARTESIAN_POINT('Ctrl Pts',(11.9458834292213,3.24376023177738,-0.0807898682015311));
#5515=CARTESIAN_POINT('Ctrl Pts',(11.5519874989165,3.1948030776434,0.0161451425724047));
#5516=CARTESIAN_POINT('Ctrl Pts',(11.5435740567651,5.07103620290772,-0.0477569923900874));
#5517=CARTESIAN_POINT('Ctrl Pts',(11.9473934248995,3.23811863250577,0.018233395272969));
#5518=CARTESIAN_POINT('Ctrl Pts',(11.5491907454995,3.20643796934361,0.101060880729774));
#5519=CARTESIAN_POINT('Ctrl Pts',(11.5624785552091,5.00003813474884,-0.281262656471271));
#5520=CARTESIAN_POINT('Ctrl Pts',(11.9442798580117,3.24975211355157,0.114133348252064));
#5521=CARTESIAN_POINT('Ctrl Pts',(11.5424574401231,3.23446177878757,0.184879476309771));
#5522=CARTESIAN_POINT('Ctrl Pts',(11.6005128080172,4.85709519790363,-0.444388668725477));
#5523=CARTESIAN_POINT('Ctrl Pts',(11.9367834429344,3.27777293948992,0.208798581403303));
#5524=CARTESIAN_POINT('Ctrl Pts',(11.5327408657263,3.27493092550718,0.261918589786097));
#5525=CARTESIAN_POINT('Ctrl Pts',(11.6417149479781,4.70204435917735,-0.516913870617369));
#5526=CARTESIAN_POINT('Ctrl Pts',(11.9259649387019,3.31823854355103,0.295813051513538));
#5527=CARTESIAN_POINT('Ctrl Pts',(11.5163237249771,3.34337228926635,0.35906115625443));
#5528=CARTESIAN_POINT('Ctrl Pts',(11.6892151518572,4.52292809250679,-0.524282219043004));
#5529=CARTESIAN_POINT('Ctrl Pts',(11.9076847756984,3.38667507009987,0.405542683123367));
#5530=CARTESIAN_POINT('Ctrl Pts',(11.4916290650242,3.4464849830083,0.465254065181942));
#5531=CARTESIAN_POINT('Ctrl Pts',(11.7269196101468,4.37998426439002,-0.434312453199729));
#5532=CARTESIAN_POINT('Ctrl Pts',(11.8801854362621,3.48978261694079,0.525511155651685));
#5533=CARTESIAN_POINT('Ctrl Pts',(11.457680955889,3.58861410533636,0.576630660726385));
#5534=CARTESIAN_POINT('Ctrl Pts',(11.7426265739932,4.31909727684657,-0.277597437131239));
#5535=CARTESIAN_POINT('Ctrl Pts',(11.8423786029126,3.63190739409869,0.651357499847731));
#5536=CARTESIAN_POINT('Ctrl Pts',(11.4214559747464,3.74071699490422,0.673792167176757));
#5537=CARTESIAN_POINT('Ctrl Pts',(11.738397169018,4.33323025683214,-0.118938582943306));
#5538=CARTESIAN_POINT('Ctrl Pts',(11.8020341101877,3.78400722913121,0.761161497972871));
#5539=CARTESIAN_POINT('Ctrl Pts',(11.3839823189064,3.89853802365418,0.759766986231329));
#5540=CARTESIAN_POINT('Ctrl Pts',(11.7219316788526,4.39366049173378,0.0282913107535921));
#5541=CARTESIAN_POINT('Ctrl Pts',(11.7602977415055,3.9418260825038,0.858340713533108));
#5542=CARTESIAN_POINT('Ctrl Pts',(11.3454682193522,4.06124610974735,0.837350300941055));
#5543=CARTESIAN_POINT('Ctrl Pts',(11.6975180245026,4.48437414899934,0.162973532640581));
#5544=CARTESIAN_POINT('Ctrl Pts',(11.7174019100179,4.10453258737044,0.946051149391776));
#5545=CARTESIAN_POINT('Ctrl Pts',(11.2931049732636,4.28316768466586,0.931608083786048));
#5546=CARTESIAN_POINT('Ctrl Pts',(11.6586487500936,4.62972454062906,0.322903476774462));
#5547=CARTESIAN_POINT('Ctrl Pts',(11.659081058998,4.32645219951389,1.05263300223948));
#5548=CARTESIAN_POINT('Ctrl Pts',(11.2258858688376,4.56944452318097,1.03554638148126));
#5549=CARTESIAN_POINT('Ctrl Pts',(11.6004237613671,4.84888152796061,0.499528947402928));
#5550=CARTESIAN_POINT('Ctrl Pts',(11.5842141866619,4.61272741574329,1.17019823577836));
#5551=CARTESIAN_POINT('Ctrl Pts',(11.1447050045189,4.91753316040885,1.14194397767784));
#5552=CARTESIAN_POINT('Ctrl Pts',(11.5216999456019,5.14749138633807,0.679898238405221));
#5553=CARTESIAN_POINT('Ctrl Pts',(11.4937987638803,4.96081543931076,1.29059797700621));
#5554=CARTESIAN_POINT('Ctrl Pts',(11.0634306035374,5.26841444544344,1.23416041682242));
#5555=CARTESIAN_POINT('Ctrl Pts',(11.4390447459953,5.46325504127432,0.833183921511792));
#5556=CARTESIAN_POINT('Ctrl Pts',(11.4032821271277,5.311696518326,1.39499933417294));
#5557=CARTESIAN_POINT('Ctrl Pts',(10.9821473819678,5.62177643144597,1.31502252910028));
#5558=CARTESIAN_POINT('Ctrl Pts',(11.3539863551379,5.79047174716469,0.96562056654153));
#5559=CARTESIAN_POINT('Ctrl Pts',(11.3127594486639,5.66505856519732,1.4865929112376));
#5560=CARTESIAN_POINT('Ctrl Pts',(10.9009669928589,5.97717892650657,1.38640076408455));
#5561=CARTESIAN_POINT('Ctrl Pts',(11.2674561656251,6.12567151180047,1.08131720973392));
#5562=CARTESIAN_POINT('Ctrl Pts',(11.2223557310322,6.02046129966904,1.56748928240736));
#5563=CARTESIAN_POINT('Ctrl Pts',(10.792950052678,6.45344288063236,1.47072163649955));
#5564=CARTESIAN_POINT('Ctrl Pts',(11.1529682535702,6.57227724693526,1.21469462684549));
#5565=CARTESIAN_POINT('Ctrl Pts',(11.102073388381,6.49672452666342,1.66311312680095));
#5566=CARTESIAN_POINT('Ctrl Pts',(10.658491986102,7.05271689769569,1.55839048901139));
#5567=CARTESIAN_POINT('Ctrl Pts',(11.007759150979,7.14450660398011,1.35446896861481));
#5568=CARTESIAN_POINT('Ctrl Pts',(10.9523611901447,7.09599809375478,1.7626432730002));
#5569=CARTESIAN_POINT('Ctrl Pts',(10.4902209611575,7.81380153370416,1.64497986005188));
#5570=CARTESIAN_POINT('Ctrl Pts',(10.8219951837901,7.88717453081587,1.49546316884919));
#5571=CARTESIAN_POINT('Ctrl Pts',(10.7650264921832,7.85708360274948,1.86112355136713));
#5572=CARTESIAN_POINT('Ctrl Pts',(10.3764171441124,8.33691752552205,1.68918976097136));
#5573=CARTESIAN_POINT('Ctrl Pts',(10.6919385252222,8.41534086889904,1.5719508514365));
#5574=CARTESIAN_POINT('Ctrl Pts',(10.6383512723294,8.38020284247514,1.9115408535687));
#5575=CARTESIAN_POINT('Ctrl Pts',(10.3158380723634,8.61785311104276,1.70920241084169));
#5576=CARTESIAN_POINT('Ctrl Pts',(10.6226218097967,8.69942327904412,1.60725943276528));
#5577=CARTESIAN_POINT('Ctrl Pts',(10.5709277838277,8.66114024947666,1.93440640310534));
#5578=CARTESIAN_POINT('Ctrl Pts',(11.5268352324465,3.30000285950774,-0.296134521091631));
#5579=CARTESIAN_POINT('Ctrl Pts',(11.5295449093905,3.29420061979195,-0.27988340057833));
#5580=CARTESIAN_POINT('Ctrl Pts',(11.5321942975256,3.28860990673658,-0.263593733181647));
#5581=CARTESIAN_POINT('Ctrl Pts',(11.5347109548102,3.28330575088253,-0.247226299073573));
#5582=CARTESIAN_POINT('Ctrl Pts',(11.535809732569,3.28098994550156,-0.240080243598752));
#5583=CARTESIAN_POINT('Ctrl Pts',(11.5368833187366,3.27872933278967,-0.232919083831952));
#5584=CARTESIAN_POINT('Ctrl Pts',(11.5379262056797,3.2765331095097,-0.225738491203559));
#5585=CARTESIAN_POINT('Ctrl Pts',(11.5402801140825,3.27157599650002,-0.209531118547077));
#5586=CARTESIAN_POINT('Ctrl Pts',(11.542476932186,3.26694394746706,-0.19322607664785));
#5587=CARTESIAN_POINT('Ctrl Pts',(11.5444696992865,3.26273699263278,-0.17674810623071));
#5588=CARTESIAN_POINT('Ctrl Pts',(11.5455015605815,3.26055861771773,-0.168215759480715));
#5589=CARTESIAN_POINT('Ctrl Pts',(11.5464788786337,3.25849496637203,-0.159636742586632));
#5590=CARTESIAN_POINT('Ctrl Pts',(11.5473960146641,3.25656522605797,-0.150999214685638));
#5591=CARTESIAN_POINT('Ctrl Pts',(11.5476212245073,3.25609136340385,-0.148878202927521));
#5592=CARTESIAN_POINT('Ctrl Pts',(11.5478427231575,3.25562499786718,-0.146753628974065));
#5593=CARTESIAN_POINT('Ctrl Pts',(11.5480603441268,3.25516644239695,-0.144625897394816));
#5594=CARTESIAN_POINT('Ctrl Pts',(11.5495122674276,3.25210705260598,-0.130430100606654));
#5595=CARTESIAN_POINT('Ctrl Pts',(11.5507903829405,3.24939884447121,-0.11609599880749));
#5596=CARTESIAN_POINT('Ctrl Pts',(11.5518525843853,3.24711478885075,-0.101685502929634));
#5597=CARTESIAN_POINT('Ctrl Pts',(11.5524940857741,3.24573536608705,-0.092982489801499));
#5598=CARTESIAN_POINT('Ctrl Pts',(11.5530571165167,3.24450980317485,-0.0842510496881807));
#5599=CARTESIAN_POINT('Ctrl Pts',(11.5535351268994,3.24344649094922,-0.0755005977165947));
#5600=CARTESIAN_POINT('Ctrl Pts',(11.5537228126851,3.24302899250631,-0.0720648241170747));
#5601=CARTESIAN_POINT('Ctrl Pts',(11.5538973609946,3.24263686031287,-0.068627862842049));
#5602=CARTESIAN_POINT('Ctrl Pts',(11.5540587788468,3.24227113163597,-0.0651884683101429));
#5603=CARTESIAN_POINT('Ctrl Pts',(11.5544942889299,3.24128438497678,-0.0559088813422205));
#5604=CARTESIAN_POINT('Ctrl Pts',(11.5548341687582,3.24048963793901,-0.0466115644700893));
#5605=CARTESIAN_POINT('Ctrl Pts',(11.5550810198606,3.23989967606987,-0.0373214264798666));
#5606=CARTESIAN_POINT('Ctrl Pts',(11.55525019197,3.23949536313412,-0.0309547048985638));
#5607=CARTESIAN_POINT('Ctrl Pts',(11.5553758035685,3.23918739371922,-0.024589615041468));
#5608=CARTESIAN_POINT('Ctrl Pts',(11.5554586657984,3.23898018548627,-0.0182309907717582));
#5609=CARTESIAN_POINT('Ctrl Pts',(11.5555000969133,3.2388765813698,-0.0150516786369044));
#5610=CARTESIAN_POINT('Ctrl Pts',(11.5555308367114,3.23879816842577,-0.0118739793273064));
#5611=CARTESIAN_POINT('Ctrl Pts',(11.5555509590606,3.23874550690075,-0.00869847644884444));
#5612=CARTESIAN_POINT('Ctrl Pts',(11.5555610202352,3.23871917613824,-0.00711072500961234));
#5613=CARTESIAN_POINT('Ctrl Pts',(11.555568426731,3.23869928333657,-0.00552352246993598));
#5614=CARTESIAN_POINT('Ctrl Pts',(11.555573185757,3.23868589924152,-0.00393694056315756));
#5615=CARTESIAN_POINT('Ctrl Pts',(11.55557556527,3.238679207194,-0.00314364960976944));
#5616=CARTESIAN_POINT('Ctrl Pts',(11.5555772828935,3.23867414233121,-0.0023505138021855));
#5617=CARTESIAN_POINT('Ctrl Pts',(11.5555783393919,3.23867071354719,-0.00155754203365863));
#5618=CARTESIAN_POINT('Ctrl Pts',(11.5555793958903,3.23866728476316,-0.000764570265131773));
#5619=CARTESIAN_POINT('Ctrl Pts',(11.5555797912639,3.2386654920578,2.82374643958285E-5));
#5620=CARTESIAN_POINT('Ctrl Pts',(11.555579526182,3.23866534436119,0.000820872309523345));
#5621=CARTESIAN_POINT('Ctrl Pts',(11.5555780107051,3.23866449997757,0.00535237708820809));
#5622=CARTESIAN_POINT('Ctrl Pts',(11.5555544898753,3.23871541063639,0.00987271695702812));
#5623=CARTESIAN_POINT('Ctrl Pts',(11.5555088846336,3.23881765312624,0.0143785457237764));
#5624=CARTESIAN_POINT('Ctrl Pts',(11.5553025707922,3.23928018857212,0.0347624929521185));
#5625=CARTESIAN_POINT('Ctrl Pts',(11.5546432338274,3.24079074648071,0.054851777816019));
#5626=CARTESIAN_POINT('Ctrl Pts',(11.5535444927731,3.24324624023645,0.0749533726830217));
#5627=CARTESIAN_POINT('Ctrl Pts',(11.5532085513234,3.243997010519,0.0810994604189586));
#5628=CARTESIAN_POINT('Ctrl Pts',(11.5528316361108,3.24483633237824,0.0872464571186319));
#5629=CARTESIAN_POINT('Ctrl Pts',(11.5524144559785,3.24576178531211,0.093402247487491));
#5630=CARTESIAN_POINT('Ctrl Pts',(11.5509994477792,3.24890077345666,0.114281702596318));
#5631=CARTESIAN_POINT('Ctrl Pts',(11.5491187163438,3.25302822251006,0.135263519428434));
#5632=CARTESIAN_POINT('Ctrl Pts',(11.5468664033578,3.25784927870161,0.156038334263687));
#5633=CARTESIAN_POINT('Ctrl Pts',(11.5462094225396,3.2592555403806,0.16209817360804));
#5634=CARTESIAN_POINT('Ctrl Pts',(11.5455210476642,3.26072100217974,0.168140235656778));
#5635=CARTESIAN_POINT('Ctrl Pts',(11.5448042037369,3.26223872491838,0.174156331230619));
#5636=CARTESIAN_POINT('Ctrl Pts',(11.5426434279734,3.26681358198911,0.192290590323788));
#5637=CARTESIAN_POINT('Ctrl Pts',(11.5402223386137,3.27186327600534,0.210192611740585));
#5638=CARTESIAN_POINT('Ctrl Pts',(11.5376125598597,3.27730751039731,0.227990119620973));
#5639=CARTESIAN_POINT('Ctrl Pts',(11.5362331300069,3.28018512576399,0.237397205811216));
#5640=CARTESIAN_POINT('Ctrl Pts',(11.5348013689291,3.28317298803372,0.24677430363473));
#5641=CARTESIAN_POINT('Ctrl Pts',(11.5333302264143,3.28625902927823,0.256134891605334));
#5642=CARTESIAN_POINT('Ctrl Pts',(11.5312273510337,3.29067026754469,0.269515070475529));
#5643=CARTESIAN_POINT('Ctrl Pts',(11.5290439886669,3.29528151841905,0.282861171020642));
#5644=CARTESIAN_POINT('Ctrl Pts',(11.5268318767286,3.30001773040484,0.296121705052104));
#5645=CARTESIAN_POINT('Origin',(10.4055844262059,8.50663140333929,-1.88997214688051));
#5646=CARTESIAN_POINT('Ctrl Pts',(4.30632308279212,37.6997063346925,0.169247264583429));
#5647=CARTESIAN_POINT('Ctrl Pts',(4.30716513501367,37.7213419274397,0.180441424122508));
#5648=CARTESIAN_POINT('Ctrl Pts',(4.30182835703722,37.7429800086976,0.19048517781734));
#5649=CARTESIAN_POINT('Ctrl Pts',(4.29580225860289,37.7872205265873,0.0299024412477385));
#5650=CARTESIAN_POINT('Ctrl Pts',(4.29525738002118,37.8092231030877,0.0317616027524893));
#5651=CARTESIAN_POINT('Ctrl Pts',(4.29091453821933,37.8304947147207,0.0336521096800102));
#5652=CARTESIAN_POINT('Ctrl Pts',(4.30136728084945,37.7406973420114,-0.158033666857766));
#5653=CARTESIAN_POINT('Ctrl Pts',(4.3015869116444,37.7622914679192,-0.168395577551886));
#5654=CARTESIAN_POINT('Ctrl Pts',(4.29668310826965,37.783971039445,-0.177873650724077));
#5655=CARTESIAN_POINT('Ctrl Pts',(4.32451743146987,37.5500495171927,-0.375723565580859));
#5656=CARTESIAN_POINT('Ctrl Pts',(4.32762816200649,37.5719178744366,-0.399402854817531));
#5657=CARTESIAN_POINT('Ctrl Pts',(4.32073510410465,37.5933232881607,-0.422635068160233));
#5658=CARTESIAN_POINT('Ctrl Pts',(4.35067720601906,37.3365393492534,-0.529171671091234));
#5659=CARTESIAN_POINT('Ctrl Pts',(4.3571074947994,37.3582483460839,-0.562318277428463));
#5660=CARTESIAN_POINT('Ctrl Pts',(4.347950334708,37.3798127113538,-0.594940574314991));
#5661=CARTESIAN_POINT('Ctrl Pts',(4.38485722533863,37.0615871996044,-0.676405153266263));
#5662=CARTESIAN_POINT('Ctrl Pts',(4.39552314536761,37.0836320340959,-0.718142859789975));
#5663=CARTESIAN_POINT('Ctrl Pts',(4.38358288817316,37.1048606031152,-0.759969865396664));
#5664=CARTESIAN_POINT('Ctrl Pts',(4.42110025556701,36.7742768564736,-0.802751068130206));
#5665=CARTESIAN_POINT('Ctrl Pts',(4.43622895275555,36.7966778685105,-0.851649756610496));
#5666=CARTESIAN_POINT('Ctrl Pts',(4.42144101118945,36.817550305601,-0.901329907196387));
#5667=CARTESIAN_POINT('Ctrl Pts',(4.45893536380659,36.4788304509473,-0.915007655444715));
#5668=CARTESIAN_POINT('Ctrl Pts',(4.4786864993183,36.5016471122007,-0.970041875660365));
#5669=CARTESIAN_POINT('Ctrl Pts',(4.46103871147284,36.5221039939703,-1.02669862640705));
#5670=CARTESIAN_POINT('Ctrl Pts',(4.51059884251806,36.0814245087151,-1.04947395752729));
#5671=CARTESIAN_POINT('Ctrl Pts',(4.53680284039449,36.1035641660443,-1.11203053183674));
#5672=CARTESIAN_POINT('Ctrl Pts',(4.51520835508895,36.124696929112,-1.17660668415345));
#5673=CARTESIAN_POINT('Ctrl Pts',(4.57735225547217,35.5792205183128,-1.19663938942731));
#5674=CARTESIAN_POINT('Ctrl Pts',(4.61183335914441,35.6004811622597,-1.26683806195892));
#5675=CARTESIAN_POINT('Ctrl Pts',(4.58537909949906,35.6224915300338,-1.34023966894797));
#5676=CARTESIAN_POINT('Ctrl Pts',(4.6605657520996,34.9712683615505,-1.3515016613212));
#5677=CARTESIAN_POINT('Ctrl Pts',(4.70493927747982,34.9934630761533,-1.42856023998696));
#5678=CARTESIAN_POINT('Ctrl Pts',(4.67311986010332,35.0145396540795,-1.51189452342785));
#5679=CARTESIAN_POINT('Ctrl Pts',(4.74674057884937,34.3594670975295,-1.49036565583258));
#5680=CARTESIAN_POINT('Ctrl Pts',(4.80123458742631,34.3826452680088,-1.57290878651629));
#5681=CARTESIAN_POINT('Ctrl Pts',(4.7642282500419,34.402738689848,-1.66536774423979));
#5682=CARTESIAN_POINT('Ctrl Pts',(4.83578896184503,33.7447327296165,-1.61672155803621));
#5683=CARTESIAN_POINT('Ctrl Pts',(4.90061713283944,33.7689520159121,-1.70359661317498));
#5684=CARTESIAN_POINT('Ctrl Pts',(4.85859921667022,33.7880046460555,-1.8046365748965));
#5685=CARTESIAN_POINT('Ctrl Pts',(4.95825427519698,32.9221083580978,-1.77138897327095));
#5686=CARTESIAN_POINT('Ctrl Pts',(5.03805601814844,32.9422373020101,-1.86374838219309));
#5687=CARTESIAN_POINT('Ctrl Pts',(4.98865882956933,32.9653756840773,-1.97467257941339));
#5688=CARTESIAN_POINT('Ctrl Pts',(5.11843878108846,31.8881289262545,-1.94286516109064));
#5689=CARTESIAN_POINT('Ctrl Pts',(5.21763750166504,31.9031150907378,-2.0393173143262));
#5690=CARTESIAN_POINT('Ctrl Pts',(5.15924664042485,31.9313907797591,-2.16247138787668));
#5691=CARTESIAN_POINT('Ctrl Pts',(5.32061187999156,30.6479816647496,-2.11963545086101));
#5692=CARTESIAN_POINT('Ctrl Pts',(5.44230955087379,30.6653177825297,-2.21631897366982));
#5693=CARTESIAN_POINT('Ctrl Pts',(5.37518180749937,30.691244549198,-2.3551914270315));
#5694=CARTESIAN_POINT('Ctrl Pts',(5.53265246563156,29.4087467891402,-2.27136154550759));
#5695=CARTESIAN_POINT('Ctrl Pts',(5.67750570559508,29.4285816289041,-2.36511591840361));
#5696=CARTESIAN_POINT('Ctrl Pts',(5.60218102205858,29.4520106720776,-2.51986811238178));
#5697=CARTESIAN_POINT('Ctrl Pts',(5.75452707499358,28.1705124791631,-2.40010717041939));
#5698=CARTESIAN_POINT('Ctrl Pts',(5.92316397788985,28.1931070035041,-2.48773101208202));
#5699=CARTESIAN_POINT('Ctrl Pts',(5.84014605206396,28.2137773952467,-2.65893813184187));
#5700=CARTESIAN_POINT('Ctrl Pts',(5.98620104672548,26.9333262427594,-2.50677295401155));
#5701=CARTESIAN_POINT('Ctrl Pts',(6.17923506836519,26.9589722493829,-2.58489967061046));
#5702=CARTESIAN_POINT('Ctrl Pts',(6.08898745043112,26.976592216458,-2.77351419940766));
#5703=CARTESIAN_POINT('Ctrl Pts',(6.30812883336738,25.2851603850912,-2.61961415859522));
#5704=CARTESIAN_POINT('Ctrl Pts',(6.5404259536156,25.2878125388196,-2.6818496826939));
#5705=CARTESIAN_POINT('Ctrl Pts',(6.43518458977616,25.3284087331566,-2.89381628136794));
#5706=CARTESIAN_POINT('Ctrl Pts',(6.73492606659384,23.2274923643947,-2.70449561347288));
#5707=CARTESIAN_POINT('Ctrl Pts',(7.0209676876226,23.1944398256356,-2.73332988979985));
#5708=CARTESIAN_POINT('Ctrl Pts',(6.89480087209328,23.2707173077452,-2.98231976622225));
#5709=CARTESIAN_POINT('Ctrl Pts',(7.30417107422436,20.6806641604882,-2.7049333884555));
#5710=CARTESIAN_POINT('Ctrl Pts',(7.6529679136972,20.6342863864404,-2.66710633792628));
#5711=CARTESIAN_POINT('Ctrl Pts',(7.5085736118361,20.7238833541517,-2.97714383811859));
#5712=CARTESIAN_POINT('Ctrl Pts',(7.71843651551747,18.9572739813448,-2.61354014879587));
#5713=CARTESIAN_POINT('Ctrl Pts',(8.08696164144446,18.9980185015565,-2.51092266916956));
#5714=CARTESIAN_POINT('Ctrl Pts',(7.95560859671011,19.0005385239875,-2.87337603020164));
#5715=CARTESIAN_POINT('Ctrl Pts',(7.94329694262459,18.0549618590121,-2.52988275138435));
#5716=CARTESIAN_POINT('Ctrl Pts',(8.31399121085109,18.1679698331135,-2.39106539212538));
#5717=CARTESIAN_POINT('Ctrl Pts',(8.19832042598339,18.0982583822736,-2.77994801973106));
#5718=CARTESIAN_POINT('Origin',(7.94862063526121,18.2978456444584,-2.74045961297672));
#5719=CARTESIAN_POINT('Ctrl Pts',(7.62202784341629,19.2726187395532,-2.6418676333508));
#5720=CARTESIAN_POINT('Ctrl Pts',(8.00038272036451,19.3889126784567,-2.51089863748263));
#5721=CARTESIAN_POINT('Ctrl Pts',(7.87010469990892,19.3155186520727,-2.90014698191658));
#5722=CARTESIAN_POINT('Ctrl Pts',(8.67400752546041,15.3755768304733,-2.27772082033552));
#5723=CARTESIAN_POINT('Ctrl Pts',(8.93858611546341,15.7694413336175,-2.18613592380078));
#5724=CARTESIAN_POINT('Ctrl Pts',(8.92835881791912,15.4170452233562,-2.52014166923515));
#5725=CARTESIAN_POINT('Ctrl Pts',(9.636601857236,11.453417344985,-1.94451509010551));
#5726=CARTESIAN_POINT('Ctrl Pts',(9.92808983724422,11.6795290150402,-1.84361540472056));
#5727=CARTESIAN_POINT('Ctrl Pts',(9.89285610422202,11.4956881020498,-2.17654518381649));
#5728=CARTESIAN_POINT('Ctrl Pts',(10.5753942353459,7.52456943245348,-1.61954849768284));
#5729=CARTESIAN_POINT('Ctrl Pts',(10.8831258218315,7.60824689965942,-1.51302602543707));
#5730=CARTESIAN_POINT('Ctrl Pts',(10.8330660970146,7.56758670006429,-1.84307240732704));
#5731=CARTESIAN_POINT('Ctrl Pts',(-7.9197495211308,18.1469794559239,-2.53852546842476));
#5732=CARTESIAN_POINT('Ctrl Pts',(-8.29030456806492,18.259107530926,-2.4021437969425));
#5733=CARTESIAN_POINT('Ctrl Pts',(-8.17347725772365,18.1904142845383,-2.78959853221691));
#5734=CARTESIAN_POINT('Ctrl Pts',(-7.7041023546226,19.0143763967341,-2.61656444570064));
#5735=CARTESIAN_POINT('Ctrl Pts',(-8.0718423968223,19.0592830146643,-2.5149738704429));
#5736=CARTESIAN_POINT('Ctrl Pts',(-7.94073709946328,19.0577194171405,-2.87685924038472));
#5737=CARTESIAN_POINT('Ctrl Pts',(-7.29840855672249,20.7038017614167,-2.70484712169588));
#5738=CARTESIAN_POINT('Ctrl Pts',(-7.64728262794978,20.6612265170219,-2.66643654469653));
#5739=CARTESIAN_POINT('Ctrl Pts',(-7.50297511471038,20.7470049208565,-2.97724910753755));
#5740=CARTESIAN_POINT('Ctrl Pts',(-6.73454630509569,23.2261311794542,-2.70462261272144));
#5741=CARTESIAN_POINT('Ctrl Pts',(-7.02219223545608,23.191832384465,-2.73278327979397));
#5742=CARTESIAN_POINT('Ctrl Pts',(-6.89495980252646,23.2693457468659,-2.9827327013979));
#5743=CARTESIAN_POINT('Ctrl Pts',(-6.30553019131357,25.29510872178,-2.61900287142511));
#5744=CARTESIAN_POINT('Ctrl Pts',(-6.53881303380056,25.2972356153078,-2.68102035654695));
#5745=CARTESIAN_POINT('Ctrl Pts',(-6.43288895894208,25.3383996110803,-2.89352529195799));
#5746=CARTESIAN_POINT('Ctrl Pts',(-5.98283580681823,26.9482388877385,-2.50542960634174));
#5747=CARTESIAN_POINT('Ctrl Pts',(-6.17652095284431,26.9737993353107,-2.5834778572481));
#5748=CARTESIAN_POINT('Ctrl Pts',(-6.08581194460351,26.9915873250128,-2.77247469105418));
#5749=CARTESIAN_POINT('Ctrl Pts',(-5.75081386744462,28.1882272241284,-2.39819553128095));
#5750=CARTESIAN_POINT('Ctrl Pts',(-5.91994639221393,28.2107370515995,-2.48582320077905));
#5751=CARTESIAN_POINT('Ctrl Pts',(-5.83655920292494,28.2315735020597,-2.65730690302632));
#5752=CARTESIAN_POINT('Ctrl Pts',(-5.52885440389661,29.4280628271524,-2.26891092855302));
#5753=CARTESIAN_POINT('Ctrl Pts',(-5.67406777556889,29.4478549298443,-2.36271046573663));
#5754=CARTESIAN_POINT('Ctrl Pts',(-5.59846402827763,29.4714071197973,-2.51766398491771));
#5755=CARTESIAN_POINT('Ctrl Pts',(-5.31698695322772,30.6675074903159,-2.11676738666505));
#5756=CARTESIAN_POINT('Ctrl Pts',(-5.43894613485702,30.6848001710161,-2.21351876062347));
#5757=CARTESIAN_POINT('Ctrl Pts',(-5.37160966165106,30.7108498038539,-2.35253351299175));
#5758=CARTESIAN_POINT('Ctrl Pts',(-5.11510861365698,31.9071937380388,-1.93961241809509));
#5759=CARTESIAN_POINT('Ctrl Pts',(-5.21446931543,31.9222208048784,-2.0361205942427));
#5760=CARTESIAN_POINT('Ctrl Pts',(-5.15594849189479,31.9505342155451,-2.15938003325301));
#5761=CARTESIAN_POINT('Ctrl Pts',(-4.95572181042545,32.9370807535494,-1.76844347462594));
#5762=CARTESIAN_POINT('Ctrl Pts',(-5.0356763183835,32.9572762176535,-1.86085631114668));
#5763=CARTESIAN_POINT('Ctrl Pts',(-4.9861727286721,32.9804393982068,-1.97189251689433));
#5764=CARTESIAN_POINT('Ctrl Pts',(-4.83365952619971,33.7577427352736,-1.61386367184617));
#5765=CARTESIAN_POINT('Ctrl Pts',(-4.89861405302739,33.7820095829561,-1.70079180545847));
#5766=CARTESIAN_POINT('Ctrl Pts',(-4.85651013169114,33.8011164830116,-1.80192397462149));
#5767=CARTESIAN_POINT('Ctrl Pts',(-4.74484377553373,34.3714279036191,-1.48749186546953));
#5768=CARTESIAN_POINT('Ctrl Pts',(-4.79943374784846,34.3946539737157,-1.57008117831782));
#5769=CARTESIAN_POINT('Ctrl Pts',(-4.76236367275896,34.4148012459179,-1.66261211681007));
#5770=CARTESIAN_POINT('Ctrl Pts',(-4.65884637698399,34.9825036900021,-1.34852570276983));
#5771=CARTESIAN_POINT('Ctrl Pts',(-4.70328285277359,35.0047240236149,-1.42562000986306));
#5772=CARTESIAN_POINT('Ctrl Pts',(-4.67142062401292,35.0258766424042,-1.50899392050229));
#5773=CARTESIAN_POINT('Ctrl Pts',(-4.57561590459781,35.5911528600903,-1.19316889007462));
#5774=CARTESIAN_POINT('Ctrl Pts',(-4.61009938643999,35.6124435856321,-1.26336829325663));
#5775=CARTESIAN_POINT('Ctrl Pts',(-4.58364040053438,35.6345255749723,-1.33675008635034));
#5776=CARTESIAN_POINT('Ctrl Pts',(-4.49583164212042,36.1919776333664,-1.01639948065183));
#5777=CARTESIAN_POINT('Ctrl Pts',(-4.52064517915179,36.2124368152779,-1.07795934014089));
#5778=CARTESIAN_POINT('Ctrl Pts',(-4.49975106833958,36.2353503255251,-1.14014447612524));
#5779=CARTESIAN_POINT('Ctrl Pts',(-4.43265003029582,36.6821698284849,-0.842914769473085));
#5780=CARTESIAN_POINT('Ctrl Pts',(-4.4494702571077,36.7036084268175,-0.894736051909682));
#5781=CARTESIAN_POINT('Ctrl Pts',(-4.43354614344882,36.7255477796514,-0.946541310482395));
#5782=CARTESIAN_POINT('Ctrl Pts',(-4.38478280369948,37.0617898892992,-0.676241156054343));
#5783=CARTESIAN_POINT('Ctrl Pts',(-4.39551421062175,37.0838817425315,-0.718089906421753));
#5784=CARTESIAN_POINT('Ctrl Pts',(-4.38352874500011,37.105171667694,-0.760012905171826));
#5785=CARTESIAN_POINT('Ctrl Pts',(-4.35031445697392,37.3392175407832,-0.527146809461294));
#5786=CARTESIAN_POINT('Ctrl Pts',(-4.3567466053683,37.3609840337643,-0.560242135950665));
#5787=CARTESIAN_POINT('Ctrl Pts',(-4.34758417036219,37.3825995391483,-0.592846270043084));
#5788=CARTESIAN_POINT('Ctrl Pts',(-4.31430013502885,37.6332958245535,-0.316314406089511));
#5789=CARTESIAN_POINT('Ctrl Pts',(-4.31624612023873,37.6544722827295,-0.337053997787885));
#5790=CARTESIAN_POINT('Ctrl Pts',(-4.31010422801945,37.676677238063,-0.356043205057935));
#5791=CARTESIAN_POINT('Ctrl Pts',(-4.29659980081487,37.7804395143092,-0.0874509289345024));
#5792=CARTESIAN_POINT('Ctrl Pts',(-4.29617720201129,37.8023923386838,-0.0931793607146339));
#5793=CARTESIAN_POINT('Ctrl Pts',(-4.29173250839971,37.8238241966801,-0.0984687916945238));
#5794=CARTESIAN_POINT('Ctrl Pts',(-4.30101357321094,37.7437959992522,0.0748614956340967));
#5795=CARTESIAN_POINT('Ctrl Pts',(-4.30115544335465,37.7657467148531,0.0798268631930538));
#5796=CARTESIAN_POINT('Ctrl Pts',(-4.29631440431087,37.7871804817302,0.0842908167355795));
#5797=CARTESIAN_POINT('Origin',(-4.10118816824176,37.7431565905141,-0.0830058073776097));
#5798=CARTESIAN_POINT('Origin',(-7.94862063526118,18.2978456444585,-2.74045961297672));
#5799=CARTESIAN_POINT('Ctrl Pts',(-10.5753942353448,7.52456943245647,-1.61954849768321));
#5800=CARTESIAN_POINT('Ctrl Pts',(-10.8831260857331,7.60824697142026,-1.51302593408963));
#5801=CARTESIAN_POINT('Ctrl Pts',(-10.8330660745852,7.56758668185021,-1.84307255520018));
#5802=CARTESIAN_POINT('Ctrl Pts',(-9.63660185724027,11.4534173449725,-1.944515090104));
#5803=CARTESIAN_POINT('Ctrl Pts',(-9.9280900966294,11.6795292162442,-1.84361531492149));
#5804=CARTESIAN_POINT('Ctrl Pts',(-9.89285608901707,11.4956880226803,-2.17654532752337));
#5805=CARTESIAN_POINT('Ctrl Pts',(-8.67400752545893,15.3755768304963,-2.27772082033601));
#5806=CARTESIAN_POINT('Ctrl Pts',(-8.93858636230916,15.7694417011721,-2.18613583835365));
#5807=CARTESIAN_POINT('Ctrl Pts',(-8.92835881370291,15.4170450783421,-2.52014180670851));
#5808=CARTESIAN_POINT('Ctrl Pts',(-7.62202784341656,19.2726187395475,-2.64186763335067));
#5809=CARTESIAN_POINT('Ctrl Pts',(-8.00038310372671,19.3889127962968,-2.51089850478077));
#5810=CARTESIAN_POINT('Ctrl Pts',(-7.87010465055085,19.3155186242588,-2.90014712939419));
#5811=CARTESIAN_POINT('Origin',(-10.4055844262059,8.50663140333942,-1.88997214688049));
#5812=CARTESIAN_POINT('Ctrl Pts',(-4.29641431936937,37.7864128574967,0.0869612191931637));
#5813=CARTESIAN_POINT('Ctrl Pts',(-4.30124449702413,37.7650566710027,0.0821101217651803));
#5814=CARTESIAN_POINT('Ctrl Pts',(-4.30110622560369,37.74315659052,0.0772812689132569));
#5815=CARTESIAN_POINT('Ctrl Pts',(-4.29514035678403,37.797416656247,0.0295026144988448));
#5816=CARTESIAN_POINT('Ctrl Pts',(-4.29960062423283,37.7765653463079,0.0278926534222669));
#5817=CARTESIAN_POINT('Ctrl Pts',(-4.29964388444077,37.7552612239551,0.026211928099486));
#5818=CARTESIAN_POINT('Ctrl Pts',(-4.29513927254915,37.7974259872294,-0.0294540853564572));
#5819=CARTESIAN_POINT('Ctrl Pts',(-4.29959923104064,37.7765750993812,-0.0278468942866068));
#5820=CARTESIAN_POINT('Ctrl Pts',(-4.29964264935352,37.7552714893323,-0.0261687951637007));
#5821=CARTESIAN_POINT('Ctrl Pts',(-4.29641431936968,37.7864128574807,-0.0869612192192465));
#5822=CARTESIAN_POINT('Ctrl Pts',(-4.30124449702484,37.7650566709859,-0.0821101217898093));
#5823=CARTESIAN_POINT('Ctrl Pts',(-4.30110622560432,37.7431565905023,-0.0772812689364403));
#5824=CARTESIAN_POINT('Origin',(-4.10118816824088,37.7431565905205,0.0830058073513966));
#5825=CARTESIAN_POINT('Ctrl Pts',(-10.331543423136,8.54507519161778,1.70393439696355));
#5826=CARTESIAN_POINT('Ctrl Pts',(-10.6401206063343,8.62776113410801,1.59823192190701));
#5827=CARTESIAN_POINT('Ctrl Pts',(-10.5884076544375,8.58836220031319,1.92838858174599));
#5828=CARTESIAN_POINT('Ctrl Pts',(-10.3872684240989,8.28704519408624,1.68495882211337));
#5829=CARTESIAN_POINT('Ctrl Pts',(-10.7037385827635,8.36742340819804,1.56499552962807));
#5830=CARTESIAN_POINT('Ctrl Pts',(-10.6504297642731,8.33033062304063,1.9067161008984));
#5831=CARTESIAN_POINT('Ctrl Pts',(-10.496522849263,7.7852399541889,1.64184032217561));
#5832=CARTESIAN_POINT('Ctrl Pts',(-10.8285425737838,7.86094090756134,1.49065738875414));
#5833=CARTESIAN_POINT('Ctrl Pts',(-10.7720421088422,7.82852227290956,1.85755192953211));
#5834=CARTESIAN_POINT('Ctrl Pts',(-10.6605341783681,7.04352564762278,1.5572544878111));
#5835=CARTESIAN_POINT('Ctrl Pts',(-11.0100888326356,7.13523841291164,1.35256130939699));
#5836=CARTESIAN_POINT('Ctrl Pts',(-10.9546348733265,7.08680678325266,1.76135207737045));
#5837=CARTESIAN_POINT('Ctrl Pts',(-10.7959157585422,6.44027618369787,1.46866420084662));
#5838=CARTESIAN_POINT('Ctrl Pts',(-11.156259802203,6.55935444168666,1.21131452547927));
#5839=CARTESIAN_POINT('Ctrl Pts',(-11.105375680672,6.48355778128791,1.66077825949255));
#5840=CARTESIAN_POINT('Ctrl Pts',(-10.9047023913483,5.96076435601369,1.38331974123656));
#5841=CARTESIAN_POINT('Ctrl Pts',(-11.2714920069736,6.10998008363856,1.07631253071338));
#5842=CARTESIAN_POINT('Ctrl Pts',(-11.2265154134365,6.00404670164401,1.56399628327058));
#5843=CARTESIAN_POINT('Ctrl Pts',(-10.9864727983825,5.60290394160911,1.3109951467673));
#5844=CARTESIAN_POINT('Ctrl Pts',(-11.358591925582,5.77269045777923,0.959021137774519));
#5845=CARTESIAN_POINT('Ctrl Pts',(-11.3175764209527,5.64618605150836,1.482029717358));
#5846=CARTESIAN_POINT('Ctrl Pts',(-11.0683712105801,5.24700985780519,1.22892713072771));
#5847=CARTESIAN_POINT('Ctrl Pts',(-11.4441821821586,5.44355918584258,0.824512063960472));
#5848=CARTESIAN_POINT('Ctrl Pts',(-11.4087844564095,5.29029192023256,1.38907302987092));
#5849=CARTESIAN_POINT('Ctrl Pts',(-11.1502396267698,4.89371852139046,1.13523662223582));
#5850=CARTESIAN_POINT('Ctrl Pts',(-11.5272748606426,5.12626767341385,0.668544357884889));
#5851=CARTESIAN_POINT('Ctrl Pts',(-11.4999628788758,4.93700080297099,1.28300606962396));
#5852=CARTESIAN_POINT('Ctrl Pts',(-11.232163490115,4.54262284389909,1.02662075646064));
#5853=CARTESIAN_POINT('Ctrl Pts',(-11.606305391924,4.82665889437896,0.484182183225661));
#5854=CARTESIAN_POINT('Ctrl Pts',(-11.5912059989974,4.58590579986365,1.16010028588587));
#5855=CARTESIAN_POINT('Ctrl Pts',(-11.2992494646081,4.2570621996286,0.92143430589399));
#5856=CARTESIAN_POINT('Ctrl Pts',(-11.663788942198,4.61043523546751,0.305162556281571));
#5857=CARTESIAN_POINT('Ctrl Pts',(-11.6659246646671,4.30034684319017,1.0411271114952));
#5858=CARTESIAN_POINT('Ctrl Pts',(-11.3517985547717,4.03446621820641,0.825236319232178));
#5859=CARTESIAN_POINT('Ctrl Pts',(-11.7019354412573,4.46790928504407,0.141878925005334));
#5860=CARTESIAN_POINT('Ctrl Pts',(-11.7244524741314,4.0777529153399,0.932354753828479));
#5861=CARTESIAN_POINT('Ctrl Pts',(-11.3904644082111,3.87120183168704,0.745779963613058));
#5862=CARTESIAN_POINT('Ctrl Pts',(-11.7254463408012,4.38067176117637,0.00399426639984));
#5863=CARTESIAN_POINT('Ctrl Pts',(-11.7675172478525,3.9144902023624,0.842529565810895));
#5864=CARTESIAN_POINT('Ctrl Pts',(-11.428278386744,3.71203510253036,0.65676579402427));
#5865=CARTESIAN_POINT('Ctrl Pts',(-11.7403191239494,4.32631438986938,-0.147663217550669));
#5866=CARTESIAN_POINT('Ctrl Pts',(-11.8096324816555,3.75532581761188,0.741918192954865));
#5867=CARTESIAN_POINT('Ctrl Pts',(-11.4640669590096,3.56184868328202,0.557450589786676));
#5868=CARTESIAN_POINT('Ctrl Pts',(-11.7414746987497,4.32376509345831,-0.306843381402994));
#5869=CARTESIAN_POINT('Ctrl Pts',(-11.8494906354067,3.60514266466975,0.62968407411003));
#5870=CARTESIAN_POINT('Ctrl Pts',(-11.4972450723361,3.42301099649824,0.444040497235604));
#5871=CARTESIAN_POINT('Ctrl Pts',(-11.721336805358,4.40127608818219,-0.459434067503101));
#5872=CARTESIAN_POINT('Ctrl Pts',(-11.8864395326787,3.46630955598813,0.501543925207909));
#5873=CARTESIAN_POINT('Ctrl Pts',(-11.5213475072312,3.32241614889861,0.333722777150722));
#5874=CARTESIAN_POINT('Ctrl Pts',(-11.6777007851745,4.56642748152112,-0.535247506985915));
#5875=CARTESIAN_POINT('Ctrl Pts',(-11.9132788731634,3.36572018965689,0.376919450846917));
#5876=CARTESIAN_POINT('Ctrl Pts',(-11.5366463822161,3.25866052709584,0.234084640909974));
#5877=CARTESIAN_POINT('Ctrl Pts',(-11.6267609673377,4.75834891032083,-0.499298089356982));
#5878=CARTESIAN_POINT('Ctrl Pts',(-11.9303134573615,3.30196947783634,0.26437427079453));
#5879=CARTESIAN_POINT('Ctrl Pts',(-11.5453150489911,3.22256649869053,0.154725389198099));
#5880=CARTESIAN_POINT('Ctrl Pts',(-11.585491340884,4.91356713527501,-0.39515060276161));
#5881=CARTESIAN_POINT('Ctrl Pts',(-11.9399649702938,3.26587886499985,0.174741719679856));
#5882=CARTESIAN_POINT('Ctrl Pts',(-11.5506311387435,3.2004453743266,0.0715367934236322));
#5883=CARTESIAN_POINT('Ctrl Pts',(-11.5529939328972,5.03566218490867,-0.205581818479394));
#5884=CARTESIAN_POINT('Ctrl Pts',(-11.9458834292213,3.24376023177748,0.080789868201522));
#5885=CARTESIAN_POINT('Ctrl Pts',(-11.5519874989165,3.19480307764353,-0.0161451425723973));
#5886=CARTESIAN_POINT('Ctrl Pts',(-11.5435740567651,5.07103620290767,0.0477569923901789));
#5887=CARTESIAN_POINT('Ctrl Pts',(-11.9473934248995,3.2381186325059,-0.0182333952729636));
#5888=CARTESIAN_POINT('Ctrl Pts',(-11.5491907454995,3.20643796934371,-0.101060880729773));
#5889=CARTESIAN_POINT('Ctrl Pts',(-11.5624785552091,5.00003813474876,0.28126265647134));
#5890=CARTESIAN_POINT('Ctrl Pts',(-11.9442798580116,3.24975211355167,-0.114133348252064));
#5891=CARTESIAN_POINT('Ctrl Pts',(-11.5424574401231,3.23446177878769,-0.184879476309766));
#5892=CARTESIAN_POINT('Ctrl Pts',(-11.6005128080172,4.8570951979036,0.444388668725508));
#5893=CARTESIAN_POINT('Ctrl Pts',(-11.9367834429344,3.27777293949004,-0.2087985814033));
#5894=CARTESIAN_POINT('Ctrl Pts',(-11.5327408657263,3.2749309255073,-0.261918589786082));
#5895=CARTESIAN_POINT('Ctrl Pts',(-11.6417149479781,4.70204435917733,0.516913870617403));
#5896=CARTESIAN_POINT('Ctrl Pts',(-11.9259649387019,3.31823854355115,-0.295813051513524));
#5897=CARTESIAN_POINT('Ctrl Pts',(-11.5163237249771,3.34337228926648,-0.359061156254426));
#5898=CARTESIAN_POINT('Ctrl Pts',(-11.6892151518571,4.52292809250677,0.524282219042931));
#5899=CARTESIAN_POINT('Ctrl Pts',(-11.9076847756984,3.3866750701,-0.405542683123364));
#5900=CARTESIAN_POINT('Ctrl Pts',(-11.4916290650242,3.44648498300843,-0.465254065181926));
#5901=CARTESIAN_POINT('Ctrl Pts',(-11.7269196101467,4.37998426439009,0.434312453199682));
#5902=CARTESIAN_POINT('Ctrl Pts',(-11.8801854362621,3.48978261694092,-0.52551115565167));
#5903=CARTESIAN_POINT('Ctrl Pts',(-11.457680955889,3.58861410533649,-0.576630660726378));
#5904=CARTESIAN_POINT('Ctrl Pts',(-11.7426265739932,4.31909727684661,0.277597437131199));
#5905=CARTESIAN_POINT('Ctrl Pts',(-11.8423786029126,3.63190739409882,-0.651357499847725));
#5906=CARTESIAN_POINT('Ctrl Pts',(-11.4214559747464,3.74071699490436,-0.673792167176741));
#5907=CARTESIAN_POINT('Ctrl Pts',(-11.738397169018,4.33323025683226,0.11893858294325));
#5908=CARTESIAN_POINT('Ctrl Pts',(-11.8020341101877,3.78400722913135,-0.761161497972855));
#5909=CARTESIAN_POINT('Ctrl Pts',(-11.3839823189064,3.89853802365431,-0.759766986231316));
#5910=CARTESIAN_POINT('Ctrl Pts',(-11.7219316788526,4.39366049173388,-0.0282913107535944));
#5911=CARTESIAN_POINT('Ctrl Pts',(-11.7602977415055,3.94182608250393,-0.858340713533095));
#5912=CARTESIAN_POINT('Ctrl Pts',(-11.3454682193522,4.06124610974749,-0.837350300941029));
#5913=CARTESIAN_POINT('Ctrl Pts',(-11.6975180245026,4.48437414899946,-0.162973532640596));
#5914=CARTESIAN_POINT('Ctrl Pts',(-11.7174019100179,4.10453258737058,-0.946051149391749));
#5915=CARTESIAN_POINT('Ctrl Pts',(-11.2931049732636,4.28316768466599,-0.93160808378603));
#5916=CARTESIAN_POINT('Ctrl Pts',(-11.6586487500936,4.62972454062917,-0.322903476774474));
#5917=CARTESIAN_POINT('Ctrl Pts',(-11.659081058998,4.32645219951403,-1.05263300223946));
#5918=CARTESIAN_POINT('Ctrl Pts',(-11.2258858688376,4.56944452318111,-1.03554638148124));
#5919=CARTESIAN_POINT('Ctrl Pts',(-11.600423761367,4.84888152796074,-0.49952894740293));
#5920=CARTESIAN_POINT('Ctrl Pts',(-11.5842141866619,4.61272741574343,-1.17019823577834));
#5921=CARTESIAN_POINT('Ctrl Pts',(-11.1447050045189,4.91753316040899,-1.14194397767782));
#5922=CARTESIAN_POINT('Ctrl Pts',(-11.5216999456019,5.14749138633821,-0.679898238405218));
#5923=CARTESIAN_POINT('Ctrl Pts',(-11.4937987638803,4.9608154393109,-1.29059797700619));
#5924=CARTESIAN_POINT('Ctrl Pts',(-11.0634306035374,5.26841444544358,-1.2341604168224));
#5925=CARTESIAN_POINT('Ctrl Pts',(-11.4390447459953,5.46325504127444,-0.833183921511792));
#5926=CARTESIAN_POINT('Ctrl Pts',(-11.4032821271276,5.31169651832614,-1.39499933417292));
#5927=CARTESIAN_POINT('Ctrl Pts',(-10.9821473819678,5.6217764314461,-1.31502252910026));
#5928=CARTESIAN_POINT('Ctrl Pts',(-11.3539863551378,5.79047174716481,-0.965620566541534));
#5929=CARTESIAN_POINT('Ctrl Pts',(-11.3127594486639,5.66505856519745,-1.48659291123757));
#5930=CARTESIAN_POINT('Ctrl Pts',(-10.9009669928588,5.97717892650672,-1.38640076408453));
#5931=CARTESIAN_POINT('Ctrl Pts',(-11.267456165625,6.1256715118006,-1.0813172097339));
#5932=CARTESIAN_POINT('Ctrl Pts',(-11.2223557310322,6.02046129966917,-1.56748928240733));
#5933=CARTESIAN_POINT('Ctrl Pts',(-10.792950052678,6.45344288063249,-1.47072163649953));
#5934=CARTESIAN_POINT('Ctrl Pts',(-11.1529682535701,6.57227724693541,-1.21469462684548));
#5935=CARTESIAN_POINT('Ctrl Pts',(-11.102073388381,6.49672452666354,-1.66311312680093));
#5936=CARTESIAN_POINT('Ctrl Pts',(-10.658491986102,7.05271689769584,-1.55839048901133));
#5937=CARTESIAN_POINT('Ctrl Pts',(-11.0077591509792,7.14450660398007,-1.35446896861473));
#5938=CARTESIAN_POINT('Ctrl Pts',(-10.9523611901446,7.09599809375492,-1.76264327300013));
#5939=CARTESIAN_POINT('Ctrl Pts',(-10.4902209611569,7.81380153370505,-1.64497986005209));
#5940=CARTESIAN_POINT('Ctrl Pts',(-10.8219951837893,7.88717453081708,-1.49546316884951));
#5941=CARTESIAN_POINT('Ctrl Pts',(-10.765026492183,7.85708360275045,-1.86112355136741));
#5942=CARTESIAN_POINT('Ctrl Pts',(-10.376417144113,8.33691752552421,-1.68918976097113));
#5943=CARTESIAN_POINT('Ctrl Pts',(-10.691938525223,8.41534086890059,-1.57195085143635));
#5944=CARTESIAN_POINT('Ctrl Pts',(-10.638351272329,8.38020284247713,-1.91154085356834));
#5945=CARTESIAN_POINT('Ctrl Pts',(-10.3158380723623,8.6178531110454,-1.70920241084202));
#5946=CARTESIAN_POINT('Ctrl Pts',(-10.6226218097955,8.69942327904685,-1.60725943276574));
#5947=CARTESIAN_POINT('Ctrl Pts',(-10.570927783827,8.66114024947938,-1.93440640310576));
#5948=CARTESIAN_POINT('Ctrl Pts',(-11.5268352324465,3.30000285950774,0.2961345210915));
#5949=CARTESIAN_POINT('Ctrl Pts',(-11.5295449093905,3.29420061979196,0.279883400578228));
#5950=CARTESIAN_POINT('Ctrl Pts',(-11.5321942975256,3.2886099067366,0.263593733181576));
#5951=CARTESIAN_POINT('Ctrl Pts',(-11.5347109548102,3.28330575088256,0.247226299073532));
#5952=CARTESIAN_POINT('Ctrl Pts',(-11.535809732569,3.2809899455016,0.240080243598733));
#5953=CARTESIAN_POINT('Ctrl Pts',(-11.5368833187366,3.27872933278972,0.232919083831954));
#5954=CARTESIAN_POINT('Ctrl Pts',(-11.5379262056797,3.27653310950975,0.225738491203584));
#5955=CARTESIAN_POINT('Ctrl Pts',(-11.5402801140825,3.27157599650007,0.209531118547089));
#5956=CARTESIAN_POINT('Ctrl Pts',(-11.542476932186,3.26694394746711,0.193226076647849));
#5957=CARTESIAN_POINT('Ctrl Pts',(-11.5444696992865,3.26273699263283,0.176748106230696));
#5958=CARTESIAN_POINT('Ctrl Pts',(-11.5455015605815,3.26055861771778,0.168215759480687));
#5959=CARTESIAN_POINT('Ctrl Pts',(-11.5464788786337,3.25849496637208,0.159636742586592));
#5960=CARTESIAN_POINT('Ctrl Pts',(-11.5473960146641,3.25656522605801,0.150999214685585));
#5961=CARTESIAN_POINT('Ctrl Pts',(-11.5476212245073,3.2560913634039,0.148878202927492));
#5962=CARTESIAN_POINT('Ctrl Pts',(-11.5478427231574,3.25562499786724,0.146753628974061));
#5963=CARTESIAN_POINT('Ctrl Pts',(-11.5480603441268,3.25516644239701,0.144625897394836));
#5964=CARTESIAN_POINT('Ctrl Pts',(-11.5495122674275,3.25210705260605,0.130430100606727));
#5965=CARTESIAN_POINT('Ctrl Pts',(-11.5507903829405,3.24939884447129,0.116095998807614));
#5966=CARTESIAN_POINT('Ctrl Pts',(-11.5518525843853,3.24711478885084,0.10168550292981));
#5967=CARTESIAN_POINT('Ctrl Pts',(-11.5524940857741,3.24573536608712,0.0929824898016122));
#5968=CARTESIAN_POINT('Ctrl Pts',(-11.5530571165167,3.24450980317492,0.0842510496882318));
#5969=CARTESIAN_POINT('Ctrl Pts',(-11.5535351268994,3.24344649094928,0.0755005977165825));
#5970=CARTESIAN_POINT('Ctrl Pts',(-11.553722812685,3.24302899250637,0.0720648241170697));
#5971=CARTESIAN_POINT('Ctrl Pts',(-11.5538973609945,3.24263686031293,0.0686278628420493));
#5972=CARTESIAN_POINT('Ctrl Pts',(-11.5540587788468,3.24227113163602,0.0651884683101502));
#5973=CARTESIAN_POINT('Ctrl Pts',(-11.5544942889298,3.24128438497684,0.0559088813422288));
#5974=CARTESIAN_POINT('Ctrl Pts',(-11.5548341687582,3.24048963793906,0.0466115644700968));
#5975=CARTESIAN_POINT('Ctrl Pts',(-11.5550810198605,3.23989967606993,0.0373214264798739));
#5976=CARTESIAN_POINT('Ctrl Pts',(-11.5552501919699,3.23949536313418,0.0309547048985753));
#5977=CARTESIAN_POINT('Ctrl Pts',(-11.5553758035685,3.23918739371928,0.0245896150414823));
#5978=CARTESIAN_POINT('Ctrl Pts',(-11.5554586657984,3.23898018548634,0.018230990771776));
#5979=CARTESIAN_POINT('Ctrl Pts',(-11.5555000969133,3.23887658136987,0.0150516786369236));
#5980=CARTESIAN_POINT('Ctrl Pts',(-11.5555308367114,3.23879816842583,0.0118739793273285));
#5981=CARTESIAN_POINT('Ctrl Pts',(-11.5555509590606,3.23874550690081,0.00869847644886712));
#5982=CARTESIAN_POINT('Ctrl Pts',(-11.5555610202352,3.23871917613831,0.00711072500963644));
#5983=CARTESIAN_POINT('Ctrl Pts',(-11.555568426731,3.23869928333663,0.00552352246996147));
#5984=CARTESIAN_POINT('Ctrl Pts',(-11.555573185757,3.23868589924159,0.00393694056318518));
#5985=CARTESIAN_POINT('Ctrl Pts',(-11.55557556527,3.23867920719406,0.00314364960979631));
#5986=CARTESIAN_POINT('Ctrl Pts',(-11.5555772828935,3.23867414233128,0.00235051380221306));
#5987=CARTESIAN_POINT('Ctrl Pts',(-11.5555783393919,3.23867071354725,0.00155754203368616));
#5988=CARTESIAN_POINT('Ctrl Pts',(-11.5555793958903,3.23866728476323,0.00076457026515927));
#5989=CARTESIAN_POINT('Ctrl Pts',(-11.5555797912639,3.23866549205786,-2.82374643683774E-5));
#5990=CARTESIAN_POINT('Ctrl Pts',(-11.555579526182,3.23866534436126,-0.000820872309495203));
#5991=CARTESIAN_POINT('Ctrl Pts',(-11.5555780107051,3.23866449997764,-0.00535237708818775));
#5992=CARTESIAN_POINT('Ctrl Pts',(-11.5555544898753,3.23871541063645,-0.00987271695701699));
#5993=CARTESIAN_POINT('Ctrl Pts',(-11.5555088846335,3.23881765312631,-0.0143785457237732));
#5994=CARTESIAN_POINT('Ctrl Pts',(-11.5553025707921,3.23928018857219,-0.0347624929521536));
#5995=CARTESIAN_POINT('Ctrl Pts',(-11.5546432338274,3.24079074648078,-0.054851777816093));
#5996=CARTESIAN_POINT('Ctrl Pts',(-11.553544492773,3.24324624023652,-0.0749533726831346));
#5997=CARTESIAN_POINT('Ctrl Pts',(-11.5532085513234,3.24399701051906,-0.0810994604190359));
#5998=CARTESIAN_POINT('Ctrl Pts',(-11.5528316361108,3.2448363323783,-0.0872464571186727));
#5999=CARTESIAN_POINT('Ctrl Pts',(-11.5524144559785,3.24576178531217,-0.093402247487496));
#6000=CARTESIAN_POINT('Ctrl Pts',(-11.5509994477792,3.24890077345671,-0.114281702596328));
#6001=CARTESIAN_POINT('Ctrl Pts',(-11.5491187163438,3.25302822251012,-0.135263519428448));
#6002=CARTESIAN_POINT('Ctrl Pts',(-11.5468664033578,3.25784927870167,-0.156038334263703));
#6003=CARTESIAN_POINT('Ctrl Pts',(-11.5462094225396,3.25925554038066,-0.162098173608054));
#6004=CARTESIAN_POINT('Ctrl Pts',(-11.5455210476641,3.26072100217981,-0.168140235656792));
#6005=CARTESIAN_POINT('Ctrl Pts',(-11.5448042037369,3.26223872491845,-0.174156331230631));
#6006=CARTESIAN_POINT('Ctrl Pts',(-11.5426434279733,3.26681358198917,-0.192290590323767));
#6007=CARTESIAN_POINT('Ctrl Pts',(-11.5402223386136,3.2718632760054,-0.210192611740529));
#6008=CARTESIAN_POINT('Ctrl Pts',(-11.5376125598597,3.27730751039736,-0.227990119620884));
#6009=CARTESIAN_POINT('Ctrl Pts',(-11.5362331300068,3.28018512576404,-0.237397205811162));
#6010=CARTESIAN_POINT('Ctrl Pts',(-11.5348013689291,3.28317298803378,-0.246774303634709));
#6011=CARTESIAN_POINT('Ctrl Pts',(-11.5333302264143,3.28625902927831,-0.256134891605348));
#6012=CARTESIAN_POINT('Ctrl Pts',(-11.5312273510337,3.29067026754474,-0.269515070475477));
#6013=CARTESIAN_POINT('Ctrl Pts',(-11.5290439886669,3.29528151841908,-0.282861171020524));
#6014=CARTESIAN_POINT('Ctrl Pts',(-11.5268318767286,3.30001773040485,-0.296121705051921));
#6015=CARTESIAN_POINT('Origin',(-10.4055844262059,8.50663140333938,1.88997214688054));
#6016=CARTESIAN_POINT('Ctrl Pts',(-4.30632308201546,37.6997063411695,-0.169247254293905));
#6017=CARTESIAN_POINT('Ctrl Pts',(-4.30716513412694,37.7213419339621,-0.180441413114618));
#6018=CARTESIAN_POINT('Ctrl Pts',(-4.30182835622793,37.7429800151743,-0.190485166236065));
#6019=CARTESIAN_POINT('Ctrl Pts',(-4.29580225880021,37.7872205249354,-0.0299024345840264));
#6020=CARTESIAN_POINT('Ctrl Pts',(-4.29525738024609,37.8092231014235,-0.0317615956657715));
#6021=CARTESIAN_POINT('Ctrl Pts',(-4.29091453842449,37.8304947130683,-0.033652102179858));
#6022=CARTESIAN_POINT('Ctrl Pts',(-4.30136728111271,37.7406973398444,0.158033669333393));
#6023=CARTESIAN_POINT('Ctrl Pts',(-4.30158691193852,37.7622914657684,0.168395580162674));
#6024=CARTESIAN_POINT('Ctrl Pts',(-4.29668310854305,37.7839710372776,0.177873653507304));
#6025=CARTESIAN_POINT('Ctrl Pts',(-4.32451743146993,37.5500495171931,0.375723565581263));
#6026=CARTESIAN_POINT('Ctrl Pts',(-4.32762816200646,37.5719178744368,0.399402854817704));
#6027=CARTESIAN_POINT('Ctrl Pts',(-4.32073510410468,37.5933232881606,0.422635068160124));
#6028=CARTESIAN_POINT('Ctrl Pts',(-4.35067720601918,37.336539349254,0.52917167109189));
#6029=CARTESIAN_POINT('Ctrl Pts',(-4.35710749479928,37.3582483460843,0.562318277428768));
#6030=CARTESIAN_POINT('Ctrl Pts',(-4.34795033470798,37.3798127113539,0.594940574314949));
#6031=CARTESIAN_POINT('Ctrl Pts',(-4.38485722533883,37.061587199605,0.676405153267081));
#6032=CARTESIAN_POINT('Ctrl Pts',(-4.39552314536746,37.0836320340962,0.718142859790388));
#6033=CARTESIAN_POINT('Ctrl Pts',(-4.38358288817315,37.1048606031154,0.759969865396611));
#6034=CARTESIAN_POINT('Ctrl Pts',(-4.42110025556731,36.7742768564742,0.802751068131189));
#6035=CARTESIAN_POINT('Ctrl Pts',(-4.43622895275537,36.7966778685108,0.851649756611023));
#6036=CARTESIAN_POINT('Ctrl Pts',(-4.42144101118944,36.8175503056011,0.901329907196364));
#6037=CARTESIAN_POINT('Ctrl Pts',(-4.45893536380697,36.4788304509479,0.915007655445801));
#6038=CARTESIAN_POINT('Ctrl Pts',(-4.47868649931808,36.501647112201,0.970041875660962));
#6039=CARTESIAN_POINT('Ctrl Pts',(-4.46103871147282,36.5221039939704,1.02669862640701));
#6040=CARTESIAN_POINT('Ctrl Pts',(-4.51059884251857,36.0814245087156,1.04947395752855));
#6041=CARTESIAN_POINT('Ctrl Pts',(-4.53680284039423,36.1035641660446,1.11203053183748));
#6042=CARTESIAN_POINT('Ctrl Pts',(-4.51520835508894,36.1246969291121,1.17660668415346));
#6043=CARTESIAN_POINT('Ctrl Pts',(-4.57735225547282,35.5792205183134,1.19663938942867));
#6044=CARTESIAN_POINT('Ctrl Pts',(-4.61183335914407,35.6004811622602,1.26683806195973));
#6045=CARTESIAN_POINT('Ctrl Pts',(-4.58537909949903,35.622491530034,1.34023966894794));
#6046=CARTESIAN_POINT('Ctrl Pts',(-4.66056575210045,34.971268361551,1.35150166132271));
#6047=CARTESIAN_POINT('Ctrl Pts',(-4.70493927747943,34.9934630761536,1.42856023998795));
#6048=CARTESIAN_POINT('Ctrl Pts',(-4.67311986010331,35.0145396540795,1.51189452342787));
#6049=CARTESIAN_POINT('Ctrl Pts',(-4.74674057885038,34.3594670975301,1.49036565583415));
#6050=CARTESIAN_POINT('Ctrl Pts',(-4.80123458742584,34.3826452680091,1.5729087865174));
#6051=CARTESIAN_POINT('Ctrl Pts',(-4.76422825004188,34.4027386898481,1.66536774423979));
#6052=CARTESIAN_POINT('Ctrl Pts',(-4.83578896184622,33.744732729617,1.61672155803784));
#6053=CARTESIAN_POINT('Ctrl Pts',(-4.90061713283891,33.7689520159125,1.70359661317622));
#6054=CARTESIAN_POINT('Ctrl Pts',(-4.85859921667019,33.7880046460556,1.80463657489651));
#6055=CARTESIAN_POINT('Ctrl Pts',(-4.95825427519839,32.9221083580983,1.77138897327262));
#6056=CARTESIAN_POINT('Ctrl Pts',(-5.03805601814778,32.9422373020106,1.86374838219447));
#6057=CARTESIAN_POINT('Ctrl Pts',(-4.98865882956929,32.9653756840775,1.97467257941339));
#6058=CARTESIAN_POINT('Ctrl Pts',(-5.11843878109018,31.8881289262549,1.94286516109235));
#6059=CARTESIAN_POINT('Ctrl Pts',(-5.21763750166427,31.9031150907382,2.03931731432781));
#6060=CARTESIAN_POINT('Ctrl Pts',(-5.15924664042483,31.9313907797591,2.16247138787671));
#6061=CARTESIAN_POINT('Ctrl Pts',(-5.32061187999358,30.64798166475,2.11963545086265));
#6062=CARTESIAN_POINT('Ctrl Pts',(-5.44230955087285,30.6653177825301,2.21631897367171));
#6063=CARTESIAN_POINT('Ctrl Pts',(-5.37518180749933,30.6912445491981,2.35519142703151));
#6064=CARTESIAN_POINT('Ctrl Pts',(-5.53265246563387,29.4087467891406,2.27136154550912));
#6065=CARTESIAN_POINT('Ctrl Pts',(-5.677505705594,29.4285816289045,2.36511591840581));
#6066=CARTESIAN_POINT('Ctrl Pts',(-5.60218102205855,29.4520106720777,2.51986811238181));
#6067=CARTESIAN_POINT('Ctrl Pts',(-5.75452707499616,28.1705124791635,2.40010717042076));
#6068=CARTESIAN_POINT('Ctrl Pts',(-5.92316397788862,28.1931070035045,2.48773101208456));
#6069=CARTESIAN_POINT('Ctrl Pts',(-5.84014605206392,28.2137773952468,2.6589381318419));
#6070=CARTESIAN_POINT('Ctrl Pts',(-5.98620104672827,26.9333262427598,2.50677295401274));
#6071=CARTESIAN_POINT('Ctrl Pts',(-6.17923506836371,26.9589722493835,2.58489967061339));
#6072=CARTESIAN_POINT('Ctrl Pts',(-6.08898745043108,26.9765922164581,2.77351419940771));
#6073=CARTESIAN_POINT('Ctrl Pts',(-6.30812883337067,25.285160385091,2.61961415859606));
#6074=CARTESIAN_POINT('Ctrl Pts',(-6.5404259536142,25.2878125388188,2.68184968269743));
#6075=CARTESIAN_POINT('Ctrl Pts',(-6.43518458977621,25.3284087331564,2.89381628136793));
#6076=CARTESIAN_POINT('Ctrl Pts',(-6.73492606659644,23.2274923643969,2.70449561347362));
#6077=CARTESIAN_POINT('Ctrl Pts',(-7.02096768761798,23.194439825647,2.73332988980435));
#6078=CARTESIAN_POINT('Ctrl Pts',(-6.89480087209255,23.2707173077478,2.98231976622262));
#6079=CARTESIAN_POINT('Ctrl Pts',(-7.30417107350382,20.6806641637358,2.70493338845328));
#6080=CARTESIAN_POINT('Ctrl Pts',(-7.65296791277911,20.6342863901469,2.66710633802965));
#6081=CARTESIAN_POINT('Ctrl Pts',(-7.50857361105359,20.7238833574001,2.97714383812403));
#6082=CARTESIAN_POINT('Ctrl Pts',(-7.7184365139476,18.9572739878768,2.61354014914314));
#6083=CARTESIAN_POINT('Ctrl Pts',(-8.08696163960913,18.9980185084753,2.51092266983071));
#6084=CARTESIAN_POINT('Ctrl Pts',(-7.95560859501531,19.0005385305192,2.87337603059657));
#6085=CARTESIAN_POINT('Ctrl Pts',(-7.94329694019693,18.0549618687726,2.52988275228764));
#6086=CARTESIAN_POINT('Ctrl Pts',(-8.31399120822229,18.1679698427092,2.39106539352371));
#6087=CARTESIAN_POINT('Ctrl Pts',(-8.19832042335819,18.098258392033,2.77994802074147));
#6088=CARTESIAN_POINT('Origin',(-7.94862063526118,18.2978456444585,2.74045961297677));
#6089=CARTESIAN_POINT('Ctrl Pts',(-7.62202784341332,19.2726187395533,2.64186763335184));
#6090=CARTESIAN_POINT('Ctrl Pts',(-8.00038272036518,19.388912678458,2.51089863748474));
#6091=CARTESIAN_POINT('Ctrl Pts',(-7.87010469990839,19.3155186520733,2.90014698191757));
#6092=CARTESIAN_POINT('Ctrl Pts',(-8.67400752546997,15.3755768304734,2.27772082033223));
#6093=CARTESIAN_POINT('Ctrl Pts',(-8.93858611546797,15.7694413335633,2.1861359237907));
#6094=CARTESIAN_POINT('Ctrl Pts',(-8.92835881792102,15.4170452233551,2.52014166923128));
#6095=CARTESIAN_POINT('Ctrl Pts',(-9.63660185724974,11.453417344985,1.94451509010077));
#6096=CARTESIAN_POINT('Ctrl Pts',(-9.92808983727613,11.6795290150484,1.8436154047164));
#6097=CARTESIAN_POINT('Ctrl Pts',(-9.89285610422373,11.4956881020473,2.17654518380832));
#6098=CARTESIAN_POINT('Ctrl Pts',(-10.5753942353419,7.52456943245357,1.61954849768424));
#6099=CARTESIAN_POINT('Ctrl Pts',(-10.8831258218242,7.60824689965093,1.51302602543801));
#6100=CARTESIAN_POINT('Ctrl Pts',(-10.8330660970141,7.56758670006522,1.84307240732909));
#6101=CARTESIAN_POINT('Ctrl Pts',(2.53852546842503,18.1469794559237,-7.9197495211301));
#6102=CARTESIAN_POINT('Ctrl Pts',(2.4021437969426,18.2591075309265,-8.29030456806386));
#6103=CARTESIAN_POINT('Ctrl Pts',(2.78959853221729,18.1904142845384,-8.1734772577235));
#6104=CARTESIAN_POINT('Ctrl Pts',(2.61656444569941,19.014376396734,-7.70410235462621));
#6105=CARTESIAN_POINT('Ctrl Pts',(2.51497387044166,19.0592830146596,-8.071842396828));
#6106=CARTESIAN_POINT('Ctrl Pts',(2.87685924038265,19.0577194171391,-7.94073709946431));
#6107=CARTESIAN_POINT('Ctrl Pts',(2.70484712169647,20.7038017614166,-7.29840855672085));
#6108=CARTESIAN_POINT('Ctrl Pts',(2.66643654469701,20.6612265170244,-7.64728262794734));
#6109=CARTESIAN_POINT('Ctrl Pts',(2.97724910753846,20.747004920857,-7.50297511470996));
#6110=CARTESIAN_POINT('Ctrl Pts',(2.70462261272131,23.2261311794542,-6.73454630509607));
#6111=CARTESIAN_POINT('Ctrl Pts',(2.73278327979379,23.1918323844641,-7.02219223545673));
#6112=CARTESIAN_POINT('Ctrl Pts',(2.98273270139767,23.2693457468657,-6.89495980252658));
#6113=CARTESIAN_POINT('Ctrl Pts',(2.61900287142514,25.2951087217799,-6.30553019131347));
#6114=CARTESIAN_POINT('Ctrl Pts',(2.68102035654693,25.2972356153078,-6.53881303380048));
#6115=CARTESIAN_POINT('Ctrl Pts',(2.89352529195802,25.3383996110803,-6.43288895894206));
#6116=CARTESIAN_POINT('Ctrl Pts',(2.50542960634174,26.9482388877384,-5.98283580681821));
#6117=CARTESIAN_POINT('Ctrl Pts',(2.58347785724808,26.9737993353107,-6.17652095284432));
#6118=CARTESIAN_POINT('Ctrl Pts',(2.77247469105419,26.9915873250128,-6.08581194460352));
#6119=CARTESIAN_POINT('Ctrl Pts',(2.39819553128095,28.1882272241284,-5.75081386744458));
#6120=CARTESIAN_POINT('Ctrl Pts',(2.48582320077903,28.2107370515994,-5.91994639221393));
#6121=CARTESIAN_POINT('Ctrl Pts',(2.65730690302633,28.2315735020597,-5.83655920292494));
#6122=CARTESIAN_POINT('Ctrl Pts',(2.26891092855302,29.4280628271523,-5.52885440389658));
#6123=CARTESIAN_POINT('Ctrl Pts',(2.36271046573662,29.4478549298443,-5.67406777556889));
#6124=CARTESIAN_POINT('Ctrl Pts',(2.51766398491772,29.4714071197973,-5.59846402827763));
#6125=CARTESIAN_POINT('Ctrl Pts',(2.11676738666505,30.6675074903158,-5.31698695322769));
#6126=CARTESIAN_POINT('Ctrl Pts',(2.21351876062346,30.6848001710161,-5.43894613485702));
#6127=CARTESIAN_POINT('Ctrl Pts',(2.35253351299175,30.7108498038538,-5.37160966165106));
#6128=CARTESIAN_POINT('Ctrl Pts',(1.93961241809509,31.9071937380388,-5.11510861365695));
#6129=CARTESIAN_POINT('Ctrl Pts',(2.03612059424269,31.9222208048784,-5.21446931542999));
#6130=CARTESIAN_POINT('Ctrl Pts',(2.15938003325302,31.9505342155451,-5.15594849189479));
#6131=CARTESIAN_POINT('Ctrl Pts',(1.76844347462594,32.9370807535493,-4.95572181042543));
#6132=CARTESIAN_POINT('Ctrl Pts',(1.86085631114668,32.9572762176535,-5.03567631838351));
#6133=CARTESIAN_POINT('Ctrl Pts',(1.97189251689434,32.9804393982068,-4.9861727286721));
#6134=CARTESIAN_POINT('Ctrl Pts',(1.61386367184617,33.7577427352736,-4.83365952619969));
#6135=CARTESIAN_POINT('Ctrl Pts',(1.70079180545847,33.7820095829561,-4.89861405302739));
#6136=CARTESIAN_POINT('Ctrl Pts',(1.8019239746215,33.8011164830116,-4.85651013169114));
#6137=CARTESIAN_POINT('Ctrl Pts',(1.48749186546953,34.3714279036191,-4.74484377553371));
#6138=CARTESIAN_POINT('Ctrl Pts',(1.57008117831782,34.3946539737157,-4.79943374784846));
#6139=CARTESIAN_POINT('Ctrl Pts',(1.66261211681008,34.4148012459179,-4.76236367275896));
#6140=CARTESIAN_POINT('Ctrl Pts',(1.34852570276983,34.9825036900021,-4.65884637698398));
#6141=CARTESIAN_POINT('Ctrl Pts',(1.42562000986306,35.0047240236149,-4.70328285277359));
#6142=CARTESIAN_POINT('Ctrl Pts',(1.5089939205023,35.0258766424042,-4.67142062401292));
#6143=CARTESIAN_POINT('Ctrl Pts',(1.19316889007462,35.5911528600903,-4.5756159045978));
#6144=CARTESIAN_POINT('Ctrl Pts',(1.26336829325664,35.6124435856321,-4.61009938643999));
#6145=CARTESIAN_POINT('Ctrl Pts',(1.33675008635036,35.6345255749723,-4.58364040053438));
#6146=CARTESIAN_POINT('Ctrl Pts',(1.01639948065183,36.1919776333664,-4.49583164212041));
#6147=CARTESIAN_POINT('Ctrl Pts',(1.0779593401409,36.2124368152779,-4.52064517915179));
#6148=CARTESIAN_POINT('Ctrl Pts',(1.14014447612526,36.2353503255251,-4.49975106833959));
#6149=CARTESIAN_POINT('Ctrl Pts',(0.842914769473083,36.6821698284849,-4.43265003029581));
#6150=CARTESIAN_POINT('Ctrl Pts',(0.894736051909682,36.7036084268174,-4.4494702571077));
#6151=CARTESIAN_POINT('Ctrl Pts',(0.946541310482401,36.7255477796514,-4.43354614344882));
#6152=CARTESIAN_POINT('Ctrl Pts',(0.676241156054356,37.0617898892992,-4.38478280369948));
#6153=CARTESIAN_POINT('Ctrl Pts',(0.71808990642177,37.0838817425315,-4.39551421062175));
#6154=CARTESIAN_POINT('Ctrl Pts',(0.760012905171846,37.105171667694,-4.38352874500011));
#6155=CARTESIAN_POINT('Ctrl Pts',(0.527146809461282,37.3392175407832,-4.35031445697392));
#6156=CARTESIAN_POINT('Ctrl Pts',(0.560242135950655,37.3609840337642,-4.35674660536829));
#6157=CARTESIAN_POINT('Ctrl Pts',(0.592846270043075,37.3825995391483,-4.34758417036219));
#6158=CARTESIAN_POINT('Ctrl Pts',(0.316314406089601,37.6332958245535,-4.31430013502885));
#6159=CARTESIAN_POINT('Ctrl Pts',(0.337053997787982,37.6544722827298,-4.31624612023873));
#6160=CARTESIAN_POINT('Ctrl Pts',(0.356043205058037,37.676677238063,-4.31010422801945));
#6161=CARTESIAN_POINT('Ctrl Pts',(0.0874509289341377,37.7804395143093,-4.29659980081485));
#6162=CARTESIAN_POINT('Ctrl Pts',(0.0931793607142374,37.802392338683,-4.29617720201125));
#6163=CARTESIAN_POINT('Ctrl Pts',(0.0984687916941163,37.8238241966801,-4.2917325083997));
#6164=CARTESIAN_POINT('Ctrl Pts',(-0.074861495633717,37.7437959992522,-4.30101357321096));
#6165=CARTESIAN_POINT('Ctrl Pts',(-0.0798268631926275,37.7657467148544,
-4.30115544335471));
#6166=CARTESIAN_POINT('Ctrl Pts',(-0.084290816735161,37.7871804817302,-4.29631440431086));
#6167=CARTESIAN_POINT('Origin',(0.0830058073776298,37.7431565905141,-4.10118816824176));
#6168=CARTESIAN_POINT('Origin',(2.74045961297675,18.2978456444585,-7.94862063526118));
#6169=CARTESIAN_POINT('Ctrl Pts',(1.6195484976837,7.52456943245751,-10.5753942353434));
#6170=CARTESIAN_POINT('Ctrl Pts',(1.51302593408612,7.60824697142151,-10.8831260857359));
#6171=CARTESIAN_POINT('Ctrl Pts',(1.84307255520578,7.56758668185079,-10.8330660745842));
#6172=CARTESIAN_POINT('Ctrl Pts',(1.94451509010318,11.4534173449685,-9.63660185724272));
#6173=CARTESIAN_POINT('Ctrl Pts',(1.84361531491751,11.6795292162145,-9.9280900966696));
#6174=CARTESIAN_POINT('Ctrl Pts',(2.1765453275288,11.4956880226738,-9.89285608901661));
#6175=CARTESIAN_POINT('Ctrl Pts',(2.27772082032639,15.375576830497,-8.67400752548678));
#6176=CARTESIAN_POINT('Ctrl Pts',(2.186135838338,15.7694417012191,-8.93858636234702));
#6177=CARTESIAN_POINT('Ctrl Pts',(2.52014180669484,15.4170450783296,-8.92835881371083));
#6178=CARTESIAN_POINT('Ctrl Pts',(2.64186763335335,19.2726187395473,-7.6220278434089));
#6179=CARTESIAN_POINT('Ctrl Pts',(2.51089850477879,19.3889127962796,-8.00038310373388));
#6180=CARTESIAN_POINT('Ctrl Pts',(2.90014712940446,19.3155186242599,-7.87010465054689));
#6181=CARTESIAN_POINT('Origin',(1.88997214688052,8.50663140333939,-10.4055844262059));
#6182=CARTESIAN_POINT('Ctrl Pts',(-0.0869612191930584,37.7864128574963,
-4.29641431936945));
#6183=CARTESIAN_POINT('Ctrl Pts',(-0.0821101217651177,37.7650566710025,
-4.30124449702412));
#6184=CARTESIAN_POINT('Ctrl Pts',(-0.0772812689132376,37.74315659052,-4.30110622560369));
#6185=CARTESIAN_POINT('Ctrl Pts',(-0.0295026144988033,37.7974166562474,
-4.29514035678394));
#6186=CARTESIAN_POINT('Ctrl Pts',(-0.0278926534222421,37.7765653463085,
-4.2996006242328));
#6187=CARTESIAN_POINT('Ctrl Pts',(-0.0262119280994737,37.7552612239559,
-4.29964388444077));
#6188=CARTESIAN_POINT('Ctrl Pts',(0.0294540853565327,37.797425987229,-4.29513927254923));
#6189=CARTESIAN_POINT('Ctrl Pts',(0.0278468942866872,37.7765750993812,-4.29959923104066));
#6190=CARTESIAN_POINT('Ctrl Pts',(0.0261687951637917,37.7552714893323,-4.29964264935352));
#6191=CARTESIAN_POINT('Ctrl Pts',(0.0869612192191821,37.7864128574803,-4.29641431936976));
#6192=CARTESIAN_POINT('Ctrl Pts',(0.082110121789787,37.7650566709857,-4.30124449702484));
#6193=CARTESIAN_POINT('Ctrl Pts',(0.0772812689364606,37.7431565905023,-4.30110622560432));
#6194=CARTESIAN_POINT('Origin',(-0.0830058073513781,37.7431565905205,-4.10118816824088));
#6195=CARTESIAN_POINT('Ctrl Pts',(-1.70393439696287,8.5450751916084,-10.3315434231379));
#6196=CARTESIAN_POINT('Ctrl Pts',(-1.59823192190592,8.62776113409881,-10.6401206063364));
#6197=CARTESIAN_POINT('Ctrl Pts',(-1.92838858174527,8.58836220030381,-10.5884076544397));
#6198=CARTESIAN_POINT('Ctrl Pts',(-1.68495882211253,8.28704519407974,-10.387268424101));
#6199=CARTESIAN_POINT('Ctrl Pts',(-1.56499552962655,8.36742340819168,-10.7037385827658));
#6200=CARTESIAN_POINT('Ctrl Pts',(-1.90671610089717,8.33033062303402,-10.6504297642748));
#6201=CARTESIAN_POINT('Ctrl Pts',(-1.64184032217535,7.78523995418591,-10.4965228492634));
#6202=CARTESIAN_POINT('Ctrl Pts',(-1.49065738875389,7.86094090755857,-10.8285425737842));
#6203=CARTESIAN_POINT('Ctrl Pts',(-1.85755192953195,7.82852227290661,-10.7720421088429));
#6204=CARTESIAN_POINT('Ctrl Pts',(-1.55725448781104,7.04352564762277,-10.6605341783682));
#6205=CARTESIAN_POINT('Ctrl Pts',(-1.35256130939693,7.13523841291171,-11.0100888326356));
#6206=CARTESIAN_POINT('Ctrl Pts',(-1.76135207737036,7.08680678325263,-10.9546348733265));
#6207=CARTESIAN_POINT('Ctrl Pts',(-1.46866420084659,6.4402761836979,-10.7959157585422));
#6208=CARTESIAN_POINT('Ctrl Pts',(-1.21131452547929,6.55935444168667,-11.156259802203));
#6209=CARTESIAN_POINT('Ctrl Pts',(-1.66077825949254,6.48355778128793,-11.105375680672));
#6210=CARTESIAN_POINT('Ctrl Pts',(-1.38331974123653,5.9607643560137,-10.9047023913483));
#6211=CARTESIAN_POINT('Ctrl Pts',(-1.07631253071341,6.10998008363856,-11.2714920069736));
#6212=CARTESIAN_POINT('Ctrl Pts',(-1.56399628327056,6.00404670164402,-11.2265154134365));
#6213=CARTESIAN_POINT('Ctrl Pts',(-1.31099514676727,5.60290394160913,-10.9864727983825));
#6214=CARTESIAN_POINT('Ctrl Pts',(-0.959021137774546,5.77269045777922,-11.358591925582));
#6215=CARTESIAN_POINT('Ctrl Pts',(-1.48202971735797,5.64618605150838,-11.3175764209527));
#6216=CARTESIAN_POINT('Ctrl Pts',(-1.22892713072767,5.24700985780521,-11.0683712105801));
#6217=CARTESIAN_POINT('Ctrl Pts',(-0.82451206396052,5.44355918584259,-11.4441821821586));
#6218=CARTESIAN_POINT('Ctrl Pts',(-1.3890730298709,5.29029192023257,-11.4087844564095));
#6219=CARTESIAN_POINT('Ctrl Pts',(-1.13523662223579,4.89371852139048,-11.1502396267698));
#6220=CARTESIAN_POINT('Ctrl Pts',(-0.668544357884943,5.12626767341383,-11.5272748606426));
#6221=CARTESIAN_POINT('Ctrl Pts',(-1.28300606962394,4.937000802971,-11.4999628788758));
#6222=CARTESIAN_POINT('Ctrl Pts',(-1.0266207564606,4.54262284389911,-11.232163490115));
#6223=CARTESIAN_POINT('Ctrl Pts',(-0.484182183225736,4.82665889437894,-11.606305391924));
#6224=CARTESIAN_POINT('Ctrl Pts',(-1.16010028588585,4.58590579986366,-11.5912059989974));
#6225=CARTESIAN_POINT('Ctrl Pts',(-0.921434305893948,4.25706219962863,-11.2992494646081));
#6226=CARTESIAN_POINT('Ctrl Pts',(-0.305162556281659,4.61043523546749,-11.663788942198));
#6227=CARTESIAN_POINT('Ctrl Pts',(-1.04112711149518,4.30034684319019,-11.6659246646671));
#6228=CARTESIAN_POINT('Ctrl Pts',(-0.82523631923215,4.03446621820642,-11.3517985547717));
#6229=CARTESIAN_POINT('Ctrl Pts',(-0.141878925005452,4.467909285044,-11.7019354412573));
#6230=CARTESIAN_POINT('Ctrl Pts',(-0.932354753828466,4.07775291533991,-11.7244524741314));
#6231=CARTESIAN_POINT('Ctrl Pts',(-0.745779963613022,3.87120183168707,-11.3904644082112));
#6232=CARTESIAN_POINT('Ctrl Pts',(-0.00399426639998816,4.3806717611763,
-11.7254463408012));
#6233=CARTESIAN_POINT('Ctrl Pts',(-0.842529565810874,3.91449020236242,-11.7675172478525));
#6234=CARTESIAN_POINT('Ctrl Pts',(-0.656765794024241,3.71203510253038,-11.428278386744));
#6235=CARTESIAN_POINT('Ctrl Pts',(0.147663217550507,4.32631438986928,-11.7403191239494));
#6236=CARTESIAN_POINT('Ctrl Pts',(-0.74191819295485,3.75532581761189,-11.8096324816555));
#6237=CARTESIAN_POINT('Ctrl Pts',(-0.557450589786646,3.56184868328203,-11.4640669590096));
#6238=CARTESIAN_POINT('Ctrl Pts',(0.30684338140277,4.32376509345814,-11.7414746987497));
#6239=CARTESIAN_POINT('Ctrl Pts',(-0.629684074110014,3.60514266466975,-11.8494906354067));
#6240=CARTESIAN_POINT('Ctrl Pts',(-0.444040497235577,3.42301099649826,-11.4972450723361));
#6241=CARTESIAN_POINT('Ctrl Pts',(0.459434067502878,4.40127608818194,-11.721336805358));
#6242=CARTESIAN_POINT('Ctrl Pts',(-0.501543925207895,3.46630955598814,-11.8864395326787));
#6243=CARTESIAN_POINT('Ctrl Pts',(-0.3337227771507,3.32241614889863,-11.5213475072312));
#6244=CARTESIAN_POINT('Ctrl Pts',(0.535247506985719,4.56642748152078,-11.6777007851746));
#6245=CARTESIAN_POINT('Ctrl Pts',(-0.376919450846907,3.3657201896569,-11.9132788731634));
#6246=CARTESIAN_POINT('Ctrl Pts',(-0.234084640909945,3.25866052709585,-11.5366463822161));
#6247=CARTESIAN_POINT('Ctrl Pts',(0.499298089356731,4.75834891032033,-11.6267609673378));
#6248=CARTESIAN_POINT('Ctrl Pts',(-0.264374270794509,3.30196947783634,-11.9303134573615));
#6249=CARTESIAN_POINT('Ctrl Pts',(-0.154725389198082,3.22256649869054,-11.5453150489911));
#6250=CARTESIAN_POINT('Ctrl Pts',(0.395150602761489,4.91356713527444,-11.5854913408841));
#6251=CARTESIAN_POINT('Ctrl Pts',(-0.174741719679846,3.26587886499985,-11.9399649702938));
#6252=CARTESIAN_POINT('Ctrl Pts',(-0.0715367934236252,3.20044537432663,
-11.5506311387435));
#6253=CARTESIAN_POINT('Ctrl Pts',(0.205581818479408,5.03566218490815,-11.5529939328973));
#6254=CARTESIAN_POINT('Ctrl Pts',(-0.0807898682015199,3.24376023177749,
-11.9458834292213));
#6255=CARTESIAN_POINT('Ctrl Pts',(0.0161451425724104,3.19480307764353,-11.5519874989164));
#6256=CARTESIAN_POINT('Ctrl Pts',(-0.047756992390084,5.07103620290703,-11.5435740567653));
#6257=CARTESIAN_POINT('Ctrl Pts',(0.0182333952729763,3.23811863250588,-11.9473934248995));
#6258=CARTESIAN_POINT('Ctrl Pts',(0.10106088072979,3.20643796934373,-11.5491907454995));
#6259=CARTESIAN_POINT('Ctrl Pts',(-0.281262656471196,5.00003813474827,-11.5624785552093));
#6260=CARTESIAN_POINT('Ctrl Pts',(0.114133348252086,3.24975211355167,-11.9442798580116));
#6261=CARTESIAN_POINT('Ctrl Pts',(0.184879476309772,3.2344617787877,-11.5424574401231));
#6262=CARTESIAN_POINT('Ctrl Pts',(-0.444388668725179,4.85709519790306,-11.6005128080174));
#6263=CARTESIAN_POINT('Ctrl Pts',(0.208798581403312,3.27777293949003,-11.9367834429344));
#6264=CARTESIAN_POINT('Ctrl Pts',(0.261918589786084,3.27493092550732,-11.5327408657263));
#6265=CARTESIAN_POINT('Ctrl Pts',(-0.516913870617096,4.70204435917697,-11.6417149479782));
#6266=CARTESIAN_POINT('Ctrl Pts',(0.295813051513533,3.31823854355115,-11.9259649387019));
#6267=CARTESIAN_POINT('Ctrl Pts',(0.359061156254439,3.34337228926646,-11.5163237249771));
#6268=CARTESIAN_POINT('Ctrl Pts',(-0.524282219042684,4.52292809250644,-11.6892151518572));
#6269=CARTESIAN_POINT('Ctrl Pts',(0.405542683123389,3.38667507009997,-11.9076847756984));
#6270=CARTESIAN_POINT('Ctrl Pts',(0.465254065181928,3.44648498300844,-11.4916290650242));
#6271=CARTESIAN_POINT('Ctrl Pts',(-0.434312453199427,4.37998426438988,-11.7269196101468));
#6272=CARTESIAN_POINT('Ctrl Pts',(0.525511155651683,3.48978261694092,-11.8801854362621));
#6273=CARTESIAN_POINT('Ctrl Pts',(0.576630660726382,3.58861410533649,-11.457680955889));
#6274=CARTESIAN_POINT('Ctrl Pts',(-0.277597437131011,4.31909727684648,-11.7426265739932));
#6275=CARTESIAN_POINT('Ctrl Pts',(0.651357499847743,3.6319073940988,-11.8423786029126));
#6276=CARTESIAN_POINT('Ctrl Pts',(0.67379216717675,3.74071699490435,-11.4214559747464));
#6277=CARTESIAN_POINT('Ctrl Pts',(-0.118938582943058,4.33323025683212,-11.738397169018));
#6278=CARTESIAN_POINT('Ctrl Pts',(0.761161497972878,3.78400722913133,-11.8020341101877));
#6279=CARTESIAN_POINT('Ctrl Pts',(0.759766986231317,3.89853802365431,-11.3839823189064));
#6280=CARTESIAN_POINT('Ctrl Pts',(0.0282913107537706,4.39366049173382,-11.7219316788526));
#6281=CARTESIAN_POINT('Ctrl Pts',(0.85834071353311,3.94182608250392,-11.7602977415055));
#6282=CARTESIAN_POINT('Ctrl Pts',(0.837350300941043,4.06124610974747,-11.3454682193522));
#6283=CARTESIAN_POINT('Ctrl Pts',(0.162973532640744,4.48437414899938,-11.6975180245026));
#6284=CARTESIAN_POINT('Ctrl Pts',(0.946051149391778,4.10453258737055,-11.7174019100179));
#6285=CARTESIAN_POINT('Ctrl Pts',(0.931608083786035,4.28316768466599,-11.2931049732636));
#6286=CARTESIAN_POINT('Ctrl Pts',(0.322903476774596,4.62972454062913,-11.6586487500936));
#6287=CARTESIAN_POINT('Ctrl Pts',(1.05263300223948,4.32645219951401,-11.659081058998));
#6288=CARTESIAN_POINT('Ctrl Pts',(1.03554638148125,4.5694445231811,-11.2258858688376));
#6289=CARTESIAN_POINT('Ctrl Pts',(0.499528947403037,4.84888152796069,-11.600423761367));
#6290=CARTESIAN_POINT('Ctrl Pts',(1.17019823577836,4.61272741574341,-11.5842141866619));
#6291=CARTESIAN_POINT('Ctrl Pts',(1.14194397767783,4.91753316040898,-11.1447050045189));
#6292=CARTESIAN_POINT('Ctrl Pts',(0.679898238405305,5.14749138633818,-11.5216999456019));
#6293=CARTESIAN_POINT('Ctrl Pts',(1.29059797700621,4.96081543931088,-11.4937987638803));
#6294=CARTESIAN_POINT('Ctrl Pts',(1.23416041682241,5.26841444544356,-11.0634306035374));
#6295=CARTESIAN_POINT('Ctrl Pts',(0.833183921511872,5.4632550412744,-11.4390447459953));
#6296=CARTESIAN_POINT('Ctrl Pts',(1.39499933417294,5.31169651832611,-11.4032821271276));
#6297=CARTESIAN_POINT('Ctrl Pts',(1.31502252910027,5.62177643144609,-10.9821473819678));
#6298=CARTESIAN_POINT('Ctrl Pts',(0.96562056654162,5.7904717471648,-11.3539863551378));
#6299=CARTESIAN_POINT('Ctrl Pts',(1.48659291123759,5.66505856519743,-11.3127594486639));
#6300=CARTESIAN_POINT('Ctrl Pts',(1.38640076408454,5.9771789265067,-10.9009669928588));
#6301=CARTESIAN_POINT('Ctrl Pts',(1.08131720973397,6.12567151180057,-11.267456165625));
#6302=CARTESIAN_POINT('Ctrl Pts',(1.56748928240736,6.02046129966915,-11.2223557310322));
#6303=CARTESIAN_POINT('Ctrl Pts',(1.47072163649954,6.45344288063245,-10.792950052678));
#6304=CARTESIAN_POINT('Ctrl Pts',(1.21469462684556,6.57227724693537,-11.1529682535701));
#6305=CARTESIAN_POINT('Ctrl Pts',(1.66311312680095,6.49672452666351,-11.102073388381));
#6306=CARTESIAN_POINT('Ctrl Pts',(1.55839048901138,7.05271689769599,-10.658491986102));
#6307=CARTESIAN_POINT('Ctrl Pts',(1.35446896861475,7.14450660398024,-11.0077591509792));
#6308=CARTESIAN_POINT('Ctrl Pts',(1.76264327300014,7.09599809375507,-10.9523611901446));
#6309=CARTESIAN_POINT('Ctrl Pts',(1.64497986005186,7.81380153370322,-10.4902209611576));
#6310=CARTESIAN_POINT('Ctrl Pts',(1.49546316884949,7.88717453081532,-10.8219951837896));
#6311=CARTESIAN_POINT('Ctrl Pts',(1.86112355136732,7.85708360274857,-10.7650264921834));
#6312=CARTESIAN_POINT('Ctrl Pts',(1.68918976097126,8.33691752552345,-10.3764171441126));
#6313=CARTESIAN_POINT('Ctrl Pts',(1.5719508514358,8.41534086889999,-10.6919385252236));
#6314=CARTESIAN_POINT('Ctrl Pts',(1.91154085356805,8.38020284247647,-10.6383512723292));
#6315=CARTESIAN_POINT('Ctrl Pts',(1.70920241084164,8.61785311104109,-10.3158380723635));
#6316=CARTESIAN_POINT('Ctrl Pts',(1.60725943276548,8.69942327904257,-10.6226218097964));
#6317=CARTESIAN_POINT('Ctrl Pts',(1.93440640310554,8.66114024947501,-10.5709277838281));
#6318=CARTESIAN_POINT('Ctrl Pts',(-0.296134521091472,3.30000285950774,-11.5268352324465));
#6319=CARTESIAN_POINT('Ctrl Pts',(-0.279883400578148,3.29420061979194,-11.5295449093905));
#6320=CARTESIAN_POINT('Ctrl Pts',(-0.263593733181442,3.28860990673656,-11.5321942975256));
#6321=CARTESIAN_POINT('Ctrl Pts',(-0.247226299073346,3.28330575088251,-11.5347109548102));
#6322=CARTESIAN_POINT('Ctrl Pts',(-0.240080243598602,3.28098994550157,-11.535809732569));
#6323=CARTESIAN_POINT('Ctrl Pts',(-0.232919083831878,3.27872933278971,-11.5368833187366));
#6324=CARTESIAN_POINT('Ctrl Pts',(-0.225738491203564,3.27653310950976,-11.5379262056797));
#6325=CARTESIAN_POINT('Ctrl Pts',(-0.209531118547067,3.27157599650008,-11.5402801140825));
#6326=CARTESIAN_POINT('Ctrl Pts',(-0.193226076647825,3.26694394746711,-11.542476932186));
#6327=CARTESIAN_POINT('Ctrl Pts',(-0.176748106230669,3.26273699263283,-11.5444696992865));
#6328=CARTESIAN_POINT('Ctrl Pts',(-0.168215759480661,3.26055861771778,-11.5455015605815));
#6329=CARTESIAN_POINT('Ctrl Pts',(-0.159636742586566,3.25849496637208,-11.5464788786337));
#6330=CARTESIAN_POINT('Ctrl Pts',(-0.150999214685558,3.25656522605801,-11.5473960146641));
#6331=CARTESIAN_POINT('Ctrl Pts',(-0.14887820292747,3.2560913634039,-11.5476212245073));
#6332=CARTESIAN_POINT('Ctrl Pts',(-0.146753628974043,3.25562499786724,-11.5478427231574));
#6333=CARTESIAN_POINT('Ctrl Pts',(-0.144625897394822,3.25516644239702,-11.5480603441268));
#6334=CARTESIAN_POINT('Ctrl Pts',(-0.130430100606698,3.25210705260604,-11.5495122674275));
#6335=CARTESIAN_POINT('Ctrl Pts',(-0.116095998807571,3.24939884447128,-11.5507903829405));
#6336=CARTESIAN_POINT('Ctrl Pts',(-0.101685502929752,3.24711478885083,-11.5518525843853));
#6337=CARTESIAN_POINT('Ctrl Pts',(-0.0929824898015677,3.24573536608712,
-11.5524940857741));
#6338=CARTESIAN_POINT('Ctrl Pts',(-0.0842510496881979,3.24450980317492,
-11.5530571165167));
#6339=CARTESIAN_POINT('Ctrl Pts',(-0.0755005977165613,3.24344649094928,
-11.5535351268994));
#6340=CARTESIAN_POINT('Ctrl Pts',(-0.0720648241170525,3.24302899250637,
-11.553722812685));
#6341=CARTESIAN_POINT('Ctrl Pts',(-0.0686278628420364,3.24263686031293,
-11.5538973609945));
#6342=CARTESIAN_POINT('Ctrl Pts',(-0.0651884683101412,3.24227113163603,
-11.5540587788468));
#6343=CARTESIAN_POINT('Ctrl Pts',(-0.0559088813422157,3.24128438497684,
-11.5544942889298));
#6344=CARTESIAN_POINT('Ctrl Pts',(-0.0466115644700809,3.24048963793907,
-11.5548341687582));
#6345=CARTESIAN_POINT('Ctrl Pts',(-0.037321426479855,3.23989967606994,-11.5550810198605));
#6346=CARTESIAN_POINT('Ctrl Pts',(-0.0309547048985561,3.23949536313419,
-11.5552501919699));
#6347=CARTESIAN_POINT('Ctrl Pts',(-0.0245896150414643,3.23918739371928,
-11.5553758035685));
#6348=CARTESIAN_POINT('Ctrl Pts',(-0.018230990771759,3.23898018548634,-11.5554586657984));
#6349=CARTESIAN_POINT('Ctrl Pts',(-0.0150516786369063,3.23887658136987,
-11.5555000969133));
#6350=CARTESIAN_POINT('Ctrl Pts',(-0.0118739793273102,3.23879816842583,
-11.5555308367114));
#6351=CARTESIAN_POINT('Ctrl Pts',(-0.00869847644884935,3.23874550690081,
-11.5555509590606));
#6352=CARTESIAN_POINT('Ctrl Pts',(-0.00711072500961856,3.23871917613831,
-11.5555610202352));
#6353=CARTESIAN_POINT('Ctrl Pts',(-0.00552352246994273,3.23869928333664,
-11.555568426731));
#6354=CARTESIAN_POINT('Ctrl Pts',(-0.0039369405631656,3.23868589924159,
-11.555573185757));
#6355=CARTESIAN_POINT('Ctrl Pts',(-0.00314364960977814,3.23867920719406,
-11.55557556527));
#6356=CARTESIAN_POINT('Ctrl Pts',(-0.00235051380219412,3.23867414233127,
-11.5555772828935));
#6357=CARTESIAN_POINT('Ctrl Pts',(-0.0015575420336679,3.23867071354725,
-11.5555783393919));
#6358=CARTESIAN_POINT('Ctrl Pts',(-0.000764570265141672,3.23866728476323,
-11.5555793958903));
#6359=CARTESIAN_POINT('Ctrl Pts',(2.82374643852863E-5,3.23866549205786,
-11.5555797912639));
#6360=CARTESIAN_POINT('Ctrl Pts',(0.000820872309512167,3.23866534436126,
-11.555579526182));
#6361=CARTESIAN_POINT('Ctrl Pts',(0.00535237708820354,3.23866449997764,
-11.5555780107051));
#6362=CARTESIAN_POINT('Ctrl Pts',(0.0098727169570316,3.23871541063645,-11.5555544898753));
#6363=CARTESIAN_POINT('Ctrl Pts',(0.0143785457237867,3.23881765312631,-11.5555088846335));
#6364=CARTESIAN_POINT('Ctrl Pts',(0.0347624929520662,3.23928018857218,-11.5553025707921));
#6365=CARTESIAN_POINT('Ctrl Pts',(0.054851777815906,3.24079074648076,-11.5546432338274));
#6366=CARTESIAN_POINT('Ctrl Pts',(0.0749533726828483,3.24324624023649,-11.553544492773));
#6367=CARTESIAN_POINT('Ctrl Pts',(0.0810994604188508,3.24399701051904,-11.5532085513234));
#6368=CARTESIAN_POINT('Ctrl Pts',(0.0872464571185897,3.24483633237829,-11.5528316361108));
#6369=CARTESIAN_POINT('Ctrl Pts',(0.0934022474875144,3.24576178531217,-11.5524144559785));
#6370=CARTESIAN_POINT('Ctrl Pts',(0.114281702596386,3.24890077345672,-11.5509994477792));
#6371=CARTESIAN_POINT('Ctrl Pts',(0.135263519428544,3.25302822251014,-11.5491187163438));
#6372=CARTESIAN_POINT('Ctrl Pts',(0.156038334263838,3.2578492787017,-11.5468664033578));
#6373=CARTESIAN_POINT('Ctrl Pts',(0.162098173608148,3.25925554038068,-11.5462094225396));
#6374=CARTESIAN_POINT('Ctrl Pts',(0.168140235656844,3.26072100217981,-11.5455210476641));
#6375=CARTESIAN_POINT('Ctrl Pts',(0.174156331230644,3.26223872491845,-11.5448042037369));
#6376=CARTESIAN_POINT('Ctrl Pts',(0.192290590323846,3.26681358198918,-11.5426434279733));
#6377=CARTESIAN_POINT('Ctrl Pts',(0.210192611740676,3.27186327600543,-11.5402223386136));
#6378=CARTESIAN_POINT('Ctrl Pts',(0.227990119621097,3.27730751039741,-11.5376125598596));
#6379=CARTESIAN_POINT('Ctrl Pts',(0.237397205811308,3.28018512576408,-11.5362331300068));
#6380=CARTESIAN_POINT('Ctrl Pts',(0.246774303634788,3.28317298803379,-11.5348013689291));
#6381=CARTESIAN_POINT('Ctrl Pts',(0.25613489160536,3.2862590292783,-11.5333302264143));
#6382=CARTESIAN_POINT('Ctrl Pts',(0.269515070475487,3.29067026754473,-11.5312273510337));
#6383=CARTESIAN_POINT('Ctrl Pts',(0.282861171020534,3.29528151841907,-11.5290439886669));
#6384=CARTESIAN_POINT('Ctrl Pts',(0.296121705051929,3.30001773040484,-11.5268318767286));
#6385=CARTESIAN_POINT('Origin',(-1.88997214688052,8.50663140333939,-10.4055844262059));
#6386=CARTESIAN_POINT('Ctrl Pts',(0.169247254374923,37.6997063411188,-4.30632308202152));
#6387=CARTESIAN_POINT('Ctrl Pts',(0.180441413201433,37.7213419339111,-4.3071651341345));
#6388=CARTESIAN_POINT('Ctrl Pts',(0.190485166327252,37.7429800151238,-4.30182835623423));
#6389=CARTESIAN_POINT('Ctrl Pts',(0.0299024346360781,37.7872205249484,-4.29580225879867));
#6390=CARTESIAN_POINT('Ctrl Pts',(0.031761595721103,37.8092231014366,-4.29525738024422));
#6391=CARTESIAN_POINT('Ctrl Pts',(0.0336521022384427,37.8304947130812,-4.29091453842288));
#6392=CARTESIAN_POINT('Ctrl Pts',(-0.158033669313977,37.7406973398614,-4.30136728111065));
#6393=CARTESIAN_POINT('Ctrl Pts',(-0.168395580142196,37.7622914657852,-4.30158691193624));
#6394=CARTESIAN_POINT('Ctrl Pts',(-0.177873653485481,37.7839710372945,-4.29668310854091));
#6395=CARTESIAN_POINT('Ctrl Pts',(-0.375723565581253,37.5500495171931,-4.32451743146993));
#6396=CARTESIAN_POINT('Ctrl Pts',(-0.399402854817701,37.5719178744368,-4.32762816200645));
#6397=CARTESIAN_POINT('Ctrl Pts',(-0.422635068160127,37.5933232881606,-4.32073510410468));
#6398=CARTESIAN_POINT('Ctrl Pts',(-0.529171671091839,37.336539349254,-4.35067720601918));
#6399=CARTESIAN_POINT('Ctrl Pts',(-0.562318277428726,37.3582483460843,-4.35710749479928));
#6400=CARTESIAN_POINT('Ctrl Pts',(-0.594940574314912,37.3798127113539,-4.34795033470798));
#6401=CARTESIAN_POINT('Ctrl Pts',(-0.676405153267053,37.061587199605,-4.38485722533883));
#6402=CARTESIAN_POINT('Ctrl Pts',(-0.718142859790367,37.0836320340962,-4.39552314536747));
#6403=CARTESIAN_POINT('Ctrl Pts',(-0.759969865396603,37.1048606031154,-4.38358288817315));
#6404=CARTESIAN_POINT('Ctrl Pts',(-0.80275106813114,36.7742768564742,-4.4211002555673));
#6405=CARTESIAN_POINT('Ctrl Pts',(-0.851649756610986,36.7966778685108,-4.43622895275537));
#6406=CARTESIAN_POINT('Ctrl Pts',(-0.901329907196336,36.8175503056012,-4.42144101118944));
#6407=CARTESIAN_POINT('Ctrl Pts',(-0.915007655445765,36.4788304509479,-4.45893536380696));
#6408=CARTESIAN_POINT('Ctrl Pts',(-0.97004187566094,36.5016471122011,-4.47868649931809));
#6409=CARTESIAN_POINT('Ctrl Pts',(-1.026698626407,36.5221039939705,-4.46103871147282));
#6410=CARTESIAN_POINT('Ctrl Pts',(-1.0494739575285,36.0814245087156,-4.51059884251856));
#6411=CARTESIAN_POINT('Ctrl Pts',(-1.11203053183745,36.1035641660446,-4.53680284039424));
#6412=CARTESIAN_POINT('Ctrl Pts',(-1.17660668415344,36.1246969291121,-4.51520835508894));
#6413=CARTESIAN_POINT('Ctrl Pts',(-1.19663938942863,35.5792205183134,-4.57735225547281));
#6414=CARTESIAN_POINT('Ctrl Pts',(-1.2668380619597,35.6004811622602,-4.61183335914408));
#6415=CARTESIAN_POINT('Ctrl Pts',(-1.34023966894793,35.622491530034,-4.58537909949904));
#6416=CARTESIAN_POINT('Ctrl Pts',(-1.35150166132265,34.971268361551,-4.66056575210043));
#6417=CARTESIAN_POINT('Ctrl Pts',(-1.4285602399879,34.9934630761536,-4.70493927747944));
#6418=CARTESIAN_POINT('Ctrl Pts',(-1.51189452342784,35.0145396540796,-4.6731198601033));
#6419=CARTESIAN_POINT('Ctrl Pts',(-1.4903656558341,34.3594670975301,-4.74674057885036));
#6420=CARTESIAN_POINT('Ctrl Pts',(-1.57290878651736,34.3826452680092,-4.80123458742586));
#6421=CARTESIAN_POINT('Ctrl Pts',(-1.66536774423977,34.4027386898481,-4.76422825004188));
#6422=CARTESIAN_POINT('Ctrl Pts',(-1.61672155803778,33.744732729617,-4.8357889618462));
#6423=CARTESIAN_POINT('Ctrl Pts',(-1.70359661317618,33.7689520159125,-4.90061713283892));
#6424=CARTESIAN_POINT('Ctrl Pts',(-1.8046365748965,33.7880046460556,-4.85859921667019));
#6425=CARTESIAN_POINT('Ctrl Pts',(-1.77138897327257,32.9221083580983,-4.95825427519837));
#6426=CARTESIAN_POINT('Ctrl Pts',(-1.86374838219443,32.9422373020106,-5.03805601814781));
#6427=CARTESIAN_POINT('Ctrl Pts',(-1.97467257941338,32.9653756840775,-4.98865882956929));
#6428=CARTESIAN_POINT('Ctrl Pts',(-1.94286516109229,31.8881289262549,-5.11843878109015));
#6429=CARTESIAN_POINT('Ctrl Pts',(-2.03931731432776,31.9031150907383,-5.21763750166429));
#6430=CARTESIAN_POINT('Ctrl Pts',(-2.16247138787669,31.9313907797592,-5.15924664042482));
#6431=CARTESIAN_POINT('Ctrl Pts',(-2.11963545086259,30.64798166475,-5.32061187999354));
#6432=CARTESIAN_POINT('Ctrl Pts',(-2.21631897367166,30.6653177825301,-5.44230955087289));
#6433=CARTESIAN_POINT('Ctrl Pts',(-2.3551914270315,30.6912445491982,-5.37518180749934));
#6434=CARTESIAN_POINT('Ctrl Pts',(-2.27136154550907,29.4087467891406,-5.53265246563383));
#6435=CARTESIAN_POINT('Ctrl Pts',(-2.36511591840575,29.4285816289046,-5.67750570559403));
#6436=CARTESIAN_POINT('Ctrl Pts',(-2.51986811238179,29.4520106720777,-5.60218102205854));
#6437=CARTESIAN_POINT('Ctrl Pts',(-2.40010717042072,28.1705124791636,-5.75452707499611));
#6438=CARTESIAN_POINT('Ctrl Pts',(-2.4877310120845,28.1931070035045,-5.92316397788865));
#6439=CARTESIAN_POINT('Ctrl Pts',(-2.65893813184189,28.2137773952468,-5.84014605206392));
#6440=CARTESIAN_POINT('Ctrl Pts',(-2.50677295401269,26.9333262427598,-5.98620104672824));
#6441=CARTESIAN_POINT('Ctrl Pts',(-2.58489967061332,26.9589722493834,-6.17923506836379));
#6442=CARTESIAN_POINT('Ctrl Pts',(-2.77351419940769,26.9765922164581,-6.08898745043109));
#6443=CARTESIAN_POINT('Ctrl Pts',(-2.61961415859604,25.2851603850912,-6.30812883337056));
#6444=CARTESIAN_POINT('Ctrl Pts',(-2.68184968269734,25.2878125388193,-6.54042595361411));
#6445=CARTESIAN_POINT('Ctrl Pts',(-2.89381628136793,25.3284087331566,-6.43518458977616));
#6446=CARTESIAN_POINT('Ctrl Pts',(-2.70449561347346,23.227492364396,-6.73492606659673));
#6447=CARTESIAN_POINT('Ctrl Pts',(-2.73332988980414,23.1944398256435,-7.020967687619));
#6448=CARTESIAN_POINT('Ctrl Pts',(-2.9823197662225,23.2707173077468,-6.89480087209282));
#6449=CARTESIAN_POINT('Ctrl Pts',(-2.70493338845374,20.6806641637141,-7.30417107350806));
#6450=CARTESIAN_POINT('Ctrl Pts',(-2.66710633802903,20.6342863901275,-7.65296791278362));
#6451=CARTESIAN_POINT('Ctrl Pts',(-2.97714383812439,20.7238833573785,-7.5085736110587));
#6452=CARTESIAN_POINT('Ctrl Pts',(-2.61354014913932,18.9572739878174,-7.71843651396302));
#6453=CARTESIAN_POINT('Ctrl Pts',(-2.51092266982552,18.9980185084052,-8.08696163962833));
#6454=CARTESIAN_POINT('Ctrl Pts',(-2.87337603059251,19.0005385304596,-7.95560859503091));
#6455=CARTESIAN_POINT('Ctrl Pts',(-2.5298827522809,18.0549618686988,-7.94329694021492));
#6456=CARTESIAN_POINT('Ctrl Pts',(-2.39106539351237,18.1679698426379,-8.31399120824178));
#6457=CARTESIAN_POINT('Ctrl Pts',(-2.77994802073385,18.0982583919593,-8.19832042337801));
#6458=CARTESIAN_POINT('Origin',(-2.74045961297675,18.2978456444585,-7.94862063526118));
#6459=CARTESIAN_POINT('Ctrl Pts',(-2.64186763335231,19.272618739553,-7.62202784341191));
#6460=CARTESIAN_POINT('Ctrl Pts',(-2.51089863747997,19.3889126784635,-8.00038272037123));
#6461=CARTESIAN_POINT('Ctrl Pts',(-2.90014698192127,19.3155186520728,-7.87010469990719));
#6462=CARTESIAN_POINT('Ctrl Pts',(-2.2777208203296,15.3755768304763,-8.67400752547749));
#6463=CARTESIAN_POINT('Ctrl Pts',(-2.186135923808,15.769441333688,-8.93858611544595));
#6464=CARTESIAN_POINT('Ctrl Pts',(-2.52014166922944,15.4170452233528,-8.92835881792211));
#6465=CARTESIAN_POINT('Ctrl Pts',(-1.94451509010977,11.4534173449692,-9.63660185722368));
#6466=CARTESIAN_POINT('Ctrl Pts',(-1.84361540471458,11.6795290150083,-9.92808983725856));
#6467=CARTESIAN_POINT('Ctrl Pts',(-2.17654518381918,11.4956881020367,-9.8928561042241));
#6468=CARTESIAN_POINT('Ctrl Pts',(-1.61954849768182,7.52456943245783,-10.5753942353489));
#6469=CARTESIAN_POINT('Ctrl Pts',(-1.51302602543627,7.60824689966591,-10.8831258218345));
#6470=CARTESIAN_POINT('Ctrl Pts',(-1.84307240732969,7.56758670006735,-10.8330660970135));
#6471=CARTESIAN_POINT('Origin',(2.36747981665279E-14,3.3,9.75136329843955));
#6472=CARTESIAN_POINT('Origin',(1.41747911016041,3.3,10.2420291442643));
#6473=CARTESIAN_POINT('Origin',(0.246780758753383,3.3,11.2309237930153));
#6474=CARTESIAN_POINT('Ctrl Pts',(0.340510830685076,3.31628016943582,11.5194586372033));
#6475=CARTESIAN_POINT('Ctrl Pts',(0.34288816281933,2.99999999999978,11.5366361709905));
#6476=CARTESIAN_POINT('Ctrl Pts',(0.29613494624776,3.,11.2231962756192));
#6477=CARTESIAN_POINT('Ctrl Pts',(0.29027618377693,3.29811799780533,11.5276082374167));
#6478=CARTESIAN_POINT('Ctrl Pts',(0.292224587225524,3.00000000000016,11.5245703230154));
#6479=CARTESIAN_POINT('Ctrl Pts',(0.238553423955948,3.,11.2314537325205));
#6480=CARTESIAN_POINT('Ctrl Pts',(0.215997489409278,3.26987750199193,11.5413952279227));
#6481=CARTESIAN_POINT('Ctrl Pts',(0.212557452551214,2.99999999999998,11.5137187506456));
#6482=CARTESIAN_POINT('Ctrl Pts',(0.160406838433868,3.,11.2470677925227));
#6483=CARTESIAN_POINT('Ctrl Pts',(0.0901050639479511,3.24362106974811,11.5535216810699));
#6484=CARTESIAN_POINT('Ctrl Pts',(0.0858514749203796,3.,11.5069860758229));
#6485=CARTESIAN_POINT('Ctrl Pts',(0.0616951896815934,3.,11.2598427254817));
#6486=CARTESIAN_POINT('Ctrl Pts',(-1.38777426807855E-11,3.23647393128447,
11.5566818816005));
#6487=CARTESIAN_POINT('Ctrl Pts',(-1.3066641897409E-11,3.,11.5053666158453));
#6488=CARTESIAN_POINT('Ctrl Pts',(-9.06969213342762E-12,3.,11.2629668545444));
#6489=CARTESIAN_POINT('Ctrl Pts',(-0.0901050639721476,3.24362106975179,
11.5535216810679));
#6490=CARTESIAN_POINT('Ctrl Pts',(-0.085851474943954,3.,11.5069860758234));
#6491=CARTESIAN_POINT('Ctrl Pts',(-0.0616951896996953,3.,11.2598427254796));
#6492=CARTESIAN_POINT('Ctrl Pts',(-0.21599311524472,3.2698765897085,11.5413956492584));
#6493=CARTESIAN_POINT('Ctrl Pts',(-0.212552880234437,3.00000000000004,11.5137185076917));
#6494=CARTESIAN_POINT('Ctrl Pts',(-0.160403408572922,3.,11.247068236403));
#6495=CARTESIAN_POINT('Ctrl Pts',(-0.290269663733178,3.29811551893545,11.5276094475958));
#6496=CARTESIAN_POINT('Ctrl Pts',(-0.292217275558091,2.99999999999972,11.5245693270961));
#6497=CARTESIAN_POINT('Ctrl Pts',(-0.238546564215912,3.,11.2314551031188));
#6498=CARTESIAN_POINT('Ctrl Pts',(-0.340501854086545,3.31627692397089,11.5194600934964));
#6499=CARTESIAN_POINT('Ctrl Pts',(-0.34287881754035,3.00000000000037,11.5366339454277));
#6500=CARTESIAN_POINT('Ctrl Pts',(-0.296124656628743,3.,11.2231977512329));
#6501=CARTESIAN_POINT('Origin',(-0.246780758767127,3.2999999999921,11.230923793013));
#6502=CARTESIAN_POINT('Origin',(2.26796657625664,3.3,7.78506535331962));
#6503=CARTESIAN_POINT('Origin',(2.26796657625664,3.3,7.78506535331962));
#6504=CARTESIAN_POINT('Origin',(2.36747981665279E-14,3.3,9.75136329843955));
#6505=CARTESIAN_POINT('Origin',(-1.41747911016036,3.3,10.2420291442643));
#6506=CARTESIAN_POINT('Origin',(-8.41579978326166E-13,3.3,7.));
#6507=CARTESIAN_POINT('Origin',(-2.26796657625737,3.3,7.78506535331989));
#6508=CARTESIAN_POINT('Origin',(-2.2679665762566,3.3,7.78506535331962));
#6509=CARTESIAN_POINT('Origin',(0.,2.7,-7.));
#6510=CARTESIAN_POINT('Origin',(-2.0818995585505E-16,2.7,-5.3));
#6511=CARTESIAN_POINT('Origin',(0.,3.3,-9.75136329843952));
#6512=CARTESIAN_POINT('Origin',(0.246780758761659,3.3,-11.2309237930138));
#6513=CARTESIAN_POINT('Origin',(1.41747911016039,3.3,-10.2420291442643));
#6514=CARTESIAN_POINT('Origin',(2.26796657625662,3.3,-7.7850653533196));
#6515=CARTESIAN_POINT('Origin',(2.26796657625662,3.3,-7.7850653533196));
#6516=CARTESIAN_POINT('Ctrl Pts',(-0.340510830684616,3.31628016943607,-11.5194586372034));
#6517=CARTESIAN_POINT('Ctrl Pts',(-0.342888162818898,3.00000000000001,-11.5366361709905));
#6518=CARTESIAN_POINT('Ctrl Pts',(-0.296134946247566,3.,-11.2231962756195));
#6519=CARTESIAN_POINT('Ctrl Pts',(-0.29027618377694,3.29811799780489,-11.5276082374167));
#6520=CARTESIAN_POINT('Ctrl Pts',(-0.292224587225471,2.99999999999999,-11.5245703230151));
#6521=CARTESIAN_POINT('Ctrl Pts',(-0.238553423955788,3.,-11.2314537325203));
#6522=CARTESIAN_POINT('Ctrl Pts',(-0.215997489409079,3.26987750199188,-11.5413952279227));
#6523=CARTESIAN_POINT('Ctrl Pts',(-0.212557452551005,3.,-11.5137187506455));
#6524=CARTESIAN_POINT('Ctrl Pts',(-0.160406838433752,3.,-11.2470677925227));
#6525=CARTESIAN_POINT('Ctrl Pts',(-0.0901050639478573,3.24362106974805,
-11.5535216810699));
#6526=CARTESIAN_POINT('Ctrl Pts',(-0.0858514749202881,3.,-11.5069860758228));
#6527=CARTESIAN_POINT('Ctrl Pts',(-0.0616951896815355,3.,-11.2598427254816));
#6528=CARTESIAN_POINT('Ctrl Pts',(1.38953243137685E-11,3.23647393128443,
-11.5566818816005));
#6529=CARTESIAN_POINT('Ctrl Pts',(1.30851674475618E-11,3.,-11.5053666158452));
#6530=CARTESIAN_POINT('Ctrl Pts',(9.08971169748577E-12,3.,-11.2629668545443));
#6531=CARTESIAN_POINT('Ctrl Pts',(0.0901050639720881,3.24362106975174,-11.5535216810679));
#6532=CARTESIAN_POINT('Ctrl Pts',(0.0858514749438956,3.,-11.5069860758233));
#6533=CARTESIAN_POINT('Ctrl Pts',(0.0616951896996777,3.,-11.2598427254796));
#6534=CARTESIAN_POINT('Ctrl Pts',(0.215993115244591,3.26987658970832,-11.5413956492584));
#6535=CARTESIAN_POINT('Ctrl Pts',(0.212552880234291,2.99999999999999,-11.5137185076915));
#6536=CARTESIAN_POINT('Ctrl Pts',(0.160403408572845,3.,-11.247068236403));
#6537=CARTESIAN_POINT('Ctrl Pts',(0.290269663733028,3.29811551893577,-11.5276094475958));
#6538=CARTESIAN_POINT('Ctrl Pts',(0.292217275557952,3.00000000000001,-11.5245693270967));
#6539=CARTESIAN_POINT('Ctrl Pts',(0.238546564215797,3.,-11.2314551031188));
#6540=CARTESIAN_POINT('Ctrl Pts',(0.34050185408639,3.31627692397016,-11.5194600934964));
#6541=CARTESIAN_POINT('Ctrl Pts',(0.342878817540092,2.99999999999998,-11.5366339454265));
#6542=CARTESIAN_POINT('Ctrl Pts',(0.296124656628581,3.,-11.2231977512329));
#6543=CARTESIAN_POINT('Origin',(-0.246780758753218,3.3,-11.2309237930153));
#6544=CARTESIAN_POINT('Origin',(0.,3.3,-7.));
#6545=CARTESIAN_POINT('Origin',(-2.26796657625662,3.3,-7.7850653533196));
#6546=CARTESIAN_POINT('Origin',(0.,3.3,-9.75136329843952));
#6547=CARTESIAN_POINT('Origin',(-1.41747911016039,3.3,-10.2420291442643));
#6548=CARTESIAN_POINT('Origin',(-2.26796657625662,3.3,-7.7850653533196));
#6549=CARTESIAN_POINT('Origin',(-7.,2.7,2.44403693719019E-14));
#6550=CARTESIAN_POINT('Origin',(-7.,2.7,1.70000000000002));
#6551=CARTESIAN_POINT('Origin',(-9.75136329843952,3.3,2.39804634151017E-14));
#6552=CARTESIAN_POINT('Origin',(-11.2309237930138,3.3,-0.24678075876165));
#6553=CARTESIAN_POINT('Origin',(-10.2420291442643,3.3,-1.41747911016036));
#6554=CARTESIAN_POINT('Origin',(-7.7850653533196,3.3,-2.2679665762566));
#6555=CARTESIAN_POINT('Origin',(-7.7850653533196,3.3,-2.2679665762566));
#6556=CARTESIAN_POINT('Ctrl Pts',(-11.5194586372033,3.31628016943566,0.340510830684992));
#6557=CARTESIAN_POINT('Ctrl Pts',(-11.5366361709897,2.99999999999967,0.342888162819206));
#6558=CARTESIAN_POINT('Ctrl Pts',(-11.2231962756192,3.,0.296134946247598));
#6559=CARTESIAN_POINT('Ctrl Pts',(-11.5276082374167,3.29811799780524,0.290276183776701));
#6560=CARTESIAN_POINT('Ctrl Pts',(-11.5245703230158,3.00000000000025,0.292224587225285));
#6561=CARTESIAN_POINT('Ctrl Pts',(-11.2314537325205,3.,0.238553423955817));
#6562=CARTESIAN_POINT('Ctrl Pts',(-11.5413952279227,3.26987750199184,0.215997489409148));
#6563=CARTESIAN_POINT('Ctrl Pts',(-11.5137187506454,2.99999999999996,0.212557452551069));
#6564=CARTESIAN_POINT('Ctrl Pts',(-11.2470677925227,3.,0.160406838433777));
#6565=CARTESIAN_POINT('Ctrl Pts',(-11.5535216810699,3.24362106974807,0.0901050639478665));
#6566=CARTESIAN_POINT('Ctrl Pts',(-11.5069860758228,3.,0.0858514749202989));
#6567=CARTESIAN_POINT('Ctrl Pts',(-11.2598427254816,3.,0.0616951896815539));
#6568=CARTESIAN_POINT('Ctrl Pts',(-11.5566818816005,3.23647393128444,-1.38851929541816E-11));
#6569=CARTESIAN_POINT('Ctrl Pts',(-11.5053666158452,3.,-1.30740213004474E-11));
#6570=CARTESIAN_POINT('Ctrl Pts',(-11.2629668545443,3.,-9.07569256254614E-12));
#6571=CARTESIAN_POINT('Ctrl Pts',(-11.5535216810679,3.24362106975175,-0.0901050639720854));
#6572=CARTESIAN_POINT('Ctrl Pts',(-11.5069860758233,3.,-0.085851474943893));
#6573=CARTESIAN_POINT('Ctrl Pts',(-11.2598427254796,3.,-0.061695189699667));
#6574=CARTESIAN_POINT('Ctrl Pts',(-11.5413956492584,3.26987658970836,-0.215993115244574));
#6575=CARTESIAN_POINT('Ctrl Pts',(-11.5137185076915,3.00000000000001,-0.212552880234282));
#6576=CARTESIAN_POINT('Ctrl Pts',(-11.247068236403,3.,-0.160403408572839));
#6577=CARTESIAN_POINT('Ctrl Pts',(-11.5276094475958,3.29811551893575,-0.290269663733068));
#6578=CARTESIAN_POINT('Ctrl Pts',(-11.5245693270966,2.99999999999995,-0.292217275557973));
#6579=CARTESIAN_POINT('Ctrl Pts',(-11.2314551031188,3.,-0.238546564215785));
#6580=CARTESIAN_POINT('Ctrl Pts',(-11.5194600934964,3.31627692397023,-0.340501854086318));
#6581=CARTESIAN_POINT('Ctrl Pts',(-11.5366339454267,3.00000000000007,-0.342878817540058));
#6582=CARTESIAN_POINT('Ctrl Pts',(-11.2231977512329,3.,-0.296124656628583));
#6583=CARTESIAN_POINT('Origin',(-11.2309237930153,3.3,0.246780758753248));
#6584=CARTESIAN_POINT('Origin',(-7.,3.3,2.44403693719019E-14));
#6585=CARTESIAN_POINT('Origin',(-7.7850653533196,3.3,2.26796657625664));
#6586=CARTESIAN_POINT('Origin',(-9.75136329843952,3.3,2.39804634151017E-14));
#6587=CARTESIAN_POINT('Origin',(-10.2420291442643,3.3,1.41747911016041));
#6588=CARTESIAN_POINT('Origin',(-7.7850653533196,3.3,2.26796657625664));
#6589=CARTESIAN_POINT('Origin',(7.,2.7,2.44403693719019E-14));
#6590=CARTESIAN_POINT('Origin',(7.,2.7,1.70000000000002));
#6591=CARTESIAN_POINT('Origin',(9.75136329843955,3.3,1.49986283364946E-15));
#6592=CARTESIAN_POINT('Origin',(11.2309237930138,3.3,0.246780758761805));
#6593=CARTESIAN_POINT('Origin',(10.2420291442643,3.3,1.41747911016039));
#6594=CARTESIAN_POINT('Origin',(7.78506535331962,3.3,2.26796657625662));
#6595=CARTESIAN_POINT('Origin',(7.78506535331962,3.3,2.26796657625662));
#6596=CARTESIAN_POINT('Ctrl Pts',(11.5194586372033,3.3162801694357,-0.340510830685047));
#6597=CARTESIAN_POINT('Ctrl Pts',(11.5366361709904,2.99999999999996,-0.342888162819228));
#6598=CARTESIAN_POINT('Ctrl Pts',(11.2231962756192,3.,-0.296134946247728));
#6599=CARTESIAN_POINT('Ctrl Pts',(11.5276082374167,3.29811799780513,-0.290276183776901));
#6600=CARTESIAN_POINT('Ctrl Pts',(11.5245703230151,3.00000000000003,-0.292224587225485));
#6601=CARTESIAN_POINT('Ctrl Pts',(11.2314537325205,3.,-0.238553423955917));
#6602=CARTESIAN_POINT('Ctrl Pts',(11.5413952279227,3.2698775019918,-0.215997489409244));
#6603=CARTESIAN_POINT('Ctrl Pts',(11.5137187506455,2.99999999999999,-0.212557452551158));
#6604=CARTESIAN_POINT('Ctrl Pts',(11.2470677925227,3.,-0.160406838433838));
#6605=CARTESIAN_POINT('Ctrl Pts',(11.5535216810699,3.24362106974797,-0.090105063947922));
#6606=CARTESIAN_POINT('Ctrl Pts',(11.5069860758228,3.,-0.085851474920341));
#6607=CARTESIAN_POINT('Ctrl Pts',(11.2598427254817,3.,-0.0616951896815666));
#6608=CARTESIAN_POINT('Ctrl Pts',(11.5566818816005,3.23647393128433,1.39014660858839E-11));
#6609=CARTESIAN_POINT('Ctrl Pts',(11.5053666158452,3.,1.30914322656673E-11));
#6610=CARTESIAN_POINT('Ctrl Pts',(11.2629668545444,3.,9.09478730978638E-12));
#6611=CARTESIAN_POINT('Ctrl Pts',(11.5535216810679,3.24362106975166,0.0901050639721667));
#6612=CARTESIAN_POINT('Ctrl Pts',(11.5069860758233,3.,0.0858514749439619));
#6613=CARTESIAN_POINT('Ctrl Pts',(11.2598427254796,3.,0.0616951896997187));
#6614=CARTESIAN_POINT('Ctrl Pts',(11.5413956492584,3.26987658970826,0.215993115244742));
#6615=CARTESIAN_POINT('Ctrl Pts',(11.5137185076915,3.00000000000004,0.212552880234433));
#6616=CARTESIAN_POINT('Ctrl Pts',(11.247068236403,3.,0.160403408572943));
#6617=CARTESIAN_POINT('Ctrl Pts',(11.5276094475958,3.29811551893586,0.290269663733173));
#6618=CARTESIAN_POINT('Ctrl Pts',(11.5245693270964,2.99999999999976,0.292217275558141));
#6619=CARTESIAN_POINT('Ctrl Pts',(11.2314551031188,3.,0.238546564215934));
#6620=CARTESIAN_POINT('Ctrl Pts',(11.5194600934964,3.31627692397,0.340501854086609));
#6621=CARTESIAN_POINT('Ctrl Pts',(11.5366339454269,3.00000000000032,0.342878817540213));
#6622=CARTESIAN_POINT('Ctrl Pts',(11.2231977512329,3.,0.296124656628764));
#6623=CARTESIAN_POINT('Origin',(11.2309237930153,3.3,-0.246780758753353));
#6624=CARTESIAN_POINT('Origin',(7.,3.3,2.44403693719019E-14));
#6625=CARTESIAN_POINT('Origin',(7.78506535331962,3.3,-2.2679665762566));
#6626=CARTESIAN_POINT('Origin',(9.75136329843955,3.3,1.49986283364946E-15));
#6627=CARTESIAN_POINT('Origin',(10.2420291442643,3.3,-1.41747911016039));
#6628=CARTESIAN_POINT('Origin',(7.78506535331962,3.3,-2.26796657625662));
#6629=CARTESIAN_POINT('Origin',(-8.41579978326166E-13,0.3,7.));
#6630=CARTESIAN_POINT('Origin',(-8.41788168282021E-13,0.3,5.3));
#6631=CARTESIAN_POINT('Origin',(0.,0.3,-7.));
#6632=CARTESIAN_POINT('Origin',(-2.0818995585505E-16,0.3,-8.7));
#6633=CARTESIAN_POINT('Origin',(-7.,0.3,2.44403693719019E-14));
#6634=CARTESIAN_POINT('Origin',(-7.,0.3,-1.69999999999998));
#6635=CARTESIAN_POINT('Origin',(7.,0.3,2.44403693719019E-14));
#6636=CARTESIAN_POINT('Origin',(7.,0.3,-1.69999999999997));
#6637=CARTESIAN_POINT('Origin',(-8.41579978326166E-13,2.7,7.));
#6638=CARTESIAN_POINT('Origin',(-8.41788168282021E-13,2.7,8.7));
#6639=CARTESIAN_POINT('Origin',(0.,-1.8,0.));
#6640=CARTESIAN_POINT('Origin',(-1.31037207508767E-15,-1.8,10.7));
#6641=CARTESIAN_POINT('Origin',(0.,-0.2,0.));
#6642=CARTESIAN_POINT('Origin',(-1.26138620312177E-15,-0.2,-10.3));
#6643=CARTESIAN_POINT('Origin',(0.,10.,0.));
#6644=CARTESIAN_POINT('',(-4.28626379701574E-16,8.5,3.5));
#6645=CARTESIAN_POINT('Origin',(0.,8.5,0.));
#6646=CARTESIAN_POINT('',(0.,1.5,3.5));
#6647=CARTESIAN_POINT('',(-4.28626379701574E-16,10.,3.5));
#6648=CARTESIAN_POINT('',(-4.28626379701574E-16,1.5,-3.5));
#6649=CARTESIAN_POINT('Origin',(0.,1.5,0.));
#6650=CARTESIAN_POINT('Origin',(0.,1.5,0.));
#6651=CARTESIAN_POINT('Origin',(0.,10.,0.));
#6652=CARTESIAN_POINT('',(-2.44929359829471E-16,10.,2.));
#6653=CARTESIAN_POINT('Origin',(0.,10.,0.));
#6654=CARTESIAN_POINT('Origin',(0.,8.5,0.));
#6655=CARTESIAN_POINT('Origin',(-2.44929359829471E-16,8.5,2.));
#6656=CARTESIAN_POINT('Origin',(0.,1.5,0.));
#6657=CARTESIAN_POINT('Origin',(-6.12323399573677E-16,1.5,-5.));
#6658=CARTESIAN_POINT('Origin',(3.9618942650685E-13,-1.00000000000074,0.));
#6659=CARTESIAN_POINT('',(3.9618942650685E-13,-1.04222912360077,11.9788854381996));
#6660=CARTESIAN_POINT('',(3.94722436135926E-13,-1.04222912360077,-11.9788854381996));
#6661=CARTESIAN_POINT('Origin',(3.9618942650685E-13,-1.04222912360077,0.));
#6662=CARTESIAN_POINT('',(3.9618942650685E-13,-1.88944271909999,-11.55527864045));
#6663=CARTESIAN_POINT('',(3.94719850347873E-13,-1.00000000000074,-11.9999999999996));
#6664=CARTESIAN_POINT('',(3.94774313006822E-13,-1.88944271909999,11.55527864045));
#6665=CARTESIAN_POINT('Origin',(3.9618942650685E-13,-1.88944271909999,0.));
#6666=CARTESIAN_POINT('Origin',(3.9618942650685E-13,-1.88944271909999,0.));
#6667=CARTESIAN_POINT('Origin',(3.9618942650685E-13,-1.04222912360077,0.));
#6668=CARTESIAN_POINT('Origin',(3.9618942650685E-13,-1.8,0.));
#6669=CARTESIAN_POINT('Origin',(3.94796220154752E-13,-1.8,11.37639320225));
#6670=CARTESIAN_POINT('Origin',(3.9618942650685E-13,-0.952786404500778,
0.));
#6671=CARTESIAN_POINT('Origin',(3.94744343283856E-13,-0.952786404500778,
11.7999999999996));
#6672=UNCERTAINTY_MEASURE_WITH_UNIT(LENGTH_MEASURE(0.01),#6676,
'DISTANCE_ACCURACY_VALUE',
'Maximum model space distance between geometric entities at asserted c
onnectivities');
#6673=UNCERTAINTY_MEASURE_WITH_UNIT(LENGTH_MEASURE(0.01),#6676,
'DISTANCE_ACCURACY_VALUE',
'Maximum model space distance between geometric entities at asserted c
onnectivities');
#6674=(
GEOMETRIC_REPRESENTATION_CONTEXT(3)
GLOBAL_UNCERTAINTY_ASSIGNED_CONTEXT((#6672))
GLOBAL_UNIT_ASSIGNED_CONTEXT((#6676,#6678,#6679))
REPRESENTATION_CONTEXT('','3D')
);
#6675=(
GEOMETRIC_REPRESENTATION_CONTEXT(3)
GLOBAL_UNCERTAINTY_ASSIGNED_CONTEXT((#6673))
GLOBAL_UNIT_ASSIGNED_CONTEXT((#6676,#6678,#6679))
REPRESENTATION_CONTEXT('','3D')
);
#6676=(
LENGTH_UNIT()
NAMED_UNIT(*)
SI_UNIT(.MILLI.,.METRE.)
);
#6677=(
LENGTH_UNIT()
NAMED_UNIT(*)
SI_UNIT($,.METRE.)
);
#6678=(
NAMED_UNIT(*)
PLANE_ANGLE_UNIT()
SI_UNIT($,.RADIAN.)
);
#6679=(
NAMED_UNIT(*)
SI_UNIT($,.STERADIAN.)
SOLID_ANGLE_UNIT()
);
#6680=SHAPE_DEFINITION_REPRESENTATION(#6681,#6682);
#6681=PRODUCT_DEFINITION_SHAPE('',$,#6684);
#6682=SHAPE_REPRESENTATION('',(#1717),#6674);
#6683=PRODUCT_DEFINITION_CONTEXT('part definition',#6688,'design');
#6684=PRODUCT_DEFINITION('2025-11-03-21-23-34-464','ScrewComponent',#6685,
#6683);
#6685=PRODUCT_DEFINITION_FORMATION('',$,#6690);
#6686=PRODUCT_RELATED_PRODUCT_CATEGORY('ScrewComponent',
'ScrewComponent',(#6690));
#6687=APPLICATION_PROTOCOL_DEFINITION('international standard',
'automotive_design',2009,#6688);
#6688=APPLICATION_CONTEXT(
'Core Data for Automotive Mechanical Design Process');
#6689=PRODUCT_CONTEXT('part definition',#6688,'mechanical');
#6690=PRODUCT('2025-11-03-21-23-34-464','ScrewComponent',$,(#6689));
#6691=PRESENTATION_STYLE_ASSIGNMENT((#6693));
#6692=PRESENTATION_STYLE_ASSIGNMENT((#6694));
#6693=SURFACE_STYLE_USAGE(.BOTH.,#6695);
#6694=SURFACE_STYLE_USAGE(.BOTH.,#6696);
#6695=SURFACE_SIDE_STYLE('',(#6697));
#6696=SURFACE_SIDE_STYLE('',(#6698));
#6697=SURFACE_STYLE_FILL_AREA(#6699);
#6698=SURFACE_STYLE_FILL_AREA(#6700);
#6699=FILL_AREA_STYLE('Default',(#6701));
#6700=FILL_AREA_STYLE('203,210,239',(#6702));
#6701=FILL_AREA_STYLE_COLOUR('Default',#6703);
#6702=FILL_AREA_STYLE_COLOUR('203,210,239',#6704);
#6703=COLOUR_RGB('Default',0.749019607843137,0.749019607843137,0.749019607843137);
#6704=COLOUR_RGB('203,210,239',0.796078431372549,0.823529411764706,0.937254901960784);
ENDSEC;
END-ISO-10303-21;
