ISO-10303-21;
HEADER;
/* Generated by software containing ST-Developer
 * from STEP Tools, Inc. (www.steptools.com) 
 */

FILE_DESCRIPTION(
/* description */ (''),
/* implementation_level */ '2;1');

FILE_NAME(
/* name */ 'CasingHolder.step',
/* time_stamp */ '2026-06-07T20:31:18-05:00',
/* author */ (''),
/* organization */ (''),
/* preprocessor_version */ 'ST-DEVELOPER v20.1',
/* originating_system */ 'Autodesk Translation Framework v14.21.0.0',
/* authorisation */ '');

FILE_SCHEMA (('AUTOMOTIVE_DESIGN { 1 0 10303 214 3 1 1 }'));
ENDSEC;

DATA;
#10=MECHANICAL_DESIGN_GEOMETRIC_PRESENTATION_REPRESENTATION('',(#13),#8174);
#11=SHAPE_REPRESENTATION_RELATIONSHIP('SRR','None',#8181,#12);
#12=ADVANCED_BREP_SHAPE_REPRESENTATION('',(#14),#8173);
#13=STYLED_ITEM('',(#8190),#14);
#14=MANIFOLD_SOLID_BREP('Body1',#3852);
#15=(
BOUNDED_SURFACE()
B_SPLINE_SURFACE(2,2,((#7624,#7625,#7626),(#7627,#7628,#7629),(#7630,#7631,
#7632)),.UNSPECIFIED.,.F.,.F.,.F.)
B_SPLINE_SURFACE_WITH_KNOTS((3,3),(3,3),(0.,1.5707963267949),(3.46944695195361E-16,
1.5707963267949),.UNSPECIFIED.)
GEOMETRIC_REPRESENTATION_ITEM()
RATIONAL_B_SPLINE_SURFACE(((1.,0.707106781186548,1.),(0.707106781186549,
0.500000000000001,0.707106781186549),(1.,0.707106781186548,1.)))
REPRESENTATION_ITEM('')
SURFACE()
);
#16=(
BOUNDED_SURFACE()
B_SPLINE_SURFACE(2,2,((#7640,#7641,#7642),(#7643,#7644,#7645),(#7646,#7647,
#7648)),.UNSPECIFIED.,.F.,.F.,.F.)
B_SPLINE_SURFACE_WITH_KNOTS((3,3),(3,3),(-1.5707963267949,0.),(-8.03142533518593E-16,
1.5707963267949),.UNSPECIFIED.)
GEOMETRIC_REPRESENTATION_ITEM()
RATIONAL_B_SPLINE_SURFACE(((1.,0.707106781186547,1.),(0.707106781186555,
0.500000000000005,0.707106781186555),(1.,0.707106781186547,1.)))
REPRESENTATION_ITEM('')
SURFACE()
);
#17=(
BOUNDED_SURFACE()
B_SPLINE_SURFACE(2,2,((#7676,#7677,#7678),(#7679,#7680,#7681),(#7682,#7683,
#7684)),.UNSPECIFIED.,.F.,.F.,.F.)
B_SPLINE_SURFACE_WITH_KNOTS((3,3),(3,3),(0.,1.5707963267949),(0.,1.5707963267949),
 .UNSPECIFIED.)
GEOMETRIC_REPRESENTATION_ITEM()
RATIONAL_B_SPLINE_SURFACE(((1.,0.707106781186548,1.),(0.707106781186554,
0.500000000000005,0.707106781186554),(1.,0.707106781186548,1.)))
REPRESENTATION_ITEM('')
SURFACE()
);
#18=(
BOUNDED_SURFACE()
B_SPLINE_SURFACE(2,2,((#7689,#7690,#7691),(#7692,#7693,#7694),(#7695,#7696,
#7697)),.UNSPECIFIED.,.F.,.F.,.F.)
B_SPLINE_SURFACE_WITH_KNOTS((3,3),(3,3),(-1.5707963267949,0.),(-1.46155925409345E-16,
1.5707963267949),.UNSPECIFIED.)
GEOMETRIC_REPRESENTATION_ITEM()
RATIONAL_B_SPLINE_SURFACE(((1.,0.707106781186547,1.),(0.707106781186546,
0.499999999999999,0.707106781186546),(1.,0.707106781186547,1.)))
REPRESENTATION_ITEM('')
SURFACE()
);
#19=(
BOUNDED_SURFACE()
B_SPLINE_SURFACE(2,2,((#7740,#7741,#7742),(#7743,#7744,#7745),(#7746,#7747,
#7748)),.UNSPECIFIED.,.F.,.F.,.F.)
B_SPLINE_SURFACE_WITH_KNOTS((3,3),(3,3),(-1.5707963267949,0.),(-2.74680153389003,
-1.5707963267949),.UNSPECIFIED.)
GEOMETRIC_REPRESENTATION_ITEM()
RATIONAL_B_SPLINE_SURFACE(((1.,0.832050294337843,1.),(0.707106781186554,
0.588348405414557,0.707106781186554),(1.,0.832050294337843,1.)))
REPRESENTATION_ITEM('')
SURFACE()
);
#20=(
BOUNDED_SURFACE()
B_SPLINE_SURFACE(2,2,((#7819,#7820,#7821),(#7822,#7823,#7824),(#7825,#7826,
#7827)),.UNSPECIFIED.,.F.,.F.,.F.)
B_SPLINE_SURFACE_WITH_KNOTS((3,3),(3,3),(-1.5707963267949,0.),(-1.5707963267949,
-0.394791119699755),.UNSPECIFIED.)
GEOMETRIC_REPRESENTATION_ITEM()
RATIONAL_B_SPLINE_SURFACE(((1.,0.832050294337842,1.),(0.707106781186544,
0.588348405414547,0.707106781186544),(1.,0.832050294337842,1.)))
REPRESENTATION_ITEM('')
SURFACE()
);
#21=(
BOUNDED_SURFACE()
B_SPLINE_SURFACE(2,2,((#7866,#7867,#7868),(#7869,#7870,#7871),(#7872,#7873,
#7874)),.UNSPECIFIED.,.F.,.F.,.F.)
B_SPLINE_SURFACE_WITH_KNOTS((3,3),(3,3),(-1.5707963267949,0.),(-2.74680153389003,
-1.5707963267949),.UNSPECIFIED.)
GEOMETRIC_REPRESENTATION_ITEM()
RATIONAL_B_SPLINE_SURFACE(((1.,0.832050294337843,1.),(0.707106781186545,
0.588348405414549,0.707106781186545),(1.,0.832050294337843,1.)))
REPRESENTATION_ITEM('')
SURFACE()
);
#22=(
BOUNDED_SURFACE()
B_SPLINE_SURFACE(2,2,((#7942,#7943,#7944),(#7945,#7946,#7947),(#7948,#7949,
#7950)),.UNSPECIFIED.,.F.,.F.,.F.)
B_SPLINE_SURFACE_WITH_KNOTS((3,3),(3,3),(-1.5707963267949,0.),(-1.5707963267949,
-0.39479111969976),.UNSPECIFIED.)
GEOMETRIC_REPRESENTATION_ITEM()
RATIONAL_B_SPLINE_SURFACE(((1.,0.832050294337843,1.),(0.707106781186554,
0.588348405414557,0.707106781186554),(1.,0.832050294337843,1.)))
REPRESENTATION_ITEM('')
SURFACE()
);
#23=ELLIPSE('',#3929,0.509901951359278,0.5);
#24=ELLIPSE('',#3947,0.511418753133328,0.5);
#25=ELLIPSE('',#3948,0.511418753133329,0.499999999999999);
#26=ELLIPSE('',#3950,0.511418753133329,0.5);
#27=ELLIPSE('',#3951,0.511418753133329,0.500000000000001);
#28=ELLIPSE('',#3963,0.722738739393014,0.3);
#29=ELLIPSE('',#3965,1.03554395629515,0.8);
#30=ELLIPSE('',#3975,1.03554395629515,0.8);
#31=ELLIPSE('',#3976,0.722738739393014,0.3);
#32=ELLIPSE('',#3999,3.8832898361068,3.);
#33=ELLIPSE('',#4001,3.8832898361068,3.);
#34=ELLIPSE('',#4002,3.8832898361068,3.);
#35=ELLIPSE('',#4008,3.8832898361068,3.);
#36=ELLIPSE('',#4009,3.8832898361068,3.);
#37=ELLIPSE('',#4011,3.8832898361068,3.);
#38=ELLIPSE('',#4024,0.541666666666666,0.5);
#39=ELLIPSE('',#4025,0.866666666666667,0.8);
#40=ELLIPSE('',#4092,3.65649284851077,2.7);
#41=ELLIPSE('',#4093,3.65649284851077,2.7);
#42=ELLIPSE('',#4102,3.65649284851077,2.7);
#43=ELLIPSE('',#4103,3.65649284851077,2.7);
#44=ELLIPSE('',#4135,3.65649284851077,2.7);
#45=ELLIPSE('',#4136,3.65649284851077,2.7);
#46=ELLIPSE('',#4145,3.65649284851077,2.7);
#47=ELLIPSE('',#4146,3.65649284851077,2.7);
#48=ELLIPSE('',#4162,0.866666666666667,0.8);
#49=ELLIPSE('',#4163,0.600925212577332,0.5);
#50=ELLIPSE('',#4165,0.509901951359279,0.5);
#51=ELLIPSE('',#4169,0.866666666666667,0.8);
#52=ELLIPSE('',#4171,0.600925212577331,0.5);
#53=ELLIPSE('',#4174,0.866666666666667,0.8);
#54=ELLIPSE('',#4175,0.541666666666667,0.5);
#55=ELLIPSE('',#4176,0.541666666666667,0.5);
#56=ELLIPSE('',#4182,0.600925212577331,0.5);
#57=ELLIPSE('',#4188,0.600925212577334,0.5);
#58=ELLIPSE('',#4239,0.288795390852724,0.2);
#59=ELLIPSE('',#4240,0.541666666666666,0.5);
#60=ELLIPSE('',#4243,0.20396078054371,0.2);
#61=ELLIPSE('',#4246,0.203960780543712,0.2);
#62=ELLIPSE('',#4254,0.288795390852724,0.2);
#63=ELLIPSE('',#4264,0.288795390852724,0.2);
#64=ELLIPSE('',#4267,0.203960780543711,0.2);
#65=ELLIPSE('',#4270,0.203960780543711,0.2);
#66=ELLIPSE('',#4278,0.288795390852724,0.2);
#67=ELLIPSE('',#4282,0.508154068798679,0.5);
#68=ELLIPSE('',#4292,0.50815406879868,0.5);
#69=ELLIPSE('',#4313,0.50815406879868,0.5);
#70=ELLIPSE('',#4323,0.508154068798679,0.5);
#71=ELLIPSE('',#4331,0.203960780543711,0.2);
#72=ELLIPSE('',#4339,0.203960780543712,0.2);
#73=ELLIPSE('',#4344,0.203960780543711,0.2);
#74=ELLIPSE('',#4350,0.203960780543711,0.2);
#75=B_SPLINE_SURFACE_WITH_KNOTS('',3,3,((#5844,#5845,#5846,#5847),(#5848,
#5849,#5850,#5851),(#5852,#5853,#5854,#5855),(#5856,#5857,#5858,#5859)),
 .UNSPECIFIED.,.F.,.F.,.F.,(4,4),(4,4),(0.,1.),(0.,0.00916333610352856),
 .UNSPECIFIED.);
#76=B_SPLINE_SURFACE_WITH_KNOTS('',3,3,((#5873,#5874,#5875,#5876,#5877,
#5878),(#5879,#5880,#5881,#5882,#5883,#5884),(#5885,#5886,#5887,#5888,#5889,
#5890),(#5891,#5892,#5893,#5894,#5895,#5896)),.UNSPECIFIED.,.F.,.F.,.F.,
(4,4),(4,2,4),(0.,1.),(-0.000202225964651894,0.,0.0385531823572212),
 .UNSPECIFIED.);
#77=B_SPLINE_SURFACE_WITH_KNOTS('',3,3,((#5919,#5920,#5921,#5922),(#5923,
#5924,#5925,#5926),(#5927,#5928,#5929,#5930),(#5931,#5932,#5933,#5934)),
 .UNSPECIFIED.,.F.,.F.,.F.,(4,4),(4,4),(0.,1.),(0.,0.0091633361035287),
 .UNSPECIFIED.);
#78=B_SPLINE_SURFACE_WITH_KNOTS('',3,3,((#5948,#5949,#5950,#5951,#5952,
#5953),(#5954,#5955,#5956,#5957,#5958,#5959),(#5960,#5961,#5962,#5963,#5964,
#5965),(#5966,#5967,#5968,#5969,#5970,#5971)),.UNSPECIFIED.,.F.,.F.,.F.,
(4,4),(4,2,4),(0.,1.),(-0.0387554083218766,-0.0385531823572246,-2.63755241628833E-15),
 .UNSPECIFIED.);
#79=B_SPLINE_SURFACE_WITH_KNOTS('',3,3,((#6017,#6018,#6019,#6020),(#6021,
#6022,#6023,#6024),(#6025,#6026,#6027,#6028),(#6029,#6030,#6031,#6032)),
 .UNSPECIFIED.,.F.,.F.,.F.,(4,4),(4,4),(0.,1.),(-1.5707963267949,8.21102445295688E-15),
 .UNSPECIFIED.);
#80=B_SPLINE_SURFACE_WITH_KNOTS('',3,3,((#6038,#6039,#6040,#6041),(#6042,
#6043,#6044,#6045),(#6046,#6047,#6048,#6049),(#6050,#6051,#6052,#6053)),
 .UNSPECIFIED.,.F.,.F.,.F.,(4,4),(4,4),(0.,1.),(-1.5707963267949,-8.8009410528326E-15),
 .UNSPECIFIED.);
#81=B_SPLINE_SURFACE_WITH_KNOTS('',3,3,((#6084,#6085,#6086,#6087),(#6088,
#6089,#6090,#6091),(#6092,#6093,#6094,#6095),(#6096,#6097,#6098,#6099),
(#6100,#6101,#6102,#6103)),.UNSPECIFIED.,.F.,.F.,.F.,(4,1,4),(4,4),(0.,
0.5,1.),(0.979525043911789,1.5707963267949),.UNSPECIFIED.);
#82=B_SPLINE_SURFACE_WITH_KNOTS('',3,3,((#6130,#6131,#6132,#6133),(#6134,
#6135,#6136,#6137),(#6138,#6139,#6140,#6141),(#6142,#6143,#6144,#6145),
(#6146,#6147,#6148,#6149)),.UNSPECIFIED.,.F.,.F.,.F.,(4,1,4),(4,4),(0.,
0.5,1.),(4.71238898038469,5.3036602632678),.UNSPECIFIED.);
#83=B_SPLINE_SURFACE_WITH_KNOTS('',3,3,((#6305,#6306,#6307,#6308,#6309,
#6310),(#6311,#6312,#6313,#6314,#6315,#6316),(#6317,#6318,#6319,#6320,#6321,
#6322),(#6323,#6324,#6325,#6326,#6327,#6328),(#6329,#6330,#6331,#6332,#6333,
#6334)),.UNSPECIFIED.,.F.,.F.,.F.,(4,1,4),(4,1,1,4),(0.,0.5,1.),(1.10703195081937E-16,
0.00446232366194502,0.0104120885445382,0.0208241770890763),
 .UNSPECIFIED.);
#84=B_SPLINE_SURFACE_WITH_KNOTS('',3,3,((#6347,#6348,#6349,#6350,#6351,
#6352),(#6353,#6354,#6355,#6356,#6357,#6358),(#6359,#6360,#6361,#6362,#6363,
#6364),(#6365,#6366,#6367,#6368,#6369,#6370),(#6371,#6372,#6373,#6374,#6375,
#6376)),.UNSPECIFIED.,.F.,.F.,.F.,(4,1,4),(4,1,1,4),(0.,0.5,1.),(2.71271375026783E-17,
0.01041489523839,0.0148784217691285,0.02082979047678),.UNSPECIFIED.);
#85=B_SPLINE_SURFACE_WITH_KNOTS('',3,3,((#6386,#6387,#6388,#6389,#6390,
#6391),(#6392,#6393,#6394,#6395,#6396,#6397),(#6398,#6399,#6400,#6401,#6402,
#6403),(#6404,#6405,#6406,#6407,#6408,#6409),(#6410,#6411,#6412,#6413,#6414,
#6415)),.UNSPECIFIED.,.F.,.F.,.F.,(4,1,4),(4,1,1,4),(0.,0.5,1.),(1.11035515325996E-16,
0.00446232366194506,0.0104120885445383,0.0208241770890765),
 .UNSPECIFIED.);
#86=B_SPLINE_SURFACE_WITH_KNOTS('',3,3,((#6428,#6429,#6430,#6431,#6432,
#6433),(#6434,#6435,#6436,#6437,#6438,#6439),(#6440,#6441,#6442,#6443,#6444,
#6445),(#6446,#6447,#6448,#6449,#6450,#6451),(#6452,#6453,#6454,#6455,#6456,
#6457)),.UNSPECIFIED.,.F.,.F.,.F.,(4,1,4),(4,1,1,4),(0.,0.5,1.),(0.,0.01041489523839,
0.0148784217691286,0.02082979047678),.UNSPECIFIED.);
#87=B_SPLINE_SURFACE_WITH_KNOTS('',3,3,((#6464,#6465,#6466,#6467,#6468,
#6469),(#6470,#6471,#6472,#6473,#6474,#6475),(#6476,#6477,#6478,#6479,#6480,
#6481),(#6482,#6483,#6484,#6485,#6486,#6487),(#6488,#6489,#6490,#6491,#6492,
#6493)),.UNSPECIFIED.,.F.,.F.,.F.,(4,1,4),(4,1,1,4),(0.,0.5,1.),(0.,0.0059497648825933,
0.0104120885445383,0.0208241770890765),.UNSPECIFIED.);
#88=B_SPLINE_SURFACE_WITH_KNOTS('',3,3,((#6506,#6507,#6508,#6509,#6510,
#6511),(#6512,#6513,#6514,#6515,#6516,#6517),(#6518,#6519,#6520,#6521,#6522,
#6523),(#6524,#6525,#6526,#6527,#6528,#6529),(#6530,#6531,#6532,#6533,#6534,
#6535)),.UNSPECIFIED.,.F.,.F.,.F.,(4,1,4),(4,1,1,4),(0.,0.5,1.),(0.,0.0104148952383899,
0.0148784217691284,0.0208297904767798),.UNSPECIFIED.);
#89=B_SPLINE_SURFACE_WITH_KNOTS('',3,3,((#6545,#6546,#6547,#6548,#6549,
#6550),(#6551,#6552,#6553,#6554,#6555,#6556),(#6557,#6558,#6559,#6560,#6561,
#6562),(#6563,#6564,#6565,#6566,#6567,#6568),(#6569,#6570,#6571,#6572,#6573,
#6574)),.UNSPECIFIED.,.F.,.F.,.F.,(4,1,4),(4,1,1,4),(0.,0.5,1.),(0.,0.00446232366194494,
0.0104120885445382,0.0208241770890764),.UNSPECIFIED.);
#90=B_SPLINE_SURFACE_WITH_KNOTS('',3,3,((#6587,#6588,#6589,#6590,#6591,
#6592),(#6593,#6594,#6595,#6596,#6597,#6598),(#6599,#6600,#6601,#6602,#6603,
#6604),(#6605,#6606,#6607,#6608,#6609,#6610),(#6611,#6612,#6613,#6614,#6615,
#6616)),.UNSPECIFIED.,.F.,.F.,.F.,(4,1,4),(4,1,1,4),(0.,0.5,1.),(5.6571876462518E-17,
0.0104148952383901,0.0163662639460416,0.0208297904767802),.UNSPECIFIED.);
#91=B_SPLINE_SURFACE_WITH_KNOTS('',3,3,((#6788,#6789,#6790,#6791,#6792,
#6793,#6794,#6795,#6796,#6797,#6798,#6799,#6800,#6801,#6802,#6803,#6804),
(#6805,#6806,#6807,#6808,#6809,#6810,#6811,#6812,#6813,#6814,#6815,#6816,
#6817,#6818,#6819,#6820,#6821),(#6822,#6823,#6824,#6825,#6826,#6827,#6828,
#6829,#6830,#6831,#6832,#6833,#6834,#6835,#6836,#6837,#6838),(#6839,#6840,
#6841,#6842,#6843,#6844,#6845,#6846,#6847,#6848,#6849,#6850,#6851,#6852,
#6853,#6854,#6855),(#6856,#6857,#6858,#6859,#6860,#6861,#6862,#6863,#6864,
#6865,#6866,#6867,#6868,#6869,#6870,#6871,#6872),(#6873,#6874,#6875,#6876,
#6877,#6878,#6879,#6880,#6881,#6882,#6883,#6884,#6885,#6886,#6887,#6888,
#6889)),.UNSPECIFIED.,.F.,.F.,.F.,(4,1,1,4),(4,1,1,1,1,1,1,1,1,1,1,1,1,
1,4),(0.,0.285714285714286,0.571428571428571,1.),(-2.57371531218648,-2.20604169615984,
-1.8383680801332,-1.47069446410656,-1.10302084807992,-0.73534723205328,
-0.36767361602664,4.44089209850063E-16,0.367673616026641,0.735347232053281,
1.10302084807992,1.28685765609324,1.8383680801332,2.20604169615984,2.57371531218648),
 .UNSPECIFIED.);
#92=B_SPLINE_SURFACE_WITH_KNOTS('',3,3,((#6890,#6891,#6892,#6893,#6894,
#6895,#6896,#6897,#6898,#6899,#6900,#6901,#6902,#6903,#6904,#6905,#6906),
(#6907,#6908,#6909,#6910,#6911,#6912,#6913,#6914,#6915,#6916,#6917,#6918,
#6919,#6920,#6921,#6922,#6923),(#6924,#6925,#6926,#6927,#6928,#6929,#6930,
#6931,#6932,#6933,#6934,#6935,#6936,#6937,#6938,#6939,#6940),(#6941,#6942,
#6943,#6944,#6945,#6946,#6947,#6948,#6949,#6950,#6951,#6952,#6953,#6954,
#6955,#6956,#6957),(#6958,#6959,#6960,#6961,#6962,#6963,#6964,#6965,#6966,
#6967,#6968,#6969,#6970,#6971,#6972,#6973,#6974),(#6975,#6976,#6977,#6978,
#6979,#6980,#6981,#6982,#6983,#6984,#6985,#6986,#6987,#6988,#6989,#6990,
#6991)),.UNSPECIFIED.,.F.,.F.,.F.,(4,1,1,4),(4,1,1,1,1,1,1,1,1,1,1,1,1,
1,4),(0.,0.285714285714286,0.571428571428571,1.),(-2.57371531218648,-2.20604169615984,
-1.8383680801332,-1.47069446410656,-1.10302084807992,-0.73534723205328,
-0.36767361602664,0.,0.36767361602664,0.735347232053281,1.10302084807992,
1.28685765609324,1.8383680801332,2.20604169615984,2.57371531218648),
 .UNSPECIFIED.);
#93=B_SPLINE_SURFACE_WITH_KNOTS('',3,3,((#6992,#6993,#6994,#6995,#6996,
#6997,#6998,#6999,#7000,#7001,#7002,#7003,#7004,#7005),(#7006,#7007,#7008,
#7009,#7010,#7011,#7012,#7013,#7014,#7015,#7016,#7017,#7018,#7019),(#7020,
#7021,#7022,#7023,#7024,#7025,#7026,#7027,#7028,#7029,#7030,#7031,#7032,
#7033),(#7034,#7035,#7036,#7037,#7038,#7039,#7040,#7041,#7042,#7043,#7044,
#7045,#7046,#7047),(#7048,#7049,#7050,#7051,#7052,#7053,#7054,#7055,#7056,
#7057,#7058,#7059,#7060,#7061),(#7062,#7063,#7064,#7065,#7066,#7067,#7068,
#7069,#7070,#7071,#7072,#7073,#7074,#7075)),.UNSPECIFIED.,.F.,.F.,.F.,(4,
1,1,4),(4,1,1,1,1,1,1,1,1,1,1,4),(0.,0.285714285714286,0.571428571428571,
1.),(-2.57371531218648,-2.20604169615984,-1.8383680801332,-1.10302084807992,
-0.735347232053279,-0.367673616026639,4.44089209850063E-16,0.36767361602664,
0.73534723205328,1.10302084807992,1.8383680801332,2.57371531218648),
 .UNSPECIFIED.);
#94=B_SPLINE_SURFACE_WITH_KNOTS('',3,3,((#7076,#7077,#7078,#7079,#7080,
#7081,#7082,#7083,#7084,#7085,#7086,#7087,#7088,#7089,#7090,#7091,#7092),
(#7093,#7094,#7095,#7096,#7097,#7098,#7099,#7100,#7101,#7102,#7103,#7104,
#7105,#7106,#7107,#7108,#7109),(#7110,#7111,#7112,#7113,#7114,#7115,#7116,
#7117,#7118,#7119,#7120,#7121,#7122,#7123,#7124,#7125,#7126),(#7127,#7128,
#7129,#7130,#7131,#7132,#7133,#7134,#7135,#7136,#7137,#7138,#7139,#7140,
#7141,#7142,#7143),(#7144,#7145,#7146,#7147,#7148,#7149,#7150,#7151,#7152,
#7153,#7154,#7155,#7156,#7157,#7158,#7159,#7160),(#7161,#7162,#7163,#7164,
#7165,#7166,#7167,#7168,#7169,#7170,#7171,#7172,#7173,#7174,#7175,#7176,
#7177)),.UNSPECIFIED.,.F.,.F.,.F.,(4,1,1,4),(4,1,1,1,1,1,1,1,1,1,1,1,1,
1,4),(0.,0.285714285714286,0.571428571428571,1.),(-2.57371531218648,-2.20604169615984,
-1.8383680801332,-1.47069446410656,-1.10302084807992,-0.73534723205328,
-0.36767361602664,0.,0.36767361602664,0.73534723205328,1.10302084807992,
1.28685765609324,1.8383680801332,2.20604169615984,2.57371531218648),
 .UNSPECIFIED.);
#95=B_SPLINE_SURFACE_WITH_KNOTS('',3,3,((#7178,#7179,#7180,#7181,#7182,
#7183),(#7184,#7185,#7186,#7187,#7188,#7189),(#7190,#7191,#7192,#7193,#7194,
#7195),(#7196,#7197,#7198,#7199,#7200,#7201)),.UNSPECIFIED.,.F.,.F.,.F.,
(4,4),(4,2,4),(0.,1.),(0.,0.0804669977365216,0.0808779809186039),
 .UNSPECIFIED.);
#96=B_SPLINE_SURFACE_WITH_KNOTS('',3,3,((#7224,#7225,#7226,#7227),(#7228,
#7229,#7230,#7231),(#7232,#7233,#7234,#7235),(#7236,#7237,#7238,#7239),
(#7240,#7241,#7242,#7243)),.UNSPECIFIED.,.F.,.F.,.F.,(4,1,4),(4,4),(0.,
0.571428571428571,1.),(-0.266425977271633,-6.93889390390723E-16),
 .UNSPECIFIED.);
#97=B_SPLINE_SURFACE_WITH_KNOTS('',3,3,((#7249,#7250,#7251,#7252,#7253),
(#7254,#7255,#7256,#7257,#7258),(#7259,#7260,#7261,#7262,#7263),(#7264,
#7265,#7266,#7267,#7268),(#7269,#7270,#7271,#7272,#7273)),.UNSPECIFIED.,
 .F.,.F.,.F.,(4,1,4),(4,1,4),(0.,0.571428571428571,1.),(6.65635258027692E-15,
0.0170089171973773,0.0297656050954053),.UNSPECIFIED.);
#98=B_SPLINE_SURFACE_WITH_KNOTS('',3,3,((#7292,#7293,#7294,#7295,#7296,
#7297),(#7298,#7299,#7300,#7301,#7302,#7303),(#7304,#7305,#7306,#7307,#7308,
#7309),(#7310,#7311,#7312,#7313,#7314,#7315)),.UNSPECIFIED.,.F.,.F.,.F.,
(4,4),(4,2,4),(0.,1.),(-0.000408833932884734,0.,0.0804692308460443),
 .UNSPECIFIED.);
#99=B_SPLINE_SURFACE_WITH_KNOTS('',3,3,((#7332,#7333,#7334,#7335),(#7336,
#7337,#7338,#7339),(#7340,#7341,#7342,#7343),(#7344,#7345,#7346,#7347),
(#7348,#7349,#7350,#7351)),.UNSPECIFIED.,.F.,.F.,.F.,(4,1,4),(4,4),(0.,
0.571428571428571,1.),(-1.11022302462516E-16,0.266425977271634),
 .UNSPECIFIED.);
#100=B_SPLINE_SURFACE_WITH_KNOTS('',3,3,((#7363,#7364,#7365,#7366,#7367),
(#7368,#7369,#7370,#7371,#7372),(#7373,#7374,#7375,#7376,#7377),(#7378,
#7379,#7380,#7381,#7382),(#7383,#7384,#7385,#7386,#7387)),.UNSPECIFIED.,
 .F.,.F.,.F.,(4,1,4),(4,1,4),(0.,0.571428571428571,1.),(7.23740346263075E-15,
0.012756687898035,0.0297656050954052),.UNSPECIFIED.);
#101=B_SPLINE_SURFACE_WITH_KNOTS('',3,3,((#7416,#7417,#7418,#7419,#7420,
#7421),(#7422,#7423,#7424,#7425,#7426,#7427),(#7428,#7429,#7430,#7431,#7432,
#7433),(#7434,#7435,#7436,#7437,#7438,#7439)),.UNSPECIFIED.,.F.,.F.,.F.,
(4,4),(4,2,4),(0.,1.),(0.,0.0804692292289667,0.0808780647190282),
 .UNSPECIFIED.);
#102=B_SPLINE_SURFACE_WITH_KNOTS('',3,3,((#7460,#7461,#7462,#7463),(#7464,
#7465,#7466,#7467),(#7468,#7469,#7470,#7471),(#7472,#7473,#7474,#7475),
(#7476,#7477,#7478,#7479)),.UNSPECIFIED.,.F.,.F.,.F.,(4,1,4),(4,4),(0.,
0.571428571428571,1.),(-0.266425977271635,-6.07153216591882E-16),
 .UNSPECIFIED.);
#103=B_SPLINE_SURFACE_WITH_KNOTS('',3,3,((#7483,#7484,#7485,#7486,#7487),
(#7488,#7489,#7490,#7491,#7492),(#7493,#7494,#7495,#7496,#7497),(#7498,
#7499,#7500,#7501,#7502),(#7503,#7504,#7505,#7506,#7507)),.UNSPECIFIED.,
 .F.,.F.,.F.,(4,1,4),(4,1,4),(0.,0.571428571428571,1.),(7.222774444197E-15,
0.0127566878980355,0.0297656050954064),.UNSPECIFIED.);
#104=B_SPLINE_SURFACE_WITH_KNOTS('',3,3,((#7526,#7527,#7528,#7529,#7530,
#7531),(#7532,#7533,#7534,#7535,#7536,#7537),(#7538,#7539,#7540,#7541,#7542,
#7543),(#7544,#7545,#7546,#7547,#7548,#7549)),.UNSPECIFIED.,.F.,.F.,.F.,
(4,4),(4,2,4),(0.,1.),(-0.000408835718463578,0.,0.080469228991779),
 .UNSPECIFIED.);
#105=B_SPLINE_SURFACE_WITH_KNOTS('',3,3,((#7566,#7567,#7568,#7569),(#7570,
#7571,#7572,#7573),(#7574,#7575,#7576,#7577),(#7578,#7579,#7580,#7581),
(#7582,#7583,#7584,#7585)),.UNSPECIFIED.,.F.,.F.,.F.,(4,1,4),(4,4),(0.,
0.571428571428571,1.),(-3.93417787644697E-18,0.266425977271635),
 .UNSPECIFIED.);
#106=B_SPLINE_SURFACE_WITH_KNOTS('',3,3,((#7589,#7590,#7591,#7592,#7593),
(#7594,#7595,#7596,#7597,#7598),(#7599,#7600,#7601,#7602,#7603),(#7604,
#7605,#7606,#7607,#7608),(#7609,#7610,#7611,#7612,#7613)),.UNSPECIFIED.,
 .F.,.F.,.F.,(4,1,4),(4,1,4),(0.,0.571428571428571,1.),(7.1314863954167E-15,
0.0170089171973775,0.0297656050954053),.UNSPECIFIED.);
#107=B_SPLINE_SURFACE_WITH_KNOTS('',3,3,((#7760,#7761,#7762,#7763,#7764),
(#7765,#7766,#7767,#7768,#7769),(#7770,#7771,#7772,#7773,#7774),(#7775,
#7776,#7777,#7778,#7779),(#7780,#7781,#7782,#7783,#7784)),.UNSPECIFIED.,
 .F.,.F.,.F.,(4,1,4),(4,1,4),(0.,0.5,1.),(6.93889390390723E-17,0.785398163397449,
1.5707963267949),.UNSPECIFIED.);
#108=B_SPLINE_SURFACE_WITH_KNOTS('',3,3,((#7836,#7837,#7838,#7839,#7840),
(#7841,#7842,#7843,#7844,#7845),(#7846,#7847,#7848,#7849,#7850),(#7851,
#7852,#7853,#7854,#7855),(#7856,#7857,#7858,#7859,#7860)),.UNSPECIFIED.,
 .F.,.F.,.F.,(4,1,4),(4,1,4),(0.,0.5,1.),(4.71238898038469,5.49778714378214,
6.28318530717959),.UNSPECIFIED.);
#109=B_SPLINE_SURFACE_WITH_KNOTS('',3,3,((#7882,#7883,#7884,#7885,#7886),
(#7887,#7888,#7889,#7890,#7891),(#7892,#7893,#7894,#7895,#7896),(#7897,
#7898,#7899,#7900,#7901),(#7902,#7903,#7904,#7905,#7906)),.UNSPECIFIED.,
 .F.,.F.,.F.,(4,1,4),(4,1,4),(0.,0.5,1.),(2.77555756156289E-16,0.785398163397449,
1.5707963267949),.UNSPECIFIED.);
#110=B_SPLINE_SURFACE_WITH_KNOTS('',3,3,((#7958,#7959,#7960,#7961,#7962),
(#7963,#7964,#7965,#7966,#7967),(#7968,#7969,#7970,#7971,#7972),(#7973,
#7974,#7975,#7976,#7977),(#7978,#7979,#7980,#7981,#7982)),.UNSPECIFIED.,
 .F.,.F.,.F.,(4,1,4),(4,1,4),(0.,0.5,1.),(4.71238898038469,5.49778714378214,
6.28318530717959),.UNSPECIFIED.);
#111=FACE_BOUND('',#1034,.T.);
#112=FACE_BOUND('',#1089,.T.);
#113=FACE_BOUND('',#1090,.T.);
#114=FACE_BOUND('',#1117,.T.);
#115=FACE_BOUND('',#1123,.T.);
#116=FACE_BOUND('',#1129,.T.);
#117=FACE_BOUND('',#1130,.T.);
#118=FACE_BOUND('',#1134,.T.);
#119=FACE_BOUND('',#1140,.T.);
#120=FACE_BOUND('',#1189,.T.);
#121=FACE_BOUND('',#1190,.T.);
#122=FACE_BOUND('',#1271,.T.);
#123=FACE_BOUND('',#1272,.T.);
#124=B_SPLINE_CURVE_WITH_KNOTS('',3,(#5733,#5734,#5735,#5736,#5737,#5738),
 .UNSPECIFIED.,.F.,.F.,(4,1,1,4),(5.6571876462518E-17,0.0104148952383901,
0.0163662639460416,0.0208297904767802),.UNSPECIFIED.);
#125=B_SPLINE_CURVE_WITH_KNOTS('',3,(#5742,#5743,#5744,#5745,#5746,#5747),
 .UNSPECIFIED.,.F.,.F.,(4,1,1,4),(0.,0.00446232366194494,0.0104120885445382,
0.0208241770890764),.UNSPECIFIED.);
#126=B_SPLINE_CURVE_WITH_KNOTS('',3,(#5751,#5752,#5753,#5754,#5755,#5756),
 .UNSPECIFIED.,.F.,.F.,(4,1,1,4),(0.,0.0104148952383899,0.0148784217691284,
0.0208297904767798),.UNSPECIFIED.);
#127=B_SPLINE_CURVE_WITH_KNOTS('',3,(#5760,#5761,#5762,#5763,#5764,#5765),
 .UNSPECIFIED.,.F.,.F.,(4,1,1,4),(0.,0.0059497648825933,0.0104120885445383,
0.0208241770890765),.UNSPECIFIED.);
#128=B_SPLINE_CURVE_WITH_KNOTS('',3,(#5773,#5774,#5775,#5776,#5777,#5778),
 .UNSPECIFIED.,.F.,.F.,(4,1,1,4),(0.,0.01041489523839,0.0148784217691286,
0.02082979047678),.UNSPECIFIED.);
#129=B_SPLINE_CURVE_WITH_KNOTS('',3,(#5782,#5783,#5784,#5785,#5786,#5787),
 .UNSPECIFIED.,.F.,.F.,(4,1,1,4),(1.11035515325996E-16,0.00446232366194506,
0.0104120885445383,0.0208241770890765),.UNSPECIFIED.);
#130=B_SPLINE_CURVE_WITH_KNOTS('',3,(#5791,#5792,#5793,#5794,#5795,#5796),
 .UNSPECIFIED.,.F.,.F.,(4,1,1,4),(2.71271375026783E-17,0.01041489523839,
0.0148784217691285,0.02082979047678),.UNSPECIFIED.);
#131=B_SPLINE_CURVE_WITH_KNOTS('',3,(#5800,#5801,#5802,#5803,#5804,#5805),
 .UNSPECIFIED.,.F.,.F.,(4,1,1,4),(1.10703195081937E-16,0.00446232366194502,
0.0104120885445382,0.0208241770890763),.UNSPECIFIED.);
#132=B_SPLINE_CURVE_WITH_KNOTS('',3,(#5863,#5864,#5865,#5866),
 .UNSPECIFIED.,.F.,.F.,(4,4),(-0.00916333610352856,0.),.UNSPECIFIED.);
#133=B_SPLINE_CURVE_WITH_KNOTS('',3,(#5869,#5870,#5871,#5872),
 .UNSPECIFIED.,.F.,.F.,(4,4),(0.,0.00916333610352856),.UNSPECIFIED.);
#134=B_SPLINE_CURVE_WITH_KNOTS('',3,(#5898,#5899,#5900,#5901,#5902,#5903),
 .UNSPECIFIED.,.F.,.F.,(4,2,4),(-0.0385531823572212,0.,0.000202225964651894),
 .UNSPECIFIED.);
#135=B_SPLINE_CURVE_WITH_KNOTS('',3,(#5904,#5905,#5906,#5907,#5908,#5909),
 .UNSPECIFIED.,.F.,.F.,(4,2,4),(-0.000202225964651894,0.,0.0385531823572212),
 .UNSPECIFIED.);
#136=B_SPLINE_CURVE_WITH_KNOTS('',3,(#5938,#5939,#5940,#5941),
 .UNSPECIFIED.,.F.,.F.,(4,4),(-0.0091633361035287,0.),.UNSPECIFIED.);
#137=B_SPLINE_CURVE_WITH_KNOTS('',3,(#5944,#5945,#5946,#5947),
 .UNSPECIFIED.,.F.,.F.,(4,4),(0.,0.0091633361035287),.UNSPECIFIED.);
#138=B_SPLINE_CURVE_WITH_KNOTS('',3,(#5973,#5974,#5975,#5976,#5977,#5978),
 .UNSPECIFIED.,.F.,.F.,(4,2,4),(2.63755241628833E-15,0.0385531823572246,
0.0387554083218766),.UNSPECIFIED.);
#139=B_SPLINE_CURVE_WITH_KNOTS('',3,(#5979,#5980,#5981,#5982,#5983,#5984),
 .UNSPECIFIED.,.F.,.F.,(4,2,4),(-0.0387554083218766,-0.0385531823572246,
-2.63755241628833E-15),.UNSPECIFIED.);
#140=B_SPLINE_CURVE_WITH_KNOTS('',3,(#6337,#6338,#6339,#6340,#6341,#6342),
 .UNSPECIFIED.,.F.,.F.,(4,1,1,4),(-0.0208241770890763,-0.0104120885445382,
-0.00446232366194502,-1.10703195081937E-16),.UNSPECIFIED.);
#141=B_SPLINE_CURVE_WITH_KNOTS('',3,(#6378,#6379,#6380,#6381,#6382,#6383),
 .UNSPECIFIED.,.F.,.F.,(4,1,1,4),(-0.02082979047678,-0.0148784217691285,
-0.01041489523839,-2.71271375026783E-17),.UNSPECIFIED.);
#142=B_SPLINE_CURVE_WITH_KNOTS('',3,(#6418,#6419,#6420,#6421,#6422,#6423),
 .UNSPECIFIED.,.F.,.F.,(4,1,1,4),(-0.0208241770890765,-0.0104120885445383,
-0.00446232366194506,-1.11035515325996E-16),.UNSPECIFIED.);
#143=B_SPLINE_CURVE_WITH_KNOTS('',3,(#6458,#6459,#6460,#6461,#6462,#6463),
 .UNSPECIFIED.,.F.,.F.,(4,1,1,4),(-0.02082979047678,-0.0148784217691286,
-0.01041489523839,0.),.UNSPECIFIED.);
#144=B_SPLINE_CURVE_WITH_KNOTS('',3,(#6496,#6497,#6498,#6499,#6500,#6501),
 .UNSPECIFIED.,.F.,.F.,(4,1,1,4),(-0.0208241770890765,-0.0104120885445383,
-0.0059497648825933,0.),.UNSPECIFIED.);
#145=B_SPLINE_CURVE_WITH_KNOTS('',3,(#6537,#6538,#6539,#6540,#6541,#6542),
 .UNSPECIFIED.,.F.,.F.,(4,1,1,4),(-0.0208297904767798,-0.0148784217691284,
-0.0104148952383899,0.),.UNSPECIFIED.);
#146=B_SPLINE_CURVE_WITH_KNOTS('',3,(#6577,#6578,#6579,#6580,#6581,#6582),
 .UNSPECIFIED.,.F.,.F.,(4,1,1,4),(-0.0208241770890764,-0.0104120885445382,
-0.00446232366194494,0.),.UNSPECIFIED.);
#147=B_SPLINE_CURVE_WITH_KNOTS('',3,(#6618,#6619,#6620,#6621,#6622,#6623),
 .UNSPECIFIED.,.F.,.F.,(4,1,1,4),(-0.0208297904767802,-0.0163662639460416,
-0.0104148952383901,-5.6571876462518E-17),.UNSPECIFIED.);
#148=B_SPLINE_CURVE_WITH_KNOTS('',3,(#7204,#7205,#7206,#7207,#7208,#7209),
 .UNSPECIFIED.,.F.,.F.,(4,2,4),(0.,0.0804669977365216,0.0808779809186039),
 .UNSPECIFIED.);
#149=B_SPLINE_CURVE_WITH_KNOTS('',3,(#7211,#7212,#7213,#7214,#7215,#7216),
 .UNSPECIFIED.,.F.,.F.,(4,2,4),(-0.0808779809186039,-0.0804669977365216,
0.),.UNSPECIFIED.);
#150=B_SPLINE_CURVE_WITH_KNOTS('',3,(#7274,#7275,#7276,#7277,#7278),
 .UNSPECIFIED.,.F.,.F.,(4,1,4),(-0.0297656050954053,-0.0170089171973773,
-6.65635258027692E-15),.UNSPECIFIED.);
#151=B_SPLINE_CURVE_WITH_KNOTS('',3,(#7279,#7280,#7281,#7282,#7283),
 .UNSPECIFIED.,.F.,.F.,(4,1,4),(6.65635258027692E-15,0.0170089171973773,
0.0297656050954053),.UNSPECIFIED.);
#152=B_SPLINE_CURVE_WITH_KNOTS('',3,(#7320,#7321,#7322,#7323,#7324,#7325),
 .UNSPECIFIED.,.F.,.F.,(4,2,4),(-0.0804692308460443,0.,0.000408833932884734),
 .UNSPECIFIED.);
#153=B_SPLINE_CURVE_WITH_KNOTS('',3,(#7326,#7327,#7328,#7329,#7330,#7331),
 .UNSPECIFIED.,.F.,.F.,(4,2,4),(-0.000408833932884734,0.,0.0804692308460443),
 .UNSPECIFIED.);
#154=B_SPLINE_CURVE_WITH_KNOTS('',3,(#7388,#7389,#7390,#7391,#7392),
 .UNSPECIFIED.,.F.,.F.,(4,1,4),(-0.0297656050954052,-0.012756687898035,
-7.23740346263075E-15),.UNSPECIFIED.);
#155=B_SPLINE_CURVE_WITH_KNOTS('',3,(#7393,#7394,#7395,#7396,#7397),
 .UNSPECIFIED.,.F.,.F.,(4,1,4),(7.23740346263075E-15,0.012756687898035,
0.0297656050954052),.UNSPECIFIED.);
#156=B_SPLINE_CURVE_WITH_KNOTS('',3,(#7442,#7443,#7444,#7445,#7446,#7447),
 .UNSPECIFIED.,.F.,.F.,(4,2,4),(0.,0.0804692292289667,0.0808780647190282),
 .UNSPECIFIED.);
#157=B_SPLINE_CURVE_WITH_KNOTS('',3,(#7449,#7450,#7451,#7452,#7453,#7454),
 .UNSPECIFIED.,.F.,.F.,(4,2,4),(-0.0808780647190282,-0.0804692292289667,
0.),.UNSPECIFIED.);
#158=B_SPLINE_CURVE_WITH_KNOTS('',3,(#7508,#7509,#7510,#7511,#7512),
 .UNSPECIFIED.,.F.,.F.,(4,1,4),(-0.0297656050954064,-0.0127566878980355,
-7.222774444197E-15),.UNSPECIFIED.);
#159=B_SPLINE_CURVE_WITH_KNOTS('',3,(#7513,#7514,#7515,#7516,#7517),
 .UNSPECIFIED.,.F.,.F.,(4,1,4),(7.222774444197E-15,0.0127566878980355,0.0297656050954064),
 .UNSPECIFIED.);
#160=B_SPLINE_CURVE_WITH_KNOTS('',3,(#7554,#7555,#7556,#7557,#7558,#7559),
 .UNSPECIFIED.,.F.,.F.,(4,2,4),(-0.080469228991779,0.,0.000408835718463578),
 .UNSPECIFIED.);
#161=B_SPLINE_CURVE_WITH_KNOTS('',3,(#7560,#7561,#7562,#7563,#7564,#7565),
 .UNSPECIFIED.,.F.,.F.,(4,2,4),(-0.000408835718463578,0.,0.080469228991779),
 .UNSPECIFIED.);
#162=B_SPLINE_CURVE_WITH_KNOTS('',3,(#7614,#7615,#7616,#7617,#7618),
 .UNSPECIFIED.,.F.,.F.,(4,1,4),(-0.0297656050954053,-0.0170089171973775,
-7.1314863954167E-15),.UNSPECIFIED.);
#163=B_SPLINE_CURVE_WITH_KNOTS('',3,(#7619,#7620,#7621,#7622,#7623),
 .UNSPECIFIED.,.F.,.F.,(4,1,4),(7.1314863954167E-15,0.0170089171973775,
0.0297656050954053),.UNSPECIFIED.);
#164=PLANE('',#3899);
#165=PLANE('',#3998);
#166=PLANE('',#4000);
#167=PLANE('',#4007);
#168=PLANE('',#4010);
#169=PLANE('',#4017);
#170=PLANE('',#4020);
#171=PLANE('',#4023);
#172=PLANE('',#4028);
#173=PLANE('',#4034);
#174=PLANE('',#4047);
#175=PLANE('',#4072);
#176=PLANE('',#4082);
#177=PLANE('',#4099);
#178=PLANE('',#4114);
#179=PLANE('',#4125);
#180=PLANE('',#4142);
#181=PLANE('',#4166);
#182=PLANE('',#4173);
#183=PLANE('',#4177);
#184=PLANE('',#4185);
#185=PLANE('',#4228);
#186=PLANE('',#4244);
#187=PLANE('',#4247);
#188=PLANE('',#4268);
#189=PLANE('',#4271);
#190=PLANE('',#4302);
#191=PLANE('',#4303);
#192=PLANE('',#4304);
#193=PLANE('',#4328);
#194=PLANE('',#4329);
#195=PLANE('',#4336);
#196=PLANE('',#4337);
#197=PLANE('',#4342);
#198=PLANE('',#4346);
#199=PLANE('',#4347);
#200=PLANE('',#4352);
#201=PLANE('',#4353);
#202=PLANE('',#4367);
#203=PLANE('',#4388);
#204=PLANE('',#4389);
#205=PLANE('',#4390);
#206=PLANE('',#4391);
#207=TOROIDAL_SURFACE('',#3872,1.,0.5);
#208=TOROIDAL_SURFACE('',#3878,0.8,0.5);
#209=TOROIDAL_SURFACE('',#3884,0.8,0.5);
#210=TOROIDAL_SURFACE('',#3890,1.,0.5);
#211=TOROIDAL_SURFACE('',#3913,0.3,0.2);
#212=TOROIDAL_SURFACE('',#3920,0.3,0.2);
#213=TOROIDAL_SURFACE('',#3930,0.8,0.5);
#214=TOROIDAL_SURFACE('',#3936,0.3,0.2);
#215=TOROIDAL_SURFACE('',#3941,0.3,0.2);
#216=TOROIDAL_SURFACE('',#3985,0.8,0.5);
#217=TOROIDAL_SURFACE('',#3990,1.,0.5);
#218=TOROIDAL_SURFACE('',#4038,3.2,0.5);
#219=TOROIDAL_SURFACE('',#4043,3.2,0.5);
#220=TOROIDAL_SURFACE('',#4049,2.9,0.2);
#221=TOROIDAL_SURFACE('',#4056,2.9,0.2);
#222=TOROIDAL_SURFACE('',#4060,2.9,0.2);
#223=TOROIDAL_SURFACE('',#4067,2.9,0.2);
#224=TOROIDAL_SURFACE('',#4077,1.6,0.2);
#225=TOROIDAL_SURFACE('',#4087,2.5,0.2);
#226=TOROIDAL_SURFACE('',#4094,2.5,0.2);
#227=TOROIDAL_SURFACE('',#4104,1.6,0.2);
#228=TOROIDAL_SURFACE('',#4111,1.6,0.2);
#229=TOROIDAL_SURFACE('',#4118,1.6,0.2);
#230=TOROIDAL_SURFACE('',#4120,1.6,0.2);
#231=TOROIDAL_SURFACE('',#4130,2.5,0.2);
#232=TOROIDAL_SURFACE('',#4137,2.5,0.2);
#233=TOROIDAL_SURFACE('',#4147,1.6,0.2);
#234=TOROIDAL_SURFACE('',#4154,1.6,0.2);
#235=TOROIDAL_SURFACE('',#4156,1.6,0.2);
#236=TOROIDAL_SURFACE('',#4198,0.5,0.3);
#237=TOROIDAL_SURFACE('',#4203,0.5,0.3);
#238=TOROIDAL_SURFACE('',#4218,0.5,0.3);
#239=TOROIDAL_SURFACE('',#4223,0.5,0.3);
#240=TOROIDAL_SURFACE('',#4293,0.999999999999998,0.5);
#241=TOROIDAL_SURFACE('',#4305,1.,0.5);
#242=TOROIDAL_SURFACE('',#4308,1.,0.500000000000003);
#243=TOROIDAL_SURFACE('',#4358,2.5,0.2);
#244=TOROIDAL_SURFACE('',#4363,2.5,0.2);
#245=TOROIDAL_SURFACE('',#4370,1.6,0.2);
#246=TOROIDAL_SURFACE('',#4377,1.6,0.2);
#247=TOROIDAL_SURFACE('',#4379,1.6,0.2);
#248=TOROIDAL_SURFACE('',#4386,1.6,0.2);
#249=LINE('',#5667,#458);
#250=LINE('',#5668,#459);
#251=LINE('',#5679,#460);
#252=LINE('',#5680,#461);
#253=LINE('',#5691,#462);
#254=LINE('',#5692,#463);
#255=LINE('',#5703,#464);
#256=LINE('',#5704,#465);
#257=LINE('',#5715,#466);
#258=LINE('',#5716,#467);
#259=LINE('',#5723,#468);
#260=LINE('',#5725,#469);
#261=LINE('',#5727,#470);
#262=LINE('',#5731,#471);
#263=LINE('',#5749,#472);
#264=LINE('',#5767,#473);
#265=LINE('',#5769,#474);
#266=LINE('',#5771,#475);
#267=LINE('',#5789,#476);
#268=LINE('',#5807,#477);
#269=LINE('',#5811,#478);
#270=LINE('',#5815,#479);
#271=LINE('',#5816,#480);
#272=LINE('',#5819,#481);
#273=LINE('',#5823,#482);
#274=LINE('',#5827,#483);
#275=LINE('',#5831,#484);
#276=LINE('',#5834,#485);
#277=LINE('',#5988,#486);
#278=LINE('',#5998,#487);
#279=LINE('',#6075,#488);
#280=LINE('',#6076,#489);
#281=LINE('',#6077,#490);
#282=LINE('',#6079,#491);
#283=LINE('',#6080,#492);
#284=LINE('',#6082,#493);
#285=LINE('',#6083,#494);
#286=LINE('',#6110,#495);
#287=LINE('',#6111,#496);
#288=LINE('',#6113,#497);
#289=LINE('',#6114,#498);
#290=LINE('',#6116,#499);
#291=LINE('',#6128,#500);
#292=LINE('',#6129,#501);
#293=LINE('',#6160,#502);
#294=LINE('',#6161,#503);
#295=LINE('',#6163,#504);
#296=LINE('',#6165,#505);
#297=LINE('',#6166,#506);
#298=LINE('',#6168,#507);
#299=LINE('',#6169,#508);
#300=LINE('',#6171,#509);
#301=LINE('',#6172,#510);
#302=LINE('',#6180,#511);
#303=LINE('',#6188,#512);
#304=LINE('',#6195,#513);
#305=LINE('',#6201,#514);
#306=LINE('',#6204,#515);
#307=LINE('',#6209,#516);
#308=LINE('',#6213,#517);
#309=LINE('',#6217,#518);
#310=LINE('',#6224,#519);
#311=LINE('',#6227,#520);
#312=LINE('',#6230,#521);
#313=LINE('',#6233,#522);
#314=LINE('',#6235,#523);
#315=LINE('',#6236,#524);
#316=LINE('',#6239,#525);
#317=LINE('',#6243,#526);
#318=LINE('',#6244,#527);
#319=LINE('',#6247,#528);
#320=LINE('',#6251,#529);
#321=LINE('',#6253,#530);
#322=LINE('',#6259,#531);
#323=LINE('',#6262,#532);
#324=LINE('',#6264,#533);
#325=LINE('',#6268,#534);
#326=LINE('',#6270,#535);
#327=LINE('',#6277,#536);
#328=LINE('',#6283,#537);
#329=LINE('',#6292,#538);
#330=LINE('',#6297,#539);
#331=LINE('',#6300,#540);
#332=LINE('',#6303,#541);
#333=LINE('',#6304,#542);
#334=LINE('',#6627,#543);
#335=LINE('',#6629,#544);
#336=LINE('',#6633,#545);
#337=LINE('',#6637,#546);
#338=LINE('',#6639,#547);
#339=LINE('',#6641,#548);
#340=LINE('',#6645,#549);
#341=LINE('',#6649,#550);
#342=LINE('',#6650,#551);
#343=LINE('',#6664,#552);
#344=LINE('',#6677,#553);
#345=LINE('',#6693,#554);
#346=LINE('',#6703,#555);
#347=LINE('',#6713,#556);
#348=LINE('',#6717,#557);
#349=LINE('',#6719,#558);
#350=LINE('',#6722,#559);
#351=LINE('',#6723,#560);
#352=LINE('',#6741,#561);
#353=LINE('',#6754,#562);
#354=LINE('',#6770,#563);
#355=LINE('',#6780,#564);
#356=LINE('',#7220,#565);
#357=LINE('',#7223,#566);
#358=LINE('',#7286,#567);
#359=LINE('',#7289,#568);
#360=LINE('',#7291,#569);
#361=LINE('',#7361,#570);
#362=LINE('',#7362,#571);
#363=LINE('',#7400,#572);
#364=LINE('',#7406,#573);
#365=LINE('',#7408,#574);
#366=LINE('',#7410,#575);
#367=LINE('',#7414,#576);
#368=LINE('',#7415,#577);
#369=LINE('',#7458,#578);
#370=LINE('',#7520,#579);
#371=LINE('',#7523,#580);
#372=LINE('',#7525,#581);
#373=LINE('',#7656,#582);
#374=LINE('',#7664,#583);
#375=LINE('',#7670,#584);
#376=LINE('',#7674,#585);
#377=LINE('',#7706,#586);
#378=LINE('',#7714,#587);
#379=LINE('',#7720,#588);
#380=LINE('',#7724,#589);
#381=LINE('',#7726,#590);
#382=LINE('',#7730,#591);
#383=LINE('',#7734,#592);
#384=LINE('',#7735,#593);
#385=LINE('',#7758,#594);
#386=LINE('',#7759,#595);
#387=LINE('',#7790,#596);
#388=LINE('',#7793,#597);
#389=LINE('',#7797,#598);
#390=LINE('',#7798,#599);
#391=LINE('',#7801,#600);
#392=LINE('',#7804,#601);
#393=LINE('',#7806,#602);
#394=LINE('',#7808,#603);
#395=LINE('',#7810,#604);
#396=LINE('',#7813,#605);
#397=LINE('',#7815,#606);
#398=LINE('',#7817,#607);
#399=LINE('',#7818,#608);
#400=LINE('',#7835,#609);
#401=LINE('',#7881,#610);
#402=LINE('',#7911,#611);
#403=LINE('',#7914,#612);
#404=LINE('',#7918,#613);
#405=LINE('',#7919,#614);
#406=LINE('',#7922,#615);
#407=LINE('',#7925,#616);
#408=LINE('',#7929,#617);
#409=LINE('',#7931,#618);
#410=LINE('',#7933,#619);
#411=LINE('',#7936,#620);
#412=LINE('',#7938,#621);
#413=LINE('',#7940,#622);
#414=LINE('',#7941,#623);
#415=LINE('',#7957,#624);
#416=LINE('',#7988,#625);
#417=LINE('',#7998,#626);
#418=LINE('',#7999,#627);
#419=LINE('',#8005,#628);
#420=LINE('',#8007,#629);
#421=LINE('',#8015,#630);
#422=LINE('',#8017,#631);
#423=LINE('',#8020,#632);
#424=LINE('',#8021,#633);
#425=LINE('',#8023,#634);
#426=LINE('',#8024,#635);
#427=LINE('',#8038,#636);
#428=LINE('',#8052,#637);
#429=LINE('',#8053,#638);
#430=LINE('',#8055,#639);
#431=LINE('',#8058,#640);
#432=LINE('',#8059,#641);
#433=LINE('',#8061,#642);
#434=LINE('',#8062,#643);
#435=LINE('',#8065,#644);
#436=LINE('',#8071,#645);
#437=LINE('',#8073,#646);
#438=LINE('',#8075,#647);
#439=LINE('',#8077,#648);
#440=LINE('',#8079,#649);
#441=LINE('',#8082,#650);
#442=LINE('',#8085,#651);
#443=LINE('',#8088,#652);
#444=LINE('',#8090,#653);
#445=LINE('',#8092,#654);
#446=LINE('',#8096,#655);
#447=LINE('',#8098,#656);
#448=LINE('',#8100,#657);
#449=LINE('',#8106,#658);
#450=LINE('',#8108,#659);
#451=LINE('',#8110,#660);
#452=LINE('',#8117,#661);
#453=LINE('',#8127,#662);
#454=LINE('',#8128,#663);
#455=LINE('',#8133,#664);
#456=LINE('',#8147,#665);
#457=LINE('',#8163,#666);
#458=VECTOR('',#4406,10.);
#459=VECTOR('',#4407,10.);
#460=VECTOR('',#4420,10.);
#461=VECTOR('',#4421,10.);
#462=VECTOR('',#4434,10.);
#463=VECTOR('',#4435,10.);
#464=VECTOR('',#4448,10.);
#465=VECTOR('',#4449,10.);
#466=VECTOR('',#4462,10.);
#467=VECTOR('',#4463,10.);
#468=VECTOR('',#4472,10.);
#469=VECTOR('',#4473,10.);
#470=VECTOR('',#4474,10.);
#471=VECTOR('',#4477,10.);
#472=VECTOR('',#4480,10.);
#473=VECTOR('',#4483,10.);
#474=VECTOR('',#4484,10.);
#475=VECTOR('',#4485,10.);
#476=VECTOR('',#4488,10.);
#477=VECTOR('',#4491,10.);
#478=VECTOR('',#4494,10.);
#479=VECTOR('',#4497,10.);
#480=VECTOR('',#4498,10.);
#481=VECTOR('',#4499,10.);
#482=VECTOR('',#4502,10.);
#483=VECTOR('',#4507,10.);
#484=VECTOR('',#4512,10.);
#485=VECTOR('',#4515,10.);
#486=VECTOR('',#4546,10.);
#487=VECTOR('',#4563,10.);
#488=VECTOR('',#4614,10.);
#489=VECTOR('',#4615,10.);
#490=VECTOR('',#4616,10.);
#491=VECTOR('',#4619,10.);
#492=VECTOR('',#4620,10.);
#493=VECTOR('',#4623,10.);
#494=VECTOR('',#4624,10.);
#495=VECTOR('',#4633,10.);
#496=VECTOR('',#4634,10.);
#497=VECTOR('',#4637,10.);
#498=VECTOR('',#4638,10.);
#499=VECTOR('',#4641,10.);
#500=VECTOR('',#4654,10.);
#501=VECTOR('',#4655,10.);
#502=VECTOR('',#4670,10.);
#503=VECTOR('',#4671,10.);
#504=VECTOR('',#4674,10.);
#505=VECTOR('',#4675,10.);
#506=VECTOR('',#4676,10.);
#507=VECTOR('',#4679,10.);
#508=VECTOR('',#4680,10.);
#509=VECTOR('',#4683,10.);
#510=VECTOR('',#4684,10.);
#511=VECTOR('',#4695,10.);
#512=VECTOR('',#4706,10.);
#513=VECTOR('',#4715,10.);
#514=VECTOR('',#4722,10.);
#515=VECTOR('',#4725,10.);
#516=VECTOR('',#4732,10.);
#517=VECTOR('',#4737,10.);
#518=VECTOR('',#4740,10.);
#519=VECTOR('',#4753,10.);
#520=VECTOR('',#4756,10.);
#521=VECTOR('',#4759,10.);
#522=VECTOR('',#4762,10.);
#523=VECTOR('',#4763,10.);
#524=VECTOR('',#4764,10.);
#525=VECTOR('',#4767,10.);
#526=VECTOR('',#4772,10.);
#527=VECTOR('',#4773,10.);
#528=VECTOR('',#4776,10.);
#529=VECTOR('',#4781,10.);
#530=VECTOR('',#4782,10.);
#531=VECTOR('',#4789,10.);
#532=VECTOR('',#4794,10.);
#533=VECTOR('',#4795,10.);
#534=VECTOR('',#4798,10.);
#535=VECTOR('',#4799,10.);
#536=VECTOR('',#4808,10.);
#537=VECTOR('',#4815,10.);
#538=VECTOR('',#4828,10.);
#539=VECTOR('',#4835,10.);
#540=VECTOR('',#4838,10.);
#541=VECTOR('',#4841,10.);
#542=VECTOR('',#4842,10.);
#543=VECTOR('',#4893,10.);
#544=VECTOR('',#4894,10.);
#545=VECTOR('',#4897,10.);
#546=VECTOR('',#4900,10.);
#547=VECTOR('',#4901,10.);
#548=VECTOR('',#4902,10.);
#549=VECTOR('',#4905,10.);
#550=VECTOR('',#4908,10.);
#551=VECTOR('',#4909,10.);
#552=VECTOR('',#4926,1.4);
#553=VECTOR('',#4943,2.7);
#554=VECTOR('',#4964,2.7);
#555=VECTOR('',#4977,1.4);
#556=VECTOR('',#4990,10.);
#557=VECTOR('',#4993,10.);
#558=VECTOR('',#4994,10.);
#559=VECTOR('',#4997,10.);
#560=VECTOR('',#4998,10.);
#561=VECTOR('',#5021,1.4);
#562=VECTOR('',#5038,2.7);
#563=VECTOR('',#5059,2.7);
#564=VECTOR('',#5072,1.4);
#565=VECTOR('',#5089,10.);
#566=VECTOR('',#5092,10.);
#567=VECTOR('',#5101,10.);
#568=VECTOR('',#5104,10.);
#569=VECTOR('',#5107,10.);
#570=VECTOR('',#5120,10.);
#571=VECTOR('',#5121,10.);
#572=VECTOR('',#5124,10.);
#573=VECTOR('',#5129,10.);
#574=VECTOR('',#5130,10.);
#575=VECTOR('',#5131,10.);
#576=VECTOR('',#5136,10.);
#577=VECTOR('',#5137,10.);
#578=VECTOR('',#5142,10.);
#579=VECTOR('',#5151,10.);
#580=VECTOR('',#5154,10.);
#581=VECTOR('',#5157,10.);
#582=VECTOR('',#5182,10.);
#583=VECTOR('',#5193,10.);
#584=VECTOR('',#5202,10.);
#585=VECTOR('',#5207,10.);
#586=VECTOR('',#5226,10.);
#587=VECTOR('',#5237,10.);
#588=VECTOR('',#5246,10.);
#589=VECTOR('',#5251,10.);
#590=VECTOR('',#5252,10.);
#591=VECTOR('',#5255,10.);
#592=VECTOR('',#5258,10.);
#593=VECTOR('',#5259,10.);
#594=VECTOR('',#5274,10.);
#595=VECTOR('',#5275,10.);
#596=VECTOR('',#5284,10.);
#597=VECTOR('',#5287,10.);
#598=VECTOR('',#5292,10.);
#599=VECTOR('',#5293,10.);
#600=VECTOR('',#5296,10.);
#601=VECTOR('',#5301,10.);
#602=VECTOR('',#5302,10.);
#603=VECTOR('',#5303,10.);
#604=VECTOR('',#5304,10.);
#605=VECTOR('',#5307,10.);
#606=VECTOR('',#5308,10.);
#607=VECTOR('',#5309,10.);
#608=VECTOR('',#5310,10.);
#609=VECTOR('',#5321,10.);
#610=VECTOR('',#5340,10.);
#611=VECTOR('',#5347,10.);
#612=VECTOR('',#5350,10.);
#613=VECTOR('',#5355,10.);
#614=VECTOR('',#5356,10.);
#615=VECTOR('',#5359,10.);
#616=VECTOR('',#5364,10.);
#617=VECTOR('',#5367,10.);
#618=VECTOR('',#5368,10.);
#619=VECTOR('',#5369,10.);
#620=VECTOR('',#5372,10.);
#621=VECTOR('',#5373,10.);
#622=VECTOR('',#5374,10.);
#623=VECTOR('',#5375,10.);
#624=VECTOR('',#5384,10.);
#625=VECTOR('',#5393,10.);
#626=VECTOR('',#5406,10.);
#627=VECTOR('',#5407,10.);
#628=VECTOR('',#5416,10.);
#629=VECTOR('',#5417,10.);
#630=VECTOR('',#5430,10.);
#631=VECTOR('',#5433,10.);
#632=VECTOR('',#5438,10.);
#633=VECTOR('',#5439,10.);
#634=VECTOR('',#5442,10.);
#635=VECTOR('',#5443,10.);
#636=VECTOR('',#5466,10.);
#637=VECTOR('',#5485,10.);
#638=VECTOR('',#5486,10.);
#639=VECTOR('',#5489,10.);
#640=VECTOR('',#5494,10.);
#641=VECTOR('',#5495,10.);
#642=VECTOR('',#5498,10.);
#643=VECTOR('',#5499,10.);
#644=VECTOR('',#5504,10.);
#645=VECTOR('',#5513,10.);
#646=VECTOR('',#5516,10.);
#647=VECTOR('',#5519,10.);
#648=VECTOR('',#5522,10.);
#649=VECTOR('',#5525,10.);
#650=VECTOR('',#5530,10.);
#651=VECTOR('',#5533,10.);
#652=VECTOR('',#5538,10.);
#653=VECTOR('',#5541,10.);
#654=VECTOR('',#5544,10.);
#655=VECTOR('',#5549,10.);
#656=VECTOR('',#5552,10.);
#657=VECTOR('',#5555,10.);
#658=VECTOR('',#5564,10.);
#659=VECTOR('',#5567,10.);
#660=VECTOR('',#5570,10.);
#661=VECTOR('',#5579,10.);
#662=VECTOR('',#5592,10.);
#663=VECTOR('',#5593,10.);
#664=VECTOR('',#5602,10.);
#665=VECTOR('',#5619,1.4);
#666=VECTOR('',#5640,1.4);
#667=CYLINDRICAL_SURFACE('',#3870,0.5);
#668=CYLINDRICAL_SURFACE('',#3876,0.5);
#669=CYLINDRICAL_SURFACE('',#3882,0.5);
#670=CYLINDRICAL_SURFACE('',#3888,0.5);
#671=CYLINDRICAL_SURFACE('',#3894,0.5);
#672=CYLINDRICAL_SURFACE('',#3909,0.5);
#673=CYLINDRICAL_SURFACE('',#3911,0.5);
#674=CYLINDRICAL_SURFACE('',#3927,0.5);
#675=CYLINDRICAL_SURFACE('',#3935,0.5);
#676=CYLINDRICAL_SURFACE('',#3960,0.5);
#677=CYLINDRICAL_SURFACE('',#3961,0.5);
#678=CYLINDRICAL_SURFACE('',#3962,0.5);
#679=CYLINDRICAL_SURFACE('',#3966,0.5);
#680=CYLINDRICAL_SURFACE('',#3967,0.5);
#681=CYLINDRICAL_SURFACE('',#3968,0.5);
#682=CYLINDRICAL_SURFACE('',#3973,0.5);
#683=CYLINDRICAL_SURFACE('',#3981,0.5);
#684=CYLINDRICAL_SURFACE('',#3982,0.5);
#685=CYLINDRICAL_SURFACE('',#3983,0.5);
#686=CYLINDRICAL_SURFACE('',#3984,0.5);
#687=CYLINDRICAL_SURFACE('',#3988,0.5);
#688=CYLINDRICAL_SURFACE('',#3993,0.5);
#689=CYLINDRICAL_SURFACE('',#4003,0.2);
#690=CYLINDRICAL_SURFACE('',#4005,0.2);
#691=CYLINDRICAL_SURFACE('',#4012,0.2);
#692=CYLINDRICAL_SURFACE('',#4014,0.5);
#693=CYLINDRICAL_SURFACE('',#4015,0.5);
#694=CYLINDRICAL_SURFACE('',#4018,0.5);
#695=CYLINDRICAL_SURFACE('',#4021,0.3);
#696=CYLINDRICAL_SURFACE('',#4026,0.2);
#697=CYLINDRICAL_SURFACE('',#4033,0.2);
#698=CYLINDRICAL_SURFACE('',#4035,0.5);
#699=CYLINDRICAL_SURFACE('',#4041,0.5);
#700=CYLINDRICAL_SURFACE('',#4045,2.7);
#701=CYLINDRICAL_SURFACE('',#4053,0.2);
#702=CYLINDRICAL_SURFACE('',#4064,0.2);
#703=CYLINDRICAL_SURFACE('',#4071,0.2);
#704=CYLINDRICAL_SURFACE('',#4084,1.4);
#705=CYLINDRICAL_SURFACE('',#4091,2.7);
#706=CYLINDRICAL_SURFACE('',#4101,2.7);
#707=CYLINDRICAL_SURFACE('',#4108,1.4);
#708=CYLINDRICAL_SURFACE('',#4127,1.4);
#709=CYLINDRICAL_SURFACE('',#4134,2.7);
#710=CYLINDRICAL_SURFACE('',#4144,2.7);
#711=CYLINDRICAL_SURFACE('',#4151,1.4);
#712=CYLINDRICAL_SURFACE('',#4159,0.3);
#713=CYLINDRICAL_SURFACE('',#4164,0.5);
#714=CYLINDRICAL_SURFACE('',#4172,0.3);
#715=CYLINDRICAL_SURFACE('',#4179,0.3);
#716=CYLINDRICAL_SURFACE('',#4183,0.5);
#717=CYLINDRICAL_SURFACE('',#4196,0.3);
#718=CYLINDRICAL_SURFACE('',#4201,0.3);
#719=CYLINDRICAL_SURFACE('',#4206,0.3);
#720=CYLINDRICAL_SURFACE('',#4207,0.2);
#721=CYLINDRICAL_SURFACE('',#4209,0.2);
#722=CYLINDRICAL_SURFACE('',#4216,0.3);
#723=CYLINDRICAL_SURFACE('',#4221,0.3);
#724=CYLINDRICAL_SURFACE('',#4226,0.3);
#725=CYLINDRICAL_SURFACE('',#4227,0.2);
#726=CYLINDRICAL_SURFACE('',#4236,0.3);
#727=CYLINDRICAL_SURFACE('',#4241,0.3);
#728=CYLINDRICAL_SURFACE('',#4242,0.2);
#729=CYLINDRICAL_SURFACE('',#4245,0.2);
#730=CYLINDRICAL_SURFACE('',#4252,0.3);
#731=CYLINDRICAL_SURFACE('',#4256,0.3);
#732=CYLINDRICAL_SURFACE('',#4257,0.2);
#733=CYLINDRICAL_SURFACE('',#4261,0.3);
#734=CYLINDRICAL_SURFACE('',#4265,0.3);
#735=CYLINDRICAL_SURFACE('',#4266,0.2);
#736=CYLINDRICAL_SURFACE('',#4269,0.2);
#737=CYLINDRICAL_SURFACE('',#4276,0.3);
#738=CYLINDRICAL_SURFACE('',#4280,0.3);
#739=CYLINDRICAL_SURFACE('',#4281,0.5);
#740=CYLINDRICAL_SURFACE('',#4287,0.5);
#741=CYLINDRICAL_SURFACE('',#4291,0.5);
#742=CYLINDRICAL_SURFACE('',#4297,0.5);
#743=CYLINDRICAL_SURFACE('',#4298,0.5);
#744=CYLINDRICAL_SURFACE('',#4299,0.5);
#745=CYLINDRICAL_SURFACE('',#4300,0.5);
#746=CYLINDRICAL_SURFACE('',#4301,0.5);
#747=CYLINDRICAL_SURFACE('',#4311,0.5);
#748=CYLINDRICAL_SURFACE('',#4312,0.5);
#749=CYLINDRICAL_SURFACE('',#4321,0.5);
#750=CYLINDRICAL_SURFACE('',#4322,0.5);
#751=CYLINDRICAL_SURFACE('',#4324,0.5);
#752=CYLINDRICAL_SURFACE('',#4325,0.5);
#753=CYLINDRICAL_SURFACE('',#4326,0.5);
#754=CYLINDRICAL_SURFACE('',#4327,0.5);
#755=CYLINDRICAL_SURFACE('',#4330,0.2);
#756=CYLINDRICAL_SURFACE('',#4332,0.2);
#757=CYLINDRICAL_SURFACE('',#4333,0.2);
#758=CYLINDRICAL_SURFACE('',#4334,0.2);
#759=CYLINDRICAL_SURFACE('',#4335,0.2);
#760=CYLINDRICAL_SURFACE('',#4338,0.2);
#761=CYLINDRICAL_SURFACE('',#4340,0.2);
#762=CYLINDRICAL_SURFACE('',#4341,0.2);
#763=CYLINDRICAL_SURFACE('',#4343,0.2);
#764=CYLINDRICAL_SURFACE('',#4345,0.2);
#765=CYLINDRICAL_SURFACE('',#4348,0.2);
#766=CYLINDRICAL_SURFACE('',#4349,0.2);
#767=CYLINDRICAL_SURFACE('',#4351,0.2);
#768=CYLINDRICAL_SURFACE('',#4354,0.2);
#769=CYLINDRICAL_SURFACE('',#4355,0.2);
#770=CYLINDRICAL_SURFACE('',#4361,0.2);
#771=CYLINDRICAL_SURFACE('',#4366,2.7);
#772=CYLINDRICAL_SURFACE('',#4374,1.4);
#773=CYLINDRICAL_SURFACE('',#4383,1.4);
#774=FACE_OUTER_BOUND('',#1022,.T.);
#775=FACE_OUTER_BOUND('',#1023,.T.);
#776=FACE_OUTER_BOUND('',#1024,.T.);
#777=FACE_OUTER_BOUND('',#1025,.T.);
#778=FACE_OUTER_BOUND('',#1026,.T.);
#779=FACE_OUTER_BOUND('',#1027,.T.);
#780=FACE_OUTER_BOUND('',#1028,.T.);
#781=FACE_OUTER_BOUND('',#1029,.T.);
#782=FACE_OUTER_BOUND('',#1030,.T.);
#783=FACE_OUTER_BOUND('',#1031,.T.);
#784=FACE_OUTER_BOUND('',#1032,.T.);
#785=FACE_OUTER_BOUND('',#1033,.T.);
#786=FACE_OUTER_BOUND('',#1035,.T.);
#787=FACE_OUTER_BOUND('',#1036,.T.);
#788=FACE_OUTER_BOUND('',#1037,.T.);
#789=FACE_OUTER_BOUND('',#1038,.T.);
#790=FACE_OUTER_BOUND('',#1039,.T.);
#791=FACE_OUTER_BOUND('',#1040,.T.);
#792=FACE_OUTER_BOUND('',#1041,.T.);
#793=FACE_OUTER_BOUND('',#1042,.T.);
#794=FACE_OUTER_BOUND('',#1043,.T.);
#795=FACE_OUTER_BOUND('',#1044,.T.);
#796=FACE_OUTER_BOUND('',#1045,.T.);
#797=FACE_OUTER_BOUND('',#1046,.T.);
#798=FACE_OUTER_BOUND('',#1047,.T.);
#799=FACE_OUTER_BOUND('',#1048,.T.);
#800=FACE_OUTER_BOUND('',#1049,.T.);
#801=FACE_OUTER_BOUND('',#1050,.T.);
#802=FACE_OUTER_BOUND('',#1051,.T.);
#803=FACE_OUTER_BOUND('',#1052,.T.);
#804=FACE_OUTER_BOUND('',#1053,.T.);
#805=FACE_OUTER_BOUND('',#1054,.T.);
#806=FACE_OUTER_BOUND('',#1055,.T.);
#807=FACE_OUTER_BOUND('',#1056,.T.);
#808=FACE_OUTER_BOUND('',#1057,.T.);
#809=FACE_OUTER_BOUND('',#1058,.T.);
#810=FACE_OUTER_BOUND('',#1059,.T.);
#811=FACE_OUTER_BOUND('',#1060,.T.);
#812=FACE_OUTER_BOUND('',#1061,.T.);
#813=FACE_OUTER_BOUND('',#1062,.T.);
#814=FACE_OUTER_BOUND('',#1063,.T.);
#815=FACE_OUTER_BOUND('',#1064,.T.);
#816=FACE_OUTER_BOUND('',#1065,.T.);
#817=FACE_OUTER_BOUND('',#1066,.T.);
#818=FACE_OUTER_BOUND('',#1067,.T.);
#819=FACE_OUTER_BOUND('',#1068,.T.);
#820=FACE_OUTER_BOUND('',#1069,.T.);
#821=FACE_OUTER_BOUND('',#1070,.T.);
#822=FACE_OUTER_BOUND('',#1071,.T.);
#823=FACE_OUTER_BOUND('',#1072,.T.);
#824=FACE_OUTER_BOUND('',#1073,.T.);
#825=FACE_OUTER_BOUND('',#1074,.T.);
#826=FACE_OUTER_BOUND('',#1075,.T.);
#827=FACE_OUTER_BOUND('',#1076,.T.);
#828=FACE_OUTER_BOUND('',#1077,.T.);
#829=FACE_OUTER_BOUND('',#1078,.T.);
#830=FACE_OUTER_BOUND('',#1079,.T.);
#831=FACE_OUTER_BOUND('',#1080,.T.);
#832=FACE_OUTER_BOUND('',#1081,.T.);
#833=FACE_OUTER_BOUND('',#1082,.T.);
#834=FACE_OUTER_BOUND('',#1083,.T.);
#835=FACE_OUTER_BOUND('',#1084,.T.);
#836=FACE_OUTER_BOUND('',#1085,.T.);
#837=FACE_OUTER_BOUND('',#1086,.T.);
#838=FACE_OUTER_BOUND('',#1087,.T.);
#839=FACE_OUTER_BOUND('',#1088,.T.);
#840=FACE_OUTER_BOUND('',#1091,.T.);
#841=FACE_OUTER_BOUND('',#1092,.T.);
#842=FACE_OUTER_BOUND('',#1093,.T.);
#843=FACE_OUTER_BOUND('',#1094,.T.);
#844=FACE_OUTER_BOUND('',#1095,.T.);
#845=FACE_OUTER_BOUND('',#1096,.T.);
#846=FACE_OUTER_BOUND('',#1097,.T.);
#847=FACE_OUTER_BOUND('',#1098,.T.);
#848=FACE_OUTER_BOUND('',#1099,.T.);
#849=FACE_OUTER_BOUND('',#1100,.T.);
#850=FACE_OUTER_BOUND('',#1101,.T.);
#851=FACE_OUTER_BOUND('',#1102,.T.);
#852=FACE_OUTER_BOUND('',#1103,.T.);
#853=FACE_OUTER_BOUND('',#1104,.T.);
#854=FACE_OUTER_BOUND('',#1105,.T.);
#855=FACE_OUTER_BOUND('',#1106,.T.);
#856=FACE_OUTER_BOUND('',#1107,.T.);
#857=FACE_OUTER_BOUND('',#1108,.T.);
#858=FACE_OUTER_BOUND('',#1109,.T.);
#859=FACE_OUTER_BOUND('',#1110,.T.);
#860=FACE_OUTER_BOUND('',#1111,.T.);
#861=FACE_OUTER_BOUND('',#1112,.T.);
#862=FACE_OUTER_BOUND('',#1113,.T.);
#863=FACE_OUTER_BOUND('',#1114,.T.);
#864=FACE_OUTER_BOUND('',#1115,.T.);
#865=FACE_OUTER_BOUND('',#1116,.T.);
#866=FACE_OUTER_BOUND('',#1118,.T.);
#867=FACE_OUTER_BOUND('',#1119,.T.);
#868=FACE_OUTER_BOUND('',#1120,.T.);
#869=FACE_OUTER_BOUND('',#1121,.T.);
#870=FACE_OUTER_BOUND('',#1122,.T.);
#871=FACE_OUTER_BOUND('',#1124,.T.);
#872=FACE_OUTER_BOUND('',#1125,.T.);
#873=FACE_OUTER_BOUND('',#1126,.T.);
#874=FACE_OUTER_BOUND('',#1127,.T.);
#875=FACE_OUTER_BOUND('',#1128,.T.);
#876=FACE_OUTER_BOUND('',#1131,.T.);
#877=FACE_OUTER_BOUND('',#1132,.T.);
#878=FACE_OUTER_BOUND('',#1133,.T.);
#879=FACE_OUTER_BOUND('',#1135,.T.);
#880=FACE_OUTER_BOUND('',#1136,.T.);
#881=FACE_OUTER_BOUND('',#1137,.T.);
#882=FACE_OUTER_BOUND('',#1138,.T.);
#883=FACE_OUTER_BOUND('',#1139,.T.);
#884=FACE_OUTER_BOUND('',#1141,.T.);
#885=FACE_OUTER_BOUND('',#1142,.T.);
#886=FACE_OUTER_BOUND('',#1143,.T.);
#887=FACE_OUTER_BOUND('',#1144,.T.);
#888=FACE_OUTER_BOUND('',#1145,.T.);
#889=FACE_OUTER_BOUND('',#1146,.T.);
#890=FACE_OUTER_BOUND('',#1147,.T.);
#891=FACE_OUTER_BOUND('',#1148,.T.);
#892=FACE_OUTER_BOUND('',#1149,.T.);
#893=FACE_OUTER_BOUND('',#1150,.T.);
#894=FACE_OUTER_BOUND('',#1151,.T.);
#895=FACE_OUTER_BOUND('',#1152,.T.);
#896=FACE_OUTER_BOUND('',#1153,.T.);
#897=FACE_OUTER_BOUND('',#1154,.T.);
#898=FACE_OUTER_BOUND('',#1155,.T.);
#899=FACE_OUTER_BOUND('',#1156,.T.);
#900=FACE_OUTER_BOUND('',#1157,.T.);
#901=FACE_OUTER_BOUND('',#1158,.T.);
#902=FACE_OUTER_BOUND('',#1159,.T.);
#903=FACE_OUTER_BOUND('',#1160,.T.);
#904=FACE_OUTER_BOUND('',#1161,.T.);
#905=FACE_OUTER_BOUND('',#1162,.T.);
#906=FACE_OUTER_BOUND('',#1163,.T.);
#907=FACE_OUTER_BOUND('',#1164,.T.);
#908=FACE_OUTER_BOUND('',#1165,.T.);
#909=FACE_OUTER_BOUND('',#1166,.T.);
#910=FACE_OUTER_BOUND('',#1167,.T.);
#911=FACE_OUTER_BOUND('',#1168,.T.);
#912=FACE_OUTER_BOUND('',#1169,.T.);
#913=FACE_OUTER_BOUND('',#1170,.T.);
#914=FACE_OUTER_BOUND('',#1171,.T.);
#915=FACE_OUTER_BOUND('',#1172,.T.);
#916=FACE_OUTER_BOUND('',#1173,.T.);
#917=FACE_OUTER_BOUND('',#1174,.T.);
#918=FACE_OUTER_BOUND('',#1175,.T.);
#919=FACE_OUTER_BOUND('',#1176,.T.);
#920=FACE_OUTER_BOUND('',#1177,.T.);
#921=FACE_OUTER_BOUND('',#1178,.T.);
#922=FACE_OUTER_BOUND('',#1179,.T.);
#923=FACE_OUTER_BOUND('',#1180,.T.);
#924=FACE_OUTER_BOUND('',#1181,.T.);
#925=FACE_OUTER_BOUND('',#1182,.T.);
#926=FACE_OUTER_BOUND('',#1183,.T.);
#927=FACE_OUTER_BOUND('',#1184,.T.);
#928=FACE_OUTER_BOUND('',#1185,.T.);
#929=FACE_OUTER_BOUND('',#1186,.T.);
#930=FACE_OUTER_BOUND('',#1187,.T.);
#931=FACE_OUTER_BOUND('',#1188,.T.);
#932=FACE_OUTER_BOUND('',#1191,.T.);
#933=FACE_OUTER_BOUND('',#1192,.T.);
#934=FACE_OUTER_BOUND('',#1193,.T.);
#935=FACE_OUTER_BOUND('',#1194,.T.);
#936=FACE_OUTER_BOUND('',#1195,.T.);
#937=FACE_OUTER_BOUND('',#1196,.T.);
#938=FACE_OUTER_BOUND('',#1197,.T.);
#939=FACE_OUTER_BOUND('',#1198,.T.);
#940=FACE_OUTER_BOUND('',#1199,.T.);
#941=FACE_OUTER_BOUND('',#1200,.T.);
#942=FACE_OUTER_BOUND('',#1201,.T.);
#943=FACE_OUTER_BOUND('',#1202,.T.);
#944=FACE_OUTER_BOUND('',#1203,.T.);
#945=FACE_OUTER_BOUND('',#1204,.T.);
#946=FACE_OUTER_BOUND('',#1205,.T.);
#947=FACE_OUTER_BOUND('',#1206,.T.);
#948=FACE_OUTER_BOUND('',#1207,.T.);
#949=FACE_OUTER_BOUND('',#1208,.T.);
#950=FACE_OUTER_BOUND('',#1209,.T.);
#951=FACE_OUTER_BOUND('',#1210,.T.);
#952=FACE_OUTER_BOUND('',#1211,.T.);
#953=FACE_OUTER_BOUND('',#1212,.T.);
#954=FACE_OUTER_BOUND('',#1213,.T.);
#955=FACE_OUTER_BOUND('',#1214,.T.);
#956=FACE_OUTER_BOUND('',#1215,.T.);
#957=FACE_OUTER_BOUND('',#1216,.T.);
#958=FACE_OUTER_BOUND('',#1217,.T.);
#959=FACE_OUTER_BOUND('',#1218,.T.);
#960=FACE_OUTER_BOUND('',#1219,.T.);
#961=FACE_OUTER_BOUND('',#1220,.T.);
#962=FACE_OUTER_BOUND('',#1221,.T.);
#963=FACE_OUTER_BOUND('',#1222,.T.);
#964=FACE_OUTER_BOUND('',#1223,.T.);
#965=FACE_OUTER_BOUND('',#1224,.T.);
#966=FACE_OUTER_BOUND('',#1225,.T.);
#967=FACE_OUTER_BOUND('',#1226,.T.);
#968=FACE_OUTER_BOUND('',#1227,.T.);
#969=FACE_OUTER_BOUND('',#1228,.T.);
#970=FACE_OUTER_BOUND('',#1229,.T.);
#971=FACE_OUTER_BOUND('',#1230,.T.);
#972=FACE_OUTER_BOUND('',#1231,.T.);
#973=FACE_OUTER_BOUND('',#1232,.T.);
#974=FACE_OUTER_BOUND('',#1233,.T.);
#975=FACE_OUTER_BOUND('',#1234,.T.);
#976=FACE_OUTER_BOUND('',#1235,.T.);
#977=FACE_OUTER_BOUND('',#1236,.T.);
#978=FACE_OUTER_BOUND('',#1237,.T.);
#979=FACE_OUTER_BOUND('',#1238,.T.);
#980=FACE_OUTER_BOUND('',#1239,.T.);
#981=FACE_OUTER_BOUND('',#1240,.T.);
#982=FACE_OUTER_BOUND('',#1241,.T.);
#983=FACE_OUTER_BOUND('',#1242,.T.);
#984=FACE_OUTER_BOUND('',#1243,.T.);
#985=FACE_OUTER_BOUND('',#1244,.T.);
#986=FACE_OUTER_BOUND('',#1245,.T.);
#987=FACE_OUTER_BOUND('',#1246,.T.);
#988=FACE_OUTER_BOUND('',#1247,.T.);
#989=FACE_OUTER_BOUND('',#1248,.T.);
#990=FACE_OUTER_BOUND('',#1249,.T.);
#991=FACE_OUTER_BOUND('',#1250,.T.);
#992=FACE_OUTER_BOUND('',#1251,.T.);
#993=FACE_OUTER_BOUND('',#1252,.T.);
#994=FACE_OUTER_BOUND('',#1253,.T.);
#995=FACE_OUTER_BOUND('',#1254,.T.);
#996=FACE_OUTER_BOUND('',#1255,.T.);
#997=FACE_OUTER_BOUND('',#1256,.T.);
#998=FACE_OUTER_BOUND('',#1257,.T.);
#999=FACE_OUTER_BOUND('',#1258,.T.);
#1000=FACE_OUTER_BOUND('',#1259,.T.);
#1001=FACE_OUTER_BOUND('',#1260,.T.);
#1002=FACE_OUTER_BOUND('',#1261,.T.);
#1003=FACE_OUTER_BOUND('',#1262,.T.);
#1004=FACE_OUTER_BOUND('',#1263,.T.);
#1005=FACE_OUTER_BOUND('',#1264,.T.);
#1006=FACE_OUTER_BOUND('',#1265,.T.);
#1007=FACE_OUTER_BOUND('',#1266,.T.);
#1008=FACE_OUTER_BOUND('',#1267,.T.);
#1009=FACE_OUTER_BOUND('',#1268,.T.);
#1010=FACE_OUTER_BOUND('',#1269,.T.);
#1011=FACE_OUTER_BOUND('',#1270,.T.);
#1012=FACE_OUTER_BOUND('',#1273,.T.);
#1013=FACE_OUTER_BOUND('',#1274,.T.);
#1014=FACE_OUTER_BOUND('',#1275,.T.);
#1015=FACE_OUTER_BOUND('',#1276,.T.);
#1016=FACE_OUTER_BOUND('',#1277,.T.);
#1017=FACE_OUTER_BOUND('',#1278,.T.);
#1018=FACE_OUTER_BOUND('',#1279,.T.);
#1019=FACE_OUTER_BOUND('',#1280,.T.);
#1020=FACE_OUTER_BOUND('',#1281,.T.);
#1021=FACE_OUTER_BOUND('',#1282,.T.);
#1022=EDGE_LOOP('',(#2450,#2451,#2452));
#1023=EDGE_LOOP('',(#2453,#2454,#2455,#2456));
#1024=EDGE_LOOP('',(#2457,#2458,#2459,#2460));
#1025=EDGE_LOOP('',(#2461,#2462,#2463,#2464));
#1026=EDGE_LOOP('',(#2465,#2466,#2467,#2468));
#1027=EDGE_LOOP('',(#2469,#2470,#2471,#2472));
#1028=EDGE_LOOP('',(#2473,#2474,#2475,#2476));
#1029=EDGE_LOOP('',(#2477,#2478,#2479,#2480));
#1030=EDGE_LOOP('',(#2481,#2482,#2483,#2484));
#1031=EDGE_LOOP('',(#2485,#2486,#2487,#2488));
#1032=EDGE_LOOP('',(#2489,#2490,#2491));
#1033=EDGE_LOOP('',(#2492,#2493,#2494,#2495,#2496,#2497,#2498,#2499,#2500,
#2501,#2502,#2503,#2504,#2505,#2506,#2507,#2508,#2509,#2510,#2511,#2512,
#2513,#2514,#2515,#2516,#2517,#2518,#2519,#2520,#2521,#2522,#2523,#2524,
#2525,#2526,#2527,#2528));
#1034=EDGE_LOOP('',(#2529,#2530,#2531,#2532));
#1035=EDGE_LOOP('',(#2533,#2534,#2535,#2536));
#1036=EDGE_LOOP('',(#2537,#2538,#2539,#2540));
#1037=EDGE_LOOP('',(#2541,#2542,#2543,#2544));
#1038=EDGE_LOOP('',(#2545,#2546,#2547,#2548));
#1039=EDGE_LOOP('',(#2549,#2550,#2551));
#1040=EDGE_LOOP('',(#2552,#2553,#2554,#2555));
#1041=EDGE_LOOP('',(#2556,#2557,#2558,#2559));
#1042=EDGE_LOOP('',(#2560,#2561,#2562));
#1043=EDGE_LOOP('',(#2563,#2564,#2565,#2566));
#1044=EDGE_LOOP('',(#2567,#2568,#2569,#2570,#2571));
#1045=EDGE_LOOP('',(#2572,#2573,#2574));
#1046=EDGE_LOOP('',(#2575,#2576,#2577,#2578));
#1047=EDGE_LOOP('',(#2579,#2580,#2581,#2582));
#1048=EDGE_LOOP('',(#2583,#2584,#2585,#2586));
#1049=EDGE_LOOP('',(#2587,#2588,#2589));
#1050=EDGE_LOOP('',(#2590,#2591,#2592));
#1051=EDGE_LOOP('',(#2593,#2594,#2595));
#1052=EDGE_LOOP('',(#2596,#2597,#2598));
#1053=EDGE_LOOP('',(#2599,#2600,#2601,#2602,#2603));
#1054=EDGE_LOOP('',(#2604,#2605,#2606,#2607));
#1055=EDGE_LOOP('',(#2608,#2609,#2610,#2611));
#1056=EDGE_LOOP('',(#2612,#2613,#2614,#2615));
#1057=EDGE_LOOP('',(#2616,#2617,#2618,#2619));
#1058=EDGE_LOOP('',(#2620,#2621,#2622,#2623));
#1059=EDGE_LOOP('',(#2624,#2625,#2626,#2627));
#1060=EDGE_LOOP('',(#2628,#2629,#2630));
#1061=EDGE_LOOP('',(#2631,#2632,#2633,#2634));
#1062=EDGE_LOOP('',(#2635,#2636,#2637,#2638));
#1063=EDGE_LOOP('',(#2639,#2640,#2641));
#1064=EDGE_LOOP('',(#2642,#2643,#2644,#2645));
#1065=EDGE_LOOP('',(#2646,#2647,#2648,#2649,#2650));
#1066=EDGE_LOOP('',(#2651,#2652,#2653,#2654));
#1067=EDGE_LOOP('',(#2655,#2656,#2657,#2658));
#1068=EDGE_LOOP('',(#2659,#2660,#2661,#2662,#2663));
#1069=EDGE_LOOP('',(#2664,#2665,#2666,#2667));
#1070=EDGE_LOOP('',(#2668,#2669,#2670,#2671));
#1071=EDGE_LOOP('',(#2672,#2673,#2674,#2675));
#1072=EDGE_LOOP('',(#2676,#2677,#2678));
#1073=EDGE_LOOP('',(#2679,#2680,#2681));
#1074=EDGE_LOOP('',(#2682,#2683,#2684,#2685,#2686,#2687,#2688,#2689,#2690));
#1075=EDGE_LOOP('',(#2691,#2692,#2693,#2694));
#1076=EDGE_LOOP('',(#2695,#2696,#2697,#2698));
#1077=EDGE_LOOP('',(#2699,#2700,#2701,#2702,#2703,#2704,#2705,#2706,#2707));
#1078=EDGE_LOOP('',(#2708,#2709,#2710));
#1079=EDGE_LOOP('',(#2711,#2712,#2713,#2714));
#1080=EDGE_LOOP('',(#2715,#2716,#2717,#2718));
#1081=EDGE_LOOP('',(#2719,#2720,#2721,#2722));
#1082=EDGE_LOOP('',(#2723,#2724,#2725,#2726,#2727));
#1083=EDGE_LOOP('',(#2728,#2729,#2730,#2731));
#1084=EDGE_LOOP('',(#2732,#2733,#2734,#2735));
#1085=EDGE_LOOP('',(#2736,#2737,#2738,#2739,#2740));
#1086=EDGE_LOOP('',(#2741,#2742,#2743,#2744,#2745,#2746,#2747));
#1087=EDGE_LOOP('',(#2748,#2749,#2750,#2751));
#1088=EDGE_LOOP('',(#2752,#2753,#2754,#2755,#2756,#2757,#2758,#2759,#2760));
#1089=EDGE_LOOP('',(#2761));
#1090=EDGE_LOOP('',(#2762));
#1091=EDGE_LOOP('',(#2763,#2764,#2765,#2766));
#1092=EDGE_LOOP('',(#2767,#2768,#2769,#2770));
#1093=EDGE_LOOP('',(#2771,#2772,#2773,#2774));
#1094=EDGE_LOOP('',(#2775,#2776,#2777,#2778));
#1095=EDGE_LOOP('',(#2779,#2780,#2781,#2782));
#1096=EDGE_LOOP('',(#2783,#2784,#2785,#2786));
#1097=EDGE_LOOP('',(#2787,#2788,#2789,#2790));
#1098=EDGE_LOOP('',(#2791,#2792,#2793,#2794));
#1099=EDGE_LOOP('',(#2795,#2796,#2797,#2798));
#1100=EDGE_LOOP('',(#2799,#2800,#2801,#2802));
#1101=EDGE_LOOP('',(#2803,#2804,#2805,#2806));
#1102=EDGE_LOOP('',(#2807,#2808,#2809,#2810));
#1103=EDGE_LOOP('',(#2811,#2812,#2813,#2814));
#1104=EDGE_LOOP('',(#2815,#2816,#2817,#2818));
#1105=EDGE_LOOP('',(#2819,#2820,#2821,#2822));
#1106=EDGE_LOOP('',(#2823,#2824,#2825,#2826));
#1107=EDGE_LOOP('',(#2827,#2828,#2829,#2830));
#1108=EDGE_LOOP('',(#2831,#2832,#2833,#2834));
#1109=EDGE_LOOP('',(#2835,#2836,#2837,#2838));
#1110=EDGE_LOOP('',(#2839,#2840,#2841,#2842));
#1111=EDGE_LOOP('',(#2843,#2844,#2845,#2846));
#1112=EDGE_LOOP('',(#2847,#2848,#2849,#2850));
#1113=EDGE_LOOP('',(#2851,#2852,#2853,#2854));
#1114=EDGE_LOOP('',(#2855,#2856,#2857,#2858,#2859,#2860,#2861,#2862,#2863,
#2864,#2865,#2866,#2867,#2868,#2869,#2870,#2871,#2872));
#1115=EDGE_LOOP('',(#2873,#2874,#2875,#2876,#2877));
#1116=EDGE_LOOP('',(#2878));
#1117=EDGE_LOOP('',(#2879));
#1118=EDGE_LOOP('',(#2880,#2881,#2882,#2883,#2884,#2885));
#1119=EDGE_LOOP('',(#2886,#2887,#2888,#2889,#2890));
#1120=EDGE_LOOP('',(#2891,#2892,#2893,#2894,#2895,#2896,#2897));
#1121=EDGE_LOOP('',(#2898,#2899,#2900,#2901,#2902));
#1122=EDGE_LOOP('',(#2903));
#1123=EDGE_LOOP('',(#2904));
#1124=EDGE_LOOP('',(#2905,#2906,#2907,#2908,#2909,#2910,#2911));
#1125=EDGE_LOOP('',(#2912,#2913,#2914,#2915,#2916));
#1126=EDGE_LOOP('',(#2917,#2918,#2919,#2920,#2921,#2922));
#1127=EDGE_LOOP('',(#2923,#2924,#2925,#2926,#2927));
#1128=EDGE_LOOP('',(#2928,#2929,#2930,#2931,#2932,#2933,#2934,#2935,#2936));
#1129=EDGE_LOOP('',(#2937));
#1130=EDGE_LOOP('',(#2938));
#1131=EDGE_LOOP('',(#2939,#2940,#2941,#2942,#2943));
#1132=EDGE_LOOP('',(#2944,#2945,#2946,#2947,#2948));
#1133=EDGE_LOOP('',(#2949));
#1134=EDGE_LOOP('',(#2950));
#1135=EDGE_LOOP('',(#2951,#2952,#2953,#2954,#2955,#2956));
#1136=EDGE_LOOP('',(#2957,#2958,#2959,#2960,#2961));
#1137=EDGE_LOOP('',(#2962,#2963,#2964,#2965,#2966,#2967,#2968));
#1138=EDGE_LOOP('',(#2969,#2970,#2971,#2972,#2973));
#1139=EDGE_LOOP('',(#2974));
#1140=EDGE_LOOP('',(#2975));
#1141=EDGE_LOOP('',(#2976,#2977,#2978,#2979,#2980,#2981,#2982));
#1142=EDGE_LOOP('',(#2983,#2984,#2985,#2986,#2987));
#1143=EDGE_LOOP('',(#2988,#2989,#2990,#2991,#2992,#2993));
#1144=EDGE_LOOP('',(#2994,#2995,#2996,#2997,#2998));
#1145=EDGE_LOOP('',(#2999,#3000,#3001,#3002,#3003));
#1146=EDGE_LOOP('',(#3004,#3005,#3006,#3007,#3008,#3009));
#1147=EDGE_LOOP('',(#3010,#3011,#3012,#3013,#3014));
#1148=EDGE_LOOP('',(#3015,#3016,#3017,#3018,#3019));
#1149=EDGE_LOOP('',(#3020,#3021,#3022,#3023,#3024,#3025));
#1150=EDGE_LOOP('',(#3026,#3027,#3028));
#1151=EDGE_LOOP('',(#3029,#3030,#3031,#3032,#3033));
#1152=EDGE_LOOP('',(#3034,#3035,#3036,#3037));
#1153=EDGE_LOOP('',(#3038,#3039,#3040,#3041));
#1154=EDGE_LOOP('',(#3042,#3043,#3044,#3045,#3046,#3047));
#1155=EDGE_LOOP('',(#3048,#3049,#3050,#3051));
#1156=EDGE_LOOP('',(#3052,#3053,#3054));
#1157=EDGE_LOOP('',(#3055,#3056,#3057,#3058));
#1158=EDGE_LOOP('',(#3059,#3060,#3061,#3062));
#1159=EDGE_LOOP('',(#3063,#3064,#3065,#3066));
#1160=EDGE_LOOP('',(#3067,#3068,#3069,#3070,#3071,#3072,#3073,#3074,#3075,
#3076));
#1161=EDGE_LOOP('',(#3077,#3078,#3079,#3080));
#1162=EDGE_LOOP('',(#3081,#3082,#3083));
#1163=EDGE_LOOP('',(#3084,#3085,#3086,#3087));
#1164=EDGE_LOOP('',(#3088,#3089,#3090,#3091));
#1165=EDGE_LOOP('',(#3092,#3093,#3094,#3095));
#1166=EDGE_LOOP('',(#3096,#3097,#3098,#3099,#3100,#3101));
#1167=EDGE_LOOP('',(#3102,#3103,#3104,#3105));
#1168=EDGE_LOOP('',(#3106,#3107,#3108));
#1169=EDGE_LOOP('',(#3109,#3110,#3111,#3112));
#1170=EDGE_LOOP('',(#3113,#3114,#3115,#3116));
#1171=EDGE_LOOP('',(#3117,#3118,#3119,#3120));
#1172=EDGE_LOOP('',(#3121,#3122,#3123,#3124));
#1173=EDGE_LOOP('',(#3125,#3126,#3127,#3128));
#1174=EDGE_LOOP('',(#3129,#3130,#3131,#3132));
#1175=EDGE_LOOP('',(#3133,#3134,#3135,#3136));
#1176=EDGE_LOOP('',(#3137,#3138,#3139,#3140));
#1177=EDGE_LOOP('',(#3141,#3142,#3143,#3144));
#1178=EDGE_LOOP('',(#3145,#3146,#3147,#3148));
#1179=EDGE_LOOP('',(#3149,#3150,#3151,#3152));
#1180=EDGE_LOOP('',(#3153,#3154,#3155,#3156));
#1181=EDGE_LOOP('',(#3157,#3158,#3159,#3160));
#1182=EDGE_LOOP('',(#3161,#3162,#3163,#3164));
#1183=EDGE_LOOP('',(#3165,#3166,#3167,#3168));
#1184=EDGE_LOOP('',(#3169,#3170,#3171,#3172));
#1185=EDGE_LOOP('',(#3173,#3174,#3175,#3176));
#1186=EDGE_LOOP('',(#3177,#3178,#3179,#3180));
#1187=EDGE_LOOP('',(#3181,#3182,#3183,#3184));
#1188=EDGE_LOOP('',(#3185,#3186,#3187,#3188,#3189,#3190,#3191,#3192,#3193,
#3194));
#1189=EDGE_LOOP('',(#3195));
#1190=EDGE_LOOP('',(#3196));
#1191=EDGE_LOOP('',(#3197,#3198,#3199,#3200));
#1192=EDGE_LOOP('',(#3201,#3202,#3203,#3204));
#1193=EDGE_LOOP('',(#3205,#3206,#3207,#3208,#3209));
#1194=EDGE_LOOP('',(#3210,#3211,#3212));
#1195=EDGE_LOOP('',(#3213,#3214,#3215,#3216));
#1196=EDGE_LOOP('',(#3217,#3218,#3219,#3220));
#1197=EDGE_LOOP('',(#3221,#3222,#3223,#3224));
#1198=EDGE_LOOP('',(#3225,#3226,#3227,#3228,#3229,#3230,#3231,#3232,#3233,
#3234,#3235,#3236,#3237));
#1199=EDGE_LOOP('',(#3238,#3239,#3240,#3241));
#1200=EDGE_LOOP('',(#3242,#3243,#3244,#3245));
#1201=EDGE_LOOP('',(#3246,#3247,#3248,#3249,#3250));
#1202=EDGE_LOOP('',(#3251,#3252,#3253));
#1203=EDGE_LOOP('',(#3254,#3255,#3256,#3257));
#1204=EDGE_LOOP('',(#3258,#3259,#3260,#3261));
#1205=EDGE_LOOP('',(#3262,#3263,#3264,#3265));
#1206=EDGE_LOOP('',(#3266,#3267,#3268,#3269,#3270));
#1207=EDGE_LOOP('',(#3271,#3272,#3273));
#1208=EDGE_LOOP('',(#3274,#3275,#3276,#3277));
#1209=EDGE_LOOP('',(#3278,#3279,#3280,#3281));
#1210=EDGE_LOOP('',(#3282,#3283,#3284,#3285));
#1211=EDGE_LOOP('',(#3286,#3287,#3288,#3289,#3290,#3291,#3292,#3293,#3294,
#3295,#3296,#3297,#3298,#3299));
#1212=EDGE_LOOP('',(#3300,#3301,#3302,#3303));
#1213=EDGE_LOOP('',(#3304,#3305,#3306,#3307));
#1214=EDGE_LOOP('',(#3308,#3309,#3310,#3311,#3312));
#1215=EDGE_LOOP('',(#3313,#3314,#3315));
#1216=EDGE_LOOP('',(#3316,#3317,#3318,#3319));
#1217=EDGE_LOOP('',(#3320,#3321,#3322));
#1218=EDGE_LOOP('',(#3323,#3324,#3325,#3326));
#1219=EDGE_LOOP('',(#3327,#3328,#3329));
#1220=EDGE_LOOP('',(#3330,#3331,#3332,#3333));
#1221=EDGE_LOOP('',(#3334,#3335,#3336,#3337));
#1222=EDGE_LOOP('',(#3338,#3339,#3340,#3341));
#1223=EDGE_LOOP('',(#3342,#3343,#3344,#3345));
#1224=EDGE_LOOP('',(#3346,#3347,#3348,#3349,#3350,#3351));
#1225=EDGE_LOOP('',(#3352,#3353,#3354,#3355));
#1226=EDGE_LOOP('',(#3356,#3357,#3358,#3359));
#1227=EDGE_LOOP('',(#3360,#3361,#3362,#3363,#3364));
#1228=EDGE_LOOP('',(#3365,#3366,#3367,#3368,#3369));
#1229=EDGE_LOOP('',(#3370,#3371,#3372,#3373));
#1230=EDGE_LOOP('',(#3374,#3375,#3376,#3377));
#1231=EDGE_LOOP('',(#3378,#3379,#3380,#3381));
#1232=EDGE_LOOP('',(#3382,#3383,#3384,#3385,#3386,#3387));
#1233=EDGE_LOOP('',(#3388,#3389,#3390,#3391));
#1234=EDGE_LOOP('',(#3392,#3393,#3394));
#1235=EDGE_LOOP('',(#3395,#3396,#3397));
#1236=EDGE_LOOP('',(#3398,#3399,#3400,#3401));
#1237=EDGE_LOOP('',(#3402,#3403,#3404,#3405));
#1238=EDGE_LOOP('',(#3406,#3407,#3408,#3409));
#1239=EDGE_LOOP('',(#3410,#3411,#3412,#3413));
#1240=EDGE_LOOP('',(#3414,#3415,#3416,#3417));
#1241=EDGE_LOOP('',(#3418,#3419,#3420,#3421));
#1242=EDGE_LOOP('',(#3422,#3423,#3424,#3425,#3426));
#1243=EDGE_LOOP('',(#3427,#3428,#3429,#3430));
#1244=EDGE_LOOP('',(#3431,#3432,#3433,#3434));
#1245=EDGE_LOOP('',(#3435,#3436,#3437,#3438));
#1246=EDGE_LOOP('',(#3439,#3440,#3441,#3442));
#1247=EDGE_LOOP('',(#3443,#3444,#3445,#3446));
#1248=EDGE_LOOP('',(#3447,#3448,#3449,#3450));
#1249=EDGE_LOOP('',(#3451,#3452,#3453,#3454));
#1250=EDGE_LOOP('',(#3455,#3456,#3457,#3458));
#1251=EDGE_LOOP('',(#3459,#3460,#3461,#3462));
#1252=EDGE_LOOP('',(#3463,#3464,#3465,#3466));
#1253=EDGE_LOOP('',(#3467,#3468,#3469,#3470));
#1254=EDGE_LOOP('',(#3471,#3472,#3473,#3474));
#1255=EDGE_LOOP('',(#3475,#3476,#3477,#3478));
#1256=EDGE_LOOP('',(#3479,#3480,#3481,#3482));
#1257=EDGE_LOOP('',(#3483,#3484,#3485,#3486));
#1258=EDGE_LOOP('',(#3487,#3488,#3489,#3490));
#1259=EDGE_LOOP('',(#3491,#3492,#3493,#3494));
#1260=EDGE_LOOP('',(#3495,#3496,#3497,#3498));
#1261=EDGE_LOOP('',(#3499,#3500,#3501,#3502));
#1262=EDGE_LOOP('',(#3503,#3504,#3505,#3506));
#1263=EDGE_LOOP('',(#3507,#3508,#3509,#3510));
#1264=EDGE_LOOP('',(#3511,#3512,#3513,#3514));
#1265=EDGE_LOOP('',(#3515,#3516,#3517,#3518));
#1266=EDGE_LOOP('',(#3519,#3520,#3521,#3522));
#1267=EDGE_LOOP('',(#3523,#3524,#3525,#3526));
#1268=EDGE_LOOP('',(#3527,#3528,#3529,#3530));
#1269=EDGE_LOOP('',(#3531,#3532,#3533,#3534));
#1270=EDGE_LOOP('',(#3535,#3536,#3537,#3538));
#1271=EDGE_LOOP('',(#3539));
#1272=EDGE_LOOP('',(#3540));
#1273=EDGE_LOOP('',(#3541,#3542,#3543,#3544,#3545));
#1274=EDGE_LOOP('',(#3546,#3547,#3548,#3549,#3550,#3551));
#1275=EDGE_LOOP('',(#3552,#3553,#3554,#3555,#3556));
#1276=EDGE_LOOP('',(#3557,#3558,#3559,#3560,#3561));
#1277=EDGE_LOOP('',(#3562,#3563,#3564,#3565,#3566,#3567));
#1278=EDGE_LOOP('',(#3568,#3569,#3570,#3571,#3572));
#1279=EDGE_LOOP('',(#3573,#3574,#3575,#3576));
#1280=EDGE_LOOP('',(#3577,#3578,#3579,#3580));
#1281=EDGE_LOOP('',(#3581,#3582,#3583,#3584));
#1282=EDGE_LOOP('',(#3585,#3586,#3587,#3588,#3589,#3590,#3591));
#1283=CIRCLE('',#3867,0.499999999999999);
#1284=CIRCLE('',#3868,0.5);
#1285=CIRCLE('',#3869,0.5);
#1286=CIRCLE('',#3871,0.5);
#1287=CIRCLE('',#3873,0.5);
#1288=CIRCLE('',#3874,0.5);
#1289=CIRCLE('',#3875,1.);
#1290=CIRCLE('',#3877,0.5);
#1291=CIRCLE('',#3879,0.5);
#1292=CIRCLE('',#3880,0.3);
#1293=CIRCLE('',#3881,0.8);
#1294=CIRCLE('',#3883,0.5);
#1295=CIRCLE('',#3885,0.5);
#1296=CIRCLE('',#3886,0.3);
#1297=CIRCLE('',#3887,0.8);
#1298=CIRCLE('',#3889,0.5);
#1299=CIRCLE('',#3891,0.5);
#1300=CIRCLE('',#3892,0.5);
#1301=CIRCLE('',#3893,1.);
#1302=CIRCLE('',#3895,0.5);
#1303=CIRCLE('',#3897,0.5);
#1304=CIRCLE('',#3898,0.5);
#1305=CIRCLE('',#3900,0.8);
#1306=CIRCLE('',#3901,2.9);
#1307=CIRCLE('',#3902,2.9);
#1308=CIRCLE('',#3903,2.9);
#1309=CIRCLE('',#3904,2.9);
#1310=CIRCLE('',#3905,0.8);
#1311=CIRCLE('',#3906,1.);
#1312=CIRCLE('',#3907,3.2);
#1313=CIRCLE('',#3908,3.2);
#1314=CIRCLE('',#3910,0.5);
#1315=CIRCLE('',#3912,0.499999999999999);
#1316=CIRCLE('',#3914,0.2);
#1317=CIRCLE('',#3915,0.3);
#1318=CIRCLE('',#3916,0.2);
#1319=CIRCLE('',#3917,0.5);
#1320=CIRCLE('',#3918,0.2);
#1321=CIRCLE('',#3919,0.2);
#1322=CIRCLE('',#3921,0.2);
#1323=CIRCLE('',#3922,0.5);
#1324=CIRCLE('',#3923,0.2);
#1325=CIRCLE('',#3924,0.3);
#1326=CIRCLE('',#3925,0.2);
#1327=CIRCLE('',#3926,0.2);
#1328=CIRCLE('',#3928,0.5);
#1329=CIRCLE('',#3931,0.3);
#1330=CIRCLE('',#3933,0.5);
#1331=CIRCLE('',#3934,0.500000000000001);
#1332=CIRCLE('',#3937,0.2);
#1333=CIRCLE('',#3938,0.5);
#1334=CIRCLE('',#3939,0.2);
#1335=CIRCLE('',#3940,0.3);
#1336=CIRCLE('',#3942,0.2);
#1337=CIRCLE('',#3943,0.5);
#1338=CIRCLE('',#3944,0.2);
#1339=CIRCLE('',#3945,0.3);
#1340=CIRCLE('',#3946,0.200000000000001);
#1341=CIRCLE('',#3949,0.2);
#1342=CIRCLE('',#3953,0.5);
#1343=CIRCLE('',#3954,0.5);
#1344=CIRCLE('',#3955,0.5);
#1345=CIRCLE('',#3957,0.500000000000001);
#1346=CIRCLE('',#3958,0.500000000000001);
#1347=CIRCLE('',#3959,0.5);
#1348=CIRCLE('',#3964,0.5);
#1349=CIRCLE('',#3970,0.499999999999998);
#1350=CIRCLE('',#3971,0.500000000000001);
#1351=CIRCLE('',#3972,0.5);
#1352=CIRCLE('',#3974,0.5);
#1353=CIRCLE('',#3978,0.5);
#1354=CIRCLE('',#3979,0.5);
#1355=CIRCLE('',#3980,0.5);
#1356=CIRCLE('',#3986,0.3);
#1357=CIRCLE('',#3987,0.499999999999997);
#1358=CIRCLE('',#3989,0.499999999999998);
#1359=CIRCLE('',#3991,0.5);
#1360=CIRCLE('',#3992,0.5);
#1361=CIRCLE('',#3994,0.500000000000003);
#1362=CIRCLE('',#3996,0.500000000000001);
#1363=CIRCLE('',#3997,0.5);
#1364=CIRCLE('',#4004,0.2);
#1365=CIRCLE('',#4006,0.2);
#1366=CIRCLE('',#4013,0.2);
#1367=CIRCLE('',#4016,0.500000000000003);
#1368=CIRCLE('',#4019,0.5);
#1369=CIRCLE('',#4022,0.300000000000001);
#1370=CIRCLE('',#4027,0.200000000000002);
#1371=CIRCLE('',#4029,0.1);
#1372=CIRCLE('',#4030,0.0999999999999999);
#1373=CIRCLE('',#4031,1.6);
#1374=CIRCLE('',#4032,1.6);
#1375=CIRCLE('',#4036,0.5);
#1376=CIRCLE('',#4037,0.5);
#1377=CIRCLE('',#4039,0.5);
#1378=CIRCLE('',#4040,2.7);
#1379=CIRCLE('',#4042,0.5);
#1380=CIRCLE('',#4044,2.7);
#1381=CIRCLE('',#4046,2.7);
#1382=CIRCLE('',#4048,0.2);
#1383=CIRCLE('',#4050,0.2);
#1384=CIRCLE('',#4051,2.7);
#1385=CIRCLE('',#4052,0.2);
#1386=CIRCLE('',#4054,0.2);
#1387=CIRCLE('',#4055,0.2);
#1388=CIRCLE('',#4057,0.2);
#1389=CIRCLE('',#4058,2.7);
#1390=CIRCLE('',#4059,0.2);
#1391=CIRCLE('',#4061,0.2);
#1392=CIRCLE('',#4062,2.7);
#1393=CIRCLE('',#4063,0.2);
#1394=CIRCLE('',#4065,0.2);
#1395=CIRCLE('',#4066,0.2);
#1396=CIRCLE('',#4068,0.2);
#1397=CIRCLE('',#4069,2.7);
#1398=CIRCLE('',#4070,0.200000000000001);
#1399=CIRCLE('',#4073,0.5);
#1400=CIRCLE('',#4074,0.5);
#1401=CIRCLE('',#4075,0.5);
#1402=CIRCLE('',#4076,0.5);
#1403=CIRCLE('',#4078,1.4);
#1404=CIRCLE('',#4079,1.4);
#1405=CIRCLE('',#4080,0.2);
#1406=CIRCLE('',#4081,1.6);
#1407=CIRCLE('',#4083,2.5);
#1408=CIRCLE('',#4085,1.4);
#1409=CIRCLE('',#4086,1.4);
#1410=CIRCLE('',#4088,0.2);
#1411=CIRCLE('',#4089,2.7);
#1412=CIRCLE('',#4090,2.7);
#1413=CIRCLE('',#4095,2.5);
#1414=CIRCLE('',#4096,0.2);
#1415=CIRCLE('',#4097,2.7);
#1416=CIRCLE('',#4098,2.7);
#1417=CIRCLE('',#4100,1.6);
#1418=CIRCLE('',#4105,1.4);
#1419=CIRCLE('',#4106,1.4);
#1420=CIRCLE('',#4107,0.2);
#1421=CIRCLE('',#4109,1.4);
#1422=CIRCLE('',#4110,1.4);
#1423=CIRCLE('',#4112,1.6);
#1424=CIRCLE('',#4113,0.2);
#1425=CIRCLE('',#4115,0.1);
#1426=CIRCLE('',#4116,0.1);
#1427=CIRCLE('',#4117,1.6);
#1428=CIRCLE('',#4119,0.2);
#1429=CIRCLE('',#4121,1.6);
#1430=CIRCLE('',#4122,0.2);
#1431=CIRCLE('',#4123,1.4);
#1432=CIRCLE('',#4124,1.4);
#1433=CIRCLE('',#4126,2.5);
#1434=CIRCLE('',#4128,1.4);
#1435=CIRCLE('',#4129,1.4);
#1436=CIRCLE('',#4131,0.2);
#1437=CIRCLE('',#4132,2.7);
#1438=CIRCLE('',#4133,2.7);
#1439=CIRCLE('',#4138,2.5);
#1440=CIRCLE('',#4139,0.2);
#1441=CIRCLE('',#4140,2.7);
#1442=CIRCLE('',#4141,2.7);
#1443=CIRCLE('',#4143,1.6);
#1444=CIRCLE('',#4148,0.2);
#1445=CIRCLE('',#4149,1.4);
#1446=CIRCLE('',#4150,1.4);
#1447=CIRCLE('',#4152,1.4);
#1448=CIRCLE('',#4153,1.4);
#1449=CIRCLE('',#4155,0.2);
#1450=CIRCLE('',#4157,0.2);
#1451=CIRCLE('',#4158,0.299999999999998);
#1452=CIRCLE('',#4160,0.3);
#1453=CIRCLE('',#4161,0.299999999999999);
#1454=CIRCLE('',#4167,0.3);
#1455=CIRCLE('',#4168,0.300000000000001);
#1456=CIRCLE('',#4170,0.300000000000002);
#1457=CIRCLE('',#4178,0.3);
#1458=CIRCLE('',#4180,0.299999999999999);
#1459=CIRCLE('',#4181,0.3);
#1460=CIRCLE('',#4184,0.5);
#1461=CIRCLE('',#4186,0.3);
#1462=CIRCLE('',#4187,0.300000000000005);
#1463=CIRCLE('',#4189,0.2);
#1464=CIRCLE('',#4190,0.0999999999999999);
#1465=CIRCLE('',#4191,0.2);
#1466=CIRCLE('',#4192,0.3);
#1467=CIRCLE('',#4193,0.2);
#1468=CIRCLE('',#4194,0.3);
#1469=CIRCLE('',#4195,0.2);
#1470=CIRCLE('',#4197,0.3);
#1471=CIRCLE('',#4199,0.3);
#1472=CIRCLE('',#4200,0.2);
#1473=CIRCLE('',#4202,0.300000000000001);
#1474=CIRCLE('',#4204,0.299999999999996);
#1475=CIRCLE('',#4205,0.2);
#1476=CIRCLE('',#4208,0.2);
#1477=CIRCLE('',#4210,0.2);
#1478=CIRCLE('',#4211,0.2);
#1479=CIRCLE('',#4212,0.3);
#1480=CIRCLE('',#4213,0.3);
#1481=CIRCLE('',#4214,0.200000000000001);
#1482=CIRCLE('',#4215,0.0999999999999999);
#1483=CIRCLE('',#4217,0.300000000000001);
#1484=CIRCLE('',#4219,0.299999999999993);
#1485=CIRCLE('',#4220,0.2);
#1486=CIRCLE('',#4222,0.300000000000001);
#1487=CIRCLE('',#4224,0.299999999999985);
#1488=CIRCLE('',#4225,0.2);
#1489=CIRCLE('',#4229,0.0999999999999999);
#1490=CIRCLE('',#4230,0.1);
#1491=CIRCLE('',#4231,1.6);
#1492=CIRCLE('',#4232,1.6);
#1493=CIRCLE('',#4233,0.2);
#1494=CIRCLE('',#4234,0.3);
#1495=CIRCLE('',#4235,0.199999999999998);
#1496=CIRCLE('',#4237,0.3);
#1497=CIRCLE('',#4238,0.3);
#1498=CIRCLE('',#4248,0.999999999999998);
#1499=CIRCLE('',#4249,0.2);
#1500=CIRCLE('',#4250,0.3);
#1501=CIRCLE('',#4251,0.2);
#1502=CIRCLE('',#4253,0.3);
#1503=CIRCLE('',#4255,0.3);
#1504=CIRCLE('',#4258,0.2);
#1505=CIRCLE('',#4259,0.3);
#1506=CIRCLE('',#4260,0.2);
#1507=CIRCLE('',#4262,0.3);
#1508=CIRCLE('',#4263,0.3);
#1509=CIRCLE('',#4272,0.999999999999999);
#1510=CIRCLE('',#4273,0.999999999999996);
#1511=CIRCLE('',#4274,0.2);
#1512=CIRCLE('',#4275,0.3);
#1513=CIRCLE('',#4277,0.300000000000002);
#1514=CIRCLE('',#4279,0.3);
#1515=CIRCLE('',#4284,0.500000000000003);
#1516=CIRCLE('',#4285,0.499999999999998);
#1517=CIRCLE('',#4286,0.5);
#1518=CIRCLE('',#4289,0.499999999999998);
#1519=CIRCLE('',#4290,0.500000000000001);
#1520=CIRCLE('',#4294,0.5);
#1521=CIRCLE('',#4295,0.5);
#1522=CIRCLE('',#4296,0.5);
#1523=CIRCLE('',#4306,0.5);
#1524=CIRCLE('',#4307,0.5);
#1525=CIRCLE('',#4309,0.5);
#1526=CIRCLE('',#4310,0.500000000000003);
#1527=CIRCLE('',#4315,0.5);
#1528=CIRCLE('',#4316,0.499999999999998);
#1529=CIRCLE('',#4317,0.499999999999999);
#1530=CIRCLE('',#4319,0.499999999999998);
#1531=CIRCLE('',#4320,0.499999999999999);
#1532=CIRCLE('',#4356,0.2);
#1533=CIRCLE('',#4357,0.2);
#1534=CIRCLE('',#4359,0.2);
#1535=CIRCLE('',#4360,2.5);
#1536=CIRCLE('',#4362,0.2);
#1537=CIRCLE('',#4364,2.7);
#1538=CIRCLE('',#4365,2.5);
#1539=CIRCLE('',#4368,1.6);
#1540=CIRCLE('',#4369,1.6);
#1541=CIRCLE('',#4371,0.2);
#1542=CIRCLE('',#4372,1.4);
#1543=CIRCLE('',#4373,1.4);
#1544=CIRCLE('',#4375,1.4);
#1545=CIRCLE('',#4376,1.4);
#1546=CIRCLE('',#4378,0.2);
#1547=CIRCLE('',#4380,0.2);
#1548=CIRCLE('',#4381,1.4);
#1549=CIRCLE('',#4382,1.4);
#1550=CIRCLE('',#4384,1.4);
#1551=CIRCLE('',#4385,1.4);
#1552=CIRCLE('',#4387,0.2);
#1553=VERTEX_POINT('',#5657);
#1554=VERTEX_POINT('',#5658);
#1555=VERTEX_POINT('',#5660);
#1556=VERTEX_POINT('',#5664);
#1557=VERTEX_POINT('',#5665);
#1558=VERTEX_POINT('',#5670);
#1559=VERTEX_POINT('',#5671);
#1560=VERTEX_POINT('',#5676);
#1561=VERTEX_POINT('',#5677);
#1562=VERTEX_POINT('',#5682);
#1563=VERTEX_POINT('',#5683);
#1564=VERTEX_POINT('',#5688);
#1565=VERTEX_POINT('',#5689);
#1566=VERTEX_POINT('',#5694);
#1567=VERTEX_POINT('',#5695);
#1568=VERTEX_POINT('',#5700);
#1569=VERTEX_POINT('',#5701);
#1570=VERTEX_POINT('',#5706);
#1571=VERTEX_POINT('',#5707);
#1572=VERTEX_POINT('',#5712);
#1573=VERTEX_POINT('',#5713);
#1574=VERTEX_POINT('',#5718);
#1575=VERTEX_POINT('',#5722);
#1576=VERTEX_POINT('',#5724);
#1577=VERTEX_POINT('',#5726);
#1578=VERTEX_POINT('',#5728);
#1579=VERTEX_POINT('',#5730);
#1580=VERTEX_POINT('',#5732);
#1581=VERTEX_POINT('',#5739);
#1582=VERTEX_POINT('',#5741);
#1583=VERTEX_POINT('',#5748);
#1584=VERTEX_POINT('',#5750);
#1585=VERTEX_POINT('',#5757);
#1586=VERTEX_POINT('',#5759);
#1587=VERTEX_POINT('',#5766);
#1588=VERTEX_POINT('',#5768);
#1589=VERTEX_POINT('',#5770);
#1590=VERTEX_POINT('',#5772);
#1591=VERTEX_POINT('',#5779);
#1592=VERTEX_POINT('',#5781);
#1593=VERTEX_POINT('',#5788);
#1594=VERTEX_POINT('',#5790);
#1595=VERTEX_POINT('',#5797);
#1596=VERTEX_POINT('',#5799);
#1597=VERTEX_POINT('',#5806);
#1598=VERTEX_POINT('',#5808);
#1599=VERTEX_POINT('',#5810);
#1600=VERTEX_POINT('',#5812);
#1601=VERTEX_POINT('',#5814);
#1602=VERTEX_POINT('',#5817);
#1603=VERTEX_POINT('',#5818);
#1604=VERTEX_POINT('',#5820);
#1605=VERTEX_POINT('',#5822);
#1606=VERTEX_POINT('',#5826);
#1607=VERTEX_POINT('',#5830);
#1608=VERTEX_POINT('',#5832);
#1609=VERTEX_POINT('',#5836);
#1610=VERTEX_POINT('',#5837);
#1611=VERTEX_POINT('',#5839);
#1612=VERTEX_POINT('',#5841);
#1613=VERTEX_POINT('',#5860);
#1614=VERTEX_POINT('',#5862);
#1615=VERTEX_POINT('',#5867);
#1616=VERTEX_POINT('',#5897);
#1617=VERTEX_POINT('',#5911);
#1618=VERTEX_POINT('',#5912);
#1619=VERTEX_POINT('',#5914);
#1620=VERTEX_POINT('',#5916);
#1621=VERTEX_POINT('',#5935);
#1622=VERTEX_POINT('',#5937);
#1623=VERTEX_POINT('',#5942);
#1624=VERTEX_POINT('',#5972);
#1625=VERTEX_POINT('',#5986);
#1626=VERTEX_POINT('',#5987);
#1627=VERTEX_POINT('',#5994);
#1628=VERTEX_POINT('',#6000);
#1629=VERTEX_POINT('',#6001);
#1630=VERTEX_POINT('',#6003);
#1631=VERTEX_POINT('',#6005);
#1632=VERTEX_POINT('',#6009);
#1633=VERTEX_POINT('',#6010);
#1634=VERTEX_POINT('',#6012);
#1635=VERTEX_POINT('',#6014);
#1636=VERTEX_POINT('',#6033);
#1637=VERTEX_POINT('',#6035);
#1638=VERTEX_POINT('',#6054);
#1639=VERTEX_POINT('',#6056);
#1640=VERTEX_POINT('',#6060);
#1641=VERTEX_POINT('',#6061);
#1642=VERTEX_POINT('',#6063);
#1643=VERTEX_POINT('',#6067);
#1644=VERTEX_POINT('',#6068);
#1645=VERTEX_POINT('',#6070);
#1646=VERTEX_POINT('',#6074);
#1647=VERTEX_POINT('',#6104);
#1648=VERTEX_POINT('',#6106);
#1649=VERTEX_POINT('',#6118);
#1650=VERTEX_POINT('',#6119);
#1651=VERTEX_POINT('',#6121);
#1652=VERTEX_POINT('',#6125);
#1653=VERTEX_POINT('',#6126);
#1654=VERTEX_POINT('',#6153);
#1655=VERTEX_POINT('',#6154);
#1656=VERTEX_POINT('',#6156);
#1657=VERTEX_POINT('',#6164);
#1658=VERTEX_POINT('',#6174);
#1659=VERTEX_POINT('',#6178);
#1660=VERTEX_POINT('',#6182);
#1661=VERTEX_POINT('',#6186);
#1662=VERTEX_POINT('',#6190);
#1663=VERTEX_POINT('',#6194);
#1664=VERTEX_POINT('',#6198);
#1665=VERTEX_POINT('',#6200);
#1666=VERTEX_POINT('',#6202);
#1667=VERTEX_POINT('',#6208);
#1668=VERTEX_POINT('',#6212);
#1669=VERTEX_POINT('',#6214);
#1670=VERTEX_POINT('',#6216);
#1671=VERTEX_POINT('',#6226);
#1672=VERTEX_POINT('',#6228);
#1673=VERTEX_POINT('',#6232);
#1674=VERTEX_POINT('',#6234);
#1675=VERTEX_POINT('',#6238);
#1676=VERTEX_POINT('',#6242);
#1677=VERTEX_POINT('',#6246);
#1678=VERTEX_POINT('',#6250);
#1679=VERTEX_POINT('',#6252);
#1680=VERTEX_POINT('',#6254);
#1681=VERTEX_POINT('',#6258);
#1682=VERTEX_POINT('',#6263);
#1683=VERTEX_POINT('',#6265);
#1684=VERTEX_POINT('',#6267);
#1685=VERTEX_POINT('',#6269);
#1686=VERTEX_POINT('',#6272);
#1687=VERTEX_POINT('',#6274);
#1688=VERTEX_POINT('',#6280);
#1689=VERTEX_POINT('',#6282);
#1690=VERTEX_POINT('',#6286);
#1691=VERTEX_POINT('',#6290);
#1692=VERTEX_POINT('',#6296);
#1693=VERTEX_POINT('',#6298);
#1694=VERTEX_POINT('',#6302);
#1695=VERTEX_POINT('',#6335);
#1696=VERTEX_POINT('',#6344);
#1697=VERTEX_POINT('',#6416);
#1698=VERTEX_POINT('',#6425);
#1699=VERTEX_POINT('',#6494);
#1700=VERTEX_POINT('',#6503);
#1701=VERTEX_POINT('',#6575);
#1702=VERTEX_POINT('',#6584);
#1703=VERTEX_POINT('',#6626);
#1704=VERTEX_POINT('',#6628);
#1705=VERTEX_POINT('',#6630);
#1706=VERTEX_POINT('',#6632);
#1707=VERTEX_POINT('',#6634);
#1708=VERTEX_POINT('',#6636);
#1709=VERTEX_POINT('',#6638);
#1710=VERTEX_POINT('',#6640);
#1711=VERTEX_POINT('',#6642);
#1712=VERTEX_POINT('',#6644);
#1713=VERTEX_POINT('',#6646);
#1714=VERTEX_POINT('',#6648);
#1715=VERTEX_POINT('',#6652);
#1716=VERTEX_POINT('',#6653);
#1717=VERTEX_POINT('',#6656);
#1718=VERTEX_POINT('',#6660);
#1719=VERTEX_POINT('',#6663);
#1720=VERTEX_POINT('',#6665);
#1721=VERTEX_POINT('',#6669);
#1722=VERTEX_POINT('',#6671);
#1723=VERTEX_POINT('',#6675);
#1724=VERTEX_POINT('',#6680);
#1725=VERTEX_POINT('',#6682);
#1726=VERTEX_POINT('',#6684);
#1727=VERTEX_POINT('',#6688);
#1728=VERTEX_POINT('',#6691);
#1729=VERTEX_POINT('',#6696);
#1730=VERTEX_POINT('',#6697);
#1731=VERTEX_POINT('',#6702);
#1732=VERTEX_POINT('',#6704);
#1733=VERTEX_POINT('',#6708);
#1734=VERTEX_POINT('',#6712);
#1735=VERTEX_POINT('',#6714);
#1736=VERTEX_POINT('',#6716);
#1737=VERTEX_POINT('',#6718);
#1738=VERTEX_POINT('',#6720);
#1739=VERTEX_POINT('',#6724);
#1740=VERTEX_POINT('',#6729);
#1741=VERTEX_POINT('',#6731);
#1742=VERTEX_POINT('',#6733);
#1743=VERTEX_POINT('',#6737);
#1744=VERTEX_POINT('',#6740);
#1745=VERTEX_POINT('',#6742);
#1746=VERTEX_POINT('',#6746);
#1747=VERTEX_POINT('',#6748);
#1748=VERTEX_POINT('',#6752);
#1749=VERTEX_POINT('',#6757);
#1750=VERTEX_POINT('',#6759);
#1751=VERTEX_POINT('',#6761);
#1752=VERTEX_POINT('',#6765);
#1753=VERTEX_POINT('',#6768);
#1754=VERTEX_POINT('',#6773);
#1755=VERTEX_POINT('',#6775);
#1756=VERTEX_POINT('',#6779);
#1757=VERTEX_POINT('',#6781);
#1758=VERTEX_POINT('',#7202);
#1759=VERTEX_POINT('',#7203);
#1760=VERTEX_POINT('',#7210);
#1761=VERTEX_POINT('',#7219);
#1762=VERTEX_POINT('',#7221);
#1763=VERTEX_POINT('',#7244);
#1764=VERTEX_POINT('',#7245);
#1765=VERTEX_POINT('',#7285);
#1766=VERTEX_POINT('',#7287);
#1767=VERTEX_POINT('',#7316);
#1768=VERTEX_POINT('',#7317);
#1769=VERTEX_POINT('',#7319);
#1770=VERTEX_POINT('',#7352);
#1771=VERTEX_POINT('',#7353);
#1772=VERTEX_POINT('',#7355);
#1773=VERTEX_POINT('',#7357);
#1774=VERTEX_POINT('',#7399);
#1775=VERTEX_POINT('',#7401);
#1776=VERTEX_POINT('',#7403);
#1777=VERTEX_POINT('',#7405);
#1778=VERTEX_POINT('',#7407);
#1779=VERTEX_POINT('',#7409);
#1780=VERTEX_POINT('',#7413);
#1781=VERTEX_POINT('',#7440);
#1782=VERTEX_POINT('',#7441);
#1783=VERTEX_POINT('',#7448);
#1784=VERTEX_POINT('',#7457);
#1785=VERTEX_POINT('',#7480);
#1786=VERTEX_POINT('',#7519);
#1787=VERTEX_POINT('',#7521);
#1788=VERTEX_POINT('',#7550);
#1789=VERTEX_POINT('',#7551);
#1790=VERTEX_POINT('',#7553);
#1791=VERTEX_POINT('',#7586);
#1792=VERTEX_POINT('',#7633);
#1793=VERTEX_POINT('',#7635);
#1794=VERTEX_POINT('',#7637);
#1795=VERTEX_POINT('',#7650);
#1796=VERTEX_POINT('',#7654);
#1797=VERTEX_POINT('',#7658);
#1798=VERTEX_POINT('',#7662);
#1799=VERTEX_POINT('',#7666);
#1800=VERTEX_POINT('',#7672);
#1801=VERTEX_POINT('',#7686);
#1802=VERTEX_POINT('',#7698);
#1803=VERTEX_POINT('',#7700);
#1804=VERTEX_POINT('',#7704);
#1805=VERTEX_POINT('',#7708);
#1806=VERTEX_POINT('',#7712);
#1807=VERTEX_POINT('',#7716);
#1808=VERTEX_POINT('',#7723);
#1809=VERTEX_POINT('',#7725);
#1810=VERTEX_POINT('',#7727);
#1811=VERTEX_POINT('',#7729);
#1812=VERTEX_POINT('',#7731);
#1813=VERTEX_POINT('',#7733);
#1814=VERTEX_POINT('',#7736);
#1815=VERTEX_POINT('',#7738);
#1816=VERTEX_POINT('',#7749);
#1817=VERTEX_POINT('',#7751);
#1818=VERTEX_POINT('',#7755);
#1819=VERTEX_POINT('',#7756);
#1820=VERTEX_POINT('',#7785);
#1821=VERTEX_POINT('',#7792);
#1822=VERTEX_POINT('',#7796);
#1823=VERTEX_POINT('',#7800);
#1824=VERTEX_POINT('',#7805);
#1825=VERTEX_POINT('',#7807);
#1826=VERTEX_POINT('',#7809);
#1827=VERTEX_POINT('',#7811);
#1828=VERTEX_POINT('',#7814);
#1829=VERTEX_POINT('',#7816);
#1830=VERTEX_POINT('',#7828);
#1831=VERTEX_POINT('',#7833);
#1832=VERTEX_POINT('',#7875);
#1833=VERTEX_POINT('',#7879);
#1834=VERTEX_POINT('',#7907);
#1835=VERTEX_POINT('',#7913);
#1836=VERTEX_POINT('',#7917);
#1837=VERTEX_POINT('',#7921);
#1838=VERTEX_POINT('',#7926);
#1839=VERTEX_POINT('',#7928);
#1840=VERTEX_POINT('',#7930);
#1841=VERTEX_POINT('',#7932);
#1842=VERTEX_POINT('',#7934);
#1843=VERTEX_POINT('',#7937);
#1844=VERTEX_POINT('',#7939);
#1845=VERTEX_POINT('',#7951);
#1846=VERTEX_POINT('',#7955);
#1847=VERTEX_POINT('',#7987);
#1848=VERTEX_POINT('',#7991);
#1849=VERTEX_POINT('',#7992);
#1850=VERTEX_POINT('',#7994);
#1851=VERTEX_POINT('',#8001);
#1852=VERTEX_POINT('',#8006);
#1853=VERTEX_POINT('',#8010);
#1854=VERTEX_POINT('',#8029);
#1855=VERTEX_POINT('',#8037);
#1856=VERTEX_POINT('',#8041);
#1857=VERTEX_POINT('',#8042);
#1858=VERTEX_POINT('',#8044);
#1859=VERTEX_POINT('',#8048);
#1860=VERTEX_POINT('',#8069);
#1861=VERTEX_POINT('',#8084);
#1862=VERTEX_POINT('',#8094);
#1863=VERTEX_POINT('',#8104);
#1864=VERTEX_POINT('',#8114);
#1865=VERTEX_POINT('',#8116);
#1866=VERTEX_POINT('',#8120);
#1867=VERTEX_POINT('',#8124);
#1868=VERTEX_POINT('',#8125);
#1869=VERTEX_POINT('',#8135);
#1870=VERTEX_POINT('',#8137);
#1871=VERTEX_POINT('',#8140);
#1872=VERTEX_POINT('',#8142);
#1873=VERTEX_POINT('',#8146);
#1874=VERTEX_POINT('',#8148);
#1875=VERTEX_POINT('',#8154);
#1876=VERTEX_POINT('',#8156);
#1877=VERTEX_POINT('',#8160);
#1878=VERTEX_POINT('',#8161);
#1879=EDGE_CURVE('',#1553,#1554,#1283,.T.);
#1880=EDGE_CURVE('',#1554,#1555,#1284,.T.);
#1881=EDGE_CURVE('',#1555,#1553,#1285,.T.);
#1882=EDGE_CURVE('',#1556,#1557,#1286,.T.);
#1883=EDGE_CURVE('',#1557,#1554,#249,.T.);
#1884=EDGE_CURVE('',#1553,#1556,#250,.T.);
#1885=EDGE_CURVE('',#1558,#1559,#1287,.T.);
#1886=EDGE_CURVE('',#1559,#1557,#1288,.T.);
#1887=EDGE_CURVE('',#1556,#1558,#1289,.T.);
#1888=EDGE_CURVE('',#1560,#1561,#1290,.T.);
#1889=EDGE_CURVE('',#1561,#1559,#251,.T.);
#1890=EDGE_CURVE('',#1558,#1560,#252,.T.);
#1891=EDGE_CURVE('',#1562,#1563,#1291,.T.);
#1892=EDGE_CURVE('',#1563,#1561,#1292,.T.);
#1893=EDGE_CURVE('',#1560,#1562,#1293,.T.);
#1894=EDGE_CURVE('',#1564,#1565,#1294,.T.);
#1895=EDGE_CURVE('',#1565,#1563,#253,.T.);
#1896=EDGE_CURVE('',#1562,#1564,#254,.T.);
#1897=EDGE_CURVE('',#1566,#1567,#1295,.T.);
#1898=EDGE_CURVE('',#1567,#1565,#1296,.T.);
#1899=EDGE_CURVE('',#1564,#1566,#1297,.T.);
#1900=EDGE_CURVE('',#1568,#1569,#1298,.T.);
#1901=EDGE_CURVE('',#1569,#1567,#255,.T.);
#1902=EDGE_CURVE('',#1566,#1568,#256,.T.);
#1903=EDGE_CURVE('',#1570,#1571,#1299,.T.);
#1904=EDGE_CURVE('',#1571,#1569,#1300,.T.);
#1905=EDGE_CURVE('',#1568,#1570,#1301,.T.);
#1906=EDGE_CURVE('',#1572,#1573,#1302,.T.);
#1907=EDGE_CURVE('',#1573,#1571,#257,.T.);
#1908=EDGE_CURVE('',#1570,#1572,#258,.T.);
#1909=EDGE_CURVE('',#1572,#1574,#1303,.T.);
#1910=EDGE_CURVE('',#1574,#1573,#1304,.T.);
#1911=EDGE_CURVE('',#1575,#1553,#259,.T.);
#1912=EDGE_CURVE('',#1576,#1575,#260,.T.);
#1913=EDGE_CURVE('',#1577,#1576,#261,.T.);
#1914=EDGE_CURVE('',#1578,#1577,#1305,.T.);
#1915=EDGE_CURVE('',#1579,#1578,#262,.T.);
#1916=EDGE_CURVE('',#1580,#1579,#124,.T.);
#1917=EDGE_CURVE('',#1581,#1580,#1306,.T.);
#1918=EDGE_CURVE('',#1582,#1581,#125,.T.);
#1919=EDGE_CURVE('',#1583,#1582,#263,.T.);
#1920=EDGE_CURVE('',#1584,#1583,#126,.T.);
#1921=EDGE_CURVE('',#1585,#1584,#1307,.T.);
#1922=EDGE_CURVE('',#1586,#1585,#127,.T.);
#1923=EDGE_CURVE('',#1587,#1586,#264,.T.);
#1924=EDGE_CURVE('',#1588,#1587,#265,.T.);
#1925=EDGE_CURVE('',#1589,#1588,#266,.T.);
#1926=EDGE_CURVE('',#1590,#1589,#128,.T.);
#1927=EDGE_CURVE('',#1591,#1590,#1308,.T.);
#1928=EDGE_CURVE('',#1592,#1591,#129,.T.);
#1929=EDGE_CURVE('',#1593,#1592,#267,.T.);
#1930=EDGE_CURVE('',#1594,#1593,#130,.T.);
#1931=EDGE_CURVE('',#1595,#1594,#1309,.T.);
#1932=EDGE_CURVE('',#1596,#1595,#131,.T.);
#1933=EDGE_CURVE('',#1597,#1596,#268,.T.);
#1934=EDGE_CURVE('',#1598,#1597,#1310,.T.);
#1935=EDGE_CURVE('',#1599,#1598,#269,.T.);
#1936=EDGE_CURVE('',#1600,#1599,#1311,.T.);
#1937=EDGE_CURVE('',#1601,#1600,#270,.T.);
#1938=EDGE_CURVE('',#1572,#1601,#271,.T.);
#1939=EDGE_CURVE('',#1602,#1603,#272,.T.);
#1940=EDGE_CURVE('',#1604,#1602,#1312,.T.);
#1941=EDGE_CURVE('',#1605,#1604,#273,.T.);
#1942=EDGE_CURVE('',#1603,#1605,#1313,.T.);
#1943=EDGE_CURVE('',#1555,#1606,#274,.T.);
#1944=EDGE_CURVE('',#1575,#1606,#1314,.T.);
#1945=EDGE_CURVE('',#1554,#1607,#275,.T.);
#1946=EDGE_CURVE('',#1607,#1608,#1315,.F.);
#1947=EDGE_CURVE('',#1608,#1555,#276,.T.);
#1948=EDGE_CURVE('',#1609,#1610,#1316,.T.);
#1949=EDGE_CURVE('',#1610,#1611,#1317,.T.);
#1950=EDGE_CURVE('',#1611,#1612,#1318,.T.);
#1951=EDGE_CURVE('',#1612,#1609,#1319,.T.);
#1952=EDGE_CURVE('',#1597,#1613,#1320,.T.);
#1953=EDGE_CURVE('',#1613,#1614,#132,.T.);
#1954=EDGE_CURVE('',#1615,#1614,#1321,.T.);
#1955=EDGE_CURVE('',#1615,#1597,#133,.T.);
#1956=EDGE_CURVE('',#1614,#1616,#134,.T.);
#1957=EDGE_CURVE('',#1616,#1615,#135,.T.);
#1958=EDGE_CURVE('',#1617,#1618,#1322,.T.);
#1959=EDGE_CURVE('',#1618,#1619,#1323,.T.);
#1960=EDGE_CURVE('',#1619,#1620,#1324,.T.);
#1961=EDGE_CURVE('',#1620,#1617,#1325,.T.);
#1962=EDGE_CURVE('',#1621,#1578,#1326,.T.);
#1963=EDGE_CURVE('',#1578,#1622,#136,.T.);
#1964=EDGE_CURVE('',#1623,#1622,#1327,.T.);
#1965=EDGE_CURVE('',#1623,#1621,#137,.T.);
#1966=EDGE_CURVE('',#1622,#1624,#138,.T.);
#1967=EDGE_CURVE('',#1624,#1623,#139,.T.);
#1968=EDGE_CURVE('',#1625,#1626,#277,.T.);
#1969=EDGE_CURVE('',#1626,#1577,#1328,.T.);
#1970=EDGE_CURVE('',#1576,#1625,#23,.T.);
#1971=EDGE_CURVE('',#1626,#1624,#1329,.T.);
#1972=EDGE_CURVE('',#1627,#1575,#1330,.T.);
#1973=EDGE_CURVE('',#1606,#1627,#1331,.T.);
#1974=EDGE_CURVE('',#1627,#1625,#278,.T.);
#1975=EDGE_CURVE('',#1628,#1629,#1332,.T.);
#1976=EDGE_CURVE('',#1629,#1630,#1333,.T.);
#1977=EDGE_CURVE('',#1630,#1631,#1334,.T.);
#1978=EDGE_CURVE('',#1631,#1628,#1335,.T.);
#1979=EDGE_CURVE('',#1632,#1633,#1336,.T.);
#1980=EDGE_CURVE('',#1633,#1634,#1337,.T.);
#1981=EDGE_CURVE('',#1634,#1635,#1338,.T.);
#1982=EDGE_CURVE('',#1635,#1632,#1339,.T.);
#1983=EDGE_CURVE('',#1636,#1588,#1340,.T.);
#1984=EDGE_CURVE('',#1588,#1637,#24,.T.);
#1985=EDGE_CURVE('',#1637,#1636,#25,.T.);
#1986=EDGE_CURVE('',#1587,#1638,#1341,.T.);
#1987=EDGE_CURVE('',#1638,#1639,#26,.T.);
#1988=EDGE_CURVE('',#1639,#1587,#27,.T.);
#1989=EDGE_CURVE('',#1640,#1641,#1342,.F.);
#1990=EDGE_CURVE('',#1642,#1640,#1343,.F.);
#1991=EDGE_CURVE('',#1641,#1642,#1344,.F.);
#1992=EDGE_CURVE('',#1643,#1644,#1345,.F.);
#1993=EDGE_CURVE('',#1645,#1643,#1346,.F.);
#1994=EDGE_CURVE('',#1644,#1645,#1347,.F.);
#1995=EDGE_CURVE('',#1638,#1646,#279,.T.);
#1996=EDGE_CURVE('',#1646,#1645,#280,.T.);
#1997=EDGE_CURVE('',#1643,#1639,#281,.T.);
#1998=EDGE_CURVE('',#1645,#1642,#282,.T.);
#1999=EDGE_CURVE('',#1640,#1644,#283,.T.);
#2000=EDGE_CURVE('',#1633,#1643,#284,.T.);
#2001=EDGE_CURVE('',#1644,#1634,#285,.T.);
#2002=EDGE_CURVE('',#1624,#1647,#28,.T.);
#2003=EDGE_CURVE('',#1647,#1648,#1348,.T.);
#2004=EDGE_CURVE('',#1648,#1623,#29,.T.);
#2005=EDGE_CURVE('',#1642,#1648,#286,.T.);
#2006=EDGE_CURVE('',#1647,#1641,#287,.T.);
#2007=EDGE_CURVE('',#1618,#1640,#288,.T.);
#2008=EDGE_CURVE('',#1641,#1619,#289,.T.);
#2009=EDGE_CURVE('',#1639,#1637,#290,.T.);
#2010=EDGE_CURVE('',#1649,#1650,#1349,.F.);
#2011=EDGE_CURVE('',#1651,#1649,#1350,.F.);
#2012=EDGE_CURVE('',#1650,#1651,#1351,.F.);
#2013=EDGE_CURVE('',#1652,#1653,#1352,.T.);
#2014=EDGE_CURVE('',#1653,#1651,#291,.T.);
#2015=EDGE_CURVE('',#1649,#1652,#292,.T.);
#2016=EDGE_CURVE('',#1614,#1653,#30,.T.);
#2017=EDGE_CURVE('',#1652,#1616,#31,.T.);
#2018=EDGE_CURVE('',#1654,#1655,#1353,.F.);
#2019=EDGE_CURVE('',#1656,#1654,#1354,.F.);
#2020=EDGE_CURVE('',#1655,#1656,#1355,.F.);
#2021=EDGE_CURVE('',#1651,#1656,#293,.T.);
#2022=EDGE_CURVE('',#1654,#1650,#294,.T.);
#2023=EDGE_CURVE('',#1637,#1655,#295,.T.);
#2024=EDGE_CURVE('',#1656,#1657,#296,.T.);
#2025=EDGE_CURVE('',#1657,#1636,#297,.T.);
#2026=EDGE_CURVE('',#1629,#1654,#298,.T.);
#2027=EDGE_CURVE('',#1655,#1630,#299,.T.);
#2028=EDGE_CURVE('',#1612,#1649,#300,.T.);
#2029=EDGE_CURVE('',#1650,#1609,#301,.T.);
#2030=EDGE_CURVE('',#1616,#1658,#1356,.T.);
#2031=EDGE_CURVE('',#1658,#1598,#1357,.T.);
#2032=EDGE_CURVE('',#1659,#1599,#1358,.T.);
#2033=EDGE_CURVE('',#1658,#1659,#302,.T.);
#2034=EDGE_CURVE('',#1660,#1600,#1359,.T.);
#2035=EDGE_CURVE('',#1659,#1660,#1360,.T.);
#2036=EDGE_CURVE('',#1661,#1601,#1361,.T.);
#2037=EDGE_CURVE('',#1660,#1661,#303,.T.);
#2038=EDGE_CURVE('',#1661,#1662,#1362,.T.);
#2039=EDGE_CURVE('',#1662,#1601,#1363,.T.);
#2040=EDGE_CURVE('',#1663,#1638,#304,.T.);
#2041=EDGE_CURVE('',#1646,#1663,#32,.T.);
#2042=EDGE_CURVE('',#1664,#1646,#33,.T.);
#2043=EDGE_CURVE('',#1665,#1664,#305,.T.);
#2044=EDGE_CURVE('',#1666,#1665,#34,.T.);
#2045=EDGE_CURVE('',#1621,#1666,#306,.T.);
#2046=EDGE_CURVE('',#1586,#1663,#1364,.T.);
#2047=EDGE_CURVE('',#1636,#1667,#307,.T.);
#2048=EDGE_CURVE('',#1589,#1667,#1365,.T.);
#2049=EDGE_CURVE('',#1668,#1613,#308,.T.);
#2050=EDGE_CURVE('',#1669,#1668,#35,.T.);
#2051=EDGE_CURVE('',#1670,#1669,#309,.T.);
#2052=EDGE_CURVE('',#1657,#1670,#36,.T.);
#2053=EDGE_CURVE('',#1667,#1657,#37,.T.);
#2054=EDGE_CURVE('',#1596,#1668,#1366,.T.);
#2055=EDGE_CURVE('',#1662,#1574,#310,.T.);
#2056=EDGE_CURVE('',#1661,#1671,#311,.T.);
#2057=EDGE_CURVE('',#1671,#1672,#1367,.F.);
#2058=EDGE_CURVE('',#1672,#1662,#312,.T.);
#2059=EDGE_CURVE('',#1673,#1660,#313,.T.);
#2060=EDGE_CURVE('',#1674,#1673,#314,.T.);
#2061=EDGE_CURVE('',#1671,#1674,#315,.T.);
#2062=EDGE_CURVE('',#1659,#1675,#316,.T.);
#2063=EDGE_CURVE('',#1675,#1673,#1368,.F.);
#2064=EDGE_CURVE('',#1676,#1658,#317,.T.);
#2065=EDGE_CURVE('',#1675,#1676,#318,.T.);
#2066=EDGE_CURVE('',#1652,#1677,#319,.T.);
#2067=EDGE_CURVE('',#1676,#1677,#1369,.T.);
#2068=EDGE_CURVE('',#1678,#1612,#320,.T.);
#2069=EDGE_CURVE('',#1679,#1678,#321,.T.);
#2070=EDGE_CURVE('',#1680,#1679,#38,.T.);
#2071=EDGE_CURVE('',#1677,#1680,#39,.T.);
#2072=EDGE_CURVE('',#1611,#1681,#322,.T.);
#2073=EDGE_CURVE('',#1678,#1681,#1370,.T.);
#2074=EDGE_CURVE('',#1628,#1610,#323,.T.);
#2075=EDGE_CURVE('',#1682,#1631,#324,.T.);
#2076=EDGE_CURVE('',#1683,#1682,#1371,.T.);
#2077=EDGE_CURVE('',#1684,#1683,#325,.T.);
#2078=EDGE_CURVE('',#1685,#1684,#326,.T.);
#2079=EDGE_CURVE('',#1681,#1685,#1372,.T.);
#2080=EDGE_CURVE('',#1686,#1686,#1373,.T.);
#2081=EDGE_CURVE('',#1687,#1687,#1374,.T.);
#2082=EDGE_CURVE('',#1609,#1629,#327,.T.);
#2083=EDGE_CURVE('',#1603,#1688,#1375,.T.);
#2084=EDGE_CURVE('',#1688,#1689,#328,.T.);
#2085=EDGE_CURVE('',#1689,#1602,#1376,.T.);
#2086=EDGE_CURVE('',#1690,#1604,#1377,.T.);
#2087=EDGE_CURVE('',#1689,#1690,#1378,.T.);
#2088=EDGE_CURVE('',#1691,#1605,#1379,.T.);
#2089=EDGE_CURVE('',#1690,#1691,#329,.T.);
#2090=EDGE_CURVE('',#1691,#1688,#1380,.T.);
#2091=EDGE_CURVE('',#1689,#1692,#330,.T.);
#2092=EDGE_CURVE('',#1693,#1692,#1381,.T.);
#2093=EDGE_CURVE('',#1690,#1693,#331,.T.);
#2094=EDGE_CURVE('',#1688,#1694,#332,.T.);
#2095=EDGE_CURVE('',#1692,#1694,#333,.T.);
#2096=EDGE_CURVE('',#1595,#1695,#1382,.T.);
#2097=EDGE_CURVE('',#1695,#1668,#140,.T.);
#2098=EDGE_CURVE('',#1594,#1696,#1383,.T.);
#2099=EDGE_CURVE('',#1696,#1695,#1384,.T.);
#2100=EDGE_CURVE('',#1593,#1669,#1385,.T.);
#2101=EDGE_CURVE('',#1669,#1696,#141,.T.);
#2102=EDGE_CURVE('',#1592,#1670,#1386,.T.);
#2103=EDGE_CURVE('',#1591,#1697,#1387,.T.);
#2104=EDGE_CURVE('',#1697,#1670,#142,.T.);
#2105=EDGE_CURVE('',#1590,#1698,#1388,.T.);
#2106=EDGE_CURVE('',#1698,#1697,#1389,.T.);
#2107=EDGE_CURVE('',#1667,#1698,#143,.T.);
#2108=EDGE_CURVE('',#1585,#1699,#1390,.T.);
#2109=EDGE_CURVE('',#1699,#1663,#144,.T.);
#2110=EDGE_CURVE('',#1584,#1700,#1391,.T.);
#2111=EDGE_CURVE('',#1700,#1699,#1392,.T.);
#2112=EDGE_CURVE('',#1583,#1664,#1393,.T.);
#2113=EDGE_CURVE('',#1664,#1700,#145,.T.);
#2114=EDGE_CURVE('',#1582,#1665,#1394,.T.);
#2115=EDGE_CURVE('',#1581,#1701,#1395,.T.);
#2116=EDGE_CURVE('',#1701,#1665,#146,.T.);
#2117=EDGE_CURVE('',#1580,#1702,#1396,.T.);
#2118=EDGE_CURVE('',#1702,#1701,#1397,.T.);
#2119=EDGE_CURVE('',#1579,#1666,#1398,.T.);
#2120=EDGE_CURVE('',#1666,#1702,#147,.T.);
#2121=EDGE_CURVE('',#1703,#1633,#334,.T.);
#2122=EDGE_CURVE('',#1704,#1703,#335,.T.);
#2123=EDGE_CURVE('',#1705,#1704,#1399,.T.);
#2124=EDGE_CURVE('',#1706,#1705,#336,.T.);
#2125=EDGE_CURVE('',#1707,#1706,#1400,.T.);
#2126=EDGE_CURVE('',#1708,#1707,#337,.T.);
#2127=EDGE_CURVE('',#1709,#1708,#338,.T.);
#2128=EDGE_CURVE('',#1710,#1709,#339,.T.);
#2129=EDGE_CURVE('',#1711,#1710,#1401,.T.);
#2130=EDGE_CURVE('',#1712,#1711,#340,.T.);
#2131=EDGE_CURVE('',#1713,#1712,#1402,.T.);
#2132=EDGE_CURVE('',#1714,#1713,#341,.T.);
#2133=EDGE_CURVE('',#1630,#1714,#342,.T.);
#2134=EDGE_CURVE('',#1715,#1716,#1403,.T.);
#2135=EDGE_CURVE('',#1716,#1715,#1404,.T.);
#2136=EDGE_CURVE('',#1715,#1717,#1405,.T.);
#2137=EDGE_CURVE('',#1717,#1717,#1406,.T.);
#2138=EDGE_CURVE('',#1718,#1718,#1407,.T.);
#2139=EDGE_CURVE('',#1716,#1719,#343,.T.);
#2140=EDGE_CURVE('',#1720,#1719,#1408,.T.);
#2141=EDGE_CURVE('',#1719,#1720,#1409,.T.);
#2142=EDGE_CURVE('',#1718,#1721,#1410,.T.);
#2143=EDGE_CURVE('',#1721,#1722,#1411,.T.);
#2144=EDGE_CURVE('',#1722,#1721,#1412,.T.);
#2145=EDGE_CURVE('',#1723,#1700,#40,.T.);
#2146=EDGE_CURVE('',#1723,#1722,#344,.T.);
#2147=EDGE_CURVE('',#1699,#1723,#41,.T.);
#2148=EDGE_CURVE('',#1724,#1724,#1413,.T.);
#2149=EDGE_CURVE('',#1724,#1725,#1414,.T.);
#2150=EDGE_CURVE('',#1725,#1726,#1415,.T.);
#2151=EDGE_CURVE('',#1726,#1725,#1416,.T.);
#2152=EDGE_CURVE('',#1727,#1727,#1417,.T.);
#2153=EDGE_CURVE('',#1728,#1702,#42,.T.);
#2154=EDGE_CURVE('',#1728,#1726,#345,.T.);
#2155=EDGE_CURVE('',#1701,#1728,#43,.T.);
#2156=EDGE_CURVE('',#1729,#1730,#1418,.T.);
#2157=EDGE_CURVE('',#1730,#1729,#1419,.T.);
#2158=EDGE_CURVE('',#1729,#1727,#1420,.T.);
#2159=EDGE_CURVE('',#1730,#1731,#346,.T.);
#2160=EDGE_CURVE('',#1732,#1731,#1421,.T.);
#2161=EDGE_CURVE('',#1731,#1732,#1422,.T.);
#2162=EDGE_CURVE('',#1733,#1733,#1423,.T.);
#2163=EDGE_CURVE('',#1733,#1720,#1424,.T.);
#2164=EDGE_CURVE('',#1734,#1620,#347,.T.);
#2165=EDGE_CURVE('',#1735,#1734,#1425,.T.);
#2166=EDGE_CURVE('',#1736,#1735,#348,.T.);
#2167=EDGE_CURVE('',#1737,#1736,#349,.T.);
#2168=EDGE_CURVE('',#1738,#1737,#1426,.T.);
#2169=EDGE_CURVE('',#1632,#1738,#350,.T.);
#2170=EDGE_CURVE('',#1617,#1635,#351,.T.);
#2171=EDGE_CURVE('',#1739,#1739,#1427,.T.);
#2172=EDGE_CURVE('',#1739,#1732,#1428,.T.);
#2173=EDGE_CURVE('',#1740,#1740,#1429,.T.);
#2174=EDGE_CURVE('',#1740,#1741,#1430,.T.);
#2175=EDGE_CURVE('',#1741,#1742,#1431,.T.);
#2176=EDGE_CURVE('',#1742,#1741,#1432,.T.);
#2177=EDGE_CURVE('',#1743,#1743,#1433,.T.);
#2178=EDGE_CURVE('',#1742,#1744,#352,.T.);
#2179=EDGE_CURVE('',#1745,#1744,#1434,.T.);
#2180=EDGE_CURVE('',#1744,#1745,#1435,.T.);
#2181=EDGE_CURVE('',#1743,#1746,#1436,.T.);
#2182=EDGE_CURVE('',#1746,#1747,#1437,.T.);
#2183=EDGE_CURVE('',#1747,#1746,#1438,.T.);
#2184=EDGE_CURVE('',#1748,#1698,#44,.T.);
#2185=EDGE_CURVE('',#1748,#1747,#353,.T.);
#2186=EDGE_CURVE('',#1697,#1748,#45,.T.);
#2187=EDGE_CURVE('',#1749,#1749,#1439,.T.);
#2188=EDGE_CURVE('',#1749,#1750,#1440,.T.);
#2189=EDGE_CURVE('',#1750,#1751,#1441,.T.);
#2190=EDGE_CURVE('',#1751,#1750,#1442,.T.);
#2191=EDGE_CURVE('',#1752,#1752,#1443,.T.);
#2192=EDGE_CURVE('',#1753,#1696,#46,.T.);
#2193=EDGE_CURVE('',#1753,#1751,#354,.T.);
#2194=EDGE_CURVE('',#1695,#1753,#47,.T.);
#2195=EDGE_CURVE('',#1752,#1754,#1444,.T.);
#2196=EDGE_CURVE('',#1754,#1755,#1445,.T.);
#2197=EDGE_CURVE('',#1755,#1754,#1446,.T.);
#2198=EDGE_CURVE('',#1755,#1756,#355,.T.);
#2199=EDGE_CURVE('',#1757,#1756,#1447,.T.);
#2200=EDGE_CURVE('',#1756,#1757,#1448,.T.);
#2201=EDGE_CURVE('',#1686,#1757,#1449,.T.);
#2202=EDGE_CURVE('',#1687,#1745,#1450,.T.);
#2203=EDGE_CURVE('',#1758,#1759,#148,.T.);
#2204=EDGE_CURVE('',#1759,#1760,#149,.T.);
#2205=EDGE_CURVE('',#1760,#1758,#1451,.T.);
#2206=EDGE_CURVE('',#1626,#1761,#356,.T.);
#2207=EDGE_CURVE('',#1761,#1762,#1452,.T.);
#2208=EDGE_CURVE('',#1762,#1647,#357,.T.);
#2209=EDGE_CURVE('',#1763,#1764,#1453,.T.);
#2210=EDGE_CURVE('',#1764,#1762,#48,.T.);
#2211=EDGE_CURVE('',#1761,#1763,#49,.T.);
#2212=EDGE_CURVE('',#1763,#1758,#150,.T.);
#2213=EDGE_CURVE('',#1760,#1764,#151,.T.);
#2214=EDGE_CURVE('',#1761,#1765,#358,.T.);
#2215=EDGE_CURVE('',#1766,#1765,#50,.T.);
#2216=EDGE_CURVE('',#1766,#1759,#359,.T.);
#2217=EDGE_CURVE('',#1765,#1625,#360,.T.);
#2218=EDGE_CURVE('',#1767,#1768,#1454,.T.);
#2219=EDGE_CURVE('',#1768,#1769,#152,.T.);
#2220=EDGE_CURVE('',#1769,#1767,#153,.T.);
#2221=EDGE_CURVE('',#1770,#1771,#1455,.T.);
#2222=EDGE_CURVE('',#1771,#1772,#51,.T.);
#2223=EDGE_CURVE('',#1772,#1773,#1456,.T.);
#2224=EDGE_CURVE('',#1773,#1770,#52,.T.);
#2225=EDGE_CURVE('',#1563,#1771,#361,.T.);
#2226=EDGE_CURVE('',#1770,#1561,#362,.T.);
#2227=EDGE_CURVE('',#1772,#1768,#154,.T.);
#2228=EDGE_CURVE('',#1767,#1773,#155,.T.);
#2229=EDGE_CURVE('',#1774,#1565,#363,.T.);
#2230=EDGE_CURVE('',#1775,#1774,#53,.T.);
#2231=EDGE_CURVE('',#1776,#1775,#54,.T.);
#2232=EDGE_CURVE('',#1777,#1776,#364,.T.);
#2233=EDGE_CURVE('',#1778,#1777,#365,.T.);
#2234=EDGE_CURVE('',#1779,#1778,#366,.T.);
#2235=EDGE_CURVE('',#1772,#1779,#55,.T.);
#2236=EDGE_CURVE('',#1780,#1770,#367,.T.);
#2237=EDGE_CURVE('',#1559,#1780,#368,.T.);
#2238=EDGE_CURVE('',#1781,#1782,#156,.T.);
#2239=EDGE_CURVE('',#1782,#1783,#157,.T.);
#2240=EDGE_CURVE('',#1783,#1781,#1457,.T.);
#2241=EDGE_CURVE('',#1567,#1784,#369,.T.);
#2242=EDGE_CURVE('',#1784,#1774,#1458,.T.);
#2243=EDGE_CURVE('',#1785,#1775,#1459,.T.);
#2244=EDGE_CURVE('',#1784,#1785,#56,.T.);
#2245=EDGE_CURVE('',#1785,#1781,#158,.T.);
#2246=EDGE_CURVE('',#1783,#1775,#159,.T.);
#2247=EDGE_CURVE('',#1784,#1786,#370,.T.);
#2248=EDGE_CURVE('',#1786,#1787,#1460,.T.);
#2249=EDGE_CURVE('',#1787,#1782,#371,.T.);
#2250=EDGE_CURVE('',#1786,#1569,#372,.T.);
#2251=EDGE_CURVE('',#1788,#1789,#1461,.T.);
#2252=EDGE_CURVE('',#1789,#1790,#160,.T.);
#2253=EDGE_CURVE('',#1790,#1788,#161,.T.);
#2254=EDGE_CURVE('',#1680,#1791,#1462,.T.);
#2255=EDGE_CURVE('',#1791,#1676,#57,.T.);
#2256=EDGE_CURVE('',#1680,#1789,#162,.T.);
#2257=EDGE_CURVE('',#1788,#1791,#163,.T.);
#2258=EDGE_CURVE('',#1709,#1792,#1463,.T.);
#2259=EDGE_CURVE('',#1792,#1793,#1464,.T.);
#2260=EDGE_CURVE('',#1793,#1794,#1465,.T.);
#2261=EDGE_CURVE('',#1794,#1709,#1466,.T.);
#2262=EDGE_CURVE('',#1682,#1714,#1467,.T.);
#2263=EDGE_CURVE('',#1714,#1795,#1468,.T.);
#2264=EDGE_CURVE('',#1795,#1683,#1469,.T.);
#2265=EDGE_CURVE('',#1713,#1796,#1470,.T.);
#2266=EDGE_CURVE('',#1796,#1795,#373,.T.);
#2267=EDGE_CURVE('',#1712,#1797,#1471,.T.);
#2268=EDGE_CURVE('',#1797,#1796,#1472,.T.);
#2269=EDGE_CURVE('',#1711,#1798,#1473,.T.);
#2270=EDGE_CURVE('',#1798,#1797,#374,.T.);
#2271=EDGE_CURVE('',#1710,#1799,#1474,.T.);
#2272=EDGE_CURVE('',#1799,#1798,#1475,.T.);
#2273=EDGE_CURVE('',#1794,#1799,#375,.T.);
#2274=EDGE_CURVE('',#1800,#1708,#1476,.T.);
#2275=EDGE_CURVE('',#1800,#1792,#376,.T.);
#2276=EDGE_CURVE('',#1703,#1738,#1477,.T.);
#2277=EDGE_CURVE('',#1737,#1801,#1478,.T.);
#2278=EDGE_CURVE('',#1801,#1703,#1479,.T.);
#2279=EDGE_CURVE('',#1708,#1802,#1480,.T.);
#2280=EDGE_CURVE('',#1802,#1803,#1481,.T.);
#2281=EDGE_CURVE('',#1803,#1800,#1482,.T.);
#2282=EDGE_CURVE('',#1707,#1804,#1483,.T.);
#2283=EDGE_CURVE('',#1804,#1802,#377,.T.);
#2284=EDGE_CURVE('',#1706,#1805,#1484,.T.);
#2285=EDGE_CURVE('',#1805,#1804,#1485,.T.);
#2286=EDGE_CURVE('',#1705,#1806,#1486,.T.);
#2287=EDGE_CURVE('',#1806,#1805,#378,.T.);
#2288=EDGE_CURVE('',#1704,#1807,#1487,.T.);
#2289=EDGE_CURVE('',#1807,#1806,#1488,.T.);
#2290=EDGE_CURVE('',#1801,#1807,#379,.T.);
#2291=EDGE_CURVE('',#1808,#1803,#380,.T.);
#2292=EDGE_CURVE('',#1809,#1808,#381,.T.);
#2293=EDGE_CURVE('',#1810,#1809,#1489,.T.);
#2294=EDGE_CURVE('',#1811,#1810,#382,.T.);
#2295=EDGE_CURVE('',#1812,#1811,#1490,.T.);
#2296=EDGE_CURVE('',#1813,#1812,#383,.T.);
#2297=EDGE_CURVE('',#1793,#1813,#384,.T.);
#2298=EDGE_CURVE('',#1814,#1814,#1491,.T.);
#2299=EDGE_CURVE('',#1815,#1815,#1492,.T.);
#2300=EDGE_CURVE('',#1734,#1816,#1493,.T.);
#2301=EDGE_CURVE('',#1816,#1817,#1494,.T.);
#2302=EDGE_CURVE('',#1817,#1735,#1495,.T.);
#2303=EDGE_CURVE('',#1818,#1819,#1496,.T.);
#2304=EDGE_CURVE('',#1819,#1817,#385,.T.);
#2305=EDGE_CURVE('',#1816,#1818,#386,.T.);
#2306=EDGE_CURVE('',#1760,#1820,#1497,.T.);
#2307=EDGE_CURVE('',#1820,#1819,#58,.T.);
#2308=EDGE_CURVE('',#1818,#1764,#59,.T.);
#2309=EDGE_CURVE('',#1759,#1820,#387,.T.);
#2310=EDGE_CURVE('',#1817,#1821,#388,.T.);
#2311=EDGE_CURVE('',#1736,#1821,#60,.T.);
#2312=EDGE_CURVE('',#1822,#1819,#389,.T.);
#2313=EDGE_CURVE('',#1821,#1822,#390,.T.);
#2314=EDGE_CURVE('',#1820,#1823,#391,.T.);
#2315=EDGE_CURVE('',#1823,#1822,#61,.T.);
#2316=EDGE_CURVE('',#1823,#1806,#392,.T.);
#2317=EDGE_CURVE('',#1824,#1766,#393,.T.);
#2318=EDGE_CURVE('',#1825,#1824,#394,.T.);
#2319=EDGE_CURVE('',#1826,#1825,#395,.T.);
#2320=EDGE_CURVE('',#1827,#1826,#1498,.T.);
#2321=EDGE_CURVE('',#1769,#1827,#396,.T.);
#2322=EDGE_CURVE('',#1828,#1769,#397,.T.);
#2323=EDGE_CURVE('',#1829,#1828,#398,.T.);
#2324=EDGE_CURVE('',#1805,#1829,#399,.T.);
#2325=EDGE_CURVE('',#1809,#1830,#1499,.T.);
#2326=EDGE_CURVE('',#1830,#1778,#1500,.T.);
#2327=EDGE_CURVE('',#1778,#1810,#1501,.T.);
#2328=EDGE_CURVE('',#1831,#1779,#1502,.T.);
#2329=EDGE_CURVE('',#1830,#1831,#400,.T.);
#2330=EDGE_CURVE('',#1831,#1828,#62,.T.);
#2331=EDGE_CURVE('',#1828,#1768,#1503,.T.);
#2332=EDGE_CURVE('',#1811,#1777,#1504,.T.);
#2333=EDGE_CURVE('',#1777,#1832,#1505,.T.);
#2334=EDGE_CURVE('',#1832,#1812,#1506,.T.);
#2335=EDGE_CURVE('',#1776,#1833,#1507,.T.);
#2336=EDGE_CURVE('',#1833,#1832,#401,.T.);
#2337=EDGE_CURVE('',#1783,#1834,#1508,.T.);
#2338=EDGE_CURVE('',#1834,#1833,#63,.T.);
#2339=EDGE_CURVE('',#1782,#1834,#402,.T.);
#2340=EDGE_CURVE('',#1832,#1835,#403,.T.);
#2341=EDGE_CURVE('',#1835,#1813,#64,.T.);
#2342=EDGE_CURVE('',#1836,#1833,#404,.T.);
#2343=EDGE_CURVE('',#1835,#1836,#405,.T.);
#2344=EDGE_CURVE('',#1834,#1837,#406,.T.);
#2345=EDGE_CURVE('',#1837,#1836,#65,.T.);
#2346=EDGE_CURVE('',#1837,#1798,#407,.T.);
#2347=EDGE_CURVE('',#1838,#1787,#1509,.T.);
#2348=EDGE_CURVE('',#1839,#1838,#408,.T.);
#2349=EDGE_CURVE('',#1840,#1839,#409,.T.);
#2350=EDGE_CURVE('',#1841,#1840,#410,.T.);
#2351=EDGE_CURVE('',#1842,#1841,#1510,.T.);
#2352=EDGE_CURVE('',#1790,#1842,#411,.T.);
#2353=EDGE_CURVE('',#1843,#1790,#412,.T.);
#2354=EDGE_CURVE('',#1844,#1843,#413,.T.);
#2355=EDGE_CURVE('',#1797,#1844,#414,.T.);
#2356=EDGE_CURVE('',#1685,#1845,#1511,.T.);
#2357=EDGE_CURVE('',#1845,#1678,#1512,.T.);
#2358=EDGE_CURVE('',#1846,#1679,#1513,.T.);
#2359=EDGE_CURVE('',#1845,#1846,#415,.T.);
#2360=EDGE_CURVE('',#1846,#1843,#66,.T.);
#2361=EDGE_CURVE('',#1843,#1789,#1514,.T.);
#2362=EDGE_CURVE('',#1765,#1847,#416,.T.);
#2363=EDGE_CURVE('',#1847,#1824,#67,.T.);
#2364=EDGE_CURVE('',#1848,#1849,#1515,.F.);
#2365=EDGE_CURVE('',#1850,#1848,#1516,.F.);
#2366=EDGE_CURVE('',#1849,#1850,#1517,.F.);
#2367=EDGE_CURVE('',#1606,#1850,#417,.T.);
#2368=EDGE_CURVE('',#1848,#1627,#418,.T.);
#2369=EDGE_CURVE('',#1608,#1851,#1518,.F.);
#2370=EDGE_CURVE('',#1851,#1607,#1519,.F.);
#2371=EDGE_CURVE('',#1825,#1851,#419,.T.);
#2372=EDGE_CURVE('',#1607,#1852,#420,.T.);
#2373=EDGE_CURVE('',#1852,#1825,#68,.T.);
#2374=EDGE_CURVE('',#1853,#1826,#1520,.T.);
#2375=EDGE_CURVE('',#1780,#1853,#1521,.F.);
#2376=EDGE_CURVE('',#1827,#1780,#1522,.T.);
#2377=EDGE_CURVE('',#1852,#1853,#421,.T.);
#2378=EDGE_CURVE('',#1853,#1557,#422,.T.);
#2379=EDGE_CURVE('',#1851,#1849,#423,.T.);
#2380=EDGE_CURVE('',#1850,#1608,#424,.T.);
#2381=EDGE_CURVE('',#1847,#1848,#425,.T.);
#2382=EDGE_CURVE('',#1849,#1824,#426,.T.);
#2383=EDGE_CURVE('',#1854,#1786,#1523,.F.);
#2384=EDGE_CURVE('',#1838,#1854,#1524,.T.);
#2385=EDGE_CURVE('',#1842,#1675,#1525,.T.);
#2386=EDGE_CURVE('',#1673,#1841,#1526,.T.);
#2387=EDGE_CURVE('',#1854,#1855,#427,.T.);
#2388=EDGE_CURVE('',#1855,#1839,#69,.T.);
#2389=EDGE_CURVE('',#1856,#1857,#1527,.F.);
#2390=EDGE_CURVE('',#1858,#1856,#1528,.F.);
#2391=EDGE_CURVE('',#1857,#1858,#1529,.F.);
#2392=EDGE_CURVE('',#1672,#1859,#1530,.F.);
#2393=EDGE_CURVE('',#1859,#1671,#1531,.F.);
#2394=EDGE_CURVE('',#1574,#1858,#428,.T.);
#2395=EDGE_CURVE('',#1856,#1573,#429,.T.);
#2396=EDGE_CURVE('',#1840,#1859,#430,.T.);
#2397=EDGE_CURVE('',#1674,#1840,#70,.T.);
#2398=EDGE_CURVE('',#1859,#1857,#431,.T.);
#2399=EDGE_CURVE('',#1858,#1672,#432,.T.);
#2400=EDGE_CURVE('',#1855,#1856,#433,.T.);
#2401=EDGE_CURVE('',#1857,#1839,#434,.T.);
#2402=EDGE_CURVE('',#1571,#1854,#435,.T.);
#2403=EDGE_CURVE('',#1684,#1860,#71,.T.);
#2404=EDGE_CURVE('',#1860,#1845,#436,.T.);
#2405=EDGE_CURVE('',#1795,#1860,#437,.T.);
#2406=EDGE_CURVE('',#1821,#1801,#438,.T.);
#2407=EDGE_CURVE('',#1619,#1816,#439,.T.);
#2408=EDGE_CURVE('',#1634,#1618,#440,.T.);
#2409=EDGE_CURVE('',#1807,#1822,#441,.T.);
#2410=EDGE_CURVE('',#1802,#1861,#442,.T.);
#2411=EDGE_CURVE('',#1808,#1861,#72,.T.);
#2412=EDGE_CURVE('',#1835,#1794,#443,.T.);
#2413=EDGE_CURVE('',#1861,#1830,#444,.T.);
#2414=EDGE_CURVE('',#1799,#1836,#445,.T.);
#2415=EDGE_CURVE('',#1844,#1862,#73,.T.);
#2416=EDGE_CURVE('',#1862,#1796,#446,.T.);
#2417=EDGE_CURVE('',#1846,#1862,#447,.T.);
#2418=EDGE_CURVE('',#1860,#1862,#448,.T.);
#2419=EDGE_CURVE('',#1829,#1863,#74,.T.);
#2420=EDGE_CURVE('',#1863,#1804,#449,.T.);
#2421=EDGE_CURVE('',#1831,#1863,#450,.T.);
#2422=EDGE_CURVE('',#1861,#1863,#451,.T.);
#2423=EDGE_CURVE('',#1694,#1864,#1532,.T.);
#2424=EDGE_CURVE('',#1864,#1865,#452,.T.);
#2425=EDGE_CURVE('',#1865,#1692,#1533,.T.);
#2426=EDGE_CURVE('',#1866,#1693,#1534,.T.);
#2427=EDGE_CURVE('',#1865,#1866,#1535,.T.);
#2428=EDGE_CURVE('',#1867,#1868,#1536,.T.);
#2429=EDGE_CURVE('',#1868,#1693,#453,.T.);
#2430=EDGE_CURVE('',#1866,#1867,#454,.T.);
#2431=EDGE_CURVE('',#1694,#1868,#1537,.T.);
#2432=EDGE_CURVE('',#1867,#1864,#1538,.T.);
#2433=EDGE_CURVE('',#1691,#1868,#455,.T.);
#2434=EDGE_CURVE('',#1869,#1869,#1539,.T.);
#2435=EDGE_CURVE('',#1870,#1870,#1540,.T.);
#2436=EDGE_CURVE('',#1869,#1871,#1541,.T.);
#2437=EDGE_CURVE('',#1871,#1872,#1542,.T.);
#2438=EDGE_CURVE('',#1872,#1871,#1543,.T.);
#2439=EDGE_CURVE('',#1872,#1873,#456,.T.);
#2440=EDGE_CURVE('',#1874,#1873,#1544,.T.);
#2441=EDGE_CURVE('',#1873,#1874,#1545,.T.);
#2442=EDGE_CURVE('',#1814,#1874,#1546,.T.);
#2443=EDGE_CURVE('',#1815,#1875,#1547,.T.);
#2444=EDGE_CURVE('',#1875,#1876,#1548,.T.);
#2445=EDGE_CURVE('',#1876,#1875,#1549,.T.);
#2446=EDGE_CURVE('',#1877,#1878,#1550,.T.);
#2447=EDGE_CURVE('',#1877,#1876,#457,.T.);
#2448=EDGE_CURVE('',#1878,#1877,#1551,.T.);
#2449=EDGE_CURVE('',#1870,#1878,#1552,.T.);
#2450=ORIENTED_EDGE('',*,*,#1879,.T.);
#2451=ORIENTED_EDGE('',*,*,#1880,.T.);
#2452=ORIENTED_EDGE('',*,*,#1881,.T.);
#2453=ORIENTED_EDGE('',*,*,#1882,.T.);
#2454=ORIENTED_EDGE('',*,*,#1883,.T.);
#2455=ORIENTED_EDGE('',*,*,#1879,.F.);
#2456=ORIENTED_EDGE('',*,*,#1884,.T.);
#2457=ORIENTED_EDGE('',*,*,#1885,.T.);
#2458=ORIENTED_EDGE('',*,*,#1886,.T.);
#2459=ORIENTED_EDGE('',*,*,#1882,.F.);
#2460=ORIENTED_EDGE('',*,*,#1887,.T.);
#2461=ORIENTED_EDGE('',*,*,#1888,.T.);
#2462=ORIENTED_EDGE('',*,*,#1889,.T.);
#2463=ORIENTED_EDGE('',*,*,#1885,.F.);
#2464=ORIENTED_EDGE('',*,*,#1890,.T.);
#2465=ORIENTED_EDGE('',*,*,#1891,.T.);
#2466=ORIENTED_EDGE('',*,*,#1892,.T.);
#2467=ORIENTED_EDGE('',*,*,#1888,.F.);
#2468=ORIENTED_EDGE('',*,*,#1893,.T.);
#2469=ORIENTED_EDGE('',*,*,#1894,.T.);
#2470=ORIENTED_EDGE('',*,*,#1895,.T.);
#2471=ORIENTED_EDGE('',*,*,#1891,.F.);
#2472=ORIENTED_EDGE('',*,*,#1896,.T.);
#2473=ORIENTED_EDGE('',*,*,#1897,.T.);
#2474=ORIENTED_EDGE('',*,*,#1898,.T.);
#2475=ORIENTED_EDGE('',*,*,#1894,.F.);
#2476=ORIENTED_EDGE('',*,*,#1899,.T.);
#2477=ORIENTED_EDGE('',*,*,#1900,.T.);
#2478=ORIENTED_EDGE('',*,*,#1901,.T.);
#2479=ORIENTED_EDGE('',*,*,#1897,.F.);
#2480=ORIENTED_EDGE('',*,*,#1902,.T.);
#2481=ORIENTED_EDGE('',*,*,#1903,.T.);
#2482=ORIENTED_EDGE('',*,*,#1904,.T.);
#2483=ORIENTED_EDGE('',*,*,#1900,.F.);
#2484=ORIENTED_EDGE('',*,*,#1905,.T.);
#2485=ORIENTED_EDGE('',*,*,#1906,.T.);
#2486=ORIENTED_EDGE('',*,*,#1907,.T.);
#2487=ORIENTED_EDGE('',*,*,#1903,.F.);
#2488=ORIENTED_EDGE('',*,*,#1908,.T.);
#2489=ORIENTED_EDGE('',*,*,#1906,.F.);
#2490=ORIENTED_EDGE('',*,*,#1909,.T.);
#2491=ORIENTED_EDGE('',*,*,#1910,.T.);
#2492=ORIENTED_EDGE('',*,*,#1908,.F.);
#2493=ORIENTED_EDGE('',*,*,#1905,.F.);
#2494=ORIENTED_EDGE('',*,*,#1902,.F.);
#2495=ORIENTED_EDGE('',*,*,#1899,.F.);
#2496=ORIENTED_EDGE('',*,*,#1896,.F.);
#2497=ORIENTED_EDGE('',*,*,#1893,.F.);
#2498=ORIENTED_EDGE('',*,*,#1890,.F.);
#2499=ORIENTED_EDGE('',*,*,#1887,.F.);
#2500=ORIENTED_EDGE('',*,*,#1884,.F.);
#2501=ORIENTED_EDGE('',*,*,#1911,.F.);
#2502=ORIENTED_EDGE('',*,*,#1912,.F.);
#2503=ORIENTED_EDGE('',*,*,#1913,.F.);
#2504=ORIENTED_EDGE('',*,*,#1914,.F.);
#2505=ORIENTED_EDGE('',*,*,#1915,.F.);
#2506=ORIENTED_EDGE('',*,*,#1916,.F.);
#2507=ORIENTED_EDGE('',*,*,#1917,.F.);
#2508=ORIENTED_EDGE('',*,*,#1918,.F.);
#2509=ORIENTED_EDGE('',*,*,#1919,.F.);
#2510=ORIENTED_EDGE('',*,*,#1920,.F.);
#2511=ORIENTED_EDGE('',*,*,#1921,.F.);
#2512=ORIENTED_EDGE('',*,*,#1922,.F.);
#2513=ORIENTED_EDGE('',*,*,#1923,.F.);
#2514=ORIENTED_EDGE('',*,*,#1924,.F.);
#2515=ORIENTED_EDGE('',*,*,#1925,.F.);
#2516=ORIENTED_EDGE('',*,*,#1926,.F.);
#2517=ORIENTED_EDGE('',*,*,#1927,.F.);
#2518=ORIENTED_EDGE('',*,*,#1928,.F.);
#2519=ORIENTED_EDGE('',*,*,#1929,.F.);
#2520=ORIENTED_EDGE('',*,*,#1930,.F.);
#2521=ORIENTED_EDGE('',*,*,#1931,.F.);
#2522=ORIENTED_EDGE('',*,*,#1932,.F.);
#2523=ORIENTED_EDGE('',*,*,#1933,.F.);
#2524=ORIENTED_EDGE('',*,*,#1934,.F.);
#2525=ORIENTED_EDGE('',*,*,#1935,.F.);
#2526=ORIENTED_EDGE('',*,*,#1936,.F.);
#2527=ORIENTED_EDGE('',*,*,#1937,.F.);
#2528=ORIENTED_EDGE('',*,*,#1938,.F.);
#2529=ORIENTED_EDGE('',*,*,#1939,.F.);
#2530=ORIENTED_EDGE('',*,*,#1940,.F.);
#2531=ORIENTED_EDGE('',*,*,#1941,.F.);
#2532=ORIENTED_EDGE('',*,*,#1942,.F.);
#2533=ORIENTED_EDGE('',*,*,#1881,.F.);
#2534=ORIENTED_EDGE('',*,*,#1943,.T.);
#2535=ORIENTED_EDGE('',*,*,#1944,.F.);
#2536=ORIENTED_EDGE('',*,*,#1911,.T.);
#2537=ORIENTED_EDGE('',*,*,#1880,.F.);
#2538=ORIENTED_EDGE('',*,*,#1945,.T.);
#2539=ORIENTED_EDGE('',*,*,#1946,.T.);
#2540=ORIENTED_EDGE('',*,*,#1947,.T.);
#2541=ORIENTED_EDGE('',*,*,#1948,.T.);
#2542=ORIENTED_EDGE('',*,*,#1949,.T.);
#2543=ORIENTED_EDGE('',*,*,#1950,.T.);
#2544=ORIENTED_EDGE('',*,*,#1951,.T.);
#2545=ORIENTED_EDGE('',*,*,#1952,.T.);
#2546=ORIENTED_EDGE('',*,*,#1953,.T.);
#2547=ORIENTED_EDGE('',*,*,#1954,.F.);
#2548=ORIENTED_EDGE('',*,*,#1955,.T.);
#2549=ORIENTED_EDGE('',*,*,#1954,.T.);
#2550=ORIENTED_EDGE('',*,*,#1956,.T.);
#2551=ORIENTED_EDGE('',*,*,#1957,.T.);
#2552=ORIENTED_EDGE('',*,*,#1958,.T.);
#2553=ORIENTED_EDGE('',*,*,#1959,.T.);
#2554=ORIENTED_EDGE('',*,*,#1960,.T.);
#2555=ORIENTED_EDGE('',*,*,#1961,.T.);
#2556=ORIENTED_EDGE('',*,*,#1962,.T.);
#2557=ORIENTED_EDGE('',*,*,#1963,.T.);
#2558=ORIENTED_EDGE('',*,*,#1964,.F.);
#2559=ORIENTED_EDGE('',*,*,#1965,.T.);
#2560=ORIENTED_EDGE('',*,*,#1964,.T.);
#2561=ORIENTED_EDGE('',*,*,#1966,.T.);
#2562=ORIENTED_EDGE('',*,*,#1967,.T.);
#2563=ORIENTED_EDGE('',*,*,#1968,.T.);
#2564=ORIENTED_EDGE('',*,*,#1969,.T.);
#2565=ORIENTED_EDGE('',*,*,#1913,.T.);
#2566=ORIENTED_EDGE('',*,*,#1970,.T.);
#2567=ORIENTED_EDGE('',*,*,#1966,.F.);
#2568=ORIENTED_EDGE('',*,*,#1963,.F.);
#2569=ORIENTED_EDGE('',*,*,#1914,.T.);
#2570=ORIENTED_EDGE('',*,*,#1969,.F.);
#2571=ORIENTED_EDGE('',*,*,#1971,.T.);
#2572=ORIENTED_EDGE('',*,*,#1972,.T.);
#2573=ORIENTED_EDGE('',*,*,#1944,.T.);
#2574=ORIENTED_EDGE('',*,*,#1973,.T.);
#2575=ORIENTED_EDGE('',*,*,#1912,.T.);
#2576=ORIENTED_EDGE('',*,*,#1972,.F.);
#2577=ORIENTED_EDGE('',*,*,#1974,.T.);
#2578=ORIENTED_EDGE('',*,*,#1970,.F.);
#2579=ORIENTED_EDGE('',*,*,#1975,.T.);
#2580=ORIENTED_EDGE('',*,*,#1976,.T.);
#2581=ORIENTED_EDGE('',*,*,#1977,.T.);
#2582=ORIENTED_EDGE('',*,*,#1978,.T.);
#2583=ORIENTED_EDGE('',*,*,#1979,.T.);
#2584=ORIENTED_EDGE('',*,*,#1980,.T.);
#2585=ORIENTED_EDGE('',*,*,#1981,.T.);
#2586=ORIENTED_EDGE('',*,*,#1982,.T.);
#2587=ORIENTED_EDGE('',*,*,#1983,.T.);
#2588=ORIENTED_EDGE('',*,*,#1984,.T.);
#2589=ORIENTED_EDGE('',*,*,#1985,.T.);
#2590=ORIENTED_EDGE('',*,*,#1986,.T.);
#2591=ORIENTED_EDGE('',*,*,#1987,.T.);
#2592=ORIENTED_EDGE('',*,*,#1988,.T.);
#2593=ORIENTED_EDGE('',*,*,#1989,.F.);
#2594=ORIENTED_EDGE('',*,*,#1990,.F.);
#2595=ORIENTED_EDGE('',*,*,#1991,.F.);
#2596=ORIENTED_EDGE('',*,*,#1992,.F.);
#2597=ORIENTED_EDGE('',*,*,#1993,.F.);
#2598=ORIENTED_EDGE('',*,*,#1994,.F.);
#2599=ORIENTED_EDGE('',*,*,#1987,.F.);
#2600=ORIENTED_EDGE('',*,*,#1995,.T.);
#2601=ORIENTED_EDGE('',*,*,#1996,.T.);
#2602=ORIENTED_EDGE('',*,*,#1993,.T.);
#2603=ORIENTED_EDGE('',*,*,#1997,.T.);
#2604=ORIENTED_EDGE('',*,*,#1994,.T.);
#2605=ORIENTED_EDGE('',*,*,#1998,.T.);
#2606=ORIENTED_EDGE('',*,*,#1990,.T.);
#2607=ORIENTED_EDGE('',*,*,#1999,.T.);
#2608=ORIENTED_EDGE('',*,*,#1980,.F.);
#2609=ORIENTED_EDGE('',*,*,#2000,.T.);
#2610=ORIENTED_EDGE('',*,*,#1992,.T.);
#2611=ORIENTED_EDGE('',*,*,#2001,.T.);
#2612=ORIENTED_EDGE('',*,*,#1967,.F.);
#2613=ORIENTED_EDGE('',*,*,#2002,.T.);
#2614=ORIENTED_EDGE('',*,*,#2003,.T.);
#2615=ORIENTED_EDGE('',*,*,#2004,.T.);
#2616=ORIENTED_EDGE('',*,*,#1991,.T.);
#2617=ORIENTED_EDGE('',*,*,#2005,.T.);
#2618=ORIENTED_EDGE('',*,*,#2003,.F.);
#2619=ORIENTED_EDGE('',*,*,#2006,.T.);
#2620=ORIENTED_EDGE('',*,*,#1959,.F.);
#2621=ORIENTED_EDGE('',*,*,#2007,.T.);
#2622=ORIENTED_EDGE('',*,*,#1989,.T.);
#2623=ORIENTED_EDGE('',*,*,#2008,.T.);
#2624=ORIENTED_EDGE('',*,*,#1984,.F.);
#2625=ORIENTED_EDGE('',*,*,#1924,.T.);
#2626=ORIENTED_EDGE('',*,*,#1988,.F.);
#2627=ORIENTED_EDGE('',*,*,#2009,.T.);
#2628=ORIENTED_EDGE('',*,*,#2010,.F.);
#2629=ORIENTED_EDGE('',*,*,#2011,.F.);
#2630=ORIENTED_EDGE('',*,*,#2012,.F.);
#2631=ORIENTED_EDGE('',*,*,#2013,.T.);
#2632=ORIENTED_EDGE('',*,*,#2014,.T.);
#2633=ORIENTED_EDGE('',*,*,#2011,.T.);
#2634=ORIENTED_EDGE('',*,*,#2015,.T.);
#2635=ORIENTED_EDGE('',*,*,#1956,.F.);
#2636=ORIENTED_EDGE('',*,*,#2016,.T.);
#2637=ORIENTED_EDGE('',*,*,#2013,.F.);
#2638=ORIENTED_EDGE('',*,*,#2017,.T.);
#2639=ORIENTED_EDGE('',*,*,#2018,.F.);
#2640=ORIENTED_EDGE('',*,*,#2019,.F.);
#2641=ORIENTED_EDGE('',*,*,#2020,.F.);
#2642=ORIENTED_EDGE('',*,*,#2012,.T.);
#2643=ORIENTED_EDGE('',*,*,#2021,.T.);
#2644=ORIENTED_EDGE('',*,*,#2019,.T.);
#2645=ORIENTED_EDGE('',*,*,#2022,.T.);
#2646=ORIENTED_EDGE('',*,*,#1985,.F.);
#2647=ORIENTED_EDGE('',*,*,#2023,.T.);
#2648=ORIENTED_EDGE('',*,*,#2020,.T.);
#2649=ORIENTED_EDGE('',*,*,#2024,.T.);
#2650=ORIENTED_EDGE('',*,*,#2025,.T.);
#2651=ORIENTED_EDGE('',*,*,#1976,.F.);
#2652=ORIENTED_EDGE('',*,*,#2026,.T.);
#2653=ORIENTED_EDGE('',*,*,#2018,.T.);
#2654=ORIENTED_EDGE('',*,*,#2027,.T.);
#2655=ORIENTED_EDGE('',*,*,#1951,.F.);
#2656=ORIENTED_EDGE('',*,*,#2028,.T.);
#2657=ORIENTED_EDGE('',*,*,#2010,.T.);
#2658=ORIENTED_EDGE('',*,*,#2029,.T.);
#2659=ORIENTED_EDGE('',*,*,#1955,.F.);
#2660=ORIENTED_EDGE('',*,*,#1957,.F.);
#2661=ORIENTED_EDGE('',*,*,#2030,.T.);
#2662=ORIENTED_EDGE('',*,*,#2031,.T.);
#2663=ORIENTED_EDGE('',*,*,#1934,.T.);
#2664=ORIENTED_EDGE('',*,*,#2032,.T.);
#2665=ORIENTED_EDGE('',*,*,#1935,.T.);
#2666=ORIENTED_EDGE('',*,*,#2031,.F.);
#2667=ORIENTED_EDGE('',*,*,#2033,.T.);
#2668=ORIENTED_EDGE('',*,*,#2034,.T.);
#2669=ORIENTED_EDGE('',*,*,#1936,.T.);
#2670=ORIENTED_EDGE('',*,*,#2032,.F.);
#2671=ORIENTED_EDGE('',*,*,#2035,.T.);
#2672=ORIENTED_EDGE('',*,*,#2036,.T.);
#2673=ORIENTED_EDGE('',*,*,#1937,.T.);
#2674=ORIENTED_EDGE('',*,*,#2034,.F.);
#2675=ORIENTED_EDGE('',*,*,#2037,.T.);
#2676=ORIENTED_EDGE('',*,*,#2036,.F.);
#2677=ORIENTED_EDGE('',*,*,#2038,.T.);
#2678=ORIENTED_EDGE('',*,*,#2039,.T.);
#2679=ORIENTED_EDGE('',*,*,#1995,.F.);
#2680=ORIENTED_EDGE('',*,*,#2040,.F.);
#2681=ORIENTED_EDGE('',*,*,#2041,.F.);
#2682=ORIENTED_EDGE('',*,*,#1965,.F.);
#2683=ORIENTED_EDGE('',*,*,#2004,.F.);
#2684=ORIENTED_EDGE('',*,*,#2005,.F.);
#2685=ORIENTED_EDGE('',*,*,#1998,.F.);
#2686=ORIENTED_EDGE('',*,*,#1996,.F.);
#2687=ORIENTED_EDGE('',*,*,#2042,.F.);
#2688=ORIENTED_EDGE('',*,*,#2043,.F.);
#2689=ORIENTED_EDGE('',*,*,#2044,.F.);
#2690=ORIENTED_EDGE('',*,*,#2045,.F.);
#2691=ORIENTED_EDGE('',*,*,#1986,.F.);
#2692=ORIENTED_EDGE('',*,*,#1923,.T.);
#2693=ORIENTED_EDGE('',*,*,#2046,.T.);
#2694=ORIENTED_EDGE('',*,*,#2040,.T.);
#2695=ORIENTED_EDGE('',*,*,#1983,.F.);
#2696=ORIENTED_EDGE('',*,*,#2047,.T.);
#2697=ORIENTED_EDGE('',*,*,#2048,.F.);
#2698=ORIENTED_EDGE('',*,*,#1925,.T.);
#2699=ORIENTED_EDGE('',*,*,#2024,.F.);
#2700=ORIENTED_EDGE('',*,*,#2021,.F.);
#2701=ORIENTED_EDGE('',*,*,#2014,.F.);
#2702=ORIENTED_EDGE('',*,*,#2016,.F.);
#2703=ORIENTED_EDGE('',*,*,#1953,.F.);
#2704=ORIENTED_EDGE('',*,*,#2049,.F.);
#2705=ORIENTED_EDGE('',*,*,#2050,.F.);
#2706=ORIENTED_EDGE('',*,*,#2051,.F.);
#2707=ORIENTED_EDGE('',*,*,#2052,.F.);
#2708=ORIENTED_EDGE('',*,*,#2025,.F.);
#2709=ORIENTED_EDGE('',*,*,#2053,.F.);
#2710=ORIENTED_EDGE('',*,*,#2047,.F.);
#2711=ORIENTED_EDGE('',*,*,#1952,.F.);
#2712=ORIENTED_EDGE('',*,*,#1933,.T.);
#2713=ORIENTED_EDGE('',*,*,#2054,.T.);
#2714=ORIENTED_EDGE('',*,*,#2049,.T.);
#2715=ORIENTED_EDGE('',*,*,#1909,.F.);
#2716=ORIENTED_EDGE('',*,*,#1938,.T.);
#2717=ORIENTED_EDGE('',*,*,#2039,.F.);
#2718=ORIENTED_EDGE('',*,*,#2055,.T.);
#2719=ORIENTED_EDGE('',*,*,#2038,.F.);
#2720=ORIENTED_EDGE('',*,*,#2056,.T.);
#2721=ORIENTED_EDGE('',*,*,#2057,.T.);
#2722=ORIENTED_EDGE('',*,*,#2058,.T.);
#2723=ORIENTED_EDGE('',*,*,#2037,.F.);
#2724=ORIENTED_EDGE('',*,*,#2059,.F.);
#2725=ORIENTED_EDGE('',*,*,#2060,.F.);
#2726=ORIENTED_EDGE('',*,*,#2061,.F.);
#2727=ORIENTED_EDGE('',*,*,#2056,.F.);
#2728=ORIENTED_EDGE('',*,*,#2035,.F.);
#2729=ORIENTED_EDGE('',*,*,#2062,.T.);
#2730=ORIENTED_EDGE('',*,*,#2063,.T.);
#2731=ORIENTED_EDGE('',*,*,#2059,.T.);
#2732=ORIENTED_EDGE('',*,*,#2033,.F.);
#2733=ORIENTED_EDGE('',*,*,#2064,.F.);
#2734=ORIENTED_EDGE('',*,*,#2065,.F.);
#2735=ORIENTED_EDGE('',*,*,#2062,.F.);
#2736=ORIENTED_EDGE('',*,*,#2030,.F.);
#2737=ORIENTED_EDGE('',*,*,#2017,.F.);
#2738=ORIENTED_EDGE('',*,*,#2066,.T.);
#2739=ORIENTED_EDGE('',*,*,#2067,.F.);
#2740=ORIENTED_EDGE('',*,*,#2064,.T.);
#2741=ORIENTED_EDGE('',*,*,#2015,.F.);
#2742=ORIENTED_EDGE('',*,*,#2028,.F.);
#2743=ORIENTED_EDGE('',*,*,#2068,.F.);
#2744=ORIENTED_EDGE('',*,*,#2069,.F.);
#2745=ORIENTED_EDGE('',*,*,#2070,.F.);
#2746=ORIENTED_EDGE('',*,*,#2071,.F.);
#2747=ORIENTED_EDGE('',*,*,#2066,.F.);
#2748=ORIENTED_EDGE('',*,*,#1950,.F.);
#2749=ORIENTED_EDGE('',*,*,#2072,.T.);
#2750=ORIENTED_EDGE('',*,*,#2073,.F.);
#2751=ORIENTED_EDGE('',*,*,#2068,.T.);
#2752=ORIENTED_EDGE('',*,*,#1949,.F.);
#2753=ORIENTED_EDGE('',*,*,#2074,.F.);
#2754=ORIENTED_EDGE('',*,*,#1978,.F.);
#2755=ORIENTED_EDGE('',*,*,#2075,.F.);
#2756=ORIENTED_EDGE('',*,*,#2076,.F.);
#2757=ORIENTED_EDGE('',*,*,#2077,.F.);
#2758=ORIENTED_EDGE('',*,*,#2078,.F.);
#2759=ORIENTED_EDGE('',*,*,#2079,.F.);
#2760=ORIENTED_EDGE('',*,*,#2072,.F.);
#2761=ORIENTED_EDGE('',*,*,#2080,.F.);
#2762=ORIENTED_EDGE('',*,*,#2081,.F.);
#2763=ORIENTED_EDGE('',*,*,#1948,.F.);
#2764=ORIENTED_EDGE('',*,*,#2082,.T.);
#2765=ORIENTED_EDGE('',*,*,#1975,.F.);
#2766=ORIENTED_EDGE('',*,*,#2074,.T.);
#2767=ORIENTED_EDGE('',*,*,#2029,.F.);
#2768=ORIENTED_EDGE('',*,*,#2022,.F.);
#2769=ORIENTED_EDGE('',*,*,#2026,.F.);
#2770=ORIENTED_EDGE('',*,*,#2082,.F.);
#2771=ORIENTED_EDGE('',*,*,#2083,.T.);
#2772=ORIENTED_EDGE('',*,*,#2084,.T.);
#2773=ORIENTED_EDGE('',*,*,#2085,.T.);
#2774=ORIENTED_EDGE('',*,*,#1939,.T.);
#2775=ORIENTED_EDGE('',*,*,#2086,.T.);
#2776=ORIENTED_EDGE('',*,*,#1940,.T.);
#2777=ORIENTED_EDGE('',*,*,#2085,.F.);
#2778=ORIENTED_EDGE('',*,*,#2087,.T.);
#2779=ORIENTED_EDGE('',*,*,#2088,.T.);
#2780=ORIENTED_EDGE('',*,*,#1941,.T.);
#2781=ORIENTED_EDGE('',*,*,#2086,.F.);
#2782=ORIENTED_EDGE('',*,*,#2089,.T.);
#2783=ORIENTED_EDGE('',*,*,#2083,.F.);
#2784=ORIENTED_EDGE('',*,*,#1942,.T.);
#2785=ORIENTED_EDGE('',*,*,#2088,.F.);
#2786=ORIENTED_EDGE('',*,*,#2090,.T.);
#2787=ORIENTED_EDGE('',*,*,#2087,.F.);
#2788=ORIENTED_EDGE('',*,*,#2091,.T.);
#2789=ORIENTED_EDGE('',*,*,#2092,.F.);
#2790=ORIENTED_EDGE('',*,*,#2093,.F.);
#2791=ORIENTED_EDGE('',*,*,#2084,.F.);
#2792=ORIENTED_EDGE('',*,*,#2094,.T.);
#2793=ORIENTED_EDGE('',*,*,#2095,.F.);
#2794=ORIENTED_EDGE('',*,*,#2091,.F.);
#2795=ORIENTED_EDGE('',*,*,#2096,.T.);
#2796=ORIENTED_EDGE('',*,*,#2097,.T.);
#2797=ORIENTED_EDGE('',*,*,#2054,.F.);
#2798=ORIENTED_EDGE('',*,*,#1932,.T.);
#2799=ORIENTED_EDGE('',*,*,#2098,.T.);
#2800=ORIENTED_EDGE('',*,*,#2099,.T.);
#2801=ORIENTED_EDGE('',*,*,#2096,.F.);
#2802=ORIENTED_EDGE('',*,*,#1931,.T.);
#2803=ORIENTED_EDGE('',*,*,#2100,.T.);
#2804=ORIENTED_EDGE('',*,*,#2101,.T.);
#2805=ORIENTED_EDGE('',*,*,#2098,.F.);
#2806=ORIENTED_EDGE('',*,*,#1930,.T.);
#2807=ORIENTED_EDGE('',*,*,#2102,.T.);
#2808=ORIENTED_EDGE('',*,*,#2051,.T.);
#2809=ORIENTED_EDGE('',*,*,#2100,.F.);
#2810=ORIENTED_EDGE('',*,*,#1929,.T.);
#2811=ORIENTED_EDGE('',*,*,#2103,.T.);
#2812=ORIENTED_EDGE('',*,*,#2104,.T.);
#2813=ORIENTED_EDGE('',*,*,#2102,.F.);
#2814=ORIENTED_EDGE('',*,*,#1928,.T.);
#2815=ORIENTED_EDGE('',*,*,#2105,.T.);
#2816=ORIENTED_EDGE('',*,*,#2106,.T.);
#2817=ORIENTED_EDGE('',*,*,#2103,.F.);
#2818=ORIENTED_EDGE('',*,*,#1927,.T.);
#2819=ORIENTED_EDGE('',*,*,#2048,.T.);
#2820=ORIENTED_EDGE('',*,*,#2107,.T.);
#2821=ORIENTED_EDGE('',*,*,#2105,.F.);
#2822=ORIENTED_EDGE('',*,*,#1926,.T.);
#2823=ORIENTED_EDGE('',*,*,#2108,.T.);
#2824=ORIENTED_EDGE('',*,*,#2109,.T.);
#2825=ORIENTED_EDGE('',*,*,#2046,.F.);
#2826=ORIENTED_EDGE('',*,*,#1922,.T.);
#2827=ORIENTED_EDGE('',*,*,#2110,.T.);
#2828=ORIENTED_EDGE('',*,*,#2111,.T.);
#2829=ORIENTED_EDGE('',*,*,#2108,.F.);
#2830=ORIENTED_EDGE('',*,*,#1921,.T.);
#2831=ORIENTED_EDGE('',*,*,#2112,.T.);
#2832=ORIENTED_EDGE('',*,*,#2113,.T.);
#2833=ORIENTED_EDGE('',*,*,#2110,.F.);
#2834=ORIENTED_EDGE('',*,*,#1920,.T.);
#2835=ORIENTED_EDGE('',*,*,#2114,.T.);
#2836=ORIENTED_EDGE('',*,*,#2043,.T.);
#2837=ORIENTED_EDGE('',*,*,#2112,.F.);
#2838=ORIENTED_EDGE('',*,*,#1919,.T.);
#2839=ORIENTED_EDGE('',*,*,#2115,.T.);
#2840=ORIENTED_EDGE('',*,*,#2116,.T.);
#2841=ORIENTED_EDGE('',*,*,#2114,.F.);
#2842=ORIENTED_EDGE('',*,*,#1918,.T.);
#2843=ORIENTED_EDGE('',*,*,#2117,.T.);
#2844=ORIENTED_EDGE('',*,*,#2118,.T.);
#2845=ORIENTED_EDGE('',*,*,#2115,.F.);
#2846=ORIENTED_EDGE('',*,*,#1917,.T.);
#2847=ORIENTED_EDGE('',*,*,#2119,.T.);
#2848=ORIENTED_EDGE('',*,*,#2120,.T.);
#2849=ORIENTED_EDGE('',*,*,#2117,.F.);
#2850=ORIENTED_EDGE('',*,*,#1916,.T.);
#2851=ORIENTED_EDGE('',*,*,#1962,.F.);
#2852=ORIENTED_EDGE('',*,*,#2045,.T.);
#2853=ORIENTED_EDGE('',*,*,#2119,.F.);
#2854=ORIENTED_EDGE('',*,*,#1915,.T.);
#2855=ORIENTED_EDGE('',*,*,#2000,.F.);
#2856=ORIENTED_EDGE('',*,*,#2121,.F.);
#2857=ORIENTED_EDGE('',*,*,#2122,.F.);
#2858=ORIENTED_EDGE('',*,*,#2123,.F.);
#2859=ORIENTED_EDGE('',*,*,#2124,.F.);
#2860=ORIENTED_EDGE('',*,*,#2125,.F.);
#2861=ORIENTED_EDGE('',*,*,#2126,.F.);
#2862=ORIENTED_EDGE('',*,*,#2127,.F.);
#2863=ORIENTED_EDGE('',*,*,#2128,.F.);
#2864=ORIENTED_EDGE('',*,*,#2129,.F.);
#2865=ORIENTED_EDGE('',*,*,#2130,.F.);
#2866=ORIENTED_EDGE('',*,*,#2131,.F.);
#2867=ORIENTED_EDGE('',*,*,#2132,.F.);
#2868=ORIENTED_EDGE('',*,*,#2133,.F.);
#2869=ORIENTED_EDGE('',*,*,#2027,.F.);
#2870=ORIENTED_EDGE('',*,*,#2023,.F.);
#2871=ORIENTED_EDGE('',*,*,#2009,.F.);
#2872=ORIENTED_EDGE('',*,*,#1997,.F.);
#2873=ORIENTED_EDGE('',*,*,#2134,.T.);
#2874=ORIENTED_EDGE('',*,*,#2135,.T.);
#2875=ORIENTED_EDGE('',*,*,#2136,.T.);
#2876=ORIENTED_EDGE('',*,*,#2137,.T.);
#2877=ORIENTED_EDGE('',*,*,#2136,.F.);
#2878=ORIENTED_EDGE('',*,*,#2138,.F.);
#2879=ORIENTED_EDGE('',*,*,#2137,.F.);
#2880=ORIENTED_EDGE('',*,*,#2134,.F.);
#2881=ORIENTED_EDGE('',*,*,#2135,.F.);
#2882=ORIENTED_EDGE('',*,*,#2139,.T.);
#2883=ORIENTED_EDGE('',*,*,#2140,.F.);
#2884=ORIENTED_EDGE('',*,*,#2141,.F.);
#2885=ORIENTED_EDGE('',*,*,#2139,.F.);
#2886=ORIENTED_EDGE('',*,*,#2138,.T.);
#2887=ORIENTED_EDGE('',*,*,#2142,.T.);
#2888=ORIENTED_EDGE('',*,*,#2143,.T.);
#2889=ORIENTED_EDGE('',*,*,#2144,.T.);
#2890=ORIENTED_EDGE('',*,*,#2142,.F.);
#2891=ORIENTED_EDGE('',*,*,#2111,.F.);
#2892=ORIENTED_EDGE('',*,*,#2145,.F.);
#2893=ORIENTED_EDGE('',*,*,#2146,.T.);
#2894=ORIENTED_EDGE('',*,*,#2143,.F.);
#2895=ORIENTED_EDGE('',*,*,#2144,.F.);
#2896=ORIENTED_EDGE('',*,*,#2146,.F.);
#2897=ORIENTED_EDGE('',*,*,#2147,.F.);
#2898=ORIENTED_EDGE('',*,*,#2148,.T.);
#2899=ORIENTED_EDGE('',*,*,#2149,.T.);
#2900=ORIENTED_EDGE('',*,*,#2150,.T.);
#2901=ORIENTED_EDGE('',*,*,#2151,.T.);
#2902=ORIENTED_EDGE('',*,*,#2149,.F.);
#2903=ORIENTED_EDGE('',*,*,#2148,.F.);
#2904=ORIENTED_EDGE('',*,*,#2152,.F.);
#2905=ORIENTED_EDGE('',*,*,#2118,.F.);
#2906=ORIENTED_EDGE('',*,*,#2153,.F.);
#2907=ORIENTED_EDGE('',*,*,#2154,.T.);
#2908=ORIENTED_EDGE('',*,*,#2150,.F.);
#2909=ORIENTED_EDGE('',*,*,#2151,.F.);
#2910=ORIENTED_EDGE('',*,*,#2154,.F.);
#2911=ORIENTED_EDGE('',*,*,#2155,.F.);
#2912=ORIENTED_EDGE('',*,*,#2156,.T.);
#2913=ORIENTED_EDGE('',*,*,#2157,.T.);
#2914=ORIENTED_EDGE('',*,*,#2158,.T.);
#2915=ORIENTED_EDGE('',*,*,#2152,.T.);
#2916=ORIENTED_EDGE('',*,*,#2158,.F.);
#2917=ORIENTED_EDGE('',*,*,#2156,.F.);
#2918=ORIENTED_EDGE('',*,*,#2157,.F.);
#2919=ORIENTED_EDGE('',*,*,#2159,.T.);
#2920=ORIENTED_EDGE('',*,*,#2160,.F.);
#2921=ORIENTED_EDGE('',*,*,#2161,.F.);
#2922=ORIENTED_EDGE('',*,*,#2159,.F.);
#2923=ORIENTED_EDGE('',*,*,#2162,.T.);
#2924=ORIENTED_EDGE('',*,*,#2163,.T.);
#2925=ORIENTED_EDGE('',*,*,#2140,.T.);
#2926=ORIENTED_EDGE('',*,*,#2141,.T.);
#2927=ORIENTED_EDGE('',*,*,#2163,.F.);
#2928=ORIENTED_EDGE('',*,*,#1961,.F.);
#2929=ORIENTED_EDGE('',*,*,#2164,.F.);
#2930=ORIENTED_EDGE('',*,*,#2165,.F.);
#2931=ORIENTED_EDGE('',*,*,#2166,.F.);
#2932=ORIENTED_EDGE('',*,*,#2167,.F.);
#2933=ORIENTED_EDGE('',*,*,#2168,.F.);
#2934=ORIENTED_EDGE('',*,*,#2169,.F.);
#2935=ORIENTED_EDGE('',*,*,#1982,.F.);
#2936=ORIENTED_EDGE('',*,*,#2170,.F.);
#2937=ORIENTED_EDGE('',*,*,#2171,.F.);
#2938=ORIENTED_EDGE('',*,*,#2162,.F.);
#2939=ORIENTED_EDGE('',*,*,#2171,.T.);
#2940=ORIENTED_EDGE('',*,*,#2172,.T.);
#2941=ORIENTED_EDGE('',*,*,#2160,.T.);
#2942=ORIENTED_EDGE('',*,*,#2161,.T.);
#2943=ORIENTED_EDGE('',*,*,#2172,.F.);
#2944=ORIENTED_EDGE('',*,*,#2173,.T.);
#2945=ORIENTED_EDGE('',*,*,#2174,.T.);
#2946=ORIENTED_EDGE('',*,*,#2175,.T.);
#2947=ORIENTED_EDGE('',*,*,#2176,.T.);
#2948=ORIENTED_EDGE('',*,*,#2174,.F.);
#2949=ORIENTED_EDGE('',*,*,#2177,.F.);
#2950=ORIENTED_EDGE('',*,*,#2173,.F.);
#2951=ORIENTED_EDGE('',*,*,#2176,.F.);
#2952=ORIENTED_EDGE('',*,*,#2178,.T.);
#2953=ORIENTED_EDGE('',*,*,#2179,.F.);
#2954=ORIENTED_EDGE('',*,*,#2180,.F.);
#2955=ORIENTED_EDGE('',*,*,#2178,.F.);
#2956=ORIENTED_EDGE('',*,*,#2175,.F.);
#2957=ORIENTED_EDGE('',*,*,#2177,.T.);
#2958=ORIENTED_EDGE('',*,*,#2181,.T.);
#2959=ORIENTED_EDGE('',*,*,#2182,.T.);
#2960=ORIENTED_EDGE('',*,*,#2183,.T.);
#2961=ORIENTED_EDGE('',*,*,#2181,.F.);
#2962=ORIENTED_EDGE('',*,*,#2106,.F.);
#2963=ORIENTED_EDGE('',*,*,#2184,.F.);
#2964=ORIENTED_EDGE('',*,*,#2185,.T.);
#2965=ORIENTED_EDGE('',*,*,#2182,.F.);
#2966=ORIENTED_EDGE('',*,*,#2183,.F.);
#2967=ORIENTED_EDGE('',*,*,#2185,.F.);
#2968=ORIENTED_EDGE('',*,*,#2186,.F.);
#2969=ORIENTED_EDGE('',*,*,#2187,.T.);
#2970=ORIENTED_EDGE('',*,*,#2188,.T.);
#2971=ORIENTED_EDGE('',*,*,#2189,.T.);
#2972=ORIENTED_EDGE('',*,*,#2190,.T.);
#2973=ORIENTED_EDGE('',*,*,#2188,.F.);
#2974=ORIENTED_EDGE('',*,*,#2187,.F.);
#2975=ORIENTED_EDGE('',*,*,#2191,.F.);
#2976=ORIENTED_EDGE('',*,*,#2099,.F.);
#2977=ORIENTED_EDGE('',*,*,#2192,.F.);
#2978=ORIENTED_EDGE('',*,*,#2193,.T.);
#2979=ORIENTED_EDGE('',*,*,#2189,.F.);
#2980=ORIENTED_EDGE('',*,*,#2190,.F.);
#2981=ORIENTED_EDGE('',*,*,#2193,.F.);
#2982=ORIENTED_EDGE('',*,*,#2194,.F.);
#2983=ORIENTED_EDGE('',*,*,#2191,.T.);
#2984=ORIENTED_EDGE('',*,*,#2195,.T.);
#2985=ORIENTED_EDGE('',*,*,#2196,.T.);
#2986=ORIENTED_EDGE('',*,*,#2197,.T.);
#2987=ORIENTED_EDGE('',*,*,#2195,.F.);
#2988=ORIENTED_EDGE('',*,*,#2197,.F.);
#2989=ORIENTED_EDGE('',*,*,#2198,.T.);
#2990=ORIENTED_EDGE('',*,*,#2199,.F.);
#2991=ORIENTED_EDGE('',*,*,#2200,.F.);
#2992=ORIENTED_EDGE('',*,*,#2198,.F.);
#2993=ORIENTED_EDGE('',*,*,#2196,.F.);
#2994=ORIENTED_EDGE('',*,*,#2080,.T.);
#2995=ORIENTED_EDGE('',*,*,#2201,.T.);
#2996=ORIENTED_EDGE('',*,*,#2199,.T.);
#2997=ORIENTED_EDGE('',*,*,#2200,.T.);
#2998=ORIENTED_EDGE('',*,*,#2201,.F.);
#2999=ORIENTED_EDGE('',*,*,#2081,.T.);
#3000=ORIENTED_EDGE('',*,*,#2202,.T.);
#3001=ORIENTED_EDGE('',*,*,#2179,.T.);
#3002=ORIENTED_EDGE('',*,*,#2180,.T.);
#3003=ORIENTED_EDGE('',*,*,#2202,.F.);
#3004=ORIENTED_EDGE('',*,*,#2113,.F.);
#3005=ORIENTED_EDGE('',*,*,#2042,.T.);
#3006=ORIENTED_EDGE('',*,*,#2041,.T.);
#3007=ORIENTED_EDGE('',*,*,#2109,.F.);
#3008=ORIENTED_EDGE('',*,*,#2147,.T.);
#3009=ORIENTED_EDGE('',*,*,#2145,.T.);
#3010=ORIENTED_EDGE('',*,*,#2120,.F.);
#3011=ORIENTED_EDGE('',*,*,#2044,.T.);
#3012=ORIENTED_EDGE('',*,*,#2116,.F.);
#3013=ORIENTED_EDGE('',*,*,#2155,.T.);
#3014=ORIENTED_EDGE('',*,*,#2153,.T.);
#3015=ORIENTED_EDGE('',*,*,#2101,.F.);
#3016=ORIENTED_EDGE('',*,*,#2050,.T.);
#3017=ORIENTED_EDGE('',*,*,#2097,.F.);
#3018=ORIENTED_EDGE('',*,*,#2194,.T.);
#3019=ORIENTED_EDGE('',*,*,#2192,.T.);
#3020=ORIENTED_EDGE('',*,*,#2107,.F.);
#3021=ORIENTED_EDGE('',*,*,#2053,.T.);
#3022=ORIENTED_EDGE('',*,*,#2052,.T.);
#3023=ORIENTED_EDGE('',*,*,#2104,.F.);
#3024=ORIENTED_EDGE('',*,*,#2186,.T.);
#3025=ORIENTED_EDGE('',*,*,#2184,.T.);
#3026=ORIENTED_EDGE('',*,*,#2203,.T.);
#3027=ORIENTED_EDGE('',*,*,#2204,.T.);
#3028=ORIENTED_EDGE('',*,*,#2205,.T.);
#3029=ORIENTED_EDGE('',*,*,#1971,.F.);
#3030=ORIENTED_EDGE('',*,*,#2206,.T.);
#3031=ORIENTED_EDGE('',*,*,#2207,.T.);
#3032=ORIENTED_EDGE('',*,*,#2208,.T.);
#3033=ORIENTED_EDGE('',*,*,#2002,.F.);
#3034=ORIENTED_EDGE('',*,*,#2209,.T.);
#3035=ORIENTED_EDGE('',*,*,#2210,.T.);
#3036=ORIENTED_EDGE('',*,*,#2207,.F.);
#3037=ORIENTED_EDGE('',*,*,#2211,.T.);
#3038=ORIENTED_EDGE('',*,*,#2209,.F.);
#3039=ORIENTED_EDGE('',*,*,#2212,.T.);
#3040=ORIENTED_EDGE('',*,*,#2205,.F.);
#3041=ORIENTED_EDGE('',*,*,#2213,.T.);
#3042=ORIENTED_EDGE('',*,*,#2203,.F.);
#3043=ORIENTED_EDGE('',*,*,#2212,.F.);
#3044=ORIENTED_EDGE('',*,*,#2211,.F.);
#3045=ORIENTED_EDGE('',*,*,#2214,.T.);
#3046=ORIENTED_EDGE('',*,*,#2215,.F.);
#3047=ORIENTED_EDGE('',*,*,#2216,.T.);
#3048=ORIENTED_EDGE('',*,*,#1968,.F.);
#3049=ORIENTED_EDGE('',*,*,#2217,.F.);
#3050=ORIENTED_EDGE('',*,*,#2214,.F.);
#3051=ORIENTED_EDGE('',*,*,#2206,.F.);
#3052=ORIENTED_EDGE('',*,*,#2218,.T.);
#3053=ORIENTED_EDGE('',*,*,#2219,.T.);
#3054=ORIENTED_EDGE('',*,*,#2220,.T.);
#3055=ORIENTED_EDGE('',*,*,#2221,.T.);
#3056=ORIENTED_EDGE('',*,*,#2222,.T.);
#3057=ORIENTED_EDGE('',*,*,#2223,.T.);
#3058=ORIENTED_EDGE('',*,*,#2224,.T.);
#3059=ORIENTED_EDGE('',*,*,#1892,.F.);
#3060=ORIENTED_EDGE('',*,*,#2225,.T.);
#3061=ORIENTED_EDGE('',*,*,#2221,.F.);
#3062=ORIENTED_EDGE('',*,*,#2226,.T.);
#3063=ORIENTED_EDGE('',*,*,#2223,.F.);
#3064=ORIENTED_EDGE('',*,*,#2227,.T.);
#3065=ORIENTED_EDGE('',*,*,#2218,.F.);
#3066=ORIENTED_EDGE('',*,*,#2228,.T.);
#3067=ORIENTED_EDGE('',*,*,#1895,.F.);
#3068=ORIENTED_EDGE('',*,*,#2229,.F.);
#3069=ORIENTED_EDGE('',*,*,#2230,.F.);
#3070=ORIENTED_EDGE('',*,*,#2231,.F.);
#3071=ORIENTED_EDGE('',*,*,#2232,.F.);
#3072=ORIENTED_EDGE('',*,*,#2233,.F.);
#3073=ORIENTED_EDGE('',*,*,#2234,.F.);
#3074=ORIENTED_EDGE('',*,*,#2235,.F.);
#3075=ORIENTED_EDGE('',*,*,#2222,.F.);
#3076=ORIENTED_EDGE('',*,*,#2225,.F.);
#3077=ORIENTED_EDGE('',*,*,#1889,.F.);
#3078=ORIENTED_EDGE('',*,*,#2226,.F.);
#3079=ORIENTED_EDGE('',*,*,#2236,.F.);
#3080=ORIENTED_EDGE('',*,*,#2237,.F.);
#3081=ORIENTED_EDGE('',*,*,#2238,.T.);
#3082=ORIENTED_EDGE('',*,*,#2239,.T.);
#3083=ORIENTED_EDGE('',*,*,#2240,.T.);
#3084=ORIENTED_EDGE('',*,*,#1898,.F.);
#3085=ORIENTED_EDGE('',*,*,#2241,.T.);
#3086=ORIENTED_EDGE('',*,*,#2242,.T.);
#3087=ORIENTED_EDGE('',*,*,#2229,.T.);
#3088=ORIENTED_EDGE('',*,*,#2243,.T.);
#3089=ORIENTED_EDGE('',*,*,#2230,.T.);
#3090=ORIENTED_EDGE('',*,*,#2242,.F.);
#3091=ORIENTED_EDGE('',*,*,#2244,.T.);
#3092=ORIENTED_EDGE('',*,*,#2243,.F.);
#3093=ORIENTED_EDGE('',*,*,#2245,.T.);
#3094=ORIENTED_EDGE('',*,*,#2240,.F.);
#3095=ORIENTED_EDGE('',*,*,#2246,.T.);
#3096=ORIENTED_EDGE('',*,*,#2238,.F.);
#3097=ORIENTED_EDGE('',*,*,#2245,.F.);
#3098=ORIENTED_EDGE('',*,*,#2244,.F.);
#3099=ORIENTED_EDGE('',*,*,#2247,.T.);
#3100=ORIENTED_EDGE('',*,*,#2248,.T.);
#3101=ORIENTED_EDGE('',*,*,#2249,.T.);
#3102=ORIENTED_EDGE('',*,*,#1901,.F.);
#3103=ORIENTED_EDGE('',*,*,#2250,.F.);
#3104=ORIENTED_EDGE('',*,*,#2247,.F.);
#3105=ORIENTED_EDGE('',*,*,#2241,.F.);
#3106=ORIENTED_EDGE('',*,*,#2251,.T.);
#3107=ORIENTED_EDGE('',*,*,#2252,.T.);
#3108=ORIENTED_EDGE('',*,*,#2253,.T.);
#3109=ORIENTED_EDGE('',*,*,#2067,.T.);
#3110=ORIENTED_EDGE('',*,*,#2071,.T.);
#3111=ORIENTED_EDGE('',*,*,#2254,.T.);
#3112=ORIENTED_EDGE('',*,*,#2255,.T.);
#3113=ORIENTED_EDGE('',*,*,#2254,.F.);
#3114=ORIENTED_EDGE('',*,*,#2256,.T.);
#3115=ORIENTED_EDGE('',*,*,#2251,.F.);
#3116=ORIENTED_EDGE('',*,*,#2257,.T.);
#3117=ORIENTED_EDGE('',*,*,#2258,.T.);
#3118=ORIENTED_EDGE('',*,*,#2259,.T.);
#3119=ORIENTED_EDGE('',*,*,#2260,.T.);
#3120=ORIENTED_EDGE('',*,*,#2261,.T.);
#3121=ORIENTED_EDGE('',*,*,#2262,.T.);
#3122=ORIENTED_EDGE('',*,*,#2263,.T.);
#3123=ORIENTED_EDGE('',*,*,#2264,.T.);
#3124=ORIENTED_EDGE('',*,*,#2076,.T.);
#3125=ORIENTED_EDGE('',*,*,#2265,.T.);
#3126=ORIENTED_EDGE('',*,*,#2266,.T.);
#3127=ORIENTED_EDGE('',*,*,#2263,.F.);
#3128=ORIENTED_EDGE('',*,*,#2132,.T.);
#3129=ORIENTED_EDGE('',*,*,#2267,.T.);
#3130=ORIENTED_EDGE('',*,*,#2268,.T.);
#3131=ORIENTED_EDGE('',*,*,#2265,.F.);
#3132=ORIENTED_EDGE('',*,*,#2131,.T.);
#3133=ORIENTED_EDGE('',*,*,#2269,.T.);
#3134=ORIENTED_EDGE('',*,*,#2270,.T.);
#3135=ORIENTED_EDGE('',*,*,#2267,.F.);
#3136=ORIENTED_EDGE('',*,*,#2130,.T.);
#3137=ORIENTED_EDGE('',*,*,#2271,.T.);
#3138=ORIENTED_EDGE('',*,*,#2272,.T.);
#3139=ORIENTED_EDGE('',*,*,#2269,.F.);
#3140=ORIENTED_EDGE('',*,*,#2129,.T.);
#3141=ORIENTED_EDGE('',*,*,#2261,.F.);
#3142=ORIENTED_EDGE('',*,*,#2273,.T.);
#3143=ORIENTED_EDGE('',*,*,#2271,.F.);
#3144=ORIENTED_EDGE('',*,*,#2128,.T.);
#3145=ORIENTED_EDGE('',*,*,#2258,.F.);
#3146=ORIENTED_EDGE('',*,*,#2127,.T.);
#3147=ORIENTED_EDGE('',*,*,#2274,.F.);
#3148=ORIENTED_EDGE('',*,*,#2275,.T.);
#3149=ORIENTED_EDGE('',*,*,#1977,.F.);
#3150=ORIENTED_EDGE('',*,*,#2133,.T.);
#3151=ORIENTED_EDGE('',*,*,#2262,.F.);
#3152=ORIENTED_EDGE('',*,*,#2075,.T.);
#3153=ORIENTED_EDGE('',*,*,#2276,.T.);
#3154=ORIENTED_EDGE('',*,*,#2168,.T.);
#3155=ORIENTED_EDGE('',*,*,#2277,.T.);
#3156=ORIENTED_EDGE('',*,*,#2278,.T.);
#3157=ORIENTED_EDGE('',*,*,#2274,.T.);
#3158=ORIENTED_EDGE('',*,*,#2279,.T.);
#3159=ORIENTED_EDGE('',*,*,#2280,.T.);
#3160=ORIENTED_EDGE('',*,*,#2281,.T.);
#3161=ORIENTED_EDGE('',*,*,#2282,.T.);
#3162=ORIENTED_EDGE('',*,*,#2283,.T.);
#3163=ORIENTED_EDGE('',*,*,#2279,.F.);
#3164=ORIENTED_EDGE('',*,*,#2126,.T.);
#3165=ORIENTED_EDGE('',*,*,#2284,.T.);
#3166=ORIENTED_EDGE('',*,*,#2285,.T.);
#3167=ORIENTED_EDGE('',*,*,#2282,.F.);
#3168=ORIENTED_EDGE('',*,*,#2125,.T.);
#3169=ORIENTED_EDGE('',*,*,#2286,.T.);
#3170=ORIENTED_EDGE('',*,*,#2287,.T.);
#3171=ORIENTED_EDGE('',*,*,#2284,.F.);
#3172=ORIENTED_EDGE('',*,*,#2124,.T.);
#3173=ORIENTED_EDGE('',*,*,#2288,.T.);
#3174=ORIENTED_EDGE('',*,*,#2289,.T.);
#3175=ORIENTED_EDGE('',*,*,#2286,.F.);
#3176=ORIENTED_EDGE('',*,*,#2123,.T.);
#3177=ORIENTED_EDGE('',*,*,#2278,.F.);
#3178=ORIENTED_EDGE('',*,*,#2290,.T.);
#3179=ORIENTED_EDGE('',*,*,#2288,.F.);
#3180=ORIENTED_EDGE('',*,*,#2122,.T.);
#3181=ORIENTED_EDGE('',*,*,#1979,.F.);
#3182=ORIENTED_EDGE('',*,*,#2169,.T.);
#3183=ORIENTED_EDGE('',*,*,#2276,.F.);
#3184=ORIENTED_EDGE('',*,*,#2121,.T.);
#3185=ORIENTED_EDGE('',*,*,#2259,.F.);
#3186=ORIENTED_EDGE('',*,*,#2275,.F.);
#3187=ORIENTED_EDGE('',*,*,#2281,.F.);
#3188=ORIENTED_EDGE('',*,*,#2291,.F.);
#3189=ORIENTED_EDGE('',*,*,#2292,.F.);
#3190=ORIENTED_EDGE('',*,*,#2293,.F.);
#3191=ORIENTED_EDGE('',*,*,#2294,.F.);
#3192=ORIENTED_EDGE('',*,*,#2295,.F.);
#3193=ORIENTED_EDGE('',*,*,#2296,.F.);
#3194=ORIENTED_EDGE('',*,*,#2297,.F.);
#3195=ORIENTED_EDGE('',*,*,#2298,.F.);
#3196=ORIENTED_EDGE('',*,*,#2299,.F.);
#3197=ORIENTED_EDGE('',*,*,#2300,.T.);
#3198=ORIENTED_EDGE('',*,*,#2301,.T.);
#3199=ORIENTED_EDGE('',*,*,#2302,.T.);
#3200=ORIENTED_EDGE('',*,*,#2165,.T.);
#3201=ORIENTED_EDGE('',*,*,#2303,.T.);
#3202=ORIENTED_EDGE('',*,*,#2304,.T.);
#3203=ORIENTED_EDGE('',*,*,#2301,.F.);
#3204=ORIENTED_EDGE('',*,*,#2305,.T.);
#3205=ORIENTED_EDGE('',*,*,#2213,.F.);
#3206=ORIENTED_EDGE('',*,*,#2306,.T.);
#3207=ORIENTED_EDGE('',*,*,#2307,.T.);
#3208=ORIENTED_EDGE('',*,*,#2303,.F.);
#3209=ORIENTED_EDGE('',*,*,#2308,.T.);
#3210=ORIENTED_EDGE('',*,*,#2204,.F.);
#3211=ORIENTED_EDGE('',*,*,#2309,.T.);
#3212=ORIENTED_EDGE('',*,*,#2306,.F.);
#3213=ORIENTED_EDGE('',*,*,#2302,.F.);
#3214=ORIENTED_EDGE('',*,*,#2310,.T.);
#3215=ORIENTED_EDGE('',*,*,#2311,.F.);
#3216=ORIENTED_EDGE('',*,*,#2166,.T.);
#3217=ORIENTED_EDGE('',*,*,#2304,.F.);
#3218=ORIENTED_EDGE('',*,*,#2312,.F.);
#3219=ORIENTED_EDGE('',*,*,#2313,.F.);
#3220=ORIENTED_EDGE('',*,*,#2310,.F.);
#3221=ORIENTED_EDGE('',*,*,#2307,.F.);
#3222=ORIENTED_EDGE('',*,*,#2314,.T.);
#3223=ORIENTED_EDGE('',*,*,#2315,.T.);
#3224=ORIENTED_EDGE('',*,*,#2312,.T.);
#3225=ORIENTED_EDGE('',*,*,#2287,.F.);
#3226=ORIENTED_EDGE('',*,*,#2316,.F.);
#3227=ORIENTED_EDGE('',*,*,#2314,.F.);
#3228=ORIENTED_EDGE('',*,*,#2309,.F.);
#3229=ORIENTED_EDGE('',*,*,#2216,.F.);
#3230=ORIENTED_EDGE('',*,*,#2317,.F.);
#3231=ORIENTED_EDGE('',*,*,#2318,.F.);
#3232=ORIENTED_EDGE('',*,*,#2319,.F.);
#3233=ORIENTED_EDGE('',*,*,#2320,.F.);
#3234=ORIENTED_EDGE('',*,*,#2321,.F.);
#3235=ORIENTED_EDGE('',*,*,#2322,.F.);
#3236=ORIENTED_EDGE('',*,*,#2323,.F.);
#3237=ORIENTED_EDGE('',*,*,#2324,.F.);
#3238=ORIENTED_EDGE('',*,*,#2325,.T.);
#3239=ORIENTED_EDGE('',*,*,#2326,.T.);
#3240=ORIENTED_EDGE('',*,*,#2327,.T.);
#3241=ORIENTED_EDGE('',*,*,#2293,.T.);
#3242=ORIENTED_EDGE('',*,*,#2328,.T.);
#3243=ORIENTED_EDGE('',*,*,#2234,.T.);
#3244=ORIENTED_EDGE('',*,*,#2326,.F.);
#3245=ORIENTED_EDGE('',*,*,#2329,.T.);
#3246=ORIENTED_EDGE('',*,*,#2227,.F.);
#3247=ORIENTED_EDGE('',*,*,#2235,.T.);
#3248=ORIENTED_EDGE('',*,*,#2328,.F.);
#3249=ORIENTED_EDGE('',*,*,#2330,.T.);
#3250=ORIENTED_EDGE('',*,*,#2331,.T.);
#3251=ORIENTED_EDGE('',*,*,#2219,.F.);
#3252=ORIENTED_EDGE('',*,*,#2331,.F.);
#3253=ORIENTED_EDGE('',*,*,#2322,.T.);
#3254=ORIENTED_EDGE('',*,*,#2327,.F.);
#3255=ORIENTED_EDGE('',*,*,#2233,.T.);
#3256=ORIENTED_EDGE('',*,*,#2332,.F.);
#3257=ORIENTED_EDGE('',*,*,#2294,.T.);
#3258=ORIENTED_EDGE('',*,*,#2332,.T.);
#3259=ORIENTED_EDGE('',*,*,#2333,.T.);
#3260=ORIENTED_EDGE('',*,*,#2334,.T.);
#3261=ORIENTED_EDGE('',*,*,#2295,.T.);
#3262=ORIENTED_EDGE('',*,*,#2335,.T.);
#3263=ORIENTED_EDGE('',*,*,#2336,.T.);
#3264=ORIENTED_EDGE('',*,*,#2333,.F.);
#3265=ORIENTED_EDGE('',*,*,#2232,.T.);
#3266=ORIENTED_EDGE('',*,*,#2246,.F.);
#3267=ORIENTED_EDGE('',*,*,#2337,.T.);
#3268=ORIENTED_EDGE('',*,*,#2338,.T.);
#3269=ORIENTED_EDGE('',*,*,#2335,.F.);
#3270=ORIENTED_EDGE('',*,*,#2231,.T.);
#3271=ORIENTED_EDGE('',*,*,#2239,.F.);
#3272=ORIENTED_EDGE('',*,*,#2339,.T.);
#3273=ORIENTED_EDGE('',*,*,#2337,.F.);
#3274=ORIENTED_EDGE('',*,*,#2334,.F.);
#3275=ORIENTED_EDGE('',*,*,#2340,.T.);
#3276=ORIENTED_EDGE('',*,*,#2341,.T.);
#3277=ORIENTED_EDGE('',*,*,#2296,.T.);
#3278=ORIENTED_EDGE('',*,*,#2336,.F.);
#3279=ORIENTED_EDGE('',*,*,#2342,.F.);
#3280=ORIENTED_EDGE('',*,*,#2343,.F.);
#3281=ORIENTED_EDGE('',*,*,#2340,.F.);
#3282=ORIENTED_EDGE('',*,*,#2338,.F.);
#3283=ORIENTED_EDGE('',*,*,#2344,.T.);
#3284=ORIENTED_EDGE('',*,*,#2345,.T.);
#3285=ORIENTED_EDGE('',*,*,#2342,.T.);
#3286=ORIENTED_EDGE('',*,*,#2270,.F.);
#3287=ORIENTED_EDGE('',*,*,#2346,.F.);
#3288=ORIENTED_EDGE('',*,*,#2344,.F.);
#3289=ORIENTED_EDGE('',*,*,#2339,.F.);
#3290=ORIENTED_EDGE('',*,*,#2249,.F.);
#3291=ORIENTED_EDGE('',*,*,#2347,.F.);
#3292=ORIENTED_EDGE('',*,*,#2348,.F.);
#3293=ORIENTED_EDGE('',*,*,#2349,.F.);
#3294=ORIENTED_EDGE('',*,*,#2350,.F.);
#3295=ORIENTED_EDGE('',*,*,#2351,.F.);
#3296=ORIENTED_EDGE('',*,*,#2352,.F.);
#3297=ORIENTED_EDGE('',*,*,#2353,.F.);
#3298=ORIENTED_EDGE('',*,*,#2354,.F.);
#3299=ORIENTED_EDGE('',*,*,#2355,.F.);
#3300=ORIENTED_EDGE('',*,*,#2356,.T.);
#3301=ORIENTED_EDGE('',*,*,#2357,.T.);
#3302=ORIENTED_EDGE('',*,*,#2073,.T.);
#3303=ORIENTED_EDGE('',*,*,#2079,.T.);
#3304=ORIENTED_EDGE('',*,*,#2358,.T.);
#3305=ORIENTED_EDGE('',*,*,#2069,.T.);
#3306=ORIENTED_EDGE('',*,*,#2357,.F.);
#3307=ORIENTED_EDGE('',*,*,#2359,.T.);
#3308=ORIENTED_EDGE('',*,*,#2256,.F.);
#3309=ORIENTED_EDGE('',*,*,#2070,.T.);
#3310=ORIENTED_EDGE('',*,*,#2358,.F.);
#3311=ORIENTED_EDGE('',*,*,#2360,.T.);
#3312=ORIENTED_EDGE('',*,*,#2361,.T.);
#3313=ORIENTED_EDGE('',*,*,#2252,.F.);
#3314=ORIENTED_EDGE('',*,*,#2361,.F.);
#3315=ORIENTED_EDGE('',*,*,#2353,.T.);
#3316=ORIENTED_EDGE('',*,*,#2362,.T.);
#3317=ORIENTED_EDGE('',*,*,#2363,.T.);
#3318=ORIENTED_EDGE('',*,*,#2317,.T.);
#3319=ORIENTED_EDGE('',*,*,#2215,.T.);
#3320=ORIENTED_EDGE('',*,*,#2364,.F.);
#3321=ORIENTED_EDGE('',*,*,#2365,.F.);
#3322=ORIENTED_EDGE('',*,*,#2366,.F.);
#3323=ORIENTED_EDGE('',*,*,#1973,.F.);
#3324=ORIENTED_EDGE('',*,*,#2367,.T.);
#3325=ORIENTED_EDGE('',*,*,#2365,.T.);
#3326=ORIENTED_EDGE('',*,*,#2368,.T.);
#3327=ORIENTED_EDGE('',*,*,#2369,.F.);
#3328=ORIENTED_EDGE('',*,*,#1946,.F.);
#3329=ORIENTED_EDGE('',*,*,#2370,.F.);
#3330=ORIENTED_EDGE('',*,*,#2371,.T.);
#3331=ORIENTED_EDGE('',*,*,#2370,.T.);
#3332=ORIENTED_EDGE('',*,*,#2372,.T.);
#3333=ORIENTED_EDGE('',*,*,#2373,.T.);
#3334=ORIENTED_EDGE('',*,*,#2320,.T.);
#3335=ORIENTED_EDGE('',*,*,#2374,.F.);
#3336=ORIENTED_EDGE('',*,*,#2375,.F.);
#3337=ORIENTED_EDGE('',*,*,#2376,.F.);
#3338=ORIENTED_EDGE('',*,*,#2377,.T.);
#3339=ORIENTED_EDGE('',*,*,#2374,.T.);
#3340=ORIENTED_EDGE('',*,*,#2319,.T.);
#3341=ORIENTED_EDGE('',*,*,#2373,.F.);
#3342=ORIENTED_EDGE('',*,*,#1886,.F.);
#3343=ORIENTED_EDGE('',*,*,#2237,.T.);
#3344=ORIENTED_EDGE('',*,*,#2375,.T.);
#3345=ORIENTED_EDGE('',*,*,#2378,.T.);
#3346=ORIENTED_EDGE('',*,*,#2220,.F.);
#3347=ORIENTED_EDGE('',*,*,#2321,.T.);
#3348=ORIENTED_EDGE('',*,*,#2376,.T.);
#3349=ORIENTED_EDGE('',*,*,#2236,.T.);
#3350=ORIENTED_EDGE('',*,*,#2224,.F.);
#3351=ORIENTED_EDGE('',*,*,#2228,.F.);
#3352=ORIENTED_EDGE('',*,*,#2369,.T.);
#3353=ORIENTED_EDGE('',*,*,#2379,.T.);
#3354=ORIENTED_EDGE('',*,*,#2366,.T.);
#3355=ORIENTED_EDGE('',*,*,#2380,.T.);
#3356=ORIENTED_EDGE('',*,*,#2381,.T.);
#3357=ORIENTED_EDGE('',*,*,#2364,.T.);
#3358=ORIENTED_EDGE('',*,*,#2382,.T.);
#3359=ORIENTED_EDGE('',*,*,#2363,.F.);
#3360=ORIENTED_EDGE('',*,*,#1883,.F.);
#3361=ORIENTED_EDGE('',*,*,#2378,.F.);
#3362=ORIENTED_EDGE('',*,*,#2377,.F.);
#3363=ORIENTED_EDGE('',*,*,#2372,.F.);
#3364=ORIENTED_EDGE('',*,*,#1945,.F.);
#3365=ORIENTED_EDGE('',*,*,#1974,.F.);
#3366=ORIENTED_EDGE('',*,*,#2368,.F.);
#3367=ORIENTED_EDGE('',*,*,#2381,.F.);
#3368=ORIENTED_EDGE('',*,*,#2362,.F.);
#3369=ORIENTED_EDGE('',*,*,#2217,.T.);
#3370=ORIENTED_EDGE('',*,*,#1947,.F.);
#3371=ORIENTED_EDGE('',*,*,#2380,.F.);
#3372=ORIENTED_EDGE('',*,*,#2367,.F.);
#3373=ORIENTED_EDGE('',*,*,#1943,.F.);
#3374=ORIENTED_EDGE('',*,*,#2383,.F.);
#3375=ORIENTED_EDGE('',*,*,#2384,.F.);
#3376=ORIENTED_EDGE('',*,*,#2347,.T.);
#3377=ORIENTED_EDGE('',*,*,#2248,.F.);
#3378=ORIENTED_EDGE('',*,*,#2063,.F.);
#3379=ORIENTED_EDGE('',*,*,#2385,.F.);
#3380=ORIENTED_EDGE('',*,*,#2351,.T.);
#3381=ORIENTED_EDGE('',*,*,#2386,.F.);
#3382=ORIENTED_EDGE('',*,*,#2253,.F.);
#3383=ORIENTED_EDGE('',*,*,#2352,.T.);
#3384=ORIENTED_EDGE('',*,*,#2385,.T.);
#3385=ORIENTED_EDGE('',*,*,#2065,.T.);
#3386=ORIENTED_EDGE('',*,*,#2255,.F.);
#3387=ORIENTED_EDGE('',*,*,#2257,.F.);
#3388=ORIENTED_EDGE('',*,*,#2348,.T.);
#3389=ORIENTED_EDGE('',*,*,#2384,.T.);
#3390=ORIENTED_EDGE('',*,*,#2387,.T.);
#3391=ORIENTED_EDGE('',*,*,#2388,.T.);
#3392=ORIENTED_EDGE('',*,*,#2389,.F.);
#3393=ORIENTED_EDGE('',*,*,#2390,.F.);
#3394=ORIENTED_EDGE('',*,*,#2391,.F.);
#3395=ORIENTED_EDGE('',*,*,#2392,.F.);
#3396=ORIENTED_EDGE('',*,*,#2057,.F.);
#3397=ORIENTED_EDGE('',*,*,#2393,.F.);
#3398=ORIENTED_EDGE('',*,*,#1910,.F.);
#3399=ORIENTED_EDGE('',*,*,#2394,.T.);
#3400=ORIENTED_EDGE('',*,*,#2390,.T.);
#3401=ORIENTED_EDGE('',*,*,#2395,.T.);
#3402=ORIENTED_EDGE('',*,*,#2396,.T.);
#3403=ORIENTED_EDGE('',*,*,#2393,.T.);
#3404=ORIENTED_EDGE('',*,*,#2061,.T.);
#3405=ORIENTED_EDGE('',*,*,#2397,.T.);
#3406=ORIENTED_EDGE('',*,*,#2392,.T.);
#3407=ORIENTED_EDGE('',*,*,#2398,.T.);
#3408=ORIENTED_EDGE('',*,*,#2391,.T.);
#3409=ORIENTED_EDGE('',*,*,#2399,.T.);
#3410=ORIENTED_EDGE('',*,*,#2400,.T.);
#3411=ORIENTED_EDGE('',*,*,#2389,.T.);
#3412=ORIENTED_EDGE('',*,*,#2401,.T.);
#3413=ORIENTED_EDGE('',*,*,#2388,.F.);
#3414=ORIENTED_EDGE('',*,*,#2060,.T.);
#3415=ORIENTED_EDGE('',*,*,#2386,.T.);
#3416=ORIENTED_EDGE('',*,*,#2350,.T.);
#3417=ORIENTED_EDGE('',*,*,#2397,.F.);
#3418=ORIENTED_EDGE('',*,*,#1904,.F.);
#3419=ORIENTED_EDGE('',*,*,#2402,.T.);
#3420=ORIENTED_EDGE('',*,*,#2383,.T.);
#3421=ORIENTED_EDGE('',*,*,#2250,.T.);
#3422=ORIENTED_EDGE('',*,*,#1907,.F.);
#3423=ORIENTED_EDGE('',*,*,#2395,.F.);
#3424=ORIENTED_EDGE('',*,*,#2400,.F.);
#3425=ORIENTED_EDGE('',*,*,#2387,.F.);
#3426=ORIENTED_EDGE('',*,*,#2402,.F.);
#3427=ORIENTED_EDGE('',*,*,#2058,.F.);
#3428=ORIENTED_EDGE('',*,*,#2399,.F.);
#3429=ORIENTED_EDGE('',*,*,#2394,.F.);
#3430=ORIENTED_EDGE('',*,*,#2055,.F.);
#3431=ORIENTED_EDGE('',*,*,#2356,.F.);
#3432=ORIENTED_EDGE('',*,*,#2078,.T.);
#3433=ORIENTED_EDGE('',*,*,#2403,.T.);
#3434=ORIENTED_EDGE('',*,*,#2404,.T.);
#3435=ORIENTED_EDGE('',*,*,#2264,.F.);
#3436=ORIENTED_EDGE('',*,*,#2405,.T.);
#3437=ORIENTED_EDGE('',*,*,#2403,.F.);
#3438=ORIENTED_EDGE('',*,*,#2077,.T.);
#3439=ORIENTED_EDGE('',*,*,#2277,.F.);
#3440=ORIENTED_EDGE('',*,*,#2167,.T.);
#3441=ORIENTED_EDGE('',*,*,#2311,.T.);
#3442=ORIENTED_EDGE('',*,*,#2406,.T.);
#3443=ORIENTED_EDGE('',*,*,#1960,.F.);
#3444=ORIENTED_EDGE('',*,*,#2407,.T.);
#3445=ORIENTED_EDGE('',*,*,#2300,.F.);
#3446=ORIENTED_EDGE('',*,*,#2164,.T.);
#3447=ORIENTED_EDGE('',*,*,#1958,.F.);
#3448=ORIENTED_EDGE('',*,*,#2170,.T.);
#3449=ORIENTED_EDGE('',*,*,#1981,.F.);
#3450=ORIENTED_EDGE('',*,*,#2408,.T.);
#3451=ORIENTED_EDGE('',*,*,#2007,.F.);
#3452=ORIENTED_EDGE('',*,*,#2408,.F.);
#3453=ORIENTED_EDGE('',*,*,#2001,.F.);
#3454=ORIENTED_EDGE('',*,*,#1999,.F.);
#3455=ORIENTED_EDGE('',*,*,#2290,.F.);
#3456=ORIENTED_EDGE('',*,*,#2406,.F.);
#3457=ORIENTED_EDGE('',*,*,#2313,.T.);
#3458=ORIENTED_EDGE('',*,*,#2409,.F.);
#3459=ORIENTED_EDGE('',*,*,#2280,.F.);
#3460=ORIENTED_EDGE('',*,*,#2410,.T.);
#3461=ORIENTED_EDGE('',*,*,#2411,.F.);
#3462=ORIENTED_EDGE('',*,*,#2291,.T.);
#3463=ORIENTED_EDGE('',*,*,#2260,.F.);
#3464=ORIENTED_EDGE('',*,*,#2297,.T.);
#3465=ORIENTED_EDGE('',*,*,#2341,.F.);
#3466=ORIENTED_EDGE('',*,*,#2412,.T.);
#3467=ORIENTED_EDGE('',*,*,#2325,.F.);
#3468=ORIENTED_EDGE('',*,*,#2292,.T.);
#3469=ORIENTED_EDGE('',*,*,#2411,.T.);
#3470=ORIENTED_EDGE('',*,*,#2413,.T.);
#3471=ORIENTED_EDGE('',*,*,#2273,.F.);
#3472=ORIENTED_EDGE('',*,*,#2412,.F.);
#3473=ORIENTED_EDGE('',*,*,#2343,.T.);
#3474=ORIENTED_EDGE('',*,*,#2414,.F.);
#3475=ORIENTED_EDGE('',*,*,#2268,.F.);
#3476=ORIENTED_EDGE('',*,*,#2355,.T.);
#3477=ORIENTED_EDGE('',*,*,#2415,.T.);
#3478=ORIENTED_EDGE('',*,*,#2416,.T.);
#3479=ORIENTED_EDGE('',*,*,#2360,.F.);
#3480=ORIENTED_EDGE('',*,*,#2417,.T.);
#3481=ORIENTED_EDGE('',*,*,#2415,.F.);
#3482=ORIENTED_EDGE('',*,*,#2354,.T.);
#3483=ORIENTED_EDGE('',*,*,#2266,.F.);
#3484=ORIENTED_EDGE('',*,*,#2416,.F.);
#3485=ORIENTED_EDGE('',*,*,#2418,.F.);
#3486=ORIENTED_EDGE('',*,*,#2405,.F.);
#3487=ORIENTED_EDGE('',*,*,#2359,.F.);
#3488=ORIENTED_EDGE('',*,*,#2404,.F.);
#3489=ORIENTED_EDGE('',*,*,#2418,.T.);
#3490=ORIENTED_EDGE('',*,*,#2417,.F.);
#3491=ORIENTED_EDGE('',*,*,#2272,.F.);
#3492=ORIENTED_EDGE('',*,*,#2414,.T.);
#3493=ORIENTED_EDGE('',*,*,#2345,.F.);
#3494=ORIENTED_EDGE('',*,*,#2346,.T.);
#3495=ORIENTED_EDGE('',*,*,#2285,.F.);
#3496=ORIENTED_EDGE('',*,*,#2324,.T.);
#3497=ORIENTED_EDGE('',*,*,#2419,.T.);
#3498=ORIENTED_EDGE('',*,*,#2420,.T.);
#3499=ORIENTED_EDGE('',*,*,#2330,.F.);
#3500=ORIENTED_EDGE('',*,*,#2421,.T.);
#3501=ORIENTED_EDGE('',*,*,#2419,.F.);
#3502=ORIENTED_EDGE('',*,*,#2323,.T.);
#3503=ORIENTED_EDGE('',*,*,#2283,.F.);
#3504=ORIENTED_EDGE('',*,*,#2420,.F.);
#3505=ORIENTED_EDGE('',*,*,#2422,.F.);
#3506=ORIENTED_EDGE('',*,*,#2410,.F.);
#3507=ORIENTED_EDGE('',*,*,#2329,.F.);
#3508=ORIENTED_EDGE('',*,*,#2413,.F.);
#3509=ORIENTED_EDGE('',*,*,#2422,.T.);
#3510=ORIENTED_EDGE('',*,*,#2421,.F.);
#3511=ORIENTED_EDGE('',*,*,#2289,.F.);
#3512=ORIENTED_EDGE('',*,*,#2409,.T.);
#3513=ORIENTED_EDGE('',*,*,#2315,.F.);
#3514=ORIENTED_EDGE('',*,*,#2316,.T.);
#3515=ORIENTED_EDGE('',*,*,#2423,.T.);
#3516=ORIENTED_EDGE('',*,*,#2424,.T.);
#3517=ORIENTED_EDGE('',*,*,#2425,.T.);
#3518=ORIENTED_EDGE('',*,*,#2095,.T.);
#3519=ORIENTED_EDGE('',*,*,#2426,.T.);
#3520=ORIENTED_EDGE('',*,*,#2092,.T.);
#3521=ORIENTED_EDGE('',*,*,#2425,.F.);
#3522=ORIENTED_EDGE('',*,*,#2427,.T.);
#3523=ORIENTED_EDGE('',*,*,#2428,.T.);
#3524=ORIENTED_EDGE('',*,*,#2429,.T.);
#3525=ORIENTED_EDGE('',*,*,#2426,.F.);
#3526=ORIENTED_EDGE('',*,*,#2430,.T.);
#3527=ORIENTED_EDGE('',*,*,#2423,.F.);
#3528=ORIENTED_EDGE('',*,*,#2431,.T.);
#3529=ORIENTED_EDGE('',*,*,#2428,.F.);
#3530=ORIENTED_EDGE('',*,*,#2432,.T.);
#3531=ORIENTED_EDGE('',*,*,#2090,.F.);
#3532=ORIENTED_EDGE('',*,*,#2433,.T.);
#3533=ORIENTED_EDGE('',*,*,#2431,.F.);
#3534=ORIENTED_EDGE('',*,*,#2094,.F.);
#3535=ORIENTED_EDGE('',*,*,#2424,.F.);
#3536=ORIENTED_EDGE('',*,*,#2432,.F.);
#3537=ORIENTED_EDGE('',*,*,#2430,.F.);
#3538=ORIENTED_EDGE('',*,*,#2427,.F.);
#3539=ORIENTED_EDGE('',*,*,#2434,.F.);
#3540=ORIENTED_EDGE('',*,*,#2435,.F.);
#3541=ORIENTED_EDGE('',*,*,#2434,.T.);
#3542=ORIENTED_EDGE('',*,*,#2436,.T.);
#3543=ORIENTED_EDGE('',*,*,#2437,.T.);
#3544=ORIENTED_EDGE('',*,*,#2438,.T.);
#3545=ORIENTED_EDGE('',*,*,#2436,.F.);
#3546=ORIENTED_EDGE('',*,*,#2438,.F.);
#3547=ORIENTED_EDGE('',*,*,#2439,.T.);
#3548=ORIENTED_EDGE('',*,*,#2440,.F.);
#3549=ORIENTED_EDGE('',*,*,#2441,.F.);
#3550=ORIENTED_EDGE('',*,*,#2439,.F.);
#3551=ORIENTED_EDGE('',*,*,#2437,.F.);
#3552=ORIENTED_EDGE('',*,*,#2298,.T.);
#3553=ORIENTED_EDGE('',*,*,#2442,.T.);
#3554=ORIENTED_EDGE('',*,*,#2440,.T.);
#3555=ORIENTED_EDGE('',*,*,#2441,.T.);
#3556=ORIENTED_EDGE('',*,*,#2442,.F.);
#3557=ORIENTED_EDGE('',*,*,#2299,.T.);
#3558=ORIENTED_EDGE('',*,*,#2443,.T.);
#3559=ORIENTED_EDGE('',*,*,#2444,.T.);
#3560=ORIENTED_EDGE('',*,*,#2445,.T.);
#3561=ORIENTED_EDGE('',*,*,#2443,.F.);
#3562=ORIENTED_EDGE('',*,*,#2446,.F.);
#3563=ORIENTED_EDGE('',*,*,#2447,.T.);
#3564=ORIENTED_EDGE('',*,*,#2444,.F.);
#3565=ORIENTED_EDGE('',*,*,#2445,.F.);
#3566=ORIENTED_EDGE('',*,*,#2447,.F.);
#3567=ORIENTED_EDGE('',*,*,#2448,.F.);
#3568=ORIENTED_EDGE('',*,*,#2435,.T.);
#3569=ORIENTED_EDGE('',*,*,#2449,.T.);
#3570=ORIENTED_EDGE('',*,*,#2448,.T.);
#3571=ORIENTED_EDGE('',*,*,#2446,.T.);
#3572=ORIENTED_EDGE('',*,*,#2449,.F.);
#3573=ORIENTED_EDGE('',*,*,#2371,.F.);
#3574=ORIENTED_EDGE('',*,*,#2318,.T.);
#3575=ORIENTED_EDGE('',*,*,#2382,.F.);
#3576=ORIENTED_EDGE('',*,*,#2379,.F.);
#3577=ORIENTED_EDGE('',*,*,#2396,.F.);
#3578=ORIENTED_EDGE('',*,*,#2349,.T.);
#3579=ORIENTED_EDGE('',*,*,#2401,.F.);
#3580=ORIENTED_EDGE('',*,*,#2398,.F.);
#3581=ORIENTED_EDGE('',*,*,#2089,.F.);
#3582=ORIENTED_EDGE('',*,*,#2093,.T.);
#3583=ORIENTED_EDGE('',*,*,#2429,.F.);
#3584=ORIENTED_EDGE('',*,*,#2433,.F.);
#3585=ORIENTED_EDGE('',*,*,#2006,.F.);
#3586=ORIENTED_EDGE('',*,*,#2208,.F.);
#3587=ORIENTED_EDGE('',*,*,#2210,.F.);
#3588=ORIENTED_EDGE('',*,*,#2308,.F.);
#3589=ORIENTED_EDGE('',*,*,#2305,.F.);
#3590=ORIENTED_EDGE('',*,*,#2407,.F.);
#3591=ORIENTED_EDGE('',*,*,#2008,.F.);
#3592=SPHERICAL_SURFACE('',#3866,0.5);
#3593=SPHERICAL_SURFACE('',#3896,0.5);
#3594=SPHERICAL_SURFACE('',#3932,0.5);
#3595=SPHERICAL_SURFACE('',#3952,0.5);
#3596=SPHERICAL_SURFACE('',#3956,0.500000000000001);
#3597=SPHERICAL_SURFACE('',#3969,0.500000000000001);
#3598=SPHERICAL_SURFACE('',#3977,0.500000000000001);
#3599=SPHERICAL_SURFACE('',#3995,0.5);
#3600=SPHERICAL_SURFACE('',#4283,0.499999999999998);
#3601=SPHERICAL_SURFACE('',#4288,0.499999999999999);
#3602=SPHERICAL_SURFACE('',#4314,0.499999999999998);
#3603=SPHERICAL_SURFACE('',#4318,0.500000000000003);
#3604=ADVANCED_FACE('',(#774),#3592,.T.);
#3605=ADVANCED_FACE('',(#775),#667,.T.);
#3606=ADVANCED_FACE('',(#776),#207,.T.);
#3607=ADVANCED_FACE('',(#777),#668,.T.);
#3608=ADVANCED_FACE('',(#778),#208,.T.);
#3609=ADVANCED_FACE('',(#779),#669,.T.);
#3610=ADVANCED_FACE('',(#780),#209,.T.);
#3611=ADVANCED_FACE('',(#781),#670,.T.);
#3612=ADVANCED_FACE('',(#782),#210,.T.);
#3613=ADVANCED_FACE('',(#783),#671,.T.);
#3614=ADVANCED_FACE('',(#784),#3593,.T.);
#3615=ADVANCED_FACE('',(#785,#111),#164,.T.);
#3616=ADVANCED_FACE('',(#786),#672,.T.);
#3617=ADVANCED_FACE('',(#787),#673,.T.);
#3618=ADVANCED_FACE('',(#788),#211,.T.);
#3619=ADVANCED_FACE('',(#789),#75,.F.);
#3620=ADVANCED_FACE('',(#790),#76,.F.);
#3621=ADVANCED_FACE('',(#791),#212,.T.);
#3622=ADVANCED_FACE('',(#792),#77,.F.);
#3623=ADVANCED_FACE('',(#793),#78,.F.);
#3624=ADVANCED_FACE('',(#794),#674,.T.);
#3625=ADVANCED_FACE('',(#795),#213,.T.);
#3626=ADVANCED_FACE('',(#796),#3594,.T.);
#3627=ADVANCED_FACE('',(#797),#675,.T.);
#3628=ADVANCED_FACE('',(#798),#214,.T.);
#3629=ADVANCED_FACE('',(#799),#215,.T.);
#3630=ADVANCED_FACE('',(#800),#79,.F.);
#3631=ADVANCED_FACE('',(#801),#80,.F.);
#3632=ADVANCED_FACE('',(#802),#3595,.T.);
#3633=ADVANCED_FACE('',(#803),#3596,.T.);
#3634=ADVANCED_FACE('',(#804),#676,.T.);
#3635=ADVANCED_FACE('',(#805),#677,.T.);
#3636=ADVANCED_FACE('',(#806),#678,.T.);
#3637=ADVANCED_FACE('',(#807),#81,.F.);
#3638=ADVANCED_FACE('',(#808),#679,.T.);
#3639=ADVANCED_FACE('',(#809),#680,.T.);
#3640=ADVANCED_FACE('',(#810),#681,.T.);
#3641=ADVANCED_FACE('',(#811),#3597,.T.);
#3642=ADVANCED_FACE('',(#812),#682,.T.);
#3643=ADVANCED_FACE('',(#813),#82,.F.);
#3644=ADVANCED_FACE('',(#814),#3598,.T.);
#3645=ADVANCED_FACE('',(#815),#683,.T.);
#3646=ADVANCED_FACE('',(#816),#684,.T.);
#3647=ADVANCED_FACE('',(#817),#685,.T.);
#3648=ADVANCED_FACE('',(#818),#686,.T.);
#3649=ADVANCED_FACE('',(#819),#216,.T.);
#3650=ADVANCED_FACE('',(#820),#687,.T.);
#3651=ADVANCED_FACE('',(#821),#217,.T.);
#3652=ADVANCED_FACE('',(#822),#688,.T.);
#3653=ADVANCED_FACE('',(#823),#3599,.T.);
#3654=ADVANCED_FACE('',(#824),#165,.T.);
#3655=ADVANCED_FACE('',(#825),#166,.T.);
#3656=ADVANCED_FACE('',(#826),#689,.T.);
#3657=ADVANCED_FACE('',(#827),#690,.T.);
#3658=ADVANCED_FACE('',(#828),#167,.T.);
#3659=ADVANCED_FACE('',(#829),#168,.T.);
#3660=ADVANCED_FACE('',(#830),#691,.T.);
#3661=ADVANCED_FACE('',(#831),#692,.T.);
#3662=ADVANCED_FACE('',(#832),#693,.T.);
#3663=ADVANCED_FACE('',(#833),#169,.T.);
#3664=ADVANCED_FACE('',(#834),#694,.F.);
#3665=ADVANCED_FACE('',(#835),#170,.T.);
#3666=ADVANCED_FACE('',(#836),#695,.F.);
#3667=ADVANCED_FACE('',(#837),#171,.T.);
#3668=ADVANCED_FACE('',(#838),#696,.T.);
#3669=ADVANCED_FACE('',(#839,#112,#113),#172,.F.);
#3670=ADVANCED_FACE('',(#840),#697,.T.);
#3671=ADVANCED_FACE('',(#841),#173,.T.);
#3672=ADVANCED_FACE('',(#842),#698,.T.);
#3673=ADVANCED_FACE('',(#843),#218,.T.);
#3674=ADVANCED_FACE('',(#844),#699,.T.);
#3675=ADVANCED_FACE('',(#845),#219,.T.);
#3676=ADVANCED_FACE('',(#846),#700,.F.);
#3677=ADVANCED_FACE('',(#847),#174,.F.);
#3678=ADVANCED_FACE('',(#848),#83,.F.);
#3679=ADVANCED_FACE('',(#849),#220,.T.);
#3680=ADVANCED_FACE('',(#850),#84,.F.);
#3681=ADVANCED_FACE('',(#851),#701,.T.);
#3682=ADVANCED_FACE('',(#852),#85,.F.);
#3683=ADVANCED_FACE('',(#853),#221,.T.);
#3684=ADVANCED_FACE('',(#854),#86,.F.);
#3685=ADVANCED_FACE('',(#855),#87,.F.);
#3686=ADVANCED_FACE('',(#856),#222,.T.);
#3687=ADVANCED_FACE('',(#857),#88,.F.);
#3688=ADVANCED_FACE('',(#858),#702,.T.);
#3689=ADVANCED_FACE('',(#859),#89,.F.);
#3690=ADVANCED_FACE('',(#860),#223,.T.);
#3691=ADVANCED_FACE('',(#861),#90,.F.);
#3692=ADVANCED_FACE('',(#862),#703,.T.);
#3693=ADVANCED_FACE('',(#863),#175,.T.);
#3694=ADVANCED_FACE('',(#864),#224,.T.);
#3695=ADVANCED_FACE('',(#865,#114),#176,.T.);
#3696=ADVANCED_FACE('',(#866),#704,.F.);
#3697=ADVANCED_FACE('',(#867),#225,.F.);
#3698=ADVANCED_FACE('',(#868),#705,.F.);
#3699=ADVANCED_FACE('',(#869),#226,.F.);
#3700=ADVANCED_FACE('',(#870,#115),#177,.T.);
#3701=ADVANCED_FACE('',(#871),#706,.F.);
#3702=ADVANCED_FACE('',(#872),#227,.T.);
#3703=ADVANCED_FACE('',(#873),#707,.F.);
#3704=ADVANCED_FACE('',(#874),#228,.T.);
#3705=ADVANCED_FACE('',(#875,#116,#117),#178,.F.);
#3706=ADVANCED_FACE('',(#876),#229,.T.);
#3707=ADVANCED_FACE('',(#877),#230,.T.);
#3708=ADVANCED_FACE('',(#878,#118),#179,.T.);
#3709=ADVANCED_FACE('',(#879),#708,.F.);
#3710=ADVANCED_FACE('',(#880),#231,.F.);
#3711=ADVANCED_FACE('',(#881),#709,.F.);
#3712=ADVANCED_FACE('',(#882),#232,.F.);
#3713=ADVANCED_FACE('',(#883,#119),#180,.T.);
#3714=ADVANCED_FACE('',(#884),#710,.F.);
#3715=ADVANCED_FACE('',(#885),#233,.T.);
#3716=ADVANCED_FACE('',(#886),#711,.F.);
#3717=ADVANCED_FACE('',(#887),#234,.T.);
#3718=ADVANCED_FACE('',(#888),#235,.T.);
#3719=ADVANCED_FACE('',(#889),#91,.F.);
#3720=ADVANCED_FACE('',(#890),#92,.F.);
#3721=ADVANCED_FACE('',(#891),#93,.F.);
#3722=ADVANCED_FACE('',(#892),#94,.F.);
#3723=ADVANCED_FACE('',(#893),#95,.T.);
#3724=ADVANCED_FACE('',(#894),#712,.F.);
#3725=ADVANCED_FACE('',(#895),#96,.T.);
#3726=ADVANCED_FACE('',(#896),#97,.T.);
#3727=ADVANCED_FACE('',(#897),#713,.T.);
#3728=ADVANCED_FACE('',(#898),#181,.T.);
#3729=ADVANCED_FACE('',(#899),#98,.T.);
#3730=ADVANCED_FACE('',(#900),#99,.T.);
#3731=ADVANCED_FACE('',(#901),#714,.F.);
#3732=ADVANCED_FACE('',(#902),#100,.T.);
#3733=ADVANCED_FACE('',(#903),#182,.T.);
#3734=ADVANCED_FACE('',(#904),#183,.T.);
#3735=ADVANCED_FACE('',(#905),#101,.T.);
#3736=ADVANCED_FACE('',(#906),#715,.F.);
#3737=ADVANCED_FACE('',(#907),#102,.T.);
#3738=ADVANCED_FACE('',(#908),#103,.T.);
#3739=ADVANCED_FACE('',(#909),#716,.T.);
#3740=ADVANCED_FACE('',(#910),#184,.T.);
#3741=ADVANCED_FACE('',(#911),#104,.T.);
#3742=ADVANCED_FACE('',(#912),#105,.T.);
#3743=ADVANCED_FACE('',(#913),#106,.T.);
#3744=ADVANCED_FACE('',(#914),#15,.F.);
#3745=ADVANCED_FACE('',(#915),#16,.F.);
#3746=ADVANCED_FACE('',(#916),#717,.T.);
#3747=ADVANCED_FACE('',(#917),#236,.T.);
#3748=ADVANCED_FACE('',(#918),#718,.T.);
#3749=ADVANCED_FACE('',(#919),#237,.T.);
#3750=ADVANCED_FACE('',(#920),#719,.T.);
#3751=ADVANCED_FACE('',(#921),#720,.T.);
#3752=ADVANCED_FACE('',(#922),#721,.T.);
#3753=ADVANCED_FACE('',(#923),#17,.F.);
#3754=ADVANCED_FACE('',(#924),#18,.F.);
#3755=ADVANCED_FACE('',(#925),#722,.T.);
#3756=ADVANCED_FACE('',(#926),#238,.T.);
#3757=ADVANCED_FACE('',(#927),#723,.T.);
#3758=ADVANCED_FACE('',(#928),#239,.T.);
#3759=ADVANCED_FACE('',(#929),#724,.T.);
#3760=ADVANCED_FACE('',(#930),#725,.T.);
#3761=ADVANCED_FACE('',(#931,#120,#121),#185,.F.);
#3762=ADVANCED_FACE('',(#932),#19,.F.);
#3763=ADVANCED_FACE('',(#933),#726,.T.);
#3764=ADVANCED_FACE('',(#934),#107,.F.);
#3765=ADVANCED_FACE('',(#935),#727,.T.);
#3766=ADVANCED_FACE('',(#936),#728,.T.);
#3767=ADVANCED_FACE('',(#937),#186,.T.);
#3768=ADVANCED_FACE('',(#938),#729,.F.);
#3769=ADVANCED_FACE('',(#939),#187,.F.);
#3770=ADVANCED_FACE('',(#940),#20,.F.);
#3771=ADVANCED_FACE('',(#941),#730,.T.);
#3772=ADVANCED_FACE('',(#942),#108,.F.);
#3773=ADVANCED_FACE('',(#943),#731,.T.);
#3774=ADVANCED_FACE('',(#944),#732,.T.);
#3775=ADVANCED_FACE('',(#945),#21,.F.);
#3776=ADVANCED_FACE('',(#946),#733,.T.);
#3777=ADVANCED_FACE('',(#947),#109,.F.);
#3778=ADVANCED_FACE('',(#948),#734,.T.);
#3779=ADVANCED_FACE('',(#949),#735,.T.);
#3780=ADVANCED_FACE('',(#950),#188,.T.);
#3781=ADVANCED_FACE('',(#951),#736,.F.);
#3782=ADVANCED_FACE('',(#952),#189,.F.);
#3783=ADVANCED_FACE('',(#953),#22,.F.);
#3784=ADVANCED_FACE('',(#954),#737,.T.);
#3785=ADVANCED_FACE('',(#955),#110,.F.);
#3786=ADVANCED_FACE('',(#956),#738,.T.);
#3787=ADVANCED_FACE('',(#957),#739,.T.);
#3788=ADVANCED_FACE('',(#958),#3600,.T.);
#3789=ADVANCED_FACE('',(#959),#740,.T.);
#3790=ADVANCED_FACE('',(#960),#3601,.T.);
#3791=ADVANCED_FACE('',(#961),#741,.T.);
#3792=ADVANCED_FACE('',(#962),#240,.T.);
#3793=ADVANCED_FACE('',(#963),#742,.T.);
#3794=ADVANCED_FACE('',(#964),#743,.F.);
#3795=ADVANCED_FACE('',(#965),#744,.T.);
#3796=ADVANCED_FACE('',(#966),#745,.T.);
#3797=ADVANCED_FACE('',(#967),#746,.T.);
#3798=ADVANCED_FACE('',(#968),#190,.T.);
#3799=ADVANCED_FACE('',(#969),#191,.T.);
#3800=ADVANCED_FACE('',(#970),#192,.T.);
#3801=ADVANCED_FACE('',(#971),#241,.T.);
#3802=ADVANCED_FACE('',(#972),#242,.T.);
#3803=ADVANCED_FACE('',(#973),#747,.T.);
#3804=ADVANCED_FACE('',(#974),#748,.T.);
#3805=ADVANCED_FACE('',(#975),#3602,.T.);
#3806=ADVANCED_FACE('',(#976),#3603,.T.);
#3807=ADVANCED_FACE('',(#977),#749,.T.);
#3808=ADVANCED_FACE('',(#978),#750,.T.);
#3809=ADVANCED_FACE('',(#979),#751,.T.);
#3810=ADVANCED_FACE('',(#980),#752,.T.);
#3811=ADVANCED_FACE('',(#981),#753,.T.);
#3812=ADVANCED_FACE('',(#982),#754,.F.);
#3813=ADVANCED_FACE('',(#983),#193,.T.);
#3814=ADVANCED_FACE('',(#984),#194,.T.);
#3815=ADVANCED_FACE('',(#985),#755,.T.);
#3816=ADVANCED_FACE('',(#986),#756,.T.);
#3817=ADVANCED_FACE('',(#987),#757,.T.);
#3818=ADVANCED_FACE('',(#988),#758,.T.);
#3819=ADVANCED_FACE('',(#989),#759,.T.);
#3820=ADVANCED_FACE('',(#990),#195,.T.);
#3821=ADVANCED_FACE('',(#991),#196,.T.);
#3822=ADVANCED_FACE('',(#992),#760,.T.);
#3823=ADVANCED_FACE('',(#993),#761,.T.);
#3824=ADVANCED_FACE('',(#994),#762,.T.);
#3825=ADVANCED_FACE('',(#995),#197,.T.);
#3826=ADVANCED_FACE('',(#996),#763,.F.);
#3827=ADVANCED_FACE('',(#997),#764,.F.);
#3828=ADVANCED_FACE('',(#998),#198,.T.);
#3829=ADVANCED_FACE('',(#999),#199,.T.);
#3830=ADVANCED_FACE('',(#1000),#765,.F.);
#3831=ADVANCED_FACE('',(#1001),#766,.F.);
#3832=ADVANCED_FACE('',(#1002),#767,.F.);
#3833=ADVANCED_FACE('',(#1003),#200,.T.);
#3834=ADVANCED_FACE('',(#1004),#201,.T.);
#3835=ADVANCED_FACE('',(#1005),#768,.F.);
#3836=ADVANCED_FACE('',(#1006),#769,.F.);
#3837=ADVANCED_FACE('',(#1007),#243,.F.);
#3838=ADVANCED_FACE('',(#1008),#770,.F.);
#3839=ADVANCED_FACE('',(#1009),#244,.F.);
#3840=ADVANCED_FACE('',(#1010),#771,.F.);
#3841=ADVANCED_FACE('',(#1011,#122,#123),#202,.T.);
#3842=ADVANCED_FACE('',(#1012),#245,.T.);
#3843=ADVANCED_FACE('',(#1013),#772,.F.);
#3844=ADVANCED_FACE('',(#1014),#246,.T.);
#3845=ADVANCED_FACE('',(#1015),#247,.T.);
#3846=ADVANCED_FACE('',(#1016),#773,.F.);
#3847=ADVANCED_FACE('',(#1017),#248,.T.);
#3848=ADVANCED_FACE('',(#1018),#203,.T.);
#3849=ADVANCED_FACE('',(#1019),#204,.T.);
#3850=ADVANCED_FACE('',(#1020),#205,.F.);
#3851=ADVANCED_FACE('',(#1021),#206,.T.);
#3852=CLOSED_SHELL('',(#3604,#3605,#3606,#3607,#3608,#3609,#3610,#3611,
#3612,#3613,#3614,#3615,#3616,#3617,#3618,#3619,#3620,#3621,#3622,#3623,
#3624,#3625,#3626,#3627,#3628,#3629,#3630,#3631,#3632,#3633,#3634,#3635,
#3636,#3637,#3638,#3639,#3640,#3641,#3642,#3643,#3644,#3645,#3646,#3647,
#3648,#3649,#3650,#3651,#3652,#3653,#3654,#3655,#3656,#3657,#3658,#3659,
#3660,#3661,#3662,#3663,#3664,#3665,#3666,#3667,#3668,#3669,#3670,#3671,
#3672,#3673,#3674,#3675,#3676,#3677,#3678,#3679,#3680,#3681,#3682,#3683,
#3684,#3685,#3686,#3687,#3688,#3689,#3690,#3691,#3692,#3693,#3694,#3695,
#3696,#3697,#3698,#3699,#3700,#3701,#3702,#3703,#3704,#3705,#3706,#3707,
#3708,#3709,#3710,#3711,#3712,#3713,#3714,#3715,#3716,#3717,#3718,#3719,
#3720,#3721,#3722,#3723,#3724,#3725,#3726,#3727,#3728,#3729,#3730,#3731,
#3732,#3733,#3734,#3735,#3736,#3737,#3738,#3739,#3740,#3741,#3742,#3743,
#3744,#3745,#3746,#3747,#3748,#3749,#3750,#3751,#3752,#3753,#3754,#3755,
#3756,#3757,#3758,#3759,#3760,#3761,#3762,#3763,#3764,#3765,#3766,#3767,
#3768,#3769,#3770,#3771,#3772,#3773,#3774,#3775,#3776,#3777,#3778,#3779,
#3780,#3781,#3782,#3783,#3784,#3785,#3786,#3787,#3788,#3789,#3790,#3791,
#3792,#3793,#3794,#3795,#3796,#3797,#3798,#3799,#3800,#3801,#3802,#3803,
#3804,#3805,#3806,#3807,#3808,#3809,#3810,#3811,#3812,#3813,#3814,#3815,
#3816,#3817,#3818,#3819,#3820,#3821,#3822,#3823,#3824,#3825,#3826,#3827,
#3828,#3829,#3830,#3831,#3832,#3833,#3834,#3835,#3836,#3837,#3838,#3839,
#3840,#3841,#3842,#3843,#3844,#3845,#3846,#3847,#3848,#3849,#3850,#3851));
#3853=DERIVED_UNIT_ELEMENT(#3855,1.);
#3854=DERIVED_UNIT_ELEMENT(#8176,-3.);
#3855=(
MASS_UNIT()
NAMED_UNIT(*)
SI_UNIT(.KILO.,.GRAM.)
);
#3856=DERIVED_UNIT((#3853,#3854));
#3857=MEASURE_REPRESENTATION_ITEM('density measure',
POSITIVE_RATIO_MEASURE(1000.),#3856);
#3858=PROPERTY_DEFINITION_REPRESENTATION(#3863,#3860);
#3859=PROPERTY_DEFINITION_REPRESENTATION(#3864,#3861);
#3860=REPRESENTATION('material name',(#3862),#8173);
#3861=REPRESENTATION('density',(#3857),#8173);
#3862=DESCRIPTIVE_REPRESENTATION_ITEM('Generic','Generic');
#3863=PROPERTY_DEFINITION('material property','material name',#8183);
#3864=PROPERTY_DEFINITION('material property','density of part',#8183);
#3865=AXIS2_PLACEMENT_3D('',#5655,#4392,#4393);
#3866=AXIS2_PLACEMENT_3D('',#5656,#4394,#4395);
#3867=AXIS2_PLACEMENT_3D('',#5659,#4396,#4397);
#3868=AXIS2_PLACEMENT_3D('',#5661,#4398,#4399);
#3869=AXIS2_PLACEMENT_3D('',#5662,#4400,#4401);
#3870=AXIS2_PLACEMENT_3D('',#5663,#4402,#4403);
#3871=AXIS2_PLACEMENT_3D('',#5666,#4404,#4405);
#3872=AXIS2_PLACEMENT_3D('',#5669,#4408,#4409);
#3873=AXIS2_PLACEMENT_3D('',#5672,#4410,#4411);
#3874=AXIS2_PLACEMENT_3D('',#5673,#4412,#4413);
#3875=AXIS2_PLACEMENT_3D('',#5674,#4414,#4415);
#3876=AXIS2_PLACEMENT_3D('',#5675,#4416,#4417);
#3877=AXIS2_PLACEMENT_3D('',#5678,#4418,#4419);
#3878=AXIS2_PLACEMENT_3D('',#5681,#4422,#4423);
#3879=AXIS2_PLACEMENT_3D('',#5684,#4424,#4425);
#3880=AXIS2_PLACEMENT_3D('',#5685,#4426,#4427);
#3881=AXIS2_PLACEMENT_3D('',#5686,#4428,#4429);
#3882=AXIS2_PLACEMENT_3D('',#5687,#4430,#4431);
#3883=AXIS2_PLACEMENT_3D('',#5690,#4432,#4433);
#3884=AXIS2_PLACEMENT_3D('',#5693,#4436,#4437);
#3885=AXIS2_PLACEMENT_3D('',#5696,#4438,#4439);
#3886=AXIS2_PLACEMENT_3D('',#5697,#4440,#4441);
#3887=AXIS2_PLACEMENT_3D('',#5698,#4442,#4443);
#3888=AXIS2_PLACEMENT_3D('',#5699,#4444,#4445);
#3889=AXIS2_PLACEMENT_3D('',#5702,#4446,#4447);
#3890=AXIS2_PLACEMENT_3D('',#5705,#4450,#4451);
#3891=AXIS2_PLACEMENT_3D('',#5708,#4452,#4453);
#3892=AXIS2_PLACEMENT_3D('',#5709,#4454,#4455);
#3893=AXIS2_PLACEMENT_3D('',#5710,#4456,#4457);
#3894=AXIS2_PLACEMENT_3D('',#5711,#4458,#4459);
#3895=AXIS2_PLACEMENT_3D('',#5714,#4460,#4461);
#3896=AXIS2_PLACEMENT_3D('',#5717,#4464,#4465);
#3897=AXIS2_PLACEMENT_3D('',#5719,#4466,#4467);
#3898=AXIS2_PLACEMENT_3D('',#5720,#4468,#4469);
#3899=AXIS2_PLACEMENT_3D('',#5721,#4470,#4471);
#3900=AXIS2_PLACEMENT_3D('',#5729,#4475,#4476);
#3901=AXIS2_PLACEMENT_3D('',#5740,#4478,#4479);
#3902=AXIS2_PLACEMENT_3D('',#5758,#4481,#4482);
#3903=AXIS2_PLACEMENT_3D('',#5780,#4486,#4487);
#3904=AXIS2_PLACEMENT_3D('',#5798,#4489,#4490);
#3905=AXIS2_PLACEMENT_3D('',#5809,#4492,#4493);
#3906=AXIS2_PLACEMENT_3D('',#5813,#4495,#4496);
#3907=AXIS2_PLACEMENT_3D('',#5821,#4500,#4501);
#3908=AXIS2_PLACEMENT_3D('',#5824,#4503,#4504);
#3909=AXIS2_PLACEMENT_3D('',#5825,#4505,#4506);
#3910=AXIS2_PLACEMENT_3D('',#5828,#4508,#4509);
#3911=AXIS2_PLACEMENT_3D('',#5829,#4510,#4511);
#3912=AXIS2_PLACEMENT_3D('',#5833,#4513,#4514);
#3913=AXIS2_PLACEMENT_3D('',#5835,#4516,#4517);
#3914=AXIS2_PLACEMENT_3D('',#5838,#4518,#4519);
#3915=AXIS2_PLACEMENT_3D('',#5840,#4520,#4521);
#3916=AXIS2_PLACEMENT_3D('',#5842,#4522,#4523);
#3917=AXIS2_PLACEMENT_3D('',#5843,#4524,#4525);
#3918=AXIS2_PLACEMENT_3D('',#5861,#4526,#4527);
#3919=AXIS2_PLACEMENT_3D('',#5868,#4528,#4529);
#3920=AXIS2_PLACEMENT_3D('',#5910,#4530,#4531);
#3921=AXIS2_PLACEMENT_3D('',#5913,#4532,#4533);
#3922=AXIS2_PLACEMENT_3D('',#5915,#4534,#4535);
#3923=AXIS2_PLACEMENT_3D('',#5917,#4536,#4537);
#3924=AXIS2_PLACEMENT_3D('',#5918,#4538,#4539);
#3925=AXIS2_PLACEMENT_3D('',#5936,#4540,#4541);
#3926=AXIS2_PLACEMENT_3D('',#5943,#4542,#4543);
#3927=AXIS2_PLACEMENT_3D('',#5985,#4544,#4545);
#3928=AXIS2_PLACEMENT_3D('',#5989,#4547,#4548);
#3929=AXIS2_PLACEMENT_3D('',#5990,#4549,#4550);
#3930=AXIS2_PLACEMENT_3D('',#5991,#4551,#4552);
#3931=AXIS2_PLACEMENT_3D('',#5992,#4553,#4554);
#3932=AXIS2_PLACEMENT_3D('',#5993,#4555,#4556);
#3933=AXIS2_PLACEMENT_3D('',#5995,#4557,#4558);
#3934=AXIS2_PLACEMENT_3D('',#5996,#4559,#4560);
#3935=AXIS2_PLACEMENT_3D('',#5997,#4561,#4562);
#3936=AXIS2_PLACEMENT_3D('',#5999,#4564,#4565);
#3937=AXIS2_PLACEMENT_3D('',#6002,#4566,#4567);
#3938=AXIS2_PLACEMENT_3D('',#6004,#4568,#4569);
#3939=AXIS2_PLACEMENT_3D('',#6006,#4570,#4571);
#3940=AXIS2_PLACEMENT_3D('',#6007,#4572,#4573);
#3941=AXIS2_PLACEMENT_3D('',#6008,#4574,#4575);
#3942=AXIS2_PLACEMENT_3D('',#6011,#4576,#4577);
#3943=AXIS2_PLACEMENT_3D('',#6013,#4578,#4579);
#3944=AXIS2_PLACEMENT_3D('',#6015,#4580,#4581);
#3945=AXIS2_PLACEMENT_3D('',#6016,#4582,#4583);
#3946=AXIS2_PLACEMENT_3D('',#6034,#4584,#4585);
#3947=AXIS2_PLACEMENT_3D('',#6036,#4586,#4587);
#3948=AXIS2_PLACEMENT_3D('',#6037,#4588,#4589);
#3949=AXIS2_PLACEMENT_3D('',#6055,#4590,#4591);
#3950=AXIS2_PLACEMENT_3D('',#6057,#4592,#4593);
#3951=AXIS2_PLACEMENT_3D('',#6058,#4594,#4595);
#3952=AXIS2_PLACEMENT_3D('',#6059,#4596,#4597);
#3953=AXIS2_PLACEMENT_3D('',#6062,#4598,#4599);
#3954=AXIS2_PLACEMENT_3D('',#6064,#4600,#4601);
#3955=AXIS2_PLACEMENT_3D('',#6065,#4602,#4603);
#3956=AXIS2_PLACEMENT_3D('',#6066,#4604,#4605);
#3957=AXIS2_PLACEMENT_3D('',#6069,#4606,#4607);
#3958=AXIS2_PLACEMENT_3D('',#6071,#4608,#4609);
#3959=AXIS2_PLACEMENT_3D('',#6072,#4610,#4611);
#3960=AXIS2_PLACEMENT_3D('',#6073,#4612,#4613);
#3961=AXIS2_PLACEMENT_3D('',#6078,#4617,#4618);
#3962=AXIS2_PLACEMENT_3D('',#6081,#4621,#4622);
#3963=AXIS2_PLACEMENT_3D('',#6105,#4625,#4626);
#3964=AXIS2_PLACEMENT_3D('',#6107,#4627,#4628);
#3965=AXIS2_PLACEMENT_3D('',#6108,#4629,#4630);
#3966=AXIS2_PLACEMENT_3D('',#6109,#4631,#4632);
#3967=AXIS2_PLACEMENT_3D('',#6112,#4635,#4636);
#3968=AXIS2_PLACEMENT_3D('',#6115,#4639,#4640);
#3969=AXIS2_PLACEMENT_3D('',#6117,#4642,#4643);
#3970=AXIS2_PLACEMENT_3D('',#6120,#4644,#4645);
#3971=AXIS2_PLACEMENT_3D('',#6122,#4646,#4647);
#3972=AXIS2_PLACEMENT_3D('',#6123,#4648,#4649);
#3973=AXIS2_PLACEMENT_3D('',#6124,#4650,#4651);
#3974=AXIS2_PLACEMENT_3D('',#6127,#4652,#4653);
#3975=AXIS2_PLACEMENT_3D('',#6150,#4656,#4657);
#3976=AXIS2_PLACEMENT_3D('',#6151,#4658,#4659);
#3977=AXIS2_PLACEMENT_3D('',#6152,#4660,#4661);
#3978=AXIS2_PLACEMENT_3D('',#6155,#4662,#4663);
#3979=AXIS2_PLACEMENT_3D('',#6157,#4664,#4665);
#3980=AXIS2_PLACEMENT_3D('',#6158,#4666,#4667);
#3981=AXIS2_PLACEMENT_3D('',#6159,#4668,#4669);
#3982=AXIS2_PLACEMENT_3D('',#6162,#4672,#4673);
#3983=AXIS2_PLACEMENT_3D('',#6167,#4677,#4678);
#3984=AXIS2_PLACEMENT_3D('',#6170,#4681,#4682);
#3985=AXIS2_PLACEMENT_3D('',#6173,#4685,#4686);
#3986=AXIS2_PLACEMENT_3D('',#6175,#4687,#4688);
#3987=AXIS2_PLACEMENT_3D('',#6176,#4689,#4690);
#3988=AXIS2_PLACEMENT_3D('',#6177,#4691,#4692);
#3989=AXIS2_PLACEMENT_3D('',#6179,#4693,#4694);
#3990=AXIS2_PLACEMENT_3D('',#6181,#4696,#4697);
#3991=AXIS2_PLACEMENT_3D('',#6183,#4698,#4699);
#3992=AXIS2_PLACEMENT_3D('',#6184,#4700,#4701);
#3993=AXIS2_PLACEMENT_3D('',#6185,#4702,#4703);
#3994=AXIS2_PLACEMENT_3D('',#6187,#4704,#4705);
#3995=AXIS2_PLACEMENT_3D('',#6189,#4707,#4708);
#3996=AXIS2_PLACEMENT_3D('',#6191,#4709,#4710);
#3997=AXIS2_PLACEMENT_3D('',#6192,#4711,#4712);
#3998=AXIS2_PLACEMENT_3D('',#6193,#4713,#4714);
#3999=AXIS2_PLACEMENT_3D('',#6196,#4716,#4717);
#4000=AXIS2_PLACEMENT_3D('',#6197,#4718,#4719);
#4001=AXIS2_PLACEMENT_3D('',#6199,#4720,#4721);
#4002=AXIS2_PLACEMENT_3D('',#6203,#4723,#4724);
#4003=AXIS2_PLACEMENT_3D('',#6205,#4726,#4727);
#4004=AXIS2_PLACEMENT_3D('',#6206,#4728,#4729);
#4005=AXIS2_PLACEMENT_3D('',#6207,#4730,#4731);
#4006=AXIS2_PLACEMENT_3D('',#6210,#4733,#4734);
#4007=AXIS2_PLACEMENT_3D('',#6211,#4735,#4736);
#4008=AXIS2_PLACEMENT_3D('',#6215,#4738,#4739);
#4009=AXIS2_PLACEMENT_3D('',#6218,#4741,#4742);
#4010=AXIS2_PLACEMENT_3D('',#6219,#4743,#4744);
#4011=AXIS2_PLACEMENT_3D('',#6220,#4745,#4746);
#4012=AXIS2_PLACEMENT_3D('',#6221,#4747,#4748);
#4013=AXIS2_PLACEMENT_3D('',#6222,#4749,#4750);
#4014=AXIS2_PLACEMENT_3D('',#6223,#4751,#4752);
#4015=AXIS2_PLACEMENT_3D('',#6225,#4754,#4755);
#4016=AXIS2_PLACEMENT_3D('',#6229,#4757,#4758);
#4017=AXIS2_PLACEMENT_3D('',#6231,#4760,#4761);
#4018=AXIS2_PLACEMENT_3D('',#6237,#4765,#4766);
#4019=AXIS2_PLACEMENT_3D('',#6240,#4768,#4769);
#4020=AXIS2_PLACEMENT_3D('',#6241,#4770,#4771);
#4021=AXIS2_PLACEMENT_3D('',#6245,#4774,#4775);
#4022=AXIS2_PLACEMENT_3D('',#6248,#4777,#4778);
#4023=AXIS2_PLACEMENT_3D('',#6249,#4779,#4780);
#4024=AXIS2_PLACEMENT_3D('',#6255,#4783,#4784);
#4025=AXIS2_PLACEMENT_3D('',#6256,#4785,#4786);
#4026=AXIS2_PLACEMENT_3D('',#6257,#4787,#4788);
#4027=AXIS2_PLACEMENT_3D('',#6260,#4790,#4791);
#4028=AXIS2_PLACEMENT_3D('',#6261,#4792,#4793);
#4029=AXIS2_PLACEMENT_3D('',#6266,#4796,#4797);
#4030=AXIS2_PLACEMENT_3D('',#6271,#4800,#4801);
#4031=AXIS2_PLACEMENT_3D('',#6273,#4802,#4803);
#4032=AXIS2_PLACEMENT_3D('',#6275,#4804,#4805);
#4033=AXIS2_PLACEMENT_3D('',#6276,#4806,#4807);
#4034=AXIS2_PLACEMENT_3D('',#6278,#4809,#4810);
#4035=AXIS2_PLACEMENT_3D('',#6279,#4811,#4812);
#4036=AXIS2_PLACEMENT_3D('',#6281,#4813,#4814);
#4037=AXIS2_PLACEMENT_3D('',#6284,#4816,#4817);
#4038=AXIS2_PLACEMENT_3D('',#6285,#4818,#4819);
#4039=AXIS2_PLACEMENT_3D('',#6287,#4820,#4821);
#4040=AXIS2_PLACEMENT_3D('',#6288,#4822,#4823);
#4041=AXIS2_PLACEMENT_3D('',#6289,#4824,#4825);
#4042=AXIS2_PLACEMENT_3D('',#6291,#4826,#4827);
#4043=AXIS2_PLACEMENT_3D('',#6293,#4829,#4830);
#4044=AXIS2_PLACEMENT_3D('',#6294,#4831,#4832);
#4045=AXIS2_PLACEMENT_3D('',#6295,#4833,#4834);
#4046=AXIS2_PLACEMENT_3D('',#6299,#4836,#4837);
#4047=AXIS2_PLACEMENT_3D('',#6301,#4839,#4840);
#4048=AXIS2_PLACEMENT_3D('',#6336,#4843,#4844);
#4049=AXIS2_PLACEMENT_3D('',#6343,#4845,#4846);
#4050=AXIS2_PLACEMENT_3D('',#6345,#4847,#4848);
#4051=AXIS2_PLACEMENT_3D('',#6346,#4849,#4850);
#4052=AXIS2_PLACEMENT_3D('',#6377,#4851,#4852);
#4053=AXIS2_PLACEMENT_3D('',#6384,#4853,#4854);
#4054=AXIS2_PLACEMENT_3D('',#6385,#4855,#4856);
#4055=AXIS2_PLACEMENT_3D('',#6417,#4857,#4858);
#4056=AXIS2_PLACEMENT_3D('',#6424,#4859,#4860);
#4057=AXIS2_PLACEMENT_3D('',#6426,#4861,#4862);
#4058=AXIS2_PLACEMENT_3D('',#6427,#4863,#4864);
#4059=AXIS2_PLACEMENT_3D('',#6495,#4865,#4866);
#4060=AXIS2_PLACEMENT_3D('',#6502,#4867,#4868);
#4061=AXIS2_PLACEMENT_3D('',#6504,#4869,#4870);
#4062=AXIS2_PLACEMENT_3D('',#6505,#4871,#4872);
#4063=AXIS2_PLACEMENT_3D('',#6536,#4873,#4874);
#4064=AXIS2_PLACEMENT_3D('',#6543,#4875,#4876);
#4065=AXIS2_PLACEMENT_3D('',#6544,#4877,#4878);
#4066=AXIS2_PLACEMENT_3D('',#6576,#4879,#4880);
#4067=AXIS2_PLACEMENT_3D('',#6583,#4881,#4882);
#4068=AXIS2_PLACEMENT_3D('',#6585,#4883,#4884);
#4069=AXIS2_PLACEMENT_3D('',#6586,#4885,#4886);
#4070=AXIS2_PLACEMENT_3D('',#6617,#4887,#4888);
#4071=AXIS2_PLACEMENT_3D('',#6624,#4889,#4890);
#4072=AXIS2_PLACEMENT_3D('',#6625,#4891,#4892);
#4073=AXIS2_PLACEMENT_3D('',#6631,#4895,#4896);
#4074=AXIS2_PLACEMENT_3D('',#6635,#4898,#4899);
#4075=AXIS2_PLACEMENT_3D('',#6643,#4903,#4904);
#4076=AXIS2_PLACEMENT_3D('',#6647,#4906,#4907);
#4077=AXIS2_PLACEMENT_3D('',#6651,#4910,#4911);
#4078=AXIS2_PLACEMENT_3D('',#6654,#4912,#4913);
#4079=AXIS2_PLACEMENT_3D('',#6655,#4914,#4915);
#4080=AXIS2_PLACEMENT_3D('',#6657,#4916,#4917);
#4081=AXIS2_PLACEMENT_3D('',#6658,#4918,#4919);
#4082=AXIS2_PLACEMENT_3D('',#6659,#4920,#4921);
#4083=AXIS2_PLACEMENT_3D('',#6661,#4922,#4923);
#4084=AXIS2_PLACEMENT_3D('',#6662,#4924,#4925);
#4085=AXIS2_PLACEMENT_3D('',#6666,#4927,#4928);
#4086=AXIS2_PLACEMENT_3D('',#6667,#4929,#4930);
#4087=AXIS2_PLACEMENT_3D('',#6668,#4931,#4932);
#4088=AXIS2_PLACEMENT_3D('',#6670,#4933,#4934);
#4089=AXIS2_PLACEMENT_3D('',#6672,#4935,#4936);
#4090=AXIS2_PLACEMENT_3D('',#6673,#4937,#4938);
#4091=AXIS2_PLACEMENT_3D('',#6674,#4939,#4940);
#4092=AXIS2_PLACEMENT_3D('',#6676,#4941,#4942);
#4093=AXIS2_PLACEMENT_3D('',#6678,#4944,#4945);
#4094=AXIS2_PLACEMENT_3D('',#6679,#4946,#4947);
#4095=AXIS2_PLACEMENT_3D('',#6681,#4948,#4949);
#4096=AXIS2_PLACEMENT_3D('',#6683,#4950,#4951);
#4097=AXIS2_PLACEMENT_3D('',#6685,#4952,#4953);
#4098=AXIS2_PLACEMENT_3D('',#6686,#4954,#4955);
#4099=AXIS2_PLACEMENT_3D('',#6687,#4956,#4957);
#4100=AXIS2_PLACEMENT_3D('',#6689,#4958,#4959);
#4101=AXIS2_PLACEMENT_3D('',#6690,#4960,#4961);
#4102=AXIS2_PLACEMENT_3D('',#6692,#4962,#4963);
#4103=AXIS2_PLACEMENT_3D('',#6694,#4965,#4966);
#4104=AXIS2_PLACEMENT_3D('',#6695,#4967,#4968);
#4105=AXIS2_PLACEMENT_3D('',#6698,#4969,#4970);
#4106=AXIS2_PLACEMENT_3D('',#6699,#4971,#4972);
#4107=AXIS2_PLACEMENT_3D('',#6700,#4973,#4974);
#4108=AXIS2_PLACEMENT_3D('',#6701,#4975,#4976);
#4109=AXIS2_PLACEMENT_3D('',#6705,#4978,#4979);
#4110=AXIS2_PLACEMENT_3D('',#6706,#4980,#4981);
#4111=AXIS2_PLACEMENT_3D('',#6707,#4982,#4983);
#4112=AXIS2_PLACEMENT_3D('',#6709,#4984,#4985);
#4113=AXIS2_PLACEMENT_3D('',#6710,#4986,#4987);
#4114=AXIS2_PLACEMENT_3D('',#6711,#4988,#4989);
#4115=AXIS2_PLACEMENT_3D('',#6715,#4991,#4992);
#4116=AXIS2_PLACEMENT_3D('',#6721,#4995,#4996);
#4117=AXIS2_PLACEMENT_3D('',#6725,#4999,#5000);
#4118=AXIS2_PLACEMENT_3D('',#6726,#5001,#5002);
#4119=AXIS2_PLACEMENT_3D('',#6727,#5003,#5004);
#4120=AXIS2_PLACEMENT_3D('',#6728,#5005,#5006);
#4121=AXIS2_PLACEMENT_3D('',#6730,#5007,#5008);
#4122=AXIS2_PLACEMENT_3D('',#6732,#5009,#5010);
#4123=AXIS2_PLACEMENT_3D('',#6734,#5011,#5012);
#4124=AXIS2_PLACEMENT_3D('',#6735,#5013,#5014);
#4125=AXIS2_PLACEMENT_3D('',#6736,#5015,#5016);
#4126=AXIS2_PLACEMENT_3D('',#6738,#5017,#5018);
#4127=AXIS2_PLACEMENT_3D('',#6739,#5019,#5020);
#4128=AXIS2_PLACEMENT_3D('',#6743,#5022,#5023);
#4129=AXIS2_PLACEMENT_3D('',#6744,#5024,#5025);
#4130=AXIS2_PLACEMENT_3D('',#6745,#5026,#5027);
#4131=AXIS2_PLACEMENT_3D('',#6747,#5028,#5029);
#4132=AXIS2_PLACEMENT_3D('',#6749,#5030,#5031);
#4133=AXIS2_PLACEMENT_3D('',#6750,#5032,#5033);
#4134=AXIS2_PLACEMENT_3D('',#6751,#5034,#5035);
#4135=AXIS2_PLACEMENT_3D('',#6753,#5036,#5037);
#4136=AXIS2_PLACEMENT_3D('',#6755,#5039,#5040);
#4137=AXIS2_PLACEMENT_3D('',#6756,#5041,#5042);
#4138=AXIS2_PLACEMENT_3D('',#6758,#5043,#5044);
#4139=AXIS2_PLACEMENT_3D('',#6760,#5045,#5046);
#4140=AXIS2_PLACEMENT_3D('',#6762,#5047,#5048);
#4141=AXIS2_PLACEMENT_3D('',#6763,#5049,#5050);
#4142=AXIS2_PLACEMENT_3D('',#6764,#5051,#5052);
#4143=AXIS2_PLACEMENT_3D('',#6766,#5053,#5054);
#4144=AXIS2_PLACEMENT_3D('',#6767,#5055,#5056);
#4145=AXIS2_PLACEMENT_3D('',#6769,#5057,#5058);
#4146=AXIS2_PLACEMENT_3D('',#6771,#5060,#5061);
#4147=AXIS2_PLACEMENT_3D('',#6772,#5062,#5063);
#4148=AXIS2_PLACEMENT_3D('',#6774,#5064,#5065);
#4149=AXIS2_PLACEMENT_3D('',#6776,#5066,#5067);
#4150=AXIS2_PLACEMENT_3D('',#6777,#5068,#5069);
#4151=AXIS2_PLACEMENT_3D('',#6778,#5070,#5071);
#4152=AXIS2_PLACEMENT_3D('',#6782,#5073,#5074);
#4153=AXIS2_PLACEMENT_3D('',#6783,#5075,#5076);
#4154=AXIS2_PLACEMENT_3D('',#6784,#5077,#5078);
#4155=AXIS2_PLACEMENT_3D('',#6785,#5079,#5080);
#4156=AXIS2_PLACEMENT_3D('',#6786,#5081,#5082);
#4157=AXIS2_PLACEMENT_3D('',#6787,#5083,#5084);
#4158=AXIS2_PLACEMENT_3D('',#7217,#5085,#5086);
#4159=AXIS2_PLACEMENT_3D('',#7218,#5087,#5088);
#4160=AXIS2_PLACEMENT_3D('',#7222,#5090,#5091);
#4161=AXIS2_PLACEMENT_3D('',#7246,#5093,#5094);
#4162=AXIS2_PLACEMENT_3D('',#7247,#5095,#5096);
#4163=AXIS2_PLACEMENT_3D('',#7248,#5097,#5098);
#4164=AXIS2_PLACEMENT_3D('',#7284,#5099,#5100);
#4165=AXIS2_PLACEMENT_3D('',#7288,#5102,#5103);
#4166=AXIS2_PLACEMENT_3D('',#7290,#5105,#5106);
#4167=AXIS2_PLACEMENT_3D('',#7318,#5108,#5109);
#4168=AXIS2_PLACEMENT_3D('',#7354,#5110,#5111);
#4169=AXIS2_PLACEMENT_3D('',#7356,#5112,#5113);
#4170=AXIS2_PLACEMENT_3D('',#7358,#5114,#5115);
#4171=AXIS2_PLACEMENT_3D('',#7359,#5116,#5117);
#4172=AXIS2_PLACEMENT_3D('',#7360,#5118,#5119);
#4173=AXIS2_PLACEMENT_3D('',#7398,#5122,#5123);
#4174=AXIS2_PLACEMENT_3D('',#7402,#5125,#5126);
#4175=AXIS2_PLACEMENT_3D('',#7404,#5127,#5128);
#4176=AXIS2_PLACEMENT_3D('',#7411,#5132,#5133);
#4177=AXIS2_PLACEMENT_3D('',#7412,#5134,#5135);
#4178=AXIS2_PLACEMENT_3D('',#7455,#5138,#5139);
#4179=AXIS2_PLACEMENT_3D('',#7456,#5140,#5141);
#4180=AXIS2_PLACEMENT_3D('',#7459,#5143,#5144);
#4181=AXIS2_PLACEMENT_3D('',#7481,#5145,#5146);
#4182=AXIS2_PLACEMENT_3D('',#7482,#5147,#5148);
#4183=AXIS2_PLACEMENT_3D('',#7518,#5149,#5150);
#4184=AXIS2_PLACEMENT_3D('',#7522,#5152,#5153);
#4185=AXIS2_PLACEMENT_3D('',#7524,#5155,#5156);
#4186=AXIS2_PLACEMENT_3D('',#7552,#5158,#5159);
#4187=AXIS2_PLACEMENT_3D('',#7587,#5160,#5161);
#4188=AXIS2_PLACEMENT_3D('',#7588,#5162,#5163);
#4189=AXIS2_PLACEMENT_3D('',#7634,#5164,#5165);
#4190=AXIS2_PLACEMENT_3D('',#7636,#5166,#5167);
#4191=AXIS2_PLACEMENT_3D('',#7638,#5168,#5169);
#4192=AXIS2_PLACEMENT_3D('',#7639,#5170,#5171);
#4193=AXIS2_PLACEMENT_3D('',#7649,#5172,#5173);
#4194=AXIS2_PLACEMENT_3D('',#7651,#5174,#5175);
#4195=AXIS2_PLACEMENT_3D('',#7652,#5176,#5177);
#4196=AXIS2_PLACEMENT_3D('',#7653,#5178,#5179);
#4197=AXIS2_PLACEMENT_3D('',#7655,#5180,#5181);
#4198=AXIS2_PLACEMENT_3D('',#7657,#5183,#5184);
#4199=AXIS2_PLACEMENT_3D('',#7659,#5185,#5186);
#4200=AXIS2_PLACEMENT_3D('',#7660,#5187,#5188);
#4201=AXIS2_PLACEMENT_3D('',#7661,#5189,#5190);
#4202=AXIS2_PLACEMENT_3D('',#7663,#5191,#5192);
#4203=AXIS2_PLACEMENT_3D('',#7665,#5194,#5195);
#4204=AXIS2_PLACEMENT_3D('',#7667,#5196,#5197);
#4205=AXIS2_PLACEMENT_3D('',#7668,#5198,#5199);
#4206=AXIS2_PLACEMENT_3D('',#7669,#5200,#5201);
#4207=AXIS2_PLACEMENT_3D('',#7671,#5203,#5204);
#4208=AXIS2_PLACEMENT_3D('',#7673,#5205,#5206);
#4209=AXIS2_PLACEMENT_3D('',#7675,#5208,#5209);
#4210=AXIS2_PLACEMENT_3D('',#7685,#5210,#5211);
#4211=AXIS2_PLACEMENT_3D('',#7687,#5212,#5213);
#4212=AXIS2_PLACEMENT_3D('',#7688,#5214,#5215);
#4213=AXIS2_PLACEMENT_3D('',#7699,#5216,#5217);
#4214=AXIS2_PLACEMENT_3D('',#7701,#5218,#5219);
#4215=AXIS2_PLACEMENT_3D('',#7702,#5220,#5221);
#4216=AXIS2_PLACEMENT_3D('',#7703,#5222,#5223);
#4217=AXIS2_PLACEMENT_3D('',#7705,#5224,#5225);
#4218=AXIS2_PLACEMENT_3D('',#7707,#5227,#5228);
#4219=AXIS2_PLACEMENT_3D('',#7709,#5229,#5230);
#4220=AXIS2_PLACEMENT_3D('',#7710,#5231,#5232);
#4221=AXIS2_PLACEMENT_3D('',#7711,#5233,#5234);
#4222=AXIS2_PLACEMENT_3D('',#7713,#5235,#5236);
#4223=AXIS2_PLACEMENT_3D('',#7715,#5238,#5239);
#4224=AXIS2_PLACEMENT_3D('',#7717,#5240,#5241);
#4225=AXIS2_PLACEMENT_3D('',#7718,#5242,#5243);
#4226=AXIS2_PLACEMENT_3D('',#7719,#5244,#5245);
#4227=AXIS2_PLACEMENT_3D('',#7721,#5247,#5248);
#4228=AXIS2_PLACEMENT_3D('',#7722,#5249,#5250);
#4229=AXIS2_PLACEMENT_3D('',#7728,#5253,#5254);
#4230=AXIS2_PLACEMENT_3D('',#7732,#5256,#5257);
#4231=AXIS2_PLACEMENT_3D('',#7737,#5260,#5261);
#4232=AXIS2_PLACEMENT_3D('',#7739,#5262,#5263);
#4233=AXIS2_PLACEMENT_3D('',#7750,#5264,#5265);
#4234=AXIS2_PLACEMENT_3D('',#7752,#5266,#5267);
#4235=AXIS2_PLACEMENT_3D('',#7753,#5268,#5269);
#4236=AXIS2_PLACEMENT_3D('',#7754,#5270,#5271);
#4237=AXIS2_PLACEMENT_3D('',#7757,#5272,#5273);
#4238=AXIS2_PLACEMENT_3D('',#7786,#5276,#5277);
#4239=AXIS2_PLACEMENT_3D('',#7787,#5278,#5279);
#4240=AXIS2_PLACEMENT_3D('',#7788,#5280,#5281);
#4241=AXIS2_PLACEMENT_3D('',#7789,#5282,#5283);
#4242=AXIS2_PLACEMENT_3D('',#7791,#5285,#5286);
#4243=AXIS2_PLACEMENT_3D('',#7794,#5288,#5289);
#4244=AXIS2_PLACEMENT_3D('',#7795,#5290,#5291);
#4245=AXIS2_PLACEMENT_3D('',#7799,#5294,#5295);
#4246=AXIS2_PLACEMENT_3D('',#7802,#5297,#5298);
#4247=AXIS2_PLACEMENT_3D('',#7803,#5299,#5300);
#4248=AXIS2_PLACEMENT_3D('',#7812,#5305,#5306);
#4249=AXIS2_PLACEMENT_3D('',#7829,#5311,#5312);
#4250=AXIS2_PLACEMENT_3D('',#7830,#5313,#5314);
#4251=AXIS2_PLACEMENT_3D('',#7831,#5315,#5316);
#4252=AXIS2_PLACEMENT_3D('',#7832,#5317,#5318);
#4253=AXIS2_PLACEMENT_3D('',#7834,#5319,#5320);
#4254=AXIS2_PLACEMENT_3D('',#7861,#5322,#5323);
#4255=AXIS2_PLACEMENT_3D('',#7862,#5324,#5325);
#4256=AXIS2_PLACEMENT_3D('',#7863,#5326,#5327);
#4257=AXIS2_PLACEMENT_3D('',#7864,#5328,#5329);
#4258=AXIS2_PLACEMENT_3D('',#7865,#5330,#5331);
#4259=AXIS2_PLACEMENT_3D('',#7876,#5332,#5333);
#4260=AXIS2_PLACEMENT_3D('',#7877,#5334,#5335);
#4261=AXIS2_PLACEMENT_3D('',#7878,#5336,#5337);
#4262=AXIS2_PLACEMENT_3D('',#7880,#5338,#5339);
#4263=AXIS2_PLACEMENT_3D('',#7908,#5341,#5342);
#4264=AXIS2_PLACEMENT_3D('',#7909,#5343,#5344);
#4265=AXIS2_PLACEMENT_3D('',#7910,#5345,#5346);
#4266=AXIS2_PLACEMENT_3D('',#7912,#5348,#5349);
#4267=AXIS2_PLACEMENT_3D('',#7915,#5351,#5352);
#4268=AXIS2_PLACEMENT_3D('',#7916,#5353,#5354);
#4269=AXIS2_PLACEMENT_3D('',#7920,#5357,#5358);
#4270=AXIS2_PLACEMENT_3D('',#7923,#5360,#5361);
#4271=AXIS2_PLACEMENT_3D('',#7924,#5362,#5363);
#4272=AXIS2_PLACEMENT_3D('',#7927,#5365,#5366);
#4273=AXIS2_PLACEMENT_3D('',#7935,#5370,#5371);
#4274=AXIS2_PLACEMENT_3D('',#7952,#5376,#5377);
#4275=AXIS2_PLACEMENT_3D('',#7953,#5378,#5379);
#4276=AXIS2_PLACEMENT_3D('',#7954,#5380,#5381);
#4277=AXIS2_PLACEMENT_3D('',#7956,#5382,#5383);
#4278=AXIS2_PLACEMENT_3D('',#7983,#5385,#5386);
#4279=AXIS2_PLACEMENT_3D('',#7984,#5387,#5388);
#4280=AXIS2_PLACEMENT_3D('',#7985,#5389,#5390);
#4281=AXIS2_PLACEMENT_3D('',#7986,#5391,#5392);
#4282=AXIS2_PLACEMENT_3D('',#7989,#5394,#5395);
#4283=AXIS2_PLACEMENT_3D('',#7990,#5396,#5397);
#4284=AXIS2_PLACEMENT_3D('',#7993,#5398,#5399);
#4285=AXIS2_PLACEMENT_3D('',#7995,#5400,#5401);
#4286=AXIS2_PLACEMENT_3D('',#7996,#5402,#5403);
#4287=AXIS2_PLACEMENT_3D('',#7997,#5404,#5405);
#4288=AXIS2_PLACEMENT_3D('',#8000,#5408,#5409);
#4289=AXIS2_PLACEMENT_3D('',#8002,#5410,#5411);
#4290=AXIS2_PLACEMENT_3D('',#8003,#5412,#5413);
#4291=AXIS2_PLACEMENT_3D('',#8004,#5414,#5415);
#4292=AXIS2_PLACEMENT_3D('',#8008,#5418,#5419);
#4293=AXIS2_PLACEMENT_3D('',#8009,#5420,#5421);
#4294=AXIS2_PLACEMENT_3D('',#8011,#5422,#5423);
#4295=AXIS2_PLACEMENT_3D('',#8012,#5424,#5425);
#4296=AXIS2_PLACEMENT_3D('',#8013,#5426,#5427);
#4297=AXIS2_PLACEMENT_3D('',#8014,#5428,#5429);
#4298=AXIS2_PLACEMENT_3D('',#8016,#5431,#5432);
#4299=AXIS2_PLACEMENT_3D('',#8018,#5434,#5435);
#4300=AXIS2_PLACEMENT_3D('',#8019,#5436,#5437);
#4301=AXIS2_PLACEMENT_3D('',#8022,#5440,#5441);
#4302=AXIS2_PLACEMENT_3D('',#8025,#5444,#5445);
#4303=AXIS2_PLACEMENT_3D('',#8026,#5446,#5447);
#4304=AXIS2_PLACEMENT_3D('',#8027,#5448,#5449);
#4305=AXIS2_PLACEMENT_3D('',#8028,#5450,#5451);
#4306=AXIS2_PLACEMENT_3D('',#8030,#5452,#5453);
#4307=AXIS2_PLACEMENT_3D('',#8031,#5454,#5455);
#4308=AXIS2_PLACEMENT_3D('',#8032,#5456,#5457);
#4309=AXIS2_PLACEMENT_3D('',#8033,#5458,#5459);
#4310=AXIS2_PLACEMENT_3D('',#8034,#5460,#5461);
#4311=AXIS2_PLACEMENT_3D('',#8035,#5462,#5463);
#4312=AXIS2_PLACEMENT_3D('',#8036,#5464,#5465);
#4313=AXIS2_PLACEMENT_3D('',#8039,#5467,#5468);
#4314=AXIS2_PLACEMENT_3D('',#8040,#5469,#5470);
#4315=AXIS2_PLACEMENT_3D('',#8043,#5471,#5472);
#4316=AXIS2_PLACEMENT_3D('',#8045,#5473,#5474);
#4317=AXIS2_PLACEMENT_3D('',#8046,#5475,#5476);
#4318=AXIS2_PLACEMENT_3D('',#8047,#5477,#5478);
#4319=AXIS2_PLACEMENT_3D('',#8049,#5479,#5480);
#4320=AXIS2_PLACEMENT_3D('',#8050,#5481,#5482);
#4321=AXIS2_PLACEMENT_3D('',#8051,#5483,#5484);
#4322=AXIS2_PLACEMENT_3D('',#8054,#5487,#5488);
#4323=AXIS2_PLACEMENT_3D('',#8056,#5490,#5491);
#4324=AXIS2_PLACEMENT_3D('',#8057,#5492,#5493);
#4325=AXIS2_PLACEMENT_3D('',#8060,#5496,#5497);
#4326=AXIS2_PLACEMENT_3D('',#8063,#5500,#5501);
#4327=AXIS2_PLACEMENT_3D('',#8064,#5502,#5503);
#4328=AXIS2_PLACEMENT_3D('',#8066,#5505,#5506);
#4329=AXIS2_PLACEMENT_3D('',#8067,#5507,#5508);
#4330=AXIS2_PLACEMENT_3D('',#8068,#5509,#5510);
#4331=AXIS2_PLACEMENT_3D('',#8070,#5511,#5512);
#4332=AXIS2_PLACEMENT_3D('',#8072,#5514,#5515);
#4333=AXIS2_PLACEMENT_3D('',#8074,#5517,#5518);
#4334=AXIS2_PLACEMENT_3D('',#8076,#5520,#5521);
#4335=AXIS2_PLACEMENT_3D('',#8078,#5523,#5524);
#4336=AXIS2_PLACEMENT_3D('',#8080,#5526,#5527);
#4337=AXIS2_PLACEMENT_3D('',#8081,#5528,#5529);
#4338=AXIS2_PLACEMENT_3D('',#8083,#5531,#5532);
#4339=AXIS2_PLACEMENT_3D('',#8086,#5534,#5535);
#4340=AXIS2_PLACEMENT_3D('',#8087,#5536,#5537);
#4341=AXIS2_PLACEMENT_3D('',#8089,#5539,#5540);
#4342=AXIS2_PLACEMENT_3D('',#8091,#5542,#5543);
#4343=AXIS2_PLACEMENT_3D('',#8093,#5545,#5546);
#4344=AXIS2_PLACEMENT_3D('',#8095,#5547,#5548);
#4345=AXIS2_PLACEMENT_3D('',#8097,#5550,#5551);
#4346=AXIS2_PLACEMENT_3D('',#8099,#5553,#5554);
#4347=AXIS2_PLACEMENT_3D('',#8101,#5556,#5557);
#4348=AXIS2_PLACEMENT_3D('',#8102,#5558,#5559);
#4349=AXIS2_PLACEMENT_3D('',#8103,#5560,#5561);
#4350=AXIS2_PLACEMENT_3D('',#8105,#5562,#5563);
#4351=AXIS2_PLACEMENT_3D('',#8107,#5565,#5566);
#4352=AXIS2_PLACEMENT_3D('',#8109,#5568,#5569);
#4353=AXIS2_PLACEMENT_3D('',#8111,#5571,#5572);
#4354=AXIS2_PLACEMENT_3D('',#8112,#5573,#5574);
#4355=AXIS2_PLACEMENT_3D('',#8113,#5575,#5576);
#4356=AXIS2_PLACEMENT_3D('',#8115,#5577,#5578);
#4357=AXIS2_PLACEMENT_3D('',#8118,#5580,#5581);
#4358=AXIS2_PLACEMENT_3D('',#8119,#5582,#5583);
#4359=AXIS2_PLACEMENT_3D('',#8121,#5584,#5585);
#4360=AXIS2_PLACEMENT_3D('',#8122,#5586,#5587);
#4361=AXIS2_PLACEMENT_3D('',#8123,#5588,#5589);
#4362=AXIS2_PLACEMENT_3D('',#8126,#5590,#5591);
#4363=AXIS2_PLACEMENT_3D('',#8129,#5594,#5595);
#4364=AXIS2_PLACEMENT_3D('',#8130,#5596,#5597);
#4365=AXIS2_PLACEMENT_3D('',#8131,#5598,#5599);
#4366=AXIS2_PLACEMENT_3D('',#8132,#5600,#5601);
#4367=AXIS2_PLACEMENT_3D('',#8134,#5603,#5604);
#4368=AXIS2_PLACEMENT_3D('',#8136,#5605,#5606);
#4369=AXIS2_PLACEMENT_3D('',#8138,#5607,#5608);
#4370=AXIS2_PLACEMENT_3D('',#8139,#5609,#5610);
#4371=AXIS2_PLACEMENT_3D('',#8141,#5611,#5612);
#4372=AXIS2_PLACEMENT_3D('',#8143,#5613,#5614);
#4373=AXIS2_PLACEMENT_3D('',#8144,#5615,#5616);
#4374=AXIS2_PLACEMENT_3D('',#8145,#5617,#5618);
#4375=AXIS2_PLACEMENT_3D('',#8149,#5620,#5621);
#4376=AXIS2_PLACEMENT_3D('',#8150,#5622,#5623);
#4377=AXIS2_PLACEMENT_3D('',#8151,#5624,#5625);
#4378=AXIS2_PLACEMENT_3D('',#8152,#5626,#5627);
#4379=AXIS2_PLACEMENT_3D('',#8153,#5628,#5629);
#4380=AXIS2_PLACEMENT_3D('',#8155,#5630,#5631);
#4381=AXIS2_PLACEMENT_3D('',#8157,#5632,#5633);
#4382=AXIS2_PLACEMENT_3D('',#8158,#5634,#5635);
#4383=AXIS2_PLACEMENT_3D('',#8159,#5636,#5637);
#4384=AXIS2_PLACEMENT_3D('',#8162,#5638,#5639);
#4385=AXIS2_PLACEMENT_3D('',#8164,#5641,#5642);
#4386=AXIS2_PLACEMENT_3D('',#8165,#5643,#5644);
#4387=AXIS2_PLACEMENT_3D('',#8166,#5645,#5646);
#4388=AXIS2_PLACEMENT_3D('',#8167,#5647,#5648);
#4389=AXIS2_PLACEMENT_3D('',#8168,#5649,#5650);
#4390=AXIS2_PLACEMENT_3D('',#8169,#5651,#5652);
#4391=AXIS2_PLACEMENT_3D('',#8170,#5653,#5654);
#4392=DIRECTION('axis',(0.,0.,1.));
#4393=DIRECTION('refdir',(1.,0.,0.));
#4394=DIRECTION('center_axis',(-0.816496580927727,-0.408248290463863,0.408248290463862));
#4395=DIRECTION('ref_axis',(-0.577350269189623,0.577350269189628,-0.577350269189626));
#4396=DIRECTION('center_axis',(-1.,0.,0.));
#4397=DIRECTION('ref_axis',(0.,1.,0.));
#4398=DIRECTION('center_axis',(0.,1.,0.));
#4399=DIRECTION('ref_axis',(-0.707106781186546,0.,-0.707106781186549));
#4400=DIRECTION('center_axis',(0.,0.,-1.));
#4401=DIRECTION('ref_axis',(-0.707106781186546,0.707106781186549,0.));
#4402=DIRECTION('center_axis',(-1.,0.,1.85037170770859E-16));
#4403=DIRECTION('ref_axis',(0.,0.707106781186548,-0.707106781186548));
#4404=DIRECTION('center_axis',(-1.,0.,0.));
#4405=DIRECTION('ref_axis',(0.,1.,0.));
#4406=DIRECTION('',(-1.,0.,1.85037170770859E-16));
#4407=DIRECTION('',(1.,0.,-1.85037170770859E-16));
#4408=DIRECTION('center_axis',(0.,1.,0.));
#4409=DIRECTION('ref_axis',(0.,0.,1.));
#4410=DIRECTION('center_axis',(-0.923076923076922,0.,0.384615384615387));
#4411=DIRECTION('ref_axis',(0.,1.,0.));
#4412=DIRECTION('center_axis',(0.,-1.,0.));
#4413=DIRECTION('ref_axis',(0.196116135138182,0.,0.980580675690921));
#4414=DIRECTION('center_axis',(0.,1.,0.));
#4415=DIRECTION('ref_axis',(0.196116135138182,0.,0.980580675690921));
#4416=DIRECTION('center_axis',(-0.923076923076923,0.,0.384615384615384));
#4417=DIRECTION('ref_axis',(-0.27196414661021,0.707106781186548,-0.652713951864505));
#4418=DIRECTION('center_axis',(-0.923076923076924,0.,0.384615384615383));
#4419=DIRECTION('ref_axis',(0.,1.,0.));
#4420=DIRECTION('',(-0.923076923076923,0.,0.384615384615384));
#4421=DIRECTION('',(0.923076923076923,0.,-0.384615384615384));
#4422=DIRECTION('center_axis',(0.,1.,0.));
#4423=DIRECTION('ref_axis',(0.,0.,1.));
#4424=DIRECTION('center_axis',(5.5511151231258E-16,0.,1.));
#4425=DIRECTION('ref_axis',(0.,1.,0.));
#4426=DIRECTION('center_axis',(0.,-1.,0.));
#4427=DIRECTION('ref_axis',(0.832050294337844,0.,0.554700196225229));
#4428=DIRECTION('center_axis',(0.,1.,0.));
#4429=DIRECTION('ref_axis',(0.832050294337844,0.,0.554700196225229));
#4430=DIRECTION('center_axis',(0.,0.,1.));
#4431=DIRECTION('ref_axis',(-0.707106781186549,0.707106781186546,0.));
#4432=DIRECTION('center_axis',(0.,0.,1.));
#4433=DIRECTION('ref_axis',(0.,1.,0.));
#4434=DIRECTION('',(0.,0.,1.));
#4435=DIRECTION('',(0.,0.,-1.));
#4436=DIRECTION('center_axis',(0.,1.,0.));
#4437=DIRECTION('ref_axis',(0.,0.,1.));
#4438=DIRECTION('center_axis',(0.923076923076924,0.,0.384615384615383));
#4439=DIRECTION('ref_axis',(0.,1.,0.));
#4440=DIRECTION('center_axis',(0.,-1.,0.));
#4441=DIRECTION('ref_axis',(0.832050294337844,0.,-0.554700196225228));
#4442=DIRECTION('center_axis',(0.,1.,0.));
#4443=DIRECTION('ref_axis',(0.832050294337844,0.,-0.554700196225228));
#4444=DIRECTION('center_axis',(0.923076923076923,0.,0.384615384615384));
#4445=DIRECTION('ref_axis',(-0.27196414661021,0.707106781186548,0.652713951864505));
#4446=DIRECTION('center_axis',(0.923076923076923,0.,0.384615384615384));
#4447=DIRECTION('ref_axis',(0.,1.,0.));
#4448=DIRECTION('',(0.923076923076923,0.,0.384615384615384));
#4449=DIRECTION('',(-0.923076923076923,0.,-0.384615384615384));
#4450=DIRECTION('center_axis',(0.,1.,0.));
#4451=DIRECTION('ref_axis',(0.,0.,1.));
#4452=DIRECTION('center_axis',(1.,0.,0.));
#4453=DIRECTION('ref_axis',(0.,1.,0.));
#4454=DIRECTION('center_axis',(0.,-1.,0.));
#4455=DIRECTION('ref_axis',(0.196116135138182,0.,-0.980580675690921));
#4456=DIRECTION('center_axis',(0.,1.,0.));
#4457=DIRECTION('ref_axis',(0.196116135138182,0.,-0.980580675690921));
#4458=DIRECTION('center_axis',(1.,0.,0.));
#4459=DIRECTION('ref_axis',(0.,0.707106781186548,0.707106781186548));
#4460=DIRECTION('center_axis',(1.,0.,0.));
#4461=DIRECTION('ref_axis',(0.,1.,0.));
#4462=DIRECTION('',(1.,0.,0.));
#4463=DIRECTION('',(-1.,0.,0.));
#4464=DIRECTION('center_axis',(-0.40824829046386,-0.816496580927727,0.408248290463865));
#4465=DIRECTION('ref_axis',(-0.577350269189623,0.577350269189627,0.577350269189627));
#4466=DIRECTION('center_axis',(6.16790569236198E-16,0.,1.));
#4467=DIRECTION('ref_axis',(-0.707106781186546,0.707106781186549,0.));
#4468=DIRECTION('center_axis',(0.,1.,0.));
#4469=DIRECTION('ref_axis',(-0.707106781186546,0.,0.707106781186549));
#4470=DIRECTION('center_axis',(0.,1.,0.));
#4471=DIRECTION('ref_axis',(0.,0.,1.));
#4472=DIRECTION('',(0.,0.,-1.));
#4473=DIRECTION('',(-1.,0.,3.70074341541719E-16));
#4474=DIRECTION('',(-0.923076923076924,0.,-0.384615384615383));
#4475=DIRECTION('center_axis',(0.,1.,0.));
#4476=DIRECTION('ref_axis',(0.404595611648841,0.,-0.914495703125225));
#4477=DIRECTION('',(-1.,0.,0.));
#4478=DIRECTION('center_axis',(0.,1.,0.));
#4479=DIRECTION('ref_axis',(0.,0.,-1.));
#4480=DIRECTION('',(-1.,0.,0.));
#4481=DIRECTION('center_axis',(0.,1.,0.));
#4482=DIRECTION('ref_axis',(-2.05596856412066E-16,0.,-1.));
#4483=DIRECTION('',(-1.,0.,0.));
#4484=DIRECTION('',(-5.10802719202509E-16,0.,1.));
#4485=DIRECTION('',(1.,0.,0.));
#4486=DIRECTION('center_axis',(0.,1.,0.));
#4487=DIRECTION('ref_axis',(0.,0.,1.));
#4488=DIRECTION('',(1.,0.,0.));
#4489=DIRECTION('center_axis',(0.,1.,0.));
#4490=DIRECTION('ref_axis',(0.,0.,1.));
#4491=DIRECTION('',(1.,0.,0.));
#4492=DIRECTION('center_axis',(0.,1.,0.));
#4493=DIRECTION('ref_axis',(0.404595611648841,0.,0.914495703125225));
#4494=DIRECTION('',(0.923076923076923,0.,-0.384615384615385));
#4495=DIRECTION('center_axis',(0.,1.,0.));
#4496=DIRECTION('ref_axis',(0.196116135138182,0.,0.980580675690921));
#4497=DIRECTION('',(1.,0.,3.70074341541719E-16));
#4498=DIRECTION('',(-6.16790569236198E-16,0.,-1.));
#4499=DIRECTION('',(-1.,0.,0.));
#4500=DIRECTION('center_axis',(0.,1.,0.));
#4501=DIRECTION('ref_axis',(1.,0.,-1.27916767941733E-16));
#4502=DIRECTION('',(1.,0.,-4.03717463500057E-16));
#4503=DIRECTION('center_axis',(0.,1.,0.));
#4504=DIRECTION('ref_axis',(-1.,0.,1.60812264967664E-16));
#4505=DIRECTION('center_axis',(0.,0.,1.));
#4506=DIRECTION('ref_axis',(-0.707106781186546,0.707106781186549,0.));
#4507=DIRECTION('',(0.,0.,1.));
#4508=DIRECTION('center_axis',(0.,0.,1.));
#4509=DIRECTION('ref_axis',(-0.707106781186546,0.707106781186549,0.));
#4510=DIRECTION('center_axis',(0.,1.,0.));
#4511=DIRECTION('ref_axis',(-0.707106781186547,0.,-0.707106781186548));
#4512=DIRECTION('',(0.,-1.,0.));
#4513=DIRECTION('center_axis',(2.22044604925032E-15,-1.,0.));
#4514=DIRECTION('ref_axis',(0.,0.,-1.));
#4515=DIRECTION('',(0.,1.,0.));
#4516=DIRECTION('center_axis',(0.,-1.,0.));
#4517=DIRECTION('ref_axis',(0.,0.,-1.));
#4518=DIRECTION('center_axis',(-1.,0.,0.));
#4519=DIRECTION('ref_axis',(0.,0.,-1.));
#4520=DIRECTION('center_axis',(0.,1.,0.));
#4521=DIRECTION('ref_axis',(-0.707106781186547,0.,-0.707106781186547));
#4522=DIRECTION('center_axis',(0.,0.,-1.));
#4523=DIRECTION('ref_axis',(0.,-1.,0.));
#4524=DIRECTION('center_axis',(0.,-1.,0.));
#4525=DIRECTION('ref_axis',(-0.707106781186548,0.,-0.707106781186548));
#4526=DIRECTION('center_axis',(-1.,0.,0.));
#4527=DIRECTION('ref_axis',(0.,1.,0.));
#4528=DIRECTION('center_axis',(-0.885872337633591,-0.294578770334052,-0.358404170572938));
#4529=DIRECTION('ref_axis',(-0.274983020654274,0.955614806088375,-0.10575765095977));
#4530=DIRECTION('center_axis',(0.,1.,0.));
#4531=DIRECTION('ref_axis',(0.,0.,1.));
#4532=DIRECTION('center_axis',(-1.,0.,0.));
#4533=DIRECTION('ref_axis',(0.,-1.,1.11022302462516E-14));
#4534=DIRECTION('center_axis',(0.,-1.,0.));
#4535=DIRECTION('ref_axis',(-0.707106781186547,0.,0.707106781186547));
#4536=DIRECTION('center_axis',(0.,0.,1.));
#4537=DIRECTION('ref_axis',(-1.,0.,0.));
#4538=DIRECTION('center_axis',(0.,1.,0.));
#4539=DIRECTION('ref_axis',(-0.707106781186548,0.,0.707106781186548));
#4540=DIRECTION('center_axis',(-1.,0.,0.));
#4541=DIRECTION('ref_axis',(0.,0.772540842073135,0.634965075676554));
#4542=DIRECTION('center_axis',(-0.885872337633583,-0.29457877033404,0.358404170572966));
#4543=DIRECTION('ref_axis',(-6.66133814775095E-14,0.772540842073117,0.634965075676575));
#4544=DIRECTION('center_axis',(0.923076923076924,0.,0.384615384615383));
#4545=DIRECTION('ref_axis',(-0.271964146610209,0.707106781186546,0.652713951864508));
#4546=DIRECTION('',(0.923076923076924,0.,0.384615384615383));
#4547=DIRECTION('center_axis',(-0.923076923076924,0.,-0.384615384615383));
#4548=DIRECTION('ref_axis',(-0.384615384615383,0.,0.923076923076924));
#4549=DIRECTION('center_axis',(0.980580675690919,0.,0.196116135138188));
#4550=DIRECTION('ref_axis',(0.196116135138188,0.,-0.980580675690919));
#4551=DIRECTION('center_axis',(0.,1.,0.));
#4552=DIRECTION('ref_axis',(0.,0.,1.));
#4553=DIRECTION('center_axis',(0.,-1.,0.));
#4554=DIRECTION('ref_axis',(0.404595611648841,0.,-0.914495703125225));
#4555=DIRECTION('center_axis',(-0.40824829046386,-0.816496580927727,0.408248290463864));
#4556=DIRECTION('ref_axis',(-0.577350269189623,0.577350269189627,0.577350269189627));
#4557=DIRECTION('center_axis',(-1.,0.,0.));
#4558=DIRECTION('ref_axis',(0.,0.,1.));
#4559=DIRECTION('center_axis',(0.,1.,0.));
#4560=DIRECTION('ref_axis',(-0.707106781186545,0.,0.70710678118655));
#4561=DIRECTION('center_axis',(1.,0.,-3.70074341541719E-16));
#4562=DIRECTION('ref_axis',(0.,0.707106781186549,0.707106781186546));
#4563=DIRECTION('',(1.,0.,-3.70074341541719E-16));
#4564=DIRECTION('center_axis',(0.,1.,0.));
#4565=DIRECTION('ref_axis',(0.,0.,1.));
#4566=DIRECTION('center_axis',(1.,0.,0.));
#4567=DIRECTION('ref_axis',(0.,-1.,0.));
#4568=DIRECTION('center_axis',(0.,-1.,0.));
#4569=DIRECTION('ref_axis',(0.70710678118655,0.,-0.707106781186545));
#4570=DIRECTION('center_axis',(0.,0.,-1.));
#4571=DIRECTION('ref_axis',(1.,0.,0.));
#4572=DIRECTION('center_axis',(0.,1.,0.));
#4573=DIRECTION('ref_axis',(0.70710678118655,0.,-0.707106781186545));
#4574=DIRECTION('center_axis',(0.,1.,0.));
#4575=DIRECTION('ref_axis',(0.,0.,1.));
#4576=DIRECTION('center_axis',(0.,0.,1.));
#4577=DIRECTION('ref_axis',(2.77555756156289E-15,-1.,0.));
#4578=DIRECTION('center_axis',(0.,-1.,0.));
#4579=DIRECTION('ref_axis',(0.707106781186545,0.,0.70710678118655));
#4580=DIRECTION('center_axis',(1.,0.,0.));
#4581=DIRECTION('ref_axis',(0.,0.,1.));
#4582=DIRECTION('center_axis',(0.,1.,0.));
#4583=DIRECTION('ref_axis',(0.707106781186545,0.,0.70710678118655));
#4584=DIRECTION('center_axis',(1.,7.63278329429794E-15,-5.46623754548674E-15));
#4585=DIRECTION('ref_axis',(-9.3675067702747E-15,0.772540842073139,-0.634965075676549));
#4586=DIRECTION('center_axis',(0.,-0.210134902956212,-0.977672400428479));
#4587=DIRECTION('ref_axis',(8.14075807122181E-16,0.977672400428479,-0.210134902956212));
#4588=DIRECTION('center_axis',(0.,0.458450034846189,0.888720184056561));
#4589=DIRECTION('ref_axis',(9.4975510830921E-16,0.888720184056561,-0.458450034846189));
#4590=DIRECTION('center_axis',(1.,-1.17961196366423E-14,-4.00844995634536E-16));
#4591=DIRECTION('ref_axis',(1.17961196366423E-14,1.,0.));
#4592=DIRECTION('center_axis',(0.,0.458450034846193,-0.888720184056559));
#4593=DIRECTION('ref_axis',(8.1407580712218E-16,0.888720184056559,0.458450034846193));
#4594=DIRECTION('center_axis',(0.,-0.210134902956216,0.977672400428478));
#4595=DIRECTION('ref_axis',(9.49755108309211E-16,0.977672400428478,0.210134902956216));
#4596=DIRECTION('center_axis',(-0.195071601191834,-0.927484432966831,0.318935255204955));
#4597=DIRECTION('ref_axis',(-0.483937876639167,0.373861774729904,0.791221527102101));
#4598=DIRECTION('center_axis',(0.,1.,0.));
#4599=DIRECTION('ref_axis',(0.,0.,1.));
#4600=DIRECTION('center_axis',(-1.,3.65004830013751E-15,-4.44089209850062E-15));
#4601=DIRECTION('ref_axis',(0.,0.772540842073136,0.634965075676552));
#4602=DIRECTION('center_axis',(0.,-0.634965075676552,0.772540842073136));
#4603=DIRECTION('ref_axis',(-1.,0.,0.));
#4604=DIRECTION('center_axis',(0.195071601191833,-0.927484432966831,0.318935255204955));
#4605=DIRECTION('ref_axis',(0.483937876639163,0.373861774729906,0.791221527102102));
#4606=DIRECTION('center_axis',(0.,1.,-5.55111512312575E-16));
#4607=DIRECTION('ref_axis',(1.,0.,0.));
#4608=DIRECTION('center_axis',(0.,-0.634965075676551,0.772540842073137));
#4609=DIRECTION('ref_axis',(0.,0.772540842073138,0.634965075676551));
#4610=DIRECTION('center_axis',(1.,0.,0.));
#4611=DIRECTION('ref_axis',(0.,0.,1.));
#4612=DIRECTION('center_axis',(3.94615962825954E-16,0.634965075676551,-0.772540842073137));
#4613=DIRECTION('ref_axis',(0.707106781186546,0.546268868173481,0.448988110827521));
#4614=DIRECTION('',(-3.94615962825954E-16,-0.634965075676551,0.772540842073137));
#4615=DIRECTION('',(-3.94615962825954E-16,-0.634965075676551,0.772540842073137));
#4616=DIRECTION('',(3.94615962825954E-16,0.634965075676551,-0.772540842073137));
#4617=DIRECTION('center_axis',(1.,0.,0.));
#4618=DIRECTION('ref_axis',(0.,0.427220624691417,0.904147409352189));
#4619=DIRECTION('',(-1.,0.,0.));
#4620=DIRECTION('',(1.,0.,0.));
#4621=DIRECTION('center_axis',(0.,1.,0.));
#4622=DIRECTION('ref_axis',(0.707106781186546,0.,0.707106781186549));
#4623=DIRECTION('',(0.,1.,0.));
#4624=DIRECTION('',(0.,-1.,0.));
#4625=DIRECTION('center_axis',(0.,-0.415087753912227,-0.909781378437756));
#4626=DIRECTION('ref_axis',(0.,0.909781378437756,-0.415087753912227));
#4627=DIRECTION('center_axis',(0.,0.634965075676552,-0.772540842073137));
#4628=DIRECTION('ref_axis',(-1.,0.,0.));
#4629=DIRECTION('center_axis',(0.,0.772540842073137,0.634965075676551));
#4630=DIRECTION('ref_axis',(6.70072367447581E-17,0.634965075676551,-0.772540842073137));
#4631=DIRECTION('center_axis',(9.94426238067135E-16,-0.634965075676551,
0.772540842073137));
#4632=DIRECTION('ref_axis',(-0.70710678118655,0.546268868173478,0.448988110827518));
#4633=DIRECTION('',(-9.94426238067135E-16,0.634965075676551,-0.772540842073137));
#4634=DIRECTION('',(9.94426238067135E-16,-0.634965075676551,0.772540842073137));
#4635=DIRECTION('center_axis',(0.,1.,0.));
#4636=DIRECTION('ref_axis',(-0.707106781186544,0.,0.707106781186551));
#4637=DIRECTION('',(0.,1.,0.));
#4638=DIRECTION('',(0.,-1.,0.));
#4639=DIRECTION('center_axis',(-5.10802719202509E-16,0.,1.));
#4640=DIRECTION('ref_axis',(0.707106781186548,0.707106781186547,0.));
#4641=DIRECTION('',(5.10802719202509E-16,0.,-1.));
#4642=DIRECTION('center_axis',(-0.195071601191834,-0.927484432966831,-0.318935255204955));
#4643=DIRECTION('ref_axis',(-0.483937876639167,0.373861774729904,-0.791221527102101));
#4644=DIRECTION('center_axis',(0.,1.,6.10622663543838E-15));
#4645=DIRECTION('ref_axis',(-1.,0.,0.));
#4646=DIRECTION('center_axis',(6.25058190872746E-15,-0.634965075676551,
-0.772540842073137));
#4647=DIRECTION('ref_axis',(0.,0.772540842073137,-0.634965075676551));
#4648=DIRECTION('center_axis',(-1.,5.74842371645149E-15,0.));
#4649=DIRECTION('ref_axis',(0.,0.,-1.));
#4650=DIRECTION('center_axis',(-9.94426238067134E-16,0.634965075676552,
0.772540842073137));
#4651=DIRECTION('ref_axis',(-0.707106781186546,0.546268868173482,-0.44898811082752));
#4652=DIRECTION('center_axis',(0.,-0.634965075676551,-0.772540842073137));
#4653=DIRECTION('ref_axis',(-1.,0.,0.));
#4654=DIRECTION('',(9.94426238067134E-16,-0.634965075676552,-0.772540842073137));
#4655=DIRECTION('',(-9.94426238067134E-16,0.634965075676552,0.772540842073137));
#4656=DIRECTION('center_axis',(0.,0.772540842073137,-0.634965075676552));
#4657=DIRECTION('ref_axis',(-1.34014473489516E-16,0.634965075676552,0.772540842073137));
#4658=DIRECTION('center_axis',(0.,-0.415087753912227,0.909781378437756));
#4659=DIRECTION('ref_axis',(0.,0.909781378437756,0.415087753912227));
#4660=DIRECTION('center_axis',(0.195071601191836,-0.927484432966831,-0.318935255204955));
#4661=DIRECTION('ref_axis',(0.483937876639164,0.373861774729909,-0.791221527102101));
#4662=DIRECTION('center_axis',(-6.10622663543836E-15,1.,0.));
#4663=DIRECTION('ref_axis',(0.,0.,-1.));
#4664=DIRECTION('center_axis',(1.,9.12512075034376E-16,1.11022302462516E-15));
#4665=DIRECTION('ref_axis',(0.,0.772540842073137,-0.634965075676552));
#4666=DIRECTION('center_axis',(0.,-0.634965075676555,-0.772540842073134));
#4667=DIRECTION('ref_axis',(1.,0.,0.));
#4668=DIRECTION('center_axis',(-1.,0.,0.));
#4669=DIRECTION('ref_axis',(0.,0.427220624691417,-0.904147409352189));
#4670=DIRECTION('',(1.,0.,0.));
#4671=DIRECTION('',(-1.,0.,0.));
#4672=DIRECTION('center_axis',(3.94615962825954E-16,-0.634965075676552,
-0.772540842073137));
#4673=DIRECTION('ref_axis',(0.707106781186551,0.54626886817348,-0.448988110827515));
#4674=DIRECTION('',(3.94615962825954E-16,-0.634965075676552,-0.772540842073137));
#4675=DIRECTION('',(-3.94615962825954E-16,0.634965075676552,0.772540842073137));
#4676=DIRECTION('',(-3.94615962825954E-16,0.634965075676552,0.772540842073137));
#4677=DIRECTION('center_axis',(0.,1.,0.));
#4678=DIRECTION('ref_axis',(0.707106781186546,0.,-0.707106781186549));
#4679=DIRECTION('',(0.,1.,0.));
#4680=DIRECTION('',(0.,-1.,0.));
#4681=DIRECTION('center_axis',(0.,1.,0.));
#4682=DIRECTION('ref_axis',(-0.707106781186548,0.,-0.707106781186548));
#4683=DIRECTION('',(0.,1.,0.));
#4684=DIRECTION('',(0.,-1.,0.));
#4685=DIRECTION('center_axis',(0.,1.,0.));
#4686=DIRECTION('ref_axis',(0.,0.,1.));
#4687=DIRECTION('center_axis',(0.,-1.,0.));
#4688=DIRECTION('ref_axis',(0.404595611648841,0.,0.914495703125225));
#4689=DIRECTION('center_axis',(0.923076923076925,0.,-0.384615384615381));
#4690=DIRECTION('ref_axis',(-0.384615384615381,0.,-0.923076923076925));
#4691=DIRECTION('center_axis',(-0.923076923076923,0.,0.384615384615385));
#4692=DIRECTION('ref_axis',(-0.27196414661021,0.707106781186549,-0.652713951864504));
#4693=DIRECTION('center_axis',(0.923076923076923,0.,-0.384615384615385));
#4694=DIRECTION('ref_axis',(-0.384615384615385,0.,-0.923076923076923));
#4695=DIRECTION('',(-0.923076923076923,0.,0.384615384615385));
#4696=DIRECTION('center_axis',(0.,1.,0.));
#4697=DIRECTION('ref_axis',(0.,0.,1.));
#4698=DIRECTION('center_axis',(1.,0.,0.));
#4699=DIRECTION('ref_axis',(0.,0.,-1.));
#4700=DIRECTION('center_axis',(0.,-1.,0.));
#4701=DIRECTION('ref_axis',(0.196116135138182,0.,0.98058067569092));
#4702=DIRECTION('center_axis',(-1.,0.,-3.70074341541719E-16));
#4703=DIRECTION('ref_axis',(0.,0.707106781186546,-0.707106781186549));
#4704=DIRECTION('center_axis',(1.,0.,0.));
#4705=DIRECTION('ref_axis',(0.,0.,-1.));
#4706=DIRECTION('',(-1.,0.,-3.70074341541719E-16));
#4707=DIRECTION('center_axis',(-0.40824829046386,-0.816496580927727,-0.408248290463864));
#4708=DIRECTION('ref_axis',(-0.577350269189622,0.577350269189626,-0.577350269189629));
#4709=DIRECTION('center_axis',(0.,1.,0.));
#4710=DIRECTION('ref_axis',(-0.707106781186545,0.,-0.70710678118655));
#4711=DIRECTION('center_axis',(-6.16790569236198E-16,0.,-1.));
#4712=DIRECTION('ref_axis',(-0.707106781186546,0.707106781186549,0.));
#4713=DIRECTION('center_axis',(0.,0.772540842073137,0.634965075676551));
#4714=DIRECTION('ref_axis',(1.,0.,0.));
#4715=DIRECTION('',(1.,0.,0.));
#4716=DIRECTION('center_axis',(0.,0.772540842073137,0.634965075676551));
#4717=DIRECTION('ref_axis',(0.,-0.634965075676551,0.772540842073137));
#4718=DIRECTION('center_axis',(0.,0.772540842073137,0.634965075676551));
#4719=DIRECTION('ref_axis',(1.,0.,0.));
#4720=DIRECTION('center_axis',(0.,0.772540842073137,0.634965075676551));
#4721=DIRECTION('ref_axis',(0.,-0.634965075676551,0.772540842073137));
#4722=DIRECTION('',(1.,0.,0.));
#4723=DIRECTION('center_axis',(0.,0.772540842073137,0.634965075676551));
#4724=DIRECTION('ref_axis',(0.,-0.634965075676551,0.772540842073137));
#4725=DIRECTION('',(1.,0.,0.));
#4726=DIRECTION('center_axis',(-1.,0.,0.));
#4727=DIRECTION('ref_axis',(0.,0.941419365127236,0.33723816356313));
#4728=DIRECTION('center_axis',(1.,0.,2.18559860052582E-15));
#4729=DIRECTION('ref_axis',(0.,1.,0.));
#4730=DIRECTION('center_axis',(1.,0.,0.));
#4731=DIRECTION('ref_axis',(0.,0.941419365127236,-0.337238163563128));
#4732=DIRECTION('',(-1.,0.,0.));
#4733=DIRECTION('center_axis',(-1.,0.,-8.74239440210329E-15));
#4734=DIRECTION('ref_axis',(0.,1.,0.));
#4735=DIRECTION('center_axis',(0.,0.772540842073137,-0.634965075676552));
#4736=DIRECTION('ref_axis',(-1.,0.,0.));
#4737=DIRECTION('',(-1.,0.,0.));
#4738=DIRECTION('center_axis',(0.,0.772540842073137,-0.634965075676552));
#4739=DIRECTION('ref_axis',(0.,-0.634965075676552,-0.772540842073137));
#4740=DIRECTION('',(-1.,0.,0.));
#4741=DIRECTION('center_axis',(0.,0.772540842073137,-0.634965075676552));
#4742=DIRECTION('ref_axis',(0.,-0.634965075676552,-0.772540842073137));
#4743=DIRECTION('center_axis',(0.,0.772540842073137,-0.634965075676552));
#4744=DIRECTION('ref_axis',(-1.,0.,0.));
#4745=DIRECTION('center_axis',(0.,0.772540842073137,-0.634965075676552));
#4746=DIRECTION('ref_axis',(0.,-0.634965075676552,-0.772540842073137));
#4747=DIRECTION('center_axis',(1.,0.,0.));
#4748=DIRECTION('ref_axis',(0.,0.941419365127236,-0.337238163563128));
#4749=DIRECTION('center_axis',(-1.,0.,0.));
#4750=DIRECTION('ref_axis',(0.,1.,0.));
#4751=DIRECTION('center_axis',(6.16790569236198E-16,0.,1.));
#4752=DIRECTION('ref_axis',(-0.707106781186546,0.707106781186549,0.));
#4753=DIRECTION('',(6.16790569236198E-16,0.,1.));
#4754=DIRECTION('center_axis',(0.,1.,0.));
#4755=DIRECTION('ref_axis',(-0.707106781186544,0.,-0.707106781186551));
#4756=DIRECTION('',(0.,-1.,0.));
#4757=DIRECTION('center_axis',(0.,-1.,0.));
#4758=DIRECTION('ref_axis',(0.,0.,-1.));
#4759=DIRECTION('',(0.,1.,0.));
#4760=DIRECTION('center_axis',(3.70074341541719E-16,0.,-1.));
#4761=DIRECTION('ref_axis',(-1.,0.,-3.70074341541719E-16));
#4762=DIRECTION('',(0.,1.,0.));
#4763=DIRECTION('',(1.,0.,3.70074341541719E-16));
#4764=DIRECTION('',(0.936329177569044,-0.351123441588392,3.46511403855163E-16));
#4765=DIRECTION('center_axis',(0.,1.,0.));
#4766=DIRECTION('ref_axis',(0.196116135138183,0.,0.98058067569092));
#4767=DIRECTION('',(0.,-1.,0.));
#4768=DIRECTION('center_axis',(0.,1.,0.));
#4769=DIRECTION('ref_axis',(0.384615384615383,0.,0.923076923076924));
#4770=DIRECTION('center_axis',(-0.384615384615385,0.,-0.923076923076923));
#4771=DIRECTION('ref_axis',(-0.923076923076923,0.,0.384615384615385));
#4772=DIRECTION('',(0.,1.,0.));
#4773=DIRECTION('',(0.923076923076923,0.,-0.384615384615385));
#4774=DIRECTION('center_axis',(0.,1.,0.));
#4775=DIRECTION('ref_axis',(0.832050294337841,0.,0.554700196225233));
#4776=DIRECTION('',(0.,-1.,0.));
#4777=DIRECTION('center_axis',(0.,1.,0.));
#4778=DIRECTION('ref_axis',(0.38461538461539,0.,0.923076923076921));
#4779=DIRECTION('center_axis',(-1.,0.,-1.28721510101467E-15));
#4780=DIRECTION('ref_axis',(-1.28721510101467E-15,0.,1.));
#4781=DIRECTION('',(1.28721510101467E-15,0.,-1.));
#4782=DIRECTION('',(0.,-1.,0.));
#4783=DIRECTION('center_axis',(-1.,0.,-1.28721510101467E-15));
#4784=DIRECTION('ref_axis',(1.28721510101467E-15,1.92153985031277E-16,-1.));
#4785=DIRECTION('center_axis',(-1.,0.,-1.28721510101467E-15));
#4786=DIRECTION('ref_axis',(1.28721510101467E-15,1.60128320859398E-16,-1.));
#4787=DIRECTION('center_axis',(-1.28721510101467E-15,0.,1.));
#4788=DIRECTION('ref_axis',(-0.70710678118654,-0.707106781186555,0.));
#4789=DIRECTION('',(-1.28721510101467E-15,0.,1.));
#4790=DIRECTION('center_axis',(0.,0.,1.));
#4791=DIRECTION('ref_axis',(-1.,0.,0.));
#4792=DIRECTION('center_axis',(0.,1.,0.));
#4793=DIRECTION('ref_axis',(0.,0.,1.));
#4794=DIRECTION('',(-1.,0.,0.));
#4795=DIRECTION('',(5.10802719202509E-16,0.,-1.));
#4796=DIRECTION('center_axis',(0.,1.,0.));
#4797=DIRECTION('ref_axis',(0.707106781186541,0.,0.707106781186554));
#4798=DIRECTION('',(1.,0.,1.77635683940025E-16));
#4799=DIRECTION('',(0.923076923076924,0.,0.384615384615384));
#4800=DIRECTION('center_axis',(0.,1.,0.));
#4801=DIRECTION('ref_axis',(-0.832050294337844,0.,0.554700196225229));
#4802=DIRECTION('center_axis',(0.,-1.,0.));
#4803=DIRECTION('ref_axis',(1.,0.,0.));
#4804=DIRECTION('center_axis',(0.,-1.,0.));
#4805=DIRECTION('ref_axis',(1.,0.,0.));
#4806=DIRECTION('center_axis',(-1.,0.,0.));
#4807=DIRECTION('ref_axis',(0.,-0.707106781186547,-0.707106781186548));
#4808=DIRECTION('',(1.,0.,0.));
#4809=DIRECTION('center_axis',(0.,0.,-1.));
#4810=DIRECTION('ref_axis',(-1.,0.,0.));
#4811=DIRECTION('center_axis',(1.,0.,0.));
#4812=DIRECTION('ref_axis',(0.,0.707106781186548,0.707106781186548));
#4813=DIRECTION('center_axis',(1.,0.,0.));
#4814=DIRECTION('ref_axis',(0.,1.,0.));
#4815=DIRECTION('',(1.,0.,0.));
#4816=DIRECTION('center_axis',(-1.,0.,0.));
#4817=DIRECTION('ref_axis',(0.,0.,1.));
#4818=DIRECTION('center_axis',(0.,-1.,0.));
#4819=DIRECTION('ref_axis',(0.,0.,-1.));
#4820=DIRECTION('center_axis',(1.,0.,-1.11022302462516E-15));
#4821=DIRECTION('ref_axis',(-1.11022302462516E-15,0.,-1.));
#4822=DIRECTION('center_axis',(0.,-1.,0.));
#4823=DIRECTION('ref_axis',(1.,0.,-1.27916767941733E-16));
#4824=DIRECTION('center_axis',(-1.,0.,4.03717463500057E-16));
#4825=DIRECTION('ref_axis',(0.,0.707106781186548,-0.707106781186548));
#4826=DIRECTION('center_axis',(1.,0.,0.));
#4827=DIRECTION('ref_axis',(0.,0.,-1.));
#4828=DIRECTION('',(-1.,0.,4.03717463500057E-16));
#4829=DIRECTION('center_axis',(0.,-1.,0.));
#4830=DIRECTION('ref_axis',(0.,0.,-1.));
#4831=DIRECTION('center_axis',(0.,-1.,0.));
#4832=DIRECTION('ref_axis',(-1.,0.,1.60812264967664E-16));
#4833=DIRECTION('center_axis',(0.,-1.,0.));
#4834=DIRECTION('ref_axis',(4.11193712824132E-16,0.,1.));
#4835=DIRECTION('',(0.,-1.,0.));
#4836=DIRECTION('center_axis',(0.,1.,0.));
#4837=DIRECTION('ref_axis',(1.,0.,-1.27916767941733E-16));
#4838=DIRECTION('',(0.,-1.,0.));
#4839=DIRECTION('center_axis',(0.,0.,-1.));
#4840=DIRECTION('ref_axis',(1.,0.,0.));
#4841=DIRECTION('',(0.,-1.,0.));
#4842=DIRECTION('',(-1.,0.,0.));
#4843=DIRECTION('center_axis',(-0.843044532242107,0.,-0.537843766029398));
#4844=DIRECTION('ref_axis',(0.,1.,0.));
#4845=DIRECTION('center_axis',(0.,-1.,0.));
#4846=DIRECTION('ref_axis',(-5.73018335290403E-16,0.,1.));
#4847=DIRECTION('center_axis',(-0.843044532242107,0.,0.537843766029398));
#4848=DIRECTION('ref_axis',(0.,1.,0.));
#4849=DIRECTION('center_axis',(0.,-1.,0.));
#4850=DIRECTION('ref_axis',(0.,0.,1.));
#4851=DIRECTION('center_axis',(-1.,0.,0.));
#4852=DIRECTION('ref_axis',(0.,1.,0.));
#4853=DIRECTION('center_axis',(1.,0.,0.));
#4854=DIRECTION('ref_axis',(0.,0.941419365127236,-0.337238163563128));
#4855=DIRECTION('center_axis',(-1.,0.,0.));
#4856=DIRECTION('ref_axis',(0.,1.,0.));
#4857=DIRECTION('center_axis',(-0.843044532242106,-4.67983725239765E-15,
-0.537843766029401));
#4858=DIRECTION('ref_axis',(-5.55111512312578E-15,1.,0.));
#4859=DIRECTION('center_axis',(0.,-1.,0.));
#4860=DIRECTION('ref_axis',(1.43254583822601E-16,0.,1.));
#4861=DIRECTION('center_axis',(-0.843044532242108,0.,0.537843766029397));
#4862=DIRECTION('ref_axis',(0.,1.,0.));
#4863=DIRECTION('center_axis',(0.,-1.,0.));
#4864=DIRECTION('ref_axis',(0.,0.,1.));
#4865=DIRECTION('center_axis',(0.843044532242109,0.,0.537843766029396));
#4866=DIRECTION('ref_axis',(0.,1.,0.));
#4867=DIRECTION('center_axis',(0.,-1.,0.));
#4868=DIRECTION('ref_axis',(0.,0.,-1.));
#4869=DIRECTION('center_axis',(0.843044532242109,0.,-0.537843766029397));
#4870=DIRECTION('ref_axis',(0.,1.,0.));
#4871=DIRECTION('center_axis',(0.,-1.,0.));
#4872=DIRECTION('ref_axis',(-2.05596856412066E-16,0.,-1.));
#4873=DIRECTION('center_axis',(1.,0.,-8.74239440210329E-15));
#4874=DIRECTION('ref_axis',(0.,1.,0.));
#4875=DIRECTION('center_axis',(-1.,0.,0.));
#4876=DIRECTION('ref_axis',(0.,0.941419365127236,0.33723816356313));
#4877=DIRECTION('center_axis',(1.,0.,0.));
#4878=DIRECTION('ref_axis',(0.,1.,0.));
#4879=DIRECTION('center_axis',(0.84304453224211,0.,0.537843766029395));
#4880=DIRECTION('ref_axis',(0.,1.,0.));
#4881=DIRECTION('center_axis',(0.,-1.,0.));
#4882=DIRECTION('ref_axis',(0.,0.,-1.));
#4883=DIRECTION('center_axis',(0.843044532242107,0.,-0.537843766029398));
#4884=DIRECTION('ref_axis',(0.,1.,0.));
#4885=DIRECTION('center_axis',(0.,-1.,0.));
#4886=DIRECTION('ref_axis',(0.,0.,-1.));
#4887=DIRECTION('center_axis',(1.,0.,0.));
#4888=DIRECTION('ref_axis',(0.,1.,0.));
#4889=DIRECTION('center_axis',(-1.,0.,0.));
#4890=DIRECTION('ref_axis',(0.,0.941419365127236,0.33723816356313));
#4891=DIRECTION('center_axis',(1.,0.,5.10802719202509E-16));
#4892=DIRECTION('ref_axis',(5.10802719202509E-16,0.,-1.));
#4893=DIRECTION('',(-5.10802719202509E-16,0.,1.));
#4894=DIRECTION('',(0.,-1.,0.));
#4895=DIRECTION('center_axis',(1.,0.,5.10802719202509E-16));
#4896=DIRECTION('ref_axis',(-3.61192066596624E-16,0.707106781186544,0.707106781186551));
#4897=DIRECTION('',(-5.10802719202509E-16,0.,1.));
#4898=DIRECTION('center_axis',(1.,0.,5.10802719202509E-16));
#4899=DIRECTION('ref_axis',(3.61192066596622E-16,0.707106781186547,-0.707106781186548));
#4900=DIRECTION('',(0.,1.,0.));
#4901=DIRECTION('',(-5.10802719202509E-16,0.,1.));
#4902=DIRECTION('',(0.,-1.,0.));
#4903=DIRECTION('center_axis',(1.,0.,5.10802719202509E-16));
#4904=DIRECTION('ref_axis',(-3.6119206659662E-16,0.707106781186551,0.707106781186544));
#4905=DIRECTION('',(-5.10802719202509E-16,0.,1.));
#4906=DIRECTION('center_axis',(1.,0.,5.10802719202509E-16));
#4907=DIRECTION('ref_axis',(3.61192066596618E-16,0.707106781186556,-0.70710678118654));
#4908=DIRECTION('',(0.,1.,0.));
#4909=DIRECTION('',(-5.10802719202509E-16,0.,1.));
#4910=DIRECTION('center_axis',(0.,1.,0.));
#4911=DIRECTION('ref_axis',(0.,0.,1.));
#4912=DIRECTION('center_axis',(0.,-1.,0.));
#4913=DIRECTION('ref_axis',(-1.,0.,0.));
#4914=DIRECTION('center_axis',(0.,-1.,0.));
#4915=DIRECTION('ref_axis',(-1.,0.,0.));
#4916=DIRECTION('center_axis',(-1.,0.,0.));
#4917=DIRECTION('ref_axis',(0.,0.,-1.));
#4918=DIRECTION('center_axis',(0.,1.,0.));
#4919=DIRECTION('ref_axis',(-1.,0.,0.));
#4920=DIRECTION('center_axis',(0.,1.,0.));
#4921=DIRECTION('ref_axis',(0.,0.,1.));
#4922=DIRECTION('center_axis',(0.,-1.,0.));
#4923=DIRECTION('ref_axis',(1.,0.,0.));
#4924=DIRECTION('center_axis',(0.,-1.,0.));
#4925=DIRECTION('ref_axis',(1.,0.,0.));
#4926=DIRECTION('',(0.,-1.,0.));
#4927=DIRECTION('center_axis',(0.,1.,0.));
#4928=DIRECTION('ref_axis',(1.,0.,0.));
#4929=DIRECTION('center_axis',(0.,1.,0.));
#4930=DIRECTION('ref_axis',(1.,0.,0.));
#4931=DIRECTION('center_axis',(0.,-1.,0.));
#4932=DIRECTION('ref_axis',(0.,0.,-1.));
#4933=DIRECTION('center_axis',(-1.,0.,-2.05596856412066E-16));
#4934=DIRECTION('ref_axis',(-2.05596856412066E-16,0.,1.));
#4935=DIRECTION('center_axis',(0.,1.,0.));
#4936=DIRECTION('ref_axis',(1.,0.,0.));
#4937=DIRECTION('center_axis',(0.,1.,0.));
#4938=DIRECTION('ref_axis',(1.,0.,0.));
#4939=DIRECTION('center_axis',(0.,-1.,0.));
#4940=DIRECTION('ref_axis',(1.,0.,0.));
#4941=DIRECTION('center_axis',(0.,-0.738412493025843,-0.674349308699401));
#4942=DIRECTION('ref_axis',(0.,-0.6743493086994,0.738412493025843));
#4943=DIRECTION('',(0.,-1.,0.));
#4944=DIRECTION('center_axis',(0.,-0.738412493025843,-0.674349308699401));
#4945=DIRECTION('ref_axis',(0.,-0.6743493086994,0.738412493025843));
#4946=DIRECTION('center_axis',(0.,-1.,0.));
#4947=DIRECTION('ref_axis',(0.,0.,-1.));
#4948=DIRECTION('center_axis',(0.,-1.,0.));
#4949=DIRECTION('ref_axis',(1.,0.,0.));
#4950=DIRECTION('center_axis',(-1.,0.,0.));
#4951=DIRECTION('ref_axis',(0.,0.,1.));
#4952=DIRECTION('center_axis',(0.,1.,0.));
#4953=DIRECTION('ref_axis',(1.,0.,0.));
#4954=DIRECTION('center_axis',(0.,1.,0.));
#4955=DIRECTION('ref_axis',(1.,0.,0.));
#4956=DIRECTION('center_axis',(0.,1.,0.));
#4957=DIRECTION('ref_axis',(0.,0.,1.));
#4958=DIRECTION('center_axis',(0.,1.,0.));
#4959=DIRECTION('ref_axis',(-1.,0.,0.));
#4960=DIRECTION('center_axis',(0.,-1.,0.));
#4961=DIRECTION('ref_axis',(1.,0.,0.));
#4962=DIRECTION('center_axis',(0.,-0.738412493025843,-0.674349308699401));
#4963=DIRECTION('ref_axis',(0.,-0.6743493086994,0.738412493025843));
#4964=DIRECTION('',(0.,-1.,0.));
#4965=DIRECTION('center_axis',(0.,-0.738412493025843,-0.674349308699401));
#4966=DIRECTION('ref_axis',(0.,-0.6743493086994,0.738412493025843));
#4967=DIRECTION('center_axis',(0.,1.,0.));
#4968=DIRECTION('ref_axis',(0.,0.,1.));
#4969=DIRECTION('center_axis',(0.,-1.,0.));
#4970=DIRECTION('ref_axis',(-1.,0.,0.));
#4971=DIRECTION('center_axis',(0.,-1.,0.));
#4972=DIRECTION('ref_axis',(-1.,0.,0.));
#4973=DIRECTION('center_axis',(-1.,0.,0.));
#4974=DIRECTION('ref_axis',(0.,0.,-1.));
#4975=DIRECTION('center_axis',(0.,-1.,0.));
#4976=DIRECTION('ref_axis',(1.,0.,0.));
#4977=DIRECTION('',(0.,-1.,0.));
#4978=DIRECTION('center_axis',(0.,1.,0.));
#4979=DIRECTION('ref_axis',(1.,0.,0.));
#4980=DIRECTION('center_axis',(0.,1.,0.));
#4981=DIRECTION('ref_axis',(1.,0.,0.));
#4982=DIRECTION('center_axis',(0.,1.,0.));
#4983=DIRECTION('ref_axis',(0.,0.,1.));
#4984=DIRECTION('center_axis',(0.,-1.,0.));
#4985=DIRECTION('ref_axis',(1.,0.,0.));
#4986=DIRECTION('center_axis',(-1.,0.,0.));
#4987=DIRECTION('ref_axis',(0.,0.,-1.));
#4988=DIRECTION('center_axis',(0.,1.,0.));
#4989=DIRECTION('ref_axis',(0.,0.,1.));
#4990=DIRECTION('',(1.28721510101467E-15,0.,1.));
#4991=DIRECTION('center_axis',(0.,1.,0.));
#4992=DIRECTION('ref_axis',(-0.832050294337844,0.,-0.554700196225229));
#4993=DIRECTION('',(-0.923076923076924,0.,0.384615384615384));
#4994=DIRECTION('',(-1.,0.,1.77635683940025E-16));
#4995=DIRECTION('center_axis',(0.,1.,0.));
#4996=DIRECTION('ref_axis',(0.707106781186539,0.,-0.707106781186556));
#4997=DIRECTION('',(5.10802719202509E-16,0.,-1.));
#4998=DIRECTION('',(1.,0.,0.));
#4999=DIRECTION('center_axis',(0.,-1.,0.));
#5000=DIRECTION('ref_axis',(1.,0.,0.));
#5001=DIRECTION('center_axis',(0.,1.,0.));
#5002=DIRECTION('ref_axis',(0.,0.,1.));
#5003=DIRECTION('center_axis',(-1.,0.,0.));
#5004=DIRECTION('ref_axis',(0.,0.,-1.));
#5005=DIRECTION('center_axis',(0.,-1.,0.));
#5006=DIRECTION('ref_axis',(0.,0.,-1.));
#5007=DIRECTION('center_axis',(0.,1.,0.));
#5008=DIRECTION('ref_axis',(1.,0.,0.));
#5009=DIRECTION('center_axis',(-1.,0.,0.));
#5010=DIRECTION('ref_axis',(0.,0.,1.));
#5011=DIRECTION('center_axis',(0.,-1.,0.));
#5012=DIRECTION('ref_axis',(1.,0.,0.));
#5013=DIRECTION('center_axis',(0.,-1.,0.));
#5014=DIRECTION('ref_axis',(1.,0.,0.));
#5015=DIRECTION('center_axis',(0.,1.,0.));
#5016=DIRECTION('ref_axis',(0.,0.,1.));
#5017=DIRECTION('center_axis',(0.,-1.,0.));
#5018=DIRECTION('ref_axis',(1.,0.,0.));
#5019=DIRECTION('center_axis',(0.,-1.,0.));
#5020=DIRECTION('ref_axis',(1.,0.,0.));
#5021=DIRECTION('',(0.,-1.,0.));
#5022=DIRECTION('center_axis',(0.,1.,0.));
#5023=DIRECTION('ref_axis',(1.,0.,0.));
#5024=DIRECTION('center_axis',(0.,1.,0.));
#5025=DIRECTION('ref_axis',(1.,0.,0.));
#5026=DIRECTION('center_axis',(0.,-1.,0.));
#5027=DIRECTION('ref_axis',(0.,0.,-1.));
#5028=DIRECTION('center_axis',(-1.,0.,-2.05596856412066E-16));
#5029=DIRECTION('ref_axis',(-2.05596856412066E-16,0.,1.));
#5030=DIRECTION('center_axis',(0.,1.,0.));
#5031=DIRECTION('ref_axis',(1.,0.,0.));
#5032=DIRECTION('center_axis',(0.,1.,0.));
#5033=DIRECTION('ref_axis',(1.,0.,0.));
#5034=DIRECTION('center_axis',(0.,-1.,0.));
#5035=DIRECTION('ref_axis',(1.,0.,0.));
#5036=DIRECTION('center_axis',(0.,-0.738412493025843,0.674349308699401));
#5037=DIRECTION('ref_axis',(0.,-0.674349308699401,-0.738412493025843));
#5038=DIRECTION('',(0.,-1.,0.));
#5039=DIRECTION('center_axis',(0.,-0.738412493025843,0.674349308699401));
#5040=DIRECTION('ref_axis',(0.,-0.674349308699401,-0.738412493025843));
#5041=DIRECTION('center_axis',(0.,-1.,0.));
#5042=DIRECTION('ref_axis',(0.,0.,-1.));
#5043=DIRECTION('center_axis',(0.,-1.,0.));
#5044=DIRECTION('ref_axis',(1.,0.,0.));
#5045=DIRECTION('center_axis',(-1.,0.,0.));
#5046=DIRECTION('ref_axis',(0.,0.,1.));
#5047=DIRECTION('center_axis',(0.,1.,0.));
#5048=DIRECTION('ref_axis',(1.,0.,0.));
#5049=DIRECTION('center_axis',(0.,1.,0.));
#5050=DIRECTION('ref_axis',(1.,0.,0.));
#5051=DIRECTION('center_axis',(0.,1.,0.));
#5052=DIRECTION('ref_axis',(0.,0.,1.));
#5053=DIRECTION('center_axis',(0.,1.,0.));
#5054=DIRECTION('ref_axis',(1.,0.,0.));
#5055=DIRECTION('center_axis',(0.,-1.,0.));
#5056=DIRECTION('ref_axis',(1.,0.,0.));
#5057=DIRECTION('center_axis',(0.,-0.738412493025843,0.674349308699401));
#5058=DIRECTION('ref_axis',(0.,-0.674349308699401,-0.738412493025843));
#5059=DIRECTION('',(0.,-1.,0.));
#5060=DIRECTION('center_axis',(0.,-0.738412493025843,0.674349308699401));
#5061=DIRECTION('ref_axis',(0.,-0.674349308699401,-0.738412493025843));
#5062=DIRECTION('center_axis',(0.,-1.,0.));
#5063=DIRECTION('ref_axis',(0.,0.,-1.));
#5064=DIRECTION('center_axis',(-1.,0.,0.));
#5065=DIRECTION('ref_axis',(0.,0.,1.));
#5066=DIRECTION('center_axis',(0.,-1.,0.));
#5067=DIRECTION('ref_axis',(1.,0.,0.));
#5068=DIRECTION('center_axis',(0.,-1.,0.));
#5069=DIRECTION('ref_axis',(1.,0.,0.));
#5070=DIRECTION('center_axis',(0.,-1.,0.));
#5071=DIRECTION('ref_axis',(1.,0.,0.));
#5072=DIRECTION('',(0.,-1.,0.));
#5073=DIRECTION('center_axis',(0.,1.,0.));
#5074=DIRECTION('ref_axis',(1.,0.,0.));
#5075=DIRECTION('center_axis',(0.,1.,0.));
#5076=DIRECTION('ref_axis',(1.,0.,0.));
#5077=DIRECTION('center_axis',(0.,1.,0.));
#5078=DIRECTION('ref_axis',(0.,0.,1.));
#5079=DIRECTION('center_axis',(-1.,0.,0.));
#5080=DIRECTION('ref_axis',(0.,0.,-1.));
#5081=DIRECTION('center_axis',(0.,1.,0.));
#5082=DIRECTION('ref_axis',(0.,0.,1.));
#5083=DIRECTION('center_axis',(-1.,0.,0.));
#5084=DIRECTION('ref_axis',(0.,0.,-1.));
#5085=DIRECTION('center_axis',(-0.407102704666741,0.788393802534084,0.461196921042273));
#5086=DIRECTION('ref_axis',(0.88853347259065,0.458811800290709,-2.51650552248371E-13));
#5087=DIRECTION('center_axis',(0.,1.,0.));
#5088=DIRECTION('ref_axis',(0.832050294337842,0.,-0.554700196225231));
#5089=DIRECTION('',(0.,-1.,0.));
#5090=DIRECTION('center_axis',(0.,-1.,0.));
#5091=DIRECTION('ref_axis',(0.384615384615384,0.,-0.923076923076923));
#5092=DIRECTION('',(0.,1.,0.));
#5093=DIRECTION('center_axis',(3.24062662069806E-16,-0.958964937223354,
-0.283524688830107));
#5094=DIRECTION('ref_axis',(0.37104540120366,0.263285201369837,-0.890508962888785));
#5095=DIRECTION('center_axis',(-1.,0.,1.28721510101467E-15));
#5096=DIRECTION('ref_axis',(1.28721510101467E-15,6.4051328343759E-16,1.));
#5097=DIRECTION('center_axis',(0.981392654860021,0.,-0.192011606385656));
#5098=DIRECTION('ref_axis',(0.192011606385656,9.23761394420012E-16,0.981392654860021));
#5099=DIRECTION('center_axis',(0.923076923076924,0.,0.384615384615383));
#5100=DIRECTION('ref_axis',(-0.271964146610209,-0.707106781186546,0.652713951864508));
#5101=DIRECTION('',(-0.923076923076924,0.,-0.384615384615383));
#5102=DIRECTION('center_axis',(-0.980580675690919,0.,-0.196116135138188));
#5103=DIRECTION('ref_axis',(-0.196116135138188,0.,0.980580675690919));
#5104=DIRECTION('',(0.923076923076924,0.,0.384615384615383));
#5105=DIRECTION('center_axis',(-0.384615384615383,0.,0.923076923076924));
#5106=DIRECTION('ref_axis',(0.923076923076924,0.,0.384615384615383));
#5107=DIRECTION('',(0.,1.,0.));
#5108=DIRECTION('center_axis',(-0.407102704666723,0.788393802534091,-0.461196921042277));
#5109=DIRECTION('ref_axis',(0.309378713675068,0.594108850218019,0.742508912820165));
#5110=DIRECTION('center_axis',(0.,1.,0.));
#5111=DIRECTION('ref_axis',(0.384615384615389,0.,0.923076923076921));
#5112=DIRECTION('center_axis',(-1.,0.,0.));
#5113=DIRECTION('ref_axis',(0.,-8.00641604296988E-17,-1.));
#5114=DIRECTION('center_axis',(2.62313031324054E-16,-0.958964937223354,
0.283524688830107));
#5115=DIRECTION('ref_axis',(1.,0.,-9.25185853854289E-16));
#5116=DIRECTION('center_axis',(0.981392654860021,-4.35825888649442E-15,
0.192011606385656));
#5117=DIRECTION('ref_axis',(0.192011606385656,0.,-0.981392654860021));
#5118=DIRECTION('center_axis',(0.,1.,0.));
#5119=DIRECTION('ref_axis',(0.832050294337845,0.,0.554700196225227));
#5120=DIRECTION('',(0.,-1.,0.));
#5121=DIRECTION('',(0.,1.,0.));
#5122=DIRECTION('center_axis',(-1.,0.,0.));
#5123=DIRECTION('ref_axis',(0.,0.,1.));
#5124=DIRECTION('',(0.,1.,0.));
#5125=DIRECTION('center_axis',(-1.,0.,0.));
#5126=DIRECTION('ref_axis',(0.,5.60449123007892E-16,1.));
#5127=DIRECTION('center_axis',(-1.,0.,0.));
#5128=DIRECTION('ref_axis',(0.,-2.56205313375036E-16,1.));
#5129=DIRECTION('',(0.,1.,0.));
#5130=DIRECTION('',(0.,0.,-1.));
#5131=DIRECTION('',(0.,-1.,0.));
#5132=DIRECTION('center_axis',(-1.,0.,0.));
#5133=DIRECTION('ref_axis',(0.,3.84307970062554E-16,-1.));
#5134=DIRECTION('center_axis',(-0.384615384615384,0.,-0.923076923076923));
#5135=DIRECTION('ref_axis',(-0.923076923076923,0.,0.384615384615384));
#5136=DIRECTION('',(0.923076923076923,0.,-0.384615384615384));
#5137=DIRECTION('',(0.,-1.,0.));
#5138=DIRECTION('center_axis',(-0.407102704666733,0.788393802534083,0.461196921042281));
#5139=DIRECTION('ref_axis',(0.888533472590651,0.458811800290706,-2.59052039079203E-13));
#5140=DIRECTION('center_axis',(0.,1.,0.));
#5141=DIRECTION('ref_axis',(0.832050294337842,0.,-0.554700196225231));
#5142=DIRECTION('',(0.,-1.,0.));
#5143=DIRECTION('center_axis',(0.,-1.,0.));
#5144=DIRECTION('ref_axis',(0.384615384615384,0.,-0.923076923076923));
#5145=DIRECTION('center_axis',(5.24626062648116E-16,-0.958964937223353,
-0.283524688830109));
#5146=DIRECTION('ref_axis',(0.371045401203658,0.263285201369839,-0.890508962888785));
#5147=DIRECTION('center_axis',(0.981392654860021,-2.13175706404618E-16,
-0.192011606385656));
#5148=DIRECTION('ref_axis',(0.192011606385656,9.23761394420013E-16,0.981392654860021));
#5149=DIRECTION('center_axis',(0.923076923076923,0.,0.384615384615384));
#5150=DIRECTION('ref_axis',(-0.27196414661021,-0.707106781186547,0.652713951864507));
#5151=DIRECTION('',(-0.923076923076923,0.,-0.384615384615384));
#5152=DIRECTION('center_axis',(0.923076923076924,0.,0.384615384615383));
#5153=DIRECTION('ref_axis',(-0.384615384615383,0.,0.923076923076924));
#5154=DIRECTION('',(0.923076923076923,0.,0.384615384615384));
#5155=DIRECTION('center_axis',(-0.384615384615384,0.,0.923076923076923));
#5156=DIRECTION('ref_axis',(0.923076923076923,0.,0.384615384615384));
#5157=DIRECTION('',(0.,1.,0.));
#5158=DIRECTION('center_axis',(-0.407102704666727,0.788393802534091,-0.461196921042273));
#5159=DIRECTION('ref_axis',(0.309378713675069,0.594108850218018,0.742508912820166));
#5160=DIRECTION('center_axis',(0.,-0.958964937223354,0.283524688830107));
#5161=DIRECTION('ref_axis',(1.,0.,0.));
#5162=DIRECTION('center_axis',(0.98139265486002,-8.52702825618483E-16,0.192011606385658));
#5163=DIRECTION('ref_axis',(0.192011606385658,0.,-0.98139265486002));
#5164=DIRECTION('center_axis',(0.,0.,-1.));
#5165=DIRECTION('ref_axis',(1.,0.,0.));
#5166=DIRECTION('center_axis',(0.,1.,0.));
#5167=DIRECTION('ref_axis',(0.707106781186547,0.,-0.707106781186548));
#5168=DIRECTION('center_axis',(1.,1.44444745829043E-30,5.20417042793043E-16));
#5169=DIRECTION('ref_axis',(0.,-1.,2.77555756156289E-15));
#5170=DIRECTION('center_axis',(0.,-1.,0.));
#5171=DIRECTION('ref_axis',(0.707106781186547,0.,-0.707106781186548));
#5172=DIRECTION('center_axis',(0.,0.,1.));
#5173=DIRECTION('ref_axis',(2.25514051876985E-15,-1.,0.));
#5174=DIRECTION('center_axis',(0.,-1.,0.));
#5175=DIRECTION('ref_axis',(0.707106781186541,0.,0.707106781186554));
#5176=DIRECTION('center_axis',(1.,7.70371977754894E-30,6.93889390390722E-16));
#5177=DIRECTION('ref_axis',(-6.93889390390722E-16,0.,1.));
#5178=DIRECTION('center_axis',(0.,1.,0.));
#5179=DIRECTION('ref_axis',(0.707106781186545,0.,0.70710678118655));
#5180=DIRECTION('center_axis',(0.,-1.,0.));
#5181=DIRECTION('ref_axis',(1.,0.,0.));
#5182=DIRECTION('',(0.,-1.,0.));
#5183=DIRECTION('center_axis',(1.,0.,5.10802719202509E-16));
#5184=DIRECTION('ref_axis',(5.55111512312578E-16,0.,-1.));
#5185=DIRECTION('center_axis',(0.,0.,-1.));
#5186=DIRECTION('ref_axis',(1.,0.,0.));
#5187=DIRECTION('center_axis',(-1.,0.,-5.10802719202509E-16));
#5188=DIRECTION('ref_axis',(3.46944695195361E-16,0.707106781186555,-0.70710678118654));
#5189=DIRECTION('center_axis',(5.10802719202509E-16,0.,-1.));
#5190=DIRECTION('ref_axis',(0.707106781186548,-0.707106781186547,0.));
#5191=DIRECTION('center_axis',(0.,0.,-1.));
#5192=DIRECTION('ref_axis',(1.,0.,0.));
#5193=DIRECTION('',(5.10802719202509E-16,0.,-1.));
#5194=DIRECTION('center_axis',(1.,0.,5.10802719202509E-16));
#5195=DIRECTION('ref_axis',(5.55111512312578E-16,0.,-1.));
#5196=DIRECTION('center_axis',(0.,1.,0.));
#5197=DIRECTION('ref_axis',(1.,0.,0.));
#5198=DIRECTION('center_axis',(-1.,0.,-5.10802719202509E-16));
#5199=DIRECTION('ref_axis',(-3.46944695195361E-16,0.707106781186551,0.707106781186544));
#5200=DIRECTION('center_axis',(0.,1.,0.));
#5201=DIRECTION('ref_axis',(0.707106781186547,0.,-0.707106781186548));
#5202=DIRECTION('',(0.,1.,0.));
#5203=DIRECTION('center_axis',(5.10802719202509E-16,0.,-1.));
#5204=DIRECTION('ref_axis',(0.707106781186548,-0.707106781186548,0.));
#5205=DIRECTION('center_axis',(0.,0.,1.));
#5206=DIRECTION('ref_axis',(3.98986399474666E-15,-1.,0.));
#5207=DIRECTION('',(5.10802719202509E-16,0.,-1.));
#5208=DIRECTION('center_axis',(5.10802719202509E-16,0.,-1.));
#5209=DIRECTION('ref_axis',(0.707106781186548,-0.707106781186547,0.));
#5210=DIRECTION('center_axis',(0.,0.,-1.));
#5211=DIRECTION('ref_axis',(1.,0.,0.));
#5212=DIRECTION('center_axis',(1.,0.,0.));
#5213=DIRECTION('ref_axis',(0.,-1.,0.));
#5214=DIRECTION('center_axis',(0.,-1.,0.));
#5215=DIRECTION('ref_axis',(0.707106781186539,0.,-0.707106781186556));
#5216=DIRECTION('center_axis',(0.,-1.,0.));
#5217=DIRECTION('ref_axis',(0.70710678118655,0.,0.707106781186545));
#5218=DIRECTION('center_axis',(1.,4.81482486096807E-31,1.7347234759768E-16));
#5219=DIRECTION('ref_axis',(-1.7347234759768E-16,0.,1.));
#5220=DIRECTION('center_axis',(0.,1.,0.));
#5221=DIRECTION('ref_axis',(0.70710678118655,0.,0.707106781186545));
#5222=DIRECTION('center_axis',(0.,1.,0.));
#5223=DIRECTION('ref_axis',(0.707106781186548,0.,0.707106781186547));
#5224=DIRECTION('center_axis',(0.,-1.,0.));
#5225=DIRECTION('ref_axis',(1.,0.,0.));
#5226=DIRECTION('',(0.,-1.,0.));
#5227=DIRECTION('center_axis',(1.,0.,5.10802719202509E-16));
#5228=DIRECTION('ref_axis',(5.55111512312578E-16,0.,-1.));
#5229=DIRECTION('center_axis',(0.,0.,-1.));
#5230=DIRECTION('ref_axis',(1.,0.,0.));
#5231=DIRECTION('center_axis',(-1.,0.,-5.10802719202509E-16));
#5232=DIRECTION('ref_axis',(3.46944695195361E-16,0.707106781186547,-0.707106781186548));
#5233=DIRECTION('center_axis',(5.10802719202509E-16,0.,-1.));
#5234=DIRECTION('ref_axis',(0.707106781186548,-0.707106781186547,0.));
#5235=DIRECTION('center_axis',(0.,7.40148683083437E-15,-1.));
#5236=DIRECTION('ref_axis',(1.,0.,0.));
#5237=DIRECTION('',(5.10802719202509E-16,0.,-1.));
#5238=DIRECTION('center_axis',(1.,0.,5.10802719202509E-16));
#5239=DIRECTION('ref_axis',(5.55111512312578E-16,0.,-1.));
#5240=DIRECTION('center_axis',(0.,1.,0.));
#5241=DIRECTION('ref_axis',(1.,0.,0.));
#5242=DIRECTION('center_axis',(-1.,0.,-5.10802719202509E-16));
#5243=DIRECTION('ref_axis',(-3.46944695195362E-16,0.707106781186544,0.707106781186551));
#5244=DIRECTION('center_axis',(0.,1.,0.));
#5245=DIRECTION('ref_axis',(0.70710678118655,0.,-0.707106781186545));
#5246=DIRECTION('',(0.,1.,0.));
#5247=DIRECTION('center_axis',(5.10802719202509E-16,0.,-1.));
#5248=DIRECTION('ref_axis',(0.707106781186548,-0.707106781186548,0.));
#5249=DIRECTION('center_axis',(0.,1.,0.));
#5250=DIRECTION('ref_axis',(0.,0.,1.));
#5251=DIRECTION('',(1.,0.,0.));
#5252=DIRECTION('',(0.923076923076923,0.,0.384615384615385));
#5253=DIRECTION('center_axis',(0.,1.,0.));
#5254=DIRECTION('ref_axis',(-0.832050294337848,0.,0.554700196225222));
#5255=DIRECTION('',(0.,0.,1.));
#5256=DIRECTION('center_axis',(0.,1.,0.));
#5257=DIRECTION('ref_axis',(-0.832050294337848,0.,-0.554700196225222));
#5258=DIRECTION('',(-0.923076923076923,0.,0.384615384615385));
#5259=DIRECTION('',(-1.,0.,0.));
#5260=DIRECTION('center_axis',(0.,-1.,0.));
#5261=DIRECTION('ref_axis',(1.,0.,0.));
#5262=DIRECTION('center_axis',(0.,-1.,0.));
#5263=DIRECTION('ref_axis',(1.,0.,0.));
#5264=DIRECTION('center_axis',(0.,0.,-1.));
#5265=DIRECTION('ref_axis',(0.,-1.,0.));
#5266=DIRECTION('center_axis',(0.,-1.,0.));
#5267=DIRECTION('ref_axis',(-0.832050294337844,0.,-0.554700196225229));
#5268=DIRECTION('center_axis',(-0.923076923076922,-5.97812397875082E-15,
0.384615384615386));
#5269=DIRECTION('ref_axis',(-0.384615384615386,0.,-0.923076923076922));
#5270=DIRECTION('center_axis',(0.,1.,0.));
#5271=DIRECTION('ref_axis',(-0.832050294337842,0.,-0.554700196225231));
#5272=DIRECTION('center_axis',(0.,-1.,0.));
#5273=DIRECTION('ref_axis',(-1.,0.,0.));
#5274=DIRECTION('',(0.,-1.,0.));
#5275=DIRECTION('',(0.,1.,0.));
#5276=DIRECTION('center_axis',(0.,0.,1.));
#5277=DIRECTION('ref_axis',(-1.,0.,0.));
#5278=DIRECTION('center_axis',(0.916716811033179,0.,0.399537593186372));
#5279=DIRECTION('ref_axis',(-0.399537593186371,0.,0.916716811033179));
#5280=DIRECTION('center_axis',(-1.,0.,1.28721510101467E-15));
#5281=DIRECTION('ref_axis',(1.28721510101467E-15,-6.40513283437591E-17,
1.));
#5282=DIRECTION('center_axis',(1.28721510101467E-15,0.,1.));
#5283=DIRECTION('ref_axis',(-0.707106781186545,-0.70710678118655,0.));
#5284=DIRECTION('',(1.28721510101467E-15,0.,1.));
#5285=DIRECTION('center_axis',(-0.923076923076923,0.,0.384615384615384));
#5286=DIRECTION('ref_axis',(-0.271964146610208,-0.707106781186543,-0.652713951864511));
#5287=DIRECTION('',(0.923076923076924,0.,-0.384615384615384));
#5288=DIRECTION('center_axis',(0.980580675690925,0.,-0.196116135138161));
#5289=DIRECTION('ref_axis',(0.196116135138161,0.,0.980580675690925));
#5290=DIRECTION('center_axis',(-0.384615384615384,0.,-0.923076923076923));
#5291=DIRECTION('ref_axis',(-0.923076923076924,0.,0.384615384615384));
#5292=DIRECTION('',(-0.923076923076924,0.,0.384615384615384));
#5293=DIRECTION('',(0.,1.,0.));
#5294=DIRECTION('center_axis',(-0.923076923076923,0.,0.384615384615384));
#5295=DIRECTION('ref_axis',(0.271964146610208,0.707106781186543,0.652713951864511));
#5296=DIRECTION('',(0.923076923076924,0.,-0.384615384615384));
#5297=DIRECTION('center_axis',(0.980580675690923,0.,-0.196116135138171));
#5298=DIRECTION('ref_axis',(-0.196116135138171,0.,-0.980580675690923));
#5299=DIRECTION('center_axis',(0.,1.,0.));
#5300=DIRECTION('ref_axis',(0.,0.,1.));
#5301=DIRECTION('',(1.,0.,-1.77635683940025E-16));
#5302=DIRECTION('',(1.,0.,-3.70074341541719E-16));
#5303=DIRECTION('',(0.,0.,1.));
#5304=DIRECTION('',(-1.,0.,1.85037170770859E-16));
#5305=DIRECTION('center_axis',(0.,-1.,0.));
#5306=DIRECTION('ref_axis',(0.196116135138184,0.,0.98058067569092));
#5307=DIRECTION('',(-0.923076923076923,0.,0.384615384615384));
#5308=DIRECTION('',(0.,0.,1.));
#5309=DIRECTION('',(-0.923076923076923,0.,-0.384615384615385));
#5310=DIRECTION('',(-1.,0.,0.));
#5311=DIRECTION('center_axis',(-0.923076923076924,0.,-0.384615384615383));
#5312=DIRECTION('ref_axis',(0.,-1.,0.));
#5313=DIRECTION('center_axis',(0.,-1.,0.));
#5314=DIRECTION('ref_axis',(-0.832050294337848,0.,0.554700196225222));
#5315=DIRECTION('center_axis',(0.,0.,1.));
#5316=DIRECTION('ref_axis',(-1.,0.,0.));
#5317=DIRECTION('center_axis',(0.,1.,0.));
#5318=DIRECTION('ref_axis',(-0.832050294337845,0.,0.554700196225227));
#5319=DIRECTION('center_axis',(0.,-1.,0.));
#5320=DIRECTION('ref_axis',(-0.384615384615383,0.,0.923076923076924));
#5321=DIRECTION('',(0.,1.,0.));
#5322=DIRECTION('center_axis',(0.916716811033179,0.,-0.399537593186372));
#5323=DIRECTION('ref_axis',(-0.399537593186372,0.,-0.916716811033179));
#5324=DIRECTION('center_axis',(-9.25185853854296E-16,0.,-1.));
#5325=DIRECTION('ref_axis',(0.,-1.,0.));
#5326=DIRECTION('center_axis',(0.,0.,1.));
#5327=DIRECTION('ref_axis',(-0.707106781186545,-0.70710678118655,0.));
#5328=DIRECTION('center_axis',(0.,0.,1.));
#5329=DIRECTION('ref_axis',(-0.707106781186548,-0.707106781186547,0.));
#5330=DIRECTION('center_axis',(0.,0.,-1.));
#5331=DIRECTION('ref_axis',(0.,-1.,0.));
#5332=DIRECTION('center_axis',(0.,-1.,0.));
#5333=DIRECTION('ref_axis',(-0.832050294337848,0.,-0.554700196225222));
#5334=DIRECTION('center_axis',(-0.923076923076924,-9.71445146547013E-15,
0.384615384615383));
#5335=DIRECTION('ref_axis',(-0.384615384615383,0.,-0.923076923076924));
#5336=DIRECTION('center_axis',(0.,1.,0.));
#5337=DIRECTION('ref_axis',(-0.832050294337843,0.,-0.55470019622523));
#5338=DIRECTION('center_axis',(0.,-1.,0.));
#5339=DIRECTION('ref_axis',(-1.,0.,0.));
#5340=DIRECTION('',(0.,-1.,0.));
#5341=DIRECTION('center_axis',(-9.25185853854296E-16,-9.25185853854298E-16,
1.));
#5342=DIRECTION('ref_axis',(-1.,0.,-9.25185853854296E-16));
#5343=DIRECTION('center_axis',(0.916716811033179,0.,0.399537593186372));
#5344=DIRECTION('ref_axis',(-0.399537593186372,0.,0.916716811033179));
#5345=DIRECTION('center_axis',(0.,0.,1.));
#5346=DIRECTION('ref_axis',(-0.707106781186545,-0.70710678118655,0.));
#5347=DIRECTION('',(0.,0.,1.));
#5348=DIRECTION('center_axis',(-0.923076923076923,0.,0.384615384615385));
#5349=DIRECTION('ref_axis',(-0.271964146610209,-0.707106781186547,-0.652713951864507));
#5350=DIRECTION('',(0.923076923076923,0.,-0.384615384615385));
#5351=DIRECTION('center_axis',(-0.98058067569092,0.,0.196116135138184));
#5352=DIRECTION('ref_axis',(-0.196116135138184,0.,-0.98058067569092));
#5353=DIRECTION('center_axis',(-0.384615384615385,0.,-0.923076923076923));
#5354=DIRECTION('ref_axis',(-0.923076923076923,0.,0.384615384615385));
#5355=DIRECTION('',(-0.923076923076923,0.,0.384615384615385));
#5356=DIRECTION('',(0.,1.,0.));
#5357=DIRECTION('center_axis',(-0.923076923076923,0.,0.384615384615385));
#5358=DIRECTION('ref_axis',(0.27196414661021,0.707106781186549,0.652713951864504));
#5359=DIRECTION('',(0.923076923076923,0.,-0.384615384615385));
#5360=DIRECTION('center_axis',(0.98058067569092,0.,-0.196116135138184));
#5361=DIRECTION('ref_axis',(-0.196116135138184,0.,-0.98058067569092));
#5362=DIRECTION('center_axis',(0.,1.,0.));
#5363=DIRECTION('ref_axis',(0.,0.,1.));
#5364=DIRECTION('',(1.,0.,0.));
#5365=DIRECTION('center_axis',(0.,-1.,0.));
#5366=DIRECTION('ref_axis',(0.196116135138184,0.,-0.98058067569092));
#5367=DIRECTION('',(1.,0.,0.));
#5368=DIRECTION('',(6.16790569236198E-16,0.,1.));
#5369=DIRECTION('',(-1.,0.,-3.70074341541719E-16));
#5370=DIRECTION('center_axis',(0.,-1.,0.));
#5371=DIRECTION('ref_axis',(0.196116135138184,0.,0.98058067569092));
#5372=DIRECTION('',(-0.923076923076923,0.,0.384615384615385));
#5373=DIRECTION('',(-1.28721510101467E-15,0.,1.));
#5374=DIRECTION('',(-0.923076923076924,0.,-0.384615384615384));
#5375=DIRECTION('',(-1.,0.,-1.77635683940025E-16));
#5376=DIRECTION('center_axis',(-0.923076923076922,-5.97812397875082E-15,
-0.384615384615386));
#5377=DIRECTION('ref_axis',(1.11022302462516E-14,-1.,-1.11022302462516E-14));
#5378=DIRECTION('center_axis',(0.,-1.,0.));
#5379=DIRECTION('ref_axis',(-0.832050294337844,0.,0.554700196225229));
#5380=DIRECTION('center_axis',(0.,1.,0.));
#5381=DIRECTION('ref_axis',(-0.832050294337845,0.,0.554700196225227));
#5382=DIRECTION('center_axis',(0.,-1.,0.));
#5383=DIRECTION('ref_axis',(-0.384615384615381,0.,0.923076923076925));
#5384=DIRECTION('',(0.,1.,0.));
#5385=DIRECTION('center_axis',(0.916716811033179,0.,-0.399537593186372));
#5386=DIRECTION('ref_axis',(-0.399537593186371,0.,-0.916716811033179));
#5387=DIRECTION('center_axis',(0.,0.,-1.));
#5388=DIRECTION('ref_axis',(0.,-1.,0.));
#5389=DIRECTION('center_axis',(-1.28721510101467E-15,0.,1.));
#5390=DIRECTION('ref_axis',(-0.707106781186545,-0.70710678118655,0.));
#5391=DIRECTION('center_axis',(1.,0.,-3.70074341541719E-16));
#5392=DIRECTION('ref_axis',(0.,-0.707106781186548,0.707106781186547));
#5393=DIRECTION('',(-1.,0.,3.70074341541719E-16));
#5394=DIRECTION('center_axis',(0.983953550115311,-0.178424805493732,1.98091327223406E-16));
#5395=DIRECTION('ref_axis',(-0.178424805493732,-0.983953550115311,3.16652723620366E-15));
#5396=DIRECTION('center_axis',(-0.427169098833646,-0.296028385477208,-0.854338197667299));
#5397=DIRECTION('ref_axis',(-0.702202450719052,-0.486626627094699,0.519717465558541));
#5398=DIRECTION('center_axis',(-0.936329177569045,0.35112344158839,0.));
#5399=DIRECTION('ref_axis',(0.,0.,1.));
#5400=DIRECTION('center_axis',(0.,-1.,0.));
#5401=DIRECTION('ref_axis',(-1.,0.,0.));
#5402=DIRECTION('center_axis',(4.44089209850064E-15,-1.66533453693773E-15,
1.));
#5403=DIRECTION('ref_axis',(-0.35112344158839,-0.936329177569045,0.));
#5404=DIRECTION('center_axis',(0.,1.,0.));
#5405=DIRECTION('ref_axis',(-0.707106781186544,0.,0.707106781186551));
#5406=DIRECTION('',(0.,-1.,0.));
#5407=DIRECTION('',(0.,1.,0.));
#5408=DIRECTION('center_axis',(0.427169098833646,0.29602838547721,-0.854338197667298));
#5409=DIRECTION('ref_axis',(-0.702202450719051,-0.4866266270947,-0.519717465558542));
#5410=DIRECTION('center_axis',(0.,-1.18571871006689E-15,-1.));
#5411=DIRECTION('ref_axis',(-1.,0.,0.));
#5412=DIRECTION('center_axis',(-0.936329177569045,0.35112344158839,0.));
#5413=DIRECTION('ref_axis',(-0.35112344158839,-0.936329177569045,0.));
#5414=DIRECTION('center_axis',(0.936329177569045,-0.351123441588392,-1.73255701927582E-16));
#5415=DIRECTION('ref_axis',(-0.248281766580703,-0.662084710881895,-0.707106781186549));
#5416=DIRECTION('',(-0.936329177569045,0.351123441588392,1.73255701927582E-16));
#5417=DIRECTION('',(0.936329177569045,-0.351123441588392,-1.73255701927582E-16));
#5418=DIRECTION('center_axis',(-0.983953550115311,0.178424805493732,0.));
#5419=DIRECTION('ref_axis',(0.178424805493732,0.983953550115311,9.71029232444134E-16));
#5420=DIRECTION('center_axis',(0.,-1.,0.));
#5421=DIRECTION('ref_axis',(0.,0.,-1.));
#5422=DIRECTION('center_axis',(-1.,0.,0.));
#5423=DIRECTION('ref_axis',(0.,0.,-1.));
#5424=DIRECTION('center_axis',(0.,1.,0.));
#5425=DIRECTION('ref_axis',(0.384615384615383,0.,0.923076923076924));
#5426=DIRECTION('center_axis',(0.923076923076923,0.,-0.384615384615384));
#5427=DIRECTION('ref_axis',(0.,-1.,0.));
#5428=DIRECTION('center_axis',(-1.,0.,1.85037170770859E-16));
#5429=DIRECTION('ref_axis',(0.,-0.707106781186547,-0.707106781186548));
#5430=DIRECTION('',(1.,0.,-1.85037170770859E-16));
#5431=DIRECTION('center_axis',(0.,1.,0.));
#5432=DIRECTION('ref_axis',(0.196116135138183,0.,0.98058067569092));
#5433=DIRECTION('',(0.,1.,0.));
#5434=DIRECTION('center_axis',(-0.923076923076923,0.,0.384615384615384));
#5435=DIRECTION('ref_axis',(-0.27196414661021,-0.707106781186548,-0.652713951864506));
#5436=DIRECTION('center_axis',(0.,0.,-1.));
#5437=DIRECTION('ref_axis',(-0.821925617555627,-0.569594837762599,0.));
#5438=DIRECTION('',(0.,0.,1.));
#5439=DIRECTION('',(0.,0.,-1.));
#5440=DIRECTION('center_axis',(-0.936329177569045,0.351123441588392,3.46511403855163E-16));
#5441=DIRECTION('ref_axis',(-0.248281766580715,-0.662084710881891,0.707106781186549));
#5442=DIRECTION('',(-0.936329177569045,0.351123441588392,3.46511403855163E-16));
#5443=DIRECTION('',(0.936329177569045,-0.351123441588392,-3.46511403855163E-16));
#5444=DIRECTION('center_axis',(-1.85037170770859E-16,0.,-1.));
#5445=DIRECTION('ref_axis',(-1.,0.,1.85037170770859E-16));
#5446=DIRECTION('center_axis',(3.70074341541719E-16,0.,1.));
#5447=DIRECTION('ref_axis',(1.,0.,-3.70074341541719E-16));
#5448=DIRECTION('center_axis',(-1.,0.,0.));
#5449=DIRECTION('ref_axis',(0.,0.,1.));
#5450=DIRECTION('center_axis',(0.,1.,0.));
#5451=DIRECTION('ref_axis',(0.,0.,1.));
#5452=DIRECTION('center_axis',(0.,1.,0.));
#5453=DIRECTION('ref_axis',(0.,0.,-1.));
#5454=DIRECTION('center_axis',(-1.,0.,0.));
#5455=DIRECTION('ref_axis',(0.,-1.,0.));
#5456=DIRECTION('center_axis',(0.,1.,0.));
#5457=DIRECTION('ref_axis',(0.,0.,1.));
#5458=DIRECTION('center_axis',(0.923076923076923,0.,-0.384615384615385));
#5459=DIRECTION('ref_axis',(0.,-1.,0.));
#5460=DIRECTION('center_axis',(-1.,0.,0.));
#5461=DIRECTION('ref_axis',(0.,0.,-1.));
#5462=DIRECTION('center_axis',(-0.923076923076923,0.,0.384615384615385));
#5463=DIRECTION('ref_axis',(-0.27196414661021,-0.707106781186548,-0.652713951864505));
#5464=DIRECTION('center_axis',(1.,0.,0.));
#5465=DIRECTION('ref_axis',(0.,-0.707106781186547,0.707106781186548));
#5466=DIRECTION('',(-1.,0.,0.));
#5467=DIRECTION('center_axis',(0.983953550115308,-0.178424805493749,-1.98091327223425E-16));
#5468=DIRECTION('ref_axis',(-0.178424805493749,-0.983953550115308,-1.09240788649968E-15));
#5469=DIRECTION('center_axis',(-0.427169098833653,-0.296028385477208,-0.854338197667295));
#5470=DIRECTION('ref_axis',(-0.702202450719052,-0.486626627094697,0.519717465558544));
#5471=DIRECTION('center_axis',(-0.936329177569045,0.35112344158839,0.));
#5472=DIRECTION('ref_axis',(0.,0.,1.));
#5473=DIRECTION('center_axis',(2.46519032881567E-30,-1.,2.22044604925031E-15));
#5474=DIRECTION('ref_axis',(-1.,0.,1.11022302462516E-15));
#5475=DIRECTION('center_axis',(1.11022302462516E-15,-4.16333634234434E-16,
1.));
#5476=DIRECTION('ref_axis',(-0.351123441588391,-0.936329177569045,0.));
#5477=DIRECTION('center_axis',(0.42716909883365,0.296028385477211,-0.854338197667296));
#5478=DIRECTION('ref_axis',(-0.702202450719051,-0.486626627094696,-0.519717465558546));
#5479=DIRECTION('center_axis',(0.,4.74287484026756E-15,-1.));
#5480=DIRECTION('ref_axis',(-1.,0.,0.));
#5481=DIRECTION('center_axis',(-0.936329177569045,0.351123441588391,0.));
#5482=DIRECTION('ref_axis',(-0.351123441588391,-0.936329177569045,0.));
#5483=DIRECTION('center_axis',(0.,1.,0.));
#5484=DIRECTION('ref_axis',(-0.707106781186546,0.,0.707106781186549));
#5485=DIRECTION('',(0.,-1.,0.));
#5486=DIRECTION('',(0.,1.,0.));
#5487=DIRECTION('center_axis',(0.936329177569044,-0.351123441588392,3.46511403855163E-16));
#5488=DIRECTION('ref_axis',(-0.248281766580716,-0.662084710881894,-0.707106781186546));
#5489=DIRECTION('',(-0.936329177569044,0.351123441588392,-3.46511403855163E-16));
#5490=DIRECTION('center_axis',(-0.98395355011531,0.17842480549374,0.));
#5491=DIRECTION('ref_axis',(0.17842480549374,0.983953550115309,-1.94205846488836E-15));
#5492=DIRECTION('center_axis',(-6.16790569236198E-16,0.,-1.));
#5493=DIRECTION('ref_axis',(-0.821925617555623,-0.569594837762604,0.));
#5494=DIRECTION('',(6.16790569236198E-16,0.,1.));
#5495=DIRECTION('',(-6.16790569236198E-16,0.,-1.));
#5496=DIRECTION('center_axis',(-0.936329177569044,0.351123441588392,0.));
#5497=DIRECTION('ref_axis',(-0.248281766580715,-0.662084710881894,0.707106781186546));
#5498=DIRECTION('',(-0.936329177569044,0.351123441588392,0.));
#5499=DIRECTION('',(0.936329177569044,-0.351123441588392,0.));
#5500=DIRECTION('center_axis',(-1.,0.,-3.70074341541719E-16));
#5501=DIRECTION('ref_axis',(0.,-0.707106781186545,-0.70710678118655));
#5502=DIRECTION('center_axis',(0.,1.,0.));
#5503=DIRECTION('ref_axis',(0.196116135138184,0.,-0.98058067569092));
#5504=DIRECTION('',(0.,-1.,0.));
#5505=DIRECTION('center_axis',(0.,0.,1.));
#5506=DIRECTION('ref_axis',(1.,0.,0.));
#5507=DIRECTION('center_axis',(-1.,0.,6.16790569236198E-16));
#5508=DIRECTION('ref_axis',(6.16790569236198E-16,0.,1.));
#5509=DIRECTION('center_axis',(0.923076923076923,0.,0.384615384615384));
#5510=DIRECTION('ref_axis',(-0.271964146610208,-0.707106781186543,0.652713951864511));
#5511=DIRECTION('center_axis',(-0.98058067569092,0.,-0.196116135138184));
#5512=DIRECTION('ref_axis',(0.196116135138184,0.,-0.98058067569092));
#5513=DIRECTION('',(-0.923076923076924,0.,-0.384615384615384));
#5514=DIRECTION('center_axis',(1.,0.,1.77635683940025E-16));
#5515=DIRECTION('ref_axis',(0.,-0.707106781186547,0.707106781186548));
#5516=DIRECTION('',(-1.,0.,-1.77635683940025E-16));
#5517=DIRECTION('center_axis',(-1.,0.,1.77635683940025E-16));
#5518=DIRECTION('ref_axis',(0.,-0.707106781186547,-0.707106781186548));
#5519=DIRECTION('',(1.,0.,-1.77635683940025E-16));
#5520=DIRECTION('center_axis',(1.28721510101467E-15,0.,1.));
#5521=DIRECTION('ref_axis',(-0.70710678118654,-0.707106781186555,0.));
#5522=DIRECTION('',(-1.28721510101467E-15,0.,-1.));
#5523=DIRECTION('center_axis',(1.,0.,0.));
#5524=DIRECTION('ref_axis',(0.,-0.707106781186547,0.707106781186548));
#5525=DIRECTION('',(-1.,0.,0.));
#5526=DIRECTION('center_axis',(0.,0.,1.));
#5527=DIRECTION('ref_axis',(1.,0.,0.));
#5528=DIRECTION('center_axis',(-1.77635683940025E-16,0.,-1.));
#5529=DIRECTION('ref_axis',(-1.,0.,1.77635683940025E-16));
#5530=DIRECTION('',(-1.,0.,1.77635683940025E-16));
#5531=DIRECTION('center_axis',(1.,0.,0.));
#5532=DIRECTION('ref_axis',(0.,-0.707106781186547,0.707106781186548));
#5533=DIRECTION('',(-1.,0.,0.));
#5534=DIRECTION('center_axis',(-0.980580675690922,0.,-0.196116135138174));
#5535=DIRECTION('ref_axis',(0.196116135138174,0.,-0.980580675690922));
#5536=DIRECTION('center_axis',(-1.,0.,0.));
#5537=DIRECTION('ref_axis',(0.,-0.707106781186547,-0.707106781186548));
#5538=DIRECTION('',(1.,0.,0.));
#5539=DIRECTION('center_axis',(0.923076923076923,0.,0.384615384615385));
#5540=DIRECTION('ref_axis',(-0.27196414661021,-0.707106781186549,0.652713951864505));
#5541=DIRECTION('',(-0.923076923076923,0.,-0.384615384615385));
#5542=DIRECTION('center_axis',(0.,0.,-1.));
#5543=DIRECTION('ref_axis',(-1.,0.,0.));
#5544=DIRECTION('',(-1.,0.,0.));
#5545=DIRECTION('center_axis',(1.,0.,1.77635683940025E-16));
#5546=DIRECTION('ref_axis',(0.,0.707106781186548,-0.707106781186548));
#5547=DIRECTION('center_axis',(-0.980580675690924,0.,-0.196116135138163));
#5548=DIRECTION('ref_axis',(-0.196116135138163,0.,0.980580675690924));
#5549=DIRECTION('',(1.,0.,1.77635683940025E-16));
#5550=DIRECTION('center_axis',(0.923076923076923,0.,0.384615384615384));
#5551=DIRECTION('ref_axis',(0.271964146610211,0.707106781186551,-0.652713951864502));
#5552=DIRECTION('',(0.923076923076924,0.,0.384615384615384));
#5553=DIRECTION('center_axis',(-1.77635683940025E-16,0.,1.));
#5554=DIRECTION('ref_axis',(1.,0.,1.77635683940025E-16));
#5555=DIRECTION('',(0.,1.,0.));
#5556=DIRECTION('center_axis',(-0.384615384615384,0.,0.923076923076923));
#5557=DIRECTION('ref_axis',(0.923076923076924,0.,0.384615384615384));
#5558=DIRECTION('center_axis',(-1.,0.,0.));
#5559=DIRECTION('ref_axis',(0.,0.707106781186548,0.707106781186548));
#5560=DIRECTION('center_axis',(1.,0.,0.));
#5561=DIRECTION('ref_axis',(0.,0.707106781186548,-0.707106781186548));
#5562=DIRECTION('center_axis',(-0.98058067569092,5.44331621827276E-16,-0.196116135138184));
#5563=DIRECTION('ref_axis',(-0.196116135138184,-2.72165810913638E-15,0.98058067569092));
#5564=DIRECTION('',(1.,0.,0.));
#5565=DIRECTION('center_axis',(0.923076923076923,0.,0.384615384615385));
#5566=DIRECTION('ref_axis',(0.271964146610209,0.707106781186548,-0.652713951864506));
#5567=DIRECTION('',(0.923076923076923,0.,0.384615384615385));
#5568=DIRECTION('center_axis',(0.,0.,1.));
#5569=DIRECTION('ref_axis',(1.,0.,0.));
#5570=DIRECTION('',(0.,1.,0.));
#5571=DIRECTION('center_axis',(-0.384615384615385,0.,0.923076923076923));
#5572=DIRECTION('ref_axis',(0.923076923076923,0.,0.384615384615385));
#5573=DIRECTION('center_axis',(-1.,0.,1.77635683940025E-16));
#5574=DIRECTION('ref_axis',(0.,0.70710678118654,0.707106781186555));
#5575=DIRECTION('center_axis',(1.,0.,0.));
#5576=DIRECTION('ref_axis',(0.,-0.707106781186548,-0.707106781186548));
#5577=DIRECTION('center_axis',(-1.,0.,0.));
#5578=DIRECTION('ref_axis',(0.,0.,-1.));
#5579=DIRECTION('',(1.,0.,0.));
#5580=DIRECTION('center_axis',(1.,0.,0.));
#5581=DIRECTION('ref_axis',(0.,-1.,0.));
#5582=DIRECTION('center_axis',(0.,-1.,0.));
#5583=DIRECTION('ref_axis',(0.,0.,-1.));
#5584=DIRECTION('center_axis',(-1.,0.,0.));
#5585=DIRECTION('ref_axis',(0.,-1.,0.));
#5586=DIRECTION('center_axis',(0.,-1.,0.));
#5587=DIRECTION('ref_axis',(1.,0.,-1.27916767941733E-16));
#5588=DIRECTION('center_axis',(-1.,0.,4.03717463500057E-16));
#5589=DIRECTION('ref_axis',(0.,-0.707106781186548,0.707106781186548));
#5590=DIRECTION('center_axis',(-1.,0.,0.));
#5591=DIRECTION('ref_axis',(0.,-1.,0.));
#5592=DIRECTION('',(1.,0.,-4.03717463500057E-16));
#5593=DIRECTION('',(-1.,0.,4.03717463500057E-16));
#5594=DIRECTION('center_axis',(0.,-1.,0.));
#5595=DIRECTION('ref_axis',(0.,0.,-1.));
#5596=DIRECTION('center_axis',(0.,1.,0.));
#5597=DIRECTION('ref_axis',(-1.,0.,1.60812264967664E-16));
#5598=DIRECTION('center_axis',(0.,-1.,0.));
#5599=DIRECTION('ref_axis',(-1.,0.,1.60812264967664E-16));
#5600=DIRECTION('center_axis',(0.,-1.,0.));
#5601=DIRECTION('ref_axis',(0.,0.,-1.));
#5602=DIRECTION('',(0.,-1.,0.));
#5603=DIRECTION('center_axis',(0.,1.,0.));
#5604=DIRECTION('ref_axis',(0.,0.,1.));
#5605=DIRECTION('center_axis',(0.,1.,0.));
#5606=DIRECTION('ref_axis',(1.,0.,0.));
#5607=DIRECTION('center_axis',(0.,1.,0.));
#5608=DIRECTION('ref_axis',(1.,0.,0.));
#5609=DIRECTION('center_axis',(0.,-1.,0.));
#5610=DIRECTION('ref_axis',(0.,0.,-1.));
#5611=DIRECTION('center_axis',(-1.,0.,0.));
#5612=DIRECTION('ref_axis',(0.,0.,1.));
#5613=DIRECTION('center_axis',(0.,-1.,0.));
#5614=DIRECTION('ref_axis',(1.,0.,0.));
#5615=DIRECTION('center_axis',(0.,-1.,0.));
#5616=DIRECTION('ref_axis',(1.,0.,0.));
#5617=DIRECTION('center_axis',(0.,-1.,0.));
#5618=DIRECTION('ref_axis',(1.,0.,0.));
#5619=DIRECTION('',(0.,-1.,0.));
#5620=DIRECTION('center_axis',(0.,1.,0.));
#5621=DIRECTION('ref_axis',(1.,0.,0.));
#5622=DIRECTION('center_axis',(0.,1.,0.));
#5623=DIRECTION('ref_axis',(1.,0.,0.));
#5624=DIRECTION('center_axis',(0.,1.,0.));
#5625=DIRECTION('ref_axis',(0.,0.,1.));
#5626=DIRECTION('center_axis',(-1.,0.,0.));
#5627=DIRECTION('ref_axis',(0.,0.,-1.));
#5628=DIRECTION('center_axis',(0.,1.,0.));
#5629=DIRECTION('ref_axis',(0.,0.,1.));
#5630=DIRECTION('center_axis',(-1.,0.,0.));
#5631=DIRECTION('ref_axis',(0.,0.,-1.));
#5632=DIRECTION('center_axis',(0.,1.,0.));
#5633=DIRECTION('ref_axis',(1.,0.,0.));
#5634=DIRECTION('center_axis',(0.,1.,0.));
#5635=DIRECTION('ref_axis',(1.,0.,0.));
#5636=DIRECTION('center_axis',(0.,-1.,0.));
#5637=DIRECTION('ref_axis',(1.,0.,0.));
#5638=DIRECTION('center_axis',(0.,-1.,0.));
#5639=DIRECTION('ref_axis',(1.,0.,0.));
#5640=DIRECTION('',(0.,-1.,0.));
#5641=DIRECTION('center_axis',(0.,-1.,0.));
#5642=DIRECTION('ref_axis',(1.,0.,0.));
#5643=DIRECTION('center_axis',(0.,-1.,0.));
#5644=DIRECTION('ref_axis',(0.,0.,-1.));
#5645=DIRECTION('center_axis',(-1.,0.,0.));
#5646=DIRECTION('ref_axis',(0.,0.,1.));
#5647=DIRECTION('center_axis',(-0.351123441588392,-0.936329177569045,0.));
#5648=DIRECTION('ref_axis',(0.,0.,-1.));
#5649=DIRECTION('center_axis',(-0.351123441588392,-0.936329177569044,2.16569627409477E-16));
#5650=DIRECTION('ref_axis',(0.,-2.31296463463574E-16,-1.));
#5651=DIRECTION('center_axis',(4.03717463500057E-16,0.,1.));
#5652=DIRECTION('ref_axis',(-1.,0.,4.03717463500057E-16));
#5653=DIRECTION('center_axis',(-1.,0.,1.28721510101467E-15));
#5654=DIRECTION('ref_axis',(1.28721510101467E-15,0.,1.));
#5655=CARTESIAN_POINT('',(0.,0.,0.));
#5656=CARTESIAN_POINT('Origin',(-30.,7.7,4.15));
#5657=CARTESIAN_POINT('',(-30.,8.2,4.15));
#5658=CARTESIAN_POINT('',(-30.,7.7,3.65));
#5659=CARTESIAN_POINT('Origin',(-30.,7.7,4.15));
#5660=CARTESIAN_POINT('',(-30.5,7.7,4.15));
#5661=CARTESIAN_POINT('Origin',(-30.,7.7,4.15));
#5662=CARTESIAN_POINT('Origin',(-30.,7.7,4.15));
#5663=CARTESIAN_POINT('Origin',(-16.875,7.7,4.15));
#5664=CARTESIAN_POINT('',(-18.6,8.2,4.15));
#5665=CARTESIAN_POINT('',(-18.6,7.7,3.65));
#5666=CARTESIAN_POINT('Origin',(-18.6,7.7,4.15));
#5667=CARTESIAN_POINT('',(-16.875,7.7,3.65));
#5668=CARTESIAN_POINT('',(-16.875,8.2,4.15));
#5669=CARTESIAN_POINT('Origin',(-18.6,7.7,3.15));
#5670=CARTESIAN_POINT('',(-18.2153846153846,8.2,4.07307692307693));
#5671=CARTESIAN_POINT('',(-18.4076923076923,7.7,3.61153846153846));
#5672=CARTESIAN_POINT('Origin',(-18.2153846153846,7.7,4.07307692307693));
#5673=CARTESIAN_POINT('Origin',(-18.6,7.7,3.15));
#5674=CARTESIAN_POINT('Origin',(-18.6,8.2,3.15));
#5675=CARTESIAN_POINT('Origin',(-14.7751479289941,7.7,2.6396449704142));
#5676=CARTESIAN_POINT('',(-15.4923076923077,8.2,2.93846153846154));
#5677=CARTESIAN_POINT('',(-15.6846153846154,7.7,2.47692307692308));
#5678=CARTESIAN_POINT('Origin',(-15.4923076923077,7.7,2.93846153846154));
#5679=CARTESIAN_POINT('',(-14.9674556213018,7.7,2.17810650887574));
#5680=CARTESIAN_POINT('',(-14.7751479289941,8.2,2.6396449704142));
#5681=CARTESIAN_POINT('Origin',(-15.8,7.7,2.2));
#5682=CARTESIAN_POINT('',(-15.,8.2,2.2));
#5683=CARTESIAN_POINT('',(-15.5,7.7,2.2));
#5684=CARTESIAN_POINT('Origin',(-15.,7.7,2.2));
#5685=CARTESIAN_POINT('Origin',(-15.8,7.7,2.2));
#5686=CARTESIAN_POINT('Origin',(-15.8,8.2,2.2));
#5687=CARTESIAN_POINT('Origin',(-15.,7.7,-1.));
#5688=CARTESIAN_POINT('',(-15.,8.2,-2.2));
#5689=CARTESIAN_POINT('',(-15.5,7.7,-2.2));
#5690=CARTESIAN_POINT('Origin',(-15.,7.7,-2.2));
#5691=CARTESIAN_POINT('',(-15.5,7.7,-1.));
#5692=CARTESIAN_POINT('',(-15.,8.2,-1.));
#5693=CARTESIAN_POINT('Origin',(-15.8,7.7,-2.2));
#5694=CARTESIAN_POINT('',(-15.4923076923077,8.2,-2.93846153846154));
#5695=CARTESIAN_POINT('',(-15.6846153846154,7.7,-2.47692307692308));
#5696=CARTESIAN_POINT('Origin',(-15.4923076923077,7.7,-2.93846153846154));
#5697=CARTESIAN_POINT('Origin',(-15.8,7.7,-2.2));
#5698=CARTESIAN_POINT('Origin',(-15.8,8.2,-2.2));
#5699=CARTESIAN_POINT('Origin',(-16.2751479289941,7.7,-3.2646449704142));
#5700=CARTESIAN_POINT('',(-18.2153846153846,8.2,-4.07307692307692));
#5701=CARTESIAN_POINT('',(-18.4076923076923,7.7,-3.61153846153846));
#5702=CARTESIAN_POINT('Origin',(-18.2153846153846,7.7,-4.07307692307692));
#5703=CARTESIAN_POINT('',(-16.4674556213018,7.7,-2.80310650887574));
#5704=CARTESIAN_POINT('',(-16.2751479289941,8.2,-3.2646449704142));
#5705=CARTESIAN_POINT('Origin',(-18.6,7.7,-3.15));
#5706=CARTESIAN_POINT('',(-18.6,8.2,-4.15));
#5707=CARTESIAN_POINT('',(-18.6,7.7,-3.65));
#5708=CARTESIAN_POINT('Origin',(-18.6,7.7,-4.15));
#5709=CARTESIAN_POINT('Origin',(-18.6,7.7,-3.15));
#5710=CARTESIAN_POINT('Origin',(-18.6,8.2,-3.15));
#5711=CARTESIAN_POINT('Origin',(-22.875,7.7,-4.15));
#5712=CARTESIAN_POINT('',(-30.,8.2,-4.15));
#5713=CARTESIAN_POINT('',(-30.,7.7,-3.65));
#5714=CARTESIAN_POINT('Origin',(-30.,7.7,-4.15));
#5715=CARTESIAN_POINT('',(-22.875,7.7,-3.65));
#5716=CARTESIAN_POINT('',(-22.875,8.2,-4.15));
#5717=CARTESIAN_POINT('Origin',(-30.,7.7,-4.15));
#5718=CARTESIAN_POINT('',(-30.5,7.7,-4.15));
#5719=CARTESIAN_POINT('Origin',(-30.,7.7,-4.15));
#5720=CARTESIAN_POINT('Origin',(-30.,7.7,-4.15));
#5721=CARTESIAN_POINT('Origin',(-15.25,8.2,0.));
#5722=CARTESIAN_POINT('',(-30.,8.2,10.35));
#5723=CARTESIAN_POINT('',(-30.,8.2,1.825));
#5724=CARTESIAN_POINT('',(-18.4,8.2,10.35));
#5725=CARTESIAN_POINT('',(-22.875,8.2,10.35));
#5726=CARTESIAN_POINT('',(-15.4923076923077,8.2,11.5615384615385));
#5727=CARTESIAN_POINT('',(-18.8491124260355,8.2,10.1628698224852));
#5728=CARTESIAN_POINT('',(-15.0475312628398,8.2,12.0283553799602));
#5729=CARTESIAN_POINT('Origin',(-15.8,8.2,12.3));
#5730=CARTESIAN_POINT('',(-13.2521665698885,8.2,12.0283553799602));
#5731=CARTESIAN_POINT('',(-15.3125,8.2,12.0283553799602));
#5732=CARTESIAN_POINT('',(-13.0597469214853,8.2,11.9551708564979));
#5733=CARTESIAN_POINT('Ctrl Pts',(-13.0597469214853,8.2,11.9551708564979));
#5734=CARTESIAN_POINT('Ctrl Pts',(-13.0890143231006,8.2,11.9738428114239));
#5735=CARTESIAN_POINT('Ctrl Pts',(-13.1370922030204,8.2,12.0001272422424));
#5736=CARTESIAN_POINT('Ctrl Pts',(-13.2028182544804,8.2,12.0230682695428));
#5737=CARTESIAN_POINT('Ctrl Pts',(-13.2372881481194,8.2,12.0283553799602));
#5738=CARTESIAN_POINT('Ctrl Pts',(-13.2521665698885,8.2,12.0283553799602));
#5739=CARTESIAN_POINT('',(-9.94025307851477,8.2,11.9551708564979));
#5740=CARTESIAN_POINT('Origin',(-11.5,8.2,14.4));
#5741=CARTESIAN_POINT('',(-9.74783343011152,8.2,12.0283553799602));
#5742=CARTESIAN_POINT('Ctrl Pts',(-9.74783343011152,8.2,12.0283553799602));
#5743=CARTESIAN_POINT('Ctrl Pts',(-9.762707842318,8.2,12.0283553799602));
#5744=CARTESIAN_POINT('Ctrl Pts',(-9.79722369965679,8.2,12.0230527936897));
#5745=CARTESIAN_POINT('Ctrl Pts',(-9.86289434042114,8.2,12.0001223835062));
#5746=CARTESIAN_POINT('Ctrl Pts',(-9.91099356412579,8.2,11.973837779548));
#5747=CARTESIAN_POINT('Ctrl Pts',(-9.94025307851477,8.2,11.9551708564979));
#5748=CARTESIAN_POINT('',(-5.2521665698885,8.2,12.0283553799602));
#5749=CARTESIAN_POINT('',(-15.3125,8.2,12.0283553799602));
#5750=CARTESIAN_POINT('',(-5.05974692148525,8.2,11.9551708564979));
#5751=CARTESIAN_POINT('Ctrl Pts',(-5.05974692148525,8.2,11.9551708564979));
#5752=CARTESIAN_POINT('Ctrl Pts',(-5.08901432310058,8.2,11.9738428114239));
#5753=CARTESIAN_POINT('Ctrl Pts',(-5.13275930480755,8.2,11.9978594399386));
#5754=CARTESIAN_POINT('Ctrl Pts',(-5.19803899010636,8.2,12.021626830913));
#5755=CARTESIAN_POINT('Ctrl Pts',(-5.23232867419632,8.2,12.0283553799602));
#5756=CARTESIAN_POINT('Ctrl Pts',(-5.2521665698885,8.2,12.0283553799602));
#5757=CARTESIAN_POINT('',(-1.94025307851476,8.2,11.9551708564979));
#5758=CARTESIAN_POINT('Origin',(-3.5,8.2,14.4));
#5759=CARTESIAN_POINT('',(-1.74783343011151,8.2,12.0283553799602));
#5760=CARTESIAN_POINT('Ctrl Pts',(-1.74783343011151,8.2,12.0283553799602));
#5761=CARTESIAN_POINT('Ctrl Pts',(-1.76766597972015,8.2,12.0283553799602));
#5762=CARTESIAN_POINT('Ctrl Pts',(-1.80199505240816,8.2,12.0216125759604));
#5763=CARTESIAN_POINT('Ctrl Pts',(-1.86722030370087,8.2,11.9978571131475));
#5764=CARTESIAN_POINT('Ctrl Pts',(-1.91099356412578,8.2,11.973837779548));
#5765=CARTESIAN_POINT('Ctrl Pts',(-1.94025307851476,8.2,11.9551708564979));
#5766=CARTESIAN_POINT('',(-0.500000000000009,8.2,12.0283553799602));
#5767=CARTESIAN_POINT('',(-15.3125,8.2,12.0283553799602));
#5768=CARTESIAN_POINT('',(-0.500000000000006,8.2,-12.0283553799602));
#5769=CARTESIAN_POINT('',(-0.500000000000006,8.2,-5.625));
#5770=CARTESIAN_POINT('',(-1.7478334301115,8.2,-12.0283553799602));
#5771=CARTESIAN_POINT('',(-11.4375,8.2,-12.0283553799602));
#5772=CARTESIAN_POINT('',(-1.94025307851475,8.2,-11.9551708564979));
#5773=CARTESIAN_POINT('Ctrl Pts',(-1.94025307851475,8.2,-11.9551708564979));
#5774=CARTESIAN_POINT('Ctrl Pts',(-1.91098567689942,8.2,-11.973842811424));
#5775=CARTESIAN_POINT('Ctrl Pts',(-1.8672407034824,8.2,-11.997859418115));
#5776=CARTESIAN_POINT('Ctrl Pts',(-1.80196101689798,8.2,-12.0216268138465));
#5777=CARTESIAN_POINT('Ctrl Pts',(-1.76767132580367,8.2,-12.0283553799602));
#5778=CARTESIAN_POINT('Ctrl Pts',(-1.7478334301115,8.2,-12.0283553799602));
#5779=CARTESIAN_POINT('',(-5.05974692148525,8.2,-11.9551708564979));
#5780=CARTESIAN_POINT('Origin',(-3.5,8.2,-14.4));
#5781=CARTESIAN_POINT('',(-5.2521665698885,8.2,-12.0283553799602));
#5782=CARTESIAN_POINT('Ctrl Pts',(-5.2521665698885,8.2,-12.0283553799602));
#5783=CARTESIAN_POINT('Ctrl Pts',(-5.23729215768202,8.2,-12.0283553799602));
#5784=CARTESIAN_POINT('Ctrl Pts',(-5.20277629583438,8.2,-12.0230527886332));
#5785=CARTESIAN_POINT('Ctrl Pts',(-5.13710565300992,8.2,-12.0001223743414));
#5786=CARTESIAN_POINT('Ctrl Pts',(-5.08900643587423,8.2,-11.973837779548));
#5787=CARTESIAN_POINT('Ctrl Pts',(-5.05974692148525,8.2,-11.9551708564979));
#5788=CARTESIAN_POINT('',(-9.74783343011152,8.2,-12.0283553799602));
#5789=CARTESIAN_POINT('',(-11.4375,8.2,-12.0283553799602));
#5790=CARTESIAN_POINT('',(-9.94025307851476,8.2,-11.9551708564979));
#5791=CARTESIAN_POINT('Ctrl Pts',(-9.94025307851476,8.2,-11.9551708564979));
#5792=CARTESIAN_POINT('Ctrl Pts',(-9.91098567689943,8.2,-11.9738428114239));
#5793=CARTESIAN_POINT('Ctrl Pts',(-9.86724068662204,8.2,-11.9978594625003));
#5794=CARTESIAN_POINT('Ctrl Pts',(-9.80196100265269,8.2,-12.0216268485562));
#5795=CARTESIAN_POINT('Ctrl Pts',(-9.76767132580369,8.2,-12.0283553799602));
#5796=CARTESIAN_POINT('Ctrl Pts',(-9.74783343011152,8.2,-12.0283553799602));
#5797=CARTESIAN_POINT('',(-13.0597469214853,8.2,-11.9551708564979));
#5798=CARTESIAN_POINT('Origin',(-11.5,8.2,-14.4));
#5799=CARTESIAN_POINT('',(-13.2521665698885,8.2,-12.0283553799602));
#5800=CARTESIAN_POINT('Ctrl Pts',(-13.2521665698885,8.2,-12.0283553799602));
#5801=CARTESIAN_POINT('Ctrl Pts',(-13.237292157682,8.2,-12.0283553799602));
#5802=CARTESIAN_POINT('Ctrl Pts',(-13.2027763027874,8.2,-12.0230527964307));
#5803=CARTESIAN_POINT('Ctrl Pts',(-13.1371056631398,8.2,-12.0001223884745));
#5804=CARTESIAN_POINT('Ctrl Pts',(-13.0890064358742,8.2,-11.973837779548));
#5805=CARTESIAN_POINT('Ctrl Pts',(-13.0597469214853,8.2,-11.9551708564979));
#5806=CARTESIAN_POINT('',(-15.0475312628398,8.2,-12.0283553799602));
#5807=CARTESIAN_POINT('',(-11.4375,8.2,-12.0283553799602));
#5808=CARTESIAN_POINT('',(-15.4923076923077,8.2,-11.5615384615385));
#5809=CARTESIAN_POINT('Origin',(-15.8,8.2,-12.3));
#5810=CARTESIAN_POINT('',(-18.2153846153846,8.2,-10.4269230769231));
#5811=CARTESIAN_POINT('',(-17.3491124260355,8.2,-10.7878698224852));
#5812=CARTESIAN_POINT('',(-18.6,8.2,-10.35));
#5813=CARTESIAN_POINT('Origin',(-18.6,8.2,-11.35));
#5814=CARTESIAN_POINT('',(-30.,8.2,-10.35));
#5815=CARTESIAN_POINT('',(-16.875,8.2,-10.35));
#5816=CARTESIAN_POINT('',(-30.,8.2,-5.425));
#5817=CARTESIAN_POINT('',(-3.8,8.2,-3.2));
#5818=CARTESIAN_POINT('',(-9.3,8.2,-3.2));
#5819=CARTESIAN_POINT('',(-12.275,8.2,-3.2));
#5820=CARTESIAN_POINT('',(-3.79999999999999,8.2,3.2));
#5821=CARTESIAN_POINT('Origin',(-3.8,8.2,4.65365783675994E-16));
#5822=CARTESIAN_POINT('',(-9.3,8.2,3.2));
#5823=CARTESIAN_POINT('',(-9.525,8.2,3.2));
#5824=CARTESIAN_POINT('Origin',(-9.3,8.2,1.13892152320704E-15));
#5825=CARTESIAN_POINT('Origin',(-30.,7.7,1.825));
#5826=CARTESIAN_POINT('',(-30.5,7.7,10.35));
#5827=CARTESIAN_POINT('',(-30.5,7.7,1.825));
#5828=CARTESIAN_POINT('Origin',(-30.,7.7,10.35));
#5829=CARTESIAN_POINT('Origin',(-30.,4.2,4.15));
#5830=CARTESIAN_POINT('',(-30.,7.54650023408235,3.65));
#5831=CARTESIAN_POINT('',(-30.,4.2,3.65));
#5832=CARTESIAN_POINT('',(-30.5,7.54650023408235,4.15));
#5833=CARTESIAN_POINT('Origin',(-30.,7.54650023408235,4.15));
#5834=CARTESIAN_POINT('',(-30.5,4.2,4.15));
#5835=CARTESIAN_POINT('Origin',(-15.,0.2,-18.9));
#5836=CARTESIAN_POINT('',(-15.,0.2,-19.4));
#5837=CARTESIAN_POINT('',(-15.,0.,-19.2));
#5838=CARTESIAN_POINT('Origin',(-15.,0.2,-19.2));
#5839=CARTESIAN_POINT('',(-15.3,0.,-18.9));
#5840=CARTESIAN_POINT('Origin',(-15.,0.,-18.9));
#5841=CARTESIAN_POINT('',(-15.5,0.2,-18.9));
#5842=CARTESIAN_POINT('Origin',(-15.3,0.2,-18.9));
#5843=CARTESIAN_POINT('Origin',(-15.,0.2,-18.9));
#5844=CARTESIAN_POINT('Ctrl Pts',(-15.1908104316678,8.17780740304417,-12.06570750593));
#5845=CARTESIAN_POINT('Ctrl Pts',(-15.1455771966474,8.19280364905271,-12.0478150593368));
#5846=CARTESIAN_POINT('Ctrl Pts',(-15.0960908734912,8.2,-12.0348589331701));
#5847=CARTESIAN_POINT('Ctrl Pts',(-15.0475312628398,8.2,-12.0283553799602));
#5848=CARTESIAN_POINT('Ctrl Pts',(-15.175006524527,8.17801326961421,-12.104939438028));
#5849=CARTESIAN_POINT('Ctrl Pts',(-15.1349750374098,8.19120993859496,-12.0890157623873));
#5850=CARTESIAN_POINT('Ctrl Pts',(-15.0910718087309,8.19848394017578,-12.0785505599466));
#5851=CARTESIAN_POINT('Ctrl Pts',(-15.0475312628398,8.2,-12.0742196007672));
#5852=CARTESIAN_POINT('Ctrl Pts',(-15.1554361654684,8.16498401711149,-12.142602779181));
#5853=CARTESIAN_POINT('Ctrl Pts',(-15.1218809836424,8.17605065838607,-12.1291366639823));
#5854=CARTESIAN_POINT('Ctrl Pts',(-15.0845873616233,8.18223010384066,-12.1215831465809));
#5855=CARTESIAN_POINT('Ctrl Pts',(-15.0475312628398,8.1836303468502,-12.1199164113323));
#5856=CARTESIAN_POINT('Ctrl Pts',(-15.1358138275369,8.14119261024113,-12.1715489908733));
#5857=CARTESIAN_POINT('Ctrl Pts',(-15.1087553409551,8.15019035784625,-12.1606017312871));
#5858=CARTESIAN_POINT('Ctrl Pts',(-15.0780757165182,8.15450816841463,-12.1553483950955));
#5859=CARTESIAN_POINT('Ctrl Pts',(-15.0475312628398,8.15450816841463,-12.1553483950955));
#5860=CARTESIAN_POINT('',(-15.0475312628398,8.15450816841463,-12.1553483950955));
#5861=CARTESIAN_POINT('Origin',(-15.0475312628398,8.,-12.0283553799602));
#5862=CARTESIAN_POINT('',(-15.1358138275369,8.14119261024113,-12.1715489908733));
#5863=CARTESIAN_POINT('Ctrl Pts',(-15.0475312628398,8.15450816841463,-12.1553483950955));
#5864=CARTESIAN_POINT('Ctrl Pts',(-15.0780757165182,8.15450816841463,-12.1553483950955));
#5865=CARTESIAN_POINT('Ctrl Pts',(-15.1087553409551,8.15019035784625,-12.1606017312871));
#5866=CARTESIAN_POINT('Ctrl Pts',(-15.1358138275369,8.14119261024113,-12.1715489908733));
#5867=CARTESIAN_POINT('',(-15.1908104316678,8.17780740304419,-12.0657075059299));
#5868=CARTESIAN_POINT('Origin',(-15.1358138275369,7.98668444182651,-12.044555975738));
#5869=CARTESIAN_POINT('Ctrl Pts',(-15.1908104316678,8.17780740304417,-12.06570750593));
#5870=CARTESIAN_POINT('Ctrl Pts',(-15.1455771966474,8.19280364905271,-12.0478150593368));
#5871=CARTESIAN_POINT('Ctrl Pts',(-15.0960908734912,8.2,-12.0348589331701));
#5872=CARTESIAN_POINT('Ctrl Pts',(-15.0475312628398,8.2,-12.0283553799602));
#5873=CARTESIAN_POINT('Ctrl Pts',(-15.5358246944135,7.7,-12.1578331687127));
#5874=CARTESIAN_POINT('Ctrl Pts',(-15.5357684059192,7.70107392955964,-12.1579377643489));
#5875=CARTESIAN_POINT('Ctrl Pts',(-15.5356987085862,7.70214756674771,-12.1580419826448));
#5876=CARTESIAN_POINT('Ctrl Pts',(-15.5265967824305,7.90804623495792,-12.1771217607079));
#5877=CARTESIAN_POINT('Ctrl Pts',(-15.3811215954891,8.11471324164833,-12.140986940028));
#5878=CARTESIAN_POINT('Ctrl Pts',(-15.1908104316678,8.17780740304419,-12.0657075059299));
#5879=CARTESIAN_POINT('Ctrl Pts',(-15.5358246944135,7.7,-12.1578331687127));
#5880=CARTESIAN_POINT('Ctrl Pts',(-15.5357655247803,7.70095732795418,-12.1581071314834));
#5881=CARTESIAN_POINT('Ctrl Pts',(-15.5355312416119,7.70214993121028,-12.1581984218118));
#5882=CARTESIAN_POINT('Ctrl Pts',(-15.516321762331,7.89772418417273,-12.1995744941603));
#5883=CARTESIAN_POINT('Ctrl Pts',(-15.3729377493344,8.1124684532928,-12.1851276237232));
#5884=CARTESIAN_POINT('Ctrl Pts',(-15.175006524527,8.17801326961422,-12.104939438028));
#5885=CARTESIAN_POINT('Ctrl Pts',(-15.5358246944135,7.7,-12.1578331687127));
#5886=CARTESIAN_POINT('Ctrl Pts',(-15.5357493051802,7.70094455243337,-12.1581267979205));
#5887=CARTESIAN_POINT('Ctrl Pts',(-15.5353780048553,7.70205257237452,-12.1584924290312));
#5888=CARTESIAN_POINT('Ctrl Pts',(-15.5057205286954,7.89081895615369,-12.2192943281079));
#5889=CARTESIAN_POINT('Ctrl Pts',(-15.3541762507092,8.10009573396665,-12.2210412956503));
#5890=CARTESIAN_POINT('Ctrl Pts',(-15.1554361654684,8.1649840171115,-12.142602779181));
#5891=CARTESIAN_POINT('Ctrl Pts',(-15.5358246944135,7.7,-12.1578331687127));
#5892=CARTESIAN_POINT('Ctrl Pts',(-15.535594528824,7.70096120211754,-12.1582608638677));
#5893=CARTESIAN_POINT('Ctrl Pts',(-15.5353545347686,7.7019241838554,-12.1586809609188));
#5894=CARTESIAN_POINT('Ctrl Pts',(-15.4920174179074,7.88569986604663,-12.2416084740659));
#5895=CARTESIAN_POINT('Ctrl Pts',(-15.3257093752139,8.0782888835379,-12.2480818583622));
#5896=CARTESIAN_POINT('Ctrl Pts',(-15.1358138275369,8.14119261024113,-12.1715489908733));
#5897=CARTESIAN_POINT('',(-15.5358246944135,7.7,-12.1578331687127));
#5898=CARTESIAN_POINT('Ctrl Pts',(-15.1358138275369,8.14119261024113,-12.1715489908733));
#5899=CARTESIAN_POINT('Ctrl Pts',(-15.3257093752139,8.0782888835379,-12.2480818583622));
#5900=CARTESIAN_POINT('Ctrl Pts',(-15.4920174179074,7.88569986604663,-12.2416084740659));
#5901=CARTESIAN_POINT('Ctrl Pts',(-15.5353545347686,7.7019241838554,-12.1586809609188));
#5902=CARTESIAN_POINT('Ctrl Pts',(-15.535594528824,7.70096120211754,-12.1582608638677));
#5903=CARTESIAN_POINT('Ctrl Pts',(-15.5358246944135,7.7,-12.1578331687127));
#5904=CARTESIAN_POINT('Ctrl Pts',(-15.5358246944135,7.7,-12.1578331687127));
#5905=CARTESIAN_POINT('Ctrl Pts',(-15.5357684059192,7.70107392955964,-12.1579377643489));
#5906=CARTESIAN_POINT('Ctrl Pts',(-15.5356987085862,7.70214756674771,-12.1580419826448));
#5907=CARTESIAN_POINT('Ctrl Pts',(-15.5265967824305,7.90804623495792,-12.1771217607079));
#5908=CARTESIAN_POINT('Ctrl Pts',(-15.3811215954891,8.11471324164833,-12.140986940028));
#5909=CARTESIAN_POINT('Ctrl Pts',(-15.1908104316678,8.17780740304419,-12.0657075059299));
#5910=CARTESIAN_POINT('Origin',(-15.,0.2,18.9));
#5911=CARTESIAN_POINT('',(-15.,0.,19.2));
#5912=CARTESIAN_POINT('',(-15.,0.2,19.4));
#5913=CARTESIAN_POINT('Origin',(-15.,0.2,19.2));
#5914=CARTESIAN_POINT('',(-15.5,0.2,18.9));
#5915=CARTESIAN_POINT('Origin',(-15.,0.2,18.9));
#5916=CARTESIAN_POINT('',(-15.3,0.,18.9));
#5917=CARTESIAN_POINT('Origin',(-15.3,0.2,18.9));
#5918=CARTESIAN_POINT('Origin',(-15.,0.,18.9));
#5919=CARTESIAN_POINT('Ctrl Pts',(-15.1358138275369,8.14119261024113,12.1715489908733));
#5920=CARTESIAN_POINT('Ctrl Pts',(-15.1087553409551,8.15019035784625,12.1606017312871));
#5921=CARTESIAN_POINT('Ctrl Pts',(-15.0780757165182,8.15450816841463,12.1553483950955));
#5922=CARTESIAN_POINT('Ctrl Pts',(-15.0475312628398,8.15450816841463,12.1553483950955));
#5923=CARTESIAN_POINT('Ctrl Pts',(-15.1554361654684,8.16498401711149,12.142602779181));
#5924=CARTESIAN_POINT('Ctrl Pts',(-15.1218809836424,8.17605065838607,12.1291366639823));
#5925=CARTESIAN_POINT('Ctrl Pts',(-15.0845873616233,8.18223010384066,12.1215831465809));
#5926=CARTESIAN_POINT('Ctrl Pts',(-15.0475312628398,8.1836303468502,12.1199164113323));
#5927=CARTESIAN_POINT('Ctrl Pts',(-15.175006524527,8.17801326961421,12.104939438028));
#5928=CARTESIAN_POINT('Ctrl Pts',(-15.1349750374098,8.19120993859496,12.0890157623873));
#5929=CARTESIAN_POINT('Ctrl Pts',(-15.0910718087309,8.19848394017578,12.0785505599466));
#5930=CARTESIAN_POINT('Ctrl Pts',(-15.0475312628398,8.2,12.0742196007672));
#5931=CARTESIAN_POINT('Ctrl Pts',(-15.1908104316678,8.17780740304418,12.0657075059299));
#5932=CARTESIAN_POINT('Ctrl Pts',(-15.1455771966474,8.19280364905271,12.0478150593367));
#5933=CARTESIAN_POINT('Ctrl Pts',(-15.0960908734912,8.2,12.0348589331701));
#5934=CARTESIAN_POINT('Ctrl Pts',(-15.0475312628398,8.2,12.0283553799602));
#5935=CARTESIAN_POINT('',(-15.0475312628398,8.15450816841463,12.1553483950955));
#5936=CARTESIAN_POINT('Origin',(-15.0475312628398,8.,12.0283553799602));
#5937=CARTESIAN_POINT('',(-15.1908104316678,8.17780740304419,12.0657075059299));
#5938=CARTESIAN_POINT('Ctrl Pts',(-15.0475312628398,8.2,12.0283553799602));
#5939=CARTESIAN_POINT('Ctrl Pts',(-15.0960908734912,8.2,12.0348589331701));
#5940=CARTESIAN_POINT('Ctrl Pts',(-15.1455771966474,8.19280364905271,12.0478150593367));
#5941=CARTESIAN_POINT('Ctrl Pts',(-15.1908104316678,8.17780740304418,12.0657075059299));
#5942=CARTESIAN_POINT('',(-15.1358138275369,8.14119261024114,12.1715489908733));
#5943=CARTESIAN_POINT('Origin',(-15.1358138275369,7.98668444182652,12.044555975738));
#5944=CARTESIAN_POINT('Ctrl Pts',(-15.1358138275369,8.14119261024113,12.1715489908733));
#5945=CARTESIAN_POINT('Ctrl Pts',(-15.1087553409551,8.15019035784625,12.1606017312871));
#5946=CARTESIAN_POINT('Ctrl Pts',(-15.0780757165182,8.15450816841463,12.1553483950955));
#5947=CARTESIAN_POINT('Ctrl Pts',(-15.0475312628398,8.15450816841463,12.1553483950955));
#5948=CARTESIAN_POINT('Ctrl Pts',(-15.5358246944135,7.7,12.1578331687127));
#5949=CARTESIAN_POINT('Ctrl Pts',(-15.5355945288239,7.70096120211788,12.1582608638679));
#5950=CARTESIAN_POINT('Ctrl Pts',(-15.5353545347686,7.70192418385533,12.1586809609188));
#5951=CARTESIAN_POINT('Ctrl Pts',(-15.4920174179047,7.88569986606667,12.2416084740712));
#5952=CARTESIAN_POINT('Ctrl Pts',(-15.3257093752139,8.0782888835379,12.2480818583622));
#5953=CARTESIAN_POINT('Ctrl Pts',(-15.1358138275369,8.14119261024114,12.1715489908733));
#5954=CARTESIAN_POINT('Ctrl Pts',(-15.5358246944135,7.7,12.1578331687127));
#5955=CARTESIAN_POINT('Ctrl Pts',(-15.5357493051801,7.70094455243372,12.1581267979206));
#5956=CARTESIAN_POINT('Ctrl Pts',(-15.5353780048554,7.70205257237446,12.1584924290312));
#5957=CARTESIAN_POINT('Ctrl Pts',(-15.5057205286927,7.89081895617373,12.2192943281133));
#5958=CARTESIAN_POINT('Ctrl Pts',(-15.3541762507092,8.10009573396665,12.2210412956503));
#5959=CARTESIAN_POINT('Ctrl Pts',(-15.1554361654684,8.1649840171115,12.142602779181));
#5960=CARTESIAN_POINT('Ctrl Pts',(-15.5358246944135,7.7,12.1578331687127));
#5961=CARTESIAN_POINT('Ctrl Pts',(-15.5357655247803,7.70095732795454,12.1581071314835));
#5962=CARTESIAN_POINT('Ctrl Pts',(-15.5355312416119,7.70214993121021,12.1581984218118));
#5963=CARTESIAN_POINT('Ctrl Pts',(-15.5163217623281,7.89772418419292,12.1995744941657));
#5964=CARTESIAN_POINT('Ctrl Pts',(-15.3729377493344,8.1124684532928,12.1851276237232));
#5965=CARTESIAN_POINT('Ctrl Pts',(-15.175006524527,8.17801326961422,12.104939438028));
#5966=CARTESIAN_POINT('Ctrl Pts',(-15.5358246944135,7.7,12.1578331687127));
#5967=CARTESIAN_POINT('Ctrl Pts',(-15.5357684059192,7.70107392956001,12.157937764349));
#5968=CARTESIAN_POINT('Ctrl Pts',(-15.5356987085863,7.70214756674764,12.1580419826448));
#5969=CARTESIAN_POINT('Ctrl Pts',(-15.5265967824276,7.90804623497811,12.1771217607133));
#5970=CARTESIAN_POINT('Ctrl Pts',(-15.3811215954891,8.11471324164833,12.140986940028));
#5971=CARTESIAN_POINT('Ctrl Pts',(-15.1908104316678,8.17780740304419,12.0657075059299));
#5972=CARTESIAN_POINT('',(-15.5358246944135,7.7,12.1578331687127));
#5973=CARTESIAN_POINT('Ctrl Pts',(-15.1908104316678,8.17780740304419,12.0657075059299));
#5974=CARTESIAN_POINT('Ctrl Pts',(-15.3811215954891,8.11471324164833,12.140986940028));
#5975=CARTESIAN_POINT('Ctrl Pts',(-15.5265967824276,7.90804623497811,12.1771217607133));
#5976=CARTESIAN_POINT('Ctrl Pts',(-15.5356987085863,7.70214756674764,12.1580419826448));
#5977=CARTESIAN_POINT('Ctrl Pts',(-15.5357684059192,7.70107392956001,12.157937764349));
#5978=CARTESIAN_POINT('Ctrl Pts',(-15.5358246944135,7.7,12.1578331687127));
#5979=CARTESIAN_POINT('Ctrl Pts',(-15.5358246944135,7.7,12.1578331687127));
#5980=CARTESIAN_POINT('Ctrl Pts',(-15.5355945288239,7.70096120211788,12.1582608638679));
#5981=CARTESIAN_POINT('Ctrl Pts',(-15.5353545347686,7.70192418385533,12.1586809609188));
#5982=CARTESIAN_POINT('Ctrl Pts',(-15.4920174179047,7.88569986606667,12.2416084740712));
#5983=CARTESIAN_POINT('Ctrl Pts',(-15.3257093752139,8.0782888835379,12.2480818583622));
#5984=CARTESIAN_POINT('Ctrl Pts',(-15.1358138275369,8.14119261024114,12.1715489908733));
#5985=CARTESIAN_POINT('Origin',(-18.8491124260355,7.7,10.1628698224852));
#5986=CARTESIAN_POINT('',(-18.5,7.7,10.85));
#5987=CARTESIAN_POINT('',(-15.6846153846154,7.7,12.0230769230769));
#5988=CARTESIAN_POINT('',(-19.0414201183432,7.7,10.6244082840237));
#5989=CARTESIAN_POINT('Origin',(-15.4923076923077,7.7,11.5615384615385));
#5990=CARTESIAN_POINT('Origin',(-18.4,7.7,10.35));
#5991=CARTESIAN_POINT('Origin',(-15.8,7.7,12.3));
#5992=CARTESIAN_POINT('Origin',(-15.8,7.7,12.3));
#5993=CARTESIAN_POINT('Origin',(-30.,7.7,10.35));
#5994=CARTESIAN_POINT('',(-30.,7.7,10.85));
#5995=CARTESIAN_POINT('Origin',(-30.,7.7,10.35));
#5996=CARTESIAN_POINT('Origin',(-30.,7.7,10.35));
#5997=CARTESIAN_POINT('Origin',(-22.875,7.7,10.35));
#5998=CARTESIAN_POINT('',(-22.875,7.7,10.85));
#5999=CARTESIAN_POINT('Origin',(-0.499999999999998,0.2,-18.9));
#6000=CARTESIAN_POINT('',(-0.499999999999998,0.,-19.2));
#6001=CARTESIAN_POINT('',(-0.499999999999998,0.2,-19.4));
#6002=CARTESIAN_POINT('Origin',(-0.499999999999998,0.2,-19.2));
#6003=CARTESIAN_POINT('',(1.56125112837913E-15,0.2,-18.9));
#6004=CARTESIAN_POINT('Origin',(-0.499999999999998,0.2,-18.9));
#6005=CARTESIAN_POINT('',(-0.199999999999998,0.,-18.9));
#6006=CARTESIAN_POINT('Origin',(-0.199999999999998,0.2,-18.9));
#6007=CARTESIAN_POINT('Origin',(-0.499999999999998,0.,-18.9));
#6008=CARTESIAN_POINT('Origin',(-0.500000000000018,0.2,18.9));
#6009=CARTESIAN_POINT('',(-0.200000000000018,0.,18.9));
#6010=CARTESIAN_POINT('',(-1.81105130891979E-14,0.2,18.9));
#6011=CARTESIAN_POINT('Origin',(-0.200000000000018,0.2,18.9));
#6012=CARTESIAN_POINT('',(-0.500000000000018,0.2,19.4));
#6013=CARTESIAN_POINT('Origin',(-0.500000000000018,0.2,18.9));
#6014=CARTESIAN_POINT('',(-0.500000000000018,0.,19.2));
#6015=CARTESIAN_POINT('Origin',(-0.500000000000018,0.2,19.2));
#6016=CARTESIAN_POINT('Origin',(-0.500000000000018,0.,18.9));
#6017=CARTESIAN_POINT('Ctrl Pts',(-2.18575157973078E-15,7.70000000000001,
-11.9208884499006));
#6018=CARTESIAN_POINT('Ctrl Pts',(-6.00464663150079E-15,7.93797992048133,
-12.0436513901315));
#6019=CARTESIAN_POINT('Ctrl Pts',(-0.238200612200847,8.15450816841463,-12.1553483950955));
#6020=CARTESIAN_POINT('Ctrl Pts',(-0.499999999999999,8.15450816841463,-12.1553483950955));
#6021=CARTESIAN_POINT('Ctrl Pts',(-2.18575157973074E-15,7.70000000000001,
-11.9208884499006));
#6022=CARTESIAN_POINT('Ctrl Pts',(-5.20583336802993E-15,7.94591974292061,
-12.0214869277201));
#6023=CARTESIAN_POINT('Ctrl Pts',(-0.229524437553023,8.1836303468502,-12.1199164113323));
#6024=CARTESIAN_POINT('Ctrl Pts',(-0.499999999999999,8.1836303468502,-12.1199164113323));
#6025=CARTESIAN_POINT('Ctrl Pts',(-2.18575157973077E-15,7.70000000000001,
-11.9208884499006));
#6026=CARTESIAN_POINT('Ctrl Pts',(-4.96894552581809E-15,7.95385956535988,
-11.9993224653086));
#6027=CARTESIAN_POINT('Ctrl Pts',(-0.229524437553022,8.2,-12.0742196007672));
#6028=CARTESIAN_POINT('Ctrl Pts',(-0.5,8.2,-12.0742196007672));
#6029=CARTESIAN_POINT('Ctrl Pts',(-2.18575157973078E-15,7.70000000000001,
-11.9208884499006));
#6030=CARTESIAN_POINT('Ctrl Pts',(-5.29398310486515E-15,7.96179938779916,
-11.9771580028971));
#6031=CARTESIAN_POINT('Ctrl Pts',(-0.238200612200849,8.2,-12.0283553799602));
#6032=CARTESIAN_POINT('Ctrl Pts',(-0.500000000000001,8.2,-12.0283553799602));
#6033=CARTESIAN_POINT('',(-0.500000000000007,8.15450816841463,-12.1553483950955));
#6034=CARTESIAN_POINT('Origin',(-0.500000000000005,8.,-12.0283553799602));
#6035=CARTESIAN_POINT('',(-2.70616862252382E-15,7.7,-11.9208884499006));
#6036=CARTESIAN_POINT('Origin',(-0.500000000000003,7.7,-11.9208884499006));
#6037=CARTESIAN_POINT('Origin',(-0.500000000000003,7.7,-11.9208884499006));
#6038=CARTESIAN_POINT('Ctrl Pts',(-1.49186218934005E-14,7.7,11.9208884499006));
#6039=CARTESIAN_POINT('Ctrl Pts',(-1.26221188687404E-14,7.96179938779914,
11.9771580028971));
#6040=CARTESIAN_POINT('Ctrl Pts',(-0.238200612200865,8.2,12.0283553799602));
#6041=CARTESIAN_POINT('Ctrl Pts',(-0.500000000000014,8.2,12.0283553799602));
#6042=CARTESIAN_POINT('Ctrl Pts',(-1.49186218934005E-14,7.69999999999999,
11.9208884499006));
#6043=CARTESIAN_POINT('Ctrl Pts',(-1.19683805219666E-14,7.95385956535987,
11.9993224653086));
#6044=CARTESIAN_POINT('Ctrl Pts',(-0.22952443755304,8.2,12.0742196007672));
#6045=CARTESIAN_POINT('Ctrl Pts',(-0.500000000000013,8.2,12.0742196007672));
#6046=CARTESIAN_POINT('Ctrl Pts',(-1.49186218934005E-14,7.69999999999999,
11.9208884499006));
#6047=CARTESIAN_POINT('Ctrl Pts',(-1.19904179561754E-14,7.94591974292059,
12.02148692772));
#6048=CARTESIAN_POINT('Ctrl Pts',(-0.22952443755304,8.1836303468502,12.1199164113323));
#6049=CARTESIAN_POINT('Ctrl Pts',(-0.500000000000013,8.1836303468502,12.1199164113323));
#6050=CARTESIAN_POINT('Ctrl Pts',(-1.49186218934005E-14,7.69999999999999,
11.9208884499006));
#6051=CARTESIAN_POINT('Ctrl Pts',(-1.26882311713668E-14,7.93797992048132,
12.0436513901315));
#6052=CARTESIAN_POINT('Ctrl Pts',(-0.238200612200865,8.15450816841463,12.1553483950955));
#6053=CARTESIAN_POINT('Ctrl Pts',(-0.500000000000013,8.15450816841463,12.1553483950955));
#6054=CARTESIAN_POINT('',(-0.50000000000001,8.15450816841463,12.1553483950955));
#6055=CARTESIAN_POINT('Origin',(-0.500000000000011,8.,12.0283553799602));
#6056=CARTESIAN_POINT('',(-1.42247325030098E-14,7.7,11.9208884499006));
#6057=CARTESIAN_POINT('Origin',(-0.500000000000014,7.7,11.9208884499006));
#6058=CARTESIAN_POINT('Origin',(-0.500000000000014,7.7,11.9208884499006));
#6059=CARTESIAN_POINT('Origin',(-15.,1.96374393142512,18.9));
#6060=CARTESIAN_POINT('',(-15.,1.96374393142512,19.4));
#6061=CARTESIAN_POINT('',(-15.5,1.96374393142512,18.9));
#6062=CARTESIAN_POINT('Origin',(-15.,1.96374393142512,18.9));
#6063=CARTESIAN_POINT('',(-15.,2.35001435246169,19.2174825378383));
#6064=CARTESIAN_POINT('Origin',(-15.,1.96374393142512,18.9));
#6065=CARTESIAN_POINT('Origin',(-15.,1.96374393142512,18.9));
#6066=CARTESIAN_POINT('Origin',(-0.500000000000018,1.96374393142512,18.9));
#6067=CARTESIAN_POINT('',(-1.75865243367829E-14,1.96374393142512,18.9));
#6068=CARTESIAN_POINT('',(-0.500000000000018,1.96374393142512,19.4));
#6069=CARTESIAN_POINT('Origin',(-0.500000000000018,1.96374393142512,18.9));
#6070=CARTESIAN_POINT('',(-0.500000000000018,2.35001435246169,19.2174825378383));
#6071=CARTESIAN_POINT('Origin',(-0.500000000000018,1.96374393142512,18.9));
#6072=CARTESIAN_POINT('Origin',(-0.500000000000018,1.96374393142512,18.9));
#6073=CARTESIAN_POINT('Origin',(-0.500000000000013,10.3877020282859,8.65085098215277));
#6074=CARTESIAN_POINT('',(-0.500000000000015,6.15302231010715,14.590489522703));
#6075=CARTESIAN_POINT('',(-0.500000000000013,10.7739724493224,8.96833351999105));
#6076=CARTESIAN_POINT('',(-0.500000000000013,10.7739724493224,8.96833351999105));
#6077=CARTESIAN_POINT('',(-1.23512311489549E-14,10.3877020282859,8.65085098215277));
#6078=CARTESIAN_POINT('Origin',(-15.4375,1.96374393142512,18.9));
#6079=CARTESIAN_POINT('',(-15.4375,2.35001435246169,19.2174825378383));
#6080=CARTESIAN_POINT('',(-15.4375,1.96374393142512,19.4));
#6081=CARTESIAN_POINT('Origin',(-0.500000000000018,0.,18.9));
#6082=CARTESIAN_POINT('',(-1.76247905159244E-14,0.,18.9));
#6083=CARTESIAN_POINT('',(-0.500000000000018,0.,19.4));
#6084=CARTESIAN_POINT('Ctrl Pts',(-15.5509301853263,7.75492218920458,12.1327749198881));
#6085=CARTESIAN_POINT('Ctrl Pts',(-15.517971722777,7.64732925488527,12.1818641961713));
#6086=CARTESIAN_POINT('Ctrl Pts',(-15.5,7.5179951715091,12.2408728717117));
#6087=CARTESIAN_POINT('Ctrl Pts',(-15.5,7.3884014656717,12.3));
#6088=CARTESIAN_POINT('Ctrl Pts',(-15.5192750336345,7.83814377899219,12.1799230077232));
#6089=CARTESIAN_POINT('Ctrl Pts',(-15.4899894554506,7.73472094507348,12.2438760775279));
#6090=CARTESIAN_POINT('Ctrl Pts',(-15.4832482736175,7.61098474614769,12.31750994283));
#6091=CARTESIAN_POINT('Ctrl Pts',(-15.5,7.48952682542399,12.383116734043));
#6092=CARTESIAN_POINT('Ctrl Pts',(-15.4038832859221,8.00436382313326,12.239068384958));
#6093=CARTESIAN_POINT('Ctrl Pts',(-15.3646666128276,7.90906959903342,12.3361473320348));
#6094=CARTESIAN_POINT('Ctrl Pts',(-15.3609773555819,7.79686492175965,12.4486223363893));
#6095=CARTESIAN_POINT('Ctrl Pts',(-15.3916235706954,7.69094666875244,12.5486672902033));
#6096=CARTESIAN_POINT('Ctrl Pts',(-15.2252502465859,8.11173713699245,12.2073864833259));
#6097=CARTESIAN_POINT('Ctrl Pts',(-15.153684441752,8.01142473858189,12.3296464207513));
#6098=CARTESIAN_POINT('Ctrl Pts',(-15.1203684900193,7.89132419973992,12.4750200823658));
#6099=CARTESIAN_POINT('Ctrl Pts',(-15.1308996938996,7.77467188670827,12.6174825378383));
#6100=CARTESIAN_POINT('Ctrl Pts',(-15.1358138275369,8.14119261024116,12.1715489908733));
#6101=CARTESIAN_POINT('Ctrl Pts',(-15.047924594072,8.03359967592184,12.3024537276284));
#6102=CARTESIAN_POINT('Ctrl Pts',(-15.,7.90426559254566,12.4598101957361));
#6103=CARTESIAN_POINT('Ctrl Pts',(-15.,7.77467188670827,12.6174825378383));
#6104=CARTESIAN_POINT('',(-15.5,7.3884014656717,12.3));
#6105=CARTESIAN_POINT('Origin',(-15.8,7.3884014656717,12.3));
#6106=CARTESIAN_POINT('',(-15.,7.77467188670827,12.6174825378383));
#6107=CARTESIAN_POINT('Origin',(-15.,7.3884014656717,12.3));
#6108=CARTESIAN_POINT('Origin',(-15.8,7.77467188670827,12.6174825378383));
#6109=CARTESIAN_POINT('Origin',(-15.,4.56258163406479,15.7380807951217));
#6110=CARTESIAN_POINT('',(-15.,4.94885205510135,16.05556333296));
#6111=CARTESIAN_POINT('',(-15.5,4.56258163406479,15.7380807951217));
#6112=CARTESIAN_POINT('Origin',(-15.,0.,18.9));
#6113=CARTESIAN_POINT('',(-15.,0.,19.4));
#6114=CARTESIAN_POINT('',(-15.5,0.,18.9));
#6115=CARTESIAN_POINT('Origin',(-0.500000000000006,7.7,-5.625));
#6116=CARTESIAN_POINT('',(-5.06539254985228E-15,7.7,-5.625));
#6117=CARTESIAN_POINT('Origin',(-15.,1.96374393142512,-18.9));
#6118=CARTESIAN_POINT('',(-15.5,1.96374393142512,-18.9));
#6119=CARTESIAN_POINT('',(-15.,1.96374393142512,-19.4));
#6120=CARTESIAN_POINT('Origin',(-15.,1.96374393142512,-18.9));
#6121=CARTESIAN_POINT('',(-15.,2.35001435246169,-19.2174825378383));
#6122=CARTESIAN_POINT('Origin',(-15.,1.96374393142512,-18.9));
#6123=CARTESIAN_POINT('Origin',(-15.,1.96374393142512,-18.9));
#6124=CARTESIAN_POINT('Origin',(-15.,2.87023086690161,-17.7971075618369));
#6125=CARTESIAN_POINT('',(-15.5,7.3884014656717,-12.3));
#6126=CARTESIAN_POINT('',(-15.,7.77467188670827,-12.6174825378383));
#6127=CARTESIAN_POINT('Origin',(-15.,7.3884014656717,-12.3));
#6128=CARTESIAN_POINT('',(-15.,3.25650128793818,-18.1145900996752));
#6129=CARTESIAN_POINT('',(-15.5,2.87023086690161,-17.7971075618369));
#6130=CARTESIAN_POINT('Ctrl Pts',(-15.5,7.3884014656717,-12.3));
#6131=CARTESIAN_POINT('Ctrl Pts',(-15.5,7.5179951715091,-12.2408728717117));
#6132=CARTESIAN_POINT('Ctrl Pts',(-15.517971722777,7.64732925488527,-12.1818641961713));
#6133=CARTESIAN_POINT('Ctrl Pts',(-15.5509301853263,7.75492218920459,-12.1327749198881));
#6134=CARTESIAN_POINT('Ctrl Pts',(-15.5,7.489526825424,-12.383116734043));
#6135=CARTESIAN_POINT('Ctrl Pts',(-15.4832482736175,7.6109847461477,-12.31750994283));
#6136=CARTESIAN_POINT('Ctrl Pts',(-15.4899894554506,7.73472094507348,-12.2438760775279));
#6137=CARTESIAN_POINT('Ctrl Pts',(-15.5192750336345,7.83814377899219,-12.1799230077232));
#6138=CARTESIAN_POINT('Ctrl Pts',(-15.3916235706954,7.69094666875244,-12.5486672902033));
#6139=CARTESIAN_POINT('Ctrl Pts',(-15.3609773555819,7.79686492175965,-12.4486223363893));
#6140=CARTESIAN_POINT('Ctrl Pts',(-15.3646666128276,7.90906959903342,-12.3361473320348));
#6141=CARTESIAN_POINT('Ctrl Pts',(-15.4038832859221,8.00436382313326,-12.239068384958));
#6142=CARTESIAN_POINT('Ctrl Pts',(-15.1308996938996,7.77467188670827,-12.6174825378383));
#6143=CARTESIAN_POINT('Ctrl Pts',(-15.1203684900193,7.89132419973992,-12.4750200823658));
#6144=CARTESIAN_POINT('Ctrl Pts',(-15.153684441752,8.01142473858189,-12.3296464207513));
#6145=CARTESIAN_POINT('Ctrl Pts',(-15.2252502465859,8.11173713699245,-12.2073864833259));
#6146=CARTESIAN_POINT('Ctrl Pts',(-15.,7.77467188670827,-12.6174825378383));
#6147=CARTESIAN_POINT('Ctrl Pts',(-15.,7.90426559254567,-12.4598101957361));
#6148=CARTESIAN_POINT('Ctrl Pts',(-15.047924594072,8.03359967592184,-12.3024537276284));
#6149=CARTESIAN_POINT('Ctrl Pts',(-15.1358138275369,8.14119261024116,-12.1715489908733));
#6150=CARTESIAN_POINT('Origin',(-15.8,7.77467188670827,-12.6174825378383));
#6151=CARTESIAN_POINT('Origin',(-15.8,7.38840146567171,-12.3));
#6152=CARTESIAN_POINT('Origin',(-0.499999999999999,1.96374393142512,-18.9));
#6153=CARTESIAN_POINT('',(-0.499999999999998,1.96374393142512,-19.4));
#6154=CARTESIAN_POINT('',(1.66533453693773E-15,1.96374393142513,-18.9));
#6155=CARTESIAN_POINT('Origin',(-0.499999999999998,1.96374393142512,-18.9));
#6156=CARTESIAN_POINT('',(-0.499999999999999,2.35001435246169,-19.2174825378383));
#6157=CARTESIAN_POINT('Origin',(-0.499999999999999,1.96374393142512,-18.9));
#6158=CARTESIAN_POINT('Origin',(-0.499999999999999,1.96374393142513,-18.9));
#6159=CARTESIAN_POINT('Origin',(-3.81249999999999,1.96374393142512,-18.9));
#6160=CARTESIAN_POINT('',(-3.81249999999999,2.35001435246169,-19.2174825378383));
#6161=CARTESIAN_POINT('',(-3.81249999999999,1.96374393142512,-19.4));
#6162=CARTESIAN_POINT('Origin',(-0.5,4.86916691797116,-15.3650686997023));
#6163=CARTESIAN_POINT('',(-1.38777878078145E-16,4.86916691797116,-15.3650686997023));
#6164=CARTESIAN_POINT('',(-0.500000000000002,6.15302231010715,-14.590489522703));
#6165=CARTESIAN_POINT('',(-0.5,5.25543733900773,-15.6825512375406));
#6166=CARTESIAN_POINT('',(-0.5,5.25543733900773,-15.6825512375406));
#6167=CARTESIAN_POINT('Origin',(-0.499999999999998,0.,-18.9));
#6168=CARTESIAN_POINT('',(-0.499999999999998,0.,-19.4));
#6169=CARTESIAN_POINT('',(1.66533453693773E-15,0.,-18.9));
#6170=CARTESIAN_POINT('Origin',(-15.,0.,-18.9));
#6171=CARTESIAN_POINT('',(-15.5,0.,-18.9));
#6172=CARTESIAN_POINT('',(-15.,0.,-19.4));
#6173=CARTESIAN_POINT('Origin',(-15.8,7.7,-12.3));
#6174=CARTESIAN_POINT('',(-15.6846153846154,7.7,-12.0230769230769));
#6175=CARTESIAN_POINT('Origin',(-15.8,7.7,-12.3));
#6176=CARTESIAN_POINT('Origin',(-15.4923076923077,7.7,-11.5615384615385));
#6177=CARTESIAN_POINT('Origin',(-17.3491124260355,7.7,-10.7878698224852));
#6178=CARTESIAN_POINT('',(-18.4076923076923,7.7,-10.8884615384615));
#6179=CARTESIAN_POINT('Origin',(-18.2153846153846,7.7,-10.4269230769231));
#6180=CARTESIAN_POINT('',(-17.5414201183432,7.7,-11.2494082840237));
#6181=CARTESIAN_POINT('Origin',(-18.6,7.7,-11.35));
#6182=CARTESIAN_POINT('',(-18.6,7.7,-10.85));
#6183=CARTESIAN_POINT('Origin',(-18.6,7.7,-10.35));
#6184=CARTESIAN_POINT('Origin',(-18.6,7.7,-11.35));
#6185=CARTESIAN_POINT('Origin',(-16.875,7.7,-10.35));
#6186=CARTESIAN_POINT('',(-30.,7.7,-10.85));
#6187=CARTESIAN_POINT('Origin',(-30.,7.7,-10.35));
#6188=CARTESIAN_POINT('',(-16.875,7.7,-10.85));
#6189=CARTESIAN_POINT('Origin',(-30.,7.7,-10.35));
#6190=CARTESIAN_POINT('',(-30.5,7.7,-10.35));
#6191=CARTESIAN_POINT('Origin',(-30.,7.7,-10.35));
#6192=CARTESIAN_POINT('Origin',(-30.,7.7,-10.35));
#6193=CARTESIAN_POINT('Origin',(-15.375,5.2,15.75));
#6194=CARTESIAN_POINT('',(-1.74783343011151,8.15450816841463,12.1553483950955));
#6195=CARTESIAN_POINT('',(-15.3125,8.15450816841463,12.1553483950955));
#6196=CARTESIAN_POINT('Origin',(-3.5,6.15302231010715,14.590489522703));
#6197=CARTESIAN_POINT('Origin',(-15.375,5.2,15.75));
#6198=CARTESIAN_POINT('',(-5.25216656988849,8.15450816841463,12.1553483950955));
#6199=CARTESIAN_POINT('Origin',(-3.5,6.15302231010715,14.590489522703));
#6200=CARTESIAN_POINT('',(-9.74783343011152,8.15450816841463,12.1553483950955));
#6201=CARTESIAN_POINT('',(-15.3125,8.15450816841463,12.1553483950955));
#6202=CARTESIAN_POINT('',(-13.2521665698885,8.15450816841463,12.1553483950955));
#6203=CARTESIAN_POINT('Origin',(-11.5,6.15302231010715,14.590489522703));
#6204=CARTESIAN_POINT('',(-15.3125,8.15450816841463,12.1553483950955));
#6205=CARTESIAN_POINT('Origin',(-15.3125,8.,12.0283553799602));
#6206=CARTESIAN_POINT('Origin',(-1.74783343011151,8.,12.0283553799602));
#6207=CARTESIAN_POINT('Origin',(-11.4375,8.,-12.0283553799602));
#6208=CARTESIAN_POINT('',(-1.7478334301115,8.15450816841463,-12.1553483950955));
#6209=CARTESIAN_POINT('',(-11.4375,8.15450816841463,-12.1553483950955));
#6210=CARTESIAN_POINT('Origin',(-1.7478334301115,8.,-12.0283553799602));
#6211=CARTESIAN_POINT('Origin',(-7.625,5.2,-15.75));
#6212=CARTESIAN_POINT('',(-13.2521665698885,8.15450816841463,-12.1553483950955));
#6213=CARTESIAN_POINT('',(-11.4375,8.15450816841463,-12.1553483950955));
#6214=CARTESIAN_POINT('',(-9.74783343011152,8.15450816841463,-12.1553483950955));
#6215=CARTESIAN_POINT('Origin',(-11.5,6.15302231010715,-14.590489522703));
#6216=CARTESIAN_POINT('',(-5.2521665698885,8.15450816841463,-12.1553483950955));
#6217=CARTESIAN_POINT('',(-11.4375,8.15450816841463,-12.1553483950955));
#6218=CARTESIAN_POINT('Origin',(-3.5,6.15302231010715,-14.590489522703));
#6219=CARTESIAN_POINT('Origin',(-7.625,5.2,-15.75));
#6220=CARTESIAN_POINT('Origin',(-3.5,6.15302231010715,-14.590489522703));
#6221=CARTESIAN_POINT('Origin',(-11.4375,8.,-12.0283553799602));
#6222=CARTESIAN_POINT('Origin',(-13.2521665698885,8.,-12.0283553799602));
#6223=CARTESIAN_POINT('Origin',(-30.,7.7,-5.425));
#6224=CARTESIAN_POINT('',(-30.5,7.7,-5.425));
#6225=CARTESIAN_POINT('Origin',(-30.,4.2,-10.35));
#6226=CARTESIAN_POINT('',(-30.,7.54650023408235,-10.85));
#6227=CARTESIAN_POINT('',(-30.,4.2,-10.85));
#6228=CARTESIAN_POINT('',(-30.5,7.54650023408235,-10.35));
#6229=CARTESIAN_POINT('Origin',(-30.,7.54650023408235,-10.35));
#6230=CARTESIAN_POINT('',(-30.5,4.2,-10.35));
#6231=CARTESIAN_POINT('Origin',(-18.5,4.2,-10.85));
#6232=CARTESIAN_POINT('',(-18.6,4.7,-10.85));
#6233=CARTESIAN_POINT('',(-18.6,4.2,-10.85));
#6234=CARTESIAN_POINT('',(-22.4093327091138,4.7,-10.85));
#6235=CARTESIAN_POINT('',(-16.875,4.7,-10.85));
#6236=CARTESIAN_POINT('',(-22.5710136216716,4.76063034220918,-10.85));
#6237=CARTESIAN_POINT('Origin',(-18.6,4.2,-11.35));
#6238=CARTESIAN_POINT('',(-18.4076923076923,4.7,-10.8884615384615));
#6239=CARTESIAN_POINT('',(-18.4076923076923,4.2,-10.8884615384615));
#6240=CARTESIAN_POINT('Origin',(-18.6,4.7,-11.35));
#6241=CARTESIAN_POINT('Origin',(-15.5,4.2,-12.1));
#6242=CARTESIAN_POINT('',(-15.6846153846154,4.7,-12.0230769230769));
#6243=CARTESIAN_POINT('',(-15.6846153846154,2.1,-12.0230769230769));
#6244=CARTESIAN_POINT('',(-17.5414201183432,4.7,-11.2494082840237));
#6245=CARTESIAN_POINT('Origin',(-15.8,2.1,-12.3));
#6246=CARTESIAN_POINT('',(-15.5,4.7,-12.3));
#6247=CARTESIAN_POINT('',(-15.5,2.1,-12.3));
#6248=CARTESIAN_POINT('Origin',(-15.8,4.7,-12.3));
#6249=CARTESIAN_POINT('Origin',(-15.5,0.,-19.4));
#6250=CARTESIAN_POINT('',(-15.5,0.2,-12.7));
#6251=CARTESIAN_POINT('',(-15.5,0.2,-17.3625));
#6252=CARTESIAN_POINT('',(-15.5,4.,-12.7));
#6253=CARTESIAN_POINT('',(-15.5,0.,-12.7));
#6254=CARTESIAN_POINT('',(-15.5,4.48937183890413,-12.2694223040456));
#6255=CARTESIAN_POINT('Origin',(-15.5,4.,-12.1583333333333));
#6256=CARTESIAN_POINT('Origin',(-15.5,4.7,-11.4333333333333));
#6257=CARTESIAN_POINT('Origin',(-15.3,0.2,-17.3625));
#6258=CARTESIAN_POINT('',(-15.3,0.,-12.7));
#6259=CARTESIAN_POINT('',(-15.3,0.,-17.3625));
#6260=CARTESIAN_POINT('Origin',(-15.3,0.2,-12.7));
#6261=CARTESIAN_POINT('Origin',(-7.75,0.,-15.325));
#6262=CARTESIAN_POINT('',(-3.875,0.,-19.2));
#6263=CARTESIAN_POINT('',(-0.200000000000002,0.,-11.55));
#6264=CARTESIAN_POINT('',(-0.200000000000001,0.,-13.2875));
#6265=CARTESIAN_POINT('',(-0.300000000000003,0.,-11.45));
#6266=CARTESIAN_POINT('Origin',(-0.300000000000002,0.,-11.55));
#6267=CARTESIAN_POINT('',(-12.46,0.,-11.45));
#6268=CARTESIAN_POINT('',(-10.125,0.,-11.45));
#6269=CARTESIAN_POINT('',(-15.2384615384615,0.,-12.6076923076923));
#6270=CARTESIAN_POINT('',(-12.6227810650888,0.,-11.517825443787));
#6271=CARTESIAN_POINT('Origin',(-15.2,0.,-12.7));
#6272=CARTESIAN_POINT('',(-11.5,0.,-16.));
#6273=CARTESIAN_POINT('Origin',(-11.5,0.,-14.4));
#6274=CARTESIAN_POINT('',(-3.5,0.,-16.));
#6275=CARTESIAN_POINT('Origin',(-3.5,0.,-14.4));
#6276=CARTESIAN_POINT('Origin',(-3.875,0.2,-19.2));
#6277=CARTESIAN_POINT('',(-3.875,0.2,-19.4));
#6278=CARTESIAN_POINT('Origin',(7.63445738527028E-15,0.,-19.4));
#6279=CARTESIAN_POINT('Origin',(-12.275,7.7,-3.2));
#6280=CARTESIAN_POINT('',(-9.3,7.7,-2.7));
#6281=CARTESIAN_POINT('Origin',(-9.3,7.7,-3.2));
#6282=CARTESIAN_POINT('',(-3.8,7.7,-2.7));
#6283=CARTESIAN_POINT('',(-12.275,7.7,-2.7));
#6284=CARTESIAN_POINT('Origin',(-3.8,7.7,-3.2));
#6285=CARTESIAN_POINT('Origin',(-3.8,7.7,4.65365783675994E-16));
#6286=CARTESIAN_POINT('',(-3.8,7.7,2.7));
#6287=CARTESIAN_POINT('Origin',(-3.79999999999999,7.7,3.2));
#6288=CARTESIAN_POINT('Origin',(-3.8,7.7,4.65365783675994E-16));
#6289=CARTESIAN_POINT('Origin',(-9.525,7.7,3.2));
#6290=CARTESIAN_POINT('',(-9.3,7.7,2.7));
#6291=CARTESIAN_POINT('Origin',(-9.3,7.7,3.2));
#6292=CARTESIAN_POINT('',(-9.525,7.7,2.7));
#6293=CARTESIAN_POINT('Origin',(-9.3,7.7,1.13892152320704E-15));
#6294=CARTESIAN_POINT('Origin',(-9.3,7.7,1.13892152320704E-15));
#6295=CARTESIAN_POINT('Origin',(-3.8,8.2,4.65365783675994E-16));
#6296=CARTESIAN_POINT('',(-3.8,3.2,-2.7));
#6297=CARTESIAN_POINT('',(-3.8,8.2,-2.7));
#6298=CARTESIAN_POINT('',(-3.8,3.2,2.7));
#6299=CARTESIAN_POINT('Origin',(-3.8,3.2,4.65365783675994E-16));
#6300=CARTESIAN_POINT('',(-3.8,8.2,2.7));
#6301=CARTESIAN_POINT('Origin',(-9.3,8.2,-2.7));
#6302=CARTESIAN_POINT('',(-9.3,3.2,-2.7));
#6303=CARTESIAN_POINT('',(-9.3,8.2,-2.7));
#6304=CARTESIAN_POINT('',(-7.925,3.2,-2.7));
#6305=CARTESIAN_POINT('Ctrl Pts',(-13.2521665698885,8.2,-12.0283553799602));
#6306=CARTESIAN_POINT('Ctrl Pts',(-13.237292157682,8.2,-12.0283553799602));
#6307=CARTESIAN_POINT('Ctrl Pts',(-13.2027763027874,8.2,-12.0230527964307));
#6308=CARTESIAN_POINT('Ctrl Pts',(-13.1371056631398,8.2,-12.0001223884745));
#6309=CARTESIAN_POINT('Ctrl Pts',(-13.0890064358742,8.2,-11.973837779548));
#6310=CARTESIAN_POINT('Ctrl Pts',(-13.0597469214853,8.2,-11.9551708564979));
#6311=CARTESIAN_POINT('Ctrl Pts',(-13.2521665698885,8.2,-12.0512874903637));
#6312=CARTESIAN_POINT('Ctrl Pts',(-13.2347966514682,8.20000635827403,-12.0537609238333));
#6313=CARTESIAN_POINT('Ctrl Pts',(-13.1950348663066,8.19989941961083,-12.0532369346766));
#6314=CARTESIAN_POINT('Ctrl Pts',(-13.120144875459,8.20002148229738,-12.0376115216823));
#6315=CARTESIAN_POINT('Ctrl Pts',(-13.0653733798297,8.19985630008158,-12.0156018459033));
#6316=CARTESIAN_POINT('Ctrl Pts',(-13.0315854877497,8.2,-11.9993125649836));
#6317=CARTESIAN_POINT('Ctrl Pts',(-13.2521665698885,8.1920288144317,-12.0971445371935));
#6318=CARTESIAN_POINT('Ctrl Pts',(-13.2298070425186,8.19028896192318,-12.1045578138811));
#6319=CARTESIAN_POINT('Ctrl Pts',(-13.1794933965422,8.1856884842635,-12.1136661316076));
#6320=CARTESIAN_POINT('Ctrl Pts',(-13.0862443725853,8.17471515068131,-12.1124917485133));
#6321=CARTESIAN_POINT('Ctrl Pts',(-13.0181320522058,8.16430336639767,-12.0990120192058));
#6322=CARTESIAN_POINT('Ctrl Pts',(-12.975530086174,8.15658233976202,-12.0871767418799));
#6323=CARTESIAN_POINT('Ctrl Pts',(-13.2521665698885,8.16906925763241,-12.1376324032139));
#6324=CARTESIAN_POINT('Ctrl Pts',(-13.2254001295714,8.16253741882215,-12.1482688336528));
#6325=CARTESIAN_POINT('Ctrl Pts',(-13.1667607924545,8.14541703872059,-12.1618249242674));
#6326=CARTESIAN_POINT('Ctrl Pts',(-13.0631847587008,8.10736053845712,-12.161618933005));
#6327=CARTESIAN_POINT('Ctrl Pts',(-12.9934183346405,8.07438040509423,-12.141706293559));
#6328=CARTESIAN_POINT('Ctrl Pts',(-12.9521781682794,8.05235987755983,-12.1237797629463));
#6329=CARTESIAN_POINT('Ctrl Pts',(-13.2521665698885,8.15450816841463,-12.1553483950955));
#6330=CARTESIAN_POINT('Ctrl Pts',(-13.2234732601946,8.1450872459772,-12.1668105173944));
#6331=CARTESIAN_POINT('Ctrl Pts',(-13.1615349040236,8.12072243929513,-12.1805466149358));
#6332=CARTESIAN_POINT('Ctrl Pts',(-13.0562585935722,8.06851208665985,-12.1752779867732));
#6333=CARTESIAN_POINT('Ctrl Pts',(-12.9895998582762,8.02640539061741,-12.1476539735121));
#6334=CARTESIAN_POINT('Ctrl Pts',(-12.9521781682794,8.,-12.1237797629463));
#6335=CARTESIAN_POINT('',(-12.9521781682794,8.,-12.1237797629463));
#6336=CARTESIAN_POINT('Origin',(-13.0597469214853,8.,-11.9551708564979));
#6337=CARTESIAN_POINT('Ctrl Pts',(-12.9521781682794,8.,-12.1237797629463));
#6338=CARTESIAN_POINT('Ctrl Pts',(-12.9895998582762,8.02640539061741,-12.1476539735121));
#6339=CARTESIAN_POINT('Ctrl Pts',(-13.0562585935722,8.06851208665985,-12.1752779867732));
#6340=CARTESIAN_POINT('Ctrl Pts',(-13.1615349040236,8.12072243929513,-12.1805466149358));
#6341=CARTESIAN_POINT('Ctrl Pts',(-13.2234732601946,8.1450872459772,-12.1668105173944));
#6342=CARTESIAN_POINT('Ctrl Pts',(-13.2521665698885,8.15450816841463,-12.1553483950955));
#6343=CARTESIAN_POINT('Origin',(-11.5,8.,-14.4));
#6344=CARTESIAN_POINT('',(-10.0478218317206,8.,-12.1237797629463));
#6345=CARTESIAN_POINT('Origin',(-9.94025307851476,8.,-11.9551708564979));
#6346=CARTESIAN_POINT('Origin',(-11.5,8.,-14.4));
#6347=CARTESIAN_POINT('Ctrl Pts',(-9.94025307851476,8.2,-11.9551708564979));
#6348=CARTESIAN_POINT('Ctrl Pts',(-9.91098567689943,8.2,-11.9738428114239));
#6349=CARTESIAN_POINT('Ctrl Pts',(-9.86724068662204,8.2,-11.9978594625003));
#6350=CARTESIAN_POINT('Ctrl Pts',(-9.80196100265269,8.2,-12.0216268485562));
#6351=CARTESIAN_POINT('Ctrl Pts',(-9.76767132580369,8.2,-12.0283553799602));
#6352=CARTESIAN_POINT('Ctrl Pts',(-9.74783343011152,8.2,-12.0283553799602));
#6353=CARTESIAN_POINT('Ctrl Pts',(-9.96841451225038,8.2,-11.9993125649836));
#6354=CARTESIAN_POINT('Ctrl Pts',(-9.93461751226959,8.19985626134568,-12.0156062368594));
#6355=CARTESIAN_POINT('Ctrl Pts',(-9.88482206772244,8.20002388688648,-12.0357637109398));
#6356=CARTESIAN_POINT('Ctrl Pts',(-9.81036336217364,8.19988322097815,-12.0523576487789));
#6357=CARTESIAN_POINT('Ctrl Pts',(-9.77099956434389,8.20000847998397,-12.054586290645));
#6358=CARTESIAN_POINT('Ctrl Pts',(-9.74783343011152,8.2,-12.0512874903637));
#6359=CARTESIAN_POINT('Ctrl Pts',(-10.0244739672502,8.1565898761962,-12.0871830954296));
#6360=CARTESIAN_POINT('Ctrl Pts',(-9.98186051738628,8.16431298412013,-12.0990215630855));
#6361=CARTESIAN_POINT('Ctrl Pts',(-9.9199556407855,8.17377877266527,-12.1114605388929));
#6362=CARTESIAN_POINT('Ctrl Pts',(-9.82723740195473,8.18496894016749,-12.1138934296185));
#6363=CARTESIAN_POINT('Ctrl Pts',(-9.77765416961597,8.18970878354046,-12.1070317130463));
#6364=CARTESIAN_POINT('Ctrl Pts',(-9.74783343011152,8.19202921221386,-12.0971446796882));
#6365=CARTESIAN_POINT('Ctrl Pts',(-10.0478218317206,8.05235987755983,-12.1237797629463));
#6366=CARTESIAN_POINT('Ctrl Pts',(-10.0065705486157,8.07438634097145,-12.1417111258539));
#6367=CARTESIAN_POINT('Ctrl Pts',(-9.94320107491546,8.10441655316457,-12.1600774078527));
#6368=CARTESIAN_POINT('Ctrl Pts',(-9.84083843372071,8.14279186498904,-12.1622587767727));
#6369=CARTESIAN_POINT('Ctrl Pts',(-9.78353163745516,8.16035779157934,-12.151818133356));
#6370=CARTESIAN_POINT('Ctrl Pts',(-9.74783343011152,8.16906925763241,-12.1376324032139));
#6371=CARTESIAN_POINT('Ctrl Pts',(-10.0478218317206,8.,-12.1237797629463));
#6372=CARTESIAN_POINT('Ctrl Pts',(-10.0103900542926,8.02641250848307,-12.1476604090701));
#6373=CARTESIAN_POINT('Ctrl Pts',(-9.94984647877079,8.06476049437389,-12.173053646132));
#6374=CARTESIAN_POINT('Ctrl Pts',(-9.84631350495767,8.11704857143214,-12.1807386438788));
#6375=CARTESIAN_POINT('Ctrl Pts',(-9.78610148916957,8.14194355247933,-12.1706353444835));
#6376=CARTESIAN_POINT('Ctrl Pts',(-9.74783343011152,8.15450816841463,-12.1553483950955));
#6377=CARTESIAN_POINT('Origin',(-9.74783343011152,8.,-12.0283553799602));
#6378=CARTESIAN_POINT('Ctrl Pts',(-9.74783343011152,8.15450816841463,-12.1553483950955));
#6379=CARTESIAN_POINT('Ctrl Pts',(-9.78610148916957,8.14194355247933,-12.1706353444835));
#6380=CARTESIAN_POINT('Ctrl Pts',(-9.84631350495767,8.11704857143214,-12.1807386438788));
#6381=CARTESIAN_POINT('Ctrl Pts',(-9.94984647877079,8.06476049437389,-12.173053646132));
#6382=CARTESIAN_POINT('Ctrl Pts',(-10.0103900542926,8.02641250848307,-12.1476604090701));
#6383=CARTESIAN_POINT('Ctrl Pts',(-10.0478218317206,8.,-12.1237797629463));
#6384=CARTESIAN_POINT('Origin',(-11.4375,8.,-12.0283553799602));
#6385=CARTESIAN_POINT('Origin',(-5.2521665698885,8.,-12.0283553799602));
#6386=CARTESIAN_POINT('Ctrl Pts',(-5.2521665698885,8.2,-12.0283553799602));
#6387=CARTESIAN_POINT('Ctrl Pts',(-5.23729215768202,8.2,-12.0283553799602));
#6388=CARTESIAN_POINT('Ctrl Pts',(-5.20277629583438,8.2,-12.0230527886332));
#6389=CARTESIAN_POINT('Ctrl Pts',(-5.13710565300992,8.2,-12.0001223743414));
#6390=CARTESIAN_POINT('Ctrl Pts',(-5.08900643587423,8.2,-11.973837779548));
#6391=CARTESIAN_POINT('Ctrl Pts',(-5.05974692148525,8.2,-11.9551708564979));
#6392=CARTESIAN_POINT('Ctrl Pts',(-5.2521665698885,8.2,-12.0512874903637));
#6393=CARTESIAN_POINT('Ctrl Pts',(-5.23479665146822,8.20000635827403,-12.0537609238333));
#6394=CARTESIAN_POINT('Ctrl Pts',(-5.19503485696318,8.1998994295074,-12.053236928339));
#6395=CARTESIAN_POINT('Ctrl Pts',(-5.12014486012064,8.20002150090749,-12.0376115104758));
#6396=CARTESIAN_POINT('Ctrl Pts',(-5.06537337982969,8.19985630008158,-12.0156018459033));
#6397=CARTESIAN_POINT('Ctrl Pts',(-5.03158548774964,8.2,-11.9993125649836));
#6398=CARTESIAN_POINT('Ctrl Pts',(-5.2521665698885,8.19202987170537,-12.0971449159333));
#6399=CARTESIAN_POINT('Ctrl Pts',(-5.22980704251854,8.19029001919684,-12.104558192621));
#6400=CARTESIAN_POINT('Ctrl Pts',(-5.17948995296159,8.18569559348741,-12.1136717651922));
#6401=CARTESIAN_POINT('Ctrl Pts',(-5.08624182628222,8.17472067813971,-12.1124959940284));
#6402=CARTESIAN_POINT('Ctrl Pts',(-5.01812127852364,8.16432339764626,-12.0990289064403));
#6403=CARTESIAN_POINT('Ctrl Pts',(-4.97551931249177,8.15660237101062,-12.0871936291145));
#6404=CARTESIAN_POINT('Ctrl Pts',(-5.2521665698885,8.16906925763241,-12.1376324032139));
#6405=CARTESIAN_POINT('Ctrl Pts',(-5.22540012957138,8.16253741882215,-12.1482688336528));
#6406=CARTESIAN_POINT('Ctrl Pts',(-5.16676077636786,8.14541703075767,-12.1618249207473));
#6407=CARTESIAN_POINT('Ctrl Pts',(-5.06318473087063,8.10736052043353,-12.1616189252602));
#6408=CARTESIAN_POINT('Ctrl Pts',(-4.99341833464048,8.07438040509423,-12.141706293559));
#6409=CARTESIAN_POINT('Ctrl Pts',(-4.95217816827937,8.05235987755983,-12.1237797629463));
#6410=CARTESIAN_POINT('Ctrl Pts',(-5.2521665698885,8.15450816841463,-12.1553483950955));
#6411=CARTESIAN_POINT('Ctrl Pts',(-5.22347326019456,8.1450872459772,-12.1668105173944));
#6412=CARTESIAN_POINT('Ctrl Pts',(-5.16153489617575,8.1207224312708,-12.180546601306));
#6413=CARTESIAN_POINT('Ctrl Pts',(-5.05625858409725,8.06851207364355,-12.1752779602106));
#6414=CARTESIAN_POINT('Ctrl Pts',(-4.98959985827614,8.02640539061741,-12.1476539735121));
#6415=CARTESIAN_POINT('Ctrl Pts',(-4.95217816827937,8.,-12.1237797629463));
#6416=CARTESIAN_POINT('',(-4.95217816827937,8.,-12.1237797629463));
#6417=CARTESIAN_POINT('Origin',(-5.05974692148525,8.,-11.9551708564979));
#6418=CARTESIAN_POINT('Ctrl Pts',(-4.95217816827937,8.,-12.1237797629463));
#6419=CARTESIAN_POINT('Ctrl Pts',(-4.98959985827614,8.02640539061741,-12.1476539735121));
#6420=CARTESIAN_POINT('Ctrl Pts',(-5.05625858409725,8.06851207364355,-12.1752779602106));
#6421=CARTESIAN_POINT('Ctrl Pts',(-5.16153489617575,8.1207224312708,-12.180546601306));
#6422=CARTESIAN_POINT('Ctrl Pts',(-5.22347326019456,8.1450872459772,-12.1668105173944));
#6423=CARTESIAN_POINT('Ctrl Pts',(-5.2521665698885,8.15450816841463,-12.1553483950955));
#6424=CARTESIAN_POINT('Origin',(-3.5,8.,-14.4));
#6425=CARTESIAN_POINT('',(-2.04782183172063,8.,-12.1237797629463));
#6426=CARTESIAN_POINT('Origin',(-1.94025307851475,8.,-11.9551708564979));
#6427=CARTESIAN_POINT('Origin',(-3.5,8.,-14.4));
#6428=CARTESIAN_POINT('Ctrl Pts',(-1.94025307851475,8.2,-11.9551708564979));
#6429=CARTESIAN_POINT('Ctrl Pts',(-1.91098567689942,8.2,-11.973842811424));
#6430=CARTESIAN_POINT('Ctrl Pts',(-1.8672407034824,8.2,-11.997859418115));
#6431=CARTESIAN_POINT('Ctrl Pts',(-1.80196101689798,8.2,-12.0216268138465));
#6432=CARTESIAN_POINT('Ctrl Pts',(-1.76767132580367,8.2,-12.0283553799602));
#6433=CARTESIAN_POINT('Ctrl Pts',(-1.7478334301115,8.2,-12.0283553799602));
#6434=CARTESIAN_POINT('Ctrl Pts',(-1.96841451225036,8.2,-11.9993125649836));
#6435=CARTESIAN_POINT('Ctrl Pts',(-1.93461751226957,8.19985626134568,-12.0156062368594));
#6436=CARTESIAN_POINT('Ctrl Pts',(-1.88482208823917,8.20002391017313,-12.0357636648592));
#6437=CARTESIAN_POINT('Ctrl Pts',(-1.81036337871691,8.19988323992045,-12.0523576126826));
#6438=CARTESIAN_POINT('Ctrl Pts',(-1.77099956434387,8.20000847998397,-12.054586290645));
#6439=CARTESIAN_POINT('Ctrl Pts',(-1.7478334301115,8.2,-12.0512874903637));
#6440=CARTESIAN_POINT('Ctrl Pts',(-2.0244863985934,8.15661298949416,-12.087202580969));
#6441=CARTESIAN_POINT('Ctrl Pts',(-1.98187294872949,8.16433609741809,-12.099041048625));
#6442=CARTESIAN_POINT('Ctrl Pts',(-1.9199589009514,8.17378572038673,-12.1114658912101));
#6443=CARTESIAN_POINT('Ctrl Pts',(-1.82724200712209,8.18497825547096,-12.1139008585113));
#6444=CARTESIAN_POINT('Ctrl Pts',(-1.77765416961596,8.18971000348845,-12.1070321500598));
#6445=CARTESIAN_POINT('Ctrl Pts',(-1.7478334301115,8.19203043216185,-12.0971451167018));
#6446=CARTESIAN_POINT('Ctrl Pts',(-2.04782183172063,8.05235987755983,-12.1237797629463));
#6447=CARTESIAN_POINT('Ctrl Pts',(-2.00657054861566,8.07438634097145,-12.1417111258539));
#6448=CARTESIAN_POINT('Ctrl Pts',(-1.94320109974657,8.10441652142572,-12.1600773434854));
#6449=CARTESIAN_POINT('Ctrl Pts',(-1.84083845365303,8.14279184299872,-12.162258727986));
#6450=CARTESIAN_POINT('Ctrl Pts',(-1.78353163745513,8.16035779157934,-12.151818133356));
#6451=CARTESIAN_POINT('Ctrl Pts',(-1.7478334301115,8.16906925763241,-12.1376324032139));
#6452=CARTESIAN_POINT('Ctrl Pts',(-2.04782183172063,8.,-12.1237797629463));
#6453=CARTESIAN_POINT('Ctrl Pts',(-2.01039005429262,8.02641250848307,-12.1476604090701));
#6454=CARTESIAN_POINT('Ctrl Pts',(-1.94984647858861,8.06476046284333,-12.1730535513383));
#6455=CARTESIAN_POINT('Ctrl Pts',(-1.84631350684603,8.11704854612417,-12.180738570541));
#6456=CARTESIAN_POINT('Ctrl Pts',(-1.78610148916955,8.14194355247933,-12.1706353444835));
#6457=CARTESIAN_POINT('Ctrl Pts',(-1.7478334301115,8.15450816841463,-12.1553483950955));
#6458=CARTESIAN_POINT('Ctrl Pts',(-1.7478334301115,8.15450816841463,-12.1553483950955));
#6459=CARTESIAN_POINT('Ctrl Pts',(-1.78610148916955,8.14194355247933,-12.1706353444835));
#6460=CARTESIAN_POINT('Ctrl Pts',(-1.84631350684603,8.11704854612417,-12.180738570541));
#6461=CARTESIAN_POINT('Ctrl Pts',(-1.94984647858861,8.06476046284333,-12.1730535513383));
#6462=CARTESIAN_POINT('Ctrl Pts',(-2.01039005429262,8.02641250848307,-12.1476604090701));
#6463=CARTESIAN_POINT('Ctrl Pts',(-2.04782183172063,8.,-12.1237797629463));
#6464=CARTESIAN_POINT('Ctrl Pts',(-1.74783343011151,8.2,12.0283553799602));
#6465=CARTESIAN_POINT('Ctrl Pts',(-1.76766597972015,8.2,12.0283553799602));
#6466=CARTESIAN_POINT('Ctrl Pts',(-1.80199505240816,8.2,12.0216125759604));
#6467=CARTESIAN_POINT('Ctrl Pts',(-1.86722030370087,8.2,11.9978571131475));
#6468=CARTESIAN_POINT('Ctrl Pts',(-1.91099356412578,8.2,11.973837779548));
#6469=CARTESIAN_POINT('Ctrl Pts',(-1.94025307851476,8.2,11.9551708564979));
#6470=CARTESIAN_POINT('Ctrl Pts',(-1.74783343011151,8.2,12.0512874903637));
#6471=CARTESIAN_POINT('Ctrl Pts',(-1.77099332133855,8.20000847769871,12.0545854016565));
#6472=CARTESIAN_POINT('Ctrl Pts',(-1.81040202298677,8.1998832934058,12.0523467879622));
#6473=CARTESIAN_POINT('Ctrl Pts',(-1.88479829591018,8.20002392195802,12.0357577845078));
#6474=CARTESIAN_POINT('Ctrl Pts',(-1.93462662017032,8.19985630008158,12.0156018459032));
#6475=CARTESIAN_POINT('Ctrl Pts',(-1.96841451225037,8.2,11.9993125649836));
#6476=CARTESIAN_POINT('Ctrl Pts',(-1.74783343011151,8.19203043216185,12.0971451167018));
#6477=CARTESIAN_POINT('Ctrl Pts',(-1.77764613327145,8.18971062881715,12.1070294856186));
#6478=CARTESIAN_POINT('Ctrl Pts',(-1.82728982652009,8.18497220911712,12.1138967767057));
#6479=CARTESIAN_POINT('Ctrl Pts',(-1.91992829887009,8.17378745640739,12.111452828898));
#6480=CARTESIAN_POINT('Ctrl Pts',(-1.98188443256155,8.1643340161298,12.0990378582948));
#6481=CARTESIAN_POINT('Ctrl Pts',(-2.02448639859341,8.15661298949416,12.087202580969));
#6482=CARTESIAN_POINT('Ctrl Pts',(-1.74783343011151,8.16906925763241,12.1376324032139));
#6483=CARTESIAN_POINT('Ctrl Pts',(-1.783522017201,8.16036013921872,12.1518143104658));
#6484=CARTESIAN_POINT('Ctrl Pts',(-1.84089063732576,8.14277114525426,12.1622537391731));
#6485=CARTESIAN_POINT('Ctrl Pts',(-1.94316294512504,8.10442417489235,12.1600581395757));
#6486=CARTESIAN_POINT('Ctrl Pts',(-2.00658166535953,8.07438040509423,12.141706293559));
#6487=CARTESIAN_POINT('Ctrl Pts',(-2.04782183172063,8.05235987755983,12.1237797629463));
#6488=CARTESIAN_POINT('Ctrl Pts',(-1.74783343011151,8.15450816841463,12.1553483950955));
#6489=CARTESIAN_POINT('Ctrl Pts',(-1.78609117637009,8.14194693849806,12.1706312248274));
#6490=CARTESIAN_POINT('Ctrl Pts',(-1.84636586523211,8.11702041270916,12.1807300858711));
#6491=CARTESIAN_POINT('Ctrl Pts',(-1.94980440514134,8.06477244447451,12.1730320587845));
#6492=CARTESIAN_POINT('Ctrl Pts',(-2.01040014172387,8.02640539061741,12.147653973512));
#6493=CARTESIAN_POINT('Ctrl Pts',(-2.04782183172063,8.,12.1237797629463));
#6494=CARTESIAN_POINT('',(-2.04782183172063,8.,12.1237797629463));
#6495=CARTESIAN_POINT('Origin',(-1.94025307851476,8.,11.9551708564979));
#6496=CARTESIAN_POINT('Ctrl Pts',(-2.04782183172063,8.,12.1237797629463));
#6497=CARTESIAN_POINT('Ctrl Pts',(-2.01040014172387,8.02640539061741,12.147653973512));
#6498=CARTESIAN_POINT('Ctrl Pts',(-1.94980440514134,8.06477244447451,12.1730320587845));
#6499=CARTESIAN_POINT('Ctrl Pts',(-1.84636586523211,8.11702041270916,12.1807300858711));
#6500=CARTESIAN_POINT('Ctrl Pts',(-1.78609117637009,8.14194693849806,12.1706312248274));
#6501=CARTESIAN_POINT('Ctrl Pts',(-1.74783343011151,8.15450816841463,12.1553483950955));
#6502=CARTESIAN_POINT('Origin',(-3.5,8.,14.4));
#6503=CARTESIAN_POINT('',(-4.95217816827937,8.,12.1237797629463));
#6504=CARTESIAN_POINT('Origin',(-5.05974692148525,8.,11.9551708564979));
#6505=CARTESIAN_POINT('Origin',(-3.5,8.,14.4));
#6506=CARTESIAN_POINT('Ctrl Pts',(-5.05974692148525,8.2,11.9551708564979));
#6507=CARTESIAN_POINT('Ctrl Pts',(-5.08901432310058,8.2,11.9738428114239));
#6508=CARTESIAN_POINT('Ctrl Pts',(-5.13275930480755,8.2,11.9978594399386));
#6509=CARTESIAN_POINT('Ctrl Pts',(-5.19803899010636,8.2,12.021626830913));
#6510=CARTESIAN_POINT('Ctrl Pts',(-5.23232867419632,8.2,12.0283553799602));
#6511=CARTESIAN_POINT('Ctrl Pts',(-5.2521665698885,8.2,12.0283553799602));
#6512=CARTESIAN_POINT('Ctrl Pts',(-5.03158548774963,8.2,11.9993125649836));
#6513=CARTESIAN_POINT('Ctrl Pts',(-5.06538248773042,8.19985626134568,12.0156062368594));
#6514=CARTESIAN_POINT('Ctrl Pts',(-5.11517792184859,8.20002389872346,12.0357636875163));
#6515=CARTESIAN_POINT('Ctrl Pts',(-5.18963662941731,8.19988323060664,12.0523576304309));
#6516=CARTESIAN_POINT('Ctrl Pts',(-5.22900043565612,8.20000847998397,12.054586290645));
#6517=CARTESIAN_POINT('Ctrl Pts',(-5.2521665698885,8.2,12.0512874903637));
#6518=CARTESIAN_POINT('Ctrl Pts',(-4.97551931249177,8.15660237101062,12.0871936291145));
#6519=CARTESIAN_POINT('Ctrl Pts',(-5.01813276235569,8.16432547893455,12.0990320967705));
#6520=CARTESIAN_POINT('Ctrl Pts',(-5.08004259665068,8.17378252903294,12.111463435036));
#6521=CARTESIAN_POINT('Ctrl Pts',(-5.1727601084782,8.18497397639288,12.1138974477314));
#6522=CARTESIAN_POINT('Ctrl Pts',(-5.22234583038404,8.18970944303197,12.1070319492914));
#6523=CARTESIAN_POINT('Ctrl Pts',(-5.2521665698885,8.19202987170537,12.0971449159333));
#6524=CARTESIAN_POINT('Ctrl Pts',(-4.95217816827937,8.05235987755983,12.1237797629463));
#6525=CARTESIAN_POINT('Ctrl Pts',(-4.99342945138433,8.07438634097145,12.1417111258539));
#6526=CARTESIAN_POINT('Ctrl Pts',(-5.0567989124625,8.10441653703136,12.1600773751339));
#6527=CARTESIAN_POINT('Ctrl Pts',(-5.15916155614757,8.1427918538111,12.162258751974));
#6528=CARTESIAN_POINT('Ctrl Pts',(-5.21646836254486,8.16035779157934,12.151818133356));
#6529=CARTESIAN_POINT('Ctrl Pts',(-5.25216656988849,8.16906925763241,12.1376324032139));
#6530=CARTESIAN_POINT('Ctrl Pts',(-4.95217816827937,8.,12.1237797629463));
#6531=CARTESIAN_POINT('Ctrl Pts',(-4.98960994570737,8.02641250848307,12.1476604090701));
#6532=CARTESIAN_POINT('Ctrl Pts',(-5.05015352132174,8.06476047834641,12.173053597947));
#6533=CARTESIAN_POINT('Ctrl Pts',(-5.15368649408253,8.11704855856793,12.1807386066007));
#6534=CARTESIAN_POINT('Ctrl Pts',(-5.21389851083044,8.14194355247933,12.1706353444835));
#6535=CARTESIAN_POINT('Ctrl Pts',(-5.25216656988849,8.15450816841463,12.1553483950955));
#6536=CARTESIAN_POINT('Origin',(-5.2521665698885,8.,12.0283553799602));
#6537=CARTESIAN_POINT('Ctrl Pts',(-5.25216656988849,8.15450816841463,12.1553483950955));
#6538=CARTESIAN_POINT('Ctrl Pts',(-5.21389851083044,8.14194355247933,12.1706353444835));
#6539=CARTESIAN_POINT('Ctrl Pts',(-5.15368649408253,8.11704855856793,12.1807386066007));
#6540=CARTESIAN_POINT('Ctrl Pts',(-5.05015352132174,8.06476047834641,12.173053597947));
#6541=CARTESIAN_POINT('Ctrl Pts',(-4.98960994570737,8.02641250848307,12.1476604090701));
#6542=CARTESIAN_POINT('Ctrl Pts',(-4.95217816827937,8.,12.1237797629463));
#6543=CARTESIAN_POINT('Origin',(-15.3125,8.,12.0283553799602));
#6544=CARTESIAN_POINT('Origin',(-9.74783343011152,8.,12.0283553799602));
#6545=CARTESIAN_POINT('Ctrl Pts',(-9.74783343011152,8.2,12.0283553799602));
#6546=CARTESIAN_POINT('Ctrl Pts',(-9.762707842318,8.2,12.0283553799602));
#6547=CARTESIAN_POINT('Ctrl Pts',(-9.79722369965679,8.2,12.0230527936897));
#6548=CARTESIAN_POINT('Ctrl Pts',(-9.86289434042114,8.2,12.0001223835062));
#6549=CARTESIAN_POINT('Ctrl Pts',(-9.91099356412579,8.2,11.973837779548));
#6550=CARTESIAN_POINT('Ctrl Pts',(-9.94025307851477,8.2,11.9551708564979));
#6551=CARTESIAN_POINT('Ctrl Pts',(-9.74783343011152,8.2,12.0512874903637));
#6552=CARTESIAN_POINT('Ctrl Pts',(-9.7652033485318,8.20000635827403,12.0537609238333));
#6553=CARTESIAN_POINT('Ctrl Pts',(-9.80496513697787,8.19989942308971,12.0532369324488));
#6554=CARTESIAN_POINT('Ctrl Pts',(-9.87985512993289,8.20002148883944,12.0376115177428));
#6555=CARTESIAN_POINT('Ctrl Pts',(-9.93462662017034,8.19985630008158,12.0156018459033));
#6556=CARTESIAN_POINT('Ctrl Pts',(-9.96841451225039,8.2,11.9993125649836));
#6557=CARTESIAN_POINT('Ctrl Pts',(-9.74783343011152,8.19202921221386,12.0971446796882));
#6558=CARTESIAN_POINT('Ctrl Pts',(-9.77019295748148,8.19028935970534,12.1045579563759));
#6559=CARTESIAN_POINT('Ctrl Pts',(-9.82050789899623,8.18569115915954,12.1136682515871));
#6560=CARTESIAN_POINT('Ctrl Pts',(-9.91375658544513,8.17471723053935,12.1124933466579));
#6561=CARTESIAN_POINT('Ctrl Pts',(-9.98187200121834,8.16431090283184,12.0990183727554));
#6562=CARTESIAN_POINT('Ctrl Pts',(-10.0244739672502,8.1565898761962,12.0871830954296));
#6563=CARTESIAN_POINT('Ctrl Pts',(-9.74783343011152,8.16906925763241,12.1376324032139));
#6564=CARTESIAN_POINT('Ctrl Pts',(-9.77459987042864,8.16253741882215,12.1482688336528));
#6565=CARTESIAN_POINT('Ctrl Pts',(-9.83323921320043,8.14541703592137,12.1618249230299));
#6566=CARTESIAN_POINT('Ctrl Pts',(-9.93681525108228,8.10736053212134,12.1616189302824));
#6567=CARTESIAN_POINT('Ctrl Pts',(-10.0065816653595,8.07438040509422,12.141706293559));
#6568=CARTESIAN_POINT('Ctrl Pts',(-10.0478218317206,8.05235987755983,12.1237797629463));
#6569=CARTESIAN_POINT('Ctrl Pts',(-9.74783343011152,8.15450816841463,12.1553483950955));
#6570=CARTESIAN_POINT('Ctrl Pts',(-9.77652673980546,8.1450872459772,12.1668105173944));
#6571=CARTESIAN_POINT('Ctrl Pts',(-9.83846509873515,8.12072243647437,12.1805466101446));
#6572=CARTESIAN_POINT('Ctrl Pts',(-9.94374140975845,8.06851208208425,12.1752779774355));
#6573=CARTESIAN_POINT('Ctrl Pts',(-10.0104001417239,8.02640539061741,12.1476539735121));
#6574=CARTESIAN_POINT('Ctrl Pts',(-10.0478218317206,8.,12.1237797629463));
#6575=CARTESIAN_POINT('',(-10.0478218317206,8.,12.1237797629463));
#6576=CARTESIAN_POINT('Origin',(-9.94025307851477,8.,11.9551708564979));
#6577=CARTESIAN_POINT('Ctrl Pts',(-10.0478218317206,8.,12.1237797629463));
#6578=CARTESIAN_POINT('Ctrl Pts',(-10.0104001417239,8.02640539061741,12.1476539735121));
#6579=CARTESIAN_POINT('Ctrl Pts',(-9.94374140975845,8.06851208208425,12.1752779774355));
#6580=CARTESIAN_POINT('Ctrl Pts',(-9.83846509873515,8.12072243647437,12.1805466101446));
#6581=CARTESIAN_POINT('Ctrl Pts',(-9.77652673980546,8.1450872459772,12.1668105173944));
#6582=CARTESIAN_POINT('Ctrl Pts',(-9.74783343011152,8.15450816841463,12.1553483950955));
#6583=CARTESIAN_POINT('Origin',(-11.5,8.,14.4));
#6584=CARTESIAN_POINT('',(-12.9521781682794,8.,12.1237797629463));
#6585=CARTESIAN_POINT('Origin',(-13.0597469214853,8.,11.9551708564979));
#6586=CARTESIAN_POINT('Origin',(-11.5,8.,14.4));
#6587=CARTESIAN_POINT('Ctrl Pts',(-13.0597469214853,8.2,11.9551708564979));
#6588=CARTESIAN_POINT('Ctrl Pts',(-13.0890143231006,8.2,11.9738428114239));
#6589=CARTESIAN_POINT('Ctrl Pts',(-13.1370922030204,8.2,12.0001272422424));
#6590=CARTESIAN_POINT('Ctrl Pts',(-13.2028182544804,8.2,12.0230682695428));
#6591=CARTESIAN_POINT('Ctrl Pts',(-13.2372881481194,8.2,12.0283553799602));
#6592=CARTESIAN_POINT('Ctrl Pts',(-13.2521665698885,8.2,12.0283553799602));
#6593=CARTESIAN_POINT('Ctrl Pts',(-13.0315854877496,8.2,11.9993125649836));
#6594=CARTESIAN_POINT('Ctrl Pts',(-13.0653824877304,8.19985626134568,12.0156062368594));
#6595=CARTESIAN_POINT('Ctrl Pts',(-13.1201289569704,8.2000214630062,12.0376192124106));
#6596=CARTESIAN_POINT('Ctrl Pts',(-13.1950826086171,8.19989936272351,12.0532479163571));
#6597=CARTESIAN_POINT('Ctrl Pts',(-13.2347919692142,8.20000635998798,12.0537615905747));
#6598=CARTESIAN_POINT('Ctrl Pts',(-13.2521665698885,8.2,12.0512874903637));
#6599=CARTESIAN_POINT('Ctrl Pts',(-12.975530086174,8.15658233976203,12.0871767418799));
#6600=CARTESIAN_POINT('Ctrl Pts',(-13.0181435360379,8.16430544768596,12.0990152095359));
#6601=CARTESIAN_POINT('Ctrl Pts',(-13.0862235109636,8.17471454705813,12.1125051535492));
#6602=CARTESIAN_POINT('Ctrl Pts',(-13.1795526786135,8.18569556040771,12.1136682163086));
#6603=CARTESIAN_POINT('Ctrl Pts',(-13.2298010152602,8.19028849292665,12.104559812212));
#6604=CARTESIAN_POINT('Ctrl Pts',(-13.2521665698885,8.1920288144317,12.0971445371935));
#6605=CARTESIAN_POINT('Ctrl Pts',(-12.9521781682794,8.05235987755983,12.1237797629463));
#6606=CARTESIAN_POINT('Ctrl Pts',(-12.9934294513843,8.07438634097145,12.1417111258539));
#6607=CARTESIAN_POINT('Ctrl Pts',(-13.0631574544889,8.10735691204911,12.1616384107114));
#6608=CARTESIAN_POINT('Ctrl Pts',(-13.1668264280681,8.14544162240254,12.1618268295544));
#6609=CARTESIAN_POINT('Ctrl Pts',(-13.2253929143808,8.16253565809261,12.1482717008205));
#6610=CARTESIAN_POINT('Ctrl Pts',(-13.2521665698885,8.16906925763241,12.1376324032139));
#6611=CARTESIAN_POINT('Ctrl Pts',(-12.9521781682794,8.,12.1237797629463));
#6612=CARTESIAN_POINT('Ctrl Pts',(-12.9896099457074,8.02641250848307,12.1476604090701));
#6613=CARTESIAN_POINT('Ctrl Pts',(-13.0562275739418,8.06850570076621,12.1753003175809));
#6614=CARTESIAN_POINT('Ctrl Pts',(-13.1616015146923,8.12075618580146,12.1805519760227));
#6615=CARTESIAN_POINT('Ctrl Pts',(-13.223465525595,8.14508470646316,12.1668136071365));
#6616=CARTESIAN_POINT('Ctrl Pts',(-13.2521665698885,8.15450816841463,12.1553483950955));
#6617=CARTESIAN_POINT('Origin',(-13.2521665698885,8.,12.0283553799602));
#6618=CARTESIAN_POINT('Ctrl Pts',(-13.2521665698885,8.15450816841463,12.1553483950955));
#6619=CARTESIAN_POINT('Ctrl Pts',(-13.223465525595,8.14508470646316,12.1668136071365));
#6620=CARTESIAN_POINT('Ctrl Pts',(-13.1616015146923,8.12075618580146,12.1805519760227));
#6621=CARTESIAN_POINT('Ctrl Pts',(-13.0562275739418,8.06850570076621,12.1753003175809));
#6622=CARTESIAN_POINT('Ctrl Pts',(-12.9896099457074,8.02641250848307,12.1476604090701));
#6623=CARTESIAN_POINT('Ctrl Pts',(-12.9521781682794,8.,12.1237797629463));
#6624=CARTESIAN_POINT('Origin',(-15.3125,8.,12.0283553799602));
#6625=CARTESIAN_POINT('Origin',(-2.22044604925031E-15,0.,-11.25));
#6626=CARTESIAN_POINT('',(-1.38777878078145E-14,0.2,11.55));
#6627=CARTESIAN_POINT('',(-9.0205620750794E-15,0.2,2.0375));
#6628=CARTESIAN_POINT('',(-1.38556334112594E-14,4.,11.55));
#6629=CARTESIAN_POINT('',(-1.38777878078145E-14,0.,11.55));
#6630=CARTESIAN_POINT('',(-1.36177223620736E-14,4.5,11.05));
#6631=CARTESIAN_POINT('Origin',(-1.36002320516582E-14,4.,11.05));
#6632=CARTESIAN_POINT('',(-9.71445146547012E-15,4.5,3.45));
#6633=CARTESIAN_POINT('',(-5.10008701937181E-15,4.5,-5.625));
#6634=CARTESIAN_POINT('',(-9.47159017883337E-15,4.,2.95));
#6635=CARTESIAN_POINT('Origin',(-9.71445146547012E-15,4.,3.45));
#6636=CARTESIAN_POINT('',(-1.03389519168218E-14,0.2,2.95));
#6637=CARTESIAN_POINT('',(-9.47159017883337E-15,0.,2.95));
#6638=CARTESIAN_POINT('',(-6.48786580015326E-15,0.2,-2.95));
#6639=CARTESIAN_POINT('',(-5.10008701937181E-15,0.2,-5.625));
#6640=CARTESIAN_POINT('',(-6.46571140359822E-15,4.,-2.95));
#6641=CARTESIAN_POINT('',(-6.45317133063372E-15,0.,-2.95));
#6642=CARTESIAN_POINT('',(-6.21108293363727E-15,4.5,-3.45));
#6643=CARTESIAN_POINT('Origin',(-6.21031004399697E-15,4.,-3.45));
#6644=CARTESIAN_POINT('',(-2.32452945780892E-15,4.5,-11.05));
#6645=CARTESIAN_POINT('',(-5.10008701937181E-15,4.5,-5.625));
#6646=CARTESIAN_POINT('',(-2.08166817117217E-15,4.,-11.55));
#6647=CARTESIAN_POINT('Origin',(-2.32452945780892E-15,4.,-11.05));
#6648=CARTESIAN_POINT('',(-2.4459601011273E-15,0.2,-11.55));
#6649=CARTESIAN_POINT('',(-2.08166817117217E-15,0.,-11.55));
#6650=CARTESIAN_POINT('',(-1.17961196366423E-15,0.2,-13.2875));
#6651=CARTESIAN_POINT('Origin',(-3.5,2.8,14.4));
#6652=CARTESIAN_POINT('',(-3.5,2.8,13.));
#6653=CARTESIAN_POINT('',(-4.9,2.8,14.4));
#6654=CARTESIAN_POINT('Origin',(-3.5,2.8,14.4));
#6655=CARTESIAN_POINT('Origin',(-3.5,2.8,14.4));
#6656=CARTESIAN_POINT('',(-3.5,3.,12.8));
#6657=CARTESIAN_POINT('Origin',(-3.5,2.8,12.8));
#6658=CARTESIAN_POINT('Origin',(-3.5,3.,14.4));
#6659=CARTESIAN_POINT('Origin',(-7.50000000000001,3.,0.));
#6660=CARTESIAN_POINT('',(-3.5,3.,16.9));
#6661=CARTESIAN_POINT('Origin',(-3.5,3.,14.4));
#6662=CARTESIAN_POINT('Origin',(-3.5,8.2,14.4));
#6663=CARTESIAN_POINT('',(-4.9,0.2,14.4));
#6664=CARTESIAN_POINT('',(-4.9,8.2,14.4));
#6665=CARTESIAN_POINT('',(-3.5,0.2,13.));
#6666=CARTESIAN_POINT('Origin',(-3.5,0.2,14.4));
#6667=CARTESIAN_POINT('Origin',(-3.5,0.2,14.4));
#6668=CARTESIAN_POINT('Origin',(-3.5,3.2,14.4));
#6669=CARTESIAN_POINT('',(-3.5,3.2,17.1));
#6670=CARTESIAN_POINT('Origin',(-3.5,3.2,16.9));
#6671=CARTESIAN_POINT('',(-6.2,3.2,14.4));
#6672=CARTESIAN_POINT('Origin',(-3.5,3.2,14.4));
#6673=CARTESIAN_POINT('Origin',(-3.5,3.2,14.4));
#6674=CARTESIAN_POINT('Origin',(-3.5,8.2,14.4));
#6675=CARTESIAN_POINT('',(-6.2,5.92126005748521,14.4));
#6676=CARTESIAN_POINT('Origin',(-3.5,5.92126005748521,14.4));
#6677=CARTESIAN_POINT('',(-6.2,8.2,14.4));
#6678=CARTESIAN_POINT('Origin',(-3.5,5.92126005748521,14.4));
#6679=CARTESIAN_POINT('Origin',(-11.5,3.2,14.4));
#6680=CARTESIAN_POINT('',(-11.5,3.,16.9));
#6681=CARTESIAN_POINT('Origin',(-11.5,3.,14.4));
#6682=CARTESIAN_POINT('',(-11.5,3.2,17.1));
#6683=CARTESIAN_POINT('Origin',(-11.5,3.2,16.9));
#6684=CARTESIAN_POINT('',(-14.2,3.2,14.4));
#6685=CARTESIAN_POINT('Origin',(-11.5,3.2,14.4));
#6686=CARTESIAN_POINT('Origin',(-11.5,3.2,14.4));
#6687=CARTESIAN_POINT('Origin',(-7.50000000000001,3.,0.));
#6688=CARTESIAN_POINT('',(-11.5,3.,12.8));
#6689=CARTESIAN_POINT('Origin',(-11.5,3.,14.4));
#6690=CARTESIAN_POINT('Origin',(-11.5,8.2,14.4));
#6691=CARTESIAN_POINT('',(-14.2,5.92126005748521,14.4));
#6692=CARTESIAN_POINT('Origin',(-11.5,5.92126005748521,14.4));
#6693=CARTESIAN_POINT('',(-14.2,8.2,14.4));
#6694=CARTESIAN_POINT('Origin',(-11.5,5.92126005748521,14.4));
#6695=CARTESIAN_POINT('Origin',(-11.5,2.8,14.4));
#6696=CARTESIAN_POINT('',(-11.5,2.8,13.));
#6697=CARTESIAN_POINT('',(-12.9,2.8,14.4));
#6698=CARTESIAN_POINT('Origin',(-11.5,2.8,14.4));
#6699=CARTESIAN_POINT('Origin',(-11.5,2.8,14.4));
#6700=CARTESIAN_POINT('Origin',(-11.5,2.8,12.8));
#6701=CARTESIAN_POINT('Origin',(-11.5,8.2,14.4));
#6702=CARTESIAN_POINT('',(-12.9,0.2,14.4));
#6703=CARTESIAN_POINT('',(-12.9,8.2,14.4));
#6704=CARTESIAN_POINT('',(-11.5,0.2,13.));
#6705=CARTESIAN_POINT('Origin',(-11.5,0.2,14.4));
#6706=CARTESIAN_POINT('Origin',(-11.5,0.2,14.4));
#6707=CARTESIAN_POINT('Origin',(-3.5,0.2,14.4));
#6708=CARTESIAN_POINT('',(-3.5,0.,12.8));
#6709=CARTESIAN_POINT('Origin',(-3.5,0.,14.4));
#6710=CARTESIAN_POINT('Origin',(-3.5,0.2,12.8));
#6711=CARTESIAN_POINT('Origin',(-7.75,0.,15.325));
#6712=CARTESIAN_POINT('',(-15.3,0.,12.7));
#6713=CARTESIAN_POINT('',(-15.3,0.,13.9125));
#6714=CARTESIAN_POINT('',(-15.2384615384615,0.,12.6076923076923));
#6715=CARTESIAN_POINT('Origin',(-15.2,0.,12.7));
#6716=CARTESIAN_POINT('',(-12.46,0.,11.45));
#6717=CARTESIAN_POINT('',(-11.1227810650888,0.,10.892825443787));
#6718=CARTESIAN_POINT('',(-0.300000000000014,0.,11.45));
#6719=CARTESIAN_POINT('',(-3.875,0.,11.45));
#6720=CARTESIAN_POINT('',(-0.200000000000014,0.,11.55));
#6721=CARTESIAN_POINT('Origin',(-0.300000000000014,0.,11.55));
#6722=CARTESIAN_POINT('',(-0.200000000000009,0.,2.0375));
#6723=CARTESIAN_POINT('',(-11.625,0.,19.2));
#6724=CARTESIAN_POINT('',(-11.5,0.,12.8));
#6725=CARTESIAN_POINT('Origin',(-11.5,0.,14.4));
#6726=CARTESIAN_POINT('Origin',(-11.5,0.2,14.4));
#6727=CARTESIAN_POINT('Origin',(-11.5,0.2,12.8));
#6728=CARTESIAN_POINT('Origin',(-3.5,2.8,-14.4));
#6729=CARTESIAN_POINT('',(-3.5,3.,-12.8));
#6730=CARTESIAN_POINT('Origin',(-3.5,3.,-14.4));
#6731=CARTESIAN_POINT('',(-3.5,2.8,-13.));
#6732=CARTESIAN_POINT('Origin',(-3.5,2.8,-12.8));
#6733=CARTESIAN_POINT('',(-4.9,2.8,-14.4));
#6734=CARTESIAN_POINT('Origin',(-3.5,2.8,-14.4));
#6735=CARTESIAN_POINT('Origin',(-3.5,2.8,-14.4));
#6736=CARTESIAN_POINT('Origin',(-7.50000000000001,3.,0.));
#6737=CARTESIAN_POINT('',(-3.5,3.,-11.9));
#6738=CARTESIAN_POINT('Origin',(-3.5,3.,-14.4));
#6739=CARTESIAN_POINT('Origin',(-3.5,8.2,-14.4));
#6740=CARTESIAN_POINT('',(-4.9,0.2,-14.4));
#6741=CARTESIAN_POINT('',(-4.9,8.2,-14.4));
#6742=CARTESIAN_POINT('',(-3.5,0.2,-15.8));
#6743=CARTESIAN_POINT('Origin',(-3.5,0.2,-14.4));
#6744=CARTESIAN_POINT('Origin',(-3.5,0.2,-14.4));
#6745=CARTESIAN_POINT('Origin',(-3.5,3.2,-14.4));
#6746=CARTESIAN_POINT('',(-3.5,3.2,-11.7));
#6747=CARTESIAN_POINT('Origin',(-3.5,3.2,-11.9));
#6748=CARTESIAN_POINT('',(-6.2,3.2,-14.4));
#6749=CARTESIAN_POINT('Origin',(-3.5,3.2,-14.4));
#6750=CARTESIAN_POINT('Origin',(-3.5,3.2,-14.4));
#6751=CARTESIAN_POINT('Origin',(-3.5,8.2,-14.4));
#6752=CARTESIAN_POINT('',(-6.2,5.92126005748521,-14.4));
#6753=CARTESIAN_POINT('Origin',(-3.5,5.92126005748521,-14.4));
#6754=CARTESIAN_POINT('',(-6.2,8.2,-14.4));
#6755=CARTESIAN_POINT('Origin',(-3.5,5.92126005748521,-14.4));
#6756=CARTESIAN_POINT('Origin',(-11.5,3.2,-14.4));
#6757=CARTESIAN_POINT('',(-11.5,3.,-11.9));
#6758=CARTESIAN_POINT('Origin',(-11.5,3.,-14.4));
#6759=CARTESIAN_POINT('',(-11.5,3.2,-11.7));
#6760=CARTESIAN_POINT('Origin',(-11.5,3.2,-11.9));
#6761=CARTESIAN_POINT('',(-14.2,3.2,-14.4));
#6762=CARTESIAN_POINT('Origin',(-11.5,3.2,-14.4));
#6763=CARTESIAN_POINT('Origin',(-11.5,3.2,-14.4));
#6764=CARTESIAN_POINT('Origin',(-7.50000000000001,3.,0.));
#6765=CARTESIAN_POINT('',(-11.5,3.,-12.8));
#6766=CARTESIAN_POINT('Origin',(-11.5,3.,-14.4));
#6767=CARTESIAN_POINT('Origin',(-11.5,8.2,-14.4));
#6768=CARTESIAN_POINT('',(-14.2,5.92126005748521,-14.4));
#6769=CARTESIAN_POINT('Origin',(-11.5,5.92126005748521,-14.4));
#6770=CARTESIAN_POINT('',(-14.2,8.2,-14.4));
#6771=CARTESIAN_POINT('Origin',(-11.5,5.92126005748521,-14.4));
#6772=CARTESIAN_POINT('Origin',(-11.5,2.8,-14.4));
#6773=CARTESIAN_POINT('',(-11.5,2.8,-13.));
#6774=CARTESIAN_POINT('Origin',(-11.5,2.8,-12.8));
#6775=CARTESIAN_POINT('',(-12.9,2.8,-14.4));
#6776=CARTESIAN_POINT('Origin',(-11.5,2.8,-14.4));
#6777=CARTESIAN_POINT('Origin',(-11.5,2.8,-14.4));
#6778=CARTESIAN_POINT('Origin',(-11.5,8.2,-14.4));
#6779=CARTESIAN_POINT('',(-12.9,0.2,-14.4));
#6780=CARTESIAN_POINT('',(-12.9,8.2,-14.4));
#6781=CARTESIAN_POINT('',(-11.5,0.2,-15.8));
#6782=CARTESIAN_POINT('Origin',(-11.5,0.2,-14.4));
#6783=CARTESIAN_POINT('Origin',(-11.5,0.2,-14.4));
#6784=CARTESIAN_POINT('Origin',(-11.5,0.2,-14.4));
#6785=CARTESIAN_POINT('Origin',(-11.5,0.2,-16.));
#6786=CARTESIAN_POINT('Origin',(-3.5,0.2,-14.4));
#6787=CARTESIAN_POINT('Origin',(-3.5,0.2,-16.));
#6788=CARTESIAN_POINT('Ctrl Pts',(-2.04782183172063,8.,12.1237797629463));
#6789=CARTESIAN_POINT('Ctrl Pts',(-1.76885312324379,7.83746496248213,12.3017556290284));
#6790=CARTESIAN_POINT('Ctrl Pts',(-1.27715153211663,7.41776991634612,12.7613217045473));
#6791=CARTESIAN_POINT('Ctrl Pts',(-0.836663838406491,6.58802373436522,13.6698937738164));
#6792=CARTESIAN_POINT('Ctrl Pts',(-0.7523141931515,5.66925789221908,14.6759423709664));
#6793=CARTESIAN_POINT('Ctrl Pts',(-1.03491940745445,4.7839944444594,15.6453058462633));
#6794=CARTESIAN_POINT('Ctrl Pts',(-1.64750524965513,4.05104582178669,16.4478845880899));
#6795=CARTESIAN_POINT('Ctrl Pts',(-2.50727879529704,3.56771420361906,16.9771327099834));
#6796=CARTESIAN_POINT('Ctrl Pts',(-3.50004598925886,3.39939215479898,17.1614453534414));
#6797=CARTESIAN_POINT('Ctrl Pts',(-4.49254831458705,3.56770281235986,16.9771451834123));
#6798=CARTESIAN_POINT('Ctrl Pts',(-5.35276650843149,4.05098471610405,16.4479514988124));
#6799=CARTESIAN_POINT('Ctrl Pts',(-5.86235657522676,4.66193651231941,15.7789592819566));
#6800=CARTESIAN_POINT('Ctrl Pts',(-6.22946491990094,5.50889356636391,14.8515413077778));
#6801=CARTESIAN_POINT('Ctrl Pts',(-6.23826009470798,6.44962523384352,13.8214401318877));
#6802=CARTESIAN_POINT('Ctrl Pts',(-5.72218780044512,7.41781737205865,12.7612697405421));
#6803=CARTESIAN_POINT('Ctrl Pts',(-5.23114687675622,7.83746496248213,12.3017556290284));
#6804=CARTESIAN_POINT('Ctrl Pts',(-4.95217816827937,8.,12.1237797629463));
#6805=CARTESIAN_POINT('Ctrl Pts',(-2.03802526215022,8.02628687630055,12.1300297576624));
#6806=CARTESIAN_POINT('Ctrl Pts',(-1.75776737503433,7.86422174310565,12.3105197666498));
#6807=CARTESIAN_POINT('Ctrl Pts',(-1.26503995156116,7.44579188414027,12.776300324174));
#6808=CARTESIAN_POINT('Ctrl Pts',(-0.829169447799331,6.61915503637216,13.6945085553602));
#6809=CARTESIAN_POINT('Ctrl Pts',(-0.754895387692225,5.70506493276147,14.7065433812266));
#6810=CARTESIAN_POINT('Ctrl Pts',(-1.04978477510565,4.8264977104897,15.6748221693979));
#6811=CARTESIAN_POINT('Ctrl Pts',(-1.67059806366873,4.10246304909863,16.4678054033772));
#6812=CARTESIAN_POINT('Ctrl Pts',(-2.52662590363244,3.62893419526268,16.9824268351946));
#6813=CARTESIAN_POINT('Ctrl Pts',(-3.50005762740416,3.46560211548177,17.1587588469017));
#6814=CARTESIAN_POINT('Ctrl Pts',(-4.47321189579592,3.62893254457522,16.9824182081215));
#6815=CARTESIAN_POINT('Ctrl Pts',(-5.3296672436003,4.10238701397226,16.467910466352));
#6816=CARTESIAN_POINT('Ctrl Pts',(-5.84608773869485,4.70593955213659,15.8068269515581));
#6817=CARTESIAN_POINT('Ctrl Pts',(-6.22458856911831,5.54561928749263,14.8827384933512));
#6818=CARTESIAN_POINT('Ctrl Pts',(-6.24507908968733,6.48126985780407,13.8477178922087));
#6819=CARTESIAN_POINT('Ctrl Pts',(-5.73425858471027,7.4458415200656,12.7762233135187));
#6820=CARTESIAN_POINT('Ctrl Pts',(-5.24223262496567,7.86422174310565,12.3105197666498));
#6821=CARTESIAN_POINT('Ctrl Pts',(-4.96197473784979,8.02628687630055,12.1300297576624));
#6822=CARTESIAN_POINT('Ctrl Pts',(-2.01395664843722,8.07884292584472,12.1355001030249));
#6823=CARTESIAN_POINT('Ctrl Pts',(-1.72981218973573,7.91771447605276,12.3208660065954));
#6824=CARTESIAN_POINT('Ctrl Pts',(-1.2318169372723,7.50180311771509,12.7989576198977));
#6825=CARTESIAN_POINT('Ctrl Pts',(-0.798520705450268,6.68134300878725,13.7386519561066));
#6826=CARTESIAN_POINT('Ctrl Pts',(-0.737498543117405,5.77653975454992,14.7690539444799));
#6827=CARTESIAN_POINT('Ctrl Pts',(-1.05255062642298,4.91123476183601,15.7461808189855));
#6828=CARTESIAN_POINT('Ctrl Pts',(-1.69134683071243,4.20486495481895,16.5341422561092));
#6829=CARTESIAN_POINT('Ctrl Pts',(-2.54929029890751,3.75076061255352,17.0324596907698));
#6830=CARTESIAN_POINT('Ctrl Pts',(-3.5000737218731,3.59728320578133,17.1981995749795));
#6831=CARTESIAN_POINT('Ctrl Pts',(-4.45055340864876,3.75078007058199,17.032420814926));
#6832=CARTESIAN_POINT('Ctrl Pts',(-5.30892187081607,4.20474834348373,16.5342828960423));
#6833=CARTESIAN_POINT('Ctrl Pts',(-5.84026103502108,4.79365578794511,15.8773021074354));
#6834=CARTESIAN_POINT('Ctrl Pts',(-6.23859969688574,5.6189114199392,14.9479463477573));
#6835=CARTESIAN_POINT('Ctrl Pts',(-6.27546493105155,6.54447952179112,13.8954967933386));
#6836=CARTESIAN_POINT('Ctrl Pts',(-5.76740925441922,7.50185630356248,12.7988566720781));
#6837=CARTESIAN_POINT('Ctrl Pts',(-5.27018781026427,7.91771447605277,12.3208660065954));
#6838=CARTESIAN_POINT('Ctrl Pts',(-4.98604335156279,8.07884292584473,12.1355001030249));
#6839=CARTESIAN_POINT('Ctrl Pts',(-1.95964434643831,8.16332536672865,12.1198057744863));
#6840=CARTESIAN_POINT('Ctrl Pts',(-1.66503792267536,8.00296901082938,12.3124188153208));
#6841=CARTESIAN_POINT('Ctrl Pts',(-1.14855786846194,7.58914131432152,12.8093483129323));
#6842=CARTESIAN_POINT('Ctrl Pts',(-0.698827472957147,6.77359936413059,13.7871817756445));
#6843=CARTESIAN_POINT('Ctrl Pts',(-0.635507661816766,5.87578142875591,14.8610401418483));
#6844=CARTESIAN_POINT('Ctrl Pts',(-0.963280047082113,5.01987817518018,15.8809940710312));
#6845=CARTESIAN_POINT('Ctrl Pts',(-1.62775425243122,4.32508863561102,16.7043237048321));
#6846=CARTESIAN_POINT('Ctrl Pts',(-2.51803778244902,3.88280159434694,17.2243586751796));
#6847=CARTESIAN_POINT('Ctrl Pts',(-3.5000754422457,3.73514201433312,17.3966885394838));
#6848=CARTESIAN_POINT('Ctrl Pts',(-4.48179581472044,3.88282789984853,17.2243172593636));
#6849=CARTESIAN_POINT('Ctrl Pts',(-5.37252724887666,4.32498351336208,16.7044745223348));
#6850=CARTESIAN_POINT('Ctrl Pts',(-5.9252143720682,4.90422579040854,16.0180077492143));
#6851=CARTESIAN_POINT('Ctrl Pts',(-6.3396338817921,5.719527370631,15.0476743064935));
#6852=CARTESIAN_POINT('Ctrl Pts',(-6.37798938620925,6.63754104501286,13.9503525733655));
#6853=CARTESIAN_POINT('Ctrl Pts',(-5.85062794427275,7.58920075071279,12.8092607308659));
#6854=CARTESIAN_POINT('Ctrl Pts',(-5.33496207732464,8.00296901082938,12.3124188153208));
#6855=CARTESIAN_POINT('Ctrl Pts',(-5.04035565356169,8.16332536672865,12.1198057744863));
#6856=CARTESIAN_POINT('Ctrl Pts',(-1.91392012928625,8.21065505407273,12.0870363508782));
#6857=CARTESIAN_POINT('Ctrl Pts',(-1.6097209403912,8.04940146479614,12.2832457513082));
#6858=CARTESIAN_POINT('Ctrl Pts',(-1.07458235825699,7.63308741450478,12.7897092381263));
#6859=CARTESIAN_POINT('Ctrl Pts',(-0.600086380385835,6.81127654479632,13.7895282543681));
#6860=CARTESIAN_POINT('Ctrl Pts',(-0.517855190350101,5.90380005322292,14.8936488951879));
#6861=CARTESIAN_POINT('Ctrl Pts',(-0.83721663776794,5.03349311761523,15.9524788591525));
#6862=CARTESIAN_POINT('Ctrl Pts',(-1.5119407417642,4.31914436206029,16.8217155881914));
#6863=CARTESIAN_POINT('Ctrl Pts',(-2.44291567218393,3.85495654398321,17.3867081567507));
#6864=CARTESIAN_POINT('Ctrl Pts',(-3.50006973301986,3.69576686519957,17.5801947617454));
#6865=CARTESIAN_POINT('Ctrl Pts',(-4.55692571584842,3.85496975445883,17.3867000919013));
#6866=CARTESIAN_POINT('Ctrl Pts',(-5.48834687910072,4.31899673624431,16.821808056236));
#6867=CARTESIAN_POINT('Ctrl Pts',(-6.04960036062348,4.91460664059379,16.0972153032935));
#6868=CARTESIAN_POINT('Ctrl Pts',(-6.46014859101889,5.74558229962003,15.0860941137348));
#6869=CARTESIAN_POINT('Ctrl Pts',(-6.48074755696143,6.6741933006355,13.9563127779069));
#6870=CARTESIAN_POINT('Ctrl Pts',(-5.92465166089684,7.63313845675657,12.7896437547811));
#6871=CARTESIAN_POINT('Ctrl Pts',(-5.3902790596088,8.04940146479614,12.2832457513082));
#6872=CARTESIAN_POINT('Ctrl Pts',(-5.08607987071375,8.21065505407273,12.0870363508782));
#6873=CARTESIAN_POINT('Ctrl Pts',(-1.88646870191182,8.23176225262194,12.0613559259766));
#6874=CARTESIAN_POINT('Ctrl Pts',(-1.57650347027087,8.06922721510407,12.2591068882901));
#6875=CARTESIAN_POINT('Ctrl Pts',(-1.03016836901848,7.64953216896807,12.7697358610889));
#6876=CARTESIAN_POINT('Ctrl Pts',(-0.540737598229434,6.81978598698716,13.779260382499));
#6877=CARTESIAN_POINT('Ctrl Pts',(-0.447015770168333,5.90102014484102,14.8970921571101));
#6878=CARTESIAN_POINT('Ctrl Pts',(-0.761021563838278,5.01575669708134,15.9741626852177));
#6879=CARTESIAN_POINT('Ctrl Pts',(-1.44167249961681,4.28280807440863,16.8659168428028));
#6880=CARTESIAN_POINT('Ctrl Pts',(-2.39697643921894,3.799476456241,17.4539703115734));
#6881=CARTESIAN_POINT('Ctrl Pts',(-3.50005109917651,3.63115440742092,17.6587621376379));
#6882=CARTESIAN_POINT('Ctrl Pts',(-4.60283146065228,3.7994650649818,17.4539841709388));
#6883=CARTESIAN_POINT('Ctrl Pts',(-5.55862945381276,4.28274696872599,16.86599118805));
#6884=CARTESIAN_POINT('Ctrl Pts',(-6.12484063914085,4.89369876494135,16.1226665026547));
#6885=CARTESIAN_POINT('Ctrl Pts',(-6.53273879988993,5.74065581898585,15.0922020869005));
#6886=CARTESIAN_POINT('Ctrl Pts',(-6.5425112163422,6.68138748646546,13.9476452248004));
#6887=CARTESIAN_POINT('Ctrl Pts',(-5.96909755605013,7.64957962468059,12.7696781233053));
#6888=CARTESIAN_POINT('Ctrl Pts',(-5.42349652972913,8.06922721510407,12.2591068882901));
#6889=CARTESIAN_POINT('Ctrl Pts',(-5.11353129808819,8.23176225262194,12.0613559259766));
#6890=CARTESIAN_POINT('Ctrl Pts',(-10.0478218317207,8.,12.1237797629463));
#6891=CARTESIAN_POINT('Ctrl Pts',(-9.7688531232438,7.83746496248213,12.3017556290284));
#6892=CARTESIAN_POINT('Ctrl Pts',(-9.27715483720945,7.41776584502606,12.7613261626428));
#6893=CARTESIAN_POINT('Ctrl Pts',(-8.83666592391476,6.58802242511002,13.6698952074508));
#6894=CARTESIAN_POINT('Ctrl Pts',(-8.75231560734479,5.66925672860147,14.6759436451277));
#6895=CARTESIAN_POINT('Ctrl Pts',(-9.03491204083401,4.7839905594116,15.6453101003906));
#6896=CARTESIAN_POINT('Ctrl Pts',(-9.64750827154108,4.05105074640082,16.4478791956374));
#6897=CARTESIAN_POINT('Ctrl Pts',(-10.5072768825338,3.56771219929888,16.977134904714));
#6898=CARTESIAN_POINT('Ctrl Pts',(-11.5000417975834,3.39940218679528,17.1614343684055));
#6899=CARTESIAN_POINT('Ctrl Pts',(-12.4925498036797,3.56769646910823,16.9771521292728));
#6900=CARTESIAN_POINT('Ctrl Pts',(-13.3527559782472,4.05098504825424,16.4479511351079));
#6901=CARTESIAN_POINT('Ctrl Pts',(-13.8623634362887,4.6619342443575,15.7789617653748));
#6902=CARTESIAN_POINT('Ctrl Pts',(-14.2294538139289,5.50889199185971,14.8515430318599));
#6903=CARTESIAN_POINT('Ctrl Pts',(-14.2382799557924,6.44962311710176,13.8214424497199));
#6904=CARTESIAN_POINT('Ctrl Pts',(-13.7221864142865,7.41781303006923,12.7612744950205));
#6905=CARTESIAN_POINT('Ctrl Pts',(-13.2311468767562,7.83746496248213,12.3017556290284));
#6906=CARTESIAN_POINT('Ctrl Pts',(-12.9521781682794,8.,12.1237797629463));
#6907=CARTESIAN_POINT('Ctrl Pts',(-10.0380252621502,8.02628687630055,12.1300297576624));
#6908=CARTESIAN_POINT('Ctrl Pts',(-9.75776737503434,7.86422174310565,12.3105197666498));
#6909=CARTESIAN_POINT('Ctrl Pts',(-9.26504281909714,7.44578757137122,12.7763055895537));
#6910=CARTESIAN_POINT('Ctrl Pts',(-8.82917125572555,6.61915322994259,13.6945115354928));
#6911=CARTESIAN_POINT('Ctrl Pts',(-8.7548974630874,5.70506340852315,14.7065469793307));
#6912=CARTESIAN_POINT('Ctrl Pts',(-9.04977974717159,4.82649335357228,15.6748289891008));
#6913=CARTESIAN_POINT('Ctrl Pts',(-9.67060525804271,4.10246878165774,16.467798859792));
#6914=CARTESIAN_POINT('Ctrl Pts',(-10.5266293645219,3.62893266249143,16.9824264952394));
#6915=CARTESIAN_POINT('Ctrl Pts',(-11.5000569474768,3.46561094824761,17.1587473400522));
#6916=CARTESIAN_POINT('Ctrl Pts',(-12.4732077758515,3.62892772431632,16.9824208977439));
#6917=CARTESIAN_POINT('Ctrl Pts',(-13.3296499556082,4.10238789686402,16.4679090393318));
#6918=CARTESIAN_POINT('Ctrl Pts',(-13.8460921985299,4.7059374887136,15.8068307172149));
#6919=CARTESIAN_POINT('Ctrl Pts',(-14.2245760111661,5.54561755794688,14.8827420324357));
#6920=CARTESIAN_POINT('Ctrl Pts',(-14.245100846777,6.48126719988134,13.8477226922609));
#6921=CARTESIAN_POINT('Ctrl Pts',(-13.734257761253,7.44583694424637,12.7762289032176));
#6922=CARTESIAN_POINT('Ctrl Pts',(-13.2422326249657,7.86422174310565,12.3105197666498));
#6923=CARTESIAN_POINT('Ctrl Pts',(-12.9619747378498,8.02628687630055,12.1300297576624));
#6924=CARTESIAN_POINT('Ctrl Pts',(-10.0139564404476,8.0788424731065,12.1354994048974));
#6925=CARTESIAN_POINT('Ctrl Pts',(-9.72981198174607,7.91771402331454,12.3208653084679));
#6926=CARTESIAN_POINT('Ctrl Pts',(-9.23181921674171,7.5017965177122,12.7989604020035));
#6927=CARTESIAN_POINT('Ctrl Pts',(-8.79852107222556,6.6813364179665,13.7386514585929));
#6928=CARTESIAN_POINT('Ctrl Pts',(-8.73749713082117,5.77653119982336,14.7690520446368));
#6929=CARTESIAN_POINT('Ctrl Pts',(-9.05254094408566,4.91122043803293,15.7461859588211));
#6930=CARTESIAN_POINT('Ctrl Pts',(-9.69135047020232,4.20486177560716,16.5341335596243));
#6931=CARTESIAN_POINT('Ctrl Pts',(-10.549296194609,3.75075045412305,17.0324631579539));
#6932=CARTESIAN_POINT('Ctrl Pts',(-11.5000784404223,3.59727817260088,17.19819846233));
#6933=CARTESIAN_POINT('Ctrl Pts',(-12.4505460678203,3.75076842735307,17.0324236925348));
#6934=CARTESIAN_POINT('Ctrl Pts',(-13.3089039845933,4.20473877246314,16.5342798322416));
#6935=CARTESIAN_POINT('Ctrl Pts',(-13.8402699477289,4.79364518291075,15.8773022681326));
#6936=CARTESIAN_POINT('Ctrl Pts',(-14.2385901386033,5.61890215428644,14.9479437261352));
#6937=CARTESIAN_POINT('Ctrl Pts',(-14.2754908515274,6.54447148646835,13.8954977080827));
#6938=CARTESIAN_POINT('Ctrl Pts',(-13.7674092341746,7.50184946308546,12.7988599510846));
#6939=CARTESIAN_POINT('Ctrl Pts',(-13.270188018254,7.91771402331454,12.3208653084679));
#6940=CARTESIAN_POINT('Ctrl Pts',(-12.9860435595525,8.0788424731065,12.1354994048974));
#6941=CARTESIAN_POINT('Ctrl Pts',(-9.95964407922102,8.16332433182805,12.1198045050326));
#6942=CARTESIAN_POINT('Ctrl Pts',(-9.66503765545807,8.00296797592878,12.3124175458671));
#6943=CARTESIAN_POINT('Ctrl Pts',(-9.14856070624839,7.5891356156459,12.8093509802249));
#6944=CARTESIAN_POINT('Ctrl Pts',(-8.69882822967311,6.77359330193597,13.7871804726592));
#6945=CARTESIAN_POINT('Ctrl Pts',(-8.63550600495154,5.87577361868383,14.8610353069792));
#6946=CARTESIAN_POINT('Ctrl Pts',(-8.96326679628699,5.0198575224163,15.8809932387917));
#6947=CARTESIAN_POINT('Ctrl Pts',(-9.62775259839493,4.32507215752422,16.7043052838337));
#6948=CARTESIAN_POINT('Ctrl Pts',(-10.5180389590493,3.88276710831807,17.2243534112527));
#6949=CARTESIAN_POINT('Ctrl Pts',(-11.5000811894465,3.73510329323965,17.3966795969756));
#6950=CARTESIAN_POINT('Ctrl Pts',(-12.4817922304934,3.88279395137055,17.224310983675));
#6951=CARTESIAN_POINT('Ctrl Pts',(-13.3725137939263,4.32496015619285,16.70446242847));
#6952=CARTESIAN_POINT('Ctrl Pts',(-13.9252266272742,4.90420937181045,16.0180012266581));
#6953=CARTESIAN_POINT('Ctrl Pts',(-14.3396245130859,5.71951825397336,15.0476681688807));
#6954=CARTESIAN_POINT('Ctrl Pts',(-14.3780159284896,6.63753434574694,13.9503522925248));
#6955=CARTESIAN_POINT('Ctrl Pts',(-13.8506275592353,7.58919463634536,12.8092638279509));
#6956=CARTESIAN_POINT('Ctrl Pts',(-13.334962344542,8.00296797592878,12.3124175458671));
#6957=CARTESIAN_POINT('Ctrl Pts',(-13.040355920779,8.16332433182805,12.1198045050326));
#6958=CARTESIAN_POINT('Ctrl Pts',(-9.91392012928627,8.21065505407273,12.0870363508782));
#6959=CARTESIAN_POINT('Ctrl Pts',(-9.60972094039122,8.04940146479615,12.2832457513082));
#6960=CARTESIAN_POINT('Ctrl Pts',(-9.07458425595633,7.63307739914264,12.7897113994021));
#6961=CARTESIAN_POINT('Ctrl Pts',(-8.60008672848782,6.81126516153975,13.7895263028367));
#6962=CARTESIAN_POINT('Ctrl Pts',(-8.51785550649908,5.90378436129566,14.8936471345486));
#6963=CARTESIAN_POINT('Ctrl Pts',(-8.8372127129015,5.03348030323874,15.9524851744977));
#6964=CARTESIAN_POINT('Ctrl Pts',(-9.51195510507924,4.31915257676971,16.8217129138227));
#6965=CARTESIAN_POINT('Ctrl Pts',(-10.4429281006566,3.85497462525067,17.3867156498882));
#6966=CARTESIAN_POINT('Ctrl Pts',(-11.5000707340609,3.69580092875795,17.5801882808996));
#6967=CARTESIAN_POINT('Ctrl Pts',(-12.5569137197311,3.85498338316385,17.3867103327291));
#6968=CARTESIAN_POINT('Ctrl Pts',(-13.4883205849961,4.31899854227027,16.821810924302));
#6969=CARTESIAN_POINT('Ctrl Pts',(-14.0496033034211,4.91459709059788,16.097218782109));
#6970=CARTESIAN_POINT('Ctrl Pts',(-14.460136448165,5.74556615333508,15.0860926934709));
#6971=CARTESIAN_POINT('Ctrl Pts',(-14.4807735216785,6.67417842441515,13.9563107389274));
#6972=CARTESIAN_POINT('Ctrl Pts',(-13.9246519058252,7.63312844797955,12.7896463181212));
#6973=CARTESIAN_POINT('Ctrl Pts',(-13.3902790596088,8.04940146479614,12.2832457513082));
#6974=CARTESIAN_POINT('Ctrl Pts',(-13.0860798707138,8.21065505407273,12.0870363508782));
#6975=CARTESIAN_POINT('Ctrl Pts',(-9.88646870191183,8.23176225262194,12.0613559259766));
#6976=CARTESIAN_POINT('Ctrl Pts',(-9.57650347027089,8.06922721510407,12.2591068882901));
#6977=CARTESIAN_POINT('Ctrl Pts',(-9.03017204134383,7.64952809764799,12.7697408145283));
#6978=CARTESIAN_POINT('Ctrl Pts',(-8.54073991546084,6.81978467773196,13.7792619754261));
#6979=CARTESIAN_POINT('Ctrl Pts',(-8.44701734149421,5.9010189812234,14.8970935728449));
#6980=CARTESIAN_POINT('Ctrl Pts',(-8.76101337870445,5.01575281203355,15.9741674120259));
#6981=CARTESIAN_POINT('Ctrl Pts',(-9.44167585726787,4.28281299902276,16.865910851189));
#6982=CARTESIAN_POINT('Ctrl Pts',(-10.3969743139264,3.79947445192082,17.453972750163));
#6983=CARTESIAN_POINT('Ctrl Pts',(-11.5000464417593,3.63116443941722,17.6587499320424));
#6984=CARTESIAN_POINT('Ctrl Pts',(-12.6028331151996,3.79945872173016,17.4539918885616));
#6985=CARTESIAN_POINT('Ctrl Pts',(-13.558617753608,4.28274730087618,16.865990783934));
#6986=CARTESIAN_POINT('Ctrl Pts',(-14.124848262543,4.89369649697944,16.1226692620084));
#6987=CARTESIAN_POINT('Ctrl Pts',(-14.532726459921,5.74065424448165,15.0922040025473));
#6988=CARTESIAN_POINT('Ctrl Pts',(-14.5425332842138,6.68138536972371,13.9476478001695));
#6989=CARTESIAN_POINT('Ctrl Pts',(-13.9690960158739,7.64957528269118,12.7696834060591));
#6990=CARTESIAN_POINT('Ctrl Pts',(-13.4234965297291,8.06922721510407,12.2591068882901));
#6991=CARTESIAN_POINT('Ctrl Pts',(-13.1135312980882,8.23176225262194,12.0613559259766));
#6992=CARTESIAN_POINT('Ctrl Pts',(-12.9521781682794,8.,-12.1237797629463));
#6993=CARTESIAN_POINT('Ctrl Pts',(-13.2311468767562,7.83746496248212,-12.3017556290284));
#6994=CARTESIAN_POINT('Ctrl Pts',(-13.7209426638721,7.4179160692368,-12.761161667132));
#6995=CARTESIAN_POINT('Ctrl Pts',(-14.3149540819685,6.31105941034548,-13.973169708618));
#6996=CARTESIAN_POINT('Ctrl Pts',(-14.1727052955965,5.02806818559241,-15.3780450997226));
#6997=CARTESIAN_POINT('Ctrl Pts',(-13.3516279243362,4.0510936807924,-16.4478321824786));
#6998=CARTESIAN_POINT('Ctrl Pts',(-12.493128530803,3.56759373074092,-16.977264627785));
#6999=CARTESIAN_POINT('Ctrl Pts',(-11.4999277584059,3.39948825291179,-17.1613401260079));
#7000=CARTESIAN_POINT('Ctrl Pts',(-10.5069848491409,3.56751210521054,-16.9773540077408));
#7001=CARTESIAN_POINT('Ctrl Pts',(-9.64820424484942,4.05133515890402,-16.4475677639464));
#7002=CARTESIAN_POINT('Ctrl Pts',(-8.82836866493372,5.02740678631811,-15.378769331928));
#7003=CARTESIAN_POINT('Ctrl Pts',(-8.64742754574848,6.63419392509726,-13.6193374149648));
#7004=CARTESIAN_POINT('Ctrl Pts',(-9.48988441476695,7.67492992496425,-12.4797314951105));
#7005=CARTESIAN_POINT('Ctrl Pts',(-10.0478218317206,8.,-12.1237797629463));
#7006=CARTESIAN_POINT('Ctrl Pts',(-12.9619747378498,8.02628687630055,-12.1300297576624));
#7007=CARTESIAN_POINT('Ctrl Pts',(-13.2422326249657,7.86422174310565,-12.3105197666498));
#7008=CARTESIAN_POINT('Ctrl Pts',(-13.7329388886663,7.44594996301688,-12.7760597587201));
#7009=CARTESIAN_POINT('Ctrl Pts',(-14.3212018453891,6.3431965998356,-14.001203741624));
#7010=CARTESIAN_POINT('Ctrl Pts',(-14.1608127280325,5.06759268516868,-15.4108916354133));
#7011=CARTESIAN_POINT('Ctrl Pts',(-13.3284493073937,4.10250650782587,-16.467733789129));
#7012=CARTESIAN_POINT('Ctrl Pts',(-12.4738176273252,3.6288192131124,-16.9825709163236));
#7013=CARTESIAN_POINT('Ctrl Pts',(-11.4999392220298,3.46569996569705,-17.1586297140735));
#7014=CARTESIAN_POINT('Ctrl Pts',(-10.5263196879503,3.62872650276083,-16.9826862117272));
#7015=CARTESIAN_POINT('Ctrl Pts',(-9.67135089088118,4.10276074985441,-16.467435704933));
#7016=CARTESIAN_POINT('Ctrl Pts',(-8.84033605976199,5.0669130498715,-15.4116558866339));
#7017=CARTESIAN_POINT('Ctrl Pts',(-8.63651893476647,6.66450948042954,-13.6460446128107));
#7018=CARTESIAN_POINT('Ctrl Pts',(-9.47750948791846,7.70215660991076,-12.4910097756372));
#7019=CARTESIAN_POINT('Ctrl Pts',(-10.0380252621502,8.02628687630055,-12.1300297576624));
#7020=CARTESIAN_POINT('Ctrl Pts',(-12.9860435593708,8.07884247351007,-12.1354994055139));
#7021=CARTESIAN_POINT('Ctrl Pts',(-13.2701880180723,7.91771402371811,-12.3208653090843));
#7022=CARTESIAN_POINT('Ctrl Pts',(-13.7659541257465,7.50197921750856,-12.7986248569709));
#7023=CARTESIAN_POINT('Ctrl Pts',(-14.3515208051159,6.40738741227193,-14.052729047557));
#7024=CARTESIAN_POINT('Ctrl Pts',(-14.1644467804292,5.14641952465121,-15.4840266403251));
#7025=CARTESIAN_POINT('Ctrl Pts',(-13.307576925244,4.20487673251548,-16.5340459254272));
#7026=CARTESIAN_POINT('Ctrl Pts',(-12.4512133211472,3.75064830938105,-17.0326115266999));
#7027=CARTESIAN_POINT('Ctrl Pts',(-11.4999544230316,3.5973771550991,-17.1980634212142));
#7028=CARTESIAN_POINT('Ctrl Pts',(-10.5489494362476,3.75053294873103,-17.0327670832009));
#7029=CARTESIAN_POINT('Ctrl Pts',(-9.69218775359194,4.20516816791565,-16.5337144858544));
#7030=CARTESIAN_POINT('Ctrl Pts',(-8.83680419336083,5.14569413717773,-15.4848503192152));
#7031=CARTESIAN_POINT('Ctrl Pts',(-8.59941716183799,6.7250860405764,-13.6919526741754));
#7032=CARTESIAN_POINT('Ctrl Pts',(-9.44566752322627,7.75658557392615,-12.5062312126548));
#7033=CARTESIAN_POINT('Ctrl Pts',(-10.0139564406292,8.07884247351007,-12.1354994055138));
#7034=CARTESIAN_POINT('Ctrl Pts',(-13.0403559205439,8.16332433272934,-12.119804506142));
#7035=CARTESIAN_POINT('Ctrl Pts',(-13.3349623443069,8.00296797683006,-12.3124175469765));
#7036=CARTESIAN_POINT('Ctrl Pts',(-13.8490944719357,7.589346439568,-12.8090498037083));
#7037=CARTESIAN_POINT('Ctrl Pts',(-14.456989065187,6.50121439524512,-14.1138832047184));
#7038=CARTESIAN_POINT('Ctrl Pts',(-14.2624862640975,5.2511798940969,-15.6069715452735));
#7039=CARTESIAN_POINT('Ctrl Pts',(-13.3711192140529,4.32511207417202,-16.7042457699123));
#7040=CARTESIAN_POINT('Ctrl Pts',(-12.4824942547645,3.88266632437516,-17.2244875219022));
#7041=CARTESIAN_POINT('Ctrl Pts',(-11.4999526640541,3.73519764115424,-17.3965501344481));
#7042=CARTESIAN_POINT('Ctrl Pts',(-10.5176675681714,3.88254018132334,-17.2246501754497));
#7043=CARTESIAN_POINT('Ctrl Pts',(-9.62863984048265,4.32538950448646,-16.7038933889238));
#7044=CARTESIAN_POINT('Ctrl Pts',(-8.73880425090131,5.25046214907068,-15.607851240811));
#7045=CARTESIAN_POINT('Ctrl Pts',(-8.49207768959704,6.81622645262048,-13.7375626239636));
#7046=CARTESIAN_POINT('Ctrl Pts',(-9.37043123193023,7.8426116209308,-12.505030587811));
#7047=CARTESIAN_POINT('Ctrl Pts',(-9.95964407945613,8.16332433272934,-12.119804506142));
#7048=CARTESIAN_POINT('Ctrl Pts',(-13.0860798707138,8.21065505407273,-12.0870363508782));
#7049=CARTESIAN_POINT('Ctrl Pts',(-13.3902790596088,8.04940146479614,-12.2832457513082));
#7050=CARTESIAN_POINT('Ctrl Pts',(-13.9232106546286,7.63323694923481,-12.7894876857941));
#7051=CARTESIAN_POINT('Ctrl Pts',(-14.5636327886643,6.53692101405524,-14.1233656034505));
#7052=CARTESIAN_POINT('Ctrl Pts',(-14.3916998641398,5.27132214725997,-15.6630478354251));
#7053=CARTESIAN_POINT('Ctrl Pts',(-13.4870020442265,4.31913088589214,-16.8216573395444));
#7054=CARTESIAN_POINT('Ctrl Pts',(-12.5575769020881,3.8548640380487,-17.3868477520234));
#7055=CARTESIAN_POINT('Ctrl Pts',(-11.499944512982,3.69591597372214,-17.5800805006241));
#7056=CARTESIAN_POINT('Ctrl Pts',(-10.4425882368666,3.85476119825451,-17.3869718407088));
#7057=CARTESIAN_POINT('Ctrl Pts',(-9.51278321173455,4.31945538127979,-16.8213520424116));
#7058=CARTESIAN_POINT('Ctrl Pts',(-8.60952799121762,5.27057699391855,-15.6638640569056));
#7059=CARTESIAN_POINT('Ctrl Pts',(-8.39106892710768,6.85570238421684,-13.7354469741062));
#7060=CARTESIAN_POINT('Ctrl Pts',(-9.30552175149616,7.88814787551956,-12.4794551517381));
#7061=CARTESIAN_POINT('Ctrl Pts',(-9.91392012928626,8.21065505407273,-12.0870363508782));
#7062=CARTESIAN_POINT('Ctrl Pts',(-13.1135312980882,8.23176225262194,-12.0613559259766));
#7063=CARTESIAN_POINT('Ctrl Pts',(-13.4234965297292,8.06922721510407,-12.2591068882901));
#7064=CARTESIAN_POINT('Ctrl Pts',(-13.967714070969,7.64967832185874,-12.7695580417385));
#7065=CARTESIAN_POINT('Ctrl Pts',(-14.6277267577428,6.54282166296742,-14.1162336433896));
#7066=CARTESIAN_POINT('Ctrl Pts',(-14.4696725506628,5.25983043821435,-15.6772063001725));
#7067=CARTESIAN_POINT('Ctrl Pts',(-13.5573643603735,4.28285593341434,-16.8658586143459));
#7068=CARTESIAN_POINT('Ctrl Pts',(-12.6034761453366,3.79935598336286,-17.4541168869085));
#7069=CARTESIAN_POINT('Ctrl Pts',(-11.4999197315621,3.63125050553373,-17.6586452182673));
#7070=CARTESIAN_POINT('Ctrl Pts',(-10.3966498323788,3.79927435783248,-17.4542161979705));
#7071=CARTESIAN_POINT('Ctrl Pts',(-9.4424491609438,4.28309741152596,-16.8655648159768));
#7072=CARTESIAN_POINT('Ctrl Pts',(-8.53152073881524,5.25916903894005,-15.6780110026229));
#7073=CARTESIAN_POINT('Ctrl Pts',(-8.33047505083164,6.86595617771921,-13.7230866504416));
#7074=CARTESIAN_POINT('Ctrl Pts',(-9.26653823862994,7.90669217758619,-12.4568578506035));
#7075=CARTESIAN_POINT('Ctrl Pts',(-9.88646870191183,8.23176225262194,-12.0613559259766));
#7076=CARTESIAN_POINT('Ctrl Pts',(-4.95217816827937,8.,-12.1237797629463));
#7077=CARTESIAN_POINT('Ctrl Pts',(-5.23114687675622,7.83746496248213,-12.3017556290284));
#7078=CARTESIAN_POINT('Ctrl Pts',(-5.72281973107298,7.41777004662457,-12.7613215618924));
#7079=CARTESIAN_POINT('Ctrl Pts',(-6.16342979352534,6.58802455427079,-13.6698928760198));
#7080=CARTESIAN_POINT('Ctrl Pts',(-6.24767590360193,5.66926109723084,-14.6759388614786));
#7081=CARTESIAN_POINT('Ctrl Pts',(-5.96502589103985,4.78399531315103,-15.6453048950459));
#7082=CARTESIAN_POINT('Ctrl Pts',(-5.35250751702965,4.0510457890788,-16.447884623905));
#7083=CARTESIAN_POINT('Ctrl Pts',(-4.49270822386573,3.56771437453884,-16.9771325228263));
#7084=CARTESIAN_POINT('Ctrl Pts',(-3.49995798500461,3.39939209947097,-17.1614454140256));
#7085=CARTESIAN_POINT('Ctrl Pts',(-2.50744904385159,3.5677028530797,-16.977145138824));
#7086=CARTESIAN_POINT('Ctrl Pts',(-1.64723449084842,4.05098470324175,-16.4479515128966));
#7087=CARTESIAN_POINT('Ctrl Pts',(-1.13764288910066,4.66193652154943,-15.7789592718497));
#7088=CARTESIAN_POINT('Ctrl Pts',(-0.770535266972046,5.50889356550677,-14.8515413087164));
#7089=CARTESIAN_POINT('Ctrl Pts',(-0.761739748954471,6.4496252382646,-13.8214401270466));
#7090=CARTESIAN_POINT('Ctrl Pts',(-1.27781227133175,7.41781737627343,-12.7612697359269));
#7091=CARTESIAN_POINT('Ctrl Pts',(-1.76885312324378,7.83746496248213,-12.3017556290284));
#7092=CARTESIAN_POINT('Ctrl Pts',(-2.04782183172063,8.,-12.1237797629463));
#7093=CARTESIAN_POINT('Ctrl Pts',(-4.96197473784979,8.02628687630055,-12.1300297576624));
#7094=CARTESIAN_POINT('Ctrl Pts',(-5.24223262496568,7.86422174310565,-12.3105197666498));
#7095=CARTESIAN_POINT('Ctrl Pts',(-5.73492744527374,7.44579277163414,-12.7762984532656));
#7096=CARTESIAN_POINT('Ctrl Pts',(-6.17093469676223,6.61915425090037,-13.6945117572247));
#7097=CARTESIAN_POINT('Ctrl Pts',(-6.24508748216141,5.70507098772001,-14.7065343737773));
#7098=CARTESIAN_POINT('Ctrl Pts',(-5.95015819256951,4.82649691428559,-15.6748246227779));
#7099=CARTESIAN_POINT('Ctrl Pts',(-5.32941490644374,4.10246356167439,-16.4678043347243));
#7100=CARTESIAN_POINT('Ctrl Pts',(-4.47336063703938,3.62893393923185,-16.9824275216892));
#7101=CARTESIAN_POINT('Ctrl Pts',(-3.49994648310457,3.46560219997488,-17.1587586258376));
#7102=CARTESIAN_POINT('Ctrl Pts',(-2.52678536057503,3.62893249498411,-16.9824183491468));
#7103=CARTESIAN_POINT('Ctrl Pts',(-1.67033378374578,4.10238703484381,-16.4679104115324));
#7104=CARTESIAN_POINT('Ctrl Pts',(-1.15391170360911,4.70593954287475,-15.8068269771747));
#7105=CARTESIAN_POINT('Ctrl Pts',(-0.775411623390782,5.54561929361133,-14.8827384784652));
#7106=CARTESIAN_POINT('Ctrl Pts',(-0.754920749922363,6.48126985677897,-13.8477178969314));
#7107=CARTESIAN_POINT('Ctrl Pts',(-1.26574149032373,7.44584152703919,-12.7762233029423));
#7108=CARTESIAN_POINT('Ctrl Pts',(-1.75776737503432,7.86422174310565,-12.3105197666498));
#7109=CARTESIAN_POINT('Ctrl Pts',(-2.03802526215021,8.02628687630055,-12.1300297576624));
#7110=CARTESIAN_POINT('Ctrl Pts',(-4.98604335129716,8.07884292641055,-12.1355001039063));
#7111=CARTESIAN_POINT('Ctrl Pts',(-5.27018780999864,7.91771447661859,-12.3208660074768));
#7112=CARTESIAN_POINT('Ctrl Pts',(-5.76814779167373,7.50180690577287,-12.7989577268799));
#7113=CARTESIAN_POINT('Ctrl Pts',(-6.20159239910353,6.6813363742761,-13.7386518925106));
#7114=CARTESIAN_POINT('Ctrl Pts',(-6.26248432587098,5.77655801445889,-14.7690556938471));
#7115=CARTESIAN_POINT('Ctrl Pts',(-5.94738396045407,4.91122371501125,-15.7461708690414));
#7116=CARTESIAN_POINT('Ctrl Pts',(-5.30866814595776,4.20486856984591,-16.5341447165431));
#7117=CARTESIAN_POINT('Ctrl Pts',(-4.45069424752154,3.7507577956506,-17.032457306112));
#7118=CARTESIAN_POINT('Ctrl Pts',(-3.49993101005981,3.59728413097298,-17.1982003119902));
#7119=CARTESIAN_POINT('Ctrl Pts',(-2.54944343686221,3.75077949910811,-17.0324203247684));
#7120=CARTESIAN_POINT('Ctrl Pts',(-1.69107931319153,4.20474858300378,-16.5342830864441));
#7121=CARTESIAN_POINT('Ctrl Pts',(-1.15973832956014,4.79365567950809,-15.8773020070616));
#7122=CARTESIAN_POINT('Ctrl Pts',(-0.761400530558498,5.61891147556494,-14.9479463884987));
#7123=CARTESIAN_POINT('Ctrl Pts',(-0.724534885812972,6.54447949046716,-13.8954967592416));
#7124=CARTESIAN_POINT('Ctrl Pts',(-1.23259083295033,7.50185632807658,-12.7988566820536));
#7125=CARTESIAN_POINT('Ctrl Pts',(-1.72981219000136,7.91771447661859,-12.3208660074768));
#7126=CARTESIAN_POINT('Ctrl Pts',(-2.01395664870285,8.07884292641055,-12.1355001039063));
#7127=CARTESIAN_POINT('Ctrl Pts',(-5.04035565322303,8.16332536805452,-12.1198057761069));
#7128=CARTESIAN_POINT('Ctrl Pts',(-5.33496207698598,8.00296901215524,-12.3124188169414));
#7129=CARTESIAN_POINT('Ctrl Pts',(-5.85140696045388,7.58914035012924,-12.8093459755252));
#7130=CARTESIAN_POINT('Ctrl Pts',(-6.30128727098781,6.7736021286182,-13.7871861984922));
#7131=CARTESIAN_POINT('Ctrl Pts',(-6.3644813055208,5.87577883188546,-14.8610306345951));
#7132=CARTESIAN_POINT('Ctrl Pts',(-6.03664614259554,5.01988730208849,-15.8809926174551));
#7133=CARTESIAN_POINT('Ctrl Pts',(-5.37226305064907,4.32508636006048,-16.704323565887));
#7134=CARTESIAN_POINT('Ctrl Pts',(-4.48194469307848,3.88280382856557,-17.2243584400323));
#7135=CARTESIAN_POINT('Ctrl Pts',(-3.49992994200608,3.73514138438829,-17.3966886010535));
#7136=CARTESIAN_POINT('Ctrl Pts',(-2.51820061118986,3.88282839155905,-17.2243172230441));
#7137=CARTESIAN_POINT('Ctrl Pts',(-1.62747410407865,4.32498337119532,-16.7044745535372));
#7138=CARTESIAN_POINT('Ctrl Pts',(-1.0747849091597,4.90422590360983,-16.0180077488003));
#7139=CARTESIAN_POINT('Ctrl Pts',(-0.660366378279404,5.71952734773862,-15.0476743179628));
#7140=CARTESIAN_POINT('Ctrl Pts',(-0.62201040234859,6.63754108374723,-13.9503525713258));
#7141=CARTESIAN_POINT('Ctrl Pts',(-1.14937215464124,7.58920074543644,-12.8092607286828));
#7142=CARTESIAN_POINT('Ctrl Pts',(-1.66503792301402,8.00296901215524,-12.3124188169414));
#7143=CARTESIAN_POINT('Ctrl Pts',(-1.95964434677697,8.16332536805452,-12.1198057761069));
#7144=CARTESIAN_POINT('Ctrl Pts',(-5.08607987071376,8.21065505407273,-12.0870363508782));
#7145=CARTESIAN_POINT('Ctrl Pts',(-5.39027905960881,8.04940146479614,-12.2832457513082));
#7146=CARTESIAN_POINT('Ctrl Pts',(-5.92537967403367,7.63310125177616,-12.7897172103264));
#7147=CARTESIAN_POINT('Ctrl Pts',(-6.400031864396,6.81124950165579,-13.7895098828012));
#7148=CARTESIAN_POINT('Ctrl Pts',(-6.48211559037851,5.90386052036316,-14.893675334291));
#7149=CARTESIAN_POINT('Ctrl Pts',(-6.16272848519762,5.03344329013539,-15.9524561830392));
#7150=CARTESIAN_POINT('Ctrl Pts',(-5.4880711062044,4.31915942902232,-16.8217223460766));
#7151=CARTESIAN_POINT('Ctrl Pts',(-4.55707151488997,3.85494401816217,-17.3867024858608));
#7152=CARTESIAN_POINT('Ctrl Pts',(-3.49993415449643,3.69577082721953,-17.580196576753));
#7153=CARTESIAN_POINT('Ctrl Pts',(-2.44307166683736,3.85496715733853,-17.3866989113555));
#7154=CARTESIAN_POINT('Ctrl Pts',(-1.51165408456708,4.31899773262056,-16.8218085047971));
#7155=CARTESIAN_POINT('Ctrl Pts',(-0.950399108458936,4.91460611836575,-16.0972150580336));
#7156=CARTESIAN_POINT('Ctrl Pts',(-0.539851591534357,5.74558251526894,-15.0860942051529));
#7157=CARTESIAN_POINT('Ctrl Pts',(-0.519252297139576,6.67419313961671,-13.9563127001872));
#7158=CARTESIAN_POINT('Ctrl Pts',(-1.0753484113176,7.63313854092498,-12.7896437846182));
#7159=CARTESIAN_POINT('Ctrl Pts',(-1.6097209403912,8.04940146479614,-12.2832457513082));
#7160=CARTESIAN_POINT('Ctrl Pts',(-1.91392012928625,8.21065505407273,-12.0870363508782));
#7161=CARTESIAN_POINT('Ctrl Pts',(-5.11353129808819,8.23176225262194,-12.0613559259766));
#7162=CARTESIAN_POINT('Ctrl Pts',(-5.42349652972914,8.06922721510407,-12.2591068882901));
#7163=CARTESIAN_POINT('Ctrl Pts',(-5.9697997011922,7.64953229924651,-12.7697357025834));
#7164=CARTESIAN_POINT('Ctrl Pts',(-6.45936643725037,6.81978680689273,-13.7792593849472));
#7165=CARTESIAN_POINT('Ctrl Pts',(-6.55297322622437,5.90102334985278,-14.8970882576791));
#7166=CARTESIAN_POINT('Ctrl Pts',(-6.23891765671094,5.01575756577297,-15.9741616283096));
#7167=CARTESIAN_POINT('Ctrl Pts',(-5.5583416855885,4.28280804170074,-16.8659168825974));
#7168=CARTESIAN_POINT('Ctrl Pts',(-4.60300913762858,3.79947662716078,-17.453970103621));
#7169=CARTESIAN_POINT('Ctrl Pts',(-3.49995331667178,3.63115435209291,-17.6587622049536));
#7170=CARTESIAN_POINT('Ctrl Pts',(-2.39716560427954,3.79946510570164,-17.4539841213963));
#7171=CARTESIAN_POINT('Ctrl Pts',(-1.44137165649824,4.2827469558637,-16.8659912036992));
#7172=CARTESIAN_POINT('Ctrl Pts',(-0.8751587656674,4.89369877417137,-16.1226664914248));
#7173=CARTESIAN_POINT('Ctrl Pts',(-0.467261407746717,5.74065581812871,-15.0922020879434));
#7174=CARTESIAN_POINT('Ctrl Pts',(-0.457488609949413,6.68138749088654,-13.9476452194214));
#7175=CARTESIAN_POINT('Ctrl Pts',(-1.03090252370195,7.64957962889538,-12.7696781181773));
#7176=CARTESIAN_POINT('Ctrl Pts',(-1.57650347027087,8.06922721510407,-12.2591068882901));
#7177=CARTESIAN_POINT('Ctrl Pts',(-1.88646870191181,8.23176225262194,-12.0613559259766));
#7178=CARTESIAN_POINT('Ctrl Pts',(-15.4665600417772,4.36235645991279,12.1583333333335));
#7179=CARTESIAN_POINT('Ctrl Pts',(-15.4119628210856,4.25662365603946,12.0346295613282));
#7180=CARTESIAN_POINT('Ctrl Pts',(-15.3042163818492,4.20027659798441,11.8574761915904));
#7181=CARTESIAN_POINT('Ctrl Pts',(-15.2010531652168,4.20000235412022,11.6850896420049));
#7182=CARTESIAN_POINT('Ctrl Pts',(-15.2005259690014,4.2,11.6842109219922));
#7183=CARTESIAN_POINT('Ctrl Pts',(-15.2,4.2,11.6833333333333));
#7184=CARTESIAN_POINT('Ctrl Pts',(-15.4875393692126,4.40298495867202,12.0703622396033));
#7185=CARTESIAN_POINT('Ctrl Pts',(-15.4508335069635,4.29062381632964,11.9761469777595));
#7186=CARTESIAN_POINT('Ctrl Pts',(-15.3283994503512,4.19953841731037,11.8299942869554));
#7187=CARTESIAN_POINT('Ctrl Pts',(-15.2012836494246,4.20000647183041,11.6848079735621));
#7188=CARTESIAN_POINT('Ctrl Pts',(-15.2006428942434,4.2,11.6840707673716));
#7189=CARTESIAN_POINT('Ctrl Pts',(-15.2,4.2,11.6833333333333));
#7190=CARTESIAN_POINT('Ctrl Pts',(-15.5551022345935,4.4187684020953,11.9837428534224));
#7191=CARTESIAN_POINT('Ctrl Pts',(-15.5009174969665,4.2949496919421,11.9169776122098));
#7192=CARTESIAN_POINT('Ctrl Pts',(-15.3512420243145,4.19957988970532,11.8025251684982));
#7193=CARTESIAN_POINT('Ctrl Pts',(-15.2015189403026,4.20000660222119,11.6845262549369));
#7194=CARTESIAN_POINT('Ctrl Pts',(-15.2007598194853,4.2,11.6839306127511));
#7195=CARTESIAN_POINT('Ctrl Pts',(-15.2,4.2,11.6833333333333));
#7196=CARTESIAN_POINT('Ctrl Pts',(-15.6403064694519,4.40294557489099,11.9355806594874));
#7197=CARTESIAN_POINT('Ctrl Pts',(-15.5536388491224,4.27077957004933,11.8659412580112));
#7198=CARTESIAN_POINT('Ctrl Pts',(-15.373685595234,4.20034574748049,11.7740829872764));
#7199=CARTESIAN_POINT('Ctrl Pts',(-15.2017556571027,4.20000294265027,11.6842480260107));
#7200=CARTESIAN_POINT('Ctrl Pts',(-15.2008767447272,4.2,11.6837904581305));
#7201=CARTESIAN_POINT('Ctrl Pts',(-15.2,4.2,11.6833333333333));
#7202=CARTESIAN_POINT('',(-15.6403064694519,4.40294557489099,11.9355806594874));
#7203=CARTESIAN_POINT('',(-15.2,4.2,11.6833333333333));
#7204=CARTESIAN_POINT('Ctrl Pts',(-15.6403064694519,4.40294557489099,11.9355806594874));
#7205=CARTESIAN_POINT('Ctrl Pts',(-15.5536388491224,4.27077957004933,11.8659412580112));
#7206=CARTESIAN_POINT('Ctrl Pts',(-15.373685595234,4.20034574748049,11.7740829872764));
#7207=CARTESIAN_POINT('Ctrl Pts',(-15.2017556571027,4.20000294265027,11.6842480260107));
#7208=CARTESIAN_POINT('Ctrl Pts',(-15.2008767447272,4.2,11.6837904581305));
#7209=CARTESIAN_POINT('Ctrl Pts',(-15.2,4.2,11.6833333333333));
#7210=CARTESIAN_POINT('',(-15.4665600417772,4.36235645991279,12.1583333333334));
#7211=CARTESIAN_POINT('Ctrl Pts',(-15.2,4.2,11.6833333333333));
#7212=CARTESIAN_POINT('Ctrl Pts',(-15.2005259690014,4.2,11.6842109219922));
#7213=CARTESIAN_POINT('Ctrl Pts',(-15.2010531652168,4.20000235412022,11.6850896420049));
#7214=CARTESIAN_POINT('Ctrl Pts',(-15.3042163818492,4.20027659798441,11.8574761915904));
#7215=CARTESIAN_POINT('Ctrl Pts',(-15.4119628210856,4.25662365603946,12.0346295613282));
#7216=CARTESIAN_POINT('Ctrl Pts',(-15.4665600417772,4.36235645991279,12.1583333333335));
#7217=CARTESIAN_POINT('Origin',(-15.7331200835544,4.22471291982558,12.1583333333335));
#7218=CARTESIAN_POINT('Origin',(-15.8,2.1,12.3));
#7219=CARTESIAN_POINT('',(-15.6846153846154,4.7,12.0230769230769));
#7220=CARTESIAN_POINT('',(-15.6846153846154,2.1,12.0230769230769));
#7221=CARTESIAN_POINT('',(-15.5,4.7,12.3));
#7222=CARTESIAN_POINT('Origin',(-15.8,4.7,12.3));
#7223=CARTESIAN_POINT('',(-15.5,2.1,12.3));
#7224=CARTESIAN_POINT('Ctrl Pts',(-15.6886863796389,4.56835739931508,12.0022696151789));
#7225=CARTESIAN_POINT('Ctrl Pts',(-15.6859884559052,4.61119505722047,12.0160590031512));
#7226=CARTESIAN_POINT('Ctrl Pts',(-15.6846153846154,4.65559567045472,12.0230769230769));
#7227=CARTESIAN_POINT('Ctrl Pts',(-15.6846153846154,4.7,12.0230769230769));
#7228=CARTESIAN_POINT('Ctrl Pts',(-15.6255054609604,4.56119978479263,12.0264787991816));
#7229=CARTESIAN_POINT('Ctrl Pts',(-15.6235708641453,4.60619643452282,12.0413411126904));
#7230=CARTESIAN_POINT('Ctrl Pts',(-15.6225843407247,4.65313320100017,12.0489231913647));
#7231=CARTESIAN_POINT('Ctrl Pts',(-15.6225843407247,4.7,12.0489231913647));
#7232=CARTESIAN_POINT('Ctrl Pts',(-15.5309641771411,4.53762303182932,12.1062223993551));
#7233=CARTESIAN_POINT('Ctrl Pts',(-15.5304474786976,4.59026353446748,12.1232287109043));
#7234=CARTESIAN_POINT('Ctrl Pts',(-15.530190509071,4.64511727952323,12.1319150335015));
#7235=CARTESIAN_POINT('Ctrl Pts',(-15.530190509071,4.7,12.1319150335015));
#7236=CARTESIAN_POINT('Ctrl Pts',(-15.5,4.50383963954098,12.2204878934772));
#7237=CARTESIAN_POINT('Ctrl Pts',(-15.5000024514154,4.56761434475858,12.239774567049));
#7238=CARTESIAN_POINT('Ctrl Pts',(-15.5,4.6337983923428,12.2495997768388));
#7239=CARTESIAN_POINT('Ctrl Pts',(-15.5,4.7,12.2495997768388));
#7240=CARTESIAN_POINT('Ctrl Pts',(-15.5,4.48937183890413,12.2694223040456));
#7241=CARTESIAN_POINT('Ctrl Pts',(-15.5,4.55791209155276,12.2896867089787));
#7242=CARTESIAN_POINT('Ctrl Pts',(-15.5,4.62895307272756,12.3));
#7243=CARTESIAN_POINT('Ctrl Pts',(-15.5,4.7,12.3));
#7244=CARTESIAN_POINT('',(-15.6886863796389,4.56835739931508,12.0022696151789));
#7245=CARTESIAN_POINT('',(-15.5,4.48937183890413,12.2694223040456));
#7246=CARTESIAN_POINT('Origin',(-15.8,4.48937183890413,12.2694223040456));
#7247=CARTESIAN_POINT('Origin',(-15.5,4.7,11.4333333333333));
#7248=CARTESIAN_POINT('Origin',(-15.8,4.7,11.4333333333333));
#7249=CARTESIAN_POINT('Ctrl Pts',(-15.6403064694519,4.40294557489096,11.9355806594874));
#7250=CARTESIAN_POINT('Ctrl Pts',(-15.6586260590891,4.43088250177893,11.9503008658665));
#7251=CARTESIAN_POINT('Ctrl Pts',(-15.6847185004573,4.48413813980435,11.9734561106093));
#7252=CARTESIAN_POINT('Ctrl Pts',(-15.6902914843579,4.54287153179568,11.9940657466152));
#7253=CARTESIAN_POINT('Ctrl Pts',(-15.6886863796389,4.56835739931508,12.0022696151789));
#7254=CARTESIAN_POINT('Ctrl Pts',(-15.5916183352471,4.41198719043629,11.9631019131646));
#7255=CARTESIAN_POINT('Ctrl Pts',(-15.6048743732064,4.44017049583636,11.9790031756357));
#7256=CARTESIAN_POINT('Ctrl Pts',(-15.6234925162177,4.48899738792376,12.000462699875));
#7257=CARTESIAN_POINT('Ctrl Pts',(-15.6270220139359,4.53940901630143,12.0189647115991));
#7258=CARTESIAN_POINT('Ctrl Pts',(-15.6255054609604,4.56119978479263,12.0264787991816));
#7259=CARTESIAN_POINT('Ctrl Pts',(-15.5154927196681,4.41062613396561,12.0326253445235));
#7260=CARTESIAN_POINT('Ctrl Pts',(-15.5221225300052,4.43768576350193,12.0556281309974));
#7261=CARTESIAN_POINT('Ctrl Pts',(-15.5308207049954,4.47954212847935,12.081387882073));
#7262=CARTESIAN_POINT('Ctrl Pts',(-15.532064130067,4.52008087253997,12.0992846730449));
#7263=CARTESIAN_POINT('Ctrl Pts',(-15.5309639906069,4.53762306270214,12.1062222949341));
#7264=CARTESIAN_POINT('Ctrl Pts',(-15.4755511821067,4.37976867366672,12.1206314360206));
#7265=CARTESIAN_POINT('Ctrl Pts',(-15.4843502839773,4.40357543662769,12.1541785978382));
#7266=CARTESIAN_POINT('Ctrl Pts',(-15.4968327533482,4.44257696511949,12.190978997492));
#7267=CARTESIAN_POINT('Ctrl Pts',(-15.500346467739,4.48522515288152,12.2129055831391));
#7268=CARTESIAN_POINT('Ctrl Pts',(-15.5,4.50383963954098,12.2204878934772));
#7269=CARTESIAN_POINT('Ctrl Pts',(-15.4665600417772,4.36235645991277,12.1583333333335));
#7270=CARTESIAN_POINT('Ctrl Pts',(-15.478100668768,4.38470600142313,12.1960350412671));
#7271=CARTESIAN_POINT('Ctrl Pts',(-15.4947710771186,4.42366552657274,12.2373467477418));
#7272=CARTESIAN_POINT('Ctrl Pts',(-15.5,4.46937177972744,12.2613849941162));
#7273=CARTESIAN_POINT('Ctrl Pts',(-15.5,4.48937183890413,12.2694223040456));
#7274=CARTESIAN_POINT('Ctrl Pts',(-15.6886863796389,4.56835739931508,12.0022696151789));
#7275=CARTESIAN_POINT('Ctrl Pts',(-15.6902914843579,4.54287153179568,11.9940657466152));
#7276=CARTESIAN_POINT('Ctrl Pts',(-15.6847185004573,4.48413813980435,11.9734561106093));
#7277=CARTESIAN_POINT('Ctrl Pts',(-15.6586260590891,4.43088250177893,11.9503008658665));
#7278=CARTESIAN_POINT('Ctrl Pts',(-15.6403064694519,4.40294557489096,11.9355806594874));
#7279=CARTESIAN_POINT('Ctrl Pts',(-15.4665600417772,4.36235645991277,12.1583333333335));
#7280=CARTESIAN_POINT('Ctrl Pts',(-15.478100668768,4.38470600142313,12.1960350412671));
#7281=CARTESIAN_POINT('Ctrl Pts',(-15.4947710771186,4.42366552657274,12.2373467477418));
#7282=CARTESIAN_POINT('Ctrl Pts',(-15.5,4.46937177972744,12.2613849941162));
#7283=CARTESIAN_POINT('Ctrl Pts',(-15.5,4.48937183890413,12.2694223040456));
#7284=CARTESIAN_POINT('Origin',(-18.8491124260355,4.7,10.1628698224852));
#7285=CARTESIAN_POINT('',(-18.5,4.7,10.85));
#7286=CARTESIAN_POINT('',(-19.0414201183432,4.7,10.6244082840237));
#7287=CARTESIAN_POINT('',(-18.4,4.2,10.35));
#7288=CARTESIAN_POINT('Origin',(-18.4,4.7,10.35));
#7289=CARTESIAN_POINT('',(-18.8491124260355,4.2,10.1628698224852));
#7290=CARTESIAN_POINT('Origin',(-18.5,4.2,10.85));
#7291=CARTESIAN_POINT('',(-18.5,4.2,10.85));
#7292=CARTESIAN_POINT('Ctrl Pts',(-15.2,4.2,2.81666666666667));
#7293=CARTESIAN_POINT('Ctrl Pts',(-15.2005232184464,4.2,2.81579366735807));
#7294=CARTESIAN_POINT('Ctrl Pts',(-15.2010476596748,4.20000233644986,2.81491954021496));
#7295=CARTESIAN_POINT('Ctrl Pts',(-15.3042104056611,4.20027318946958,2.64253351587177));
#7296=CARTESIAN_POINT('Ctrl Pts',(-15.4119613059107,4.25662072175662,2.46537387168261));
#7297=CARTESIAN_POINT('Ctrl Pts',(-15.4665600417772,4.36235645991279,2.34166666666651));
#7298=CARTESIAN_POINT('Ctrl Pts',(-15.2,4.2,2.81666666666667));
#7299=CARTESIAN_POINT('Ctrl Pts',(-15.2006953186827,4.19994095584925,2.81590938868554));
#7300=CARTESIAN_POINT('Ctrl Pts',(-15.2012262175966,4.20006077422001,2.81522115430719));
#7301=CARTESIAN_POINT('Ctrl Pts',(-15.3292696546063,4.1982015334976,2.66975108516263));
#7302=CARTESIAN_POINT('Ctrl Pts',(-15.4531224612666,4.28908799106557,2.52285559972714));
#7303=CARTESIAN_POINT('Ctrl Pts',(-15.4875393692126,4.40298495867202,2.42963776039674));
#7304=CARTESIAN_POINT('Ctrl Pts',(-15.2,4.2,2.81666666666667));
#7305=CARTESIAN_POINT('Ctrl Pts',(-15.2008054589778,4.19994467879756,2.81603879849565));
#7306=CARTESIAN_POINT('Ctrl Pts',(-15.201465982834,4.20005748243139,2.81551064499341));
#7307=CARTESIAN_POINT('Ctrl Pts',(-15.3519087237869,4.19832611079567,2.69692705105898));
#7308=CARTESIAN_POINT('Ctrl Pts',(-15.5029817730652,4.29363653080851,2.58168078384726));
#7309=CARTESIAN_POINT('Ctrl Pts',(-15.5551022345935,4.41876840209531,2.51625714657758));
#7310=CARTESIAN_POINT('Ctrl Pts',(-15.2,4.2,2.81666666666667));
#7311=CARTESIAN_POINT('Ctrl Pts',(-15.2008721597904,4.2,2.81621193240389));
#7312=CARTESIAN_POINT('Ctrl Pts',(-15.2017464793255,4.20000292056232,2.8157567562727));
#7313=CARTESIAN_POINT('Ctrl Pts',(-15.3736755983103,4.20034148683703,2.72592202710014));
#7314=CARTESIAN_POINT('Ctrl Pts',(-15.5536364439341,4.27077590219577,2.63406067461232));
#7315=CARTESIAN_POINT('Ctrl Pts',(-15.6403064694519,4.40294557489099,2.56441934051256));
#7316=CARTESIAN_POINT('',(-15.6403064694519,4.40294557489099,2.56441934051256));
#7317=CARTESIAN_POINT('',(-15.4665600417772,4.36235645991279,2.34166666666659));
#7318=CARTESIAN_POINT('Origin',(-15.7331200835544,4.22471291982558,2.34166666666651));
#7319=CARTESIAN_POINT('',(-15.2,4.2,2.81666666666667));
#7320=CARTESIAN_POINT('Ctrl Pts',(-15.4665600417772,4.36235645991279,2.34166666666651));
#7321=CARTESIAN_POINT('Ctrl Pts',(-15.4119613059107,4.25662072175662,2.46537387168261));
#7322=CARTESIAN_POINT('Ctrl Pts',(-15.3042104056611,4.20027318946958,2.64253351587177));
#7323=CARTESIAN_POINT('Ctrl Pts',(-15.2010476596748,4.20000233644986,2.81491954021496));
#7324=CARTESIAN_POINT('Ctrl Pts',(-15.2005232184464,4.2,2.81579366735807));
#7325=CARTESIAN_POINT('Ctrl Pts',(-15.2,4.2,2.81666666666667));
#7326=CARTESIAN_POINT('Ctrl Pts',(-15.2,4.2,2.81666666666667));
#7327=CARTESIAN_POINT('Ctrl Pts',(-15.2008721597904,4.2,2.81621193240389));
#7328=CARTESIAN_POINT('Ctrl Pts',(-15.2017464793255,4.20000292056232,2.8157567562727));
#7329=CARTESIAN_POINT('Ctrl Pts',(-15.3736755983103,4.20034148683703,2.72592202710014));
#7330=CARTESIAN_POINT('Ctrl Pts',(-15.5536364439341,4.27077590219577,2.63406067461232));
#7331=CARTESIAN_POINT('Ctrl Pts',(-15.6403064694519,4.40294557489099,2.56441934051256));
#7332=CARTESIAN_POINT('Ctrl Pts',(-15.6846153846154,4.7,2.47692307692308));
#7333=CARTESIAN_POINT('Ctrl Pts',(-15.6846153846154,4.65559567045473,2.47692307692308));
#7334=CARTESIAN_POINT('Ctrl Pts',(-15.6859884559052,4.61119505722047,2.48394099684883));
#7335=CARTESIAN_POINT('Ctrl Pts',(-15.6886863796389,4.56835739931508,2.49773038482106));
#7336=CARTESIAN_POINT('Ctrl Pts',(-15.6225843407247,4.7,2.45107680863527));
#7337=CARTESIAN_POINT('Ctrl Pts',(-15.6225843407247,4.65313320100017,2.45107680863527));
#7338=CARTESIAN_POINT('Ctrl Pts',(-15.6235708641453,4.60619643452282,2.45865888730961));
#7339=CARTESIAN_POINT('Ctrl Pts',(-15.6255054609604,4.56119978479264,2.47352120081839));
#7340=CARTESIAN_POINT('Ctrl Pts',(-15.530181385655,4.7,2.36809021369492));
#7341=CARTESIAN_POINT('Ctrl Pts',(-15.530181385655,4.64511727952323,2.36809021369492));
#7342=CARTESIAN_POINT('Ctrl Pts',(-15.5304379410523,4.59026511301964,2.37677662822925));
#7343=CARTESIAN_POINT('Ctrl Pts',(-15.5309546394959,4.53762461038148,2.39378293977838));
#7344=CARTESIAN_POINT('Ctrl Pts',(-15.5,4.7,2.25040022316122));
#7345=CARTESIAN_POINT('Ctrl Pts',(-15.5,4.6337983923428,2.25040022316122));
#7346=CARTESIAN_POINT('Ctrl Pts',(-15.5000024514154,4.56761434475858,2.26022543295098));
#7347=CARTESIAN_POINT('Ctrl Pts',(-15.5,4.50383963954098,2.27951210652277));
#7348=CARTESIAN_POINT('Ctrl Pts',(-15.5,4.7,2.2));
#7349=CARTESIAN_POINT('Ctrl Pts',(-15.5,4.62895307272756,2.2));
#7350=CARTESIAN_POINT('Ctrl Pts',(-15.5,4.55791209155276,2.21031329102132));
#7351=CARTESIAN_POINT('Ctrl Pts',(-15.5,4.48937183890413,2.23057769595442));
#7352=CARTESIAN_POINT('',(-15.6846153846154,4.7,2.47692307692308));
#7353=CARTESIAN_POINT('',(-15.5,4.7,2.2));
#7354=CARTESIAN_POINT('Origin',(-15.8,4.7,2.2));
#7355=CARTESIAN_POINT('',(-15.5,4.48937183890413,2.23057769595442));
#7356=CARTESIAN_POINT('Origin',(-15.5,4.7,3.06666666666667));
#7357=CARTESIAN_POINT('',(-15.6886863796389,4.56835739931508,2.49773038482106));
#7358=CARTESIAN_POINT('Origin',(-15.8,4.48937183890413,2.23057769595442));
#7359=CARTESIAN_POINT('Origin',(-15.8,4.7,3.06666666666667));
#7360=CARTESIAN_POINT('Origin',(-15.8,2.1,2.2));
#7361=CARTESIAN_POINT('',(-15.5,2.1,2.2));
#7362=CARTESIAN_POINT('',(-15.6846153846154,2.1,2.47692307692308));
#7363=CARTESIAN_POINT('Ctrl Pts',(-15.4665600417772,4.36235645991277,2.34166666666647));
#7364=CARTESIAN_POINT('Ctrl Pts',(-15.4752155120203,4.37911861604554,2.31339038571632));
#7365=CARTESIAN_POINT('Ctrl Pts',(-15.4928848151206,4.41774225691474,2.26645473550924));
#7366=CARTESIAN_POINT('Ctrl Pts',(-15.5,4.46270509333521,2.24129410919363));
#7367=CARTESIAN_POINT('Ctrl Pts',(-15.5,4.48937183890413,2.23057769595442));
#7368=CARTESIAN_POINT('Ctrl Pts',(-15.4785482288831,4.38557274491805,2.39193586308375));
#7369=CARTESIAN_POINT('Ctrl Pts',(-15.4844320984182,4.40380716927015,2.36782909903323));
#7370=CARTESIAN_POINT('Ctrl Pts',(-15.4962152673659,4.44343991664987,2.32773490277534));
#7371=CARTESIAN_POINT('Ctrl Pts',(-15.5006183179764,4.48448635548694,2.30572434113421));
#7372=CARTESIAN_POINT('Ctrl Pts',(-15.5,4.50866223975327,2.29582357671223));
#7373=CARTESIAN_POINT('Ctrl Pts',(-15.5251483142198,4.41288585475654,2.47976061961363));
#7374=CARTESIAN_POINT('Ctrl Pts',(-15.5305919017318,4.43345777136841,2.46370913515554));
#7375=CARTESIAN_POINT('Ctrl Pts',(-15.5409848052717,4.47740841730414,2.43649812630694));
#7376=CARTESIAN_POINT('Ctrl Pts',(-15.5437204224265,4.51847758992141,2.41886435095144));
#7377=CARTESIAN_POINT('Ctrl Pts',(-15.5421318589512,4.54230355933891,2.40960853864155));
#7378=CARTESIAN_POINT('Ctrl Pts',(-15.6037903687983,4.40972678654997,2.54377840025472));
#7379=CARTESIAN_POINT('Ctrl Pts',(-15.6147031842985,4.43080643826435,2.53206090590734));
#7380=CARTESIAN_POINT('Ctrl Pts',(-15.6365932278997,4.48045000473699,2.50900842718));
#7381=CARTESIAN_POINT('Ctrl Pts',(-15.6433504360973,4.53268278923011,2.48982732827787));
#7382=CARTESIAN_POINT('Ctrl Pts',(-15.64130069063,4.56298918842325,2.47957349681906));
#7383=CARTESIAN_POINT('Ctrl Pts',(-15.6403064694519,4.40294557489097,2.56441934051257));
#7384=CARTESIAN_POINT('Ctrl Pts',(-15.6540461616798,4.42389827005694,2.55337918572829));
#7385=CARTESIAN_POINT('Ctrl Pts',(-15.6818645532903,4.47598409971995,2.52966695262898));
#7386=CARTESIAN_POINT('Ctrl Pts',(-15.6908265192642,4.53437624262255,2.50866887623936));
#7387=CARTESIAN_POINT('Ctrl Pts',(-15.6886863796389,4.56835739931508,2.49773038482106));
#7388=CARTESIAN_POINT('Ctrl Pts',(-15.5,4.48937183890413,2.23057769595442));
#7389=CARTESIAN_POINT('Ctrl Pts',(-15.5,4.46270509333521,2.24129410919363));
#7390=CARTESIAN_POINT('Ctrl Pts',(-15.4928848151206,4.41774225691474,2.26645473550924));
#7391=CARTESIAN_POINT('Ctrl Pts',(-15.4752155120203,4.37911861604554,2.31339038571632));
#7392=CARTESIAN_POINT('Ctrl Pts',(-15.4665600417772,4.36235645991277,2.34166666666647));
#7393=CARTESIAN_POINT('Ctrl Pts',(-15.6403064694519,4.40294557489097,2.56441934051257));
#7394=CARTESIAN_POINT('Ctrl Pts',(-15.6540461616798,4.42389827005694,2.55337918572829));
#7395=CARTESIAN_POINT('Ctrl Pts',(-15.6818645532903,4.47598409971995,2.52966695262898));
#7396=CARTESIAN_POINT('Ctrl Pts',(-15.6908265192642,4.53437624262255,2.50866887623936));
#7397=CARTESIAN_POINT('Ctrl Pts',(-15.6886863796389,4.56835739931508,2.49773038482106));
#7398=CARTESIAN_POINT('Origin',(-15.5,0.,-2.));
#7399=CARTESIAN_POINT('',(-15.5,4.7,-2.2));
#7400=CARTESIAN_POINT('',(-15.5,2.1,-2.2));
#7401=CARTESIAN_POINT('',(-15.5,4.48937183890413,-2.23057769595442));
#7402=CARTESIAN_POINT('Origin',(-15.5,4.7,-3.06666666666666));
#7403=CARTESIAN_POINT('',(-15.5,4.,-1.8));
#7404=CARTESIAN_POINT('Origin',(-15.5,4.,-2.34166666666667));
#7405=CARTESIAN_POINT('',(-15.5,0.2,-1.8));
#7406=CARTESIAN_POINT('',(-15.5,0.,-1.8));
#7407=CARTESIAN_POINT('',(-15.5,0.2,1.8));
#7408=CARTESIAN_POINT('',(-15.5,0.2,-1.));
#7409=CARTESIAN_POINT('',(-15.5,4.,1.8));
#7410=CARTESIAN_POINT('',(-15.5,0.,1.8));
#7411=CARTESIAN_POINT('Origin',(-15.5,4.,2.34166666666667));
#7412=CARTESIAN_POINT('Origin',(-15.5,4.2,2.4));
#7413=CARTESIAN_POINT('',(-18.4076923076923,4.7,3.61153846153846));
#7414=CARTESIAN_POINT('',(-14.9674556213018,4.7,2.17810650887574));
#7415=CARTESIAN_POINT('',(-18.4076923076923,4.2,3.61153846153846));
#7416=CARTESIAN_POINT('Ctrl Pts',(-15.4665600417772,4.36235645991279,-2.34166666666651));
#7417=CARTESIAN_POINT('Ctrl Pts',(-15.4119613070079,4.25662072388144,-2.46537386919664));
#7418=CARTESIAN_POINT('Ctrl Pts',(-15.3042104096851,4.20027319165201,-2.64253350914084));
#7419=CARTESIAN_POINT('Ctrl Pts',(-15.2010476636648,4.20000233646364,-2.81491953356123));
#7420=CARTESIAN_POINT('Ctrl Pts',(-15.2005232204393,4.2,-2.81579366403304));
#7421=CARTESIAN_POINT('Ctrl Pts',(-15.2,4.2,-2.81666666666666));
#7422=CARTESIAN_POINT('Ctrl Pts',(-15.4875393692126,4.40298495867202,-2.42963776039674));
#7423=CARTESIAN_POINT('Ctrl Pts',(-15.4508324890448,4.29062070035604,-2.52385563499665));
#7424=CARTESIAN_POINT('Ctrl Pts',(-15.3283931982866,4.1995328007401,-2.67001356988754));
#7425=CARTESIAN_POINT('Ctrl Pts',(-15.2012769403379,4.20000643270507,-2.81519973146952));
#7426=CARTESIAN_POINT('Ctrl Pts',(-15.2006395346637,4.2,-2.81593308624603));
#7427=CARTESIAN_POINT('Ctrl Pts',(-15.2,4.2,-2.81666666666666));
#7428=CARTESIAN_POINT('Ctrl Pts',(-15.5551022345935,4.4187684020953,-2.51625714657758));
#7429=CARTESIAN_POINT('Ctrl Pts',(-15.5009159943277,4.29494625822984,-2.5830242393086));
#7430=CARTESIAN_POINT('Ctrl Pts',(-15.3512340666492,4.19957400893231,-2.69748074428941));
#7431=CARTESIAN_POINT('Ctrl Pts',(-15.2015110033651,4.20000656189996,-2.81547997962279));
#7432=CARTESIAN_POINT('Ctrl Pts',(-15.200755848888,4.2,-2.81607250845902));
#7433=CARTESIAN_POINT('Ctrl Pts',(-15.2,4.2,-2.81666666666666));
#7434=CARTESIAN_POINT('Ctrl Pts',(-15.6403064694519,4.40294557489099,-2.56441934051256));
#7435=CARTESIAN_POINT('Ctrl Pts',(-15.5536364456757,4.2707759048518,-2.63406067321284));
#7436=CARTESIAN_POINT('Ctrl Pts',(-15.3736756050161,4.200341489565,-2.72592202359148));
#7437=CARTESIAN_POINT('Ctrl Pts',(-15.201746485977,4.20000292057955,-2.81575675280744));
#7438=CARTESIAN_POINT('Ctrl Pts',(-15.2008721631124,4.2,-2.81621193067201));
#7439=CARTESIAN_POINT('Ctrl Pts',(-15.2,4.2,-2.81666666666666));
#7440=CARTESIAN_POINT('',(-15.6403064694519,4.40294557489099,-2.56441934051256));
#7441=CARTESIAN_POINT('',(-15.2,4.2,-2.81666666666666));
#7442=CARTESIAN_POINT('Ctrl Pts',(-15.6403064694519,4.40294557489099,-2.56441934051256));
#7443=CARTESIAN_POINT('Ctrl Pts',(-15.5536364456757,4.2707759048518,-2.63406067321284));
#7444=CARTESIAN_POINT('Ctrl Pts',(-15.3736756050161,4.200341489565,-2.72592202359148));
#7445=CARTESIAN_POINT('Ctrl Pts',(-15.201746485977,4.20000292057955,-2.81575675280744));
#7446=CARTESIAN_POINT('Ctrl Pts',(-15.2008721631124,4.2,-2.81621193067201));
#7447=CARTESIAN_POINT('Ctrl Pts',(-15.2,4.2,-2.81666666666666));
#7448=CARTESIAN_POINT('',(-15.4665600417772,4.36235645991279,-2.34166666666659));
#7449=CARTESIAN_POINT('Ctrl Pts',(-15.2,4.2,-2.81666666666666));
#7450=CARTESIAN_POINT('Ctrl Pts',(-15.2005232204393,4.2,-2.81579366403304));
#7451=CARTESIAN_POINT('Ctrl Pts',(-15.2010476636648,4.20000233646364,-2.81491953356123));
#7452=CARTESIAN_POINT('Ctrl Pts',(-15.3042104096851,4.20027319165201,-2.64253350914084));
#7453=CARTESIAN_POINT('Ctrl Pts',(-15.4119613070079,4.25662072388144,-2.46537386919664));
#7454=CARTESIAN_POINT('Ctrl Pts',(-15.4665600417772,4.36235645991279,-2.34166666666651));
#7455=CARTESIAN_POINT('Origin',(-15.7331200835544,4.22471291982558,-2.34166666666651));
#7456=CARTESIAN_POINT('Origin',(-15.8,2.1,-2.2));
#7457=CARTESIAN_POINT('',(-15.6846153846154,4.7,-2.47692307692308));
#7458=CARTESIAN_POINT('',(-15.6846153846154,2.1,-2.47692307692308));
#7459=CARTESIAN_POINT('Origin',(-15.8,4.7,-2.2));
#7460=CARTESIAN_POINT('Ctrl Pts',(-15.6886863796389,4.56835739931508,-2.49773038482105));
#7461=CARTESIAN_POINT('Ctrl Pts',(-15.6859884559052,4.61119505722047,-2.48394099684882));
#7462=CARTESIAN_POINT('Ctrl Pts',(-15.6846153846154,4.65559567045473,-2.47692307692307));
#7463=CARTESIAN_POINT('Ctrl Pts',(-15.6846153846154,4.7,-2.47692307692307));
#7464=CARTESIAN_POINT('Ctrl Pts',(-15.6255054609604,4.56119978479264,-2.47352120081839));
#7465=CARTESIAN_POINT('Ctrl Pts',(-15.6235708641453,4.60619643452282,-2.45865888730961));
#7466=CARTESIAN_POINT('Ctrl Pts',(-15.6225843407247,4.65313320100017,-2.45107680863527));
#7467=CARTESIAN_POINT('Ctrl Pts',(-15.6225843407247,4.7,-2.45107680863527));
#7468=CARTESIAN_POINT('Ctrl Pts',(-15.5309546394959,4.53762461038148,-2.39378293977838));
#7469=CARTESIAN_POINT('Ctrl Pts',(-15.5304379410523,4.59026511301964,-2.37677662822925));
#7470=CARTESIAN_POINT('Ctrl Pts',(-15.530181385655,4.64511727952323,-2.36809021369492));
#7471=CARTESIAN_POINT('Ctrl Pts',(-15.530181385655,4.7,-2.36809021369492));
#7472=CARTESIAN_POINT('Ctrl Pts',(-15.5,4.50383963954098,-2.27951210652277));
#7473=CARTESIAN_POINT('Ctrl Pts',(-15.5000024514154,4.56761434475858,-2.26022543295098));
#7474=CARTESIAN_POINT('Ctrl Pts',(-15.5,4.6337983923428,-2.25040022316122));
#7475=CARTESIAN_POINT('Ctrl Pts',(-15.5,4.7,-2.25040022316122));
#7476=CARTESIAN_POINT('Ctrl Pts',(-15.5,4.48937183890413,-2.23057769595442));
#7477=CARTESIAN_POINT('Ctrl Pts',(-15.5,4.55791209155276,-2.21031329102132));
#7478=CARTESIAN_POINT('Ctrl Pts',(-15.5,4.62895307272756,-2.2));
#7479=CARTESIAN_POINT('Ctrl Pts',(-15.5,4.7,-2.2));
#7480=CARTESIAN_POINT('',(-15.6886863796389,4.56835739931508,-2.49773038482105));
#7481=CARTESIAN_POINT('Origin',(-15.8,4.48937183890413,-2.23057769595442));
#7482=CARTESIAN_POINT('Origin',(-15.8,4.7,-3.06666666666666));
#7483=CARTESIAN_POINT('Ctrl Pts',(-15.6403064694519,4.40294557489096,-2.56441934051257));
#7484=CARTESIAN_POINT('Ctrl Pts',(-15.6540461616798,4.42389827005694,-2.55337918572828));
#7485=CARTESIAN_POINT('Ctrl Pts',(-15.6818645532903,4.47598409971994,-2.52966695262898));
#7486=CARTESIAN_POINT('Ctrl Pts',(-15.6908265192642,4.53437624262255,-2.50866887623936));
#7487=CARTESIAN_POINT('Ctrl Pts',(-15.6886863796389,4.56835739931508,-2.49773038482105));
#7488=CARTESIAN_POINT('Ctrl Pts',(-15.5916183352471,4.41198719043629,-2.53689808683543));
#7489=CARTESIAN_POINT('Ctrl Pts',(-15.6015603637166,4.43312466948634,-2.52497213998208));
#7490=CARTESIAN_POINT('Ctrl Pts',(-15.6214501991719,4.48198357806838,-2.50214971039986));
#7491=CARTESIAN_POINT('Ctrl Pts',(-15.6275275315945,4.53214542680437,-2.48353998426169));
#7492=CARTESIAN_POINT('Ctrl Pts',(-15.6255054609604,4.56119978479264,-2.47352120081839));
#7493=CARTESIAN_POINT('Ctrl Pts',(-15.5154888850356,4.41062930371816,-2.46737668915011));
#7494=CARTESIAN_POINT('Ctrl Pts',(-15.5204612427884,4.43092402587041,-2.45012459929469));
#7495=CARTESIAN_POINT('Ctrl Pts',(-15.5299101347516,4.47400846395515,-2.42107674802444));
#7496=CARTESIAN_POINT('Ctrl Pts',(-15.5324213560404,4.51423504601901,-2.40303317846812));
#7497=CARTESIAN_POINT('Ctrl Pts',(-15.530954503427,4.53762463290192,-2.39378301594919));
#7498=CARTESIAN_POINT('Ctrl Pts',(-15.4755511821067,4.37976867366673,-2.37936856397944));
#7499=CARTESIAN_POINT('Ctrl Pts',(-15.4821505085096,4.39762374588745,-2.35420819261617));
#7500=CARTESIAN_POINT('Ctrl Pts',(-15.4954243722533,4.43698224208369,-2.31239761993628));
#7501=CARTESIAN_POINT('Ctrl Pts',(-15.5004619569853,4.47902032399504,-2.28962185364031));
#7502=CARTESIAN_POINT('Ctrl Pts',(-15.5,4.50383963954098,-2.27951210652277));
#7503=CARTESIAN_POINT('Ctrl Pts',(-15.4665600417772,4.36235645991277,-2.34166666666648));
#7504=CARTESIAN_POINT('Ctrl Pts',(-15.4752155120203,4.37911861604554,-2.31339038571631));
#7505=CARTESIAN_POINT('Ctrl Pts',(-15.4928848151206,4.41774225691474,-2.26645473550925));
#7506=CARTESIAN_POINT('Ctrl Pts',(-15.5,4.46270509333522,-2.24129410919363));
#7507=CARTESIAN_POINT('Ctrl Pts',(-15.5,4.48937183890413,-2.23057769595442));
#7508=CARTESIAN_POINT('Ctrl Pts',(-15.6886863796389,4.56835739931508,-2.49773038482105));
#7509=CARTESIAN_POINT('Ctrl Pts',(-15.6908265192642,4.53437624262255,-2.50866887623936));
#7510=CARTESIAN_POINT('Ctrl Pts',(-15.6818645532903,4.47598409971994,-2.52966695262898));
#7511=CARTESIAN_POINT('Ctrl Pts',(-15.6540461616798,4.42389827005694,-2.55337918572828));
#7512=CARTESIAN_POINT('Ctrl Pts',(-15.6403064694519,4.40294557489096,-2.56441934051257));
#7513=CARTESIAN_POINT('Ctrl Pts',(-15.4665600417772,4.36235645991277,-2.34166666666648));
#7514=CARTESIAN_POINT('Ctrl Pts',(-15.4752155120203,4.37911861604554,-2.31339038571631));
#7515=CARTESIAN_POINT('Ctrl Pts',(-15.4928848151206,4.41774225691474,-2.26645473550925));
#7516=CARTESIAN_POINT('Ctrl Pts',(-15.5,4.46270509333522,-2.24129410919363));
#7517=CARTESIAN_POINT('Ctrl Pts',(-15.5,4.48937183890413,-2.23057769595442));
#7518=CARTESIAN_POINT('Origin',(-16.2751479289941,4.7,-3.2646449704142));
#7519=CARTESIAN_POINT('',(-18.4076923076923,4.7,-3.61153846153846));
#7520=CARTESIAN_POINT('',(-16.4674556213018,4.7,-2.80310650887574));
#7521=CARTESIAN_POINT('',(-18.2153846153846,4.2,-4.07307692307692));
#7522=CARTESIAN_POINT('Origin',(-18.2153846153846,4.7,-4.07307692307692));
#7523=CARTESIAN_POINT('',(-16.2751479289941,4.2,-3.2646449704142));
#7524=CARTESIAN_POINT('Origin',(-18.5,4.2,-3.65));
#7525=CARTESIAN_POINT('',(-18.4076923076923,4.2,-3.61153846153846));
#7526=CARTESIAN_POINT('Ctrl Pts',(-15.2,4.2,-11.6833333333333));
#7527=CARTESIAN_POINT('Ctrl Pts',(-15.2005232207315,4.2,-11.6842063364547));
#7528=CARTESIAN_POINT('Ctrl Pts',(-15.2010476627869,4.20000233508939,-11.6850804659478));
#7529=CARTESIAN_POINT('Ctrl Pts',(-15.3042108301222,4.20027358696154,-11.8574669124643));
#7530=CARTESIAN_POINT('Ctrl Pts',(-15.4119613071689,4.25662072419311,-12.034626131168));
#7531=CARTESIAN_POINT('Ctrl Pts',(-15.4665600417772,4.36235645991279,-12.1583333333335));
#7532=CARTESIAN_POINT('Ctrl Pts',(-15.2,4.2,-11.6833333333333));
#7533=CARTESIAN_POINT('Ctrl Pts',(-15.2006953214911,4.19994095582475,-11.6840906145273));
#7534=CARTESIAN_POINT('Ctrl Pts',(-15.2012262216981,4.20006077290295,-11.6847788506254));
#7535=CARTESIAN_POINT('Ctrl Pts',(-15.3292700799036,4.19820193233402,-11.8302493418213));
#7536=CARTESIAN_POINT('Ctrl Pts',(-15.4531224619816,4.28908799348532,-11.9771444029355));
#7537=CARTESIAN_POINT('Ctrl Pts',(-15.4875393692126,4.40298495867202,-12.0703622396033));
#7538=CARTESIAN_POINT('Ctrl Pts',(-15.2,4.2,-11.6833333333333));
#7539=CARTESIAN_POINT('Ctrl Pts',(-15.2008054622957,4.19994467877465,-11.6839612041078));
#7540=CARTESIAN_POINT('Ctrl Pts',(-15.2014659868509,4.20005748076986,-11.6844893595739));
#7541=CARTESIAN_POINT('Ctrl Pts',(-15.3519094673733,4.19832660853832,-11.8030731285223));
#7542=CARTESIAN_POINT('Ctrl Pts',(-15.5029817747507,4.29363653369411,-11.9183192174128));
#7543=CARTESIAN_POINT('Ctrl Pts',(-15.5551022345935,4.41876840209531,-11.9837428534224));
#7544=CARTESIAN_POINT('Ctrl Pts',(-15.2,4.2,-11.6833333333333));
#7545=CARTESIAN_POINT('Ctrl Pts',(-15.2008721635995,4.2,-11.6837880695822));
#7546=CARTESIAN_POINT('Ctrl Pts',(-15.2017464843839,4.20000291886174,-11.6842432470923));
#7547=CARTESIAN_POINT('Ctrl Pts',(-15.3736763431137,4.2003419837019,-11.7740781513486));
#7548=CARTESIAN_POINT('Ctrl Pts',(-15.5536364459312,4.27077590524138,-11.8659393269924));
#7549=CARTESIAN_POINT('Ctrl Pts',(-15.6403064694519,4.40294557489099,-11.9355806594874));
#7550=CARTESIAN_POINT('',(-15.6403064694519,4.40294557489099,-11.9355806594874));
#7551=CARTESIAN_POINT('',(-15.4665600417772,4.36235645991279,-12.1583333333334));
#7552=CARTESIAN_POINT('Origin',(-15.7331200835544,4.22471291982559,-12.1583333333335));
#7553=CARTESIAN_POINT('',(-15.2,4.2,-11.6833333333333));
#7554=CARTESIAN_POINT('Ctrl Pts',(-15.4665600417772,4.36235645991279,-12.1583333333335));
#7555=CARTESIAN_POINT('Ctrl Pts',(-15.4119613071689,4.25662072419311,-12.034626131168));
#7556=CARTESIAN_POINT('Ctrl Pts',(-15.3042108301222,4.20027358696154,-11.8574669124643));
#7557=CARTESIAN_POINT('Ctrl Pts',(-15.2010476627869,4.20000233508939,-11.6850804659478));
#7558=CARTESIAN_POINT('Ctrl Pts',(-15.2005232207315,4.2,-11.6842063364547));
#7559=CARTESIAN_POINT('Ctrl Pts',(-15.2,4.2,-11.6833333333333));
#7560=CARTESIAN_POINT('Ctrl Pts',(-15.2,4.2,-11.6833333333333));
#7561=CARTESIAN_POINT('Ctrl Pts',(-15.2008721635995,4.2,-11.6837880695822));
#7562=CARTESIAN_POINT('Ctrl Pts',(-15.2017464843839,4.20000291886174,-11.6842432470923));
#7563=CARTESIAN_POINT('Ctrl Pts',(-15.3736763431137,4.2003419837019,-11.7740781513486));
#7564=CARTESIAN_POINT('Ctrl Pts',(-15.5536364459312,4.27077590524138,-11.8659393269924));
#7565=CARTESIAN_POINT('Ctrl Pts',(-15.6403064694519,4.40294557489099,-11.9355806594874));
#7566=CARTESIAN_POINT('Ctrl Pts',(-15.6846153846154,4.7,-12.0230769230769));
#7567=CARTESIAN_POINT('Ctrl Pts',(-15.6846153846154,4.65559567045473,-12.0230769230769));
#7568=CARTESIAN_POINT('Ctrl Pts',(-15.6859884559052,4.61119505722047,-12.0160590031512));
#7569=CARTESIAN_POINT('Ctrl Pts',(-15.6886863796389,4.56835739931508,-12.0022696151789));
#7570=CARTESIAN_POINT('Ctrl Pts',(-15.6225843407247,4.7,-12.0489231913647));
#7571=CARTESIAN_POINT('Ctrl Pts',(-15.6225843407247,4.65313320100017,-12.0489231913647));
#7572=CARTESIAN_POINT('Ctrl Pts',(-15.6235708641453,4.60619643452282,-12.0413411126904));
#7573=CARTESIAN_POINT('Ctrl Pts',(-15.6255054609604,4.56119978479263,-12.0264787991816));
#7574=CARTESIAN_POINT('Ctrl Pts',(-15.530190509071,4.7,-12.1319150335015));
#7575=CARTESIAN_POINT('Ctrl Pts',(-15.530190509071,4.64511727952323,-12.1319150335015));
#7576=CARTESIAN_POINT('Ctrl Pts',(-15.5304474786976,4.59026353446748,-12.1232287109043));
#7577=CARTESIAN_POINT('Ctrl Pts',(-15.5309641771411,4.53762303182932,-12.1062223993551));
#7578=CARTESIAN_POINT('Ctrl Pts',(-15.5,4.7,-12.2495997768388));
#7579=CARTESIAN_POINT('Ctrl Pts',(-15.5,4.6337983923428,-12.2495997768388));
#7580=CARTESIAN_POINT('Ctrl Pts',(-15.5000024514154,4.56761434475858,-12.239774567049));
#7581=CARTESIAN_POINT('Ctrl Pts',(-15.5,4.50383963954098,-12.2204878934772));
#7582=CARTESIAN_POINT('Ctrl Pts',(-15.5,4.7,-12.3));
#7583=CARTESIAN_POINT('Ctrl Pts',(-15.5,4.62895307272756,-12.3));
#7584=CARTESIAN_POINT('Ctrl Pts',(-15.5,4.55791209155276,-12.2896867089787));
#7585=CARTESIAN_POINT('Ctrl Pts',(-15.5,4.48937183890413,-12.2694223040456));
#7586=CARTESIAN_POINT('',(-15.6886863796389,4.56835739931508,-12.0022696151789));
#7587=CARTESIAN_POINT('Origin',(-15.8,4.48937183890413,-12.2694223040456));
#7588=CARTESIAN_POINT('Origin',(-15.8,4.7,-11.4333333333333));
#7589=CARTESIAN_POINT('Ctrl Pts',(-15.4665600417772,4.36235645991277,-12.1583333333335));
#7590=CARTESIAN_POINT('Ctrl Pts',(-15.478100668768,4.38470600142313,-12.1960350412671));
#7591=CARTESIAN_POINT('Ctrl Pts',(-15.4947710771186,4.42366552657275,-12.2373467477418));
#7592=CARTESIAN_POINT('Ctrl Pts',(-15.5,4.46937177972745,-12.2613849941162));
#7593=CARTESIAN_POINT('Ctrl Pts',(-15.5,4.48937183890413,-12.2694223040456));
#7594=CARTESIAN_POINT('Ctrl Pts',(-15.4785482288832,4.38557274491805,-12.1080641369162));
#7595=CARTESIAN_POINT('Ctrl Pts',(-15.4863933882632,4.40988531072085,-12.1402064889836));
#7596=CARTESIAN_POINT('Ctrl Pts',(-15.4974978331187,4.44893303994358,-12.175520854562));
#7597=CARTESIAN_POINT('Ctrl Pts',(-15.5004637384823,4.49053032655352,-12.1967508499713));
#7598=CARTESIAN_POINT('Ctrl Pts',(-15.5,4.50866223975327,-12.2041764232878));
#7599=CARTESIAN_POINT('Ctrl Pts',(-15.525151787981,4.4128826007004,-12.0202418767172));
#7600=CARTESIAN_POINT('Ctrl Pts',(-15.5324099046637,4.44031182284957,-12.0416438559947));
#7601=CARTESIAN_POINT('Ctrl Pts',(-15.5419824715219,4.4830838390632,-12.0658770274994));
#7602=CARTESIAN_POINT('Ctrl Pts',(-15.5433319445317,4.5244321670571,-12.083456079966));
#7603=CARTESIAN_POINT('Ctrl Pts',(-15.5421405219252,4.54230164412023,-12.0903979391984));
#7604=CARTESIAN_POINT('Ctrl Pts',(-15.6037903687983,4.40972678654996,-11.9562215997453));
#7605=CARTESIAN_POINT('Ctrl Pts',(-15.6183407894652,4.43783298883581,-11.9718449255418));
#7606=CARTESIAN_POINT('Ctrl Pts',(-15.6388145370245,4.48774360035462,-11.9937142345741));
#7607=CARTESIAN_POINT('Ctrl Pts',(-15.6428379997305,4.5402593890284,-12.0127361295868));
#7608=CARTESIAN_POINT('Ctrl Pts',(-15.6413006906301,4.56298918842325,-12.0204265031809));
#7609=CARTESIAN_POINT('Ctrl Pts',(-15.6403064694519,4.40294557489097,-11.9355806594874));
#7610=CARTESIAN_POINT('Ctrl Pts',(-15.6586260590891,4.43088250177893,-11.9503008658665));
#7611=CARTESIAN_POINT('Ctrl Pts',(-15.6847185004573,4.48413813980436,-11.9734561106093));
#7612=CARTESIAN_POINT('Ctrl Pts',(-15.6902914843579,4.54287153179569,-11.9940657466152));
#7613=CARTESIAN_POINT('Ctrl Pts',(-15.6886863796389,4.56835739931508,-12.0022696151789));
#7614=CARTESIAN_POINT('Ctrl Pts',(-15.5,4.48937183890413,-12.2694223040456));
#7615=CARTESIAN_POINT('Ctrl Pts',(-15.5,4.46937177972745,-12.2613849941162));
#7616=CARTESIAN_POINT('Ctrl Pts',(-15.4947710771186,4.42366552657275,-12.2373467477418));
#7617=CARTESIAN_POINT('Ctrl Pts',(-15.478100668768,4.38470600142313,-12.1960350412671));
#7618=CARTESIAN_POINT('Ctrl Pts',(-15.4665600417772,4.36235645991277,-12.1583333333335));
#7619=CARTESIAN_POINT('Ctrl Pts',(-15.6403064694519,4.40294557489097,-11.9355806594874));
#7620=CARTESIAN_POINT('Ctrl Pts',(-15.6586260590891,4.43088250177893,-11.9503008658665));
#7621=CARTESIAN_POINT('Ctrl Pts',(-15.6847185004573,4.48413813980436,-11.9734561106093));
#7622=CARTESIAN_POINT('Ctrl Pts',(-15.6902914843579,4.54287153179569,-11.9940657466152));
#7623=CARTESIAN_POINT('Ctrl Pts',(-15.6886863796389,4.56835739931508,-12.0022696151789));
#7624=CARTESIAN_POINT('Ctrl Pts',(-0.300000000000006,0.2,-3.25));
#7625=CARTESIAN_POINT('Ctrl Pts',(-6.27969898303604E-15,0.2,-3.25));
#7626=CARTESIAN_POINT('Ctrl Pts',(-6.17561557447743E-15,0.2,-2.95));
#7627=CARTESIAN_POINT('Ctrl Pts',(-0.300000000000006,-3.84536492794241E-16,
-3.25));
#7628=CARTESIAN_POINT('Ctrl Pts',(-6.27969898303604E-15,-3.84536492794241E-16,
-3.25));
#7629=CARTESIAN_POINT('Ctrl Pts',(-6.17561557447743E-15,-3.81639164714898E-16,
-2.95));
#7630=CARTESIAN_POINT('Ctrl Pts',(-0.300000000000006,0.,-3.05));
#7631=CARTESIAN_POINT('Ctrl Pts',(-0.200000000000007,0.,-3.05));
#7632=CARTESIAN_POINT('Ctrl Pts',(-0.200000000000007,0.,-2.95));
#7633=CARTESIAN_POINT('',(-0.200000000000007,0.,-2.95));
#7634=CARTESIAN_POINT('Origin',(-0.200000000000007,0.2,-2.95));
#7635=CARTESIAN_POINT('',(-0.300000000000006,0.,-3.05));
#7636=CARTESIAN_POINT('Origin',(-0.300000000000006,0.,-2.95));
#7637=CARTESIAN_POINT('',(-0.300000000000006,0.2,-3.25));
#7638=CARTESIAN_POINT('Origin',(-0.300000000000006,0.2,-3.05));
#7639=CARTESIAN_POINT('Origin',(-0.300000000000006,0.2,-2.95));
#7640=CARTESIAN_POINT('Ctrl Pts',(-0.300000000000002,0.,-11.45));
#7641=CARTESIAN_POINT('Ctrl Pts',(-0.200000000000002,0.,-11.45));
#7642=CARTESIAN_POINT('Ctrl Pts',(-0.200000000000002,0.,-11.55));
#7643=CARTESIAN_POINT('Ctrl Pts',(-0.300000000000002,-3.34284612565345E-17,
-11.25));
#7644=CARTESIAN_POINT('Ctrl Pts',(-2.15105711021124E-15,-3.34284612565345E-17,
-11.25));
#7645=CARTESIAN_POINT('Ctrl Pts',(-2.22044604925031E-15,-3.46944695195361E-17,
-11.55));
#7646=CARTESIAN_POINT('Ctrl Pts',(-0.300000000000002,0.2,-11.25));
#7647=CARTESIAN_POINT('Ctrl Pts',(-2.15105711021124E-15,0.2,-11.25));
#7648=CARTESIAN_POINT('Ctrl Pts',(-2.22044604925031E-15,0.2,-11.55));
#7649=CARTESIAN_POINT('Origin',(-0.200000000000003,0.2,-11.55));
#7650=CARTESIAN_POINT('',(-0.300000000000003,0.2,-11.25));
#7651=CARTESIAN_POINT('Origin',(-0.300000000000002,0.2,-11.55));
#7652=CARTESIAN_POINT('Origin',(-0.300000000000003,0.2,-11.45));
#7653=CARTESIAN_POINT('Origin',(-0.300000000000002,0.,-11.55));
#7654=CARTESIAN_POINT('',(-0.300000000000002,4.,-11.25));
#7655=CARTESIAN_POINT('Origin',(-0.300000000000002,4.,-11.55));
#7656=CARTESIAN_POINT('',(-0.300000000000003,0.,-11.25));
#7657=CARTESIAN_POINT('Origin',(-0.300000000000002,4.,-11.05));
#7658=CARTESIAN_POINT('',(-0.300000000000002,4.2,-11.05));
#7659=CARTESIAN_POINT('Origin',(-0.300000000000002,4.5,-11.05));
#7660=CARTESIAN_POINT('Origin',(-0.300000000000002,4.,-11.05));
#7661=CARTESIAN_POINT('Origin',(-0.300000000000006,4.5,-5.625));
#7662=CARTESIAN_POINT('',(-0.300000000000007,4.2,-3.45));
#7663=CARTESIAN_POINT('Origin',(-0.300000000000007,4.5,-3.45));
#7664=CARTESIAN_POINT('',(-0.300000000000006,4.2,-5.625));
#7665=CARTESIAN_POINT('Origin',(-0.300000000000002,4.,-3.45));
#7666=CARTESIAN_POINT('',(-0.300000000000002,4.,-3.25));
#7667=CARTESIAN_POINT('Origin',(-0.300000000000003,4.,-2.95));
#7668=CARTESIAN_POINT('Origin',(-0.300000000000002,4.,-3.45));
#7669=CARTESIAN_POINT('Origin',(-0.300000000000006,0.,-2.95));
#7670=CARTESIAN_POINT('',(-0.300000000000006,0.,-3.25));
#7671=CARTESIAN_POINT('Origin',(-0.200000000000005,0.2,-5.625));
#7672=CARTESIAN_POINT('',(-0.20000000000001,0.,2.95));
#7673=CARTESIAN_POINT('Origin',(-0.20000000000001,0.2,2.95));
#7674=CARTESIAN_POINT('',(-0.200000000000005,0.,-5.625));
#7675=CARTESIAN_POINT('Origin',(-0.200000000000001,0.2,-13.2875));
#7676=CARTESIAN_POINT('Ctrl Pts',(-0.300000000000014,0.2,11.25));
#7677=CARTESIAN_POINT('Ctrl Pts',(-1.36696209906972E-14,0.2,11.25));
#7678=CARTESIAN_POINT('Ctrl Pts',(-1.36002320516582E-14,0.2,11.55));
#7679=CARTESIAN_POINT('Ctrl Pts',(-0.300000000000014,6.12323399573677E-18,
11.25));
#7680=CARTESIAN_POINT('Ctrl Pts',(-1.36696209906972E-14,6.12323399573677E-18,
11.25));
#7681=CARTESIAN_POINT('Ctrl Pts',(-1.36002320516582E-14,0.,11.55));
#7682=CARTESIAN_POINT('Ctrl Pts',(-0.300000000000014,0.,11.45));
#7683=CARTESIAN_POINT('Ctrl Pts',(-0.200000000000014,0.,11.45));
#7684=CARTESIAN_POINT('Ctrl Pts',(-0.200000000000014,0.,11.55));
#7685=CARTESIAN_POINT('Origin',(-0.200000000000014,0.2,11.55));
#7686=CARTESIAN_POINT('',(-0.300000000000014,0.2,11.25));
#7687=CARTESIAN_POINT('Origin',(-0.300000000000014,0.2,11.45));
#7688=CARTESIAN_POINT('Origin',(-0.300000000000014,0.2,11.55));
#7689=CARTESIAN_POINT('Ctrl Pts',(-0.30000000000001,0.,3.05));
#7690=CARTESIAN_POINT('Ctrl Pts',(-0.20000000000001,0.,3.05));
#7691=CARTESIAN_POINT('Ctrl Pts',(-0.20000000000001,0.,2.95));
#7692=CARTESIAN_POINT('Ctrl Pts',(-0.30000000000001,-1.69430781773116E-16,
3.25));
#7693=CARTESIAN_POINT('Ctrl Pts',(-9.99200722162641E-15,-1.69430781773116E-16,
3.25));
#7694=CARTESIAN_POINT('Ctrl Pts',(-9.99200722162641E-15,-1.73472347597681E-16,
2.95));
#7695=CARTESIAN_POINT('Ctrl Pts',(-0.30000000000001,0.2,3.25));
#7696=CARTESIAN_POINT('Ctrl Pts',(-9.99200722162641E-15,0.2,3.25));
#7697=CARTESIAN_POINT('Ctrl Pts',(-9.99200722162641E-15,0.2,2.95));
#7698=CARTESIAN_POINT('',(-0.30000000000001,0.2,3.25));
#7699=CARTESIAN_POINT('Origin',(-0.30000000000001,0.2,2.95));
#7700=CARTESIAN_POINT('',(-0.30000000000001,0.,3.05));
#7701=CARTESIAN_POINT('Origin',(-0.30000000000001,0.2,3.05));
#7702=CARTESIAN_POINT('Origin',(-0.30000000000001,0.,2.95));
#7703=CARTESIAN_POINT('Origin',(-0.30000000000001,0.,2.95));
#7704=CARTESIAN_POINT('',(-0.300000000000009,4.,3.25));
#7705=CARTESIAN_POINT('Origin',(-0.30000000000001,4.,2.95));
#7706=CARTESIAN_POINT('',(-0.30000000000001,0.,3.25));
#7707=CARTESIAN_POINT('Origin',(-0.300000000000002,4.,3.45));
#7708=CARTESIAN_POINT('',(-0.300000000000002,4.2,3.45));
#7709=CARTESIAN_POINT('Origin',(-0.300000000000002,4.5,3.45));
#7710=CARTESIAN_POINT('Origin',(-0.300000000000002,4.,3.45));
#7711=CARTESIAN_POINT('Origin',(-0.300000000000006,4.5,-5.625));
#7712=CARTESIAN_POINT('',(-0.300000000000015,4.2,11.05));
#7713=CARTESIAN_POINT('Origin',(-0.300000000000014,4.5,11.05));
#7714=CARTESIAN_POINT('',(-0.300000000000006,4.2,-5.625));
#7715=CARTESIAN_POINT('Origin',(-0.299999999999998,4.,11.05));
#7716=CARTESIAN_POINT('',(-0.299999999999998,4.,11.25));
#7717=CARTESIAN_POINT('Origin',(-0.299999999999998,4.,11.55));
#7718=CARTESIAN_POINT('Origin',(-0.299999999999998,4.,11.05));
#7719=CARTESIAN_POINT('Origin',(-0.300000000000014,0.,11.55));
#7720=CARTESIAN_POINT('',(-0.300000000000014,0.,11.25));
#7721=CARTESIAN_POINT('Origin',(-0.200000000000009,0.2,2.0375));
#7722=CARTESIAN_POINT('Origin',(-7.75,0.,2.77555756156289E-16));
#7723=CARTESIAN_POINT('',(-12.46,0.,3.05));
#7724=CARTESIAN_POINT('',(-10.125,0.,3.05));
#7725=CARTESIAN_POINT('',(-15.2384615384615,0.,1.89230769230769));
#7726=CARTESIAN_POINT('',(-12.4763313609467,0.,3.04319526627219));
#7727=CARTESIAN_POINT('',(-15.3,0.,1.8));
#7728=CARTESIAN_POINT('Origin',(-15.2,0.,1.8));
#7729=CARTESIAN_POINT('',(-15.3,0.,-1.8));
#7730=CARTESIAN_POINT('',(-15.3,0.,-1.));
#7731=CARTESIAN_POINT('',(-15.2384615384615,0.,-1.89230769230769));
#7732=CARTESIAN_POINT('Origin',(-15.2,0.,-1.8));
#7733=CARTESIAN_POINT('',(-12.46,0.,-3.05));
#7734=CARTESIAN_POINT('',(-10.9763313609467,0.,-3.66819526627219));
#7735=CARTESIAN_POINT('',(-3.875,0.,-3.05));
#7736=CARTESIAN_POINT('',(-3.8,0.,-1.6));
#7737=CARTESIAN_POINT('Origin',(-3.8,0.,4.65365783675994E-16));
#7738=CARTESIAN_POINT('',(-9.3,0.,-1.6));
#7739=CARTESIAN_POINT('Origin',(-9.3,0.,1.13892152320704E-15));
#7740=CARTESIAN_POINT('Ctrl Pts',(-15.2384615384615,0.,12.6076923076923));
#7741=CARTESIAN_POINT('Ctrl Pts',(-15.3,0.,12.6333333333333));
#7742=CARTESIAN_POINT('Ctrl Pts',(-15.3,0.,12.7));
#7743=CARTESIAN_POINT('Ctrl Pts',(-15.3153846153846,-6.91855446985536E-16,
12.4230769230769));
#7744=CARTESIAN_POINT('Ctrl Pts',(-15.5,-6.92420431264755E-16,12.5));
#7745=CARTESIAN_POINT('Ctrl Pts',(-15.5,-6.93889390390723E-16,12.7));
#7746=CARTESIAN_POINT('Ctrl Pts',(-15.3153846153846,0.2,12.4230769230769));
#7747=CARTESIAN_POINT('Ctrl Pts',(-15.5,0.2,12.5));
#7748=CARTESIAN_POINT('Ctrl Pts',(-15.5,0.2,12.7));
#7749=CARTESIAN_POINT('',(-15.5,0.2,12.7));
#7750=CARTESIAN_POINT('Origin',(-15.3,0.2,12.7));
#7751=CARTESIAN_POINT('',(-15.3153846153846,0.2,12.4230769230769));
#7752=CARTESIAN_POINT('Origin',(-15.2,0.2,12.7));
#7753=CARTESIAN_POINT('Origin',(-15.2384615384615,0.2,12.6076923076923));
#7754=CARTESIAN_POINT('Origin',(-15.2,0.,12.7));
#7755=CARTESIAN_POINT('',(-15.5,4.,12.7));
#7756=CARTESIAN_POINT('',(-15.3153846153846,4.,12.4230769230769));
#7757=CARTESIAN_POINT('Origin',(-15.2,4.,12.7));
#7758=CARTESIAN_POINT('',(-15.3153846153846,0.,12.4230769230769));
#7759=CARTESIAN_POINT('',(-15.5,0.,12.7));
#7760=CARTESIAN_POINT('Ctrl Pts',(-15.5,4.,12.7));
#7761=CARTESIAN_POINT('Ctrl Pts',(-15.5,4.13089969389958,12.7));
#7762=CARTESIAN_POINT('Ctrl Pts',(-15.5,4.39175805602672,12.5827378940289));
#7763=CARTESIAN_POINT('Ctrl Pts',(-15.5,4.5,12.3001413350579));
#7764=CARTESIAN_POINT('Ctrl Pts',(-15.5,4.5,12.1583333333333));
#7765=CARTESIAN_POINT('Ctrl Pts',(-15.5,4.,12.6411997396452));
#7766=CARTESIAN_POINT('Ctrl Pts',(-15.5,4.11421405739394,12.6411997396452));
#7767=CARTESIAN_POINT('Ctrl Pts',(-15.4999892795676,4.34167857684114,12.5337646605055));
#7768=CARTESIAN_POINT('Ctrl Pts',(-15.4998358579374,4.42654422623776,12.281126329154));
#7769=CARTESIAN_POINT('Ctrl Pts',(-15.5,4.42146018366025,12.1583333333333));
#7770=CARTESIAN_POINT('Ctrl Pts',(-15.4643934798342,4.,12.5237376801106));
#7771=CARTESIAN_POINT('Ctrl Pts',(-15.4643934798342,4.0809312320318,12.5237376801106));
#7772=CARTESIAN_POINT('Ctrl Pts',(-15.458985854956,4.24159808909329,12.4359674328424));
#7773=CARTESIAN_POINT('Ctrl Pts',(-15.4438161711261,4.27981364009917,12.2434297881172));
#7774=CARTESIAN_POINT('Ctrl Pts',(-15.4349811226125,4.26501887738748,12.1583333333333));
#7775=CARTESIAN_POINT('Ctrl Pts',(-15.369661778789,4.,12.4456924078288));
#7776=CARTESIAN_POINT('Ctrl Pts',(-15.369661778789,4.05872632304754,12.4456924078288));
#7777=CARTESIAN_POINT('Ctrl Pts',(-15.3511577609627,4.17549824187252,12.3783725023509));
#7778=CARTESIAN_POINT('Ctrl Pts',(-15.3037269352897,4.2080870611892,12.2274905473921));
#7779=CARTESIAN_POINT('Ctrl Pts',(-15.2785398163397,4.2,12.1583333333333));
#7780=CARTESIAN_POINT('Ctrl Pts',(-15.3153846153846,4.,12.4230769230769));
#7781=CARTESIAN_POINT('Ctrl Pts',(-15.3153846153846,4.05235987755983,12.4230769230769));
#7782=CARTESIAN_POINT('Ctrl Pts',(-15.2904057052369,4.15670322241069,12.3657642014603));
#7783=CARTESIAN_POINT('Ctrl Pts',(-15.2302076216691,4.2,12.227643043052));
#7784=CARTESIAN_POINT('Ctrl Pts',(-15.2,4.2,12.1583333333333));
#7785=CARTESIAN_POINT('',(-15.2,4.2,12.1583333333333));
#7786=CARTESIAN_POINT('Origin',(-15.2,4.5,12.1583333333333));
#7787=CARTESIAN_POINT('Origin',(-15.2,4.,12.1583333333333));
#7788=CARTESIAN_POINT('Origin',(-15.5,4.,12.1583333333333));
#7789=CARTESIAN_POINT('Origin',(-15.2,4.5,6.25));
#7790=CARTESIAN_POINT('',(-15.2,4.2,6.25));
#7791=CARTESIAN_POINT('Origin',(-11.1227810650888,0.2,10.892825443787));
#7792=CARTESIAN_POINT('',(-12.5,0.2,11.25));
#7793=CARTESIAN_POINT('',(-11.1997041420118,0.2,10.7082100591716));
#7794=CARTESIAN_POINT('Origin',(-12.46,0.2,11.45));
#7795=CARTESIAN_POINT('Origin',(-12.5,0.,11.25));
#7796=CARTESIAN_POINT('',(-12.5,4.,11.25));
#7797=CARTESIAN_POINT('',(-11.6745562130178,4.,10.9060650887574));
#7798=CARTESIAN_POINT('',(-12.5,0.,11.25));
#7799=CARTESIAN_POINT('Origin',(-11.7514792899408,4.,10.721449704142));
#7800=CARTESIAN_POINT('',(-12.54,4.2,11.05));
#7801=CARTESIAN_POINT('',(-11.7514792899408,4.2,10.721449704142));
#7802=CARTESIAN_POINT('Origin',(-12.54,4.,11.05));
#7803=CARTESIAN_POINT('Origin',(-15.25,4.2,0.));
#7804=CARTESIAN_POINT('',(-7.625,4.2,11.05));
#7805=CARTESIAN_POINT('',(-22.5,4.2,10.35));
#7806=CARTESIAN_POINT('',(-22.875,4.2,10.35));
#7807=CARTESIAN_POINT('',(-22.5,4.2,4.15));
#7808=CARTESIAN_POINT('',(-22.5,4.2,1.825));
#7809=CARTESIAN_POINT('',(-18.6,4.2,4.15));
#7810=CARTESIAN_POINT('',(-16.875,4.2,4.15));
#7811=CARTESIAN_POINT('',(-18.2153846153846,4.2,4.07307692307693));
#7812=CARTESIAN_POINT('Origin',(-18.6,4.2,3.15));
#7813=CARTESIAN_POINT('',(-14.7751479289941,4.2,2.6396449704142));
#7814=CARTESIAN_POINT('',(-15.2,4.2,2.34166666666667));
#7815=CARTESIAN_POINT('',(-15.2,4.2,-1.));
#7816=CARTESIAN_POINT('',(-12.54,4.2,3.45));
#7817=CARTESIAN_POINT('',(-15.8254437869822,4.2,2.0810650887574));
#7818=CARTESIAN_POINT('',(-13.875,4.2,3.45));
#7819=CARTESIAN_POINT('Ctrl Pts',(-15.3,0.,1.8));
#7820=CARTESIAN_POINT('Ctrl Pts',(-15.3,0.,1.86666666666667));
#7821=CARTESIAN_POINT('Ctrl Pts',(-15.2384615384615,0.,1.89230769230769));
#7822=CARTESIAN_POINT('Ctrl Pts',(-15.5,-3.81639164714898E-16,1.8));
#7823=CARTESIAN_POINT('Ctrl Pts',(-15.5,-3.83570716767793E-16,2.));
#7824=CARTESIAN_POINT('Ctrl Pts',(-15.3153846153846,-3.84313621403522E-16,
2.07692307692308));
#7825=CARTESIAN_POINT('Ctrl Pts',(-15.5,0.2,1.8));
#7826=CARTESIAN_POINT('Ctrl Pts',(-15.5,0.2,2.));
#7827=CARTESIAN_POINT('Ctrl Pts',(-15.3153846153846,0.2,2.07692307692308));
#7828=CARTESIAN_POINT('',(-15.3153846153846,0.2,2.07692307692308));
#7829=CARTESIAN_POINT('Origin',(-15.2384615384615,0.2,1.89230769230769));
#7830=CARTESIAN_POINT('Origin',(-15.2,0.2,1.8));
#7831=CARTESIAN_POINT('Origin',(-15.3,0.2,1.8));
#7832=CARTESIAN_POINT('Origin',(-15.2,0.,1.8));
#7833=CARTESIAN_POINT('',(-15.3153846153846,4.,2.07692307692308));
#7834=CARTESIAN_POINT('Origin',(-15.2,4.,1.8));
#7835=CARTESIAN_POINT('',(-15.3153846153846,0.,2.07692307692308));
#7836=CARTESIAN_POINT('Ctrl Pts',(-15.5,4.5,2.34166666666667));
#7837=CARTESIAN_POINT('Ctrl Pts',(-15.5,4.5,2.19985866494213));
#7838=CARTESIAN_POINT('Ctrl Pts',(-15.5,4.39180759060622,1.91720844350993));
#7839=CARTESIAN_POINT('Ctrl Pts',(-15.5,4.13089969389957,1.8));
#7840=CARTESIAN_POINT('Ctrl Pts',(-15.5,4.,1.8));
#7841=CARTESIAN_POINT('Ctrl Pts',(-15.5,4.42146018366025,2.34166666666667));
#7842=CARTESIAN_POINT('Ctrl Pts',(-15.4998358579374,4.42654422623776,2.21887367084603));
#7843=CARTESIAN_POINT('Ctrl Pts',(-15.5000139360381,4.34172515945319,1.96618155965539));
#7844=CARTESIAN_POINT('Ctrl Pts',(-15.5,4.11421405739394,1.85880026035476));
#7845=CARTESIAN_POINT('Ctrl Pts',(-15.5,4.,1.85880026035476));
#7846=CARTESIAN_POINT('Ctrl Pts',(-15.435010510059,4.26498948994097,2.34166666666667));
#7847=CARTESIAN_POINT('Ctrl Pts',(-15.4438455585726,4.27978425265266,2.25657021188278));
#7848=CARTESIAN_POINT('Ctrl Pts',(-15.4589930074297,4.24166416751503,2.06401043630707));
#7849=CARTESIAN_POINT('Ctrl Pts',(-15.4644048598608,4.0809312320318,1.97626990657387));
#7850=CARTESIAN_POINT('Ctrl Pts',(-15.4644048598608,4.,1.97626990657387));
#7851=CARTESIAN_POINT('Ctrl Pts',(-15.2785398163397,4.2,2.34166666666667));
#7852=CARTESIAN_POINT('Ctrl Pts',(-15.3037269352897,4.2080870611892,2.27250945260793));
#7853=CARTESIAN_POINT('Ctrl Pts',(-15.3511657287334,4.17551363492476,2.12157791371757));
#7854=CARTESIAN_POINT('Ctrl Pts',(-15.369661778789,4.05872632304754,2.05430759217125));
#7855=CARTESIAN_POINT('Ctrl Pts',(-15.369661778789,4.,2.05430759217125));
#7856=CARTESIAN_POINT('Ctrl Pts',(-15.2,4.2,2.34166666666667));
#7857=CARTESIAN_POINT('Ctrl Pts',(-15.2302076216691,4.2,2.27235695694805));
#7858=CARTESIAN_POINT('Ctrl Pts',(-15.2904171362937,4.15672303624249,2.13420957061491));
#7859=CARTESIAN_POINT('Ctrl Pts',(-15.3153846153846,4.05235987755983,2.07692307692308));
#7860=CARTESIAN_POINT('Ctrl Pts',(-15.3153846153846,4.,2.07692307692308));
#7861=CARTESIAN_POINT('Origin',(-15.2,4.,2.34166666666667));
#7862=CARTESIAN_POINT('Origin',(-15.2,4.5,2.34166666666667));
#7863=CARTESIAN_POINT('Origin',(-15.2,4.5,-1.));
#7864=CARTESIAN_POINT('Origin',(-15.3,0.2,-1.));
#7865=CARTESIAN_POINT('Origin',(-15.3,0.2,-1.8));
#7866=CARTESIAN_POINT('Ctrl Pts',(-15.2384615384615,0.,-1.89230769230769));
#7867=CARTESIAN_POINT('Ctrl Pts',(-15.3,0.,-1.86666666666667));
#7868=CARTESIAN_POINT('Ctrl Pts',(-15.3,0.,-1.8));
#7869=CARTESIAN_POINT('Ctrl Pts',(-15.3153846153846,-5.5051551577364E-16,
-2.07692307692308));
#7870=CARTESIAN_POINT('Ctrl Pts',(-15.5,-5.51792181478901E-16,-2.));
#7871=CARTESIAN_POINT('Ctrl Pts',(-15.5,-5.55111512312578E-16,-1.8));
#7872=CARTESIAN_POINT('Ctrl Pts',(-15.3153846153846,0.2,-2.07692307692308));
#7873=CARTESIAN_POINT('Ctrl Pts',(-15.5,0.2,-2.));
#7874=CARTESIAN_POINT('Ctrl Pts',(-15.5,0.2,-1.8));
#7875=CARTESIAN_POINT('',(-15.3153846153846,0.2,-2.07692307692308));
#7876=CARTESIAN_POINT('Origin',(-15.2,0.2,-1.8));
#7877=CARTESIAN_POINT('Origin',(-15.2384615384615,0.2,-1.89230769230769));
#7878=CARTESIAN_POINT('Origin',(-15.2,0.,-1.8));
#7879=CARTESIAN_POINT('',(-15.3153846153846,4.,-2.07692307692308));
#7880=CARTESIAN_POINT('Origin',(-15.2,4.,-1.8));
#7881=CARTESIAN_POINT('',(-15.3153846153846,0.,-2.07692307692308));
#7882=CARTESIAN_POINT('Ctrl Pts',(-15.5,4.,-1.8));
#7883=CARTESIAN_POINT('Ctrl Pts',(-15.5,4.13089969389958,-1.8));
#7884=CARTESIAN_POINT('Ctrl Pts',(-15.5,4.39180759060622,-1.91720844350993));
#7885=CARTESIAN_POINT('Ctrl Pts',(-15.5,4.5,-2.19985866494213));
#7886=CARTESIAN_POINT('Ctrl Pts',(-15.5,4.5,-2.34166666666667));
#7887=CARTESIAN_POINT('Ctrl Pts',(-15.5,4.,-1.85880026035476));
#7888=CARTESIAN_POINT('Ctrl Pts',(-15.5,4.11421405739394,-1.85880026035476));
#7889=CARTESIAN_POINT('Ctrl Pts',(-15.5000139360381,4.34172515945319,-1.96618155965539));
#7890=CARTESIAN_POINT('Ctrl Pts',(-15.4998358579374,4.42654422623776,-2.21887367084603));
#7891=CARTESIAN_POINT('Ctrl Pts',(-15.5,4.42146018366025,-2.34166666666667));
#7892=CARTESIAN_POINT('Ctrl Pts',(-15.4644048598608,4.,-1.97626990657387));
#7893=CARTESIAN_POINT('Ctrl Pts',(-15.4644048598608,4.0809312320318,-1.97626990657387));
#7894=CARTESIAN_POINT('Ctrl Pts',(-15.4589930074298,4.24166416751503,-2.06401043630707));
#7895=CARTESIAN_POINT('Ctrl Pts',(-15.4438455585726,4.27978425265266,-2.25657021188278));
#7896=CARTESIAN_POINT('Ctrl Pts',(-15.435010510059,4.26498948994097,-2.34166666666667));
#7897=CARTESIAN_POINT('Ctrl Pts',(-15.369661778789,4.,-2.05430759217125));
#7898=CARTESIAN_POINT('Ctrl Pts',(-15.369661778789,4.05872632304754,-2.05430759217125));
#7899=CARTESIAN_POINT('Ctrl Pts',(-15.3511657287334,4.17551363492476,-2.12157791371757));
#7900=CARTESIAN_POINT('Ctrl Pts',(-15.3037269352897,4.2080870611892,-2.27250945260793));
#7901=CARTESIAN_POINT('Ctrl Pts',(-15.2785398163397,4.2,-2.34166666666667));
#7902=CARTESIAN_POINT('Ctrl Pts',(-15.3153846153846,4.,-2.07692307692308));
#7903=CARTESIAN_POINT('Ctrl Pts',(-15.3153846153846,4.05235987755983,-2.07692307692308));
#7904=CARTESIAN_POINT('Ctrl Pts',(-15.2904171362937,4.15672303624249,-2.13420957061491));
#7905=CARTESIAN_POINT('Ctrl Pts',(-15.2302076216691,4.2,-2.27235695694805));
#7906=CARTESIAN_POINT('Ctrl Pts',(-15.2,4.2,-2.34166666666667));
#7907=CARTESIAN_POINT('',(-15.2,4.2,-2.34166666666667));
#7908=CARTESIAN_POINT('Origin',(-15.2,4.5,-2.34166666666667));
#7909=CARTESIAN_POINT('Origin',(-15.2,4.,-2.34166666666667));
#7910=CARTESIAN_POINT('Origin',(-15.2,4.5,-1.));
#7911=CARTESIAN_POINT('',(-15.2,4.2,-1.));
#7912=CARTESIAN_POINT('Origin',(-10.9763313609467,0.2,-3.66819526627219));
#7913=CARTESIAN_POINT('',(-12.5,0.2,-3.25));
#7914=CARTESIAN_POINT('',(-11.0532544378698,0.2,-3.85281065088757));
#7915=CARTESIAN_POINT('Origin',(-12.46,0.2,-3.05));
#7916=CARTESIAN_POINT('Origin',(-12.5,0.,-3.25));
#7917=CARTESIAN_POINT('',(-12.5,4.,-3.25));
#7918=CARTESIAN_POINT('',(-14.2485207100592,4.,-2.52144970414201));
#7919=CARTESIAN_POINT('',(-12.5,0.,-3.25));
#7920=CARTESIAN_POINT('Origin',(-14.3254437869822,4.,-2.7060650887574));
#7921=CARTESIAN_POINT('',(-12.54,4.2,-3.45));
#7922=CARTESIAN_POINT('',(-14.3254437869822,4.2,-2.7060650887574));
#7923=CARTESIAN_POINT('Origin',(-12.54,4.,-3.45));
#7924=CARTESIAN_POINT('Origin',(-15.25,4.2,0.));
#7925=CARTESIAN_POINT('',(-7.625,4.2,-3.45));
#7926=CARTESIAN_POINT('',(-18.6,4.2,-4.15));
#7927=CARTESIAN_POINT('Origin',(-18.6,4.2,-3.15));
#7928=CARTESIAN_POINT('',(-22.5,4.2,-4.15));
#7929=CARTESIAN_POINT('',(-22.875,4.2,-4.15));
#7930=CARTESIAN_POINT('',(-22.5,4.2,-10.35));
#7931=CARTESIAN_POINT('',(-22.5,4.2,-5.425));
#7932=CARTESIAN_POINT('',(-18.6,4.2,-10.35));
#7933=CARTESIAN_POINT('',(-16.875,4.2,-10.35));
#7934=CARTESIAN_POINT('',(-18.2153846153846,4.2,-10.4269230769231));
#7935=CARTESIAN_POINT('Origin',(-18.6,4.2,-11.35));
#7936=CARTESIAN_POINT('',(-17.3491124260355,4.2,-10.7878698224852));
#7937=CARTESIAN_POINT('',(-15.2,4.2,-12.1583333333333));
#7938=CARTESIAN_POINT('',(-15.2,4.2,-9.7));
#7939=CARTESIAN_POINT('',(-12.54,4.2,-11.05));
#7940=CARTESIAN_POINT('',(-13.2514792899408,4.2,-11.346449704142));
#7941=CARTESIAN_POINT('',(-13.875,4.2,-11.05));
#7942=CARTESIAN_POINT('Ctrl Pts',(-15.3,0.,-12.7));
#7943=CARTESIAN_POINT('Ctrl Pts',(-15.3,0.,-12.6333333333333));
#7944=CARTESIAN_POINT('Ctrl Pts',(-15.2384615384615,0.,-12.6076923076923));
#7945=CARTESIAN_POINT('Ctrl Pts',(-15.5,-6.93889390390723E-16,-12.7));
#7946=CARTESIAN_POINT('Ctrl Pts',(-15.5,-6.95358349516691E-16,-12.5));
#7947=CARTESIAN_POINT('Ctrl Pts',(-15.3153846153846,-6.9592333379591E-16,
-12.4230769230769));
#7948=CARTESIAN_POINT('Ctrl Pts',(-15.5,0.2,-12.7));
#7949=CARTESIAN_POINT('Ctrl Pts',(-15.5,0.2,-12.5));
#7950=CARTESIAN_POINT('Ctrl Pts',(-15.3153846153846,0.2,-12.4230769230769));
#7951=CARTESIAN_POINT('',(-15.3153846153846,0.2,-12.4230769230769));
#7952=CARTESIAN_POINT('Origin',(-15.2384615384615,0.2,-12.6076923076923));
#7953=CARTESIAN_POINT('Origin',(-15.2,0.2,-12.7));
#7954=CARTESIAN_POINT('Origin',(-15.2,0.,-12.7));
#7955=CARTESIAN_POINT('',(-15.3153846153846,4.,-12.4230769230769));
#7956=CARTESIAN_POINT('Origin',(-15.2,4.,-12.7));
#7957=CARTESIAN_POINT('',(-15.3153846153846,0.,-12.4230769230769));
#7958=CARTESIAN_POINT('Ctrl Pts',(-15.5,4.5,-12.1583333333333));
#7959=CARTESIAN_POINT('Ctrl Pts',(-15.5,4.5,-12.3001413350579));
#7960=CARTESIAN_POINT('Ctrl Pts',(-15.5,4.39175805602672,-12.582737894029));
#7961=CARTESIAN_POINT('Ctrl Pts',(-15.5,4.13089969389958,-12.7));
#7962=CARTESIAN_POINT('Ctrl Pts',(-15.5,4.,-12.7));
#7963=CARTESIAN_POINT('Ctrl Pts',(-15.5,4.42146018366025,-12.1583333333333));
#7964=CARTESIAN_POINT('Ctrl Pts',(-15.4998358579374,4.42654422623776,-12.281126329154));
#7965=CARTESIAN_POINT('Ctrl Pts',(-15.4999892795677,4.34167857684114,-12.5337646605055));
#7966=CARTESIAN_POINT('Ctrl Pts',(-15.5,4.11421405739394,-12.6411997396452));
#7967=CARTESIAN_POINT('Ctrl Pts',(-15.5,4.,-12.6411997396452));
#7968=CARTESIAN_POINT('Ctrl Pts',(-15.4349811226125,4.26501887738749,-12.1583333333333));
#7969=CARTESIAN_POINT('Ctrl Pts',(-15.4438161711261,4.27981364009917,-12.2434297881172));
#7970=CARTESIAN_POINT('Ctrl Pts',(-15.458985854956,4.24159808909329,-12.4359674328424));
#7971=CARTESIAN_POINT('Ctrl Pts',(-15.4643934798342,4.0809312320318,-12.5237376801106));
#7972=CARTESIAN_POINT('Ctrl Pts',(-15.4643934798342,4.,-12.5237376801106));
#7973=CARTESIAN_POINT('Ctrl Pts',(-15.2785398163397,4.2,-12.1583333333333));
#7974=CARTESIAN_POINT('Ctrl Pts',(-15.3037269352897,4.2080870611892,-12.2274905473921));
#7975=CARTESIAN_POINT('Ctrl Pts',(-15.3511577609627,4.17549824187252,-12.3783725023509));
#7976=CARTESIAN_POINT('Ctrl Pts',(-15.369661778789,4.05872632304754,-12.4456924078288));
#7977=CARTESIAN_POINT('Ctrl Pts',(-15.369661778789,4.,-12.4456924078288));
#7978=CARTESIAN_POINT('Ctrl Pts',(-15.2,4.2,-12.1583333333333));
#7979=CARTESIAN_POINT('Ctrl Pts',(-15.2302076216691,4.2,-12.227643043052));
#7980=CARTESIAN_POINT('Ctrl Pts',(-15.2904057052369,4.15670322241069,-12.3657642014603));
#7981=CARTESIAN_POINT('Ctrl Pts',(-15.3153846153846,4.05235987755983,-12.4230769230769));
#7982=CARTESIAN_POINT('Ctrl Pts',(-15.3153846153846,4.,-12.4230769230769));
#7983=CARTESIAN_POINT('Origin',(-15.2,4.,-12.1583333333333));
#7984=CARTESIAN_POINT('Origin',(-15.2,4.5,-12.1583333333333));
#7985=CARTESIAN_POINT('Origin',(-15.2,4.5,-9.7));
#7986=CARTESIAN_POINT('Origin',(-22.875,4.7,10.35));
#7987=CARTESIAN_POINT('',(-22.4093327091137,4.7,10.85));
#7988=CARTESIAN_POINT('',(-22.875,4.7,10.85));
#7989=CARTESIAN_POINT('Origin',(-22.4093327091137,4.7,10.35));
#7990=CARTESIAN_POINT('Origin',(-30.,7.54650023408235,10.35));
#7991=CARTESIAN_POINT('',(-30.,7.54650023408235,10.85));
#7992=CARTESIAN_POINT('',(-30.1755617207942,7.07833564529782,10.35));
#7993=CARTESIAN_POINT('Origin',(-30.,7.54650023408235,10.35));
#7994=CARTESIAN_POINT('',(-30.5,7.54650023408235,10.35));
#7995=CARTESIAN_POINT('Origin',(-30.,7.54650023408235,10.35));
#7996=CARTESIAN_POINT('Origin',(-30.,7.54650023408235,10.35));
#7997=CARTESIAN_POINT('Origin',(-30.,4.2,10.35));
#7998=CARTESIAN_POINT('',(-30.5,4.2,10.35));
#7999=CARTESIAN_POINT('',(-30.,4.2,10.85));
#8000=CARTESIAN_POINT('Origin',(-30.,7.54650023408235,4.15));
#8001=CARTESIAN_POINT('',(-30.1755617207942,7.07833564529782,4.15));
#8002=CARTESIAN_POINT('Origin',(-30.,7.54650023408235,4.15));
#8003=CARTESIAN_POINT('Origin',(-30.,7.54650023408235,4.15));
#8004=CARTESIAN_POINT('Origin',(-22.5710136216716,4.76063034220918,4.15));
#8005=CARTESIAN_POINT('',(-22.7465753424658,4.29246575342466,4.15));
#8006=CARTESIAN_POINT('',(-22.4093327091137,4.7,3.65));
#8007=CARTESIAN_POINT('',(-22.5710136216716,4.76063034220918,3.65));
#8008=CARTESIAN_POINT('Origin',(-22.4093327091137,4.7,4.15));
#8009=CARTESIAN_POINT('Origin',(-18.6,4.7,3.15));
#8010=CARTESIAN_POINT('',(-18.6,4.7,3.65));
#8011=CARTESIAN_POINT('Origin',(-18.6,4.7,4.15));
#8012=CARTESIAN_POINT('Origin',(-18.6,4.7,3.15));
#8013=CARTESIAN_POINT('Origin',(-18.2153846153846,4.7,4.07307692307693));
#8014=CARTESIAN_POINT('Origin',(-16.875,4.7,4.15));
#8015=CARTESIAN_POINT('',(-16.875,4.7,3.65));
#8016=CARTESIAN_POINT('Origin',(-18.6,4.2,3.15));
#8017=CARTESIAN_POINT('',(-18.6,4.2,3.65));
#8018=CARTESIAN_POINT('Origin',(-14.7751479289941,4.7,2.6396449704142));
#8019=CARTESIAN_POINT('Origin',(-30.,7.54650023408235,2.7375));
#8020=CARTESIAN_POINT('',(-30.1755617207942,7.07833564529782,2.7375));
#8021=CARTESIAN_POINT('',(-30.5,7.54650023408235,2.7375));
#8022=CARTESIAN_POINT('Origin',(-27.8312875942743,6.73323308193521,10.35));
#8023=CARTESIAN_POINT('',(-27.8312875942743,6.73323308193521,10.85));
#8024=CARTESIAN_POINT('',(-28.0068493150685,6.26506849315069,10.35));
#8025=CARTESIAN_POINT('Origin',(-18.5,4.2,3.65));
#8026=CARTESIAN_POINT('Origin',(-30.5,4.2,10.85));
#8027=CARTESIAN_POINT('Origin',(-30.5,4.2,3.65));
#8028=CARTESIAN_POINT('Origin',(-18.6,4.7,-3.15));
#8029=CARTESIAN_POINT('',(-18.6,4.7,-3.65));
#8030=CARTESIAN_POINT('Origin',(-18.6,4.7,-3.15));
#8031=CARTESIAN_POINT('Origin',(-18.6,4.7,-4.15));
#8032=CARTESIAN_POINT('Origin',(-18.6,4.7,-11.35));
#8033=CARTESIAN_POINT('Origin',(-18.2153846153846,4.7,-10.4269230769231));
#8034=CARTESIAN_POINT('Origin',(-18.6,4.7,-10.35));
#8035=CARTESIAN_POINT('Origin',(-17.3491124260355,4.7,-10.7878698224852));
#8036=CARTESIAN_POINT('Origin',(-22.875,4.7,-4.15));
#8037=CARTESIAN_POINT('',(-22.4093327091137,4.7,-3.65));
#8038=CARTESIAN_POINT('',(-22.875,4.7,-3.65));
#8039=CARTESIAN_POINT('Origin',(-22.4093327091137,4.7,-4.15));
#8040=CARTESIAN_POINT('Origin',(-30.,7.54650023408235,-4.15));
#8041=CARTESIAN_POINT('',(-30.,7.54650023408235,-3.65));
#8042=CARTESIAN_POINT('',(-30.1755617207942,7.07833564529783,-4.15));
#8043=CARTESIAN_POINT('Origin',(-30.,7.54650023408235,-4.15));
#8044=CARTESIAN_POINT('',(-30.5,7.54650023408235,-4.15));
#8045=CARTESIAN_POINT('Origin',(-30.,7.54650023408235,-4.15));
#8046=CARTESIAN_POINT('Origin',(-30.,7.54650023408235,-4.15));
#8047=CARTESIAN_POINT('Origin',(-30.,7.54650023408235,-10.35));
#8048=CARTESIAN_POINT('',(-30.1755617207942,7.07833564529783,-10.35));
#8049=CARTESIAN_POINT('Origin',(-30.,7.54650023408235,-10.35));
#8050=CARTESIAN_POINT('Origin',(-30.,7.54650023408235,-10.35));
#8051=CARTESIAN_POINT('Origin',(-30.,4.2,-4.15));
#8052=CARTESIAN_POINT('',(-30.5,4.2,-4.15));
#8053=CARTESIAN_POINT('',(-30.,4.2,-3.65));
#8054=CARTESIAN_POINT('Origin',(-22.5710136216716,4.76063034220918,-10.35));
#8055=CARTESIAN_POINT('',(-22.7465753424658,4.29246575342466,-10.35));
#8056=CARTESIAN_POINT('Origin',(-22.4093327091138,4.7,-10.35));
#8057=CARTESIAN_POINT('Origin',(-30.,7.54650023408235,-8.1375));
#8058=CARTESIAN_POINT('',(-30.1755617207942,7.07833564529783,-8.1375));
#8059=CARTESIAN_POINT('',(-30.5,7.54650023408235,-8.1375));
#8060=CARTESIAN_POINT('Origin',(-27.8312875942743,6.73323308193521,-4.15));
#8061=CARTESIAN_POINT('',(-27.8312875942743,6.73323308193521,-3.65));
#8062=CARTESIAN_POINT('',(-28.0068493150685,6.26506849315069,-4.15));
#8063=CARTESIAN_POINT('Origin',(-16.875,4.7,-10.35));
#8064=CARTESIAN_POINT('Origin',(-18.6,4.2,-3.15));
#8065=CARTESIAN_POINT('',(-18.6,4.2,-3.65));
#8066=CARTESIAN_POINT('Origin',(-30.5,4.2,-3.65));
#8067=CARTESIAN_POINT('Origin',(-30.5,4.2,-10.85));
#8068=CARTESIAN_POINT('Origin',(-12.6227810650888,0.2,-11.517825443787));
#8069=CARTESIAN_POINT('',(-12.5,0.2,-11.25));
#8070=CARTESIAN_POINT('Origin',(-12.46,0.2,-11.45));
#8071=CARTESIAN_POINT('',(-12.6997041420118,0.2,-11.3332100591716));
#8072=CARTESIAN_POINT('Origin',(-10.125,0.2,-11.45));
#8073=CARTESIAN_POINT('',(-10.125,0.2,-11.25));
#8074=CARTESIAN_POINT('Origin',(-3.875,0.2,11.45));
#8075=CARTESIAN_POINT('',(-3.875,0.2,11.25));
#8076=CARTESIAN_POINT('Origin',(-15.3,0.2,13.9125));
#8077=CARTESIAN_POINT('',(-15.5,0.2,13.9125));
#8078=CARTESIAN_POINT('Origin',(-11.625,0.2,19.2));
#8079=CARTESIAN_POINT('',(-11.625,0.2,19.4));
#8080=CARTESIAN_POINT('Origin',(-15.5,0.,19.4));
#8081=CARTESIAN_POINT('Origin',(-2.22044604925031E-15,0.,11.25));
#8082=CARTESIAN_POINT('',(-7.625,4.,11.25));
#8083=CARTESIAN_POINT('Origin',(-10.125,0.2,3.05));
#8084=CARTESIAN_POINT('',(-12.5,0.2,3.25));
#8085=CARTESIAN_POINT('',(-10.125,0.2,3.25));
#8086=CARTESIAN_POINT('Origin',(-12.46,0.2,3.05));
#8087=CARTESIAN_POINT('Origin',(-3.875,0.2,-3.05));
#8088=CARTESIAN_POINT('',(-3.875,0.2,-3.25));
#8089=CARTESIAN_POINT('Origin',(-12.4763313609467,0.2,3.04319526627219));
#8090=CARTESIAN_POINT('',(-12.5532544378698,0.2,3.22781065088757));
#8091=CARTESIAN_POINT('Origin',(8.32667268468867E-16,0.,-3.25));
#8092=CARTESIAN_POINT('',(-7.625,4.,-3.25));
#8093=CARTESIAN_POINT('Origin',(-13.875,4.,-11.05));
#8094=CARTESIAN_POINT('',(-12.5,4.,-11.25));
#8095=CARTESIAN_POINT('Origin',(-12.54,4.,-11.05));
#8096=CARTESIAN_POINT('',(-13.875,4.,-11.25));
#8097=CARTESIAN_POINT('Origin',(-13.2514792899408,4.,-11.346449704142));
#8098=CARTESIAN_POINT('',(-13.1745562130178,4.,-11.5310650887574));
#8099=CARTESIAN_POINT('Origin',(-12.5,0.,-11.25));
#8100=CARTESIAN_POINT('',(-12.5,0.,-11.25));
#8101=CARTESIAN_POINT('Origin',(-15.5,0.,-12.5));
#8102=CARTESIAN_POINT('Origin',(-7.625,4.,-3.45));
#8103=CARTESIAN_POINT('Origin',(-13.875,4.,3.45));
#8104=CARTESIAN_POINT('',(-12.5,4.,3.25));
#8105=CARTESIAN_POINT('Origin',(-12.54,4.,3.45));
#8106=CARTESIAN_POINT('',(-13.875,4.,3.25));
#8107=CARTESIAN_POINT('Origin',(-15.8254437869822,4.,2.0810650887574));
#8108=CARTESIAN_POINT('',(-15.7485207100592,4.,1.89644970414201));
#8109=CARTESIAN_POINT('Origin',(-12.5,0.,3.25));
#8110=CARTESIAN_POINT('',(-12.5,0.,3.25));
#8111=CARTESIAN_POINT('Origin',(-15.5,0.,2.));
#8112=CARTESIAN_POINT('Origin',(-7.625,4.,11.05));
#8113=CARTESIAN_POINT('Origin',(-7.925,3.2,-2.5));
#8114=CARTESIAN_POINT('',(-9.3,3.,-2.5));
#8115=CARTESIAN_POINT('Origin',(-9.3,3.2,-2.5));
#8116=CARTESIAN_POINT('',(-3.8,3.,-2.5));
#8117=CARTESIAN_POINT('',(-7.925,3.,-2.5));
#8118=CARTESIAN_POINT('Origin',(-3.8,3.2,-2.5));
#8119=CARTESIAN_POINT('Origin',(-3.8,3.2,4.65365783675994E-16));
#8120=CARTESIAN_POINT('',(-3.8,3.,2.5));
#8121=CARTESIAN_POINT('Origin',(-3.8,3.2,2.5));
#8122=CARTESIAN_POINT('Origin',(-3.8,3.,4.65365783675994E-16));
#8123=CARTESIAN_POINT('Origin',(-5.175,3.2,2.5));
#8124=CARTESIAN_POINT('',(-9.3,3.,2.5));
#8125=CARTESIAN_POINT('',(-9.3,3.2,2.7));
#8126=CARTESIAN_POINT('Origin',(-9.3,3.2,2.5));
#8127=CARTESIAN_POINT('',(-5.175,3.2,2.7));
#8128=CARTESIAN_POINT('',(-5.175,3.,2.5));
#8129=CARTESIAN_POINT('Origin',(-9.3,3.2,1.13892152320704E-15));
#8130=CARTESIAN_POINT('Origin',(-9.3,3.2,1.13892152320704E-15));
#8131=CARTESIAN_POINT('Origin',(-9.3,3.,1.13892152320704E-15));
#8132=CARTESIAN_POINT('Origin',(-9.3,8.2,1.13892152320704E-15));
#8133=CARTESIAN_POINT('',(-9.3,8.2,2.7));
#8134=CARTESIAN_POINT('Origin',(-6.55,3.,1.11022302462516E-15));
#8135=CARTESIAN_POINT('',(-3.8,3.,1.6));
#8136=CARTESIAN_POINT('Origin',(-3.8,3.,4.65365783675994E-16));
#8137=CARTESIAN_POINT('',(-9.3,3.,1.6));
#8138=CARTESIAN_POINT('Origin',(-9.3,3.,1.13892152320704E-15));
#8139=CARTESIAN_POINT('Origin',(-3.8,2.8,4.65365783675994E-16));
#8140=CARTESIAN_POINT('',(-3.8,2.8,1.4));
#8141=CARTESIAN_POINT('Origin',(-3.8,2.8,1.6));
#8142=CARTESIAN_POINT('',(-5.2,2.8,2.93915231795364E-16));
#8143=CARTESIAN_POINT('Origin',(-3.8,2.8,4.65365783675994E-16));
#8144=CARTESIAN_POINT('Origin',(-3.8,2.8,4.65365783675994E-16));
#8145=CARTESIAN_POINT('Origin',(-3.8,8.2,4.65365783675994E-16));
#8146=CARTESIAN_POINT('',(-5.2,0.2,6.36816335556623E-16));
#8147=CARTESIAN_POINT('',(-5.2,8.2,2.93915231795364E-16));
#8148=CARTESIAN_POINT('',(-3.8,0.2,-1.4));
#8149=CARTESIAN_POINT('Origin',(-3.8,0.2,4.65365783675994E-16));
#8150=CARTESIAN_POINT('Origin',(-3.8,0.2,4.65365783675994E-16));
#8151=CARTESIAN_POINT('Origin',(-3.8,0.2,4.65365783675994E-16));
#8152=CARTESIAN_POINT('Origin',(-3.8,0.2,-1.6));
#8153=CARTESIAN_POINT('Origin',(-9.3,0.2,1.13892152320704E-15));
#8154=CARTESIAN_POINT('',(-9.3,0.2,-1.4));
#8155=CARTESIAN_POINT('Origin',(-9.3,0.2,-1.6));
#8156=CARTESIAN_POINT('',(-10.7,0.2,1.31037207508767E-15));
#8157=CARTESIAN_POINT('Origin',(-9.3,0.2,1.13892152320704E-15));
#8158=CARTESIAN_POINT('Origin',(-9.3,0.2,1.13892152320704E-15));
#8159=CARTESIAN_POINT('Origin',(-9.3,8.2,1.13892152320704E-15));
#8160=CARTESIAN_POINT('',(-10.7,2.8,9.67470971326409E-16));
#8161=CARTESIAN_POINT('',(-9.3,2.8,1.4));
#8162=CARTESIAN_POINT('Origin',(-9.3,2.8,1.13892152320704E-15));
#8163=CARTESIAN_POINT('',(-10.7,8.2,9.67470971326409E-16));
#8164=CARTESIAN_POINT('Origin',(-9.3,2.8,1.13892152320704E-15));
#8165=CARTESIAN_POINT('Origin',(-9.3,2.8,1.13892152320704E-15));
#8166=CARTESIAN_POINT('Origin',(-9.3,2.8,1.6));
#8167=CARTESIAN_POINT('Origin',(-26.5,5.7,1.825));
#8168=CARTESIAN_POINT('Origin',(-26.5,5.7,-5.425));
#8169=CARTESIAN_POINT('Origin',(-3.8,8.2,2.7));
#8170=CARTESIAN_POINT('Origin',(-15.5,0.,12.5));
#8171=UNCERTAINTY_MEASURE_WITH_UNIT(LENGTH_MEASURE(0.01),#8175,
'DISTANCE_ACCURACY_VALUE',
'Maximum model space distance between geometric entities at asserted c
onnectivities');
#8172=UNCERTAINTY_MEASURE_WITH_UNIT(LENGTH_MEASURE(0.01),#8175,
'DISTANCE_ACCURACY_VALUE',
'Maximum model space distance between geometric entities at asserted c
onnectivities');
#8173=(
GEOMETRIC_REPRESENTATION_CONTEXT(3)
GLOBAL_UNCERTAINTY_ASSIGNED_CONTEXT((#8171))
GLOBAL_UNIT_ASSIGNED_CONTEXT((#8175,#8177,#8178))
REPRESENTATION_CONTEXT('','3D')
);
#8174=(
GEOMETRIC_REPRESENTATION_CONTEXT(3)
GLOBAL_UNCERTAINTY_ASSIGNED_CONTEXT((#8172))
GLOBAL_UNIT_ASSIGNED_CONTEXT((#8175,#8177,#8178))
REPRESENTATION_CONTEXT('','3D')
);
#8175=(
LENGTH_UNIT()
NAMED_UNIT(*)
SI_UNIT(.MILLI.,.METRE.)
);
#8176=(
LENGTH_UNIT()
NAMED_UNIT(*)
SI_UNIT($,.METRE.)
);
#8177=(
NAMED_UNIT(*)
PLANE_ANGLE_UNIT()
SI_UNIT($,.RADIAN.)
);
#8178=(
NAMED_UNIT(*)
SI_UNIT($,.STERADIAN.)
SOLID_ANGLE_UNIT()
);
#8179=SHAPE_DEFINITION_REPRESENTATION(#8180,#8181);
#8180=PRODUCT_DEFINITION_SHAPE('',$,#8183);
#8181=SHAPE_REPRESENTATION('',(#3865),#8173);
#8182=PRODUCT_DEFINITION_CONTEXT('part definition',#8187,'design');
#8183=PRODUCT_DEFINITION('2026-06-07-22-42-36-019','CasingHolder',#8184,
#8182);
#8184=PRODUCT_DEFINITION_FORMATION('',$,#8189);
#8185=PRODUCT_RELATED_PRODUCT_CATEGORY('CasingHolder','CasingHolder',(#8189));
#8186=APPLICATION_PROTOCOL_DEFINITION('international standard',
'automotive_design',2009,#8187);
#8187=APPLICATION_CONTEXT(
'Core Data for Automotive Mechanical Design Process');
#8188=PRODUCT_CONTEXT('part definition',#8187,'mechanical');
#8189=PRODUCT('2026-06-07-22-42-36-019','CasingHolder',$,(#8188));
#8190=PRESENTATION_STYLE_ASSIGNMENT((#8191));
#8191=SURFACE_STYLE_USAGE(.BOTH.,#8192);
#8192=SURFACE_SIDE_STYLE('',(#8193));
#8193=SURFACE_STYLE_FILL_AREA(#8194);
#8194=FILL_AREA_STYLE('Default',(#8195));
#8195=FILL_AREA_STYLE_COLOUR('Default',#8196);
#8196=COLOUR_RGB('Default',0.749019607843137,0.749019607843137,0.749019607843137);
ENDSEC;
END-ISO-10303-21;
