ISO-10303-21;
HEADER;
/* Generated by software containing ST-Developer
 * from STEP Tools, Inc. (www.steptools.com) 
 */

FILE_DESCRIPTION(
/* description */ (''),
/* implementation_level */ '2;1');

FILE_NAME(
/* name */ 'ConnectorPartA.step',
/* time_stamp */ '2026-06-07T20:30:23-05:00',
/* author */ (''),
/* organization */ (''),
/* preprocessor_version */ 'ST-DEVELOPER v20.1',
/* originating_system */ 'Autodesk Translation Framework v14.21.0.0',
/* authorisation */ '');

FILE_SCHEMA (('AUTOMOTIVE_DESIGN { 1 0 10303 214 3 1 1 }'));
ENDSEC;

DATA;
#10=MECHANICAL_DESIGN_GEOMETRIC_PRESENTATION_REPRESENTATION('',(#13),#13405);
#11=SHAPE_REPRESENTATION_RELATIONSHIP('SRR','None',#13412,#12);
#12=ADVANCED_BREP_SHAPE_REPRESENTATION('',(#14),#13404);
#13=STYLED_ITEM('',(#13421),#14);
#14=MANIFOLD_SOLID_BREP('Body1',#4995);
#15=SPHERICAL_SURFACE('',#5141,0.200000000000001);
#16=SPHERICAL_SURFACE('',#5144,0.199999999999999);
#17=SPHERICAL_SURFACE('',#5224,0.2);
#18=SPHERICAL_SURFACE('',#5230,0.2);
#19=SPHERICAL_SURFACE('',#5239,0.5);
#20=SPHERICAL_SURFACE('',#5270,0.5);
#21=SPHERICAL_SURFACE('',#5294,0.5);
#22=SPHERICAL_SURFACE('',#5318,0.5);
#23=SPHERICAL_SURFACE('',#5353,0.5);
#24=SPHERICAL_SURFACE('',#5363,0.5);
#25=SPHERICAL_SURFACE('',#5368,0.5);
#26=SPHERICAL_SURFACE('',#5389,0.5);
#27=SPHERICAL_SURFACE('',#5523,0.2);
#28=SPHERICAL_SURFACE('',#5527,0.2);
#29=B_SPLINE_SURFACE_WITH_KNOTS('',3,3,((#6967,#6968,#6969,#6970,#6971),
(#6972,#6973,#6974,#6975,#6976),(#6977,#6978,#6979,#6980,#6981),(#6982,
#6983,#6984,#6985,#6986),(#6987,#6988,#6989,#6990,#6991)),.UNSPECIFIED.,
 .F.,.F.,.F.,(4,1,4),(4,1,4),(0.,0.5,1.),(-1.38777878078145E-16,0.120468946589341,
0.281094208708463),.UNSPECIFIED.);
#30=B_SPLINE_SURFACE_WITH_KNOTS('',3,3,((#7005,#7006,#7007,#7008),(#7009,
#7010,#7011,#7012),(#7013,#7014,#7015,#7016),(#7017,#7018,#7019,#7020),
(#7021,#7022,#7023,#7024)),.UNSPECIFIED.,.F.,.F.,.F.,(4,1,4),(4,4),(0.,
0.5,1.),(0.,0.135080370532401),.UNSPECIFIED.);
#31=B_SPLINE_SURFACE_WITH_KNOTS('',3,3,((#7036,#7037,#7038,#7039,#7040),
(#7041,#7042,#7043,#7044,#7045),(#7046,#7047,#7048,#7049,#7050),(#7051,
#7052,#7053,#7054,#7055),(#7056,#7057,#7058,#7059,#7060)),.UNSPECIFIED.,
 .F.,.F.,.F.,(4,1,4),(4,1,4),(0.,0.5,1.),(1.2562606330515E-16,0.0908056738502295,
0.158909929237902),.UNSPECIFIED.);
#32=B_SPLINE_SURFACE_WITH_KNOTS('',3,3,((#7074,#7075,#7076,#7077,#7078),
(#7079,#7080,#7081,#7082,#7083),(#7084,#7085,#7086,#7087,#7088),(#7089,
#7090,#7091,#7092,#7093),(#7094,#7095,#7096,#7097,#7098)),.UNSPECIFIED.,
 .F.,.F.,.F.,(4,1,4),(4,1,4),(0.,0.5,1.),(0.,0.06824823608485,0.159245884197983),
 .UNSPECIFIED.);
#33=B_SPLINE_SURFACE_WITH_KNOTS('',3,3,((#7112,#7113,#7114,#7115),(#7116,
#7117,#7118,#7119),(#7120,#7121,#7122,#7123),(#7124,#7125,#7126,#7127),
(#7128,#7129,#7130,#7131)),.UNSPECIFIED.,.F.,.F.,.F.,(4,1,4),(4,4),(0.,
0.571428571428571,1.),(0.,0.135307282283897),.UNSPECIFIED.);
#34=B_SPLINE_SURFACE_WITH_KNOTS('',3,3,((#7143,#7144,#7145,#7146,#7147),
(#7148,#7149,#7150,#7151,#7152),(#7153,#7154,#7155,#7156,#7157),(#7158,
#7159,#7160,#7161,#7162),(#7163,#7164,#7165,#7166,#7167)),.UNSPECIFIED.,
 .F.,.F.,.F.,(4,1,4),(4,1,4),(0.,0.5,1.),(0.,0.161089437458915,0.281906515553101),
 .UNSPECIFIED.);
#35=B_SPLINE_SURFACE_WITH_KNOTS('',3,3,((#7179,#7180,#7181,#7182,#7183,
#7184,#7185,#7186,#7187,#7188,#7189,#7190,#7191),(#7192,#7193,#7194,#7195,
#7196,#7197,#7198,#7199,#7200,#7201,#7202,#7203,#7204),(#7205,#7206,#7207,
#7208,#7209,#7210,#7211,#7212,#7213,#7214,#7215,#7216,#7217),(#7218,#7219,
#7220,#7221,#7222,#7223,#7224,#7225,#7226,#7227,#7228,#7229,#7230),(#7231,
#7232,#7233,#7234,#7235,#7236,#7237,#7238,#7239,#7240,#7241,#7242,#7243)),
 .UNSPECIFIED.,.F.,.F.,.F.,(4,1,4),(4,1,1,1,1,1,1,1,1,1,4),(0.,0.5,1.),
(-0.001461211389168,0.00047147922567367,0.00240416984051534,0.00626955107019868,
0.0140003135295654,0.021731075988932,0.0294618384482987,0.0603848882857655,
0.0835771756638655,0.0913079381232322,0.106769463041966),.UNSPECIFIED.);
#36=B_SPLINE_SURFACE_WITH_KNOTS('',3,3,((#7294,#7295,#7296,#7297),(#7298,
#7299,#7300,#7301),(#7302,#7303,#7304,#7305),(#7306,#7307,#7308,#7309),
(#7310,#7311,#7312,#7313)),.UNSPECIFIED.,.F.,.F.,.F.,(4,1,4),(4,4),(0.,
0.5,1.),(0.,0.0821315155392487),.UNSPECIFIED.);
#37=B_SPLINE_SURFACE_WITH_KNOTS('',3,3,((#7328,#7329,#7330,#7331,#7332),
(#7333,#7334,#7335,#7336,#7337),(#7338,#7339,#7340,#7341,#7342),(#7343,
#7344,#7345,#7346,#7347),(#7348,#7349,#7350,#7351,#7352)),.UNSPECIFIED.,
 .F.,.F.,.F.,(4,1,4),(4,1,4),(0.,0.5,1.),(0.,0.0592147071961671,0.118429414392334),
 .UNSPECIFIED.);
#38=B_SPLINE_SURFACE_WITH_KNOTS('',3,3,((#7366,#7367,#7368,#7369,#7370),
(#7371,#7372,#7373,#7374,#7375),(#7376,#7377,#7378,#7379,#7380),(#7381,
#7382,#7383,#7384,#7385),(#7386,#7387,#7388,#7389,#7390)),.UNSPECIFIED.,
 .F.,.F.,.F.,(4,1,4),(4,1,4),(0.,0.571428571428571,1.),(1.23275439100611E-16,
0.0591014684307935,0.118202936861587),.UNSPECIFIED.);
#39=B_SPLINE_SURFACE_WITH_KNOTS('',3,3,((#7404,#7405,#7406,#7407),(#7408,
#7409,#7410,#7411),(#7412,#7413,#7414,#7415),(#7416,#7417,#7418,#7419),
(#7420,#7421,#7422,#7423)),.UNSPECIFIED.,.F.,.F.,.F.,(4,1,4),(4,4),(0.,
0.571428571428571,1.),(0.,0.0491501354533436),.UNSPECIFIED.);
#40=B_SPLINE_SURFACE_WITH_KNOTS('',3,3,((#7435,#7436,#7437,#7438),(#7439,
#7440,#7441,#7442),(#7443,#7444,#7445,#7446),(#7447,#7448,#7449,#7450),
(#7451,#7452,#7453,#7454)),.UNSPECIFIED.,.F.,.F.,.F.,(4,1,4),(4,4),(0.,
0.571428571428571,1.),(0.,0.0328736992558983),.UNSPECIFIED.);
#41=B_SPLINE_SURFACE_WITH_KNOTS('',3,3,((#7466,#7467,#7468,#7469,#7470,
#7471,#7472,#7473,#7474,#7475,#7476,#7477,#7478,#7479,#7480,#7481),(#7482,
#7483,#7484,#7485,#7486,#7487,#7488,#7489,#7490,#7491,#7492,#7493,#7494,
#7495,#7496,#7497),(#7498,#7499,#7500,#7501,#7502,#7503,#7504,#7505,#7506,
#7507,#7508,#7509,#7510,#7511,#7512,#7513),(#7514,#7515,#7516,#7517,#7518,
#7519,#7520,#7521,#7522,#7523,#7524,#7525,#7526,#7527,#7528,#7529),(#7530,
#7531,#7532,#7533,#7534,#7535,#7536,#7537,#7538,#7539,#7540,#7541,#7542,
#7543,#7544,#7545)),.UNSPECIFIED.,.F.,.F.,.F.,(4,1,4),(4,1,1,1,1,1,1,1,
1,1,1,1,1,4),(0.,0.5,1.),(2.44566320895645E-15,0.00111406678761491,0.00222813357522738,
0.00445626715045232,0.00891253430090218,0.0133688014513521,0.0178250686018019,
0.0267376029027017,0.0356501372036014,0.0534752058054009,0.0713002744072004,
0.0980378773098996,0.106950411610799,0.124775480212599),.UNSPECIFIED.);
#42=B_SPLINE_SURFACE_WITH_KNOTS('',3,3,((#7584,#7585,#7586,#7587),(#7588,
#7589,#7590,#7591),(#7592,#7593,#7594,#7595),(#7596,#7597,#7598,#7599),
(#7600,#7601,#7602,#7603)),.UNSPECIFIED.,.F.,.F.,.F.,(4,1,4),(4,4),(0.,
0.5,1.),(1.235637757318E-16,0.0191222177677806),.UNSPECIFIED.);
#43=B_SPLINE_SURFACE_WITH_KNOTS('',3,3,((#7634,#7635,#7636,#7637),(#7638,
#7639,#7640,#7641),(#7642,#7643,#7644,#7645),(#7646,#7647,#7648,#7649),
(#7650,#7651,#7652,#7653)),.UNSPECIFIED.,.F.,.F.,.F.,(4,1,4),(4,4),(0.,
0.5,1.),(2.83666258130099E-16,0.0575681605990209),.UNSPECIFIED.);
#44=B_SPLINE_SURFACE_WITH_KNOTS('',3,3,((#7660,#7661,#7662,#7663),(#7664,
#7665,#7666,#7667),(#7668,#7669,#7670,#7671),(#7672,#7673,#7674,#7675),
(#7676,#7677,#7678,#7679),(#7680,#7681,#7682,#7683),(#7684,#7685,#7686,
#7687)),.UNSPECIFIED.,.F.,.F.,.F.,(4,1,1,1,4),(4,4),(-3.14159265371129,
-2.40046683149789,-2.02990392039119,-1.28877809817779,-0.547652275964385),
(-0.0218598195038355,0.165027862132778),.UNSPECIFIED.);
#45=B_SPLINE_SURFACE_WITH_KNOTS('',3,3,((#7725,#7726,#7727,#7728),(#7729,
#7730,#7731,#7732),(#7733,#7734,#7735,#7736),(#7737,#7738,#7739,#7740)),
 .UNSPECIFIED.,.F.,.F.,.F.,(4,4),(4,4),(-4.62343158575689E-12,0.0820588899469588),
(-0.000442135799262608,0.136604597987727),.UNSPECIFIED.);
#46=B_SPLINE_SURFACE_WITH_KNOTS('',3,3,((#7755,#7756,#7757,#7758,#7759,
#7760,#7761,#7762,#7763,#7764,#7765,#7766,#7767,#7768,#7769,#7770,#7771,
#7772),(#7773,#7774,#7775,#7776,#7777,#7778,#7779,#7780,#7781,#7782,#7783,
#7784,#7785,#7786,#7787,#7788,#7789,#7790),(#7791,#7792,#7793,#7794,#7795,
#7796,#7797,#7798,#7799,#7800,#7801,#7802,#7803,#7804,#7805,#7806,#7807,
#7808),(#7809,#7810,#7811,#7812,#7813,#7814,#7815,#7816,#7817,#7818,#7819,
#7820,#7821,#7822,#7823,#7824,#7825,#7826),(#7827,#7828,#7829,#7830,#7831,
#7832,#7833,#7834,#7835,#7836,#7837,#7838,#7839,#7840,#7841,#7842,#7843,
#7844)),.UNSPECIFIED.,.F.,.F.,.F.,(4,1,4),(4,1,1,1,1,1,1,1,1,1,1,1,1,1,
1,4),(0.,0.5,1.),(-0.00139883352967861,-0.000280922552297051,0.000836988425084504,
0.00307281037984761,0.00754445428937383,0.0120160981989,0.0164877421084263,
0.0254310299274787,0.0343743177465311,0.052260893384636,0.0701474690227409,
0.0790907568417933,0.0880340446608458,0.105920620298951,0.114863908118003,
0.123807195937056),.UNSPECIFIED.);
#47=B_SPLINE_SURFACE_WITH_KNOTS('',3,3,((#7891,#7892,#7893,#7894),(#7895,
#7896,#7897,#7898),(#7899,#7900,#7901,#7902),(#7903,#7904,#7905,#7906),
(#7907,#7908,#7909,#7910)),.UNSPECIFIED.,.F.,.F.,.F.,(4,1,4),(4,4),(0.,
0.571428571428571,1.),(0.,0.0329183247295694),.UNSPECIFIED.);
#48=B_SPLINE_SURFACE_WITH_KNOTS('',3,3,((#7917,#7918,#7919,#7920),(#7921,
#7922,#7923,#7924),(#7925,#7926,#7927,#7928),(#7929,#7930,#7931,#7932),
(#7933,#7934,#7935,#7936)),.UNSPECIFIED.,.F.,.F.,.F.,(4,1,4),(4,4),(0.,
0.571428571428571,1.),(0.,0.0491055638061444),.UNSPECIFIED.);
#49=B_SPLINE_SURFACE_WITH_KNOTS('',3,3,((#7943,#7944,#7945,#7946,#7947),
(#7948,#7949,#7950,#7951,#7952),(#7953,#7954,#7955,#7956,#7957),(#7958,
#7959,#7960,#7961,#7962),(#7963,#7964,#7965,#7966,#7967)),.UNSPECIFIED.,
 .F.,.F.,.F.,(4,1,4),(4,1,4),(0.,0.571428571428571,1.),(0.,0.0591014960400635,
0.118202992080127),.UNSPECIFIED.);
#50=B_SPLINE_SURFACE_WITH_KNOTS('',3,3,((#7981,#7982,#7983,#7984,#7985),
(#7986,#7987,#7988,#7989,#7990),(#7991,#7992,#7993,#7994,#7995),(#7996,
#7997,#7998,#7999,#8000),(#8001,#8002,#8003,#8004,#8005)),.UNSPECIFIED.,
 .F.,.F.,.F.,(4,1,4),(4,1,4),(0.,0.5,1.),(4.24026886171644E-17,0.0592146815198754,
0.118429363039751),.UNSPECIFIED.);
#51=B_SPLINE_SURFACE_WITH_KNOTS('',3,3,((#8019,#8020,#8021,#8022),(#8023,
#8024,#8025,#8026),(#8027,#8028,#8029,#8030),(#8031,#8032,#8033,#8034),
(#8035,#8036,#8037,#8038)),.UNSPECIFIED.,.F.,.F.,.F.,(4,1,4),(4,4),(0.,
0.5,1.),(1.986222511255E-16,0.0821315155346538),.UNSPECIFIED.);
#52=B_SPLINE_SURFACE_WITH_KNOTS('',3,3,((#8050,#8051,#8052,#8053,#8054,
#8055,#8056,#8057,#8058,#8059,#8060,#8061,#8062,#8063,#8064,#8065),(#8066,
#8067,#8068,#8069,#8070,#8071,#8072,#8073,#8074,#8075,#8076,#8077,#8078,
#8079,#8080,#8081),(#8082,#8083,#8084,#8085,#8086,#8087,#8088,#8089,#8090,
#8091,#8092,#8093,#8094,#8095,#8096,#8097),(#8098,#8099,#8100,#8101,#8102,
#8103,#8104,#8105,#8106,#8107,#8108,#8109,#8110,#8111,#8112,#8113),(#8114,
#8115,#8116,#8117,#8118,#8119,#8120,#8121,#8122,#8123,#8124,#8125,#8126,
#8127,#8128,#8129)),.UNSPECIFIED.,.F.,.F.,.F.,(4,1,4),(4,1,1,1,1,1,1,1,
1,1,1,1,1,4),(0.,0.5,1.),(0.,0.0153942442449869,0.0230913663674804,0.0461827327349608,
0.0615769769799477,0.0769712212249347,0.0846683433474281,0.0923654654699216,
0.0962140265311683,0.100062587592415,0.103911148653662,0.105835429184285,
0.106797569449597,0.107759709714909),.UNSPECIFIED.);
#53=B_SPLINE_SURFACE_WITH_KNOTS('',3,3,((#8171,#8172,#8173,#8174),(#8175,
#8176,#8177,#8178),(#8179,#8180,#8181,#8182),(#8183,#8184,#8185,#8186),
(#8187,#8188,#8189,#8190)),.UNSPECIFIED.,.F.,.F.,.F.,(4,1,4),(4,4),(0.,
0.5,1.),(1.37584162564599E-14,0.0191470232742911),.UNSPECIFIED.);
#54=B_SPLINE_SURFACE_WITH_KNOTS('',3,3,((#8199,#8200,#8201,#8202),(#8203,
#8204,#8205,#8206),(#8207,#8208,#8209,#8210),(#8211,#8212,#8213,#8214),
(#8215,#8216,#8217,#8218),(#8219,#8220,#8221,#8222)),.UNSPECIFIED.,.F.,
 .F.,.F.,(4,1,1,4),(4,4),(0.,0.285714285714286,0.571428571428571,1.),(0.0621988062519331,
0.134984800815266),.UNSPECIFIED.);
#55=B_SPLINE_SURFACE_WITH_KNOTS('',3,3,((#8251,#8252,#8253,#8254),(#8255,
#8256,#8257,#8258),(#8259,#8260,#8261,#8262),(#8263,#8264,#8265,#8266),
(#8267,#8268,#8269,#8270)),.UNSPECIFIED.,.F.,.F.,.F.,(4,1,4),(4,4),(0.,
0.5,1.),(1.70897509566469E-16,0.0584114058939376),.UNSPECIFIED.);
#56=B_SPLINE_SURFACE_WITH_KNOTS('',3,3,((#8282,#8283,#8284,#8285,#8286,
#8287,#8288,#8289),(#8290,#8291,#8292,#8293,#8294,#8295,#8296,#8297),(#8298,
#8299,#8300,#8301,#8302,#8303,#8304,#8305),(#8306,#8307,#8308,#8309,#8310,
#8311,#8312,#8313)),.UNSPECIFIED.,.F.,.F.,.F.,(4,4),(4,2,1,1,4),(0.,1.),
(-0.000355333280676895,0.,0.0748172214000513,0.0997562952000684,0.124695369000086),
 .UNSPECIFIED.);
#57=B_SPLINE_SURFACE_WITH_KNOTS('',3,3,((#8334,#8335,#8336,#8337),(#8338,
#8339,#8340,#8341),(#8342,#8343,#8344,#8345),(#8346,#8347,#8348,#8349),
(#8350,#8351,#8352,#8353)),.UNSPECIFIED.,.F.,.F.,.F.,(4,1,4),(4,4),(0.,
0.571428571428571,1.),(0.,0.0328960119880048),.UNSPECIFIED.);
#58=B_SPLINE_SURFACE_WITH_KNOTS('',3,3,((#8365,#8366,#8367,#8368),(#8369,
#8370,#8371,#8372),(#8373,#8374,#8375,#8376),(#8377,#8378,#8379,#8380),
(#8381,#8382,#8383,#8384)),.UNSPECIFIED.,.F.,.F.,.F.,(4,1,4),(4,4),(0.,
0.571428571428571,1.),(0.,0.049127849586374),.UNSPECIFIED.);
#59=B_SPLINE_SURFACE_WITH_KNOTS('',3,3,((#8396,#8397,#8398,#8399,#8400),
(#8401,#8402,#8403,#8404,#8405),(#8406,#8407,#8408,#8409,#8410),(#8411,
#8412,#8413,#8414,#8415),(#8416,#8417,#8418,#8419,#8420)),.UNSPECIFIED.,
 .F.,.F.,.F.,(4,1,4),(4,1,4),(0.,0.571428571428571,1.),(2.95297738743282E-16,
0.0591014960400144,0.118202992080029),.UNSPECIFIED.);
#60=B_SPLINE_SURFACE_WITH_KNOTS('',3,3,((#8434,#8435,#8436,#8437,#8438),
(#8439,#8440,#8441,#8442,#8443),(#8444,#8445,#8446,#8447,#8448),(#8449,
#8450,#8451,#8452,#8453),(#8454,#8455,#8456,#8457,#8458)),.UNSPECIFIED.,
 .F.,.F.,.F.,(4,1,4),(4,1,4),(0.,0.5,1.),(0.,0.0592146815198276,0.118429363039655),
 .UNSPECIFIED.);
#61=B_SPLINE_SURFACE_WITH_KNOTS('',3,3,((#8472,#8473,#8474,#8475),(#8476,
#8477,#8478,#8479),(#8480,#8481,#8482,#8483),(#8484,#8485,#8486,#8487),
(#8488,#8489,#8490,#8491)),.UNSPECIFIED.,.F.,.F.,.F.,(4,1,4),(4,4),(0.,
0.5,1.),(5.67254576644392E-16,0.08213151553477),.UNSPECIFIED.);
#62=B_SPLINE_SURFACE_WITH_KNOTS('',3,3,((#8503,#8504,#8505,#8506,#8507,
#8508,#8509,#8510),(#8511,#8512,#8513,#8514,#8515,#8516,#8517,#8518),(#8519,
#8520,#8521,#8522,#8523,#8524,#8525,#8526),(#8527,#8528,#8529,#8530,#8531,
#8532,#8533,#8534)),.UNSPECIFIED.,.F.,.F.,.F.,(4,4),(4,2,1,1,4),(0.,1.),
(-0.108235256080947,-0.107897672046818,-0.0647386032280909,-0.0431590688187273,
0.),.UNSPECIFIED.);
#63=B_SPLINE_SURFACE_WITH_KNOTS('',3,3,((#8555,#8556,#8557,#8558),(#8559,
#8560,#8561,#8562),(#8563,#8564,#8565,#8566),(#8567,#8568,#8569,#8570),
(#8571,#8572,#8573,#8574)),.UNSPECIFIED.,.F.,.F.,.F.,(4,1,4),(4,4),(0.,
0.5,1.),(8.31200804006773E-16,0.0191345546392398),.UNSPECIFIED.);
#64=B_SPLINE_SURFACE_WITH_KNOTS('',3,3,((#8583,#8584,#8585,#8586),(#8587,
#8588,#8589,#8590),(#8591,#8592,#8593,#8594),(#8595,#8596,#8597,#8598),
(#8599,#8600,#8601,#8602),(#8603,#8604,#8605,#8606)),.UNSPECIFIED.,.F.,
 .F.,.F.,(4,1,1,4),(4,4),(0.,0.285714285714286,0.571428571428571,1.),(0.0622211279255712,
0.134984800815265),.UNSPECIFIED.);
#65=B_SPLINE_SURFACE_WITH_KNOTS('',3,3,((#8635,#8636,#8637,#8638),(#8639,
#8640,#8641,#8642),(#8643,#8644,#8645,#8646),(#8647,#8648,#8649,#8650),
(#8651,#8652,#8653,#8654)),.UNSPECIFIED.,.F.,.F.,.F.,(4,1,4),(4,4),(0.,
0.5,1.),(0.,0.0584543882113419),.UNSPECIFIED.);
#66=B_SPLINE_SURFACE_WITH_KNOTS('',3,3,((#8661,#8662,#8663,#8664,#8665,
#8666,#8667,#8668),(#8669,#8670,#8671,#8672,#8673,#8674,#8675,#8676),(#8677,
#8678,#8679,#8680,#8681,#8682,#8683,#8684),(#8685,#8686,#8687,#8688,#8689,
#8690,#8691,#8692)),.UNSPECIFIED.,.F.,.F.,.F.,(4,4),(4,2,1,1,4),(0.,1.),
(-0.10823561747254,-0.107898033438545,-0.0647388200631269,-0.0431592133754179,
0.),.UNSPECIFIED.);
#67=B_SPLINE_SURFACE_WITH_KNOTS('',3,3,((#8713,#8714,#8715,#8716),(#8717,
#8718,#8719,#8720),(#8721,#8722,#8723,#8724),(#8725,#8726,#8727,#8728),
(#8729,#8730,#8731,#8732)),.UNSPECIFIED.,.F.,.F.,.F.,(4,1,4),(4,4),(0.,
0.5,1.),(0.,0.0821315155347733),.UNSPECIFIED.);
#68=B_SPLINE_SURFACE_WITH_KNOTS('',3,3,((#8747,#8748,#8749,#8750,#8751),
(#8752,#8753,#8754,#8755,#8756),(#8757,#8758,#8759,#8760,#8761),(#8762,
#8763,#8764,#8765,#8766),(#8767,#8768,#8769,#8770,#8771)),.UNSPECIFIED.,
 .F.,.F.,.F.,(4,1,4),(4,1,4),(0.,0.5,1.),(1.14398506668196E-16,0.0592147071961177,
0.118429414392235),.UNSPECIFIED.);
#69=B_SPLINE_SURFACE_WITH_KNOTS('',3,3,((#8785,#8786,#8787,#8788,#8789),
(#8790,#8791,#8792,#8793,#8794),(#8795,#8796,#8797,#8798,#8799),(#8800,
#8801,#8802,#8803,#8804),(#8805,#8806,#8807,#8808,#8809)),.UNSPECIFIED.,
 .F.,.F.,.F.,(4,1,4),(4,1,4),(0.,0.571428571428571,1.),(0.,0.0591014684307455,
0.118202936861491),.UNSPECIFIED.);
#70=B_SPLINE_SURFACE_WITH_KNOTS('',3,3,((#8823,#8824,#8825,#8826),(#8827,
#8828,#8829,#8830),(#8831,#8832,#8833,#8834),(#8835,#8836,#8837,#8838),
(#8839,#8840,#8841,#8842)),.UNSPECIFIED.,.F.,.F.,.F.,(4,1,4),(4,4),(0.,
0.571428571428571,1.),(3.30036368997947E-16,0.049127849682611),
 .UNSPECIFIED.);
#71=B_SPLINE_SURFACE_WITH_KNOTS('',3,3,((#8854,#8855,#8856,#8857),(#8858,
#8859,#8860,#8861),(#8862,#8863,#8864,#8865),(#8866,#8867,#8868,#8869),
(#8870,#8871,#8872,#8873)),.UNSPECIFIED.,.F.,.F.,.F.,(4,1,4),(4,4),(0.,
0.571428571428571,1.),(0.,0.0328960118878442),.UNSPECIFIED.);
#72=B_SPLINE_SURFACE_WITH_KNOTS('',3,3,((#8885,#8886,#8887,#8888,#8889,
#8890,#8891,#8892,#8893,#8894),(#8895,#8896,#8897,#8898,#8899,#8900,#8901,
#8902,#8903,#8904),(#8905,#8906,#8907,#8908,#8909,#8910,#8911,#8912,#8913,
#8914),(#8915,#8916,#8917,#8918,#8919,#8920,#8921,#8922,#8923,#8924)),
 .UNSPECIFIED.,.F.,.F.,.F.,(4,4),(4,2,1,1,1,1,4),(0.,1.),(-0.000355333279259517,
0.,0.0249390738000834,0.0498781476001667,0.0748172214002501,0.0997562952003334,
0.124695369000417),.UNSPECIFIED.);
#73=B_SPLINE_SURFACE_WITH_KNOTS('',3,3,((#8946,#8947,#8948,#8949),(#8950,
#8951,#8952,#8953),(#8954,#8955,#8956,#8957),(#8958,#8959,#8960,#8961),
(#8962,#8963,#8964,#8965)),.UNSPECIFIED.,.F.,.F.,.F.,(4,1,4),(4,4),(0.,
0.5,1.),(7.32920668600226E-17,0.0191346896698526),.UNSPECIFIED.);
#74=B_SPLINE_SURFACE_WITH_KNOTS('',3,3,((#8996,#8997,#8998,#8999),(#9000,
#9001,#9002,#9003),(#9004,#9005,#9006,#9007),(#9008,#9009,#9010,#9011),
(#9012,#9013,#9014,#9015)),.UNSPECIFIED.,.F.,.F.,.F.,(4,1,4),(4,4),(0.,
0.5,1.),(3.94728164055929E-16,0.0584543882096776),.UNSPECIFIED.);
#75=B_SPLINE_SURFACE_WITH_KNOTS('',3,3,((#9022,#9023,#9024,#9025),(#9026,
#9027,#9028,#9029),(#9030,#9031,#9032,#9033),(#9034,#9035,#9036,#9037),
(#9038,#9039,#9040,#9041),(#9042,#9043,#9044,#9045),(#9046,#9047,#9048,
#9049)),.UNSPECIFIED.,.F.,.F.,.F.,(4,1,1,1,4),(4,4),(-3.14159265361235,
-2.76596898326249,-2.01472164256275,-1.26347430186302,-0.512226961163284),
(-0.0218651063245148,0.165040153898811),.UNSPECIFIED.);
#76=B_SPLINE_SURFACE_WITH_KNOTS('',3,3,((#9068,#9069,#9070,#9071),(#9072,
#9073,#9074,#9075),(#9076,#9077,#9078,#9079),(#9080,#9081,#9082,#9083)),
 .UNSPECIFIED.,.F.,.F.,.F.,(4,4),(4,4),(-4.27436423384284E-15,0.0820588899471065),
(-0.000441028243712022,0.136601135635943),.UNSPECIFIED.);
#77=B_SPLINE_SURFACE_WITH_KNOTS('',3,3,((#9088,#9089,#9090,#9091,#9092),
(#9093,#9094,#9095,#9096,#9097),(#9098,#9099,#9100,#9101,#9102),(#9103,
#9104,#9105,#9106,#9107),(#9108,#9109,#9110,#9111,#9112),(#9113,#9114,#9115,
#9116,#9117)),.UNSPECIFIED.,.F.,.F.,.F.,(4,1,1,4),(4,1,4),(0.,0.285714285714286,
0.571428571428571,1.),(0.,0.0555167248056856,0.1295390245466),
 .UNSPECIFIED.);
#78=B_SPLINE_SURFACE_WITH_KNOTS('',3,3,((#9125,#9126,#9127,#9128,#9129),
(#9130,#9131,#9132,#9133,#9134),(#9135,#9136,#9137,#9138,#9139),(#9140,
#9141,#9142,#9143,#9144),(#9145,#9146,#9147,#9148,#9149)),.UNSPECIFIED.,
 .F.,.F.,.F.,(4,1,4),(4,1,4),(0.,0.5,1.),(2.97760547919078E-16,0.0743066674403919,
0.130036668020686),.UNSPECIFIED.);
#79=B_SPLINE_SURFACE_WITH_KNOTS('',3,3,((#9155,#9156,#9157,#9158),(#9159,
#9160,#9161,#9162),(#9163,#9164,#9165,#9166),(#9167,#9168,#9169,#9170),
(#9171,#9172,#9173,#9174),(#9175,#9176,#9177,#9178)),.UNSPECIFIED.,.F.,
 .F.,.F.,(4,1,1,4),(4,4),(0.,0.285714285714286,0.571428571428571,1.),(0.0622211280160618,
0.134984800815264),.UNSPECIFIED.);
#80=B_SPLINE_SURFACE_WITH_KNOTS('',3,3,((#9185,#9186,#9187,#9188,#9189),
(#9190,#9191,#9192,#9193,#9194),(#9195,#9196,#9197,#9198,#9199),(#9200,
#9201,#9202,#9203,#9204),(#9205,#9206,#9207,#9208,#9209),(#9210,#9211,#9212,
#9213,#9214)),.UNSPECIFIED.,.F.,.F.,.F.,(4,1,1,4),(4,1,4),(0.,0.285714285714286,
0.571428571428571,1.),(3.70741392874985E-17,0.055516724802452,0.129539024539055),
 .UNSPECIFIED.);
#81=B_SPLINE_SURFACE_WITH_KNOTS('',3,3,((#9222,#9223,#9224,#9225,#9226),
(#9227,#9228,#9229,#9230,#9231),(#9232,#9233,#9234,#9235,#9236),(#9237,
#9238,#9239,#9240,#9241),(#9242,#9243,#9244,#9245,#9246)),.UNSPECIFIED.,
 .F.,.F.,.F.,(4,1,4),(4,1,4),(0.,0.5,1.),(0.,0.055729999882698,0.130036666392962),
 .UNSPECIFIED.);
#82=B_SPLINE_SURFACE_WITH_KNOTS('',3,3,((#9252,#9253,#9254,#9255,#9256,
#9257,#9258,#9259),(#9260,#9261,#9262,#9263,#9264,#9265,#9266,#9267),(#9268,
#9269,#9270,#9271,#9272,#9273,#9274,#9275),(#9276,#9277,#9278,#9279,#9280,
#9281,#9282,#9283),(#9284,#9285,#9286,#9287,#9288,#9289,#9290,#9291),(#9292,
#9293,#9294,#9295,#9296,#9297,#9298,#9299),(#9300,#9301,#9302,#9303,#9304,
#9305,#9306,#9307)),.UNSPECIFIED.,.F.,.F.,.F.,(4,1,1,1,4),(4,1,1,1,1,4),
(0.,0.285714285714286,0.571428571428571,0.785714285714286,1.),(0.,0.431797585693876,
0.719662642823127,0.863595171387752,0.935561435670065,1.00752769995238),
 .UNSPECIFIED.);
#83=B_SPLINE_SURFACE_WITH_KNOTS('',3,3,((#9330,#9331,#9332,#9333),(#9334,
#9335,#9336,#9337),(#9338,#9339,#9340,#9341),(#9342,#9343,#9344,#9345),
(#9346,#9347,#9348,#9349),(#9350,#9351,#9352,#9353),(#9354,#9355,#9356,
#9357)),.UNSPECIFIED.,.F.,.F.,.F.,(4,1,1,1,4),(4,4),(0.,0.285714285714286,
0.571428571428571,0.785714285714286,1.),(0.,0.20896265540071),
 .UNSPECIFIED.);
#84=B_SPLINE_SURFACE_WITH_KNOTS('',3,3,((#9369,#9370,#9371,#9372,#9373,
#9374,#9375,#9376),(#9377,#9378,#9379,#9380,#9381,#9382,#9383,#9384),(#9385,
#9386,#9387,#9388,#9389,#9390,#9391,#9392),(#9393,#9394,#9395,#9396,#9397,
#9398,#9399,#9400),(#9401,#9402,#9403,#9404,#9405,#9406,#9407,#9408),(#9409,
#9410,#9411,#9412,#9413,#9414,#9415,#9416),(#9417,#9418,#9419,#9420,#9421,
#9422,#9423,#9424)),.UNSPECIFIED.,.F.,.F.,.F.,(4,1,1,1,4),(4,1,1,1,1,4),
(0.,0.285714285714286,0.571428571428571,0.785714285714286,1.),(0.,0.0410712661979465,
0.082142532395893,0.164285064791786,0.246427597187679,0.574997726771251),
 .UNSPECIFIED.);
#85=B_SPLINE_SURFACE_WITH_KNOTS('',3,3,((#9443,#9444,#9445,#9446,#9447,
#9448,#9449),(#9450,#9451,#9452,#9453,#9454,#9455,#9456),(#9457,#9458,#9459,
#9460,#9461,#9462,#9463),(#9464,#9465,#9466,#9467,#9468,#9469,#9470),(#9471,
#9472,#9473,#9474,#9475,#9476,#9477)),.UNSPECIFIED.,.F.,.F.,.F.,(4,1,4),
(4,1,1,1,4),(0.,0.5,1.),(0.,0.246424402717626,0.410707337862711,0.492848805435253,
0.574990273007795),.UNSPECIFIED.);
#86=B_SPLINE_SURFACE_WITH_KNOTS('',3,3,((#9497,#9498,#9499,#9500),(#9501,
#9502,#9503,#9504),(#9505,#9506,#9507,#9508),(#9509,#9510,#9511,#9512)),
 .UNSPECIFIED.,.F.,.F.,.F.,(4,4),(4,4),(0.,1.),(0.,0.208962655378213),
 .UNSPECIFIED.);
#87=B_SPLINE_SURFACE_WITH_KNOTS('',3,3,((#9524,#9525,#9526,#9527,#9528,
#9529),(#9530,#9531,#9532,#9533,#9534,#9535),(#9536,#9537,#9538,#9539,#9540,
#9541),(#9542,#9543,#9544,#9545,#9546,#9547),(#9548,#9549,#9550,#9551,#9552,
#9553)),.UNSPECIFIED.,.F.,.F.,.F.,(4,1,4),(4,1,1,4),(0.,0.5,1.),(0.,0.114074240643153,
0.34222272192946,0.798519684502073),.UNSPECIFIED.);
#88=B_SPLINE_SURFACE_WITH_KNOTS('',3,3,((#9571,#9572,#9573,#9574,#9575,
#9576,#9577,#9578),(#9579,#9580,#9581,#9582,#9583,#9584,#9585,#9586),(#9587,
#9588,#9589,#9590,#9591,#9592,#9593,#9594),(#9595,#9596,#9597,#9598,#9599,
#9600,#9601,#9602),(#9603,#9604,#9605,#9606,#9607,#9608,#9609,#9610),(#9611,
#9612,#9613,#9614,#9615,#9616,#9617,#9618),(#9619,#9620,#9621,#9622,#9623,
#9624,#9625,#9626)),.UNSPECIFIED.,.F.,.F.,.F.,(4,1,1,1,4),(4,1,1,1,1,4),
(0.,0.285714285714286,0.571428571428571,0.785714285714286,1.),(0.,0.43179758359901,
0.719662639331683,0.86359516719802,0.935561431131188,1.00752769506436),
 .UNSPECIFIED.);
#89=B_SPLINE_SURFACE_WITH_KNOTS('',3,3,((#9649,#9650,#9651,#9652),(#9653,
#9654,#9655,#9656),(#9657,#9658,#9659,#9660),(#9661,#9662,#9663,#9664),
(#9665,#9666,#9667,#9668),(#9669,#9670,#9671,#9672),(#9673,#9674,#9675,
#9676)),.UNSPECIFIED.,.F.,.F.,.F.,(4,1,1,1,4),(4,4),(0.,0.285714285714286,
0.571428571428571,0.785714285714286,1.),(0.,0.208962655400713),
 .UNSPECIFIED.);
#90=B_SPLINE_SURFACE_WITH_KNOTS('',3,3,((#9688,#9689,#9690,#9691,#9692,
#9693,#9694,#9695),(#9696,#9697,#9698,#9699,#9700,#9701,#9702,#9703),(#9704,
#9705,#9706,#9707,#9708,#9709,#9710,#9711),(#9712,#9713,#9714,#9715,#9716,
#9717,#9718,#9719),(#9720,#9721,#9722,#9723,#9724,#9725,#9726,#9727),(#9728,
#9729,#9730,#9731,#9732,#9733,#9734,#9735),(#9736,#9737,#9738,#9739,#9740,
#9741,#9742,#9743)),.UNSPECIFIED.,.F.,.F.,.F.,(4,1,1,1,4),(4,1,1,1,1,4),
(0.,0.285714285714286,0.571428571428571,0.785714285714286,1.),(0.,0.0410712677277865,
0.0821425354555729,0.164285070911146,0.246427606366719,0.574997748189011),
 .UNSPECIFIED.);
#91=B_SPLINE_SURFACE_WITH_KNOTS('',3,3,((#9769,#9770,#9771,#9772,#9773,
#9774,#9775),(#9776,#9777,#9778,#9779,#9780,#9781,#9782),(#9783,#9784,#9785,
#9786,#9787,#9788,#9789),(#9790,#9791,#9792,#9793,#9794,#9795,#9796),(#9797,
#9798,#9799,#9800,#9801,#9802,#9803)),.UNSPECIFIED.,.F.,.F.,.F.,(4,1,4),
(4,1,1,1,4),(0.,0.5,1.),(0.,0.247094580550617,0.411824300917696,0.494189161101235,
0.576554021284774),.UNSPECIFIED.);
#92=B_SPLINE_SURFACE_WITH_KNOTS('',3,3,((#9821,#9822,#9823,#9824),(#9825,
#9826,#9827,#9828),(#9829,#9830,#9831,#9832),(#9833,#9834,#9835,#9836)),
 .UNSPECIFIED.,.F.,.F.,.F.,(4,4),(4,4),(0.,1.),(0.,0.208962655372229),
 .UNSPECIFIED.);
#93=B_SPLINE_SURFACE_WITH_KNOTS('',3,3,((#9848,#9849,#9850,#9851,#9852,
#9853),(#9854,#9855,#9856,#9857,#9858,#9859),(#9860,#9861,#9862,#9863,#9864,
#9865),(#9866,#9867,#9868,#9869,#9870,#9871),(#9872,#9873,#9874,#9875,#9876,
#9877)),.UNSPECIFIED.,.F.,.F.,.F.,(4,1,4),(4,1,1,4),(0.,0.5,1.),(0.,0.106617872945417,
0.319853618836252,0.746325110617922),.UNSPECIFIED.);
#94=B_SPLINE_SURFACE_WITH_KNOTS('',3,3,((#9893,#9894,#9895,#9896),(#9897,
#9898,#9899,#9900),(#9901,#9902,#9903,#9904),(#9905,#9906,#9907,#9908),
(#9909,#9910,#9911,#9912)),.UNSPECIFIED.,.F.,.F.,.F.,(4,1,4),(4,4),(0.,
0.5,1.),(3.8755450437177E-15,0.208983439386978),.UNSPECIFIED.);
#95=B_SPLINE_SURFACE_WITH_KNOTS('',3,3,((#9921,#9922,#9923,#9924),(#9925,
#9926,#9927,#9928),(#9929,#9930,#9931,#9932),(#9933,#9934,#9935,#9936),
(#9937,#9938,#9939,#9940)),.UNSPECIFIED.,.F.,.F.,.F.,(4,1,4),(4,4),(0.,
0.5,1.),(2.91348386035873E-15,0.26117460106983),.UNSPECIFIED.);
#96=B_SPLINE_SURFACE_WITH_KNOTS('',3,3,((#9955,#9956,#9957,#9958,#9959,
#9960,#9961,#9962,#9963,#9964),(#9965,#9966,#9967,#9968,#9969,#9970,#9971,
#9972,#9973,#9974),(#9975,#9976,#9977,#9978,#9979,#9980,#9981,#9982,#9983,
#9984),(#9985,#9986,#9987,#9988,#9989,#9990,#9991,#9992,#9993,#9994),(#9995,
#9996,#9997,#9998,#9999,#10000,#10001,#10002,#10003,#10004)),
 .UNSPECIFIED.,.F.,.F.,.F.,(4,1,4),(4,1,1,1,1,1,1,4),(-1.30899693899575,
-0.747998250854712,0.),(0.,0.315012537437732,0.945037612313197,1.26005014975093,
1.89007522462639,2.20508776206413,2.52010029950186,2.83511283693959),
 .UNSPECIFIED.);
#97=B_SPLINE_SURFACE_WITH_KNOTS('',3,3,((#10027,#10028,#10029,#10030),(#10031,
#10032,#10033,#10034),(#10035,#10036,#10037,#10038),(#10039,#10040,#10041,
#10042),(#10043,#10044,#10045,#10046)),.UNSPECIFIED.,.F.,.F.,.F.,(4,1,4),
(4,4),(0.252759633352835,0.78087828617429,1.30899693899575),(0.,0.365901786147395),
 .UNSPECIFIED.);
#98=B_SPLINE_SURFACE_WITH_KNOTS('',3,3,((#10051,#10052,#10053,#10054),(#10055,
#10056,#10057,#10058),(#10059,#10060,#10061,#10062),(#10063,#10064,#10065,
#10066)),.UNSPECIFIED.,.F.,.F.,.F.,(4,4),(4,4),(0.,0.135225641679657),(0.,
0.45428804949116),.UNSPECIFIED.);
#99=B_SPLINE_SURFACE_WITH_KNOTS('',3,3,((#10073,#10074,#10075,#10076,#10077),
(#10078,#10079,#10080,#10081,#10082),(#10083,#10084,#10085,#10086,#10087),
(#10088,#10089,#10090,#10091,#10092),(#10093,#10094,#10095,#10096,#10097)),
 .UNSPECIFIED.,.F.,.F.,.F.,(4,1,4),(4,1,4),(-3.14159265358979,-2.58059396544876,
-1.83259571459405),(0.,0.389632529384128,0.909142568562964),
 .UNSPECIFIED.);
#100=B_SPLINE_SURFACE_WITH_KNOTS('',3,3,((#10105,#10106,#10107,#10108,#10109,
#10110,#10111,#10112,#10113),(#10114,#10115,#10116,#10117,#10118,#10119,
#10120,#10121,#10122),(#10123,#10124,#10125,#10126,#10127,#10128,#10129,
#10130,#10131),(#10132,#10133,#10134,#10135,#10136,#10137,#10138,#10139,
#10140),(#10141,#10142,#10143,#10144,#10145,#10146,#10147,#10148,#10149)),
 .UNSPECIFIED.,.F.,.F.,.F.,(4,1,4),(4,1,1,1,1,1,4),(0.,0.560998688141035,
1.30899693899575),(0.4290340892533,0.730429485290688,1.33322027736546,1.63461567340285,
2.23740646547763,2.53880186151502,3.14159265358979),.UNSPECIFIED.);
#101=B_SPLINE_SURFACE_WITH_KNOTS('',3,3,((#10174,#10175,#10176,#10177,#10178,
#10179,#10180,#10181,#10182),(#10183,#10184,#10185,#10186,#10187,#10188,
#10189,#10190,#10191),(#10192,#10193,#10194,#10195,#10196,#10197,#10198,
#10199,#10200),(#10201,#10202,#10203,#10204,#10205,#10206,#10207,#10208,
#10209)),.UNSPECIFIED.,.F.,.F.,.F.,(4,4),(4,1,1,1,1,1,4),(0.,0.135225641679659),
(0.340647825909534,0.651863917874007,1.27429610180295,1.8967282857319,2.20794437769637,
2.51916046966085,3.14159265358979),.UNSPECIFIED.);
#102=B_SPLINE_SURFACE_WITH_KNOTS('',3,3,((#10252,#10253,#10254,#10255,#10256,
#10257,#10258,#10259,#10260,#10261),(#10262,#10263,#10264,#10265,#10266,
#10267,#10268,#10269,#10270,#10271),(#10272,#10273,#10274,#10275,#10276,
#10277,#10278,#10279,#10280,#10281),(#10282,#10283,#10284,#10285,#10286,
#10287,#10288,#10289,#10290,#10291),(#10292,#10293,#10294,#10295,#10296,
#10297,#10298,#10299,#10300,#10301)),.UNSPECIFIED.,.F.,.F.,.F.,(4,1,4),
(4,1,1,1,1,1,1,4),(-3.14159265358979,-2.58059396544876,-1.83259571459405),
(0.,0.625277526882066,0.937916290323098,1.25055505376413,1.8758325806462,
2.18847134408723,2.50111010752826,2.81374887096929),.UNSPECIFIED.);
#103=B_SPLINE_SURFACE_WITH_KNOTS('',3,3,((#10318,#10319,#10320,#10321),
(#10322,#10323,#10324,#10325),(#10326,#10327,#10328,#10329),(#10330,#10331,
#10332,#10333),(#10334,#10335,#10336,#10337),(#10338,#10339,#10340,#10341),
(#10342,#10343,#10344,#10345)),.UNSPECIFIED.,.F.,.F.,.F.,(4,1,1,1,4),(4,
4),(-3.14159265381052,-2.39034531304164,-2.01472164265721,-1.26347430188833,
-0.512226961119461),(-0.0330932624480572,0.153811997776401),
 .UNSPECIFIED.);
#104=B_SPLINE_SURFACE_WITH_KNOTS('',3,3,((#10364,#10365,#10366,#10367),
(#10368,#10369,#10370,#10371),(#10372,#10373,#10374,#10375),(#10376,#10377,
#10378,#10379)),.UNSPECIFIED.,.F.,.F.,.F.,(4,4),(4,4),(-3.52902382792181E-16,
0.0820588899471067),(-0.00465424418677036,0.132387919695074),
 .UNSPECIFIED.);
#105=B_SPLINE_SURFACE_WITH_KNOTS('',3,3,((#10384,#10385,#10386,#10387),
(#10388,#10389,#10390,#10391),(#10392,#10393,#10394,#10395),(#10396,#10397,
#10398,#10399),(#10400,#10401,#10402,#10403)),.UNSPECIFIED.,.F.,.F.,.F.,
(4,1,4),(4,4),(2.44481685502378E-29,0.660184376629914,1.32036875325983),
(0.,0.131946891450771),.UNSPECIFIED.);
#106=B_SPLINE_SURFACE_WITH_KNOTS('',3,3,((#10408,#10409,#10410,#10411),
(#10412,#10413,#10414,#10415),(#10416,#10417,#10418,#10419),(#10420,#10421,
#10422,#10423),(#10424,#10425,#10426,#10427)),.UNSPECIFIED.,.F.,.F.,.F.,
(4,1,4),(4,4),(1.36197297700662E-15,0.660184376629889,1.32036875325978),
(0.,0.131946891450771),.UNSPECIFIED.);
#107=B_SPLINE_SURFACE_WITH_KNOTS('',3,3,((#10428,#10429,#10430,#10431,#10432,
#10433,#10434,#10435,#10436,#10437,#10438),(#10439,#10440,#10441,#10442,
#10443,#10444,#10445,#10446,#10447,#10448,#10449),(#10450,#10451,#10452,
#10453,#10454,#10455,#10456,#10457,#10458,#10459,#10460),(#10461,#10462,
#10463,#10464,#10465,#10466,#10467,#10468,#10469,#10470,#10471)),
 .UNSPECIFIED.,.F.,.F.,.F.,(4,4),(4,1,1,1,1,1,1,1,4),(0.,0.135225641679657),
(0.,0.523598775598299,0.785398163397448,1.30899693899575,1.5707963267949,
2.0943951023932,2.35619449019234,2.87979326579064,3.14159265358979),
 .UNSPECIFIED.);
#108=B_SPLINE_SURFACE_WITH_KNOTS('',3,3,((#10487,#10488,#10489,#10490,#10491,
#10492,#10493,#10494,#10495,#10496),(#10497,#10498,#10499,#10500,#10501,
#10502,#10503,#10504,#10505,#10506),(#10507,#10508,#10509,#10510,#10511,
#10512,#10513,#10514,#10515,#10516),(#10517,#10518,#10519,#10520,#10521,
#10522,#10523,#10524,#10525,#10526),(#10527,#10528,#10529,#10530,#10531,
#10532,#10533,#10534,#10535,#10536)),.UNSPECIFIED.,.F.,.F.,.F.,(4,1,4),
(4,1,1,1,1,1,1,4),(-1.30899693899575,-0.747998250854712,-2.31296463463574E-16),
(0.,0.315012537437732,0.945037612313197,1.26005014975093,1.89007522462639,
2.20508776206413,2.52010029950186,2.83511283693959),.UNSPECIFIED.);
#109=B_SPLINE_SURFACE_WITH_KNOTS('',3,3,((#10546,#10547,#10548,#10549,#10550,
#10551,#10552,#10553,#10554),(#10555,#10556,#10557,#10558,#10559,#10560,
#10561,#10562,#10563),(#10564,#10565,#10566,#10567,#10568,#10569,#10570,
#10571,#10572),(#10573,#10574,#10575,#10576,#10577,#10578,#10579,#10580,
#10581)),.UNSPECIFIED.,.F.,.F.,.F.,(4,4),(4,1,1,1,1,1,4),(0.,0.135225641679657),
(0.365901786147394,0.674311882529883,1.29113207529486,1.90795226805984,
2.21636236444233,2.8331825572073,3.14159265358979),.UNSPECIFIED.);
#110=B_SPLINE_SURFACE_WITH_KNOTS('',3,3,((#10594,#10595,#10596,#10597,#10598,
#10599,#10600,#10601,#10602),(#10603,#10604,#10605,#10606,#10607,#10608,
#10609,#10610,#10611),(#10612,#10613,#10614,#10615,#10616,#10617,#10618,
#10619,#10620),(#10621,#10622,#10623,#10624,#10625,#10626,#10627,#10628,
#10629),(#10630,#10631,#10632,#10633,#10634,#10635,#10636,#10637,#10638)),
 .UNSPECIFIED.,.F.,.F.,.F.,(4,1,4),(4,1,1,1,1,1,4),(1.83259571459405,2.39359440273508,
3.14159265358979),(0.454288049491159,0.752877449946563,1.35005625085737,
1.94723505176818,2.24582445222358,2.54441385267899,3.14159265358979),
 .UNSPECIFIED.);
#111=B_SPLINE_SURFACE_WITH_KNOTS('',3,3,((#10639,#10640,#10641,#10642),
(#10643,#10644,#10645,#10646),(#10647,#10648,#10649,#10650),(#10651,#10652,
#10653,#10654),(#10655,#10656,#10657,#10658)),.UNSPECIFIED.,.F.,.F.,.F.,
(4,1,4),(4,4),(-1.30899693899575,-0.747998250854712,-2.31296463463574E-16),
(2.96705972839036,3.14159265358979),.UNSPECIFIED.);
#112=B_SPLINE_SURFACE_WITH_KNOTS('',3,3,((#10663,#10664,#10665,#10666),
(#10667,#10668,#10669,#10670),(#10671,#10672,#10673,#10674),(#10675,#10676,
#10677,#10678),(#10679,#10680,#10681,#10682)),.UNSPECIFIED.,.F.,.F.,.F.,
(4,1,4),(4,4),(-1.30899693899575,-0.747998250854712,0.),(2.96705972839036,
3.14159265358979),.UNSPECIFIED.);
#113=B_SPLINE_SURFACE_WITH_KNOTS('',3,3,((#10683,#10684,#10685,#10686,#10687,
#10688,#10689,#10690,#10691,#10692,#10693),(#10694,#10695,#10696,#10697,
#10698,#10699,#10700,#10701,#10702,#10703,#10704),(#10705,#10706,#10707,
#10708,#10709,#10710,#10711,#10712,#10713,#10714,#10715),(#10716,#10717,
#10718,#10719,#10720,#10721,#10722,#10723,#10724,#10725,#10726),(#10727,
#10728,#10729,#10730,#10731,#10732,#10733,#10734,#10735,#10736,#10737)),
 .UNSPECIFIED.,.F.,.F.,.F.,(4,1,4),(4,1,1,1,1,1,1,1,4),(1.83259571459405,
2.39359440273508,3.14159265358979),(0.,0.523598775598299,0.785398163397448,
1.30899693899575,1.5707963267949,2.0943951023932,2.35619449019234,2.87979326579064,
3.14159265358979),.UNSPECIFIED.);
#114=B_SPLINE_SURFACE_WITH_KNOTS('',3,3,((#10744,#10745,#10746,#10747),
(#10748,#10749,#10750,#10751),(#10752,#10753,#10754,#10755),(#10756,#10757,
#10758,#10759),(#10760,#10761,#10762,#10763)),.UNSPECIFIED.,.F.,.F.,.F.,
(4,1,4),(4,4),(0.,0.571428571428571,1.),(-0.00748392788665795,0.),
 .UNSPECIFIED.);
#115=B_SPLINE_SURFACE_WITH_KNOTS('',3,3,((#10778,#10779,#10780,#10781,#10782,
#10783),(#10784,#10785,#10786,#10787,#10788,#10789),(#10790,#10791,#10792,
#10793,#10794,#10795),(#10796,#10797,#10798,#10799,#10800,#10801)),
 .UNSPECIFIED.,.F.,.F.,.F.,(4,4),(4,1,1,4),(0.,1.),(0.,0.0120367655470142,
0.0200612759116903,0.0280857862763665),.UNSPECIFIED.);
#116=B_SPLINE_SURFACE_WITH_KNOTS('',3,3,((#10825,#10826,#10827,#10828,#10829,
#10830,#10831),(#10832,#10833,#10834,#10835,#10836,#10837,#10838),(#10839,
#10840,#10841,#10842,#10843,#10844,#10845),(#10846,#10847,#10848,#10849,
#10850,#10851,#10852)),.UNSPECIFIED.,.F.,.F.,.F.,(4,4),(4,1,1,1,4),(0.,
1.),(0.,0.00401230323217778,0.0120369096965333,0.0200615161608889,0.0280861226252445),
 .UNSPECIFIED.);
#117=B_SPLINE_SURFACE_WITH_KNOTS('',3,3,((#10870,#10871,#10872,#10873),
(#10874,#10875,#10876,#10877),(#10878,#10879,#10880,#10881),(#10882,#10883,
#10884,#10885),(#10886,#10887,#10888,#10889)),.UNSPECIFIED.,.F.,.F.,.F.,
(4,1,4),(4,4),(0.,0.571428571428571,1.),(-0.0352233826841244,-0.027735449056371),
 .UNSPECIFIED.);
#118=B_SPLINE_SURFACE_WITH_KNOTS('',3,3,((#10901,#10902,#10903,#10904,#10905,
#10906),(#10907,#10908,#10909,#10910,#10911,#10912),(#10913,#10914,#10915,
#10916,#10917,#10918),(#10919,#10920,#10921,#10922,#10923,#10924),(#10925,
#10926,#10927,#10928,#10929,#10930)),.UNSPECIFIED.,.F.,.F.,.F.,(4,1,4),
(4,1,1,4),(0.,0.571428571428571,1.),(0.00751912628603082,0.0213452172431348,
0.0272706847961794,0.0351713082002388),.UNSPECIFIED.);
#119=B_SPLINE_SURFACE_WITH_KNOTS('',3,3,((#10946,#10947,#10948,#10949,#10950,
#10951),(#10952,#10953,#10954,#10955,#10956,#10957),(#10958,#10959,#10960,
#10961,#10962,#10963),(#10964,#10965,#10966,#10967,#10968,#10969),(#10970,
#10971,#10972,#10973,#10974,#10975)),.UNSPECIFIED.,.F.,.F.,.F.,(4,1,4),
(4,1,1,4),(0.,0.571428571428571,1.),(-0.0276521785826758,-0.0138260892913378,
-0.00790062245219301,1.12731500435331E-16),.UNSPECIFIED.);
#120=B_SPLINE_SURFACE_WITH_KNOTS('',3,3,((#11001,#11002,#11003,#11004),
(#11005,#11006,#11007,#11008),(#11009,#11010,#11011,#11012),(#11013,#11014,
#11015,#11016)),.UNSPECIFIED.,.F.,.F.,.F.,(4,4),(4,4),(0.,1.),(5.96397640788985E-8,
0.0316284965111438),.UNSPECIFIED.);
#121=B_SPLINE_SURFACE_WITH_KNOTS('',3,3,((#11034,#11035,#11036,#11037),
(#11038,#11039,#11040,#11041),(#11042,#11043,#11044,#11045),(#11046,#11047,
#11048,#11049)),.UNSPECIFIED.,.F.,.F.,.F.,(4,4),(4,4),(0.,1.),(-0.0316284474033007,
1.19276503576082E-7),.UNSPECIFIED.);
#122=B_SPLINE_SURFACE_WITH_KNOTS('',3,3,((#11134,#11135,#11136,#11137,#11138,
#11139,#11140,#11141,#11142,#11143,#11144,#11145),(#11146,#11147,#11148,
#11149,#11150,#11151,#11152,#11153,#11154,#11155,#11156,#11157),(#11158,
#11159,#11160,#11161,#11162,#11163,#11164,#11165,#11166,#11167,#11168,#11169),
(#11170,#11171,#11172,#11173,#11174,#11175,#11176,#11177,#11178,#11179,
#11180,#11181),(#11182,#11183,#11184,#11185,#11186,#11187,#11188,#11189,
#11190,#11191,#11192,#11193)),.UNSPECIFIED.,.F.,.F.,.F.,(4,1,4),(4,2,1,
1,1,1,1,1,4),(0.,0.571428571428571,1.),(-0.000600607380950018,0.,0.057768064308187,
0.0866520964622805,0.115536128616374,0.144420160770468,0.173304192924561,
0.231072257232748,0.288840321540935),.UNSPECIFIED.);
#123=B_SPLINE_SURFACE_WITH_KNOTS('',3,3,((#11228,#11229,#11230,#11231,#11232,
#11233,#11234,#11235,#11236,#11237,#11238,#11239),(#11240,#11241,#11242,
#11243,#11244,#11245,#11246,#11247,#11248,#11249,#11250,#11251),(#11252,
#11253,#11254,#11255,#11256,#11257,#11258,#11259,#11260,#11261,#11262,#11263),
(#11264,#11265,#11266,#11267,#11268,#11269,#11270,#11271,#11272,#11273,
#11274,#11275),(#11276,#11277,#11278,#11279,#11280,#11281,#11282,#11283,
#11284,#11285,#11286,#11287)),.UNSPECIFIED.,.F.,.F.,.F.,(4,1,4),(4,1,1,
1,1,1,1,2,4),(0.,0.571428571428571,1.),(0.,0.0577680643081864,0.115536128616373,
0.173304192924559,0.202188225078652,0.231072257232745,0.259956289386839,
0.288840321540932,0.289440928921885),.UNSPECIFIED.);
#124=B_SPLINE_SURFACE_WITH_KNOTS('',3,3,((#11326,#11327,#11328,#11329,#11330,
#11331),(#11332,#11333,#11334,#11335,#11336,#11337),(#11338,#11339,#11340,
#11341,#11342,#11343),(#11344,#11345,#11346,#11347,#11348,#11349)),
 .UNSPECIFIED.,.F.,.F.,.F.,(4,4),(4,2,4),(0.,1.),(-0.000283533738622338,
0.,0.0208478785136882),.UNSPECIFIED.);
#125=B_SPLINE_SURFACE_WITH_KNOTS('',3,3,((#11365,#11366,#11367,#11368,#11369),
(#11370,#11371,#11372,#11373,#11374),(#11375,#11376,#11377,#11378,#11379),
(#11380,#11381,#11382,#11383,#11384),(#11385,#11386,#11387,#11388,#11389),
(#11390,#11391,#11392,#11393,#11394)),.UNSPECIFIED.,.F.,.F.,.F.,(4,1,1,
4),(4,1,4),(0.,0.285714285714286,0.571428571428571,1.),(0.,0.0140783810410638,
0.0281567620821276),.UNSPECIFIED.);
#126=B_SPLINE_SURFACE_WITH_KNOTS('',3,3,((#11408,#11409,#11410,#11411),
(#11412,#11413,#11414,#11415),(#11416,#11417,#11418,#11419),(#11420,#11421,
#11422,#11423),(#11424,#11425,#11426,#11427),(#11428,#11429,#11430,#11431)),
 .UNSPECIFIED.,.F.,.F.,.F.,(4,1,1,4),(4,4),(0.,0.285714285714286,0.571428571428571,
1.),(0.,1.23309134186381),.UNSPECIFIED.);
#127=B_SPLINE_SURFACE_WITH_KNOTS('',3,3,((#11442,#11443,#11444,#11445),
(#11446,#11447,#11448,#11449),(#11450,#11451,#11452,#11453),(#11454,#11455,
#11456,#11457)),.UNSPECIFIED.,.F.,.F.,.F.,(4,4),(4,4),(0.62754184833065,
1.),(1.04737221099405,1.17551413512861),.UNSPECIFIED.);
#128=B_SPLINE_SURFACE_WITH_KNOTS('',3,3,((#11513,#11514,#11515,#11516,#11517,
#11518),(#11519,#11520,#11521,#11522,#11523,#11524),(#11525,#11526,#11527,
#11528,#11529,#11530),(#11531,#11532,#11533,#11534,#11535,#11536)),
 .UNSPECIFIED.,.F.,.F.,.F.,(4,4),(4,2,4),(0.,1.),(-0.0211314122523132,-0.0208478785136396,
0.),.UNSPECIFIED.);
#129=B_SPLINE_SURFACE_WITH_KNOTS('',3,3,((#11545,#11546,#11547,#11548,#11549),
(#11550,#11551,#11552,#11553,#11554),(#11555,#11556,#11557,#11558,#11559),
(#11560,#11561,#11562,#11563,#11564),(#11565,#11566,#11567,#11568,#11569),
(#11570,#11571,#11572,#11573,#11574)),.UNSPECIFIED.,.F.,.F.,.F.,(4,1,1,
4),(4,1,4),(0.,0.285714285714286,0.571428571428571,1.),(8.334647299591E-17,
0.0140783810409922,0.0281567620819843),.UNSPECIFIED.);
#130=B_SPLINE_SURFACE_WITH_KNOTS('',3,3,((#11588,#11589,#11590,#11591),
(#11592,#11593,#11594,#11595),(#11596,#11597,#11598,#11599),(#11600,#11601,
#11602,#11603),(#11604,#11605,#11606,#11607),(#11608,#11609,#11610,#11611)),
 .UNSPECIFIED.,.F.,.F.,.F.,(4,1,1,4),(4,4),(0.,0.285714285714286,0.571428571428571,
1.),(0.,1.23308062338789),.UNSPECIFIED.);
#131=B_SPLINE_SURFACE_WITH_KNOTS('',3,3,((#11622,#11623,#11624,#11625),
(#11626,#11627,#11628,#11629),(#11630,#11631,#11632,#11633),(#11634,#11635,
#11636,#11637)),.UNSPECIFIED.,.F.,.F.,.F.,(4,4),(4,4),(0.627541848333541,
1.),(0.150515004004789,0.278656928138502),.UNSPECIFIED.);
#132=B_SPLINE_SURFACE_WITH_KNOTS('',3,3,((#11658,#11659,#11660,#11661,#11662,
#11663,#11664),(#11665,#11666,#11667,#11668,#11669,#11670,#11671),(#11672,
#11673,#11674,#11675,#11676,#11677,#11678),(#11679,#11680,#11681,#11682,
#11683,#11684,#11685),(#11686,#11687,#11688,#11689,#11690,#11691,#11692)),
 .UNSPECIFIED.,.F.,.F.,.F.,(4,1,4),(4,1,1,1,4),(0.,0.220759521158688,0.515105549370272),
(0.0947161317936937,0.129642224402758,0.164568317011822,0.211136440490574,
0.257704563969327),.UNSPECIFIED.);
#133=B_SPLINE_SURFACE_WITH_KNOTS('',3,3,((#11700,#11701,#11702,#11703,#11704,
#11705,#11706,#11707),(#11708,#11709,#11710,#11711,#11712,#11713,#11714,
#11715),(#11716,#11717,#11718,#11719,#11720,#11721,#11722,#11723),(#11724,
#11725,#11726,#11727,#11728,#11729,#11730,#11731),(#11732,#11733,#11734,
#11735,#11736,#11737,#11738,#11739)),.UNSPECIFIED.,.F.,.F.,.F.,(4,1,4),
(4,1,1,1,1,4),(0.484894450629736,0.70565397178842,1.),(0.0947758737666646,
0.118014436238212,0.141252998709759,0.187730123652854,0.210968686124401,
0.257445811067496),.UNSPECIFIED.);
#134=B_SPLINE_SURFACE_WITH_KNOTS('',3,3,((#12382,#12383,#12384,#12385),
(#12386,#12387,#12388,#12389),(#12390,#12391,#12392,#12393),(#12394,#12395,
#12396,#12397),(#12398,#12399,#12400,#12401)),.UNSPECIFIED.,.F.,.F.,.F.,
(4,1,4),(4,4),(2.03399374132809,2.58779319745894,3.14159265358979),(0.,
0.391155746385255),.UNSPECIFIED.);
#135=B_SPLINE_SURFACE_WITH_KNOTS('',3,3,((#12408,#12409,#12410,#12411,#12412),
(#12413,#12414,#12415,#12416,#12417),(#12418,#12419,#12420,#12421,#12422),
(#12423,#12424,#12425,#12426,#12427),(#12428,#12429,#12430,#12431,#12432)),
 .UNSPECIFIED.,.F.,.F.,.F.,(4,1,4),(4,1,4),(-1.30899693899575,-0.747998250854713,
4.98920982567309E-17),(0.,0.533940873600471,0.934396528800824),
 .UNSPECIFIED.);
#136=B_SPLINE_SURFACE_WITH_KNOTS('',3,3,((#12439,#12440,#12441,#12442),
(#12443,#12444,#12445,#12446),(#12447,#12448,#12449,#12450),(#12451,#12452,
#12453,#12454)),.UNSPECIFIED.,.F.,.F.,.F.,(4,4),(4,4),(0.,0.135225641679659),
(0.,0.479542009729021),.UNSPECIFIED.);
#137=B_SPLINE_SURFACE_WITH_KNOTS('',3,3,((#12456,#12457,#12458,#12459),
(#12460,#12461,#12462,#12463),(#12464,#12465,#12466,#12467),(#12468,#12469,
#12470,#12471),(#12472,#12473,#12474,#12475),(#12476,#12477,#12478,#12479)),
 .UNSPECIFIED.,.F.,.F.,.F.,(4,1,1,4),(4,4),(0.,0.285714285714286,0.571428571428571,
1.),(0.0622434496812136,0.134984800815266),.UNSPECIFIED.);
#138=B_SPLINE_SURFACE_WITH_KNOTS('',3,3,((#12481,#12482,#12483,#12484,#12485),
(#12486,#12487,#12488,#12489,#12490),(#12491,#12492,#12493,#12494,#12495),
(#12496,#12497,#12498,#12499,#12500),(#12501,#12502,#12503,#12504,#12505),
(#12506,#12507,#12508,#12509,#12510)),.UNSPECIFIED.,.F.,.F.,.F.,(4,1,1,
4),(4,1,4),(0.,0.285714285714286,0.571428571428571,1.),(1.66607592175777E-16,
0.0555167254682144,0.1295390260925),.UNSPECIFIED.);
#139=B_SPLINE_SURFACE_WITH_KNOTS('',3,3,((#12518,#12519,#12520,#12521,#12522),
(#12523,#12524,#12525,#12526,#12527),(#12528,#12529,#12530,#12531,#12532),
(#12533,#12534,#12535,#12536,#12537),(#12538,#12539,#12540,#12541,#12542)),
 .UNSPECIFIED.,.F.,.F.,.F.,(4,1,4),(4,1,4),(0.,0.5,1.),(2.11179309915303E-15,
0.0557299998826988,0.130036666392961),.UNSPECIFIED.);
#140=B_SPLINE_SURFACE_WITH_KNOTS('',3,3,((#12548,#12549,#12550,#12551,#12552),
(#12553,#12554,#12555,#12556,#12557),(#12558,#12559,#12560,#12561,#12562),
(#12563,#12564,#12565,#12566,#12567),(#12568,#12569,#12570,#12571,#12572),
(#12573,#12574,#12575,#12576,#12577)),.UNSPECIFIED.,.F.,.F.,.F.,(4,1,1,
4),(4,1,4),(0.,0.285714285714286,0.571428571428571,1.),(8.58443405116536E-16,
0.0555167247634113,0.129539024447959),.UNSPECIFIED.);
#141=B_SPLINE_SURFACE_WITH_KNOTS('',3,3,((#12584,#12585,#12586,#12587,#12588),
(#12589,#12590,#12591,#12592,#12593),(#12594,#12595,#12596,#12597,#12598),
(#12599,#12600,#12601,#12602,#12603),(#12604,#12605,#12606,#12607,#12608)),
 .UNSPECIFIED.,.F.,.F.,.F.,(4,1,4),(4,1,4),(0.,0.5,1.),(0.,0.0557300005802939,
0.130036668020686),.UNSPECIFIED.);
#142=B_SPLINE_SURFACE_WITH_KNOTS('',3,3,((#12609,#12610,#12611,#12612,#12613),
(#12614,#12615,#12616,#12617,#12618),(#12619,#12620,#12621,#12622,#12623),
(#12624,#12625,#12626,#12627,#12628),(#12629,#12630,#12631,#12632,#12633)),
 .UNSPECIFIED.,.F.,.F.,.F.,(4,1,4),(4,1,4),(0.,0.5,1.),(-2.77555756156289E-17,
0.160625262119122,0.281094208708463),.UNSPECIFIED.);
#143=B_SPLINE_SURFACE_WITH_KNOTS('',3,3,((#12690,#12691,#12692,#12693),
(#12694,#12695,#12696,#12697),(#12698,#12699,#12700,#12701),(#12702,#12703,
#12704,#12705),(#12706,#12707,#12708,#12709)),.UNSPECIFIED.,.F.,.F.,.F.,
(4,1,4),(4,4),(0.,0.5,1.),(3.30069459330862E-18,0.135080370532403),
 .UNSPECIFIED.);
#144=B_SPLINE_SURFACE_WITH_KNOTS('',3,3,((#12721,#12722,#12723,#12724,#12725),
(#12726,#12727,#12728,#12729,#12730),(#12731,#12732,#12733,#12734,#12735),
(#12736,#12737,#12738,#12739,#12740),(#12741,#12742,#12743,#12744,#12745)),
 .UNSPECIFIED.,.F.,.F.,.F.,(4,1,4),(4,1,4),(0.,0.5,1.),(8.63432353650863E-17,
0.0681042553876724,0.158909929237902),.UNSPECIFIED.);
#145=B_SPLINE_SURFACE_WITH_KNOTS('',3,3,((#12759,#12760,#12761,#12762,#12763),
(#12764,#12765,#12766,#12767,#12768),(#12769,#12770,#12771,#12772,#12773),
(#12774,#12775,#12776,#12777,#12778),(#12779,#12780,#12781,#12782,#12783)),
 .UNSPECIFIED.,.F.,.F.,.F.,(4,1,4),(4,1,4),(0.,0.5,1.),(5.87664884606704E-16,
0.0682482360848504,0.159245884197983),.UNSPECIFIED.);
#146=B_SPLINE_SURFACE_WITH_KNOTS('',3,3,((#12796,#12797,#12798,#12799),
(#12800,#12801,#12802,#12803),(#12804,#12805,#12806,#12807),(#12808,#12809,
#12810,#12811),(#12812,#12813,#12814,#12815)),.UNSPECIFIED.,.F.,.F.,.F.,
(4,1,4),(4,4),(0.,0.571428571428571,1.),(0.,0.135307282283899),
 .UNSPECIFIED.);
#147=B_SPLINE_SURFACE_WITH_KNOTS('',3,3,((#12822,#12823,#12824,#12825,#12826),
(#12827,#12828,#12829,#12830,#12831),(#12832,#12833,#12834,#12835,#12836),
(#12837,#12838,#12839,#12840,#12841),(#12842,#12843,#12844,#12845,#12846)),
 .UNSPECIFIED.,.F.,.F.,.F.,(4,1,4),(4,1,4),(0.,0.5,1.),(0.,0.120817078094024,
0.281906515552723),.UNSPECIFIED.);
#148=B_SPLINE_SURFACE_WITH_KNOTS('',3,3,((#12863,#12864,#12865,#12866),
(#12867,#12868,#12869,#12870),(#12871,#12872,#12873,#12874),(#12875,#12876,
#12877,#12878),(#12879,#12880,#12881,#12882)),.UNSPECIFIED.,.F.,.F.,.F.,
(4,1,4),(4,4),(5.37620911976282E-16,0.660184376630435,1.32036875326087),
(0.,0.131946891450771),.UNSPECIFIED.);
#149=B_SPLINE_SURFACE_WITH_KNOTS('',3,3,((#12887,#12888,#12889,#12890),
(#12891,#12892,#12893,#12894),(#12895,#12896,#12897,#12898),(#12899,#12900,
#12901,#12902),(#12903,#12904,#12905,#12906),(#12907,#12908,#12909,#12910),
(#12911,#12912,#12913,#12914)),.UNSPECIFIED.,.F.,.F.,.F.,(4,1,1,1,4),(4,
4),(-3.14159265359333,-2.76596898327044,-2.01472164262465,-1.26347430197887,
-0.51222696133308),(-0.0325433701965619,0.153263021380493),
 .UNSPECIFIED.);
#150=B_SPLINE_SURFACE_WITH_KNOTS('',3,3,((#12919,#12920,#12921,#12922),
(#12923,#12924,#12925,#12926),(#12927,#12928,#12929,#12930),(#12931,#12932,
#12933,#12934)),.UNSPECIFIED.,.F.,.F.,.F.,(4,4),(4,4),(-6.02576118086057E-16,
0.082058889946991),(-0.0046507833182406,0.132386813618068),
 .UNSPECIFIED.);
#151=B_SPLINE_SURFACE_WITH_KNOTS('',3,3,((#12939,#12940,#12941,#12942),
(#12943,#12944,#12945,#12946),(#12947,#12948,#12949,#12950),(#12951,#12952,
#12953,#12954),(#12955,#12956,#12957,#12958)),.UNSPECIFIED.,.F.,.F.,.F.,
(4,1,4),(4,4),(7.13071582715272E-30,0.660184376630442,1.32036875326088),
(0.,0.131946891450771),.UNSPECIFIED.);
#152=B_SPLINE_SURFACE_WITH_KNOTS('',3,3,((#12959,#12960,#12961,#12962,#12963,
#12964,#12965,#12966,#12967,#12968,#12969),(#12970,#12971,#12972,#12973,
#12974,#12975,#12976,#12977,#12978,#12979,#12980),(#12981,#12982,#12983,
#12984,#12985,#12986,#12987,#12988,#12989,#12990,#12991),(#12992,#12993,
#12994,#12995,#12996,#12997,#12998,#12999,#13000,#13001,#13002)),
 .UNSPECIFIED.,.F.,.F.,.F.,(4,4),(4,1,1,1,1,1,1,1,4),(0.,0.135225641679659),
(0.,0.260313244184682,0.780939732554045,1.04125297673873,1.56187946510809,
1.82219270929277,2.34281919766213,2.8634456860315,3.12375893021618),
 .UNSPECIFIED.);
#153=B_SPLINE_SURFACE_WITH_KNOTS('',3,3,((#13028,#13029,#13030,#13031,#13032,
#13033,#13034,#13035,#13036),(#13037,#13038,#13039,#13040,#13041,#13042,
#13043,#13044,#13045),(#13046,#13047,#13048,#13049,#13050,#13051,#13052,
#13053,#13054),(#13055,#13056,#13057,#13058,#13059,#13060,#13061,#13062,
#13063),(#13064,#13065,#13066,#13067,#13068,#13069,#13070,#13071,#13072)),
 .UNSPECIFIED.,.F.,.F.,.F.,(4,1,4),(4,1,1,1,1,1,4),(-3.14159265358979,-2.58059396544876,
-1.83259571459404),(0.,0.312163222311052,0.936489666933157,1.24865288924421,
1.87297933386631,2.49730577848842,2.80946900079947),.UNSPECIFIED.);
#154=B_SPLINE_SURFACE_WITH_KNOTS('',3,3,((#13078,#13079,#13080,#13081),
(#13082,#13083,#13084,#13085),(#13086,#13087,#13088,#13089),(#13090,#13091,
#13092,#13093),(#13094,#13095,#13096,#13097)),.UNSPECIFIED.,.F.,.F.,.F.,
(4,1,4),(4,4),(-3.14159265358979,-2.58059396544876,-1.83259571459405),(2.96705972839036,
3.14159265358979),.UNSPECIFIED.);
#155=B_SPLINE_SURFACE_WITH_KNOTS('',3,3,((#13102,#13103,#13104,#13105),
(#13106,#13107,#13108,#13109),(#13110,#13111,#13112,#13113),(#13114,#13115,
#13116,#13117),(#13118,#13119,#13120,#13121)),.UNSPECIFIED.,.F.,.F.,.F.,
(4,1,4),(4,4),(-3.14159265358979,-2.58059396544876,-1.83259571459404),(2.96705972839036,
3.14159265358979),.UNSPECIFIED.);
#156=B_SPLINE_SURFACE_WITH_KNOTS('',3,3,((#13122,#13123,#13124,#13125,#13126,
#13127,#13128,#13129,#13130,#13131,#13132),(#13133,#13134,#13135,#13136,
#13137,#13138,#13139,#13140,#13141,#13142,#13143),(#13144,#13145,#13146,
#13147,#13148,#13149,#13150,#13151,#13152,#13153,#13154),(#13155,#13156,
#13157,#13158,#13159,#13160,#13161,#13162,#13163,#13164,#13165),(#13166,
#13167,#13168,#13169,#13170,#13171,#13172,#13173,#13174,#13175,#13176)),
 .UNSPECIFIED.,.F.,.F.,.F.,(4,1,4),(4,1,1,1,1,1,1,1,4),(-4.98920982567309E-17,
0.560998688141035,1.30899693899575),(0.,0.260333650583528,0.781000951750585,
1.04133460233411,1.56200190350117,1.8223355540847,2.34300285525176,2.86367015641881,
3.12400380700234),.UNSPECIFIED.);
#157=FACE_BOUND('',#605,.T.);
#158=FACE_BOUND('',#724,.T.);
#159=FACE_BOUND('',#725,.T.);
#160=FACE_BOUND('',#726,.T.);
#161=FACE_BOUND('',#727,.T.);
#162=FACE_BOUND('',#728,.T.);
#163=FACE_BOUND('',#751,.T.);
#164=FACE_BOUND('',#752,.T.);
#165=FACE_BOUND('',#753,.T.);
#166=FACE_BOUND('',#754,.T.);
#167=FACE_BOUND('',#755,.T.);
#168=FACE_BOUND('',#873,.T.);
#169=FACE_BOUND('',#874,.T.);
#170=FACE_BOUND('',#875,.T.);
#171=FACE_BOUND('',#876,.T.);
#172=FACE_BOUND('',#877,.T.);
#173=PLANE('',#5030);
#174=PLANE('',#5037);
#175=PLANE('',#5045);
#176=PLANE('',#5055);
#177=PLANE('',#5065);
#178=PLANE('',#5074);
#179=PLANE('',#5100);
#180=PLANE('',#5103);
#181=PLANE('',#5122);
#182=PLANE('',#5155);
#183=PLANE('',#5183);
#184=PLANE('',#5200);
#185=PLANE('',#5234);
#186=PLANE('',#5258);
#187=PLANE('',#5269);
#188=PLANE('',#5287);
#189=PLANE('',#5317);
#190=PLANE('',#5335);
#191=PLANE('',#5339);
#192=PLANE('',#5342);
#193=PLANE('',#5352);
#194=PLANE('',#5377);
#195=PLANE('',#5407);
#196=PLANE('',#5414);
#197=PLANE('',#5425);
#198=PLANE('',#5478);
#199=PLANE('',#5489);
#200=PLANE('',#5500);
#201=PLANE('',#5511);
#202=PLANE('',#5555);
#203=PLANE('',#5556);
#204=PLANE('',#5557);
#205=PLANE('',#5559);
#206=CONICAL_SURFACE('',#5020,11.55,0.463647609000806);
#207=CONICAL_SURFACE('',#5138,15.6,0.540419500270585);
#208=CONICAL_SURFACE('',#5194,16.4,0.785398163397448);
#209=CONICAL_SURFACE('',#5459,3.8,0.785398163397448);
#210=TOROIDAL_SURFACE('',#5014,11.6,0.2);
#211=TOROIDAL_SURFACE('',#5027,11.17639320225,0.2);
#212=TOROIDAL_SURFACE('',#5087,16.7,0.5);
#213=TOROIDAL_SURFACE('',#5093,16.7,0.5);
#214=TOROIDAL_SURFACE('',#5110,14.8867619242062,0.2);
#215=TOROIDAL_SURFACE('',#5119,0.4,0.2);
#216=TOROIDAL_SURFACE('',#5125,0.4,0.2);
#217=TOROIDAL_SURFACE('',#5128,15.2,0.2);
#218=TOROIDAL_SURFACE('',#5132,2.8,0.2);
#219=TOROIDAL_SURFACE('',#5148,14.8,0.2);
#220=TOROIDAL_SURFACE('',#5151,3.2,0.2);
#221=TOROIDAL_SURFACE('',#5171,20.2,0.8);
#222=TOROIDAL_SURFACE('',#5187,20.,1.);
#223=TOROIDAL_SURFACE('',#5192,12.6,0.8);
#224=TOROIDAL_SURFACE('',#5195,11.,0.8);
#225=TOROIDAL_SURFACE('',#5217,3.,0.2);
#226=TOROIDAL_SURFACE('',#5237,20.5,0.5);
#227=TOROIDAL_SURFACE('',#5249,1.,0.5);
#228=TOROIDAL_SURFACE('',#5251,1.,0.5);
#229=TOROIDAL_SURFACE('',#5253,1.,0.5);
#230=TOROIDAL_SURFACE('',#5262,0.3,0.2);
#231=TOROIDAL_SURFACE('',#5280,1.,0.5);
#232=TOROIDAL_SURFACE('',#5283,1.,0.5);
#233=TOROIDAL_SURFACE('',#5285,1.,0.5);
#234=TOROIDAL_SURFACE('',#5293,2.7,0.3);
#235=TOROIDAL_SURFACE('',#5304,1.,0.5);
#236=TOROIDAL_SURFACE('',#5306,1.,0.5);
#237=TOROIDAL_SURFACE('',#5308,1.,0.5);
#238=TOROIDAL_SURFACE('',#5311,2.7,0.3);
#239=TOROIDAL_SURFACE('',#5328,1.,0.5);
#240=TOROIDAL_SURFACE('',#5330,1.,0.5);
#241=TOROIDAL_SURFACE('',#5332,1.,0.5);
#242=TOROIDAL_SURFACE('',#5343,1.5,0.5);
#243=TOROIDAL_SURFACE('',#5349,1.5,0.5);
#244=TOROIDAL_SURFACE('',#5355,0.7,0.5);
#245=TOROIDAL_SURFACE('',#5359,0.3,0.2);
#246=TOROIDAL_SURFACE('',#5362,3.2,0.2);
#247=TOROIDAL_SURFACE('',#5372,3.5,0.5);
#248=TOROIDAL_SURFACE('',#5378,0.3,0.2);
#249=TOROIDAL_SURFACE('',#5383,0.3,0.2);
#250=TOROIDAL_SURFACE('',#5388,3.2,0.2);
#251=TOROIDAL_SURFACE('',#5391,0.7,0.5);
#252=TOROIDAL_SURFACE('',#5411,2.,1.);
#253=TOROIDAL_SURFACE('',#5416,2.,1.);
#254=TOROIDAL_SURFACE('',#5420,1.7,0.3);
#255=TOROIDAL_SURFACE('',#5434,1.7,0.3);
#256=TOROIDAL_SURFACE('',#5441,1.7,0.3);
#257=TOROIDAL_SURFACE('',#5448,1.7,0.3);
#258=TOROIDAL_SURFACE('',#5455,3.1,0.3);
#259=TOROIDAL_SURFACE('',#5460,2.7,0.3);
#260=TOROIDAL_SURFACE('',#5462,1.7,0.3);
#261=TOROIDAL_SURFACE('',#5464,1.7,0.3);
#262=TOROIDAL_SURFACE('',#5466,1.7,0.3);
#263=TOROIDAL_SURFACE('',#5468,1.7,0.3);
#264=TOROIDAL_SURFACE('',#5470,1.36,0.3);
#265=TOROIDAL_SURFACE('',#5479,1.96,0.3);
#266=TOROIDAL_SURFACE('',#5481,1.36,0.3);
#267=TOROIDAL_SURFACE('',#5490,1.96,0.3);
#268=TOROIDAL_SURFACE('',#5492,1.36,0.3);
#269=TOROIDAL_SURFACE('',#5501,1.96,0.3);
#270=TOROIDAL_SURFACE('',#5503,1.36,0.3);
#271=TOROIDAL_SURFACE('',#5512,1.96,0.3);
#272=TOROIDAL_SURFACE('',#5514,10.7,0.2);
#273=TOROIDAL_SURFACE('',#5521,10.3,0.2);
#274=TOROIDAL_SURFACE('',#5530,0.400000000000001,0.200000000000001);
#275=TOROIDAL_SURFACE('',#5534,0.4,0.2);
#276=TOROIDAL_SURFACE('',#5539,0.399999999999998,0.2);
#277=TOROIDAL_SURFACE('',#5545,0.4,0.2);
#278=FACE_OUTER_BOUND('',#598,.T.);
#279=FACE_OUTER_BOUND('',#599,.T.);
#280=FACE_OUTER_BOUND('',#600,.T.);
#281=FACE_OUTER_BOUND('',#601,.T.);
#282=FACE_OUTER_BOUND('',#602,.T.);
#283=FACE_OUTER_BOUND('',#603,.T.);
#284=FACE_OUTER_BOUND('',#604,.T.);
#285=FACE_OUTER_BOUND('',#606,.T.);
#286=FACE_OUTER_BOUND('',#607,.T.);
#287=FACE_OUTER_BOUND('',#608,.T.);
#288=FACE_OUTER_BOUND('',#609,.T.);
#289=FACE_OUTER_BOUND('',#610,.T.);
#290=FACE_OUTER_BOUND('',#611,.T.);
#291=FACE_OUTER_BOUND('',#612,.T.);
#292=FACE_OUTER_BOUND('',#613,.T.);
#293=FACE_OUTER_BOUND('',#614,.T.);
#294=FACE_OUTER_BOUND('',#615,.T.);
#295=FACE_OUTER_BOUND('',#616,.T.);
#296=FACE_OUTER_BOUND('',#617,.T.);
#297=FACE_OUTER_BOUND('',#618,.T.);
#298=FACE_OUTER_BOUND('',#619,.T.);
#299=FACE_OUTER_BOUND('',#620,.T.);
#300=FACE_OUTER_BOUND('',#621,.T.);
#301=FACE_OUTER_BOUND('',#622,.T.);
#302=FACE_OUTER_BOUND('',#623,.T.);
#303=FACE_OUTER_BOUND('',#624,.T.);
#304=FACE_OUTER_BOUND('',#625,.T.);
#305=FACE_OUTER_BOUND('',#626,.T.);
#306=FACE_OUTER_BOUND('',#627,.T.);
#307=FACE_OUTER_BOUND('',#628,.T.);
#308=FACE_OUTER_BOUND('',#629,.T.);
#309=FACE_OUTER_BOUND('',#630,.T.);
#310=FACE_OUTER_BOUND('',#631,.T.);
#311=FACE_OUTER_BOUND('',#632,.T.);
#312=FACE_OUTER_BOUND('',#633,.T.);
#313=FACE_OUTER_BOUND('',#634,.T.);
#314=FACE_OUTER_BOUND('',#635,.T.);
#315=FACE_OUTER_BOUND('',#636,.T.);
#316=FACE_OUTER_BOUND('',#637,.T.);
#317=FACE_OUTER_BOUND('',#638,.T.);
#318=FACE_OUTER_BOUND('',#639,.T.);
#319=FACE_OUTER_BOUND('',#640,.T.);
#320=FACE_OUTER_BOUND('',#641,.T.);
#321=FACE_OUTER_BOUND('',#642,.T.);
#322=FACE_OUTER_BOUND('',#643,.T.);
#323=FACE_OUTER_BOUND('',#644,.T.);
#324=FACE_OUTER_BOUND('',#645,.T.);
#325=FACE_OUTER_BOUND('',#646,.T.);
#326=FACE_OUTER_BOUND('',#647,.T.);
#327=FACE_OUTER_BOUND('',#648,.T.);
#328=FACE_OUTER_BOUND('',#649,.T.);
#329=FACE_OUTER_BOUND('',#650,.T.);
#330=FACE_OUTER_BOUND('',#651,.T.);
#331=FACE_OUTER_BOUND('',#652,.T.);
#332=FACE_OUTER_BOUND('',#653,.T.);
#333=FACE_OUTER_BOUND('',#654,.T.);
#334=FACE_OUTER_BOUND('',#655,.T.);
#335=FACE_OUTER_BOUND('',#656,.T.);
#336=FACE_OUTER_BOUND('',#657,.T.);
#337=FACE_OUTER_BOUND('',#658,.T.);
#338=FACE_OUTER_BOUND('',#659,.T.);
#339=FACE_OUTER_BOUND('',#660,.T.);
#340=FACE_OUTER_BOUND('',#661,.T.);
#341=FACE_OUTER_BOUND('',#662,.T.);
#342=FACE_OUTER_BOUND('',#663,.T.);
#343=FACE_OUTER_BOUND('',#664,.T.);
#344=FACE_OUTER_BOUND('',#665,.T.);
#345=FACE_OUTER_BOUND('',#666,.T.);
#346=FACE_OUTER_BOUND('',#667,.T.);
#347=FACE_OUTER_BOUND('',#668,.T.);
#348=FACE_OUTER_BOUND('',#669,.T.);
#349=FACE_OUTER_BOUND('',#670,.T.);
#350=FACE_OUTER_BOUND('',#671,.T.);
#351=FACE_OUTER_BOUND('',#672,.T.);
#352=FACE_OUTER_BOUND('',#673,.T.);
#353=FACE_OUTER_BOUND('',#674,.T.);
#354=FACE_OUTER_BOUND('',#675,.T.);
#355=FACE_OUTER_BOUND('',#676,.T.);
#356=FACE_OUTER_BOUND('',#677,.T.);
#357=FACE_OUTER_BOUND('',#678,.T.);
#358=FACE_OUTER_BOUND('',#679,.T.);
#359=FACE_OUTER_BOUND('',#680,.T.);
#360=FACE_OUTER_BOUND('',#681,.T.);
#361=FACE_OUTER_BOUND('',#682,.T.);
#362=FACE_OUTER_BOUND('',#683,.T.);
#363=FACE_OUTER_BOUND('',#684,.T.);
#364=FACE_OUTER_BOUND('',#685,.T.);
#365=FACE_OUTER_BOUND('',#686,.T.);
#366=FACE_OUTER_BOUND('',#687,.T.);
#367=FACE_OUTER_BOUND('',#688,.T.);
#368=FACE_OUTER_BOUND('',#689,.T.);
#369=FACE_OUTER_BOUND('',#690,.T.);
#370=FACE_OUTER_BOUND('',#691,.T.);
#371=FACE_OUTER_BOUND('',#692,.T.);
#372=FACE_OUTER_BOUND('',#693,.T.);
#373=FACE_OUTER_BOUND('',#694,.T.);
#374=FACE_OUTER_BOUND('',#695,.T.);
#375=FACE_OUTER_BOUND('',#696,.T.);
#376=FACE_OUTER_BOUND('',#697,.T.);
#377=FACE_OUTER_BOUND('',#698,.T.);
#378=FACE_OUTER_BOUND('',#699,.T.);
#379=FACE_OUTER_BOUND('',#700,.T.);
#380=FACE_OUTER_BOUND('',#701,.T.);
#381=FACE_OUTER_BOUND('',#702,.T.);
#382=FACE_OUTER_BOUND('',#703,.T.);
#383=FACE_OUTER_BOUND('',#704,.T.);
#384=FACE_OUTER_BOUND('',#705,.T.);
#385=FACE_OUTER_BOUND('',#706,.T.);
#386=FACE_OUTER_BOUND('',#707,.T.);
#387=FACE_OUTER_BOUND('',#708,.T.);
#388=FACE_OUTER_BOUND('',#709,.T.);
#389=FACE_OUTER_BOUND('',#710,.T.);
#390=FACE_OUTER_BOUND('',#711,.T.);
#391=FACE_OUTER_BOUND('',#712,.T.);
#392=FACE_OUTER_BOUND('',#713,.T.);
#393=FACE_OUTER_BOUND('',#714,.T.);
#394=FACE_OUTER_BOUND('',#715,.T.);
#395=FACE_OUTER_BOUND('',#716,.T.);
#396=FACE_OUTER_BOUND('',#717,.T.);
#397=FACE_OUTER_BOUND('',#718,.T.);
#398=FACE_OUTER_BOUND('',#719,.T.);
#399=FACE_OUTER_BOUND('',#720,.T.);
#400=FACE_OUTER_BOUND('',#721,.T.);
#401=FACE_OUTER_BOUND('',#722,.T.);
#402=FACE_OUTER_BOUND('',#723,.T.);
#403=FACE_OUTER_BOUND('',#729,.T.);
#404=FACE_OUTER_BOUND('',#730,.T.);
#405=FACE_OUTER_BOUND('',#731,.T.);
#406=FACE_OUTER_BOUND('',#732,.T.);
#407=FACE_OUTER_BOUND('',#733,.T.);
#408=FACE_OUTER_BOUND('',#734,.T.);
#409=FACE_OUTER_BOUND('',#735,.T.);
#410=FACE_OUTER_BOUND('',#736,.T.);
#411=FACE_OUTER_BOUND('',#737,.T.);
#412=FACE_OUTER_BOUND('',#738,.T.);
#413=FACE_OUTER_BOUND('',#739,.T.);
#414=FACE_OUTER_BOUND('',#740,.T.);
#415=FACE_OUTER_BOUND('',#741,.T.);
#416=FACE_OUTER_BOUND('',#742,.T.);
#417=FACE_OUTER_BOUND('',#743,.T.);
#418=FACE_OUTER_BOUND('',#744,.T.);
#419=FACE_OUTER_BOUND('',#745,.T.);
#420=FACE_OUTER_BOUND('',#746,.T.);
#421=FACE_OUTER_BOUND('',#747,.T.);
#422=FACE_OUTER_BOUND('',#748,.T.);
#423=FACE_OUTER_BOUND('',#749,.T.);
#424=FACE_OUTER_BOUND('',#750,.T.);
#425=FACE_OUTER_BOUND('',#756,.T.);
#426=FACE_OUTER_BOUND('',#757,.T.);
#427=FACE_OUTER_BOUND('',#758,.T.);
#428=FACE_OUTER_BOUND('',#759,.T.);
#429=FACE_OUTER_BOUND('',#760,.T.);
#430=FACE_OUTER_BOUND('',#761,.T.);
#431=FACE_OUTER_BOUND('',#762,.T.);
#432=FACE_OUTER_BOUND('',#763,.T.);
#433=FACE_OUTER_BOUND('',#764,.T.);
#434=FACE_OUTER_BOUND('',#765,.T.);
#435=FACE_OUTER_BOUND('',#766,.T.);
#436=FACE_OUTER_BOUND('',#767,.T.);
#437=FACE_OUTER_BOUND('',#768,.T.);
#438=FACE_OUTER_BOUND('',#769,.T.);
#439=FACE_OUTER_BOUND('',#770,.T.);
#440=FACE_OUTER_BOUND('',#771,.T.);
#441=FACE_OUTER_BOUND('',#772,.T.);
#442=FACE_OUTER_BOUND('',#773,.T.);
#443=FACE_OUTER_BOUND('',#774,.T.);
#444=FACE_OUTER_BOUND('',#775,.T.);
#445=FACE_OUTER_BOUND('',#776,.T.);
#446=FACE_OUTER_BOUND('',#777,.T.);
#447=FACE_OUTER_BOUND('',#778,.T.);
#448=FACE_OUTER_BOUND('',#779,.T.);
#449=FACE_OUTER_BOUND('',#780,.T.);
#450=FACE_OUTER_BOUND('',#781,.T.);
#451=FACE_OUTER_BOUND('',#782,.T.);
#452=FACE_OUTER_BOUND('',#783,.T.);
#453=FACE_OUTER_BOUND('',#784,.T.);
#454=FACE_OUTER_BOUND('',#785,.T.);
#455=FACE_OUTER_BOUND('',#786,.T.);
#456=FACE_OUTER_BOUND('',#787,.T.);
#457=FACE_OUTER_BOUND('',#788,.T.);
#458=FACE_OUTER_BOUND('',#789,.T.);
#459=FACE_OUTER_BOUND('',#790,.T.);
#460=FACE_OUTER_BOUND('',#791,.T.);
#461=FACE_OUTER_BOUND('',#792,.T.);
#462=FACE_OUTER_BOUND('',#793,.T.);
#463=FACE_OUTER_BOUND('',#794,.T.);
#464=FACE_OUTER_BOUND('',#795,.T.);
#465=FACE_OUTER_BOUND('',#796,.T.);
#466=FACE_OUTER_BOUND('',#797,.T.);
#467=FACE_OUTER_BOUND('',#798,.T.);
#468=FACE_OUTER_BOUND('',#799,.T.);
#469=FACE_OUTER_BOUND('',#800,.T.);
#470=FACE_OUTER_BOUND('',#801,.T.);
#471=FACE_OUTER_BOUND('',#802,.T.);
#472=FACE_OUTER_BOUND('',#803,.T.);
#473=FACE_OUTER_BOUND('',#804,.T.);
#474=FACE_OUTER_BOUND('',#805,.T.);
#475=FACE_OUTER_BOUND('',#806,.T.);
#476=FACE_OUTER_BOUND('',#807,.T.);
#477=FACE_OUTER_BOUND('',#808,.T.);
#478=FACE_OUTER_BOUND('',#809,.T.);
#479=FACE_OUTER_BOUND('',#810,.T.);
#480=FACE_OUTER_BOUND('',#811,.T.);
#481=FACE_OUTER_BOUND('',#812,.T.);
#482=FACE_OUTER_BOUND('',#813,.T.);
#483=FACE_OUTER_BOUND('',#814,.T.);
#484=FACE_OUTER_BOUND('',#815,.T.);
#485=FACE_OUTER_BOUND('',#816,.T.);
#486=FACE_OUTER_BOUND('',#817,.T.);
#487=FACE_OUTER_BOUND('',#818,.T.);
#488=FACE_OUTER_BOUND('',#819,.T.);
#489=FACE_OUTER_BOUND('',#820,.T.);
#490=FACE_OUTER_BOUND('',#821,.T.);
#491=FACE_OUTER_BOUND('',#822,.T.);
#492=FACE_OUTER_BOUND('',#823,.T.);
#493=FACE_OUTER_BOUND('',#824,.T.);
#494=FACE_OUTER_BOUND('',#825,.T.);
#495=FACE_OUTER_BOUND('',#826,.T.);
#496=FACE_OUTER_BOUND('',#827,.T.);
#497=FACE_OUTER_BOUND('',#828,.T.);
#498=FACE_OUTER_BOUND('',#829,.T.);
#499=FACE_OUTER_BOUND('',#830,.T.);
#500=FACE_OUTER_BOUND('',#831,.T.);
#501=FACE_OUTER_BOUND('',#832,.T.);
#502=FACE_OUTER_BOUND('',#833,.T.);
#503=FACE_OUTER_BOUND('',#834,.T.);
#504=FACE_OUTER_BOUND('',#835,.T.);
#505=FACE_OUTER_BOUND('',#836,.T.);
#506=FACE_OUTER_BOUND('',#837,.T.);
#507=FACE_OUTER_BOUND('',#838,.T.);
#508=FACE_OUTER_BOUND('',#839,.T.);
#509=FACE_OUTER_BOUND('',#840,.T.);
#510=FACE_OUTER_BOUND('',#841,.T.);
#511=FACE_OUTER_BOUND('',#842,.T.);
#512=FACE_OUTER_BOUND('',#843,.T.);
#513=FACE_OUTER_BOUND('',#844,.T.);
#514=FACE_OUTER_BOUND('',#845,.T.);
#515=FACE_OUTER_BOUND('',#846,.T.);
#516=FACE_OUTER_BOUND('',#847,.T.);
#517=FACE_OUTER_BOUND('',#848,.T.);
#518=FACE_OUTER_BOUND('',#849,.T.);
#519=FACE_OUTER_BOUND('',#850,.T.);
#520=FACE_OUTER_BOUND('',#851,.T.);
#521=FACE_OUTER_BOUND('',#852,.T.);
#522=FACE_OUTER_BOUND('',#853,.T.);
#523=FACE_OUTER_BOUND('',#854,.T.);
#524=FACE_OUTER_BOUND('',#855,.T.);
#525=FACE_OUTER_BOUND('',#856,.T.);
#526=FACE_OUTER_BOUND('',#857,.T.);
#527=FACE_OUTER_BOUND('',#858,.T.);
#528=FACE_OUTER_BOUND('',#859,.T.);
#529=FACE_OUTER_BOUND('',#860,.T.);
#530=FACE_OUTER_BOUND('',#861,.T.);
#531=FACE_OUTER_BOUND('',#862,.T.);
#532=FACE_OUTER_BOUND('',#863,.T.);
#533=FACE_OUTER_BOUND('',#864,.T.);
#534=FACE_OUTER_BOUND('',#865,.T.);
#535=FACE_OUTER_BOUND('',#866,.T.);
#536=FACE_OUTER_BOUND('',#867,.T.);
#537=FACE_OUTER_BOUND('',#868,.T.);
#538=FACE_OUTER_BOUND('',#869,.T.);
#539=FACE_OUTER_BOUND('',#870,.T.);
#540=FACE_OUTER_BOUND('',#871,.T.);
#541=FACE_OUTER_BOUND('',#872,.T.);
#542=FACE_OUTER_BOUND('',#878,.T.);
#543=FACE_OUTER_BOUND('',#879,.T.);
#544=FACE_OUTER_BOUND('',#880,.T.);
#545=FACE_OUTER_BOUND('',#881,.T.);
#546=FACE_OUTER_BOUND('',#882,.T.);
#547=FACE_OUTER_BOUND('',#883,.T.);
#548=FACE_OUTER_BOUND('',#884,.T.);
#549=FACE_OUTER_BOUND('',#885,.T.);
#550=FACE_OUTER_BOUND('',#886,.T.);
#551=FACE_OUTER_BOUND('',#887,.T.);
#552=FACE_OUTER_BOUND('',#888,.T.);
#553=FACE_OUTER_BOUND('',#889,.T.);
#554=FACE_OUTER_BOUND('',#890,.T.);
#555=FACE_OUTER_BOUND('',#891,.T.);
#556=FACE_OUTER_BOUND('',#892,.T.);
#557=FACE_OUTER_BOUND('',#893,.T.);
#558=FACE_OUTER_BOUND('',#894,.T.);
#559=FACE_OUTER_BOUND('',#895,.T.);
#560=FACE_OUTER_BOUND('',#896,.T.);
#561=FACE_OUTER_BOUND('',#897,.T.);
#562=FACE_OUTER_BOUND('',#898,.T.);
#563=FACE_OUTER_BOUND('',#899,.T.);
#564=FACE_OUTER_BOUND('',#900,.T.);
#565=FACE_OUTER_BOUND('',#901,.T.);
#566=FACE_OUTER_BOUND('',#902,.T.);
#567=FACE_OUTER_BOUND('',#903,.T.);
#568=FACE_OUTER_BOUND('',#904,.T.);
#569=FACE_OUTER_BOUND('',#905,.T.);
#570=FACE_OUTER_BOUND('',#906,.T.);
#571=FACE_OUTER_BOUND('',#907,.T.);
#572=FACE_OUTER_BOUND('',#908,.T.);
#573=FACE_OUTER_BOUND('',#909,.T.);
#574=FACE_OUTER_BOUND('',#910,.T.);
#575=FACE_OUTER_BOUND('',#911,.T.);
#576=FACE_OUTER_BOUND('',#912,.T.);
#577=FACE_OUTER_BOUND('',#913,.T.);
#578=FACE_OUTER_BOUND('',#914,.T.);
#579=FACE_OUTER_BOUND('',#915,.T.);
#580=FACE_OUTER_BOUND('',#916,.T.);
#581=FACE_OUTER_BOUND('',#917,.T.);
#582=FACE_OUTER_BOUND('',#918,.T.);
#583=FACE_OUTER_BOUND('',#919,.T.);
#584=FACE_OUTER_BOUND('',#920,.T.);
#585=FACE_OUTER_BOUND('',#921,.T.);
#586=FACE_OUTER_BOUND('',#922,.T.);
#587=FACE_OUTER_BOUND('',#923,.T.);
#588=FACE_OUTER_BOUND('',#924,.T.);
#589=FACE_OUTER_BOUND('',#925,.T.);
#590=FACE_OUTER_BOUND('',#926,.T.);
#591=FACE_OUTER_BOUND('',#927,.T.);
#592=FACE_OUTER_BOUND('',#928,.T.);
#593=FACE_OUTER_BOUND('',#929,.T.);
#594=FACE_OUTER_BOUND('',#930,.T.);
#595=FACE_OUTER_BOUND('',#931,.T.);
#596=FACE_OUTER_BOUND('',#932,.T.);
#597=FACE_OUTER_BOUND('',#933,.T.);
#598=EDGE_LOOP('',(#3060,#3061,#3062));
#599=EDGE_LOOP('',(#3063,#3064,#3065,#3066,#3067,#3068,#3069,#3070,#3071,
#3072,#3073));
#600=EDGE_LOOP('',(#3074,#3075,#3076,#3077,#3078,#3079));
#601=EDGE_LOOP('',(#3080,#3081,#3082,#3083,#3084,#3085));
#602=EDGE_LOOP('',(#3086,#3087,#3088,#3089,#3090,#3091,#3092,#3093,#3094,
#3095,#3096,#3097,#3098));
#603=EDGE_LOOP('',(#3099,#3100,#3101,#3102,#3103));
#604=EDGE_LOOP('',(#3104));
#605=EDGE_LOOP('',(#3105));
#606=EDGE_LOOP('',(#3106,#3107,#3108,#3109));
#607=EDGE_LOOP('',(#3110,#3111,#3112,#3113));
#608=EDGE_LOOP('',(#3114,#3115,#3116,#3117));
#609=EDGE_LOOP('',(#3118,#3119,#3120,#3121));
#610=EDGE_LOOP('',(#3122,#3123,#3124,#3125));
#611=EDGE_LOOP('',(#3126,#3127,#3128,#3129));
#612=EDGE_LOOP('',(#3130,#3131,#3132,#3133,#3134,#3135,#3136));
#613=EDGE_LOOP('',(#3137,#3138,#3139,#3140));
#614=EDGE_LOOP('',(#3141,#3142,#3143,#3144));
#615=EDGE_LOOP('',(#3145,#3146,#3147,#3148));
#616=EDGE_LOOP('',(#3149,#3150,#3151,#3152));
#617=EDGE_LOOP('',(#3153,#3154,#3155,#3156));
#618=EDGE_LOOP('',(#3157,#3158,#3159,#3160));
#619=EDGE_LOOP('',(#3161,#3162,#3163,#3164));
#620=EDGE_LOOP('',(#3165,#3166,#3167,#3168));
#621=EDGE_LOOP('',(#3169,#3170,#3171,#3172,#3173,#3174,#3175,#3176,#3177));
#622=EDGE_LOOP('',(#3178,#3179,#3180,#3181));
#623=EDGE_LOOP('',(#3182,#3183,#3184,#3185,#3186,#3187,#3188));
#624=EDGE_LOOP('',(#3189,#3190,#3191,#3192,#3193));
#625=EDGE_LOOP('',(#3194,#3195,#3196,#3197));
#626=EDGE_LOOP('',(#3198,#3199,#3200,#3201));
#627=EDGE_LOOP('',(#3202,#3203,#3204,#3205));
#628=EDGE_LOOP('',(#3206,#3207,#3208,#3209));
#629=EDGE_LOOP('',(#3210,#3211,#3212,#3213));
#630=EDGE_LOOP('',(#3214,#3215,#3216,#3217));
#631=EDGE_LOOP('',(#3218,#3219,#3220,#3221));
#632=EDGE_LOOP('',(#3222,#3223,#3224,#3225));
#633=EDGE_LOOP('',(#3226,#3227,#3228,#3229,#3230));
#634=EDGE_LOOP('',(#3231,#3232,#3233,#3234,#3235,#3236,#3237,#3238,#3239));
#635=EDGE_LOOP('',(#3240,#3241,#3242,#3243,#3244));
#636=EDGE_LOOP('',(#3245,#3246,#3247));
#637=EDGE_LOOP('',(#3248,#3249,#3250,#3251));
#638=EDGE_LOOP('',(#3252,#3253,#3254,#3255));
#639=EDGE_LOOP('',(#3256,#3257,#3258,#3259));
#640=EDGE_LOOP('',(#3260,#3261,#3262,#3263));
#641=EDGE_LOOP('',(#3264,#3265,#3266,#3267));
#642=EDGE_LOOP('',(#3268,#3269,#3270));
#643=EDGE_LOOP('',(#3271,#3272,#3273,#3274));
#644=EDGE_LOOP('',(#3275,#3276,#3277,#3278,#3279));
#645=EDGE_LOOP('',(#3280,#3281,#3282,#3283,#3284,#3285,#3286,#3287,#3288));
#646=EDGE_LOOP('',(#3289,#3290,#3291,#3292));
#647=EDGE_LOOP('',(#3293,#3294,#3295));
#648=EDGE_LOOP('',(#3296,#3297,#3298,#3299));
#649=EDGE_LOOP('',(#3300,#3301,#3302,#3303));
#650=EDGE_LOOP('',(#3304,#3305,#3306,#3307));
#651=EDGE_LOOP('',(#3308,#3309,#3310,#3311));
#652=EDGE_LOOP('',(#3312,#3313,#3314,#3315));
#653=EDGE_LOOP('',(#3316,#3317,#3318));
#654=EDGE_LOOP('',(#3319,#3320,#3321,#3322));
#655=EDGE_LOOP('',(#3323,#3324,#3325,#3326,#3327,#3328,#3329,#3330,#3331));
#656=EDGE_LOOP('',(#3332,#3333,#3334,#3335));
#657=EDGE_LOOP('',(#3336,#3337,#3338,#3339,#3340,#3341,#3342));
#658=EDGE_LOOP('',(#3343,#3344,#3345,#3346,#3347));
#659=EDGE_LOOP('',(#3348,#3349,#3350,#3351));
#660=EDGE_LOOP('',(#3352,#3353,#3354,#3355));
#661=EDGE_LOOP('',(#3356,#3357,#3358,#3359,#3360));
#662=EDGE_LOOP('',(#3361,#3362,#3363,#3364));
#663=EDGE_LOOP('',(#3365,#3366,#3367,#3368));
#664=EDGE_LOOP('',(#3369,#3370,#3371,#3372));
#665=EDGE_LOOP('',(#3373,#3374,#3375,#3376));
#666=EDGE_LOOP('',(#3377,#3378,#3379,#3380));
#667=EDGE_LOOP('',(#3381,#3382,#3383,#3384));
#668=EDGE_LOOP('',(#3385,#3386,#3387,#3388));
#669=EDGE_LOOP('',(#3389,#3390,#3391,#3392));
#670=EDGE_LOOP('',(#3393,#3394,#3395,#3396,#3397));
#671=EDGE_LOOP('',(#3398,#3399,#3400,#3401));
#672=EDGE_LOOP('',(#3402,#3403,#3404,#3405));
#673=EDGE_LOOP('',(#3406,#3407,#3408,#3409));
#674=EDGE_LOOP('',(#3410,#3411,#3412,#3413));
#675=EDGE_LOOP('',(#3414,#3415,#3416,#3417));
#676=EDGE_LOOP('',(#3418,#3419,#3420,#3421));
#677=EDGE_LOOP('',(#3422,#3423,#3424,#3425));
#678=EDGE_LOOP('',(#3426,#3427,#3428,#3429));
#679=EDGE_LOOP('',(#3430,#3431,#3432,#3433));
#680=EDGE_LOOP('',(#3434,#3435,#3436,#3437,#3438,#3439,#3440,#3441,#3442,
#3443));
#681=EDGE_LOOP('',(#3444,#3445,#3446,#3447,#3448,#3449,#3450,#3451,#3452));
#682=EDGE_LOOP('',(#3453,#3454,#3455,#3456,#3457));
#683=EDGE_LOOP('',(#3458,#3459,#3460));
#684=EDGE_LOOP('',(#3461,#3462,#3463,#3464));
#685=EDGE_LOOP('',(#3465,#3466,#3467,#3468));
#686=EDGE_LOOP('',(#3469,#3470,#3471,#3472));
#687=EDGE_LOOP('',(#3473,#3474,#3475,#3476,#3477,#3478,#3479,#3480,#3481,
#3482,#3483,#3484,#3485,#3486));
#688=EDGE_LOOP('',(#3487,#3488,#3489,#3490));
#689=EDGE_LOOP('',(#3491,#3492,#3493,#3494,#3495,#3496,#3497));
#690=EDGE_LOOP('',(#3498,#3499,#3500,#3501,#3502));
#691=EDGE_LOOP('',(#3503,#3504,#3505,#3506));
#692=EDGE_LOOP('',(#3507,#3508,#3509,#3510));
#693=EDGE_LOOP('',(#3511,#3512,#3513,#3514,#3515,#3516,#3517,#3518,#3519,
#3520));
#694=EDGE_LOOP('',(#3521,#3522,#3523,#3524));
#695=EDGE_LOOP('',(#3525,#3526,#3527,#3528,#3529,#3530,#3531,#3532,#3533,
#3534));
#696=EDGE_LOOP('',(#3535,#3536,#3537,#3538,#3539));
#697=EDGE_LOOP('',(#3540,#3541,#3542,#3543));
#698=EDGE_LOOP('',(#3544,#3545,#3546,#3547));
#699=EDGE_LOOP('',(#3548,#3549,#3550,#3551,#3552));
#700=EDGE_LOOP('',(#3553,#3554,#3555,#3556));
#701=EDGE_LOOP('',(#3557,#3558,#3559,#3560));
#702=EDGE_LOOP('',(#3561,#3562,#3563,#3564,#3565));
#703=EDGE_LOOP('',(#3566,#3567,#3568,#3569));
#704=EDGE_LOOP('',(#3570,#3571,#3572,#3573));
#705=EDGE_LOOP('',(#3574,#3575,#3576,#3577));
#706=EDGE_LOOP('',(#3578,#3579,#3580,#3581));
#707=EDGE_LOOP('',(#3582,#3583,#3584,#3585));
#708=EDGE_LOOP('',(#3586,#3587,#3588,#3589));
#709=EDGE_LOOP('',(#3590,#3591,#3592,#3593));
#710=EDGE_LOOP('',(#3594,#3595,#3596,#3597,#3598));
#711=EDGE_LOOP('',(#3599,#3600,#3601,#3602));
#712=EDGE_LOOP('',(#3603,#3604,#3605,#3606,#3607));
#713=EDGE_LOOP('',(#3608,#3609,#3610,#3611,#3612,#3613));
#714=EDGE_LOOP('',(#3614,#3615,#3616,#3617,#3618));
#715=EDGE_LOOP('',(#3619,#3620,#3621,#3622));
#716=EDGE_LOOP('',(#3623,#3624,#3625,#3626,#3627,#3628,#3629,#3630,#3631,
#3632,#3633,#3634));
#717=EDGE_LOOP('',(#3635,#3636,#3637));
#718=EDGE_LOOP('',(#3638,#3639,#3640));
#719=EDGE_LOOP('',(#3641,#3642,#3643,#3644));
#720=EDGE_LOOP('',(#3645,#3646,#3647,#3648,#3649));
#721=EDGE_LOOP('',(#3650,#3651,#3652,#3653));
#722=EDGE_LOOP('',(#3654,#3655,#3656,#3657));
#723=EDGE_LOOP('',(#3658,#3659));
#724=EDGE_LOOP('',(#3660,#3661,#3662,#3663,#3664,#3665,#3666,#3667,#3668,
#3669,#3670,#3671,#3672,#3673,#3674,#3675));
#725=EDGE_LOOP('',(#3676));
#726=EDGE_LOOP('',(#3677));
#727=EDGE_LOOP('',(#3678));
#728=EDGE_LOOP('',(#3679));
#729=EDGE_LOOP('',(#3680,#3681,#3682));
#730=EDGE_LOOP('',(#3683,#3684,#3685,#3686));
#731=EDGE_LOOP('',(#3687,#3688,#3689));
#732=EDGE_LOOP('',(#3690,#3691,#3692,#3693,#3694,#3695,#3696,#3697,#3698,
#3699,#3700));
#733=EDGE_LOOP('',(#3701,#3702,#3703));
#734=EDGE_LOOP('',(#3704,#3705,#3706,#3707));
#735=EDGE_LOOP('',(#3708,#3709,#3710,#3711,#3712));
#736=EDGE_LOOP('',(#3713,#3714,#3715));
#737=EDGE_LOOP('',(#3716,#3717,#3718,#3719,#3720,#3721,#3722,#3723,#3724,
#3725,#3726,#3727));
#738=EDGE_LOOP('',(#3728,#3729,#3730,#3731,#3732));
#739=EDGE_LOOP('',(#3733,#3734,#3735,#3736,#3737));
#740=EDGE_LOOP('',(#3738,#3739,#3740));
#741=EDGE_LOOP('',(#3741,#3742,#3743,#3744));
#742=EDGE_LOOP('',(#3745,#3746,#3747,#3748,#3749));
#743=EDGE_LOOP('',(#3750,#3751,#3752));
#744=EDGE_LOOP('',(#3753,#3754,#3755,#3756,#3757));
#745=EDGE_LOOP('',(#3758,#3759,#3760,#3761,#3762,#3763));
#746=EDGE_LOOP('',(#3764,#3765,#3766,#3767,#3768,#3769));
#747=EDGE_LOOP('',(#3770,#3771,#3772));
#748=EDGE_LOOP('',(#3773,#3774,#3775));
#749=EDGE_LOOP('',(#3776,#3777,#3778,#3779));
#750=EDGE_LOOP('',(#3780,#3781,#3782,#3783,#3784,#3785,#3786,#3787,#3788,
#3789,#3790,#3791,#3792,#3793,#3794,#3795,#3796,#3797,#3798,#3799,#3800,
#3801));
#751=EDGE_LOOP('',(#3802));
#752=EDGE_LOOP('',(#3803));
#753=EDGE_LOOP('',(#3804));
#754=EDGE_LOOP('',(#3805));
#755=EDGE_LOOP('',(#3806));
#756=EDGE_LOOP('',(#3807,#3808,#3809,#3810,#3811));
#757=EDGE_LOOP('',(#3812,#3813,#3814,#3815,#3816,#3817));
#758=EDGE_LOOP('',(#3818,#3819,#3820));
#759=EDGE_LOOP('',(#3821,#3822,#3823,#3824));
#760=EDGE_LOOP('',(#3825,#3826,#3827));
#761=EDGE_LOOP('',(#3828,#3829,#3830,#3831));
#762=EDGE_LOOP('',(#3832,#3833,#3834,#3835,#3836,#3837,#3838,#3839));
#763=EDGE_LOOP('',(#3840,#3841,#3842,#3843));
#764=EDGE_LOOP('',(#3844,#3845,#3846,#3847,#3848,#3849,#3850));
#765=EDGE_LOOP('',(#3851,#3852,#3853));
#766=EDGE_LOOP('',(#3854,#3855,#3856,#3857));
#767=EDGE_LOOP('',(#3858,#3859,#3860,#3861));
#768=EDGE_LOOP('',(#3862,#3863,#3864,#3865));
#769=EDGE_LOOP('',(#3866,#3867,#3868,#3869,#3870));
#770=EDGE_LOOP('',(#3871,#3872,#3873,#3874,#3875));
#771=EDGE_LOOP('',(#3876,#3877,#3878,#3879,#3880));
#772=EDGE_LOOP('',(#3881,#3882,#3883,#3884));
#773=EDGE_LOOP('',(#3885,#3886,#3887,#3888));
#774=EDGE_LOOP('',(#3889,#3890,#3891,#3892));
#775=EDGE_LOOP('',(#3893,#3894,#3895,#3896));
#776=EDGE_LOOP('',(#3897,#3898,#3899,#3900));
#777=EDGE_LOOP('',(#3901,#3902,#3903,#3904));
#778=EDGE_LOOP('',(#3905,#3906,#3907,#3908));
#779=EDGE_LOOP('',(#3909,#3910,#3911,#3912,#3913,#3914,#3915));
#780=EDGE_LOOP('',(#3916,#3917,#3918));
#781=EDGE_LOOP('',(#3919,#3920,#3921,#3922));
#782=EDGE_LOOP('',(#3923,#3924,#3925,#3926));
#783=EDGE_LOOP('',(#3927,#3928,#3929,#3930));
#784=EDGE_LOOP('',(#3931,#3932,#3933,#3934,#3935));
#785=EDGE_LOOP('',(#3936,#3937,#3938,#3939,#3940));
#786=EDGE_LOOP('',(#3941,#3942,#3943,#3944,#3945));
#787=EDGE_LOOP('',(#3946,#3947,#3948,#3949,#3950,#3951,#3952));
#788=EDGE_LOOP('',(#3953,#3954,#3955,#3956));
#789=EDGE_LOOP('',(#3957,#3958,#3959,#3960,#3961,#3962));
#790=EDGE_LOOP('',(#3963,#3964,#3965,#3966));
#791=EDGE_LOOP('',(#3967,#3968,#3969));
#792=EDGE_LOOP('',(#3970,#3971,#3972,#3973));
#793=EDGE_LOOP('',(#3974,#3975,#3976,#3977));
#794=EDGE_LOOP('',(#3978,#3979,#3980,#3981));
#795=EDGE_LOOP('',(#3982,#3983,#3984,#3985,#3986));
#796=EDGE_LOOP('',(#3987,#3988,#3989,#3990,#3991));
#797=EDGE_LOOP('',(#3992,#3993,#3994,#3995,#3996));
#798=EDGE_LOOP('',(#3997,#3998,#3999,#4000));
#799=EDGE_LOOP('',(#4001,#4002,#4003,#4004,#4005,#4006));
#800=EDGE_LOOP('',(#4007,#4008,#4009,#4010));
#801=EDGE_LOOP('',(#4011,#4012,#4013,#4014,#4015,#4016,#4017));
#802=EDGE_LOOP('',(#4018,#4019,#4020));
#803=EDGE_LOOP('',(#4021,#4022,#4023,#4024));
#804=EDGE_LOOP('',(#4025,#4026,#4027,#4028));
#805=EDGE_LOOP('',(#4029,#4030,#4031,#4032));
#806=EDGE_LOOP('',(#4033,#4034,#4035,#4036,#4037));
#807=EDGE_LOOP('',(#4038,#4039,#4040,#4041,#4042));
#808=EDGE_LOOP('',(#4043,#4044,#4045,#4046,#4047));
#809=EDGE_LOOP('',(#4048,#4049,#4050,#4051,#4052,#4053,#4054,#4055,#4056,
#4057,#4058,#4059));
#810=EDGE_LOOP('',(#4060,#4061,#4062,#4063));
#811=EDGE_LOOP('',(#4064,#4065,#4066,#4067));
#812=EDGE_LOOP('',(#4068,#4069,#4070,#4071));
#813=EDGE_LOOP('',(#4072,#4073,#4074,#4075,#4076));
#814=EDGE_LOOP('',(#4077,#4078,#4079,#4080,#4081));
#815=EDGE_LOOP('',(#4082,#4083,#4084,#4085));
#816=EDGE_LOOP('',(#4086,#4087,#4088,#4089,#4090));
#817=EDGE_LOOP('',(#4091,#4092,#4093,#4094,#4095,#4096,#4097,#4098,#4099,
#4100));
#818=EDGE_LOOP('',(#4101,#4102,#4103));
#819=EDGE_LOOP('',(#4104,#4105,#4106,#4107,#4108));
#820=EDGE_LOOP('',(#4109,#4110,#4111,#4112));
#821=EDGE_LOOP('',(#4113,#4114,#4115,#4116));
#822=EDGE_LOOP('',(#4117,#4118,#4119,#4120));
#823=EDGE_LOOP('',(#4121,#4122,#4123));
#824=EDGE_LOOP('',(#4124,#4125,#4126,#4127));
#825=EDGE_LOOP('',(#4128,#4129,#4130));
#826=EDGE_LOOP('',(#4131,#4132,#4133,#4134));
#827=EDGE_LOOP('',(#4135,#4136,#4137,#4138));
#828=EDGE_LOOP('',(#4139,#4140,#4141,#4142));
#829=EDGE_LOOP('',(#4143,#4144,#4145,#4146));
#830=EDGE_LOOP('',(#4147,#4148,#4149,#4150));
#831=EDGE_LOOP('',(#4151,#4152,#4153,#4154));
#832=EDGE_LOOP('',(#4155,#4156,#4157,#4158));
#833=EDGE_LOOP('',(#4159,#4160,#4161,#4162));
#834=EDGE_LOOP('',(#4163,#4164,#4165,#4166));
#835=EDGE_LOOP('',(#4167,#4168,#4169,#4170));
#836=EDGE_LOOP('',(#4171,#4172,#4173));
#837=EDGE_LOOP('',(#4174,#4175,#4176,#4177,#4178));
#838=EDGE_LOOP('',(#4179,#4180,#4181,#4182));
#839=EDGE_LOOP('',(#4183,#4184,#4185,#4186));
#840=EDGE_LOOP('',(#4187,#4188,#4189));
#841=EDGE_LOOP('',(#4190,#4191,#4192,#4193));
#842=EDGE_LOOP('',(#4194,#4195,#4196,#4197));
#843=EDGE_LOOP('',(#4198,#4199,#4200,#4201,#4202,#4203));
#844=EDGE_LOOP('',(#4204,#4205,#4206,#4207));
#845=EDGE_LOOP('',(#4208,#4209,#4210,#4211));
#846=EDGE_LOOP('',(#4212,#4213,#4214,#4215));
#847=EDGE_LOOP('',(#4216,#4217,#4218,#4219));
#848=EDGE_LOOP('',(#4220,#4221,#4222,#4223,#4224));
#849=EDGE_LOOP('',(#4225,#4226,#4227,#4228));
#850=EDGE_LOOP('',(#4229,#4230,#4231,#4232));
#851=EDGE_LOOP('',(#4233,#4234,#4235,#4236));
#852=EDGE_LOOP('',(#4237,#4238,#4239,#4240));
#853=EDGE_LOOP('',(#4241,#4242,#4243,#4244));
#854=EDGE_LOOP('',(#4245,#4246,#4247,#4248,#4249,#4250,#4251));
#855=EDGE_LOOP('',(#4252,#4253,#4254,#4255));
#856=EDGE_LOOP('',(#4256,#4257,#4258,#4259,#4260,#4261,#4262));
#857=EDGE_LOOP('',(#4263,#4264,#4265,#4266,#4267));
#858=EDGE_LOOP('',(#4268,#4269,#4270,#4271));
#859=EDGE_LOOP('',(#4272,#4273,#4274,#4275,#4276,#4277,#4278,#4279,#4280,
#4281,#4282,#4283));
#860=EDGE_LOOP('',(#4284,#4285,#4286,#4287,#4288));
#861=EDGE_LOOP('',(#4289,#4290,#4291));
#862=EDGE_LOOP('',(#4292,#4293,#4294,#4295));
#863=EDGE_LOOP('',(#4296,#4297,#4298,#4299));
#864=EDGE_LOOP('',(#4300,#4301,#4302,#4303,#4304));
#865=EDGE_LOOP('',(#4305,#4306,#4307,#4308));
#866=EDGE_LOOP('',(#4309,#4310,#4311,#4312));
#867=EDGE_LOOP('',(#4313,#4314,#4315,#4316,#4317,#4318));
#868=EDGE_LOOP('',(#4319,#4320,#4321,#4322));
#869=EDGE_LOOP('',(#4323,#4324,#4325,#4326));
#870=EDGE_LOOP('',(#4327,#4328,#4329,#4330,#4331));
#871=EDGE_LOOP('',(#4332,#4333,#4334,#4335,#4336));
#872=EDGE_LOOP('',(#4337));
#873=EDGE_LOOP('',(#4338));
#874=EDGE_LOOP('',(#4339));
#875=EDGE_LOOP('',(#4340));
#876=EDGE_LOOP('',(#4341));
#877=EDGE_LOOP('',(#4342));
#878=EDGE_LOOP('',(#4343,#4344,#4345,#4346,#4347,#4348));
#879=EDGE_LOOP('',(#4349,#4350,#4351,#4352,#4353));
#880=EDGE_LOOP('',(#4354,#4355,#4356,#4357,#4358,#4359));
#881=EDGE_LOOP('',(#4360,#4361,#4362,#4363,#4364));
#882=EDGE_LOOP('',(#4365,#4366,#4367,#4368,#4369,#4370));
#883=EDGE_LOOP('',(#4371,#4372,#4373,#4374,#4375));
#884=EDGE_LOOP('',(#4376,#4377,#4378,#4379,#4380,#4381));
#885=EDGE_LOOP('',(#4382,#4383,#4384,#4385,#4386,#4387));
#886=EDGE_LOOP('',(#4388,#4389,#4390,#4391,#4392));
#887=EDGE_LOOP('',(#4393,#4394,#4395,#4396));
#888=EDGE_LOOP('',(#4397,#4398,#4399,#4400,#4401));
#889=EDGE_LOOP('',(#4402,#4403,#4404,#4405,#4406));
#890=EDGE_LOOP('',(#4407,#4408,#4409,#4410,#4411));
#891=EDGE_LOOP('',(#4412,#4413,#4414,#4415,#4416));
#892=EDGE_LOOP('',(#4417,#4418,#4419,#4420,#4421));
#893=EDGE_LOOP('',(#4422,#4423,#4424,#4425,#4426,#4427));
#894=EDGE_LOOP('',(#4428));
#895=EDGE_LOOP('',(#4429,#4430,#4431,#4432,#4433));
#896=EDGE_LOOP('',(#4434,#4435,#4436,#4437,#4438));
#897=EDGE_LOOP('',(#4439,#4440,#4441,#4442,#4443,#4444));
#898=EDGE_LOOP('',(#4445));
#899=EDGE_LOOP('',(#4446,#4447,#4448,#4449,#4450));
#900=EDGE_LOOP('',(#4451,#4452,#4453,#4454,#4455));
#901=EDGE_LOOP('',(#4456,#4457,#4458,#4459,#4460,#4461));
#902=EDGE_LOOP('',(#4462));
#903=EDGE_LOOP('',(#4463,#4464,#4465,#4466,#4467));
#904=EDGE_LOOP('',(#4468,#4469,#4470,#4471,#4472));
#905=EDGE_LOOP('',(#4473,#4474,#4475,#4476,#4477,#4478));
#906=EDGE_LOOP('',(#4479));
#907=EDGE_LOOP('',(#4480,#4481,#4482,#4483,#4484));
#908=EDGE_LOOP('',(#4485,#4486,#4487,#4488,#4489));
#909=EDGE_LOOP('',(#4490,#4491,#4492,#4493,#4494,#4495));
#910=EDGE_LOOP('',(#4496,#4497,#4498,#4499,#4500));
#911=EDGE_LOOP('',(#4501,#4502,#4503));
#912=EDGE_LOOP('',(#4504,#4505,#4506));
#913=EDGE_LOOP('',(#4507,#4508,#4509,#4510));
#914=EDGE_LOOP('',(#4511,#4512,#4513,#4514));
#915=EDGE_LOOP('',(#4515,#4516,#4517,#4518));
#916=EDGE_LOOP('',(#4519,#4520,#4521,#4522));
#917=EDGE_LOOP('',(#4523,#4524,#4525,#4526));
#918=EDGE_LOOP('',(#4527,#4528,#4529,#4530));
#919=EDGE_LOOP('',(#4531,#4532,#4533,#4534));
#920=EDGE_LOOP('',(#4535,#4536,#4537,#4538));
#921=EDGE_LOOP('',(#4539,#4540,#4541,#4542));
#922=EDGE_LOOP('',(#4543,#4544,#4545,#4546));
#923=EDGE_LOOP('',(#4547,#4548,#4549,#4550));
#924=EDGE_LOOP('',(#4551,#4552,#4553,#4554));
#925=EDGE_LOOP('',(#4555,#4556,#4557,#4558));
#926=EDGE_LOOP('',(#4559,#4560,#4561,#4562));
#927=EDGE_LOOP('',(#4563,#4564,#4565,#4566));
#928=EDGE_LOOP('',(#4567,#4568,#4569,#4570,#4571,#4572,#4573));
#929=EDGE_LOOP('',(#4574,#4575,#4576,#4577,#4578));
#930=EDGE_LOOP('',(#4579,#4580,#4581,#4582));
#931=EDGE_LOOP('',(#4583,#4584,#4585,#4586,#4587,#4588));
#932=EDGE_LOOP('',(#4589,#4590,#4591,#4592));
#933=EDGE_LOOP('',(#4593,#4594,#4595,#4596,#4597,#4598,#4599,#4600,#4601));
#934=B_SPLINE_CURVE_WITH_KNOTS('',3,(#6801,#6802,#6803,#6804),
 .UNSPECIFIED.,.F.,.F.,(4,4),(1.03541236975226,1.0471975511966),
 .UNSPECIFIED.);
#935=B_SPLINE_CURVE_WITH_KNOTS('',3,(#6812,#6813,#6814,#6815,#6816,#6817,
#6818,#6819,#6820,#6821,#6822),.UNSPECIFIED.,.F.,.F.,(4,1,1,1,1,1,1,1,4),
(0.,0.260333650583528,0.781000951750585,1.04133460233411,1.56200190350117,
1.8223355540847,2.34300285525176,2.86367015641881,3.1213894853995),
 .UNSPECIFIED.);
#936=B_SPLINE_CURVE_WITH_KNOTS('',3,(#6824,#6825,#6826,#6827,#6828),
 .UNSPECIFIED.,.F.,.F.,(4,1,4),(0.,0.533940873600471,0.808126727611523),
 .UNSPECIFIED.);
#937=B_SPLINE_CURVE_WITH_KNOTS('',3,(#6831,#6832,#6833,#6834,#6835,#6836,
#6837,#6838),.UNSPECIFIED.,.F.,.F.,(4,1,1,1,1,4),(1.0471975511966,1.35005625085737,
1.94723505176818,2.24582445222358,2.54441385267899,3.12400380700234),
 .UNSPECIFIED.);
#938=B_SPLINE_CURVE_WITH_KNOTS('',3,(#6840,#6841,#6842,#6843,#6844,#6845,
#6846,#6847),.UNSPECIFIED.,.F.,.F.,(4,2,2,4),(0.,0.0268055290523404,0.106139148063199,
0.106709729034966),.UNSPECIFIED.);
#939=B_SPLINE_CURVE_WITH_KNOTS('',3,(#6851,#6852,#6853,#6854,#6855,#6856,
#6857,#6858,#6859,#6860,#6861,#6862,#6863,#6864,#6865,#6866,#6867,#6868,
#6869,#6870,#6871,#6872,#6873,#6874,#6875,#6876,#6877,#6878,#6879,#6880,
#6881,#6882,#6883,#6884,#6885,#6886,#6887,#6888,#6889,#6890),
 .UNSPECIFIED.,.F.,.F.,(4,3,3,3,3,3,3,3,3,3,3,3,3,4),(-0.000506956101839902,
0.,0.0132958532064882,0.0267425729429577,0.0400871612470271,0.053104335851049,
0.0578886019910074,0.0629197136690469,0.0730342924003049,0.0824256607874445,
0.0914839102569223,0.100274344778193,0.108800688267156,0.110097660792571),
 .UNSPECIFIED.);
#940=B_SPLINE_CURVE_WITH_KNOTS('',3,(#6891,#6892,#6893,#6894,#6895,#6896,
#6897,#6898,#6899),.UNSPECIFIED.,.F.,.F.,(4,1,1,1,1,1,4),(1.0471975511966,
1.30899693899575,1.5707963267949,2.0943951023932,2.35619449019234,2.87979326579064,
3.12400380700234),.UNSPECIFIED.);
#941=B_SPLINE_CURVE_WITH_KNOTS('',3,(#6922,#6923,#6924,#6925,#6926,#6927),
 .UNSPECIFIED.,.F.,.F.,(4,2,4),(-0.000552432685539276,0.,0.0925181919563379),
 .UNSPECIFIED.);
#942=B_SPLINE_CURVE_WITH_KNOTS('',3,(#6929,#6930,#6931,#6932,#6933,#6934,
#6935,#6936),.UNSPECIFIED.,.F.,.F.,(4,2,2,4),(0.,0.0523923873923341,0.0925543278759054,
0.131481782516881),.UNSPECIFIED.);
#943=B_SPLINE_CURVE_WITH_KNOTS('',3,(#6944,#6945,#6946,#6947,#6948,#6949,
#6950,#6951),.UNSPECIFIED.,.F.,.F.,(4,2,2,4),(0.,0.05398792602762,0.0897075204152093,
0.124100147230901),.UNSPECIFIED.);
#944=B_SPLINE_CURVE_WITH_KNOTS('',3,(#6953,#6954,#6955,#6956,#6957,#6958),
 .UNSPECIFIED.,.F.,.F.,(4,2,4),(0.125202430884492,0.245320411040494,0.24603764399162),
 .UNSPECIFIED.);
#945=B_SPLINE_CURVE_WITH_KNOTS('',3,(#6993,#6994,#6995,#6996,#6997),
 .UNSPECIFIED.,.F.,.F.,(4,1,4),(0.111545719991451,0.120468946589341,0.281094208708463),
 .UNSPECIFIED.);
#946=B_SPLINE_CURVE_WITH_KNOTS('',3,(#7000,#7001,#7002,#7003,#7004),
 .UNSPECIFIED.,.F.,.F.,(4,1,4),(-0.281094208708463,-0.120468946589341,1.38777878078145E-16),
 .UNSPECIFIED.);
#947=B_SPLINE_CURVE_WITH_KNOTS('',3,(#7028,#7029,#7030,#7031),
 .UNSPECIFIED.,.F.,.F.,(4,4),(-0.135080370532401,0.),.UNSPECIFIED.);
#948=B_SPLINE_CURVE_WITH_KNOTS('',3,(#7032,#7033,#7034,#7035),
 .UNSPECIFIED.,.F.,.F.,(4,4),(0.,0.135080370532401),.UNSPECIFIED.);
#949=B_SPLINE_CURVE_WITH_KNOTS('',3,(#7064,#7065,#7066,#7067,#7068),
 .UNSPECIFIED.,.F.,.F.,(4,1,4),(-0.158909929237902,-0.0908056738502295,
-1.2562606330515E-16),.UNSPECIFIED.);
#950=B_SPLINE_CURVE_WITH_KNOTS('',3,(#7069,#7070,#7071,#7072,#7073),
 .UNSPECIFIED.,.F.,.F.,(4,1,4),(1.2562606330515E-16,0.0908056738502295,
0.158909929237902),.UNSPECIFIED.);
#951=B_SPLINE_CURVE_WITH_KNOTS('',3,(#7102,#7103,#7104,#7105,#7106),
 .UNSPECIFIED.,.F.,.F.,(4,1,4),(-0.159245884197983,-0.06824823608485,0.),
 .UNSPECIFIED.);
#952=B_SPLINE_CURVE_WITH_KNOTS('',3,(#7107,#7108,#7109,#7110,#7111),
 .UNSPECIFIED.,.F.,.F.,(4,1,4),(0.,0.06824823608485,0.159245884197983),
 .UNSPECIFIED.);
#953=B_SPLINE_CURVE_WITH_KNOTS('',3,(#7135,#7136,#7137,#7138),
 .UNSPECIFIED.,.F.,.F.,(4,4),(-0.135307282283897,0.),.UNSPECIFIED.);
#954=B_SPLINE_CURVE_WITH_KNOTS('',3,(#7139,#7140,#7141,#7142),
 .UNSPECIFIED.,.F.,.F.,(4,4),(0.,0.135307282283897),.UNSPECIFIED.);
#955=B_SPLINE_CURVE_WITH_KNOTS('',3,(#7168,#7169,#7170,#7171,#7172),
 .UNSPECIFIED.,.F.,.F.,(4,1,4),(-0.281906515553101,-0.161089437458915,0.),
 .UNSPECIFIED.);
#956=B_SPLINE_CURVE_WITH_KNOTS('',3,(#7173,#7174,#7175,#7176,#7177),
 .UNSPECIFIED.,.F.,.F.,(4,1,4),(0.,0.161089437458915,0.170127163955327),
 .UNSPECIFIED.);
#957=B_SPLINE_CURVE_WITH_KNOTS('',3,(#7246,#7247,#7248,#7249,#7250,#7251,
#7252,#7253,#7254,#7255,#7256,#7257,#7258,#7259,#7260,#7261,#7262,#7263,
#7264),.UNSPECIFIED.,.F.,.F.,(4,3,3,3,3,3,4),(-3.95699088368224E-6,0.,0.000274752033836085,
0.000402559895603187,0.000402752590555735,0.000728783897768627,0.000997416757130803),
 .UNSPECIFIED.);
#958=B_SPLINE_CURVE_WITH_KNOTS('',3,(#7266,#7267,#7268,#7269,#7270,#7271,
#7272,#7273,#7274,#7275,#7276,#7277,#7278),.UNSPECIFIED.,.F.,.F.,(4,1,1,
1,1,1,1,1,1,1,4),(-0.001461211389168,0.00047147922567367,0.00240416984051534,
0.00626955107019868,0.0140003135295654,0.021731075988932,0.0294618384482987,
0.0603848882857655,0.0835771756638655,0.0913079381232322,0.106769463041966),
 .UNSPECIFIED.);
#959=B_SPLINE_CURVE_WITH_KNOTS('',3,(#7281,#7282,#7283,#7284,#7285,#7286,
#7287,#7288,#7289,#7290,#7291,#7292,#7293),.UNSPECIFIED.,.F.,.F.,(4,1,1,
1,1,1,1,1,1,1,4),(-0.106769463041966,-0.0913079381232322,-0.0835771756638655,
-0.0603848882857655,-0.0294618384482987,-0.021731075988932,-0.0140003135295654,
-0.00626955107019868,-0.00240416984051534,-0.00047147922567367,-1.2657753610137E-5),
 .UNSPECIFIED.);
#960=B_SPLINE_CURVE_WITH_KNOTS('',3,(#7318,#7319,#7320,#7321),
 .UNSPECIFIED.,.F.,.F.,(4,4),(-0.0821315155392487,0.),.UNSPECIFIED.);
#961=B_SPLINE_CURVE_WITH_KNOTS('',3,(#7324,#7325,#7326,#7327),
 .UNSPECIFIED.,.F.,.F.,(4,4),(0.,0.0821315155392487),.UNSPECIFIED.);
#962=B_SPLINE_CURVE_WITH_KNOTS('',3,(#7356,#7357,#7358,#7359,#7360),
 .UNSPECIFIED.,.F.,.F.,(4,1,4),(-0.118429414392334,-0.0592147071961671,
0.),.UNSPECIFIED.);
#963=B_SPLINE_CURVE_WITH_KNOTS('',3,(#7361,#7362,#7363,#7364,#7365),
 .UNSPECIFIED.,.F.,.F.,(4,1,4),(0.,0.0592147071961671,0.118429414392334),
 .UNSPECIFIED.);
#964=B_SPLINE_CURVE_WITH_KNOTS('',3,(#7394,#7395,#7396,#7397,#7398),
 .UNSPECIFIED.,.F.,.F.,(4,1,4),(-0.118202936861587,-0.0591014684307935,
-1.23275439100611E-16),.UNSPECIFIED.);
#965=B_SPLINE_CURVE_WITH_KNOTS('',3,(#7399,#7400,#7401,#7402,#7403),
 .UNSPECIFIED.,.F.,.F.,(4,1,4),(1.23275439100611E-16,0.0591014684307935,
0.118202936861587),.UNSPECIFIED.);
#966=B_SPLINE_CURVE_WITH_KNOTS('',3,(#7427,#7428,#7429,#7430),
 .UNSPECIFIED.,.F.,.F.,(4,4),(-0.0491501354533436,0.),.UNSPECIFIED.);
#967=B_SPLINE_CURVE_WITH_KNOTS('',3,(#7431,#7432,#7433,#7434),
 .UNSPECIFIED.,.F.,.F.,(4,4),(0.,0.0491501354533436),.UNSPECIFIED.);
#968=B_SPLINE_CURVE_WITH_KNOTS('',3,(#7458,#7459,#7460,#7461),
 .UNSPECIFIED.,.F.,.F.,(4,4),(-0.0328736992558983,0.),.UNSPECIFIED.);
#969=B_SPLINE_CURVE_WITH_KNOTS('',3,(#7462,#7463,#7464,#7465),
 .UNSPECIFIED.,.F.,.F.,(4,4),(0.,0.0328736992558983),.UNSPECIFIED.);
#970=B_SPLINE_CURVE_WITH_KNOTS('',3,(#7548,#7549,#7550,#7551),
 .UNSPECIFIED.,.F.,.F.,(4,4),(0.547525144443172,0.54787051978776),
 .UNSPECIFIED.);
#971=B_SPLINE_CURVE_WITH_KNOTS('',3,(#7552,#7553,#7554,#7555,#7556,#7557,
#7558,#7559,#7560,#7561,#7562,#7563,#7564,#7565,#7566,#7567),
 .UNSPECIFIED.,.F.,.F.,(4,1,1,1,1,1,1,1,1,1,1,1,1,4),(2.44566320895645E-15,
0.00111406678761491,0.00222813357522738,0.00445626715045232,0.00891253430090218,
0.0133688014513521,0.0178250686018019,0.0267376029027017,0.0356501372036014,
0.0534752058054009,0.0713002744072004,0.0980378773098996,0.106950411610799,
0.124775480212599),.UNSPECIFIED.);
#972=B_SPLINE_CURVE_WITH_KNOTS('',3,(#7568,#7569,#7570,#7571,#7572,#7573,
#7574,#7575,#7576,#7577,#7578,#7579,#7580,#7581,#7582,#7583),
 .UNSPECIFIED.,.F.,.F.,(4,1,1,1,1,1,1,1,1,1,1,1,1,4),(-0.124775480212599,
-0.106950411610799,-0.0980378773098996,-0.0713002744072004,-0.0534752058054009,
-0.0356501372036014,-0.0267376029027017,-0.0178250686018019,-0.0133688014513521,
-0.00891253430090218,-0.00445626715045232,-0.00222813357522738,-0.00111406678761491,
-1.65476806242158E-5),.UNSPECIFIED.);
#973=B_SPLINE_CURVE_WITH_KNOTS('',3,(#7604,#7605,#7606,#7607),
 .UNSPECIFIED.,.F.,.F.,(4,4),(-0.0191222177677806,-1.235637757318E-16),
 .UNSPECIFIED.);
#974=B_SPLINE_CURVE_WITH_KNOTS('',3,(#7608,#7609,#7610,#7611),
 .UNSPECIFIED.,.F.,.F.,(4,4),(1.235637757318E-16,0.0191222177677806),
 .UNSPECIFIED.);
#975=B_SPLINE_CURVE_WITH_KNOTS('',3,(#7614,#7615,#7616,#7617),
 .UNSPECIFIED.,.F.,.F.,(4,4),(2.83666258130099E-16,0.0228230607678668),
 .UNSPECIFIED.);
#976=B_SPLINE_CURVE_WITH_KNOTS('',3,(#7619,#7620,#7621,#7622,#7623),
 .UNSPECIFIED.,.F.,.F.,(4,1,4),(2.11179309915303E-15,0.0557299998826988,
0.130036666392961),.UNSPECIFIED.);
#977=B_SPLINE_CURVE_WITH_KNOTS('',3,(#7625,#7626,#7627,#7628,#7629),
 .UNSPECIFIED.,.F.,.F.,(4,1,4),(1.66607592175777E-16,0.0555167254682144,
0.1295390260925),.UNSPECIFIED.);
#978=B_SPLINE_CURVE_WITH_KNOTS('',3,(#7630,#7631,#7632,#7633),
 .UNSPECIFIED.,.F.,.F.,(4,4),(0.0622434496812136,0.134984800815266),
 .UNSPECIFIED.);
#979=B_SPLINE_CURVE_WITH_KNOTS('',3,(#7655,#7656,#7657,#7658),
 .UNSPECIFIED.,.F.,.F.,(4,4),(-0.0575681605990209,-2.83666258130099E-16),
 .UNSPECIFIED.);
#980=B_SPLINE_CURVE_WITH_KNOTS('',3,(#7689,#7690,#7691,#7692),
 .UNSPECIFIED.,.F.,.F.,(4,4),(0.0131180100340917,0.124240835196461),
 .UNSPECIFIED.);
#981=B_SPLINE_CURVE_WITH_KNOTS('',3,(#7694,#7695,#7696,#7697,#7698,#7699,
#7700,#7701,#7702,#7703,#7704,#7705,#7706,#7707,#7708,#7709,#7710),
 .UNSPECIFIED.,.F.,.F.,(4,1,1,1,1,1,1,1,1,1,1,1,1,1,4),(8.80617440609936E-7,
0.000836988425084504,0.00307281037984761,0.00754445428937383,0.0120160981989,
0.0164877421084263,0.0254310299274787,0.0343743177465311,0.052260893384636,
0.0701474690227409,0.0790907568417933,0.0880340446608458,0.105920620298951,
0.114863908118003,0.123807195937056),.UNSPECIFIED.);
#982=B_SPLINE_CURVE_WITH_KNOTS('',3,(#7712,#7713,#7714,#7715),
 .UNSPECIFIED.,.F.,.F.,(4,4),(0.288920629686594,0.349674455960527),
 .UNSPECIFIED.);
#983=B_SPLINE_CURVE_WITH_KNOTS('',3,(#7717,#7718,#7719,#7720),
 .UNSPECIFIED.,.F.,.F.,(4,4),(0.,0.247461491696877),.UNSPECIFIED.);
#984=B_SPLINE_CURVE_WITH_KNOTS('',3,(#7721,#7722,#7723,#7724),
 .UNSPECIFIED.,.F.,.F.,(4,4),(0.183141857207393,0.222839548804883),
 .UNSPECIFIED.);
#985=B_SPLINE_CURVE_WITH_KNOTS('',3,(#7742,#7743,#7744,#7745),
 .UNSPECIFIED.,.F.,.F.,(4,4),(0.0138124870366769,0.123000411506521),
 .UNSPECIFIED.);
#986=B_SPLINE_CURVE_WITH_KNOTS('',3,(#7747,#7748,#7749,#7750),
 .UNSPECIFIED.,.F.,.F.,(4,4),(0.,0.0491055638061444),.UNSPECIFIED.);
#987=B_SPLINE_CURVE_WITH_KNOTS('',3,(#7751,#7752,#7753,#7754),
 .UNSPECIFIED.,.F.,.F.,(4,4),(-0.0329183247295694,0.),.UNSPECIFIED.);
#988=B_SPLINE_CURVE_WITH_KNOTS('',3,(#7846,#7847,#7848,#7849,#7850,#7851,
#7852,#7853,#7854,#7855,#7856,#7857,#7858,#7859,#7860,#7861,#7862,#7863,
#7864,#7865,#7866,#7867,#7868,#7869,#7870),.UNSPECIFIED.,.F.,.F.,(4,3,3,
3,3,3,3,3,4),(0.,5.75678872668131E-5,0.000289876928467629,0.000871044543798153,
0.000998584390396736,0.00102595547268557,0.00149673156630538,0.0017014942894108,
0.00170862878199364),.UNSPECIFIED.);
#989=B_SPLINE_CURVE_WITH_KNOTS('',3,(#7873,#7874,#7875,#7876,#7877,#7878,
#7879,#7880,#7881,#7882,#7883,#7884,#7885,#7886,#7887,#7888,#7889,#7890),
 .UNSPECIFIED.,.F.,.F.,(4,1,1,1,1,1,1,1,1,1,1,1,1,1,1,4),(-0.123807195937056,
-0.114863908118003,-0.105920620298951,-0.0880340446608458,-0.0790907568417933,
-0.0701474690227409,-0.052260893384636,-0.0343743177465311,-0.0254310299274787,
-0.0164877421084263,-0.0120160981989,-0.00754445428937383,-0.00307281037984761,
-0.000836988425084504,0.000280922552297051,0.00139883352967861),
 .UNSPECIFIED.);
#990=B_SPLINE_CURVE_WITH_KNOTS('',3,(#7913,#7914,#7915,#7916),
 .UNSPECIFIED.,.F.,.F.,(4,4),(0.,0.0329183247295694),.UNSPECIFIED.);
#991=B_SPLINE_CURVE_WITH_KNOTS('',3,(#7939,#7940,#7941,#7942),
 .UNSPECIFIED.,.F.,.F.,(4,4),(-0.0491055638061444,0.),.UNSPECIFIED.);
#992=B_SPLINE_CURVE_WITH_KNOTS('',3,(#7971,#7972,#7973,#7974,#7975),
 .UNSPECIFIED.,.F.,.F.,(4,1,4),(-0.118202992080127,-0.0591014960400635,
0.),.UNSPECIFIED.);
#993=B_SPLINE_CURVE_WITH_KNOTS('',3,(#7976,#7977,#7978,#7979,#7980),
 .UNSPECIFIED.,.F.,.F.,(4,1,4),(0.,0.0591014960400635,0.118202992080127),
 .UNSPECIFIED.);
#994=B_SPLINE_CURVE_WITH_KNOTS('',3,(#8009,#8010,#8011,#8012,#8013),
 .UNSPECIFIED.,.F.,.F.,(4,1,4),(-0.118429363039751,-0.0592146815198754,
-4.24026886171644E-17),.UNSPECIFIED.);
#995=B_SPLINE_CURVE_WITH_KNOTS('',3,(#8014,#8015,#8016,#8017,#8018),
 .UNSPECIFIED.,.F.,.F.,(4,1,4),(4.24026886171644E-17,0.0592146815198754,
0.118429363039751),.UNSPECIFIED.);
#996=B_SPLINE_CURVE_WITH_KNOTS('',3,(#8042,#8043,#8044,#8045),
 .UNSPECIFIED.,.F.,.F.,(4,4),(-0.0821315155346538,-1.986222511255E-16),
 .UNSPECIFIED.);
#997=B_SPLINE_CURVE_WITH_KNOTS('',3,(#8046,#8047,#8048,#8049),
 .UNSPECIFIED.,.F.,.F.,(4,4),(1.986222511255E-16,0.0821315155346538),
 .UNSPECIFIED.);
#998=B_SPLINE_CURVE_WITH_KNOTS('',3,(#8132,#8133,#8134,#8135),
 .UNSPECIFIED.,.F.,.F.,(4,4),(0.198839434611032,0.199184231495302),
 .UNSPECIFIED.);
#999=B_SPLINE_CURVE_WITH_KNOTS('',3,(#8137,#8138,#8139,#8140,#8141,#8142,
#8143,#8144,#8145,#8146,#8147,#8148,#8149,#8150,#8151,#8152),
 .UNSPECIFIED.,.F.,.F.,(4,1,1,1,1,1,1,1,1,1,1,1,1,4),(-0.107759709714909,
-0.106797569449597,-0.105835429184285,-0.103911148653662,-0.100062587592415,
-0.0962140265311683,-0.0923654654699216,-0.0846683433474281,-0.0769712212249347,
-0.0615769769799477,-0.0461827327349608,-0.0230913663674804,-0.0153942442449869,
0.),.UNSPECIFIED.);
#1000=B_SPLINE_CURVE_WITH_KNOTS('',3,(#8155,#8156,#8157,#8158,#8159,#8160,
#8161,#8162,#8163,#8164,#8165,#8166,#8167,#8168,#8169,#8170),
 .UNSPECIFIED.,.F.,.F.,(4,1,1,1,1,1,1,1,1,1,1,1,1,4),(0.,0.0153942442449869,
0.0230913663674804,0.0461827327349608,0.0615769769799477,0.0769712212249347,
0.0846683433474281,0.0923654654699216,0.0962140265311683,0.100062587592415,
0.103911148653662,0.105835429184285,0.106797569449597,0.10774744570249),
 .UNSPECIFIED.);
#1001=B_SPLINE_CURVE_WITH_KNOTS('',3,(#8191,#8192,#8193,#8194),
 .UNSPECIFIED.,.F.,.F.,(4,4),(-0.0191470232742911,-1.37584162564599E-14),
 .UNSPECIFIED.);
#1002=B_SPLINE_CURVE_WITH_KNOTS('',3,(#8195,#8196,#8197,#8198),
 .UNSPECIFIED.,.F.,.F.,(4,4),(1.37584162564599E-14,0.0191470232742911),
 .UNSPECIFIED.);
#1003=B_SPLINE_CURVE_WITH_KNOTS('',3,(#8224,#8225,#8226,#8227),
 .UNSPECIFIED.,.F.,.F.,(4,4),(0.0621988062519331,0.134984800815266),
 .UNSPECIFIED.);
#1004=B_SPLINE_CURVE_WITH_KNOTS('',3,(#8230,#8231,#8232,#8233),
 .UNSPECIFIED.,.F.,.F.,(4,4),(-0.134984800815266,-0.0775825538462148),
 .UNSPECIFIED.);
#1005=B_SPLINE_CURVE_WITH_KNOTS('',3,(#8236,#8237,#8238,#8239),
 .UNSPECIFIED.,.F.,.F.,(4,4),(1.70897509566469E-16,0.0228044765545997),
 .UNSPECIFIED.);
#1006=B_SPLINE_CURVE_WITH_KNOTS('',3,(#8241,#8242,#8243,#8244,#8245),
 .UNSPECIFIED.,.F.,.F.,(4,1,4),(0.,0.0557300005802939,0.130036668020686),
 .UNSPECIFIED.);
#1007=B_SPLINE_CURVE_WITH_KNOTS('',3,(#8246,#8247,#8248,#8249,#8250),
 .UNSPECIFIED.,.F.,.F.,(4,1,4),(8.58443405116536E-16,0.0555167247634113,
0.129539024447959),.UNSPECIFIED.);
#1008=B_SPLINE_CURVE_WITH_KNOTS('',3,(#8272,#8273,#8274,#8275),
 .UNSPECIFIED.,.F.,.F.,(4,4),(0.19796817011468,0.198839434611032),
 .UNSPECIFIED.);
#1009=B_SPLINE_CURVE_WITH_KNOTS('',3,(#8277,#8278,#8279,#8280),
 .UNSPECIFIED.,.F.,.F.,(4,4),(-0.0584114058939376,-1.70897509566469E-16),
 .UNSPECIFIED.);
#1010=B_SPLINE_CURVE_WITH_KNOTS('',3,(#8318,#8319,#8320,#8321,#8322,#8323,
#8324,#8325),.UNSPECIFIED.,.F.,.F.,(4,1,1,2,4),(-0.124695369000086,-0.0997562952000684,
-0.0748172214000513,0.,0.000355333280676895),.UNSPECIFIED.);
#1011=B_SPLINE_CURVE_WITH_KNOTS('',3,(#8326,#8327,#8328,#8329,#8330,#8331,
#8332,#8333),.UNSPECIFIED.,.F.,.F.,(4,2,1,1,4),(-0.000355333280676895,0.,
0.0748172214000513,0.0997562952000684,0.124695369000086),.UNSPECIFIED.);
#1012=B_SPLINE_CURVE_WITH_KNOTS('',3,(#8355,#8356,#8357,#8358),
 .UNSPECIFIED.,.F.,.F.,(4,4),(-0.0328960119880048,0.),.UNSPECIFIED.);
#1013=B_SPLINE_CURVE_WITH_KNOTS('',3,(#8361,#8362,#8363,#8364),
 .UNSPECIFIED.,.F.,.F.,(4,4),(0.,0.0328960119880048),.UNSPECIFIED.);
#1014=B_SPLINE_CURVE_WITH_KNOTS('',3,(#8388,#8389,#8390,#8391),
 .UNSPECIFIED.,.F.,.F.,(4,4),(-0.049127849586374,0.),.UNSPECIFIED.);
#1015=B_SPLINE_CURVE_WITH_KNOTS('',3,(#8392,#8393,#8394,#8395),
 .UNSPECIFIED.,.F.,.F.,(4,4),(0.,0.049127849586374),.UNSPECIFIED.);
#1016=B_SPLINE_CURVE_WITH_KNOTS('',3,(#8424,#8425,#8426,#8427,#8428),
 .UNSPECIFIED.,.F.,.F.,(4,1,4),(-0.118202992080029,-0.0591014960400144,
-2.95297738743282E-16),.UNSPECIFIED.);
#1017=B_SPLINE_CURVE_WITH_KNOTS('',3,(#8429,#8430,#8431,#8432,#8433),
 .UNSPECIFIED.,.F.,.F.,(4,1,4),(2.95297738743282E-16,0.0591014960400144,
0.118202992080029),.UNSPECIFIED.);
#1018=B_SPLINE_CURVE_WITH_KNOTS('',3,(#8462,#8463,#8464,#8465,#8466),
 .UNSPECIFIED.,.F.,.F.,(4,1,4),(-0.118429363039655,-0.0592146815198276,
0.),.UNSPECIFIED.);
#1019=B_SPLINE_CURVE_WITH_KNOTS('',3,(#8467,#8468,#8469,#8470,#8471),
 .UNSPECIFIED.,.F.,.F.,(4,1,4),(0.,0.0592146815198276,0.118429363039655),
 .UNSPECIFIED.);
#1020=B_SPLINE_CURVE_WITH_KNOTS('',3,(#8495,#8496,#8497,#8498),
 .UNSPECIFIED.,.F.,.F.,(4,4),(-0.08213151553477,-5.67254576644392E-16),
 .UNSPECIFIED.);
#1021=B_SPLINE_CURVE_WITH_KNOTS('',3,(#8499,#8500,#8501,#8502),
 .UNSPECIFIED.,.F.,.F.,(4,4),(5.67254576644392E-16,0.08213151553477),
 .UNSPECIFIED.);
#1022=B_SPLINE_CURVE_WITH_KNOTS('',3,(#8539,#8540,#8541,#8542,#8543,#8544,
#8545,#8546),.UNSPECIFIED.,.F.,.F.,(4,1,1,2,4),(0.,0.0431590688187273,0.0647386032280909,
0.107897672046818,0.108235256080947),.UNSPECIFIED.);
#1023=B_SPLINE_CURVE_WITH_KNOTS('',3,(#8547,#8548,#8549,#8550,#8551,#8552,
#8553,#8554),.UNSPECIFIED.,.F.,.F.,(4,2,1,1,4),(-0.108235256080947,-0.107897672046818,
-0.0647386032280909,-0.0431590688187273,0.),.UNSPECIFIED.);
#1024=B_SPLINE_CURVE_WITH_KNOTS('',3,(#8575,#8576,#8577,#8578),
 .UNSPECIFIED.,.F.,.F.,(4,4),(-0.0191345546392398,-8.31200804006773E-16),
 .UNSPECIFIED.);
#1025=B_SPLINE_CURVE_WITH_KNOTS('',3,(#8579,#8580,#8581,#8582),
 .UNSPECIFIED.,.F.,.F.,(4,4),(8.31200804006773E-16,0.0191345546392398),
 .UNSPECIFIED.);
#1026=B_SPLINE_CURVE_WITH_KNOTS('',3,(#8608,#8609,#8610,#8611),
 .UNSPECIFIED.,.F.,.F.,(4,4),(0.0622211279255712,0.134984800815265),
 .UNSPECIFIED.);
#1027=B_SPLINE_CURVE_WITH_KNOTS('',3,(#8614,#8615,#8616,#8617),
 .UNSPECIFIED.,.F.,.F.,(4,4),(-0.134984800815265,-0.0766989589027297),
 .UNSPECIFIED.);
#1028=B_SPLINE_CURVE_WITH_KNOTS('',3,(#8620,#8621,#8622,#8623),
 .UNSPECIFIED.,.F.,.F.,(4,4),(0.,0.0228137662463874),.UNSPECIFIED.);
#1029=B_SPLINE_CURVE_WITH_KNOTS('',3,(#8625,#8626,#8627,#8628,#8629),
 .UNSPECIFIED.,.F.,.F.,(4,1,4),(2.97760547919078E-16,0.0743066674403919,
0.130036668020686),.UNSPECIFIED.);
#1030=B_SPLINE_CURVE_WITH_KNOTS('',3,(#8630,#8631,#8632,#8633,#8634),
 .UNSPECIFIED.,.F.,.F.,(4,1,4),(0.,0.0555167248056856,0.1295390245466),
 .UNSPECIFIED.);
#1031=B_SPLINE_CURVE_WITH_KNOTS('',3,(#8656,#8657,#8658,#8659),
 .UNSPECIFIED.,.F.,.F.,(4,4),(-0.0584543882113419,0.),.UNSPECIFIED.);
#1032=B_SPLINE_CURVE_WITH_KNOTS('',3,(#8697,#8698,#8699,#8700,#8701,#8702,
#8703,#8704),.UNSPECIFIED.,.F.,.F.,(4,1,1,2,4),(0.,0.0431592133754179,0.0647388200631269,
0.107898033438545,0.10823561747254),.UNSPECIFIED.);
#1033=B_SPLINE_CURVE_WITH_KNOTS('',3,(#8705,#8706,#8707,#8708,#8709,#8710,
#8711,#8712),.UNSPECIFIED.,.F.,.F.,(4,2,1,1,4),(-0.10823561747254,-0.107898033438545,
-0.0647388200631269,-0.0431592133754179,0.),.UNSPECIFIED.);
#1034=B_SPLINE_CURVE_WITH_KNOTS('',3,(#8737,#8738,#8739,#8740),
 .UNSPECIFIED.,.F.,.F.,(4,4),(-0.0821315155347733,0.),.UNSPECIFIED.);
#1035=B_SPLINE_CURVE_WITH_KNOTS('',3,(#8743,#8744,#8745,#8746),
 .UNSPECIFIED.,.F.,.F.,(4,4),(0.,0.0821315155347733),.UNSPECIFIED.);
#1036=B_SPLINE_CURVE_WITH_KNOTS('',3,(#8775,#8776,#8777,#8778,#8779),
 .UNSPECIFIED.,.F.,.F.,(4,1,4),(-0.118429414392235,-0.0592147071961177,
-1.14398506668196E-16),.UNSPECIFIED.);
#1037=B_SPLINE_CURVE_WITH_KNOTS('',3,(#8780,#8781,#8782,#8783,#8784),
 .UNSPECIFIED.,.F.,.F.,(4,1,4),(1.14398506668196E-16,0.0592147071961177,
0.118429414392235),.UNSPECIFIED.);
#1038=B_SPLINE_CURVE_WITH_KNOTS('',3,(#8813,#8814,#8815,#8816,#8817),
 .UNSPECIFIED.,.F.,.F.,(4,1,4),(-0.118202936861491,-0.0591014684307455,
0.),.UNSPECIFIED.);
#1039=B_SPLINE_CURVE_WITH_KNOTS('',3,(#8818,#8819,#8820,#8821,#8822),
 .UNSPECIFIED.,.F.,.F.,(4,1,4),(0.,0.0591014684307455,0.118202936861491),
 .UNSPECIFIED.);
#1040=B_SPLINE_CURVE_WITH_KNOTS('',3,(#8846,#8847,#8848,#8849),
 .UNSPECIFIED.,.F.,.F.,(4,4),(-0.049127849682611,-3.30036368997947E-16),
 .UNSPECIFIED.);
#1041=B_SPLINE_CURVE_WITH_KNOTS('',3,(#8850,#8851,#8852,#8853),
 .UNSPECIFIED.,.F.,.F.,(4,4),(3.30036368997947E-16,0.049127849682611),
 .UNSPECIFIED.);
#1042=B_SPLINE_CURVE_WITH_KNOTS('',3,(#8877,#8878,#8879,#8880),
 .UNSPECIFIED.,.F.,.F.,(4,4),(-0.0328960118878442,0.),.UNSPECIFIED.);
#1043=B_SPLINE_CURVE_WITH_KNOTS('',3,(#8881,#8882,#8883,#8884),
 .UNSPECIFIED.,.F.,.F.,(4,4),(0.,0.0328960118878442),.UNSPECIFIED.);
#1044=B_SPLINE_CURVE_WITH_KNOTS('',3,(#8926,#8927,#8928,#8929,#8930,#8931,
#8932,#8933,#8934,#8935),.UNSPECIFIED.,.F.,.F.,(4,1,1,1,1,2,4),(-0.124695369000417,
-0.0997562952003334,-0.0748172214002501,-0.0498781476001667,-0.0249390738000834,
0.,0.000355333279259517),.UNSPECIFIED.);
#1045=B_SPLINE_CURVE_WITH_KNOTS('',3,(#8936,#8937,#8938,#8939,#8940,#8941,
#8942,#8943,#8944,#8945),.UNSPECIFIED.,.F.,.F.,(4,2,1,1,1,1,4),(-0.000355333279259517,
0.,0.0249390738000834,0.0498781476001667,0.0748172214002501,0.0997562952003334,
0.124695369000417),.UNSPECIFIED.);
#1046=B_SPLINE_CURVE_WITH_KNOTS('',3,(#8966,#8967,#8968,#8969),
 .UNSPECIFIED.,.F.,.F.,(4,4),(-0.0191346896698526,-7.32920668600226E-17),
 .UNSPECIFIED.);
#1047=B_SPLINE_CURVE_WITH_KNOTS('',3,(#8970,#8971,#8972,#8973),
 .UNSPECIFIED.,.F.,.F.,(4,4),(7.32920668600226E-17,0.0191346896698526),
 .UNSPECIFIED.);
#1048=B_SPLINE_CURVE_WITH_KNOTS('',3,(#8976,#8977,#8978,#8979),
 .UNSPECIFIED.,.F.,.F.,(4,4),(3.94728164055929E-16,0.0228137662463841),
 .UNSPECIFIED.);
#1049=B_SPLINE_CURVE_WITH_KNOTS('',3,(#8981,#8982,#8983,#8984,#8985),
 .UNSPECIFIED.,.F.,.F.,(4,1,4),(0.,0.055729999882698,0.130036666392962),
 .UNSPECIFIED.);
#1050=B_SPLINE_CURVE_WITH_KNOTS('',3,(#8987,#8988,#8989,#8990,#8991),
 .UNSPECIFIED.,.F.,.F.,(4,1,4),(3.70741392874985E-17,0.055516724802452,
0.129539024539055),.UNSPECIFIED.);
#1051=B_SPLINE_CURVE_WITH_KNOTS('',3,(#8992,#8993,#8994,#8995),
 .UNSPECIFIED.,.F.,.F.,(4,4),(0.0622211280160618,0.134984800815264),
 .UNSPECIFIED.);
#1052=B_SPLINE_CURVE_WITH_KNOTS('',3,(#9017,#9018,#9019,#9020),
 .UNSPECIFIED.,.F.,.F.,(4,4),(-0.0584543882096776,-3.94728164055929E-16),
 .UNSPECIFIED.);
#1053=B_SPLINE_CURVE_WITH_KNOTS('',3,(#9051,#9052,#9053,#9054),
 .UNSPECIFIED.,.F.,.F.,(4,4),(0.131946891450772,0.165040153898811),
 .UNSPECIFIED.);
#1054=B_SPLINE_CURVE_WITH_KNOTS('',3,(#9056,#9057,#9058,#9059),
 .UNSPECIFIED.,.F.,.F.,(4,4),(2.77555756156289E-17,0.131946891450771),
 .UNSPECIFIED.);
#1055=B_SPLINE_CURVE_WITH_KNOTS('',3,(#9060,#9061,#9062,#9063),
 .UNSPECIFIED.,.F.,.F.,(4,4),(-0.0218651063245148,0.),.UNSPECIFIED.);
#1056=B_SPLINE_CURVE_WITH_KNOTS('',3,(#9064,#9065,#9066,#9067),
 .UNSPECIFIED.,.F.,.F.,(4,4),(0.0131180100538424,0.124239563432879),
 .UNSPECIFIED.);
#1057=B_SPLINE_CURVE_WITH_KNOTS('',3,(#9084,#9085,#9086,#9087),
 .UNSPECIFIED.,.F.,.F.,(4,4),(0.0138124870366803,0.123000411506526),
 .UNSPECIFIED.);
#1058=B_SPLINE_CURVE_WITH_KNOTS('',3,(#9120,#9121,#9122,#9123,#9124),
 .UNSPECIFIED.,.F.,.F.,(4,1,4),(-0.1295390245466,-0.0555167248056856,0.),
 .UNSPECIFIED.);
#1059=B_SPLINE_CURVE_WITH_KNOTS('',3,(#9150,#9151,#9152,#9153,#9154),
 .UNSPECIFIED.,.F.,.F.,(4,1,4),(-0.130036668020686,-0.0743066674403919,
-2.97760547919078E-16),.UNSPECIFIED.);
#1060=B_SPLINE_CURVE_WITH_KNOTS('',3,(#9181,#9182,#9183,#9184),
 .UNSPECIFIED.,.F.,.F.,(4,4),(-0.134984800815264,-0.0766989589015342),
 .UNSPECIFIED.);
#1061=B_SPLINE_CURVE_WITH_KNOTS('',3,(#9217,#9218,#9219,#9220,#9221),
 .UNSPECIFIED.,.F.,.F.,(4,1,4),(-0.129539024539055,-0.055516724802452,-3.70741392874985E-17),
 .UNSPECIFIED.);
#1062=B_SPLINE_CURVE_WITH_KNOTS('',3,(#9247,#9248,#9249,#9250,#9251),
 .UNSPECIFIED.,.F.,.F.,(4,1,4),(-0.130036666392962,-0.055729999882698,0.),
 .UNSPECIFIED.);
#1063=B_SPLINE_CURVE_WITH_KNOTS('',3,(#9312,#9313,#9314,#9315,#9316,#9317,
#9318,#9319),.UNSPECIFIED.,.F.,.F.,(4,1,1,1,1,4),(-1.00752769995238,-0.935561435670065,
-0.863595171387752,-0.719662642823127,-0.431797585693876,0.),
 .UNSPECIFIED.);
#1064=B_SPLINE_CURVE_WITH_KNOTS('',3,(#9322,#9323,#9324,#9325,#9326,#9327,
#9328,#9329),.UNSPECIFIED.,.F.,.F.,(4,1,1,1,1,4),(0.,0.431797585693876,
0.719662642823127,0.863595171387752,0.935561435670065,1.00752769995238),
 .UNSPECIFIED.);
#1065=B_SPLINE_CURVE_WITH_KNOTS('',3,(#9361,#9362,#9363,#9364),
 .UNSPECIFIED.,.F.,.F.,(4,4),(-0.20896265540071,0.),.UNSPECIFIED.);
#1066=B_SPLINE_CURVE_WITH_KNOTS('',3,(#9365,#9366,#9367,#9368),
 .UNSPECIFIED.,.F.,.F.,(4,4),(0.,0.20896265540071),.UNSPECIFIED.);
#1067=B_SPLINE_CURVE_WITH_KNOTS('',3,(#9427,#9428,#9429,#9430,#9431,#9432,
#9433,#9434),.UNSPECIFIED.,.F.,.F.,(4,1,1,1,1,4),(-0.574997726771251,-0.246427597187679,
-0.164285064791786,-0.082142532395893,-0.0410712661979465,0.),
 .UNSPECIFIED.);
#1068=B_SPLINE_CURVE_WITH_KNOTS('',3,(#9435,#9436,#9437,#9438,#9439,#9440,
#9441,#9442),.UNSPECIFIED.,.F.,.F.,(4,1,1,1,1,4),(0.,0.0410712661979465,
0.082142532395893,0.164285064791786,0.246427597187679,0.574997726771251),
 .UNSPECIFIED.);
#1069=B_SPLINE_CURVE_WITH_KNOTS('',3,(#9482,#9483,#9484,#9485,#9486,#9487,
#9488),.UNSPECIFIED.,.F.,.F.,(4,1,1,1,4),(-0.574990273007795,-0.492848805435253,
-0.410707337862711,-0.246424402717626,0.),.UNSPECIFIED.);
#1070=B_SPLINE_CURVE_WITH_KNOTS('',3,(#9490,#9491,#9492,#9493,#9494,#9495,
#9496),.UNSPECIFIED.,.F.,.F.,(4,1,1,1,4),(0.,0.246424402717626,0.410707337862711,
0.492848805435253,0.574990273007795),.UNSPECIFIED.);
#1071=B_SPLINE_CURVE_WITH_KNOTS('',3,(#9516,#9517,#9518,#9519),
 .UNSPECIFIED.,.F.,.F.,(4,4),(-0.208962655378213,0.),.UNSPECIFIED.);
#1072=B_SPLINE_CURVE_WITH_KNOTS('',3,(#9520,#9521,#9522,#9523),
 .UNSPECIFIED.,.F.,.F.,(4,4),(0.,0.208962655378213),.UNSPECIFIED.);
#1073=B_SPLINE_CURVE_WITH_KNOTS('',3,(#9557,#9558,#9559,#9560,#9561,#9562),
 .UNSPECIFIED.,.F.,.F.,(4,1,1,4),(-0.798519684502073,-0.34222272192946,
-0.114074240643153,0.),.UNSPECIFIED.);
#1074=B_SPLINE_CURVE_WITH_KNOTS('',3,(#9563,#9564,#9565,#9566,#9567,#9568),
 .UNSPECIFIED.,.F.,.F.,(4,1,1,4),(0.,0.114074240643153,0.34222272192946,
0.798519684502073),.UNSPECIFIED.);
#1075=B_SPLINE_CURVE_WITH_KNOTS('',3,(#9631,#9632,#9633,#9634,#9635,#9636,
#9637,#9638),.UNSPECIFIED.,.F.,.F.,(4,1,1,1,1,4),(-1.00752769506436,-0.935561431131188,
-0.86359516719802,-0.719662639331683,-0.43179758359901,0.),
 .UNSPECIFIED.);
#1076=B_SPLINE_CURVE_WITH_KNOTS('',3,(#9641,#9642,#9643,#9644,#9645,#9646,
#9647,#9648),.UNSPECIFIED.,.F.,.F.,(4,1,1,1,1,4),(0.,0.43179758359901,0.719662639331683,
0.86359516719802,0.935561431131188,1.00752769506436),.UNSPECIFIED.);
#1077=B_SPLINE_CURVE_WITH_KNOTS('',3,(#9680,#9681,#9682,#9683),
 .UNSPECIFIED.,.F.,.F.,(4,4),(-0.208962655400713,0.),.UNSPECIFIED.);
#1078=B_SPLINE_CURVE_WITH_KNOTS('',3,(#9684,#9685,#9686,#9687),
 .UNSPECIFIED.,.F.,.F.,(4,4),(0.,0.208962655400713),.UNSPECIFIED.);
#1079=B_SPLINE_CURVE_WITH_KNOTS('',3,(#9747,#9748,#9749,#9750,#9751,#9752,
#9753,#9754),.UNSPECIFIED.,.F.,.F.,(4,1,1,1,1,4),(-0.574997748189011,-0.246427606366719,
-0.164285070911146,-0.0821425354555729,-0.0410712677277865,0.),
 .UNSPECIFIED.);
#1080=B_SPLINE_CURVE_WITH_KNOTS('',3,(#9755,#9756,#9757,#9758,#9759,#9760,
#9761,#9762),.UNSPECIFIED.,.F.,.F.,(4,1,1,1,1,4),(0.,0.0410712677277865,
0.0821425354555729,0.164285070911146,0.246427606366719,0.574997748189011),
 .UNSPECIFIED.);
#1081=B_SPLINE_CURVE_WITH_KNOTS('',3,(#9807,#9808,#9809,#9810,#9811,#9812,
#9813),.UNSPECIFIED.,.F.,.F.,(4,1,1,1,4),(-0.576554021284774,-0.494189161101235,
-0.411824300917696,-0.247094580550617,0.),.UNSPECIFIED.);
#1082=B_SPLINE_CURVE_WITH_KNOTS('',3,(#9814,#9815,#9816,#9817,#9818,#9819,
#9820),.UNSPECIFIED.,.F.,.F.,(4,1,1,1,4),(0.,0.247094580550617,0.411824300917696,
0.494189161101235,0.576554021284774),.UNSPECIFIED.);
#1083=B_SPLINE_CURVE_WITH_KNOTS('',3,(#9840,#9841,#9842,#9843),
 .UNSPECIFIED.,.F.,.F.,(4,4),(-0.208962655372229,0.),.UNSPECIFIED.);
#1084=B_SPLINE_CURVE_WITH_KNOTS('',3,(#9844,#9845,#9846,#9847),
 .UNSPECIFIED.,.F.,.F.,(4,4),(0.,0.208962655372229),.UNSPECIFIED.);
#1085=B_SPLINE_CURVE_WITH_KNOTS('',3,(#9881,#9882,#9883,#9884,#9885,#9886),
 .UNSPECIFIED.,.F.,.F.,(4,1,1,4),(-0.746325110617922,-0.319853618836252,
-0.106617872945417,0.),.UNSPECIFIED.);
#1086=B_SPLINE_CURVE_WITH_KNOTS('',3,(#9887,#9888,#9889,#9890,#9891,#9892),
 .UNSPECIFIED.,.F.,.F.,(4,1,1,4),(0.,0.106617872945417,0.319853618836252,
0.746325110617922),.UNSPECIFIED.);
#1087=B_SPLINE_CURVE_WITH_KNOTS('',3,(#9913,#9914,#9915,#9916),
 .UNSPECIFIED.,.F.,.F.,(4,4),(-0.208983439386978,-3.8755450437177E-15),
 .UNSPECIFIED.);
#1088=B_SPLINE_CURVE_WITH_KNOTS('',3,(#9917,#9918,#9919,#9920),
 .UNSPECIFIED.,.F.,.F.,(4,4),(3.8755450437177E-15,0.208983439386978),
 .UNSPECIFIED.);
#1089=B_SPLINE_CURVE_WITH_KNOTS('',3,(#9941,#9942,#9943,#9944),
 .UNSPECIFIED.,.F.,.F.,(4,4),(-0.26117460106983,-2.91348386035873E-15),
 .UNSPECIFIED.);
#1090=B_SPLINE_CURVE_WITH_KNOTS('',3,(#9945,#9946,#9947,#9948),
 .UNSPECIFIED.,.F.,.F.,(4,4),(2.91348386035873E-15,0.26117460106983),
 .UNSPECIFIED.);
#1091=B_SPLINE_CURVE_WITH_KNOTS('',3,(#10005,#10006,#10007,#10008,#10009,
#10010,#10011,#10012,#10013,#10014),.UNSPECIFIED.,.F.,.F.,(4,1,1,1,1,1,
1,4),(0.1262698011893,0.315012537437732,0.945037612313197,1.26005014975093,
1.89007522462639,2.20508776206413,2.52010029950186,2.80946900079947),
 .UNSPECIFIED.);
#1092=B_SPLINE_CURVE_WITH_KNOTS('',3,(#10017,#10018,#10019,#10020,#10021,
#10022,#10023,#10024,#10025,#10026),.UNSPECIFIED.,.F.,.F.,(4,1,1,1,1,1,
1,4),(0.,0.315012537437732,0.945037612313197,1.26005014975093,1.89007522462639,
2.20508776206413,2.52010029950186,2.80317029218116),.UNSPECIFIED.);
#1093=B_SPLINE_CURVE_WITH_KNOTS('',3,(#10047,#10048,#10049,#10050),
 .UNSPECIFIED.,.F.,.F.,(4,4),(0.,0.359172929750742),.UNSPECIFIED.);
#1094=B_SPLINE_CURVE_WITH_KNOTS('',3,(#10068,#10069,#10070,#10071),
 .UNSPECIFIED.,.F.,.F.,(4,4),(0.,0.447198023767747),.UNSPECIFIED.);
#1095=B_SPLINE_CURVE_WITH_KNOTS('',3,(#10099,#10100,#10101,#10102,#10103),
 .UNSPECIFIED.,.F.,.F.,(4,1,4),(0.,0.389632529384128,0.782872767373663),
 .UNSPECIFIED.);
#1096=B_SPLINE_CURVE_WITH_KNOTS('',3,(#10151,#10152,#10153,#10154,#10155,
#10156,#10157,#10158,#10159),.UNSPECIFIED.,.F.,.F.,(4,1,1,1,1,1,4),(0.674483665908486,
0.730429485290688,1.33322027736546,1.63461567340285,2.23740646547763,2.53880186151502,
3.12900127203353),.UNSPECIFIED.);
#1097=B_SPLINE_CURVE_WITH_KNOTS('',3,(#10161,#10162,#10163,#10164,#10165),
 .UNSPECIFIED.,.F.,.F.,(4,1,4),(-0.281906515552723,-0.120817078094024,0.),
 .UNSPECIFIED.);
#1098=B_SPLINE_CURVE_WITH_KNOTS('',3,(#10166,#10167,#10168,#10169,#10170,
#10171,#10172,#10173),.UNSPECIFIED.,.F.,.F.,(4,1,1,1,1,4),(1.0101584095144,
1.33322027736546,1.63461567340285,2.23740646547763,2.53880186151502,3.12400380700234),
 .UNSPECIFIED.);
#1099=B_SPLINE_CURVE_WITH_KNOTS('',3,(#10210,#10211,#10212,#10213,#10214,
#10215,#10216,#10217,#10218),.UNSPECIFIED.,.F.,.F.,(4,1,1,1,1,1,4),(0.586458571891485,
0.651863917874007,1.27429610180295,1.8967282857319,2.20794437769637,2.51916046966085,
2.81374887096929),.UNSPECIFIED.);
#1100=B_SPLINE_CURVE_WITH_KNOTS('',3,(#10220,#10221,#10222,#10223),
 .UNSPECIFIED.,.F.,.F.,(4,4),(0.199184231495302,0.23896705195108),
 .UNSPECIFIED.);
#1101=B_SPLINE_CURVE_WITH_KNOTS('',3,(#10225,#10226,#10227,#10228),
 .UNSPECIFIED.,.F.,.F.,(4,4),(0.,0.247391715861328),.UNSPECIFIED.);
#1102=B_SPLINE_CURVE_WITH_KNOTS('',3,(#10229,#10230,#10231,#10232),
 .UNSPECIFIED.,.F.,.F.,(4,4),(0.486630058766048,0.547525144443172),
 .UNSPECIFIED.);
#1103=B_SPLINE_CURVE_WITH_KNOTS('',3,(#10234,#10235,#10236,#10237),
 .UNSPECIFIED.,.F.,.F.,(4,4),(0.54787051978776,0.548742754599427),
 .UNSPECIFIED.);
#1104=B_SPLINE_CURVE_WITH_KNOTS('',3,(#10239,#10240,#10241,#10242),
 .UNSPECIFIED.,.F.,.F.,(4,4),(-0.134984800815266,-0.0767418134791209),
 .UNSPECIFIED.);
#1105=B_SPLINE_CURVE_WITH_KNOTS('',3,(#10244,#10245,#10246,#10247),
 .UNSPECIFIED.,.F.,.F.,(4,4),(2.99900227314879,3.12966540302052),
 .UNSPECIFIED.);
#1106=B_SPLINE_CURVE_WITH_KNOTS('',3,(#10248,#10249,#10250,#10251),
 .UNSPECIFIED.,.F.,.F.,(4,4),(-0.135307282283899,0.),.UNSPECIFIED.);
#1107=B_SPLINE_CURVE_WITH_KNOTS('',3,(#10303,#10304,#10305,#10306,#10307,
#10308,#10309,#10310,#10311,#10312),.UNSPECIFIED.,.F.,.F.,(4,1,1,1,1,1,
1,4),(0.10101584095144,0.625277526882066,0.937916290323098,1.25055505376413,
1.8758325806462,2.18847134408723,2.50111010752826,2.80946900079947),
 .UNSPECIFIED.);
#1108=B_SPLINE_CURVE_WITH_KNOTS('',3,(#10313,#10314,#10315,#10316,#10317),
 .UNSPECIFIED.,.F.,.F.,(4,1,4),(-0.130036668020686,-0.0557300005802939,
0.),.UNSPECIFIED.);
#1109=B_SPLINE_CURVE_WITH_KNOTS('',3,(#10346,#10347,#10348,#10349),
 .UNSPECIFIED.,.F.,.F.,(4,4),(0.00770732801787771,0.118828881396919),
 .UNSPECIFIED.);
#1110=B_SPLINE_CURVE_WITH_KNOTS('',3,(#10351,#10352,#10353,#10354),
 .UNSPECIFIED.,.F.,.F.,(4,4),(-0.0330932624451687,4.21684422910368E-13),
 .UNSPECIFIED.);
#1111=B_SPLINE_CURVE_WITH_KNOTS('',3,(#10356,#10357,#10358,#10359),
 .UNSPECIFIED.,.F.,.F.,(4,4),(-0.131946891450771,0.),.UNSPECIFIED.);
#1112=B_SPLINE_CURVE_WITH_KNOTS('',3,(#10360,#10361,#10362,#10363),
 .UNSPECIFIED.,.F.,.F.,(4,4),(0.131946891450786,0.153811997776401),
 .UNSPECIFIED.);
#1113=B_SPLINE_CURVE_WITH_KNOTS('',3,(#10380,#10381,#10382,#10383),
 .UNSPECIFIED.,.F.,.F.,(4,4),(0.00894647994424854,0.118134404414093),
 .UNSPECIFIED.);
#1114=B_SPLINE_CURVE_WITH_KNOTS('',3,(#10404,#10405,#10406,#10407),
 .UNSPECIFIED.,.F.,.F.,(4,4),(0.0118345957789861,0.120112295671785),
 .UNSPECIFIED.);
#1115=B_SPLINE_CURVE_WITH_KNOTS('',3,(#10472,#10473,#10474,#10475),
 .UNSPECIFIED.,.F.,.F.,(4,4),(2.98842369436066,3.12375893021618),
 .UNSPECIFIED.);
#1116=B_SPLINE_CURVE_WITH_KNOTS('',3,(#10476,#10477,#10478,#10479,#10480,
#10481,#10482,#10483,#10484,#10485,#10486),.UNSPECIFIED.,.F.,.F.,(4,1,1,
1,1,1,1,1,4),(0.,0.523598775598299,0.785398163397448,1.30899693899575,1.5707963267949,
2.0943951023932,2.35619449019234,2.87979326579064,3.12220338982398),
 .UNSPECIFIED.);
#1117=B_SPLINE_CURVE_WITH_KNOTS('',3,(#10537,#10538,#10539,#10540,#10541,
#10542,#10543,#10544,#10545),.UNSPECIFIED.,.F.,.F.,(4,1,1,1,1,1,4),(0.611712532129345,
0.945037612313197,1.26005014975093,1.89007522462639,2.20508776206413,2.52010029950186,
2.8137488709693),.UNSPECIFIED.);
#1118=B_SPLINE_CURVE_WITH_KNOTS('',3,(#10582,#10583,#10584,#10585,#10586,
#10587,#10588,#10589),.UNSPECIFIED.,.F.,.F.,(4,1,1,1,1,4),(0.699737626146347,
1.29113207529486,1.90795226805984,2.21636236444233,2.8331825572073,3.12900127203353),
 .UNSPECIFIED.);
#1119=B_SPLINE_CURVE_WITH_KNOTS('',3,(#10590,#10591,#10592,#10593),
 .UNSPECIFIED.,.F.,.F.,(4,4),(2.99900227314879,3.12966540302051),
 .UNSPECIFIED.);
#1120=B_SPLINE_CURVE_WITH_KNOTS('',3,(#10659,#10660,#10661,#10662),
 .UNSPECIFIED.,.F.,.F.,(4,4),(2.99270356453048,3.12739339349307),
 .UNSPECIFIED.);
#1121=B_SPLINE_CURVE_WITH_KNOTS('',3,(#10738,#10739,#10740,#10741,#10742,
#10743),.UNSPECIFIED.,.F.,.F.,(4,1,1,4),(0.,0.523598775598299,0.785398163397448,
1.0471975511966),.UNSPECIFIED.);
#1122=B_SPLINE_CURVE_WITH_KNOTS('',3,(#10768,#10769,#10770,#10771),
 .UNSPECIFIED.,.F.,.F.,(4,4),(-0.00748392788665795,0.),.UNSPECIFIED.);
#1123=B_SPLINE_CURVE_WITH_KNOTS('',3,(#10774,#10775,#10776,#10777),
 .UNSPECIFIED.,.F.,.F.,(4,4),(0.,0.00748392788665795),.UNSPECIFIED.);
#1124=B_SPLINE_CURVE_WITH_KNOTS('',3,(#10803,#10804,#10805,#10806,#10807,
#10808),.UNSPECIFIED.,.F.,.F.,(4,1,1,4),(-0.0280857862763665,-0.0200612759116903,
-0.0120367655470142,0.),.UNSPECIFIED.);
#1125=B_SPLINE_CURVE_WITH_KNOTS('',3,(#10811,#10812,#10813,#10814,#10815,
#10816),.UNSPECIFIED.,.F.,.F.,(4,1,1,4),(0.,0.0120367655470142,0.0200612759116903,
0.0280857862763665),.UNSPECIFIED.);
#1126=B_SPLINE_CURVE_WITH_KNOTS('',3,(#10854,#10855,#10856,#10857,#10858,
#10859,#10860),.UNSPECIFIED.,.F.,.F.,(4,1,1,1,4),(-0.0280861226252445,-0.0200615161608889,
-0.0120369096965333,-0.00401230323217778,0.),.UNSPECIFIED.);
#1127=B_SPLINE_CURVE_WITH_KNOTS('',3,(#10863,#10864,#10865,#10866,#10867,
#10868,#10869),.UNSPECIFIED.,.F.,.F.,(4,1,1,1,4),(0.,0.00401230323217778,
0.0120369096965333,0.0200615161608889,0.0280861226252445),.UNSPECIFIED.);
#1128=B_SPLINE_CURVE_WITH_KNOTS('',3,(#10893,#10894,#10895,#10896),
 .UNSPECIFIED.,.F.,.F.,(4,4),(0.027735449056371,0.0352233826841244),
 .UNSPECIFIED.);
#1129=B_SPLINE_CURVE_WITH_KNOTS('',3,(#10897,#10898,#10899,#10900),
 .UNSPECIFIED.,.F.,.F.,(4,4),(-0.0352233826841244,-0.027735449056371),
 .UNSPECIFIED.);
#1130=B_SPLINE_CURVE_WITH_KNOTS('',3,(#10934,#10935,#10936,#10937,#10938,
#10939),.UNSPECIFIED.,.F.,.F.,(4,1,1,4),(-0.0351713082002388,-0.0272706847961794,
-0.0213452172431348,-0.00751912628603082),.UNSPECIFIED.);
#1131=B_SPLINE_CURVE_WITH_KNOTS('',3,(#10940,#10941,#10942,#10943,#10944,
#10945),.UNSPECIFIED.,.F.,.F.,(4,1,1,4),(0.00751912628603082,0.0213452172431348,
0.0272706847961794,0.0351713082002388),.UNSPECIFIED.);
#1132=B_SPLINE_CURVE_WITH_KNOTS('',3,(#10979,#10980,#10981,#10982,#10983,
#10984),.UNSPECIFIED.,.F.,.F.,(4,1,1,4),(-1.12731500435331E-16,0.00790062245219301,
0.0138260892913378,0.0276521785826758),.UNSPECIFIED.);
#1133=B_SPLINE_CURVE_WITH_KNOTS('',3,(#10985,#10986,#10987,#10988,#10989,
#10990),.UNSPECIFIED.,.F.,.F.,(4,1,1,4),(-0.0276521785826758,-0.0138260892913378,
-0.00790062245219301,1.12731500435331E-16),.UNSPECIFIED.);
#1134=B_SPLINE_CURVE_WITH_KNOTS('',3,(#11018,#11019,#11020,#11021),
 .UNSPECIFIED.,.F.,.F.,(4,4),(-0.0157612125589175,-5.96397640788985E-8),
 .UNSPECIFIED.);
#1135=B_SPLINE_CURVE_WITH_KNOTS('',3,(#11024,#11025,#11026,#11027),
 .UNSPECIFIED.,.F.,.F.,(4,4),(5.96397640788985E-8,0.0316284965111438),
 .UNSPECIFIED.);
#1136=B_SPLINE_CURVE_WITH_KNOTS('',3,(#11050,#11051,#11052,#11053),
 .UNSPECIFIED.,.F.,.F.,(4,4),(-0.0316284474033007,1.19276503576082E-7),
 .UNSPECIFIED.);
#1137=B_SPLINE_CURVE_WITH_KNOTS('',3,(#11054,#11055,#11056,#11057),
 .UNSPECIFIED.,.F.,.F.,(4,4),(-1.19276503576082E-7,0.0157607678832203),
 .UNSPECIFIED.);
#1138=B_SPLINE_CURVE_WITH_KNOTS('',3,(#11198,#11199,#11200,#11201,#11202,
#11203,#11204,#11205,#11206,#11207,#11208,#11209),.UNSPECIFIED.,.F.,.F.,
(4,1,1,1,1,1,1,2,4),(-0.288840321540935,-0.231072257232748,-0.173304192924561,
-0.144420160770468,-0.115536128616374,-0.0866520964622805,-0.057768064308187,
0.,0.000600607380950018),.UNSPECIFIED.);
#1139=B_SPLINE_CURVE_WITH_KNOTS('',3,(#11210,#11211,#11212,#11213,#11214,
#11215,#11216,#11217,#11218,#11219,#11220,#11221),.UNSPECIFIED.,.F.,.F.,
(4,2,1,1,1,1,1,1,4),(-0.000600607380950018,0.,0.057768064308187,0.0866520964622805,
0.115536128616374,0.144420160770468,0.173304192924561,0.231072257232748,
0.288840321540935),.UNSPECIFIED.);
#1140=B_SPLINE_CURVE_WITH_KNOTS('',3,(#11289,#11290,#11291,#11292,#11293,
#11294,#11295,#11296,#11297,#11298,#11299,#11300),.UNSPECIFIED.,.F.,.F.,
(4,1,1,1,1,1,1,2,4),(0.,0.0577680643081864,0.115536128616373,0.173304192924559,
0.202188225078652,0.231072257232745,0.259956289386839,0.288840321540932,
0.289440928921885),.UNSPECIFIED.);
#1141=B_SPLINE_CURVE_WITH_KNOTS('',3,(#11301,#11302,#11303,#11304,#11305,
#11306,#11307,#11308,#11309,#11310,#11311,#11312),.UNSPECIFIED.,.F.,.F.,
(4,2,1,1,1,1,1,1,4),(-0.289440928921885,-0.288840321540932,-0.259956289386839,
-0.231072257232745,-0.202188225078652,-0.173304192924559,-0.115536128616373,
-0.0577680643081864,0.),.UNSPECIFIED.);
#1142=B_SPLINE_CURVE_WITH_KNOTS('',3,(#11353,#11354,#11355,#11356,#11357,
#11358),.UNSPECIFIED.,.F.,.F.,(4,2,4),(-0.0208478785136882,0.,0.000283533738622338),
 .UNSPECIFIED.);
#1143=B_SPLINE_CURVE_WITH_KNOTS('',3,(#11359,#11360,#11361,#11362,#11363,
#11364),.UNSPECIFIED.,.F.,.F.,(4,2,4),(-0.000283533738622338,0.,0.0208478785136882),
 .UNSPECIFIED.);
#1144=B_SPLINE_CURVE_WITH_KNOTS('',3,(#11396,#11397,#11398,#11399,#11400),
 .UNSPECIFIED.,.F.,.F.,(4,1,4),(-0.0281567620821276,-0.0140783810410638,
0.),.UNSPECIFIED.);
#1145=B_SPLINE_CURVE_WITH_KNOTS('',3,(#11403,#11404,#11405,#11406,#11407),
 .UNSPECIFIED.,.F.,.F.,(4,1,4),(0.,0.0140783810410638,0.0281567620821276),
 .UNSPECIFIED.);
#1146=B_SPLINE_CURVE_WITH_KNOTS('',3,(#11434,#11435,#11436,#11437),
 .UNSPECIFIED.,.F.,.F.,(4,4),(0.,1.23309134186381),.UNSPECIFIED.);
#1147=B_SPLINE_CURVE_WITH_KNOTS('',3,(#11438,#11439,#11440,#11441),
 .UNSPECIFIED.,.F.,.F.,(4,4),(-1.23309134186381,-0.0928359073390059),
 .UNSPECIFIED.);
#1148=B_SPLINE_CURVE_WITH_KNOTS('',3,(#11458,#11459,#11460,#11461),
 .UNSPECIFIED.,.F.,.F.,(4,4),(-1.17551413512861,-1.04737221099405),
 .UNSPECIFIED.);
#1149=B_SPLINE_CURVE_WITH_KNOTS('',3,(#11468,#11469,#11470,#11471),
 .UNSPECIFIED.,.F.,.F.,(4,4),(0.,0.0645999769472239),.UNSPECIFIED.);
#1150=B_SPLINE_CURVE_WITH_KNOTS('',3,(#11479,#11480,#11481,#11482),
 .UNSPECIFIED.,.F.,.F.,(4,4),(0.,0.0418217635916506),.UNSPECIFIED.);
#1151=B_SPLINE_CURVE_WITH_KNOTS('',3,(#11486,#11487,#11488,#11489,#11490,
#11491,#11492,#11493,#11494,#11495),.UNSPECIFIED.,.F.,.F.,(4,2,2,2,4),(-0.000380646278713758,
0.,0.0352222099806815,0.0599917786510734,0.0847991747167589),
 .UNSPECIFIED.);
#1152=B_SPLINE_CURVE_WITH_KNOTS('',3,(#11496,#11497,#11498,#11499,#11500,
#11501),.UNSPECIFIED.,.F.,.F.,(4,2,4),(0.433497858136384,0.462552663025306,
0.491568224289733),.UNSPECIFIED.);
#1153=B_SPLINE_CURVE_WITH_KNOTS('',3,(#11507,#11508,#11509,#11510,#11511,
#11512),.UNSPECIFIED.,.F.,.F.,(4,2,4),(-0.0211314122523132,-0.0208478785136396,
0.),.UNSPECIFIED.);
#1154=B_SPLINE_CURVE_WITH_KNOTS('',3,(#11539,#11540,#11541,#11542,#11543,
#11544),.UNSPECIFIED.,.F.,.F.,(4,2,4),(0.,0.0208478785136396,0.0211314122523132),
 .UNSPECIFIED.);
#1155=B_SPLINE_CURVE_WITH_KNOTS('',3,(#11578,#11579,#11580,#11581,#11582),
 .UNSPECIFIED.,.F.,.F.,(4,1,4),(-0.0281567620819843,-0.0140783810409922,
-8.334647299591E-17),.UNSPECIFIED.);
#1156=B_SPLINE_CURVE_WITH_KNOTS('',3,(#11583,#11584,#11585,#11586,#11587),
 .UNSPECIFIED.,.F.,.F.,(4,1,4),(8.334647299591E-17,0.0140783810409922,0.0281567620819843),
 .UNSPECIFIED.);
#1157=B_SPLINE_CURVE_WITH_KNOTS('',3,(#11612,#11613,#11614,#11615),
 .UNSPECIFIED.,.F.,.F.,(4,4),(0.0928357342636918,1.23308062338789),
 .UNSPECIFIED.);
#1158=B_SPLINE_CURVE_WITH_KNOTS('',3,(#11617,#11618,#11619,#11620),
 .UNSPECIFIED.,.F.,.F.,(4,4),(-1.23308062338789,0.),.UNSPECIFIED.);
#1159=B_SPLINE_CURVE_WITH_KNOTS('',3,(#11638,#11639,#11640,#11641),
 .UNSPECIFIED.,.F.,.F.,(4,4),(-0.278656928138502,-0.150515004004789),
 .UNSPECIFIED.);
#1160=B_SPLINE_CURVE_WITH_KNOTS('',3,(#11647,#11648,#11649,#11650,#11651,
#11652),.UNSPECIFIED.,.F.,.F.,(4,2,4),(0.,0.0290155612644266,0.0580703661533504),
 .UNSPECIFIED.);
#1161=B_SPLINE_CURVE_WITH_KNOTS('',3,(#11693,#11694,#11695,#11696,#11697,
#11698,#11699),.UNSPECIFIED.,.F.,.F.,(4,1,1,1,4),(0.0947161317936937,0.129642224402758,
0.164568317011822,0.211136440490574,0.257704563969327),.UNSPECIFIED.);
#1162=B_SPLINE_CURVE_WITH_KNOTS('',3,(#11741,#11742,#11743,#11744,#11745,
#11746,#11747,#11748,#11749,#11750),.UNSPECIFIED.,.F.,.F.,(4,2,2,2,4),(0.0616573040649535,
0.100152638964104,0.138557580294777,0.193186770721896,0.193775907565013),
 .UNSPECIFIED.);
#1163=B_SPLINE_CURVE_WITH_KNOTS('',3,(#11751,#11752,#11753,#11754,#11755,
#11756,#11757,#11758),.UNSPECIFIED.,.F.,.F.,(4,1,1,1,1,4),(-0.257445811067496,
-0.210968686124401,-0.187730123652854,-0.141252998709759,-0.118014436238212,
-0.0947758737666646),.UNSPECIFIED.);
#1164=B_SPLINE_CURVE_WITH_KNOTS('',3,(#11763,#11764,#11765,#11766,#11767,
#11768,#11769,#11770,#11771,#11772),.UNSPECIFIED.,.F.,.F.,(4,2,2,2,4),(-0.000364440251433405,
0.,0.0170963634488401,0.0344927250858725,0.0497352328754668),
 .UNSPECIFIED.);
#1165=B_SPLINE_CURVE_WITH_KNOTS('',3,(#11857,#11858,#11859,#11860,#11861,
#11862,#11863,#11864,#11865,#11866),.UNSPECIFIED.,.F.,.F.,(4,2,2,2,4),(0.,
0.0154108214621471,0.0324743829762396,0.0492531278776317,0.0496141925239046),
 .UNSPECIFIED.);
#1166=B_SPLINE_CURVE_WITH_KNOTS('',3,(#11872,#11873,#11874,#11875),
 .UNSPECIFIED.,.F.,.F.,(4,4),(0.307957379275394,0.349779142867044),
 .UNSPECIFIED.);
#1167=B_SPLINE_CURVE_WITH_KNOTS('',3,(#11882,#11883,#11884,#11885),
 .UNSPECIFIED.,.F.,.F.,(4,4),(0.,0.0418217635916504),.UNSPECIFIED.);
#1168=B_SPLINE_CURVE_WITH_KNOTS('',3,(#11889,#11890,#11891,#11892,#11893,
#11894,#11895,#11896,#11897,#11898),.UNSPECIFIED.,.F.,.F.,(4,2,2,2,4),(-0.00036453582928048,
0.,0.0169400514568103,0.0341676576802755,0.0497266348323035),
 .UNSPECIFIED.);
#1169=B_SPLINE_CURVE_WITH_KNOTS('',3,(#11923,#11924,#11925,#11926,#11927,
#11928,#11929,#11930,#11931,#11932,#11933,#11934),.UNSPECIFIED.,.F.,.F.,
(4,2,2,2,2,4),(-0.0531888148621973,-0.0529286057276245,-0.0399752993783786,
-0.0271930743336761,-0.0124767819961049,-0.00122942791409122),
 .UNSPECIFIED.);
#1170=B_SPLINE_CURVE_WITH_KNOTS('',3,(#11937,#11938,#11939,#11940,#11941,
#11942),.UNSPECIFIED.,.F.,.F.,(4,2,4),(2.11333777357627E-6,0.0273423274160927,
0.0277490201097574),.UNSPECIFIED.);
#1171=B_SPLINE_CURVE_WITH_KNOTS('',3,(#11945,#11946,#11947,#11948,#11949,
#11950,#11951,#11952,#11953,#11954),.UNSPECIFIED.,.F.,.F.,(4,2,2,2,4),(0.000228412512311892,
0.0153245935142614,0.0325539515485952,0.0494861913520091,0.0498471330078031),
 .UNSPECIFIED.);
#1172=B_SPLINE_CURVE_WITH_KNOTS('',3,(#11958,#11959,#11960,#11961,#11962,
#11963,#11964,#11965,#11966,#11967),.UNSPECIFIED.,.F.,.F.,(4,2,2,2,4),(-0.000364942493155455,
0.,0.0169634027136989,0.0342109396459604,0.0497257079708898),
 .UNSPECIFIED.);
#1173=B_SPLINE_CURVE_WITH_KNOTS('',3,(#11971,#11972,#11973,#11974),
 .UNSPECIFIED.,.F.,.F.,(4,4),(0.307957379275393,0.349779142867044),
 .UNSPECIFIED.);
#1174=B_SPLINE_CURVE_WITH_KNOTS('',3,(#12028,#12029,#12030,#12031,#12032,
#12033,#12034,#12035,#12036,#12037,#12038,#12039),.UNSPECIFIED.,.F.,.F.,
(4,2,2,2,2,4),(-0.0532904993344509,-0.0530304407572471,-0.039980357148521,
-0.0271030551843643,-0.0124070663180537,-0.0013846565268479),
 .UNSPECIFIED.);
#1175=B_SPLINE_CURVE_WITH_KNOTS('',3,(#12042,#12043,#12044,#12045,#12046,
#12047),.UNSPECIFIED.,.F.,.F.,(4,2,4),(2.10833575953359E-6,0.0273440034172523,
0.0277489749112824),.UNSPECIFIED.);
#1176=B_SPLINE_CURVE_WITH_KNOTS('',3,(#12051,#12052,#12053,#12054,#12055,
#12056),.UNSPECIFIED.,.F.,.F.,(4,2,4),(-0.000370719742578235,0.,0.026911043298015),
 .UNSPECIFIED.);
#1177=B_SPLINE_CURVE_WITH_KNOTS('',3,(#12058,#12059,#12060,#12061,#12062,
#12063,#12064,#12065,#12066,#12067,#12068,#12069),.UNSPECIFIED.,.F.,.F.,
(4,2,2,2,2,4),(-0.0631138023454941,-0.0498004817223074,-0.0318495592242635,
-0.0160358309487371,0.,0.00031704758315291),.UNSPECIFIED.);
#1178=B_SPLINE_CURVE_WITH_KNOTS('',3,(#12106,#12107,#12108,#12109,#12110,
#12111,#12112,#12113,#12114,#12115,#12116,#12117),.UNSPECIFIED.,.F.,.F.,
(4,2,2,2,2,4),(-0.0533401269567848,-0.0530802208840372,-0.0399804677486875,
-0.0270553980908752,-0.0123699442179024,-0.00145979961984778),
 .UNSPECIFIED.);
#1179=B_SPLINE_CURVE_WITH_KNOTS('',3,(#12120,#12121,#12122,#12123,#12124,
#12125),.UNSPECIFIED.,.F.,.F.,(4,2,4),(2.10802637209421E-6,0.0273423221340983,
0.02774901482459),.UNSPECIFIED.);
#1180=B_SPLINE_CURVE_WITH_KNOTS('',3,(#12129,#12130,#12131,#12132,#12133,
#12134),.UNSPECIFIED.,.F.,.F.,(4,2,4),(-0.000398207339612578,0.,0.0268852842127096),
 .UNSPECIFIED.);
#1181=B_SPLINE_CURVE_WITH_KNOTS('',3,(#12136,#12137,#12138,#12139,#12140,
#12141,#12142,#12143,#12144,#12145,#12146,#12147),.UNSPECIFIED.,.F.,.F.,
(4,2,2,2,2,4),(-0.0631193745060937,-0.049705937421998,-0.031746701139972,
-0.0159792871565382,0.,0.000317848855103745),.UNSPECIFIED.);
#1182=B_SPLINE_CURVE_WITH_KNOTS('',3,(#12154,#12155,#12156,#12157,#12158,
#12159,#12160,#12161,#12162,#12163,#12164,#12165),.UNSPECIFIED.,.F.,.F.,
(4,2,2,2,2,4),(-0.0631152175777066,-0.0497756303479803,-0.0318200340032025,
-0.0160168112287539,0.,0.000317781253623686),.UNSPECIFIED.);
#1183=B_SPLINE_CURVE_WITH_KNOTS('',3,(#12173,#12174,#12175,#12176,#12177,
#12178),.UNSPECIFIED.,.F.,.F.,(4,2,4),(-0.000399900803017412,0.,0.0268836973924259),
 .UNSPECIFIED.);
#1184=B_SPLINE_CURVE_WITH_KNOTS('',3,(#12212,#12213,#12214,#12215),
 .UNSPECIFIED.,.F.,.F.,(4,4),(0.307957379275393,0.349779142867044),
 .UNSPECIFIED.);
#1185=B_SPLINE_CURVE_WITH_KNOTS('',3,(#12219,#12220,#12221,#12222),
 .UNSPECIFIED.,.F.,.F.,(4,4),(0.,0.0418217635916505),.UNSPECIFIED.);
#1186=B_SPLINE_CURVE_WITH_KNOTS('',3,(#12226,#12227,#12228,#12229,#12230,
#12231,#12232,#12233,#12234,#12235),.UNSPECIFIED.,.F.,.F.,(4,2,2,2,4),(0.,
0.0153674682234522,0.0324512538261997,0.0492536028334596,0.0496150804945685),
 .UNSPECIFIED.);
#1187=B_SPLINE_CURVE_WITH_KNOTS('',3,(#12244,#12245,#12246,#12247),
 .UNSPECIFIED.,.F.,.F.,(4,4),(0.335998359692887,0.400598336639372),
 .UNSPECIFIED.);
#1188=B_SPLINE_CURVE_WITH_KNOTS('',3,(#12269,#12270,#12271,#12272,#12273,
#12274,#12275,#12276),.UNSPECIFIED.,.F.,.F.,(4,2,2,4),(0.147707886339638,
0.165589682579024,0.188270034102142,0.20175870668763),.UNSPECIFIED.);
#1189=B_SPLINE_CURVE_WITH_KNOTS('',3,(#12292,#12293,#12294,#12295,#12296,
#12297,#12298,#12299,#12300,#12301),.UNSPECIFIED.,.F.,.F.,(4,2,2,2,4),(0.230842148199925,
0.238110775925036,0.259283188335993,0.279119485318022,0.282131886752296),
 .UNSPECIFIED.);
#1190=B_SPLINE_CURVE_WITH_KNOTS('',3,(#12304,#12305,#12306,#12307),
 .UNSPECIFIED.,.F.,.F.,(4,4),(0.276059622625194,0.315704255232593),
 .UNSPECIFIED.);
#1191=B_SPLINE_CURVE_WITH_KNOTS('',3,(#12318,#12319,#12320,#12321),
 .UNSPECIFIED.,.F.,.F.,(4,4),(0.,0.0396446326073988),.UNSPECIFIED.);
#1192=B_SPLINE_CURVE_WITH_KNOTS('',3,(#12403,#12404,#12405,#12406),
 .UNSPECIFIED.,.F.,.F.,(4,4),(0.,0.384426889988606),.UNSPECIFIED.);
#1193=B_SPLINE_CURVE_WITH_KNOTS('',3,(#12435,#12436,#12437,#12438),
 .UNSPECIFIED.,.F.,.F.,(4,4),(0.,0.472451984005609),.UNSPECIFIED.);
#1194=B_SPLINE_CURVE_WITH_KNOTS('',3,(#12513,#12514,#12515,#12516,#12517),
 .UNSPECIFIED.,.F.,.F.,(4,1,4),(-0.1295390260925,-0.0555167254682144,-1.66607592175777E-16),
 .UNSPECIFIED.);
#1195=B_SPLINE_CURVE_WITH_KNOTS('',3,(#12543,#12544,#12545,#12546,#12547),
 .UNSPECIFIED.,.F.,.F.,(4,1,4),(-0.130036666392961,-0.0557299998826988,
-2.11179309915303E-15),.UNSPECIFIED.);
#1196=B_SPLINE_CURVE_WITH_KNOTS('',3,(#12579,#12580,#12581,#12582,#12583),
 .UNSPECIFIED.,.F.,.F.,(4,1,4),(-0.129539024447959,-0.0555167247634113,
-8.58443405116536E-16),.UNSPECIFIED.);
#1197=B_SPLINE_CURVE_WITH_KNOTS('',3,(#12635,#12636,#12637,#12638),
 .UNSPECIFIED.,.F.,.F.,(4,4),(0.106871359133041,0.107919652725966),
 .UNSPECIFIED.);
#1198=B_SPLINE_CURVE_WITH_KNOTS('',3,(#12640,#12641,#12642,#12643,#12644,
#12645,#12646,#12647,#12648,#12649,#12650,#12651,#12652,#12653,#12654,#12655,
#12656,#12657,#12658,#12659,#12660,#12661,#12662,#12663,#12664,#12665,#12666,
#12667,#12668,#12669,#12670,#12671,#12672,#12673,#12674,#12675,#12676),
 .UNSPECIFIED.,.F.,.F.,(4,3,3,3,3,3,3,3,3,3,3,3,4),(0.000605050817505121,
0.0149261212612637,0.0286211514348531,0.0421062576474004,0.0551603250671643,
0.0578893325925396,0.0629460174167289,0.0730821102171115,0.0824534604749864,
0.0914754240617144,0.10022103027468,0.108700503698011,0.110099402911737),
 .UNSPECIFIED.);
#1199=B_SPLINE_CURVE_WITH_KNOTS('',3,(#12678,#12679,#12680,#12681,#12682),
 .UNSPECIFIED.,.F.,.F.,(4,1,4),(0.111549680625538,0.160625262119122,0.281094208708463),
 .UNSPECIFIED.);
#1200=B_SPLINE_CURVE_WITH_KNOTS('',3,(#12685,#12686,#12687,#12688,#12689),
 .UNSPECIFIED.,.F.,.F.,(4,1,4),(-0.281094208708463,-0.160625262119122,2.77555756156289E-17),
 .UNSPECIFIED.);
#1201=B_SPLINE_CURVE_WITH_KNOTS('',3,(#12713,#12714,#12715,#12716),
 .UNSPECIFIED.,.F.,.F.,(4,4),(-0.135080370532403,-3.30069459330862E-18),
 .UNSPECIFIED.);
#1202=B_SPLINE_CURVE_WITH_KNOTS('',3,(#12717,#12718,#12719,#12720),
 .UNSPECIFIED.,.F.,.F.,(4,4),(3.30069459330862E-18,0.135080370532403),
 .UNSPECIFIED.);
#1203=B_SPLINE_CURVE_WITH_KNOTS('',3,(#12749,#12750,#12751,#12752,#12753),
 .UNSPECIFIED.,.F.,.F.,(4,1,4),(-0.158909929237902,-0.0681042553876724,
-8.63432353650863E-17),.UNSPECIFIED.);
#1204=B_SPLINE_CURVE_WITH_KNOTS('',3,(#12754,#12755,#12756,#12757,#12758),
 .UNSPECIFIED.,.F.,.F.,(4,1,4),(8.63432353650863E-17,0.0681042553876724,
0.158909929237902),.UNSPECIFIED.);
#1205=B_SPLINE_CURVE_WITH_KNOTS('',3,(#12786,#12787,#12788,#12789,#12790),
 .UNSPECIFIED.,.F.,.F.,(4,1,4),(-0.159245884197983,-0.0682482360848504,
-5.87664884606704E-16),.UNSPECIFIED.);
#1206=B_SPLINE_CURVE_WITH_KNOTS('',3,(#12791,#12792,#12793,#12794,#12795),
 .UNSPECIFIED.,.F.,.F.,(4,1,4),(5.87664884606704E-16,0.0682482360848504,
0.159245884197983),.UNSPECIFIED.);
#1207=B_SPLINE_CURVE_WITH_KNOTS('',3,(#12818,#12819,#12820,#12821),
 .UNSPECIFIED.,.F.,.F.,(4,4),(0.,0.135307282283899),.UNSPECIFIED.);
#1208=B_SPLINE_CURVE_WITH_KNOTS('',3,(#12848,#12849,#12850,#12851,#12852,
#12853,#12854,#12855),.UNSPECIFIED.,.F.,.F.,(4,2,2,4),(0.,0.0294462599463654,
0.106444914887161,0.107015321290399),.UNSPECIFIED.);
#1209=B_SPLINE_CURVE_WITH_KNOTS('',3,(#12856,#12857,#12858,#12859,#12860),
 .UNSPECIFIED.,.F.,.F.,(4,1,4),(0.,0.120817078094024,0.170120607802132),
 .UNSPECIFIED.);
#1210=B_SPLINE_CURVE_WITH_KNOTS('',3,(#12883,#12884,#12885,#12886),
 .UNSPECIFIED.,.F.,.F.,(4,4),(0.0118345957789861,0.120112295671785),
 .UNSPECIFIED.);
#1211=B_SPLINE_CURVE_WITH_KNOTS('',3,(#12915,#12916,#12917,#12918),
 .UNSPECIFIED.,.F.,.F.,(4,4),(0.00770859893647184,0.118828881397051),
 .UNSPECIFIED.);
#1212=B_SPLINE_CURVE_WITH_KNOTS('',3,(#12935,#12936,#12937,#12938),
 .UNSPECIFIED.,.F.,.F.,(4,4),(0.00894647994424743,0.118134404414093),
 .UNSPECIFIED.);
#1213=B_SPLINE_CURVE_WITH_KNOTS('',3,(#13003,#13004,#13005,#13006,#13007,
#13008,#13009,#13010,#13011,#13012),.UNSPECIFIED.,.F.,.F.,(4,1,1,1,1,1,
1,4),(0.,0.260313244184682,0.780939732554045,1.04125297673873,1.56187946510809,
1.82219270929277,2.34281919766213,2.80317029218115),.UNSPECIFIED.);
#1214=B_SPLINE_CURVE_WITH_KNOTS('',3,(#13013,#13014,#13015,#13016,#13017,
#13018,#13019,#13020,#13021,#13022,#13023),.UNSPECIFIED.,.F.,.F.,(4,1,1,
1,1,1,1,1,4),(0.,0.260313244184682,0.780939732554045,1.04125297673873,1.56187946510809,
1.82219270929277,2.34281919766213,2.8634456860315,3.12220338982397),
 .UNSPECIFIED.);
#1215=B_SPLINE_CURVE_WITH_KNOTS('',3,(#13024,#13025,#13026,#13027),
 .UNSPECIFIED.,.F.,.F.,(4,4),(2.98842369436065,3.12375893021618),
 .UNSPECIFIED.);
#1216=B_SPLINE_CURVE_WITH_KNOTS('',3,(#13074,#13075,#13076,#13077),
 .UNSPECIFIED.,.F.,.F.,(4,4),(3.1213894853995,3.12400380700234),
 .UNSPECIFIED.);
#1217=B_SPLINE_CURVE_WITH_KNOTS('',3,(#13098,#13099,#13100,#13101),
 .UNSPECIFIED.,.F.,.F.,(4,4),(2.99270356453049,3.12739339349307),
 .UNSPECIFIED.);
#1218=CIRCLE('',#5010,16.2);
#1219=CIRCLE('',#5012,16.2);
#1220=CIRCLE('',#5013,16.2);
#1221=CIRCLE('',#5015,11.7788854382);
#1222=CIRCLE('',#5016,0.2);
#1223=CIRCLE('',#5017,11.8);
#1224=CIRCLE('',#5018,11.8);
#1225=CIRCLE('',#5019,11.7788854382);
#1226=CIRCLE('',#5021,11.35527864045);
#1227=CIRCLE('',#5022,11.35527864045);
#1228=CIRCLE('',#5024,11.8);
#1229=CIRCLE('',#5025,11.8);
#1230=CIRCLE('',#5026,11.8);
#1231=CIRCLE('',#5028,0.2);
#1232=CIRCLE('',#5029,11.17639320225);
#1233=CIRCLE('',#5031,10.7);
#1234=CIRCLE('',#5032,0.280000000000001);
#1235=CIRCLE('',#5033,0.28);
#1236=CIRCLE('',#5034,0.279999999999999);
#1237=CIRCLE('',#5035,0.28);
#1238=CIRCLE('',#5036,0.28);
#1239=CIRCLE('',#5038,0.199999999999999);
#1240=CIRCLE('',#5039,0.2);
#1241=CIRCLE('',#5040,0.200000000000086);
#1242=CIRCLE('',#5041,0.2);
#1243=CIRCLE('',#5042,0.2);
#1244=CIRCLE('',#5043,0.2);
#1245=CIRCLE('',#5044,0.200000000000001);
#1246=CIRCLE('',#5046,0.499999999999998);
#1247=CIRCLE('',#5047,0.200000000000002);
#1248=CIRCLE('',#5048,0.199999999999997);
#1249=CIRCLE('',#5049,0.2);
#1250=CIRCLE('',#5050,0.200000000000001);
#1251=CIRCLE('',#5051,0.199999999999999);
#1252=CIRCLE('',#5052,0.199999999999996);
#1253=CIRCLE('',#5053,0.200000000000001);
#1254=CIRCLE('',#5054,0.500000000000002);
#1255=CIRCLE('',#5056,0.5);
#1256=CIRCLE('',#5057,0.200000000000002);
#1257=CIRCLE('',#5058,0.200000000000003);
#1258=CIRCLE('',#5059,0.199999999999997);
#1259=CIRCLE('',#5060,0.2);
#1260=CIRCLE('',#5061,0.200000000000001);
#1261=CIRCLE('',#5062,0.200000000000002);
#1262=CIRCLE('',#5063,0.2);
#1263=CIRCLE('',#5064,0.500000000000001);
#1264=CIRCLE('',#5066,0.499999999999999);
#1265=CIRCLE('',#5067,0.199999999999998);
#1266=CIRCLE('',#5068,0.2);
#1267=CIRCLE('',#5069,0.20000000000001);
#1268=CIRCLE('',#5070,0.2);
#1269=CIRCLE('',#5071,0.2);
#1270=CIRCLE('',#5072,0.199999999999999);
#1271=CIRCLE('',#5073,0.2);
#1272=CIRCLE('',#5075,0.500000000000002);
#1273=CIRCLE('',#5076,0.500000000000002);
#1274=CIRCLE('',#5077,0.5);
#1275=CIRCLE('',#5078,0.499999999999995);
#1276=CIRCLE('',#5079,0.500000000000001);
#1277=CIRCLE('',#5080,0.499999999999998);
#1278=CIRCLE('',#5081,0.500000000000006);
#1279=CIRCLE('',#5082,0.499999999999998);
#1280=CIRCLE('',#5083,0.500000000000005);
#1281=CIRCLE('',#5084,0.499999999999998);
#1282=CIRCLE('',#5085,0.500000000000006);
#1283=CIRCLE('',#5086,0.499999999999997);
#1284=CIRCLE('',#5088,16.7);
#1285=CIRCLE('',#5089,0.500000000000001);
#1286=CIRCLE('',#5090,0.499999999999998);
#1287=CIRCLE('',#5091,0.5);
#1288=CIRCLE('',#5092,0.499999999999998);
#1289=CIRCLE('',#5094,0.499999999999976);
#1290=CIRCLE('',#5095,16.7);
#1291=CIRCLE('',#5096,16.2);
#1292=CIRCLE('',#5097,0.50000000000001);
#1293=CIRCLE('',#5098,0.499999999999995);
#1294=CIRCLE('',#5099,0.499999999999993);
#1295=CIRCLE('',#5101,20.5);
#1296=CIRCLE('',#5102,20.5);
#1297=CIRCLE('',#5104,20.5);
#1298=CIRCLE('',#5105,1.5);
#1299=CIRCLE('',#5106,1.86465823463584);
#1300=CIRCLE('',#5107,0.2);
#1301=CIRCLE('',#5108,0.199999999999998);
#1302=CIRCLE('',#5109,0.2);
#1303=CIRCLE('',#5111,0.2);
#1304=CIRCLE('',#5112,15.0582605093487);
#1305=CIRCLE('',#5113,15.0582605093487);
#1306=CIRCLE('',#5114,14.8867619242062);
#1307=CIRCLE('',#5115,0.2);
#1308=CIRCLE('',#5116,0.200000000000005);
#1309=CIRCLE('',#5117,0.2);
#1310=CIRCLE('',#5118,0.2);
#1311=CIRCLE('',#5120,0.4);
#1312=CIRCLE('',#5121,0.2);
#1313=CIRCLE('',#5123,0.4);
#1314=CIRCLE('',#5124,2.8);
#1315=CIRCLE('',#5126,0.2);
#1316=CIRCLE('',#5127,0.199999999999999);
#1317=CIRCLE('',#5129,15.0285014148575);
#1318=CIRCLE('',#5130,0.2);
#1319=CIRCLE('',#5131,15.);
#1320=CIRCLE('',#5133,3.);
#1321=CIRCLE('',#5135,0.200000000000001);
#1322=CIRCLE('',#5137,15.);
#1323=CIRCLE('',#5139,16.2);
#1324=CIRCLE('',#5140,16.2);
#1325=CIRCLE('',#5142,0.2);
#1326=CIRCLE('',#5143,0.2);
#1327=CIRCLE('',#5145,0.2);
#1328=CIRCLE('',#5146,0.199999999999999);
#1329=CIRCLE('',#5147,0.200000000000002);
#1330=CIRCLE('',#5149,14.8);
#1331=CIRCLE('',#5152,3.2);
#1332=CIRCLE('',#5153,3.);
#1333=CIRCLE('',#5156,0.3);
#1334=CIRCLE('',#5157,0.4);
#1335=CIRCLE('',#5158,0.400000000000001);
#1336=CIRCLE('',#5159,0.3);
#1337=CIRCLE('',#5160,3.2);
#1338=CIRCLE('',#5161,0.3);
#1339=CIRCLE('',#5162,0.4);
#1340=CIRCLE('',#5163,0.400000000000001);
#1341=CIRCLE('',#5164,0.3);
#1342=CIRCLE('',#5165,3.2);
#1343=CIRCLE('',#5166,1.96);
#1344=CIRCLE('',#5167,1.96);
#1345=CIRCLE('',#5168,1.96);
#1346=CIRCLE('',#5169,1.96);
#1347=CIRCLE('',#5170,0.800000000000002);
#1348=CIRCLE('',#5172,0.800000000000002);
#1349=CIRCLE('',#5173,20.2);
#1350=CIRCLE('',#5174,21.);
#1351=CIRCLE('',#5176,21.);
#1352=CIRCLE('',#5177,21.);
#1353=CIRCLE('',#5178,21.);
#1354=CIRCLE('',#5179,21.);
#1355=CIRCLE('',#5180,0.799999999999999);
#1356=CIRCLE('',#5181,0.8);
#1357=CIRCLE('',#5182,0.8);
#1358=CIRCLE('',#5184,0.7);
#1359=CIRCLE('',#5186,1.);
#1360=CIRCLE('',#5188,20.7071067811865);
#1361=CIRCLE('',#5189,0.800000000000004);
#1362=CIRCLE('',#5190,0.800000000000002);
#1363=CIRCLE('',#5191,0.799999999999659);
#1364=CIRCLE('',#5193,12.0343145750508);
#1365=CIRCLE('',#5196,0.8);
#1366=CIRCLE('',#5197,11.);
#1367=CIRCLE('',#5198,0.8);
#1368=CIRCLE('',#5201,1.);
#1369=CIRCLE('',#5202,1.);
#1370=CIRCLE('',#5203,2.7);
#1371=CIRCLE('',#5204,1.);
#1372=CIRCLE('',#5205,1.);
#1373=CIRCLE('',#5206,2.7);
#1374=CIRCLE('',#5207,1.);
#1375=CIRCLE('',#5208,1.);
#1376=CIRCLE('',#5209,2.7);
#1377=CIRCLE('',#5210,1.);
#1378=CIRCLE('',#5211,1.);
#1379=CIRCLE('',#5212,3.);
#1380=CIRCLE('',#5213,1.7);
#1381=CIRCLE('',#5214,1.7);
#1382=CIRCLE('',#5215,1.7);
#1383=CIRCLE('',#5216,1.7);
#1384=CIRCLE('',#5218,2.8);
#1385=CIRCLE('',#5219,0.2);
#1386=CIRCLE('',#5220,2.8);
#1387=CIRCLE('',#5222,2.8);
#1388=CIRCLE('',#5223,2.8);
#1389=CIRCLE('',#5225,0.2);
#1390=CIRCLE('',#5226,0.2);
#1391=CIRCLE('',#5227,0.2);
#1392=CIRCLE('',#5229,0.2);
#1393=CIRCLE('',#5231,0.2);
#1394=CIRCLE('',#5232,0.2);
#1395=CIRCLE('',#5235,3.5);
#1396=CIRCLE('',#5238,0.5);
#1397=CIRCLE('',#5240,0.5);
#1398=CIRCLE('',#5241,0.5);
#1399=CIRCLE('',#5242,0.5);
#1400=CIRCLE('',#5244,0.500000000000002);
#1401=CIRCLE('',#5246,0.500000000000002);
#1402=CIRCLE('',#5248,0.5);
#1403=CIRCLE('',#5250,0.5);
#1404=CIRCLE('',#5252,0.5);
#1405=CIRCLE('',#5254,1.);
#1406=CIRCLE('',#5255,0.5);
#1407=CIRCLE('',#5257,0.5);
#1408=CIRCLE('',#5260,0.5);
#1409=CIRCLE('',#5263,0.2);
#1410=CIRCLE('',#5264,0.2);
#1411=CIRCLE('',#5265,0.5);
#1412=CIRCLE('',#5268,0.200000000000001);
#1413=CIRCLE('',#5271,0.5);
#1414=CIRCLE('',#5272,0.5);
#1415=CIRCLE('',#5273,0.5);
#1416=CIRCLE('',#5275,0.5);
#1417=CIRCLE('',#5277,0.5);
#1418=CIRCLE('',#5279,0.5);
#1419=CIRCLE('',#5281,0.5);
#1420=CIRCLE('',#5282,1.);
#1421=CIRCLE('',#5284,0.5);
#1422=CIRCLE('',#5286,0.5);
#1423=CIRCLE('',#5289,0.5);
#1424=CIRCLE('',#5291,3.);
#1425=CIRCLE('',#5292,3.);
#1426=CIRCLE('',#5295,0.5);
#1427=CIRCLE('',#5296,0.5);
#1428=CIRCLE('',#5297,0.5);
#1429=CIRCLE('',#5299,0.500000000000002);
#1430=CIRCLE('',#5301,0.5);
#1431=CIRCLE('',#5303,0.5);
#1432=CIRCLE('',#5305,0.5);
#1433=CIRCLE('',#5307,0.5);
#1434=CIRCLE('',#5309,1.);
#1435=CIRCLE('',#5310,0.5);
#1436=CIRCLE('',#5312,3.);
#1437=CIRCLE('',#5314,3.);
#1438=CIRCLE('',#5316,0.5);
#1439=CIRCLE('',#5319,0.5);
#1440=CIRCLE('',#5320,0.5);
#1441=CIRCLE('',#5321,0.5);
#1442=CIRCLE('',#5323,0.5);
#1443=CIRCLE('',#5325,0.5);
#1444=CIRCLE('',#5327,0.5);
#1445=CIRCLE('',#5329,0.5);
#1446=CIRCLE('',#5331,0.5);
#1447=CIRCLE('',#5333,0.5);
#1448=CIRCLE('',#5334,1.);
#1449=CIRCLE('',#5336,0.7);
#1450=CIRCLE('',#5338,0.499999999999999);
#1451=CIRCLE('',#5341,0.5);
#1452=CIRCLE('',#5344,1.5);
#1453=CIRCLE('',#5345,0.5);
#1454=CIRCLE('',#5346,1.);
#1455=CIRCLE('',#5348,0.499999999999998);
#1456=CIRCLE('',#5350,1.);
#1457=CIRCLE('',#5351,1.5);
#1458=CIRCLE('',#5354,0.5);
#1459=CIRCLE('',#5356,0.499999999999998);
#1460=CIRCLE('',#5357,0.2);
#1461=CIRCLE('',#5360,0.2);
#1462=CIRCLE('',#5361,0.2);
#1463=CIRCLE('',#5364,0.5);
#1464=CIRCLE('',#5365,0.5);
#1465=CIRCLE('',#5366,0.5);
#1466=CIRCLE('',#5369,0.5);
#1467=CIRCLE('',#5370,0.5);
#1468=CIRCLE('',#5371,0.5);
#1469=CIRCLE('',#5373,3.);
#1470=CIRCLE('',#5379,0.2);
#1471=CIRCLE('',#5380,0.2);
#1472=CIRCLE('',#5382,0.2);
#1473=CIRCLE('',#5384,0.2);
#1474=CIRCLE('',#5385,0.5);
#1475=CIRCLE('',#5386,0.2);
#1476=CIRCLE('',#5390,0.5);
#1477=CIRCLE('',#5392,0.500000000000001);
#1478=CIRCLE('',#5393,0.2);
#1479=CIRCLE('',#5396,0.2);
#1480=CIRCLE('',#5397,1.5);
#1481=CIRCLE('',#5398,1.86465823463584);
#1482=CIRCLE('',#5399,0.500000000000001);
#1483=CIRCLE('',#5400,0.500000000000002);
#1484=CIRCLE('',#5401,0.5);
#1485=CIRCLE('',#5402,0.28);
#1486=CIRCLE('',#5403,0.28);
#1487=CIRCLE('',#5404,0.28);
#1488=CIRCLE('',#5405,0.28);
#1489=CIRCLE('',#5406,0.28);
#1490=CIRCLE('',#5410,1.);
#1491=CIRCLE('',#5412,1.);
#1492=CIRCLE('',#5413,2.);
#1493=CIRCLE('',#5415,2.);
#1494=CIRCLE('',#5417,1.);
#1495=CIRCLE('',#5421,1.7);
#1496=CIRCLE('',#5422,0.3);
#1497=CIRCLE('',#5423,1.4);
#1498=CIRCLE('',#5424,1.4);
#1499=CIRCLE('',#5426,10.3);
#1500=CIRCLE('',#5427,1.7);
#1501=CIRCLE('',#5428,1.7);
#1502=CIRCLE('',#5429,4.8);
#1503=CIRCLE('',#5430,1.7);
#1504=CIRCLE('',#5432,1.4);
#1505=CIRCLE('',#5433,1.4);
#1506=CIRCLE('',#5435,0.3);
#1507=CIRCLE('',#5436,1.4);
#1508=CIRCLE('',#5437,1.4);
#1509=CIRCLE('',#5439,1.4);
#1510=CIRCLE('',#5440,1.4);
#1511=CIRCLE('',#5442,0.3);
#1512=CIRCLE('',#5443,1.4);
#1513=CIRCLE('',#5444,1.4);
#1514=CIRCLE('',#5446,1.4);
#1515=CIRCLE('',#5447,1.4);
#1516=CIRCLE('',#5449,0.3);
#1517=CIRCLE('',#5450,1.4);
#1518=CIRCLE('',#5451,1.4);
#1519=CIRCLE('',#5453,1.4);
#1520=CIRCLE('',#5454,1.4);
#1521=CIRCLE('',#5456,2.88786796564404);
#1522=CIRCLE('',#5457,0.3);
#1523=CIRCLE('',#5458,2.88786796564404);
#1524=CIRCLE('',#5461,3.);
#1525=CIRCLE('',#5463,0.3);
#1526=CIRCLE('',#5465,0.3);
#1527=CIRCLE('',#5467,0.3);
#1528=CIRCLE('',#5469,0.3);
#1529=CIRCLE('',#5471,1.36);
#1530=CIRCLE('',#5472,0.3);
#1531=CIRCLE('',#5473,1.66);
#1532=CIRCLE('',#5474,1.66);
#1533=CIRCLE('',#5476,1.66);
#1534=CIRCLE('',#5477,1.66);
#1535=CIRCLE('',#5480,0.3);
#1536=CIRCLE('',#5482,1.36);
#1537=CIRCLE('',#5483,0.3);
#1538=CIRCLE('',#5484,1.66);
#1539=CIRCLE('',#5485,1.66);
#1540=CIRCLE('',#5487,1.66);
#1541=CIRCLE('',#5488,1.66);
#1542=CIRCLE('',#5491,0.3);
#1543=CIRCLE('',#5493,1.36);
#1544=CIRCLE('',#5494,0.3);
#1545=CIRCLE('',#5495,1.66);
#1546=CIRCLE('',#5496,1.66);
#1547=CIRCLE('',#5498,1.66);
#1548=CIRCLE('',#5499,1.66);
#1549=CIRCLE('',#5502,0.3);
#1550=CIRCLE('',#5504,1.36);
#1551=CIRCLE('',#5505,0.3);
#1552=CIRCLE('',#5506,1.66);
#1553=CIRCLE('',#5507,1.66);
#1554=CIRCLE('',#5509,1.66);
#1555=CIRCLE('',#5510,1.66);
#1556=CIRCLE('',#5513,0.3);
#1557=CIRCLE('',#5515,10.5);
#1558=CIRCLE('',#5516,10.5);
#1559=CIRCLE('',#5517,0.2);
#1560=CIRCLE('',#5519,10.5);
#1561=CIRCLE('',#5520,10.5);
#1562=CIRCLE('',#5522,0.2);
#1563=CIRCLE('',#5524,0.2);
#1564=CIRCLE('',#5525,0.2);
#1565=CIRCLE('',#5526,0.2);
#1566=CIRCLE('',#5528,0.2);
#1567=CIRCLE('',#5529,0.2);
#1568=CIRCLE('',#5531,0.2);
#1569=CIRCLE('',#5532,0.2);
#1570=CIRCLE('',#5535,0.2);
#1571=CIRCLE('',#5536,0.2);
#1572=CIRCLE('',#5537,0.2);
#1573=CIRCLE('',#5540,0.2);
#1574=CIRCLE('',#5541,0.2);
#1575=CIRCLE('',#5542,0.2);
#1576=CIRCLE('',#5546,0.2);
#1577=CIRCLE('',#5547,0.2);
#1578=LINE('',#6798,#1705);
#1579=LINE('',#6808,#1706);
#1580=LINE('',#6849,#1707);
#1581=LINE('',#6914,#1708);
#1582=LINE('',#6918,#1709);
#1583=LINE('',#6938,#1710);
#1584=LINE('',#6942,#1711);
#1585=LINE('',#10072,#1712);
#1586=LINE('',#11062,#1713);
#1587=LINE('',#11065,#1714);
#1588=LINE('',#11068,#1715);
#1589=LINE('',#11071,#1716);
#1590=LINE('',#11088,#1717);
#1591=LINE('',#11098,#1718);
#1592=LINE('',#11102,#1719);
#1593=LINE('',#11106,#1720);
#1594=LINE('',#11114,#1721);
#1595=LINE('',#11118,#1722);
#1596=LINE('',#11122,#1723);
#1597=LINE('',#11315,#1724);
#1598=LINE('',#11319,#1725);
#1599=LINE('',#11325,#1726);
#1600=LINE('',#11464,#1727);
#1601=LINE('',#11466,#1728);
#1602=LINE('',#11475,#1729);
#1603=LINE('',#11477,#1730);
#1604=LINE('',#11484,#1731);
#1605=LINE('',#11761,#1732);
#1606=LINE('',#11773,#1733);
#1607=LINE('',#11776,#1734);
#1608=LINE('',#11780,#1735);
#1609=LINE('',#11782,#1736);
#1610=LINE('',#11790,#1737);
#1611=LINE('',#11792,#1738);
#1612=LINE('',#11800,#1739);
#1613=LINE('',#11802,#1740);
#1614=LINE('',#11810,#1741);
#1615=LINE('',#11812,#1742);
#1616=LINE('',#11834,#1743);
#1617=LINE('',#11845,#1744);
#1618=LINE('',#11848,#1745);
#1619=LINE('',#11855,#1746);
#1620=LINE('',#11867,#1747);
#1621=LINE('',#11870,#1748);
#1622=LINE('',#11877,#1749);
#1623=LINE('',#11881,#1750);
#1624=LINE('',#11888,#1751);
#1625=LINE('',#11911,#1752);
#1626=LINE('',#11912,#1753);
#1627=LINE('',#11916,#1754);
#1628=LINE('',#11920,#1755);
#1629=LINE('',#11977,#1756);
#1630=LINE('',#11980,#1757);
#1631=LINE('',#11982,#1758);
#1632=LINE('',#11993,#1759);
#1633=LINE('',#11994,#1760);
#1634=LINE('',#11997,#1761);
#1635=LINE('',#12001,#1762);
#1636=LINE('',#12002,#1763);
#1637=LINE('',#12013,#1764);
#1638=LINE('',#12014,#1765);
#1639=LINE('',#12018,#1766);
#1640=LINE('',#12022,#1767);
#1641=LINE('',#12072,#1768);
#1642=LINE('',#12074,#1769);
#1643=LINE('',#12075,#1770);
#1644=LINE('',#12078,#1771);
#1645=LINE('',#12094,#1772);
#1646=LINE('',#12095,#1773);
#1647=LINE('',#12099,#1774);
#1648=LINE('',#12103,#1775);
#1649=LINE('',#12168,#1776);
#1650=LINE('',#12172,#1777);
#1651=LINE('',#12181,#1778);
#1652=LINE('',#12185,#1779);
#1653=LINE('',#12186,#1780);
#1654=LINE('',#12197,#1781);
#1655=LINE('',#12198,#1782);
#1656=LINE('',#12202,#1783);
#1657=LINE('',#12206,#1784);
#1658=LINE('',#12238,#1785);
#1659=LINE('',#12240,#1786);
#1660=LINE('',#12249,#1787);
#1661=LINE('',#12250,#1788);
#1662=LINE('',#12253,#1789);
#1663=LINE('',#12256,#1790);
#1664=LINE('',#12259,#1791);
#1665=LINE('',#12263,#1792);
#1666=LINE('',#12265,#1793);
#1667=LINE('',#12266,#1794);
#1668=LINE('',#12286,#1795);
#1669=LINE('',#12287,#1796);
#1670=LINE('',#12309,#1797);
#1671=LINE('',#12311,#1798);
#1672=LINE('',#12313,#1799);
#1673=LINE('',#12315,#1800);
#1674=LINE('',#12317,#1801);
#1675=LINE('',#12329,#1802);
#1676=LINE('',#12341,#1803);
#1677=LINE('',#12351,#1804);
#1678=LINE('',#12353,#1805);
#1679=LINE('',#12354,#1806);
#1680=LINE('',#12356,#1807);
#1681=LINE('',#12357,#1808);
#1682=LINE('',#12370,#1809);
#1683=LINE('',#12380,#1810);
#1684=LINE('',#12455,#1811);
#1685=LINE('',#12862,#1812);
#1686=LINE('',#13179,#1813);
#1687=LINE('',#13186,#1814);
#1688=LINE('',#13213,#1815);
#1689=LINE('',#13225,#1816);
#1690=LINE('',#13237,#1817);
#1691=LINE('',#13249,#1818);
#1692=LINE('',#13260,#1819);
#1693=LINE('',#13283,#1820);
#1694=LINE('',#13300,#1821);
#1695=LINE('',#13317,#1822);
#1696=LINE('',#13334,#1823);
#1697=LINE('',#13347,#1824);
#1698=LINE('',#13371,#1825);
#1699=LINE('',#13378,#1826);
#1700=LINE('',#13385,#1827);
#1701=LINE('',#13387,#1828);
#1702=LINE('',#13389,#1829);
#1703=LINE('',#13393,#1830);
#1704=LINE('',#13395,#1831);
#1705=VECTOR('',#5565,16.2);
#1706=VECTOR('',#5570,16.2);
#1707=VECTOR('',#5575,10.);
#1708=VECTOR('',#5592,11.55);
#1709=VECTOR('',#5597,11.8);
#1710=VECTOR('',#5600,10.);
#1711=VECTOR('',#5603,10.);
#1712=VECTOR('',#5764,10.);
#1713=VECTOR('',#5823,10.);
#1714=VECTOR('',#5826,10.);
#1715=VECTOR('',#5829,10.);
#1716=VECTOR('',#5834,15.6);
#1717=VECTOR('',#5859,10.);
#1718=VECTOR('',#5872,10.);
#1719=VECTOR('',#5875,10.);
#1720=VECTOR('',#5878,10.);
#1721=VECTOR('',#5885,10.);
#1722=VECTOR('',#5888,10.);
#1723=VECTOR('',#5891,10.);
#1724=VECTOR('',#5916,10.);
#1725=VECTOR('',#5919,21.);
#1726=VECTOR('',#5926,10.);
#1727=VECTOR('',#5935,10.);
#1728=VECTOR('',#5936,10.);
#1729=VECTOR('',#5939,10.);
#1730=VECTOR('',#5940,10.);
#1731=VECTOR('',#5941,10.);
#1732=VECTOR('',#5972,10.);
#1733=VECTOR('',#5973,10.);
#1734=VECTOR('',#5976,10.);
#1735=VECTOR('',#5979,10.);
#1736=VECTOR('',#5980,10.);
#1737=VECTOR('',#5987,10.);
#1738=VECTOR('',#5988,10.);
#1739=VECTOR('',#5995,10.);
#1740=VECTOR('',#5996,10.);
#1741=VECTOR('',#6003,10.);
#1742=VECTOR('',#6004,10.);
#1743=VECTOR('',#6029,2.8);
#1744=VECTOR('',#6042,10.);
#1745=VECTOR('',#6045,10.);
#1746=VECTOR('',#6054,10.);
#1747=VECTOR('',#6055,10.);
#1748=VECTOR('',#6058,10.);
#1749=VECTOR('',#6059,10.);
#1750=VECTOR('',#6062,10.);
#1751=VECTOR('',#6065,10.);
#1752=VECTOR('',#6082,10.);
#1753=VECTOR('',#6083,10.);
#1754=VECTOR('',#6088,10.);
#1755=VECTOR('',#6093,10.);
#1756=VECTOR('',#6110,10.);
#1757=VECTOR('',#6113,10.);
#1758=VECTOR('',#6116,10.);
#1759=VECTOR('',#6133,10.);
#1760=VECTOR('',#6134,10.);
#1761=VECTOR('',#6137,10.);
#1762=VECTOR('',#6142,10.);
#1763=VECTOR('',#6143,10.);
#1764=VECTOR('',#6156,10.);
#1765=VECTOR('',#6157,10.);
#1766=VECTOR('',#6162,10.);
#1767=VECTOR('',#6167,10.);
#1768=VECTOR('',#6184,10.);
#1769=VECTOR('',#6185,10.);
#1770=VECTOR('',#6186,10.);
#1771=VECTOR('',#6189,10.);
#1772=VECTOR('',#6212,10.);
#1773=VECTOR('',#6213,10.);
#1774=VECTOR('',#6218,10.);
#1775=VECTOR('',#6223,10.);
#1776=VECTOR('',#6244,10.);
#1777=VECTOR('',#6247,10.);
#1778=VECTOR('',#6250,10.);
#1779=VECTOR('',#6255,10.);
#1780=VECTOR('',#6256,10.);
#1781=VECTOR('',#6269,10.);
#1782=VECTOR('',#6270,10.);
#1783=VECTOR('',#6275,10.);
#1784=VECTOR('',#6280,10.);
#1785=VECTOR('',#6297,10.);
#1786=VECTOR('',#6298,10.);
#1787=VECTOR('',#6301,10.);
#1788=VECTOR('',#6302,10.);
#1789=VECTOR('',#6305,10.);
#1790=VECTOR('',#6310,10.);
#1791=VECTOR('',#6313,10.);
#1792=VECTOR('',#6318,10.);
#1793=VECTOR('',#6319,10.);
#1794=VECTOR('',#6320,10.);
#1795=VECTOR('',#6333,10.);
#1796=VECTOR('',#6334,10.);
#1797=VECTOR('',#6343,10.);
#1798=VECTOR('',#6344,10.);
#1799=VECTOR('',#6345,10.);
#1800=VECTOR('',#6346,10.);
#1801=VECTOR('',#6347,10.);
#1802=VECTOR('',#6360,10.);
#1803=VECTOR('',#6379,10.);
#1804=VECTOR('',#6394,10.);
#1805=VECTOR('',#6397,10.);
#1806=VECTOR('',#6398,10.);
#1807=VECTOR('',#6401,10.);
#1808=VECTOR('',#6402,10.);
#1809=VECTOR('',#6425,10.);
#1810=VECTOR('',#6442,10.);
#1811=VECTOR('',#6449,10.);
#1812=VECTOR('',#6468,10.);
#1813=VECTOR('',#6473,10.);
#1814=VECTOR('',#6484,10.);
#1815=VECTOR('',#6519,1.4);
#1816=VECTOR('',#6534,1.4);
#1817=VECTOR('',#6549,1.4);
#1818=VECTOR('',#6564,1.4);
#1819=VECTOR('',#6579,3.8);
#1820=VECTOR('',#6614,1.66);
#1821=VECTOR('',#6637,1.66);
#1822=VECTOR('',#6660,1.66);
#1823=VECTOR('',#6683,1.66);
#1824=VECTOR('',#6702,10.5);
#1825=VECTOR('',#6743,10.);
#1826=VECTOR('',#6754,10.);
#1827=VECTOR('',#6765,10.);
#1828=VECTOR('',#6768,10.);
#1829=VECTOR('',#6771,10.);
#1830=VECTOR('',#6778,10.);
#1831=VECTOR('',#6781,10.);
#1832=VERTEX_POINT('',#6796);
#1833=VERTEX_POINT('',#6797);
#1834=VERTEX_POINT('',#6799);
#1835=VERTEX_POINT('',#6806);
#1836=VERTEX_POINT('',#6807);
#1837=VERTEX_POINT('',#6809);
#1838=VERTEX_POINT('',#6811);
#1839=VERTEX_POINT('',#6823);
#1840=VERTEX_POINT('',#6830);
#1841=VERTEX_POINT('',#6839);
#1842=VERTEX_POINT('',#6848);
#1843=VERTEX_POINT('',#6850);
#1844=VERTEX_POINT('',#6901);
#1845=VERTEX_POINT('',#6902);
#1846=VERTEX_POINT('',#6904);
#1847=VERTEX_POINT('',#6906);
#1848=VERTEX_POINT('',#6911);
#1849=VERTEX_POINT('',#6912);
#1850=VERTEX_POINT('',#6917);
#1851=VERTEX_POINT('',#6919);
#1852=VERTEX_POINT('',#6921);
#1853=VERTEX_POINT('',#6928);
#1854=VERTEX_POINT('',#6937);
#1855=VERTEX_POINT('',#6939);
#1856=VERTEX_POINT('',#6941);
#1857=VERTEX_POINT('',#6943);
#1858=VERTEX_POINT('',#6952);
#1859=VERTEX_POINT('',#6961);
#1860=VERTEX_POINT('',#6965);
#1861=VERTEX_POINT('',#6992);
#1862=VERTEX_POINT('',#6998);
#1863=VERTEX_POINT('',#7025);
#1864=VERTEX_POINT('',#7026);
#1865=VERTEX_POINT('',#7061);
#1866=VERTEX_POINT('',#7062);
#1867=VERTEX_POINT('',#7099);
#1868=VERTEX_POINT('',#7100);
#1869=VERTEX_POINT('',#7132);
#1870=VERTEX_POINT('',#7133);
#1871=VERTEX_POINT('',#7244);
#1872=VERTEX_POINT('',#7245);
#1873=VERTEX_POINT('',#7265);
#1874=VERTEX_POINT('',#7279);
#1875=VERTEX_POINT('',#7314);
#1876=VERTEX_POINT('',#7315);
#1877=VERTEX_POINT('',#7317);
#1878=VERTEX_POINT('',#7322);
#1879=VERTEX_POINT('',#7353);
#1880=VERTEX_POINT('',#7354);
#1881=VERTEX_POINT('',#7391);
#1882=VERTEX_POINT('',#7392);
#1883=VERTEX_POINT('',#7424);
#1884=VERTEX_POINT('',#7425);
#1885=VERTEX_POINT('',#7455);
#1886=VERTEX_POINT('',#7456);
#1887=VERTEX_POINT('',#7546);
#1888=VERTEX_POINT('',#7547);
#1889=VERTEX_POINT('',#7613);
#1890=VERTEX_POINT('',#7618);
#1891=VERTEX_POINT('',#7624);
#1892=VERTEX_POINT('',#7654);
#1893=VERTEX_POINT('',#7688);
#1894=VERTEX_POINT('',#7693);
#1895=VERTEX_POINT('',#7711);
#1896=VERTEX_POINT('',#7716);
#1897=VERTEX_POINT('',#7741);
#1898=VERTEX_POINT('',#7746);
#1899=VERTEX_POINT('',#7845);
#1900=VERTEX_POINT('',#7871);
#1901=VERTEX_POINT('',#7911);
#1902=VERTEX_POINT('',#7937);
#1903=VERTEX_POINT('',#7968);
#1904=VERTEX_POINT('',#7969);
#1905=VERTEX_POINT('',#8006);
#1906=VERTEX_POINT('',#8007);
#1907=VERTEX_POINT('',#8039);
#1908=VERTEX_POINT('',#8040);
#1909=VERTEX_POINT('',#8130);
#1910=VERTEX_POINT('',#8131);
#1911=VERTEX_POINT('',#8136);
#1912=VERTEX_POINT('',#8153);
#1913=VERTEX_POINT('',#8223);
#1914=VERTEX_POINT('',#8228);
#1915=VERTEX_POINT('',#8235);
#1916=VERTEX_POINT('',#8240);
#1917=VERTEX_POINT('',#8271);
#1918=VERTEX_POINT('',#8276);
#1919=VERTEX_POINT('',#8314);
#1920=VERTEX_POINT('',#8315);
#1921=VERTEX_POINT('',#8317);
#1922=VERTEX_POINT('',#8354);
#1923=VERTEX_POINT('',#8359);
#1924=VERTEX_POINT('',#8385);
#1925=VERTEX_POINT('',#8386);
#1926=VERTEX_POINT('',#8421);
#1927=VERTEX_POINT('',#8422);
#1928=VERTEX_POINT('',#8459);
#1929=VERTEX_POINT('',#8460);
#1930=VERTEX_POINT('',#8492);
#1931=VERTEX_POINT('',#8493);
#1932=VERTEX_POINT('',#8535);
#1933=VERTEX_POINT('',#8536);
#1934=VERTEX_POINT('',#8538);
#1935=VERTEX_POINT('',#8607);
#1936=VERTEX_POINT('',#8612);
#1937=VERTEX_POINT('',#8619);
#1938=VERTEX_POINT('',#8624);
#1939=VERTEX_POINT('',#8655);
#1940=VERTEX_POINT('',#8693);
#1941=VERTEX_POINT('',#8694);
#1942=VERTEX_POINT('',#8696);
#1943=VERTEX_POINT('',#8733);
#1944=VERTEX_POINT('',#8734);
#1945=VERTEX_POINT('',#8736);
#1946=VERTEX_POINT('',#8741);
#1947=VERTEX_POINT('',#8772);
#1948=VERTEX_POINT('',#8773);
#1949=VERTEX_POINT('',#8810);
#1950=VERTEX_POINT('',#8811);
#1951=VERTEX_POINT('',#8843);
#1952=VERTEX_POINT('',#8844);
#1953=VERTEX_POINT('',#8874);
#1954=VERTEX_POINT('',#8875);
#1955=VERTEX_POINT('',#8925);
#1956=VERTEX_POINT('',#8975);
#1957=VERTEX_POINT('',#8980);
#1958=VERTEX_POINT('',#8986);
#1959=VERTEX_POINT('',#9016);
#1960=VERTEX_POINT('',#9050);
#1961=VERTEX_POINT('',#9055);
#1962=VERTEX_POINT('',#9118);
#1963=VERTEX_POINT('',#9179);
#1964=VERTEX_POINT('',#9215);
#1965=VERTEX_POINT('',#9308);
#1966=VERTEX_POINT('',#9309);
#1967=VERTEX_POINT('',#9311);
#1968=VERTEX_POINT('',#9320);
#1969=VERTEX_POINT('',#9358);
#1970=VERTEX_POINT('',#9359);
#1971=VERTEX_POINT('',#9425);
#1972=VERTEX_POINT('',#9478);
#1973=VERTEX_POINT('',#9479);
#1974=VERTEX_POINT('',#9481);
#1975=VERTEX_POINT('',#9513);
#1976=VERTEX_POINT('',#9514);
#1977=VERTEX_POINT('',#9554);
#1978=VERTEX_POINT('',#9555);
#1979=VERTEX_POINT('',#9627);
#1980=VERTEX_POINT('',#9628);
#1981=VERTEX_POINT('',#9630);
#1982=VERTEX_POINT('',#9639);
#1983=VERTEX_POINT('',#9677);
#1984=VERTEX_POINT('',#9678);
#1985=VERTEX_POINT('',#9744);
#1986=VERTEX_POINT('',#9745);
#1987=VERTEX_POINT('',#9764);
#1988=VERTEX_POINT('',#9765);
#1989=VERTEX_POINT('',#9804);
#1990=VERTEX_POINT('',#9805);
#1991=VERTEX_POINT('',#9837);
#1992=VERTEX_POINT('',#9838);
#1993=VERTEX_POINT('',#9878);
#1994=VERTEX_POINT('',#9879);
#1995=VERTEX_POINT('',#9950);
#1996=VERTEX_POINT('',#10015);
#1997=VERTEX_POINT('',#10067);
#1998=VERTEX_POINT('',#10098);
#1999=VERTEX_POINT('',#10150);
#2000=VERTEX_POINT('',#10160);
#2001=VERTEX_POINT('',#10219);
#2002=VERTEX_POINT('',#10224);
#2003=VERTEX_POINT('',#10233);
#2004=VERTEX_POINT('',#10238);
#2005=VERTEX_POINT('',#10243);
#2006=VERTEX_POINT('',#10302);
#2007=VERTEX_POINT('',#10350);
#2008=VERTEX_POINT('',#10355);
#2009=VERTEX_POINT('',#10764);
#2010=VERTEX_POINT('',#10765);
#2011=VERTEX_POINT('',#10767);
#2012=VERTEX_POINT('',#10772);
#2013=VERTEX_POINT('',#10802);
#2014=VERTEX_POINT('',#10809);
#2015=VERTEX_POINT('',#10818);
#2016=VERTEX_POINT('',#10819);
#2017=VERTEX_POINT('',#10821);
#2018=VERTEX_POINT('',#10853);
#2019=VERTEX_POINT('',#10861);
#2020=VERTEX_POINT('',#10890);
#2021=VERTEX_POINT('',#10891);
#2022=VERTEX_POINT('',#10931);
#2023=VERTEX_POINT('',#10932);
#2024=VERTEX_POINT('',#10976);
#2025=VERTEX_POINT('',#10977);
#2026=VERTEX_POINT('',#10992);
#2027=VERTEX_POINT('',#10996);
#2028=VERTEX_POINT('',#11017);
#2029=VERTEX_POINT('',#11022);
#2030=VERTEX_POINT('',#11029);
#2031=VERTEX_POINT('',#11031);
#2032=VERTEX_POINT('',#11061);
#2033=VERTEX_POINT('',#11063);
#2034=VERTEX_POINT('',#11067);
#2035=VERTEX_POINT('',#11072);
#2036=VERTEX_POINT('',#11076);
#2037=VERTEX_POINT('',#11080);
#2038=VERTEX_POINT('',#11081);
#2039=VERTEX_POINT('',#11094);
#2040=VERTEX_POINT('',#11095);
#2041=VERTEX_POINT('',#11097);
#2042=VERTEX_POINT('',#11099);
#2043=VERTEX_POINT('',#11101);
#2044=VERTEX_POINT('',#11103);
#2045=VERTEX_POINT('',#11105);
#2046=VERTEX_POINT('',#11107);
#2047=VERTEX_POINT('',#11109);
#2048=VERTEX_POINT('',#11111);
#2049=VERTEX_POINT('',#11113);
#2050=VERTEX_POINT('',#11115);
#2051=VERTEX_POINT('',#11117);
#2052=VERTEX_POINT('',#11119);
#2053=VERTEX_POINT('',#11121);
#2054=VERTEX_POINT('',#11123);
#2055=VERTEX_POINT('',#11126);
#2056=VERTEX_POINT('',#11128);
#2057=VERTEX_POINT('',#11130);
#2058=VERTEX_POINT('',#11132);
#2059=VERTEX_POINT('',#11194);
#2060=VERTEX_POINT('',#11195);
#2061=VERTEX_POINT('',#11197);
#2062=VERTEX_POINT('',#11223);
#2063=VERTEX_POINT('',#11224);
#2064=VERTEX_POINT('',#11288);
#2065=VERTEX_POINT('',#11314);
#2066=VERTEX_POINT('',#11316);
#2067=VERTEX_POINT('',#11318);
#2068=VERTEX_POINT('',#11320);
#2069=VERTEX_POINT('',#11323);
#2070=VERTEX_POINT('',#11350);
#2071=VERTEX_POINT('',#11351);
#2072=VERTEX_POINT('',#11395);
#2073=VERTEX_POINT('',#11401);
#2074=VERTEX_POINT('',#11432);
#2075=VERTEX_POINT('',#11463);
#2076=VERTEX_POINT('',#11465);
#2077=VERTEX_POINT('',#11467);
#2078=VERTEX_POINT('',#11472);
#2079=VERTEX_POINT('',#11474);
#2080=VERTEX_POINT('',#11476);
#2081=VERTEX_POINT('',#11478);
#2082=VERTEX_POINT('',#11483);
#2083=VERTEX_POINT('',#11485);
#2084=VERTEX_POINT('',#11505);
#2085=VERTEX_POINT('',#11537);
#2086=VERTEX_POINT('',#11575);
#2087=VERTEX_POINT('',#11576);
#2088=VERTEX_POINT('',#11616);
#2089=VERTEX_POINT('',#11646);
#2090=VERTEX_POINT('',#11653);
#2091=VERTEX_POINT('',#11655);
#2092=VERTEX_POINT('',#11740);
#2093=VERTEX_POINT('',#11760);
#2094=VERTEX_POINT('',#11762);
#2095=VERTEX_POINT('',#11775);
#2096=VERTEX_POINT('',#11777);
#2097=VERTEX_POINT('',#11779);
#2098=VERTEX_POINT('',#11781);
#2099=VERTEX_POINT('',#11783);
#2100=VERTEX_POINT('',#11785);
#2101=VERTEX_POINT('',#11787);
#2102=VERTEX_POINT('',#11789);
#2103=VERTEX_POINT('',#11791);
#2104=VERTEX_POINT('',#11793);
#2105=VERTEX_POINT('',#11795);
#2106=VERTEX_POINT('',#11797);
#2107=VERTEX_POINT('',#11799);
#2108=VERTEX_POINT('',#11801);
#2109=VERTEX_POINT('',#11803);
#2110=VERTEX_POINT('',#11805);
#2111=VERTEX_POINT('',#11807);
#2112=VERTEX_POINT('',#11809);
#2113=VERTEX_POINT('',#11811);
#2114=VERTEX_POINT('',#11814);
#2115=VERTEX_POINT('',#11816);
#2116=VERTEX_POINT('',#11818);
#2117=VERTEX_POINT('',#11820);
#2118=VERTEX_POINT('',#11822);
#2119=VERTEX_POINT('',#11825);
#2120=VERTEX_POINT('',#11826);
#2121=VERTEX_POINT('',#11831);
#2122=VERTEX_POINT('',#11832);
#2123=VERTEX_POINT('',#11837);
#2124=VERTEX_POINT('',#11838);
#2125=VERTEX_POINT('',#11840);
#2126=VERTEX_POINT('',#11844);
#2127=VERTEX_POINT('',#11846);
#2128=VERTEX_POINT('',#11850);
#2129=VERTEX_POINT('',#11854);
#2130=VERTEX_POINT('',#11856);
#2131=VERTEX_POINT('',#11869);
#2132=VERTEX_POINT('',#11871);
#2133=VERTEX_POINT('',#11876);
#2134=VERTEX_POINT('',#11878);
#2135=VERTEX_POINT('',#11880);
#2136=VERTEX_POINT('',#11887);
#2137=VERTEX_POINT('',#11902);
#2138=VERTEX_POINT('',#11904);
#2139=VERTEX_POINT('',#11908);
#2140=VERTEX_POINT('',#11909);
#2141=VERTEX_POINT('',#11914);
#2142=VERTEX_POINT('',#11918);
#2143=VERTEX_POINT('',#11922);
#2144=VERTEX_POINT('',#11935);
#2145=VERTEX_POINT('',#11956);
#2146=VERTEX_POINT('',#11957);
#2147=VERTEX_POINT('',#11969);
#2148=VERTEX_POINT('',#11976);
#2149=VERTEX_POINT('',#11978);
#2150=VERTEX_POINT('',#11987);
#2151=VERTEX_POINT('',#11989);
#2152=VERTEX_POINT('',#11996);
#2153=VERTEX_POINT('',#12000);
#2154=VERTEX_POINT('',#12004);
#2155=VERTEX_POINT('',#12006);
#2156=VERTEX_POINT('',#12010);
#2157=VERTEX_POINT('',#12011);
#2158=VERTEX_POINT('',#12016);
#2159=VERTEX_POINT('',#12020);
#2160=VERTEX_POINT('',#12027);
#2161=VERTEX_POINT('',#12040);
#2162=VERTEX_POINT('',#12049);
#2163=VERTEX_POINT('',#12050);
#2164=VERTEX_POINT('',#12071);
#2165=VERTEX_POINT('',#12073);
#2166=VERTEX_POINT('',#12077);
#2167=VERTEX_POINT('',#12085);
#2168=VERTEX_POINT('',#12087);
#2169=VERTEX_POINT('',#12091);
#2170=VERTEX_POINT('',#12092);
#2171=VERTEX_POINT('',#12097);
#2172=VERTEX_POINT('',#12101);
#2173=VERTEX_POINT('',#12105);
#2174=VERTEX_POINT('',#12118);
#2175=VERTEX_POINT('',#12127);
#2176=VERTEX_POINT('',#12128);
#2177=VERTEX_POINT('',#12152);
#2178=VERTEX_POINT('',#12167);
#2179=VERTEX_POINT('',#12169);
#2180=VERTEX_POINT('',#12171);
#2181=VERTEX_POINT('',#12180);
#2182=VERTEX_POINT('',#12184);
#2183=VERTEX_POINT('',#12188);
#2184=VERTEX_POINT('',#12190);
#2185=VERTEX_POINT('',#12194);
#2186=VERTEX_POINT('',#12195);
#2187=VERTEX_POINT('',#12200);
#2188=VERTEX_POINT('',#12204);
#2189=VERTEX_POINT('',#12210);
#2190=VERTEX_POINT('',#12217);
#2191=VERTEX_POINT('',#12218);
#2192=VERTEX_POINT('',#12224);
#2193=VERTEX_POINT('',#12237);
#2194=VERTEX_POINT('',#12239);
#2195=VERTEX_POINT('',#12241);
#2196=VERTEX_POINT('',#12243);
#2197=VERTEX_POINT('',#12248);
#2198=VERTEX_POINT('',#12252);
#2199=VERTEX_POINT('',#12258);
#2200=VERTEX_POINT('',#12262);
#2201=VERTEX_POINT('',#12264);
#2202=VERTEX_POINT('',#12268);
#2203=VERTEX_POINT('',#12277);
#2204=VERTEX_POINT('',#12279);
#2205=VERTEX_POINT('',#12283);
#2206=VERTEX_POINT('',#12284);
#2207=VERTEX_POINT('',#12290);
#2208=VERTEX_POINT('',#12303);
#2209=VERTEX_POINT('',#12308);
#2210=VERTEX_POINT('',#12310);
#2211=VERTEX_POINT('',#12312);
#2212=VERTEX_POINT('',#12314);
#2213=VERTEX_POINT('',#12316);
#2214=VERTEX_POINT('',#12325);
#2215=VERTEX_POINT('',#12335);
#2216=VERTEX_POINT('',#12336);
#2217=VERTEX_POINT('',#12343);
#2218=VERTEX_POINT('',#12344);
#2219=VERTEX_POINT('',#12365);
#2220=VERTEX_POINT('',#12379);
#2221=VERTEX_POINT('',#12402);
#2222=VERTEX_POINT('',#12433);
#2223=VERTEX_POINT('',#12511);
#2224=VERTEX_POINT('',#12634);
#2225=VERTEX_POINT('',#12639);
#2226=VERTEX_POINT('',#12677);
#2227=VERTEX_POINT('',#12683);
#2228=VERTEX_POINT('',#12710);
#2229=VERTEX_POINT('',#12711);
#2230=VERTEX_POINT('',#12746);
#2231=VERTEX_POINT('',#12747);
#2232=VERTEX_POINT('',#12784);
#2233=VERTEX_POINT('',#12816);
#2234=VERTEX_POINT('',#12847);
#2235=VERTEX_POINT('',#13178);
#2236=VERTEX_POINT('',#13185);
#2237=VERTEX_POINT('',#13193);
#2238=VERTEX_POINT('',#13195);
#2239=VERTEX_POINT('',#13197);
#2240=VERTEX_POINT('',#13201);
#2241=VERTEX_POINT('',#13203);
#2242=VERTEX_POINT('',#13205);
#2243=VERTEX_POINT('',#13207);
#2244=VERTEX_POINT('',#13209);
#2245=VERTEX_POINT('',#13212);
#2246=VERTEX_POINT('',#13214);
#2247=VERTEX_POINT('',#13218);
#2248=VERTEX_POINT('',#13220);
#2249=VERTEX_POINT('',#13224);
#2250=VERTEX_POINT('',#13226);
#2251=VERTEX_POINT('',#13230);
#2252=VERTEX_POINT('',#13232);
#2253=VERTEX_POINT('',#13236);
#2254=VERTEX_POINT('',#13238);
#2255=VERTEX_POINT('',#13242);
#2256=VERTEX_POINT('',#13244);
#2257=VERTEX_POINT('',#13248);
#2258=VERTEX_POINT('',#13250);
#2259=VERTEX_POINT('',#13254);
#2260=VERTEX_POINT('',#13255);
#2261=VERTEX_POINT('',#13272);
#2262=VERTEX_POINT('',#13274);
#2263=VERTEX_POINT('',#13276);
#2264=VERTEX_POINT('',#13280);
#2265=VERTEX_POINT('',#13281);
#2266=VERTEX_POINT('',#13289);
#2267=VERTEX_POINT('',#13291);
#2268=VERTEX_POINT('',#13293);
#2269=VERTEX_POINT('',#13297);
#2270=VERTEX_POINT('',#13298);
#2271=VERTEX_POINT('',#13306);
#2272=VERTEX_POINT('',#13308);
#2273=VERTEX_POINT('',#13310);
#2274=VERTEX_POINT('',#13314);
#2275=VERTEX_POINT('',#13315);
#2276=VERTEX_POINT('',#13323);
#2277=VERTEX_POINT('',#13325);
#2278=VERTEX_POINT('',#13327);
#2279=VERTEX_POINT('',#13331);
#2280=VERTEX_POINT('',#13332);
#2281=VERTEX_POINT('',#13340);
#2282=VERTEX_POINT('',#13341);
#2283=VERTEX_POINT('',#13346);
#2284=VERTEX_POINT('',#13348);
#2285=VERTEX_POINT('',#13354);
#2286=VERTEX_POINT('',#13367);
#2287=VERTEX_POINT('',#13373);
#2288=VERTEX_POINT('',#13381);
#2289=EDGE_CURVE('',#1832,#1833,#1578,.T.);
#2290=EDGE_CURVE('',#1834,#1833,#1218,.T.);
#2291=EDGE_CURVE('',#1834,#1832,#934,.T.);
#2292=EDGE_CURVE('',#1835,#1836,#1579,.T.);
#2293=EDGE_CURVE('',#1835,#1837,#1219,.T.);
#2294=EDGE_CURVE('',#1838,#1837,#935,.T.);
#2295=EDGE_CURVE('',#1838,#1839,#936,.T.);
#2296=EDGE_CURVE('',#1833,#1839,#1220,.T.);
#2297=EDGE_CURVE('',#1832,#1840,#937,.T.);
#2298=EDGE_CURVE('',#1841,#1840,#938,.T.);
#2299=EDGE_CURVE('',#1841,#1842,#1580,.T.);
#2300=EDGE_CURVE('',#1843,#1842,#939,.T.);
#2301=EDGE_CURVE('',#1836,#1843,#940,.T.);
#2302=EDGE_CURVE('',#1844,#1845,#1221,.T.);
#2303=EDGE_CURVE('',#1845,#1846,#1222,.T.);
#2304=EDGE_CURVE('',#1846,#1847,#1223,.T.);
#2305=EDGE_CURVE('',#1847,#1846,#1224,.T.);
#2306=EDGE_CURVE('',#1845,#1844,#1225,.T.);
#2307=EDGE_CURVE('',#1848,#1849,#1226,.T.);
#2308=EDGE_CURVE('',#1848,#1844,#1581,.T.);
#2309=EDGE_CURVE('',#1849,#1848,#1227,.T.);
#2310=EDGE_CURVE('',#1847,#1850,#1582,.T.);
#2311=EDGE_CURVE('',#1851,#1850,#1228,.T.);
#2312=EDGE_CURVE('',#1852,#1851,#941,.F.);
#2313=EDGE_CURVE('',#1853,#1852,#942,.F.);
#2314=EDGE_CURVE('',#1853,#1854,#1583,.T.);
#2315=EDGE_CURVE('',#1855,#1854,#1229,.T.);
#2316=EDGE_CURVE('',#1856,#1855,#1584,.T.);
#2317=EDGE_CURVE('',#1856,#1857,#943,.T.);
#2318=EDGE_CURVE('',#1857,#1858,#944,.T.);
#2319=EDGE_CURVE('',#1850,#1858,#1230,.T.);
#2320=EDGE_CURVE('',#1849,#1859,#1231,.T.);
#2321=EDGE_CURVE('',#1859,#1859,#1232,.T.);
#2322=EDGE_CURVE('',#1860,#1860,#1233,.T.);
#2323=EDGE_CURVE('',#1842,#1861,#945,.T.);
#2324=EDGE_CURVE('',#1861,#1862,#1234,.T.);
#2325=EDGE_CURVE('',#1862,#1843,#946,.T.);
#2326=EDGE_CURVE('',#1863,#1864,#1235,.T.);
#2327=EDGE_CURVE('',#1864,#1862,#947,.T.);
#2328=EDGE_CURVE('',#1861,#1863,#948,.T.);
#2329=EDGE_CURVE('',#1865,#1866,#1236,.T.);
#2330=EDGE_CURVE('',#1866,#1864,#949,.T.);
#2331=EDGE_CURVE('',#1863,#1865,#950,.T.);
#2332=EDGE_CURVE('',#1867,#1868,#1237,.T.);
#2333=EDGE_CURVE('',#1868,#1866,#951,.T.);
#2334=EDGE_CURVE('',#1865,#1867,#952,.T.);
#2335=EDGE_CURVE('',#1869,#1870,#1238,.T.);
#2336=EDGE_CURVE('',#1870,#1868,#953,.T.);
#2337=EDGE_CURVE('',#1867,#1869,#954,.T.);
#2338=EDGE_CURVE('',#1840,#1870,#955,.T.);
#2339=EDGE_CURVE('',#1869,#1841,#956,.T.);
#2340=EDGE_CURVE('',#1871,#1872,#957,.F.);
#2341=EDGE_CURVE('',#1872,#1873,#958,.T.);
#2342=EDGE_CURVE('',#1873,#1874,#1239,.T.);
#2343=EDGE_CURVE('',#1874,#1871,#959,.T.);
#2344=EDGE_CURVE('',#1875,#1876,#1240,.T.);
#2345=EDGE_CURVE('',#1876,#1877,#960,.T.);
#2346=EDGE_CURVE('',#1877,#1878,#1241,.T.);
#2347=EDGE_CURVE('',#1878,#1875,#961,.T.);
#2348=EDGE_CURVE('',#1879,#1880,#1242,.T.);
#2349=EDGE_CURVE('',#1880,#1876,#962,.T.);
#2350=EDGE_CURVE('',#1875,#1879,#963,.T.);
#2351=EDGE_CURVE('',#1881,#1882,#1243,.T.);
#2352=EDGE_CURVE('',#1882,#1880,#964,.T.);
#2353=EDGE_CURVE('',#1879,#1881,#965,.T.);
#2354=EDGE_CURVE('',#1883,#1884,#1244,.T.);
#2355=EDGE_CURVE('',#1884,#1882,#966,.T.);
#2356=EDGE_CURVE('',#1881,#1883,#967,.T.);
#2357=EDGE_CURVE('',#1885,#1886,#1245,.T.);
#2358=EDGE_CURVE('',#1886,#1884,#968,.T.);
#2359=EDGE_CURVE('',#1883,#1885,#969,.T.);
#2360=EDGE_CURVE('',#1887,#1888,#970,.T.);
#2361=EDGE_CURVE('',#1887,#1886,#971,.T.);
#2362=EDGE_CURVE('',#1885,#1888,#972,.T.);
#2363=EDGE_CURVE('',#1877,#1874,#973,.T.);
#2364=EDGE_CURVE('',#1873,#1878,#974,.T.);
#2365=EDGE_CURVE('',#1889,#1873,#975,.T.);
#2366=EDGE_CURVE('',#1890,#1889,#976,.T.);
#2367=EDGE_CURVE('',#1891,#1890,#977,.T.);
#2368=EDGE_CURVE('',#1883,#1891,#978,.T.);
#2369=EDGE_CURVE('',#1872,#1892,#979,.T.);
#2370=EDGE_CURVE('',#1889,#1892,#1246,.T.);
#2371=EDGE_CURVE('',#1877,#1893,#980,.T.);
#2372=EDGE_CURVE('',#1894,#1893,#981,.T.);
#2373=EDGE_CURVE('',#1895,#1894,#982,.T.);
#2374=EDGE_CURVE('',#1896,#1895,#983,.T.);
#2375=EDGE_CURVE('',#1871,#1896,#984,.T.);
#2376=EDGE_CURVE('',#1876,#1897,#985,.T.);
#2377=EDGE_CURVE('',#1898,#1897,#986,.T.);
#2378=EDGE_CURVE('',#1893,#1898,#987,.T.);
#2379=EDGE_CURVE('',#1899,#1894,#988,.F.);
#2380=EDGE_CURVE('',#1893,#1900,#1247,.T.);
#2381=EDGE_CURVE('',#1900,#1899,#989,.T.);
#2382=EDGE_CURVE('',#1898,#1901,#1248,.T.);
#2383=EDGE_CURVE('',#1901,#1900,#990,.T.);
#2384=EDGE_CURVE('',#1897,#1902,#1249,.T.);
#2385=EDGE_CURVE('',#1902,#1901,#991,.T.);
#2386=EDGE_CURVE('',#1903,#1904,#1250,.T.);
#2387=EDGE_CURVE('',#1904,#1902,#992,.T.);
#2388=EDGE_CURVE('',#1897,#1903,#993,.T.);
#2389=EDGE_CURVE('',#1905,#1906,#1251,.T.);
#2390=EDGE_CURVE('',#1906,#1904,#994,.T.);
#2391=EDGE_CURVE('',#1903,#1905,#995,.T.);
#2392=EDGE_CURVE('',#1907,#1908,#1252,.T.);
#2393=EDGE_CURVE('',#1908,#1906,#996,.T.);
#2394=EDGE_CURVE('',#1905,#1907,#997,.T.);
#2395=EDGE_CURVE('',#1909,#1910,#998,.T.);
#2396=EDGE_CURVE('',#1909,#1911,#999,.T.);
#2397=EDGE_CURVE('',#1911,#1912,#1253,.T.);
#2398=EDGE_CURVE('',#1912,#1910,#1000,.T.);
#2399=EDGE_CURVE('',#1911,#1908,#1001,.T.);
#2400=EDGE_CURVE('',#1907,#1912,#1002,.T.);
#2401=EDGE_CURVE('',#1901,#1913,#1003,.T.);
#2402=EDGE_CURVE('',#1913,#1914,#1254,.T.);
#2403=EDGE_CURVE('',#1914,#1899,#1004,.T.);
#2404=EDGE_CURVE('',#1915,#1911,#1005,.T.);
#2405=EDGE_CURVE('',#1916,#1915,#1006,.T.);
#2406=EDGE_CURVE('',#1913,#1916,#1007,.T.);
#2407=EDGE_CURVE('',#1917,#1909,#1008,.T.);
#2408=EDGE_CURVE('',#1917,#1918,#1009,.T.);
#2409=EDGE_CURVE('',#1915,#1918,#1255,.T.);
#2410=EDGE_CURVE('',#1919,#1920,#1256,.T.);
#2411=EDGE_CURVE('',#1920,#1921,#1010,.T.);
#2412=EDGE_CURVE('',#1921,#1919,#1011,.T.);
#2413=EDGE_CURVE('',#1919,#1922,#1012,.T.);
#2414=EDGE_CURVE('',#1922,#1923,#1257,.T.);
#2415=EDGE_CURVE('',#1923,#1920,#1013,.T.);
#2416=EDGE_CURVE('',#1924,#1925,#1258,.T.);
#2417=EDGE_CURVE('',#1925,#1923,#1014,.T.);
#2418=EDGE_CURVE('',#1922,#1924,#1015,.T.);
#2419=EDGE_CURVE('',#1926,#1927,#1259,.T.);
#2420=EDGE_CURVE('',#1927,#1925,#1016,.T.);
#2421=EDGE_CURVE('',#1924,#1926,#1017,.T.);
#2422=EDGE_CURVE('',#1928,#1929,#1260,.T.);
#2423=EDGE_CURVE('',#1929,#1927,#1018,.T.);
#2424=EDGE_CURVE('',#1926,#1928,#1019,.T.);
#2425=EDGE_CURVE('',#1930,#1931,#1261,.T.);
#2426=EDGE_CURVE('',#1931,#1929,#1020,.T.);
#2427=EDGE_CURVE('',#1928,#1930,#1021,.T.);
#2428=EDGE_CURVE('',#1932,#1933,#1262,.T.);
#2429=EDGE_CURVE('',#1933,#1934,#1022,.T.);
#2430=EDGE_CURVE('',#1934,#1932,#1023,.T.);
#2431=EDGE_CURVE('',#1932,#1931,#1024,.T.);
#2432=EDGE_CURVE('',#1930,#1933,#1025,.T.);
#2433=EDGE_CURVE('',#1923,#1935,#1026,.T.);
#2434=EDGE_CURVE('',#1935,#1936,#1263,.T.);
#2435=EDGE_CURVE('',#1936,#1921,#1027,.T.);
#2436=EDGE_CURVE('',#1937,#1932,#1028,.T.);
#2437=EDGE_CURVE('',#1938,#1937,#1029,.T.);
#2438=EDGE_CURVE('',#1935,#1938,#1030,.T.);
#2439=EDGE_CURVE('',#1934,#1939,#1031,.T.);
#2440=EDGE_CURVE('',#1937,#1939,#1264,.T.);
#2441=EDGE_CURVE('',#1940,#1941,#1265,.T.);
#2442=EDGE_CURVE('',#1941,#1942,#1032,.T.);
#2443=EDGE_CURVE('',#1942,#1940,#1033,.T.);
#2444=EDGE_CURVE('',#1943,#1944,#1266,.T.);
#2445=EDGE_CURVE('',#1944,#1945,#1034,.T.);
#2446=EDGE_CURVE('',#1945,#1946,#1267,.T.);
#2447=EDGE_CURVE('',#1946,#1943,#1035,.T.);
#2448=EDGE_CURVE('',#1947,#1948,#1268,.T.);
#2449=EDGE_CURVE('',#1948,#1944,#1036,.T.);
#2450=EDGE_CURVE('',#1943,#1947,#1037,.T.);
#2451=EDGE_CURVE('',#1949,#1950,#1269,.T.);
#2452=EDGE_CURVE('',#1950,#1948,#1038,.T.);
#2453=EDGE_CURVE('',#1947,#1949,#1039,.T.);
#2454=EDGE_CURVE('',#1951,#1952,#1270,.T.);
#2455=EDGE_CURVE('',#1952,#1950,#1040,.T.);
#2456=EDGE_CURVE('',#1949,#1951,#1041,.T.);
#2457=EDGE_CURVE('',#1953,#1954,#1271,.T.);
#2458=EDGE_CURVE('',#1954,#1952,#1042,.T.);
#2459=EDGE_CURVE('',#1951,#1953,#1043,.T.);
#2460=EDGE_CURVE('',#1953,#1955,#1044,.T.);
#2461=EDGE_CURVE('',#1955,#1954,#1045,.T.);
#2462=EDGE_CURVE('',#1945,#1941,#1046,.T.);
#2463=EDGE_CURVE('',#1940,#1946,#1047,.T.);
#2464=EDGE_CURVE('',#1956,#1940,#1048,.T.);
#2465=EDGE_CURVE('',#1957,#1956,#1049,.T.);
#2466=EDGE_CURVE('',#1958,#1957,#1050,.T.);
#2467=EDGE_CURVE('',#1951,#1958,#1051,.T.);
#2468=EDGE_CURVE('',#1942,#1959,#1052,.T.);
#2469=EDGE_CURVE('',#1956,#1959,#1272,.T.);
#2470=EDGE_CURVE('',#1960,#1921,#1053,.T.);
#2471=EDGE_CURVE('',#1961,#1960,#1054,.T.);
#2472=EDGE_CURVE('',#1942,#1961,#1055,.T.);
#2473=EDGE_CURVE('',#1945,#1919,#1056,.T.);
#2474=EDGE_CURVE('',#1944,#1924,#1057,.T.);
#2475=EDGE_CURVE('',#1938,#1962,#1273,.T.);
#2476=EDGE_CURVE('',#1962,#1936,#1058,.T.);
#2477=EDGE_CURVE('',#1939,#1962,#1059,.T.);
#2478=EDGE_CURVE('',#1958,#1963,#1274,.T.);
#2479=EDGE_CURVE('',#1963,#1955,#1060,.T.);
#2480=EDGE_CURVE('',#1957,#1964,#1275,.T.);
#2481=EDGE_CURVE('',#1964,#1963,#1061,.T.);
#2482=EDGE_CURVE('',#1959,#1964,#1062,.T.);
#2483=EDGE_CURVE('',#1965,#1966,#1276,.T.);
#2484=EDGE_CURVE('',#1966,#1967,#1063,.T.);
#2485=EDGE_CURVE('',#1967,#1968,#1277,.T.);
#2486=EDGE_CURVE('',#1968,#1965,#1064,.T.);
#2487=EDGE_CURVE('',#1969,#1970,#1278,.T.);
#2488=EDGE_CURVE('',#1970,#1966,#1065,.T.);
#2489=EDGE_CURVE('',#1965,#1969,#1066,.T.);
#2490=EDGE_CURVE('',#1834,#1971,#1279,.T.);
#2491=EDGE_CURVE('',#1971,#1970,#1067,.T.);
#2492=EDGE_CURVE('',#1969,#1834,#1068,.T.);
#2493=EDGE_CURVE('',#1972,#1973,#1280,.T.);
#2494=EDGE_CURVE('',#1973,#1974,#1069,.T.);
#2495=EDGE_CURVE('',#1974,#1839,#1281,.T.);
#2496=EDGE_CURVE('',#1839,#1972,#1070,.T.);
#2497=EDGE_CURVE('',#1975,#1976,#1282,.T.);
#2498=EDGE_CURVE('',#1976,#1973,#1071,.T.);
#2499=EDGE_CURVE('',#1972,#1975,#1072,.T.);
#2500=EDGE_CURVE('',#1977,#1978,#1283,.T.);
#2501=EDGE_CURVE('',#1978,#1976,#1073,.T.);
#2502=EDGE_CURVE('',#1975,#1977,#1074,.T.);
#2503=EDGE_CURVE('',#1974,#1971,#1284,.T.);
#2504=EDGE_CURVE('',#1979,#1980,#1285,.T.);
#2505=EDGE_CURVE('',#1980,#1981,#1075,.T.);
#2506=EDGE_CURVE('',#1981,#1982,#1286,.T.);
#2507=EDGE_CURVE('',#1982,#1979,#1076,.T.);
#2508=EDGE_CURVE('',#1983,#1984,#1287,.T.);
#2509=EDGE_CURVE('',#1984,#1980,#1077,.T.);
#2510=EDGE_CURVE('',#1979,#1983,#1078,.T.);
#2511=EDGE_CURVE('',#1985,#1986,#1288,.T.);
#2512=EDGE_CURVE('',#1986,#1984,#1079,.T.);
#2513=EDGE_CURVE('',#1983,#1985,#1080,.T.);
#2514=EDGE_CURVE('',#1987,#1988,#1289,.T.);
#2515=EDGE_CURVE('',#1988,#1986,#1290,.T.);
#2516=EDGE_CURVE('',#1985,#1987,#1291,.T.);
#2517=EDGE_CURVE('',#1989,#1990,#1292,.T.);
#2518=EDGE_CURVE('',#1990,#1988,#1081,.T.);
#2519=EDGE_CURVE('',#1987,#1989,#1082,.T.);
#2520=EDGE_CURVE('',#1991,#1992,#1293,.T.);
#2521=EDGE_CURVE('',#1992,#1990,#1083,.T.);
#2522=EDGE_CURVE('',#1989,#1991,#1084,.T.);
#2523=EDGE_CURVE('',#1993,#1994,#1294,.T.);
#2524=EDGE_CURVE('',#1994,#1992,#1085,.T.);
#2525=EDGE_CURVE('',#1991,#1993,#1086,.T.);
#2526=EDGE_CURVE('',#1981,#1978,#1087,.T.);
#2527=EDGE_CURVE('',#1977,#1982,#1088,.T.);
#2528=EDGE_CURVE('',#1967,#1994,#1089,.T.);
#2529=EDGE_CURVE('',#1993,#1968,#1090,.T.);
#2530=EDGE_CURVE('',#1995,#1967,#1295,.T.);
#2531=EDGE_CURVE('',#1981,#1995,#1296,.T.);
#2532=EDGE_CURVE('',#1967,#1981,#1297,.T.);
#2533=EDGE_CURVE('',#1968,#1962,#1091,.T.);
#2534=EDGE_CURVE('',#1993,#1996,#1298,.T.);
#2535=EDGE_CURVE('',#1996,#1936,#1092,.T.);
#2536=EDGE_CURVE('',#1996,#1991,#1093,.T.);
#2537=EDGE_CURVE('',#1997,#1989,#1094,.T.);
#2538=EDGE_CURVE('',#1996,#1997,#1585,.T.);
#2539=EDGE_CURVE('',#1998,#1987,#1095,.T.);
#2540=EDGE_CURVE('',#1997,#1998,#1299,.T.);
#2541=EDGE_CURVE('',#1983,#1999,#1096,.T.);
#2542=EDGE_CURVE('',#2000,#1999,#1097,.T.);
#2543=EDGE_CURVE('',#1985,#2000,#1098,.T.);
#2544=EDGE_CURVE('',#1979,#1918,#1099,.T.);
#2545=EDGE_CURVE('',#1910,#2001,#1100,.T.);
#2546=EDGE_CURVE('',#2001,#2002,#1101,.T.);
#2547=EDGE_CURVE('',#2002,#1887,#1102,.T.);
#2548=EDGE_CURVE('',#1888,#2003,#1103,.T.);
#2549=EDGE_CURVE('',#2004,#2003,#1104,.T.);
#2550=EDGE_CURVE('',#2004,#2005,#1105,.T.);
#2551=EDGE_CURVE('',#1999,#2005,#1106,.T.);
#2552=EDGE_CURVE('',#1982,#2006,#1107,.T.);
#2553=EDGE_CURVE('',#1918,#2006,#1108,.T.);
#2554=EDGE_CURVE('',#1954,#1930,#1109,.T.);
#2555=EDGE_CURVE('',#1955,#2007,#1110,.T.);
#2556=EDGE_CURVE('',#2008,#2007,#1111,.T.);
#2557=EDGE_CURVE('',#2008,#1934,#1112,.T.);
#2558=EDGE_CURVE('',#1950,#1928,#1113,.T.);
#2559=EDGE_CURVE('',#1948,#1926,#1114,.T.);
#2560=EDGE_CURVE('',#1959,#1864,#1115,.T.);
#2561=EDGE_CURVE('',#1997,#1862,#1116,.T.);
#2562=EDGE_CURVE('',#1965,#1939,#1117,.T.);
#2563=EDGE_CURVE('',#1969,#1870,#1118,.T.);
#2564=EDGE_CURVE('',#1963,#1868,#1119,.T.);
#2565=EDGE_CURVE('',#1964,#1866,#1120,.T.);
#2566=EDGE_CURVE('',#1998,#1836,#1121,.T.);
#2567=EDGE_CURVE('',#2009,#2010,#1300,.T.);
#2568=EDGE_CURVE('',#2010,#2011,#1122,.T.);
#2569=EDGE_CURVE('',#2011,#2012,#1301,.T.);
#2570=EDGE_CURVE('',#2012,#2009,#1123,.T.);
#2571=EDGE_CURVE('',#2011,#2013,#1124,.T.);
#2572=EDGE_CURVE('',#2013,#2014,#1302,.T.);
#2573=EDGE_CURVE('',#2014,#2012,#1125,.T.);
#2574=EDGE_CURVE('',#2015,#2016,#1303,.T.);
#2575=EDGE_CURVE('',#2016,#2017,#1304,.T.);
#2576=EDGE_CURVE('',#2017,#2014,#1305,.T.);
#2577=EDGE_CURVE('',#2013,#2015,#1306,.T.);
#2578=EDGE_CURVE('',#2015,#2018,#1126,.T.);
#2579=EDGE_CURVE('',#2018,#2019,#1307,.T.);
#2580=EDGE_CURVE('',#2019,#2016,#1127,.T.);
#2581=EDGE_CURVE('',#2020,#2021,#1308,.T.);
#2582=EDGE_CURVE('',#2021,#2019,#1128,.T.);
#2583=EDGE_CURVE('',#2018,#2020,#1129,.T.);
#2584=EDGE_CURVE('',#2022,#2023,#1309,.T.);
#2585=EDGE_CURVE('',#2023,#2010,#1130,.T.);
#2586=EDGE_CURVE('',#2009,#2022,#1131,.T.);
#2587=EDGE_CURVE('',#2024,#2025,#1310,.T.);
#2588=EDGE_CURVE('',#2025,#2021,#1132,.T.);
#2589=EDGE_CURVE('',#2020,#2024,#1133,.T.);
#2590=EDGE_CURVE('',#2015,#2026,#1311,.T.);
#2591=EDGE_CURVE('',#2026,#2020,#1312,.T.);
#2592=EDGE_CURVE('',#2027,#2013,#1313,.T.);
#2593=EDGE_CURVE('',#2026,#2027,#1314,.T.);
#2594=EDGE_CURVE('',#2027,#2010,#1315,.T.);
#2595=EDGE_CURVE('',#2012,#2028,#1134,.T.);
#2596=EDGE_CURVE('',#2029,#2028,#1316,.T.);
#2597=EDGE_CURVE('',#2029,#2022,#1135,.T.);
#2598=EDGE_CURVE('',#2028,#2030,#1317,.T.);
#2599=EDGE_CURVE('',#2030,#2031,#1318,.T.);
#2600=EDGE_CURVE('',#2031,#2029,#1319,.T.);
#2601=EDGE_CURVE('',#2025,#2031,#1136,.T.);
#2602=EDGE_CURVE('',#2030,#2019,#1137,.T.);
#2603=EDGE_CURVE('',#2023,#2024,#1320,.T.);
#2604=EDGE_CURVE('',#2029,#2032,#1586,.T.);
#2605=EDGE_CURVE('',#2032,#2033,#1321,.F.);
#2606=EDGE_CURVE('',#2033,#2023,#1587,.T.);
#2607=EDGE_CURVE('',#2034,#2031,#1588,.T.);
#2608=EDGE_CURVE('',#2032,#2034,#1322,.T.);
#2609=EDGE_CURVE('',#2017,#1835,#1589,.T.);
#2610=EDGE_CURVE('',#2035,#1835,#1323,.T.);
#2611=EDGE_CURVE('',#1837,#2035,#1324,.T.);
#2612=EDGE_CURVE('',#2033,#2036,#1325,.F.);
#2613=EDGE_CURVE('',#2036,#2032,#1326,.F.);
#2614=EDGE_CURVE('',#2037,#2038,#1327,.F.);
#2615=EDGE_CURVE('',#2034,#2037,#1328,.F.);
#2616=EDGE_CURVE('',#2038,#2034,#1329,.F.);
#2617=EDGE_CURVE('',#2037,#2036,#1330,.T.);
#2618=EDGE_CURVE('',#2024,#2038,#1590,.T.);
#2619=EDGE_CURVE('',#2036,#2037,#1331,.T.);
#2620=EDGE_CURVE('',#2038,#2033,#1332,.T.);
#2621=EDGE_CURVE('',#2039,#2040,#1333,.T.);
#2622=EDGE_CURVE('',#2041,#2039,#1591,.T.);
#2623=EDGE_CURVE('',#2042,#2041,#1334,.T.);
#2624=EDGE_CURVE('',#2043,#2042,#1592,.T.);
#2625=EDGE_CURVE('',#2044,#2043,#1335,.T.);
#2626=EDGE_CURVE('',#2045,#2044,#1593,.T.);
#2627=EDGE_CURVE('',#2046,#2045,#1336,.T.);
#2628=EDGE_CURVE('',#2047,#2046,#1337,.T.);
#2629=EDGE_CURVE('',#2048,#2047,#1338,.T.);
#2630=EDGE_CURVE('',#2049,#2048,#1594,.T.);
#2631=EDGE_CURVE('',#2050,#2049,#1339,.T.);
#2632=EDGE_CURVE('',#2051,#2050,#1595,.T.);
#2633=EDGE_CURVE('',#2052,#2051,#1340,.T.);
#2634=EDGE_CURVE('',#2053,#2052,#1596,.T.);
#2635=EDGE_CURVE('',#2054,#2053,#1341,.T.);
#2636=EDGE_CURVE('',#2040,#2054,#1342,.T.);
#2637=EDGE_CURVE('',#2055,#2055,#1343,.T.);
#2638=EDGE_CURVE('',#2056,#2056,#1344,.T.);
#2639=EDGE_CURVE('',#2057,#2057,#1345,.T.);
#2640=EDGE_CURVE('',#2058,#2058,#1346,.T.);
#2641=EDGE_CURVE('',#2059,#2060,#1347,.T.);
#2642=EDGE_CURVE('',#2060,#2061,#1138,.T.);
#2643=EDGE_CURVE('',#2061,#2059,#1139,.T.);
#2644=EDGE_CURVE('',#2062,#2063,#1348,.T.);
#2645=EDGE_CURVE('',#2063,#2060,#1349,.T.);
#2646=EDGE_CURVE('',#2059,#2062,#1350,.T.);
#2647=EDGE_CURVE('',#2062,#2064,#1140,.T.);
#2648=EDGE_CURVE('',#2064,#2063,#1141,.T.);
#2649=EDGE_CURVE('',#2065,#2061,#1597,.T.);
#2650=EDGE_CURVE('',#2066,#2065,#1351,.T.);
#2651=EDGE_CURVE('',#2066,#2067,#1598,.T.);
#2652=EDGE_CURVE('',#2068,#2067,#1352,.T.);
#2653=EDGE_CURVE('',#2067,#2068,#1353,.T.);
#2654=EDGE_CURVE('',#2069,#2066,#1354,.T.);
#2655=EDGE_CURVE('',#2064,#2069,#1599,.T.);
#2656=EDGE_CURVE('',#2070,#2071,#1355,.T.);
#2657=EDGE_CURVE('',#2071,#2065,#1142,.T.);
#2658=EDGE_CURVE('',#2065,#2070,#1143,.T.);
#2659=EDGE_CURVE('',#2070,#2072,#1144,.T.);
#2660=EDGE_CURVE('',#2072,#2073,#1356,.T.);
#2661=EDGE_CURVE('',#2073,#2071,#1145,.T.);
#2662=EDGE_CURVE('',#1852,#2074,#1357,.T.);
#2663=EDGE_CURVE('',#2074,#2073,#1146,.T.);
#2664=EDGE_CURVE('',#2072,#1853,#1147,.T.);
#2665=EDGE_CURVE('',#1851,#2074,#1148,.T.);
#2666=EDGE_CURVE('',#2075,#2072,#1600,.T.);
#2667=EDGE_CURVE('',#2076,#2075,#1601,.T.);
#2668=EDGE_CURVE('',#2076,#2077,#1149,.T.);
#2669=EDGE_CURVE('',#2078,#2077,#1358,.T.);
#2670=EDGE_CURVE('',#2079,#2078,#1602,.T.);
#2671=EDGE_CURVE('',#2080,#2079,#1603,.T.);
#2672=EDGE_CURVE('',#2080,#2081,#1150,.T.);
#2673=EDGE_CURVE('',#2082,#2081,#1604,.T.);
#2674=EDGE_CURVE('',#2083,#2082,#1151,.F.);
#2675=EDGE_CURVE('',#1854,#2083,#1152,.F.);
#2676=EDGE_CURVE('',#2075,#2061,#1359,.T.);
#2677=EDGE_CURVE('',#2071,#2084,#1360,.T.);
#2678=EDGE_CURVE('',#2069,#2084,#1153,.T.);
#2679=EDGE_CURVE('',#2084,#2085,#1361,.T.);
#2680=EDGE_CURVE('',#2085,#2069,#1154,.T.);
#2681=EDGE_CURVE('',#2086,#2087,#1362,.T.);
#2682=EDGE_CURVE('',#2087,#2085,#1155,.T.);
#2683=EDGE_CURVE('',#2084,#2086,#1156,.T.);
#2684=EDGE_CURVE('',#1856,#2087,#1157,.T.);
#2685=EDGE_CURVE('',#2086,#2088,#1158,.T.);
#2686=EDGE_CURVE('',#2088,#1857,#1363,.T.);
#2687=EDGE_CURVE('',#2088,#1858,#1159,.T.);
#2688=EDGE_CURVE('',#2088,#2074,#1364,.T.);
#2689=EDGE_CURVE('',#1855,#2089,#1160,.T.);
#2690=EDGE_CURVE('',#2083,#2090,#1365,.T.);
#2691=EDGE_CURVE('',#2090,#2091,#1366,.T.);
#2692=EDGE_CURVE('',#2091,#2089,#1367,.T.);
#2693=EDGE_CURVE('',#2082,#2090,#1161,.T.);
#2694=EDGE_CURVE('',#2089,#2092,#1162,.T.);
#2695=EDGE_CURVE('',#2091,#2092,#1163,.T.);
#2696=EDGE_CURVE('',#2091,#2093,#1605,.T.);
#2697=EDGE_CURVE('',#2093,#2094,#1164,.T.);
#2698=EDGE_CURVE('',#2094,#2092,#1606,.T.);
#2699=EDGE_CURVE('',#2095,#2090,#1607,.T.);
#2700=EDGE_CURVE('',#2096,#2095,#1368,.T.);
#2701=EDGE_CURVE('',#2097,#2096,#1608,.T.);
#2702=EDGE_CURVE('',#2098,#2097,#1609,.T.);
#2703=EDGE_CURVE('',#2099,#2098,#1369,.T.);
#2704=EDGE_CURVE('',#2100,#2099,#1370,.T.);
#2705=EDGE_CURVE('',#2101,#2100,#1371,.T.);
#2706=EDGE_CURVE('',#2102,#2101,#1610,.T.);
#2707=EDGE_CURVE('',#2103,#2102,#1611,.T.);
#2708=EDGE_CURVE('',#2104,#2103,#1372,.T.);
#2709=EDGE_CURVE('',#2105,#2104,#1373,.T.);
#2710=EDGE_CURVE('',#2106,#2105,#1374,.T.);
#2711=EDGE_CURVE('',#2107,#2106,#1612,.T.);
#2712=EDGE_CURVE('',#2108,#2107,#1613,.T.);
#2713=EDGE_CURVE('',#2109,#2108,#1375,.T.);
#2714=EDGE_CURVE('',#2110,#2109,#1376,.T.);
#2715=EDGE_CURVE('',#2111,#2110,#1377,.T.);
#2716=EDGE_CURVE('',#2112,#2111,#1614,.T.);
#2717=EDGE_CURVE('',#2113,#2112,#1615,.T.);
#2718=EDGE_CURVE('',#2093,#2113,#1378,.T.);
#2719=EDGE_CURVE('',#2114,#2114,#1379,.T.);
#2720=EDGE_CURVE('',#2115,#2115,#1380,.T.);
#2721=EDGE_CURVE('',#2116,#2116,#1381,.T.);
#2722=EDGE_CURVE('',#2117,#2117,#1382,.T.);
#2723=EDGE_CURVE('',#2118,#2118,#1383,.T.);
#2724=EDGE_CURVE('',#2119,#2120,#1384,.T.);
#2725=EDGE_CURVE('',#2120,#2114,#1385,.T.);
#2726=EDGE_CURVE('',#2120,#2119,#1386,.T.);
#2727=EDGE_CURVE('',#2121,#2122,#1387,.T.);
#2728=EDGE_CURVE('',#2121,#2119,#1616,.T.);
#2729=EDGE_CURVE('',#2122,#2121,#1388,.T.);
#2730=EDGE_CURVE('',#2123,#2124,#1389,.T.);
#2731=EDGE_CURVE('',#2124,#2125,#1390,.T.);
#2732=EDGE_CURVE('',#2125,#2123,#1391,.T.);
#2733=EDGE_CURVE('',#2123,#2126,#1617,.T.);
#2734=EDGE_CURVE('',#2126,#2127,#1392,.T.);
#2735=EDGE_CURVE('',#2127,#2124,#1618,.T.);
#2736=EDGE_CURVE('',#2126,#2128,#1393,.T.);
#2737=EDGE_CURVE('',#2128,#2127,#1394,.T.);
#2738=EDGE_CURVE('',#2126,#2129,#1619,.T.);
#2739=EDGE_CURVE('',#2129,#2130,#1165,.T.);
#2740=EDGE_CURVE('',#2130,#2128,#1620,.T.);
#2741=EDGE_CURVE('',#2131,#2123,#1621,.T.);
#2742=EDGE_CURVE('',#2131,#2132,#1166,.T.);
#2743=EDGE_CURVE('',#2133,#2132,#1622,.T.);
#2744=EDGE_CURVE('',#2134,#2133,#1395,.T.);
#2745=EDGE_CURVE('',#2135,#2134,#1623,.T.);
#2746=EDGE_CURVE('',#2135,#2129,#1167,.T.);
#2747=EDGE_CURVE('',#2125,#2136,#1624,.T.);
#2748=EDGE_CURVE('',#2136,#2131,#1168,.T.);
#2749=EDGE_CURVE('',#2068,#1995,#1396,.T.);
#2750=EDGE_CURVE('',#2137,#2097,#1397,.F.);
#2751=EDGE_CURVE('',#2138,#2137,#1398,.F.);
#2752=EDGE_CURVE('',#2097,#2138,#1399,.F.);
#2753=EDGE_CURVE('',#2139,#2140,#1400,.T.);
#2754=EDGE_CURVE('',#2140,#2138,#1625,.T.);
#2755=EDGE_CURVE('',#2137,#2139,#1626,.T.);
#2756=EDGE_CURVE('',#2141,#2098,#1401,.T.);
#2757=EDGE_CURVE('',#2138,#2141,#1627,.T.);
#2758=EDGE_CURVE('',#2096,#2142,#1402,.T.);
#2759=EDGE_CURVE('',#2142,#2137,#1628,.T.);
#2760=EDGE_CURVE('',#2099,#2143,#1169,.T.);
#2761=EDGE_CURVE('',#2141,#2144,#1403,.T.);
#2762=EDGE_CURVE('',#2143,#2144,#1170,.T.);
#2763=EDGE_CURVE('',#2080,#2142,#1404,.T.);
#2764=EDGE_CURVE('',#2081,#2095,#1171,.T.);
#2765=EDGE_CURVE('',#2145,#2146,#1172,.T.);
#2766=EDGE_CURVE('',#2145,#2140,#1405,.T.);
#2767=EDGE_CURVE('',#2139,#2147,#1406,.T.);
#2768=EDGE_CURVE('',#2146,#2147,#1173,.T.);
#2769=EDGE_CURVE('',#2139,#2148,#1629,.T.);
#2770=EDGE_CURVE('',#2148,#2149,#1407,.F.);
#2771=EDGE_CURVE('',#2149,#2147,#1630,.T.);
#2772=EDGE_CURVE('',#2148,#2142,#1631,.T.);
#2773=EDGE_CURVE('',#2079,#2148,#1408,.F.);
#2774=EDGE_CURVE('',#2150,#2039,#1409,.T.);
#2775=EDGE_CURVE('',#2040,#2151,#1410,.T.);
#2776=EDGE_CURVE('',#2151,#2150,#1411,.T.);
#2777=EDGE_CURVE('',#2141,#2150,#1632,.T.);
#2778=EDGE_CURVE('',#2151,#2144,#1633,.T.);
#2779=EDGE_CURVE('',#2150,#2152,#1634,.T.);
#2780=EDGE_CURVE('',#2152,#2041,#1412,.T.);
#2781=EDGE_CURVE('',#2153,#2145,#1635,.T.);
#2782=EDGE_CURVE('',#2152,#2153,#1636,.T.);
#2783=EDGE_CURVE('',#2154,#2102,#1413,.F.);
#2784=EDGE_CURVE('',#2155,#2154,#1414,.F.);
#2785=EDGE_CURVE('',#2102,#2155,#1415,.F.);
#2786=EDGE_CURVE('',#2156,#2157,#1416,.T.);
#2787=EDGE_CURVE('',#2157,#2155,#1637,.T.);
#2788=EDGE_CURVE('',#2154,#2156,#1638,.T.);
#2789=EDGE_CURVE('',#2158,#2103,#1417,.T.);
#2790=EDGE_CURVE('',#2155,#2158,#1639,.T.);
#2791=EDGE_CURVE('',#2101,#2159,#1418,.T.);
#2792=EDGE_CURVE('',#2159,#2154,#1640,.T.);
#2793=EDGE_CURVE('',#2135,#2157,#1419,.T.);
#2794=EDGE_CURVE('',#2156,#2130,#1420,.T.);
#2795=EDGE_CURVE('',#2104,#2160,#1174,.T.);
#2796=EDGE_CURVE('',#2158,#2161,#1421,.T.);
#2797=EDGE_CURVE('',#2160,#2161,#1175,.T.);
#2798=EDGE_CURVE('',#2162,#2163,#1176,.T.);
#2799=EDGE_CURVE('',#2162,#2159,#1422,.T.);
#2800=EDGE_CURVE('',#2163,#2100,#1177,.T.);
#2801=EDGE_CURVE('',#2164,#2159,#1641,.T.);
#2802=EDGE_CURVE('',#2165,#2164,#1642,.T.);
#2803=EDGE_CURVE('',#2128,#2165,#1643,.T.);
#2804=EDGE_CURVE('',#2162,#2166,#1644,.T.);
#2805=EDGE_CURVE('',#2164,#2166,#1423,.T.);
#2806=EDGE_CURVE('',#2166,#2151,#1424,.T.);
#2807=EDGE_CURVE('',#2143,#2163,#1425,.T.);
#2808=EDGE_CURVE('',#2167,#2107,#1426,.F.);
#2809=EDGE_CURVE('',#2168,#2167,#1427,.F.);
#2810=EDGE_CURVE('',#2107,#2168,#1428,.F.);
#2811=EDGE_CURVE('',#2169,#2170,#1429,.T.);
#2812=EDGE_CURVE('',#2170,#2168,#1645,.T.);
#2813=EDGE_CURVE('',#2167,#2169,#1646,.T.);
#2814=EDGE_CURVE('',#2171,#2108,#1430,.T.);
#2815=EDGE_CURVE('',#2168,#2171,#1647,.T.);
#2816=EDGE_CURVE('',#2106,#2172,#1431,.T.);
#2817=EDGE_CURVE('',#2172,#2167,#1648,.T.);
#2818=EDGE_CURVE('',#2109,#2173,#1178,.T.);
#2819=EDGE_CURVE('',#2171,#2174,#1432,.T.);
#2820=EDGE_CURVE('',#2173,#2174,#1179,.T.);
#2821=EDGE_CURVE('',#2175,#2176,#1180,.T.);
#2822=EDGE_CURVE('',#2175,#2172,#1433,.T.);
#2823=EDGE_CURVE('',#2176,#2105,#1181,.T.);
#2824=EDGE_CURVE('',#2136,#2170,#1434,.T.);
#2825=EDGE_CURVE('',#2169,#2132,#1435,.T.);
#2826=EDGE_CURVE('',#2173,#2177,#1436,.T.);
#2827=EDGE_CURVE('',#2177,#2110,#1182,.T.);
#2828=EDGE_CURVE('',#2178,#2174,#1649,.T.);
#2829=EDGE_CURVE('',#2179,#2178,#1437,.T.);
#2830=EDGE_CURVE('',#2180,#2179,#1650,.T.);
#2831=EDGE_CURVE('',#2180,#2177,#1183,.T.);
#2832=EDGE_CURVE('',#2171,#2181,#1651,.T.);
#2833=EDGE_CURVE('',#2178,#2181,#1438,.T.);
#2834=EDGE_CURVE('',#2182,#2125,#1652,.T.);
#2835=EDGE_CURVE('',#2181,#2182,#1653,.T.);
#2836=EDGE_CURVE('',#2183,#2112,#1439,.F.);
#2837=EDGE_CURVE('',#2184,#2183,#1440,.F.);
#2838=EDGE_CURVE('',#2112,#2184,#1441,.F.);
#2839=EDGE_CURVE('',#2185,#2186,#1442,.T.);
#2840=EDGE_CURVE('',#2186,#2184,#1654,.T.);
#2841=EDGE_CURVE('',#2183,#2185,#1655,.T.);
#2842=EDGE_CURVE('',#2187,#2113,#1443,.T.);
#2843=EDGE_CURVE('',#2184,#2187,#1656,.T.);
#2844=EDGE_CURVE('',#2111,#2188,#1444,.T.);
#2845=EDGE_CURVE('',#2188,#2183,#1657,.T.);
#2846=EDGE_CURVE('',#2180,#2188,#1445,.T.);
#2847=EDGE_CURVE('',#2187,#2189,#1446,.T.);
#2848=EDGE_CURVE('',#2094,#2189,#1184,.T.);
#2849=EDGE_CURVE('',#2190,#2191,#1185,.T.);
#2850=EDGE_CURVE('',#2190,#2186,#1447,.T.);
#2851=EDGE_CURVE('',#2185,#2192,#1448,.T.);
#2852=EDGE_CURVE('',#2191,#2192,#1186,.T.);
#2853=EDGE_CURVE('',#2193,#2189,#1658,.T.);
#2854=EDGE_CURVE('',#2194,#2193,#1659,.T.);
#2855=EDGE_CURVE('',#2195,#2194,#1449,.T.);
#2856=EDGE_CURVE('',#2196,#2195,#1187,.F.);
#2857=EDGE_CURVE('',#2197,#2196,#1660,.T.);
#2858=EDGE_CURVE('',#2087,#2197,#1661,.T.);
#2859=EDGE_CURVE('',#2187,#2198,#1662,.T.);
#2860=EDGE_CURVE('',#2198,#2193,#1450,.F.);
#2861=EDGE_CURVE('',#2198,#2186,#1663,.T.);
#2862=EDGE_CURVE('',#2190,#2199,#1664,.T.);
#2863=EDGE_CURVE('',#2199,#2198,#1451,.F.);
#2864=EDGE_CURVE('',#2200,#2191,#1665,.T.);
#2865=EDGE_CURVE('',#2201,#2200,#1666,.T.);
#2866=EDGE_CURVE('',#2199,#2201,#1667,.T.);
#2867=EDGE_CURVE('',#2202,#2195,#1188,.T.);
#2868=EDGE_CURVE('',#2202,#2203,#1452,.T.);
#2869=EDGE_CURVE('',#2203,#2204,#1453,.T.);
#2870=EDGE_CURVE('',#2204,#2196,#1454,.T.);
#2871=EDGE_CURVE('',#2205,#2206,#1455,.T.);
#2872=EDGE_CURVE('',#2206,#2204,#1668,.T.);
#2873=EDGE_CURVE('',#2203,#2205,#1669,.T.);
#2874=EDGE_CURVE('',#2076,#2206,#1456,.T.);
#2875=EDGE_CURVE('',#2205,#2207,#1457,.T.);
#2876=EDGE_CURVE('',#2207,#2077,#1189,.F.);
#2877=EDGE_CURVE('',#2208,#2202,#1190,.F.);
#2878=EDGE_CURVE('',#2209,#2208,#1670,.T.);
#2879=EDGE_CURVE('',#2210,#2209,#1671,.T.);
#2880=EDGE_CURVE('',#2211,#2210,#1672,.T.);
#2881=EDGE_CURVE('',#2212,#2211,#1673,.T.);
#2882=EDGE_CURVE('',#2213,#2212,#1674,.T.);
#2883=EDGE_CURVE('',#2207,#2213,#1191,.F.);
#2884=EDGE_CURVE('',#2149,#2079,#1458,.F.);
#2885=EDGE_CURVE('',#2214,#2078,#1459,.T.);
#2886=EDGE_CURVE('',#2213,#2214,#1460,.T.);
#2887=EDGE_CURVE('',#2214,#2149,#1675,.T.);
#2888=EDGE_CURVE('',#2166,#2054,#1461,.T.);
#2889=EDGE_CURVE('',#2053,#2164,#1462,.T.);
#2890=EDGE_CURVE('',#2215,#2216,#1463,.F.);
#2891=EDGE_CURVE('',#2134,#2215,#1464,.F.);
#2892=EDGE_CURVE('',#2216,#2134,#1465,.F.);
#2893=EDGE_CURVE('',#2215,#2157,#1676,.T.);
#2894=EDGE_CURVE('',#2217,#2218,#1466,.F.);
#2895=EDGE_CURVE('',#2133,#2217,#1467,.F.);
#2896=EDGE_CURVE('',#2218,#2133,#1468,.F.);
#2897=EDGE_CURVE('',#2217,#2216,#1469,.T.);
#2898=EDGE_CURVE('',#2169,#2218,#1677,.T.);
#2899=EDGE_CURVE('',#2175,#2217,#1678,.T.);
#2900=EDGE_CURVE('',#2218,#2172,#1679,.T.);
#2901=EDGE_CURVE('',#2158,#2215,#1680,.T.);
#2902=EDGE_CURVE('',#2216,#2161,#1681,.T.);
#2903=EDGE_CURVE('',#2047,#2178,#1470,.T.);
#2904=EDGE_CURVE('',#2181,#2048,#1471,.T.);
#2905=EDGE_CURVE('',#2182,#2049,#1472,.T.);
#2906=EDGE_CURVE('',#2045,#2219,#1473,.T.);
#2907=EDGE_CURVE('',#2219,#2179,#1474,.T.);
#2908=EDGE_CURVE('',#2179,#2046,#1475,.T.);
#2909=EDGE_CURVE('',#2219,#2188,#1682,.T.);
#2910=EDGE_CURVE('',#2193,#2199,#1476,.F.);
#2911=EDGE_CURVE('',#2194,#2201,#1477,.T.);
#2912=EDGE_CURVE('',#2201,#2208,#1478,.T.);
#2913=EDGE_CURVE('',#2192,#2220,#1683,.T.);
#2914=EDGE_CURVE('',#2220,#2200,#1479,.F.);
#2915=EDGE_CURVE('',#2221,#1975,#1192,.T.);
#2916=EDGE_CURVE('',#1977,#2221,#1480,.T.);
#2917=EDGE_CURVE('',#2222,#1838,#1481,.T.);
#2918=EDGE_CURVE('',#2222,#1972,#1193,.T.);
#2919=EDGE_CURVE('',#2221,#2222,#1684,.T.);
#2920=EDGE_CURVE('',#1891,#2004,#1482,.T.);
#2921=EDGE_CURVE('',#1890,#2223,#1483,.T.);
#2922=EDGE_CURVE('',#2223,#2004,#1194,.T.);
#2923=EDGE_CURVE('',#1892,#2223,#1195,.T.);
#2924=EDGE_CURVE('',#1916,#2006,#1484,.T.);
#2925=EDGE_CURVE('',#2006,#1914,#1196,.T.);
#2926=EDGE_CURVE('',#2035,#2224,#1197,.T.);
#2927=EDGE_CURVE('',#2225,#2035,#1198,.F.);
#2928=EDGE_CURVE('',#2225,#2226,#1199,.T.);
#2929=EDGE_CURVE('',#2226,#2227,#1485,.T.);
#2930=EDGE_CURVE('',#2227,#2224,#1200,.T.);
#2931=EDGE_CURVE('',#2228,#2229,#1486,.T.);
#2932=EDGE_CURVE('',#2229,#2227,#1201,.T.);
#2933=EDGE_CURVE('',#2226,#2228,#1202,.T.);
#2934=EDGE_CURVE('',#2230,#2231,#1487,.T.);
#2935=EDGE_CURVE('',#2231,#2229,#1203,.T.);
#2936=EDGE_CURVE('',#2228,#2230,#1204,.T.);
#2937=EDGE_CURVE('',#2232,#2005,#1488,.T.);
#2938=EDGE_CURVE('',#2005,#2231,#1205,.T.);
#2939=EDGE_CURVE('',#2230,#2232,#1206,.T.);
#2940=EDGE_CURVE('',#2233,#1999,#1489,.T.);
#2941=EDGE_CURVE('',#2232,#2233,#1207,.T.);
#2942=EDGE_CURVE('',#2234,#2000,#1208,.T.);
#2943=EDGE_CURVE('',#2233,#2234,#1209,.T.);
#2944=EDGE_CURVE('',#2234,#2225,#1685,.T.);
#2945=EDGE_CURVE('',#1880,#1903,#1210,.T.);
#2946=EDGE_CURVE('',#1886,#1907,#1211,.T.);
#2947=EDGE_CURVE('',#1882,#1905,#1212,.T.);
#2948=EDGE_CURVE('',#2221,#1914,#1213,.T.);
#2949=EDGE_CURVE('',#2222,#2227,#1214,.T.);
#2950=EDGE_CURVE('',#1892,#2229,#1215,.T.);
#2951=EDGE_CURVE('',#1837,#2224,#1216,.T.);
#2952=EDGE_CURVE('',#2223,#2231,#1217,.T.);
#2953=EDGE_CURVE('',#2204,#2235,#1686,.T.);
#2954=EDGE_CURVE('',#2235,#2197,#1490,.T.);
#2955=EDGE_CURVE('',#2064,#2197,#1491,.T.);
#2956=EDGE_CURVE('',#2235,#2063,#1492,.T.);
#2957=EDGE_CURVE('',#2236,#2206,#1687,.T.);
#2958=EDGE_CURVE('',#2060,#2236,#1493,.T.);
#2959=EDGE_CURVE('',#2236,#2075,#1494,.T.);
#2960=EDGE_CURVE('',#2237,#2237,#1495,.T.);
#2961=EDGE_CURVE('',#2237,#2238,#1496,.T.);
#2962=EDGE_CURVE('',#2238,#2239,#1497,.T.);
#2963=EDGE_CURVE('',#2239,#2238,#1498,.T.);
#2964=EDGE_CURVE('',#2240,#2240,#1499,.T.);
#2965=EDGE_CURVE('',#2241,#2241,#1500,.T.);
#2966=EDGE_CURVE('',#2242,#2242,#1501,.T.);
#2967=EDGE_CURVE('',#2243,#2243,#1502,.T.);
#2968=EDGE_CURVE('',#2244,#2244,#1503,.T.);
#2969=EDGE_CURVE('',#2239,#2245,#1688,.T.);
#2970=EDGE_CURVE('',#2246,#2245,#1504,.T.);
#2971=EDGE_CURVE('',#2245,#2246,#1505,.T.);
#2972=EDGE_CURVE('',#2241,#2247,#1506,.T.);
#2973=EDGE_CURVE('',#2247,#2248,#1507,.T.);
#2974=EDGE_CURVE('',#2248,#2247,#1508,.T.);
#2975=EDGE_CURVE('',#2248,#2249,#1689,.T.);
#2976=EDGE_CURVE('',#2250,#2249,#1509,.T.);
#2977=EDGE_CURVE('',#2249,#2250,#1510,.T.);
#2978=EDGE_CURVE('',#2244,#2251,#1511,.T.);
#2979=EDGE_CURVE('',#2251,#2252,#1512,.T.);
#2980=EDGE_CURVE('',#2252,#2251,#1513,.T.);
#2981=EDGE_CURVE('',#2252,#2253,#1690,.T.);
#2982=EDGE_CURVE('',#2254,#2253,#1514,.T.);
#2983=EDGE_CURVE('',#2253,#2254,#1515,.T.);
#2984=EDGE_CURVE('',#2242,#2255,#1516,.T.);
#2985=EDGE_CURVE('',#2255,#2256,#1517,.T.);
#2986=EDGE_CURVE('',#2256,#2255,#1518,.T.);
#2987=EDGE_CURVE('',#2256,#2257,#1691,.T.);
#2988=EDGE_CURVE('',#2258,#2257,#1519,.T.);
#2989=EDGE_CURVE('',#2257,#2258,#1520,.T.);
#2990=EDGE_CURVE('',#2259,#2260,#1521,.T.);
#2991=EDGE_CURVE('',#2260,#2122,#1522,.T.);
#2992=EDGE_CURVE('',#2260,#2259,#1523,.T.);
#2993=EDGE_CURVE('',#2243,#2259,#1692,.T.);
#2994=EDGE_CURVE('',#2160,#2176,#1524,.T.);
#2995=EDGE_CURVE('',#2254,#2118,#1525,.T.);
#2996=EDGE_CURVE('',#2250,#2115,#1526,.T.);
#2997=EDGE_CURVE('',#2258,#2116,#1527,.T.);
#2998=EDGE_CURVE('',#2246,#2117,#1528,.T.);
#2999=EDGE_CURVE('',#2261,#2261,#1529,.T.);
#3000=EDGE_CURVE('',#2261,#2262,#1530,.T.);
#3001=EDGE_CURVE('',#2262,#2263,#1531,.T.);
#3002=EDGE_CURVE('',#2263,#2262,#1532,.T.);
#3003=EDGE_CURVE('',#2264,#2265,#1533,.T.);
#3004=EDGE_CURVE('',#2264,#2263,#1693,.T.);
#3005=EDGE_CURVE('',#2265,#2264,#1534,.T.);
#3006=EDGE_CURVE('',#2058,#2265,#1535,.T.);
#3007=EDGE_CURVE('',#2266,#2266,#1536,.T.);
#3008=EDGE_CURVE('',#2266,#2267,#1537,.T.);
#3009=EDGE_CURVE('',#2267,#2268,#1538,.T.);
#3010=EDGE_CURVE('',#2268,#2267,#1539,.T.);
#3011=EDGE_CURVE('',#2269,#2270,#1540,.T.);
#3012=EDGE_CURVE('',#2269,#2268,#1694,.T.);
#3013=EDGE_CURVE('',#2270,#2269,#1541,.T.);
#3014=EDGE_CURVE('',#2055,#2270,#1542,.T.);
#3015=EDGE_CURVE('',#2271,#2271,#1543,.T.);
#3016=EDGE_CURVE('',#2271,#2272,#1544,.T.);
#3017=EDGE_CURVE('',#2272,#2273,#1545,.T.);
#3018=EDGE_CURVE('',#2273,#2272,#1546,.T.);
#3019=EDGE_CURVE('',#2274,#2275,#1547,.T.);
#3020=EDGE_CURVE('',#2274,#2273,#1695,.T.);
#3021=EDGE_CURVE('',#2275,#2274,#1548,.T.);
#3022=EDGE_CURVE('',#2057,#2275,#1549,.T.);
#3023=EDGE_CURVE('',#2276,#2276,#1550,.T.);
#3024=EDGE_CURVE('',#2276,#2277,#1551,.T.);
#3025=EDGE_CURVE('',#2277,#2278,#1552,.T.);
#3026=EDGE_CURVE('',#2278,#2277,#1553,.T.);
#3027=EDGE_CURVE('',#2279,#2280,#1554,.T.);
#3028=EDGE_CURVE('',#2279,#2278,#1696,.T.);
#3029=EDGE_CURVE('',#2280,#2279,#1555,.T.);
#3030=EDGE_CURVE('',#2056,#2280,#1556,.T.);
#3031=EDGE_CURVE('',#2281,#2282,#1557,.T.);
#3032=EDGE_CURVE('',#2282,#2281,#1558,.T.);
#3033=EDGE_CURVE('',#2281,#1860,#1559,.T.);
#3034=EDGE_CURVE('',#2282,#2283,#1697,.T.);
#3035=EDGE_CURVE('',#2284,#2283,#1560,.T.);
#3036=EDGE_CURVE('',#2283,#2284,#1561,.T.);
#3037=EDGE_CURVE('',#2284,#2240,#1562,.T.);
#3038=EDGE_CURVE('',#2212,#2285,#1563,.F.);
#3039=EDGE_CURVE('',#2153,#2212,#1564,.F.);
#3040=EDGE_CURVE('',#2285,#2153,#1565,.F.);
#3041=EDGE_CURVE('',#2209,#2220,#1566,.F.);
#3042=EDGE_CURVE('',#2200,#2209,#1567,.F.);
#3043=EDGE_CURVE('',#2211,#2152,#1568,.F.);
#3044=EDGE_CURVE('',#2042,#2211,#1569,.T.);
#3045=EDGE_CURVE('',#2210,#2043,#1570,.T.);
#3046=EDGE_CURVE('',#2286,#2210,#1571,.F.);
#3047=EDGE_CURVE('',#2044,#2286,#1572,.T.);
#3048=EDGE_CURVE('',#2220,#2286,#1698,.T.);
#3049=EDGE_CURVE('',#2287,#2051,#1573,.T.);
#3050=EDGE_CURVE('',#2165,#2287,#1574,.F.);
#3051=EDGE_CURVE('',#2052,#2165,#1575,.T.);
#3052=EDGE_CURVE('',#2287,#2127,#1699,.T.);
#3053=EDGE_CURVE('',#2288,#2182,#1576,.F.);
#3054=EDGE_CURVE('',#2050,#2288,#1577,.T.);
#3055=EDGE_CURVE('',#2124,#2288,#1700,.T.);
#3056=EDGE_CURVE('',#2288,#2287,#1701,.T.);
#3057=EDGE_CURVE('',#2286,#2219,#1702,.T.);
#3058=EDGE_CURVE('',#2146,#2285,#1703,.T.);
#3059=EDGE_CURVE('',#2285,#2214,#1704,.T.);
#3060=ORIENTED_EDGE('',*,*,#2289,.T.);
#3061=ORIENTED_EDGE('',*,*,#2290,.F.);
#3062=ORIENTED_EDGE('',*,*,#2291,.T.);
#3063=ORIENTED_EDGE('',*,*,#2292,.F.);
#3064=ORIENTED_EDGE('',*,*,#2293,.T.);
#3065=ORIENTED_EDGE('',*,*,#2294,.F.);
#3066=ORIENTED_EDGE('',*,*,#2295,.T.);
#3067=ORIENTED_EDGE('',*,*,#2296,.F.);
#3068=ORIENTED_EDGE('',*,*,#2289,.F.);
#3069=ORIENTED_EDGE('',*,*,#2297,.T.);
#3070=ORIENTED_EDGE('',*,*,#2298,.F.);
#3071=ORIENTED_EDGE('',*,*,#2299,.T.);
#3072=ORIENTED_EDGE('',*,*,#2300,.F.);
#3073=ORIENTED_EDGE('',*,*,#2301,.F.);
#3074=ORIENTED_EDGE('',*,*,#2302,.T.);
#3075=ORIENTED_EDGE('',*,*,#2303,.T.);
#3076=ORIENTED_EDGE('',*,*,#2304,.T.);
#3077=ORIENTED_EDGE('',*,*,#2305,.T.);
#3078=ORIENTED_EDGE('',*,*,#2303,.F.);
#3079=ORIENTED_EDGE('',*,*,#2306,.T.);
#3080=ORIENTED_EDGE('',*,*,#2307,.F.);
#3081=ORIENTED_EDGE('',*,*,#2308,.T.);
#3082=ORIENTED_EDGE('',*,*,#2306,.F.);
#3083=ORIENTED_EDGE('',*,*,#2302,.F.);
#3084=ORIENTED_EDGE('',*,*,#2308,.F.);
#3085=ORIENTED_EDGE('',*,*,#2309,.F.);
#3086=ORIENTED_EDGE('',*,*,#2305,.F.);
#3087=ORIENTED_EDGE('',*,*,#2310,.T.);
#3088=ORIENTED_EDGE('',*,*,#2311,.F.);
#3089=ORIENTED_EDGE('',*,*,#2312,.F.);
#3090=ORIENTED_EDGE('',*,*,#2313,.F.);
#3091=ORIENTED_EDGE('',*,*,#2314,.T.);
#3092=ORIENTED_EDGE('',*,*,#2315,.F.);
#3093=ORIENTED_EDGE('',*,*,#2316,.F.);
#3094=ORIENTED_EDGE('',*,*,#2317,.T.);
#3095=ORIENTED_EDGE('',*,*,#2318,.T.);
#3096=ORIENTED_EDGE('',*,*,#2319,.F.);
#3097=ORIENTED_EDGE('',*,*,#2310,.F.);
#3098=ORIENTED_EDGE('',*,*,#2304,.F.);
#3099=ORIENTED_EDGE('',*,*,#2307,.T.);
#3100=ORIENTED_EDGE('',*,*,#2320,.T.);
#3101=ORIENTED_EDGE('',*,*,#2321,.T.);
#3102=ORIENTED_EDGE('',*,*,#2320,.F.);
#3103=ORIENTED_EDGE('',*,*,#2309,.T.);
#3104=ORIENTED_EDGE('',*,*,#2321,.F.);
#3105=ORIENTED_EDGE('',*,*,#2322,.F.);
#3106=ORIENTED_EDGE('',*,*,#2300,.T.);
#3107=ORIENTED_EDGE('',*,*,#2323,.T.);
#3108=ORIENTED_EDGE('',*,*,#2324,.T.);
#3109=ORIENTED_EDGE('',*,*,#2325,.T.);
#3110=ORIENTED_EDGE('',*,*,#2326,.T.);
#3111=ORIENTED_EDGE('',*,*,#2327,.T.);
#3112=ORIENTED_EDGE('',*,*,#2324,.F.);
#3113=ORIENTED_EDGE('',*,*,#2328,.T.);
#3114=ORIENTED_EDGE('',*,*,#2329,.T.);
#3115=ORIENTED_EDGE('',*,*,#2330,.T.);
#3116=ORIENTED_EDGE('',*,*,#2326,.F.);
#3117=ORIENTED_EDGE('',*,*,#2331,.T.);
#3118=ORIENTED_EDGE('',*,*,#2332,.T.);
#3119=ORIENTED_EDGE('',*,*,#2333,.T.);
#3120=ORIENTED_EDGE('',*,*,#2329,.F.);
#3121=ORIENTED_EDGE('',*,*,#2334,.T.);
#3122=ORIENTED_EDGE('',*,*,#2335,.T.);
#3123=ORIENTED_EDGE('',*,*,#2336,.T.);
#3124=ORIENTED_EDGE('',*,*,#2332,.F.);
#3125=ORIENTED_EDGE('',*,*,#2337,.T.);
#3126=ORIENTED_EDGE('',*,*,#2298,.T.);
#3127=ORIENTED_EDGE('',*,*,#2338,.T.);
#3128=ORIENTED_EDGE('',*,*,#2335,.F.);
#3129=ORIENTED_EDGE('',*,*,#2339,.T.);
#3130=ORIENTED_EDGE('',*,*,#2339,.F.);
#3131=ORIENTED_EDGE('',*,*,#2337,.F.);
#3132=ORIENTED_EDGE('',*,*,#2334,.F.);
#3133=ORIENTED_EDGE('',*,*,#2331,.F.);
#3134=ORIENTED_EDGE('',*,*,#2328,.F.);
#3135=ORIENTED_EDGE('',*,*,#2323,.F.);
#3136=ORIENTED_EDGE('',*,*,#2299,.F.);
#3137=ORIENTED_EDGE('',*,*,#2340,.T.);
#3138=ORIENTED_EDGE('',*,*,#2341,.T.);
#3139=ORIENTED_EDGE('',*,*,#2342,.T.);
#3140=ORIENTED_EDGE('',*,*,#2343,.T.);
#3141=ORIENTED_EDGE('',*,*,#2344,.T.);
#3142=ORIENTED_EDGE('',*,*,#2345,.T.);
#3143=ORIENTED_EDGE('',*,*,#2346,.T.);
#3144=ORIENTED_EDGE('',*,*,#2347,.T.);
#3145=ORIENTED_EDGE('',*,*,#2348,.T.);
#3146=ORIENTED_EDGE('',*,*,#2349,.T.);
#3147=ORIENTED_EDGE('',*,*,#2344,.F.);
#3148=ORIENTED_EDGE('',*,*,#2350,.T.);
#3149=ORIENTED_EDGE('',*,*,#2351,.T.);
#3150=ORIENTED_EDGE('',*,*,#2352,.T.);
#3151=ORIENTED_EDGE('',*,*,#2348,.F.);
#3152=ORIENTED_EDGE('',*,*,#2353,.T.);
#3153=ORIENTED_EDGE('',*,*,#2354,.T.);
#3154=ORIENTED_EDGE('',*,*,#2355,.T.);
#3155=ORIENTED_EDGE('',*,*,#2351,.F.);
#3156=ORIENTED_EDGE('',*,*,#2356,.T.);
#3157=ORIENTED_EDGE('',*,*,#2357,.T.);
#3158=ORIENTED_EDGE('',*,*,#2358,.T.);
#3159=ORIENTED_EDGE('',*,*,#2354,.F.);
#3160=ORIENTED_EDGE('',*,*,#2359,.T.);
#3161=ORIENTED_EDGE('',*,*,#2360,.F.);
#3162=ORIENTED_EDGE('',*,*,#2361,.T.);
#3163=ORIENTED_EDGE('',*,*,#2357,.F.);
#3164=ORIENTED_EDGE('',*,*,#2362,.T.);
#3165=ORIENTED_EDGE('',*,*,#2346,.F.);
#3166=ORIENTED_EDGE('',*,*,#2363,.T.);
#3167=ORIENTED_EDGE('',*,*,#2342,.F.);
#3168=ORIENTED_EDGE('',*,*,#2364,.T.);
#3169=ORIENTED_EDGE('',*,*,#2356,.F.);
#3170=ORIENTED_EDGE('',*,*,#2353,.F.);
#3171=ORIENTED_EDGE('',*,*,#2350,.F.);
#3172=ORIENTED_EDGE('',*,*,#2347,.F.);
#3173=ORIENTED_EDGE('',*,*,#2364,.F.);
#3174=ORIENTED_EDGE('',*,*,#2365,.F.);
#3175=ORIENTED_EDGE('',*,*,#2366,.F.);
#3176=ORIENTED_EDGE('',*,*,#2367,.F.);
#3177=ORIENTED_EDGE('',*,*,#2368,.F.);
#3178=ORIENTED_EDGE('',*,*,#2341,.F.);
#3179=ORIENTED_EDGE('',*,*,#2369,.T.);
#3180=ORIENTED_EDGE('',*,*,#2370,.F.);
#3181=ORIENTED_EDGE('',*,*,#2365,.T.);
#3182=ORIENTED_EDGE('',*,*,#2343,.F.);
#3183=ORIENTED_EDGE('',*,*,#2363,.F.);
#3184=ORIENTED_EDGE('',*,*,#2371,.T.);
#3185=ORIENTED_EDGE('',*,*,#2372,.F.);
#3186=ORIENTED_EDGE('',*,*,#2373,.F.);
#3187=ORIENTED_EDGE('',*,*,#2374,.F.);
#3188=ORIENTED_EDGE('',*,*,#2375,.F.);
#3189=ORIENTED_EDGE('',*,*,#2345,.F.);
#3190=ORIENTED_EDGE('',*,*,#2376,.T.);
#3191=ORIENTED_EDGE('',*,*,#2377,.F.);
#3192=ORIENTED_EDGE('',*,*,#2378,.F.);
#3193=ORIENTED_EDGE('',*,*,#2371,.F.);
#3194=ORIENTED_EDGE('',*,*,#2379,.T.);
#3195=ORIENTED_EDGE('',*,*,#2372,.T.);
#3196=ORIENTED_EDGE('',*,*,#2380,.T.);
#3197=ORIENTED_EDGE('',*,*,#2381,.T.);
#3198=ORIENTED_EDGE('',*,*,#2380,.F.);
#3199=ORIENTED_EDGE('',*,*,#2378,.T.);
#3200=ORIENTED_EDGE('',*,*,#2382,.T.);
#3201=ORIENTED_EDGE('',*,*,#2383,.T.);
#3202=ORIENTED_EDGE('',*,*,#2384,.T.);
#3203=ORIENTED_EDGE('',*,*,#2385,.T.);
#3204=ORIENTED_EDGE('',*,*,#2382,.F.);
#3205=ORIENTED_EDGE('',*,*,#2377,.T.);
#3206=ORIENTED_EDGE('',*,*,#2386,.T.);
#3207=ORIENTED_EDGE('',*,*,#2387,.T.);
#3208=ORIENTED_EDGE('',*,*,#2384,.F.);
#3209=ORIENTED_EDGE('',*,*,#2388,.T.);
#3210=ORIENTED_EDGE('',*,*,#2389,.T.);
#3211=ORIENTED_EDGE('',*,*,#2390,.T.);
#3212=ORIENTED_EDGE('',*,*,#2386,.F.);
#3213=ORIENTED_EDGE('',*,*,#2391,.T.);
#3214=ORIENTED_EDGE('',*,*,#2392,.T.);
#3215=ORIENTED_EDGE('',*,*,#2393,.T.);
#3216=ORIENTED_EDGE('',*,*,#2389,.F.);
#3217=ORIENTED_EDGE('',*,*,#2394,.T.);
#3218=ORIENTED_EDGE('',*,*,#2395,.F.);
#3219=ORIENTED_EDGE('',*,*,#2396,.T.);
#3220=ORIENTED_EDGE('',*,*,#2397,.T.);
#3221=ORIENTED_EDGE('',*,*,#2398,.T.);
#3222=ORIENTED_EDGE('',*,*,#2397,.F.);
#3223=ORIENTED_EDGE('',*,*,#2399,.T.);
#3224=ORIENTED_EDGE('',*,*,#2392,.F.);
#3225=ORIENTED_EDGE('',*,*,#2400,.T.);
#3226=ORIENTED_EDGE('',*,*,#2381,.F.);
#3227=ORIENTED_EDGE('',*,*,#2383,.F.);
#3228=ORIENTED_EDGE('',*,*,#2401,.T.);
#3229=ORIENTED_EDGE('',*,*,#2402,.T.);
#3230=ORIENTED_EDGE('',*,*,#2403,.T.);
#3231=ORIENTED_EDGE('',*,*,#2385,.F.);
#3232=ORIENTED_EDGE('',*,*,#2387,.F.);
#3233=ORIENTED_EDGE('',*,*,#2390,.F.);
#3234=ORIENTED_EDGE('',*,*,#2393,.F.);
#3235=ORIENTED_EDGE('',*,*,#2399,.F.);
#3236=ORIENTED_EDGE('',*,*,#2404,.F.);
#3237=ORIENTED_EDGE('',*,*,#2405,.F.);
#3238=ORIENTED_EDGE('',*,*,#2406,.F.);
#3239=ORIENTED_EDGE('',*,*,#2401,.F.);
#3240=ORIENTED_EDGE('',*,*,#2396,.F.);
#3241=ORIENTED_EDGE('',*,*,#2407,.F.);
#3242=ORIENTED_EDGE('',*,*,#2408,.T.);
#3243=ORIENTED_EDGE('',*,*,#2409,.F.);
#3244=ORIENTED_EDGE('',*,*,#2404,.T.);
#3245=ORIENTED_EDGE('',*,*,#2410,.T.);
#3246=ORIENTED_EDGE('',*,*,#2411,.T.);
#3247=ORIENTED_EDGE('',*,*,#2412,.T.);
#3248=ORIENTED_EDGE('',*,*,#2410,.F.);
#3249=ORIENTED_EDGE('',*,*,#2413,.T.);
#3250=ORIENTED_EDGE('',*,*,#2414,.T.);
#3251=ORIENTED_EDGE('',*,*,#2415,.T.);
#3252=ORIENTED_EDGE('',*,*,#2416,.T.);
#3253=ORIENTED_EDGE('',*,*,#2417,.T.);
#3254=ORIENTED_EDGE('',*,*,#2414,.F.);
#3255=ORIENTED_EDGE('',*,*,#2418,.T.);
#3256=ORIENTED_EDGE('',*,*,#2419,.T.);
#3257=ORIENTED_EDGE('',*,*,#2420,.T.);
#3258=ORIENTED_EDGE('',*,*,#2416,.F.);
#3259=ORIENTED_EDGE('',*,*,#2421,.T.);
#3260=ORIENTED_EDGE('',*,*,#2422,.T.);
#3261=ORIENTED_EDGE('',*,*,#2423,.T.);
#3262=ORIENTED_EDGE('',*,*,#2419,.F.);
#3263=ORIENTED_EDGE('',*,*,#2424,.T.);
#3264=ORIENTED_EDGE('',*,*,#2425,.T.);
#3265=ORIENTED_EDGE('',*,*,#2426,.T.);
#3266=ORIENTED_EDGE('',*,*,#2422,.F.);
#3267=ORIENTED_EDGE('',*,*,#2427,.T.);
#3268=ORIENTED_EDGE('',*,*,#2428,.T.);
#3269=ORIENTED_EDGE('',*,*,#2429,.T.);
#3270=ORIENTED_EDGE('',*,*,#2430,.T.);
#3271=ORIENTED_EDGE('',*,*,#2428,.F.);
#3272=ORIENTED_EDGE('',*,*,#2431,.T.);
#3273=ORIENTED_EDGE('',*,*,#2425,.F.);
#3274=ORIENTED_EDGE('',*,*,#2432,.T.);
#3275=ORIENTED_EDGE('',*,*,#2411,.F.);
#3276=ORIENTED_EDGE('',*,*,#2415,.F.);
#3277=ORIENTED_EDGE('',*,*,#2433,.T.);
#3278=ORIENTED_EDGE('',*,*,#2434,.T.);
#3279=ORIENTED_EDGE('',*,*,#2435,.T.);
#3280=ORIENTED_EDGE('',*,*,#2417,.F.);
#3281=ORIENTED_EDGE('',*,*,#2420,.F.);
#3282=ORIENTED_EDGE('',*,*,#2423,.F.);
#3283=ORIENTED_EDGE('',*,*,#2426,.F.);
#3284=ORIENTED_EDGE('',*,*,#2431,.F.);
#3285=ORIENTED_EDGE('',*,*,#2436,.F.);
#3286=ORIENTED_EDGE('',*,*,#2437,.F.);
#3287=ORIENTED_EDGE('',*,*,#2438,.F.);
#3288=ORIENTED_EDGE('',*,*,#2433,.F.);
#3289=ORIENTED_EDGE('',*,*,#2430,.F.);
#3290=ORIENTED_EDGE('',*,*,#2439,.T.);
#3291=ORIENTED_EDGE('',*,*,#2440,.F.);
#3292=ORIENTED_EDGE('',*,*,#2436,.T.);
#3293=ORIENTED_EDGE('',*,*,#2441,.T.);
#3294=ORIENTED_EDGE('',*,*,#2442,.T.);
#3295=ORIENTED_EDGE('',*,*,#2443,.T.);
#3296=ORIENTED_EDGE('',*,*,#2444,.T.);
#3297=ORIENTED_EDGE('',*,*,#2445,.T.);
#3298=ORIENTED_EDGE('',*,*,#2446,.T.);
#3299=ORIENTED_EDGE('',*,*,#2447,.T.);
#3300=ORIENTED_EDGE('',*,*,#2448,.T.);
#3301=ORIENTED_EDGE('',*,*,#2449,.T.);
#3302=ORIENTED_EDGE('',*,*,#2444,.F.);
#3303=ORIENTED_EDGE('',*,*,#2450,.T.);
#3304=ORIENTED_EDGE('',*,*,#2451,.T.);
#3305=ORIENTED_EDGE('',*,*,#2452,.T.);
#3306=ORIENTED_EDGE('',*,*,#2448,.F.);
#3307=ORIENTED_EDGE('',*,*,#2453,.T.);
#3308=ORIENTED_EDGE('',*,*,#2454,.T.);
#3309=ORIENTED_EDGE('',*,*,#2455,.T.);
#3310=ORIENTED_EDGE('',*,*,#2451,.F.);
#3311=ORIENTED_EDGE('',*,*,#2456,.T.);
#3312=ORIENTED_EDGE('',*,*,#2457,.T.);
#3313=ORIENTED_EDGE('',*,*,#2458,.T.);
#3314=ORIENTED_EDGE('',*,*,#2454,.F.);
#3315=ORIENTED_EDGE('',*,*,#2459,.T.);
#3316=ORIENTED_EDGE('',*,*,#2457,.F.);
#3317=ORIENTED_EDGE('',*,*,#2460,.T.);
#3318=ORIENTED_EDGE('',*,*,#2461,.T.);
#3319=ORIENTED_EDGE('',*,*,#2446,.F.);
#3320=ORIENTED_EDGE('',*,*,#2462,.T.);
#3321=ORIENTED_EDGE('',*,*,#2441,.F.);
#3322=ORIENTED_EDGE('',*,*,#2463,.T.);
#3323=ORIENTED_EDGE('',*,*,#2456,.F.);
#3324=ORIENTED_EDGE('',*,*,#2453,.F.);
#3325=ORIENTED_EDGE('',*,*,#2450,.F.);
#3326=ORIENTED_EDGE('',*,*,#2447,.F.);
#3327=ORIENTED_EDGE('',*,*,#2463,.F.);
#3328=ORIENTED_EDGE('',*,*,#2464,.F.);
#3329=ORIENTED_EDGE('',*,*,#2465,.F.);
#3330=ORIENTED_EDGE('',*,*,#2466,.F.);
#3331=ORIENTED_EDGE('',*,*,#2467,.F.);
#3332=ORIENTED_EDGE('',*,*,#2443,.F.);
#3333=ORIENTED_EDGE('',*,*,#2468,.T.);
#3334=ORIENTED_EDGE('',*,*,#2469,.F.);
#3335=ORIENTED_EDGE('',*,*,#2464,.T.);
#3336=ORIENTED_EDGE('',*,*,#2412,.F.);
#3337=ORIENTED_EDGE('',*,*,#2470,.F.);
#3338=ORIENTED_EDGE('',*,*,#2471,.F.);
#3339=ORIENTED_EDGE('',*,*,#2472,.F.);
#3340=ORIENTED_EDGE('',*,*,#2442,.F.);
#3341=ORIENTED_EDGE('',*,*,#2462,.F.);
#3342=ORIENTED_EDGE('',*,*,#2473,.T.);
#3343=ORIENTED_EDGE('',*,*,#2413,.F.);
#3344=ORIENTED_EDGE('',*,*,#2473,.F.);
#3345=ORIENTED_EDGE('',*,*,#2445,.F.);
#3346=ORIENTED_EDGE('',*,*,#2474,.T.);
#3347=ORIENTED_EDGE('',*,*,#2418,.F.);
#3348=ORIENTED_EDGE('',*,*,#2475,.T.);
#3349=ORIENTED_EDGE('',*,*,#2476,.T.);
#3350=ORIENTED_EDGE('',*,*,#2434,.F.);
#3351=ORIENTED_EDGE('',*,*,#2438,.T.);
#3352=ORIENTED_EDGE('',*,*,#2440,.T.);
#3353=ORIENTED_EDGE('',*,*,#2477,.T.);
#3354=ORIENTED_EDGE('',*,*,#2475,.F.);
#3355=ORIENTED_EDGE('',*,*,#2437,.T.);
#3356=ORIENTED_EDGE('',*,*,#2459,.F.);
#3357=ORIENTED_EDGE('',*,*,#2467,.T.);
#3358=ORIENTED_EDGE('',*,*,#2478,.T.);
#3359=ORIENTED_EDGE('',*,*,#2479,.T.);
#3360=ORIENTED_EDGE('',*,*,#2460,.F.);
#3361=ORIENTED_EDGE('',*,*,#2480,.T.);
#3362=ORIENTED_EDGE('',*,*,#2481,.T.);
#3363=ORIENTED_EDGE('',*,*,#2478,.F.);
#3364=ORIENTED_EDGE('',*,*,#2466,.T.);
#3365=ORIENTED_EDGE('',*,*,#2469,.T.);
#3366=ORIENTED_EDGE('',*,*,#2482,.T.);
#3367=ORIENTED_EDGE('',*,*,#2480,.F.);
#3368=ORIENTED_EDGE('',*,*,#2465,.T.);
#3369=ORIENTED_EDGE('',*,*,#2483,.T.);
#3370=ORIENTED_EDGE('',*,*,#2484,.T.);
#3371=ORIENTED_EDGE('',*,*,#2485,.T.);
#3372=ORIENTED_EDGE('',*,*,#2486,.T.);
#3373=ORIENTED_EDGE('',*,*,#2487,.T.);
#3374=ORIENTED_EDGE('',*,*,#2488,.T.);
#3375=ORIENTED_EDGE('',*,*,#2483,.F.);
#3376=ORIENTED_EDGE('',*,*,#2489,.T.);
#3377=ORIENTED_EDGE('',*,*,#2490,.T.);
#3378=ORIENTED_EDGE('',*,*,#2491,.T.);
#3379=ORIENTED_EDGE('',*,*,#2487,.F.);
#3380=ORIENTED_EDGE('',*,*,#2492,.T.);
#3381=ORIENTED_EDGE('',*,*,#2493,.T.);
#3382=ORIENTED_EDGE('',*,*,#2494,.T.);
#3383=ORIENTED_EDGE('',*,*,#2495,.T.);
#3384=ORIENTED_EDGE('',*,*,#2496,.T.);
#3385=ORIENTED_EDGE('',*,*,#2497,.T.);
#3386=ORIENTED_EDGE('',*,*,#2498,.T.);
#3387=ORIENTED_EDGE('',*,*,#2493,.F.);
#3388=ORIENTED_EDGE('',*,*,#2499,.T.);
#3389=ORIENTED_EDGE('',*,*,#2500,.T.);
#3390=ORIENTED_EDGE('',*,*,#2501,.T.);
#3391=ORIENTED_EDGE('',*,*,#2497,.F.);
#3392=ORIENTED_EDGE('',*,*,#2502,.T.);
#3393=ORIENTED_EDGE('',*,*,#2495,.F.);
#3394=ORIENTED_EDGE('',*,*,#2503,.T.);
#3395=ORIENTED_EDGE('',*,*,#2490,.F.);
#3396=ORIENTED_EDGE('',*,*,#2290,.T.);
#3397=ORIENTED_EDGE('',*,*,#2296,.T.);
#3398=ORIENTED_EDGE('',*,*,#2504,.T.);
#3399=ORIENTED_EDGE('',*,*,#2505,.T.);
#3400=ORIENTED_EDGE('',*,*,#2506,.T.);
#3401=ORIENTED_EDGE('',*,*,#2507,.T.);
#3402=ORIENTED_EDGE('',*,*,#2508,.T.);
#3403=ORIENTED_EDGE('',*,*,#2509,.T.);
#3404=ORIENTED_EDGE('',*,*,#2504,.F.);
#3405=ORIENTED_EDGE('',*,*,#2510,.T.);
#3406=ORIENTED_EDGE('',*,*,#2511,.T.);
#3407=ORIENTED_EDGE('',*,*,#2512,.T.);
#3408=ORIENTED_EDGE('',*,*,#2508,.F.);
#3409=ORIENTED_EDGE('',*,*,#2513,.T.);
#3410=ORIENTED_EDGE('',*,*,#2514,.T.);
#3411=ORIENTED_EDGE('',*,*,#2515,.T.);
#3412=ORIENTED_EDGE('',*,*,#2511,.F.);
#3413=ORIENTED_EDGE('',*,*,#2516,.T.);
#3414=ORIENTED_EDGE('',*,*,#2517,.T.);
#3415=ORIENTED_EDGE('',*,*,#2518,.T.);
#3416=ORIENTED_EDGE('',*,*,#2514,.F.);
#3417=ORIENTED_EDGE('',*,*,#2519,.T.);
#3418=ORIENTED_EDGE('',*,*,#2520,.T.);
#3419=ORIENTED_EDGE('',*,*,#2521,.T.);
#3420=ORIENTED_EDGE('',*,*,#2517,.F.);
#3421=ORIENTED_EDGE('',*,*,#2522,.T.);
#3422=ORIENTED_EDGE('',*,*,#2523,.T.);
#3423=ORIENTED_EDGE('',*,*,#2524,.T.);
#3424=ORIENTED_EDGE('',*,*,#2520,.F.);
#3425=ORIENTED_EDGE('',*,*,#2525,.T.);
#3426=ORIENTED_EDGE('',*,*,#2506,.F.);
#3427=ORIENTED_EDGE('',*,*,#2526,.T.);
#3428=ORIENTED_EDGE('',*,*,#2500,.F.);
#3429=ORIENTED_EDGE('',*,*,#2527,.T.);
#3430=ORIENTED_EDGE('',*,*,#2485,.F.);
#3431=ORIENTED_EDGE('',*,*,#2528,.T.);
#3432=ORIENTED_EDGE('',*,*,#2523,.F.);
#3433=ORIENTED_EDGE('',*,*,#2529,.T.);
#3434=ORIENTED_EDGE('',*,*,#2528,.F.);
#3435=ORIENTED_EDGE('',*,*,#2530,.F.);
#3436=ORIENTED_EDGE('',*,*,#2531,.F.);
#3437=ORIENTED_EDGE('',*,*,#2505,.F.);
#3438=ORIENTED_EDGE('',*,*,#2509,.F.);
#3439=ORIENTED_EDGE('',*,*,#2512,.F.);
#3440=ORIENTED_EDGE('',*,*,#2515,.F.);
#3441=ORIENTED_EDGE('',*,*,#2518,.F.);
#3442=ORIENTED_EDGE('',*,*,#2521,.F.);
#3443=ORIENTED_EDGE('',*,*,#2524,.F.);
#3444=ORIENTED_EDGE('',*,*,#2484,.F.);
#3445=ORIENTED_EDGE('',*,*,#2488,.F.);
#3446=ORIENTED_EDGE('',*,*,#2491,.F.);
#3447=ORIENTED_EDGE('',*,*,#2503,.F.);
#3448=ORIENTED_EDGE('',*,*,#2494,.F.);
#3449=ORIENTED_EDGE('',*,*,#2498,.F.);
#3450=ORIENTED_EDGE('',*,*,#2501,.F.);
#3451=ORIENTED_EDGE('',*,*,#2526,.F.);
#3452=ORIENTED_EDGE('',*,*,#2532,.F.);
#3453=ORIENTED_EDGE('',*,*,#2476,.F.);
#3454=ORIENTED_EDGE('',*,*,#2533,.F.);
#3455=ORIENTED_EDGE('',*,*,#2529,.F.);
#3456=ORIENTED_EDGE('',*,*,#2534,.T.);
#3457=ORIENTED_EDGE('',*,*,#2535,.T.);
#3458=ORIENTED_EDGE('',*,*,#2525,.F.);
#3459=ORIENTED_EDGE('',*,*,#2536,.F.);
#3460=ORIENTED_EDGE('',*,*,#2534,.F.);
#3461=ORIENTED_EDGE('',*,*,#2522,.F.);
#3462=ORIENTED_EDGE('',*,*,#2537,.F.);
#3463=ORIENTED_EDGE('',*,*,#2538,.F.);
#3464=ORIENTED_EDGE('',*,*,#2536,.T.);
#3465=ORIENTED_EDGE('',*,*,#2519,.F.);
#3466=ORIENTED_EDGE('',*,*,#2539,.F.);
#3467=ORIENTED_EDGE('',*,*,#2540,.F.);
#3468=ORIENTED_EDGE('',*,*,#2537,.T.);
#3469=ORIENTED_EDGE('',*,*,#2513,.F.);
#3470=ORIENTED_EDGE('',*,*,#2541,.T.);
#3471=ORIENTED_EDGE('',*,*,#2542,.F.);
#3472=ORIENTED_EDGE('',*,*,#2543,.F.);
#3473=ORIENTED_EDGE('',*,*,#2510,.F.);
#3474=ORIENTED_EDGE('',*,*,#2544,.T.);
#3475=ORIENTED_EDGE('',*,*,#2408,.F.);
#3476=ORIENTED_EDGE('',*,*,#2407,.T.);
#3477=ORIENTED_EDGE('',*,*,#2395,.T.);
#3478=ORIENTED_EDGE('',*,*,#2545,.T.);
#3479=ORIENTED_EDGE('',*,*,#2546,.T.);
#3480=ORIENTED_EDGE('',*,*,#2547,.T.);
#3481=ORIENTED_EDGE('',*,*,#2360,.T.);
#3482=ORIENTED_EDGE('',*,*,#2548,.T.);
#3483=ORIENTED_EDGE('',*,*,#2549,.F.);
#3484=ORIENTED_EDGE('',*,*,#2550,.T.);
#3485=ORIENTED_EDGE('',*,*,#2551,.F.);
#3486=ORIENTED_EDGE('',*,*,#2541,.F.);
#3487=ORIENTED_EDGE('',*,*,#2507,.F.);
#3488=ORIENTED_EDGE('',*,*,#2552,.T.);
#3489=ORIENTED_EDGE('',*,*,#2553,.F.);
#3490=ORIENTED_EDGE('',*,*,#2544,.F.);
#3491=ORIENTED_EDGE('',*,*,#2432,.F.);
#3492=ORIENTED_EDGE('',*,*,#2554,.F.);
#3493=ORIENTED_EDGE('',*,*,#2461,.F.);
#3494=ORIENTED_EDGE('',*,*,#2555,.T.);
#3495=ORIENTED_EDGE('',*,*,#2556,.F.);
#3496=ORIENTED_EDGE('',*,*,#2557,.T.);
#3497=ORIENTED_EDGE('',*,*,#2429,.F.);
#3498=ORIENTED_EDGE('',*,*,#2427,.F.);
#3499=ORIENTED_EDGE('',*,*,#2558,.F.);
#3500=ORIENTED_EDGE('',*,*,#2455,.F.);
#3501=ORIENTED_EDGE('',*,*,#2458,.F.);
#3502=ORIENTED_EDGE('',*,*,#2554,.T.);
#3503=ORIENTED_EDGE('',*,*,#2424,.F.);
#3504=ORIENTED_EDGE('',*,*,#2559,.F.);
#3505=ORIENTED_EDGE('',*,*,#2452,.F.);
#3506=ORIENTED_EDGE('',*,*,#2558,.T.);
#3507=ORIENTED_EDGE('',*,*,#2421,.F.);
#3508=ORIENTED_EDGE('',*,*,#2474,.F.);
#3509=ORIENTED_EDGE('',*,*,#2449,.F.);
#3510=ORIENTED_EDGE('',*,*,#2559,.T.);
#3511=ORIENTED_EDGE('',*,*,#2327,.F.);
#3512=ORIENTED_EDGE('',*,*,#2560,.F.);
#3513=ORIENTED_EDGE('',*,*,#2468,.F.);
#3514=ORIENTED_EDGE('',*,*,#2472,.T.);
#3515=ORIENTED_EDGE('',*,*,#2471,.T.);
#3516=ORIENTED_EDGE('',*,*,#2470,.T.);
#3517=ORIENTED_EDGE('',*,*,#2435,.F.);
#3518=ORIENTED_EDGE('',*,*,#2535,.F.);
#3519=ORIENTED_EDGE('',*,*,#2538,.T.);
#3520=ORIENTED_EDGE('',*,*,#2561,.T.);
#3521=ORIENTED_EDGE('',*,*,#2477,.F.);
#3522=ORIENTED_EDGE('',*,*,#2562,.F.);
#3523=ORIENTED_EDGE('',*,*,#2486,.F.);
#3524=ORIENTED_EDGE('',*,*,#2533,.T.);
#3525=ORIENTED_EDGE('',*,*,#2336,.F.);
#3526=ORIENTED_EDGE('',*,*,#2563,.F.);
#3527=ORIENTED_EDGE('',*,*,#2489,.F.);
#3528=ORIENTED_EDGE('',*,*,#2562,.T.);
#3529=ORIENTED_EDGE('',*,*,#2439,.F.);
#3530=ORIENTED_EDGE('',*,*,#2557,.F.);
#3531=ORIENTED_EDGE('',*,*,#2556,.T.);
#3532=ORIENTED_EDGE('',*,*,#2555,.F.);
#3533=ORIENTED_EDGE('',*,*,#2479,.F.);
#3534=ORIENTED_EDGE('',*,*,#2564,.T.);
#3535=ORIENTED_EDGE('',*,*,#2338,.F.);
#3536=ORIENTED_EDGE('',*,*,#2297,.F.);
#3537=ORIENTED_EDGE('',*,*,#2291,.F.);
#3538=ORIENTED_EDGE('',*,*,#2492,.F.);
#3539=ORIENTED_EDGE('',*,*,#2563,.T.);
#3540=ORIENTED_EDGE('',*,*,#2333,.F.);
#3541=ORIENTED_EDGE('',*,*,#2564,.F.);
#3542=ORIENTED_EDGE('',*,*,#2481,.F.);
#3543=ORIENTED_EDGE('',*,*,#2565,.T.);
#3544=ORIENTED_EDGE('',*,*,#2330,.F.);
#3545=ORIENTED_EDGE('',*,*,#2565,.F.);
#3546=ORIENTED_EDGE('',*,*,#2482,.F.);
#3547=ORIENTED_EDGE('',*,*,#2560,.T.);
#3548=ORIENTED_EDGE('',*,*,#2325,.F.);
#3549=ORIENTED_EDGE('',*,*,#2561,.F.);
#3550=ORIENTED_EDGE('',*,*,#2540,.T.);
#3551=ORIENTED_EDGE('',*,*,#2566,.T.);
#3552=ORIENTED_EDGE('',*,*,#2301,.T.);
#3553=ORIENTED_EDGE('',*,*,#2567,.T.);
#3554=ORIENTED_EDGE('',*,*,#2568,.T.);
#3555=ORIENTED_EDGE('',*,*,#2569,.T.);
#3556=ORIENTED_EDGE('',*,*,#2570,.T.);
#3557=ORIENTED_EDGE('',*,*,#2569,.F.);
#3558=ORIENTED_EDGE('',*,*,#2571,.T.);
#3559=ORIENTED_EDGE('',*,*,#2572,.T.);
#3560=ORIENTED_EDGE('',*,*,#2573,.T.);
#3561=ORIENTED_EDGE('',*,*,#2574,.T.);
#3562=ORIENTED_EDGE('',*,*,#2575,.T.);
#3563=ORIENTED_EDGE('',*,*,#2576,.T.);
#3564=ORIENTED_EDGE('',*,*,#2572,.F.);
#3565=ORIENTED_EDGE('',*,*,#2577,.T.);
#3566=ORIENTED_EDGE('',*,*,#2574,.F.);
#3567=ORIENTED_EDGE('',*,*,#2578,.T.);
#3568=ORIENTED_EDGE('',*,*,#2579,.T.);
#3569=ORIENTED_EDGE('',*,*,#2580,.T.);
#3570=ORIENTED_EDGE('',*,*,#2581,.T.);
#3571=ORIENTED_EDGE('',*,*,#2582,.T.);
#3572=ORIENTED_EDGE('',*,*,#2579,.F.);
#3573=ORIENTED_EDGE('',*,*,#2583,.T.);
#3574=ORIENTED_EDGE('',*,*,#2584,.T.);
#3575=ORIENTED_EDGE('',*,*,#2585,.T.);
#3576=ORIENTED_EDGE('',*,*,#2567,.F.);
#3577=ORIENTED_EDGE('',*,*,#2586,.T.);
#3578=ORIENTED_EDGE('',*,*,#2587,.T.);
#3579=ORIENTED_EDGE('',*,*,#2588,.T.);
#3580=ORIENTED_EDGE('',*,*,#2581,.F.);
#3581=ORIENTED_EDGE('',*,*,#2589,.T.);
#3582=ORIENTED_EDGE('',*,*,#2583,.F.);
#3583=ORIENTED_EDGE('',*,*,#2578,.F.);
#3584=ORIENTED_EDGE('',*,*,#2590,.T.);
#3585=ORIENTED_EDGE('',*,*,#2591,.T.);
#3586=ORIENTED_EDGE('',*,*,#2577,.F.);
#3587=ORIENTED_EDGE('',*,*,#2592,.F.);
#3588=ORIENTED_EDGE('',*,*,#2593,.F.);
#3589=ORIENTED_EDGE('',*,*,#2590,.F.);
#3590=ORIENTED_EDGE('',*,*,#2571,.F.);
#3591=ORIENTED_EDGE('',*,*,#2568,.F.);
#3592=ORIENTED_EDGE('',*,*,#2594,.F.);
#3593=ORIENTED_EDGE('',*,*,#2592,.T.);
#3594=ORIENTED_EDGE('',*,*,#2586,.F.);
#3595=ORIENTED_EDGE('',*,*,#2570,.F.);
#3596=ORIENTED_EDGE('',*,*,#2595,.T.);
#3597=ORIENTED_EDGE('',*,*,#2596,.F.);
#3598=ORIENTED_EDGE('',*,*,#2597,.T.);
#3599=ORIENTED_EDGE('',*,*,#2596,.T.);
#3600=ORIENTED_EDGE('',*,*,#2598,.T.);
#3601=ORIENTED_EDGE('',*,*,#2599,.T.);
#3602=ORIENTED_EDGE('',*,*,#2600,.T.);
#3603=ORIENTED_EDGE('',*,*,#2588,.F.);
#3604=ORIENTED_EDGE('',*,*,#2601,.T.);
#3605=ORIENTED_EDGE('',*,*,#2599,.F.);
#3606=ORIENTED_EDGE('',*,*,#2602,.T.);
#3607=ORIENTED_EDGE('',*,*,#2582,.F.);
#3608=ORIENTED_EDGE('',*,*,#2589,.F.);
#3609=ORIENTED_EDGE('',*,*,#2591,.F.);
#3610=ORIENTED_EDGE('',*,*,#2593,.T.);
#3611=ORIENTED_EDGE('',*,*,#2594,.T.);
#3612=ORIENTED_EDGE('',*,*,#2585,.F.);
#3613=ORIENTED_EDGE('',*,*,#2603,.T.);
#3614=ORIENTED_EDGE('',*,*,#2584,.F.);
#3615=ORIENTED_EDGE('',*,*,#2597,.F.);
#3616=ORIENTED_EDGE('',*,*,#2604,.T.);
#3617=ORIENTED_EDGE('',*,*,#2605,.T.);
#3618=ORIENTED_EDGE('',*,*,#2606,.T.);
#3619=ORIENTED_EDGE('',*,*,#2600,.F.);
#3620=ORIENTED_EDGE('',*,*,#2607,.F.);
#3621=ORIENTED_EDGE('',*,*,#2608,.F.);
#3622=ORIENTED_EDGE('',*,*,#2604,.F.);
#3623=ORIENTED_EDGE('',*,*,#2580,.F.);
#3624=ORIENTED_EDGE('',*,*,#2602,.F.);
#3625=ORIENTED_EDGE('',*,*,#2598,.F.);
#3626=ORIENTED_EDGE('',*,*,#2595,.F.);
#3627=ORIENTED_EDGE('',*,*,#2573,.F.);
#3628=ORIENTED_EDGE('',*,*,#2576,.F.);
#3629=ORIENTED_EDGE('',*,*,#2609,.T.);
#3630=ORIENTED_EDGE('',*,*,#2610,.F.);
#3631=ORIENTED_EDGE('',*,*,#2611,.F.);
#3632=ORIENTED_EDGE('',*,*,#2293,.F.);
#3633=ORIENTED_EDGE('',*,*,#2609,.F.);
#3634=ORIENTED_EDGE('',*,*,#2575,.F.);
#3635=ORIENTED_EDGE('',*,*,#2612,.F.);
#3636=ORIENTED_EDGE('',*,*,#2605,.F.);
#3637=ORIENTED_EDGE('',*,*,#2613,.F.);
#3638=ORIENTED_EDGE('',*,*,#2614,.F.);
#3639=ORIENTED_EDGE('',*,*,#2615,.F.);
#3640=ORIENTED_EDGE('',*,*,#2616,.F.);
#3641=ORIENTED_EDGE('',*,*,#2613,.T.);
#3642=ORIENTED_EDGE('',*,*,#2608,.T.);
#3643=ORIENTED_EDGE('',*,*,#2615,.T.);
#3644=ORIENTED_EDGE('',*,*,#2617,.T.);
#3645=ORIENTED_EDGE('',*,*,#2587,.F.);
#3646=ORIENTED_EDGE('',*,*,#2618,.T.);
#3647=ORIENTED_EDGE('',*,*,#2616,.T.);
#3648=ORIENTED_EDGE('',*,*,#2607,.T.);
#3649=ORIENTED_EDGE('',*,*,#2601,.F.);
#3650=ORIENTED_EDGE('',*,*,#2612,.T.);
#3651=ORIENTED_EDGE('',*,*,#2619,.T.);
#3652=ORIENTED_EDGE('',*,*,#2614,.T.);
#3653=ORIENTED_EDGE('',*,*,#2620,.T.);
#3654=ORIENTED_EDGE('',*,*,#2603,.F.);
#3655=ORIENTED_EDGE('',*,*,#2606,.F.);
#3656=ORIENTED_EDGE('',*,*,#2620,.F.);
#3657=ORIENTED_EDGE('',*,*,#2618,.F.);
#3658=ORIENTED_EDGE('',*,*,#2617,.F.);
#3659=ORIENTED_EDGE('',*,*,#2619,.F.);
#3660=ORIENTED_EDGE('',*,*,#2621,.F.);
#3661=ORIENTED_EDGE('',*,*,#2622,.F.);
#3662=ORIENTED_EDGE('',*,*,#2623,.F.);
#3663=ORIENTED_EDGE('',*,*,#2624,.F.);
#3664=ORIENTED_EDGE('',*,*,#2625,.F.);
#3665=ORIENTED_EDGE('',*,*,#2626,.F.);
#3666=ORIENTED_EDGE('',*,*,#2627,.F.);
#3667=ORIENTED_EDGE('',*,*,#2628,.F.);
#3668=ORIENTED_EDGE('',*,*,#2629,.F.);
#3669=ORIENTED_EDGE('',*,*,#2630,.F.);
#3670=ORIENTED_EDGE('',*,*,#2631,.F.);
#3671=ORIENTED_EDGE('',*,*,#2632,.F.);
#3672=ORIENTED_EDGE('',*,*,#2633,.F.);
#3673=ORIENTED_EDGE('',*,*,#2634,.F.);
#3674=ORIENTED_EDGE('',*,*,#2635,.F.);
#3675=ORIENTED_EDGE('',*,*,#2636,.F.);
#3676=ORIENTED_EDGE('',*,*,#2637,.F.);
#3677=ORIENTED_EDGE('',*,*,#2638,.F.);
#3678=ORIENTED_EDGE('',*,*,#2639,.F.);
#3679=ORIENTED_EDGE('',*,*,#2640,.F.);
#3680=ORIENTED_EDGE('',*,*,#2641,.T.);
#3681=ORIENTED_EDGE('',*,*,#2642,.T.);
#3682=ORIENTED_EDGE('',*,*,#2643,.T.);
#3683=ORIENTED_EDGE('',*,*,#2644,.T.);
#3684=ORIENTED_EDGE('',*,*,#2645,.T.);
#3685=ORIENTED_EDGE('',*,*,#2641,.F.);
#3686=ORIENTED_EDGE('',*,*,#2646,.T.);
#3687=ORIENTED_EDGE('',*,*,#2647,.T.);
#3688=ORIENTED_EDGE('',*,*,#2648,.T.);
#3689=ORIENTED_EDGE('',*,*,#2644,.F.);
#3690=ORIENTED_EDGE('',*,*,#2647,.F.);
#3691=ORIENTED_EDGE('',*,*,#2646,.F.);
#3692=ORIENTED_EDGE('',*,*,#2643,.F.);
#3693=ORIENTED_EDGE('',*,*,#2649,.F.);
#3694=ORIENTED_EDGE('',*,*,#2650,.F.);
#3695=ORIENTED_EDGE('',*,*,#2651,.T.);
#3696=ORIENTED_EDGE('',*,*,#2652,.F.);
#3697=ORIENTED_EDGE('',*,*,#2653,.F.);
#3698=ORIENTED_EDGE('',*,*,#2651,.F.);
#3699=ORIENTED_EDGE('',*,*,#2654,.F.);
#3700=ORIENTED_EDGE('',*,*,#2655,.F.);
#3701=ORIENTED_EDGE('',*,*,#2656,.T.);
#3702=ORIENTED_EDGE('',*,*,#2657,.T.);
#3703=ORIENTED_EDGE('',*,*,#2658,.T.);
#3704=ORIENTED_EDGE('',*,*,#2656,.F.);
#3705=ORIENTED_EDGE('',*,*,#2659,.T.);
#3706=ORIENTED_EDGE('',*,*,#2660,.T.);
#3707=ORIENTED_EDGE('',*,*,#2661,.T.);
#3708=ORIENTED_EDGE('',*,*,#2313,.T.);
#3709=ORIENTED_EDGE('',*,*,#2662,.T.);
#3710=ORIENTED_EDGE('',*,*,#2663,.T.);
#3711=ORIENTED_EDGE('',*,*,#2660,.F.);
#3712=ORIENTED_EDGE('',*,*,#2664,.T.);
#3713=ORIENTED_EDGE('',*,*,#2312,.T.);
#3714=ORIENTED_EDGE('',*,*,#2665,.T.);
#3715=ORIENTED_EDGE('',*,*,#2662,.F.);
#3716=ORIENTED_EDGE('',*,*,#2314,.F.);
#3717=ORIENTED_EDGE('',*,*,#2664,.F.);
#3718=ORIENTED_EDGE('',*,*,#2666,.F.);
#3719=ORIENTED_EDGE('',*,*,#2667,.F.);
#3720=ORIENTED_EDGE('',*,*,#2668,.T.);
#3721=ORIENTED_EDGE('',*,*,#2669,.F.);
#3722=ORIENTED_EDGE('',*,*,#2670,.F.);
#3723=ORIENTED_EDGE('',*,*,#2671,.F.);
#3724=ORIENTED_EDGE('',*,*,#2672,.T.);
#3725=ORIENTED_EDGE('',*,*,#2673,.F.);
#3726=ORIENTED_EDGE('',*,*,#2674,.F.);
#3727=ORIENTED_EDGE('',*,*,#2675,.F.);
#3728=ORIENTED_EDGE('',*,*,#2659,.F.);
#3729=ORIENTED_EDGE('',*,*,#2658,.F.);
#3730=ORIENTED_EDGE('',*,*,#2649,.T.);
#3731=ORIENTED_EDGE('',*,*,#2676,.F.);
#3732=ORIENTED_EDGE('',*,*,#2666,.T.);
#3733=ORIENTED_EDGE('',*,*,#2657,.F.);
#3734=ORIENTED_EDGE('',*,*,#2677,.T.);
#3735=ORIENTED_EDGE('',*,*,#2678,.F.);
#3736=ORIENTED_EDGE('',*,*,#2654,.T.);
#3737=ORIENTED_EDGE('',*,*,#2650,.T.);
#3738=ORIENTED_EDGE('',*,*,#2679,.T.);
#3739=ORIENTED_EDGE('',*,*,#2680,.T.);
#3740=ORIENTED_EDGE('',*,*,#2678,.T.);
#3741=ORIENTED_EDGE('',*,*,#2681,.T.);
#3742=ORIENTED_EDGE('',*,*,#2682,.T.);
#3743=ORIENTED_EDGE('',*,*,#2679,.F.);
#3744=ORIENTED_EDGE('',*,*,#2683,.T.);
#3745=ORIENTED_EDGE('',*,*,#2317,.F.);
#3746=ORIENTED_EDGE('',*,*,#2684,.T.);
#3747=ORIENTED_EDGE('',*,*,#2681,.F.);
#3748=ORIENTED_EDGE('',*,*,#2685,.T.);
#3749=ORIENTED_EDGE('',*,*,#2686,.T.);
#3750=ORIENTED_EDGE('',*,*,#2318,.F.);
#3751=ORIENTED_EDGE('',*,*,#2686,.F.);
#3752=ORIENTED_EDGE('',*,*,#2687,.T.);
#3753=ORIENTED_EDGE('',*,*,#2665,.F.);
#3754=ORIENTED_EDGE('',*,*,#2311,.T.);
#3755=ORIENTED_EDGE('',*,*,#2319,.T.);
#3756=ORIENTED_EDGE('',*,*,#2687,.F.);
#3757=ORIENTED_EDGE('',*,*,#2688,.T.);
#3758=ORIENTED_EDGE('',*,*,#2663,.F.);
#3759=ORIENTED_EDGE('',*,*,#2688,.F.);
#3760=ORIENTED_EDGE('',*,*,#2685,.F.);
#3761=ORIENTED_EDGE('',*,*,#2683,.F.);
#3762=ORIENTED_EDGE('',*,*,#2677,.F.);
#3763=ORIENTED_EDGE('',*,*,#2661,.F.);
#3764=ORIENTED_EDGE('',*,*,#2689,.F.);
#3765=ORIENTED_EDGE('',*,*,#2315,.T.);
#3766=ORIENTED_EDGE('',*,*,#2675,.T.);
#3767=ORIENTED_EDGE('',*,*,#2690,.T.);
#3768=ORIENTED_EDGE('',*,*,#2691,.T.);
#3769=ORIENTED_EDGE('',*,*,#2692,.T.);
#3770=ORIENTED_EDGE('',*,*,#2674,.T.);
#3771=ORIENTED_EDGE('',*,*,#2693,.T.);
#3772=ORIENTED_EDGE('',*,*,#2690,.F.);
#3773=ORIENTED_EDGE('',*,*,#2694,.F.);
#3774=ORIENTED_EDGE('',*,*,#2692,.F.);
#3775=ORIENTED_EDGE('',*,*,#2695,.T.);
#3776=ORIENTED_EDGE('',*,*,#2695,.F.);
#3777=ORIENTED_EDGE('',*,*,#2696,.T.);
#3778=ORIENTED_EDGE('',*,*,#2697,.T.);
#3779=ORIENTED_EDGE('',*,*,#2698,.T.);
#3780=ORIENTED_EDGE('',*,*,#2691,.F.);
#3781=ORIENTED_EDGE('',*,*,#2699,.F.);
#3782=ORIENTED_EDGE('',*,*,#2700,.F.);
#3783=ORIENTED_EDGE('',*,*,#2701,.F.);
#3784=ORIENTED_EDGE('',*,*,#2702,.F.);
#3785=ORIENTED_EDGE('',*,*,#2703,.F.);
#3786=ORIENTED_EDGE('',*,*,#2704,.F.);
#3787=ORIENTED_EDGE('',*,*,#2705,.F.);
#3788=ORIENTED_EDGE('',*,*,#2706,.F.);
#3789=ORIENTED_EDGE('',*,*,#2707,.F.);
#3790=ORIENTED_EDGE('',*,*,#2708,.F.);
#3791=ORIENTED_EDGE('',*,*,#2709,.F.);
#3792=ORIENTED_EDGE('',*,*,#2710,.F.);
#3793=ORIENTED_EDGE('',*,*,#2711,.F.);
#3794=ORIENTED_EDGE('',*,*,#2712,.F.);
#3795=ORIENTED_EDGE('',*,*,#2713,.F.);
#3796=ORIENTED_EDGE('',*,*,#2714,.F.);
#3797=ORIENTED_EDGE('',*,*,#2715,.F.);
#3798=ORIENTED_EDGE('',*,*,#2716,.F.);
#3799=ORIENTED_EDGE('',*,*,#2717,.F.);
#3800=ORIENTED_EDGE('',*,*,#2718,.F.);
#3801=ORIENTED_EDGE('',*,*,#2696,.F.);
#3802=ORIENTED_EDGE('',*,*,#2719,.F.);
#3803=ORIENTED_EDGE('',*,*,#2720,.F.);
#3804=ORIENTED_EDGE('',*,*,#2721,.F.);
#3805=ORIENTED_EDGE('',*,*,#2722,.F.);
#3806=ORIENTED_EDGE('',*,*,#2723,.F.);
#3807=ORIENTED_EDGE('',*,*,#2724,.T.);
#3808=ORIENTED_EDGE('',*,*,#2725,.T.);
#3809=ORIENTED_EDGE('',*,*,#2719,.T.);
#3810=ORIENTED_EDGE('',*,*,#2725,.F.);
#3811=ORIENTED_EDGE('',*,*,#2726,.T.);
#3812=ORIENTED_EDGE('',*,*,#2727,.F.);
#3813=ORIENTED_EDGE('',*,*,#2728,.T.);
#3814=ORIENTED_EDGE('',*,*,#2726,.F.);
#3815=ORIENTED_EDGE('',*,*,#2724,.F.);
#3816=ORIENTED_EDGE('',*,*,#2728,.F.);
#3817=ORIENTED_EDGE('',*,*,#2729,.F.);
#3818=ORIENTED_EDGE('',*,*,#2730,.T.);
#3819=ORIENTED_EDGE('',*,*,#2731,.T.);
#3820=ORIENTED_EDGE('',*,*,#2732,.T.);
#3821=ORIENTED_EDGE('',*,*,#2730,.F.);
#3822=ORIENTED_EDGE('',*,*,#2733,.T.);
#3823=ORIENTED_EDGE('',*,*,#2734,.T.);
#3824=ORIENTED_EDGE('',*,*,#2735,.T.);
#3825=ORIENTED_EDGE('',*,*,#2734,.F.);
#3826=ORIENTED_EDGE('',*,*,#2736,.T.);
#3827=ORIENTED_EDGE('',*,*,#2737,.T.);
#3828=ORIENTED_EDGE('',*,*,#2736,.F.);
#3829=ORIENTED_EDGE('',*,*,#2738,.T.);
#3830=ORIENTED_EDGE('',*,*,#2739,.T.);
#3831=ORIENTED_EDGE('',*,*,#2740,.T.);
#3832=ORIENTED_EDGE('',*,*,#2733,.F.);
#3833=ORIENTED_EDGE('',*,*,#2741,.F.);
#3834=ORIENTED_EDGE('',*,*,#2742,.T.);
#3835=ORIENTED_EDGE('',*,*,#2743,.F.);
#3836=ORIENTED_EDGE('',*,*,#2744,.F.);
#3837=ORIENTED_EDGE('',*,*,#2745,.F.);
#3838=ORIENTED_EDGE('',*,*,#2746,.T.);
#3839=ORIENTED_EDGE('',*,*,#2738,.F.);
#3840=ORIENTED_EDGE('',*,*,#2732,.F.);
#3841=ORIENTED_EDGE('',*,*,#2747,.T.);
#3842=ORIENTED_EDGE('',*,*,#2748,.T.);
#3843=ORIENTED_EDGE('',*,*,#2741,.T.);
#3844=ORIENTED_EDGE('',*,*,#2652,.T.);
#3845=ORIENTED_EDGE('',*,*,#2653,.T.);
#3846=ORIENTED_EDGE('',*,*,#2749,.T.);
#3847=ORIENTED_EDGE('',*,*,#2530,.T.);
#3848=ORIENTED_EDGE('',*,*,#2532,.T.);
#3849=ORIENTED_EDGE('',*,*,#2531,.T.);
#3850=ORIENTED_EDGE('',*,*,#2749,.F.);
#3851=ORIENTED_EDGE('',*,*,#2750,.F.);
#3852=ORIENTED_EDGE('',*,*,#2751,.F.);
#3853=ORIENTED_EDGE('',*,*,#2752,.F.);
#3854=ORIENTED_EDGE('',*,*,#2753,.T.);
#3855=ORIENTED_EDGE('',*,*,#2754,.T.);
#3856=ORIENTED_EDGE('',*,*,#2751,.T.);
#3857=ORIENTED_EDGE('',*,*,#2755,.T.);
#3858=ORIENTED_EDGE('',*,*,#2756,.T.);
#3859=ORIENTED_EDGE('',*,*,#2702,.T.);
#3860=ORIENTED_EDGE('',*,*,#2752,.T.);
#3861=ORIENTED_EDGE('',*,*,#2757,.T.);
#3862=ORIENTED_EDGE('',*,*,#2758,.T.);
#3863=ORIENTED_EDGE('',*,*,#2759,.T.);
#3864=ORIENTED_EDGE('',*,*,#2750,.T.);
#3865=ORIENTED_EDGE('',*,*,#2701,.T.);
#3866=ORIENTED_EDGE('',*,*,#2760,.F.);
#3867=ORIENTED_EDGE('',*,*,#2703,.T.);
#3868=ORIENTED_EDGE('',*,*,#2756,.F.);
#3869=ORIENTED_EDGE('',*,*,#2761,.T.);
#3870=ORIENTED_EDGE('',*,*,#2762,.F.);
#3871=ORIENTED_EDGE('',*,*,#2672,.F.);
#3872=ORIENTED_EDGE('',*,*,#2763,.T.);
#3873=ORIENTED_EDGE('',*,*,#2758,.F.);
#3874=ORIENTED_EDGE('',*,*,#2700,.T.);
#3875=ORIENTED_EDGE('',*,*,#2764,.F.);
#3876=ORIENTED_EDGE('',*,*,#2765,.F.);
#3877=ORIENTED_EDGE('',*,*,#2766,.T.);
#3878=ORIENTED_EDGE('',*,*,#2753,.F.);
#3879=ORIENTED_EDGE('',*,*,#2767,.T.);
#3880=ORIENTED_EDGE('',*,*,#2768,.F.);
#3881=ORIENTED_EDGE('',*,*,#2767,.F.);
#3882=ORIENTED_EDGE('',*,*,#2769,.T.);
#3883=ORIENTED_EDGE('',*,*,#2770,.T.);
#3884=ORIENTED_EDGE('',*,*,#2771,.T.);
#3885=ORIENTED_EDGE('',*,*,#2755,.F.);
#3886=ORIENTED_EDGE('',*,*,#2759,.F.);
#3887=ORIENTED_EDGE('',*,*,#2772,.F.);
#3888=ORIENTED_EDGE('',*,*,#2769,.F.);
#3889=ORIENTED_EDGE('',*,*,#2763,.F.);
#3890=ORIENTED_EDGE('',*,*,#2671,.T.);
#3891=ORIENTED_EDGE('',*,*,#2773,.T.);
#3892=ORIENTED_EDGE('',*,*,#2772,.T.);
#3893=ORIENTED_EDGE('',*,*,#2693,.F.);
#3894=ORIENTED_EDGE('',*,*,#2673,.T.);
#3895=ORIENTED_EDGE('',*,*,#2764,.T.);
#3896=ORIENTED_EDGE('',*,*,#2699,.T.);
#3897=ORIENTED_EDGE('',*,*,#2774,.T.);
#3898=ORIENTED_EDGE('',*,*,#2621,.T.);
#3899=ORIENTED_EDGE('',*,*,#2775,.T.);
#3900=ORIENTED_EDGE('',*,*,#2776,.T.);
#3901=ORIENTED_EDGE('',*,*,#2761,.F.);
#3902=ORIENTED_EDGE('',*,*,#2777,.T.);
#3903=ORIENTED_EDGE('',*,*,#2776,.F.);
#3904=ORIENTED_EDGE('',*,*,#2778,.T.);
#3905=ORIENTED_EDGE('',*,*,#2774,.F.);
#3906=ORIENTED_EDGE('',*,*,#2779,.T.);
#3907=ORIENTED_EDGE('',*,*,#2780,.T.);
#3908=ORIENTED_EDGE('',*,*,#2622,.T.);
#3909=ORIENTED_EDGE('',*,*,#2766,.F.);
#3910=ORIENTED_EDGE('',*,*,#2781,.F.);
#3911=ORIENTED_EDGE('',*,*,#2782,.F.);
#3912=ORIENTED_EDGE('',*,*,#2779,.F.);
#3913=ORIENTED_EDGE('',*,*,#2777,.F.);
#3914=ORIENTED_EDGE('',*,*,#2757,.F.);
#3915=ORIENTED_EDGE('',*,*,#2754,.F.);
#3916=ORIENTED_EDGE('',*,*,#2783,.F.);
#3917=ORIENTED_EDGE('',*,*,#2784,.F.);
#3918=ORIENTED_EDGE('',*,*,#2785,.F.);
#3919=ORIENTED_EDGE('',*,*,#2786,.T.);
#3920=ORIENTED_EDGE('',*,*,#2787,.T.);
#3921=ORIENTED_EDGE('',*,*,#2784,.T.);
#3922=ORIENTED_EDGE('',*,*,#2788,.T.);
#3923=ORIENTED_EDGE('',*,*,#2789,.T.);
#3924=ORIENTED_EDGE('',*,*,#2707,.T.);
#3925=ORIENTED_EDGE('',*,*,#2785,.T.);
#3926=ORIENTED_EDGE('',*,*,#2790,.T.);
#3927=ORIENTED_EDGE('',*,*,#2791,.T.);
#3928=ORIENTED_EDGE('',*,*,#2792,.T.);
#3929=ORIENTED_EDGE('',*,*,#2783,.T.);
#3930=ORIENTED_EDGE('',*,*,#2706,.T.);
#3931=ORIENTED_EDGE('',*,*,#2746,.F.);
#3932=ORIENTED_EDGE('',*,*,#2793,.T.);
#3933=ORIENTED_EDGE('',*,*,#2786,.F.);
#3934=ORIENTED_EDGE('',*,*,#2794,.T.);
#3935=ORIENTED_EDGE('',*,*,#2739,.F.);
#3936=ORIENTED_EDGE('',*,*,#2795,.F.);
#3937=ORIENTED_EDGE('',*,*,#2708,.T.);
#3938=ORIENTED_EDGE('',*,*,#2789,.F.);
#3939=ORIENTED_EDGE('',*,*,#2796,.T.);
#3940=ORIENTED_EDGE('',*,*,#2797,.F.);
#3941=ORIENTED_EDGE('',*,*,#2798,.F.);
#3942=ORIENTED_EDGE('',*,*,#2799,.T.);
#3943=ORIENTED_EDGE('',*,*,#2791,.F.);
#3944=ORIENTED_EDGE('',*,*,#2705,.T.);
#3945=ORIENTED_EDGE('',*,*,#2800,.F.);
#3946=ORIENTED_EDGE('',*,*,#2794,.F.);
#3947=ORIENTED_EDGE('',*,*,#2788,.F.);
#3948=ORIENTED_EDGE('',*,*,#2792,.F.);
#3949=ORIENTED_EDGE('',*,*,#2801,.F.);
#3950=ORIENTED_EDGE('',*,*,#2802,.F.);
#3951=ORIENTED_EDGE('',*,*,#2803,.F.);
#3952=ORIENTED_EDGE('',*,*,#2740,.F.);
#3953=ORIENTED_EDGE('',*,*,#2799,.F.);
#3954=ORIENTED_EDGE('',*,*,#2804,.T.);
#3955=ORIENTED_EDGE('',*,*,#2805,.F.);
#3956=ORIENTED_EDGE('',*,*,#2801,.T.);
#3957=ORIENTED_EDGE('',*,*,#2762,.T.);
#3958=ORIENTED_EDGE('',*,*,#2778,.F.);
#3959=ORIENTED_EDGE('',*,*,#2806,.F.);
#3960=ORIENTED_EDGE('',*,*,#2804,.F.);
#3961=ORIENTED_EDGE('',*,*,#2798,.T.);
#3962=ORIENTED_EDGE('',*,*,#2807,.F.);
#3963=ORIENTED_EDGE('',*,*,#2760,.T.);
#3964=ORIENTED_EDGE('',*,*,#2807,.T.);
#3965=ORIENTED_EDGE('',*,*,#2800,.T.);
#3966=ORIENTED_EDGE('',*,*,#2704,.T.);
#3967=ORIENTED_EDGE('',*,*,#2808,.F.);
#3968=ORIENTED_EDGE('',*,*,#2809,.F.);
#3969=ORIENTED_EDGE('',*,*,#2810,.F.);
#3970=ORIENTED_EDGE('',*,*,#2811,.T.);
#3971=ORIENTED_EDGE('',*,*,#2812,.T.);
#3972=ORIENTED_EDGE('',*,*,#2809,.T.);
#3973=ORIENTED_EDGE('',*,*,#2813,.T.);
#3974=ORIENTED_EDGE('',*,*,#2814,.T.);
#3975=ORIENTED_EDGE('',*,*,#2712,.T.);
#3976=ORIENTED_EDGE('',*,*,#2810,.T.);
#3977=ORIENTED_EDGE('',*,*,#2815,.T.);
#3978=ORIENTED_EDGE('',*,*,#2816,.T.);
#3979=ORIENTED_EDGE('',*,*,#2817,.T.);
#3980=ORIENTED_EDGE('',*,*,#2808,.T.);
#3981=ORIENTED_EDGE('',*,*,#2711,.T.);
#3982=ORIENTED_EDGE('',*,*,#2818,.F.);
#3983=ORIENTED_EDGE('',*,*,#2713,.T.);
#3984=ORIENTED_EDGE('',*,*,#2814,.F.);
#3985=ORIENTED_EDGE('',*,*,#2819,.T.);
#3986=ORIENTED_EDGE('',*,*,#2820,.F.);
#3987=ORIENTED_EDGE('',*,*,#2821,.F.);
#3988=ORIENTED_EDGE('',*,*,#2822,.T.);
#3989=ORIENTED_EDGE('',*,*,#2816,.F.);
#3990=ORIENTED_EDGE('',*,*,#2710,.T.);
#3991=ORIENTED_EDGE('',*,*,#2823,.F.);
#3992=ORIENTED_EDGE('',*,*,#2748,.F.);
#3993=ORIENTED_EDGE('',*,*,#2824,.T.);
#3994=ORIENTED_EDGE('',*,*,#2811,.F.);
#3995=ORIENTED_EDGE('',*,*,#2825,.T.);
#3996=ORIENTED_EDGE('',*,*,#2742,.F.);
#3997=ORIENTED_EDGE('',*,*,#2818,.T.);
#3998=ORIENTED_EDGE('',*,*,#2826,.T.);
#3999=ORIENTED_EDGE('',*,*,#2827,.T.);
#4000=ORIENTED_EDGE('',*,*,#2714,.T.);
#4001=ORIENTED_EDGE('',*,*,#2820,.T.);
#4002=ORIENTED_EDGE('',*,*,#2828,.F.);
#4003=ORIENTED_EDGE('',*,*,#2829,.F.);
#4004=ORIENTED_EDGE('',*,*,#2830,.F.);
#4005=ORIENTED_EDGE('',*,*,#2831,.T.);
#4006=ORIENTED_EDGE('',*,*,#2826,.F.);
#4007=ORIENTED_EDGE('',*,*,#2819,.F.);
#4008=ORIENTED_EDGE('',*,*,#2832,.T.);
#4009=ORIENTED_EDGE('',*,*,#2833,.F.);
#4010=ORIENTED_EDGE('',*,*,#2828,.T.);
#4011=ORIENTED_EDGE('',*,*,#2815,.F.);
#4012=ORIENTED_EDGE('',*,*,#2812,.F.);
#4013=ORIENTED_EDGE('',*,*,#2824,.F.);
#4014=ORIENTED_EDGE('',*,*,#2747,.F.);
#4015=ORIENTED_EDGE('',*,*,#2834,.F.);
#4016=ORIENTED_EDGE('',*,*,#2835,.F.);
#4017=ORIENTED_EDGE('',*,*,#2832,.F.);
#4018=ORIENTED_EDGE('',*,*,#2836,.F.);
#4019=ORIENTED_EDGE('',*,*,#2837,.F.);
#4020=ORIENTED_EDGE('',*,*,#2838,.F.);
#4021=ORIENTED_EDGE('',*,*,#2839,.T.);
#4022=ORIENTED_EDGE('',*,*,#2840,.T.);
#4023=ORIENTED_EDGE('',*,*,#2837,.T.);
#4024=ORIENTED_EDGE('',*,*,#2841,.T.);
#4025=ORIENTED_EDGE('',*,*,#2842,.T.);
#4026=ORIENTED_EDGE('',*,*,#2717,.T.);
#4027=ORIENTED_EDGE('',*,*,#2838,.T.);
#4028=ORIENTED_EDGE('',*,*,#2843,.T.);
#4029=ORIENTED_EDGE('',*,*,#2844,.T.);
#4030=ORIENTED_EDGE('',*,*,#2845,.T.);
#4031=ORIENTED_EDGE('',*,*,#2836,.T.);
#4032=ORIENTED_EDGE('',*,*,#2716,.T.);
#4033=ORIENTED_EDGE('',*,*,#2831,.F.);
#4034=ORIENTED_EDGE('',*,*,#2846,.T.);
#4035=ORIENTED_EDGE('',*,*,#2844,.F.);
#4036=ORIENTED_EDGE('',*,*,#2715,.T.);
#4037=ORIENTED_EDGE('',*,*,#2827,.F.);
#4038=ORIENTED_EDGE('',*,*,#2697,.F.);
#4039=ORIENTED_EDGE('',*,*,#2718,.T.);
#4040=ORIENTED_EDGE('',*,*,#2842,.F.);
#4041=ORIENTED_EDGE('',*,*,#2847,.T.);
#4042=ORIENTED_EDGE('',*,*,#2848,.F.);
#4043=ORIENTED_EDGE('',*,*,#2849,.F.);
#4044=ORIENTED_EDGE('',*,*,#2850,.T.);
#4045=ORIENTED_EDGE('',*,*,#2839,.F.);
#4046=ORIENTED_EDGE('',*,*,#2851,.T.);
#4047=ORIENTED_EDGE('',*,*,#2852,.F.);
#4048=ORIENTED_EDGE('',*,*,#2316,.T.);
#4049=ORIENTED_EDGE('',*,*,#2689,.T.);
#4050=ORIENTED_EDGE('',*,*,#2694,.T.);
#4051=ORIENTED_EDGE('',*,*,#2698,.F.);
#4052=ORIENTED_EDGE('',*,*,#2848,.T.);
#4053=ORIENTED_EDGE('',*,*,#2853,.F.);
#4054=ORIENTED_EDGE('',*,*,#2854,.F.);
#4055=ORIENTED_EDGE('',*,*,#2855,.F.);
#4056=ORIENTED_EDGE('',*,*,#2856,.F.);
#4057=ORIENTED_EDGE('',*,*,#2857,.F.);
#4058=ORIENTED_EDGE('',*,*,#2858,.F.);
#4059=ORIENTED_EDGE('',*,*,#2684,.F.);
#4060=ORIENTED_EDGE('',*,*,#2847,.F.);
#4061=ORIENTED_EDGE('',*,*,#2859,.T.);
#4062=ORIENTED_EDGE('',*,*,#2860,.T.);
#4063=ORIENTED_EDGE('',*,*,#2853,.T.);
#4064=ORIENTED_EDGE('',*,*,#2843,.F.);
#4065=ORIENTED_EDGE('',*,*,#2840,.F.);
#4066=ORIENTED_EDGE('',*,*,#2861,.F.);
#4067=ORIENTED_EDGE('',*,*,#2859,.F.);
#4068=ORIENTED_EDGE('',*,*,#2850,.F.);
#4069=ORIENTED_EDGE('',*,*,#2862,.T.);
#4070=ORIENTED_EDGE('',*,*,#2863,.T.);
#4071=ORIENTED_EDGE('',*,*,#2861,.T.);
#4072=ORIENTED_EDGE('',*,*,#2849,.T.);
#4073=ORIENTED_EDGE('',*,*,#2864,.F.);
#4074=ORIENTED_EDGE('',*,*,#2865,.F.);
#4075=ORIENTED_EDGE('',*,*,#2866,.F.);
#4076=ORIENTED_EDGE('',*,*,#2862,.F.);
#4077=ORIENTED_EDGE('',*,*,#2867,.F.);
#4078=ORIENTED_EDGE('',*,*,#2868,.T.);
#4079=ORIENTED_EDGE('',*,*,#2869,.T.);
#4080=ORIENTED_EDGE('',*,*,#2870,.T.);
#4081=ORIENTED_EDGE('',*,*,#2856,.T.);
#4082=ORIENTED_EDGE('',*,*,#2871,.T.);
#4083=ORIENTED_EDGE('',*,*,#2872,.T.);
#4084=ORIENTED_EDGE('',*,*,#2869,.F.);
#4085=ORIENTED_EDGE('',*,*,#2873,.T.);
#4086=ORIENTED_EDGE('',*,*,#2668,.F.);
#4087=ORIENTED_EDGE('',*,*,#2874,.T.);
#4088=ORIENTED_EDGE('',*,*,#2871,.F.);
#4089=ORIENTED_EDGE('',*,*,#2875,.T.);
#4090=ORIENTED_EDGE('',*,*,#2876,.T.);
#4091=ORIENTED_EDGE('',*,*,#2875,.F.);
#4092=ORIENTED_EDGE('',*,*,#2873,.F.);
#4093=ORIENTED_EDGE('',*,*,#2868,.F.);
#4094=ORIENTED_EDGE('',*,*,#2877,.F.);
#4095=ORIENTED_EDGE('',*,*,#2878,.F.);
#4096=ORIENTED_EDGE('',*,*,#2879,.F.);
#4097=ORIENTED_EDGE('',*,*,#2880,.F.);
#4098=ORIENTED_EDGE('',*,*,#2881,.F.);
#4099=ORIENTED_EDGE('',*,*,#2882,.F.);
#4100=ORIENTED_EDGE('',*,*,#2883,.F.);
#4101=ORIENTED_EDGE('',*,*,#2770,.F.);
#4102=ORIENTED_EDGE('',*,*,#2773,.F.);
#4103=ORIENTED_EDGE('',*,*,#2884,.F.);
#4104=ORIENTED_EDGE('',*,*,#2885,.T.);
#4105=ORIENTED_EDGE('',*,*,#2669,.T.);
#4106=ORIENTED_EDGE('',*,*,#2876,.F.);
#4107=ORIENTED_EDGE('',*,*,#2883,.T.);
#4108=ORIENTED_EDGE('',*,*,#2886,.T.);
#4109=ORIENTED_EDGE('',*,*,#2885,.F.);
#4110=ORIENTED_EDGE('',*,*,#2887,.T.);
#4111=ORIENTED_EDGE('',*,*,#2884,.T.);
#4112=ORIENTED_EDGE('',*,*,#2670,.T.);
#4113=ORIENTED_EDGE('',*,*,#2888,.T.);
#4114=ORIENTED_EDGE('',*,*,#2635,.T.);
#4115=ORIENTED_EDGE('',*,*,#2889,.T.);
#4116=ORIENTED_EDGE('',*,*,#2805,.T.);
#4117=ORIENTED_EDGE('',*,*,#2775,.F.);
#4118=ORIENTED_EDGE('',*,*,#2636,.T.);
#4119=ORIENTED_EDGE('',*,*,#2888,.F.);
#4120=ORIENTED_EDGE('',*,*,#2806,.T.);
#4121=ORIENTED_EDGE('',*,*,#2890,.F.);
#4122=ORIENTED_EDGE('',*,*,#2891,.F.);
#4123=ORIENTED_EDGE('',*,*,#2892,.F.);
#4124=ORIENTED_EDGE('',*,*,#2793,.F.);
#4125=ORIENTED_EDGE('',*,*,#2745,.T.);
#4126=ORIENTED_EDGE('',*,*,#2891,.T.);
#4127=ORIENTED_EDGE('',*,*,#2893,.T.);
#4128=ORIENTED_EDGE('',*,*,#2894,.F.);
#4129=ORIENTED_EDGE('',*,*,#2895,.F.);
#4130=ORIENTED_EDGE('',*,*,#2896,.F.);
#4131=ORIENTED_EDGE('',*,*,#2892,.T.);
#4132=ORIENTED_EDGE('',*,*,#2744,.T.);
#4133=ORIENTED_EDGE('',*,*,#2895,.T.);
#4134=ORIENTED_EDGE('',*,*,#2897,.T.);
#4135=ORIENTED_EDGE('',*,*,#2825,.F.);
#4136=ORIENTED_EDGE('',*,*,#2898,.T.);
#4137=ORIENTED_EDGE('',*,*,#2896,.T.);
#4138=ORIENTED_EDGE('',*,*,#2743,.T.);
#4139=ORIENTED_EDGE('',*,*,#2822,.F.);
#4140=ORIENTED_EDGE('',*,*,#2899,.T.);
#4141=ORIENTED_EDGE('',*,*,#2894,.T.);
#4142=ORIENTED_EDGE('',*,*,#2900,.T.);
#4143=ORIENTED_EDGE('',*,*,#2796,.F.);
#4144=ORIENTED_EDGE('',*,*,#2901,.T.);
#4145=ORIENTED_EDGE('',*,*,#2890,.T.);
#4146=ORIENTED_EDGE('',*,*,#2902,.T.);
#4147=ORIENTED_EDGE('',*,*,#2787,.F.);
#4148=ORIENTED_EDGE('',*,*,#2893,.F.);
#4149=ORIENTED_EDGE('',*,*,#2901,.F.);
#4150=ORIENTED_EDGE('',*,*,#2790,.F.);
#4151=ORIENTED_EDGE('',*,*,#2903,.T.);
#4152=ORIENTED_EDGE('',*,*,#2833,.T.);
#4153=ORIENTED_EDGE('',*,*,#2904,.T.);
#4154=ORIENTED_EDGE('',*,*,#2629,.T.);
#4155=ORIENTED_EDGE('',*,*,#2904,.F.);
#4156=ORIENTED_EDGE('',*,*,#2835,.T.);
#4157=ORIENTED_EDGE('',*,*,#2905,.T.);
#4158=ORIENTED_EDGE('',*,*,#2630,.T.);
#4159=ORIENTED_EDGE('',*,*,#2906,.T.);
#4160=ORIENTED_EDGE('',*,*,#2907,.T.);
#4161=ORIENTED_EDGE('',*,*,#2908,.T.);
#4162=ORIENTED_EDGE('',*,*,#2627,.T.);
#4163=ORIENTED_EDGE('',*,*,#2846,.F.);
#4164=ORIENTED_EDGE('',*,*,#2830,.T.);
#4165=ORIENTED_EDGE('',*,*,#2907,.F.);
#4166=ORIENTED_EDGE('',*,*,#2909,.T.);
#4167=ORIENTED_EDGE('',*,*,#2903,.F.);
#4168=ORIENTED_EDGE('',*,*,#2628,.T.);
#4169=ORIENTED_EDGE('',*,*,#2908,.F.);
#4170=ORIENTED_EDGE('',*,*,#2829,.T.);
#4171=ORIENTED_EDGE('',*,*,#2860,.F.);
#4172=ORIENTED_EDGE('',*,*,#2863,.F.);
#4173=ORIENTED_EDGE('',*,*,#2910,.F.);
#4174=ORIENTED_EDGE('',*,*,#2911,.T.);
#4175=ORIENTED_EDGE('',*,*,#2912,.T.);
#4176=ORIENTED_EDGE('',*,*,#2877,.T.);
#4177=ORIENTED_EDGE('',*,*,#2867,.T.);
#4178=ORIENTED_EDGE('',*,*,#2855,.T.);
#4179=ORIENTED_EDGE('',*,*,#2910,.T.);
#4180=ORIENTED_EDGE('',*,*,#2866,.T.);
#4181=ORIENTED_EDGE('',*,*,#2911,.F.);
#4182=ORIENTED_EDGE('',*,*,#2854,.T.);
#4183=ORIENTED_EDGE('',*,*,#2852,.T.);
#4184=ORIENTED_EDGE('',*,*,#2913,.T.);
#4185=ORIENTED_EDGE('',*,*,#2914,.T.);
#4186=ORIENTED_EDGE('',*,*,#2864,.T.);
#4187=ORIENTED_EDGE('',*,*,#2502,.F.);
#4188=ORIENTED_EDGE('',*,*,#2915,.F.);
#4189=ORIENTED_EDGE('',*,*,#2916,.F.);
#4190=ORIENTED_EDGE('',*,*,#2496,.F.);
#4191=ORIENTED_EDGE('',*,*,#2295,.F.);
#4192=ORIENTED_EDGE('',*,*,#2917,.F.);
#4193=ORIENTED_EDGE('',*,*,#2918,.T.);
#4194=ORIENTED_EDGE('',*,*,#2499,.F.);
#4195=ORIENTED_EDGE('',*,*,#2918,.F.);
#4196=ORIENTED_EDGE('',*,*,#2919,.F.);
#4197=ORIENTED_EDGE('',*,*,#2915,.T.);
#4198=ORIENTED_EDGE('',*,*,#2359,.F.);
#4199=ORIENTED_EDGE('',*,*,#2368,.T.);
#4200=ORIENTED_EDGE('',*,*,#2920,.T.);
#4201=ORIENTED_EDGE('',*,*,#2549,.T.);
#4202=ORIENTED_EDGE('',*,*,#2548,.F.);
#4203=ORIENTED_EDGE('',*,*,#2362,.F.);
#4204=ORIENTED_EDGE('',*,*,#2921,.T.);
#4205=ORIENTED_EDGE('',*,*,#2922,.T.);
#4206=ORIENTED_EDGE('',*,*,#2920,.F.);
#4207=ORIENTED_EDGE('',*,*,#2367,.T.);
#4208=ORIENTED_EDGE('',*,*,#2370,.T.);
#4209=ORIENTED_EDGE('',*,*,#2923,.T.);
#4210=ORIENTED_EDGE('',*,*,#2921,.F.);
#4211=ORIENTED_EDGE('',*,*,#2366,.T.);
#4212=ORIENTED_EDGE('',*,*,#2924,.T.);
#4213=ORIENTED_EDGE('',*,*,#2925,.T.);
#4214=ORIENTED_EDGE('',*,*,#2402,.F.);
#4215=ORIENTED_EDGE('',*,*,#2406,.T.);
#4216=ORIENTED_EDGE('',*,*,#2409,.T.);
#4217=ORIENTED_EDGE('',*,*,#2553,.T.);
#4218=ORIENTED_EDGE('',*,*,#2924,.F.);
#4219=ORIENTED_EDGE('',*,*,#2405,.T.);
#4220=ORIENTED_EDGE('',*,*,#2926,.F.);
#4221=ORIENTED_EDGE('',*,*,#2927,.F.);
#4222=ORIENTED_EDGE('',*,*,#2928,.T.);
#4223=ORIENTED_EDGE('',*,*,#2929,.T.);
#4224=ORIENTED_EDGE('',*,*,#2930,.T.);
#4225=ORIENTED_EDGE('',*,*,#2931,.T.);
#4226=ORIENTED_EDGE('',*,*,#2932,.T.);
#4227=ORIENTED_EDGE('',*,*,#2929,.F.);
#4228=ORIENTED_EDGE('',*,*,#2933,.T.);
#4229=ORIENTED_EDGE('',*,*,#2934,.T.);
#4230=ORIENTED_EDGE('',*,*,#2935,.T.);
#4231=ORIENTED_EDGE('',*,*,#2931,.F.);
#4232=ORIENTED_EDGE('',*,*,#2936,.T.);
#4233=ORIENTED_EDGE('',*,*,#2937,.T.);
#4234=ORIENTED_EDGE('',*,*,#2938,.T.);
#4235=ORIENTED_EDGE('',*,*,#2934,.F.);
#4236=ORIENTED_EDGE('',*,*,#2939,.T.);
#4237=ORIENTED_EDGE('',*,*,#2940,.T.);
#4238=ORIENTED_EDGE('',*,*,#2551,.T.);
#4239=ORIENTED_EDGE('',*,*,#2937,.F.);
#4240=ORIENTED_EDGE('',*,*,#2941,.T.);
#4241=ORIENTED_EDGE('',*,*,#2942,.T.);
#4242=ORIENTED_EDGE('',*,*,#2542,.T.);
#4243=ORIENTED_EDGE('',*,*,#2940,.F.);
#4244=ORIENTED_EDGE('',*,*,#2943,.T.);
#4245=ORIENTED_EDGE('',*,*,#2943,.F.);
#4246=ORIENTED_EDGE('',*,*,#2941,.F.);
#4247=ORIENTED_EDGE('',*,*,#2939,.F.);
#4248=ORIENTED_EDGE('',*,*,#2936,.F.);
#4249=ORIENTED_EDGE('',*,*,#2933,.F.);
#4250=ORIENTED_EDGE('',*,*,#2928,.F.);
#4251=ORIENTED_EDGE('',*,*,#2944,.F.);
#4252=ORIENTED_EDGE('',*,*,#2349,.F.);
#4253=ORIENTED_EDGE('',*,*,#2945,.T.);
#4254=ORIENTED_EDGE('',*,*,#2388,.F.);
#4255=ORIENTED_EDGE('',*,*,#2376,.F.);
#4256=ORIENTED_EDGE('',*,*,#2361,.F.);
#4257=ORIENTED_EDGE('',*,*,#2547,.F.);
#4258=ORIENTED_EDGE('',*,*,#2546,.F.);
#4259=ORIENTED_EDGE('',*,*,#2545,.F.);
#4260=ORIENTED_EDGE('',*,*,#2398,.F.);
#4261=ORIENTED_EDGE('',*,*,#2400,.F.);
#4262=ORIENTED_EDGE('',*,*,#2946,.F.);
#4263=ORIENTED_EDGE('',*,*,#2358,.F.);
#4264=ORIENTED_EDGE('',*,*,#2946,.T.);
#4265=ORIENTED_EDGE('',*,*,#2394,.F.);
#4266=ORIENTED_EDGE('',*,*,#2947,.F.);
#4267=ORIENTED_EDGE('',*,*,#2355,.F.);
#4268=ORIENTED_EDGE('',*,*,#2352,.F.);
#4269=ORIENTED_EDGE('',*,*,#2947,.T.);
#4270=ORIENTED_EDGE('',*,*,#2391,.F.);
#4271=ORIENTED_EDGE('',*,*,#2945,.F.);
#4272=ORIENTED_EDGE('',*,*,#2375,.T.);
#4273=ORIENTED_EDGE('',*,*,#2374,.T.);
#4274=ORIENTED_EDGE('',*,*,#2373,.T.);
#4275=ORIENTED_EDGE('',*,*,#2379,.F.);
#4276=ORIENTED_EDGE('',*,*,#2403,.F.);
#4277=ORIENTED_EDGE('',*,*,#2948,.F.);
#4278=ORIENTED_EDGE('',*,*,#2919,.T.);
#4279=ORIENTED_EDGE('',*,*,#2949,.T.);
#4280=ORIENTED_EDGE('',*,*,#2932,.F.);
#4281=ORIENTED_EDGE('',*,*,#2950,.F.);
#4282=ORIENTED_EDGE('',*,*,#2369,.F.);
#4283=ORIENTED_EDGE('',*,*,#2340,.F.);
#4284=ORIENTED_EDGE('',*,*,#2527,.F.);
#4285=ORIENTED_EDGE('',*,*,#2916,.T.);
#4286=ORIENTED_EDGE('',*,*,#2948,.T.);
#4287=ORIENTED_EDGE('',*,*,#2925,.F.);
#4288=ORIENTED_EDGE('',*,*,#2552,.F.);
#4289=ORIENTED_EDGE('',*,*,#2926,.T.);
#4290=ORIENTED_EDGE('',*,*,#2951,.F.);
#4291=ORIENTED_EDGE('',*,*,#2611,.T.);
#4292=ORIENTED_EDGE('',*,*,#2922,.F.);
#4293=ORIENTED_EDGE('',*,*,#2952,.T.);
#4294=ORIENTED_EDGE('',*,*,#2938,.F.);
#4295=ORIENTED_EDGE('',*,*,#2550,.F.);
#4296=ORIENTED_EDGE('',*,*,#2923,.F.);
#4297=ORIENTED_EDGE('',*,*,#2950,.T.);
#4298=ORIENTED_EDGE('',*,*,#2935,.F.);
#4299=ORIENTED_EDGE('',*,*,#2952,.F.);
#4300=ORIENTED_EDGE('',*,*,#2930,.F.);
#4301=ORIENTED_EDGE('',*,*,#2949,.F.);
#4302=ORIENTED_EDGE('',*,*,#2917,.T.);
#4303=ORIENTED_EDGE('',*,*,#2294,.T.);
#4304=ORIENTED_EDGE('',*,*,#2951,.T.);
#4305=ORIENTED_EDGE('',*,*,#2870,.F.);
#4306=ORIENTED_EDGE('',*,*,#2953,.T.);
#4307=ORIENTED_EDGE('',*,*,#2954,.T.);
#4308=ORIENTED_EDGE('',*,*,#2857,.T.);
#4309=ORIENTED_EDGE('',*,*,#2648,.F.);
#4310=ORIENTED_EDGE('',*,*,#2955,.T.);
#4311=ORIENTED_EDGE('',*,*,#2954,.F.);
#4312=ORIENTED_EDGE('',*,*,#2956,.T.);
#4313=ORIENTED_EDGE('',*,*,#2645,.F.);
#4314=ORIENTED_EDGE('',*,*,#2956,.F.);
#4315=ORIENTED_EDGE('',*,*,#2953,.F.);
#4316=ORIENTED_EDGE('',*,*,#2872,.F.);
#4317=ORIENTED_EDGE('',*,*,#2957,.F.);
#4318=ORIENTED_EDGE('',*,*,#2958,.F.);
#4319=ORIENTED_EDGE('',*,*,#2642,.F.);
#4320=ORIENTED_EDGE('',*,*,#2958,.T.);
#4321=ORIENTED_EDGE('',*,*,#2959,.T.);
#4322=ORIENTED_EDGE('',*,*,#2676,.T.);
#4323=ORIENTED_EDGE('',*,*,#2874,.F.);
#4324=ORIENTED_EDGE('',*,*,#2667,.T.);
#4325=ORIENTED_EDGE('',*,*,#2959,.F.);
#4326=ORIENTED_EDGE('',*,*,#2957,.T.);
#4327=ORIENTED_EDGE('',*,*,#2682,.F.);
#4328=ORIENTED_EDGE('',*,*,#2858,.T.);
#4329=ORIENTED_EDGE('',*,*,#2955,.F.);
#4330=ORIENTED_EDGE('',*,*,#2655,.T.);
#4331=ORIENTED_EDGE('',*,*,#2680,.F.);
#4332=ORIENTED_EDGE('',*,*,#2960,.T.);
#4333=ORIENTED_EDGE('',*,*,#2961,.T.);
#4334=ORIENTED_EDGE('',*,*,#2962,.T.);
#4335=ORIENTED_EDGE('',*,*,#2963,.T.);
#4336=ORIENTED_EDGE('',*,*,#2961,.F.);
#4337=ORIENTED_EDGE('',*,*,#2964,.F.);
#4338=ORIENTED_EDGE('',*,*,#2965,.F.);
#4339=ORIENTED_EDGE('',*,*,#2966,.F.);
#4340=ORIENTED_EDGE('',*,*,#2967,.F.);
#4341=ORIENTED_EDGE('',*,*,#2968,.F.);
#4342=ORIENTED_EDGE('',*,*,#2960,.F.);
#4343=ORIENTED_EDGE('',*,*,#2963,.F.);
#4344=ORIENTED_EDGE('',*,*,#2969,.T.);
#4345=ORIENTED_EDGE('',*,*,#2970,.F.);
#4346=ORIENTED_EDGE('',*,*,#2971,.F.);
#4347=ORIENTED_EDGE('',*,*,#2969,.F.);
#4348=ORIENTED_EDGE('',*,*,#2962,.F.);
#4349=ORIENTED_EDGE('',*,*,#2965,.T.);
#4350=ORIENTED_EDGE('',*,*,#2972,.T.);
#4351=ORIENTED_EDGE('',*,*,#2973,.T.);
#4352=ORIENTED_EDGE('',*,*,#2974,.T.);
#4353=ORIENTED_EDGE('',*,*,#2972,.F.);
#4354=ORIENTED_EDGE('',*,*,#2974,.F.);
#4355=ORIENTED_EDGE('',*,*,#2975,.T.);
#4356=ORIENTED_EDGE('',*,*,#2976,.F.);
#4357=ORIENTED_EDGE('',*,*,#2977,.F.);
#4358=ORIENTED_EDGE('',*,*,#2975,.F.);
#4359=ORIENTED_EDGE('',*,*,#2973,.F.);
#4360=ORIENTED_EDGE('',*,*,#2968,.T.);
#4361=ORIENTED_EDGE('',*,*,#2978,.T.);
#4362=ORIENTED_EDGE('',*,*,#2979,.T.);
#4363=ORIENTED_EDGE('',*,*,#2980,.T.);
#4364=ORIENTED_EDGE('',*,*,#2978,.F.);
#4365=ORIENTED_EDGE('',*,*,#2980,.F.);
#4366=ORIENTED_EDGE('',*,*,#2981,.T.);
#4367=ORIENTED_EDGE('',*,*,#2982,.F.);
#4368=ORIENTED_EDGE('',*,*,#2983,.F.);
#4369=ORIENTED_EDGE('',*,*,#2981,.F.);
#4370=ORIENTED_EDGE('',*,*,#2979,.F.);
#4371=ORIENTED_EDGE('',*,*,#2966,.T.);
#4372=ORIENTED_EDGE('',*,*,#2984,.T.);
#4373=ORIENTED_EDGE('',*,*,#2985,.T.);
#4374=ORIENTED_EDGE('',*,*,#2986,.T.);
#4375=ORIENTED_EDGE('',*,*,#2984,.F.);
#4376=ORIENTED_EDGE('',*,*,#2986,.F.);
#4377=ORIENTED_EDGE('',*,*,#2987,.T.);
#4378=ORIENTED_EDGE('',*,*,#2988,.F.);
#4379=ORIENTED_EDGE('',*,*,#2989,.F.);
#4380=ORIENTED_EDGE('',*,*,#2987,.F.);
#4381=ORIENTED_EDGE('',*,*,#2985,.F.);
#4382=ORIENTED_EDGE('',*,*,#2990,.T.);
#4383=ORIENTED_EDGE('',*,*,#2991,.T.);
#4384=ORIENTED_EDGE('',*,*,#2729,.T.);
#4385=ORIENTED_EDGE('',*,*,#2727,.T.);
#4386=ORIENTED_EDGE('',*,*,#2991,.F.);
#4387=ORIENTED_EDGE('',*,*,#2992,.T.);
#4388=ORIENTED_EDGE('',*,*,#2967,.T.);
#4389=ORIENTED_EDGE('',*,*,#2993,.T.);
#4390=ORIENTED_EDGE('',*,*,#2992,.F.);
#4391=ORIENTED_EDGE('',*,*,#2990,.F.);
#4392=ORIENTED_EDGE('',*,*,#2993,.F.);
#4393=ORIENTED_EDGE('',*,*,#2795,.T.);
#4394=ORIENTED_EDGE('',*,*,#2994,.T.);
#4395=ORIENTED_EDGE('',*,*,#2823,.T.);
#4396=ORIENTED_EDGE('',*,*,#2709,.T.);
#4397=ORIENTED_EDGE('',*,*,#2983,.T.);
#4398=ORIENTED_EDGE('',*,*,#2995,.T.);
#4399=ORIENTED_EDGE('',*,*,#2723,.T.);
#4400=ORIENTED_EDGE('',*,*,#2995,.F.);
#4401=ORIENTED_EDGE('',*,*,#2982,.T.);
#4402=ORIENTED_EDGE('',*,*,#2977,.T.);
#4403=ORIENTED_EDGE('',*,*,#2996,.T.);
#4404=ORIENTED_EDGE('',*,*,#2720,.T.);
#4405=ORIENTED_EDGE('',*,*,#2996,.F.);
#4406=ORIENTED_EDGE('',*,*,#2976,.T.);
#4407=ORIENTED_EDGE('',*,*,#2989,.T.);
#4408=ORIENTED_EDGE('',*,*,#2997,.T.);
#4409=ORIENTED_EDGE('',*,*,#2721,.T.);
#4410=ORIENTED_EDGE('',*,*,#2997,.F.);
#4411=ORIENTED_EDGE('',*,*,#2988,.T.);
#4412=ORIENTED_EDGE('',*,*,#2971,.T.);
#4413=ORIENTED_EDGE('',*,*,#2998,.T.);
#4414=ORIENTED_EDGE('',*,*,#2722,.T.);
#4415=ORIENTED_EDGE('',*,*,#2998,.F.);
#4416=ORIENTED_EDGE('',*,*,#2970,.T.);
#4417=ORIENTED_EDGE('',*,*,#2999,.T.);
#4418=ORIENTED_EDGE('',*,*,#3000,.T.);
#4419=ORIENTED_EDGE('',*,*,#3001,.T.);
#4420=ORIENTED_EDGE('',*,*,#3002,.T.);
#4421=ORIENTED_EDGE('',*,*,#3000,.F.);
#4422=ORIENTED_EDGE('',*,*,#3003,.F.);
#4423=ORIENTED_EDGE('',*,*,#3004,.T.);
#4424=ORIENTED_EDGE('',*,*,#3001,.F.);
#4425=ORIENTED_EDGE('',*,*,#3002,.F.);
#4426=ORIENTED_EDGE('',*,*,#3004,.F.);
#4427=ORIENTED_EDGE('',*,*,#3005,.F.);
#4428=ORIENTED_EDGE('',*,*,#2999,.F.);
#4429=ORIENTED_EDGE('',*,*,#2640,.T.);
#4430=ORIENTED_EDGE('',*,*,#3006,.T.);
#4431=ORIENTED_EDGE('',*,*,#3005,.T.);
#4432=ORIENTED_EDGE('',*,*,#3003,.T.);
#4433=ORIENTED_EDGE('',*,*,#3006,.F.);
#4434=ORIENTED_EDGE('',*,*,#3007,.T.);
#4435=ORIENTED_EDGE('',*,*,#3008,.T.);
#4436=ORIENTED_EDGE('',*,*,#3009,.T.);
#4437=ORIENTED_EDGE('',*,*,#3010,.T.);
#4438=ORIENTED_EDGE('',*,*,#3008,.F.);
#4439=ORIENTED_EDGE('',*,*,#3011,.F.);
#4440=ORIENTED_EDGE('',*,*,#3012,.T.);
#4441=ORIENTED_EDGE('',*,*,#3009,.F.);
#4442=ORIENTED_EDGE('',*,*,#3010,.F.);
#4443=ORIENTED_EDGE('',*,*,#3012,.F.);
#4444=ORIENTED_EDGE('',*,*,#3013,.F.);
#4445=ORIENTED_EDGE('',*,*,#3007,.F.);
#4446=ORIENTED_EDGE('',*,*,#2637,.T.);
#4447=ORIENTED_EDGE('',*,*,#3014,.T.);
#4448=ORIENTED_EDGE('',*,*,#3013,.T.);
#4449=ORIENTED_EDGE('',*,*,#3011,.T.);
#4450=ORIENTED_EDGE('',*,*,#3014,.F.);
#4451=ORIENTED_EDGE('',*,*,#3015,.T.);
#4452=ORIENTED_EDGE('',*,*,#3016,.T.);
#4453=ORIENTED_EDGE('',*,*,#3017,.T.);
#4454=ORIENTED_EDGE('',*,*,#3018,.T.);
#4455=ORIENTED_EDGE('',*,*,#3016,.F.);
#4456=ORIENTED_EDGE('',*,*,#3019,.F.);
#4457=ORIENTED_EDGE('',*,*,#3020,.T.);
#4458=ORIENTED_EDGE('',*,*,#3017,.F.);
#4459=ORIENTED_EDGE('',*,*,#3018,.F.);
#4460=ORIENTED_EDGE('',*,*,#3020,.F.);
#4461=ORIENTED_EDGE('',*,*,#3021,.F.);
#4462=ORIENTED_EDGE('',*,*,#3015,.F.);
#4463=ORIENTED_EDGE('',*,*,#2639,.T.);
#4464=ORIENTED_EDGE('',*,*,#3022,.T.);
#4465=ORIENTED_EDGE('',*,*,#3021,.T.);
#4466=ORIENTED_EDGE('',*,*,#3019,.T.);
#4467=ORIENTED_EDGE('',*,*,#3022,.F.);
#4468=ORIENTED_EDGE('',*,*,#3023,.T.);
#4469=ORIENTED_EDGE('',*,*,#3024,.T.);
#4470=ORIENTED_EDGE('',*,*,#3025,.T.);
#4471=ORIENTED_EDGE('',*,*,#3026,.T.);
#4472=ORIENTED_EDGE('',*,*,#3024,.F.);
#4473=ORIENTED_EDGE('',*,*,#3027,.F.);
#4474=ORIENTED_EDGE('',*,*,#3028,.T.);
#4475=ORIENTED_EDGE('',*,*,#3025,.F.);
#4476=ORIENTED_EDGE('',*,*,#3026,.F.);
#4477=ORIENTED_EDGE('',*,*,#3028,.F.);
#4478=ORIENTED_EDGE('',*,*,#3029,.F.);
#4479=ORIENTED_EDGE('',*,*,#3023,.F.);
#4480=ORIENTED_EDGE('',*,*,#2638,.T.);
#4481=ORIENTED_EDGE('',*,*,#3030,.T.);
#4482=ORIENTED_EDGE('',*,*,#3029,.T.);
#4483=ORIENTED_EDGE('',*,*,#3027,.T.);
#4484=ORIENTED_EDGE('',*,*,#3030,.F.);
#4485=ORIENTED_EDGE('',*,*,#3031,.T.);
#4486=ORIENTED_EDGE('',*,*,#3032,.T.);
#4487=ORIENTED_EDGE('',*,*,#3033,.T.);
#4488=ORIENTED_EDGE('',*,*,#2322,.T.);
#4489=ORIENTED_EDGE('',*,*,#3033,.F.);
#4490=ORIENTED_EDGE('',*,*,#3031,.F.);
#4491=ORIENTED_EDGE('',*,*,#3032,.F.);
#4492=ORIENTED_EDGE('',*,*,#3034,.T.);
#4493=ORIENTED_EDGE('',*,*,#3035,.F.);
#4494=ORIENTED_EDGE('',*,*,#3036,.F.);
#4495=ORIENTED_EDGE('',*,*,#3034,.F.);
#4496=ORIENTED_EDGE('',*,*,#3036,.T.);
#4497=ORIENTED_EDGE('',*,*,#3037,.T.);
#4498=ORIENTED_EDGE('',*,*,#2964,.T.);
#4499=ORIENTED_EDGE('',*,*,#3037,.F.);
#4500=ORIENTED_EDGE('',*,*,#3035,.T.);
#4501=ORIENTED_EDGE('',*,*,#3038,.F.);
#4502=ORIENTED_EDGE('',*,*,#3039,.F.);
#4503=ORIENTED_EDGE('',*,*,#3040,.F.);
#4504=ORIENTED_EDGE('',*,*,#2914,.F.);
#4505=ORIENTED_EDGE('',*,*,#3041,.F.);
#4506=ORIENTED_EDGE('',*,*,#3042,.F.);
#4507=ORIENTED_EDGE('',*,*,#2780,.F.);
#4508=ORIENTED_EDGE('',*,*,#3043,.F.);
#4509=ORIENTED_EDGE('',*,*,#3044,.F.);
#4510=ORIENTED_EDGE('',*,*,#2623,.T.);
#4511=ORIENTED_EDGE('',*,*,#3039,.T.);
#4512=ORIENTED_EDGE('',*,*,#2881,.T.);
#4513=ORIENTED_EDGE('',*,*,#3043,.T.);
#4514=ORIENTED_EDGE('',*,*,#2782,.T.);
#4515=ORIENTED_EDGE('',*,*,#3045,.F.);
#4516=ORIENTED_EDGE('',*,*,#3046,.F.);
#4517=ORIENTED_EDGE('',*,*,#3047,.F.);
#4518=ORIENTED_EDGE('',*,*,#2625,.T.);
#4519=ORIENTED_EDGE('',*,*,#3041,.T.);
#4520=ORIENTED_EDGE('',*,*,#3048,.T.);
#4521=ORIENTED_EDGE('',*,*,#3046,.T.);
#4522=ORIENTED_EDGE('',*,*,#2879,.T.);
#4523=ORIENTED_EDGE('',*,*,#3049,.F.);
#4524=ORIENTED_EDGE('',*,*,#3050,.F.);
#4525=ORIENTED_EDGE('',*,*,#3051,.F.);
#4526=ORIENTED_EDGE('',*,*,#2633,.T.);
#4527=ORIENTED_EDGE('',*,*,#2737,.F.);
#4528=ORIENTED_EDGE('',*,*,#2803,.T.);
#4529=ORIENTED_EDGE('',*,*,#3050,.T.);
#4530=ORIENTED_EDGE('',*,*,#3052,.T.);
#4531=ORIENTED_EDGE('',*,*,#2889,.F.);
#4532=ORIENTED_EDGE('',*,*,#2634,.T.);
#4533=ORIENTED_EDGE('',*,*,#3051,.T.);
#4534=ORIENTED_EDGE('',*,*,#2802,.T.);
#4535=ORIENTED_EDGE('',*,*,#2905,.F.);
#4536=ORIENTED_EDGE('',*,*,#3053,.F.);
#4537=ORIENTED_EDGE('',*,*,#3054,.F.);
#4538=ORIENTED_EDGE('',*,*,#2631,.T.);
#4539=ORIENTED_EDGE('',*,*,#2731,.F.);
#4540=ORIENTED_EDGE('',*,*,#3055,.T.);
#4541=ORIENTED_EDGE('',*,*,#3053,.T.);
#4542=ORIENTED_EDGE('',*,*,#2834,.T.);
#4543=ORIENTED_EDGE('',*,*,#3054,.T.);
#4544=ORIENTED_EDGE('',*,*,#3056,.T.);
#4545=ORIENTED_EDGE('',*,*,#3049,.T.);
#4546=ORIENTED_EDGE('',*,*,#2632,.T.);
#4547=ORIENTED_EDGE('',*,*,#2906,.F.);
#4548=ORIENTED_EDGE('',*,*,#2626,.T.);
#4549=ORIENTED_EDGE('',*,*,#3047,.T.);
#4550=ORIENTED_EDGE('',*,*,#3057,.T.);
#4551=ORIENTED_EDGE('',*,*,#3044,.T.);
#4552=ORIENTED_EDGE('',*,*,#2880,.T.);
#4553=ORIENTED_EDGE('',*,*,#3045,.T.);
#4554=ORIENTED_EDGE('',*,*,#2624,.T.);
#4555=ORIENTED_EDGE('',*,*,#2912,.F.);
#4556=ORIENTED_EDGE('',*,*,#2865,.T.);
#4557=ORIENTED_EDGE('',*,*,#3042,.T.);
#4558=ORIENTED_EDGE('',*,*,#2878,.T.);
#4559=ORIENTED_EDGE('',*,*,#2765,.T.);
#4560=ORIENTED_EDGE('',*,*,#3058,.T.);
#4561=ORIENTED_EDGE('',*,*,#3040,.T.);
#4562=ORIENTED_EDGE('',*,*,#2781,.T.);
#4563=ORIENTED_EDGE('',*,*,#2886,.F.);
#4564=ORIENTED_EDGE('',*,*,#2882,.T.);
#4565=ORIENTED_EDGE('',*,*,#3038,.T.);
#4566=ORIENTED_EDGE('',*,*,#3059,.T.);
#4567=ORIENTED_EDGE('',*,*,#2845,.F.);
#4568=ORIENTED_EDGE('',*,*,#2909,.F.);
#4569=ORIENTED_EDGE('',*,*,#3057,.F.);
#4570=ORIENTED_EDGE('',*,*,#3048,.F.);
#4571=ORIENTED_EDGE('',*,*,#2913,.F.);
#4572=ORIENTED_EDGE('',*,*,#2851,.F.);
#4573=ORIENTED_EDGE('',*,*,#2841,.F.);
#4574=ORIENTED_EDGE('',*,*,#2768,.T.);
#4575=ORIENTED_EDGE('',*,*,#2771,.F.);
#4576=ORIENTED_EDGE('',*,*,#2887,.F.);
#4577=ORIENTED_EDGE('',*,*,#3059,.F.);
#4578=ORIENTED_EDGE('',*,*,#3058,.F.);
#4579=ORIENTED_EDGE('',*,*,#2817,.F.);
#4580=ORIENTED_EDGE('',*,*,#2900,.F.);
#4581=ORIENTED_EDGE('',*,*,#2898,.F.);
#4582=ORIENTED_EDGE('',*,*,#2813,.F.);
#4583=ORIENTED_EDGE('',*,*,#2797,.T.);
#4584=ORIENTED_EDGE('',*,*,#2902,.F.);
#4585=ORIENTED_EDGE('',*,*,#2897,.F.);
#4586=ORIENTED_EDGE('',*,*,#2899,.F.);
#4587=ORIENTED_EDGE('',*,*,#2821,.T.);
#4588=ORIENTED_EDGE('',*,*,#2994,.F.);
#4589=ORIENTED_EDGE('',*,*,#2735,.F.);
#4590=ORIENTED_EDGE('',*,*,#3052,.F.);
#4591=ORIENTED_EDGE('',*,*,#3056,.F.);
#4592=ORIENTED_EDGE('',*,*,#3055,.F.);
#4593=ORIENTED_EDGE('',*,*,#2292,.T.);
#4594=ORIENTED_EDGE('',*,*,#2566,.F.);
#4595=ORIENTED_EDGE('',*,*,#2539,.T.);
#4596=ORIENTED_EDGE('',*,*,#2516,.F.);
#4597=ORIENTED_EDGE('',*,*,#2543,.T.);
#4598=ORIENTED_EDGE('',*,*,#2942,.F.);
#4599=ORIENTED_EDGE('',*,*,#2944,.T.);
#4600=ORIENTED_EDGE('',*,*,#2927,.T.);
#4601=ORIENTED_EDGE('',*,*,#2610,.T.);
#4602=CYLINDRICAL_SURFACE('',#5009,16.2);
#4603=CYLINDRICAL_SURFACE('',#5011,16.2);
#4604=CYLINDRICAL_SURFACE('',#5023,11.8);
#4605=CYLINDRICAL_SURFACE('',#5134,0.2);
#4606=CYLINDRICAL_SURFACE('',#5136,15.);
#4607=CYLINDRICAL_SURFACE('',#5150,0.2);
#4608=CYLINDRICAL_SURFACE('',#5154,3.);
#4609=CYLINDRICAL_SURFACE('',#5175,21.);
#4610=CYLINDRICAL_SURFACE('',#5185,1.);
#4611=CYLINDRICAL_SURFACE('',#5199,0.2);
#4612=CYLINDRICAL_SURFACE('',#5221,2.8);
#4613=CYLINDRICAL_SURFACE('',#5228,0.2);
#4614=CYLINDRICAL_SURFACE('',#5233,0.2);
#4615=CYLINDRICAL_SURFACE('',#5236,0.2);
#4616=CYLINDRICAL_SURFACE('',#5243,0.5);
#4617=CYLINDRICAL_SURFACE('',#5245,0.5);
#4618=CYLINDRICAL_SURFACE('',#5247,0.5);
#4619=CYLINDRICAL_SURFACE('',#5256,0.5);
#4620=CYLINDRICAL_SURFACE('',#5259,0.5);
#4621=CYLINDRICAL_SURFACE('',#5261,0.2);
#4622=CYLINDRICAL_SURFACE('',#5266,0.5);
#4623=CYLINDRICAL_SURFACE('',#5267,0.2);
#4624=CYLINDRICAL_SURFACE('',#5274,0.5);
#4625=CYLINDRICAL_SURFACE('',#5276,0.5);
#4626=CYLINDRICAL_SURFACE('',#5278,0.5);
#4627=CYLINDRICAL_SURFACE('',#5288,0.5);
#4628=CYLINDRICAL_SURFACE('',#5290,3.);
#4629=CYLINDRICAL_SURFACE('',#5298,0.5);
#4630=CYLINDRICAL_SURFACE('',#5300,0.5);
#4631=CYLINDRICAL_SURFACE('',#5302,0.5);
#4632=CYLINDRICAL_SURFACE('',#5313,3.);
#4633=CYLINDRICAL_SURFACE('',#5315,0.5);
#4634=CYLINDRICAL_SURFACE('',#5322,0.5);
#4635=CYLINDRICAL_SURFACE('',#5324,0.5);
#4636=CYLINDRICAL_SURFACE('',#5326,0.5);
#4637=CYLINDRICAL_SURFACE('',#5337,0.5);
#4638=CYLINDRICAL_SURFACE('',#5340,0.5);
#4639=CYLINDRICAL_SURFACE('',#5347,0.5);
#4640=CYLINDRICAL_SURFACE('',#5358,0.5);
#4641=CYLINDRICAL_SURFACE('',#5367,0.5);
#4642=CYLINDRICAL_SURFACE('',#5374,0.5);
#4643=CYLINDRICAL_SURFACE('',#5375,0.5);
#4644=CYLINDRICAL_SURFACE('',#5376,0.5);
#4645=CYLINDRICAL_SURFACE('',#5381,0.2);
#4646=CYLINDRICAL_SURFACE('',#5387,0.5);
#4647=CYLINDRICAL_SURFACE('',#5394,0.5);
#4648=CYLINDRICAL_SURFACE('',#5395,0.2);
#4649=CYLINDRICAL_SURFACE('',#5408,16.2);
#4650=CYLINDRICAL_SURFACE('',#5409,1.);
#4651=CYLINDRICAL_SURFACE('',#5418,1.);
#4652=CYLINDRICAL_SURFACE('',#5419,1.);
#4653=CYLINDRICAL_SURFACE('',#5431,1.4);
#4654=CYLINDRICAL_SURFACE('',#5438,1.4);
#4655=CYLINDRICAL_SURFACE('',#5445,1.4);
#4656=CYLINDRICAL_SURFACE('',#5452,1.4);
#4657=CYLINDRICAL_SURFACE('',#5475,1.66);
#4658=CYLINDRICAL_SURFACE('',#5486,1.66);
#4659=CYLINDRICAL_SURFACE('',#5497,1.66);
#4660=CYLINDRICAL_SURFACE('',#5508,1.66);
#4661=CYLINDRICAL_SURFACE('',#5518,10.5);
#4662=CYLINDRICAL_SURFACE('',#5533,0.2);
#4663=CYLINDRICAL_SURFACE('',#5538,0.2);
#4664=CYLINDRICAL_SURFACE('',#5543,0.2);
#4665=CYLINDRICAL_SURFACE('',#5544,0.2);
#4666=CYLINDRICAL_SURFACE('',#5548,0.2);
#4667=CYLINDRICAL_SURFACE('',#5549,0.2);
#4668=CYLINDRICAL_SURFACE('',#5550,0.2);
#4669=CYLINDRICAL_SURFACE('',#5551,0.2);
#4670=CYLINDRICAL_SURFACE('',#5552,0.2);
#4671=CYLINDRICAL_SURFACE('',#5553,0.2);
#4672=CYLINDRICAL_SURFACE('',#5554,0.2);
#4673=CYLINDRICAL_SURFACE('',#5558,3.);
#4674=CYLINDRICAL_SURFACE('',#5560,16.2);
#4675=ADVANCED_FACE('',(#278),#4602,.F.);
#4676=ADVANCED_FACE('',(#279),#4603,.F.);
#4677=ADVANCED_FACE('',(#280),#210,.T.);
#4678=ADVANCED_FACE('',(#281),#206,.T.);
#4679=ADVANCED_FACE('',(#282),#4604,.T.);
#4680=ADVANCED_FACE('',(#283),#211,.T.);
#4681=ADVANCED_FACE('',(#284,#157),#173,.T.);
#4682=ADVANCED_FACE('',(#285),#29,.T.);
#4683=ADVANCED_FACE('',(#286),#30,.T.);
#4684=ADVANCED_FACE('',(#287),#31,.T.);
#4685=ADVANCED_FACE('',(#288),#32,.T.);
#4686=ADVANCED_FACE('',(#289),#33,.T.);
#4687=ADVANCED_FACE('',(#290),#34,.T.);
#4688=ADVANCED_FACE('',(#291),#174,.T.);
#4689=ADVANCED_FACE('',(#292),#35,.F.);
#4690=ADVANCED_FACE('',(#293),#36,.F.);
#4691=ADVANCED_FACE('',(#294),#37,.F.);
#4692=ADVANCED_FACE('',(#295),#38,.F.);
#4693=ADVANCED_FACE('',(#296),#39,.F.);
#4694=ADVANCED_FACE('',(#297),#40,.F.);
#4695=ADVANCED_FACE('',(#298),#41,.F.);
#4696=ADVANCED_FACE('',(#299),#42,.F.);
#4697=ADVANCED_FACE('',(#300),#175,.F.);
#4698=ADVANCED_FACE('',(#301),#43,.T.);
#4699=ADVANCED_FACE('',(#302),#44,.F.);
#4700=ADVANCED_FACE('',(#303),#45,.T.);
#4701=ADVANCED_FACE('',(#304),#46,.F.);
#4702=ADVANCED_FACE('',(#305),#47,.F.);
#4703=ADVANCED_FACE('',(#306),#48,.F.);
#4704=ADVANCED_FACE('',(#307),#49,.F.);
#4705=ADVANCED_FACE('',(#308),#50,.F.);
#4706=ADVANCED_FACE('',(#309),#51,.F.);
#4707=ADVANCED_FACE('',(#310),#52,.F.);
#4708=ADVANCED_FACE('',(#311),#53,.F.);
#4709=ADVANCED_FACE('',(#312),#54,.T.);
#4710=ADVANCED_FACE('',(#313),#176,.T.);
#4711=ADVANCED_FACE('',(#314),#55,.T.);
#4712=ADVANCED_FACE('',(#315),#56,.F.);
#4713=ADVANCED_FACE('',(#316),#57,.F.);
#4714=ADVANCED_FACE('',(#317),#58,.F.);
#4715=ADVANCED_FACE('',(#318),#59,.F.);
#4716=ADVANCED_FACE('',(#319),#60,.F.);
#4717=ADVANCED_FACE('',(#320),#61,.F.);
#4718=ADVANCED_FACE('',(#321),#62,.F.);
#4719=ADVANCED_FACE('',(#322),#63,.F.);
#4720=ADVANCED_FACE('',(#323),#64,.T.);
#4721=ADVANCED_FACE('',(#324),#177,.T.);
#4722=ADVANCED_FACE('',(#325),#65,.T.);
#4723=ADVANCED_FACE('',(#326),#66,.F.);
#4724=ADVANCED_FACE('',(#327),#67,.F.);
#4725=ADVANCED_FACE('',(#328),#68,.F.);
#4726=ADVANCED_FACE('',(#329),#69,.F.);
#4727=ADVANCED_FACE('',(#330),#70,.F.);
#4728=ADVANCED_FACE('',(#331),#71,.F.);
#4729=ADVANCED_FACE('',(#332),#72,.F.);
#4730=ADVANCED_FACE('',(#333),#73,.F.);
#4731=ADVANCED_FACE('',(#334),#178,.F.);
#4732=ADVANCED_FACE('',(#335),#74,.T.);
#4733=ADVANCED_FACE('',(#336),#75,.F.);
#4734=ADVANCED_FACE('',(#337),#76,.T.);
#4735=ADVANCED_FACE('',(#338),#77,.T.);
#4736=ADVANCED_FACE('',(#339),#78,.T.);
#4737=ADVANCED_FACE('',(#340),#79,.T.);
#4738=ADVANCED_FACE('',(#341),#80,.T.);
#4739=ADVANCED_FACE('',(#342),#81,.T.);
#4740=ADVANCED_FACE('',(#343),#82,.F.);
#4741=ADVANCED_FACE('',(#344),#83,.F.);
#4742=ADVANCED_FACE('',(#345),#84,.F.);
#4743=ADVANCED_FACE('',(#346),#85,.F.);
#4744=ADVANCED_FACE('',(#347),#86,.F.);
#4745=ADVANCED_FACE('',(#348),#87,.F.);
#4746=ADVANCED_FACE('',(#349),#212,.T.);
#4747=ADVANCED_FACE('',(#350),#88,.F.);
#4748=ADVANCED_FACE('',(#351),#89,.F.);
#4749=ADVANCED_FACE('',(#352),#90,.F.);
#4750=ADVANCED_FACE('',(#353),#213,.T.);
#4751=ADVANCED_FACE('',(#354),#91,.F.);
#4752=ADVANCED_FACE('',(#355),#92,.F.);
#4753=ADVANCED_FACE('',(#356),#93,.F.);
#4754=ADVANCED_FACE('',(#357),#94,.F.);
#4755=ADVANCED_FACE('',(#358),#95,.F.);
#4756=ADVANCED_FACE('',(#359),#179,.T.);
#4757=ADVANCED_FACE('',(#360),#180,.T.);
#4758=ADVANCED_FACE('',(#361),#96,.F.);
#4759=ADVANCED_FACE('',(#362),#97,.F.);
#4760=ADVANCED_FACE('',(#363),#98,.F.);
#4761=ADVANCED_FACE('',(#364),#99,.T.);
#4762=ADVANCED_FACE('',(#365),#100,.T.);
#4763=ADVANCED_FACE('',(#366),#101,.F.);
#4764=ADVANCED_FACE('',(#367),#102,.F.);
#4765=ADVANCED_FACE('',(#368),#103,.F.);
#4766=ADVANCED_FACE('',(#369),#104,.T.);
#4767=ADVANCED_FACE('',(#370),#105,.T.);
#4768=ADVANCED_FACE('',(#371),#106,.T.);
#4769=ADVANCED_FACE('',(#372),#107,.F.);
#4770=ADVANCED_FACE('',(#373),#108,.F.);
#4771=ADVANCED_FACE('',(#374),#109,.F.);
#4772=ADVANCED_FACE('',(#375),#110,.T.);
#4773=ADVANCED_FACE('',(#376),#111,.F.);
#4774=ADVANCED_FACE('',(#377),#112,.F.);
#4775=ADVANCED_FACE('',(#378),#113,.T.);
#4776=ADVANCED_FACE('',(#379),#114,.T.);
#4777=ADVANCED_FACE('',(#380),#115,.T.);
#4778=ADVANCED_FACE('',(#381),#214,.F.);
#4779=ADVANCED_FACE('',(#382),#116,.T.);
#4780=ADVANCED_FACE('',(#383),#117,.T.);
#4781=ADVANCED_FACE('',(#384),#118,.T.);
#4782=ADVANCED_FACE('',(#385),#119,.T.);
#4783=ADVANCED_FACE('',(#386),#215,.T.);
#4784=ADVANCED_FACE('',(#387),#181,.T.);
#4785=ADVANCED_FACE('',(#388),#216,.T.);
#4786=ADVANCED_FACE('',(#389),#120,.F.);
#4787=ADVANCED_FACE('',(#390),#217,.T.);
#4788=ADVANCED_FACE('',(#391),#121,.F.);
#4789=ADVANCED_FACE('',(#392),#218,.T.);
#4790=ADVANCED_FACE('',(#393),#4605,.F.);
#4791=ADVANCED_FACE('',(#394),#4606,.F.);
#4792=ADVANCED_FACE('',(#395),#207,.F.);
#4793=ADVANCED_FACE('',(#396),#15,.F.);
#4794=ADVANCED_FACE('',(#397),#16,.F.);
#4795=ADVANCED_FACE('',(#398),#219,.F.);
#4796=ADVANCED_FACE('',(#399),#4607,.F.);
#4797=ADVANCED_FACE('',(#400),#220,.F.);
#4798=ADVANCED_FACE('',(#401),#4608,.T.);
#4799=ADVANCED_FACE('',(#402,#158,#159,#160,#161,#162),#182,.T.);
#4800=ADVANCED_FACE('',(#403),#122,.F.);
#4801=ADVANCED_FACE('',(#404),#221,.T.);
#4802=ADVANCED_FACE('',(#405),#123,.F.);
#4803=ADVANCED_FACE('',(#406),#4609,.T.);
#4804=ADVANCED_FACE('',(#407),#124,.F.);
#4805=ADVANCED_FACE('',(#408),#125,.F.);
#4806=ADVANCED_FACE('',(#409),#126,.F.);
#4807=ADVANCED_FACE('',(#410),#127,.F.);
#4808=ADVANCED_FACE('',(#411),#183,.F.);
#4809=ADVANCED_FACE('',(#412),#4610,.T.);
#4810=ADVANCED_FACE('',(#413),#222,.T.);
#4811=ADVANCED_FACE('',(#414),#128,.F.);
#4812=ADVANCED_FACE('',(#415),#129,.F.);
#4813=ADVANCED_FACE('',(#416),#130,.F.);
#4814=ADVANCED_FACE('',(#417),#131,.F.);
#4815=ADVANCED_FACE('',(#418),#223,.F.);
#4816=ADVANCED_FACE('',(#419),#208,.T.);
#4817=ADVANCED_FACE('',(#420),#224,.T.);
#4818=ADVANCED_FACE('',(#421),#132,.F.);
#4819=ADVANCED_FACE('',(#422),#133,.F.);
#4820=ADVANCED_FACE('',(#423),#4611,.F.);
#4821=ADVANCED_FACE('',(#424,#163,#164,#165,#166,#167),#184,.T.);
#4822=ADVANCED_FACE('',(#425),#225,.T.);
#4823=ADVANCED_FACE('',(#426),#4612,.F.);
#4824=ADVANCED_FACE('',(#427),#17,.F.);
#4825=ADVANCED_FACE('',(#428),#4613,.F.);
#4826=ADVANCED_FACE('',(#429),#18,.F.);
#4827=ADVANCED_FACE('',(#430),#4614,.F.);
#4828=ADVANCED_FACE('',(#431),#185,.F.);
#4829=ADVANCED_FACE('',(#432),#4615,.F.);
#4830=ADVANCED_FACE('',(#433),#226,.T.);
#4831=ADVANCED_FACE('',(#434),#19,.F.);
#4832=ADVANCED_FACE('',(#435),#4616,.F.);
#4833=ADVANCED_FACE('',(#436),#4617,.F.);
#4834=ADVANCED_FACE('',(#437),#4618,.F.);
#4835=ADVANCED_FACE('',(#438),#227,.F.);
#4836=ADVANCED_FACE('',(#439),#228,.F.);
#4837=ADVANCED_FACE('',(#440),#229,.F.);
#4838=ADVANCED_FACE('',(#441),#4619,.T.);
#4839=ADVANCED_FACE('',(#442),#186,.F.);
#4840=ADVANCED_FACE('',(#443),#4620,.T.);
#4841=ADVANCED_FACE('',(#444),#4621,.F.);
#4842=ADVANCED_FACE('',(#445),#230,.T.);
#4843=ADVANCED_FACE('',(#446),#4622,.T.);
#4844=ADVANCED_FACE('',(#447),#4623,.T.);
#4845=ADVANCED_FACE('',(#448),#187,.F.);
#4846=ADVANCED_FACE('',(#449),#20,.F.);
#4847=ADVANCED_FACE('',(#450),#4624,.F.);
#4848=ADVANCED_FACE('',(#451),#4625,.F.);
#4849=ADVANCED_FACE('',(#452),#4626,.F.);
#4850=ADVANCED_FACE('',(#453),#231,.F.);
#4851=ADVANCED_FACE('',(#454),#232,.F.);
#4852=ADVANCED_FACE('',(#455),#233,.F.);
#4853=ADVANCED_FACE('',(#456),#188,.F.);
#4854=ADVANCED_FACE('',(#457),#4627,.T.);
#4855=ADVANCED_FACE('',(#458),#4628,.F.);
#4856=ADVANCED_FACE('',(#459),#234,.F.);
#4857=ADVANCED_FACE('',(#460),#21,.F.);
#4858=ADVANCED_FACE('',(#461),#4629,.F.);
#4859=ADVANCED_FACE('',(#462),#4630,.F.);
#4860=ADVANCED_FACE('',(#463),#4631,.F.);
#4861=ADVANCED_FACE('',(#464),#235,.F.);
#4862=ADVANCED_FACE('',(#465),#236,.F.);
#4863=ADVANCED_FACE('',(#466),#237,.F.);
#4864=ADVANCED_FACE('',(#467),#238,.F.);
#4865=ADVANCED_FACE('',(#468),#4632,.F.);
#4866=ADVANCED_FACE('',(#469),#4633,.T.);
#4867=ADVANCED_FACE('',(#470),#189,.F.);
#4868=ADVANCED_FACE('',(#471),#22,.F.);
#4869=ADVANCED_FACE('',(#472),#4634,.F.);
#4870=ADVANCED_FACE('',(#473),#4635,.F.);
#4871=ADVANCED_FACE('',(#474),#4636,.F.);
#4872=ADVANCED_FACE('',(#475),#239,.F.);
#4873=ADVANCED_FACE('',(#476),#240,.F.);
#4874=ADVANCED_FACE('',(#477),#241,.F.);
#4875=ADVANCED_FACE('',(#478),#190,.F.);
#4876=ADVANCED_FACE('',(#479),#4637,.T.);
#4877=ADVANCED_FACE('',(#480),#191,.F.);
#4878=ADVANCED_FACE('',(#481),#4638,.T.);
#4879=ADVANCED_FACE('',(#482),#192,.F.);
#4880=ADVANCED_FACE('',(#483),#242,.T.);
#4881=ADVANCED_FACE('',(#484),#4639,.T.);
#4882=ADVANCED_FACE('',(#485),#243,.T.);
#4883=ADVANCED_FACE('',(#486),#193,.F.);
#4884=ADVANCED_FACE('',(#487),#23,.T.);
#4885=ADVANCED_FACE('',(#488),#244,.T.);
#4886=ADVANCED_FACE('',(#489),#4640,.T.);
#4887=ADVANCED_FACE('',(#490),#245,.T.);
#4888=ADVANCED_FACE('',(#491),#246,.T.);
#4889=ADVANCED_FACE('',(#492),#24,.T.);
#4890=ADVANCED_FACE('',(#493),#4641,.T.);
#4891=ADVANCED_FACE('',(#494),#25,.T.);
#4892=ADVANCED_FACE('',(#495),#247,.T.);
#4893=ADVANCED_FACE('',(#496),#4642,.T.);
#4894=ADVANCED_FACE('',(#497),#4643,.T.);
#4895=ADVANCED_FACE('',(#498),#4644,.T.);
#4896=ADVANCED_FACE('',(#499),#194,.F.);
#4897=ADVANCED_FACE('',(#500),#248,.T.);
#4898=ADVANCED_FACE('',(#501),#4645,.T.);
#4899=ADVANCED_FACE('',(#502),#249,.T.);
#4900=ADVANCED_FACE('',(#503),#4646,.T.);
#4901=ADVANCED_FACE('',(#504),#250,.T.);
#4902=ADVANCED_FACE('',(#505),#26,.T.);
#4903=ADVANCED_FACE('',(#506),#251,.T.);
#4904=ADVANCED_FACE('',(#507),#4647,.T.);
#4905=ADVANCED_FACE('',(#508),#4648,.F.);
#4906=ADVANCED_FACE('',(#509),#134,.F.);
#4907=ADVANCED_FACE('',(#510),#135,.T.);
#4908=ADVANCED_FACE('',(#511),#136,.F.);
#4909=ADVANCED_FACE('',(#512),#137,.T.);
#4910=ADVANCED_FACE('',(#513),#138,.T.);
#4911=ADVANCED_FACE('',(#514),#139,.T.);
#4912=ADVANCED_FACE('',(#515),#140,.T.);
#4913=ADVANCED_FACE('',(#516),#141,.T.);
#4914=ADVANCED_FACE('',(#517),#142,.T.);
#4915=ADVANCED_FACE('',(#518),#143,.T.);
#4916=ADVANCED_FACE('',(#519),#144,.T.);
#4917=ADVANCED_FACE('',(#520),#145,.T.);
#4918=ADVANCED_FACE('',(#521),#146,.T.);
#4919=ADVANCED_FACE('',(#522),#147,.T.);
#4920=ADVANCED_FACE('',(#523),#195,.F.);
#4921=ADVANCED_FACE('',(#524),#148,.T.);
#4922=ADVANCED_FACE('',(#525),#149,.F.);
#4923=ADVANCED_FACE('',(#526),#150,.T.);
#4924=ADVANCED_FACE('',(#527),#151,.T.);
#4925=ADVANCED_FACE('',(#528),#152,.F.);
#4926=ADVANCED_FACE('',(#529),#153,.F.);
#4927=ADVANCED_FACE('',(#530),#4649,.T.);
#4928=ADVANCED_FACE('',(#531),#154,.F.);
#4929=ADVANCED_FACE('',(#532),#155,.F.);
#4930=ADVANCED_FACE('',(#533),#156,.T.);
#4931=ADVANCED_FACE('',(#534),#4650,.F.);
#4932=ADVANCED_FACE('',(#535),#252,.F.);
#4933=ADVANCED_FACE('',(#536),#196,.F.);
#4934=ADVANCED_FACE('',(#537),#253,.F.);
#4935=ADVANCED_FACE('',(#538),#4651,.F.);
#4936=ADVANCED_FACE('',(#539),#4652,.T.);
#4937=ADVANCED_FACE('',(#540),#254,.T.);
#4938=ADVANCED_FACE('',(#541,#168,#169,#170,#171,#172),#197,.T.);
#4939=ADVANCED_FACE('',(#542),#4653,.F.);
#4940=ADVANCED_FACE('',(#543),#255,.T.);
#4941=ADVANCED_FACE('',(#544),#4654,.F.);
#4942=ADVANCED_FACE('',(#545),#256,.T.);
#4943=ADVANCED_FACE('',(#546),#4655,.F.);
#4944=ADVANCED_FACE('',(#547),#257,.T.);
#4945=ADVANCED_FACE('',(#548),#4656,.F.);
#4946=ADVANCED_FACE('',(#549),#258,.T.);
#4947=ADVANCED_FACE('',(#550),#209,.F.);
#4948=ADVANCED_FACE('',(#551),#259,.F.);
#4949=ADVANCED_FACE('',(#552),#260,.T.);
#4950=ADVANCED_FACE('',(#553),#261,.T.);
#4951=ADVANCED_FACE('',(#554),#262,.T.);
#4952=ADVANCED_FACE('',(#555),#263,.T.);
#4953=ADVANCED_FACE('',(#556),#264,.F.);
#4954=ADVANCED_FACE('',(#557),#4657,.F.);
#4955=ADVANCED_FACE('',(#558),#198,.T.);
#4956=ADVANCED_FACE('',(#559),#265,.T.);
#4957=ADVANCED_FACE('',(#560),#266,.F.);
#4958=ADVANCED_FACE('',(#561),#4658,.F.);
#4959=ADVANCED_FACE('',(#562),#199,.T.);
#4960=ADVANCED_FACE('',(#563),#267,.T.);
#4961=ADVANCED_FACE('',(#564),#268,.F.);
#4962=ADVANCED_FACE('',(#565),#4659,.F.);
#4963=ADVANCED_FACE('',(#566),#200,.T.);
#4964=ADVANCED_FACE('',(#567),#269,.T.);
#4965=ADVANCED_FACE('',(#568),#270,.F.);
#4966=ADVANCED_FACE('',(#569),#4660,.F.);
#4967=ADVANCED_FACE('',(#570),#201,.T.);
#4968=ADVANCED_FACE('',(#571),#271,.T.);
#4969=ADVANCED_FACE('',(#572),#272,.T.);
#4970=ADVANCED_FACE('',(#573),#4661,.F.);
#4971=ADVANCED_FACE('',(#574),#273,.F.);
#4972=ADVANCED_FACE('',(#575),#27,.F.);
#4973=ADVANCED_FACE('',(#576),#28,.F.);
#4974=ADVANCED_FACE('',(#577),#274,.T.);
#4975=ADVANCED_FACE('',(#578),#4662,.F.);
#4976=ADVANCED_FACE('',(#579),#275,.T.);
#4977=ADVANCED_FACE('',(#580),#4663,.F.);
#4978=ADVANCED_FACE('',(#581),#276,.T.);
#4979=ADVANCED_FACE('',(#582),#4664,.F.);
#4980=ADVANCED_FACE('',(#583),#4665,.T.);
#4981=ADVANCED_FACE('',(#584),#277,.T.);
#4982=ADVANCED_FACE('',(#585),#4666,.F.);
#4983=ADVANCED_FACE('',(#586),#4667,.T.);
#4984=ADVANCED_FACE('',(#587),#4668,.T.);
#4985=ADVANCED_FACE('',(#588),#4669,.T.);
#4986=ADVANCED_FACE('',(#589),#4670,.F.);
#4987=ADVANCED_FACE('',(#590),#4671,.F.);
#4988=ADVANCED_FACE('',(#591),#4672,.F.);
#4989=ADVANCED_FACE('',(#592),#202,.F.);
#4990=ADVANCED_FACE('',(#593),#203,.F.);
#4991=ADVANCED_FACE('',(#594),#204,.F.);
#4992=ADVANCED_FACE('',(#595),#4673,.F.);
#4993=ADVANCED_FACE('',(#596),#205,.F.);
#4994=ADVANCED_FACE('',(#597),#4674,.F.);
#4995=CLOSED_SHELL('',(#4675,#4676,#4677,#4678,#4679,#4680,#4681,#4682,
#4683,#4684,#4685,#4686,#4687,#4688,#4689,#4690,#4691,#4692,#4693,#4694,
#4695,#4696,#4697,#4698,#4699,#4700,#4701,#4702,#4703,#4704,#4705,#4706,
#4707,#4708,#4709,#4710,#4711,#4712,#4713,#4714,#4715,#4716,#4717,#4718,
#4719,#4720,#4721,#4722,#4723,#4724,#4725,#4726,#4727,#4728,#4729,#4730,
#4731,#4732,#4733,#4734,#4735,#4736,#4737,#4738,#4739,#4740,#4741,#4742,
#4743,#4744,#4745,#4746,#4747,#4748,#4749,#4750,#4751,#4752,#4753,#4754,
#4755,#4756,#4757,#4758,#4759,#4760,#4761,#4762,#4763,#4764,#4765,#4766,
#4767,#4768,#4769,#4770,#4771,#4772,#4773,#4774,#4775,#4776,#4777,#4778,
#4779,#4780,#4781,#4782,#4783,#4784,#4785,#4786,#4787,#4788,#4789,#4790,
#4791,#4792,#4793,#4794,#4795,#4796,#4797,#4798,#4799,#4800,#4801,#4802,
#4803,#4804,#4805,#4806,#4807,#4808,#4809,#4810,#4811,#4812,#4813,#4814,
#4815,#4816,#4817,#4818,#4819,#4820,#4821,#4822,#4823,#4824,#4825,#4826,
#4827,#4828,#4829,#4830,#4831,#4832,#4833,#4834,#4835,#4836,#4837,#4838,
#4839,#4840,#4841,#4842,#4843,#4844,#4845,#4846,#4847,#4848,#4849,#4850,
#4851,#4852,#4853,#4854,#4855,#4856,#4857,#4858,#4859,#4860,#4861,#4862,
#4863,#4864,#4865,#4866,#4867,#4868,#4869,#4870,#4871,#4872,#4873,#4874,
#4875,#4876,#4877,#4878,#4879,#4880,#4881,#4882,#4883,#4884,#4885,#4886,
#4887,#4888,#4889,#4890,#4891,#4892,#4893,#4894,#4895,#4896,#4897,#4898,
#4899,#4900,#4901,#4902,#4903,#4904,#4905,#4906,#4907,#4908,#4909,#4910,
#4911,#4912,#4913,#4914,#4915,#4916,#4917,#4918,#4919,#4920,#4921,#4922,
#4923,#4924,#4925,#4926,#4927,#4928,#4929,#4930,#4931,#4932,#4933,#4934,
#4935,#4936,#4937,#4938,#4939,#4940,#4941,#4942,#4943,#4944,#4945,#4946,
#4947,#4948,#4949,#4950,#4951,#4952,#4953,#4954,#4955,#4956,#4957,#4958,
#4959,#4960,#4961,#4962,#4963,#4964,#4965,#4966,#4967,#4968,#4969,#4970,
#4971,#4972,#4973,#4974,#4975,#4976,#4977,#4978,#4979,#4980,#4981,#4982,
#4983,#4984,#4985,#4986,#4987,#4988,#4989,#4990,#4991,#4992,#4993,#4994));
#4996=DERIVED_UNIT_ELEMENT(#4998,1.);
#4997=DERIVED_UNIT_ELEMENT(#13407,-3.);
#4998=(
MASS_UNIT()
NAMED_UNIT(*)
SI_UNIT(.KILO.,.GRAM.)
);
#4999=DERIVED_UNIT((#4996,#4997));
#5000=MEASURE_REPRESENTATION_ITEM('density measure',
POSITIVE_RATIO_MEASURE(1000.),#4999);
#5001=PROPERTY_DEFINITION_REPRESENTATION(#5006,#5003);
#5002=PROPERTY_DEFINITION_REPRESENTATION(#5007,#5004);
#5003=REPRESENTATION('material name',(#5005),#13404);
#5004=REPRESENTATION('density',(#5000),#13404);
#5005=DESCRIPTIVE_REPRESENTATION_ITEM('Generic','Generic');
#5006=PROPERTY_DEFINITION('material property','material name',#13414);
#5007=PROPERTY_DEFINITION('material property','density of part',#13414);
#5008=AXIS2_PLACEMENT_3D('',#6794,#5561,#5562);
#5009=AXIS2_PLACEMENT_3D('',#6795,#5563,#5564);
#5010=AXIS2_PLACEMENT_3D('',#6800,#5566,#5567);
#5011=AXIS2_PLACEMENT_3D('',#6805,#5568,#5569);
#5012=AXIS2_PLACEMENT_3D('',#6810,#5571,#5572);
#5013=AXIS2_PLACEMENT_3D('',#6829,#5573,#5574);
#5014=AXIS2_PLACEMENT_3D('',#6900,#5576,#5577);
#5015=AXIS2_PLACEMENT_3D('',#6903,#5578,#5579);
#5016=AXIS2_PLACEMENT_3D('',#6905,#5580,#5581);
#5017=AXIS2_PLACEMENT_3D('',#6907,#5582,#5583);
#5018=AXIS2_PLACEMENT_3D('',#6908,#5584,#5585);
#5019=AXIS2_PLACEMENT_3D('',#6909,#5586,#5587);
#5020=AXIS2_PLACEMENT_3D('',#6910,#5588,#5589);
#5021=AXIS2_PLACEMENT_3D('',#6913,#5590,#5591);
#5022=AXIS2_PLACEMENT_3D('',#6915,#5593,#5594);
#5023=AXIS2_PLACEMENT_3D('',#6916,#5595,#5596);
#5024=AXIS2_PLACEMENT_3D('',#6920,#5598,#5599);
#5025=AXIS2_PLACEMENT_3D('',#6940,#5601,#5602);
#5026=AXIS2_PLACEMENT_3D('',#6959,#5604,#5605);
#5027=AXIS2_PLACEMENT_3D('',#6960,#5606,#5607);
#5028=AXIS2_PLACEMENT_3D('',#6962,#5608,#5609);
#5029=AXIS2_PLACEMENT_3D('',#6963,#5610,#5611);
#5030=AXIS2_PLACEMENT_3D('',#6964,#5612,#5613);
#5031=AXIS2_PLACEMENT_3D('',#6966,#5614,#5615);
#5032=AXIS2_PLACEMENT_3D('',#6999,#5616,#5617);
#5033=AXIS2_PLACEMENT_3D('',#7027,#5618,#5619);
#5034=AXIS2_PLACEMENT_3D('',#7063,#5620,#5621);
#5035=AXIS2_PLACEMENT_3D('',#7101,#5622,#5623);
#5036=AXIS2_PLACEMENT_3D('',#7134,#5624,#5625);
#5037=AXIS2_PLACEMENT_3D('',#7178,#5626,#5627);
#5038=AXIS2_PLACEMENT_3D('',#7280,#5628,#5629);
#5039=AXIS2_PLACEMENT_3D('',#7316,#5630,#5631);
#5040=AXIS2_PLACEMENT_3D('',#7323,#5632,#5633);
#5041=AXIS2_PLACEMENT_3D('',#7355,#5634,#5635);
#5042=AXIS2_PLACEMENT_3D('',#7393,#5636,#5637);
#5043=AXIS2_PLACEMENT_3D('',#7426,#5638,#5639);
#5044=AXIS2_PLACEMENT_3D('',#7457,#5640,#5641);
#5045=AXIS2_PLACEMENT_3D('',#7612,#5642,#5643);
#5046=AXIS2_PLACEMENT_3D('',#7659,#5644,#5645);
#5047=AXIS2_PLACEMENT_3D('',#7872,#5646,#5647);
#5048=AXIS2_PLACEMENT_3D('',#7912,#5648,#5649);
#5049=AXIS2_PLACEMENT_3D('',#7938,#5650,#5651);
#5050=AXIS2_PLACEMENT_3D('',#7970,#5652,#5653);
#5051=AXIS2_PLACEMENT_3D('',#8008,#5654,#5655);
#5052=AXIS2_PLACEMENT_3D('',#8041,#5656,#5657);
#5053=AXIS2_PLACEMENT_3D('',#8154,#5658,#5659);
#5054=AXIS2_PLACEMENT_3D('',#8229,#5660,#5661);
#5055=AXIS2_PLACEMENT_3D('',#8234,#5662,#5663);
#5056=AXIS2_PLACEMENT_3D('',#8281,#5664,#5665);
#5057=AXIS2_PLACEMENT_3D('',#8316,#5666,#5667);
#5058=AXIS2_PLACEMENT_3D('',#8360,#5668,#5669);
#5059=AXIS2_PLACEMENT_3D('',#8387,#5670,#5671);
#5060=AXIS2_PLACEMENT_3D('',#8423,#5672,#5673);
#5061=AXIS2_PLACEMENT_3D('',#8461,#5674,#5675);
#5062=AXIS2_PLACEMENT_3D('',#8494,#5676,#5677);
#5063=AXIS2_PLACEMENT_3D('',#8537,#5678,#5679);
#5064=AXIS2_PLACEMENT_3D('',#8613,#5680,#5681);
#5065=AXIS2_PLACEMENT_3D('',#8618,#5682,#5683);
#5066=AXIS2_PLACEMENT_3D('',#8660,#5684,#5685);
#5067=AXIS2_PLACEMENT_3D('',#8695,#5686,#5687);
#5068=AXIS2_PLACEMENT_3D('',#8735,#5688,#5689);
#5069=AXIS2_PLACEMENT_3D('',#8742,#5690,#5691);
#5070=AXIS2_PLACEMENT_3D('',#8774,#5692,#5693);
#5071=AXIS2_PLACEMENT_3D('',#8812,#5694,#5695);
#5072=AXIS2_PLACEMENT_3D('',#8845,#5696,#5697);
#5073=AXIS2_PLACEMENT_3D('',#8876,#5698,#5699);
#5074=AXIS2_PLACEMENT_3D('',#8974,#5700,#5701);
#5075=AXIS2_PLACEMENT_3D('',#9021,#5702,#5703);
#5076=AXIS2_PLACEMENT_3D('',#9119,#5704,#5705);
#5077=AXIS2_PLACEMENT_3D('',#9180,#5706,#5707);
#5078=AXIS2_PLACEMENT_3D('',#9216,#5708,#5709);
#5079=AXIS2_PLACEMENT_3D('',#9310,#5710,#5711);
#5080=AXIS2_PLACEMENT_3D('',#9321,#5712,#5713);
#5081=AXIS2_PLACEMENT_3D('',#9360,#5714,#5715);
#5082=AXIS2_PLACEMENT_3D('',#9426,#5716,#5717);
#5083=AXIS2_PLACEMENT_3D('',#9480,#5718,#5719);
#5084=AXIS2_PLACEMENT_3D('',#9489,#5720,#5721);
#5085=AXIS2_PLACEMENT_3D('',#9515,#5722,#5723);
#5086=AXIS2_PLACEMENT_3D('',#9556,#5724,#5725);
#5087=AXIS2_PLACEMENT_3D('',#9569,#5726,#5727);
#5088=AXIS2_PLACEMENT_3D('',#9570,#5728,#5729);
#5089=AXIS2_PLACEMENT_3D('',#9629,#5730,#5731);
#5090=AXIS2_PLACEMENT_3D('',#9640,#5732,#5733);
#5091=AXIS2_PLACEMENT_3D('',#9679,#5734,#5735);
#5092=AXIS2_PLACEMENT_3D('',#9746,#5736,#5737);
#5093=AXIS2_PLACEMENT_3D('',#9763,#5738,#5739);
#5094=AXIS2_PLACEMENT_3D('',#9766,#5740,#5741);
#5095=AXIS2_PLACEMENT_3D('',#9767,#5742,#5743);
#5096=AXIS2_PLACEMENT_3D('',#9768,#5744,#5745);
#5097=AXIS2_PLACEMENT_3D('',#9806,#5746,#5747);
#5098=AXIS2_PLACEMENT_3D('',#9839,#5748,#5749);
#5099=AXIS2_PLACEMENT_3D('',#9880,#5750,#5751);
#5100=AXIS2_PLACEMENT_3D('',#9949,#5752,#5753);
#5101=AXIS2_PLACEMENT_3D('',#9951,#5754,#5755);
#5102=AXIS2_PLACEMENT_3D('',#9952,#5756,#5757);
#5103=AXIS2_PLACEMENT_3D('',#9953,#5758,#5759);
#5104=AXIS2_PLACEMENT_3D('',#9954,#5760,#5761);
#5105=AXIS2_PLACEMENT_3D('',#10016,#5762,#5763);
#5106=AXIS2_PLACEMENT_3D('',#10104,#5765,#5766);
#5107=AXIS2_PLACEMENT_3D('',#10766,#5767,#5768);
#5108=AXIS2_PLACEMENT_3D('',#10773,#5769,#5770);
#5109=AXIS2_PLACEMENT_3D('',#10810,#5771,#5772);
#5110=AXIS2_PLACEMENT_3D('',#10817,#5773,#5774);
#5111=AXIS2_PLACEMENT_3D('',#10820,#5775,#5776);
#5112=AXIS2_PLACEMENT_3D('',#10822,#5777,#5778);
#5113=AXIS2_PLACEMENT_3D('',#10823,#5779,#5780);
#5114=AXIS2_PLACEMENT_3D('',#10824,#5781,#5782);
#5115=AXIS2_PLACEMENT_3D('',#10862,#5783,#5784);
#5116=AXIS2_PLACEMENT_3D('',#10892,#5785,#5786);
#5117=AXIS2_PLACEMENT_3D('',#10933,#5787,#5788);
#5118=AXIS2_PLACEMENT_3D('',#10978,#5789,#5790);
#5119=AXIS2_PLACEMENT_3D('',#10991,#5791,#5792);
#5120=AXIS2_PLACEMENT_3D('',#10993,#5793,#5794);
#5121=AXIS2_PLACEMENT_3D('',#10994,#5795,#5796);
#5122=AXIS2_PLACEMENT_3D('',#10995,#5797,#5798);
#5123=AXIS2_PLACEMENT_3D('',#10997,#5799,#5800);
#5124=AXIS2_PLACEMENT_3D('',#10998,#5801,#5802);
#5125=AXIS2_PLACEMENT_3D('',#10999,#5803,#5804);
#5126=AXIS2_PLACEMENT_3D('',#11000,#5805,#5806);
#5127=AXIS2_PLACEMENT_3D('',#11023,#5807,#5808);
#5128=AXIS2_PLACEMENT_3D('',#11028,#5809,#5810);
#5129=AXIS2_PLACEMENT_3D('',#11030,#5811,#5812);
#5130=AXIS2_PLACEMENT_3D('',#11032,#5813,#5814);
#5131=AXIS2_PLACEMENT_3D('',#11033,#5815,#5816);
#5132=AXIS2_PLACEMENT_3D('',#11058,#5817,#5818);
#5133=AXIS2_PLACEMENT_3D('',#11059,#5819,#5820);
#5134=AXIS2_PLACEMENT_3D('',#11060,#5821,#5822);
#5135=AXIS2_PLACEMENT_3D('',#11064,#5824,#5825);
#5136=AXIS2_PLACEMENT_3D('',#11066,#5827,#5828);
#5137=AXIS2_PLACEMENT_3D('',#11069,#5830,#5831);
#5138=AXIS2_PLACEMENT_3D('',#11070,#5832,#5833);
#5139=AXIS2_PLACEMENT_3D('',#11073,#5835,#5836);
#5140=AXIS2_PLACEMENT_3D('',#11074,#5837,#5838);
#5141=AXIS2_PLACEMENT_3D('',#11075,#5839,#5840);
#5142=AXIS2_PLACEMENT_3D('',#11077,#5841,#5842);
#5143=AXIS2_PLACEMENT_3D('',#11078,#5843,#5844);
#5144=AXIS2_PLACEMENT_3D('',#11079,#5845,#5846);
#5145=AXIS2_PLACEMENT_3D('',#11082,#5847,#5848);
#5146=AXIS2_PLACEMENT_3D('',#11083,#5849,#5850);
#5147=AXIS2_PLACEMENT_3D('',#11084,#5851,#5852);
#5148=AXIS2_PLACEMENT_3D('',#11085,#5853,#5854);
#5149=AXIS2_PLACEMENT_3D('',#11086,#5855,#5856);
#5150=AXIS2_PLACEMENT_3D('',#11087,#5857,#5858);
#5151=AXIS2_PLACEMENT_3D('',#11089,#5860,#5861);
#5152=AXIS2_PLACEMENT_3D('',#11090,#5862,#5863);
#5153=AXIS2_PLACEMENT_3D('',#11091,#5864,#5865);
#5154=AXIS2_PLACEMENT_3D('',#11092,#5866,#5867);
#5155=AXIS2_PLACEMENT_3D('',#11093,#5868,#5869);
#5156=AXIS2_PLACEMENT_3D('',#11096,#5870,#5871);
#5157=AXIS2_PLACEMENT_3D('',#11100,#5873,#5874);
#5158=AXIS2_PLACEMENT_3D('',#11104,#5876,#5877);
#5159=AXIS2_PLACEMENT_3D('',#11108,#5879,#5880);
#5160=AXIS2_PLACEMENT_3D('',#11110,#5881,#5882);
#5161=AXIS2_PLACEMENT_3D('',#11112,#5883,#5884);
#5162=AXIS2_PLACEMENT_3D('',#11116,#5886,#5887);
#5163=AXIS2_PLACEMENT_3D('',#11120,#5889,#5890);
#5164=AXIS2_PLACEMENT_3D('',#11124,#5892,#5893);
#5165=AXIS2_PLACEMENT_3D('',#11125,#5894,#5895);
#5166=AXIS2_PLACEMENT_3D('',#11127,#5896,#5897);
#5167=AXIS2_PLACEMENT_3D('',#11129,#5898,#5899);
#5168=AXIS2_PLACEMENT_3D('',#11131,#5900,#5901);
#5169=AXIS2_PLACEMENT_3D('',#11133,#5902,#5903);
#5170=AXIS2_PLACEMENT_3D('',#11196,#5904,#5905);
#5171=AXIS2_PLACEMENT_3D('',#11222,#5906,#5907);
#5172=AXIS2_PLACEMENT_3D('',#11225,#5908,#5909);
#5173=AXIS2_PLACEMENT_3D('',#11226,#5910,#5911);
#5174=AXIS2_PLACEMENT_3D('',#11227,#5912,#5913);
#5175=AXIS2_PLACEMENT_3D('',#11313,#5914,#5915);
#5176=AXIS2_PLACEMENT_3D('',#11317,#5917,#5918);
#5177=AXIS2_PLACEMENT_3D('',#11321,#5920,#5921);
#5178=AXIS2_PLACEMENT_3D('',#11322,#5922,#5923);
#5179=AXIS2_PLACEMENT_3D('',#11324,#5924,#5925);
#5180=AXIS2_PLACEMENT_3D('',#11352,#5927,#5928);
#5181=AXIS2_PLACEMENT_3D('',#11402,#5929,#5930);
#5182=AXIS2_PLACEMENT_3D('',#11433,#5931,#5932);
#5183=AXIS2_PLACEMENT_3D('',#11462,#5933,#5934);
#5184=AXIS2_PLACEMENT_3D('',#11473,#5937,#5938);
#5185=AXIS2_PLACEMENT_3D('',#11502,#5942,#5943);
#5186=AXIS2_PLACEMENT_3D('',#11503,#5944,#5945);
#5187=AXIS2_PLACEMENT_3D('',#11504,#5946,#5947);
#5188=AXIS2_PLACEMENT_3D('',#11506,#5948,#5949);
#5189=AXIS2_PLACEMENT_3D('',#11538,#5950,#5951);
#5190=AXIS2_PLACEMENT_3D('',#11577,#5952,#5953);
#5191=AXIS2_PLACEMENT_3D('',#11621,#5954,#5955);
#5192=AXIS2_PLACEMENT_3D('',#11642,#5956,#5957);
#5193=AXIS2_PLACEMENT_3D('',#11643,#5958,#5959);
#5194=AXIS2_PLACEMENT_3D('',#11644,#5960,#5961);
#5195=AXIS2_PLACEMENT_3D('',#11645,#5962,#5963);
#5196=AXIS2_PLACEMENT_3D('',#11654,#5964,#5965);
#5197=AXIS2_PLACEMENT_3D('',#11656,#5966,#5967);
#5198=AXIS2_PLACEMENT_3D('',#11657,#5968,#5969);
#5199=AXIS2_PLACEMENT_3D('',#11759,#5970,#5971);
#5200=AXIS2_PLACEMENT_3D('',#11774,#5974,#5975);
#5201=AXIS2_PLACEMENT_3D('',#11778,#5977,#5978);
#5202=AXIS2_PLACEMENT_3D('',#11784,#5981,#5982);
#5203=AXIS2_PLACEMENT_3D('',#11786,#5983,#5984);
#5204=AXIS2_PLACEMENT_3D('',#11788,#5985,#5986);
#5205=AXIS2_PLACEMENT_3D('',#11794,#5989,#5990);
#5206=AXIS2_PLACEMENT_3D('',#11796,#5991,#5992);
#5207=AXIS2_PLACEMENT_3D('',#11798,#5993,#5994);
#5208=AXIS2_PLACEMENT_3D('',#11804,#5997,#5998);
#5209=AXIS2_PLACEMENT_3D('',#11806,#5999,#6000);
#5210=AXIS2_PLACEMENT_3D('',#11808,#6001,#6002);
#5211=AXIS2_PLACEMENT_3D('',#11813,#6005,#6006);
#5212=AXIS2_PLACEMENT_3D('',#11815,#6007,#6008);
#5213=AXIS2_PLACEMENT_3D('',#11817,#6009,#6010);
#5214=AXIS2_PLACEMENT_3D('',#11819,#6011,#6012);
#5215=AXIS2_PLACEMENT_3D('',#11821,#6013,#6014);
#5216=AXIS2_PLACEMENT_3D('',#11823,#6015,#6016);
#5217=AXIS2_PLACEMENT_3D('',#11824,#6017,#6018);
#5218=AXIS2_PLACEMENT_3D('',#11827,#6019,#6020);
#5219=AXIS2_PLACEMENT_3D('',#11828,#6021,#6022);
#5220=AXIS2_PLACEMENT_3D('',#11829,#6023,#6024);
#5221=AXIS2_PLACEMENT_3D('',#11830,#6025,#6026);
#5222=AXIS2_PLACEMENT_3D('',#11833,#6027,#6028);
#5223=AXIS2_PLACEMENT_3D('',#11835,#6030,#6031);
#5224=AXIS2_PLACEMENT_3D('',#11836,#6032,#6033);
#5225=AXIS2_PLACEMENT_3D('',#11839,#6034,#6035);
#5226=AXIS2_PLACEMENT_3D('',#11841,#6036,#6037);
#5227=AXIS2_PLACEMENT_3D('',#11842,#6038,#6039);
#5228=AXIS2_PLACEMENT_3D('',#11843,#6040,#6041);
#5229=AXIS2_PLACEMENT_3D('',#11847,#6043,#6044);
#5230=AXIS2_PLACEMENT_3D('',#11849,#6046,#6047);
#5231=AXIS2_PLACEMENT_3D('',#11851,#6048,#6049);
#5232=AXIS2_PLACEMENT_3D('',#11852,#6050,#6051);
#5233=AXIS2_PLACEMENT_3D('',#11853,#6052,#6053);
#5234=AXIS2_PLACEMENT_3D('',#11868,#6056,#6057);
#5235=AXIS2_PLACEMENT_3D('',#11879,#6060,#6061);
#5236=AXIS2_PLACEMENT_3D('',#11886,#6063,#6064);
#5237=AXIS2_PLACEMENT_3D('',#11899,#6066,#6067);
#5238=AXIS2_PLACEMENT_3D('',#11900,#6068,#6069);
#5239=AXIS2_PLACEMENT_3D('',#11901,#6070,#6071);
#5240=AXIS2_PLACEMENT_3D('',#11903,#6072,#6073);
#5241=AXIS2_PLACEMENT_3D('',#11905,#6074,#6075);
#5242=AXIS2_PLACEMENT_3D('',#11906,#6076,#6077);
#5243=AXIS2_PLACEMENT_3D('',#11907,#6078,#6079);
#5244=AXIS2_PLACEMENT_3D('',#11910,#6080,#6081);
#5245=AXIS2_PLACEMENT_3D('',#11913,#6084,#6085);
#5246=AXIS2_PLACEMENT_3D('',#11915,#6086,#6087);
#5247=AXIS2_PLACEMENT_3D('',#11917,#6089,#6090);
#5248=AXIS2_PLACEMENT_3D('',#11919,#6091,#6092);
#5249=AXIS2_PLACEMENT_3D('',#11921,#6094,#6095);
#5250=AXIS2_PLACEMENT_3D('',#11936,#6096,#6097);
#5251=AXIS2_PLACEMENT_3D('',#11943,#6098,#6099);
#5252=AXIS2_PLACEMENT_3D('',#11944,#6100,#6101);
#5253=AXIS2_PLACEMENT_3D('',#11955,#6102,#6103);
#5254=AXIS2_PLACEMENT_3D('',#11968,#6104,#6105);
#5255=AXIS2_PLACEMENT_3D('',#11970,#6106,#6107);
#5256=AXIS2_PLACEMENT_3D('',#11975,#6108,#6109);
#5257=AXIS2_PLACEMENT_3D('',#11979,#6111,#6112);
#5258=AXIS2_PLACEMENT_3D('',#11981,#6114,#6115);
#5259=AXIS2_PLACEMENT_3D('',#11983,#6117,#6118);
#5260=AXIS2_PLACEMENT_3D('',#11984,#6119,#6120);
#5261=AXIS2_PLACEMENT_3D('',#11985,#6121,#6122);
#5262=AXIS2_PLACEMENT_3D('',#11986,#6123,#6124);
#5263=AXIS2_PLACEMENT_3D('',#11988,#6125,#6126);
#5264=AXIS2_PLACEMENT_3D('',#11990,#6127,#6128);
#5265=AXIS2_PLACEMENT_3D('',#11991,#6129,#6130);
#5266=AXIS2_PLACEMENT_3D('',#11992,#6131,#6132);
#5267=AXIS2_PLACEMENT_3D('',#11995,#6135,#6136);
#5268=AXIS2_PLACEMENT_3D('',#11998,#6138,#6139);
#5269=AXIS2_PLACEMENT_3D('',#11999,#6140,#6141);
#5270=AXIS2_PLACEMENT_3D('',#12003,#6144,#6145);
#5271=AXIS2_PLACEMENT_3D('',#12005,#6146,#6147);
#5272=AXIS2_PLACEMENT_3D('',#12007,#6148,#6149);
#5273=AXIS2_PLACEMENT_3D('',#12008,#6150,#6151);
#5274=AXIS2_PLACEMENT_3D('',#12009,#6152,#6153);
#5275=AXIS2_PLACEMENT_3D('',#12012,#6154,#6155);
#5276=AXIS2_PLACEMENT_3D('',#12015,#6158,#6159);
#5277=AXIS2_PLACEMENT_3D('',#12017,#6160,#6161);
#5278=AXIS2_PLACEMENT_3D('',#12019,#6163,#6164);
#5279=AXIS2_PLACEMENT_3D('',#12021,#6165,#6166);
#5280=AXIS2_PLACEMENT_3D('',#12023,#6168,#6169);
#5281=AXIS2_PLACEMENT_3D('',#12024,#6170,#6171);
#5282=AXIS2_PLACEMENT_3D('',#12025,#6172,#6173);
#5283=AXIS2_PLACEMENT_3D('',#12026,#6174,#6175);
#5284=AXIS2_PLACEMENT_3D('',#12041,#6176,#6177);
#5285=AXIS2_PLACEMENT_3D('',#12048,#6178,#6179);
#5286=AXIS2_PLACEMENT_3D('',#12057,#6180,#6181);
#5287=AXIS2_PLACEMENT_3D('',#12070,#6182,#6183);
#5288=AXIS2_PLACEMENT_3D('',#12076,#6187,#6188);
#5289=AXIS2_PLACEMENT_3D('',#12079,#6190,#6191);
#5290=AXIS2_PLACEMENT_3D('',#12080,#6192,#6193);
#5291=AXIS2_PLACEMENT_3D('',#12081,#6194,#6195);
#5292=AXIS2_PLACEMENT_3D('',#12082,#6196,#6197);
#5293=AXIS2_PLACEMENT_3D('',#12083,#6198,#6199);
#5294=AXIS2_PLACEMENT_3D('',#12084,#6200,#6201);
#5295=AXIS2_PLACEMENT_3D('',#12086,#6202,#6203);
#5296=AXIS2_PLACEMENT_3D('',#12088,#6204,#6205);
#5297=AXIS2_PLACEMENT_3D('',#12089,#6206,#6207);
#5298=AXIS2_PLACEMENT_3D('',#12090,#6208,#6209);
#5299=AXIS2_PLACEMENT_3D('',#12093,#6210,#6211);
#5300=AXIS2_PLACEMENT_3D('',#12096,#6214,#6215);
#5301=AXIS2_PLACEMENT_3D('',#12098,#6216,#6217);
#5302=AXIS2_PLACEMENT_3D('',#12100,#6219,#6220);
#5303=AXIS2_PLACEMENT_3D('',#12102,#6221,#6222);
#5304=AXIS2_PLACEMENT_3D('',#12104,#6224,#6225);
#5305=AXIS2_PLACEMENT_3D('',#12119,#6226,#6227);
#5306=AXIS2_PLACEMENT_3D('',#12126,#6228,#6229);
#5307=AXIS2_PLACEMENT_3D('',#12135,#6230,#6231);
#5308=AXIS2_PLACEMENT_3D('',#12148,#6232,#6233);
#5309=AXIS2_PLACEMENT_3D('',#12149,#6234,#6235);
#5310=AXIS2_PLACEMENT_3D('',#12150,#6236,#6237);
#5311=AXIS2_PLACEMENT_3D('',#12151,#6238,#6239);
#5312=AXIS2_PLACEMENT_3D('',#12153,#6240,#6241);
#5313=AXIS2_PLACEMENT_3D('',#12166,#6242,#6243);
#5314=AXIS2_PLACEMENT_3D('',#12170,#6245,#6246);
#5315=AXIS2_PLACEMENT_3D('',#12179,#6248,#6249);
#5316=AXIS2_PLACEMENT_3D('',#12182,#6251,#6252);
#5317=AXIS2_PLACEMENT_3D('',#12183,#6253,#6254);
#5318=AXIS2_PLACEMENT_3D('',#12187,#6257,#6258);
#5319=AXIS2_PLACEMENT_3D('',#12189,#6259,#6260);
#5320=AXIS2_PLACEMENT_3D('',#12191,#6261,#6262);
#5321=AXIS2_PLACEMENT_3D('',#12192,#6263,#6264);
#5322=AXIS2_PLACEMENT_3D('',#12193,#6265,#6266);
#5323=AXIS2_PLACEMENT_3D('',#12196,#6267,#6268);
#5324=AXIS2_PLACEMENT_3D('',#12199,#6271,#6272);
#5325=AXIS2_PLACEMENT_3D('',#12201,#6273,#6274);
#5326=AXIS2_PLACEMENT_3D('',#12203,#6276,#6277);
#5327=AXIS2_PLACEMENT_3D('',#12205,#6278,#6279);
#5328=AXIS2_PLACEMENT_3D('',#12207,#6281,#6282);
#5329=AXIS2_PLACEMENT_3D('',#12208,#6283,#6284);
#5330=AXIS2_PLACEMENT_3D('',#12209,#6285,#6286);
#5331=AXIS2_PLACEMENT_3D('',#12211,#6287,#6288);
#5332=AXIS2_PLACEMENT_3D('',#12216,#6289,#6290);
#5333=AXIS2_PLACEMENT_3D('',#12223,#6291,#6292);
#5334=AXIS2_PLACEMENT_3D('',#12225,#6293,#6294);
#5335=AXIS2_PLACEMENT_3D('',#12236,#6295,#6296);
#5336=AXIS2_PLACEMENT_3D('',#12242,#6299,#6300);
#5337=AXIS2_PLACEMENT_3D('',#12251,#6303,#6304);
#5338=AXIS2_PLACEMENT_3D('',#12254,#6306,#6307);
#5339=AXIS2_PLACEMENT_3D('',#12255,#6308,#6309);
#5340=AXIS2_PLACEMENT_3D('',#12257,#6311,#6312);
#5341=AXIS2_PLACEMENT_3D('',#12260,#6314,#6315);
#5342=AXIS2_PLACEMENT_3D('',#12261,#6316,#6317);
#5343=AXIS2_PLACEMENT_3D('',#12267,#6321,#6322);
#5344=AXIS2_PLACEMENT_3D('',#12278,#6323,#6324);
#5345=AXIS2_PLACEMENT_3D('',#12280,#6325,#6326);
#5346=AXIS2_PLACEMENT_3D('',#12281,#6327,#6328);
#5347=AXIS2_PLACEMENT_3D('',#12282,#6329,#6330);
#5348=AXIS2_PLACEMENT_3D('',#12285,#6331,#6332);
#5349=AXIS2_PLACEMENT_3D('',#12288,#6335,#6336);
#5350=AXIS2_PLACEMENT_3D('',#12289,#6337,#6338);
#5351=AXIS2_PLACEMENT_3D('',#12291,#6339,#6340);
#5352=AXIS2_PLACEMENT_3D('',#12302,#6341,#6342);
#5353=AXIS2_PLACEMENT_3D('',#12322,#6348,#6349);
#5354=AXIS2_PLACEMENT_3D('',#12323,#6350,#6351);
#5355=AXIS2_PLACEMENT_3D('',#12324,#6352,#6353);
#5356=AXIS2_PLACEMENT_3D('',#12326,#6354,#6355);
#5357=AXIS2_PLACEMENT_3D('',#12327,#6356,#6357);
#5358=AXIS2_PLACEMENT_3D('',#12328,#6358,#6359);
#5359=AXIS2_PLACEMENT_3D('',#12330,#6361,#6362);
#5360=AXIS2_PLACEMENT_3D('',#12331,#6363,#6364);
#5361=AXIS2_PLACEMENT_3D('',#12332,#6365,#6366);
#5362=AXIS2_PLACEMENT_3D('',#12333,#6367,#6368);
#5363=AXIS2_PLACEMENT_3D('',#12334,#6369,#6370);
#5364=AXIS2_PLACEMENT_3D('',#12337,#6371,#6372);
#5365=AXIS2_PLACEMENT_3D('',#12338,#6373,#6374);
#5366=AXIS2_PLACEMENT_3D('',#12339,#6375,#6376);
#5367=AXIS2_PLACEMENT_3D('',#12340,#6377,#6378);
#5368=AXIS2_PLACEMENT_3D('',#12342,#6380,#6381);
#5369=AXIS2_PLACEMENT_3D('',#12345,#6382,#6383);
#5370=AXIS2_PLACEMENT_3D('',#12346,#6384,#6385);
#5371=AXIS2_PLACEMENT_3D('',#12347,#6386,#6387);
#5372=AXIS2_PLACEMENT_3D('',#12348,#6388,#6389);
#5373=AXIS2_PLACEMENT_3D('',#12349,#6390,#6391);
#5374=AXIS2_PLACEMENT_3D('',#12350,#6392,#6393);
#5375=AXIS2_PLACEMENT_3D('',#12352,#6395,#6396);
#5376=AXIS2_PLACEMENT_3D('',#12355,#6399,#6400);
#5377=AXIS2_PLACEMENT_3D('',#12358,#6403,#6404);
#5378=AXIS2_PLACEMENT_3D('',#12359,#6405,#6406);
#5379=AXIS2_PLACEMENT_3D('',#12360,#6407,#6408);
#5380=AXIS2_PLACEMENT_3D('',#12361,#6409,#6410);
#5381=AXIS2_PLACEMENT_3D('',#12362,#6411,#6412);
#5382=AXIS2_PLACEMENT_3D('',#12363,#6413,#6414);
#5383=AXIS2_PLACEMENT_3D('',#12364,#6415,#6416);
#5384=AXIS2_PLACEMENT_3D('',#12366,#6417,#6418);
#5385=AXIS2_PLACEMENT_3D('',#12367,#6419,#6420);
#5386=AXIS2_PLACEMENT_3D('',#12368,#6421,#6422);
#5387=AXIS2_PLACEMENT_3D('',#12369,#6423,#6424);
#5388=AXIS2_PLACEMENT_3D('',#12371,#6426,#6427);
#5389=AXIS2_PLACEMENT_3D('',#12372,#6428,#6429);
#5390=AXIS2_PLACEMENT_3D('',#12373,#6430,#6431);
#5391=AXIS2_PLACEMENT_3D('',#12374,#6432,#6433);
#5392=AXIS2_PLACEMENT_3D('',#12375,#6434,#6435);
#5393=AXIS2_PLACEMENT_3D('',#12376,#6436,#6437);
#5394=AXIS2_PLACEMENT_3D('',#12377,#6438,#6439);
#5395=AXIS2_PLACEMENT_3D('',#12378,#6440,#6441);
#5396=AXIS2_PLACEMENT_3D('',#12381,#6443,#6444);
#5397=AXIS2_PLACEMENT_3D('',#12407,#6445,#6446);
#5398=AXIS2_PLACEMENT_3D('',#12434,#6447,#6448);
#5399=AXIS2_PLACEMENT_3D('',#12480,#6450,#6451);
#5400=AXIS2_PLACEMENT_3D('',#12512,#6452,#6453);
#5401=AXIS2_PLACEMENT_3D('',#12578,#6454,#6455);
#5402=AXIS2_PLACEMENT_3D('',#12684,#6456,#6457);
#5403=AXIS2_PLACEMENT_3D('',#12712,#6458,#6459);
#5404=AXIS2_PLACEMENT_3D('',#12748,#6460,#6461);
#5405=AXIS2_PLACEMENT_3D('',#12785,#6462,#6463);
#5406=AXIS2_PLACEMENT_3D('',#12817,#6464,#6465);
#5407=AXIS2_PLACEMENT_3D('',#12861,#6466,#6467);
#5408=AXIS2_PLACEMENT_3D('',#13073,#6469,#6470);
#5409=AXIS2_PLACEMENT_3D('',#13177,#6471,#6472);
#5410=AXIS2_PLACEMENT_3D('',#13180,#6474,#6475);
#5411=AXIS2_PLACEMENT_3D('',#13181,#6476,#6477);
#5412=AXIS2_PLACEMENT_3D('',#13182,#6478,#6479);
#5413=AXIS2_PLACEMENT_3D('',#13183,#6480,#6481);
#5414=AXIS2_PLACEMENT_3D('',#13184,#6482,#6483);
#5415=AXIS2_PLACEMENT_3D('',#13187,#6485,#6486);
#5416=AXIS2_PLACEMENT_3D('',#13188,#6487,#6488);
#5417=AXIS2_PLACEMENT_3D('',#13189,#6489,#6490);
#5418=AXIS2_PLACEMENT_3D('',#13190,#6491,#6492);
#5419=AXIS2_PLACEMENT_3D('',#13191,#6493,#6494);
#5420=AXIS2_PLACEMENT_3D('',#13192,#6495,#6496);
#5421=AXIS2_PLACEMENT_3D('',#13194,#6497,#6498);
#5422=AXIS2_PLACEMENT_3D('',#13196,#6499,#6500);
#5423=AXIS2_PLACEMENT_3D('',#13198,#6501,#6502);
#5424=AXIS2_PLACEMENT_3D('',#13199,#6503,#6504);
#5425=AXIS2_PLACEMENT_3D('',#13200,#6505,#6506);
#5426=AXIS2_PLACEMENT_3D('',#13202,#6507,#6508);
#5427=AXIS2_PLACEMENT_3D('',#13204,#6509,#6510);
#5428=AXIS2_PLACEMENT_3D('',#13206,#6511,#6512);
#5429=AXIS2_PLACEMENT_3D('',#13208,#6513,#6514);
#5430=AXIS2_PLACEMENT_3D('',#13210,#6515,#6516);
#5431=AXIS2_PLACEMENT_3D('',#13211,#6517,#6518);
#5432=AXIS2_PLACEMENT_3D('',#13215,#6520,#6521);
#5433=AXIS2_PLACEMENT_3D('',#13216,#6522,#6523);
#5434=AXIS2_PLACEMENT_3D('',#13217,#6524,#6525);
#5435=AXIS2_PLACEMENT_3D('',#13219,#6526,#6527);
#5436=AXIS2_PLACEMENT_3D('',#13221,#6528,#6529);
#5437=AXIS2_PLACEMENT_3D('',#13222,#6530,#6531);
#5438=AXIS2_PLACEMENT_3D('',#13223,#6532,#6533);
#5439=AXIS2_PLACEMENT_3D('',#13227,#6535,#6536);
#5440=AXIS2_PLACEMENT_3D('',#13228,#6537,#6538);
#5441=AXIS2_PLACEMENT_3D('',#13229,#6539,#6540);
#5442=AXIS2_PLACEMENT_3D('',#13231,#6541,#6542);
#5443=AXIS2_PLACEMENT_3D('',#13233,#6543,#6544);
#5444=AXIS2_PLACEMENT_3D('',#13234,#6545,#6546);
#5445=AXIS2_PLACEMENT_3D('',#13235,#6547,#6548);
#5446=AXIS2_PLACEMENT_3D('',#13239,#6550,#6551);
#5447=AXIS2_PLACEMENT_3D('',#13240,#6552,#6553);
#5448=AXIS2_PLACEMENT_3D('',#13241,#6554,#6555);
#5449=AXIS2_PLACEMENT_3D('',#13243,#6556,#6557);
#5450=AXIS2_PLACEMENT_3D('',#13245,#6558,#6559);
#5451=AXIS2_PLACEMENT_3D('',#13246,#6560,#6561);
#5452=AXIS2_PLACEMENT_3D('',#13247,#6562,#6563);
#5453=AXIS2_PLACEMENT_3D('',#13251,#6565,#6566);
#5454=AXIS2_PLACEMENT_3D('',#13252,#6567,#6568);
#5455=AXIS2_PLACEMENT_3D('',#13253,#6569,#6570);
#5456=AXIS2_PLACEMENT_3D('',#13256,#6571,#6572);
#5457=AXIS2_PLACEMENT_3D('',#13257,#6573,#6574);
#5458=AXIS2_PLACEMENT_3D('',#13258,#6575,#6576);
#5459=AXIS2_PLACEMENT_3D('',#13259,#6577,#6578);
#5460=AXIS2_PLACEMENT_3D('',#13261,#6580,#6581);
#5461=AXIS2_PLACEMENT_3D('',#13262,#6582,#6583);
#5462=AXIS2_PLACEMENT_3D('',#13263,#6584,#6585);
#5463=AXIS2_PLACEMENT_3D('',#13264,#6586,#6587);
#5464=AXIS2_PLACEMENT_3D('',#13265,#6588,#6589);
#5465=AXIS2_PLACEMENT_3D('',#13266,#6590,#6591);
#5466=AXIS2_PLACEMENT_3D('',#13267,#6592,#6593);
#5467=AXIS2_PLACEMENT_3D('',#13268,#6594,#6595);
#5468=AXIS2_PLACEMENT_3D('',#13269,#6596,#6597);
#5469=AXIS2_PLACEMENT_3D('',#13270,#6598,#6599);
#5470=AXIS2_PLACEMENT_3D('',#13271,#6600,#6601);
#5471=AXIS2_PLACEMENT_3D('',#13273,#6602,#6603);
#5472=AXIS2_PLACEMENT_3D('',#13275,#6604,#6605);
#5473=AXIS2_PLACEMENT_3D('',#13277,#6606,#6607);
#5474=AXIS2_PLACEMENT_3D('',#13278,#6608,#6609);
#5475=AXIS2_PLACEMENT_3D('',#13279,#6610,#6611);
#5476=AXIS2_PLACEMENT_3D('',#13282,#6612,#6613);
#5477=AXIS2_PLACEMENT_3D('',#13284,#6615,#6616);
#5478=AXIS2_PLACEMENT_3D('',#13285,#6617,#6618);
#5479=AXIS2_PLACEMENT_3D('',#13286,#6619,#6620);
#5480=AXIS2_PLACEMENT_3D('',#13287,#6621,#6622);
#5481=AXIS2_PLACEMENT_3D('',#13288,#6623,#6624);
#5482=AXIS2_PLACEMENT_3D('',#13290,#6625,#6626);
#5483=AXIS2_PLACEMENT_3D('',#13292,#6627,#6628);
#5484=AXIS2_PLACEMENT_3D('',#13294,#6629,#6630);
#5485=AXIS2_PLACEMENT_3D('',#13295,#6631,#6632);
#5486=AXIS2_PLACEMENT_3D('',#13296,#6633,#6634);
#5487=AXIS2_PLACEMENT_3D('',#13299,#6635,#6636);
#5488=AXIS2_PLACEMENT_3D('',#13301,#6638,#6639);
#5489=AXIS2_PLACEMENT_3D('',#13302,#6640,#6641);
#5490=AXIS2_PLACEMENT_3D('',#13303,#6642,#6643);
#5491=AXIS2_PLACEMENT_3D('',#13304,#6644,#6645);
#5492=AXIS2_PLACEMENT_3D('',#13305,#6646,#6647);
#5493=AXIS2_PLACEMENT_3D('',#13307,#6648,#6649);
#5494=AXIS2_PLACEMENT_3D('',#13309,#6650,#6651);
#5495=AXIS2_PLACEMENT_3D('',#13311,#6652,#6653);
#5496=AXIS2_PLACEMENT_3D('',#13312,#6654,#6655);
#5497=AXIS2_PLACEMENT_3D('',#13313,#6656,#6657);
#5498=AXIS2_PLACEMENT_3D('',#13316,#6658,#6659);
#5499=AXIS2_PLACEMENT_3D('',#13318,#6661,#6662);
#5500=AXIS2_PLACEMENT_3D('',#13319,#6663,#6664);
#5501=AXIS2_PLACEMENT_3D('',#13320,#6665,#6666);
#5502=AXIS2_PLACEMENT_3D('',#13321,#6667,#6668);
#5503=AXIS2_PLACEMENT_3D('',#13322,#6669,#6670);
#5504=AXIS2_PLACEMENT_3D('',#13324,#6671,#6672);
#5505=AXIS2_PLACEMENT_3D('',#13326,#6673,#6674);
#5506=AXIS2_PLACEMENT_3D('',#13328,#6675,#6676);
#5507=AXIS2_PLACEMENT_3D('',#13329,#6677,#6678);
#5508=AXIS2_PLACEMENT_3D('',#13330,#6679,#6680);
#5509=AXIS2_PLACEMENT_3D('',#13333,#6681,#6682);
#5510=AXIS2_PLACEMENT_3D('',#13335,#6684,#6685);
#5511=AXIS2_PLACEMENT_3D('',#13336,#6686,#6687);
#5512=AXIS2_PLACEMENT_3D('',#13337,#6688,#6689);
#5513=AXIS2_PLACEMENT_3D('',#13338,#6690,#6691);
#5514=AXIS2_PLACEMENT_3D('',#13339,#6692,#6693);
#5515=AXIS2_PLACEMENT_3D('',#13342,#6694,#6695);
#5516=AXIS2_PLACEMENT_3D('',#13343,#6696,#6697);
#5517=AXIS2_PLACEMENT_3D('',#13344,#6698,#6699);
#5518=AXIS2_PLACEMENT_3D('',#13345,#6700,#6701);
#5519=AXIS2_PLACEMENT_3D('',#13349,#6703,#6704);
#5520=AXIS2_PLACEMENT_3D('',#13350,#6705,#6706);
#5521=AXIS2_PLACEMENT_3D('',#13351,#6707,#6708);
#5522=AXIS2_PLACEMENT_3D('',#13352,#6709,#6710);
#5523=AXIS2_PLACEMENT_3D('',#13353,#6711,#6712);
#5524=AXIS2_PLACEMENT_3D('',#13355,#6713,#6714);
#5525=AXIS2_PLACEMENT_3D('',#13356,#6715,#6716);
#5526=AXIS2_PLACEMENT_3D('',#13357,#6717,#6718);
#5527=AXIS2_PLACEMENT_3D('',#13358,#6719,#6720);
#5528=AXIS2_PLACEMENT_3D('',#13359,#6721,#6722);
#5529=AXIS2_PLACEMENT_3D('',#13360,#6723,#6724);
#5530=AXIS2_PLACEMENT_3D('',#13361,#6725,#6726);
#5531=AXIS2_PLACEMENT_3D('',#13362,#6727,#6728);
#5532=AXIS2_PLACEMENT_3D('',#13363,#6729,#6730);
#5533=AXIS2_PLACEMENT_3D('',#13364,#6731,#6732);
#5534=AXIS2_PLACEMENT_3D('',#13365,#6733,#6734);
#5535=AXIS2_PLACEMENT_3D('',#13366,#6735,#6736);
#5536=AXIS2_PLACEMENT_3D('',#13368,#6737,#6738);
#5537=AXIS2_PLACEMENT_3D('',#13369,#6739,#6740);
#5538=AXIS2_PLACEMENT_3D('',#13370,#6741,#6742);
#5539=AXIS2_PLACEMENT_3D('',#13372,#6744,#6745);
#5540=AXIS2_PLACEMENT_3D('',#13374,#6746,#6747);
#5541=AXIS2_PLACEMENT_3D('',#13375,#6748,#6749);
#5542=AXIS2_PLACEMENT_3D('',#13376,#6750,#6751);
#5543=AXIS2_PLACEMENT_3D('',#13377,#6752,#6753);
#5544=AXIS2_PLACEMENT_3D('',#13379,#6755,#6756);
#5545=AXIS2_PLACEMENT_3D('',#13380,#6757,#6758);
#5546=AXIS2_PLACEMENT_3D('',#13382,#6759,#6760);
#5547=AXIS2_PLACEMENT_3D('',#13383,#6761,#6762);
#5548=AXIS2_PLACEMENT_3D('',#13384,#6763,#6764);
#5549=AXIS2_PLACEMENT_3D('',#13386,#6766,#6767);
#5550=AXIS2_PLACEMENT_3D('',#13388,#6769,#6770);
#5551=AXIS2_PLACEMENT_3D('',#13390,#6772,#6773);
#5552=AXIS2_PLACEMENT_3D('',#13391,#6774,#6775);
#5553=AXIS2_PLACEMENT_3D('',#13392,#6776,#6777);
#5554=AXIS2_PLACEMENT_3D('',#13394,#6779,#6780);
#5555=AXIS2_PLACEMENT_3D('',#13396,#6782,#6783);
#5556=AXIS2_PLACEMENT_3D('',#13397,#6784,#6785);
#5557=AXIS2_PLACEMENT_3D('',#13398,#6786,#6787);
#5558=AXIS2_PLACEMENT_3D('',#13399,#6788,#6789);
#5559=AXIS2_PLACEMENT_3D('',#13400,#6790,#6791);
#5560=AXIS2_PLACEMENT_3D('',#13401,#6792,#6793);
#5561=DIRECTION('axis',(0.,0.,1.));
#5562=DIRECTION('refdir',(1.,0.,0.));
#5563=DIRECTION('center_axis',(0.,-1.,0.));
#5564=DIRECTION('ref_axis',(-0.999982888888902,0.,0.00584995123103068));
#5565=DIRECTION('',(0.,1.,0.));
#5566=DIRECTION('center_axis',(0.,-1.,0.));
#5567=DIRECTION('ref_axis',(-0.969116839495411,0.,-0.246602010142709));
#5568=DIRECTION('center_axis',(0.,-1.,0.));
#5569=DIRECTION('ref_axis',(1.,0.,0.));
#5570=DIRECTION('',(0.,1.,0.));
#5571=DIRECTION('center_axis',(0.,-1.,0.));
#5572=DIRECTION('ref_axis',(1.,0.,0.));
#5573=DIRECTION('center_axis',(0.,-1.,0.));
#5574=DIRECTION('ref_axis',(-0.969116839495411,0.,-0.246602010142709));
#5575=DIRECTION('',(0.,-1.,0.));
#5576=DIRECTION('center_axis',(0.,-1.,0.));
#5577=DIRECTION('ref_axis',(0.,0.,-1.));
#5578=DIRECTION('center_axis',(0.,1.,0.));
#5579=DIRECTION('ref_axis',(-1.,0.,-6.12323399573677E-17));
#5580=DIRECTION('center_axis',(-1.,0.,-1.22464679914735E-16));
#5581=DIRECTION('ref_axis',(-1.22464679914735E-16,0.,1.));
#5582=DIRECTION('center_axis',(0.,-1.,0.));
#5583=DIRECTION('ref_axis',(-1.,0.,0.));
#5584=DIRECTION('center_axis',(0.,-1.,0.));
#5585=DIRECTION('ref_axis',(-1.,0.,0.));
#5586=DIRECTION('center_axis',(0.,1.,0.));
#5587=DIRECTION('ref_axis',(-1.,0.,-6.12323399573677E-17));
#5588=DIRECTION('center_axis',(0.,1.,0.));
#5589=DIRECTION('ref_axis',(-1.,0.,0.));
#5590=DIRECTION('center_axis',(0.,-1.,0.));
#5591=DIRECTION('ref_axis',(-1.,0.,-6.12323399573677E-17));
#5592=DIRECTION('',(0.447213595499958,0.894427190999916,5.47678698264203E-17));
#5593=DIRECTION('center_axis',(0.,-1.,0.));
#5594=DIRECTION('ref_axis',(-1.,0.,-6.12323399573677E-17));
#5595=DIRECTION('center_axis',(0.,-1.,0.));
#5596=DIRECTION('ref_axis',(1.,0.,0.));
#5597=DIRECTION('',(0.,1.,0.));
#5598=DIRECTION('center_axis',(0.,1.,0.));
#5599=DIRECTION('ref_axis',(-1.,0.,-1.22464679914735E-16));
#5600=DIRECTION('',(0.,-1.,0.));
#5601=DIRECTION('center_axis',(0.,1.,0.));
#5602=DIRECTION('ref_axis',(1.,0.,2.77555756156289E-17));
#5603=DIRECTION('',(0.,-1.,0.));
#5604=DIRECTION('center_axis',(0.,1.,0.));
#5605=DIRECTION('ref_axis',(-1.,0.,-1.22464679914735E-16));
#5606=DIRECTION('center_axis',(0.,1.,0.));
#5607=DIRECTION('ref_axis',(0.,0.,1.));
#5608=DIRECTION('center_axis',(-1.,0.,1.22464679914735E-16));
#5609=DIRECTION('ref_axis',(-1.22464679914735E-16,0.,-1.));
#5610=DIRECTION('center_axis',(0.,1.,0.));
#5611=DIRECTION('ref_axis',(-1.,0.,0.));
#5612=DIRECTION('center_axis',(0.,-1.,0.));
#5613=DIRECTION('ref_axis',(0.,0.,-1.));
#5614=DIRECTION('center_axis',(0.,-1.,0.));
#5615=DIRECTION('ref_axis',(-1.,0.,1.22464679914735E-16));
#5616=DIRECTION('center_axis',(0.48349268565253,0.254831889060236,-0.837433896638114));
#5617=DIRECTION('ref_axis',(0.866025403784439,0.,0.499999999999999));
#5618=DIRECTION('center_axis',(0.483416865930768,0.255406607069386,-0.837302573027802));
#5619=DIRECTION('ref_axis',(0.866025403784438,0.,0.5));
#5620=DIRECTION('center_axis',(0.,1.,0.));
#5621=DIRECTION('ref_axis',(0.866025403784438,0.,0.500000000000002));
#5622=DIRECTION('center_axis',(-0.482662208186949,0.261053196020267,0.835995467473181));
#5623=DIRECTION('ref_axis',(0.866025403784438,0.,0.5));
#5624=DIRECTION('center_axis',(-0.482621668466072,0.261352827625992,0.835925250616898));
#5625=DIRECTION('ref_axis',(0.866025403784438,0.,0.5));
#5626=DIRECTION('center_axis',(-0.866025403784438,2.82185267944524E-17,
-0.5));
#5627=DIRECTION('ref_axis',(-0.5,0.,0.866025403784439));
#5628=DIRECTION('center_axis',(0.124877432918841,-0.694864718950939,0.708215114993201));
#5629=DIRECTION('ref_axis',(-0.98480775301221,0.,0.173648177666919));
#5630=DIRECTION('center_axis',(0.168105827343002,-0.250630293731346,0.953375522382164));
#5631=DIRECTION('ref_axis',(-0.984807753012208,0.,0.173648177666929));
#5632=DIRECTION('center_axis',(-0.168117368150086,0.25037344204075,-0.953440973551565));
#5633=DIRECTION('ref_axis',(0.156084331461045,-0.948244894886132,-0.2765308315446));
#5634=DIRECTION('center_axis',(0.,-1.,0.));
#5635=DIRECTION('ref_axis',(-0.984807753012208,0.,0.173648177666929));
#5636=DIRECTION('center_axis',(-0.168313274268825,-0.245969708302141,-0.954552012361122));
#5637=DIRECTION('ref_axis',(-0.984807753012208,0.,0.173648177666929));
#5638=DIRECTION('center_axis',(-0.16830955706789,-0.246054048200694,-0.954530931067014));
#5639=DIRECTION('ref_axis',(-0.984807752979404,-7.44138084485257E-10,0.17364817785297));
#5640=DIRECTION('center_axis',(-0.0651715538289738,-0.223433575336938,-0.972537971486805));
#5641=DIRECTION('ref_axis',(-0.970034454638372,-0.214421405385788,0.114265557920223));
#5642=DIRECTION('center_axis',(0.984807753012208,6.15168248464795E-17,-0.173648177666931));
#5643=DIRECTION('ref_axis',(-0.173648177666931,0.,-0.984807753012208));
#5644=DIRECTION('center_axis',(-0.167544813864093,-0.262793397507118,-0.950193856838652));
#5645=DIRECTION('ref_axis',(0.984807753012208,0.,-0.173648177666933));
#5646=DIRECTION('center_axis',(0.392324502159766,-0.223402037587204,0.892285276471027));
#5647=DIRECTION('ref_axis',(0.124455952874379,-0.948244894552287,-0.292134105762495));
#5648=DIRECTION('center_axis',(0.292428803964303,-0.246053974355579,0.924090274981742));
#5649=DIRECTION('ref_axis',(0.1281432970641,-0.947533561805094,-0.292847135329159));
#5650=DIRECTION('center_axis',(0.29243525691952,-0.245969708302143,0.924110666050432));
#5651=DIRECTION('ref_axis',(0.133445217398143,-0.946403038071786,-0.294132051096197));
#5652=DIRECTION('center_axis',(0.,-1.,0.));
#5653=DIRECTION('ref_axis',(-0.290400378402832,0.,-0.956905230534086));
#5654=DIRECTION('center_axis',(-0.29207482904885,-0.250630293731341,-0.922971695178258));
#5655=DIRECTION('ref_axis',(-0.274562808755897,0.946403038071745,-0.170107476545401));
#5656=DIRECTION('center_axis',(-0.292094880580405,-0.250373442037287,-0.923035059063912));
#5657=DIRECTION('ref_axis',(-0.266317465883331,0.948244894554625,-0.17293532697679));
#5658=DIRECTION('center_axis',(0.216828171002204,0.695343437264769,0.685188330689202));
#5659=DIRECTION('ref_axis',(0.953401529495128,0.,-0.301704364496689));
#5660=DIRECTION('center_axis',(0.291916694972301,0.252646162289411,0.922471983247666));
#5661=DIRECTION('ref_axis',(-0.953401529495122,0.,0.301704364496706));
#5662=DIRECTION('center_axis',(0.953401529495123,6.15168248464795E-17,-0.301704364496704));
#5663=DIRECTION('ref_axis',(-0.301704364496704,0.,-0.953401529495123));
#5664=DIRECTION('center_axis',(-0.291100098317994,0.262793397507116,-0.919891495224258));
#5665=DIRECTION('ref_axis',(-0.953401529495124,0.,0.301704364496702));
#5666=DIRECTION('center_axis',(0.106448068516763,-0.223417806925071,-0.968892817734677));
#5667=DIRECTION('ref_axis',(-0.253849312333892,-0.948244894552042,0.190767257629807));
#5668=DIRECTION('center_axis',(0.208794362439869,-0.246054011298891,-0.946500046348152));
#5669=DIRECTION('ref_axis',(-0.257396600949651,-0.947534055495355,0.189542088983138));
#5670=DIRECTION('center_axis',(0.208798971570625,-0.245969708303182,-0.946520941167335));
#5671=DIRECTION('ref_axis',(-0.262632973829033,-0.946403038071443,0.18800321961834));
#5672=DIRECTION('center_axis',(4.78355592802953E-15,-1.,-2.16846655185446E-14));
#5673=DIRECTION('ref_axis',(-0.226958510301572,-2.22044604925031E-14,0.97390442785814));
#5674=DIRECTION('center_axis',(-0.208541625826769,-0.250630293732383,0.94535434952252));
#5675=DIRECTION('ref_axis',(0.152724629044034,0.946403038071494,0.284598800440915));
#5676=DIRECTION('center_axis',(-0.208555942633887,-0.250373442038272,0.945419250022972));
#5677=DIRECTION('ref_axis',(0.144170027449088,0.948244894552108,0.282925119318153));
#5678=DIRECTION('center_axis',(0.154865319061832,0.695104141735055,-0.702030601252289));
#5679=DIRECTION('ref_axis',(-0.976522126798067,0.,-0.215417120660777));
#5680=DIRECTION('center_axis',(0.208428717989029,0.252646162289424,-0.944842519258038));
#5681=DIRECTION('ref_axis',(0.976522126798067,0.,0.215417120660777));
#5682=DIRECTION('center_axis',(-0.976522126798067,1.31774480422791E-16,
-0.215417120660777));
#5683=DIRECTION('ref_axis',(-0.215417120660777,0.,0.976522126798067));
#5684=DIRECTION('center_axis',(-0.207845667424598,0.262793397507131,0.942199452748452));
#5685=DIRECTION('ref_axis',(0.976522126798067,0.,0.215417120660777));
#5686=DIRECTION('center_axis',(0.245881378690921,-0.695104141735109,-0.675553535817666));
#5687=DIRECTION('ref_axis',(0.939692620785914,2.22044604925034E-14,0.342020143325654));
#5688=DIRECTION('center_axis',(0.331103844187751,-0.250630293732389,-0.90970033540046));
#5689=DIRECTION('ref_axis',(0.939692620785907,0.,0.342020143325671));
#5690=DIRECTION('center_axis',(-0.331126575140646,0.250373442038298,0.90976278818026));
#5691=DIRECTION('ref_axis',(-0.273438413495794,-0.948244894552337,0.161440558659623));
#5692=DIRECTION('center_axis',(7.59490461618137E-15,-1.,-2.08668289358698E-14));
#5693=DIRECTION('ref_axis',(0.939692620785907,0.,0.342020143325671));
#5694=DIRECTION('center_axis',(-0.331512434869532,-0.245969708303178,0.910822929072454));
#5695=DIRECTION('ref_axis',(0.939692620785907,0.,0.342020143325671));
#5696=DIRECTION('center_axis',(-0.331505116620346,-0.246054011260765,0.910802822347965));
#5697=DIRECTION('ref_axis',(0.939692620850274,-7.41473549226161E-10,0.342020143148826));
#5698=DIRECTION('center_axis',(-0.429892487420183,-0.223417806924968,0.874801081851483));
#5699=DIRECTION('ref_axis',(0.897163257055904,-0.214563379326105,0.38608372983202));
#5700=DIRECTION('center_axis',(-0.939692620785908,1.31774480422791E-16,
-0.342020143325669));
#5701=DIRECTION('ref_axis',(-0.342020143325669,0.,0.939692620785908));
#5702=DIRECTION('center_axis',(-0.329998863340689,-0.262793397507122,0.906664425474231));
#5703=DIRECTION('ref_axis',(-0.939692620785908,0.,-0.34202014332567));
#5704=DIRECTION('center_axis',(-1.91391764574442E-15,1.,8.67611137037634E-15));
#5705=DIRECTION('ref_axis',(0.976522126798067,0.,0.215417120660776));
#5706=DIRECTION('center_axis',(0.330924579165879,-0.252646162289421,-0.909207808800779));
#5707=DIRECTION('ref_axis',(-0.939692620785909,0.,-0.342020143325668));
#5708=DIRECTION('center_axis',(0.,-1.,0.));
#5709=DIRECTION('ref_axis',(-0.939692620785908,0.,-0.342020143325671));
#5710=DIRECTION('center_axis',(-0.22644805331495,0.,0.974023243639427));
#5711=DIRECTION('ref_axis',(0.313719046591471,-0.946710485537536,0.0729357003052787));
#5712=DIRECTION('center_axis',(-0.796163327215356,2.6871028807376E-15,-0.6050817766198));
#5713=DIRECTION('ref_axis',(0.,1.,4.44089209850064E-15));
#5714=DIRECTION('center_axis',(-0.344311438831425,0.,0.93885549105804));
#5715=DIRECTION('ref_axis',(0.310173223210001,-0.943850187007225,0.113751466319979));
#5716=DIRECTION('center_axis',(0.0117849086379209,0.,0.999930555552932));
#5717=DIRECTION('ref_axis',(0.999930555552932,0.,-0.0117849086379209));
#5718=DIRECTION('center_axis',(-0.388846413873138,0.,0.921302592212787));
#5719=DIRECTION('ref_axis',(0.304374205934849,0.943850187007227,0.128464653691015));
#5720=DIRECTION('center_axis',(0.690854009547138,-3.06800811221537E-15,
-0.722994285933605));
#5721=DIRECTION('ref_axis',(4.44089209850064E-15,1.,0.));
#5722=DIRECTION('center_axis',(-0.499009104632097,0.,0.866596742143814));
#5723=DIRECTION('ref_axis',(0.279118496914715,0.946710485537536,0.160723742033817));
#5724=DIRECTION('center_axis',(-0.999181531816632,5.54657171201531E-16,
0.040450790802752));
#5725=DIRECTION('ref_axis',(0.0396344919510044,0.199882113565267,0.979018001736673));
#5726=DIRECTION('center_axis',(0.,-1.,0.));
#5727=DIRECTION('ref_axis',(0.,0.,-1.));
#5728=DIRECTION('center_axis',(0.,1.,0.));
#5729=DIRECTION('ref_axis',(-0.969116839495411,0.,-0.246602010142709));
#5730=DIRECTION('center_axis',(-0.314968328308769,0.,-0.949102182150257));
#5731=DIRECTION('ref_axis',(-0.305692326796553,-0.946710485537536,0.101446823069979));
#5732=DIRECTION('center_axis',(0.994902237033822,1.10456337080603E-15,0.100844130940265));
#5733=DIRECTION('ref_axis',(-1.11022302462516E-15,1.,0.));
#5734=DIRECTION('center_axis',(-0.196068963548014,0.,-0.980590108828968));
#5735=DIRECTION('ref_axis',(-0.323961246006621,-0.943850187007227,0.0647760416532206));
#5736=DIRECTION('center_axis',(-0.531726568480473,0.,-0.846916085791255));
#5737=DIRECTION('ref_axis',(-0.846916085791255,0.,0.531726568480473));
#5738=DIRECTION('center_axis',(0.,-1.,0.));
#5739=DIRECTION('ref_axis',(0.,0.,-1.));
#5740=DIRECTION('center_axis',(0.966576366026943,0.,-0.256378877129434));
#5741=DIRECTION('ref_axis',(-0.256378877129434,0.,-0.966576366026943));
#5742=DIRECTION('center_axis',(0.,1.,0.));
#5743=DIRECTION('ref_axis',(0.969116839495412,0.,0.246602010142708));
#5744=DIRECTION('center_axis',(0.,-1.,0.));
#5745=DIRECTION('ref_axis',(0.969116839495412,0.,0.246602010142708));
#5746=DIRECTION('center_axis',(0.812385743715306,-2.48030573326241E-15,
-0.583120402153902));
#5747=DIRECTION('ref_axis',(-0.192647682607438,0.943850187007216,-0.268390936643596));
#5748=DIRECTION('center_axis',(0.87782761320071,-9.74584427827178E-16,-0.478976702463016));
#5749=DIRECTION('ref_axis',(-0.154271589941511,0.946710485537522,-0.282735800899404));
#5750=DIRECTION('center_axis',(0.890485980516621,-3.95455215470186E-15,
0.45501067954868));
#5751=DIRECTION('ref_axis',(0.440589270908835,0.249769429496712,-0.862262330412798));
#5752=DIRECTION('center_axis',(0.,1.,0.));
#5753=DIRECTION('ref_axis',(0.,0.,1.));
#5754=DIRECTION('center_axis',(0.,-1.,0.));
#5755=DIRECTION('ref_axis',(-1.,0.,1.22464679914735E-16));
#5756=DIRECTION('center_axis',(0.,-1.,0.));
#5757=DIRECTION('ref_axis',(-1.,0.,1.22464679914735E-16));
#5758=DIRECTION('center_axis',(0.,1.,0.));
#5759=DIRECTION('ref_axis',(0.,0.,1.));
#5760=DIRECTION('center_axis',(0.,-1.,0.));
#5761=DIRECTION('ref_axis',(-1.,0.,1.22464679914735E-16));
#5762=DIRECTION('center_axis',(0.866025403784439,0.,0.5));
#5763=DIRECTION('ref_axis',(-0.5,0.,0.866025403784439));
#5764=DIRECTION('',(0.482962913144534,-0.258819045102521,-0.836516303737808));
#5765=DIRECTION('center_axis',(-0.866025403784439,0.,-0.5));
#5766=DIRECTION('ref_axis',(-0.5,0.,0.866025403784439));
#5767=DIRECTION('center_axis',(0.353549899656777,-0.758027320967925,0.548084892255637));
#5768=DIRECTION('ref_axis',(-0.924110360454346,-0.37386137587534,0.0790424780073103));
#5769=DIRECTION('center_axis',(-0.503292587588557,0.625809332064632,-0.595868484801163));
#5770=DIRECTION('ref_axis',(-0.262104378694442,-0.767641929819738,-0.584830883462757));
#5771=DIRECTION('center_axis',(-0.181266053684446,0.,-0.983434094274582));
#5772=DIRECTION('ref_axis',(0.,-1.,0.));
#5773=DIRECTION('center_axis',(0.,-1.,0.));
#5774=DIRECTION('ref_axis',(0.,0.,-1.));
#5775=DIRECTION('center_axis',(0.181266053684459,2.72957793666256E-15,-0.98343409427458));
#5776=DIRECTION('ref_axis',(0.,-1.,-2.77555756156289E-15));
#5777=DIRECTION('center_axis',(0.,1.,0.));
#5778=DIRECTION('ref_axis',(-1.,0.,-1.22464679914735E-16));
#5779=DIRECTION('center_axis',(0.,1.,0.));
#5780=DIRECTION('ref_axis',(-1.,0.,-1.22464679914735E-16));
#5781=DIRECTION('center_axis',(0.,-1.,0.));
#5782=DIRECTION('ref_axis',(-1.,0.,-1.22464679914735E-16));
#5783=DIRECTION('center_axis',(0.503292587524417,-0.62580933213444,-0.595868484782022));
#5784=DIRECTION('ref_axis',(-0.262104378690275,-0.767641929761087,0.584830883541609));
#5785=DIRECTION('center_axis',(0.353549898745913,-0.758027321479907,-0.548084892135107));
#5786=DIRECTION('ref_axis',(-0.221775984141065,-0.637147457888506,0.738145331059187));
#5787=DIRECTION('center_axis',(0.,-1.,0.));
#5788=DIRECTION('ref_axis',(-0.860180557660702,0.,-0.509989615798718));
#5789=DIRECTION('center_axis',(0.,-1.,0.));
#5790=DIRECTION('ref_axis',(-0.860180557660702,0.,0.509989615798718));
#5791=DIRECTION('center_axis',(0.,-1.,0.));
#5792=DIRECTION('ref_axis',(0.,0.,-1.));
#5793=DIRECTION('center_axis',(0.,1.,0.));
#5794=DIRECTION('ref_axis',(-0.860180557660702,0.,0.509989615798718));
#5795=DIRECTION('center_axis',(-0.957707509874922,0.,-0.287743506493502));
#5796=DIRECTION('ref_axis',(0.,1.,0.));
#5797=DIRECTION('center_axis',(0.,1.,0.));
#5798=DIRECTION('ref_axis',(0.,0.,1.));
#5799=DIRECTION('center_axis',(0.,1.,0.));
#5800=DIRECTION('ref_axis',(-0.860180557660702,0.,-0.509989615798718));
#5801=DIRECTION('center_axis',(0.,-1.,0.));
#5802=DIRECTION('ref_axis',(1.,0.,-1.19799803942445E-16));
#5803=DIRECTION('center_axis',(0.,1.,0.));
#5804=DIRECTION('ref_axis',(0.,0.,1.));
#5805=DIRECTION('center_axis',(0.95770750987492,0.,-0.287743506493508));
#5806=DIRECTION('ref_axis',(0.,1.,0.));
#5807=DIRECTION('center_axis',(0.207071894027012,1.46853182165323E-14,0.978325728325728));
#5808=DIRECTION('ref_axis',(0.978325728325728,0.,-0.207071894027012));
#5809=DIRECTION('center_axis',(0.,-1.,0.));
#5810=DIRECTION('ref_axis',(1.,0.,1.83697019872103E-16));
#5811=DIRECTION('center_axis',(0.,1.,0.));
#5812=DIRECTION('ref_axis',(1.,0.,6.12323399573677E-17));
#5813=DIRECTION('center_axis',(0.207071894026994,8.75850817398559E-15,-0.978325728325732));
#5814=DIRECTION('ref_axis',(0.838907391081888,0.514495755427524,0.177562684242049));
#5815=DIRECTION('center_axis',(0.,-1.,0.));
#5816=DIRECTION('ref_axis',(1.,0.,0.));
#5817=DIRECTION('center_axis',(0.,1.,0.));
#5818=DIRECTION('ref_axis',(0.,0.,1.));
#5819=DIRECTION('center_axis',(0.,1.,0.));
#5820=DIRECTION('ref_axis',(1.,0.,-1.19799803942445E-16));
#5821=DIRECTION('center_axis',(0.,1.,0.));
#5822=DIRECTION('ref_axis',(-0.860180557660701,0.,-0.509989615798719));
#5823=DIRECTION('',(0.,-1.,0.));
#5824=DIRECTION('center_axis',(0.,1.,0.));
#5825=DIRECTION('ref_axis',(-0.978325728325728,0.,0.20707189402701));
#5826=DIRECTION('',(0.,1.,0.));
#5827=DIRECTION('center_axis',(0.,-1.,0.));
#5828=DIRECTION('ref_axis',(1.,0.,0.));
#5829=DIRECTION('',(0.,1.,0.));
#5830=DIRECTION('center_axis',(0.,1.,0.));
#5831=DIRECTION('ref_axis',(1.,0.,2.44929359829471E-16));
#5832=DIRECTION('center_axis',(0.,1.,0.));
#5833=DIRECTION('ref_axis',(1.,0.,0.));
#5834=DIRECTION('',(-0.514495755427527,0.857492925712544,-6.30075580059221E-17));
#5835=DIRECTION('center_axis',(0.,-1.,0.));
#5836=DIRECTION('ref_axis',(1.,0.,0.));
#5837=DIRECTION('center_axis',(0.,-1.,0.));
#5838=DIRECTION('ref_axis',(1.,0.,0.));
#5839=DIRECTION('center_axis',(0.,0.,1.));
#5840=DIRECTION('ref_axis',(1.,0.,0.));
#5841=DIRECTION('center_axis',(0.95770750987492,7.98648665238679E-16,-0.287743506493509));
#5842=DIRECTION('ref_axis',(-0.287743506493509,0.,-0.95770750987492));
#5843=DIRECTION('center_axis',(0.207071894027012,0.,0.978325728325728));
#5844=DIRECTION('ref_axis',(0.,-1.,0.));
#5845=DIRECTION('center_axis',(0.,0.,1.));
#5846=DIRECTION('ref_axis',(1.,0.,0.));
#5847=DIRECTION('center_axis',(0.957707509874923,0.,0.287743506493499));
#5848=DIRECTION('ref_axis',(0.,-1.,0.));
#5849=DIRECTION('center_axis',(0.207071894027012,0.,-0.978325728325728));
#5850=DIRECTION('ref_axis',(-0.978325728325728,0.,-0.207071894027012));
#5851=DIRECTION('center_axis',(0.,1.,0.));
#5852=DIRECTION('ref_axis',(-0.287743506493507,0.,0.957707509874921));
#5853=DIRECTION('center_axis',(0.,-1.,0.));
#5854=DIRECTION('ref_axis',(1.,0.,1.83697019872103E-16));
#5855=DIRECTION('center_axis',(0.,-1.,0.));
#5856=DIRECTION('ref_axis',(1.,0.,2.44929359829471E-16));
#5857=DIRECTION('center_axis',(0.,-1.,0.));
#5858=DIRECTION('ref_axis',(-0.860180557660701,0.,0.509989615798719));
#5859=DIRECTION('',(0.,-1.,0.));
#5860=DIRECTION('center_axis',(0.,-1.,0.));
#5861=DIRECTION('ref_axis',(0.,0.,-1.));
#5862=DIRECTION('center_axis',(0.,1.,0.));
#5863=DIRECTION('ref_axis',(1.,0.,1.1149665952113E-16));
#5864=DIRECTION('center_axis',(0.,-1.,0.));
#5865=DIRECTION('ref_axis',(1.,0.,1.1149665952113E-16));
#5866=DIRECTION('center_axis',(0.,1.,0.));
#5867=DIRECTION('ref_axis',(0.229004329004329,0.,0.973425404074332));
#5868=DIRECTION('center_axis',(0.,1.,0.));
#5869=DIRECTION('ref_axis',(0.,0.,1.));
#5870=DIRECTION('center_axis',(0.,-1.,0.));
#5871=DIRECTION('ref_axis',(-0.676123403782816,0.,0.736788397613005));
#5872=DIRECTION('',(-1.,0.,4.98976640280969E-17));
#5873=DIRECTION('center_axis',(0.,1.,0.));
#5874=DIRECTION('ref_axis',(0.707106781186547,0.,-0.707106781186547));
#5875=DIRECTION('',(0.,0.,-1.));
#5876=DIRECTION('center_axis',(0.,1.,0.));
#5877=DIRECTION('ref_axis',(0.707106781186545,0.,0.707106781186549));
#5878=DIRECTION('',(1.,0.,0.));
#5879=DIRECTION('center_axis',(0.,-1.,0.));
#5880=DIRECTION('ref_axis',(-0.676123403782814,0.,-0.736788397613006));
#5881=DIRECTION('center_axis',(0.,1.,0.));
#5882=DIRECTION('ref_axis',(-1.83697019872103E-16,0.,1.));
#5883=DIRECTION('center_axis',(0.,-1.,0.));
#5884=DIRECTION('ref_axis',(0.676123403782814,0.,-0.736788397613006));
#5885=DIRECTION('',(1.,0.,0.));
#5886=DIRECTION('center_axis',(0.,1.,0.));
#5887=DIRECTION('ref_axis',(-0.707106781186547,0.,0.707106781186547));
#5888=DIRECTION('',(3.26536183713281E-16,0.,1.));
#5889=DIRECTION('center_axis',(0.,1.,0.));
#5890=DIRECTION('ref_axis',(-0.707106781186545,0.,-0.707106781186549));
#5891=DIRECTION('',(-1.,0.,4.98976640280969E-17));
#5892=DIRECTION('center_axis',(0.,-1.,0.));
#5893=DIRECTION('ref_axis',(0.676123403782813,0.,0.736788397613007));
#5894=DIRECTION('center_axis',(0.,1.,0.));
#5895=DIRECTION('ref_axis',(6.12323399573677E-17,0.,-1.));
#5896=DIRECTION('center_axis',(0.,1.,0.));
#5897=DIRECTION('ref_axis',(-1.,0.,0.));
#5898=DIRECTION('center_axis',(0.,1.,0.));
#5899=DIRECTION('ref_axis',(-1.,0.,0.));
#5900=DIRECTION('center_axis',(0.,1.,0.));
#5901=DIRECTION('ref_axis',(-1.,0.,0.));
#5902=DIRECTION('center_axis',(0.,1.,0.));
#5903=DIRECTION('ref_axis',(-1.,0.,0.));
#5904=DIRECTION('center_axis',(-0.153031147136875,-6.8571632115007E-16,
-0.988221365892264));
#5905=DIRECTION('ref_axis',(0.988221365892264,0.,-0.153031147136875));
#5906=DIRECTION('center_axis',(0.,1.,0.));
#5907=DIRECTION('ref_axis',(0.,0.,1.));
#5908=DIRECTION('center_axis',(0.153031147136876,6.8571632115007E-16,-0.988221365892264));
#5909=DIRECTION('ref_axis',(0.988221365892264,0.,0.153031147136876));
#5910=DIRECTION('center_axis',(0.,1.,0.));
#5911=DIRECTION('ref_axis',(1.,0.,2.77555756156289E-17));
#5912=DIRECTION('center_axis',(0.,-1.,0.));
#5913=DIRECTION('ref_axis',(1.,0.,2.77555756156289E-17));
#5914=DIRECTION('center_axis',(0.,-1.,0.));
#5915=DIRECTION('ref_axis',(1.,0.,0.));
#5916=DIRECTION('',(0.,1.,0.));
#5917=DIRECTION('center_axis',(0.,-1.,0.));
#5918=DIRECTION('ref_axis',(-1.,0.,0.));
#5919=DIRECTION('',(0.,1.,0.));
#5920=DIRECTION('center_axis',(0.,1.,0.));
#5921=DIRECTION('ref_axis',(-1.,0.,1.22464679914735E-16));
#5922=DIRECTION('center_axis',(0.,1.,0.));
#5923=DIRECTION('ref_axis',(-1.,0.,1.22464679914735E-16));
#5924=DIRECTION('center_axis',(0.,-1.,0.));
#5925=DIRECTION('ref_axis',(-1.,0.,0.));
#5926=DIRECTION('',(0.,-1.,0.));
#5927=DIRECTION('center_axis',(0.417649091287207,0.575991845254006,-0.702710915489332));
#5928=DIRECTION('ref_axis',(0.859632075649342,0.,0.510913588109382));
#5929=DIRECTION('center_axis',(0.717566863981552,0.696489623552053,-3.82396441968186E-13));
#5930=DIRECTION('ref_axis',(5.32907051820075E-13,0.,1.));
#5931=DIRECTION('center_axis',(0.740267666770181,0.67231226489975,9.33020695286988E-16));
#5932=DIRECTION('ref_axis',(0.,-1.38777878078145E-15,1.));
#5933=DIRECTION('center_axis',(2.77555756156289E-17,0.,-1.));
#5934=DIRECTION('ref_axis',(1.,0.,2.77555756156289E-17));
#5935=DIRECTION('',(0.,-1.,0.));
#5936=DIRECTION('',(1.,0.,2.77555756156289E-17));
#5937=DIRECTION('center_axis',(-2.77555756156289E-17,0.,1.));
#5938=DIRECTION('ref_axis',(0.707106781186548,-0.707106781186548,1.96261557335472E-17));
#5939=DIRECTION('',(1.,0.,2.77555756156289E-17));
#5940=DIRECTION('',(0.,1.,0.));
#5941=DIRECTION('',(-1.,0.,-2.77555756156289E-17));
#5942=DIRECTION('center_axis',(0.,-1.,0.));
#5943=DIRECTION('ref_axis',(0.790569415042095,0.,0.612372435695795));
#5944=DIRECTION('center_axis',(0.,1.,0.));
#5945=DIRECTION('ref_axis',(0.790569415042094,0.,0.612372435695795));
#5946=DIRECTION('center_axis',(0.,-1.,0.));
#5947=DIRECTION('ref_axis',(-1.,0.,-6.12323399573677E-17));
#5948=DIRECTION('center_axis',(0.,1.,0.));
#5949=DIRECTION('ref_axis',(-1.,0.,-6.12323399573677E-17));
#5950=DIRECTION('center_axis',(0.417649091287246,0.57599184525399,0.702710915489323));
#5951=DIRECTION('ref_axis',(0.685881796884926,-0.707106781186553,0.171948133755203));
#5952=DIRECTION('center_axis',(0.717566863981552,0.696489623552053,3.82396441968186E-13));
#5953=DIRECTION('ref_axis',(0.686336786939927,-0.707106781186549,0.170122940525303));
#5954=DIRECTION('center_axis',(0.74026766677015,0.672312264899784,0.));
#5955=DIRECTION('ref_axis',(0.642195496204661,-0.707106781186844,0.295947536996053));
#5956=DIRECTION('center_axis',(0.,-1.,0.));
#5957=DIRECTION('ref_axis',(-1.,0.,-1.83758917935762E-15));
#5958=DIRECTION('center_axis',(0.,-1.,0.));
#5959=DIRECTION('ref_axis',(-1.,0.,-1.22464679914735E-16));
#5960=DIRECTION('center_axis',(0.,1.,0.));
#5961=DIRECTION('ref_axis',(-1.,0.,0.));
#5962=DIRECTION('center_axis',(0.,-1.,0.));
#5963=DIRECTION('ref_axis',(0.,0.,-1.));
#5964=DIRECTION('center_axis',(0.345454545454545,3.07658550122716E-16,0.938435483677378));
#5965=DIRECTION('ref_axis',(0.938435483677378,0.,-0.345454545454545));
#5966=DIRECTION('center_axis',(0.,-1.,0.));
#5967=DIRECTION('ref_axis',(1.,0.,2.77555756156289E-17));
#5968=DIRECTION('center_axis',(0.345454545454545,3.07658550122716E-16,-0.938435483677378));
#5969=DIRECTION('ref_axis',(-2.77555756156289E-15,1.,-6.93889390390723E-16));
#5970=DIRECTION('center_axis',(-1.,0.,-2.77555756156289E-17));
#5971=DIRECTION('ref_axis',(0.,-0.707106781186548,0.707106781186548));
#5972=DIRECTION('',(-1.,0.,-2.77555756156289E-17));
#5973=DIRECTION('',(1.,0.,2.77555756156289E-17));
#5974=DIRECTION('center_axis',(0.,1.,0.));
#5975=DIRECTION('ref_axis',(0.,0.,1.));
#5976=DIRECTION('',(1.,0.,2.77555756156289E-17));
#5977=DIRECTION('center_axis',(0.,1.,0.));
#5978=DIRECTION('ref_axis',(-1.,0.,0.));
#5979=DIRECTION('',(0.,0.,1.));
#5980=DIRECTION('',(1.,0.,-4.98976640280969E-17));
#5981=DIRECTION('center_axis',(0.,1.,0.));
#5982=DIRECTION('ref_axis',(5.55111512312577E-16,0.,1.));
#5983=DIRECTION('center_axis',(0.,-1.,0.));
#5984=DIRECTION('ref_axis',(3.06161699786838E-16,0.,-1.));
#5985=DIRECTION('center_axis',(0.,1.,0.));
#5986=DIRECTION('ref_axis',(0.,0.,1.));
#5987=DIRECTION('',(1.,0.,-4.98976640280969E-17));
#5988=DIRECTION('',(0.,0.,-1.));
#5989=DIRECTION('center_axis',(0.,1.,0.));
#5990=DIRECTION('ref_axis',(1.,0.,0.));
#5991=DIRECTION('center_axis',(0.,-1.,0.));
#5992=DIRECTION('ref_axis',(-1.,0.,-1.22464679914735E-16));
#5993=DIRECTION('center_axis',(0.,1.,0.));
#5994=DIRECTION('ref_axis',(1.,0.,0.));
#5995=DIRECTION('',(0.,0.,-1.));
#5996=DIRECTION('',(-1.,0.,0.));
#5997=DIRECTION('center_axis',(0.,1.,0.));
#5998=DIRECTION('ref_axis',(0.,0.,-1.));
#5999=DIRECTION('center_axis',(0.,-1.,0.));
#6000=DIRECTION('ref_axis',(-1.83697019872103E-16,0.,1.));
#6001=DIRECTION('center_axis',(0.,1.,0.));
#6002=DIRECTION('ref_axis',(0.,0.,-1.));
#6003=DIRECTION('',(-1.,0.,0.));
#6004=DIRECTION('',(0.,0.,1.));
#6005=DIRECTION('center_axis',(0.,1.,0.));
#6006=DIRECTION('ref_axis',(-1.,0.,0.));
#6007=DIRECTION('center_axis',(0.,1.,0.));
#6008=DIRECTION('ref_axis',(1.,0.,0.));
#6009=DIRECTION('center_axis',(0.,1.,0.));
#6010=DIRECTION('ref_axis',(1.,0.,0.));
#6011=DIRECTION('center_axis',(0.,1.,0.));
#6012=DIRECTION('ref_axis',(1.,0.,0.));
#6013=DIRECTION('center_axis',(0.,1.,0.));
#6014=DIRECTION('ref_axis',(1.,0.,0.));
#6015=DIRECTION('center_axis',(0.,1.,0.));
#6016=DIRECTION('ref_axis',(1.,0.,0.));
#6017=DIRECTION('center_axis',(0.,1.,0.));
#6018=DIRECTION('ref_axis',(0.,0.,1.));
#6019=DIRECTION('center_axis',(0.,-1.,0.));
#6020=DIRECTION('ref_axis',(1.,0.,0.));
#6021=DIRECTION('center_axis',(-1.,0.,1.22464679914735E-16));
#6022=DIRECTION('ref_axis',(-1.22464679914735E-16,0.,-1.));
#6023=DIRECTION('center_axis',(0.,-1.,0.));
#6024=DIRECTION('ref_axis',(1.,0.,0.));
#6025=DIRECTION('center_axis',(0.,1.,0.));
#6026=DIRECTION('ref_axis',(1.,0.,0.));
#6027=DIRECTION('center_axis',(0.,1.,0.));
#6028=DIRECTION('ref_axis',(-1.,0.,0.));
#6029=DIRECTION('',(0.,1.,0.));
#6030=DIRECTION('center_axis',(0.,1.,0.));
#6031=DIRECTION('ref_axis',(-1.,0.,0.));
#6032=DIRECTION('center_axis',(0.408248290463862,-0.816496580927725,-0.408248290463867));
#6033=DIRECTION('ref_axis',(-0.577350269189624,-0.577350269189624,0.577350269189629));
#6034=DIRECTION('center_axis',(0.,0.,-1.));
#6035=DIRECTION('ref_axis',(0.,-1.,0.));
#6036=DIRECTION('center_axis',(0.,1.,0.));
#6037=DIRECTION('ref_axis',(-0.70710678118655,0.,0.707106781186545));
#6038=DIRECTION('center_axis',(1.,0.,0.));
#6039=DIRECTION('ref_axis',(0.,-0.70710678118655,0.707106781186545));
#6040=DIRECTION('center_axis',(-3.26536183713281E-16,0.,-1.));
#6041=DIRECTION('ref_axis',(-0.707106781186548,-0.707106781186548,0.));
#6042=DIRECTION('',(-3.26536183713281E-16,0.,-1.));
#6043=DIRECTION('center_axis',(5.55111512312572E-15,5.55111512312572E-15,
-1.));
#6044=DIRECTION('ref_axis',(-1.11022302462516E-14,-1.,-5.55111512312578E-15));
#6045=DIRECTION('',(3.26536183713281E-16,0.,1.));
#6046=DIRECTION('center_axis',(0.408248290463862,-0.816496580927725,0.408248290463867));
#6047=DIRECTION('ref_axis',(-0.577350269189624,-0.577350269189624,-0.577350269189629));
#6048=DIRECTION('center_axis',(1.,0.,-4.98976640280969E-17));
#6049=DIRECTION('ref_axis',(0.,-0.70710678118655,-0.707106781186545));
#6050=DIRECTION('center_axis',(0.,1.,0.));
#6051=DIRECTION('ref_axis',(-0.70710678118655,0.,-0.707106781186545));
#6052=DIRECTION('center_axis',(1.,0.,-4.98976640280969E-17));
#6053=DIRECTION('ref_axis',(0.,-0.707106781186548,-0.707106781186548));
#6054=DIRECTION('',(1.,0.,-4.98976640280969E-17));
#6055=DIRECTION('',(-1.,0.,4.98976640280969E-17));
#6056=DIRECTION('center_axis',(0.,-1.,0.));
#6057=DIRECTION('ref_axis',(0.,0.,-1.));
#6058=DIRECTION('',(-1.,0.,0.));
#6059=DIRECTION('',(0.,0.,1.));
#6060=DIRECTION('center_axis',(0.,1.,0.));
#6061=DIRECTION('ref_axis',(-1.,0.,-1.22464679914735E-16));
#6062=DIRECTION('',(0.,0.,1.));
#6063=DIRECTION('center_axis',(-1.,0.,0.));
#6064=DIRECTION('ref_axis',(0.,-0.707106781186548,0.707106781186548));
#6065=DIRECTION('',(1.,0.,0.));
#6066=DIRECTION('center_axis',(0.,-1.,0.));
#6067=DIRECTION('ref_axis',(0.,0.,-1.));
#6068=DIRECTION('center_axis',(-1.,0.,-1.22464679914735E-16));
#6069=DIRECTION('ref_axis',(-1.22464679914735E-16,0.,1.));
#6070=DIRECTION('center_axis',(-0.408248290463863,0.408248290463861,-0.816496580927727));
#6071=DIRECTION('ref_axis',(0.577350269189627,-0.577350269189625,-0.577350269189625));
#6072=DIRECTION('center_axis',(0.,0.,1.));
#6073=DIRECTION('ref_axis',(1.,0.,0.));
#6074=DIRECTION('center_axis',(0.,1.,0.));
#6075=DIRECTION('ref_axis',(0.,0.,-1.));
#6076=DIRECTION('center_axis',(-1.,0.,4.44089209850062E-15));
#6077=DIRECTION('ref_axis',(0.,-1.,0.));
#6078=DIRECTION('center_axis',(0.,-1.,0.));
#6079=DIRECTION('ref_axis',(0.707106781186549,0.,-0.707106781186546));
#6080=DIRECTION('center_axis',(0.,1.,0.));
#6081=DIRECTION('ref_axis',(1.,0.,0.));
#6082=DIRECTION('',(0.,-1.,0.));
#6083=DIRECTION('',(0.,1.,0.));
#6084=DIRECTION('center_axis',(1.,0.,-4.98976640280969E-17));
#6085=DIRECTION('ref_axis',(0.,-0.707106781186548,-0.707106781186548));
#6086=DIRECTION('center_axis',(-1.,0.,1.11022302462515E-15));
#6087=DIRECTION('ref_axis',(-1.11022302462515E-15,0.,-1.));
#6088=DIRECTION('',(-1.,0.,4.98976640280969E-17));
#6089=DIRECTION('center_axis',(0.,0.,1.));
#6090=DIRECTION('ref_axis',(0.707106781186548,-0.707106781186548,0.));
#6091=DIRECTION('center_axis',(0.,0.,1.));
#6092=DIRECTION('ref_axis',(0.,-1.,0.));
#6093=DIRECTION('',(0.,0.,-1.));
#6094=DIRECTION('center_axis',(0.,1.,0.));
#6095=DIRECTION('ref_axis',(0.,0.,1.));
#6096=DIRECTION('center_axis',(0.,-1.,0.));
#6097=DIRECTION('ref_axis',(5.55111512312577E-16,0.,1.));
#6098=DIRECTION('center_axis',(0.,1.,0.));
#6099=DIRECTION('ref_axis',(0.,0.,1.));
#6100=DIRECTION('center_axis',(0.,-1.,0.));
#6101=DIRECTION('ref_axis',(-1.,0.,0.));
#6102=DIRECTION('center_axis',(4.98976640280969E-17,0.,1.));
#6103=DIRECTION('ref_axis',(1.,0.,0.));
#6104=DIRECTION('center_axis',(4.98976640280969E-17,0.,1.));
#6105=DIRECTION('ref_axis',(-1.,0.,4.98976640280969E-17));
#6106=DIRECTION('center_axis',(-4.98976640280969E-17,0.,-1.));
#6107=DIRECTION('ref_axis',(-1.,0.,4.9897664028097E-17));
#6108=DIRECTION('center_axis',(0.,0.,1.));
#6109=DIRECTION('ref_axis',(-0.707106781186549,0.707106781186546,0.));
#6110=DIRECTION('',(0.,0.,1.));
#6111=DIRECTION('center_axis',(0.,0.,1.));
#6112=DIRECTION('ref_axis',(-1.,0.,0.));
#6113=DIRECTION('',(0.,0.,-1.));
#6114=DIRECTION('center_axis',(1.,0.,0.));
#6115=DIRECTION('ref_axis',(0.,0.,1.));
#6116=DIRECTION('',(0.,-1.,0.));
#6117=DIRECTION('center_axis',(0.,1.,0.));
#6118=DIRECTION('ref_axis',(-0.707106781186547,0.,0.707106781186548));
#6119=DIRECTION('center_axis',(0.,1.,0.));
#6120=DIRECTION('ref_axis',(0.,0.,1.));
#6121=DIRECTION('center_axis',(1.,0.,2.77555756156289E-17));
#6122=DIRECTION('ref_axis',(0.,-0.707106781186548,-0.707106781186548));
#6123=DIRECTION('center_axis',(0.,1.,0.));
#6124=DIRECTION('ref_axis',(0.,0.,1.));
#6125=DIRECTION('center_axis',(-1.,0.,0.));
#6126=DIRECTION('ref_axis',(0.,0.,1.));
#6127=DIRECTION('center_axis',(0.0857142857142838,0.,0.996319758523583));
#6128=DIRECTION('ref_axis',(0.,1.,0.));
#6129=DIRECTION('center_axis',(0.,1.,0.));
#6130=DIRECTION('ref_axis',(-0.676123403782816,0.,0.736788397613005));
#6131=DIRECTION('center_axis',(0.,1.,0.));
#6132=DIRECTION('ref_axis',(-0.676123403782814,0.,0.736788397613007));
#6133=DIRECTION('',(0.,1.,0.));
#6134=DIRECTION('',(0.,-1.,0.));
#6135=DIRECTION('center_axis',(-1.,0.,4.98976640280969E-17));
#6136=DIRECTION('ref_axis',(0.,0.707106781186548,0.707106781186548));
#6137=DIRECTION('',(1.,0.,-4.98976640280969E-17));
#6138=DIRECTION('center_axis',(-1.,0.,0.));
#6139=DIRECTION('ref_axis',(0.,0.,1.));
#6140=DIRECTION('center_axis',(-4.98976640280969E-17,0.,-1.));
#6141=DIRECTION('ref_axis',(1.,0.,-4.98976640280969E-17));
#6142=DIRECTION('',(-1.,0.,4.98976640280969E-17));
#6143=DIRECTION('',(0.,-1.,0.));
#6144=DIRECTION('center_axis',(0.408248290463863,-0.816496580927726,0.408248290463863));
#6145=DIRECTION('ref_axis',(-0.577350269189626,-0.577350269189626,-0.577350269189626));
#6146=DIRECTION('center_axis',(1.,0.,0.));
#6147=DIRECTION('ref_axis',(0.,0.,-1.));
#6148=DIRECTION('center_axis',(0.,1.,0.));
#6149=DIRECTION('ref_axis',(-1.,0.,0.));
#6150=DIRECTION('center_axis',(0.,0.,1.));
#6151=DIRECTION('ref_axis',(0.,-1.,0.));
#6152=DIRECTION('center_axis',(0.,-1.,0.));
#6153=DIRECTION('ref_axis',(-0.707106781186548,0.,-0.707106781186548));
#6154=DIRECTION('center_axis',(0.,1.,0.));
#6155=DIRECTION('ref_axis',(0.,0.,-1.));
#6156=DIRECTION('',(0.,-1.,0.));
#6157=DIRECTION('',(0.,1.,0.));
#6158=DIRECTION('center_axis',(0.,0.,-1.));
#6159=DIRECTION('ref_axis',(-0.707106781186548,-0.707106781186548,0.));
#6160=DIRECTION('center_axis',(0.,0.,1.));
#6161=DIRECTION('ref_axis',(-1.,0.,0.));
#6162=DIRECTION('',(0.,0.,1.));
#6163=DIRECTION('center_axis',(1.,0.,-4.98976640280969E-17));
#6164=DIRECTION('ref_axis',(0.,-0.707106781186548,-0.707106781186548));
#6165=DIRECTION('center_axis',(1.,0.,0.));
#6166=DIRECTION('ref_axis',(0.,-1.,0.));
#6167=DIRECTION('',(-1.,0.,4.98976640280969E-17));
#6168=DIRECTION('center_axis',(4.98976640280969E-17,0.,1.));
#6169=DIRECTION('ref_axis',(1.,0.,0.));
#6170=DIRECTION('center_axis',(-4.98976640280969E-17,0.,-1.));
#6171=DIRECTION('ref_axis',(1.,0.,-4.98976640280969E-17));
#6172=DIRECTION('center_axis',(4.98976640280969E-17,0.,1.));
#6173=DIRECTION('ref_axis',(1.,0.,-4.98976640280969E-17));
#6174=DIRECTION('center_axis',(0.,1.,0.));
#6175=DIRECTION('ref_axis',(0.,0.,1.));
#6176=DIRECTION('center_axis',(0.,-1.,0.));
#6177=DIRECTION('ref_axis',(1.,0.,0.));
#6178=DIRECTION('center_axis',(0.,1.,0.));
#6179=DIRECTION('ref_axis',(0.,0.,1.));
#6180=DIRECTION('center_axis',(0.,-1.,0.));
#6181=DIRECTION('ref_axis',(0.,0.,1.));
#6182=DIRECTION('center_axis',(-4.98976640280969E-17,0.,-1.));
#6183=DIRECTION('ref_axis',(1.,0.,-4.98976640280969E-17));
#6184=DIRECTION('',(0.,-1.,0.));
#6185=DIRECTION('',(1.,0.,-4.98976640280969E-17));
#6186=DIRECTION('',(0.,1.,0.));
#6187=DIRECTION('center_axis',(0.,1.,0.));
#6188=DIRECTION('ref_axis',(0.676123403782812,0.,0.736788397613009));
#6189=DIRECTION('',(0.,1.,0.));
#6190=DIRECTION('center_axis',(0.,1.,0.));
#6191=DIRECTION('ref_axis',(0.676123403782813,0.,0.736788397613008));
#6192=DIRECTION('center_axis',(0.,-1.,0.));
#6193=DIRECTION('ref_axis',(1.,0.,0.));
#6194=DIRECTION('center_axis',(0.,-1.,0.));
#6195=DIRECTION('ref_axis',(6.12323399573677E-17,0.,-1.));
#6196=DIRECTION('center_axis',(0.,1.,0.));
#6197=DIRECTION('ref_axis',(3.06161699786838E-16,0.,-1.));
#6198=DIRECTION('center_axis',(0.,-1.,0.));
#6199=DIRECTION('ref_axis',(0.,0.,-1.));
#6200=DIRECTION('center_axis',(-0.408248290463863,-0.408248290463861,-0.816496580927727));
#6201=DIRECTION('ref_axis',(-0.577350269189627,-0.577350269189625,0.577350269189625));
#6202=DIRECTION('center_axis',(0.,0.,-1.));
#6203=DIRECTION('ref_axis',(-1.,0.,0.));
#6204=DIRECTION('center_axis',(0.,1.,0.));
#6205=DIRECTION('ref_axis',(0.,0.,1.));
#6206=DIRECTION('center_axis',(1.,0.,0.));
#6207=DIRECTION('ref_axis',(0.,-1.,0.));
#6208=DIRECTION('center_axis',(0.,-1.,0.));
#6209=DIRECTION('ref_axis',(-0.707106781186549,0.,0.707106781186546));
#6210=DIRECTION('center_axis',(0.,1.,0.));
#6211=DIRECTION('ref_axis',(-1.,0.,0.));
#6212=DIRECTION('',(0.,-1.,0.));
#6213=DIRECTION('',(0.,1.,0.));
#6214=DIRECTION('center_axis',(-1.,0.,0.));
#6215=DIRECTION('ref_axis',(0.,-0.707106781186548,0.707106781186548));
#6216=DIRECTION('center_axis',(1.,0.,0.));
#6217=DIRECTION('ref_axis',(0.,0.,1.));
#6218=DIRECTION('',(1.,0.,0.));
#6219=DIRECTION('center_axis',(0.,0.,-1.));
#6220=DIRECTION('ref_axis',(-0.707106781186548,-0.707106781186548,0.));
#6221=DIRECTION('center_axis',(0.,0.,-1.));
#6222=DIRECTION('ref_axis',(0.,-1.,0.));
#6223=DIRECTION('',(0.,0.,1.));
#6224=DIRECTION('center_axis',(0.,1.,0.));
#6225=DIRECTION('ref_axis',(0.,0.,1.));
#6226=DIRECTION('center_axis',(0.,-1.,0.));
#6227=DIRECTION('ref_axis',(0.,0.,-1.));
#6228=DIRECTION('center_axis',(0.,1.,0.));
#6229=DIRECTION('ref_axis',(0.546260227458754,0.,-0.837615522717142));
#6230=DIRECTION('center_axis',(0.,-1.,0.));
#6231=DIRECTION('ref_axis',(1.,0.,0.));
#6232=DIRECTION('center_axis',(0.,0.,-1.));
#6233=DIRECTION('ref_axis',(-1.,0.,0.));
#6234=DIRECTION('center_axis',(0.,0.,-1.));
#6235=DIRECTION('ref_axis',(1.,0.,0.));
#6236=DIRECTION('center_axis',(0.,0.,1.));
#6237=DIRECTION('ref_axis',(1.,0.,0.));
#6238=DIRECTION('center_axis',(0.,-1.,0.));
#6239=DIRECTION('ref_axis',(-1.22464679914735E-16,0.,1.));
#6240=DIRECTION('center_axis',(0.,1.,0.));
#6241=DIRECTION('ref_axis',(-1.83697019872103E-16,0.,1.));
#6242=DIRECTION('center_axis',(0.,-1.,0.));
#6243=DIRECTION('ref_axis',(1.,0.,0.));
#6244=DIRECTION('',(0.,-1.,0.));
#6245=DIRECTION('center_axis',(0.,-1.,0.));
#6246=DIRECTION('ref_axis',(-1.83697019872103E-16,0.,1.));
#6247=DIRECTION('',(0.,1.,0.));
#6248=DIRECTION('center_axis',(0.,1.,0.));
#6249=DIRECTION('ref_axis',(0.676123403782813,0.,-0.736788397613008));
#6250=DIRECTION('',(0.,1.,0.));
#6251=DIRECTION('center_axis',(0.,1.,0.));
#6252=DIRECTION('ref_axis',(0.676123403782814,0.,-0.736788397613006));
#6253=DIRECTION('center_axis',(0.,0.,1.));
#6254=DIRECTION('ref_axis',(-1.,0.,0.));
#6255=DIRECTION('',(0.,-1.,0.));
#6256=DIRECTION('',(-1.,0.,0.));
#6257=DIRECTION('center_axis',(-0.408248290463863,-0.816496580927726,-0.408248290463863));
#6258=DIRECTION('ref_axis',(0.577350269189626,-0.577350269189626,0.577350269189626));
#6259=DIRECTION('center_axis',(-1.,0.,0.));
#6260=DIRECTION('ref_axis',(0.,0.,1.));
#6261=DIRECTION('center_axis',(0.,1.,0.));
#6262=DIRECTION('ref_axis',(1.,0.,0.));
#6263=DIRECTION('center_axis',(0.,0.,-1.));
#6264=DIRECTION('ref_axis',(0.,-1.,0.));
#6265=DIRECTION('center_axis',(0.,-1.,0.));
#6266=DIRECTION('ref_axis',(0.707106781186548,0.,0.707106781186548));
#6267=DIRECTION('center_axis',(0.,1.,0.));
#6268=DIRECTION('ref_axis',(0.,0.,1.));
#6269=DIRECTION('',(0.,-1.,0.));
#6270=DIRECTION('',(0.,1.,0.));
#6271=DIRECTION('center_axis',(0.,0.,1.));
#6272=DIRECTION('ref_axis',(0.707106781186548,-0.707106781186548,0.));
#6273=DIRECTION('center_axis',(0.,0.,-1.));
#6274=DIRECTION('ref_axis',(1.,0.,0.));
#6275=DIRECTION('',(0.,0.,-1.));
#6276=DIRECTION('center_axis',(-1.,0.,0.));
#6277=DIRECTION('ref_axis',(0.,-0.707106781186548,0.707106781186548));
#6278=DIRECTION('center_axis',(-1.,0.,0.));
#6279=DIRECTION('ref_axis',(0.,-1.,0.));
#6280=DIRECTION('',(1.,0.,0.));
#6281=DIRECTION('center_axis',(0.,1.,0.));
#6282=DIRECTION('ref_axis',(0.,0.,1.));
#6283=DIRECTION('center_axis',(0.,-1.,0.));
#6284=DIRECTION('ref_axis',(0.,0.,-1.));
#6285=DIRECTION('center_axis',(0.,1.,0.));
#6286=DIRECTION('ref_axis',(-0.378058961767682,0.,-0.925781519272848));
#6287=DIRECTION('center_axis',(0.,-1.,0.));
#6288=DIRECTION('ref_axis',(-1.,0.,0.));
#6289=DIRECTION('center_axis',(0.,0.,-1.));
#6290=DIRECTION('ref_axis',(-1.,0.,0.));
#6291=DIRECTION('center_axis',(0.,0.,1.));
#6292=DIRECTION('ref_axis',(-1.,0.,0.));
#6293=DIRECTION('center_axis',(0.,0.,-1.));
#6294=DIRECTION('ref_axis',(-1.,0.,0.));
#6295=DIRECTION('center_axis',(-2.77555756156289E-17,0.,1.));
#6296=DIRECTION('ref_axis',(-1.,0.,-2.77555756156289E-17));
#6297=DIRECTION('',(0.,-1.,0.));
#6298=DIRECTION('',(-1.,0.,-2.77555756156289E-17));
#6299=DIRECTION('center_axis',(2.77555756156289E-17,0.,-1.));
#6300=DIRECTION('ref_axis',(0.707106781186547,-0.707106781186547,1.96261557335472E-17));
#6301=DIRECTION('',(-1.,0.,-2.77555756156289E-17));
#6302=DIRECTION('',(0.,1.,0.));
#6303=DIRECTION('center_axis',(0.,-1.,0.));
#6304=DIRECTION('ref_axis',(-0.707106781186547,0.,-0.707106781186548));
#6305=DIRECTION('',(0.,1.,0.));
#6306=DIRECTION('center_axis',(0.,1.,0.));
#6307=DIRECTION('ref_axis',(-1.,0.,0.));
#6308=DIRECTION('center_axis',(1.,0.,0.));
#6309=DIRECTION('ref_axis',(0.,0.,1.));
#6310=DIRECTION('',(0.,0.,1.));
#6311=DIRECTION('center_axis',(0.,0.,1.));
#6312=DIRECTION('ref_axis',(-0.707106781186549,0.707106781186546,0.));
#6313=DIRECTION('',(0.,0.,-1.));
#6314=DIRECTION('center_axis',(1.11022302462516E-15,0.,-1.));
#6315=DIRECTION('ref_axis',(0.,1.,0.));
#6316=DIRECTION('center_axis',(0.,-1.,0.));
#6317=DIRECTION('ref_axis',(0.,0.,-1.));
#6318=DIRECTION('',(-1.,0.,0.));
#6319=DIRECTION('',(0.,0.,1.));
#6320=DIRECTION('',(1.,0.,2.77555756156289E-17));
#6321=DIRECTION('center_axis',(-1.,0.,0.));
#6322=DIRECTION('ref_axis',(0.,0.,1.));
#6323=DIRECTION('center_axis',(-1.,0.,0.));
#6324=DIRECTION('ref_axis',(0.,0.707106781186548,0.707106781186547));
#6325=DIRECTION('center_axis',(0.,0.,1.));
#6326=DIRECTION('ref_axis',(-1.,0.,0.));
#6327=DIRECTION('center_axis',(1.,0.,0.));
#6328=DIRECTION('ref_axis',(0.,0.707106781186548,0.707106781186547));
#6329=DIRECTION('center_axis',(0.,0.,1.));
#6330=DIRECTION('ref_axis',(-0.707106781186548,-0.707106781186548,0.));
#6331=DIRECTION('center_axis',(0.,0.,1.));
#6332=DIRECTION('ref_axis',(-1.,0.,0.));
#6333=DIRECTION('',(0.,0.,1.));
#6334=DIRECTION('',(0.,0.,-1.));
#6335=DIRECTION('center_axis',(-1.,0.,0.));
#6336=DIRECTION('ref_axis',(0.,0.,1.));
#6337=DIRECTION('center_axis',(1.,0.,0.));
#6338=DIRECTION('ref_axis',(0.,0.707106781186548,-0.707106781186547));
#6339=DIRECTION('center_axis',(-1.,0.,0.));
#6340=DIRECTION('ref_axis',(0.,0.707106781186548,-0.707106781186547));
#6341=DIRECTION('center_axis',(1.,0.,0.));
#6342=DIRECTION('ref_axis',(0.,0.,1.));
#6343=DIRECTION('',(0.,0.,-1.));
#6344=DIRECTION('',(0.,-1.,0.));
#6345=DIRECTION('',(0.,0.,1.));
#6346=DIRECTION('',(0.,1.,0.));
#6347=DIRECTION('',(0.,0.,-1.));
#6348=DIRECTION('center_axis',(-0.816496580927728,-0.40824829046386,-0.408248290463862));
#6349=DIRECTION('ref_axis',(-0.577350269189623,0.577350269189629,0.577350269189625));
#6350=DIRECTION('center_axis',(-1.,0.,-2.22044604925031E-15));
#6351=DIRECTION('ref_axis',(0.,1.,0.));
#6352=DIRECTION('center_axis',(2.77555756156289E-17,0.,-1.));
#6353=DIRECTION('ref_axis',(-1.,0.,0.));
#6354=DIRECTION('center_axis',(1.,0.,0.));
#6355=DIRECTION('ref_axis',(0.,1.,0.));
#6356=DIRECTION('center_axis',(2.77555756156289E-17,0.,-1.));
#6357=DIRECTION('ref_axis',(0.707106781186548,-0.707106781186547,0.));
#6358=DIRECTION('center_axis',(1.,0.,2.77555756156289E-17));
#6359=DIRECTION('ref_axis',(0.,0.707106781186547,0.707106781186548));
#6360=DIRECTION('',(-1.,0.,-2.77555756156289E-17));
#6361=DIRECTION('center_axis',(0.,1.,0.));
#6362=DIRECTION('ref_axis',(0.,0.,1.));
#6363=DIRECTION('center_axis',(-0.0857142857142836,2.37904933848242E-16,
0.996319758523583));
#6364=DIRECTION('ref_axis',(0.996319758523583,0.,0.0857142857142836));
#6365=DIRECTION('center_axis',(1.,0.,0.));
#6366=DIRECTION('ref_axis',(0.,1.,1.11022302462516E-14));
#6367=DIRECTION('center_axis',(0.,1.,0.));
#6368=DIRECTION('ref_axis',(1.22464679914735E-16,0.,-1.));
#6369=DIRECTION('center_axis',(0.,0.,1.));
#6370=DIRECTION('ref_axis',(1.,0.,0.));
#6371=DIRECTION('center_axis',(0.,1.,0.));
#6372=DIRECTION('ref_axis',(1.,0.,0.));
#6373=DIRECTION('center_axis',(1.11022302462516E-15,0.,1.));
#6374=DIRECTION('ref_axis',(0.,1.,0.));
#6375=DIRECTION('center_axis',(0.989743318610787,0.,-0.142857142857144));
#6376=DIRECTION('ref_axis',(0.142857142857145,0.,0.989743318610787));
#6377=DIRECTION('center_axis',(0.,0.,-1.));
#6378=DIRECTION('ref_axis',(0.707106781186549,0.707106781186546,0.));
#6379=DIRECTION('',(0.,0.,-1.));
#6380=DIRECTION('center_axis',(0.,0.,1.));
#6381=DIRECTION('ref_axis',(1.,0.,0.));
#6382=DIRECTION('center_axis',(0.,1.,0.));
#6383=DIRECTION('ref_axis',(0.142857142857142,0.,-0.989743318610787));
#6384=DIRECTION('center_axis',(0.989743318610787,0.,0.142857142857142));
#6385=DIRECTION('ref_axis',(0.,1.,0.));
#6386=DIRECTION('center_axis',(0.,-1.11022302462516E-15,-1.));
#6387=DIRECTION('ref_axis',(1.,0.,0.));
#6388=DIRECTION('center_axis',(0.,-1.,0.));
#6389=DIRECTION('ref_axis',(0.,0.,-1.));
#6390=DIRECTION('center_axis',(0.,-1.,0.));
#6391=DIRECTION('ref_axis',(-1.,0.,-1.22464679914735E-16));
#6392=DIRECTION('center_axis',(0.,0.,-1.));
#6393=DIRECTION('ref_axis',(0.707106781186549,0.707106781186546,0.));
#6394=DIRECTION('',(0.,0.,-1.));
#6395=DIRECTION('center_axis',(0.,-1.,0.));
#6396=DIRECTION('ref_axis',(0.755928946018454,0.,-0.654653670707977));
#6397=DIRECTION('',(0.,1.,0.));
#6398=DIRECTION('',(0.,-1.,0.));
#6399=DIRECTION('center_axis',(0.,1.,0.));
#6400=DIRECTION('ref_axis',(0.755928946018454,0.,0.654653670707977));
#6401=DIRECTION('',(0.,1.,0.));
#6402=DIRECTION('',(0.,-1.,0.));
#6403=DIRECTION('center_axis',(-1.,0.,0.));
#6404=DIRECTION('ref_axis',(0.,0.,-1.));
#6405=DIRECTION('center_axis',(0.,-1.,0.));
#6406=DIRECTION('ref_axis',(0.,0.,-1.));
#6407=DIRECTION('center_axis',(-0.0857142857142833,-2.37904933848241E-16,
-0.996319758523583));
#6408=DIRECTION('ref_axis',(-2.77555756156289E-15,1.,0.));
#6409=DIRECTION('center_axis',(1.,0.,0.));
#6410=DIRECTION('ref_axis',(0.,0.,-1.));
#6411=DIRECTION('center_axis',(1.,0.,0.));
#6412=DIRECTION('ref_axis',(0.,0.707106781186548,-0.707106781186548));
#6413=DIRECTION('center_axis',(1.,0.,0.));
#6414=DIRECTION('ref_axis',(0.,0.,-1.));
#6415=DIRECTION('center_axis',(0.,-1.,0.));
#6416=DIRECTION('ref_axis',(0.,0.,-1.));
#6417=DIRECTION('center_axis',(-1.,0.,0.));
#6418=DIRECTION('ref_axis',(0.,1.,0.));
#6419=DIRECTION('center_axis',(0.,1.,0.));
#6420=DIRECTION('ref_axis',(-0.676123403782814,0.,-0.736788397613006));
#6421=DIRECTION('center_axis',(0.0857142857142833,-2.37904933848241E-16,
-0.996319758523583));
#6422=DIRECTION('ref_axis',(-0.996319758523583,0.,-0.0857142857142833));
#6423=DIRECTION('center_axis',(0.,1.,0.));
#6424=DIRECTION('ref_axis',(-0.676123403782813,0.,-0.736788397613008));
#6425=DIRECTION('',(0.,-1.,0.));
#6426=DIRECTION('center_axis',(0.,1.,0.));
#6427=DIRECTION('ref_axis',(0.,0.,1.));
#6428=DIRECTION('center_axis',(0.408248290463864,-0.40824829046386,-0.816496580927727));
#6429=DIRECTION('ref_axis',(-0.577350269189627,0.577350269189623,-0.577350269189627));
#6430=DIRECTION('center_axis',(-1.,2.22044604925031E-15,0.));
#6431=DIRECTION('ref_axis',(0.,0.,-1.));
#6432=DIRECTION('center_axis',(2.77555756156289E-17,0.,-1.));
#6433=DIRECTION('ref_axis',(-1.,0.,0.));
#6434=DIRECTION('center_axis',(1.,0.,0.));
#6435=DIRECTION('ref_axis',(0.,0.,-1.));
#6436=DIRECTION('center_axis',(-2.77555756156289E-17,0.,1.));
#6437=DIRECTION('ref_axis',(0.707106781186548,-0.707106781186548,0.));
#6438=DIRECTION('center_axis',(-1.,0.,-2.77555756156289E-17));
#6439=DIRECTION('ref_axis',(0.,0.707106781186546,-0.707106781186549));
#6440=DIRECTION('center_axis',(-1.,0.,0.));
#6441=DIRECTION('ref_axis',(0.,-0.707106781186548,0.707106781186548));
#6442=DIRECTION('',(1.,0.,0.));
#6443=DIRECTION('center_axis',(-1.,0.,0.));
#6444=DIRECTION('ref_axis',(0.,0.,1.));
#6445=DIRECTION('center_axis',(-1.,0.,0.));
#6446=DIRECTION('ref_axis',(0.,0.965925826289069,0.258819045102519));
#6447=DIRECTION('center_axis',(1.,0.,0.));
#6448=DIRECTION('ref_axis',(0.,0.965925826289068,0.25881904510252));
#6449=DIRECTION('',(0.,-0.258819045102512,0.965925826289071));
#6450=DIRECTION('center_axis',(0.168014812106064,-0.252646162289413,0.952859349323601));
#6451=DIRECTION('ref_axis',(0.984807753012208,0.,-0.173648177666932));
#6452=DIRECTION('center_axis',(-1.07996902594397E-14,-1.,-6.12480870258627E-14));
#6453=DIRECTION('ref_axis',(0.984807753012208,0.,-0.173648177666931));
#6454=DIRECTION('center_axis',(-2.68055438322219E-15,1.,-8.47069167568118E-15));
#6455=DIRECTION('ref_axis',(-0.953401529495124,0.,0.301704364496702));
#6456=DIRECTION('center_axis',(0.,0.254831889060231,0.966985371305065));
#6457=DIRECTION('ref_axis',(-1.,0.,0.));
#6458=DIRECTION('center_axis',(0.,0.255406607069396,0.966833731861533));
#6459=DIRECTION('ref_axis',(-1.,0.,0.));
#6460=DIRECTION('center_axis',(0.,1.,1.58619279292733E-14));
#6461=DIRECTION('ref_axis',(-1.,0.,0.));
#6462=DIRECTION('center_axis',(0.,0.261053196020287,-0.965324416373891));
#6463=DIRECTION('ref_axis',(-1.,0.,0.));
#6464=DIRECTION('center_axis',(0.,0.261352827625985,-0.965243336932145));
#6465=DIRECTION('ref_axis',(-1.,0.,0.));
#6466=DIRECTION('center_axis',(-1.,0.,1.22464679914735E-16));
#6467=DIRECTION('ref_axis',(1.22464679914735E-16,0.,1.));
#6468=DIRECTION('',(0.,-1.,0.));
#6469=DIRECTION('center_axis',(0.,-1.,0.));
#6470=DIRECTION('ref_axis',(0.,0.,-1.));
#6471=DIRECTION('center_axis',(1.,0.,2.77555756156289E-17));
#6472=DIRECTION('ref_axis',(0.,0.707106781186548,0.707106781186548));
#6473=DIRECTION('',(1.,0.,2.77555756156289E-17));
#6474=DIRECTION('center_axis',(1.,0.,0.));
#6475=DIRECTION('ref_axis',(0.,1.,0.));
#6476=DIRECTION('center_axis',(0.,-1.,0.));
#6477=DIRECTION('ref_axis',(0.,0.,-1.));
#6478=DIRECTION('center_axis',(0.,1.,0.));
#6479=DIRECTION('ref_axis',(0.790569415042096,0.,-0.612372435695793));
#6480=DIRECTION('center_axis',(0.,-1.,0.));
#6481=DIRECTION('ref_axis',(0.790569415042096,0.,-0.612372435695793));
#6482=DIRECTION('center_axis',(0.,1.,0.));
#6483=DIRECTION('ref_axis',(0.,0.,1.));
#6484=DIRECTION('',(-1.,0.,-2.77555756156289E-17));
#6485=DIRECTION('center_axis',(0.,-1.,0.));
#6486=DIRECTION('ref_axis',(0.790569415042094,0.,0.612372435695795));
#6487=DIRECTION('center_axis',(0.,-1.,0.));
#6488=DIRECTION('ref_axis',(0.,0.,-1.));
#6489=DIRECTION('center_axis',(-1.,0.,-2.22044604925031E-15));
#6490=DIRECTION('ref_axis',(0.,1.,0.));
#6491=DIRECTION('center_axis',(-1.,0.,-2.77555756156289E-17));
#6492=DIRECTION('ref_axis',(0.,0.707106781186548,-0.707106781186547));
#6493=DIRECTION('center_axis',(0.,1.,0.));
#6494=DIRECTION('ref_axis',(0.790569415042093,0.,-0.612372435695798));
#6495=DIRECTION('center_axis',(0.,1.,0.));
#6496=DIRECTION('ref_axis',(0.,0.,1.));
#6497=DIRECTION('center_axis',(0.,-1.,0.));
#6498=DIRECTION('ref_axis',(-1.,0.,0.));
#6499=DIRECTION('center_axis',(-1.,0.,1.22464679914735E-16));
#6500=DIRECTION('ref_axis',(-1.22464679914735E-16,0.,-1.));
#6501=DIRECTION('center_axis',(0.,1.,0.));
#6502=DIRECTION('ref_axis',(-1.,0.,0.));
#6503=DIRECTION('center_axis',(0.,1.,0.));
#6504=DIRECTION('ref_axis',(-1.,0.,0.));
#6505=DIRECTION('center_axis',(0.,-1.,0.));
#6506=DIRECTION('ref_axis',(0.,0.,-1.));
#6507=DIRECTION('center_axis',(0.,1.,0.));
#6508=DIRECTION('ref_axis',(-1.,0.,1.22464679914735E-16));
#6509=DIRECTION('center_axis',(0.,-1.,0.));
#6510=DIRECTION('ref_axis',(-1.,0.,-1.22464679914735E-16));
#6511=DIRECTION('center_axis',(0.,-1.,0.));
#6512=DIRECTION('ref_axis',(-1.,0.,0.));
#6513=DIRECTION('center_axis',(0.,-1.,0.));
#6514=DIRECTION('ref_axis',(-1.,0.,0.));
#6515=DIRECTION('center_axis',(0.,-1.,0.));
#6516=DIRECTION('ref_axis',(-1.,0.,-1.22464679914735E-16));
#6517=DIRECTION('center_axis',(0.,1.,0.));
#6518=DIRECTION('ref_axis',(1.,0.,0.));
#6519=DIRECTION('',(0.,1.,0.));
#6520=DIRECTION('center_axis',(0.,-1.,0.));
#6521=DIRECTION('ref_axis',(1.,0.,0.));
#6522=DIRECTION('center_axis',(0.,-1.,0.));
#6523=DIRECTION('ref_axis',(1.,0.,0.));
#6524=DIRECTION('center_axis',(0.,1.,0.));
#6525=DIRECTION('ref_axis',(0.,0.,1.));
#6526=DIRECTION('center_axis',(-1.,0.,0.));
#6527=DIRECTION('ref_axis',(0.,0.,-1.));
#6528=DIRECTION('center_axis',(0.,1.,0.));
#6529=DIRECTION('ref_axis',(-1.,0.,-1.22464679914735E-16));
#6530=DIRECTION('center_axis',(0.,1.,0.));
#6531=DIRECTION('ref_axis',(-1.,0.,-1.22464679914735E-16));
#6532=DIRECTION('center_axis',(0.,1.,0.));
#6533=DIRECTION('ref_axis',(1.,0.,0.));
#6534=DIRECTION('',(0.,1.,0.));
#6535=DIRECTION('center_axis',(0.,-1.,0.));
#6536=DIRECTION('ref_axis',(1.,0.,0.));
#6537=DIRECTION('center_axis',(0.,-1.,0.));
#6538=DIRECTION('ref_axis',(1.,0.,0.));
#6539=DIRECTION('center_axis',(0.,1.,0.));
#6540=DIRECTION('ref_axis',(0.,0.,1.));
#6541=DIRECTION('center_axis',(-1.,0.,0.));
#6542=DIRECTION('ref_axis',(0.,0.,-1.));
#6543=DIRECTION('center_axis',(0.,1.,0.));
#6544=DIRECTION('ref_axis',(-1.,0.,-1.22464679914735E-16));
#6545=DIRECTION('center_axis',(0.,1.,0.));
#6546=DIRECTION('ref_axis',(-1.,0.,-1.22464679914735E-16));
#6547=DIRECTION('center_axis',(0.,1.,0.));
#6548=DIRECTION('ref_axis',(1.,0.,0.));
#6549=DIRECTION('',(0.,1.,0.));
#6550=DIRECTION('center_axis',(0.,-1.,0.));
#6551=DIRECTION('ref_axis',(1.,0.,0.));
#6552=DIRECTION('center_axis',(0.,-1.,0.));
#6553=DIRECTION('ref_axis',(1.,0.,0.));
#6554=DIRECTION('center_axis',(0.,1.,0.));
#6555=DIRECTION('ref_axis',(0.,0.,1.));
#6556=DIRECTION('center_axis',(-1.,0.,1.22464679914735E-16));
#6557=DIRECTION('ref_axis',(-1.22464679914735E-16,0.,-1.));
#6558=DIRECTION('center_axis',(0.,1.,0.));
#6559=DIRECTION('ref_axis',(-1.,0.,0.));
#6560=DIRECTION('center_axis',(0.,1.,0.));
#6561=DIRECTION('ref_axis',(-1.,0.,0.));
#6562=DIRECTION('center_axis',(0.,1.,0.));
#6563=DIRECTION('ref_axis',(1.,0.,0.));
#6564=DIRECTION('',(0.,1.,0.));
#6565=DIRECTION('center_axis',(0.,-1.,0.));
#6566=DIRECTION('ref_axis',(1.,0.,0.));
#6567=DIRECTION('center_axis',(0.,-1.,0.));
#6568=DIRECTION('ref_axis',(1.,0.,0.));
#6569=DIRECTION('center_axis',(0.,1.,0.));
#6570=DIRECTION('ref_axis',(0.,0.,1.));
#6571=DIRECTION('center_axis',(0.,-1.,0.));
#6572=DIRECTION('ref_axis',(-1.,0.,-6.12323399573677E-17));
#6573=DIRECTION('center_axis',(-1.,0.,1.22464679914735E-16));
#6574=DIRECTION('ref_axis',(-1.22464679914735E-16,0.,-1.));
#6575=DIRECTION('center_axis',(0.,-1.,0.));
#6576=DIRECTION('ref_axis',(-1.,0.,-6.12323399573677E-17));
#6577=DIRECTION('center_axis',(0.,-1.,0.));
#6578=DIRECTION('ref_axis',(-1.,0.,0.));
#6579=DIRECTION('',(-0.707106781186547,0.707106781186547,-8.65956056235493E-17));
#6580=DIRECTION('center_axis',(0.,-1.,0.));
#6581=DIRECTION('ref_axis',(0.,0.,-1.));
#6582=DIRECTION('center_axis',(0.,1.,0.));
#6583=DIRECTION('ref_axis',(-1.,0.,-1.22464679914735E-16));
#6584=DIRECTION('center_axis',(0.,1.,0.));
#6585=DIRECTION('ref_axis',(0.,0.,1.));
#6586=DIRECTION('center_axis',(-1.,0.,0.));
#6587=DIRECTION('ref_axis',(0.,0.,-1.));
#6588=DIRECTION('center_axis',(0.,1.,0.));
#6589=DIRECTION('ref_axis',(0.,0.,1.));
#6590=DIRECTION('center_axis',(-1.,0.,0.));
#6591=DIRECTION('ref_axis',(0.,0.,-1.));
#6592=DIRECTION('center_axis',(0.,1.,0.));
#6593=DIRECTION('ref_axis',(0.,0.,1.));
#6594=DIRECTION('center_axis',(-1.,0.,1.22464679914735E-16));
#6595=DIRECTION('ref_axis',(-1.22464679914735E-16,0.,-1.));
#6596=DIRECTION('center_axis',(0.,1.,0.));
#6597=DIRECTION('ref_axis',(0.,0.,1.));
#6598=DIRECTION('center_axis',(-1.,0.,1.22464679914735E-16));
#6599=DIRECTION('ref_axis',(-1.22464679914735E-16,0.,-1.));
#6600=DIRECTION('center_axis',(0.,-1.,0.));
#6601=DIRECTION('ref_axis',(0.,0.,-1.));
#6602=DIRECTION('center_axis',(0.,-1.,0.));
#6603=DIRECTION('ref_axis',(-1.,0.,0.));
#6604=DIRECTION('center_axis',(-1.,0.,0.));
#6605=DIRECTION('ref_axis',(0.,0.,1.));
#6606=DIRECTION('center_axis',(0.,1.,0.));
#6607=DIRECTION('ref_axis',(-1.,0.,0.));
#6608=DIRECTION('center_axis',(0.,1.,0.));
#6609=DIRECTION('ref_axis',(-1.,0.,0.));
#6610=DIRECTION('center_axis',(0.,-1.,0.));
#6611=DIRECTION('ref_axis',(1.,0.,0.));
#6612=DIRECTION('center_axis',(0.,-1.,0.));
#6613=DIRECTION('ref_axis',(-1.,0.,0.));
#6614=DIRECTION('',(0.,-1.,0.));
#6615=DIRECTION('center_axis',(0.,-1.,0.));
#6616=DIRECTION('ref_axis',(-1.,0.,0.));
#6617=DIRECTION('center_axis',(0.,1.,0.));
#6618=DIRECTION('ref_axis',(0.,0.,1.));
#6619=DIRECTION('center_axis',(0.,-1.,0.));
#6620=DIRECTION('ref_axis',(0.,0.,-1.));
#6621=DIRECTION('center_axis',(-1.,0.,0.));
#6622=DIRECTION('ref_axis',(0.,0.,1.));
#6623=DIRECTION('center_axis',(0.,-1.,0.));
#6624=DIRECTION('ref_axis',(0.,0.,-1.));
#6625=DIRECTION('center_axis',(0.,-1.,0.));
#6626=DIRECTION('ref_axis',(-1.,0.,0.));
#6627=DIRECTION('center_axis',(-1.,0.,0.));
#6628=DIRECTION('ref_axis',(0.,0.,1.));
#6629=DIRECTION('center_axis',(0.,1.,0.));
#6630=DIRECTION('ref_axis',(-1.,0.,0.));
#6631=DIRECTION('center_axis',(0.,1.,0.));
#6632=DIRECTION('ref_axis',(-1.,0.,0.));
#6633=DIRECTION('center_axis',(0.,-1.,0.));
#6634=DIRECTION('ref_axis',(1.,0.,0.));
#6635=DIRECTION('center_axis',(0.,-1.,0.));
#6636=DIRECTION('ref_axis',(-1.,0.,0.));
#6637=DIRECTION('',(0.,-1.,0.));
#6638=DIRECTION('center_axis',(0.,-1.,0.));
#6639=DIRECTION('ref_axis',(-1.,0.,0.));
#6640=DIRECTION('center_axis',(0.,1.,0.));
#6641=DIRECTION('ref_axis',(0.,0.,1.));
#6642=DIRECTION('center_axis',(0.,-1.,0.));
#6643=DIRECTION('ref_axis',(0.,0.,-1.));
#6644=DIRECTION('center_axis',(-1.,0.,0.));
#6645=DIRECTION('ref_axis',(0.,0.,1.));
#6646=DIRECTION('center_axis',(0.,-1.,0.));
#6647=DIRECTION('ref_axis',(0.,0.,-1.));
#6648=DIRECTION('center_axis',(0.,-1.,0.));
#6649=DIRECTION('ref_axis',(-1.,0.,0.));
#6650=DIRECTION('center_axis',(-1.,0.,0.));
#6651=DIRECTION('ref_axis',(0.,0.,1.));
#6652=DIRECTION('center_axis',(0.,1.,0.));
#6653=DIRECTION('ref_axis',(-1.,0.,0.));
#6654=DIRECTION('center_axis',(0.,1.,0.));
#6655=DIRECTION('ref_axis',(-1.,0.,0.));
#6656=DIRECTION('center_axis',(0.,-1.,0.));
#6657=DIRECTION('ref_axis',(1.,0.,0.));
#6658=DIRECTION('center_axis',(0.,-1.,0.));
#6659=DIRECTION('ref_axis',(-1.,0.,0.));
#6660=DIRECTION('',(0.,-1.,0.));
#6661=DIRECTION('center_axis',(0.,-1.,0.));
#6662=DIRECTION('ref_axis',(-1.,0.,0.));
#6663=DIRECTION('center_axis',(0.,1.,0.));
#6664=DIRECTION('ref_axis',(0.,0.,1.));
#6665=DIRECTION('center_axis',(0.,-1.,0.));
#6666=DIRECTION('ref_axis',(0.,0.,-1.));
#6667=DIRECTION('center_axis',(-1.,0.,0.));
#6668=DIRECTION('ref_axis',(0.,0.,1.));
#6669=DIRECTION('center_axis',(0.,-1.,0.));
#6670=DIRECTION('ref_axis',(0.,0.,-1.));
#6671=DIRECTION('center_axis',(0.,-1.,0.));
#6672=DIRECTION('ref_axis',(-1.,0.,0.));
#6673=DIRECTION('center_axis',(-1.,0.,0.));
#6674=DIRECTION('ref_axis',(0.,0.,1.));
#6675=DIRECTION('center_axis',(0.,1.,0.));
#6676=DIRECTION('ref_axis',(-1.,0.,0.));
#6677=DIRECTION('center_axis',(0.,1.,0.));
#6678=DIRECTION('ref_axis',(-1.,0.,0.));
#6679=DIRECTION('center_axis',(0.,-1.,0.));
#6680=DIRECTION('ref_axis',(1.,0.,0.));
#6681=DIRECTION('center_axis',(0.,-1.,0.));
#6682=DIRECTION('ref_axis',(-1.,0.,0.));
#6683=DIRECTION('',(0.,-1.,0.));
#6684=DIRECTION('center_axis',(0.,-1.,0.));
#6685=DIRECTION('ref_axis',(-1.,0.,0.));
#6686=DIRECTION('center_axis',(0.,1.,0.));
#6687=DIRECTION('ref_axis',(0.,0.,1.));
#6688=DIRECTION('center_axis',(0.,-1.,0.));
#6689=DIRECTION('ref_axis',(0.,0.,-1.));
#6690=DIRECTION('center_axis',(-1.,0.,0.));
#6691=DIRECTION('ref_axis',(0.,0.,1.));
#6692=DIRECTION('center_axis',(0.,-1.,0.));
#6693=DIRECTION('ref_axis',(0.,0.,-1.));
#6694=DIRECTION('center_axis',(0.,1.,0.));
#6695=DIRECTION('ref_axis',(-1.,0.,1.22464679914735E-16));
#6696=DIRECTION('center_axis',(0.,1.,0.));
#6697=DIRECTION('ref_axis',(-1.,0.,1.22464679914735E-16));
#6698=DIRECTION('center_axis',(-1.,0.,-1.22464679914735E-16));
#6699=DIRECTION('ref_axis',(-1.22464679914735E-16,0.,1.));
#6700=DIRECTION('center_axis',(0.,-1.,0.));
#6701=DIRECTION('ref_axis',(1.,0.,0.));
#6702=DIRECTION('',(0.,1.,0.));
#6703=DIRECTION('center_axis',(0.,-1.,0.));
#6704=DIRECTION('ref_axis',(-1.,0.,1.22464679914735E-16));
#6705=DIRECTION('center_axis',(0.,-1.,0.));
#6706=DIRECTION('ref_axis',(-1.,0.,1.22464679914735E-16));
#6707=DIRECTION('center_axis',(0.,-1.,0.));
#6708=DIRECTION('ref_axis',(0.,0.,-1.));
#6709=DIRECTION('center_axis',(-1.,0.,-1.22464679914735E-16));
#6710=DIRECTION('ref_axis',(-1.22464679914735E-16,0.,1.));
#6711=DIRECTION('center_axis',(-0.408248290463862,-0.816496580927725,0.408248290463867));
#6712=DIRECTION('ref_axis',(0.577350269189624,-0.577350269189624,-0.577350269189629));
#6713=DIRECTION('center_axis',(0.,0.,1.));
#6714=DIRECTION('ref_axis',(1.,0.,0.));
#6715=DIRECTION('center_axis',(0.,1.,0.));
#6716=DIRECTION('ref_axis',(0.,0.,-1.));
#6717=DIRECTION('center_axis',(-1.,0.,0.));
#6718=DIRECTION('ref_axis',(0.,-1.,0.));
#6719=DIRECTION('center_axis',(-0.408248290463862,-0.816496580927725,-0.408248290463867));
#6720=DIRECTION('ref_axis',(0.577350269189624,-0.577350269189624,0.577350269189629));
#6721=DIRECTION('center_axis',(0.,1.,0.));
#6722=DIRECTION('ref_axis',(1.,0.,0.));
#6723=DIRECTION('center_axis',(0.,0.,-1.));
#6724=DIRECTION('ref_axis',(0.,-1.,0.));
#6725=DIRECTION('center_axis',(0.,-1.,0.));
#6726=DIRECTION('ref_axis',(0.,0.,-1.));
#6727=DIRECTION('center_axis',(0.,-1.,0.));
#6728=DIRECTION('ref_axis',(1.,0.,0.));
#6729=DIRECTION('center_axis',(0.,0.,1.));
#6730=DIRECTION('ref_axis',(0.,1.,0.));
#6731=DIRECTION('center_axis',(0.,-1.,0.));
#6732=DIRECTION('ref_axis',(0.707106781186548,0.,-0.707106781186548));
#6733=DIRECTION('center_axis',(0.,-1.,0.));
#6734=DIRECTION('ref_axis',(0.,0.,-1.));
#6735=DIRECTION('center_axis',(0.,0.,-1.));
#6736=DIRECTION('ref_axis',(-1.,0.,0.));
#6737=DIRECTION('center_axis',(0.,-1.,0.));
#6738=DIRECTION('ref_axis',(0.,0.,1.));
#6739=DIRECTION('center_axis',(-1.,0.,0.));
#6740=DIRECTION('ref_axis',(0.,1.,0.));
#6741=DIRECTION('center_axis',(0.,-1.,0.));
#6742=DIRECTION('ref_axis',(0.707106781186548,0.,0.707106781186548));
#6743=DIRECTION('',(0.,1.,0.));
#6744=DIRECTION('center_axis',(0.,-1.,0.));
#6745=DIRECTION('ref_axis',(0.,0.,-1.));
#6746=DIRECTION('center_axis',(0.,0.,1.));
#6747=DIRECTION('ref_axis',(1.,0.,0.));
#6748=DIRECTION('center_axis',(0.,-1.,0.));
#6749=DIRECTION('ref_axis',(0.,0.,-1.));
#6750=DIRECTION('center_axis',(1.,0.,0.));
#6751=DIRECTION('ref_axis',(0.,1.,0.));
#6752=DIRECTION('center_axis',(0.,-1.,0.));
#6753=DIRECTION('ref_axis',(-0.707106781186548,0.,-0.707106781186548));
#6754=DIRECTION('',(0.,-1.,0.));
#6755=DIRECTION('center_axis',(-1.,0.,4.98976640280969E-17));
#6756=DIRECTION('ref_axis',(0.,0.707106781186548,0.707106781186548));
#6757=DIRECTION('center_axis',(0.,-1.,0.));
#6758=DIRECTION('ref_axis',(0.,0.,-1.));
#6759=DIRECTION('center_axis',(0.,-1.,0.));
#6760=DIRECTION('ref_axis',(-1.,0.,0.));
#6761=DIRECTION('center_axis',(0.,0.,-1.));
#6762=DIRECTION('ref_axis',(0.,1.,0.));
#6763=DIRECTION('center_axis',(0.,-1.,0.));
#6764=DIRECTION('ref_axis',(-0.707106781186548,0.,0.707106781186548));
#6765=DIRECTION('',(0.,1.,0.));
#6766=DIRECTION('center_axis',(3.26536183713281E-16,0.,1.));
#6767=DIRECTION('ref_axis',(0.707106781186548,0.707106781186548,0.));
#6768=DIRECTION('',(-3.26536183713281E-16,0.,-1.));
#6769=DIRECTION('center_axis',(1.,0.,0.));
#6770=DIRECTION('ref_axis',(0.,0.707106781186548,-0.707106781186548));
#6771=DIRECTION('',(-1.,0.,0.));
#6772=DIRECTION('center_axis',(0.,0.,-1.));
#6773=DIRECTION('ref_axis',(-0.707106781186548,0.707106781186548,0.));
#6774=DIRECTION('center_axis',(0.,0.,1.));
#6775=DIRECTION('ref_axis',(0.707106781186548,-0.707106781186548,0.));
#6776=DIRECTION('center_axis',(1.,0.,-4.98976640280969E-17));
#6777=DIRECTION('ref_axis',(0.,-0.707106781186548,-0.707106781186548));
#6778=DIRECTION('',(1.,0.,-4.98976640280969E-17));
#6779=DIRECTION('center_axis',(0.,0.,1.));
#6780=DIRECTION('ref_axis',(0.707106781186548,-0.707106781186548,0.));
#6781=DIRECTION('',(0.,0.,1.));
#6782=DIRECTION('center_axis',(0.,0.,1.));
#6783=DIRECTION('ref_axis',(-1.,0.,0.));
#6784=DIRECTION('center_axis',(0.,-1.,0.));
#6785=DIRECTION('ref_axis',(0.,0.,-1.));
#6786=DIRECTION('center_axis',(-1.,0.,0.));
#6787=DIRECTION('ref_axis',(0.,0.,-1.));
#6788=DIRECTION('center_axis',(0.,-1.,0.));
#6789=DIRECTION('ref_axis',(-1.,0.,-1.22464679914735E-16));
#6790=DIRECTION('center_axis',(-1.,0.,3.26536183713281E-16));
#6791=DIRECTION('ref_axis',(-3.26536183713281E-16,0.,-1.));
#6792=DIRECTION('center_axis',(0.,-1.,0.));
#6793=DIRECTION('ref_axis',(0.276684460613566,0.,0.960960826077203));
#6794=CARTESIAN_POINT('',(0.,0.,0.));
#6795=CARTESIAN_POINT('Origin',(0.,32.61,0.));
#6796=CARTESIAN_POINT('',(-16.1978460562297,40.0933333333333,-0.00131291892404656));
#6797=CARTESIAN_POINT('',(-16.2,40.14,-1.98392781461871E-15));
#6798=CARTESIAN_POINT('',(-16.2,32.61,-1.98392781461871E-15));
#6799=CARTESIAN_POINT('',(-16.1966308917269,40.14,0.189714021433416));
#6800=CARTESIAN_POINT('Origin',(0.,40.14,0.));
#6801=CARTESIAN_POINT('Ctrl Pts',(-16.1964966056679,40.14,0.189642124500613));
#6802=CARTESIAN_POINT('Ctrl Pts',(-16.1972784965123,40.1244444444444,0.125970466985727));
#6803=CARTESIAN_POINT('Ctrl Pts',(-16.1976915196493,40.1088888888889,0.0622948490494018));
#6804=CARTESIAN_POINT('Ctrl Pts',(-16.1977356018671,40.0933333333333,-0.00138024548331298));
#6805=CARTESIAN_POINT('Origin',(0.,32.61,0.));
#6806=CARTESIAN_POINT('',(-16.2,24.58,-1.98392781461871E-15));
#6807=CARTESIAN_POINT('',(-16.1960891506449,32.8933333333333,-0.000214944855953698));
#6808=CARTESIAN_POINT('',(-16.2,32.61,-1.98392781461871E-15));
#6809=CARTESIAN_POINT('',(0.327269060162586,24.58,16.1966939516143));
#6810=CARTESIAN_POINT('Origin',(0.,24.58,0.));
#6811=CARTESIAN_POINT('',(0.,36.94,-16.2));
#6812=CARTESIAN_POINT('Ctrl Pts',(0.,36.94,-16.2));
#6813=CARTESIAN_POINT('Ctrl Pts',(1.40580171315105,36.596379107631,-16.2));
#6814=CARTESIAN_POINT('Ctrl Pts',(5.62740044996854,35.5655164305241,-15.6536258817953));
#6815=CARTESIAN_POINT('Ctrl Pts',(10.6657308950232,34.1910328610481,-12.7614664105599));
#6816=CARTESIAN_POINT('Ctrl Pts',(15.0133372280611,32.4729283992032,-7.15379035608928));
#6817=CARTESIAN_POINT('Ctrl Pts',(16.560542099072,31.0984448297273,-1.55462766705986));
#6818=CARTESIAN_POINT('Ctrl Pts',(15.6978835685226,29.3803403678824,5.48689704968516));
#6819=CARTESIAN_POINT('Ctrl Pts',(12.1492694977868,27.6622359060375,11.8294074280614));
#6820=CARTESIAN_POINT('Ctrl Pts',(5.90993184005621,25.9475821526204,15.544297250318));
#6821=CARTESIAN_POINT('Ctrl Pts',(1.71866789929162,24.9201701839412,16.1685935245417));
#6822=CARTESIAN_POINT('Ctrl Pts',(0.327269037139346,24.58,16.1966941617478));
#6823=CARTESIAN_POINT('',(-11.7125074321245,40.14,-11.1918349546635));
#6824=CARTESIAN_POINT('Ctrl Pts',(0.,36.94,-16.2));
#6825=CARTESIAN_POINT('Ctrl Pts',(-2.88328071744254,37.6447619047619,-16.2));
#6826=CARTESIAN_POINT('Ctrl Pts',(-7.2413928097695,38.7114285714286,-15.0057453275634));
#6827=CARTESIAN_POINT('Ctrl Pts',(-10.6885441693882,39.7780952380952,-12.262083024001));
#6828=CARTESIAN_POINT('Ctrl Pts',(-11.7119057114509,40.14,-11.1916362867962));
#6829=CARTESIAN_POINT('Origin',(0.,40.14,0.));
#6830=CARTESIAN_POINT('',(7.8519951320461,31.8696478747166,-14.1699037557185));
#6831=CARTESIAN_POINT('Ctrl Pts',(-16.1977356018671,40.0933333333333,-0.00138024548331256));
#6832=CARTESIAN_POINT('Ctrl Pts',(-16.1988684383221,39.6935825657861,-1.63771961132545));
#6833=CARTESIAN_POINT('Ctrl Pts',(-15.4781577015933,38.5056005726064,-6.49957661289654));
#6834=CARTESIAN_POINT('Ctrl Pts',(-11.6380480612474,36.9235029666106,-12.0752967540123));
#6835=CARTESIAN_POINT('Ctrl Pts',(-5.97861853936894,35.3470405153458,-15.3120383748638));
#6836=CARTESIAN_POINT('Ctrl Pts',(0.288101650827265,33.7937940223199,-16.7441101930795));
#6837=CARTESIAN_POINT('Ctrl Pts',(5.11390167713304,32.6346631421101,-15.6852625898707));
#6838=CARTESIAN_POINT('Ctrl Pts',(7.85197196161746,31.8696478747166,-14.1698312211984));
#6839=CARTESIAN_POINT('',(8.10000000146898,30.8005883217874,-14.0296115438523));
#6840=CARTESIAN_POINT('Ctrl Pts',(8.1,30.8005883321333,-14.0296115413079));
#6841=CARTESIAN_POINT('Ctrl Pts',(8.1,30.8899400956411,-14.0296115413079));
#6842=CARTESIAN_POINT('Ctrl Pts',(8.09098970554309,30.9807811028154,-14.0348191183973));
#6843=CARTESIAN_POINT('Ctrl Pts',(8.03542140892039,31.3293930157575,-14.0667799649994));
#6844=CARTESIAN_POINT('Ctrl Pts',(7.94472686661307,31.5972105423508,-14.11850156897));
#6845=CARTESIAN_POINT('Ctrl Pts',(7.85330084586663,31.8658117156187,-14.1691801591162));
#6846=CARTESIAN_POINT('Ctrl Pts',(7.85264797115675,31.8677298140638,-14.1695419967675));
#6847=CARTESIAN_POINT('Ctrl Pts',(7.8519951320461,31.8696478747166,-14.1699037557185));
#6848=CARTESIAN_POINT('',(8.10000000001402,25.7362791505794,-14.0296115413322));
#6849=CARTESIAN_POINT('',(8.1,32.61,-14.0296115413079));
#6850=CARTESIAN_POINT('',(7.8519951320461,24.6696478747166,-14.1699037557185));
#6851=CARTESIAN_POINT('Ctrl Pts',(7.8519951320461,24.6696478747166,-14.1699037557185));
#6852=CARTESIAN_POINT('Ctrl Pts',(7.85253114588373,24.6712226992554,-14.1696067333734));
#6853=CARTESIAN_POINT('Ctrl Pts',(7.85306715030617,24.6727976181961,-14.1693095816855));
#6854=CARTESIAN_POINT('Ctrl Pts',(7.85360306751624,24.6743724229958,-14.1690123495263));
#6855=CARTESIAN_POINT('Ctrl Pts',(7.86765847888235,24.7156745660607,-14.1612168912158));
#6856=CARTESIAN_POINT('Ctrl Pts',(7.8816356349355,24.7568446921468,-14.1533804310135));
#6857=CARTESIAN_POINT('Ctrl Pts',(7.89542152061154,24.7979308899103,-14.1456455768898));
#6858=CARTESIAN_POINT('Ctrl Pts',(7.90936383316011,24.839483288074,-14.1378229562585));
#6859=CARTESIAN_POINT('Ctrl Pts',(7.92311129083976,24.8809493491296,-14.1301037318023));
#6860=CARTESIAN_POINT('Ctrl Pts',(7.93651416200077,24.9223539705013,-14.1226027434284));
#6861=CARTESIAN_POINT('Ctrl Pts',(7.94981523477103,24.9634441127011,-14.1151587270672));
#6862=CARTESIAN_POINT('Ctrl Pts',(7.96277749287553,25.0044732665979,-14.1079290475813));
#6863=CARTESIAN_POINT('Ctrl Pts',(7.97521264968539,25.0454488316941,-14.1010025235296));
#6864=CARTESIAN_POINT('Ctrl Pts',(7.98734270598491,25.0854190483243,-14.094245943939));
#6865=CARTESIAN_POINT('Ctrl Pts',(7.99897153889711,25.1253378946787,-14.0877772622095));
#6866=CARTESIAN_POINT('Ctrl Pts',(8.00987809450612,25.1652023924057,-14.0816651291028));
#6867=CARTESIAN_POINT('Ctrl Pts',(8.01388663447666,25.1798539871229,-14.0794187067912));
#6868=CARTESIAN_POINT('Ctrl Pts',(8.01779712434118,25.1944981697331,-14.0772203522951));
#6869=CARTESIAN_POINT('Ctrl Pts',(8.02159682522025,25.2091345851496,-14.0750732142396));
#6870=CARTESIAN_POINT('Ctrl Pts',(8.02559257271978,25.2245261704779,-14.0728152940007));
#6871=CARTESIAN_POINT('Ctrl Pts',(8.0294657917503,25.2399092428772,-14.0706140082048));
#6872=CARTESIAN_POINT('Ctrl Pts',(8.03321199719792,25.2552804878539,-14.0684761769301));
#6873=CARTESIAN_POINT('Ctrl Pts',(8.04074339231856,25.2861829359536,-14.0641782674172));
#6874=CARTESIAN_POINT('Ctrl Pts',(8.04804886604446,25.3182253412821,-14.0599916967137));
#6875=CARTESIAN_POINT('Ctrl Pts',(8.05492426187172,25.3511814204194,-14.056035329697));
#6876=CARTESIAN_POINT('Ctrl Pts',(8.06130805468572,25.381781081364,-14.0523618499491));
#6877=CARTESIAN_POINT('Ctrl Pts',(8.06732081323167,25.4131692050525,-14.0488870009414));
#6878=CARTESIAN_POINT('Ctrl Pts',(8.0727674734266,25.4451437183618,-14.045727973007));
#6879=CARTESIAN_POINT('Ctrl Pts',(8.07802093647771,25.4759840715757,-14.0426809981752));
#6880=CARTESIAN_POINT('Ctrl Pts',(8.08274768941169,25.5073706318465,-14.0399280245743));
#6881=CARTESIAN_POINT('Ctrl Pts',(8.08674409176257,25.5390913865632,-14.0375930923142));
#6882=CARTESIAN_POINT('Ctrl Pts',(8.09062233703551,25.5698742898429,-14.0353271943377));
#6883=CARTESIAN_POINT('Ctrl Pts',(8.09381273791435,25.6009724221463,-14.0334552563175));
#6884=CARTESIAN_POINT('Ctrl Pts',(8.0961024353826,25.6321540213819,-14.0321053771972));
#6885=CARTESIAN_POINT('Ctrl Pts',(8.09832334346773,25.6623988318032,-14.0307960524966));
#6886=CARTESIAN_POINT('Ctrl Pts',(8.09969678277328,25.6927224540645,-14.0299781910192));
#6887=CARTESIAN_POINT('Ctrl Pts',(8.10000377460782,25.7228714358975,-14.029778537081));
#6888=CARTESIAN_POINT('Ctrl Pts',(8.10005047223096,25.7274575050791,-14.0297481670082));
#6889=CARTESIAN_POINT('Ctrl Pts',(8.10007244719677,25.7320394478623,-14.0297321154301));
#6890=CARTESIAN_POINT('Ctrl Pts',(8.10006887850241,25.736616278342,-14.0297308423736));
#6891=CARTESIAN_POINT('Ctrl Pts',(-16.1960891506449,32.8933333333333,-0.000214944855953525));
#6892=CARTESIAN_POINT('Ctrl Pts',(-16.1957222022394,32.5477777777778,-1.41344534626605));
#6893=CARTESIAN_POINT('Ctrl Pts',(-15.8306383631186,31.8566666666667,-4.2401735378347));
#6894=CARTESIAN_POINT('Ctrl Pts',(-13.6473649930353,30.4744444444444,-9.51717541272056));
#6895=CARTESIAN_POINT('Ctrl Pts',(-9.51451403115616,29.0922222222222,-13.6458526383805));
#6896=CARTESIAN_POINT('Ctrl Pts',(-2.92124883241971,27.3644444444444,-16.3783441477525));
#6897=CARTESIAN_POINT('Ctrl Pts',(2.82450939714554,26.0054381804611,-16.3805374044422));
#6898=CARTESIAN_POINT('Ctrl Pts',(6.69841546657733,24.9919874720333,-14.8092833389972));
#6899=CARTESIAN_POINT('Ctrl Pts',(7.85198494169906,24.6696478747166,-14.1699232416213));
#6900=CARTESIAN_POINT('Origin',(0.,1.04721359549996,0.));
#6901=CARTESIAN_POINT('',(11.7788854382,0.957770876399964,-2.46519032881566E-31));
#6902=CARTESIAN_POINT('',(-1.4424974349415E-15,0.957770876399964,11.7788854382));
#6903=CARTESIAN_POINT('Origin',(0.,0.957770876399964,7.21248717470749E-16));
#6904=CARTESIAN_POINT('',(-1.44508322299388E-15,1.04721359549996,11.8));
#6905=CARTESIAN_POINT('Origin',(-1.42059028701093E-15,1.04721359549996,
11.6));
#6906=CARTESIAN_POINT('',(-11.8,1.04721359549996,-1.44508322299388E-15));
#6907=CARTESIAN_POINT('Origin',(0.,1.04721359549996,0.));
#6908=CARTESIAN_POINT('Origin',(0.,1.04721359549996,0.));
#6909=CARTESIAN_POINT('Origin',(0.,0.957770876399964,7.21248717470749E-16));
#6910=CARTESIAN_POINT('Origin',(0.,0.5,0.));
#6911=CARTESIAN_POINT('',(11.35527864045,0.110557280900008,2.78124112809068E-15));
#6912=CARTESIAN_POINT('',(-1.39062056404534E-15,0.110557280900008,-11.35527864045));
#6913=CARTESIAN_POINT('Origin',(0.,0.110557280900008,6.9531028202267E-16));
#6914=CARTESIAN_POINT('',(11.55,0.5,1.41446705301519E-15));
#6915=CARTESIAN_POINT('Origin',(0.,0.110557280900008,6.9531028202267E-16));
#6916=CARTESIAN_POINT('Origin',(0.,2.5,0.));
#6917=CARTESIAN_POINT('',(-11.8,4.66862915010151,-1.44508322299388E-15));
#6918=CARTESIAN_POINT('',(-11.8,2.5,-1.44508322299388E-15));
#6919=CARTESIAN_POINT('',(10.6172907471689,4.66862915010151,-5.14909090909091));
#6920=CARTESIAN_POINT('Origin',(0.,4.66862915010151,0.));
#6921=CARTESIAN_POINT('',(10.9119470152254,5.25373372338091,-4.49103688883905));
#6922=CARTESIAN_POINT('Ctrl Pts',(10.6172907471689,4.66862915010055,-5.14909090909091));
#6923=CARTESIAN_POINT('Ctrl Pts',(10.6178688169194,4.6699081986536,-5.14789894438844));
#6924=CARTESIAN_POINT('Ctrl Pts',(10.6184473546339,4.6711856452325,-5.14670550351753));
#6925=CARTESIAN_POINT('Ctrl Pts',(10.7159944494302,4.88613654254211,-4.9453930869699));
#6926=CARTESIAN_POINT('Ctrl Pts',(10.8238637725092,5.0526901832244,-4.70505420850031));
#6927=CARTESIAN_POINT('Ctrl Pts',(10.9119470152273,5.25373372338512,-4.49103688883456));
#6928=CARTESIAN_POINT('',(11.1013512691129,6.42599775610849,-3.99999999999699));
#6929=CARTESIAN_POINT('Ctrl Pts',(10.9119470152256,5.25373372338125,-4.49103688883869));
#6930=CARTESIAN_POINT('Ctrl Pts',(10.9621259199568,5.36826339255824,-4.36911636953274));
#6931=CARTESIAN_POINT('Ctrl Pts',(11.001934448053,5.51019717382714,-4.26667713873921));
#6932=CARTESIAN_POINT('Ctrl Pts',(11.0547466324899,5.78210689553922,-4.12755935877789));
#6933=CARTESIAN_POINT('Ctrl Pts',(11.0721489089257,5.90877272359619,-4.08027969455423));
#6934=CARTESIAN_POINT('Ctrl Pts',(11.0951970136463,6.16492031585591,-4.01717520494547));
#6935=CARTESIAN_POINT('Ctrl Pts',(11.1013512691023,6.29594349064035,-4.));
#6936=CARTESIAN_POINT('Ctrl Pts',(11.1013512691023,6.42599775609115,-4.));
#6937=CARTESIAN_POINT('',(11.1013512691023,4.2,-4.));
#6938=CARTESIAN_POINT('',(11.1013512691023,2.5,-4.));
#6939=CARTESIAN_POINT('',(11.1013512691023,4.2,4.));
#6940=CARTESIAN_POINT('Origin',(0.,4.2,0.));
#6941=CARTESIAN_POINT('',(11.1013512691129,6.4259977561085,3.99999999999699));
#6942=CARTESIAN_POINT('',(11.1013512691023,2.5,4.));
#6943=CARTESIAN_POINT('',(10.9119470152252,5.25373372338098,4.49103688883951));
#6944=CARTESIAN_POINT('Ctrl Pts',(11.1013512691023,6.42599775609115,4.));
#6945=CARTESIAN_POINT('Ctrl Pts',(11.1013512691023,6.24603800266575,4.));
#6946=CARTESIAN_POINT('Ctrl Pts',(11.0896320229172,6.05680038460734,4.03296142166618));
#6947=CARTESIAN_POINT('Ctrl Pts',(11.0500085529303,5.75427974992195,4.1399728836647));
#6948=CARTESIAN_POINT('Ctrl Pts',(11.0290690674022,5.63846581573977,4.19581607168552));
#6949=CARTESIAN_POINT('Ctrl Pts',(10.977748446173,5.4296180064555,4.32826687905759));
#6950=CARTESIAN_POINT('Ctrl Pts',(10.9474732278086,5.3348196975778,4.40471825932098));
#6951=CARTESIAN_POINT('Ctrl Pts',(10.9119470152255,5.25373372338112,4.49103688883883));
#6952=CARTESIAN_POINT('',(10.6172907471689,4.66862915010151,5.14909090909091));
#6953=CARTESIAN_POINT('Ctrl Pts',(10.9119470152253,5.25373372338069,4.49103688883928));
#6954=CARTESIAN_POINT('Ctrl Pts',(10.8238637725336,5.05269018328115,4.7050542084408));
#6955=CARTESIAN_POINT('Ctrl Pts',(10.7159944494048,4.88613654248622,4.94539308702221));
#6956=CARTESIAN_POINT('Ctrl Pts',(10.6184473546559,4.67118564528108,5.14670550347203));
#6957=CARTESIAN_POINT('Ctrl Pts',(10.6178688168974,4.66990819860537,5.14789894443383));
#6958=CARTESIAN_POINT('Ctrl Pts',(10.6172907471689,4.66862915010102,5.14909090909091));
#6959=CARTESIAN_POINT('Origin',(0.,4.66862915010151,0.));
#6960=CARTESIAN_POINT('Origin',(0.,0.2,0.));
#6961=CARTESIAN_POINT('',(-1.36871341611477E-15,0.,-11.17639320225));
#6962=CARTESIAN_POINT('Origin',(-1.36871341611477E-15,0.2,-11.17639320225));
#6963=CARTESIAN_POINT('Origin',(0.,0.,0.));
#6964=CARTESIAN_POINT('Origin',(10.5,0.,0.));
#6965=CARTESIAN_POINT('',(-1.31037207508767E-15,0.,10.7));
#6966=CARTESIAN_POINT('Origin',(0.,0.,0.));
#6967=CARTESIAN_POINT('Ctrl Pts',(7.8519951320461,24.6696478747166,-14.1699037557185));
#6968=CARTESIAN_POINT('Ctrl Pts',(7.84067896033689,25.0191970365755,-14.1761744070021));
#6969=CARTESIAN_POINT('Ctrl Pts',(7.93004511034511,25.836351780568,-14.3896110849937));
#6970=CARTESIAN_POINT('Ctrl Pts',(8.26937003024532,26.3587059258629,-15.002653473445));
#6971=CARTESIAN_POINT('Ctrl Pts',(8.49416002209453,26.4778986676579,-15.3940799844345));
#6972=CARTESIAN_POINT('Ctrl Pts',(7.91683087494193,24.6696478747166,-14.1339762048771));
#6973=CARTESIAN_POINT('Ctrl Pts',(7.90909378218938,25.0188398844034,-14.1422699250061));
#6974=CARTESIAN_POINT('Ctrl Pts',(8.00632642655773,25.8299119602362,-14.3612177231839));
#6975=CARTESIAN_POINT('Ctrl Pts',(8.34449007719371,26.3427162664759,-14.9699000709571));
#6976=CARTESIAN_POINT('Ctrl Pts',(8.56708473000555,26.4603354748497,-15.357321380083));
#6977=CARTESIAN_POINT('Ctrl Pts',(8.01579700184866,24.6696478747166,-14.0080766631884));
#6978=CARTESIAN_POINT('Ctrl Pts',(8.01564080972556,25.0300690390223,-14.0154762368663));
#6979=CARTESIAN_POINT('Ctrl Pts',(8.13467536366284,25.8620527180197,-14.2401528853985));
#6980=CARTESIAN_POINT('Ctrl Pts',(8.48852957633665,26.3810311079933,-14.8620113068797));
#6981=CARTESIAN_POINT('Ctrl Pts',(8.71696059045094,26.5010646056918,-15.258396600508));
#6982=CARTESIAN_POINT('Ctrl Pts',(7.99583106970856,24.6696478747166,-13.849185661473));
#6983=CARTESIAN_POINT('Ctrl Pts',(7.99698329810215,25.0574125426514,-13.851035909135));
#6984=CARTESIAN_POINT('Ctrl Pts',(8.12863346347801,25.9602086109992,-14.0789534078307));
#6985=CARTESIAN_POINT('Ctrl Pts',(8.51645699900933,26.5304929791333,-14.7509534626254));
#6986=CARTESIAN_POINT('Ctrl Pts',(8.76519263858801,26.6614020422559,-15.1817589881631));
#6987=CARTESIAN_POINT('Ctrl Pts',(7.95876874899631,24.6696478747166,-13.784991838953));
#6988=CARTESIAN_POINT('Ctrl Pts',(7.9587687489963,25.0712110300144,-13.784991838953));
#6989=CARTESIAN_POINT('Ctrl Pts',(8.09251867943895,26.0096586548662,-14.0166535139884));
#6990=CARTESIAN_POINT('Ctrl Pts',(8.49567880530794,26.6057352567645,-14.7149473355794));
#6991=CARTESIAN_POINT('Ctrl Pts',(8.75454926985998,26.7421767200199,-15.1633241327625));
#6992=CARTESIAN_POINT('',(8.75454926985998,26.7421767200199,-15.1633241327625));
#6993=CARTESIAN_POINT('Ctrl Pts',(8.09997934577874,25.7363027382773,-14.0295757671473));
#6994=CARTESIAN_POINT('Ctrl Pts',(8.10734430082319,25.7620997107593,-14.0423322434797));
#6995=CARTESIAN_POINT('Ctrl Pts',(8.25250342874605,26.2461978352154,-14.2937552282245));
#6996=CARTESIAN_POINT('Ctrl Pts',(8.49567880530794,26.6057352567645,-14.7149473355794));
#6997=CARTESIAN_POINT('Ctrl Pts',(8.75454926985998,26.7421767200199,-15.1633241327625));
#6998=CARTESIAN_POINT('',(8.49416002209458,26.4778986676578,-15.3940799844345));
#6999=CARTESIAN_POINT('Origin',(8.51206215680034,26.7421767200199,-15.3033241327625));
#7000=CARTESIAN_POINT('Ctrl Pts',(8.49416002209453,26.4778986676579,-15.3940799844345));
#7001=CARTESIAN_POINT('Ctrl Pts',(8.26937003024532,26.3587059258629,-15.002653473445));
#7002=CARTESIAN_POINT('Ctrl Pts',(7.93004511034511,25.836351780568,-14.3896110849937));
#7003=CARTESIAN_POINT('Ctrl Pts',(7.84067896033689,25.0191970365755,-14.1761744070021));
#7004=CARTESIAN_POINT('Ctrl Pts',(7.8519951320461,24.6696478747166,-14.1699037557185));
#7005=CARTESIAN_POINT('Ctrl Pts',(8.49416002209454,26.4778986676579,-15.3940799844345));
#7006=CARTESIAN_POINT('Ctrl Pts',(8.71318289072508,26.5923455398873,-15.7705490799268));
#7007=CARTESIAN_POINT('Ctrl Pts',(8.93209224697292,26.7069680649214,-16.1470218590998));
#7008=CARTESIAN_POINT('Ctrl Pts',(9.15090953236582,26.8217287922551,-16.5234994221681));
#7009=CARTESIAN_POINT('Ctrl Pts',(8.56708473000556,26.4603354748497,-15.357321380083));
#7010=CARTESIAN_POINT('Ctrl Pts',(8.78592422034639,26.5752645725602,-15.7337547031521));
#7011=CARTESIAN_POINT('Ctrl Pts',(9.00465483961788,26.6902972020419,-16.1102092722214));
#7012=CARTESIAN_POINT('Ctrl Pts',(9.22330649003453,26.8054726598075,-16.486659708855));
#7013=CARTESIAN_POINT('Ctrl Pts',(8.71695707005107,26.501068748286,-15.2583973724167));
#7014=CARTESIAN_POINT('Ctrl Pts',(8.93503415780845,26.6165160064388,-15.6351016139031));
#7015=CARTESIAN_POINT('Ctrl Pts',(9.15305250264599,26.7320736431795,-16.0117980636683));
#7016=CARTESIAN_POINT('Ctrl Pts',(9.37104050598415,26.8476883126599,-16.3884881824679));
#7017=CARTESIAN_POINT('Ctrl Pts',(8.76519263858802,26.6614020422559,-15.1817589881632));
#7018=CARTESIAN_POINT('Ctrl Pts',(8.98286052001997,26.7763921510948,-15.5587947820188));
#7019=CARTESIAN_POINT('Ctrl Pts',(9.20054151237528,26.8914971683652,-15.9357850027736));
#7020=CARTESIAN_POINT('Ctrl Pts',(9.41817897394224,27.0067135867609,-16.3127644976449));
#7021=CARTESIAN_POINT('Ctrl Pts',(8.75454926985998,26.7421767200199,-15.1633241327625));
#7022=CARTESIAN_POINT('Ctrl Pts',(8.97225050695215,26.8569193400123,-15.5403937362767));
#7023=CARTESIAN_POINT('Ctrl Pts',(9.18993271840204,26.971806331141,-15.9174303864119));
#7024=CARTESIAN_POINT('Ctrl Pts',(9.40759981630718,27.0868077282056,-16.2944408591197));
#7025=CARTESIAN_POINT('',(9.40759981630718,27.0868077282056,-16.2944408591197));
#7026=CARTESIAN_POINT('',(9.15090953236581,26.8217287922551,-16.5234994221681));
#7027=CARTESIAN_POINT('Origin',(9.16511270324753,27.0868077282056,-16.4344408591197));
#7028=CARTESIAN_POINT('Ctrl Pts',(9.15090953236582,26.8217287922551,-16.5234994221681));
#7029=CARTESIAN_POINT('Ctrl Pts',(8.93209224697292,26.7069680649214,-16.1470218590998));
#7030=CARTESIAN_POINT('Ctrl Pts',(8.71318289072508,26.5923455398873,-15.7705490799268));
#7031=CARTESIAN_POINT('Ctrl Pts',(8.49416002209454,26.4778986676579,-15.3940799844345));
#7032=CARTESIAN_POINT('Ctrl Pts',(8.75454926985998,26.7421767200199,-15.1633241327625));
#7033=CARTESIAN_POINT('Ctrl Pts',(8.97225050695215,26.8569193400123,-15.5403937362767));
#7034=CARTESIAN_POINT('Ctrl Pts',(9.18993271840204,26.971806331141,-15.9174303864119));
#7035=CARTESIAN_POINT('Ctrl Pts',(9.40759981630718,27.0868077282056,-16.2944408591197));
#7036=CARTESIAN_POINT('Ctrl Pts',(9.15090953236581,26.8217287922551,-16.5234994221681));
#7037=CARTESIAN_POINT('Ctrl Pts',(9.3331480414779,26.9157181979541,-16.8323184216901));
#7038=CARTESIAN_POINT('Ctrl Pts',(9.6274035715303,27.3237623768321,-17.3125057632923));
#7039=CARTESIAN_POINT('Ctrl Pts',(9.74384396044586,27.9766303027587,-17.4658986700663));
#7040=CARTESIAN_POINT('Ctrl Pts',(9.75306178705208,28.2562258749241,-17.4607498629911));
#7041=CARTESIAN_POINT('Ctrl Pts',(9.22330649003453,26.8054726598075,-16.486659708855));
#7042=CARTESIAN_POINT('Ctrl Pts',(9.40722862260447,26.9017095471571,-16.7990971747681));
#7043=CARTESIAN_POINT('Ctrl Pts',(9.70147936614974,27.3186837324729,-17.2824378929868));
#7044=CARTESIAN_POINT('Ctrl Pts',(9.81134285024679,27.9763179655403,-17.4314642176432));
#7045=CARTESIAN_POINT('Ctrl Pts',(9.81763728049762,28.2562258749241,-17.4246798899118));
#7046=CARTESIAN_POINT('Ctrl Pts',(9.37103644356711,26.8476930298607,-16.3884890889941));
#7047=CARTESIAN_POINT('Ctrl Pts',(9.54776677582995,26.9422658033122,-16.6922259885285));
#7048=CARTESIAN_POINT('Ctrl Pts',(9.82458835478297,27.3524877458196,-17.1616273567952));
#7049=CARTESIAN_POINT('Ctrl Pts',(9.91591529733518,27.9877103656932,-17.3048737292852));
#7050=CARTESIAN_POINT('Ctrl Pts',(9.91603528849682,28.2562258749241,-17.2988380438269));
#7051=CARTESIAN_POINT('Ctrl Pts',(9.41817897394224,27.0067135867609,-16.3127644976449));
#7052=CARTESIAN_POINT('Ctrl Pts',(9.57436547355566,27.089856272743,-16.5833424831471));
#7053=CARTESIAN_POINT('Ctrl Pts',(9.81765603206887,27.4499439640288,-17.0045087567301));
#7054=CARTESIAN_POINT('Ctrl Pts',(9.89692918913611,28.0152934466374,-17.1418662480081));
#7055=CARTESIAN_POINT('Ctrl Pts',(9.8959892654538,28.2562258749241,-17.1403561989222));
#7056=CARTESIAN_POINT('Ctrl Pts',(9.40759981630718,27.0868077282056,-16.2944408591197));
#7057=CARTESIAN_POINT('Ctrl Pts',(9.55392313051188,27.1641156250747,-16.5478802736541));
#7058=CARTESIAN_POINT('Ctrl Pts',(9.78238849262366,27.4990153392053,-16.9435938886013));
#7059=CARTESIAN_POINT('Ctrl Pts',(9.85900603509299,28.0292116902985,-17.0762993649092));
#7060=CARTESIAN_POINT('Ctrl Pts',(9.85900603509299,28.2562258749241,-17.0762993649092));
#7061=CARTESIAN_POINT('',(9.85900603509299,28.2562258749241,-17.0762993649092));
#7062=CARTESIAN_POINT('',(9.75306178705208,28.2562258749241,-17.4607498629911));
#7063=CARTESIAN_POINT('Origin',(9.61651892203335,28.2562258749241,-17.2162993649092));
#7064=CARTESIAN_POINT('Ctrl Pts',(9.75306178705208,28.2562258749241,-17.4607498629911));
#7065=CARTESIAN_POINT('Ctrl Pts',(9.74384396044586,27.9766303027587,-17.4658986700663));
#7066=CARTESIAN_POINT('Ctrl Pts',(9.6274035715303,27.3237623768321,-17.3125057632923));
#7067=CARTESIAN_POINT('Ctrl Pts',(9.3331480414779,26.9157181979541,-16.8323184216901));
#7068=CARTESIAN_POINT('Ctrl Pts',(9.15090953236581,26.8217287922551,-16.5234994221681));
#7069=CARTESIAN_POINT('Ctrl Pts',(9.40759981630718,27.0868077282056,-16.2944408591197));
#7070=CARTESIAN_POINT('Ctrl Pts',(9.55392313051188,27.1641156250747,-16.5478802736541));
#7071=CARTESIAN_POINT('Ctrl Pts',(9.78238849262366,27.4990153392053,-16.9435938886013));
#7072=CARTESIAN_POINT('Ctrl Pts',(9.85900603509299,28.0292116902985,-17.0762993649092));
#7073=CARTESIAN_POINT('Ctrl Pts',(9.85900603509299,28.2562258749241,-17.0762993649092));
#7074=CARTESIAN_POINT('Ctrl Pts',(9.75306178705208,28.2562258749241,-17.4607498629911));
#7075=CARTESIAN_POINT('Ctrl Pts',(9.76229910126731,28.5364125462092,-17.4555901707102));
#7076=CARTESIAN_POINT('Ctrl Pts',(9.68853470403641,29.1901223124871,-17.2775553292784));
#7077=CARTESIAN_POINT('Ctrl Pts',(9.4230200572097,29.6002431991355,-16.7823949089612));
#7078=CARTESIAN_POINT('Ctrl Pts',(9.24834494409894,29.6961179678672,-16.4691619161053));
#7079=CARTESIAN_POINT('Ctrl Pts',(9.81763728049762,28.2562258749241,-17.4246798899117));
#7080=CARTESIAN_POINT('Ctrl Pts',(9.82394501794123,28.5367255437465,-17.4178812192846));
#7081=CARTESIAN_POINT('Ctrl Pts',(9.74318587022972,29.18681366839,-17.2367442653206));
#7082=CARTESIAN_POINT('Ctrl Pts',(9.47551431022955,29.5899637369065,-16.745267612404));
#7083=CARTESIAN_POINT('Ctrl Pts',(9.30117192513496,29.6840205728203,-16.4348846358159));
#7084=CARTESIAN_POINT('Ctrl Pts',(9.91603461020565,28.2562258749241,-17.2988378569081));
#7085=CARTESIAN_POINT('Ctrl Pts',(9.91615485504324,28.5253090586711,-17.292789411275));
#7086=CARTESIAN_POINT('Ctrl Pts',(9.82507459901702,29.145472412926,-17.1209474514361));
#7087=CARTESIAN_POINT('Ctrl Pts',(9.56140275128179,29.5274722999483,-16.6553323985497));
#7088=CARTESIAN_POINT('Ctrl Pts',(9.39292876111251,29.6164417029161,-16.3608061994479));
#7089=CARTESIAN_POINT('Ctrl Pts',(9.89598926545379,28.2562258749241,-17.1403561989222));
#7090=CARTESIAN_POINT('Ctrl Pts',(9.89504735465825,28.4976676637317,-17.1388429574084));
#7091=CARTESIAN_POINT('Ctrl Pts',(9.81131520481297,29.0584987201158,-16.9938713419418));
#7092=CARTESIAN_POINT('Ctrl Pts',(9.57016774700586,29.4104954822998,-16.5759774701896));
#7093=CARTESIAN_POINT('Ctrl Pts',(9.41596978678522,29.4929401079423,-16.3089380732455));
#7094=CARTESIAN_POINT('Ctrl Pts',(9.85900603509299,28.2562258749241,-17.0762993649092));
#7095=CARTESIAN_POINT('Ctrl Pts',(9.85900603509299,28.4837199952069,-17.0762993649092));
#7096=CARTESIAN_POINT('Ctrl Pts',(9.78210388244012,29.0147661522921,-16.943100929303));
#7097=CARTESIAN_POINT('Ctrl Pts',(9.55400356890086,29.3518549423492,-16.5480195970307));
#7098=CARTESIAN_POINT('Ctrl Pts',(9.40759981630717,29.4310390319167,-16.2944408591196));
#7099=CARTESIAN_POINT('',(9.40759981630717,29.4310390319167,-16.2944408591197));
#7100=CARTESIAN_POINT('',(9.24834494409894,29.6961179678672,-16.4691619161053));
#7101=CARTESIAN_POINT('Origin',(9.16511270324753,29.4310390319167,-16.4344408591197));
#7102=CARTESIAN_POINT('Ctrl Pts',(9.24834494409894,29.6961179678672,-16.4691619161053));
#7103=CARTESIAN_POINT('Ctrl Pts',(9.4230200572097,29.6002431991355,-16.7823949089612));
#7104=CARTESIAN_POINT('Ctrl Pts',(9.68853470403641,29.1901223124871,-17.2775553292784));
#7105=CARTESIAN_POINT('Ctrl Pts',(9.76229910126731,28.5364125462092,-17.4555901707102));
#7106=CARTESIAN_POINT('Ctrl Pts',(9.75306178705208,28.2562258749241,-17.4607498629911));
#7107=CARTESIAN_POINT('Ctrl Pts',(9.85900603509299,28.2562258749241,-17.0762993649092));
#7108=CARTESIAN_POINT('Ctrl Pts',(9.85900603509299,28.4837199952069,-17.0762993649092));
#7109=CARTESIAN_POINT('Ctrl Pts',(9.78210388244012,29.0147661522921,-16.943100929303));
#7110=CARTESIAN_POINT('Ctrl Pts',(9.55400356890086,29.3518549423492,-16.5480195970307));
#7111=CARTESIAN_POINT('Ctrl Pts',(9.40759981630717,29.4310390319167,-16.2944408591196));
#7112=CARTESIAN_POINT('Ctrl Pts',(9.24834494409894,29.6961179678672,-16.4691619161053));
#7113=CARTESIAN_POINT('Ctrl Pts',(9.03168664641108,29.8136185984747,-16.0914664293362));
#7114=CARTESIAN_POINT('Ctrl Pts',(8.81510303527464,29.9311567331344,-15.7137422342799));
#7115=CARTESIAN_POINT('Ctrl Pts',(8.59861009665792,30.0487374916647,-15.3359824417534));
#7116=CARTESIAN_POINT('Ctrl Pts',(9.30871863671153,29.6822923735279,-16.4299878814889));
#7117=CARTESIAN_POINT('Ctrl Pts',(9.09176588296743,29.7995236446098,-16.0523767277841));
#7118=CARTESIAN_POINT('Ctrl Pts',(8.87487619513399,29.916800137508,-15.6747455800396));
#7119=CARTESIAN_POINT('Ctrl Pts',(8.65804323731124,30.0340804689498,-15.2970861698542));
#7120=CARTESIAN_POINT('Ctrl Pts',(9.39793231287824,29.6080324929646,-16.3552914847668));
#7121=CARTESIAN_POINT('Ctrl Pts',(9.18039528917062,29.725199483497,-15.977988847653));
#7122=CARTESIAN_POINT('Ctrl Pts',(8.96287274082695,29.8423836513831,-15.6006849227624));
#7123=CARTESIAN_POINT('Ctrl Pts',(8.74537417639383,29.9596008468833,-15.2233795037248));
#7124=CARTESIAN_POINT('Ctrl Pts',(9.41477407671692,29.4840970970815,-16.3068670426561));
#7125=CARTESIAN_POINT('Ctrl Pts',(9.19705960460606,29.6016670599814,-15.9297782276933));
#7126=CARTESIAN_POINT('Ctrl Pts',(8.97935666212384,29.719283762693,-15.5526978733424));
#7127=CARTESIAN_POINT('Ctrl Pts',(8.76165736549316,29.8369634968293,-15.1756357155442));
#7128=CARTESIAN_POINT('Ctrl Pts',(9.40759981630717,29.4310390319167,-16.2944408591196));
#7129=CARTESIAN_POINT('Ctrl Pts',(9.18990744413743,29.5487803602002,-15.9173866101015));
#7130=CARTESIAN_POINT('Ctrl Pts',(8.97222335763153,29.6665829698918,-15.540346712274));
#7131=CARTESIAN_POINT('Ctrl Pts',(8.75454926985998,29.7844594393027,-15.1633241327625));
#7132=CARTESIAN_POINT('',(8.75454926985999,29.7844594393027,-15.1633241327625));
#7133=CARTESIAN_POINT('',(8.59861009665792,30.0487374916647,-15.3359824417534));
#7134=CARTESIAN_POINT('Origin',(8.51206215680034,29.7844594393027,-15.3033241327625));
#7135=CARTESIAN_POINT('Ctrl Pts',(8.59861009665792,30.0487374916647,-15.3359824417534));
#7136=CARTESIAN_POINT('Ctrl Pts',(8.81510303527464,29.9311567331344,-15.7137422342799));
#7137=CARTESIAN_POINT('Ctrl Pts',(9.03168664641108,29.8136185984747,-16.0914664293362));
#7138=CARTESIAN_POINT('Ctrl Pts',(9.24834494409894,29.6961179678672,-16.4691619161053));
#7139=CARTESIAN_POINT('Ctrl Pts',(9.40759981630717,29.4310390319167,-16.2944408591196));
#7140=CARTESIAN_POINT('Ctrl Pts',(9.18990744413743,29.5487803602002,-15.9173866101015));
#7141=CARTESIAN_POINT('Ctrl Pts',(8.97222335763153,29.6665829698918,-15.540346712274));
#7142=CARTESIAN_POINT('Ctrl Pts',(8.75454926985998,29.7844594393027,-15.1633241327625));
#7143=CARTESIAN_POINT('Ctrl Pts',(8.59861009665792,30.0487374916647,-15.3359824417534));
#7144=CARTESIAN_POINT('Ctrl Pts',(8.36987069752296,30.171807354953,-14.9462580375159));
#7145=CARTESIAN_POINT('Ctrl Pts',(8.00582789470382,30.6999121613042,-14.3487406231735));
#7146=CARTESIAN_POINT('Ctrl Pts',(7.86334400526053,31.5190885846945,-14.163614983489));
#7147=CARTESIAN_POINT('Ctrl Pts',(7.8519951320461,31.8696478747166,-14.1699037557185));
#7148=CARTESIAN_POINT('Ctrl Pts',(8.65061409472958,30.0359125967892,-15.3019482038416));
#7149=CARTESIAN_POINT('Ctrl Pts',(8.42099061794993,30.160440186954,-14.9092983422225));
#7150=CARTESIAN_POINT('Ctrl Pts',(8.05850617584693,30.6957481982353,-14.3072577136244));
#7151=CARTESIAN_POINT('Ctrl Pts',(7.92459032636715,31.519446768966,-14.1256585175321));
#7152=CARTESIAN_POINT('Ctrl Pts',(7.91683087494193,31.8696478747166,-14.1339762048771));
#7153=CARTESIAN_POINT('Ctrl Pts',(8.74050171940998,29.9679400811178,-15.2287998876206));
#7154=CARTESIAN_POINT('Ctrl Pts',(8.50383683721406,30.0974109741546,-14.8205148922338));
#7155=CARTESIAN_POINT('Ctrl Pts',(8.13643891488652,30.6541561131654,-14.1922770746569));
#7156=CARTESIAN_POINT('Ctrl Pts',(8.01594845784643,31.5081851643042,-14.0006542672046));
#7157=CARTESIAN_POINT('Ctrl Pts',(8.01579181435889,31.8696478747166,-14.0080752241916));
#7158=CARTESIAN_POINT('Ctrl Pts',(8.7628420480987,29.8457141730837,-15.1776876460079));
#7159=CARTESIAN_POINT('Ctrl Pts',(8.5114577724658,29.9824247285629,-14.7422542140067));
#7160=CARTESIAN_POINT('Ctrl Pts',(8.12183225880462,30.5692112793484,-14.067654687745));
#7161=CARTESIAN_POINT('Ctrl Pts',(7.99467551160208,31.4807626433404,-13.8473300669601));
#7162=CARTESIAN_POINT('Ctrl Pts',(7.99583106970856,31.8696478747166,-13.849185661473));
#7163=CARTESIAN_POINT('Ctrl Pts',(8.75454926985999,29.7844594393027,-15.1633241327625));
#7164=CARTESIAN_POINT('Ctrl Pts',(8.49539842626438,29.9247967059046,-14.7144617048306));
#7165=CARTESIAN_POINT('Ctrl Pts',(8.09308727492336,30.5265183667606,-14.0176383502564));
#7166=CARTESIAN_POINT('Ctrl Pts',(7.9587687489963,31.4669242810693,-13.784991838953));
#7167=CARTESIAN_POINT('Ctrl Pts',(7.9587687489963,31.8696478747166,-13.784991838953));
#7168=CARTESIAN_POINT('Ctrl Pts',(7.8519951320461,31.8696478747166,-14.1699037557185));
#7169=CARTESIAN_POINT('Ctrl Pts',(7.86334400526053,31.5190885846945,-14.163614983489));
#7170=CARTESIAN_POINT('Ctrl Pts',(8.00582789470382,30.6999121613042,-14.3487406231735));
#7171=CARTESIAN_POINT('Ctrl Pts',(8.36987069752296,30.171807354953,-14.9462580375159));
#7172=CARTESIAN_POINT('Ctrl Pts',(8.59861009665792,30.0487374916647,-15.3359824417534));
#7173=CARTESIAN_POINT('Ctrl Pts',(8.75454926985999,29.7844594393027,-15.1633241327625));
#7174=CARTESIAN_POINT('Ctrl Pts',(8.49539842626438,29.9247967059046,-14.7144617048306));
#7175=CARTESIAN_POINT('Ctrl Pts',(8.25260852454478,30.2879284322185,-14.2939372594876));
#7176=CARTESIAN_POINT('Ctrl Pts',(8.10742089783747,30.7744081558765,-14.0424649134002));
#7177=CARTESIAN_POINT('Ctrl Pts',(8.09998697776449,30.8005735241472,-14.0295889861344));
#7178=CARTESIAN_POINT('Origin',(8.62472216647766,28.2,-14.9384569935048));
#7179=CARTESIAN_POINT('Ctrl Pts',(2.78811317766403,27.1068518747485,18.1195707604179));
#7180=CARTESIAN_POINT('Ctrl Pts',(2.79220017376204,27.1077710641405,18.1190541073096));
#7181=CARTESIAN_POINT('Ctrl Pts',(2.80108040957826,27.1112735039403,18.1239238818589));
#7182=CARTESIAN_POINT('Ctrl Pts',(2.81745987881445,27.1185601244596,18.1349760856586));
#7183=CARTESIAN_POINT('Ctrl Pts',(2.84599994228591,27.1324410416219,18.1556211986653));
#7184=CARTESIAN_POINT('Ctrl Pts',(2.8857252046445,27.1543180485951,18.1843490297263));
#7185=CARTESIAN_POINT('Ctrl Pts',(2.93231152209207,27.1839705922276,18.2175346731974));
#7186=CARTESIAN_POINT('Ctrl Pts',(3.0221028104386,27.2499436190627,18.279390055673));
#7187=CARTESIAN_POINT('Ctrl Pts',(3.1311162422482,27.3599211496087,18.3469657610951));
#7188=CARTESIAN_POINT('Ctrl Pts',(3.20303102718887,27.4991104988773,18.3602237690232));
#7189=CARTESIAN_POINT('Ctrl Pts',(3.22601282236285,27.6020676736714,18.3241859385693));
#7190=CARTESIAN_POINT('Ctrl Pts',(3.2243900670796,27.6473927647395,18.2864247667844));
#7191=CARTESIAN_POINT('Ctrl Pts',(3.21853180080651,27.6709941701533,18.2532008877754));
#7192=CARTESIAN_POINT('Ctrl Pts',(2.78803702010004,27.1066558932688,18.1188094134293));
#7193=CARTESIAN_POINT('Ctrl Pts',(2.79238893116673,27.1076291264522,18.1182331677862));
#7194=CARTESIAN_POINT('Ctrl Pts',(2.80172739745323,27.111114214046,18.1224533000778));
#7195=CARTESIAN_POINT('Ctrl Pts',(2.81889279305649,27.1183555433253,18.1321080729717));
#7196=CARTESIAN_POINT('Ctrl Pts',(2.84874400333542,27.1322360192715,18.1501407185028));
#7197=CARTESIAN_POINT('Ctrl Pts',(2.89014254223107,27.1543459296985,18.1750495149928));
#7198=CARTESIAN_POINT('Ctrl Pts',(2.93830288982851,27.1847314596003,18.2034388110726));
#7199=CARTESIAN_POINT('Ctrl Pts',(3.0301292180042,27.2522746116418,18.2554107240905));
#7200=CARTESIAN_POINT('Ctrl Pts',(3.13737667052592,27.3664253754807,18.3082482909124));
#7201=CARTESIAN_POINT('Ctrl Pts',(3.19678685717975,27.4955813287926,18.3083665364335));
#7202=CARTESIAN_POINT('Ctrl Pts',(3.21424982847408,27.5782402665443,18.2729429312888));
#7203=CARTESIAN_POINT('Ctrl Pts',(3.21455701561759,27.611829360096,18.2414326849459));
#7204=CARTESIAN_POINT('Ctrl Pts',(3.21163030306131,27.6298615294985,18.2140605490849));
#7205=CARTESIAN_POINT('Ctrl Pts',(2.78788695456385,27.1062550817235,18.1172887721767));
#7206=CARTESIAN_POINT('Ctrl Pts',(2.79276887601758,27.1073360032683,18.1165934201531));
#7207=CARTESIAN_POINT('Ctrl Pts',(2.80301845703287,27.1107628514493,18.1195182114865));
#7208=CARTESIAN_POINT('Ctrl Pts',(2.82178201586098,27.1178139985931,18.1263997689871));
#7209=CARTESIAN_POINT('Ctrl Pts',(2.85433139521028,27.1313545000882,18.1392745724178));
#7210=CARTESIAN_POINT('Ctrl Pts',(2.89937984729459,27.1530500770264,18.1567077152746));
#7211=CARTESIAN_POINT('Ctrl Pts',(2.95167918846951,27.1832123262623,18.175779577626));
#7212=CARTESIAN_POINT('Ctrl Pts',(3.05084699995918,27.2497424784055,18.208506991955));
#7213=CARTESIAN_POINT('Ctrl Pts',(3.16479237156533,27.3633027091181,18.2323055505987));
#7214=CARTESIAN_POINT('Ctrl Pts',(3.22223285560786,27.4712771265338,18.2030130340755));
#7215=CARTESIAN_POINT('Ctrl Pts',(3.2418479260456,27.5215656724745,18.16485609653));
#7216=CARTESIAN_POINT('Ctrl Pts',(3.24744963229662,27.537785773652,18.1437898763299));
#7217=CARTESIAN_POINT('Ctrl Pts',(3.24939738841824,27.5481084097861,18.1271891820128));
#7218=CARTESIAN_POINT('Ctrl Pts',(2.78774140927291,27.1058366292764,18.1157724498175));
#7219=CARTESIAN_POINT('Ctrl Pts',(2.79315362859709,27.1070244282785,18.1149581754986));
#7220=CARTESIAN_POINT('Ctrl Pts',(2.80433145797183,27.1103554519797,18.1166012367064));
#7221=CARTESIAN_POINT('Ctrl Pts',(2.82475418726019,27.1170248952566,18.1207641730226));
#7222=CARTESIAN_POINT('Ctrl Pts',(2.86022711899462,27.1295792351636,18.1286842292196));
#7223=CARTESIAN_POINT('Ctrl Pts',(2.90965465558673,27.1492504164299,18.1392897144058));
#7224=CARTESIAN_POINT('Ctrl Pts',(2.96767474708376,27.1758345399206,18.1505510557434));
#7225=CARTESIAN_POINT('Ctrl Pts',(3.07972385274261,27.2339102430993,18.16908503569));
#7226=CARTESIAN_POINT('Ctrl Pts',(3.21600002291718,27.3292108187332,18.1788226042324));
#7227=CARTESIAN_POINT('Ctrl Pts',(3.309574409808,27.4272979513071,18.1513538463844));
#7228=CARTESIAN_POINT('Ctrl Pts',(3.35114625929159,27.4857235721639,18.1173911798785));
#7229=CARTESIAN_POINT('Ctrl Pts',(3.36120919456928,27.5092554502282,18.0974971827458));
#7230=CARTESIAN_POINT('Ctrl Pts',(3.36336194353467,27.5227298330839,18.082193984961));
#7231=CARTESIAN_POINT('Ctrl Pts',(2.78766977179677,27.1056230075092,18.1150154215719));
#7232=CARTESIAN_POINT('Ctrl Pts',(2.79334719355867,27.1068640394456,18.1141417387922));
#7233=CARTESIAN_POINT('Ctrl Pts',(2.80499005156606,27.1101327778218,18.1151430992674));
#7234=CARTESIAN_POINT('Ctrl Pts',(2.82625457003599,27.1165614253009,18.1179601631928));
#7235=CARTESIAN_POINT('Ctrl Pts',(2.86322777707373,27.12844527543,18.1234513895351));
#7236=CARTESIAN_POINT('Ctrl Pts',(2.9149523679354,27.1466667106822,18.1308238410702));
#7237=CARTESIAN_POINT('Ctrl Pts',(2.97609357178614,27.1706728493095,18.138775279087));
#7238=CARTESIAN_POINT('Ctrl Pts',(3.09524675572639,27.2228218371796,18.1521417492367));
#7239=CARTESIAN_POINT('Ctrl Pts',(3.24439129939361,27.3058290381862,18.1613515170406));
#7240=CARTESIAN_POINT('Ctrl Pts',(3.35705657692252,27.4056639225236,18.1464770878271));
#7241=CARTESIAN_POINT('Ctrl Pts',(3.40821275838349,27.4788870325246,18.1174633893768));
#7242=CARTESIAN_POINT('Ctrl Pts',(3.41889959839299,27.5113436999878,18.095551852077));
#7243=CARTESIAN_POINT('Ctrl Pts',(3.4200958974409,27.5286777518942,18.0780260541612));
#7244=CARTESIAN_POINT('',(2.80072759420103,27.1089694422928,18.1148673537742));
#7245=CARTESIAN_POINT('',(2.7881131776641,27.1068518747485,18.1195707604178));
#7246=CARTESIAN_POINT('Ctrl Pts',(2.78811317766403,27.1068518747485,18.1195707604179));
#7247=CARTESIAN_POINT('Ctrl Pts',(2.78812330352265,27.1068524935197,18.1195623307437));
#7248=CARTESIAN_POINT('Ctrl Pts',(2.78813345413115,27.1068531189597,18.1195539026197));
#7249=CARTESIAN_POINT('Ctrl Pts',(2.78814359837135,27.1068537491197,18.1195455017497));
#7250=CARTESIAN_POINT('Ctrl Pts',(2.78884795951553,27.1068975040223,18.1189621907975));
#7251=CARTESIAN_POINT('Ctrl Pts',(2.78964296590591,27.1069710341526,18.1184075510024));
#7252=CARTESIAN_POINT('Ctrl Pts',(2.79058233878894,27.1070875173624,18.1178797462186));
#7253=CARTESIAN_POINT('Ctrl Pts',(2.79101931185846,27.1071417024753,18.1176342244661));
#7254=CARTESIAN_POINT('Ctrl Pts',(2.79148728556279,27.1072052772883,18.1173951888777));
#7255=CARTESIAN_POINT('Ctrl Pts',(2.79199012371529,27.1072799970862,18.1171658806677));
#7256=CARTESIAN_POINT('Ctrl Pts',(2.7919908818406,27.1072801097407,18.1171655349415));
#7257=CARTESIAN_POINT('Ctrl Pts',(2.79199164004491,27.1072802224206,18.1171651892377));
#7258=CARTESIAN_POINT('Ctrl Pts',(2.79199239832824,27.1072803351258,18.1171648435566));
#7259=CARTESIAN_POINT('Ctrl Pts',(2.79327538006725,27.1074710273949,18.1165799663345));
#7260=CARTESIAN_POINT('Ctrl Pts',(2.79470982224731,27.1077244619279,18.1160981820143));
#7261=CARTESIAN_POINT('Ctrl Pts',(2.79631004132652,27.1080371490411,18.1156912402794));
#7262=CARTESIAN_POINT('Ctrl Pts',(2.79762853871417,27.1082947869777,18.1153559414311));
#7263=CARTESIAN_POINT('Ctrl Pts',(2.79906092394278,27.1085932931501,18.1150729912193));
#7264=CARTESIAN_POINT('Ctrl Pts',(2.80062254829692,27.1089364977103,18.1148406212356));
#7265=CARTESIAN_POINT('',(3.21853180080651,27.6709941701533,18.2532008877754));
#7266=CARTESIAN_POINT('Ctrl Pts',(2.78811317766403,27.1068518747485,18.1195707604179));
#7267=CARTESIAN_POINT('Ctrl Pts',(2.79220017376204,27.1077710641405,18.1190541073096));
#7268=CARTESIAN_POINT('Ctrl Pts',(2.80108040957826,27.1112735039403,18.1239238818589));
#7269=CARTESIAN_POINT('Ctrl Pts',(2.81745987881445,27.1185601244596,18.1349760856586));
#7270=CARTESIAN_POINT('Ctrl Pts',(2.84599994228591,27.1324410416219,18.1556211986653));
#7271=CARTESIAN_POINT('Ctrl Pts',(2.8857252046445,27.1543180485951,18.1843490297263));
#7272=CARTESIAN_POINT('Ctrl Pts',(2.93231152209207,27.1839705922276,18.2175346731974));
#7273=CARTESIAN_POINT('Ctrl Pts',(3.0221028104386,27.2499436190627,18.279390055673));
#7274=CARTESIAN_POINT('Ctrl Pts',(3.1311162422482,27.3599211496087,18.3469657610951));
#7275=CARTESIAN_POINT('Ctrl Pts',(3.20303102718887,27.4991104988773,18.3602237690232));
#7276=CARTESIAN_POINT('Ctrl Pts',(3.22601282236285,27.6020676736714,18.3241859385693));
#7277=CARTESIAN_POINT('Ctrl Pts',(3.2243900670796,27.6473927647395,18.2864247667844));
#7278=CARTESIAN_POINT('Ctrl Pts',(3.21853180080651,27.6709941701533,18.2532008877754));
#7279=CARTESIAN_POINT('',(3.4200958974409,27.5286777518942,18.0780260541612));
#7280=CARTESIAN_POINT('Origin',(3.41549335140895,27.6709941701533,18.218471252242));
#7281=CARTESIAN_POINT('Ctrl Pts',(3.41931942346625,27.5285975119301,18.0780842400933));
#7282=CARTESIAN_POINT('Ctrl Pts',(3.41811010058079,27.5113161407834,18.0955797987529));
#7283=CARTESIAN_POINT('Ctrl Pts',(3.40743189950782,27.4789812888433,18.117463886552));
#7284=CARTESIAN_POINT('Ctrl Pts',(3.35640697555068,27.405960027315,18.1465451385786));
#7285=CARTESIAN_POINT('Ctrl Pts',(3.24400291101504,27.3061486452772,18.1615912046116));
#7286=CARTESIAN_POINT('Ctrl Pts',(3.09503437723819,27.2229733949099,18.1523738075956));
#7287=CARTESIAN_POINT('Ctrl Pts',(2.97597837814924,27.1707434001995,18.1389364945729));
#7288=CARTESIAN_POINT('Ctrl Pts',(2.91487987351765,27.1467020285596,18.1309397201032));
#7289=CARTESIAN_POINT('Ctrl Pts',(2.86318671339715,27.1284607794137,18.1235230100169));
#7290=CARTESIAN_POINT('Ctrl Pts',(2.82623403670619,27.1165677640436,18.1179985397034));
#7291=CARTESIAN_POINT('Ctrl Pts',(2.80903292037906,27.1113620728947,18.1157036401725));
#7292=CARTESIAN_POINT('Ctrl Pts',(2.80207168762143,27.1093518265063,18.1149825077816));
#7293=CARTESIAN_POINT('Ctrl Pts',(2.80072722689883,27.1089708544485,18.1148669714843));
#7294=CARTESIAN_POINT('Ctrl Pts',(3.18989281617147,27.7635492634909,18.0907811348824));
#7295=CARTESIAN_POINT('Ctrl Pts',(3.14386703538931,27.8320944309752,17.8297559610988));
#7296=CARTESIAN_POINT('Ctrl Pts',(3.0978427211638,27.9006722572998,17.5687391045713));
#7297=CARTESIAN_POINT('Ctrl Pts',(3.05182009992827,27.9692877435138,17.3077318494671));
#7298=CARTESIAN_POINT('Ctrl Pts',(3.18732199505623,27.7063018695784,18.07620128383));
#7299=CARTESIAN_POINT('Ctrl Pts',(3.14128678508989,27.7747548757202,17.8151484487291));
#7300=CARTESIAN_POINT('Ctrl Pts',(3.09526674112592,27.8432416391425,17.5541014769928));
#7301=CARTESIAN_POINT('Ctrl Pts',(3.04923372211427,27.9117569039939,17.2930637719919));
#7302=CARTESIAN_POINT('Ctrl Pts',(3.23747918607839,27.5926306565479,18.0375071760259));
#7303=CARTESIAN_POINT('Ctrl Pts',(3.19162928634084,27.6609132663879,17.776366824184));
#7304=CARTESIAN_POINT('Ctrl Pts',(3.14578479766523,27.7292108389482,17.5152282303346));
#7305=CARTESIAN_POINT('Ctrl Pts',(3.09995467025458,27.7975411363692,17.2540944283628));
#7306=CARTESIAN_POINT('Ctrl Pts',(3.36051741365403,27.5623516455036,18.0078609535511));
#7307=CARTESIAN_POINT('Ctrl Pts',(3.31497779514998,27.6308295020609,17.7467143723107));
#7308=CARTESIAN_POINT('Ctrl Pts',(3.26945649245485,27.6993536968102,17.485575665109));
#7309=CARTESIAN_POINT('Ctrl Pts',(3.22396372346701,27.7678999758946,17.2244360025056));
#7310=CARTESIAN_POINT('Ctrl Pts',(3.41807123339976,27.5739002845804,18.0007453329995));
#7311=CARTESIAN_POINT('Ctrl Pts',(3.3725967186464,27.6425606503763,17.7396362907365));
#7312=CARTESIAN_POINT('Ctrl Pts',(3.32714598906822,27.7112608312946,17.4785323667576));
#7313=CARTESIAN_POINT('Ctrl Pts',(3.28172213705271,27.7800071358995,17.2174344541369));
#7314=CARTESIAN_POINT('',(3.05182009992827,27.9692877435138,17.3077318494671));
#7315=CARTESIAN_POINT('',(3.28172213705271,27.7800071358995,17.2174344541369));
#7316=CARTESIAN_POINT('Origin',(3.24878165053071,27.9692877435138,17.2730022139337));
#7317=CARTESIAN_POINT('',(3.41807123306614,27.5739002845135,18.0007453330401));
#7318=CARTESIAN_POINT('Ctrl Pts',(3.28172213705271,27.7800071358995,17.2174344541369));
#7319=CARTESIAN_POINT('Ctrl Pts',(3.32714598906822,27.7112608312946,17.4785323667576));
#7320=CARTESIAN_POINT('Ctrl Pts',(3.3725967186464,27.6425606503763,17.7396362907365));
#7321=CARTESIAN_POINT('Ctrl Pts',(3.41807123339976,27.5739002845804,18.0007453329995));
#7322=CARTESIAN_POINT('',(3.18989281617147,27.7635492634909,18.0907811348824));
#7323=CARTESIAN_POINT('Origin',(3.38685436677391,27.7635492634909,18.056051499349));
#7324=CARTESIAN_POINT('Ctrl Pts',(3.18989281617147,27.7635492634909,18.0907811348824));
#7325=CARTESIAN_POINT('Ctrl Pts',(3.14386703538931,27.8320944309752,17.8297559610988));
#7326=CARTESIAN_POINT('Ctrl Pts',(3.0978427211638,27.9006722572998,17.5687391045713));
#7327=CARTESIAN_POINT('Ctrl Pts',(3.05182009992827,27.9692877435138,17.3077318494671));
#7328=CARTESIAN_POINT('Ctrl Pts',(3.05182009992827,27.9692877435138,17.3077318494671));
#7329=CARTESIAN_POINT('Ctrl Pts',(3.01863897544798,28.0187577417065,17.1195523414475));
#7330=CARTESIAN_POINT('Ctrl Pts',(2.95820406147923,28.24701828493,16.7768089125864));
#7331=CARTESIAN_POINT('Ctrl Pts',(2.9344486945735,28.6404799789923,16.6420855321356));
#7332=CARTESIAN_POINT('Ctrl Pts',(2.9344486945735,28.8378623363129,16.6420855321356));
#7333=CARTESIAN_POINT('Ctrl Pts',(3.04923372211427,27.9117569039939,17.2930637719919));
#7334=CARTESIAN_POINT('Ctrl Pts',(3.01390560555489,27.9648693279379,17.0925992740898));
#7335=CARTESIAN_POINT('Ctrl Pts',(2.94964765095878,28.2098945590495,16.7285069215719));
#7336=CARTESIAN_POINT('Ctrl Pts',(2.92506657102532,28.6289193904805,16.5891950343944));
#7337=CARTESIAN_POINT('Ctrl Pts',(2.92542499911872,28.8378623363129,16.5909096121571));
#7338=CARTESIAN_POINT('Ctrl Pts',(3.09995385444854,27.7975401949275,17.2540943247183));
#7339=CARTESIAN_POINT('Ctrl Pts',(3.05954350558964,27.85778142704,17.0295631285171));
#7340=CARTESIAN_POINT('Ctrl Pts',(2.98417111133054,28.1360544041202,16.623751357048));
#7341=CARTESIAN_POINT('Ctrl Pts',(2.95156757491116,28.6059946725623,16.4760208904136));
#7342=CARTESIAN_POINT('Ctrl Pts',(2.94948304700691,28.8378623363129,16.4815668235811));
#7343=CARTESIAN_POINT('Ctrl Pts',(3.22396372346701,27.7678999758946,17.2244360025056));
#7344=CARTESIAN_POINT('Ctrl Pts',(3.18110463335414,27.8290494192974,16.9933382875181));
#7345=CARTESIAN_POINT('Ctrl Pts',(3.09727568814071,28.1109224439892,16.5740315229254));
#7346=CARTESIAN_POINT('Ctrl Pts',(3.05130048729346,28.5961151543772,16.4161242916078));
#7347=CARTESIAN_POINT('Ctrl Pts',(3.04328658883034,28.8378623363129,16.4204478361618));
#7348=CARTESIAN_POINT('Ctrl Pts',(3.28172213705271,27.7800071358995,17.2174344541368));
#7349=CARTESIAN_POINT('Ctrl Pts',(3.23908553193471,27.8396698601759,16.9889302411611));
#7350=CARTESIAN_POINT('Ctrl Pts',(3.1546097353894,28.1149090735777,16.5722829679687));
#7351=CARTESIAN_POINT('Ctrl Pts',(3.10457773034499,28.5960689353719,16.4088910471297));
#7352=CARTESIAN_POINT('Ctrl Pts',(3.09435213576557,28.8378623363129,16.4108191404294));
#7353=CARTESIAN_POINT('',(2.9344486945735,28.8378623363129,16.6420855321356));
#7354=CARTESIAN_POINT('',(3.09435213576557,28.8378623363129,16.4108191404294));
#7355=CARTESIAN_POINT('Origin',(3.13141024517594,28.8378623363129,16.6073558966022));
#7356=CARTESIAN_POINT('Ctrl Pts',(3.09435213576557,28.8378623363129,16.4108191404294));
#7357=CARTESIAN_POINT('Ctrl Pts',(3.10457773034499,28.5960689353719,16.4088910471297));
#7358=CARTESIAN_POINT('Ctrl Pts',(3.1546097353894,28.1149090735777,16.5722829679687));
#7359=CARTESIAN_POINT('Ctrl Pts',(3.23908553193471,27.8396698601759,16.9889302411611));
#7360=CARTESIAN_POINT('Ctrl Pts',(3.28172213705271,27.7800071358995,17.2174344541368));
#7361=CARTESIAN_POINT('Ctrl Pts',(3.05182009992827,27.9692877435138,17.3077318494671));
#7362=CARTESIAN_POINT('Ctrl Pts',(3.01863897544798,28.0187577417065,17.1195523414475));
#7363=CARTESIAN_POINT('Ctrl Pts',(2.95820406147923,28.24701828493,16.7768089125864));
#7364=CARTESIAN_POINT('Ctrl Pts',(2.9344486945735,28.6404799789923,16.6420855321356));
#7365=CARTESIAN_POINT('Ctrl Pts',(2.9344486945735,28.8378623363129,16.6420855321356));
#7366=CARTESIAN_POINT('Ctrl Pts',(2.9344486945735,28.8378623363128,16.6420855321356));
#7367=CARTESIAN_POINT('Ctrl Pts',(2.9344486945735,29.0348672310822,16.6420855321356));
#7368=CARTESIAN_POINT('Ctrl Pts',(2.95815400947625,29.4278218814585,16.7765250535718));
#7369=CARTESIAN_POINT('Ctrl Pts',(3.01866156104266,29.6543754081013,17.11968043072));
#7370=CARTESIAN_POINT('Ctrl Pts',(3.05182009992827,29.7028326446018,17.3077318494671));
#7371=CARTESIAN_POINT('Ctrl Pts',(2.92413589976803,28.8378623363128,16.5835987664459));
#7372=CARTESIAN_POINT('Ctrl Pts',(2.92456526020794,29.0480859084513,16.5855740817271));
#7373=CARTESIAN_POINT('Ctrl Pts',(2.95048295605112,29.4642504433504,16.7325758451413));
#7374=CARTESIAN_POINT('Ctrl Pts',(3.01454456911714,29.70182622954,17.0963730689446));
#7375=CARTESIAN_POINT('Ctrl Pts',(3.04961840699541,29.7527961649956,17.2952454283646));
#7376=CARTESIAN_POINT('Ctrl Pts',(2.95496430533017,28.8378623363129,16.4737362726762));
#7377=CARTESIAN_POINT('Ctrl Pts',(2.95241718461103,29.0708043170876,16.4795107038028));
#7378=CARTESIAN_POINT('Ctrl Pts',(2.97596321162532,29.5273836120242,16.6492310210807));
#7379=CARTESIAN_POINT('Ctrl Pts',(3.04393523771328,29.7843703148531,17.0494707377923));
#7380=CARTESIAN_POINT('Ctrl Pts',(3.08191664180168,29.839710856361,17.2671541325646));
#7381=CARTESIAN_POINT('Ctrl Pts',(3.05058166696394,28.8378623363129,16.4190723082));
#7382=CARTESIAN_POINT('Ctrl Pts',(3.04224581429264,29.0791114381965,16.4230195917515));
#7383=CARTESIAN_POINT('Ctrl Pts',(3.05581640432922,29.5561883746914,16.5964858751342));
#7384=CARTESIAN_POINT('Ctrl Pts',(3.12212730593874,29.82603489463,17.0144716391222));
#7385=CARTESIAN_POINT('Ctrl Pts',(3.16108553843853,29.8840203686091,17.2417768103211));
#7386=CARTESIAN_POINT('Ctrl Pts',(3.09435213576557,28.8378623363129,16.4108191404294));
#7387=CARTESIAN_POINT('Ctrl Pts',(3.08414609601907,29.0791933456033,16.4127435465554));
#7388=CARTESIAN_POINT('Ctrl Pts',(3.09383810841985,29.5599075774634,16.583380892529));
#7389=CARTESIAN_POINT('Ctrl Pts',(3.15889778496853,29.8334702275757,17.0041840275059));
#7390=CARTESIAN_POINT('Ctrl Pts',(3.19790345723705,29.8921132522161,17.2331994372929));
#7391=CARTESIAN_POINT('',(3.05182009992827,29.7028326446018,17.3077318494671));
#7392=CARTESIAN_POINT('',(3.19790345723705,29.8921132522161,17.2331994372929));
#7393=CARTESIAN_POINT('Origin',(3.24878165053071,29.7028326446018,17.2730022139337));
#7394=CARTESIAN_POINT('Ctrl Pts',(3.19790345723705,29.8921132522161,17.2331994372929));
#7395=CARTESIAN_POINT('Ctrl Pts',(3.15889778496853,29.8334702275757,17.0041840275059));
#7396=CARTESIAN_POINT('Ctrl Pts',(3.09383810841985,29.5599075774634,16.583380892529));
#7397=CARTESIAN_POINT('Ctrl Pts',(3.08414609601907,29.0791933456033,16.4127435465554));
#7398=CARTESIAN_POINT('Ctrl Pts',(3.09435213576557,28.8378623363129,16.4108191404294));
#7399=CARTESIAN_POINT('Ctrl Pts',(2.9344486945735,28.8378623363128,16.6420855321356));
#7400=CARTESIAN_POINT('Ctrl Pts',(2.9344486945735,29.0348672310822,16.6420855321356));
#7401=CARTESIAN_POINT('Ctrl Pts',(2.95815400947625,29.4278218814585,16.7765250535718));
#7402=CARTESIAN_POINT('Ctrl Pts',(3.01866156104266,29.6543754081013,17.11968043072));
#7403=CARTESIAN_POINT('Ctrl Pts',(3.05182009992827,29.7028326446018,17.3077318494671));
#7404=CARTESIAN_POINT('Ctrl Pts',(3.05182009992827,29.7028326446017,17.3077318494671));
#7405=CARTESIAN_POINT('Ctrl Pts',(3.0793955006913,29.74313079287,17.4641197184831));
#7406=CARTESIAN_POINT('Ctrl Pts',(3.10697058649045,29.7834360886415,17.6205058012502));
#7407=CARTESIAN_POINT('Ctrl Pts',(3.13454537825038,29.8237480546345,17.776890216438));
#7408=CARTESIAN_POINT('Ctrl Pts',(3.04961840699541,29.7527961649956,17.2952454283646));
#7409=CARTESIAN_POINT('Ctrl Pts',(3.07718846850722,29.7931651743341,17.4516143542266));
#7410=CARTESIAN_POINT('Ctrl Pts',(3.1047641562773,29.8335370331288,17.6079816149647));
#7411=CARTESIAN_POINT('Ctrl Pts',(3.1323338550509,29.8739163450699,17.7643480451232));
#7412=CARTESIAN_POINT('Ctrl Pts',(3.08191688672665,29.8397106390925,17.2671541453637));
#7413=CARTESIAN_POINT('Ctrl Pts',(3.10959036149146,29.8801973763883,17.4234716855861));
#7414=CARTESIAN_POINT('Ctrl Pts',(3.1372596837337,29.9206872555333,17.5797892805397));
#7415=CARTESIAN_POINT('Ctrl Pts',(3.16492816574569,29.9611783584642,17.736106838088));
#7416=CARTESIAN_POINT('Ctrl Pts',(3.16108553843853,29.884020368609,17.2417768103211));
#7417=CARTESIAN_POINT('Ctrl Pts',(3.18895283388291,29.9244558331327,17.3980719448122));
#7418=CARTESIAN_POINT('Ctrl Pts',(3.21681174226325,29.9648926998504,17.5543683965326));
#7419=CARTESIAN_POINT('Ctrl Pts',(3.2446646363577,30.0053338759326,17.7106649659768));
#7420=CARTESIAN_POINT('Ctrl Pts',(3.19790345723705,29.8921132522161,17.2331994372929));
#7421=CARTESIAN_POINT('Ctrl Pts',(3.22584102659957,29.9324897830158,17.389497106802));
#7422=CARTESIAN_POINT('Ctrl Pts',(3.25376919947448,29.9728704149658,17.5457955828344));
#7423=CARTESIAN_POINT('Ctrl Pts',(3.28168863234388,30.0132549644687,17.7020947793023));
#7424=CARTESIAN_POINT('',(3.13454537825694,29.8237480544857,17.7768902164753));
#7425=CARTESIAN_POINT('',(3.28168863234388,30.0132549644687,17.7020947793023));
#7426=CARTESIAN_POINT('Origin',(3.33150692885282,29.8237480546345,17.7421605809047));
#7427=CARTESIAN_POINT('Ctrl Pts',(3.28168863234388,30.0132549644687,17.7020947793023));
#7428=CARTESIAN_POINT('Ctrl Pts',(3.25376919947448,29.9728704149658,17.5457955828344));
#7429=CARTESIAN_POINT('Ctrl Pts',(3.22584102659957,29.9324897830158,17.389497106802));
#7430=CARTESIAN_POINT('Ctrl Pts',(3.19790345723705,29.8921132522161,17.2331994372929));
#7431=CARTESIAN_POINT('Ctrl Pts',(3.05182009992827,29.7028326446017,17.3077318494671));
#7432=CARTESIAN_POINT('Ctrl Pts',(3.0793955006913,29.74313079287,17.4641197184831));
#7433=CARTESIAN_POINT('Ctrl Pts',(3.10697058649045,29.7834360886415,17.6205058012502));
#7434=CARTESIAN_POINT('Ctrl Pts',(3.13454537825038,29.8237480546345,17.776890216438));
#7435=CARTESIAN_POINT('Ctrl Pts',(3.1345453782534,29.8237480545646,17.7768902164552));
#7436=CARTESIAN_POINT('Ctrl Pts',(3.15232727398482,29.8360930677211,17.8777363585246));
#7437=CARTESIAN_POINT('Ctrl Pts',(3.16600400272502,29.8475087182931,17.9796921250419));
#7438=CARTESIAN_POINT('Ctrl Pts',(3.17574094636755,29.8580351407045,18.0821049720648));
#7439=CARTESIAN_POINT('Ctrl Pts',(3.13233385503534,29.8739163450138,17.7643480451424));
#7440=CARTESIAN_POINT('Ctrl Pts',(3.146622335287,29.8888522968535,17.8655539125952));
#7441=CARTESIAN_POINT('Ctrl Pts',(3.15656949265533,29.902417715807,17.9677236586294));
#7442=CARTESIAN_POINT('Ctrl Pts',(3.16183986278249,29.9145058185193,18.0700627787808));
#7443=CARTESIAN_POINT('Ctrl Pts',(3.16492832242097,29.9611782186028,17.7361068465284));
#7444=CARTESIAN_POINT('Ctrl Pts',(3.17729402093623,29.9832058429112,17.8379910327556));
#7445=CARTESIAN_POINT('Ctrl Pts',(3.18409507547284,30.0038179654323,17.9407636207168));
#7446=CARTESIAN_POINT('Ctrl Pts',(3.1857270313862,30.0228927225389,18.0435609473511));
#7447=CARTESIAN_POINT('Ctrl Pts',(3.24466463635325,30.0053338759383,17.7106649660091));
#7448=CARTESIAN_POINT('Ctrl Pts',(3.26125329965257,30.0316614797244,17.8142344493993));
#7449=CARTESIAN_POINT('Ctrl Pts',(3.27212214941901,30.0566742963814,17.9189929893947));
#7450=CARTESIAN_POINT('Ctrl Pts',(3.27756646384566,30.0805182322315,18.0241675737962));
#7451=CARTESIAN_POINT('Ctrl Pts',(3.28168863235059,30.0132549644784,17.7020947793399));
#7452=CARTESIAN_POINT('Ctrl Pts',(3.30036233548563,30.0402658673472,17.8066343239713));
#7453=CARTESIAN_POINT('Ctrl Pts',(3.31325899561227,30.066038669377,17.9124869263047));
#7454=CARTESIAN_POINT('Ctrl Pts',(3.32064826713765,30.0905684006921,18.0189716294914));
#7455=CARTESIAN_POINT('',(3.17574094636755,29.8580351407045,18.0821049720648));
#7456=CARTESIAN_POINT('',(3.32064826713737,30.0905684006921,18.0189716294914));
#7457=CARTESIAN_POINT('Origin',(3.36974783729523,29.9009194217817,18.0592518604808));
#7458=CARTESIAN_POINT('Ctrl Pts',(3.32064826713765,30.0905684006921,18.0189716294914));
#7459=CARTESIAN_POINT('Ctrl Pts',(3.31325899561227,30.066038669377,17.9124869263047));
#7460=CARTESIAN_POINT('Ctrl Pts',(3.30036233548563,30.0402658673472,17.8066343239713));
#7461=CARTESIAN_POINT('Ctrl Pts',(3.28168863235059,30.0132549644784,17.7020947793399));
#7462=CARTESIAN_POINT('Ctrl Pts',(3.1345453782534,29.8237480545646,17.7768902164552));
#7463=CARTESIAN_POINT('Ctrl Pts',(3.15232727398482,29.8360930677211,17.8777363585246));
#7464=CARTESIAN_POINT('Ctrl Pts',(3.16600400272502,29.8475087182931,17.9796921250419));
#7465=CARTESIAN_POINT('Ctrl Pts',(3.17574094636755,29.8580351407045,18.0821049720648));
#7466=CARTESIAN_POINT('Ctrl Pts',(2.59492924794008,30.2625301756763,18.1396071504003));
#7467=CARTESIAN_POINT('Ctrl Pts',(2.59520067767409,30.2620896788113,18.1412575148225));
#7468=CARTESIAN_POINT('Ctrl Pts',(2.59995691796733,30.2624205996924,18.1428274752963));
#7469=CARTESIAN_POINT('Ctrl Pts',(2.6107573618526,30.2633749910895,18.1455273869508));
#7470=CARTESIAN_POINT('Ctrl Pts',(2.63483330728491,30.2657147938461,18.1500024392667));
#7471=CARTESIAN_POINT('Ctrl Pts',(2.66370975162616,30.2680526669866,18.1549799562758));
#7472=CARTESIAN_POINT('Ctrl Pts',(2.70156087852671,30.2703689939348,18.1609442479176));
#7473=CARTESIAN_POINT('Ctrl Pts',(2.75010023544267,30.2722265665183,18.1680102480786));
#7474=CARTESIAN_POINT('Ctrl Pts',(2.81254113748986,30.272505216263,18.1759007056717));
#7475=CARTESIAN_POINT('Ctrl Pts',(2.9092470612755,30.2684138060122,18.1853712887927));
#7476=CARTESIAN_POINT('Ctrl Pts',(3.02731771418837,30.2542072245766,18.1908071544627));
#7477=CARTESIAN_POINT('Ctrl Pts',(3.17838121526529,30.2168352867544,18.1820517239526));
#7478=CARTESIAN_POINT('Ctrl Pts',(3.27318497009622,30.1638886042056,18.1472370842797));
#7479=CARTESIAN_POINT('Ctrl Pts',(3.31558211358411,30.1139379222428,18.0849979666987));
#7480=CARTESIAN_POINT('Ctrl Pts',(3.32061376544075,30.0963450682135,18.0462116201378));
#7481=CARTESIAN_POINT('Ctrl Pts',(3.3206482671376,30.0905684006923,18.0189716294913));
#7482=CARTESIAN_POINT('Ctrl Pts',(2.59437154142155,30.2624108974059,18.139678596991));
#7483=CARTESIAN_POINT('Ctrl Pts',(2.59470503759911,30.2618884616398,18.1416431801805));
#7484=CARTESIAN_POINT('Ctrl Pts',(2.59933902277962,30.2620506986566,18.1436563432826));
#7485=CARTESIAN_POINT('Ctrl Pts',(2.60982740368748,30.2626453195999,18.1471998190889));
#7486=CARTESIAN_POINT('Ctrl Pts',(2.63315663681436,30.2641733296988,18.1532554684118));
#7487=CARTESIAN_POINT('Ctrl Pts',(2.66116019214889,30.265351499005,18.16001435138));
#7488=CARTESIAN_POINT('Ctrl Pts',(2.69786895534698,30.2659005602741,18.1681126724562));
#7489=CARTESIAN_POINT('Ctrl Pts',(2.74494020000702,30.2651139674893,18.1776299456572));
#7490=CARTESIAN_POINT('Ctrl Pts',(2.80540906175197,30.2614092842516,18.18808836603));
#7491=CARTESIAN_POINT('Ctrl Pts',(2.89858922105838,30.2499771308186,18.1998008274687));
#7492=CARTESIAN_POINT('Ctrl Pts',(3.01077447590622,30.2260427620184,18.2046171397964));
#7493=CARTESIAN_POINT('Ctrl Pts',(3.14823681659368,30.1783561560285,18.1862749943383));
#7494=CARTESIAN_POINT('Ctrl Pts',(3.22547703326846,30.1353971232555,18.1436611897365));
#7495=CARTESIAN_POINT('Ctrl Pts',(3.26293067220085,30.0990506021274,18.0874081003216));
#7496=CARTESIAN_POINT('Ctrl Pts',(3.26956184173794,30.0837654744872,18.0515422378341));
#7497=CARTESIAN_POINT('Ctrl Pts',(3.27038616329695,30.0788432041549,18.0250335645136));
#7498=CARTESIAN_POINT('Ctrl Pts',(2.59325530382931,30.2621770265816,18.1398228764435));
#7499=CARTESIAN_POINT('Ctrl Pts',(2.59371295426268,30.2614906330168,18.1424159238016));
#7500=CARTESIAN_POINT('Ctrl Pts',(2.59809972833347,30.2613276350904,18.1453185822384));
#7501=CARTESIAN_POINT('Ctrl Pts',(2.60795712381649,30.2612408835147,18.1505617289051));
#7502=CARTESIAN_POINT('Ctrl Pts',(2.62976782747435,30.2612903825454,18.15983337888));
#7503=CARTESIAN_POINT('Ctrl Pts',(2.65596078618842,30.2604886726433,18.1702941694439));
#7504=CARTESIAN_POINT('Ctrl Pts',(2.6903084615336,30.2580902433581,18.1830214268659));
#7505=CARTESIAN_POINT('Ctrl Pts',(2.73432949530455,30.2530221907502,18.1982013899735));
#7506=CARTESIAN_POINT('Ctrl Pts',(2.79074453172346,30.2429431731799,18.2154081387279));
#7507=CARTESIAN_POINT('Ctrl Pts',(2.87695617614359,30.2196099960387,18.2360275693667));
#7508=CARTESIAN_POINT('Ctrl Pts',(2.97842112752631,30.1784307376942,18.2486544420094));
#7509=CARTESIAN_POINT('Ctrl Pts',(3.09357487198128,30.1050526298125,18.2309137943352));
#7510=CARTESIAN_POINT('Ctrl Pts',(3.14324984272607,30.0583484346908,18.1809362073838));
#7511=CARTESIAN_POINT('Ctrl Pts',(3.17184076321364,30.0310927470584,18.1195069378493));
#7512=CARTESIAN_POINT('Ctrl Pts',(3.1797622437765,30.018356047804,18.0778090777126));
#7513=CARTESIAN_POINT('Ctrl Pts',(3.18084865063305,30.0149588920931,18.0457105968432));
#7514=CARTESIAN_POINT('Ctrl Pts',(2.59213750010084,30.2619525445654,18.1399699177105));
#7515=CARTESIAN_POINT('Ctrl Pts',(2.59271933709715,30.2611020451458,18.1431914359458));
#7516=CARTESIAN_POINT('Ctrl Pts',(2.59685671448942,30.260634339496,18.1469902843124));
#7517=CARTESIAN_POINT('Ctrl Pts',(2.60607238373251,30.2599407478668,18.153956972534));
#7518=CARTESIAN_POINT('Ctrl Pts',(2.62633009613244,30.2587968774519,18.1665422249867));
#7519=CARTESIAN_POINT('Ctrl Pts',(2.65067802531269,30.2566338705491,18.1809468422585));
#7520=CARTESIAN_POINT('Ctrl Pts',(2.6826208239785,30.2525369968648,18.1988409586463));
#7521=CARTESIAN_POINT('Ctrl Pts',(2.72366033259676,30.2453882835225,18.2207718078441));
#7522=CARTESIAN_POINT('Ctrl Pts',(2.77647611286119,30.2326823482316,18.2468799043507));
#7523=CARTESIAN_POINT('Ctrl Pts',(2.85792184129154,30.2053869517057,18.2822155491538));
#7524=CARTESIAN_POINT('Ctrl Pts',(2.95576139068966,30.1578422879146,18.3140643521748));
#7525=CARTESIAN_POINT('Ctrl Pts',(3.0737700324446,30.0699767431958,18.3241538839357));
#7526=CARTESIAN_POINT('Ctrl Pts',(3.13662782446287,29.9884297059911,18.2794511227556));
#7527=CARTESIAN_POINT('Ctrl Pts',(3.16401978259529,29.9301478543765,18.1841187957411));
#7528=CARTESIAN_POINT('Ctrl Pts',(3.16631012137718,29.9117268659882,18.1191358219572));
#7529=CARTESIAN_POINT('Ctrl Pts',(3.16357749823057,29.9074469837926,18.0715680529412));
#7530=CARTESIAN_POINT('Ctrl Pts',(2.59157822747441,30.2618426549332,18.1400441260659));
#7531=CARTESIAN_POINT('Ctrl Pts',(2.59222216322055,30.260910068561,18.1435798697774));
#7532=CARTESIAN_POINT('Ctrl Pts',(2.59623311782211,30.2602953754127,18.1478284215768));
#7533=CARTESIAN_POINT('Ctrl Pts',(2.60512466068282,30.2593172802351,18.1556623857963));
#7534=CARTESIAN_POINT('Ctrl Pts',(2.62459563556756,30.2576500145929,18.1699253178311));
#7535=CARTESIAN_POINT('Ctrl Pts',(2.6479916457136,30.254970263778,18.1863478170553));
#7536=CARTESIAN_POINT('Ctrl Pts',(2.6787389502488,30.2503562745483,18.2069115145256));
#7537=CARTESIAN_POINT('Ctrl Pts',(2.71833626749576,30.2427631605096,18.2323647358009));
#7538=CARTESIAN_POINT('Ctrl Pts',(2.769567684852,30.2298058407923,18.2631637666064));
#7539=CARTESIAN_POINT('Ctrl Pts',(2.84950074229515,30.202832942155,18.3063122382761));
#7540=CARTESIAN_POINT('Ctrl Pts',(2.94806005835174,30.1557847676105,18.3483168202518));
#7541=CARTESIAN_POINT('Ctrl Pts',(3.07513756847769,30.0661698938301,18.372596298302));
#7542=CARTESIAN_POINT('Ctrl Pts',(3.15389503625435,29.9665272407938,18.3290600411226));
#7543=CARTESIAN_POINT('Ctrl Pts',(3.18281020058523,29.8872717549113,18.2148143543179));
#7544=CARTESIAN_POINT('Ctrl Pts',(3.18102059825728,29.8637428707704,18.1376361737613));
#7545=CARTESIAN_POINT('Ctrl Pts',(3.17574094636752,29.8580351407046,18.0821049720648));
#7546=CARTESIAN_POINT('',(2.59496608073922,30.2625301756763,18.1398646265944));
#7547=CARTESIAN_POINT('',(2.5916367061075,30.2618015969145,18.1403999714073));
#7548=CARTESIAN_POINT('Ctrl Pts',(2.59498797033922,30.2625301756763,18.1400176437702));
#7549=CARTESIAN_POINT('Ctrl Pts',(2.59387541266761,30.2622873160428,18.1401767987297));
#7550=CARTESIAN_POINT('Ctrl Pts',(2.59276284056734,30.2620444564559,18.1403358513062));
#7551=CARTESIAN_POINT('Ctrl Pts',(2.59165025405256,30.2618015969145,18.1404948014978));
#7552=CARTESIAN_POINT('Ctrl Pts',(2.59492924794008,30.2625301756763,18.1396071504003));
#7553=CARTESIAN_POINT('Ctrl Pts',(2.59520067767409,30.2620896788113,18.1412575148225));
#7554=CARTESIAN_POINT('Ctrl Pts',(2.59995691796733,30.2624205996924,18.1428274752963));
#7555=CARTESIAN_POINT('Ctrl Pts',(2.6107573618526,30.2633749910895,18.1455273869508));
#7556=CARTESIAN_POINT('Ctrl Pts',(2.63483330728491,30.2657147938461,18.1500024392667));
#7557=CARTESIAN_POINT('Ctrl Pts',(2.66370975162616,30.2680526669866,18.1549799562758));
#7558=CARTESIAN_POINT('Ctrl Pts',(2.70156087852671,30.2703689939348,18.1609442479176));
#7559=CARTESIAN_POINT('Ctrl Pts',(2.75010023544267,30.2722265665183,18.1680102480786));
#7560=CARTESIAN_POINT('Ctrl Pts',(2.81254113748986,30.272505216263,18.1759007056717));
#7561=CARTESIAN_POINT('Ctrl Pts',(2.9092470612755,30.2684138060122,18.1853712887927));
#7562=CARTESIAN_POINT('Ctrl Pts',(3.02731771418837,30.2542072245766,18.1908071544627));
#7563=CARTESIAN_POINT('Ctrl Pts',(3.17838121526529,30.2168352867544,18.1820517239526));
#7564=CARTESIAN_POINT('Ctrl Pts',(3.27318497009622,30.1638886042056,18.1472370842797));
#7565=CARTESIAN_POINT('Ctrl Pts',(3.31558211358411,30.1139379222428,18.0849979666987));
#7566=CARTESIAN_POINT('Ctrl Pts',(3.32061376544075,30.0963450682135,18.0462116201378));
#7567=CARTESIAN_POINT('Ctrl Pts',(3.3206482671376,30.0905684006923,18.0189716294913));
#7568=CARTESIAN_POINT('Ctrl Pts',(3.17574094636752,29.8580351407046,18.0821049720648));
#7569=CARTESIAN_POINT('Ctrl Pts',(3.18102059825728,29.8637428707704,18.1376361737613));
#7570=CARTESIAN_POINT('Ctrl Pts',(3.18281020058523,29.8872717549113,18.2148143543179));
#7571=CARTESIAN_POINT('Ctrl Pts',(3.15389503625435,29.9665272407938,18.3290600411226));
#7572=CARTESIAN_POINT('Ctrl Pts',(3.07513756847769,30.0661698938301,18.372596298302));
#7573=CARTESIAN_POINT('Ctrl Pts',(2.94806005835174,30.1557847676105,18.3483168202518));
#7574=CARTESIAN_POINT('Ctrl Pts',(2.84950074229515,30.202832942155,18.3063122382761));
#7575=CARTESIAN_POINT('Ctrl Pts',(2.769567684852,30.2298058407923,18.2631637666064));
#7576=CARTESIAN_POINT('Ctrl Pts',(2.71833626749576,30.2427631605096,18.2323647358009));
#7577=CARTESIAN_POINT('Ctrl Pts',(2.6787389502488,30.2503562745483,18.2069115145256));
#7578=CARTESIAN_POINT('Ctrl Pts',(2.6479916457136,30.254970263778,18.1863478170553));
#7579=CARTESIAN_POINT('Ctrl Pts',(2.62459563556756,30.2576500145929,18.1699253178311));
#7580=CARTESIAN_POINT('Ctrl Pts',(2.60512466068282,30.2593172802351,18.1556623857963));
#7581=CARTESIAN_POINT('Ctrl Pts',(2.59626613523478,30.2602917434028,18.1478575118295));
#7582=CARTESIAN_POINT('Ctrl Pts',(2.59228176351992,30.2609009452074,18.1436429569325));
#7583=CARTESIAN_POINT('Ctrl Pts',(2.59160781844048,30.2618015105773,18.1402007496671));
#7584=CARTESIAN_POINT('Ctrl Pts',(3.21853180080651,27.6709941701533,18.2532008877754));
#7585=CARTESIAN_POINT('Ctrl Pts',(3.21057202258466,27.7152853517363,18.2080587422576));
#7586=CARTESIAN_POINT('Ctrl Pts',(3.20060873923756,27.7475902785813,18.1515541545475));
#7587=CARTESIAN_POINT('Ctrl Pts',(3.18989281615618,27.7635492635135,18.0907811347956));
#7588=CARTESIAN_POINT('Ctrl Pts',(3.21163030306131,27.6298615294985,18.2140605490849));
#7589=CARTESIAN_POINT('Ctrl Pts',(3.20474470700452,27.6667291698492,18.1752266603337));
#7590=CARTESIAN_POINT('Ctrl Pts',(3.19634611824879,27.6932870115823,18.1272764331591));
#7591=CARTESIAN_POINT('Ctrl Pts',(3.18732199504212,27.7063018695989,18.07620128375));
#7592=CARTESIAN_POINT('Ctrl Pts',(3.24939737701679,27.5481084013507,18.1271891757469));
#7593=CARTESIAN_POINT('Ctrl Pts',(3.24644684419835,27.5703843949907,18.1005579653172));
#7594=CARTESIAN_POINT('Ctrl Pts',(3.24235403344503,27.5853734692856,18.0696011071413));
#7595=CARTESIAN_POINT('Ctrl Pts',(3.23747931053329,27.5926307989814,18.0375071914113));
#7596=CARTESIAN_POINT('Ctrl Pts',(3.36336194353467,27.5227298330839,18.082193984961));
#7597=CARTESIAN_POINT('Ctrl Pts',(3.36419688302989,27.5419222705426,18.0605650738562));
#7598=CARTESIAN_POINT('Ctrl Pts',(3.36320967011251,27.5557167885107,18.0346370348797));
#7599=CARTESIAN_POINT('Ctrl Pts',(3.36051741364443,27.5623516455197,18.0078609534881));
#7600=CARTESIAN_POINT('Ctrl Pts',(3.42009589744091,27.5286777518942,18.0780260541612));
#7601=CARTESIAN_POINT('Ctrl Pts',(3.42157543396979,27.5501158388291,18.0563508231565));
#7602=CARTESIAN_POINT('Ctrl Pts',(3.42087179939189,27.5659869124265,18.0294616217839));
#7603=CARTESIAN_POINT('Ctrl Pts',(3.4180712333901,27.5739002845974,18.0007453329352));
#7604=CARTESIAN_POINT('Ctrl Pts',(3.4180712333901,27.5739002845974,18.0007453329352));
#7605=CARTESIAN_POINT('Ctrl Pts',(3.42087179939189,27.5659869124265,18.0294616217839));
#7606=CARTESIAN_POINT('Ctrl Pts',(3.42157543396979,27.5501158388291,18.0563508231565));
#7607=CARTESIAN_POINT('Ctrl Pts',(3.42009589744091,27.5286777518942,18.0780260541612));
#7608=CARTESIAN_POINT('Ctrl Pts',(3.21853180080651,27.6709941701533,18.2532008877754));
#7609=CARTESIAN_POINT('Ctrl Pts',(3.21057202258466,27.7152853517363,18.2080587422576));
#7610=CARTESIAN_POINT('Ctrl Pts',(3.20060873923756,27.7475902785813,18.1515541545475));
#7611=CARTESIAN_POINT('Ctrl Pts',(3.18989281615618,27.7635492635135,18.0907811347956));
#7612=CARTESIAN_POINT('Origin',(3.34464311194871,28.791,18.9684136739043));
#7613=CARTESIAN_POINT('',(3.25677020851513,27.7309811164354,18.4700616742244));
#7614=CARTESIAN_POINT('Ctrl Pts',(3.25677020851512,27.7309811164354,18.4700616742244));
#7615=CARTESIAN_POINT('Ctrl Pts',(3.24402392362125,27.7109886174997,18.3977739004381));
#7616=CARTESIAN_POINT('Ctrl Pts',(3.23127778608214,27.6909930029212,18.3254869623422));
#7617=CARTESIAN_POINT('Ctrl Pts',(3.21853180069209,27.6709941725031,18.2532008871265));
#7618=CARTESIAN_POINT('',(3.38502615214084,28.6895672902664,19.1974372755668));
#7619=CARTESIAN_POINT('Ctrl Pts',(3.38502615214084,28.6895672902664,19.1974372755668));
#7620=CARTESIAN_POINT('Ctrl Pts',(3.38502615214084,28.5038006239907,19.1974372755668));
#7621=CARTESIAN_POINT('Ctrl Pts',(3.36302159724647,28.0703573892077,19.0726432434456));
#7622=CARTESIAN_POINT('Ctrl Pts',(3.29826919721287,27.7960721209342,18.7054141343584));
#7623=CARTESIAN_POINT('Ctrl Pts',(3.25677020851513,27.7309811164354,18.4700616742244));
#7624=CARTESIAN_POINT('',(3.25677020851513,29.6401593181122,18.4700616742244));
#7625=CARTESIAN_POINT('Ctrl Pts',(3.25677020851513,29.6401593181122,18.4700616742244));
#7626=CARTESIAN_POINT('Ctrl Pts',(3.28786231584275,29.5934056926708,18.6463937772451));
#7627=CARTESIAN_POINT('Ctrl Pts',(3.35518447279706,29.3654807119395,19.0281967020376));
#7628=CARTESIAN_POINT('Ctrl Pts',(3.38502615214084,28.9363082923474,19.1974372755668));
#7629=CARTESIAN_POINT('Ctrl Pts',(3.38502615214084,28.6895672902664,19.1974372755668));
#7630=CARTESIAN_POINT('Ctrl Pts',(3.1345453782444,29.8237480543655,17.7768902164042));
#7631=CARTESIAN_POINT('Ctrl Pts',(3.17528996798082,29.7626176213017,18.0079642674241));
#7632=CARTESIAN_POINT('Ctrl Pts',(3.21603146037136,29.7014187287914,18.2390207525227));
#7633=CARTESIAN_POINT('Ctrl Pts',(3.25677020851512,29.6401593181122,18.4700616742244));
#7634=CARTESIAN_POINT('Ctrl Pts',(2.88179123861717,27.2576258736666,18.667095587717));
#7635=CARTESIAN_POINT('Ctrl Pts',(2.85053863717732,27.2073801952777,18.4845871630032));
#7636=CARTESIAN_POINT('Ctrl Pts',(2.81931187858611,27.1571224225481,18.3020789054984));
#7637=CARTESIAN_POINT('Ctrl Pts',(2.78811317766406,27.1068518747484,18.1195707604176));
#7638=CARTESIAN_POINT('Ctrl Pts',(2.99162822229143,27.2789882694328,18.6418202048311));
#7639=CARTESIAN_POINT('Ctrl Pts',(2.96017585469796,27.228919153637,18.4592965520791));
#7640=CARTESIAN_POINT('Ctrl Pts',(2.92874503326091,27.1788313194495,18.2767754188784));
#7641=CARTESIAN_POINT('Ctrl Pts',(2.89733391001319,27.1287456679067,18.0942517502388));
#7642=CARTESIAN_POINT('Ctrl Pts',(3.19145686090861,27.399469146864,18.5732638458231));
#7643=CARTESIAN_POINT('Ctrl Pts',(3.15951876967878,27.3494914154246,18.3907911164711));
#7644=CARTESIAN_POINT('Ctrl Pts',(3.12758279897161,27.299511449591,18.2083195786426));
#7645=CARTESIAN_POINT('Ctrl Pts',(3.09565812268248,27.2495193377719,18.025850330307));
#7646=CARTESIAN_POINT('Ctrl Pts',(3.26200503224384,27.6202988249258,18.4997498348659));
#7647=CARTESIAN_POINT('Ctrl Pts',(3.22984512786012,27.5700232342846,18.3173814192516));
#7648=CARTESIAN_POINT('Ctrl Pts',(3.19769626020403,27.5197296262795,18.1350163101604));
#7649=CARTESIAN_POINT('Ctrl Pts',(3.16553783341695,27.4694218464921,17.9526571639696));
#7650=CARTESIAN_POINT('Ctrl Pts',(3.25677020851512,27.7309811164354,18.4700616742244));
#7651=CARTESIAN_POINT('Ctrl Pts',(3.22461938600825,27.6805526747285,18.2877252990554));
#7652=CARTESIAN_POINT('Ctrl Pts',(3.19246950102259,27.6301044102398,18.1053942408334));
#7653=CARTESIAN_POINT('Ctrl Pts',(3.1603206304978,27.5796347149961,17.9230689359049));
#7654=CARTESIAN_POINT('',(2.88179123861713,27.2576258736666,18.667095587717));
#7655=CARTESIAN_POINT('Ctrl Pts',(2.78811317766406,27.1068518747484,18.1195707604176));
#7656=CARTESIAN_POINT('Ctrl Pts',(2.81931187858611,27.1571224225481,18.3020789054984));
#7657=CARTESIAN_POINT('Ctrl Pts',(2.85053863717732,27.2073801952777,18.4845871630032));
#7658=CARTESIAN_POINT('Ctrl Pts',(2.88179123861717,27.2576258736666,18.667095587717));
#7659=CARTESIAN_POINT('Origin',(2.76436633200902,27.7309811164354,18.5568857630578));
#7660=CARTESIAN_POINT('Ctrl Pts',(2.78648190541316,27.4353959501154,18.1092672985));
#7661=CARTESIAN_POINT('Ctrl Pts',(3.91461489926463,27.6820736723107,17.935680917425));
#7662=CARTESIAN_POINT('Ctrl Pts',(5.02645736970354,27.9287513945061,17.6563752251639));
#7663=CARTESIAN_POINT('Ctrl Pts',(6.10269384459755,28.1754291167014,17.2762024570456));
#7664=CARTESIAN_POINT('Ctrl Pts',(2.79270822010275,27.424923382572,18.1497319420275));
#7665=CARTESIAN_POINT('Ctrl Pts',(3.92338641612834,27.6716011047674,17.9757539294366));
#7666=CARTESIAN_POINT('Ctrl Pts',(5.03766554834376,27.9182788269627,17.6958361239289));
#7667=CARTESIAN_POINT('Ctrl Pts',(6.11633014069439,28.1649565491581,17.3148056408415));
#7668=CARTESIAN_POINT('Ctrl Pts',(2.80104701840298,27.3854056852332,18.2039255569488));
#7669=CARTESIAN_POINT('Ctrl Pts',(3.93506868471189,27.6320834074285,18.0294330829337));
#7670=CARTESIAN_POINT('Ctrl Pts',(5.05273874629116,27.8787611296238,17.7486634428374));
#7671=CARTESIAN_POINT('Ctrl Pts',(6.13459300217548,28.1254388518192,17.3665062341249));
#7672=CARTESIAN_POINT('Ctrl Pts',(2.80735418104049,27.2860276161455,18.2449156290092));
#7673=CARTESIAN_POINT('Ctrl Pts',(3.94394527400815,27.5327053383409,18.0700277960448));
#7674=CARTESIAN_POINT('Ctrl Pts',(5.06410088049051,27.7793830605362,17.7886337627828));
#7675=CARTESIAN_POINT('Ctrl Pts',(6.14840636393822,28.0260607827316,17.4056106756228));
#7676=CARTESIAN_POINT('Ctrl Pts',(2.80461291568088,27.1746144475051,18.2271002227663));
#7677=CARTESIAN_POINT('Ctrl Pts',(3.94008645062907,27.4212921697004,18.0523843490065));
#7678=CARTESIAN_POINT('Ctrl Pts',(5.05916336369639,27.6679698918958,17.7712612940702));
#7679=CARTESIAN_POINT('Ctrl Pts',(6.14240269917227,27.9146476140911,17.3886148159873));
#7680=CARTESIAN_POINT('Ctrl Pts',(2.79379885982243,27.1184881001688,18.1568199787995));
#7681=CARTESIAN_POINT('Ctrl Pts',(3.92489199263869,27.3651658223641,17.9827781196797));
#7682=CARTESIAN_POINT('Ctrl Pts',(5.03965831733775,27.6118435445595,17.7027379266598));
#7683=CARTESIAN_POINT('Ctrl Pts',(6.11871875850348,27.8585212667548,17.3215676128351));
#7684=CARTESIAN_POINT('Ctrl Pts',(2.7876538670418,27.1061117821579,18.1168838440643));
#7685=CARTESIAN_POINT('Ctrl Pts',(3.91626134040746,27.3527895043533,17.943224454592));
#7686=CARTESIAN_POINT('Ctrl Pts',(5.02857143875736,27.5994672265486,17.6638012896305));
#7687=CARTESIAN_POINT('Ctrl Pts',(6.10526056609798,27.8461449487439,17.283468625302));
#7688=CARTESIAN_POINT('',(5.39316880495434,28.0139216677569,17.5106759932255));
#7689=CARTESIAN_POINT('Ctrl Pts',(3.41806622959064,27.5739002845135,18.0007243816762));
#7690=CARTESIAN_POINT('Ctrl Pts',(4.08482247578016,27.720574078928,17.8740816832832));
#7691=CARTESIAN_POINT('Ctrl Pts',(4.74454118856657,27.8672478733425,17.7103834779836));
#7692=CARTESIAN_POINT('Ctrl Pts',(5.39316192772722,28.0139216677569,17.5106497880355));
#7693=CARTESIAN_POINT('',(6.09334871429579,27.8434161842106,17.2876717850537));
#7694=CARTESIAN_POINT('Ctrl Pts',(6.09335219614982,27.8434184228461,17.2876777345927));
#7695=CARTESIAN_POINT('Ctrl Pts',(6.09125865843633,27.8430729694075,17.2890328383241));
#7696=CARTESIAN_POINT('Ctrl Pts',(6.08388886451889,27.8419436437468,17.2941424108304));
#7697=CARTESIAN_POINT('Ctrl Pts',(6.06663688484724,27.8396409754956,17.3068999246819));
#7698=CARTESIAN_POINT('Ctrl Pts',(6.04138679525381,27.8369116565486,17.3257781181261));
#7699=CARTESIAN_POINT('Ctrl Pts',(6.01098707885652,27.8345089580707,17.3481333060079));
#7700=CARTESIAN_POINT('Ctrl Pts',(5.9703189159488,27.8324537788525,17.3774250592322));
#7701=CARTESIAN_POINT('Ctrl Pts',(5.91914816852696,27.8320111200084,17.4129528709737));
#7702=CARTESIAN_POINT('Ctrl Pts',(5.83695149195421,27.8359528556086,17.4667048754039));
#7703=CARTESIAN_POINT('Ctrl Pts',(5.73431332781971,27.8498170257599,17.5266861649529));
#7704=CARTESIAN_POINT('Ctrl Pts',(5.63541554283765,27.8767516261667,17.5711913621692));
#7705=CARTESIAN_POINT('Ctrl Pts',(5.56329971945467,27.9060180055043,17.5912501296378));
#7706=CARTESIAN_POINT('Ctrl Pts',(5.49814772037175,27.9392048237816,17.598507812093));
#7707=CARTESIAN_POINT('Ctrl Pts',(5.44791346509876,27.9751627171329,17.5824378250494));
#7708=CARTESIAN_POINT('Ctrl Pts',(5.41336119027683,28.0022646113668,17.5456445134035));
#7709=CARTESIAN_POINT('Ctrl Pts',(5.39951142105939,28.0110242735851,17.5227828150319));
#7710=CARTESIAN_POINT('Ctrl Pts',(5.39316880495434,28.0139216677569,17.5106759932255));
#7711=CARTESIAN_POINT('',(5.53027058151989,27.7151517485867,17.4759435109218));
#7712=CARTESIAN_POINT('Ctrl Pts',(5.53026553615705,27.7151517485867,17.4759244059109));
#7713=CARTESIAN_POINT('Ctrl Pts',(5.71896079122845,27.7579065604614,17.4162223085458));
#7714=CARTESIAN_POINT('Ctrl Pts',(5.90668872043983,27.800661372336,17.3534630059126));
#7715=CARTESIAN_POINT('Ctrl Pts',(6.09334871100869,27.8434161842106,17.2876717729254));
#7716=CARTESIAN_POINT('',(3.1829881217925,27.1926717485867,18.0516226671809));
#7717=CARTESIAN_POINT('Ctrl Pts',(3.18298583991477,27.1926717485868,18.0516129998779));
#7718=CARTESIAN_POINT('Ctrl Pts',(3.97692962082754,27.3668317485867,17.9115841411639));
#7719=CARTESIAN_POINT('Ctrl Pts',(4.76162303295538,27.5409917485868,17.7191184891313));
#7720=CARTESIAN_POINT('Ctrl Pts',(5.53026553615706,27.7151517485867,17.4759244059109));
#7721=CARTESIAN_POINT('Ctrl Pts',(2.80072759109295,27.1089694422928,18.1148673403531));
#7722=CARTESIAN_POINT('Ctrl Pts',(2.92836577452456,27.1368702110575,18.0951330152955));
#7723=CARTESIAN_POINT('Ctrl Pts',(3.05579451100243,27.1647709798221,18.0740458938107));
#7724=CARTESIAN_POINT('Ctrl Pts',(3.18298583991476,27.1926717485867,18.0516129998778));
#7725=CARTESIAN_POINT('Ctrl Pts',(3.17367173320423,27.5202051582502,18.0454385158676));
#7726=CARTESIAN_POINT('Ctrl Pts',(3.9980278693221,27.7010965676189,17.9004580674851));
#7727=CARTESIAN_POINT('Ctrl Pts',(4.81242909482572,27.8819879769875,17.6989025670221));
#7728=CARTESIAN_POINT('Ctrl Pts',(5.60924893183298,28.0628793863562,17.4426594853202));
#7729=CARTESIAN_POINT('Ctrl Pts',(3.12777082423355,27.5879907844953,17.784446800188));
#7730=CARTESIAN_POINT('Ctrl Pts',(3.9402042729583,27.768882193864,17.6415632083562));
#7731=CARTESIAN_POINT('Ctrl Pts',(4.74282678923804,27.9497736032326,17.4429228111103));
#7732=CARTESIAN_POINT('Ctrl Pts',(5.52812219716782,28.1306650126013,17.1903857807446));
#7733=CARTESIAN_POINT('Ctrl Pts',(3.08186991526286,27.6557764107405,17.5234550845084));
#7734=CARTESIAN_POINT('Ctrl Pts',(3.88238067659449,27.8366678201091,17.3826683492273));
#7735=CARTESIAN_POINT('Ctrl Pts',(4.67322448365035,28.0175592294778,17.1869430551985));
#7736=CARTESIAN_POINT('Ctrl Pts',(5.44699546250266,28.1984506388464,16.9381120761689));
#7737=CARTESIAN_POINT('Ctrl Pts',(3.03596900629218,27.7235620369856,17.2624633688287));
#7738=CARTESIAN_POINT('Ctrl Pts',(3.82455708023069,27.9044534463542,17.1237734900984));
#7739=CARTESIAN_POINT('Ctrl Pts',(4.60362217806267,28.0853448557229,16.9309632992866));
#7740=CARTESIAN_POINT('Ctrl Pts',(5.3658687278375,28.2662362650915,16.6858383715933));
#7741=CARTESIAN_POINT('',(5.13838193940702,28.2123667477839,16.7572903660495));
#7742=CARTESIAN_POINT('Ctrl Pts',(3.28172162330668,27.7800071358995,17.2174322772483));
#7743=CARTESIAN_POINT('Ctrl Pts',(3.908364599429,27.9241270065276,17.0979809786789));
#7744=CARTESIAN_POINT('Ctrl Pts',(4.52848105978093,28.0682468771557,16.9442953000945));
#7745=CARTESIAN_POINT('Ctrl Pts',(5.13838142285992,28.2123667477839,16.7572883730363));
#7746=CARTESIAN_POINT('',(5.28092193455295,28.0913349033303,17.2113320380851));
#7747=CARTESIAN_POINT('Ctrl Pts',(5.28092193455296,28.0913349033303,17.2113320380851));
#7748=CARTESIAN_POINT('Ctrl Pts',(5.23340032864637,28.1316828231303,17.0599882888201));
#7749=CARTESIAN_POINT('Ctrl Pts',(5.18588679021225,28.1720268323153,16.9086411404117));
#7750=CARTESIAN_POINT('Ctrl Pts',(5.13838193940705,28.2123667477839,16.7572903660495));
#7751=CARTESIAN_POINT('Ctrl Pts',(5.39316880495432,28.0139216677571,17.5106759932255));
#7752=CARTESIAN_POINT('Ctrl Pts',(5.3503793751627,28.0384812367699,17.4127282198499));
#7753=CARTESIAN_POINT('Ctrl Pts',(5.31277843986419,28.0642873383835,17.3127865841309));
#7754=CARTESIAN_POINT('Ctrl Pts',(5.28092193455296,28.0913349033303,17.2113320380851));
#7755=CARTESIAN_POINT('Ctrl Pts',(6.10478684101777,27.8456235922867,17.281680013995));
#7756=CARTESIAN_POINT('Ctrl Pts',(6.1014705752685,27.8448637317787,17.2828514912756));
#7757=CARTESIAN_POINT('Ctrl Pts',(6.09530714063904,27.8436991508634,17.2862395312796));
#7758=CARTESIAN_POINT('Ctrl Pts',(6.08453334189356,27.84202966388,17.2936658319571));
#7759=CARTESIAN_POINT('Ctrl Pts',(6.06663688484724,27.8396409754956,17.3068999246819));
#7760=CARTESIAN_POINT('Ctrl Pts',(6.04138679525381,27.8369116565486,17.3257781181261));
#7761=CARTESIAN_POINT('Ctrl Pts',(6.01098707885652,27.8345089580707,17.3481333060079));
#7762=CARTESIAN_POINT('Ctrl Pts',(5.9703189159488,27.8324537788525,17.3774250592322));
#7763=CARTESIAN_POINT('Ctrl Pts',(5.91914816852696,27.8320111200084,17.4129528709737));
#7764=CARTESIAN_POINT('Ctrl Pts',(5.83695149195421,27.8359528556086,17.4667048754039));
#7765=CARTESIAN_POINT('Ctrl Pts',(5.73431332781971,27.8498170257599,17.5266861649529));
#7766=CARTESIAN_POINT('Ctrl Pts',(5.63541554283765,27.8767516261667,17.5711913621692));
#7767=CARTESIAN_POINT('Ctrl Pts',(5.56329971945467,27.9060180055043,17.5912501296378));
#7768=CARTESIAN_POINT('Ctrl Pts',(5.49814772037175,27.9392048237816,17.598507812093));
#7769=CARTESIAN_POINT('Ctrl Pts',(5.44791346509876,27.9751627171329,17.5824378250494));
#7770=CARTESIAN_POINT('Ctrl Pts',(5.41336119027683,28.0022646113668,17.5456445134035));
#7771=CARTESIAN_POINT('Ctrl Pts',(5.39951142105939,28.0110242735851,17.5227828150319));
#7772=CARTESIAN_POINT('Ctrl Pts',(5.39316880495434,28.0139216677569,17.5106759932255));
#7773=CARTESIAN_POINT('Ctrl Pts',(6.10499788219503,27.8458372140539,17.2824105516833));
#7774=CARTESIAN_POINT('Ctrl Pts',(6.10183769210188,27.8451126404957,17.2835244160736));
#7775=CARTESIAN_POINT('Ctrl Pts',(6.09604018750481,27.8440839201642,17.2870090128849));
#7776=CARTESIAN_POINT('Ctrl Pts',(6.08599510194745,27.8427581437797,17.2948565424795));
#7777=CARTESIAN_POINT('Ctrl Pts',(6.06934726607443,27.8410597308359,17.3089382687358));
#7778=CARTESIAN_POINT('Ctrl Pts',(6.04581769906268,27.8395205699039,17.3290267195046));
#7779=CARTESIAN_POINT('Ctrl Pts',(6.01738710688101,27.8388331561101,17.3527077942835));
#7780=CARTESIAN_POINT('Ctrl Pts',(5.9792200120813,27.8394249474345,17.3835285744251));
#7781=CARTESIAN_POINT('Ctrl Pts',(5.93094971327404,27.842918608663,17.4204102723827));
#7782=CARTESIAN_POINT('Ctrl Pts',(5.85301791550657,27.8541270120396,17.4746332056612));
#7783=CARTESIAN_POINT('Ctrl Pts',(5.75518974572857,27.8781111432325,17.5312675473882));
#7784=CARTESIAN_POINT('Ctrl Pts',(5.66197291081625,27.9119233676332,17.5654777946375));
#7785=CARTESIAN_POINT('Ctrl Pts',(5.59603802036315,27.9404876059807,17.5758074082382));
#7786=CARTESIAN_POINT('Ctrl Pts',(5.53802049721781,27.9681150379436,17.5748815487569));
#7787=CARTESIAN_POINT('Ctrl Pts',(5.49408583781031,27.993866938016,17.5583819475697));
#7788=CARTESIAN_POINT('Ctrl Pts',(5.46109199686937,28.0156377876279,17.5258202918971));
#7789=CARTESIAN_POINT('Ctrl Pts',(5.44706060138224,28.0231825361981,17.504382677619));
#7790=CARTESIAN_POINT('Ctrl Pts',(5.44053740659414,28.0256504863197,17.4927852787736));
#7791=CARTESIAN_POINT('Ctrl Pts',(6.10542261634439,27.8462556664951,17.2838734316633));
#7792=CARTESIAN_POINT('Ctrl Pts',(6.10257456351318,27.8456017122667,17.2848720614561));
#7793=CARTESIAN_POINT('Ctrl Pts',(6.09751183222262,27.8448358595443,17.2885506765044));
#7794=CARTESIAN_POINT('Ctrl Pts',(6.08893641669095,27.8441592326465,17.2972481992551));
#7795=CARTESIAN_POINT('Ctrl Pts',(6.07482397795311,27.8437246975527,17.3130547425746));
#7796=CARTESIAN_POINT('Ctrl Pts',(6.05485145787671,27.8442415786791,17.3356586928102));
#7797=CARTESIAN_POINT('Ctrl Pts',(6.03058580067118,27.8464138633518,17.3622583557274));
#7798=CARTESIAN_POINT('Ctrl Pts',(5.9978667111693,27.8513027544166,17.3967414954605));
#7799=CARTESIAN_POINT('Ctrl Pts',(5.9562194677225,27.8611055070497,17.4376939858437));
#7800=CARTESIAN_POINT('Ctrl Pts',(5.88875183683235,27.8841084676089,17.4967053688404));
#7801=CARTESIAN_POINT('Ctrl Pts',(5.80394146682131,27.9257827890293,17.5553260838999));
#7802=CARTESIAN_POINT('Ctrl Pts',(5.72532910520907,27.9773226577111,17.5827285353129));
#7803=CARTESIAN_POINT('Ctrl Pts',(5.67205923018843,28.0144013625649,17.5830072850328));
#7804=CARTESIAN_POINT('Ctrl Pts',(5.62633079451162,28.0447306764181,17.5710123315271));
#7805=CARTESIAN_POINT('Ctrl Pts',(5.58945222093568,28.0647750824523,17.5472959774569));
#7806=CARTESIAN_POINT('Ctrl Pts',(5.55405820383705,28.081967783091,17.5093344728542));
#7807=CARTESIAN_POINT('Ctrl Pts',(5.53742572853258,28.0878544344115,17.4836967346343));
#7808=CARTESIAN_POINT('Ctrl Pts',(5.52948976712878,28.0895564420378,17.4696744302759));
#7809=CARTESIAN_POINT('Ctrl Pts',(6.10585259445526,27.8466564780463,17.2853397155047));
#7810=CARTESIAN_POINT('Ctrl Pts',(6.10331660728094,27.8460732243975,17.2862231103027));
#7811=CARTESIAN_POINT('Ctrl Pts',(6.09899160997885,27.8455565074874,17.2900998028332));
#7812=CARTESIAN_POINT('Ctrl Pts',(6.09190457882486,27.8454576258777,17.2996646483063));
#7813=CARTESIAN_POINT('Ctrl Pts',(6.08038930303366,27.8460569309803,17.3172524357844));
#7814=CARTESIAN_POINT('Ctrl Pts',(6.06411634005062,27.8480206793665,17.3425660736215));
#7815=CARTESIAN_POINT('Ctrl Pts',(6.04429316139239,27.8518527297017,17.3725203662578));
#7816=CARTESIAN_POINT('Ctrl Pts',(6.01744963644842,27.8588794162177,17.4116476366305));
#7817=CARTESIAN_POINT('Ctrl Pts',(5.98307568822878,27.871220474937,17.4587315208536));
#7818=CARTESIAN_POINT('Ctrl Pts',(5.92668734504755,27.8983701927782,17.5285794743931));
#7819=CARTESIAN_POINT('Ctrl Pts',(5.85431709398889,27.9459092564582,17.6027941170988));
#7820=CARTESIAN_POINT('Ctrl Pts',(5.78278126271372,28.0085591113023,17.6484683088218));
#7821=CARTESIAN_POINT('Ctrl Pts',(5.72887238956511,28.0616681730692,17.6595653346913));
#7822=CARTESIAN_POINT('Ctrl Pts',(5.67790409558136,28.1130895349603,17.6517607635067));
#7823=CARTESIAN_POINT('Ctrl Pts',(5.63095006555107,28.1572243380751,17.6137296410142));
#7824=CARTESIAN_POINT('Ctrl Pts',(5.58711550686775,28.1866729798461,17.5473115509166));
#7825=CARTESIAN_POINT('Ctrl Pts',(5.56657681945346,28.1949484583151,17.5064043434324));
#7826=CARTESIAN_POINT('Ctrl Pts',(5.55674798952233,28.1970943942929,17.4846137433778));
#7827=CARTESIAN_POINT('Ctrl Pts',(6.10606887941498,27.846852459526,17.2860736569383));
#7828=CARTESIAN_POINT('Ctrl Pts',(6.1036888962946,27.8463045740716,17.2868994384491));
#7829=CARTESIAN_POINT('Ctrl Pts',(6.09973465362391,27.8459087360783,17.2908754506769));
#7830=CARTESIAN_POINT('Ctrl Pts',(6.09339781164512,27.8460803216791,17.3008769023183));
#7831=CARTESIAN_POINT('Ctrl Pts',(6.08319641835228,27.8471375964362,17.3193663342083));
#7832=CARTESIAN_POINT('Ctrl Pts',(6.06881553415876,27.8496636406597,17.3460634899605));
#7833=CARTESIAN_POINT('Ctrl Pts',(6.05125106816067,27.8540075258432,17.3777692277658));
#7834=CARTESIAN_POINT('Ctrl Pts',(6.02737399195066,27.8615145512859,17.4193678992292));
#7835=CARTESIAN_POINT('Ctrl Pts',(5.99655242760371,27.8740785494359,17.4698293595619));
#7836=CARTESIAN_POINT('Ctrl Pts',(5.94516676614487,27.9010337288435,17.5458822565495));
#7837=CARTESIAN_POINT('Ctrl Pts',(5.87706439680422,27.9477130444751,17.6295641805972));
#7838=CARTESIAN_POINT('Ctrl Pts',(5.80432405614727,28.012146776475,17.6870292978381));
#7839=CARTESIAN_POINT('Ctrl Pts',(5.74503511408359,28.0719959052422,17.7056645235565));
#7840=CARTESIAN_POINT('Ctrl Pts',(5.68628198718858,28.1344344300657,17.7016481534218));
#7841=CARTESIAN_POINT('Ctrl Pts',(5.63122442741689,28.1939861473725,17.6564860649942));
#7842=CARTESIAN_POINT('Ctrl Pts',(5.58334788160287,28.2329456852241,17.5746538556254));
#7843=CARTESIAN_POINT('Ctrl Pts',(5.56137159650852,28.2436486759766,17.5255144928585));
#7844=CARTESIAN_POINT('Ctrl Pts',(5.55082634706019,28.2465117164342,17.4995900477524));
#7845=CARTESIAN_POINT('',(6.10606887941488,27.8468524595259,17.286073656938));
#7846=CARTESIAN_POINT('Ctrl Pts',(6.09335881139849,27.843419514503,17.2876734529862));
#7847=CARTESIAN_POINT('Ctrl Pts',(6.09353568287315,27.8434601240375,17.2876114830187));
#7848=CARTESIAN_POINT('Ctrl Pts',(6.09371287582744,27.8435009871748,17.2875503962526));
#7849=CARTESIAN_POINT('Ctrl Pts',(6.09389029217034,27.8435420911462,17.2874902828713));
#7850=CARTESIAN_POINT('Ctrl Pts',(6.09460623681362,27.8437079618189,17.2872477017617));
#7851=CARTESIAN_POINT('Ctrl Pts',(6.09530134615421,27.8438725191844,17.2870313051286));
#7852=CARTESIAN_POINT('Ctrl Pts',(6.09597669139125,27.8440354861771,17.2868383936324));
#7853=CARTESIAN_POINT('Ctrl Pts',(6.09766620282355,27.844443180764,17.2863557868699));
#7854=CARTESIAN_POINT('Ctrl Pts',(6.09923056828403,27.8448399738399,17.2860177780861));
#7855=CARTESIAN_POINT('Ctrl Pts',(6.10068707551703,27.8452348935167,17.2858436611071));
#7856=CARTESIAN_POINT('Ctrl Pts',(6.10100671257899,27.8453215604157,17.2858054503531));
#7857=CARTESIAN_POINT('Ctrl Pts',(6.10132120510008,27.8454081862612,17.2857753032324));
#7858=CARTESIAN_POINT('Ctrl Pts',(6.10163079476837,27.8454949563203,17.2857538206851));
#7859=CARTESIAN_POINT('Ctrl Pts',(6.10169723521434,27.8455135778765,17.2857492103567));
#7860=CARTESIAN_POINT('Ctrl Pts',(6.10176344987698,27.845532206218,17.2857449999175));
#7861=CARTESIAN_POINT('Ctrl Pts',(6.10182944120569,27.8455508434038,17.2857411967225));
#7862=CARTESIAN_POINT('Ctrl Pts',(6.10296447633576,27.8458713985587,17.2856757826761));
#7863=CARTESIAN_POINT('Ctrl Pts',(6.10397105279278,27.8461746252617,17.2857225463996));
#7864=CARTESIAN_POINT('Ctrl Pts',(6.10488444593338,27.8464653139003,17.2858509062778));
#7865=CARTESIAN_POINT('Ctrl Pts',(6.10528172368234,27.846591748097,17.2859067360418));
#7866=CARTESIAN_POINT('Ctrl Pts',(6.10566191523573,27.8467160240199,17.2859782873761));
#7867=CARTESIAN_POINT('Ctrl Pts',(6.10603036634397,27.8468395372227,17.286064572557));
#7868=CARTESIAN_POINT('Ctrl Pts',(6.106043204187,27.8468438407601,17.2860675789684));
#7869=CARTESIAN_POINT('Ctrl Pts',(6.10605604802969,27.8468481502528,17.2860706085143));
#7870=CARTESIAN_POINT('Ctrl Pts',(6.10606887939976,27.8468524595225,17.2860736569436));
#7871=CARTESIAN_POINT('',(5.55082634706019,28.2465117164342,17.4995900477524));
#7872=CARTESIAN_POINT('Origin',(5.36827761437946,28.2035706466674,17.569102814378));
#7873=CARTESIAN_POINT('Ctrl Pts',(5.55082634706019,28.2465117164342,17.4995900477524));
#7874=CARTESIAN_POINT('Ctrl Pts',(5.56137159650852,28.2436486759766,17.5255144928585));
#7875=CARTESIAN_POINT('Ctrl Pts',(5.58334788160287,28.2329456852241,17.5746538556254));
#7876=CARTESIAN_POINT('Ctrl Pts',(5.63122442741689,28.1939861473725,17.6564860649942));
#7877=CARTESIAN_POINT('Ctrl Pts',(5.68628198718858,28.1344344300657,17.7016481534218));
#7878=CARTESIAN_POINT('Ctrl Pts',(5.74503511408359,28.0719959052422,17.7056645235565));
#7879=CARTESIAN_POINT('Ctrl Pts',(5.80432405614727,28.012146776475,17.6870292978381));
#7880=CARTESIAN_POINT('Ctrl Pts',(5.87706439680422,27.9477130444751,17.6295641805972));
#7881=CARTESIAN_POINT('Ctrl Pts',(5.94516676614487,27.9010337288435,17.5458822565495));
#7882=CARTESIAN_POINT('Ctrl Pts',(5.99655242760371,27.8740785494359,17.4698293595619));
#7883=CARTESIAN_POINT('Ctrl Pts',(6.02737399195066,27.8615145512859,17.4193678992292));
#7884=CARTESIAN_POINT('Ctrl Pts',(6.05125106816067,27.8540075258432,17.3777692277658));
#7885=CARTESIAN_POINT('Ctrl Pts',(6.06881553415876,27.8496636406597,17.3460634899605));
#7886=CARTESIAN_POINT('Ctrl Pts',(6.08319641835228,27.8471375964362,17.3193663342083));
#7887=CARTESIAN_POINT('Ctrl Pts',(6.09339781164512,27.8460803216791,17.3008769023183));
#7888=CARTESIAN_POINT('Ctrl Pts',(6.09973465362391,27.8459087360783,17.2908754506769));
#7889=CARTESIAN_POINT('Ctrl Pts',(6.1036888962946,27.8463045740716,17.2868994384491));
#7890=CARTESIAN_POINT('Ctrl Pts',(6.10606887941498,27.846852459526,17.2860736569383));
#7891=CARTESIAN_POINT('Ctrl Pts',(5.44597358104341,28.2808416156372,17.209560592265));
#7892=CARTESIAN_POINT('Ctrl Pts',(5.47691061068472,28.2684798422518,17.3073232197226));
#7893=CARTESIAN_POINT('Ctrl Pts',(5.51201154508601,28.2570499544296,17.4041677243627));
#7894=CARTESIAN_POINT('Ctrl Pts',(5.55082634706017,28.2465117164343,17.4995900477524));
#7895=CARTESIAN_POINT('Ctrl Pts',(5.44213119356919,28.2306735062275,17.1974184474595));
#7896=CARTESIAN_POINT('Ctrl Pts',(5.47633608429396,28.2157172744489,17.2938819078843));
#7897=CARTESIAN_POINT('Ctrl Pts',(5.51484748505174,28.2021352612926,17.3891879964914));
#7898=CARTESIAN_POINT('Ctrl Pts',(5.55759393844546,28.1900347768443,17.4824742713243));
#7899=CARTESIAN_POINT('Ctrl Pts',(5.40016909994231,28.1434118970304,17.1874625577084));
#7900=CARTESIAN_POINT('Ctrl Pts',(5.43639516478545,28.1213543819641,17.283637354588));
#7901=CARTESIAN_POINT('Ctrl Pts',(5.47797982731964,28.1007161968501,17.3780203287906));
#7902=CARTESIAN_POINT('Ctrl Pts',(5.52417039728792,28.0816197968766,17.4700261747597));
#7903=CARTESIAN_POINT('Ctrl Pts',(5.31770977154278,28.099256144574,17.2017996682269));
#7904=CARTESIAN_POINT('Ctrl Pts',(5.35096779694743,28.0728928122369,17.3014270590408));
#7905=CARTESIAN_POINT('Ctrl Pts',(5.38986183065628,28.0478477548191,17.3994578635016));
#7906=CARTESIAN_POINT('Ctrl Pts',(5.43377046350272,28.0239749408109,17.495341095124));
#7907=CARTESIAN_POINT('Ctrl Pts',(5.28092193455296,28.0913349033303,17.2113320380851));
#7908=CARTESIAN_POINT('Ctrl Pts',(5.31277843986419,28.0642873383835,17.3127865841309));
#7909=CARTESIAN_POINT('Ctrl Pts',(5.3503793751627,28.0384812367699,17.4127282198499));
#7910=CARTESIAN_POINT('Ctrl Pts',(5.39316880495432,28.0139216677571,17.5106759932255));
#7911=CARTESIAN_POINT('',(5.4459735810407,28.2808416155627,17.2095605922564));
#7912=CARTESIAN_POINT('Origin',(5.25529327514013,28.2808416156913,17.2699014651509));
#7913=CARTESIAN_POINT('Ctrl Pts',(5.44597358104341,28.2808416156372,17.209560592265));
#7914=CARTESIAN_POINT('Ctrl Pts',(5.47691061068472,28.2684798422518,17.3073232197226));
#7915=CARTESIAN_POINT('Ctrl Pts',(5.51201154508601,28.2570499544296,17.4041677243627));
#7916=CARTESIAN_POINT('Ctrl Pts',(5.55082634706017,28.2465117164343,17.4995900477524));
#7917=CARTESIAN_POINT('Ctrl Pts',(5.28092193455296,28.0913349033303,17.2113320380851));
#7918=CARTESIAN_POINT('Ctrl Pts',(5.23340032864637,28.1316828231303,17.0599882888201));
#7919=CARTESIAN_POINT('Ctrl Pts',(5.18588679021225,28.1720268323153,16.9086411404117));
#7920=CARTESIAN_POINT('Ctrl Pts',(5.13838193940705,28.2123667477839,16.7572903660495));
#7921=CARTESIAN_POINT('Ctrl Pts',(5.32997238387947,28.1018965583256,17.1986222115987));
#7922=CARTESIAN_POINT('Ctrl Pts',(5.28237290086707,28.1423212231628,17.0473232210657));
#7923=CARTESIAN_POINT('Ctrl Pts',(5.23478067553353,28.1827374801551,16.8960198416821));
#7924=CARTESIAN_POINT('Ctrl Pts',(5.1871934422809,28.2231572592599,16.7447160436764));
#7925=CARTESIAN_POINT('Ctrl Pts',(5.41054839849513,28.1553288100036,17.1873510944828));
#7926=CARTESIAN_POINT('Ctrl Pts',(5.36276707719315,28.1957703528007,17.0361124580579));
#7927=CARTESIAN_POINT('Ctrl Pts',(5.31498665351863,28.2362110659617,16.884873443043));
#7928=CARTESIAN_POINT('Ctrl Pts',(5.26720839242949,28.2766475171423,16.7336327289263));
#7929=CARTESIAN_POINT('Ctrl Pts',(5.44309179044236,28.243215533627,17.200453983644));
#7930=CARTESIAN_POINT('Ctrl Pts',(5.39522916084233,28.2835405084808,17.0492072935228));
#7931=CARTESIAN_POINT('Ctrl Pts',(5.34736769245917,28.3238609339871,16.8979590644852));
#7932=CARTESIAN_POINT('Ctrl Pts',(5.29950420957993,28.3641747151029,16.7467097382164));
#7933=CARTESIAN_POINT('Ctrl Pts',(5.44597358103916,28.2808416156913,17.2095605922515));
#7934=CARTESIAN_POINT('Ctrl Pts',(5.39810731003738,28.3211170128099,17.0583006790566));
#7935=CARTESIAN_POINT('Ctrl Pts',(5.3502405290525,28.3613857513802,16.9070391542884));
#7936=CARTESIAN_POINT('Ctrl Pts',(5.30237320182641,28.4016473553982,16.7557759033694));
#7937=CARTESIAN_POINT('',(5.30237320182641,28.4016473553982,16.7557759033694));
#7938=CARTESIAN_POINT('Origin',(5.11169289592739,28.4016473553982,16.8161167762688));
#7939=CARTESIAN_POINT('Ctrl Pts',(5.30237320182641,28.4016473553982,16.7557759033694));
#7940=CARTESIAN_POINT('Ctrl Pts',(5.3502405290525,28.3613857513802,16.9070391542884));
#7941=CARTESIAN_POINT('Ctrl Pts',(5.39810731003738,28.3211170128099,17.0583006790566));
#7942=CARTESIAN_POINT('Ctrl Pts',(5.44597358103916,28.2808416156913,17.2095605922515));
#7943=CARTESIAN_POINT('Ctrl Pts',(5.13838193940705,28.2123667477839,16.7572903660495));
#7944=CARTESIAN_POINT('Ctrl Pts',(5.06700126339344,28.2710097998193,16.5362149266525));
#7945=CARTESIAN_POINT('Ctrl Pts',(4.9299719373008,28.5446086080082,16.1330315789868));
#7946=CARTESIAN_POINT('Ctrl Pts',(4.85962463068346,29.0252865416589,15.9773012838696));
#7947=CARTESIAN_POINT('Ctrl Pts',(4.84968631932743,29.2666176636871,15.9803173499192));
#7948=CARTESIAN_POINT('Ctrl Pts',(5.1871934422809,28.2231572592599,16.7447160436764));
#7949=CARTESIAN_POINT('Ctrl Pts',(5.11680194196751,28.2809298011353,16.5256470437644));
#7950=CARTESIAN_POINT('Ctrl Pts',(4.9829755323797,28.5494892007735,16.125112041321));
#7951=CARTESIAN_POINT('Ctrl Pts',(4.91547487459778,29.0253053910855,15.9636718238727));
#7952=CARTESIAN_POINT('Ctrl Pts',(4.90651598159834,29.2666176636871,15.9630707565248));
#7953=CARTESIAN_POINT('Ctrl Pts',(5.26720855883508,28.2766473949707,16.7336326437489));
#7954=CARTESIAN_POINT('Ctrl Pts',(5.20105723274321,28.3313780380393,16.525534135567));
#7955=CARTESIAN_POINT('Ctrl Pts',(5.07829185799809,28.5856925777173,16.1437335770779));
#7956=CARTESIAN_POINT('Ctrl Pts',(5.02316111850281,29.0367064044609,15.9844650565091));
#7957=CARTESIAN_POINT('Ctrl Pts',(5.01928083983432,29.2666176636871,15.9805130276729));
#7958=CARTESIAN_POINT('Ctrl Pts',(5.29950420957993,28.3641747151028,16.7467097382164));
#7959=CARTESIAN_POINT('Ctrl Pts',(5.23941745585051,28.414512340404,16.5568259917334));
#7960=CARTESIAN_POINT('Ctrl Pts',(5.12949916101613,28.6494203179488,16.2095672646577));
#7961=CARTESIAN_POINT('Ctrl Pts',(5.08542734157504,29.0597598699762,16.0703017319445));
#7962=CARTESIAN_POINT('Ctrl Pts',(5.08500825638328,29.2666176636871,16.0688913374474));
#7963=CARTESIAN_POINT('Ctrl Pts',(5.30237320182641,28.4016473553982,16.7557759033694));
#7964=CARTESIAN_POINT('Ctrl Pts',(5.24476199789707,28.4501046145355,16.5737214938022));
#7965=CARTESIAN_POINT('Ctrl Pts',(5.13962594810426,28.6766878906161,16.2414860922868));
#7966=CARTESIAN_POINT('Ctrl Pts',(5.09844670090702,29.0696126768869,16.1113575231267));
#7967=CARTESIAN_POINT('Ctrl Pts',(5.09844670090702,29.2666176636871,16.1113575231267));
#7968=CARTESIAN_POINT('',(4.84968631932743,29.2666176636871,15.9803173499192));
#7969=CARTESIAN_POINT('',(5.09844670090702,29.2666176636871,16.1113575231267));
#7970=CARTESIAN_POINT('Origin',(4.90776639500799,29.2666176636871,16.171698396026));
#7971=CARTESIAN_POINT('Ctrl Pts',(5.09844670090702,29.2666176636871,16.1113575231267));
#7972=CARTESIAN_POINT('Ctrl Pts',(5.09844670090702,29.0696126768869,16.1113575231267));
#7973=CARTESIAN_POINT('Ctrl Pts',(5.13962594810426,28.6766878906161,16.2414860922868));
#7974=CARTESIAN_POINT('Ctrl Pts',(5.24476199789707,28.4501046145355,16.5737214938022));
#7975=CARTESIAN_POINT('Ctrl Pts',(5.30237320182641,28.4016473553982,16.7557759033694));
#7976=CARTESIAN_POINT('Ctrl Pts',(5.13838193940705,28.2123667477839,16.7572903660495));
#7977=CARTESIAN_POINT('Ctrl Pts',(5.06700126339344,28.2710097998193,16.5362149266525));
#7978=CARTESIAN_POINT('Ctrl Pts',(4.9299719373008,28.5446086080082,16.1330315789868));
#7979=CARTESIAN_POINT('Ctrl Pts',(4.85962463068346,29.0252865416589,15.9773012838696));
#7980=CARTESIAN_POINT('Ctrl Pts',(4.84968631932743,29.2666176636871,15.9803173499192));
#7981=CARTESIAN_POINT('Ctrl Pts',(4.84968631932743,29.2666176636871,15.9803173499192));
#7982=CARTESIAN_POINT('Ctrl Pts',(4.83972897507688,29.5084109597832,15.9833391920473));
#7983=CARTESIAN_POINT('Ctrl Pts',(4.87097936560098,29.9896053955283,16.1513672681137));
#7984=CARTESIAN_POINT('Ctrl Pts',(4.98885515938655,30.2648101656946,16.559793280934));
#7985=CARTESIAN_POINT('Ctrl Pts',(5.05678033417621,30.3244728641005,16.7820952809597));
#7986=CARTESIAN_POINT('Ctrl Pts',(4.89941227381448,29.2666176636871,15.9652265806991));
#7987=CARTESIAN_POINT('Ctrl Pts',(4.89030733632167,29.5083647407979,15.9651014910002));
#7988=CARTESIAN_POINT('Ctrl Pts',(4.92261662821302,29.9935926508574,16.1263899091085));
#7989=CARTESIAN_POINT('Ctrl Pts',(5.04229628328696,30.2754306072177,16.5368746913638));
#7990=CARTESIAN_POINT('Ctrl Pts',(5.11122417307111,30.3365800241054,16.7615788381422));
#7991=CARTESIAN_POINT('Ctrl Pts',(5.01084794973235,29.2666176636871,15.9760133151886));
#7992=CARTESIAN_POINT('Ctrl Pts',(5.00643398475771,29.4984852268967,15.9720611620992));
#7993=CARTESIAN_POINT('Ctrl Pts',(5.04588854075252,29.9684571216061,16.1181390413976));
#7994=CARTESIAN_POINT('Ctrl Pts',(5.16681997157964,30.2466931356645,16.51274813805));
#7995=CARTESIAN_POINT('Ctrl Pts',(5.23488055774114,30.3069343416555,16.7304979160913));
#7996=CARTESIAN_POINT('Ctrl Pts',(5.08276851562932,29.2666176636871,16.0618136398342));
#7997=CARTESIAN_POINT('Ctrl Pts',(5.08229297584873,29.4755605189189,16.0601277849001));
#7998=CARTESIAN_POINT('Ctrl Pts',(5.12496517639727,29.8946158078831,16.1950283365356));
#7999=CARTESIAN_POINT('Ctrl Pts',(5.23644849878762,30.1396106950923,16.5475130193999));
#8000=CARTESIAN_POINT('Ctrl Pts',(5.29787950955043,30.1927230960061,16.7415756013746));
#8001=CARTESIAN_POINT('Ctrl Pts',(5.09844670090702,29.2666176636871,16.1113575231267));
#8002=CARTESIAN_POINT('Ctrl Pts',(5.09844670090702,29.46399993542,16.1113575231267));
#8003=CARTESIAN_POINT('Ctrl Pts',(5.1397275008528,29.8574900991019,16.2418070042694));
#8004=CARTESIAN_POINT('Ctrl Pts',(5.24472280855274,30.0857222797443,16.5735976534299));
#8005=CARTESIAN_POINT('Ctrl Pts',(5.30237320182641,30.1351922564861,16.7557759033694));
#8006=CARTESIAN_POINT('',(5.05678033417621,30.3244728641005,16.7820952809597));
#8007=CARTESIAN_POINT('',(5.30237320182641,30.1351922564861,16.7557759033694));
#8008=CARTESIAN_POINT('Origin',(5.11169289592739,30.1351922564861,16.8161167762688));
#8009=CARTESIAN_POINT('Ctrl Pts',(5.30237320182641,30.1351922564861,16.7557759033694));
#8010=CARTESIAN_POINT('Ctrl Pts',(5.24472280855274,30.0857222797443,16.5735976534299));
#8011=CARTESIAN_POINT('Ctrl Pts',(5.1397275008528,29.8574900991019,16.2418070042694));
#8012=CARTESIAN_POINT('Ctrl Pts',(5.09844670090702,29.46399993542,16.1113575231267));
#8013=CARTESIAN_POINT('Ctrl Pts',(5.09844670090702,29.2666176636871,16.1113575231267));
#8014=CARTESIAN_POINT('Ctrl Pts',(4.84968631932743,29.2666176636871,15.9803173499192));
#8015=CARTESIAN_POINT('Ctrl Pts',(4.83972897507688,29.5084109597832,15.9833391920473));
#8016=CARTESIAN_POINT('Ctrl Pts',(4.87097936560098,29.9896053955283,16.1513672681137));
#8017=CARTESIAN_POINT('Ctrl Pts',(4.98885515938655,30.2648101656946,16.559793280934));
#8018=CARTESIAN_POINT('Ctrl Pts',(5.05678033417621,30.3244728641005,16.7820952809597));
#8019=CARTESIAN_POINT('Ctrl Pts',(5.05678033417621,30.3244728641005,16.7820952809597));
#8020=CARTESIAN_POINT('Ctrl Pts',(5.13731493217313,30.3932191687015,17.0345821614593));
#8021=CARTESIAN_POINT('Ctrl Pts',(5.21782848380889,30.461919349616,17.2870868068255));
#8022=CARTESIAN_POINT('Ctrl Pts',(5.29832331736284,30.5305797154081,17.5396069945469));
#8023=CARTESIAN_POINT('Ctrl Pts',(5.11122417307112,30.3365800241054,16.7615788381422));
#8024=CARTESIAN_POINT('Ctrl Pts',(5.1917169910913,30.4051263031859,17.0141346174348));
#8025=CARTESIAN_POINT('Ctrl Pts',(5.27218407117253,30.4736504979314,17.266702751635));
#8026=CARTESIAN_POINT('Ctrl Pts',(5.35263855693668,30.5421283544849,17.5192863406894));
#8027=CARTESIAN_POINT('Ctrl Pts',(5.23487941545968,30.3069327491438,16.7304987100088));
#8028=CARTESIAN_POINT('Ctrl Pts',(5.31507044461443,30.375263046561,16.9832053817569));
#8029=CARTESIAN_POINT('Ctrl Pts',(5.39525101174176,30.4435607532287,17.235922891448));
#8030=CARTESIAN_POINT('Ctrl Pts',(5.47542754267451,30.5118433630649,17.488644518037));
#8031=CARTESIAN_POINT('Ctrl Pts',(5.29787950955043,30.192723096006,16.7415756013746));
#8032=CARTESIAN_POINT('Ctrl Pts',(5.37784620798159,30.2612383608536,16.9942909539072));
#8033=CARTESIAN_POINT('Ctrl Pts',(5.45782869664777,30.3297251242721,17.2470085183898));
#8034=CARTESIAN_POINT('Ctrl Pts',(5.53780045309168,30.3981781304101,17.4997382978664));
#8035=CARTESIAN_POINT('Ctrl Pts',(5.30237320182642,30.1351922564861,16.7557759033694));
#8036=CARTESIAN_POINT('Ctrl Pts',(5.38233502969077,30.2038077426963,17.008459450438));
#8037=CARTESIAN_POINT('Ctrl Pts',(5.4622997990341,30.2723855690171,17.2611522927336));
#8038=CARTESIAN_POINT('Ctrl Pts',(5.54226711644071,30.3409307364976,17.5138531870421));
#8039=CARTESIAN_POINT('',(5.29832331736502,30.5305797154085,17.5396069945461));
#8040=CARTESIAN_POINT('',(5.54226711644071,30.3409307364976,17.5138531870421));
#8041=CARTESIAN_POINT('Origin',(5.35158681054169,30.3409307364976,17.5741940599414));
#8042=CARTESIAN_POINT('Ctrl Pts',(5.54226711644071,30.3409307364976,17.5138531870421));
#8043=CARTESIAN_POINT('Ctrl Pts',(5.4622997990341,30.2723855690171,17.2611522927336));
#8044=CARTESIAN_POINT('Ctrl Pts',(5.38233502969077,30.2038077426963,17.008459450438));
#8045=CARTESIAN_POINT('Ctrl Pts',(5.30237320182642,30.1351922564861,16.7557759033694));
#8046=CARTESIAN_POINT('Ctrl Pts',(5.05678033417621,30.3244728641005,16.7820952809597));
#8047=CARTESIAN_POINT('Ctrl Pts',(5.13731493217313,30.3932191687015,17.0345821614593));
#8048=CARTESIAN_POINT('Ctrl Pts',(5.21782848380889,30.461919349616,17.2870868068255));
#8049=CARTESIAN_POINT('Ctrl Pts',(5.29832331736284,30.5305797154081,17.5396069945469));
#8050=CARTESIAN_POINT('Ctrl Pts',(5.33232880042279,30.5758861619115,17.6091276746374));
#8051=CARTESIAN_POINT('Ctrl Pts',(5.34145727359635,30.593156199963,17.6240345391187));
#8052=CARTESIAN_POINT('Ctrl Pts',(5.36092333390995,30.6254379570588,17.6384974703422));
#8053=CARTESIAN_POINT('Ctrl Pts',(5.41938963622748,30.6983267099193,17.6406081003646));
#8054=CARTESIAN_POINT('Ctrl Pts',(5.49869440559032,30.7728455665788,17.6119779604213));
#8055=CARTESIAN_POINT('Ctrl Pts',(5.60515038272264,30.8495694544484,17.5540678947276));
#8056=CARTESIAN_POINT('Ctrl Pts',(5.68531828790634,30.8978673386077,17.5035770751184));
#8057=CARTESIAN_POINT('Ctrl Pts',(5.75118774084211,30.9325543744289,17.4591691634347));
#8058=CARTESIAN_POINT('Ctrl Pts',(5.79344439373627,30.9527928762879,17.429577736205));
#8059=CARTESIAN_POINT('Ctrl Pts',(5.82662825289254,30.9675684256004,17.4057682861181));
#8060=CARTESIAN_POINT('Ctrl Pts',(5.85232151703883,30.9784313920491,17.3870246418098));
#8061=CARTESIAN_POINT('Ctrl Pts',(5.87239894846074,30.9865354964436,17.3720782588503));
#8062=CARTESIAN_POINT('Ctrl Pts',(5.88840971293394,30.9928064320189,17.3597652834329));
#8063=CARTESIAN_POINT('Ctrl Pts',(5.89543645217345,30.9957361981109,17.3536059965996));
#8064=CARTESIAN_POINT('Ctrl Pts',(5.89827582009343,30.9971030830872,17.3505151515979));
#8065=CARTESIAN_POINT('Ctrl Pts',(5.8978842796834,30.997507364059,17.349119491528));
#8066=CARTESIAN_POINT('Ctrl Pts',(5.38455108058804,30.5818256948495,17.5865743472521));
#8067=CARTESIAN_POINT('Ctrl Pts',(5.39349943173251,30.5952497098755,17.5990813016624));
#8068=CARTESIAN_POINT('Ctrl Pts',(5.41148948220395,30.6186500316138,17.6120064945255));
#8069=CARTESIAN_POINT('Ctrl Pts',(5.46379628723732,30.6768710351348,17.6228500605696));
#8070=CARTESIAN_POINT('Ctrl Pts',(5.53481511208969,30.7497418994727,17.6090563643441));
#8071=CARTESIAN_POINT('Ctrl Pts',(5.63127016699479,30.834067564392,17.5597564502589));
#8072=CARTESIAN_POINT('Ctrl Pts',(5.70420600999499,30.8884312273703,17.5109938378781));
#8073=CARTESIAN_POINT('Ctrl Pts',(5.76432483619465,30.9273247225495,17.4657435334709));
#8074=CARTESIAN_POINT('Ctrl Pts',(5.80296755989448,30.9496904963251,17.434926796334));
#8075=CARTESIAN_POINT('Ctrl Pts',(5.83335717795243,30.9657922365396,17.4098029832776));
#8076=CARTESIAN_POINT('Ctrl Pts',(5.8569090890528,30.9774702032712,17.3898983424017));
#8077=CARTESIAN_POINT('Ctrl Pts',(5.8753218636542,30.9860692837267,17.373926505198));
#8078=CARTESIAN_POINT('Ctrl Pts',(5.88999673309029,30.9926321381473,17.3607096481017));
#8079=CARTESIAN_POINT('Ctrl Pts',(5.8963827113434,30.9957000635432,17.3540229547715));
#8080=CARTESIAN_POINT('Ctrl Pts',(5.89891692280117,30.9971454443703,17.3506183463481));
#8081=CARTESIAN_POINT('Ctrl Pts',(5.89842508684807,30.9976214283047,17.3489646601939));
#8082=CARTESIAN_POINT('Ctrl Pts',(5.50639406081521,30.5564542310365,17.5737645702859));
#8083=CARTESIAN_POINT('Ctrl Pts',(5.5157557579884,30.5667390588363,17.5875111749229));
#8084=CARTESIAN_POINT('Ctrl Pts',(5.53036839679688,30.5828077577101,17.6035459081687));
#8085=CARTESIAN_POINT('Ctrl Pts',(5.56528603102832,30.6329977525018,17.6281166298838));
#8086=CARTESIAN_POINT('Ctrl Pts',(5.61302646198808,30.7127438716583,17.6282252565695));
#8087=CARTESIAN_POINT('Ctrl Pts',(5.68531478315445,30.8115187215083,17.5820337486172));
#8088=CARTESIAN_POINT('Ctrl Pts',(5.74242705635347,30.875065870501,17.5305278672712));
#8089=CARTESIAN_POINT('Ctrl Pts',(5.79063715855873,30.9198386191179,17.4808436802432));
#8090=CARTESIAN_POINT('Ctrl Pts',(5.82196812054386,30.945185443184,17.4464751083238));
#8091=CARTESIAN_POINT('Ctrl Pts',(5.84676801190572,30.9631309498224,17.4182420455065));
#8092=CARTESIAN_POINT('Ctrl Pts',(5.86605187989366,30.9759776455241,17.3957709190078));
#8093=CARTESIAN_POINT('Ctrl Pts',(5.88115303812846,30.9852963796356,17.3776719765852));
#8094=CARTESIAN_POINT('Ctrl Pts',(5.89316593993411,30.9923320315708,17.3626081628514));
#8095=CARTESIAN_POINT('Ctrl Pts',(5.89827362576287,30.9956435645831,17.3548592860264));
#8096=CARTESIAN_POINT('Ctrl Pts',(5.90019856948479,30.9972350029987,17.3508263389404));
#8097=CARTESIAN_POINT('Ctrl Pts',(5.89950614755597,30.9978542299652,17.3486565065166));
#8098=CARTESIAN_POINT('Ctrl Pts',(5.58008138866546,30.4747628908888,17.6333482597632));
#8099=CARTESIAN_POINT('Ctrl Pts',(5.59009993450883,30.4927317761678,17.6588383452971));
#8100=CARTESIAN_POINT('Ctrl Pts',(5.60489148829031,30.5261191640888,17.6865465260497));
#8101=CARTESIAN_POINT('Ctrl Pts',(5.63662554121233,30.6084522371724,17.7098123626487));
#8102=CARTESIAN_POINT('Ctrl Pts',(5.67573717437729,30.7045352458516,17.6898537033079));
#8103=CARTESIAN_POINT('Ctrl Pts',(5.73279745338322,30.8084210923355,17.6227369263365));
#8104=CARTESIAN_POINT('Ctrl Pts',(5.77772058312322,30.8731010505724,17.5582434600845));
#8105=CARTESIAN_POINT('Ctrl Pts',(5.81569023454033,30.91829490157,17.4994503143567));
#8106=CARTESIAN_POINT('Ctrl Pts',(5.84034739853712,30.9439147656339,17.4597114361672));
#8107=CARTESIAN_POINT('Ctrl Pts',(5.85988341154057,30.9621342168079,17.4274716319762));
#8108=CARTESIAN_POINT('Ctrl Pts',(5.8750633203595,30.9752428360396,17.4019799511376));
#8109=CARTESIAN_POINT('Ctrl Pts',(5.88693943453396,30.9848199363171,17.3815343002296));
#8110=CARTESIAN_POINT('Ctrl Pts',(5.89632160772957,30.9921155023925,17.3645399404098));
#8111=CARTESIAN_POINT('Ctrl Pts',(5.9001600461357,30.9956131533157,17.3557062500907));
#8112=CARTESIAN_POINT('Ctrl Pts',(5.90147900072797,30.9973342264651,17.3510375231433));
#8113=CARTESIAN_POINT('Ctrl Pts',(5.90058602088555,30.9980963607041,17.348351393663));
#8114=CARTESIAN_POINT('Ctrl Pts',(5.59207990855455,30.4336591985219,17.6712642084868));
#8115=CARTESIAN_POINT('Ctrl Pts',(5.60220647841107,30.4571776555727,17.7032646974617));
#8116=CARTESIAN_POINT('Ctrl Pts',(5.61814164265191,30.5022578116948,17.7374178390868));
#8117=CARTESIAN_POINT('Ctrl Pts',(5.65500748647759,30.6047486374168,17.7587429177401));
#8118=CARTESIAN_POINT('Ctrl Pts',(5.69785586218193,30.7086692484625,17.7258993843243));
#8119=CARTESIAN_POINT('Ctrl Pts',(5.75296307952118,30.8121020153226,17.645631015964));
#8120=CARTESIAN_POINT('Ctrl Pts',(5.79397661388241,30.8751298527797,17.5733360570366));
#8121=CARTESIAN_POINT('Ctrl Pts',(5.82768668861304,30.9190750860112,17.5093368003609));
#8122=CARTESIAN_POINT('Ctrl Pts',(5.84933862788928,30.9441300565576,17.4666117023997));
#8123=CARTESIAN_POINT('Ctrl Pts',(5.8663660117687,30.9620738990995,17.4322222303499));
#8124=CARTESIAN_POINT('Ctrl Pts',(5.87955463532947,30.9750789361283,17.4051375647984));
#8125=CARTESIAN_POINT('Ctrl Pts',(5.88982532461597,30.9846589590952,17.383487745814));
#8126=CARTESIAN_POINT('Ctrl Pts',(5.8978994270994,30.992029767899,17.3655110817902));
#8127=CARTESIAN_POINT('Ctrl Pts',(5.90110357196887,30.9956051256731,17.356131202208));
#8128=CARTESIAN_POINT('Ctrl Pts',(5.90211888801816,30.9973862524044,17.3511439094442));
#8129=CARTESIAN_POINT('Ctrl Pts',(5.90112564069372,30.9982197538568,17.3481996030966));
#8130=CARTESIAN_POINT('',(5.90119046933141,30.9982197538567,17.3483901871));
#8131=CARTESIAN_POINT('',(5.89798182891649,30.9974917201597,17.3494192403414));
#8132=CARTESIAN_POINT('Ctrl Pts',(5.9012213260858,30.9982197538567,17.3484809001552));
#8133=CARTESIAN_POINT('Ctrl Pts',(5.90015811190643,30.9979770761874,17.3488425607654));
#8134=CARTESIAN_POINT('Ctrl Pts',(5.89909486347507,30.9977343982888,17.3492041239778));
#8135=CARTESIAN_POINT('Ctrl Pts',(5.89803158080499,30.9974917201597,17.3495655897871));
#8136=CARTESIAN_POINT('',(5.59207990855455,30.4336591985219,17.6712642084868));
#8137=CARTESIAN_POINT('Ctrl Pts',(5.90112564069372,30.9982197538568,17.3481996030966));
#8138=CARTESIAN_POINT('Ctrl Pts',(5.90211888801816,30.9973862524044,17.3511439094442));
#8139=CARTESIAN_POINT('Ctrl Pts',(5.90110357196887,30.9956051256731,17.356131202208));
#8140=CARTESIAN_POINT('Ctrl Pts',(5.8978994270994,30.992029767899,17.3655110817902));
#8141=CARTESIAN_POINT('Ctrl Pts',(5.88982532461597,30.9846589590952,17.383487745814));
#8142=CARTESIAN_POINT('Ctrl Pts',(5.87955463532947,30.9750789361283,17.4051375647984));
#8143=CARTESIAN_POINT('Ctrl Pts',(5.8663660117687,30.9620738990995,17.4322222303499));
#8144=CARTESIAN_POINT('Ctrl Pts',(5.84933862788928,30.9441300565576,17.4666117023997));
#8145=CARTESIAN_POINT('Ctrl Pts',(5.82768668861304,30.9190750860112,17.5093368003609));
#8146=CARTESIAN_POINT('Ctrl Pts',(5.79397661388241,30.8751298527797,17.5733360570366));
#8147=CARTESIAN_POINT('Ctrl Pts',(5.75296307952118,30.8121020153226,17.645631015964));
#8148=CARTESIAN_POINT('Ctrl Pts',(5.69785586218193,30.7086692484625,17.7258993843243));
#8149=CARTESIAN_POINT('Ctrl Pts',(5.65500748647759,30.6047486374168,17.7587429177401));
#8150=CARTESIAN_POINT('Ctrl Pts',(5.61814164265191,30.5022578116948,17.7374178390868));
#8151=CARTESIAN_POINT('Ctrl Pts',(5.60220647841107,30.4571776555727,17.7032646974617));
#8152=CARTESIAN_POINT('Ctrl Pts',(5.59207990855455,30.4336591985219,17.6712642084868));
#8153=CARTESIAN_POINT('',(5.33232880042279,30.5758861619115,17.6091276746374));
#8154=CARTESIAN_POINT('Origin',(5.40139960265552,30.4336591985219,17.7316050813861));
#8155=CARTESIAN_POINT('Ctrl Pts',(5.33232880042279,30.5758861619115,17.6091276746374));
#8156=CARTESIAN_POINT('Ctrl Pts',(5.34145727359635,30.593156199963,17.6240345391187));
#8157=CARTESIAN_POINT('Ctrl Pts',(5.36092333390995,30.6254379570588,17.6384974703422));
#8158=CARTESIAN_POINT('Ctrl Pts',(5.41938963622748,30.6983267099193,17.6406081003646));
#8159=CARTESIAN_POINT('Ctrl Pts',(5.49869440559032,30.7728455665788,17.6119779604213));
#8160=CARTESIAN_POINT('Ctrl Pts',(5.60515038272264,30.8495694544484,17.5540678947276));
#8161=CARTESIAN_POINT('Ctrl Pts',(5.68531828790634,30.8978673386077,17.5035770751184));
#8162=CARTESIAN_POINT('Ctrl Pts',(5.75118774084211,30.9325543744289,17.4591691634347));
#8163=CARTESIAN_POINT('Ctrl Pts',(5.79344439373627,30.9527928762879,17.429577736205));
#8164=CARTESIAN_POINT('Ctrl Pts',(5.82662825289254,30.9675684256004,17.4057682861181));
#8165=CARTESIAN_POINT('Ctrl Pts',(5.85232151703883,30.9784313920491,17.3870246418098));
#8166=CARTESIAN_POINT('Ctrl Pts',(5.87239894846074,30.9865354964436,17.3720782588503));
#8167=CARTESIAN_POINT('Ctrl Pts',(5.88840971293394,30.9928064320189,17.3597652834329));
#8168=CARTESIAN_POINT('Ctrl Pts',(5.89541406042341,30.9957268619754,17.3536256240835));
#8169=CARTESIAN_POINT('Ctrl Pts',(5.89823960044292,30.9970856559773,17.3505545488927));
#8170=CARTESIAN_POINT('Ctrl Pts',(5.89789837266698,30.9974917688979,17.3491729339518));
#8171=CARTESIAN_POINT('Ctrl Pts',(5.29832331736281,30.5305797154082,17.5396069945468));
#8172=CARTESIAN_POINT('Ctrl Pts',(5.30914092818961,30.5385033528777,17.5663952173776));
#8173=CARTESIAN_POINT('Ctrl Pts',(5.32097424663213,30.5544046312882,17.5905856039773));
#8174=CARTESIAN_POINT('Ctrl Pts',(5.3323288004228,30.5758861619115,17.6091276746374));
#8175=CARTESIAN_POINT('Ctrl Pts',(5.35263855693665,30.542128354485,17.5192863406893));
#8176=CARTESIAN_POINT('Ctrl Pts',(5.36265345731191,30.5487718182912,17.5443021089824));
#8177=CARTESIAN_POINT('Ctrl Pts',(5.37378988904068,30.562592627707,17.5677718214766));
#8178=CARTESIAN_POINT('Ctrl Pts',(5.38455108058805,30.5818256948495,17.5865743472521));
#8179=CARTESIAN_POINT('Ctrl Pts',(5.4754273170395,30.5118430516662,17.4886446739062));
#8180=CARTESIAN_POINT('Ctrl Pts',(5.48596852514806,30.5191097956366,17.5193920478813));
#8181=CARTESIAN_POINT('Ctrl Pts',(5.49667806688194,30.5341299150353,17.5487672662838));
#8182=CARTESIAN_POINT('Ctrl Pts',(5.50639444696204,30.55645468265,17.5737639897828));
#8183=CARTESIAN_POINT('Ctrl Pts',(5.53780045309169,30.3981781304103,17.4997382978664));
#8184=CARTESIAN_POINT('Ctrl Pts',(5.55345191181141,30.4112098714197,17.5492571963817));
#8185=CARTESIAN_POINT('Ctrl Pts',(5.56820905888181,30.4378184700371,17.5957063834419));
#8186=CARTESIAN_POINT('Ctrl Pts',(5.58008138866547,30.4747628908888,17.6333482597632));
#8187=CARTESIAN_POINT('Ctrl Pts',(5.54226711644075,30.3409307364978,17.5138531870422));
#8188=CARTESIAN_POINT('Ctrl Pts',(5.56090960802997,30.3569104235711,17.5727644329051));
#8189=CARTESIAN_POINT('Ctrl Pts',(5.57824026983964,30.389277041397,17.6275302282361));
#8190=CARTESIAN_POINT('Ctrl Pts',(5.59207990855455,30.4336591985219,17.6712642084868));
#8191=CARTESIAN_POINT('Ctrl Pts',(5.59207990855455,30.4336591985219,17.6712642084868));
#8192=CARTESIAN_POINT('Ctrl Pts',(5.57824026983964,30.389277041397,17.6275302282361));
#8193=CARTESIAN_POINT('Ctrl Pts',(5.56090960802997,30.3569104235711,17.5727644329051));
#8194=CARTESIAN_POINT('Ctrl Pts',(5.54226711644075,30.3409307364978,17.5138531870422));
#8195=CARTESIAN_POINT('Ctrl Pts',(5.29832331736281,30.5305797154082,17.5396069945468));
#8196=CARTESIAN_POINT('Ctrl Pts',(5.30914092818961,30.5385033528777,17.5663952173776));
#8197=CARTESIAN_POINT('Ctrl Pts',(5.32097424663213,30.5544046312882,17.5905856039773));
#8198=CARTESIAN_POINT('Ctrl Pts',(5.3323288004228,30.5758861619115,17.6091276746374));
#8199=CARTESIAN_POINT('Ctrl Pts',(6.06192291346521,27.8082207942907,17.1437930488586));
#8200=CARTESIAN_POINT('Ctrl Pts',(6.13153836739363,27.8691301239294,17.3681950726228));
#8201=CARTESIAN_POINT('Ctrl Pts',(6.20119181123732,27.9301223780603,17.592556132737));
#8202=CARTESIAN_POINT('Ctrl Pts',(6.27087963733519,27.9911876613413,17.8168809559358));
#8203=CARTESIAN_POINT('Ctrl Pts',(5.98407732005433,27.7905874113817,17.1732458796552));
#8204=CARTESIAN_POINT('Ctrl Pts',(6.05374776076401,27.8517445050897,17.3975666764782));
#8205=CARTESIAN_POINT('Ctrl Pts',(6.12345592022414,27.9129723816733,17.6218494321992));
#8206=CARTESIAN_POINT('Ctrl Pts',(6.19319679862721,27.9742663038738,17.8460981398135));
#8207=CARTESIAN_POINT('Ctrl Pts',(5.81644716780851,27.7974352982848,17.2244212445314));
#8208=CARTESIAN_POINT('Ctrl Pts',(5.88637392890561,27.8589774227666,17.4485542169306));
#8209=CARTESIAN_POINT('Ctrl Pts',(5.95632560566529,27.920573378808,17.6726576798344));
#8210=CARTESIAN_POINT('Ctrl Pts',(6.02630691281283,27.982221397215,17.8967317860772));
#8211=CARTESIAN_POINT('Ctrl Pts',(5.55355446072149,27.9527801936996,17.2651637108893));
#8212=CARTESIAN_POINT('Ctrl Pts',(5.62410785623731,28.014457966382,17.489027377175));
#8213=CARTESIAN_POINT('Ctrl Pts',(5.6946677407552,28.0761842974533,17.7128708867888));
#8214=CARTESIAN_POINT('Ctrl Pts',(5.76523117098941,28.1379543696521,17.9366972598606));
#8215=CARTESIAN_POINT('Ctrl Pts',(5.45568067341875,28.157346308269,17.2402355105183));
#8216=CARTESIAN_POINT('Ctrl Pts',(5.52651330883182,28.2187109501161,17.4640517566099));
#8217=CARTESIAN_POINT('Ctrl Pts',(5.59732545475145,28.2801307208279,17.6878574457237));
#8218=CARTESIAN_POINT('Ctrl Pts',(5.66814764720702,28.3416102001571,17.91164223052));
#8219=CARTESIAN_POINT('Ctrl Pts',(5.44597358104602,28.2808416154951,17.2095605922732));
#8220=CARTESIAN_POINT('Ctrl Pts',(5.51680856659194,28.3420094818173,17.4334028415357));
#8221=CARTESIAN_POINT('Ctrl Pts',(5.58763816366114,28.4032458967939,17.6572280629306));
#8222=CARTESIAN_POINT('Ctrl Pts',(5.65846298690514,28.46454290411,17.8810381987889));
#8223=CARTESIAN_POINT('',(5.65846298690514,28.46454290411,17.8810381987889));
#8224=CARTESIAN_POINT('Ctrl Pts',(5.44597358104602,28.2808416154951,17.2095605922732));
#8225=CARTESIAN_POINT('Ctrl Pts',(5.51680856659194,28.3420094818173,17.4334028415357));
#8226=CARTESIAN_POINT('Ctrl Pts',(5.58763816366114,28.4032458967939,17.6572280629306));
#8227=CARTESIAN_POINT('Ctrl Pts',(5.65846298690514,28.46454290411,17.8810381987889));
#8228=CARTESIAN_POINT('',(6.27087963733535,27.9911876613413,17.8168809559357));
#8229=CARTESIAN_POINT('Origin',(6.1351637516527,28.46454290411,17.7301860165406));
#8230=CARTESIAN_POINT('Ctrl Pts',(6.27087963733519,27.9911876613413,17.8168809559358));
#8231=CARTESIAN_POINT('Ctrl Pts',(6.2159207427236,27.9430288844617,17.6399685021073));
#8232=CARTESIAN_POINT('Ctrl Pts',(6.16098323248353,27.8949155287599,17.463033510383));
#8233=CARTESIAN_POINT('Ctrl Pts',(6.10606887618987,27.8468524479481,17.2860736622772));
#8234=CARTESIAN_POINT('Origin',(5.81113742808332,29.31348,18.3634973968085));
#8235=CARTESIAN_POINT('',(5.65846298690513,30.3737211057868,17.8810381987889));
#8236=CARTESIAN_POINT('Ctrl Pts',(5.65846298690513,30.3737211057869,17.8810381987889));
#8237=CARTESIAN_POINT('Ctrl Pts',(5.63633503568135,30.3936973253607,17.8111127186702));
#8238=CARTESIAN_POINT('Ctrl Pts',(5.61420734005632,30.4136766554411,17.7411880462569));
#8239=CARTESIAN_POINT('Ctrl Pts',(5.59207990834596,30.4336591960562,17.6712642078277));
#8240=CARTESIAN_POINT('',(5.88130078736131,29.4151349319558,18.5852172720306));
#8241=CARTESIAN_POINT('Ctrl Pts',(5.88130078736131,29.4151349319558,18.5852172720306));
#8242=CARTESIAN_POINT('Ctrl Pts',(5.88130078736131,29.6009016005568,18.5852172720306));
#8243=CARTESIAN_POINT('Ctrl Pts',(5.84306909369959,30.0343449245152,18.4644031257948));
#8244=CARTESIAN_POINT('Ctrl Pts',(5.73056524756374,30.3086301004732,18.1088851035118));
#8245=CARTESIAN_POINT('Ctrl Pts',(5.65846298690513,30.3737211057868,17.8810381987889));
#8246=CARTESIAN_POINT('Ctrl Pts',(5.65846298690514,28.46454290411,17.8810381987889));
#8247=CARTESIAN_POINT('Ctrl Pts',(5.71248384960053,28.5112965289579,18.0517469427753));
#8248=CARTESIAN_POINT('Ctrl Pts',(5.82945242847622,28.7392216634741,18.4213737534082));
#8249=CARTESIAN_POINT('Ctrl Pts',(5.88130078736131,29.1683939330073,18.5852172720306));
#8250=CARTESIAN_POINT('Ctrl Pts',(5.88130078736131,29.4151349319558,18.5852172720306));
#8251=CARTESIAN_POINT('Ctrl Pts',(6.08205500137602,30.8470763485556,17.8822198114264));
#8252=CARTESIAN_POINT('Ctrl Pts',(6.0244877175966,30.898058014189,17.703379539555));
#8253=CARTESIAN_POINT('Ctrl Pts',(5.96689692755318,30.9490521309803,17.5245517297917));
#8254=CARTESIAN_POINT('Ctrl Pts',(5.90928055204087,31.0000594102788,17.3457374025946));
#8255=CARTESIAN_POINT('Ctrl Pts',(5.97298722690164,30.8257139527894,17.9106315789513));
#8256=CARTESIAN_POINT('Ctrl Pts',(5.91559248639407,30.8765164695812,17.7316838281651));
#8257=CARTESIAN_POINT('Ctrl Pts',(5.85817928672448,30.9273381021503,17.5527485959543));
#8258=CARTESIAN_POINT('Ctrl Pts',(5.80074687264332,30.9781576490161,17.3738204877513));
#8259=CARTESIAN_POINT('Ctrl Pts',(5.76412051217148,30.7052275391779,17.9423071486877));
#8260=CARTESIAN_POINT('Ctrl Pts',(5.70718659233634,30.755937333036,17.7631771790227));
#8261=CARTESIAN_POINT('Ctrl Pts',(5.65025116904418,30.8066496051974,17.5840493984061));
#8262=CARTESIAN_POINT('Ctrl Pts',(5.59330665755,30.8573742108465,17.4049290011449));
#8263=CARTESIAN_POINT('Ctrl Pts',(5.66755821144214,30.4844033972964,17.9097795827565));
#8264=CARTESIAN_POINT('Ctrl Pts',(5.61087278584579,30.53541541333,17.73063931343));
#8265=CARTESIAN_POINT('Ctrl Pts',(5.55417900283044,30.5864459411924,17.5515072643146));
#8266=CARTESIAN_POINT('Ctrl Pts',(5.49749664572584,30.637491115036,17.3723761642387));
#8267=CARTESIAN_POINT('Ctrl Pts',(5.65846298690513,30.3737211057869,17.8810381987889));
#8268=CARTESIAN_POINT('Ctrl Pts',(5.60178443357641,30.4248882118136,17.7019310137692));
#8269=CARTESIAN_POINT('Ctrl Pts',(5.54510755717342,30.4760757251723,17.5228291279222));
#8270=CARTESIAN_POINT('Ctrl Pts',(5.4884324974433,30.5272853268118,17.3437329828563));
#8271=CARTESIAN_POINT('',(5.90928055204087,31.0000594102788,17.3457374025946));
#8272=CARTESIAN_POINT('Ctrl Pts',(5.90928055204088,31.0000594102788,17.3457374025946));
#8273=CARTESIAN_POINT('Ctrl Pts',(5.9065943622373,30.9994461929251,17.3466525236297));
#8274=CARTESIAN_POINT('Ctrl Pts',(5.90390795351418,30.9988329741233,17.3475670228441));
#8275=CARTESIAN_POINT('Ctrl Pts',(5.9012213260858,30.9982197538567,17.3484809001552));
#8276=CARTESIAN_POINT('',(6.08205500137604,30.8470763485556,17.8822198114264));
#8277=CARTESIAN_POINT('Ctrl Pts',(5.90928055204087,31.0000594102788,17.3457374025946));
#8278=CARTESIAN_POINT('Ctrl Pts',(5.96689692755318,30.9490521309803,17.5245517297917));
#8279=CARTESIAN_POINT('Ctrl Pts',(6.0244877175966,30.898058014189,17.703379539555));
#8280=CARTESIAN_POINT('Ctrl Pts',(6.08205500137602,30.8470763485556,17.8822198114264));
#8281=CARTESIAN_POINT('Origin',(6.13516375165269,30.3737211057868,17.7301860165406));
#8282=CARTESIAN_POINT('Ctrl Pts',(3.35313626519135,27.9446329838958,-18.014868374755));
#8283=CARTESIAN_POINT('Ctrl Pts',(3.35412402050696,27.9445131454934,-18.0150055996252));
#8284=CARTESIAN_POINT('Ctrl Pts',(3.35512031074732,27.9443941774827,-18.0151457711491));
#8285=CARTESIAN_POINT('Ctrl Pts',(3.56157605212622,27.9194144012468,-18.0430328029536));
#8286=CARTESIAN_POINT('Ctrl Pts',(3.86728093679463,27.9360788788573,-18.0692910477231));
#8287=CARTESIAN_POINT('Ctrl Pts',(4.08023752466724,28.0641437819655,-17.972866942744));
#8288=CARTESIAN_POINT('Ctrl Pts',(4.08630823094341,28.1059468641387,-17.8993495533438));
#8289=CARTESIAN_POINT('Ctrl Pts',(4.08473951993989,28.1140277429697,-17.8612694552404));
#8290=CARTESIAN_POINT('Ctrl Pts',(3.35313626519135,27.9446329838958,-18.014868374755));
#8291=CARTESIAN_POINT('Ctrl Pts',(3.35414400445657,27.9443743682981,-18.0153748834538));
#8292=CARTESIAN_POINT('Ctrl Pts',(3.35492597420928,27.9446826635648,-18.0151785396092));
#8293=CARTESIAN_POINT('Ctrl Pts',(3.55128129398047,27.9200618922704,-18.0814399752861));
#8294=CARTESIAN_POINT('Ctrl Pts',(3.84259952012744,28.030054921452,-18.0994153591882));
#8295=CARTESIAN_POINT('Ctrl Pts',(3.97011189672712,28.113026501561,-17.9635251996094));
#8296=CARTESIAN_POINT('Ctrl Pts',(3.9851293823405,28.1269313168617,-17.919059983395));
#8297=CARTESIAN_POINT('Ctrl Pts',(3.98481329213589,28.1374817579929,-17.8776561992159));
#8298=CARTESIAN_POINT('Ctrl Pts',(3.35313626519135,27.9446329838958,-18.014868374755));
#8299=CARTESIAN_POINT('Ctrl Pts',(3.35411351468487,27.9444234654708,-18.0154715929048));
#8300=CARTESIAN_POINT('Ctrl Pts',(3.35477943659163,27.9447855112409,-18.0154856390467));
#8301=CARTESIAN_POINT('Ctrl Pts',(3.53995828241494,27.9303220317379,-18.106319549086));
#8302=CARTESIAN_POINT('Ctrl Pts',(3.81261761724366,28.0665189073977,-18.1809960774886));
#8303=CARTESIAN_POINT('Ctrl Pts',(3.91027852269827,28.2226445224311,-18.0569633912583));
#8304=CARTESIAN_POINT('Ctrl Pts',(3.92132172668479,28.2387298377617,-17.9699081914518));
#8305=CARTESIAN_POINT('Ctrl Pts',(3.91743878165066,28.2477602311884,-17.9104875512071));
#8306=CARTESIAN_POINT('Ctrl Pts',(3.35313626519135,27.9446329838958,-18.014868374755));
#8307=CARTESIAN_POINT('Ctrl Pts',(3.35394642936503,27.9446626656535,-18.0154033293299));
#8308=CARTESIAN_POINT('Ctrl Pts',(3.35476538142913,27.9446966731016,-18.0159483922996));
#8309=CARTESIAN_POINT('Ctrl Pts',(3.52366300677964,27.9506342044965,-18.1257114337848));
#8310=CARTESIAN_POINT('Ctrl Pts',(3.78687582385311,28.0427610737007,-18.2755080779935));
#8311=CARTESIAN_POINT('Ctrl Pts',(3.9619487926587,28.2814484160701,-18.1537260375371));
#8312=CARTESIAN_POINT('Ctrl Pts',(3.95333991354178,28.3386046431906,-18.0078156343998));
#8313=CARTESIAN_POINT('Ctrl Pts',(3.94265623574025,28.3465893977453,-17.9305061188099));
#8314=CARTESIAN_POINT('',(4.0847395199399,28.1140277429697,-17.8612694552404));
#8315=CARTESIAN_POINT('',(3.94265623574025,28.3465893977453,-17.9305061188099));
#8316=CARTESIAN_POINT('Origin',(4.13550938240667,28.3036767218801,-17.8994229067663));
#8317=CARTESIAN_POINT('',(3.35313626518585,27.9446329838893,-18.0148683747307));
#8318=CARTESIAN_POINT('Ctrl Pts',(3.94265623574025,28.3465893977453,-17.9305061188099));
#8319=CARTESIAN_POINT('Ctrl Pts',(3.95333991354178,28.3386046431906,-18.0078156343998));
#8320=CARTESIAN_POINT('Ctrl Pts',(3.9619487926587,28.2814484160701,-18.1537260375371));
#8321=CARTESIAN_POINT('Ctrl Pts',(3.78687582385311,28.0427610737007,-18.2755080779935));
#8322=CARTESIAN_POINT('Ctrl Pts',(3.52366300677964,27.9506342044965,-18.1257114337848));
#8323=CARTESIAN_POINT('Ctrl Pts',(3.35476538142913,27.9446966731016,-18.0159483922996));
#8324=CARTESIAN_POINT('Ctrl Pts',(3.35394642936503,27.9446626656535,-18.0154033293299));
#8325=CARTESIAN_POINT('Ctrl Pts',(3.35313626519135,27.9446329838958,-18.014868374755));
#8326=CARTESIAN_POINT('Ctrl Pts',(3.35313626519135,27.9446329838958,-18.014868374755));
#8327=CARTESIAN_POINT('Ctrl Pts',(3.35412402050696,27.9445131454934,-18.0150055996252));
#8328=CARTESIAN_POINT('Ctrl Pts',(3.35512031074732,27.9443941774827,-18.0151457711491));
#8329=CARTESIAN_POINT('Ctrl Pts',(3.56157605212622,27.9194144012468,-18.0430328029536));
#8330=CARTESIAN_POINT('Ctrl Pts',(3.86728093679463,27.9360788788573,-18.0692910477231));
#8331=CARTESIAN_POINT('Ctrl Pts',(4.08023752466724,28.0641437819655,-17.972866942744));
#8332=CARTESIAN_POINT('Ctrl Pts',(4.08630823094341,28.1059468641387,-17.8993495533438));
#8333=CARTESIAN_POINT('Ctrl Pts',(4.08473951993989,28.1140277429697,-17.8612694552404));
#8334=CARTESIAN_POINT('Ctrl Pts',(3.8884753580627,28.3808978916958,-17.627114386311));
#8335=CARTESIAN_POINT('Ctrl Pts',(3.91054944465833,28.3685444984244,-17.7271799424412));
#8336=CARTESIAN_POINT('Ctrl Pts',(3.92856387626236,28.3571217288038,-17.8285306095336));
#8337=CARTESIAN_POINT('Ctrl Pts',(3.94265623574025,28.3465893977453,-17.9305061188098));
#8338=CARTESIAN_POINT('Ctrl Pts',(3.88573188543588,28.3307296917772,-17.6146777622913));
#8339=CARTESIAN_POINT('Ctrl Pts',(3.90432868814564,28.3157835999674,-17.7152517903567));
#8340=CARTESIAN_POINT('Ctrl Pts',(3.91862320061483,28.3022098833069,-17.816975202975));
#8341=CARTESIAN_POINT('Ctrl Pts',(3.92824626197478,28.2901155882842,-17.9190669373226));
#8342=CARTESIAN_POINT('Ctrl Pts',(3.91709391176754,28.2434675760789,-17.5850745858307));
#8343=CARTESIAN_POINT('Ctrl Pts',(3.9337972743876,28.2214250063864,-17.6864086937818));
#8344=CARTESIAN_POINT('Ctrl Pts',(3.94497110540077,28.2007996662932,-17.7888687790822));
#8345=CARTESIAN_POINT('Ctrl Pts',(3.95097491008879,28.1817140862104,-17.8915734457156));
#8346=CARTESIAN_POINT('Ctrl Pts',(3.99567498592696,28.199312245539,-17.5562611889595));
#8347=CARTESIAN_POINT('Ctrl Pts',(4.01667213804806,28.1729667774736,-17.659100296194));
#8348=CARTESIAN_POINT('Ctrl Pts',(4.03199767998832,28.1479378398599,-17.7633728072592));
#8349=CARTESIAN_POINT('Ctrl Pts',(4.04191399373818,28.1240794636939,-17.8682923455156));
#8350=CARTESIAN_POINT('Ctrl Pts',(4.03230046322934,28.191391080651,-17.5461225443684));
#8351=CARTESIAN_POINT('Ctrl Pts',(4.05542350416828,28.1643618467416,-17.6498426605037));
#8352=CARTESIAN_POINT('Ctrl Pts',(4.0728229567594,28.138572394354,-17.7551226811735));
#8353=CARTESIAN_POINT('Ctrl Pts',(4.0847395199399,28.1140277429697,-17.8612694552404));
#8354=CARTESIAN_POINT('',(4.03230046322934,28.191391080651,-17.5461225443684));
#8355=CARTESIAN_POINT('Ctrl Pts',(4.0847395199399,28.1140277429697,-17.8612694552404));
#8356=CARTESIAN_POINT('Ctrl Pts',(4.0728229567594,28.138572394354,-17.7551226811735));
#8357=CARTESIAN_POINT('Ctrl Pts',(4.05542350416828,28.1643618467416,-17.6498426605037));
#8358=CARTESIAN_POINT('Ctrl Pts',(4.03230046322934,28.191391080651,-17.5461225443684));
#8359=CARTESIAN_POINT('',(3.88847535806076,28.380897891621,-17.6271143863022));
#8360=CARTESIAN_POINT('Origin',(4.08377978341927,28.3808978917501,-17.584030962165));
#8361=CARTESIAN_POINT('Ctrl Pts',(3.8884753580627,28.3808978916958,-17.627114386311));
#8362=CARTESIAN_POINT('Ctrl Pts',(3.91054944465833,28.3685444984244,-17.7271799424412));
#8363=CARTESIAN_POINT('Ctrl Pts',(3.92856387626236,28.3571217288038,-17.8285306095336));
#8364=CARTESIAN_POINT('Ctrl Pts',(3.94265623574025,28.3465893977453,-17.9305061188098));
#8365=CARTESIAN_POINT('Ctrl Pts',(4.03230046322934,28.191391080651,-17.5461225443684));
#8366=CARTESIAN_POINT('Ctrl Pts',(3.99776784946023,28.2317573152654,-17.3912239424764));
#8367=CARTESIAN_POINT('Ctrl Pts',(3.96322654188366,28.2721196357967,-17.2363264315159));
#8368=CARTESIAN_POINT('Ctrl Pts',(3.92867588915087,28.3124778588953,-17.0814301252935));
#8369=CARTESIAN_POINT('Ctrl Pts',(3.98346649348251,28.2019526338386,-17.5596407371521));
#8370=CARTESIAN_POINT('Ctrl Pts',(3.94902374120903,28.2423956469411,-17.4047419589661));
#8371=CARTESIAN_POINT('Ctrl Pts',(3.91457250270225,28.2828302473916,-17.2498430090787));
#8372=CARTESIAN_POINT('Ctrl Pts',(3.88011672647866,28.3232683703714,-17.09494619412));
#8373=CARTESIAN_POINT('Ctrl Pts',(3.90804937023494,28.2553845748351,-17.5901677441753));
#8374=CARTESIAN_POINT('Ctrl Pts',(3.8737943526719,28.2958444736298,-17.4352302984666));
#8375=CARTESIAN_POINT('Ctrl Pts',(3.83953837340175,28.3363035467933,-17.2802929737812));
#8376=CARTESIAN_POINT('Ctrl Pts',(3.80527966347678,28.3767583494152,-17.1253552586011));
#8377=CARTESIAN_POINT('Ctrl Pts',(3.88641775358009,28.343271741804,-17.6177869182838));
#8378=CARTESIAN_POINT('Ctrl Pts',(3.85222915298425,28.3836150224207,-17.4628018231731));
#8379=CARTESIAN_POINT('Ctrl Pts',(3.81803877637443,28.423953749329,-17.3078159750294));
#8380=CARTESIAN_POINT('Ctrl Pts',(3.78384959614922,28.4642858262143,-17.1528281678887));
#8381=CARTESIAN_POINT('Ctrl Pts',(3.88847535805966,28.3808978917501,-17.6271143862972));
#8382=CARTESIAN_POINT('Ctrl Pts',(3.85428329798058,28.4211915732679,-17.4721160132542));
#8383=CARTESIAN_POINT('Ctrl Pts',(3.82009087345405,28.4614785904019,-17.3171159881095));
#8384=CARTESIAN_POINT('Ctrl Pts',(3.78589805855702,28.5017584665096,-17.1621141933494));
#8385=CARTESIAN_POINT('',(3.92867588915082,28.3124778588953,-17.0814301252936));
#8386=CARTESIAN_POINT('',(3.78589805855702,28.5017584665096,-17.1621141933494));
#8387=CARTESIAN_POINT('Origin',(3.98120248391663,28.5017584665096,-17.1190307692172));
#8388=CARTESIAN_POINT('Ctrl Pts',(3.78589805855702,28.5017584665096,-17.1621141933494));
#8389=CARTESIAN_POINT('Ctrl Pts',(3.82009087345405,28.4614785904019,-17.3171159881095));
#8390=CARTESIAN_POINT('Ctrl Pts',(3.85428329798058,28.4211915732679,-17.4721160132542));
#8391=CARTESIAN_POINT('Ctrl Pts',(3.88847535805966,28.3808978917501,-17.6271143862972));
#8392=CARTESIAN_POINT('Ctrl Pts',(4.03230046322934,28.191391080651,-17.5461225443684));
#8393=CARTESIAN_POINT('Ctrl Pts',(3.99776784946023,28.2317573152654,-17.3912239424764));
#8394=CARTESIAN_POINT('Ctrl Pts',(3.96322654188366,28.2721196357967,-17.2363264315159));
#8395=CARTESIAN_POINT('Ctrl Pts',(3.92867588915087,28.3124778588953,-17.0814301252935));
#8396=CARTESIAN_POINT('Ctrl Pts',(3.92867588915087,28.3124778588953,-17.0814301252935));
#8397=CARTESIAN_POINT('Ctrl Pts',(3.8799556482195,28.371120910931,-16.8542828406163));
#8398=CARTESIAN_POINT('Ctrl Pts',(3.79703490636029,28.6447198929919,-16.4366013425256));
#8399=CARTESIAN_POINT('Ctrl Pts',(3.78009225890637,29.1253976527702,-16.2665611110906));
#8400=CARTESIAN_POINT('Ctrl Pts',(3.7902071220362,29.3667287747982,-16.264203945231));
#8401=CARTESIAN_POINT('Ctrl Pts',(3.88011672647866,28.3232683703713,-17.09494619412));
#8402=CARTESIAN_POINT('Ctrl Pts',(3.83154305400462,28.3810409122469,-16.8700311248581));
#8403=CARTESIAN_POINT('Ctrl Pts',(3.74717267969525,28.6496004265793,-16.4562446186932));
#8404=CARTESIAN_POINT('Ctrl Pts',(3.72490979887056,29.1254165021968,-16.2826827744505));
#8405=CARTESIAN_POINT('Ctrl Pts',(3.7323678941239,29.3667287747982,-16.2776827883582));
#8406=CARTESIAN_POINT('Ctrl Pts',(3.80527950099423,28.376758243091,-17.125355266814));
#8407=CARTESIAN_POINT('Ctrl Pts',(3.75851897579292,28.4314888861598,-16.9120610091931));
#8408=CARTESIAN_POINT('Ctrl Pts',(3.67393649694617,28.6858037332799,-16.5200292896265));
#8409=CARTESIAN_POINT('Ctrl Pts',(3.64204665646681,29.1368175155721,-16.3545329879598));
#8410=CARTESIAN_POINT('Ctrl Pts',(3.6434310619494,29.3667287747982,-16.349170291257));
#8411=CARTESIAN_POINT('Ctrl Pts',(3.78384959614922,28.4642858262142,-17.1528281678887));
#8412=CARTESIAN_POINT('Ctrl Pts',(3.74094437806837,28.5146234515156,-16.9583406428041));
#8413=CARTESIAN_POINT('Ctrl Pts',(3.66250709594559,28.7495315785219,-16.6026467688406));
#8414=CARTESIAN_POINT('Ctrl Pts',(3.63104159906833,29.1598709810875,-16.4600032171326));
#8415=CARTESIAN_POINT('Ctrl Pts',(3.63069934024216,29.3667287747982,-16.4585722370728));
#8416=CARTESIAN_POINT('Ctrl Pts',(3.78589805855701,28.5017584665096,-17.1621141933494));
#8417=CARTESIAN_POINT('Ctrl Pts',(3.74476361991888,28.5502157256471,-16.9756448478287));
#8418=CARTESIAN_POINT('Ctrl Pts',(3.66969644422508,28.7767991339524,-16.6353526842515));
#8419=CARTESIAN_POINT('Ctrl Pts',(3.6402943987369,29.1697237879982,-16.5020682549348));
#8420=CARTESIAN_POINT('Ctrl Pts',(3.6402943987369,29.3667287747982,-16.5020682549348));
#8421=CARTESIAN_POINT('',(3.7902071220362,29.3667287747982,-16.264203945231));
#8422=CARTESIAN_POINT('',(3.6402943987369,29.3667287747982,-16.5020682549348));
#8423=CARTESIAN_POINT('Origin',(3.83559882409652,29.3667287747982,-16.4589848308026));
#8424=CARTESIAN_POINT('Ctrl Pts',(3.6402943987369,29.3667287747982,-16.5020682549348));
#8425=CARTESIAN_POINT('Ctrl Pts',(3.6402943987369,29.1697237879982,-16.5020682549348));
#8426=CARTESIAN_POINT('Ctrl Pts',(3.66969644422508,28.7767991339524,-16.6353526842515));
#8427=CARTESIAN_POINT('Ctrl Pts',(3.74476361991888,28.5502157256471,-16.9756448478287));
#8428=CARTESIAN_POINT('Ctrl Pts',(3.78589805855701,28.5017584665096,-17.1621141933494));
#8429=CARTESIAN_POINT('Ctrl Pts',(3.92867588915087,28.3124778588953,-17.0814301252935));
#8430=CARTESIAN_POINT('Ctrl Pts',(3.8799556482195,28.371120910931,-16.8542828406163));
#8431=CARTESIAN_POINT('Ctrl Pts',(3.79703490636029,28.6447198929919,-16.4366013425256));
#8432=CARTESIAN_POINT('Ctrl Pts',(3.78009225890637,29.1253976527702,-16.2665611110906));
#8433=CARTESIAN_POINT('Ctrl Pts',(3.7902071220362,29.3667287747982,-16.264203945231));
#8434=CARTESIAN_POINT('Ctrl Pts',(3.7902071220362,29.3667287747982,-16.264203945231));
#8435=CARTESIAN_POINT('Ctrl Pts',(3.80034135617545,29.6085220708941,-16.2618422651549));
#8436=CARTESIAN_POINT('Ctrl Pts',(3.85729175861884,30.0897165277294,-16.422984019892));
#8437=CARTESIAN_POINT('Ctrl Pts',(3.95942133663696,30.3649212768053,-16.8356292424001));
#8438=CARTESIAN_POINT('Ctrl Pts',(4.01174740972543,30.4245839752113,-17.062111009129));
#8439=CARTESIAN_POINT('Ctrl Pts',(3.73959779761294,29.3667287747982,-16.2759979329673));
#8440=CARTESIAN_POINT('Ctrl Pts',(3.74742035993215,29.6084758519088,-16.2713371333639));
#8441=CARTESIAN_POINT('Ctrl Pts',(3.80008390018676,30.0937037807989,-16.4271716348251));
#8442=CARTESIAN_POINT('Ctrl Pts',(3.90168067094734,30.3755417183284,-16.8425017235636));
#8443=CARTESIAN_POINT('Ctrl Pts',(3.95433944075416,30.4366911352162,-17.0715651679013));
#8444=CARTESIAN_POINT('Ctrl Pts',(3.64848434686258,29.3667287747982,-16.3410569210384));
#8445=CARTESIAN_POINT('Ctrl Pts',(3.65033087611734,29.5985963380076,-16.3354272735761));
#8446=CARTESIAN_POINT('Ctrl Pts',(3.68920106089635,30.0685687613162,-16.4816618501367));
#8447=CARTESIAN_POINT('Ctrl Pts',(3.78177582951114,30.3468052661833,-16.8838692851162));
#8448=CARTESIAN_POINT('Ctrl Pts',(3.83170852191941,30.4070464721746,-17.1064764176489));
#8449=CARTESIAN_POINT('Ctrl Pts',(3.62910016382638,29.3667287747982,-16.4513229007625));
#8450=CARTESIAN_POINT('Ctrl Pts',(3.62866906588985,29.5756716300299,-16.4496251376722));
#8451=CARTESIAN_POINT('Ctrl Pts',(3.65916413022109,29.9947269356731,-16.5877885243019));
#8452=CARTESIAN_POINT('Ctrl Pts',(3.73885908414084,30.239721806203,-16.9487908936472));
#8453=CARTESIAN_POINT('Ctrl Pts',(3.78268955922739,30.2928342071169,-17.1475695249424));
#8454=CARTESIAN_POINT('Ctrl Pts',(3.6402943987369,29.3667287747982,-16.5020682549348));
#8455=CARTESIAN_POINT('Ctrl Pts',(3.6402943987369,29.564111046531,-16.5020682549348));
#8456=CARTESIAN_POINT('Ctrl Pts',(3.66976891367611,29.9576012262083,-16.6356812004912));
#8457=CARTESIAN_POINT('Ctrl Pts',(3.74473563870048,30.1858333908551,-16.9755180042482));
#8458=CARTESIAN_POINT('Ctrl Pts',(3.78589805855702,30.235303367597,-17.1621141933494));
#8459=CARTESIAN_POINT('',(4.01174740972544,30.4245839752113,-17.062111009129));
#8460=CARTESIAN_POINT('',(3.78589805855702,30.235303367597,-17.1621141933494));
#8461=CARTESIAN_POINT('Origin',(3.98120248391663,30.235303367597,-17.1190307692172));
#8462=CARTESIAN_POINT('Ctrl Pts',(3.78589805855702,30.235303367597,-17.1621141933494));
#8463=CARTESIAN_POINT('Ctrl Pts',(3.74473563870048,30.1858333908551,-16.9755180042482));
#8464=CARTESIAN_POINT('Ctrl Pts',(3.66976891367611,29.9576012262083,-16.6356812004912));
#8465=CARTESIAN_POINT('Ctrl Pts',(3.6402943987369,29.564111046531,-16.5020682549348));
#8466=CARTESIAN_POINT('Ctrl Pts',(3.6402943987369,29.3667287747982,-16.5020682549348));
#8467=CARTESIAN_POINT('Ctrl Pts',(3.7902071220362,29.3667287747982,-16.264203945231));
#8468=CARTESIAN_POINT('Ctrl Pts',(3.80034135617545,29.6085220708941,-16.2618422651549));
#8469=CARTESIAN_POINT('Ctrl Pts',(3.85729175861884,30.0897165277294,-16.422984019892));
#8470=CARTESIAN_POINT('Ctrl Pts',(3.95942133663696,30.3649212768053,-16.8356292424001));
#8471=CARTESIAN_POINT('Ctrl Pts',(4.01174740972543,30.4245839752113,-17.062111009129));
#8472=CARTESIAN_POINT('Ctrl Pts',(4.01174740972543,30.4245839752113,-17.0621110091291));
#8473=CARTESIAN_POINT('Ctrl Pts',(4.06824584222641,30.4933302798128,-17.3210383607627));
#8474=CARTESIAN_POINT('Ctrl Pts',(4.1247713838441,30.5620304607276,-17.5799705740416));
#8475=CARTESIAN_POINT('Ctrl Pts',(4.18132090697373,30.63069082652,-17.838906888354));
#8476=CARTESIAN_POINT('Ctrl Pts',(3.95433944075416,30.4366911352162,-17.0715651679013));
#8477=CARTESIAN_POINT('Ctrl Pts',(4.01090850517283,30.5052374142971,-17.3305312976516));
#8478=CARTESIAN_POINT('Ctrl Pts',(4.06750603675429,30.573761609043,-17.5894952580963));
#8479=CARTESIAN_POINT('Ctrl Pts',(4.12412220276142,30.6422394655969,-17.8484663056789));
#8480=CARTESIAN_POINT('Ctrl Pts',(3.83170987914714,30.407044912951,-17.1064765316275));
#8481=CARTESIAN_POINT('Ctrl Pts',(3.88861574661762,30.4753752103686,-17.3654224436448));
#8482=CARTESIAN_POINT('Ctrl Pts',(3.94553610599133,30.5436728939476,-17.6243725142337));
#8483=CARTESIAN_POINT('Ctrl Pts',(4.00246200671085,30.6119555037841,-17.8833241284122));
#8484=CARTESIAN_POINT('Ctrl Pts',(3.78268955922739,30.2928342071169,-17.1475695249424));
#8485=CARTESIAN_POINT('Ctrl Pts',(3.83979404319558,30.3613494719649,-17.4064107893778));
#8486=CARTESIAN_POINT('Ctrl Pts',(3.89688595839413,30.4298362353837,-17.6652618645357));
#8487=CARTESIAN_POINT('Ctrl Pts',(3.95399327546679,30.4982892415221,-17.9241181520775));
#8488=CARTESIAN_POINT('Ctrl Pts',(3.78589805855701,30.235303367597,-17.1621141933494));
#8489=CARTESIAN_POINT('Ctrl Pts',(3.84299085782781,30.3039188538075,-17.4209254781616));
#8490=CARTESIAN_POINT('Ctrl Pts',(3.90008575731658,30.3724966801288,-17.6797462836161));
#8491=CARTESIAN_POINT('Ctrl Pts',(3.95718247612426,30.4410418476096,-17.9385753363498));
#8492=CARTESIAN_POINT('',(4.18132090697369,30.6306908265201,-17.8389068883541));
#8493=CARTESIAN_POINT('',(3.95718247612426,30.4410418476096,-17.9385753363498));
#8494=CARTESIAN_POINT('Origin',(4.15248690148387,30.4410418476096,-17.8954919122177));
#8495=CARTESIAN_POINT('Ctrl Pts',(3.95718247612426,30.4410418476096,-17.9385753363498));
#8496=CARTESIAN_POINT('Ctrl Pts',(3.90008575731658,30.3724966801288,-17.6797462836161));
#8497=CARTESIAN_POINT('Ctrl Pts',(3.84299085782781,30.3039188538075,-17.4209254781616));
#8498=CARTESIAN_POINT('Ctrl Pts',(3.78589805855701,30.235303367597,-17.1621141933494));
#8499=CARTESIAN_POINT('Ctrl Pts',(4.01174740972543,30.4245839752113,-17.0621110091291));
#8500=CARTESIAN_POINT('Ctrl Pts',(4.06824584222641,30.4933302798128,-17.3210383607627));
#8501=CARTESIAN_POINT('Ctrl Pts',(4.1247713838441,30.5620304607276,-17.5799705740416));
#8502=CARTESIAN_POINT('Ctrl Pts',(4.18132090697373,30.63069082652,-17.838906888354));
#8503=CARTESIAN_POINT('Ctrl Pts',(3.55519440449277,31.1001720121602,-17.9760840596319));
#8504=CARTESIAN_POINT('Ctrl Pts',(3.55593271656661,31.0998661255037,-17.976586435608));
#8505=CARTESIAN_POINT('Ctrl Pts',(3.55667162286226,31.099560106507,-17.9770897570968));
#8506=CARTESIAN_POINT('Ctrl Pts',(3.65156236188406,31.0596765961791,-18.0415066219984));
#8507=CARTESIAN_POINT('Ctrl Pts',(3.78483528239541,30.9707341438238,-18.1290488382549));
#8508=CARTESIAN_POINT('Ctrl Pts',(3.96753689294828,30.7668767230822,-18.2203867559439));
#8509=CARTESIAN_POINT('Ctrl Pts',(4.01300808087164,30.5995919241752,-18.1916422147413));
#8510=CARTESIAN_POINT('Ctrl Pts',(3.99272953567416,30.5336836189458,-18.0997161504439));
#8511=CARTESIAN_POINT('Ctrl Pts',(3.55519440449277,31.1001720121602,-17.9760840596319));
#8512=CARTESIAN_POINT('Ctrl Pts',(3.55599872192264,31.0998433421843,-17.9764500580982));
#8513=CARTESIAN_POINT('Ctrl Pts',(3.55679402415482,31.0996217473625,-17.9768347026462));
#8514=CARTESIAN_POINT('Ctrl Pts',(3.66000934120508,31.0589683805122,-18.0240523206537));
#8515=CARTESIAN_POINT('Ctrl Pts',(3.80229480542256,30.9684644573554,-18.0850284241729));
#8516=CARTESIAN_POINT('Ctrl Pts',(3.96611077263573,30.751786999261,-18.1239941095307));
#8517=CARTESIAN_POINT('Ctrl Pts',(3.97511179862297,30.6406277751235,-18.0771421961393));
#8518=CARTESIAN_POINT('Ctrl Pts',(3.97560101404732,30.6159199530749,-18.0220696740792));
#8519=CARTESIAN_POINT('Ctrl Pts',(3.55519440449277,31.1001720121602,-17.9760840596319));
#8520=CARTESIAN_POINT('Ctrl Pts',(3.55605888949169,31.0998546715283,-17.9763212269558));
#8521=CARTESIAN_POINT('Ctrl Pts',(3.55692282805868,31.0996468582439,-17.9765710221067));
#8522=CARTESIAN_POINT('Ctrl Pts',(3.66806682437463,31.0606608050592,-18.0072000110345));
#8523=CARTESIAN_POINT('Ctrl Pts',(3.82355995899891,30.9765137112405,-18.0446145417093));
#8524=CARTESIAN_POINT('Ctrl Pts',(4.0206576645958,30.7825630198347,-18.0302431905063));
#8525=CARTESIAN_POINT('Ctrl Pts',(4.0634618179695,30.7047705790063,-17.9613018670028));
#8526=CARTESIAN_POINT('Ctrl Pts',(4.07362517032941,30.6878427639878,-17.9292327153014));
#8527=CARTESIAN_POINT('Ctrl Pts',(3.55519440449277,31.1001720121602,-17.9760840596319));
#8528=CARTESIAN_POINT('Ctrl Pts',(3.55612153972743,31.0999028240584,-17.9761947174559));
#8529=CARTESIAN_POINT('Ctrl Pts',(3.55704917382931,31.09963356703,-17.9763056291354));
#8530=CARTESIAN_POINT('Ctrl Pts',(3.67631475618692,31.0646427900458,-17.9904130633058));
#8531=CARTESIAN_POINT('Ctrl Pts',(3.84755038193623,30.9934570399702,-18.0052674867561));
#8532=CARTESIAN_POINT('Ctrl Pts',(4.09688642836602,30.8416499457167,-18.0015202423862));
#8533=CARTESIAN_POINT('Ctrl Pts',(4.18537225323557,30.7243573320647,-17.9650782319491));
#8534=CARTESIAN_POINT('Ctrl Pts',(4.18663273033977,30.6759553133352,-17.9160738364183));
#8535=CARTESIAN_POINT('',(3.99272953567416,30.5336836189458,-18.0997161504439));
#8536=CARTESIAN_POINT('',(4.18663273033977,30.6759553133352,-17.9160738364183));
#8537=CARTESIAN_POINT('Origin',(4.18803396103377,30.5336836189458,-18.0566327263118));
#8538=CARTESIAN_POINT('',(3.5551944044894,31.1001720121646,-17.9760840596162));
#8539=CARTESIAN_POINT('Ctrl Pts',(4.18663273033977,30.6759553133352,-17.9160738364183));
#8540=CARTESIAN_POINT('Ctrl Pts',(4.18537225323557,30.7243573320647,-17.9650782319491));
#8541=CARTESIAN_POINT('Ctrl Pts',(4.09688642836602,30.8416499457167,-18.0015202423862));
#8542=CARTESIAN_POINT('Ctrl Pts',(3.84755038193623,30.9934570399702,-18.0052674867561));
#8543=CARTESIAN_POINT('Ctrl Pts',(3.67631475618692,31.0646427900458,-17.9904130633058));
#8544=CARTESIAN_POINT('Ctrl Pts',(3.55704917382931,31.09963356703,-17.9763056291354));
#8545=CARTESIAN_POINT('Ctrl Pts',(3.55612153972743,31.0999028240584,-17.9761947174559));
#8546=CARTESIAN_POINT('Ctrl Pts',(3.55519440449277,31.1001720121602,-17.9760840596319));
#8547=CARTESIAN_POINT('Ctrl Pts',(3.55519440449277,31.1001720121602,-17.9760840596319));
#8548=CARTESIAN_POINT('Ctrl Pts',(3.55593271656661,31.0998661255037,-17.976586435608));
#8549=CARTESIAN_POINT('Ctrl Pts',(3.55667162286226,31.099560106507,-17.9770897570968));
#8550=CARTESIAN_POINT('Ctrl Pts',(3.65156236188406,31.0596765961791,-18.0415066219984));
#8551=CARTESIAN_POINT('Ctrl Pts',(3.78483528239541,30.9707341438238,-18.1290488382549));
#8552=CARTESIAN_POINT('Ctrl Pts',(3.96753689294828,30.7668767230822,-18.2203867559439));
#8553=CARTESIAN_POINT('Ctrl Pts',(4.01300808087164,30.5995919241752,-18.1916422147413));
#8554=CARTESIAN_POINT('Ctrl Pts',(3.99272953567416,30.5336836189458,-18.0997161504439));
#8555=CARTESIAN_POINT('Ctrl Pts',(4.18132090697373,30.6306908265201,-17.838906888354));
#8556=CARTESIAN_POINT('Ctrl Pts',(4.18534407099361,30.6386093040781,-17.8674963455352));
#8557=CARTESIAN_POINT('Ctrl Pts',(4.18719159958664,30.6544948681877,-17.8943463099662));
#8558=CARTESIAN_POINT('Ctrl Pts',(4.18663273033977,30.6759553133352,-17.9160738364183));
#8559=CARTESIAN_POINT('Ctrl Pts',(4.12412220276141,30.6422394655969,-17.8484663056789));
#8560=CARTESIAN_POINT('Ctrl Pts',(4.12795443157431,30.648878603147,-17.8751206779355));
#8561=CARTESIAN_POINT('Ctrl Pts',(4.13004473327286,30.6626857174873,-17.9009981726693));
#8562=CARTESIAN_POINT('Ctrl Pts',(4.13012895033459,30.6818990386615,-17.9226532758598));
#8563=CARTESIAN_POINT('Ctrl Pts',(4.00246215235455,30.6119553378617,-17.8833241402246));
#8564=CARTESIAN_POINT('Ctrl Pts',(4.00870281873289,30.619217349693,-17.9152019787097));
#8565=CARTESIAN_POINT('Ctrl Pts',(4.01411268620408,30.6342219902322,-17.9459765042617));
#8566=CARTESIAN_POINT('Ctrl Pts',(4.01819549020746,30.656523030388,-17.9724710180004));
#8567=CARTESIAN_POINT('Ctrl Pts',(3.95399327546679,30.4982892415221,-17.9241181520775));
#8568=CARTESIAN_POINT('Ctrl Pts',(3.96519086718885,30.5113124961981,-17.9747954826892));
#8569=CARTESIAN_POINT('Ctrl Pts',(3.97562910183118,30.5378946619603,-18.0223714938434));
#8570=CARTESIAN_POINT('Ctrl Pts',(3.98416527486074,30.5748017860103,-18.0608929122616));
#8571=CARTESIAN_POINT('Ctrl Pts',(3.95718247612426,30.4410418476097,-17.9385753363498));
#8572=CARTESIAN_POINT('Ctrl Pts',(3.97048455972314,30.4570111286326,-17.998875924005));
#8573=CARTESIAN_POINT('Ctrl Pts',(3.98285128065863,30.489345635361,-18.0549363550069));
#8574=CARTESIAN_POINT('Ctrl Pts',(3.99272953567416,30.5336836189458,-18.0997161504439));
#8575=CARTESIAN_POINT('Ctrl Pts',(3.99272953567416,30.5336836189458,-18.0997161504439));
#8576=CARTESIAN_POINT('Ctrl Pts',(3.98285128065863,30.489345635361,-18.0549363550069));
#8577=CARTESIAN_POINT('Ctrl Pts',(3.97048455972314,30.4570111286326,-17.998875924005));
#8578=CARTESIAN_POINT('Ctrl Pts',(3.95718247612426,30.4410418476097,-17.9385753363498));
#8579=CARTESIAN_POINT('Ctrl Pts',(4.18132090697373,30.6306908265201,-17.838906888354));
#8580=CARTESIAN_POINT('Ctrl Pts',(4.18534407099361,30.6386093040781,-17.8674963455352));
#8581=CARTESIAN_POINT('Ctrl Pts',(4.18719159958664,30.6544948681877,-17.8943463099662));
#8582=CARTESIAN_POINT('Ctrl Pts',(4.18663273033977,30.6759553133352,-17.9160738364183));
#8583=CARTESIAN_POINT('Ctrl Pts',(3.32216504620916,27.9082768324923,-17.8781325741966));
#8584=CARTESIAN_POINT('Ctrl Pts',(3.3740613535085,27.9691675336694,-18.1072078709624));
#8585=CARTESIAN_POINT('Ctrl Pts',(3.42590431325087,28.0301411052801,-18.3362666979777));
#8586=CARTESIAN_POINT('Ctrl Pts',(3.47769940796108,28.0911876613413,-18.5653113427112));
#8587=CARTESIAN_POINT('Ctrl Pts',(3.40430764174353,27.8906436768863,-17.8647166379312));
#8588=CARTESIAN_POINT('Ctrl Pts',(3.45611574400932,27.951782059932,-18.093749097758));
#8589=CARTESIAN_POINT('Ctrl Pts',(3.50787219362376,28.0129911790111,-18.3227674818856));
#8590=CARTESIAN_POINT('Ctrl Pts',(3.55958331165914,28.0742663038738,-18.5517727468223));
#8591=CARTESIAN_POINT('Ctrl Pts',(3.57506770633597,27.8974914292059,-17.8252206715451));
#8592=CARTESIAN_POINT('Ctrl Pts',(3.62656001984905,27.9590147148655,-18.0542186425733));
#8593=CARTESIAN_POINT('Ctrl Pts',(3.67801601595702,28.0205918054275,-18.2832035240094));
#8594=CARTESIAN_POINT('Ctrl Pts',(3.72943170653429,28.082220917904,-18.5121778036005));
#8595=CARTESIAN_POINT('Ctrl Pts',(3.82311091789933,28.0528362392145,-17.7290582736409));
#8596=CARTESIAN_POINT('Ctrl Pts',(3.87392612074172,28.1144951269988,-17.9581363102671));
#8597=CARTESIAN_POINT('Ctrl Pts',(3.92472561057948,28.1762025555015,-18.1872001467649));
#8598=CARTESIAN_POINT('Ctrl Pts',(3.97551349378217,28.237953684339,-18.4162509212136));
#8599=CARTESIAN_POINT('Ctrl Pts',(3.89540622363638,28.2574027634799,-17.6585331684848));
#8600=CARTESIAN_POINT('Ctrl Pts',(3.94595597569224,28.3187486237618,-17.8877097261081));
#8601=CARTESIAN_POINT('Ctrl Pts',(3.99651819086864,28.3801495750715,-18.1168669083083));
#8602=CARTESIAN_POINT('Ctrl Pts',(4.04706126037773,28.4416102001571,-18.346011018732));
#8603=CARTESIAN_POINT('Ctrl Pts',(3.88847535806457,28.3808978915532,-17.6271143863195));
#8604=CARTESIAN_POINT('Ctrl Pts',(3.93903607288906,28.4420470412943,-17.8563146310419));
#8605=CARTESIAN_POINT('Ctrl Pts',(3.98959294283875,28.5032646950778,-18.0854974462985));
#8606=CARTESIAN_POINT('Ctrl Pts',(4.04014640636065,28.56454290411,-18.3146648196437));
#8607=CARTESIAN_POINT('',(4.04014640636065,28.56454290411,-18.3146648196437));
#8608=CARTESIAN_POINT('Ctrl Pts',(3.88847535806457,28.3808978915532,-17.6271143863195));
#8609=CARTESIAN_POINT('Ctrl Pts',(3.93903607288906,28.4420470412943,-17.8563146310419));
#8610=CARTESIAN_POINT('Ctrl Pts',(3.98959294283875,28.5032646950778,-18.0854974462985));
#8611=CARTESIAN_POINT('Ctrl Pts',(4.04014640636065,28.56454290411,-18.3146648196437));
#8612=CARTESIAN_POINT('',(3.47769940796116,28.0911876613413,-18.5653113427111));
#8613=CARTESIAN_POINT('Origin',(3.55188534296162,28.56454290411,-18.4223733799741));
#8614=CARTESIAN_POINT('Ctrl Pts',(3.47769940796108,28.0911876613413,-18.5653113427112));
#8615=CARTESIAN_POINT('Ctrl Pts',(3.43621001384129,28.0422875746005,-18.3818398462395));
#8616=CARTESIAN_POINT('Ctrl Pts',(3.39468990721386,27.9934343181947,-18.1983592497334));
#8617=CARTESIAN_POINT('Ctrl Pts',(3.35313627017611,27.9446329733118,-18.0148683774821));
#8618=CARTESIAN_POINT('Origin',(4.14915606080154,29.4135911111111,-18.8088239620072));
#8619=CARTESIAN_POINT('',(4.04014640636065,30.4737211057868,-18.3146648196437));
#8620=CARTESIAN_POINT('Ctrl Pts',(4.04014640636065,30.4737211057868,-18.3146648196437));
#8621=CARTESIAN_POINT('Ctrl Pts',(4.02434059812082,30.4937054629263,-18.2430144260688));
#8622=CARTESIAN_POINT('Ctrl Pts',(4.00853497252719,30.5136929331036,-18.1713648604599));
#8623=CARTESIAN_POINT('Ctrl Pts',(3.99272953552482,30.5336836164733,-18.0997161497669));
#8624=CARTESIAN_POINT('',(4.19925274686297,29.5151349319558,-19.0359206861124));
#8625=CARTESIAN_POINT('Ctrl Pts',(4.19925274686297,29.5151349319558,-19.0359206861124));
#8626=CARTESIAN_POINT('Ctrl Pts',(4.19925274686298,29.7628238234237,-19.0359206861124));
#8627=CARTESIAN_POINT('Ctrl Pts',(4.16207281869469,30.1931730119214,-18.8673778032732));
#8628=CARTESIAN_POINT('Ctrl Pts',(4.07875720358126,30.4249028518016,-18.4896940731385));
#8629=CARTESIAN_POINT('Ctrl Pts',(4.04014640636065,30.4737211057868,-18.3146648196437));
#8630=CARTESIAN_POINT('Ctrl Pts',(4.04014640636065,28.56454290411,-18.3146648196437));
#8631=CARTESIAN_POINT('Ctrl Pts',(4.07871733895466,28.6112965289935,-18.489513360065));
#8632=CARTESIAN_POINT('Ctrl Pts',(4.16223301356652,28.8392215274613,-18.8681039936357));
#8633=CARTESIAN_POINT('Ctrl Pts',(4.19925274686297,29.2683939328194,-19.0359206861124));
#8634=CARTESIAN_POINT('Ctrl Pts',(4.19925274686297,29.5151349319558,-19.0359206861124));
#8635=CARTESIAN_POINT('Ctrl Pts',(3.67389576730735,30.9470763485556,-18.5274841334406));
#8636=CARTESIAN_POINT('Ctrl Pts',(3.63430124715508,30.9980955292959,-18.3436851229446));
#8637=CARTESIAN_POINT('Ctrl Pts',(3.59473335419176,31.0491271795207,-18.1598851504077));
#8638=CARTESIAN_POINT('Ctrl Pts',(3.5551944044894,31.1001720121646,-17.9760840596162));
#8639=CARTESIAN_POINT('Ctrl Pts',(3.78255711449889,30.9257139527894,-18.4975555586465));
#8640=CARTESIAN_POINT('Ctrl Pts',(3.74275927853157,30.9765538528605,-18.3137497353062));
#8641=CARTESIAN_POINT('Ctrl Pts',(3.70298371935247,31.0274128890599,-18.1299455243841));
#8642=CARTESIAN_POINT('Ctrl Pts',(3.66322839473352,31.0782698446021,-17.9461378724556));
#8643=CARTESIAN_POINT('Ctrl Pts',(3.97928082536004,30.8052291254005,-18.4205540406472));
#8644=CARTESIAN_POINT('Ctrl Pts',(3.93899243683432,30.8559762343073,-18.2368208748911));
#8645=CARTESIAN_POINT('Ctrl Pts',(3.89870642269995,30.9067257971844,-18.05308885307));
#8646=CARTESIAN_POINT('Ctrl Pts',(3.85843201398053,30.9574877400487,-17.8693586859188));
#8647=CARTESIAN_POINT('Ctrl Pts',(4.04664040284225,30.5844033972964,-18.344103200568));
#8648=CARTESIAN_POINT('Ctrl Pts',(4.00613150001516,30.6354529507704,-18.1604854470271));
#8649=CARTESIAN_POINT('Ctrl Pts',(3.96563395423675,30.6865210414551,-17.9768706391694));
#8650=CARTESIAN_POINT('Ctrl Pts',(3.92512698153864,30.7376038025138,-17.7932623749088));
#8651=CARTESIAN_POINT('Ctrl Pts',(4.04014640636065,30.4737211057868,-18.3146648196437));
#8652=CARTESIAN_POINT('Ctrl Pts',(3.99964810192171,30.5249258633777,-18.1310791776988));
#8653=CARTESIAN_POINT('Ctrl Pts',(3.95915099657033,30.5761510583234,-17.94749897142));
#8654=CARTESIAN_POINT('Ctrl Pts',(3.91865519031043,30.6273983753518,-17.7639246541419));
#8655=CARTESIAN_POINT('',(3.6738957673074,30.9470763485556,-18.5274841334406));
#8656=CARTESIAN_POINT('Ctrl Pts',(3.5551944044894,31.1001720121646,-17.9760840596162));
#8657=CARTESIAN_POINT('Ctrl Pts',(3.59473335419176,31.0491271795207,-18.1598851504077));
#8658=CARTESIAN_POINT('Ctrl Pts',(3.63430124715508,30.9980955292959,-18.3436851229446));
#8659=CARTESIAN_POINT('Ctrl Pts',(3.67389576730735,30.9470763485556,-18.5274841334406));
#8660=CARTESIAN_POINT('Origin',(3.55188534296162,30.4737211057868,-18.4223733799741));
#8661=CARTESIAN_POINT('Ctrl Pts',(6.64224193408312,27.204530210062,-17.0780451885395));
#8662=CARTESIAN_POINT('Ctrl Pts',(6.64188831548645,27.2048360967176,-17.078865213066));
#8663=CARTESIAN_POINT('Ctrl Pts',(6.64153470385692,27.2051421144918,-17.0796863509764));
#8664=CARTESIAN_POINT('Ctrl Pts',(6.59600517180564,27.2450259897351,-17.1849531018556));
#8665=CARTESIAN_POINT('Ctrl Pts',(6.53048804966181,27.3339689752972,-17.3303241164778));
#8666=CARTESIAN_POINT('Ctrl Pts',(6.4252933712247,27.537821159284,-17.5054114770869));
#8667=CARTESIAN_POINT('Ctrl Pts',(6.37149739076884,27.7051100772942,-17.5055452092514));
#8668=CARTESIAN_POINT('Ctrl Pts',(6.3393008125958,27.7710186032765,-17.4170858377373));
#8669=CARTESIAN_POINT('Ctrl Pts',(6.64224193408312,27.204530210062,-17.0780451885395));
#8670=CARTESIAN_POINT('Ctrl Pts',(6.64175945452954,27.2048588803951,-17.0787855253259));
#8671=CARTESIAN_POINT('Ctrl Pts',(6.64129458762758,27.2050804732463,-17.0795367524325));
#8672=CARTESIAN_POINT('Ctrl Pts',(6.5795136018716,27.2457342334844,-17.1747537099842));
#8673=CARTESIAN_POINT('Ctrl Pts',(6.49213993608473,27.3362385633397,-17.3025386147542));
#8674=CARTESIAN_POINT('Ctrl Pts',(6.37479026423301,27.5529109812543,-17.4232956777235));
#8675=CARTESIAN_POINT('Ctrl Pts',(6.34206050295193,27.6640742450938,-17.3885842279633));
#8676=CARTESIAN_POINT('Ctrl Pts',(6.31210566949948,27.6887822691474,-17.3423677961613));
#8677=CARTESIAN_POINT('Ctrl Pts',(6.64224193408312,27.204530210062,-17.0780451885395));
#8678=CARTESIAN_POINT('Ctrl Pts',(6.64163956822834,27.2048475503196,-17.078709072776));
#8679=CARTESIAN_POINT('Ctrl Pts',(6.6410444432157,27.2050553633465,-17.0793833121398));
#8680=CARTESIAN_POINT('Ctrl Pts',(6.56367301334858,27.2440417183698,-17.1648529102313));
#8681=CARTESIAN_POINT('Ctrl Pts',(6.45251368831194,27.3281889299249,-17.2798377357741));
#8682=CARTESIAN_POINT('Ctrl Pts',(6.2784671796723,27.5221362016254,-17.3734341423141));
#8683=CARTESIAN_POINT('Ctrl Pts',(6.20535846138315,27.5999314805021,-17.3382125403266));
#8684=CARTESIAN_POINT('Ctrl Pts',(6.17957858490106,27.6168594582344,-17.3165994439095));
#8685=CARTESIAN_POINT('Ctrl Pts',(6.64224193408312,27.204530210062,-17.0780451885395));
#8686=CARTESIAN_POINT('Ctrl Pts',(6.6415188335647,27.2047993981625,-17.0786359088908));
#8687=CARTESIAN_POINT('Ctrl Pts',(6.64079545090231,27.2050686541639,-17.0792271088464));
#8688=CARTESIAN_POINT('Ctrl Pts',(6.54770746200423,27.2400597426458,-17.1551097868127));
#8689=CARTESIAN_POINT('Ctrl Pts',(6.41116067370866,27.3112458118754,-17.2594995746896));
#8690=CARTESIAN_POINT('Ctrl Pts',(6.19872618046816,27.4630491884154,-17.3900834184202));
#8691=CARTESIAN_POINT('Ctrl Pts',(6.1044974317278,27.5803447280402,-17.4067944707316));
#8692=CARTESIAN_POINT('Ctrl Pts',(6.0771468083379,27.628746908887,-17.3661130366197));
#8693=CARTESIAN_POINT('',(6.3393008125958,27.7710186032765,-17.4170858377373));
#8694=CARTESIAN_POINT('',(6.0771468083379,27.628746908887,-17.3661130366197));
#8695=CARTESIAN_POINT('Origin',(6.15136228843862,27.7710186032765,-17.4854898664024));
#8696=CARTESIAN_POINT('',(6.64224193408361,27.2045302100624,-17.0780451885408));
#8697=CARTESIAN_POINT('Ctrl Pts',(6.0771468083379,27.628746908887,-17.3661130366197));
#8698=CARTESIAN_POINT('Ctrl Pts',(6.1044974317278,27.5803447280402,-17.4067944707316));
#8699=CARTESIAN_POINT('Ctrl Pts',(6.19872618046816,27.4630491884154,-17.3900834184202));
#8700=CARTESIAN_POINT('Ctrl Pts',(6.41116067370866,27.3112458118754,-17.2594995746896));
#8701=CARTESIAN_POINT('Ctrl Pts',(6.54770746200423,27.2400597426458,-17.1551097868127));
#8702=CARTESIAN_POINT('Ctrl Pts',(6.64079545090231,27.2050686541639,-17.0792271088464));
#8703=CARTESIAN_POINT('Ctrl Pts',(6.6415188335647,27.2047993981625,-17.0786359088908));
#8704=CARTESIAN_POINT('Ctrl Pts',(6.64224193408312,27.204530210062,-17.0780451885395));
#8705=CARTESIAN_POINT('Ctrl Pts',(6.64224193408312,27.204530210062,-17.0780451885395));
#8706=CARTESIAN_POINT('Ctrl Pts',(6.64188831548645,27.2048360967176,-17.078865213066));
#8707=CARTESIAN_POINT('Ctrl Pts',(6.64153470385692,27.2051421144918,-17.0796863509764));
#8708=CARTESIAN_POINT('Ctrl Pts',(6.59600517180564,27.2450259897351,-17.1849531018556));
#8709=CARTESIAN_POINT('Ctrl Pts',(6.53048804966181,27.3339689752972,-17.3303241164778));
#8710=CARTESIAN_POINT('Ctrl Pts',(6.4252933712247,27.537821159284,-17.5054114770869));
#8711=CARTESIAN_POINT('Ctrl Pts',(6.37149739076884,27.7051100772942,-17.5055452092514));
#8712=CARTESIAN_POINT('Ctrl Pts',(6.3393008125958,27.7710186032765,-17.4170858377373));
#8713=CARTESIAN_POINT('Ctrl Pts',(6.28286235327201,27.8636603746126,-17.2620224451564));
#8714=CARTESIAN_POINT('Ctrl Pts',(6.19220926177154,27.9322055420935,-17.0129551232551));
#8715=CARTESIAN_POINT('Ctrl Pts',(6.10155905882381,28.0007833684147,-16.7638957375872));
#8716=CARTESIAN_POINT('Ctrl Pts',(6.01091219041538,28.0693988546252,-16.5148455134908));
#8717=CARTESIAN_POINT('Ctrl Pts',(6.27779882414018,27.8064129807002,-17.2481105132039));
#8718=CARTESIAN_POINT('Ctrl Pts',(6.1871400678941,27.8748659868385,-16.9990145213071));
#8719=CARTESIAN_POINT('Ctrl Pts',(6.09647110918701,27.9433527502574,-16.7499311902341));
#8720=CARTESIAN_POINT('Ctrl Pts',(6.00581802056847,28.0118680151053,-16.5008493968655));
#8721=CARTESIAN_POINT('Ctrl Pts',(6.21501204674641,27.6927450722862,-17.2396807829314));
#8722=CARTESIAN_POINT('Ctrl Pts',(6.1241490487641,27.7610276821228,-16.9906016544279));
#8723=CARTESIAN_POINT('Ctrl Pts',(6.03328221595201,27.8293253287864,-16.7415267854194));
#8724=CARTESIAN_POINT('Ctrl Pts',(5.94240536956736,27.897655626204,-16.4924632154333));
#8725=CARTESIAN_POINT('Ctrl Pts',(6.09363702667584,27.6624627566254,-17.2755237603782));
#8726=CARTESIAN_POINT('Ctrl Pts',(6.00250220256377,27.7309406131792,-17.0265943776741));
#8727=CARTESIAN_POINT('Ctrl Pts',(5.91135545351526,27.7994648079251,-16.7776809719921));
#8728=CARTESIAN_POINT('Ctrl Pts',(5.82018351585054,27.868011087006,-16.5287810057616));
#8729=CARTESIAN_POINT('Ctrl Pts',(6.04023614641541,27.6740113957022,-17.2981383620897));
#8730=CARTESIAN_POINT('Ctrl Pts',(5.94906371029007,27.7426717614947,-17.049274040969));
#8731=CARTESIAN_POINT('Ctrl Pts',(5.85787323474084,27.8113719424095,-16.800426045));
#8732=CARTESIAN_POINT('Ctrl Pts',(5.76666248821866,27.8801182470109,-16.5515966938013));
#8733=CARTESIAN_POINT('',(6.01091219041538,28.0693988546252,-16.5148455134908));
#8734=CARTESIAN_POINT('',(5.76666248821862,27.8801182470109,-16.5515966938013));
#8735=CARTESIAN_POINT('Origin',(5.82297366625819,28.0693988546252,-16.5832495421559));
#8736=CARTESIAN_POINT('',(6.04023614641567,27.6740113957021,-17.2981383620896));
#8737=CARTESIAN_POINT('Ctrl Pts',(5.76666248821866,27.8801182470109,-16.5515966938013));
#8738=CARTESIAN_POINT('Ctrl Pts',(5.85787323474084,27.8113719424095,-16.800426045));
#8739=CARTESIAN_POINT('Ctrl Pts',(5.94906371029007,27.7426717614947,-17.049274040969));
#8740=CARTESIAN_POINT('Ctrl Pts',(6.04023614641541,27.6740113957022,-17.2981383620897));
#8741=CARTESIAN_POINT('',(6.28286235327201,27.8636603746126,-17.2620224451564));
#8742=CARTESIAN_POINT('Origin',(6.09492382911483,27.8636603746126,-17.3304264738215));
#8743=CARTESIAN_POINT('Ctrl Pts',(6.28286235327201,27.8636603746126,-17.2620224451564));
#8744=CARTESIAN_POINT('Ctrl Pts',(6.19220926177154,27.9322055420935,-17.0129551232551));
#8745=CARTESIAN_POINT('Ctrl Pts',(6.10155905882381,28.0007833684147,-16.7638957375872));
#8746=CARTESIAN_POINT('Ctrl Pts',(6.01091219041538,28.0693988546252,-16.5148455134908));
#8747=CARTESIAN_POINT('Ctrl Pts',(6.01091219041537,28.0693988546252,-16.5148455134908));
#8748=CARTESIAN_POINT('Ctrl Pts',(5.94555813313175,28.118868852818,-16.3352867168343));
#8749=CARTESIAN_POINT('Ctrl Pts',(5.8265245969287,28.3471294138531,-16.0082447639586));
#8750=CARTESIAN_POINT('Ctrl Pts',(5.77973565046506,28.7405910901036,-15.8796931900696));
#8751=CARTESIAN_POINT('Ctrl Pts',(5.77973565046506,28.937973447424,-15.8796931900696));
#8752=CARTESIAN_POINT('Ctrl Pts',(6.00581802056847,28.0118680151053,-16.5008493968655));
#8753=CARTESIAN_POINT('Ctrl Pts',(5.9361808180258,28.0649804390495,-16.309577990846));
#8754=CARTESIAN_POINT('Ctrl Pts',(5.80978367218722,28.3100056887335,-15.9621358053623));
#8755=CARTESIAN_POINT('Ctrl Pts',(5.76141555892865,28.7290305015918,-15.8291976136329));
#8756=CARTESIAN_POINT('Ctrl Pts',(5.76196243997569,28.937973447424,-15.8308616955789));
#8757=CARTESIAN_POINT('Ctrl Pts',(5.94240615705139,27.897654493799,-16.4924626168252));
#8758=CARTESIAN_POINT('Ctrl Pts',(5.86513694763852,27.9578957259117,-16.2778077225438));
#8759=CARTESIAN_POINT('Ctrl Pts',(5.72750604676113,28.2361671309804,-15.8886785858392));
#8760=CARTESIAN_POINT('Ctrl Pts',(5.68187685003291,28.7061057836736,-15.7444387428006));
#8761=CARTESIAN_POINT('Ctrl Pts',(5.6864550707366,28.937973447424,-15.7481993978591));
#8762=CARTESIAN_POINT('Ctrl Pts',(5.82018351585054,27.868011087006,-16.5287810057616));
#8763=CARTESIAN_POINT('Ctrl Pts',(5.74175171917776,27.929160530409,-16.3072149687698));
#8764=CARTESIAN_POINT('Ctrl Pts',(5.60469633898558,28.2110335760667,-15.9021701980621));
#8765=CARTESIAN_POINT('Ctrl Pts',(5.56555840922797,28.6962262654885,-15.742430911862));
#8766=CARTESIAN_POINT('Ctrl Pts',(5.57466042115735,28.937973447424,-15.7421682620485));
#8767=CARTESIAN_POINT('Ctrl Pts',(5.76666248821866,27.8801182470109,-16.5515966938013));
#8768=CARTESIAN_POINT('Ctrl Pts',(5.68933476489421,27.9397809712875,-16.3323879379338));
#8769=CARTESIAN_POINT('Ctrl Pts',(5.55416932457052,28.2150202081818,-15.9293229404748));
#8770=CARTESIAN_POINT('Ctrl Pts',(5.51580234106269,28.6961800464832,-15.7628053599179));
#8771=CARTESIAN_POINT('Ctrl Pts',(5.52562201238708,28.937973447424,-15.7593623404065));
#8772=CARTESIAN_POINT('',(5.77973565046506,28.937973447424,-15.8796931900696));
#8773=CARTESIAN_POINT('',(5.52562201238708,28.937973447424,-15.7593623404065));
#8774=CARTESIAN_POINT('Origin',(5.59179712630788,28.937973447424,-15.9480972187348));
#8775=CARTESIAN_POINT('Ctrl Pts',(5.52562201238708,28.937973447424,-15.7593623404065));
#8776=CARTESIAN_POINT('Ctrl Pts',(5.51580234106269,28.6961800464832,-15.7628053599179));
#8777=CARTESIAN_POINT('Ctrl Pts',(5.55416932457052,28.2150202081818,-15.9293229404748));
#8778=CARTESIAN_POINT('Ctrl Pts',(5.68933476489421,27.9397809712875,-16.3323879379338));
#8779=CARTESIAN_POINT('Ctrl Pts',(5.76666248821866,27.8801182470109,-16.5515966938013));
#8780=CARTESIAN_POINT('Ctrl Pts',(6.01091219041537,28.0693988546252,-16.5148455134908));
#8781=CARTESIAN_POINT('Ctrl Pts',(5.94555813313175,28.118868852818,-16.3352867168343));
#8782=CARTESIAN_POINT('Ctrl Pts',(5.8265245969287,28.3471294138531,-16.0082447639586));
#8783=CARTESIAN_POINT('Ctrl Pts',(5.77973565046506,28.7405910901036,-15.8796931900696));
#8784=CARTESIAN_POINT('Ctrl Pts',(5.77973565046506,28.937973447424,-15.8796931900696));
#8785=CARTESIAN_POINT('Ctrl Pts',(5.77973565046506,28.937973447424,-15.8796931900696));
#8786=CARTESIAN_POINT('Ctrl Pts',(5.77973565046506,29.1349783421931,-15.8796931900696));
#8787=CARTESIAN_POINT('Ctrl Pts',(5.82642593841444,29.5279331539649,-16.0079737019184));
#8788=CARTESIAN_POINT('Ctrl Pts',(5.94560261806924,29.754486519212,-16.3354089381955));
#8789=CARTESIAN_POINT('Ctrl Pts',(6.01091219041538,29.8029437557126,-16.5148455134908));
#8790=CARTESIAN_POINT('Ctrl Pts',(5.75942340990578,28.937973447424,-15.8238857677945));
#8791=CARTESIAN_POINT('Ctrl Pts',(5.76003923049805,29.1481970195622,-15.8258111212285));
#8792=CARTESIAN_POINT('Ctrl Pts',(5.81109469937393,29.5643617014902,-15.966077020071));
#8793=CARTESIAN_POINT('Ctrl Pts',(5.93751435677617,29.8019373406507,-16.31316567484));
#8794=CARTESIAN_POINT('Ctrl Pts',(6.0065757018753,29.8529072761064,-16.5029311091472));
#8795=CARTESIAN_POINT('Ctrl Pts',(5.67779339842561,28.937973447424,-15.7441578431799));
#8796=CARTESIAN_POINT('Ctrl Pts',(5.68288648523823,29.1709154281984,-15.7478850868684));
#8797=CARTESIAN_POINT('Ctrl Pts',(5.74735510029533,29.6274946051996,-15.9066394390104));
#8798=CARTESIAN_POINT('Ctrl Pts',(5.88860950952834,29.884480775322,-16.2872427987884));
#8799=CARTESIAN_POINT('Ctrl Pts',(5.96455834610248,29.9398213168301,-16.4947528506872));
#8800=CARTESIAN_POINT('Ctrl Pts',(5.56765493419017,28.937973447424,-15.7446245589568));
#8801=CARTESIAN_POINT('Ctrl Pts',(5.57684763614145,29.1792225493072,-15.7438750804527));
#8802=CARTESIAN_POINT('Ctrl Pts',(5.65182822789924,29.6562996792129,-15.9008863731043));
#8803=CARTESIAN_POINT('Ctrl Pts',(5.80339425876878,29.9261460057406,-16.2960283244183));
#8804=CARTESIAN_POINT('Ctrl Pts',(5.88330802533681,29.9841314797199,-16.5123594933378));
#8805=CARTESIAN_POINT('Ctrl Pts',(5.52562201238708,28.937973447424,-15.7593623404065));
#8806=CARTESIAN_POINT('Ctrl Pts',(5.5354229051426,29.179304456714,-15.7559259051256));
#8807=CARTESIAN_POINT('Ctrl Pts',(5.61234798342841,29.6600189007785,-15.9085479605103));
#8808=CARTESIAN_POINT('Ctrl Pts',(5.76640628401152,29.9335813386864,-16.3055042309292));
#8809=CARTESIAN_POINT('Ctrl Pts',(5.84713408582869,29.9922243633269,-16.5233402297968));
#8810=CARTESIAN_POINT('',(6.01091219041538,29.8029437557126,-16.5148455134908));
#8811=CARTESIAN_POINT('',(5.84713408582869,29.9922243633269,-16.5233402297968));
#8812=CARTESIAN_POINT('Origin',(5.82297366625819,29.8029437557126,-16.5832495421559));
#8813=CARTESIAN_POINT('Ctrl Pts',(5.84713408582869,29.9922243633269,-16.5233402297968));
#8814=CARTESIAN_POINT('Ctrl Pts',(5.76640628401152,29.9335813386864,-16.3055042309292));
#8815=CARTESIAN_POINT('Ctrl Pts',(5.61234798342841,29.6600189007785,-15.9085479605103));
#8816=CARTESIAN_POINT('Ctrl Pts',(5.5354229051426,29.179304456714,-15.7559259051256));
#8817=CARTESIAN_POINT('Ctrl Pts',(5.52562201238708,28.937973447424,-15.7593623404065));
#8818=CARTESIAN_POINT('Ctrl Pts',(5.77973565046506,28.937973447424,-15.8796931900696));
#8819=CARTESIAN_POINT('Ctrl Pts',(5.77973565046506,29.1349783421931,-15.8796931900696));
#8820=CARTESIAN_POINT('Ctrl Pts',(5.82642593841444,29.5279331539649,-16.0079737019184));
#8821=CARTESIAN_POINT('Ctrl Pts',(5.94560261806924,29.754486519212,-16.3354089381955));
#8822=CARTESIAN_POINT('Ctrl Pts',(6.01091219041538,29.8029437557126,-16.5148455134908));
#8823=CARTESIAN_POINT('Ctrl Pts',(6.01091219041538,29.8029437557126,-16.5148455134908));
#8824=CARTESIAN_POINT('Ctrl Pts',(6.06520050064267,29.8432236318993,-16.6640014199806));
#8825=CARTESIAN_POINT('Ctrl Pts',(6.11948819107438,29.8835106491122,-16.8131556235961));
#8826=CARTESIAN_POINT('Ctrl Pts',(6.17377530286884,29.923804330709,-16.9623082374188));
#8827=CARTESIAN_POINT('Ctrl Pts',(6.00657570187531,29.8529072761064,-16.5029311091472));
#8828=CARTESIAN_POINT('Ctrl Pts',(6.06085916665084,29.8932579812334,-16.6520679494078));
#8829=CARTESIAN_POINT('Ctrl Pts',(6.11513692914035,29.9336115320946,-16.8012061607064));
#8830=CARTESIAN_POINT('Ctrl Pts',(6.16941946103754,29.9739725306374,-16.9503406603445));
#8831=CARTESIAN_POINT('Ctrl Pts',(5.96455813727836,29.9398210962743,-16.4947529862546));
#8832=CARTESIAN_POINT('Ctrl Pts',(6.01872640298743,29.9802894759781,-16.6438970286053));
#8833=CARTESIAN_POINT('Ctrl Pts',(6.07289828196428,30.0207609824684,-16.7930390498436));
#8834=CARTESIAN_POINT('Ctrl Pts',(6.12707087632572,30.0612337239022,-16.9421806130388));
#8835=CARTESIAN_POINT('Ctrl Pts',(5.88330802533681,29.9841314797199,-16.5123594933378));
#8836=CARTESIAN_POINT('Ctrl Pts',(5.9372973157361,30.0245486098997,-16.6615810069526));
#8837=CARTESIAN_POINT('Ctrl Pts',(5.9912945214819,30.0649671403028,-16.8107994705668));
#8838=CARTESIAN_POINT('Ctrl Pts',(6.0452969895477,30.1053899769181,-16.9600150315292));
#8839=CARTESIAN_POINT('Ctrl Pts',(5.84713408582869,29.9922243633269,-16.5233402297968));
#8840=CARTESIAN_POINT('Ctrl Pts',(5.90106381175878,30.0325825865046,-16.6725990588334));
#8841=CARTESIAN_POINT('Ctrl Pts',(5.95500207080846,30.072944907115,-16.8218538917207));
#8842=CARTESIAN_POINT('Ctrl Pts',(6.00894825222194,30.1133111418085,-16.9711049818052));
#8843=CARTESIAN_POINT('',(6.17377530288172,29.9238043305607,-16.9623082374541));
#8844=CARTESIAN_POINT('',(6.00894825222194,30.1133111418085,-16.9711049818052));
#8845=CARTESIAN_POINT('Origin',(5.98583677871166,29.923804330709,-17.0307122660839));
#8846=CARTESIAN_POINT('Ctrl Pts',(6.00894825222194,30.1133111418085,-16.9711049818052));
#8847=CARTESIAN_POINT('Ctrl Pts',(5.95500207080846,30.072944907115,-16.8218538917207));
#8848=CARTESIAN_POINT('Ctrl Pts',(5.90106381175878,30.0325825865046,-16.6725990588334));
#8849=CARTESIAN_POINT('Ctrl Pts',(5.84713408582869,29.9922243633269,-16.5233402297968));
#8850=CARTESIAN_POINT('Ctrl Pts',(6.01091219041538,29.8029437557126,-16.5148455134908));
#8851=CARTESIAN_POINT('Ctrl Pts',(6.06520050064267,29.8432236318993,-16.6640014199806));
#8852=CARTESIAN_POINT('Ctrl Pts',(6.11948819107438,29.8835106491122,-16.8131556235961));
#8853=CARTESIAN_POINT('Ctrl Pts',(6.17377530286884,29.923804330709,-16.9623082374188));
#8854=CARTESIAN_POINT('Ctrl Pts',(6.17377530287478,29.9238043306393,-16.9623082374351));
#8855=CARTESIAN_POINT('Ctrl Pts',(6.20882257402411,29.9361577238673,-17.0585998234861));
#8856=CARTESIAN_POINT('Ctrl Pts',(6.24798535999377,29.9475804934505,-17.1537983192546));
#8857=CARTESIAN_POINT('Ctrl Pts',(6.29079336841461,29.9581128244769,-17.2474202901712));
#8858=CARTESIAN_POINT('Ctrl Pts',(6.16941946106052,29.9739725305816,-16.9503406603534));
#8859=CARTESIAN_POINT('Ctrl Pts',(6.20767415114332,29.9889186223373,-17.04519610203));
#8860=CARTESIAN_POINT('Ctrl Pts',(6.25017632311308,30.0024923389521,-17.1387137531709));
#8861=CARTESIAN_POINT('Ctrl Pts',(6.29681855694789,30.014586633938,-17.230036409127));
#8862=CARTESIAN_POINT('Ctrl Pts',(6.12707073956608,30.0612335784104,-16.9421807021342));
#8863=CARTESIAN_POINT('Ctrl Pts',(6.16733112440736,30.0832761480271,-17.0366619442173));
#8864=CARTESIAN_POINT('Ctrl Pts',(6.21286139051648,30.1039009584589,-17.1291279596308));
#8865=CARTESIAN_POINT('Ctrl Pts',(6.2628868959474,30.1229865384836,-17.2190264744179));
#8866=CARTESIAN_POINT('Ctrl Pts',(6.04529698956765,30.1053899769237,-16.9600150315549));
#8867=CARTESIAN_POINT('Ctrl Pts',(6.08274092100259,30.1317354449013,-17.0580696811435));
#8868=CARTESIAN_POINT('Ctrl Pts',(6.12574032938614,30.156764382435,-17.1542917140181));
#8869=CARTESIAN_POINT('Ctrl Pts',(6.17365195138544,30.1806227585283,-17.2481582106828));
#8870=CARTESIAN_POINT('Ctrl Pts',(6.00894825223486,30.1133111418181,-16.971104981841));
#8871=CARTESIAN_POINT('Ctrl Pts',(6.04507061943723,30.1403403756377,-17.0710435231185));
#8872=CARTESIAN_POINT('Ctrl Pts',(6.08686018776711,30.166129827943,-17.169228326485));
#8873=CARTESIAN_POINT('Ctrl Pts',(6.13374200104487,30.1906744792525,-17.2652035193067));
#8874=CARTESIAN_POINT('',(6.29079336841461,29.9581128244769,-17.2474202901712));
#8875=CARTESIAN_POINT('',(6.13374200104511,30.1906744792525,-17.2652035193066));
#8876=CARTESIAN_POINT('Origin',(6.11136071700343,30.0010255003421,-17.3246370361376));
#8877=CARTESIAN_POINT('Ctrl Pts',(6.13374200104487,30.1906744792525,-17.2652035193067));
#8878=CARTESIAN_POINT('Ctrl Pts',(6.08686018776711,30.166129827943,-17.169228326485));
#8879=CARTESIAN_POINT('Ctrl Pts',(6.04507061943723,30.1403403756377,-17.0710435231185));
#8880=CARTESIAN_POINT('Ctrl Pts',(6.00894825223486,30.1133111418181,-16.971104981841));
#8881=CARTESIAN_POINT('Ctrl Pts',(6.17377530287478,29.9238043306393,-16.9623082374351));
#8882=CARTESIAN_POINT('Ctrl Pts',(6.20882257402411,29.9361577238673,-17.0585998234861));
#8883=CARTESIAN_POINT('Ctrl Pts',(6.24798535999377,29.9475804934505,-17.1537983192546));
#8884=CARTESIAN_POINT('Ctrl Pts',(6.29079336841461,29.9581128244769,-17.2474202901712));
#8885=CARTESIAN_POINT('Ctrl Pts',(6.83357416836335,30.3600692383243,-17.0023901101719));
#8886=CARTESIAN_POINT('Ctrl Pts',(6.8328141582965,30.3601890767283,-17.0030357694661));
#8887=CARTESIAN_POINT('Ctrl Pts',(6.83205394101187,30.3603079847276,-17.0036812007544));
#8888=CARTESIAN_POINT('Ctrl Pts',(6.7779054602087,30.3687198086154,-17.0496101942783));
#8889=CARTESIAN_POINT('Ctrl Pts',(6.66797643695644,30.3769649142389,-17.1383760603482));
#8890=CARTESIAN_POINT('Ctrl Pts',(6.49953458806999,30.361915450468,-17.2543716596481));
#8891=CARTESIAN_POINT('Ctrl Pts',(6.33474136871098,30.3178210055442,-17.3394299921123));
#8892=CARTESIAN_POINT('Ctrl Pts',(6.19955903764944,30.2403761120092,-17.3539545707452));
#8893=CARTESIAN_POINT('Ctrl Pts',(6.15284486001856,30.1987553580835,-17.2981828386572));
#8894=CARTESIAN_POINT('Ctrl Pts',(6.13374200104487,30.1906744792526,-17.2652035193067));
#8895=CARTESIAN_POINT('Ctrl Pts',(6.83357416836545,30.3600692383234,-17.0023901101733));
#8896=CARTESIAN_POINT('Ctrl Pts',(6.83293618127629,30.3601429377115,-17.0031240696759));
#8897=CARTESIAN_POINT('Ctrl Pts',(6.83229470418759,30.3602033982225,-17.0038320311612));
#8898=CARTESIAN_POINT('Ctrl Pts',(6.78680815656146,30.365173450177,-17.055881724618));
#8899=CARTESIAN_POINT('Ctrl Pts',(6.691587538178,30.3590192899481,-17.1536982809516));
#8900=CARTESIAN_POINT('Ctrl Pts',(6.53968208890919,30.3105506906059,-17.2686228908858));
#8901=CARTESIAN_POINT('Ctrl Pts',(6.39106601306667,30.2384961916167,-17.315171046584));
#8902=CARTESIAN_POINT('Ctrl Pts',(6.28850050697173,30.1947651492566,-17.2916280315563));
#8903=CARTESIAN_POINT('Ctrl Pts',(6.2482093089231,30.1758344167712,-17.2578049545962));
#8904=CARTESIAN_POINT('Ctrl Pts',(6.2268652185062,30.1672204642294,-17.2254311325175));
#8905=CARTESIAN_POINT('Ctrl Pts',(6.83357416836756,30.3600692383225,-17.0023901101747));
#8906=CARTESIAN_POINT('Ctrl Pts',(6.83305598497023,30.3600940312711,-17.0032033113431));
#8907=CARTESIAN_POINT('Ctrl Pts',(6.83253837902829,30.3601024151724,-17.0039934146995));
#8908=CARTESIAN_POINT('Ctrl Pts',(6.79556413168761,30.3615679727985,-17.0616774739441));
#8909=CARTESIAN_POINT('Ctrl Pts',(6.71720168304271,30.3468068369157,-17.1709734960133));
#8910=CARTESIAN_POINT('Ctrl Pts',(6.59210720397143,30.2779871149217,-17.3034817802578));
#8911=CARTESIAN_POINT('Ctrl Pts',(6.474730591823,30.1719929300595,-17.3676077648136));
#8912=CARTESIAN_POINT('Ctrl Pts',(6.38672615375139,30.0864147703381,-17.3355093140102));
#8913=CARTESIAN_POINT('Ctrl Pts',(6.32981445294507,30.0639732796692,-17.2666730900136));
#8914=CARTESIAN_POINT('Ctrl Pts',(6.30133744834786,30.0569419910338,-17.2169984983439));
#8915=CARTESIAN_POINT('Ctrl Pts',(6.83357416836966,30.3600692383217,-17.0023901101761));
#8916=CARTESIAN_POINT('Ctrl Pts',(6.83317738561083,30.3600395565674,-17.0032761721532));
#8917=CARTESIAN_POINT('Ctrl Pts',(6.83278020643396,30.3600084589167,-17.0041619960868));
#8918=CARTESIAN_POINT('Ctrl Pts',(6.80446583164959,30.3577138146762,-17.0671955688594));
#8919=CARTESIAN_POINT('Ctrl Pts',(6.74408805212343,30.3403265585448,-17.1895994583931));
#8920=CARTESIAN_POINT('Ctrl Pts',(6.6398428111202,30.273753891309,-17.3477588994298));
#8921=CARTESIAN_POINT('Ctrl Pts',(6.52172304871124,30.1662211941691,-17.4553841590712));
#8922=CARTESIAN_POINT('Ctrl Pts',(6.39482048384873,30.0242307302773,-17.4405660664437));
#8923=CARTESIAN_POINT('Ctrl Pts',(6.32324690974,29.9660975790317,-17.3183968343785));
#8924=CARTESIAN_POINT('Ctrl Pts',(6.29079336841462,29.9581128244769,-17.2474202901712));
#8925=CARTESIAN_POINT('',(6.83357416834811,30.3600692383359,-17.0023901101297));
#8926=CARTESIAN_POINT('Ctrl Pts',(6.29079336841462,29.9581128244769,-17.2474202901712));
#8927=CARTESIAN_POINT('Ctrl Pts',(6.32324690974,29.9660975790317,-17.3183968343785));
#8928=CARTESIAN_POINT('Ctrl Pts',(6.39482048384873,30.0242307302773,-17.4405660664437));
#8929=CARTESIAN_POINT('Ctrl Pts',(6.52172304871124,30.1662211941691,-17.4553841590712));
#8930=CARTESIAN_POINT('Ctrl Pts',(6.6398428111202,30.273753891309,-17.3477588994298));
#8931=CARTESIAN_POINT('Ctrl Pts',(6.74408805212343,30.3403265585448,-17.1895994583931));
#8932=CARTESIAN_POINT('Ctrl Pts',(6.80446583164959,30.3577138146762,-17.0671955688594));
#8933=CARTESIAN_POINT('Ctrl Pts',(6.83278020643396,30.3600084589167,-17.0041619960868));
#8934=CARTESIAN_POINT('Ctrl Pts',(6.83317738561083,30.3600395565674,-17.0032761721532));
#8935=CARTESIAN_POINT('Ctrl Pts',(6.83357416836966,30.3600692383217,-17.0023901101761));
#8936=CARTESIAN_POINT('Ctrl Pts',(6.83357416836335,30.3600692383243,-17.0023901101719));
#8937=CARTESIAN_POINT('Ctrl Pts',(6.8328141582965,30.3601890767283,-17.0030357694661));
#8938=CARTESIAN_POINT('Ctrl Pts',(6.83205394101187,30.3603079847276,-17.0036812007544));
#8939=CARTESIAN_POINT('Ctrl Pts',(6.7779054602087,30.3687198086154,-17.0496101942783));
#8940=CARTESIAN_POINT('Ctrl Pts',(6.66797643695644,30.3769649142389,-17.1383760603482));
#8941=CARTESIAN_POINT('Ctrl Pts',(6.49953458806999,30.361915450468,-17.2543716596481));
#8942=CARTESIAN_POINT('Ctrl Pts',(6.33474136871098,30.3178210055442,-17.3394299921123));
#8943=CARTESIAN_POINT('Ctrl Pts',(6.19955903764944,30.2403761120092,-17.3539545707452));
#8944=CARTESIAN_POINT('Ctrl Pts',(6.15284486001856,30.1987553580835,-17.2981828386572));
#8945=CARTESIAN_POINT('Ctrl Pts',(6.13374200104487,30.1906744792526,-17.2652035193067));
#8946=CARTESIAN_POINT('Ctrl Pts',(6.33930081259579,27.7710186032765,-17.4170858377373));
#8947=CARTESIAN_POINT('Ctrl Pts',(6.32361793300631,27.8153539434109,-17.3739974801931));
#8948=CARTESIAN_POINT('Ctrl Pts',(6.30398236745856,27.8476909808995,-17.3200492072325));
#8949=CARTESIAN_POINT('Ctrl Pts',(6.28286235326925,27.8636603746147,-17.2620224451488));
#8950=CARTESIAN_POINT('Ctrl Pts',(6.32570324104763,27.7299004362119,-17.3797268169493));
#8951=CARTESIAN_POINT('Ctrl Pts',(6.31224466815171,27.7668053598428,-17.342639796067));
#8952=CARTESIAN_POINT('Ctrl Pts',(6.29553283784611,27.7933896341232,-17.2968867438112));
#8953=CARTESIAN_POINT('Ctrl Pts',(6.27779882413786,27.8064129807018,-17.2481105131975));
#8954=CARTESIAN_POINT('Ctrl Pts',(6.24955323289688,27.6481781345071,-17.3233557976641));
#8955=CARTESIAN_POINT('Ctrl Pts',(6.23878748793551,27.6704778450649,-17.2988070381261));
#8956=CARTESIAN_POINT('Ctrl Pts',(6.22684497097256,27.6854831692932,-17.2699320933153));
#8957=CARTESIAN_POINT('Ctrl Pts',(6.21501193426696,27.6927452323711,-17.2396808679223));
#8958=CARTESIAN_POINT('Ctrl Pts',(6.12836269661947,27.6228031835607,-17.3413562402646));
#8959=CARTESIAN_POINT('Ctrl Pts',(6.11681831388305,27.6420153592281,-17.3230362539785));
#8960=CARTESIAN_POINT('Ctrl Pts',(6.10470071613721,27.655823572225,-17.3000746574682));
#8961=CARTESIAN_POINT('Ctrl Pts',(6.09363702667438,27.6624627566262,-17.2755237603749));
#8962=CARTESIAN_POINT('Ctrl Pts',(6.07714680833789,27.628746908887,-17.3661130366197));
#8963=CARTESIAN_POINT('Ctrl Pts',(6.06502087623875,27.6502060745532,-17.3480768733958));
#8964=CARTESIAN_POINT('Ctrl Pts',(6.05217671234157,27.6660928622659,-17.3244248141192));
#8965=CARTESIAN_POINT('Ctrl Pts',(6.04023614641384,27.6740113957032,-17.2981383620862));
#8966=CARTESIAN_POINT('Ctrl Pts',(6.04023614641384,27.6740113957032,-17.2981383620862));
#8967=CARTESIAN_POINT('Ctrl Pts',(6.05217671234157,27.6660928622659,-17.3244248141192));
#8968=CARTESIAN_POINT('Ctrl Pts',(6.06502087623875,27.6502060745532,-17.3480768733958));
#8969=CARTESIAN_POINT('Ctrl Pts',(6.07714680833789,27.628746908887,-17.3661130366197));
#8970=CARTESIAN_POINT('Ctrl Pts',(6.33930081259579,27.7710186032765,-17.4170858377373));
#8971=CARTESIAN_POINT('Ctrl Pts',(6.32361793300631,27.8153539434109,-17.3739974801931));
#8972=CARTESIAN_POINT('Ctrl Pts',(6.30398236745856,27.8476909808995,-17.3200492072325));
#8973=CARTESIAN_POINT('Ctrl Pts',(6.28286235326925,27.8636603746147,-17.2620224451488));
#8974=CARTESIAN_POINT('Origin',(6.58766093541191,28.8911111111111,-18.0994496670675));
#8975=CARTESIAN_POINT('',(6.41458510224975,27.8309811164354,-17.6239277236012));
#8976=CARTESIAN_POINT('Ctrl Pts',(6.41458510224976,27.8309811164354,-17.6239277236012));
#8977=CARTESIAN_POINT('Ctrl Pts',(6.389490045817,27.810996759296,-17.5549796227123));
#8978=CARTESIAN_POINT('Ctrl Pts',(6.36439527937363,27.7910092891186,-17.4860323185626));
#8979=CARTESIAN_POINT('Ctrl Pts',(6.33930081235869,27.7710186057489,-17.4170858370858));
#8980=CARTESIAN_POINT('',(6.66719999755476,28.7895672902664,-18.3179814442696));
#8981=CARTESIAN_POINT('Ctrl Pts',(6.66719999755476,28.7895672902664,-18.3179814442696));
#8982=CARTESIAN_POINT('Ctrl Pts',(6.66719999755476,28.6038006239908,-18.3179814442696));
#8983=CARTESIAN_POINT('Ctrl Pts',(6.62385956333137,28.170357216234,-18.1989045798915));
#8984=CARTESIAN_POINT('Ctrl Pts',(6.49632215387316,27.8960721209342,-17.8484984272693));
#8985=CARTESIAN_POINT('Ctrl Pts',(6.41458510224975,27.8309811164354,-17.6239277236012));
#8986=CARTESIAN_POINT('',(6.41458510224975,29.7401593181122,-17.6239277236012));
#8987=CARTESIAN_POINT('Ctrl Pts',(6.41458510224976,29.7401593181122,-17.6239277236012));
#8988=CARTESIAN_POINT('Ctrl Pts',(6.47582459822281,29.6934056932315,-17.792181855966));
#8989=CARTESIAN_POINT('Ctrl Pts',(6.60842332027681,29.4654805878363,-18.1564938506579));
#8990=CARTESIAN_POINT('Ctrl Pts',(6.66719999755476,29.0363082893884,-18.3179814442696));
#8991=CARTESIAN_POINT('Ctrl Pts',(6.66719999755476,28.7895672902664,-18.3179814442696));
#8992=CARTESIAN_POINT('Ctrl Pts',(6.17377530285711,29.9238043304409,-16.9623082373865));
#8993=CARTESIAN_POINT('Ctrl Pts',(6.2540511084958,29.8626551807757,-17.1828642007074));
#8994=CARTESIAN_POINT('Ctrl Pts',(6.33432080958428,29.8014375270682,-17.4034033919144));
#8995=CARTESIAN_POINT('Ctrl Pts',(6.41458510224975,29.7401593181122,-17.6239277236012));
#8996=CARTESIAN_POINT('Ctrl Pts',(6.83784337281259,27.3576258736666,-17.6070746131439));
#8997=CARTESIAN_POINT('Ctrl Pts',(6.77266656088778,27.3066066929278,-17.4307176300933));
#8998=CARTESIAN_POINT('Ctrl Pts',(6.70746676079557,27.2555750427044,-17.2543741183781));
#8999=CARTESIAN_POINT('Ctrl Pts',(6.64224193408312,27.204530210062,-17.0780451885395));
#9000=CARTESIAN_POINT('Ctrl Pts',(6.73008406323269,27.3789882694328,-17.6401039813115));
#9001=CARTESIAN_POINT('Ctrl Pts',(6.66507518591097,27.3281483693632,-17.4636321866562));
#9002=CARTESIAN_POINT('Ctrl Pts',(6.60004837293983,27.2772893331652,-17.2871737024354));
#9003=CARTESIAN_POINT('Ctrl Pts',(6.53500263712666,27.2264323776244,-17.1107231683089));
#9004=CARTESIAN_POINT('Ctrl Pts',(6.52275204395802,27.4994717478307,-17.680644965418));
#9005=CARTESIAN_POINT('Ctrl Pts',(6.45819614495375,27.4487246389254,-17.5039713500973));
#9006=CARTESIAN_POINT('Ctrl Pts',(6.39363887543858,27.3979751027136,-17.3272999592955));
#9007=CARTESIAN_POINT('Ctrl Pts',(6.32907278662585,27.3472131598508,-17.1506363736517));
#9008=CARTESIAN_POINT('Ctrl Pts',(6.42489569223713,27.7202988249258,-17.6522558367728));
#9009=CARTESIAN_POINT('Ctrl Pts',(6.3605878060529,27.6692492714533,-17.4755613365862));
#9010=CARTESIAN_POINT('Ctrl Pts',(6.29627191515796,27.61818118077,-17.2988754145237));
#9011=CARTESIAN_POINT('Ctrl Pts',(6.23196749023727,27.5670984197128,-17.1221899582022));
#9012=CARTESIAN_POINT('Ctrl Pts',(6.41458510224976,27.8309811164354,-17.6239277236012));
#9013=CARTESIAN_POINT('Ctrl Pts',(6.35028549669486,27.779776358846,-17.4472660092593));
#9014=CARTESIAN_POINT('Ctrl Pts',(6.28598779494454,27.7285511639017,-17.2706095255775));
#9015=CARTESIAN_POINT('Ctrl Pts',(6.22169215577613,27.6773038468748,-17.0939587087929));
#9016=CARTESIAN_POINT('',(6.83784337281264,27.3576258736666,-17.6070746131439));
#9017=CARTESIAN_POINT('Ctrl Pts',(6.64224193408312,27.204530210062,-17.0780451885395));
#9018=CARTESIAN_POINT('Ctrl Pts',(6.70746676079557,27.2555750427044,-17.2543741183781));
#9019=CARTESIAN_POINT('Ctrl Pts',(6.77266656088778,27.3066066929278,-17.4307176300933));
#9020=CARTESIAN_POINT('Ctrl Pts',(6.83784337281259,27.3576258736666,-17.6070746131439));
#9021=CARTESIAN_POINT('Origin',(6.88443141264271,27.8309811164354,-17.4529176519384));
#9022=CARTESIAN_POINT('Ctrl Pts',(6.64155981136568,27.5354861266013,-17.0762913646487));
#9023=CARTESIAN_POINT('Ctrl Pts',(5.57767691764602,27.7821870512126,-17.4900721862594));
#9024=CARTESIAN_POINT('Ctrl Pts',(4.47503454303768,28.0288879758239,-17.804133528954));
#9025=CARTESIAN_POINT('Ctrl Pts',(3.3527919160317,28.2755889004352,-18.0130183441342));
#9026=CARTESIAN_POINT('Ctrl Pts',(6.64908133690798,27.5301783311606,-17.0956301593468));
#9027=CARTESIAN_POINT('Ctrl Pts',(5.58399832740192,27.7768792557719,-17.5098777474588));
#9028=CARTESIAN_POINT('Ctrl Pts',(4.48009750784419,28.0235801803832,-17.8242975281381));
#9029=CARTESIAN_POINT('Ctrl Pts',(3.35658893220722,28.2702811049945,-18.0334179763618));
#9030=CARTESIAN_POINT('Ctrl Pts',(6.67062259483397,27.5026777758205,-17.1510154614675));
#9031=CARTESIAN_POINT('Ctrl Pts',(5.60208167796097,27.7493787004318,-17.5666079492483));
#9032=CARTESIAN_POINT('Ctrl Pts',(4.49461955696803,27.9960796250431,-17.8820420815761));
#9033=CARTESIAN_POINT('Ctrl Pts',(3.36746338903464,28.2427805496544,-18.0918414619883));
#9034=CARTESIAN_POINT('Ctrl Pts',(6.6930812733021,27.4059764648636,-17.2087595679845));
#9035=CARTESIAN_POINT('Ctrl Pts',(5.62094780313658,27.652677389475,-17.6257493238874));
#9036=CARTESIAN_POINT('Ctrl Pts',(4.50974677027055,27.8993783140863,-17.9422483959546));
#9037=CARTESIAN_POINT('Ctrl Pts',(3.3788009780576,28.1460792386976,-18.1527531451954));
#9038=CARTESIAN_POINT('Ctrl Pts',(6.68399373390672,27.2702755338123,-17.1853943533496));
#9039=CARTESIAN_POINT('Ctrl Pts',(5.61330980476479,27.5169764584236,-17.6018203326571));
#9040=CARTESIAN_POINT('Ctrl Pts',(4.50363014286227,27.7636773830349,-17.9178860785449));
#9041=CARTESIAN_POINT('Ctrl Pts',(3.37421340684138,28.0103783076462,-18.1281062221109));
#9042=CARTESIAN_POINT('Ctrl Pts',(6.65724025499975,27.2156170345685,-17.1166077710092));
#9043=CARTESIAN_POINT('Ctrl Pts',(5.59084684019942,27.4623179591798,-17.5313650210234));
#9044=CARTESIAN_POINT('Ctrl Pts',(4.48559858061212,27.7090188837911,-17.8461685878101));
#9045=CARTESIAN_POINT('Ctrl Pts',(3.36070771686001,27.9557198084024,-18.0555463235317));
#9046=CARTESIAN_POINT('Ctrl Pts',(6.64224193407286,27.2045302100545,-17.0780451885131));
#9047=CARTESIAN_POINT('Ctrl Pts',(5.57824977405127,27.4512311346658,-17.4918685075645));
#9048=CARTESIAN_POINT('Ctrl Pts',(4.47549415234091,27.6979320592771,-17.8059621059912));
#9049=CARTESIAN_POINT('Ctrl Pts',(3.35313626518511,27.9446329838884,-18.0148683747274));
#9050=CARTESIAN_POINT('',(3.94736227124886,27.8135911111111,-17.8940586919851));
#9051=CARTESIAN_POINT('Ctrl Pts',(3.94735708564902,27.8135911111111,-17.8940396144456));
#9052=CARTESIAN_POINT('Ctrl Pts',(3.74996891424901,27.8572717353727,-17.9375932838364));
#9053=CARTESIAN_POINT('Ctrl Pts',(3.55185985422117,27.9009523596344,-17.9778796352725));
#9054=CARTESIAN_POINT('Ctrl Pts',(3.35313626519028,27.944632983896,-18.0148683747552));
#9055=CARTESIAN_POINT('',(6.26727070545556,27.2911111111111,-17.2191847448486));
#9056=CARTESIAN_POINT('Ctrl Pts',(6.26726784709539,27.2911111111111,-17.2191752287775));
#9057=CARTESIAN_POINT('Ctrl Pts',(5.50991865456447,27.4652711111111,-17.4947909535748));
#9058=CARTESIAN_POINT('Ctrl Pts',(4.73436790594141,27.6394311111111,-17.7203857990678));
#9059=CARTESIAN_POINT('Ctrl Pts',(3.94735708564902,27.8135911111111,-17.8940396144456));
#9060=CARTESIAN_POINT('Ctrl Pts',(6.6422419340831,27.2045302100621,-17.0780451885395));
#9061=CARTESIAN_POINT('Ctrl Pts',(6.51777084279567,27.2333905104117,-17.1264562972468));
#9062=CARTESIAN_POINT('Ctrl Pts',(6.39276925480117,27.2622508107614,-17.1735025565293));
#9063=CARTESIAN_POINT('Ctrl Pts',(6.26726784709539,27.2911111111111,-17.2191752287775));
#9064=CARTESIAN_POINT('Ctrl Pts',(6.04023000105927,27.6740113957031,-17.2981177063659));
#9065=CARTESIAN_POINT('Ctrl Pts',(5.39948813504296,27.8206835114589,-17.5218174653239));
#9066=CARTESIAN_POINT('Ctrl Pts',(4.74631348385491,27.9673556272148,-17.709908264763));
#9067=CARTESIAN_POINT('Ctrl Pts',(4.08473236811773,28.1140277429707,-17.8612433034264));
#9068=CARTESIAN_POINT('Ctrl Pts',(6.27421984751267,27.6203206550427,-17.2146509927893));
#9069=CARTESIAN_POINT('Ctrl Pts',(5.48784217335104,27.8012060324764,-17.5012618809759));
#9070=CARTESIAN_POINT('Ctrl Pts',(4.6817995515372,27.9820914099101,-17.733903464983));
#9071=CARTESIAN_POINT('Ctrl Pts',(3.86363968365183,28.1629767873439,-17.9103973125493));
#9072=CARTESIAN_POINT('Ctrl Pts',(6.18347561865794,27.6881062812844,-16.9656749818573));
#9073=CARTESIAN_POINT('Ctrl Pts',(5.40847134826039,27.8689916587181,-17.2481406082166));
#9074=CARTESIAN_POINT('Ctrl Pts',(4.61408654493526,28.0498770361518,-17.477417490053));
#9075=CARTESIAN_POINT('Ctrl Pts',(3.80775974763006,28.2307624135856,-17.6513587018361));
#9076=CARTESIAN_POINT('Ctrl Pts',(6.09273138980321,27.7558919075261,-16.7166989709253));
#9077=CARTESIAN_POINT('Ctrl Pts',(5.32910052316974,27.9367772849598,-16.9950193354573));
#9078=CARTESIAN_POINT('Ctrl Pts',(4.54637353833332,28.1176626623935,-17.2209315151231));
#9079=CARTESIAN_POINT('Ctrl Pts',(3.7518798116083,28.2985480398273,-17.3923200911228));
#9080=CARTESIAN_POINT('Ctrl Pts',(6.00198716094848,27.8236775337678,-16.4677229599933));
#9081=CARTESIAN_POINT('Ctrl Pts',(5.24972969807909,28.0045629112015,-16.7418980626981));
#9082=CARTESIAN_POINT('Ctrl Pts',(4.47866053173138,28.1854482886353,-16.9644455401931));
#9083=CARTESIAN_POINT('Ctrl Pts',(3.69599987558653,28.366333666069,-17.1332814804096));
#9084=CARTESIAN_POINT('Ctrl Pts',(5.76666184482571,27.8801182470109,-16.5515945521417));
#9085=CARTESIAN_POINT('Ctrl Pts',(5.16424745947416,28.0242381176391,-16.7614681823639));
#9086=CARTESIAN_POINT('Ctrl Pts',(4.55036801263892,28.1683579882672,-16.9384307123293));
#9087=CARTESIAN_POINT('Ctrl Pts',(3.92867534027457,28.3124778588953,-17.0814281420659));
#9088=CARTESIAN_POINT('Ctrl Pts',(3.47769940796108,28.0911876613413,-18.5653113427112));
#9089=CARTESIAN_POINT('Ctrl Pts',(3.53837713661347,28.1600769399456,-18.8249382082485));
#9090=CARTESIAN_POINT('Ctrl Pts',(3.68272339894283,28.4957036011112,-19.389185972603));
#9091=CARTESIAN_POINT('Ctrl Pts',(3.78104633141472,29.1424925214476,-19.6393569719383));
#9092=CARTESIAN_POINT('Ctrl Pts',(3.80614531637327,29.5151349319558,-19.6344915348132));
#9093=CARTESIAN_POINT('Ctrl Pts',(3.55958331165914,28.0742663038738,-18.5517727468223));
#9094=CARTESIAN_POINT('Ctrl Pts',(3.62071179582133,28.1445886037917,-18.8143589634006));
#9095=CARTESIAN_POINT('Ctrl Pts',(3.76500683101166,28.4880333921615,-19.3835897046893));
#9096=CARTESIAN_POINT('Ctrl Pts',(3.8588102424472,29.1419797058077,-19.6282530477836));
#9097=CARTESIAN_POINT('Ctrl Pts',(3.8807769612899,29.5151349319558,-19.6200241937441));
#9098=CARTESIAN_POINT('Ctrl Pts',(3.72943043979586,28.0822217958721,-18.512177848274));
#9099=CARTESIAN_POINT('Ctrl Pts',(3.78945021050559,28.1531113139248,-18.7732491944696));
#9100=CARTESIAN_POINT('Ctrl Pts',(3.92810178876491,28.5006223407103,-19.3371234977213));
#9101=CARTESIAN_POINT('Ctrl Pts',(4.00862931521317,29.149907404787,-19.5687516694501));
#9102=CARTESIAN_POINT('Ctrl Pts',(4.0230221009608,29.5151349319558,-19.5564296619731));
#9103=CARTESIAN_POINT('Ctrl Pts',(3.97551071652477,28.2379549397743,-18.416251198169));
#9104=CARTESIAN_POINT('Ctrl Pts',(4.0276656800289,28.3016810290205,-18.649513474226));
#9105=CARTESIAN_POINT('Ctrl Pts',(4.14274080485925,28.6145246775114,-19.1526056403491));
#9106=CARTESIAN_POINT('Ctrl Pts',(4.19602207968247,29.191980295783,-19.3571197515771));
#9107=CARTESIAN_POINT('Ctrl Pts',(4.19836474356192,29.5151349319558,-19.3467470117332));
#9108=CARTESIAN_POINT('Ctrl Pts',(4.04706126037772,28.4416102001571,-18.346011018732));
#9109=CARTESIAN_POINT('Ctrl Pts',(4.09049030798526,28.4947759643365,-18.5429462365697));
#9110=CARTESIAN_POINT('Ctrl Pts',(4.18444982313826,28.7547109535464,-18.968745161169));
#9111=CARTESIAN_POINT('Ctrl Pts',(4.22468293384087,29.2396323474243,-19.1508495211089));
#9112=CARTESIAN_POINT('Ctrl Pts',(4.22381707137773,29.5151349319558,-19.1472749106278));
#9113=CARTESIAN_POINT('Ctrl Pts',(4.04014640636065,28.56454290411,-18.3146648196437));
#9114=CARTESIAN_POINT('Ctrl Pts',(4.07871733895466,28.6112965289935,-18.489513360065));
#9115=CARTESIAN_POINT('Ctrl Pts',(4.16223301356652,28.8392215274613,-18.8681039936357));
#9116=CARTESIAN_POINT('Ctrl Pts',(4.19925274686297,29.2683939328194,-19.0359206861124));
#9117=CARTESIAN_POINT('Ctrl Pts',(4.19925274686297,29.5151349319558,-19.0359206861124));
#9118=CARTESIAN_POINT('',(3.80614531637326,29.5151349319558,-19.6344915348132));
#9119=CARTESIAN_POINT('Origin',(3.71099168346394,29.5151349319558,-19.1436292464428));
#9120=CARTESIAN_POINT('Ctrl Pts',(3.80614531637327,29.5151349319558,-19.6344915348132));
#9121=CARTESIAN_POINT('Ctrl Pts',(3.78104633141472,29.1424925214476,-19.6393569719383));
#9122=CARTESIAN_POINT('Ctrl Pts',(3.68272339894283,28.4957036011112,-19.389185972603));
#9123=CARTESIAN_POINT('Ctrl Pts',(3.53837713661347,28.1600769399456,-18.8249382082485));
#9124=CARTESIAN_POINT('Ctrl Pts',(3.47769940796108,28.0911876613413,-18.5653113427112));
#9125=CARTESIAN_POINT('Ctrl Pts',(3.80614531637327,29.5151349319558,-19.6344915348132));
#9126=CARTESIAN_POINT('Ctrl Pts',(3.83134072282422,29.8892089038363,-19.629607406386));
#9127=CARTESIAN_POINT('Ctrl Pts',(3.81984888224891,30.5368541892246,-19.361469072754));
#9128=CARTESIAN_POINT('Ctrl Pts',(3.72356863207036,30.8760995627516,-18.7894613856137));
#9129=CARTESIAN_POINT('Ctrl Pts',(3.67389576730735,30.9470763485556,-18.5274841334406));
#9130=CARTESIAN_POINT('Ctrl Pts',(3.93675069497737,29.5151349319558,-19.6091736879422));
#9131=CARTESIAN_POINT('Ctrl Pts',(3.95642918181885,29.8903570409564,-19.598240250457));
#9132=CARTESIAN_POINT('Ctrl Pts',(3.93435929010085,30.5289619970818,-19.3216939111454));
#9133=CARTESIAN_POINT('Ctrl Pts',(3.83314064817089,30.8573112538964,-18.7558500626282));
#9134=CARTESIAN_POINT('Ctrl Pts',(3.78255711449889,30.9257139527894,-18.4975555586465));
#9135=CARTESIAN_POINT('Ctrl Pts',(4.17541209136346,29.5151349319558,-19.4486342656693));
#9136=CARTESIAN_POINT('Ctrl Pts',(4.18018296350758,29.8633073728184,-19.4347285674484));
#9137=CARTESIAN_POINT('Ctrl Pts',(4.13580864993479,30.4471423800783,-19.1739538671991));
#9138=CARTESIAN_POINT('Ctrl Pts',(4.02924072199856,30.7437017005767,-18.6564171443238));
#9139=CARTESIAN_POINT('Ctrl Pts',(3.97928031054148,30.8052287260831,-18.4205540428386));
#9140=CARTESIAN_POINT('Ctrl Pts',(4.22791112546353,29.5151349319558,-19.165833948047));
#9141=CARTESIAN_POINT('Ctrl Pts',(4.22683688432824,29.796529117532,-19.1616444800588));
#9142=CARTESIAN_POINT('Ctrl Pts',(4.18316828756327,30.2780775847586,-18.9631829511841));
#9143=CARTESIAN_POINT('Ctrl Pts',(4.0897371709897,30.5313527618314,-18.5393320840831));
#9144=CARTESIAN_POINT('Ctrl Pts',(4.04664040284225,30.5844033972964,-18.344103200568));
#9145=CARTESIAN_POINT('Ctrl Pts',(4.19925274686297,29.5151349319558,-19.0359206861124));
#9146=CARTESIAN_POINT('Ctrl Pts',(4.19925274686298,29.7628238234237,-19.0359206861124));
#9147=CARTESIAN_POINT('Ctrl Pts',(4.16207281869469,30.1931730119214,-18.8673778032732));
#9148=CARTESIAN_POINT('Ctrl Pts',(4.07875720358126,30.4249028518016,-18.4896940731385));
#9149=CARTESIAN_POINT('Ctrl Pts',(4.04014640636065,30.4737211057868,-18.3146648196437));
#9150=CARTESIAN_POINT('Ctrl Pts',(3.67389576730735,30.9470763485556,-18.5274841334406));
#9151=CARTESIAN_POINT('Ctrl Pts',(3.72356863207036,30.8760995627516,-18.7894613856137));
#9152=CARTESIAN_POINT('Ctrl Pts',(3.81984888224891,30.5368541892246,-19.361469072754));
#9153=CARTESIAN_POINT('Ctrl Pts',(3.83134072282422,29.8892089038363,-19.629607406386));
#9154=CARTESIAN_POINT('Ctrl Pts',(3.80614531637327,29.5151349319558,-19.6344915348132));
#9155=CARTESIAN_POINT('Ctrl Pts',(6.78636515460143,30.3964253895028,-16.8703779730941));
#9156=CARTESIAN_POINT('Ctrl Pts',(6.8654467580106,30.3355346884011,-17.0915449194597));
#9157=CARTESIAN_POINT('Ctrl Pts',(6.94456454964503,30.2745611168662,-17.31266934963));
#9158=CARTESIAN_POINT('Ctrl Pts',(7.02371512954306,30.213514560881,-17.5337561350374));
#9159=CARTESIAN_POINT('Ctrl Pts',(6.70984408749868,30.4140585451078,-16.9031181569116));
#9160=CARTESIAN_POINT('Ctrl Pts',(6.78897715344256,30.352920162138,-17.1242016362849));
#9161=CARTESIAN_POINT('Ctrl Pts',(6.86814626139775,30.2917110431349,-17.3452455291062));
#9162=CARTESIAN_POINT('Ctrl Pts',(6.94734658975867,30.2304359183485,-17.566254033349));
#9163=CARTESIAN_POINT('Ctrl Pts',(6.54454616764797,30.4072092355051,-16.9613827081617));
#9164=CARTESIAN_POINT('Ctrl Pts',(6.62392724431214,30.3456859499218,-17.1822676864118));
#9165=CARTESIAN_POINT('Ctrl Pts',(6.70333192271984,30.2841088891806,-17.4031221535287));
#9166=CARTESIAN_POINT('Ctrl Pts',(6.78276495712096,30.2224797767807,-17.6239460355267));
#9167=CARTESIAN_POINT('Ctrl Pts',(6.28362860900695,30.2518637529503,-17.0132793918436));
#9168=CARTESIAN_POINT('Ctrl Pts',(6.36362408416406,30.1902048652425,-17.2338687286708));
#9169=CARTESIAN_POINT('Ctrl Pts',(6.44362513283876,30.1284974820108,-17.4544376893098));
#9170=CARTESIAN_POINT('Ctrl Pts',(6.5236290406339,30.0667463532501,-17.674989363428));
#9171=CARTESIAN_POINT('Ctrl Pts',(6.18477951472737,30.0472994585134,-16.992542061019));
#9172=CARTESIAN_POINT('Ctrl Pts',(6.26505186629286,29.9859535983077,-17.2130721529205));
#9173=CARTESIAN_POINT('Ctrl Pts',(6.34530330627324,29.9245526470743,-17.4335925782819));
#9174=CARTESIAN_POINT('Ctrl Pts',(6.42556389239763,29.8630920220651,-17.6540917016255));
#9175=CARTESIAN_POINT('Ctrl Pts',(6.17377530285711,29.9238043304409,-16.9623082373865));
#9176=CARTESIAN_POINT('Ctrl Pts',(6.2540511084958,29.8626551807757,-17.1828642007074));
#9177=CARTESIAN_POINT('Ctrl Pts',(6.33432080958428,29.8014375270682,-17.4034033919144));
#9178=CARTESIAN_POINT('Ctrl Pts',(6.41458510224975,29.7401593181122,-17.6239277236012));
#9179=CARTESIAN_POINT('',(7.02371512954306,30.213514560881,-17.5337561350374));
#9180=CARTESIAN_POINT('Origin',(6.88443141264271,29.7401593181122,-17.4529176519384));
#9181=CARTESIAN_POINT('Ctrl Pts',(7.02371512954306,30.213514560881,-17.5337561350374));
#9182=CARTESIAN_POINT('Ctrl Pts',(6.96031318720231,30.2624146476227,-17.356659117697));
#9183=CARTESIAN_POINT('Ctrl Pts',(6.89693228338912,30.3112679040295,-17.1795379456654));
#9184=CARTESIAN_POINT('Ctrl Pts',(6.83357416561245,30.3600692489134,-17.0023901151286));
#9185=CARTESIAN_POINT('Ctrl Pts',(7.02371512954306,30.2135145608809,-17.5337561350374));
#9186=CARTESIAN_POINT('Ctrl Pts',(7.11177397438329,30.1446252822806,-17.7854176853391));
#9187=CARTESIAN_POINT('Ctrl Pts',(7.29262395283856,29.8089984423492,-18.3390461649176));
#9188=CARTESIAN_POINT('Ctrl Pts',(7.3438397739859,29.1622097007529,-18.6029210342233));
#9189=CARTESIAN_POINT('Ctrl Pts',(7.32004749533098,28.7895672902664,-18.6122783308787));
#9190=CARTESIAN_POINT('Ctrl Pts',(6.94734658975867,30.2304359183485,-17.566254033349));
#9191=CARTESIAN_POINT('Ctrl Pts',(7.03661246143719,30.1601136184347,-17.8206549312599));
#9192=CARTESIAN_POINT('Ctrl Pts',(7.22017862245631,29.8166686531904,-18.3784613314234));
#9193=CARTESIAN_POINT('Ctrl Pts',(7.2722543141736,29.1627225163928,-18.6352636521466));
#9194=CARTESIAN_POINT('Ctrl Pts',(7.24930133187589,28.7895672902664,-18.6401021828219));
#9195=CARTESIAN_POINT('Ctrl Pts',(6.78276518300502,30.222479596295,-17.6239459031592));
#9196=CARTESIAN_POINT('Ctrl Pts',(6.8721541565522,30.1515900782465,-17.876473588929));
#9197=CARTESIAN_POINT('Ctrl Pts',(7.05760969105488,29.8040791709756,-18.4267320762919));
#9198=CARTESIAN_POINT('Ctrl Pts',(7.11389705917799,29.1547948174139,-18.6654118285809));
#9199=CARTESIAN_POINT('Ctrl Pts',(7.09514049182976,28.7895672902664,-18.6627331477283));
#9200=CARTESIAN_POINT('Ctrl Pts',(6.52362955208734,30.066746095015,-17.6749891055171));
#9201=CARTESIAN_POINT('Ctrl Pts',(6.60473882491486,30.0030200057725,-17.8998284159236));
#9202=CARTESIAN_POINT('Ctrl Pts',(6.77748710386167,29.6901766276268,-18.3861428260054));
#9203=CARTESIAN_POINT('Ctrl Pts',(6.84222428245142,29.1127219264204,-18.5873242842418));
#9204=CARTESIAN_POINT('Ctrl Pts',(6.83468307791466,28.7895672902664,-18.5798268153328));
#9205=CARTESIAN_POINT('Ctrl Pts',(6.42556389239764,29.8630920220651,-17.6540917016255));
#9206=CARTESIAN_POINT('Ctrl Pts',(6.49455101423571,29.8099262578888,-17.8435919370253));
#9207=CARTESIAN_POINT('Ctrl Pts',(6.64365889886919,29.5499911456264,-18.2533477940013));
#9208=CARTESIAN_POINT('Ctrl Pts',(6.70738777797157,29.0650698747819,-18.4286172152865));
#9209=CARTESIAN_POINT('Ctrl Pts',(6.70620104707889,28.7895672902664,-18.4251359471722));
#9210=CARTESIAN_POINT('Ctrl Pts',(6.41458510224976,29.7401593181122,-17.6239277236012));
#9211=CARTESIAN_POINT('Ctrl Pts',(6.47582459822281,29.6934056932315,-17.792181855966));
#9212=CARTESIAN_POINT('Ctrl Pts',(6.60842332027681,29.4654805878363,-18.1564938506579));
#9213=CARTESIAN_POINT('Ctrl Pts',(6.66719999755476,29.0363082893884,-18.3179814442696));
#9214=CARTESIAN_POINT('Ctrl Pts',(6.66719999755476,28.7895672902664,-18.3179814442696));
#9215=CARTESIAN_POINT('',(7.32004749533098,28.7895672902664,-18.6122783308788));
#9216=CARTESIAN_POINT('Origin',(7.13704630794771,28.7895672902664,-18.1469713726068));
#9217=CARTESIAN_POINT('Ctrl Pts',(7.32004749533098,28.7895672902664,-18.6122783308787));
#9218=CARTESIAN_POINT('Ctrl Pts',(7.3438397739859,29.1622097007529,-18.6029210342233));
#9219=CARTESIAN_POINT('Ctrl Pts',(7.29262395283856,29.8089984423492,-18.3390461649176));
#9220=CARTESIAN_POINT('Ctrl Pts',(7.11177397438329,30.1446252822806,-17.7854176853391));
#9221=CARTESIAN_POINT('Ctrl Pts',(7.02371512954306,30.2135145608809,-17.5337561350374));
#9222=CARTESIAN_POINT('Ctrl Pts',(7.32004749533099,28.7895672902664,-18.6122783308787));
#9223=CARTESIAN_POINT('Ctrl Pts',(7.30213473537398,28.5090118148679,-18.6193232638701));
#9224=CARTESIAN_POINT('Ctrl Pts',(7.19216282659459,27.8553189204554,-18.4528143034104));
#9225=CARTESIAN_POINT('Ctrl Pts',(6.96931967126942,27.4522615868873,-17.9373972507803));
#9226=CARTESIAN_POINT('Ctrl Pts',(6.83784337281259,27.3576258736666,-17.6070746131439));
#9227=CARTESIAN_POINT('Ctrl Pts',(7.19624170928457,28.7895672902664,-18.6609700717793));
#9228=CARTESIAN_POINT('Ctrl Pts',(7.17938725745844,28.5081507120386,-18.6619664790938));
#9229=CARTESIAN_POINT('Ctrl Pts',(7.07309865159622,27.8605976122967,-18.4816112635516));
#9230=CARTESIAN_POINT('Ctrl Pts',(6.85790163130176,27.4701918668152,-17.9669338572989));
#9231=CARTESIAN_POINT('Ctrl Pts',(6.73008406323269,27.3789882694328,-17.6401039813115));
#9232=CARTESIAN_POINT('Ctrl Pts',(6.908707919734,28.7895672902664,-18.6535011803433));
#9233=CARTESIAN_POINT('Ctrl Pts',(6.90009369317324,28.5284379628881,-18.6466187364655));
#9234=CARTESIAN_POINT('Ctrl Pts',(6.81899200157204,27.9343483186191,-18.4620895018035));
#9235=CARTESIAN_POINT('Ctrl Pts',(6.6352304816698,27.5815106303348,-17.9817857954296));
#9236=CARTESIAN_POINT('Ctrl Pts',(6.52275515280981,27.4994745973532,-17.6806430079647));
#9237=CARTESIAN_POINT('Ctrl Pts',(6.71270122199958,28.7895672902664,-18.4429950309893));
#9238=CARTESIAN_POINT('Ctrl Pts',(6.71169570568997,28.578521653726,-18.4399110632591));
#9239=CARTESIAN_POINT('Ctrl Pts',(6.65986041126882,28.0913828948602,-18.2973388691144));
#9240=CARTESIAN_POINT('Ctrl Pts',(6.5160320178589,27.7910330046605,-17.9027650713533));
#9241=CARTESIAN_POINT('Ctrl Pts',(6.42489569223713,27.7202988249258,-17.6522558367728));
#9242=CARTESIAN_POINT('Ctrl Pts',(6.66719999755476,28.7895672902664,-18.3179814442696));
#9243=CARTESIAN_POINT('Ctrl Pts',(6.66719999755476,28.6038006239908,-18.3179814442696));
#9244=CARTESIAN_POINT('Ctrl Pts',(6.62385956333137,28.170357216234,-18.1989045798915));
#9245=CARTESIAN_POINT('Ctrl Pts',(6.49632215387316,27.8960721209342,-17.8484984272693));
#9246=CARTESIAN_POINT('Ctrl Pts',(6.41458510224975,27.8309811164354,-17.6239277236012));
#9247=CARTESIAN_POINT('Ctrl Pts',(6.83784337281259,27.3576258736666,-17.6070746131439));
#9248=CARTESIAN_POINT('Ctrl Pts',(6.96931967126942,27.4522615868873,-17.9373972507803));
#9249=CARTESIAN_POINT('Ctrl Pts',(7.19216282659459,27.8553189204554,-18.4528143034104));
#9250=CARTESIAN_POINT('Ctrl Pts',(7.30213473537398,28.5090118148679,-18.6193232638701));
#9251=CARTESIAN_POINT('Ctrl Pts',(7.32004749533099,28.7895672902664,-18.6122783308787));
#9252=CARTESIAN_POINT('Ctrl Pts',(-12.1016355323957,40.14,15.9232665443073));
#9253=CARTESIAN_POINT('Ctrl Pts',(-13.2090361261183,40.0711533039369,15.0816453646141));
#9254=CARTESIAN_POINT('Ctrl Pts',(-14.8674670027292,39.9563889528566,13.4304850890028));
#9255=CARTESIAN_POINT('Ctrl Pts',(-16.3255315884263,39.8194388998292,11.0432408751295));
#9256=CARTESIAN_POINT('Ctrl Pts',(-16.9063881552029,39.7405210104865,9.52661788328525));
#9257=CARTESIAN_POINT('Ctrl Pts',(-17.1107375395181,39.6967329617574,8.63358677386664));
#9258=CARTESIAN_POINT('Ctrl Pts',(-17.1474524369346,39.6758349669217,8.18255117886787));
#9259=CARTESIAN_POINT('Ctrl Pts',(-17.1253060211757,39.6666447572312,7.96800301863754));
#9260=CARTESIAN_POINT('Ctrl Pts',(-12.1016355323957,40.2147998250855,15.9232665443073));
#9261=CARTESIAN_POINT('Ctrl Pts',(-13.2027853096765,40.1524870240016,15.0734315223283));
#9262=CARTESIAN_POINT('Ctrl Pts',(-14.8437888714747,40.0457491709181,13.4075526170938));
#9263=CARTESIAN_POINT('Ctrl Pts',(-16.2642337092087,39.9049251714377,11.0122050786935));
#9264=CARTESIAN_POINT('Ctrl Pts',(-16.8140212152138,39.8136427582302,9.50134010111403));
#9265=CARTESIAN_POINT('Ctrl Pts',(-16.9985916337588,39.7565211458386,8.62401259150516));
#9266=CARTESIAN_POINT('Ctrl Pts',(-17.0241256472755,39.7254589518839,8.19029739231697));
#9267=CARTESIAN_POINT('Ctrl Pts',(-17.0017571015479,39.7097990506036,7.99672657582323));
#9268=CARTESIAN_POINT('Ctrl Pts',(-12.1223008879706,40.3643640413989,15.95045790734));
#9269=CARTESIAN_POINT('Ctrl Pts',(-13.2173196666449,40.3198813839148,15.0870841443208));
#9270=CARTESIAN_POINT('Ctrl Pts',(-14.8363534047335,40.239662718577,13.3940614795547));
#9271=CARTESIAN_POINT('Ctrl Pts',(-16.1944833399343,40.1188755902508,10.9746836230018));
#9272=CARTESIAN_POINT('Ctrl Pts',(-16.6832369220629,40.0282313676096,9.46413738728701));
#9273=CARTESIAN_POINT('Ctrl Pts',(-16.8230284513533,39.9643008438685,8.60816736643749));
#9274=CARTESIAN_POINT('Ctrl Pts',(-16.8198646958073,39.9253411915119,8.20201567280635));
#9275=CARTESIAN_POINT('Ctrl Pts',(-16.7911129999127,39.9038044795958,8.0456986584394));
#9276=CARTESIAN_POINT('Ctrl Pts',(-12.2018822765862,40.5292359721057,16.0551706678178));
#9277=CARTESIAN_POINT('Ctrl Pts',(-13.3065089560514,40.5102623520025,15.1833995784647));
#9278=CARTESIAN_POINT('Ctrl Pts',(-14.9349545519922,40.475218561343,13.467959371118));
#9279=CARTESIAN_POINT('Ctrl Pts',(-16.2766629546524,40.4180345252408,11.010337122024));
#9280=CARTESIAN_POINT('Ctrl Pts',(-16.7343418037719,40.3717238174554,9.47523426216314));
#9281=CARTESIAN_POINT('Ctrl Pts',(-16.8440104481268,40.3370722001443,8.6083316639158));
#9282=CARTESIAN_POINT('Ctrl Pts',(-16.8181662299131,40.314933494145,8.20001532102906));
#9283=CARTESIAN_POINT('Ctrl Pts',(-16.7769824121674,40.3022187950412,8.04898384091118));
#9284=CARTESIAN_POINT('Ctrl Pts',(-12.3023691868641,40.6208901111918,16.1873908005664));
#9285=CARTESIAN_POINT('Ctrl Pts',(-13.4264276838564,40.6175093110477,15.3146096734549));
#9286=CARTESIAN_POINT('Ctrl Pts',(-15.0879652245786,40.6110301243417,13.5900803154945));
#9287=CARTESIAN_POINT('Ctrl Pts',(-16.4662362640918,40.6002597197588,11.0999829191074));
#9288=CARTESIAN_POINT('Ctrl Pts',(-16.9441446418337,40.5912406387408,9.53029817574441));
#9289=CARTESIAN_POINT('Ctrl Pts',(-17.0617660070224,40.5843944406022,8.62571192159737));
#9290=CARTESIAN_POINT('Ctrl Pts',(-17.0384231364267,40.5799330416123,8.18484583722662));
#9291=CARTESIAN_POINT('Ctrl Pts',(-16.9891586485026,40.5773533528138,7.99965555640509));
#9292=CARTESIAN_POINT('Ctrl Pts',(-12.3702314124155,40.64,16.2766835497036));
#9293=CARTESIAN_POINT('Ctrl Pts',(-13.508857964536,40.6400125928545,15.4051350989));
#9294=CARTESIAN_POINT('Ctrl Pts',(-15.1974338629238,40.6399997762001,13.6783125265686));
#9295=CARTESIAN_POINT('Ctrl Pts',(-16.6126342011153,40.6400277612184,11.1697035290829));
#9296=CARTESIAN_POINT('Ctrl Pts',(-17.1175656783359,40.6400289114611,9.57609968800126));
#9297=CARTESIAN_POINT('Ctrl Pts',(-17.2511565487108,40.6400228482457,8.64101747865406));
#9298=CARTESIAN_POINT('Ctrl Pts',(-17.2369499315497,40.6400105061017,8.17166977421174));
#9299=CARTESIAN_POINT('Ctrl Pts',(-17.1842880083752,40.64,7.95429045451835));
#9300=CARTESIAN_POINT('Ctrl Pts',(-12.4041764207056,40.64,16.321348207915));
#9301=CARTESIAN_POINT('Ctrl Pts',(-13.550114429071,40.64,15.4504387069424));
#9302=CARTESIAN_POINT('Ctrl Pts',(-15.2519619013586,40.64,13.7225823004705));
#9303=CARTESIAN_POINT('Ctrl Pts',(-16.6857187455298,40.64,11.2048213036249));
#9304=CARTESIAN_POINT('Ctrl Pts',(-17.2042631910832,40.64,9.59930347970019));
#9305=CARTESIAN_POINT('Ctrl Pts',(-17.3460242876345,40.64,8.64888585184694));
#9306=CARTESIAN_POINT('Ctrl Pts',(-17.3364876126417,40.64,8.16519121571462));
#9307=CARTESIAN_POINT('Ctrl Pts',(-17.2821655444714,40.64,7.9315351684849));
#9308=CARTESIAN_POINT('',(-17.1253060211757,39.6666447572312,7.96800301863754));
#9309=CARTESIAN_POINT('',(-17.2821655444714,40.64,7.9315351684849));
#9310=CARTESIAN_POINT('Origin',(-17.2821655444714,40.14,7.9315351684849));
#9311=CARTESIAN_POINT('',(-12.4041764207056,40.64,16.321348207915));
#9312=CARTESIAN_POINT('Ctrl Pts',(-17.2821655444714,40.64,7.9315351684849));
#9313=CARTESIAN_POINT('Ctrl Pts',(-17.3364876126417,40.64,8.16519121571462));
#9314=CARTESIAN_POINT('Ctrl Pts',(-17.3460242876345,40.64,8.64888585184694));
#9315=CARTESIAN_POINT('Ctrl Pts',(-17.2042631910832,40.64,9.59930347970019));
#9316=CARTESIAN_POINT('Ctrl Pts',(-16.6857187455298,40.64,11.2048213036249));
#9317=CARTESIAN_POINT('Ctrl Pts',(-15.2519619013586,40.64,13.7225823004705));
#9318=CARTESIAN_POINT('Ctrl Pts',(-13.550114429071,40.64,15.4504387069424));
#9319=CARTESIAN_POINT('Ctrl Pts',(-12.4041764207056,40.64,16.321348207915));
#9320=CARTESIAN_POINT('',(-12.1016355323957,40.14,15.9232665443073));
#9321=CARTESIAN_POINT('Origin',(-12.4041764207056,40.14,16.321348207915));
#9322=CARTESIAN_POINT('Ctrl Pts',(-12.1016355323957,40.14,15.9232665443073));
#9323=CARTESIAN_POINT('Ctrl Pts',(-13.2090361261183,40.0711533039369,15.0816453646141));
#9324=CARTESIAN_POINT('Ctrl Pts',(-14.8674670027292,39.9563889528566,13.4304850890028));
#9325=CARTESIAN_POINT('Ctrl Pts',(-16.3255315884263,39.8194388998292,11.0432408751295));
#9326=CARTESIAN_POINT('Ctrl Pts',(-16.9063881552029,39.7405210104865,9.52661788328525));
#9327=CARTESIAN_POINT('Ctrl Pts',(-17.1107375395181,39.6967329617574,8.63358677386664));
#9328=CARTESIAN_POINT('Ctrl Pts',(-17.1474524369346,39.6758349669217,8.18255117886787));
#9329=CARTESIAN_POINT('Ctrl Pts',(-17.1253060211757,39.6666447572312,7.96800301863754));
#9330=CARTESIAN_POINT('Ctrl Pts',(-17.1253060211757,39.6666447572312,7.96800301863754));
#9331=CARTESIAN_POINT('Ctrl Pts',(-16.9678181075921,39.6670655334986,7.29606040905628));
#9332=CARTESIAN_POINT('Ctrl Pts',(-16.7702191652057,39.6675353718809,6.63371640656437));
#9333=CARTESIAN_POINT('Ctrl Pts',(-16.5313576508627,39.6680749064964,5.98687458256637));
#9334=CARTESIAN_POINT('Ctrl Pts',(-17.0017571015479,39.7097990506036,7.99672657582323));
#9335=CARTESIAN_POINT('Ctrl Pts',(-16.8456298000569,39.7105160434721,7.32963218148664));
#9336=CARTESIAN_POINT('Ctrl Pts',(-16.6497509757125,39.7112957645922,6.6722033355969));
#9337=CARTESIAN_POINT('Ctrl Pts',(-16.4129993185904,39.7122017205569,6.03028075963037));
#9338=CARTESIAN_POINT('Ctrl Pts',(-16.7911104750724,39.903801689786,8.04569924543273));
#9339=CARTESIAN_POINT('Ctrl Pts',(-16.6375838348087,39.9047877540387,7.38682834912578));
#9340=CARTESIAN_POINT('Ctrl Pts',(-16.4448909419878,39.9058779916929,6.73764377836305));
#9341=CARTESIAN_POINT('Ctrl Pts',(-16.21205879803,39.9071122915209,6.1039727392935));
#9342=CARTESIAN_POINT('Ctrl Pts',(-16.7769809248035,40.3022186061323,8.04898418670442));
#9343=CARTESIAN_POINT('Ctrl Pts',(-16.6241780685874,40.3028007521126,7.3905361697971));
#9344=CARTESIAN_POINT('Ctrl Pts',(-16.4322942601687,40.3034389464407,6.74169988754413));
#9345=CARTESIAN_POINT('Ctrl Pts',(-16.2003543973477,40.3041650858427,6.10826515604772));
#9346=CARTESIAN_POINT('Ctrl Pts',(-16.9891570847748,40.5773538153065,7.99965591995196));
#9347=CARTESIAN_POINT('Ctrl Pts',(-16.8343985242729,40.5774719270645,7.33276840285695));
#9348=CARTESIAN_POINT('Ctrl Pts',(-16.6400128317976,40.577607328774,6.67538692177659));
#9349=CARTESIAN_POINT('Ctrl Pts',(-16.4048891869761,40.5777544908489,6.03325503108302));
#9350=CARTESIAN_POINT('Ctrl Pts',(-17.1842880083752,40.64,7.95429045451834));
#9351=CARTESIAN_POINT('Ctrl Pts',(-17.0275567044578,40.6400004810247,7.27972226117036));
#9352=CARTESIAN_POINT('Ctrl Pts',(-16.8306412441286,40.6399994198336,6.61447591606731));
#9353=CARTESIAN_POINT('Ctrl Pts',(-16.5923946448205,40.64,5.96449016301329));
#9354=CARTESIAN_POINT('Ctrl Pts',(-17.2821655444714,40.64,7.9315351684849));
#9355=CARTESIAN_POINT('Ctrl Pts',(-17.1244349227014,40.64,7.25308689044188));
#9356=CARTESIAN_POINT('Ctrl Pts',(-16.9262717042779,40.64,6.58395130423647));
#9357=CARTESIAN_POINT('Ctrl Pts',(-16.6864442624677,40.64,5.92999884940638));
#9358=CARTESIAN_POINT('',(-16.5313576508627,39.6680749064964,5.98687458256637));
#9359=CARTESIAN_POINT('',(-16.6864442624677,40.64,5.92999884940638));
#9360=CARTESIAN_POINT('Origin',(-16.6864442624677,40.14,5.92999884940638));
#9361=CARTESIAN_POINT('Ctrl Pts',(-16.6864442624677,40.64,5.92999884940638));
#9362=CARTESIAN_POINT('Ctrl Pts',(-16.9262717042779,40.64,6.58395130423647));
#9363=CARTESIAN_POINT('Ctrl Pts',(-17.1244349227014,40.64,7.25308689044188));
#9364=CARTESIAN_POINT('Ctrl Pts',(-17.2821655444714,40.64,7.9315351684849));
#9365=CARTESIAN_POINT('Ctrl Pts',(-17.1253060211757,39.6666447572312,7.96800301863754));
#9366=CARTESIAN_POINT('Ctrl Pts',(-16.9678181075921,39.6670655334986,7.29606040905628));
#9367=CARTESIAN_POINT('Ctrl Pts',(-16.7702191652057,39.6675353718809,6.63371640656437));
#9368=CARTESIAN_POINT('Ctrl Pts',(-16.5313576508627,39.6680749064964,5.98687458256637));
#9369=CARTESIAN_POINT('Ctrl Pts',(-16.5313576508627,39.6680749064964,5.98687458256629));
#9370=CARTESIAN_POINT('Ctrl Pts',(-16.45566338003,39.676168130793,5.84762763297218));
#9371=CARTESIAN_POINT('Ctrl Pts',(-16.357968180794,39.6945651641436,5.56120886359522));
#9372=CARTESIAN_POINT('Ctrl Pts',(-16.2482869318102,39.7344128024365,4.99204988593778));
#9373=CARTESIAN_POINT('Ctrl Pts',(-16.1910145812985,39.7875943674158,4.29018654944019));
#9374=CARTESIAN_POINT('Ctrl Pts',(-16.1509495381888,39.9212346851794,2.63239075913254));
#9375=CARTESIAN_POINT('Ctrl Pts',(-16.1860825646333,40.042786046092,1.27633309538089));
#9376=CARTESIAN_POINT('Ctrl Pts',(-16.1988749999575,40.14,0.190915519934531));
#9377=CARTESIAN_POINT('Ctrl Pts',(-16.4129993185904,39.7122017205569,6.03028075963029));
#9378=CARTESIAN_POINT('Ctrl Pts',(-16.3361252226755,39.7257914043596,5.87530892027868));
#9379=CARTESIAN_POINT('Ctrl Pts',(-16.245463338486,39.753361826969,5.57431292424435));
#9380=CARTESIAN_POINT('Ctrl Pts',(-16.1508807429716,39.8060091070023,4.99287644843365));
#9381=CARTESIAN_POINT('Ctrl Pts',(-16.1123822907048,39.8685851552067,4.28768367085252));
#9382=CARTESIAN_POINT('Ctrl Pts',(-16.1113056391842,40.0129187414727,2.62933439346446));
#9383=CARTESIAN_POINT('Ctrl Pts',(-16.1715088268514,40.1268119604696,1.27616000007023));
#9384=CARTESIAN_POINT('Ctrl Pts',(-16.1988749999575,40.2147998250855,0.190915519934531));
#9385=CARTESIAN_POINT('Ctrl Pts',(-16.2120569434031,39.9071101949989,6.1039734194506));
#9386=CARTESIAN_POINT('Ctrl Pts',(-16.1381060518324,39.9256251615468,5.92043087358636));
#9387=CARTESIAN_POINT('Ctrl Pts',(-16.0681544024633,39.9604082279962,5.59441440212774));
#9388=CARTESIAN_POINT('Ctrl Pts',(-16.010780851966,40.0200201175853,4.99332111389051));
#9389=CARTESIAN_POINT('Ctrl Pts',(-16.0123127793656,40.0833062326396,4.28422927103152));
#9390=CARTESIAN_POINT('Ctrl Pts',(-16.0866381971652,40.2149358071862,2.62652886613137));
#9391=CARTESIAN_POINT('Ctrl Pts',(-16.1851934795556,40.301553332209,1.27698758956046));
#9392=CARTESIAN_POINT('Ctrl Pts',(-16.2330247849754,40.3643644075641,0.191317999980976));
#9393=CARTESIAN_POINT('Ctrl Pts',(-16.2003533120562,40.3041649553233,6.10826555406232));
#9394=CARTESIAN_POINT('Ctrl Pts',(-16.1365373553931,40.3150573223406,5.91940676644081));
#9395=CARTESIAN_POINT('Ctrl Pts',(-16.0866175350548,40.3348775501825,5.59124147720421));
#9396=CARTESIAN_POINT('Ctrl Pts',(-16.0591982145013,40.3673595605348,4.99148984959005));
#9397=CARTESIAN_POINT('Ctrl Pts',(-16.0872947110047,40.4000080958656,4.28619064580922));
#9398=CARTESIAN_POINT('Ctrl Pts',(-16.2051281597835,40.4645453030243,2.63341871034946));
#9399=CARTESIAN_POINT('Ctrl Pts',(-16.3154450018142,40.5024448889806,1.28108476938907));
#9400=CARTESIAN_POINT('Ctrl Pts',(-16.3645378175992,40.5292363072426,0.192867976692421));
#9401=CARTESIAN_POINT('Ctrl Pts',(-16.4048880478268,40.5777548560324,6.0332554488492));
#9402=CARTESIAN_POINT('Ctrl Pts',(-16.3501988986434,40.5799623430891,5.86904715943364));
#9403=CARTESIAN_POINT('Ctrl Pts',(-16.3030220701467,40.5839563688079,5.56529771270553));
#9404=CARTESIAN_POINT('Ctrl Pts',(-16.2752921160951,40.5903836954184,4.98858704854458));
#9405=CARTESIAN_POINT('Ctrl Pts',(-16.2982679456878,40.5967542144824,4.29256893937564));
#9406=CARTESIAN_POINT('Ctrl Pts',(-16.4025557477102,40.6090337721685,2.64640329049731));
#9407=CARTESIAN_POINT('Ctrl Pts',(-16.4969328042358,40.616116798052,1.28646031491898));
#9408=CARTESIAN_POINT('Ctrl Pts',(-16.5305978480726,40.6208906066467,0.194825114892342));
#9409=CARTESIAN_POINT('Ctrl Pts',(-16.5923946448206,40.64,5.96449016301321));
#9410=CARTESIAN_POINT('Ctrl Pts',(-16.5427532675181,40.6400087027165,5.8239715881891));
#9411=CARTESIAN_POINT('Ctrl Pts',(-16.4919373136274,40.6400207245592,5.54272713356375));
#9412=CARTESIAN_POINT('Ctrl Pts',(-16.455095091,40.6400282386578,4.98623396559298));
#9413=CARTESIAN_POINT('Ctrl Pts',(-16.4658307263161,40.6400290010889,4.29744886883216));
#9414=CARTESIAN_POINT('Ctrl Pts',(-16.5460388729296,40.6400036972948,2.6558351166222));
#9415=CARTESIAN_POINT('Ctrl Pts',(-16.6228852485401,40.640017781553,1.29012890274118));
#9416=CARTESIAN_POINT('Ctrl Pts',(-16.6427443047443,40.64,0.196146842424924));
#9417=CARTESIAN_POINT('Ctrl Pts',(-16.6864442624677,40.64,5.9299988494063));
#9418=CARTESIAN_POINT('Ctrl Pts',(-16.6393065732703,40.64,5.80146557009082));
#9419=CARTESIAN_POINT('Ctrl Pts',(-16.5865946689518,40.64,5.53157689228459));
#9420=CARTESIAN_POINT('Ctrl Pts',(-16.5450385966477,40.64,4.98527579180508));
#9421=CARTESIAN_POINT('Ctrl Pts',(-16.5495677337198,40.64,4.30008866520243));
#9422=CARTESIAN_POINT('Ctrl Pts',(-16.6175018554659,40.64,2.66073212889589));
#9423=CARTESIAN_POINT('Ctrl Pts',(-16.685933047873,40.64,1.29196568162883));
#9424=CARTESIAN_POINT('Ctrl Pts',(-16.698840277734,40.64,0.196807974253498));
#9425=CARTESIAN_POINT('',(-16.698840277734,40.64,0.196807974253498));
#9426=CARTESIAN_POINT('Origin',(-16.698840277734,40.14,0.196807974253498));
#9427=CARTESIAN_POINT('Ctrl Pts',(-16.698840277734,40.64,0.196807974253498));
#9428=CARTESIAN_POINT('Ctrl Pts',(-16.685933047873,40.64,1.29196568162883));
#9429=CARTESIAN_POINT('Ctrl Pts',(-16.6175018554659,40.64,2.66073212889589));
#9430=CARTESIAN_POINT('Ctrl Pts',(-16.5495677337198,40.64,4.30008866520243));
#9431=CARTESIAN_POINT('Ctrl Pts',(-16.5450385966477,40.64,4.98527579180508));
#9432=CARTESIAN_POINT('Ctrl Pts',(-16.5865946689518,40.64,5.53157689228459));
#9433=CARTESIAN_POINT('Ctrl Pts',(-16.6393065732703,40.64,5.80146557009082));
#9434=CARTESIAN_POINT('Ctrl Pts',(-16.6864442624677,40.64,5.9299988494063));
#9435=CARTESIAN_POINT('Ctrl Pts',(-16.5313576508627,39.6680749064964,5.98687458256629));
#9436=CARTESIAN_POINT('Ctrl Pts',(-16.45566338003,39.676168130793,5.84762763297218));
#9437=CARTESIAN_POINT('Ctrl Pts',(-16.357968180794,39.6945651641436,5.56120886359522));
#9438=CARTESIAN_POINT('Ctrl Pts',(-16.2482869318102,39.7344128024365,4.99204988593778));
#9439=CARTESIAN_POINT('Ctrl Pts',(-16.1910145812985,39.7875943674158,4.29018654944019));
#9440=CARTESIAN_POINT('Ctrl Pts',(-16.1509495381888,39.9212346851794,2.63239075913254));
#9441=CARTESIAN_POINT('Ctrl Pts',(-16.1860825646333,40.042786046092,1.27633309538089));
#9442=CARTESIAN_POINT('Ctrl Pts',(-16.1988749999575,40.14,0.190915519934531));
#9443=CARTESIAN_POINT('Ctrl Pts',(-11.7125074321245,40.14,-11.1918349546635));
#9444=CARTESIAN_POINT('Ctrl Pts',(-11.1500768518636,40.2129095202841,-11.7804312284689));
#9445=CARTESIAN_POINT('Ctrl Pts',(-10.2078888222836,40.3343693618594,-12.756632928039));
#9446=CARTESIAN_POINT('Ctrl Pts',(-9.08098964760426,40.4713981786082,-13.9624687788867));
#9447=CARTESIAN_POINT('Ctrl Pts',(-8.38662762493446,40.5561327746957,-14.8459082528982));
#9448=CARTESIAN_POINT('Ctrl Pts',(-8.08041462709711,40.5957388547373,-15.3491368814458));
#9449=CARTESIAN_POINT('Ctrl Pts',(-8.00108127748462,40.6119250935036,-15.6560260423647));
#9450=CARTESIAN_POINT('Ctrl Pts',(-11.7125074321245,40.2708996938996,-11.1918349546635));
#9451=CARTESIAN_POINT('Ctrl Pts',(-11.1641996218193,40.3316916615722,-11.7939049249406));
#9452=CARTESIAN_POINT('Ctrl Pts',(-10.2373259611169,40.4260893802277,-12.7869772904984));
#9453=CARTESIAN_POINT('Ctrl Pts',(-9.11541230837905,40.5246372143307,-13.9977582486654));
#9454=CARTESIAN_POINT('Ctrl Pts',(-8.41854854098859,40.5834205839293,-14.8738537407768));
#9455=CARTESIAN_POINT('Ctrl Pts',(-8.10859634274624,40.6103035981295,-15.3679536920551));
#9456=CARTESIAN_POINT('Ctrl Pts',(-8.02547997520449,40.6211948182745,-15.6663237949074));
#9457=CARTESIAN_POINT('Ctrl Pts',(-11.79090893945,40.531559990375,-11.2667511701083));
#9458=CARTESIAN_POINT('Ctrl Pts',(-11.2531966343914,40.5528843818106,-11.8811671764145));
#9459=CARTESIAN_POINT('Ctrl Pts',(-10.3318893590364,40.5823653969804,-12.8850479927764));
#9460=CARTESIAN_POINT('Ctrl Pts',(-9.19918262040774,40.6100603941103,-14.0832027467852));
#9461=CARTESIAN_POINT('Ctrl Pts',(-8.48798531663234,40.6256456749908,-14.9342739133316));
#9462=CARTESIAN_POINT('Ctrl Pts',(-8.1675006329969,40.6325004642593,-15.4070690724751));
#9463=CARTESIAN_POINT('Ctrl Pts',(-8.07571824219857,40.6352648674136,-15.6875274364959));
#9464=CARTESIAN_POINT('Ctrl Pts',(-11.9793648443715,40.64,-11.446829381058));
#9465=CARTESIAN_POINT('Ctrl Pts',(-11.422082771198,40.6396038245191,-12.0477995745934));
#9466=CARTESIAN_POINT('Ctrl Pts',(-10.4685113553799,40.6398558795142,-13.0270193386414));
#9467=CARTESIAN_POINT('Ctrl Pts',(-9.2998971437372,40.6398199546588,-14.1854609361213));
#9468=CARTESIAN_POINT('Ctrl Pts',(-8.56359656485832,40.6399060145499,-14.9997408693162));
#9469=CARTESIAN_POINT('Ctrl Pts',(-8.22899063563038,40.640002484103,-15.4476901932464));
#9470=CARTESIAN_POINT('Ctrl Pts',(-8.12741819993003,40.64,-15.7093480015645));
#9471=CARTESIAN_POINT('Ctrl Pts',(-12.0740045750914,40.64,-11.537261959437));
#9472=CARTESIAN_POINT('Ctrl Pts',(-11.5065269528656,40.64,-12.1311400763685));
#9473=CARTESIAN_POINT('Ctrl Pts',(-10.536791027318,40.64,-13.0979853755742));
#9474=CARTESIAN_POINT('Ctrl Pts',(-9.35018068990163,40.64,-14.2365201103967));
#9475=CARTESIAN_POINT('Ctrl Pts',(-8.60136409119644,40.64,-15.0324370017229));
#9476=CARTESIAN_POINT('Ctrl Pts',(-8.25973643077134,40.64,-15.4680012125349));
#9477=CARTESIAN_POINT('Ctrl Pts',(-8.15326838045204,40.64,-15.7202583692102));
#9478=CARTESIAN_POINT('',(-8.00108127748461,40.6119250935036,-15.6560260423647));
#9479=CARTESIAN_POINT('',(-8.15326838045204,40.64,-15.7202583692102));
#9480=CARTESIAN_POINT('Origin',(-8.15326838045204,40.14,-15.7202583692102));
#9481=CARTESIAN_POINT('',(-12.0740045750914,40.64,-11.537261959437));
#9482=CARTESIAN_POINT('Ctrl Pts',(-8.15326838045204,40.64,-15.7202583692102));
#9483=CARTESIAN_POINT('Ctrl Pts',(-8.25973643077134,40.64,-15.4680012125349));
#9484=CARTESIAN_POINT('Ctrl Pts',(-8.60136409119644,40.64,-15.0324370017229));
#9485=CARTESIAN_POINT('Ctrl Pts',(-9.35018068990163,40.64,-14.2365201103967));
#9486=CARTESIAN_POINT('Ctrl Pts',(-10.536791027318,40.64,-13.0979853755742));
#9487=CARTESIAN_POINT('Ctrl Pts',(-11.5065269528656,40.64,-12.1311400763685));
#9488=CARTESIAN_POINT('Ctrl Pts',(-12.0740045750914,40.64,-11.537261959437));
#9489=CARTESIAN_POINT('Origin',(-12.0740045750914,40.14,-11.537261959437));
#9490=CARTESIAN_POINT('Ctrl Pts',(-11.7125074321245,40.14,-11.1918349546635));
#9491=CARTESIAN_POINT('Ctrl Pts',(-11.1500768518636,40.2129095202841,-11.7804312284689));
#9492=CARTESIAN_POINT('Ctrl Pts',(-10.2078888222836,40.3343693618594,-12.756632928039));
#9493=CARTESIAN_POINT('Ctrl Pts',(-9.08098964760426,40.4713981786082,-13.9624687788867));
#9494=CARTESIAN_POINT('Ctrl Pts',(-8.38662762493446,40.5561327746957,-14.8459082528982));
#9495=CARTESIAN_POINT('Ctrl Pts',(-8.08041462709711,40.5957388547373,-15.3491368814458));
#9496=CARTESIAN_POINT('Ctrl Pts',(-8.00108127748462,40.6119250935036,-15.6560260423647));
#9497=CARTESIAN_POINT('Ctrl Pts',(-8.0010812774846,40.6119250935036,-15.6560260423647));
#9498=CARTESIAN_POINT('Ctrl Pts',(-7.73437865221527,40.612464628119,-16.2918946434761));
#9499=CARTESIAN_POINT('Ctrl Pts',(-7.42693263599604,40.6129344665015,-16.9109438071013));
#9500=CARTESIAN_POINT('Ctrl Pts',(-7.08361302761891,40.6133552427688,-17.5096431973607));
#9501=CARTESIAN_POINT('Ctrl Pts',(-8.04987867292434,40.6304645430454,-15.6766215474501));
#9502=CARTESIAN_POINT('Ctrl Pts',(-7.78188488327163,40.6306505157354,-16.3143841716559));
#9503=CARTESIAN_POINT('Ctrl Pts',(-7.47311474503783,40.6308141518402,-16.9351670726526));
#9504=CARTESIAN_POINT('Ctrl Pts',(-7.12845313086784,40.6309589416154,-17.5354633033982));
#9505=CARTESIAN_POINT('Ctrl Pts',(-8.10156801940799,40.64,-15.6984376339188));
#9506=CARTESIAN_POINT('Ctrl Pts',(-7.83214757647466,40.6399992698727,-16.3381818678015));
#9507=CARTESIAN_POINT('Ctrl Pts',(-7.52192909040544,40.6400005401109,-16.9607729486431));
#9508=CARTESIAN_POINT('Ctrl Pts',(-7.1758081621957,40.64,-17.562731570902));
#9509=CARTESIAN_POINT('Ctrl Pts',(-8.15326838045202,40.64,-15.7202583692102));
#9510=CARTESIAN_POINT('Ctrl Pts',(-7.88242044986126,40.64,-16.3619844894622));
#9511=CARTESIAN_POINT('Ctrl Pts',(-7.57075316794905,40.64,-16.9863838804427));
#9512=CARTESIAN_POINT('Ctrl Pts',(-7.22317227607627,40.64,-17.5900050683776));
#9513=CARTESIAN_POINT('',(-7.08361302761891,40.6133552427688,-17.5096431973607));
#9514=CARTESIAN_POINT('',(-7.22317227607627,40.64,-17.5900050683776));
#9515=CARTESIAN_POINT('Origin',(-7.22317227607627,40.14,-17.5900050683776));
#9516=CARTESIAN_POINT('Ctrl Pts',(-7.22317227607627,40.64,-17.5900050683776));
#9517=CARTESIAN_POINT('Ctrl Pts',(-7.57075316794905,40.64,-16.9863838804427));
#9518=CARTESIAN_POINT('Ctrl Pts',(-7.88242044986126,40.64,-16.3619844894622));
#9519=CARTESIAN_POINT('Ctrl Pts',(-8.15326838045202,40.64,-15.7202583692102));
#9520=CARTESIAN_POINT('Ctrl Pts',(-8.0010812774846,40.6119250935036,-15.6560260423647));
#9521=CARTESIAN_POINT('Ctrl Pts',(-7.73437865221527,40.612464628119,-16.2918946434761));
#9522=CARTESIAN_POINT('Ctrl Pts',(-7.42693263599604,40.6129344665015,-16.9109438071013));
#9523=CARTESIAN_POINT('Ctrl Pts',(-7.08361302761891,40.6133552427688,-17.5096431973607));
#9524=CARTESIAN_POINT('Ctrl Pts',(-7.08361302761884,40.6133552427688,-17.5096431973607));
#9525=CARTESIAN_POINT('Ctrl Pts',(-6.87724444855809,40.5987877756055,-17.7822234218646));
#9526=CARTESIAN_POINT('Ctrl Pts',(-6.01400515042744,40.5471439798469,-18.4567237655738));
#9527=CARTESIAN_POINT('Ctrl Pts',(-3.67355117108224,40.4218214995761,-19.5443976622986));
#9528=CARTESIAN_POINT('Ctrl Pts',(-1.4692682634144,40.3126471078707,-19.9250441636297));
#9529=CARTESIAN_POINT('Ctrl Pts',(1.41553435639707E-14,40.2399410567826,
-19.9696818127048));
#9530=CARTESIAN_POINT('Ctrl Pts',(-7.1060330792433,40.6221570921921,-17.5225532503795));
#9531=CARTESIAN_POINT('Ctrl Pts',(-6.90186749017896,40.6123597767983,-17.8040117687272));
#9532=CARTESIAN_POINT('Ctrl Pts',(-6.03920275908292,40.5773382331325,-18.4942885565526));
#9533=CARTESIAN_POINT('Ctrl Pts',(-3.6885961979148,40.490027393339,-19.593496965778));
#9534=CARTESIAN_POINT('Ctrl Pts',(-1.47309293970983,40.4089365960928,-19.9621373555497));
#9535=CARTESIAN_POINT('Ctrl Pts',(-0.000922784649403477,40.3517678036789,
-19.992475665711));
#9536=CARTESIAN_POINT('Ctrl Pts',(-7.15212643818213,40.6355088219196,-17.5490950138722));
#9537=CARTESIAN_POINT('Ctrl Pts',(-6.95321087304119,40.6330240124727,-17.8492220677975));
#9538=CARTESIAN_POINT('Ctrl Pts',(-6.09501478444806,40.6241113317832,-18.5756973091279));
#9539=CARTESIAN_POINT('Ctrl Pts',(-3.73134384623793,40.6006837080817,-19.7202219934212));
#9540=CARTESIAN_POINT('Ctrl Pts',(-1.49160319645444,40.5770652399973,-20.0941918277419));
#9541=CARTESIAN_POINT('Ctrl Pts',(-0.0059897367633059,40.5586096544234,
-20.1176352701176));
#9542=CARTESIAN_POINT('Ctrl Pts',(-7.19949021913591,40.64,-17.5763683196398));
#9543=CARTESIAN_POINT('Ctrl Pts',(-7.00668676853952,40.6400021182449,-17.8960912307343));
#9544=CARTESIAN_POINT('Ctrl Pts',(-6.15646712316491,40.6398993395939,-18.6641204406952));
#9545=CARTESIAN_POINT('Ctrl Pts',(-3.78786120790893,40.6399962311523,-19.8781077371697));
#9546=CARTESIAN_POINT('Ctrl Pts',(-1.52353750808799,40.639735053796,-20.2965350318225));
#9547=CARTESIAN_POINT('Ctrl Pts',(-0.0152006015296364,40.64,-20.3451543317709));
#9548=CARTESIAN_POINT('Ctrl Pts',(-7.22317227607619,40.64,-17.5900050683776));
#9549=CARTESIAN_POINT('Ctrl Pts',(-7.03342532712644,40.64,-17.9195262860572));
#9550=CARTESIAN_POINT('Ctrl Pts',(-6.18719549305699,40.64,-18.7082802567009));
#9551=CARTESIAN_POINT('Ctrl Pts',(-3.81614082416953,40.64,-19.9570527955248));
#9552=CARTESIAN_POINT('Ctrl Pts',(-1.53956223939742,40.64,-20.3976655703166));
#9553=CARTESIAN_POINT('Ctrl Pts',(-0.0198172459754954,40.64,-20.4591908135731));
#9554=CARTESIAN_POINT('',(6.52256026967279E-15,40.2399410567826,-19.9696818127048));
#9555=CARTESIAN_POINT('',(-0.0198172459754953,40.64,-20.4591908135731));
#9556=CARTESIAN_POINT('Origin',(-0.0198172459754956,40.14,-20.4591908135731));
#9557=CARTESIAN_POINT('Ctrl Pts',(-0.0198172459754954,40.64,-20.4591908135731));
#9558=CARTESIAN_POINT('Ctrl Pts',(-1.53956223939742,40.64,-20.3976655703166));
#9559=CARTESIAN_POINT('Ctrl Pts',(-3.81614082416953,40.64,-19.9570527955248));
#9560=CARTESIAN_POINT('Ctrl Pts',(-6.18719549305699,40.64,-18.7082802567009));
#9561=CARTESIAN_POINT('Ctrl Pts',(-7.03342532712644,40.64,-17.9195262860572));
#9562=CARTESIAN_POINT('Ctrl Pts',(-7.22317227607619,40.64,-17.5900050683776));
#9563=CARTESIAN_POINT('Ctrl Pts',(-7.08361302761884,40.6133552427688,-17.5096431973607));
#9564=CARTESIAN_POINT('Ctrl Pts',(-6.87724444855809,40.5987877756055,-17.7822234218646));
#9565=CARTESIAN_POINT('Ctrl Pts',(-6.01400515042744,40.5471439798469,-18.4567237655738));
#9566=CARTESIAN_POINT('Ctrl Pts',(-3.67355117108224,40.4218214995761,-19.5443976622986));
#9567=CARTESIAN_POINT('Ctrl Pts',(-1.4692682634144,40.3126471078707,-19.9250441636297));
#9568=CARTESIAN_POINT('Ctrl Pts',(1.41553435639707E-14,40.2399410567826,
-19.9696818127048));
#9569=CARTESIAN_POINT('Origin',(0.,40.14,0.));
#9570=CARTESIAN_POINT('Origin',(0.,40.64,0.));
#9571=CARTESIAN_POINT('Ctrl Pts',(2.01688261880491,40.14,-19.8980447406765));
#9572=CARTESIAN_POINT('Ctrl Pts',(3.40071340449994,40.0711533042709,-19.7577784835939));
#9573=CARTESIAN_POINT('Ctrl Pts',(5.67697879704812,39.9563892492903,-19.2143539429747));
#9574=CARTESIAN_POINT('Ctrl Pts',(8.16633720306134,39.8194390562292,-17.9384239898682));
#9575=CARTESIAN_POINT('Ctrl Pts',(9.45311587938326,39.740521138258,-16.9475949894284));
#9576=CARTESIAN_POINT('Ctrl Pts',(10.0933545654861,39.6967330312877,-16.2923396708237));
#9577=CARTESIAN_POINT('Ctrl Pts',(10.3599876441312,39.6758349668771,-15.9267047710585));
#9578=CARTESIAN_POINT('Ctrl Pts',(10.4530256795609,39.6666447572312,-15.7321146883174));
#9579=CARTESIAN_POINT('Ctrl Pts',(2.01688261880491,40.2147998250855,-19.8980447406765));
#9580=CARTESIAN_POINT('Ctrl Pts',(3.39966591926675,40.1524870243039,-19.7475099547345));
#9581=CARTESIAN_POINT('Ctrl Pts',(5.66874447521469,40.0457453239073,-19.1824405543059));
#9582=CARTESIAN_POINT('Ctrl Pts',(8.13023560420412,39.9049229003758,-17.879969575757));
#9583=CARTESIAN_POINT('Ctrl Pts',(9.38750401602825,39.8136415938321,-16.8778430830683));
#9584=CARTESIAN_POINT('Ctrl Pts',(10.0026756974316,39.7565205292595,-16.2256652185535));
#9585=CARTESIAN_POINT('Ctrl Pts',(10.250733378858,39.7254589518079,-15.868972575605));
#9586=CARTESIAN_POINT('Ctrl Pts',(10.3326378448899,39.7097990506036,-15.692162873067));
#9587=CARTESIAN_POINT('Ctrl Pts',(2.02032672103096,40.3643641587015,-19.932023366674));
#9588=CARTESIAN_POINT('Ctrl Pts',(3.40494280228673,40.3198815014332,-19.7667397650072));
#9589=CARTESIAN_POINT('Ctrl Pts',(5.66943828715977,40.2396625832363,-19.1670556888779));
#9590=CARTESIAN_POINT('Ctrl Pts',(8.09030382419329,40.1188749192413,-17.8115723809565));
#9591=CARTESIAN_POINT('Ctrl Pts',(9.29533641683625,40.0282302167969,-16.7778752693745));
#9592=CARTESIAN_POINT('Ctrl Pts',(9.86116383067419,39.9642995245875,-16.120555401126));
#9593=CARTESIAN_POINT('Ctrl Pts',(10.0703586229947,39.9253396261102,-15.7724045198841));
#9594=CARTESIAN_POINT('Ctrl Pts',(10.1273818360252,39.9038029142986,-15.6240467700769));
#9595=CARTESIAN_POINT('Ctrl Pts',(2.03358992804587,40.5292360791926,-20.0628747529307));
#9596=CARTESIAN_POINT('Ctrl Pts',(3.43078369552068,40.5102624591814,-19.8954397203537));
#9597=CARTESIAN_POINT('Ctrl Pts',(5.71500483927557,40.4752177779439,-19.2815429283621));
#9598=CARTESIAN_POINT('Ctrl Pts',(8.14181320699942,40.4180340188681,-17.884864539227));
#9599=CARTESIAN_POINT('Ctrl Pts',(9.33314660319485,40.371723507889,-16.8140052674631));
#9600=CARTESIAN_POINT('Ctrl Pts',(9.87897901584468,40.3370719896318,-16.1316427754838));
#9601=CARTESIAN_POINT('Ctrl Pts',(10.0699537906601,40.3149333872744,-15.7698120563742));
#9602=CARTESIAN_POINT('Ctrl Pts',(10.1136133571365,40.3022186882323,-15.6194775731448));
#9603=CARTESIAN_POINT('Ctrl Pts',(2.05033727432605,40.6208902693477,-20.2280997603076));
#9604=CARTESIAN_POINT('Ctrl Pts',(3.46463572985447,40.6175094692199,-20.0699407910979));
#9605=CARTESIAN_POINT('Ctrl Pts',(5.78183052151104,40.6110315516031,-19.4655497346982));
#9606=CARTESIAN_POINT('Ctrl Pts',(8.25677368190048,40.6002606902135,-18.0602424013971));
#9607=CARTESIAN_POINT('Ctrl Pts',(9.48340688654111,40.5912413024133,-16.9704352245959));
#9608=CARTESIAN_POINT('Ctrl Pts',(10.055683867434,40.5843949153232,-16.2600739227823));
#9609=CARTESIAN_POINT('Ctrl Pts',(10.265774171287,40.5799332999386,-15.8717805666952));
#9610=CARTESIAN_POINT('Ctrl Pts',(10.32036087452,40.5773536111526,-15.6880886470175));
#9611=CARTESIAN_POINT('Ctrl Pts',(2.06164734175862,40.64,-20.3396819742129));
#9612=CARTESIAN_POINT('Ctrl Pts',(3.48773105107971,40.6400125928544,-20.1901749130049));
#9613=CARTESIAN_POINT('Ctrl Pts',(5.82918610153537,40.6399996029245,-19.597929793463));
#9614=CARTESIAN_POINT('Ctrl Pts',(8.34529366140481,40.6400276242438,-18.196097534129));
#9615=CARTESIAN_POINT('Ctrl Pts',(9.60746082503683,40.6400288267144,-17.0999832445061));
#9616=CARTESIAN_POINT('Ctrl Pts',(10.2092724111884,40.6400228012211,-16.3719373776778));
#9617=CARTESIAN_POINT('Ctrl Pts',(10.442016995428,40.6400105061017,-15.9641132194262));
#9618=CARTESIAN_POINT('Ctrl Pts',(10.5104985716343,40.64,-15.7511875985687));
#9619=CARTESIAN_POINT('Ctrl Pts',(2.06730468427504,40.64,-20.3954958591934));
#9620=CARTESIAN_POINT('Ctrl Pts',(3.49929262383655,40.64,-20.2503483523262));
#9621=CARTESIAN_POINT('Ctrl Pts',(5.85261038639112,40.64,-19.6641428913572));
#9622=CARTESIAN_POINT('Ctrl Pts',(8.38932316252369,40.64,-18.2641845470601));
#9623=CARTESIAN_POINT('Ctrl Pts',(9.66931917691109,40.64,-17.1650085610442));
#9624=CARTESIAN_POINT('Ctrl Pts',(10.2861014570247,40.64,-16.428142692776));
#9625=CARTESIAN_POINT('Ctrl Pts',(10.5303148634737,40.64,-16.010515893653));
#9626=CARTESIAN_POINT('Ctrl Pts',(10.6058718429592,40.64,-15.7828380998524));
#9627=CARTESIAN_POINT('',(10.4530256795609,39.6666447572312,-15.7321146883174));
#9628=CARTESIAN_POINT('',(10.6058718429592,40.64,-15.7828380998524));
#9629=CARTESIAN_POINT('Origin',(10.6058718429592,40.14,-15.7828380998524));
#9630=CARTESIAN_POINT('',(2.06730468427504,40.64,-20.3954958591934));
#9631=CARTESIAN_POINT('Ctrl Pts',(10.6058718429592,40.64,-15.7828380998524));
#9632=CARTESIAN_POINT('Ctrl Pts',(10.5303148634737,40.64,-16.010515893653));
#9633=CARTESIAN_POINT('Ctrl Pts',(10.2861014570247,40.64,-16.428142692776));
#9634=CARTESIAN_POINT('Ctrl Pts',(9.66931917691109,40.64,-17.1650085610442));
#9635=CARTESIAN_POINT('Ctrl Pts',(8.38932316252369,40.64,-18.2641845470601));
#9636=CARTESIAN_POINT('Ctrl Pts',(5.85261038639112,40.64,-19.6641428913572));
#9637=CARTESIAN_POINT('Ctrl Pts',(3.49929262383655,40.64,-20.2503483523262));
#9638=CARTESIAN_POINT('Ctrl Pts',(2.06730468427504,40.64,-20.3954958591934));
#9639=CARTESIAN_POINT('',(2.01688261880491,40.14,-19.8980447406765));
#9640=CARTESIAN_POINT('Origin',(2.06730468427504,40.14,-20.3954958591934));
#9641=CARTESIAN_POINT('Ctrl Pts',(2.01688261880491,40.14,-19.8980447406765));
#9642=CARTESIAN_POINT('Ctrl Pts',(3.40071340449994,40.0711533042709,-19.7577784835939));
#9643=CARTESIAN_POINT('Ctrl Pts',(5.67697879704812,39.9563892492903,-19.2143539429747));
#9644=CARTESIAN_POINT('Ctrl Pts',(8.16633720306134,39.8194390562292,-17.9384239898682));
#9645=CARTESIAN_POINT('Ctrl Pts',(9.45311587938326,39.740521138258,-16.9475949894284));
#9646=CARTESIAN_POINT('Ctrl Pts',(10.0933545654861,39.6967330312877,-16.2923396708237));
#9647=CARTESIAN_POINT('Ctrl Pts',(10.3599876441312,39.6758349668771,-15.9267047710585));
#9648=CARTESIAN_POINT('Ctrl Pts',(10.4530256795609,39.6666447572312,-15.7321146883174));
#9649=CARTESIAN_POINT('Ctrl Pts',(10.453025679561,39.6666447572312,-15.7321146883174));
#9650=CARTESIAN_POINT('Ctrl Pts',(10.6692274025701,39.6670655334986,-15.0767017433249));
#9651=CARTESIAN_POINT('Ctrl Pts',(10.8462017815129,39.6675353718809,-14.4085513194929));
#9652=CARTESIAN_POINT('Ctrl Pts',(10.9798864624866,39.6680749064964,-13.7320991228224));
#9653=CARTESIAN_POINT('Ctrl Pts',(10.3326378448899,39.7097990506036,-15.6921628730669));
#9654=CARTESIAN_POINT('Ctrl Pts',(10.5474709815875,39.7105160434721,-15.0415958983419));
#9655=CARTESIAN_POINT('Ctrl Pts',(10.7233485533402,39.7112957645922,-14.3785361114533));
#9656=CARTESIAN_POINT('Ctrl Pts',(10.8562667882884,39.7122017205569,-13.7073813725862));
#9657=CARTESIAN_POINT('Ctrl Pts',(10.1273815667115,39.9038026086086,-15.6240466807026));
#9658=CARTESIAN_POINT('Ctrl Pts',(10.3401431175262,39.9047886728613,-14.981852154281));
#9659=CARTESIAN_POINT('Ctrl Pts',(10.5144375992516,39.9058788918263,-14.3274877807249));
#9660=CARTESIAN_POINT('Ctrl Pts',(10.6463947639331,39.9071131916543,-13.6654174674615));
#9661=CARTESIAN_POINT('Ctrl Pts',(10.1136131985179,40.3022186676173,-15.6194775205057));
#9662=CARTESIAN_POINT('Ctrl Pts',(10.32677160669,40.3028008135975,-14.9780213670061));
#9663=CARTESIAN_POINT('Ctrl Pts',(10.5015746184233,40.3034390036349,-14.3243762741369));
#9664=CARTESIAN_POINT('Ctrl Pts',(10.6341697254755,40.3041651430369,-13.6629730713799));
#9665=CARTESIAN_POINT('Ctrl Pts',(10.320360707827,40.5773536619493,-15.6880885916989));
#9666=CARTESIAN_POINT('Ctrl Pts',(10.5362536201134,40.5774717737073,-15.0384121930739));
#9667=CARTESIAN_POINT('Ctrl Pts',(10.7133803224834,40.577607173608,-14.3761717314249));
#9668=CARTESIAN_POINT('Ctrl Pts',(10.847796654519,40.5777543356829,-13.705687769587));
#9669=CARTESIAN_POINT('Ctrl Pts',(10.5104985716344,40.64,-15.7511875985686));
#9670=CARTESIAN_POINT('Ctrl Pts',(10.7287155664155,40.6400004810247,-15.0939294359772));
#9671=CARTESIAN_POINT('Ctrl Pts',(10.9077872177685,40.6399994198336,-14.4236595337204));
#9672=CARTESIAN_POINT('Ctrl Pts',(11.0436367127836,40.64,-13.7448459835027));
#9673=CARTESIAN_POINT('Ctrl Pts',(10.6058718429592,40.64,-15.7828380998524));
#9674=CARTESIAN_POINT('Ctrl Pts',(10.825260570461,40.64,-15.1217483924233));
#9675=CARTESIAN_POINT('Ctrl Pts',(11.0052967812743,40.64,-14.4475095203176));
#9676=CARTESIAN_POINT('Ctrl Pts',(11.1418670854899,40.64,-13.764487143649));
#9677=CARTESIAN_POINT('',(10.9798864624866,39.6680749064964,-13.7320991228224));
#9678=CARTESIAN_POINT('',(11.1418670854899,40.64,-13.764487143649));
#9679=CARTESIAN_POINT('Origin',(11.1418670854899,40.14,-13.764487143649));
#9680=CARTESIAN_POINT('Ctrl Pts',(11.1418670854899,40.64,-13.764487143649));
#9681=CARTESIAN_POINT('Ctrl Pts',(11.0052967812743,40.64,-14.4475095203176));
#9682=CARTESIAN_POINT('Ctrl Pts',(10.825260570461,40.64,-15.1217483924233));
#9683=CARTESIAN_POINT('Ctrl Pts',(10.6058718429592,40.64,-15.7828380998524));
#9684=CARTESIAN_POINT('Ctrl Pts',(10.453025679561,39.6666447572312,-15.7321146883174));
#9685=CARTESIAN_POINT('Ctrl Pts',(10.6692274025701,39.6670655334986,-15.0767017433249));
#9686=CARTESIAN_POINT('Ctrl Pts',(10.8462017815129,39.6675353718809,-14.4085513194929));
#9687=CARTESIAN_POINT('Ctrl Pts',(10.9798864624866,39.6680749064964,-13.7320991228224));
#9688=CARTESIAN_POINT('Ctrl Pts',(10.9798864624866,39.6680749064964,-13.7320991228224));
#9689=CARTESIAN_POINT('Ctrl Pts',(10.9879562533216,39.6761681310944,-13.5738138867599));
#9690=CARTESIAN_POINT('Ctrl Pts',(11.054034969545,39.6945650846329,-13.2784940964798));
#9691=CARTESIAN_POINT('Ctrl Pts',(11.2573955479877,39.7344126408783,-12.7357082810996));
#9692=CARTESIAN_POINT('Ctrl Pts',(11.5747022698406,39.7875941808386,-12.1070522377274));
#9693=CARTESIAN_POINT('Ctrl Pts',(12.4053942165697,39.9212342475854,-10.6718380102664));
#9694=CARTESIAN_POINT('Ctrl Pts',(13.1428551232344,40.0427860424709,-9.53329188984273));
#9695=CARTESIAN_POINT('Ctrl Pts',(13.7200405898182,40.14,-8.61397040938389));
#9696=CARTESIAN_POINT('Ctrl Pts',(10.8562667882884,39.7122017205569,-13.7073813725861));
#9697=CARTESIAN_POINT('Ctrl Pts',(10.8715338563359,39.7257914048658,-13.5350653359634));
#9698=CARTESIAN_POINT('Ctrl Pts',(10.9512168501044,39.7533634734985,-13.2309773194685));
#9699=CARTESIAN_POINT('Ctrl Pts',(11.1738629411589,39.8060122999332,-12.6855931338169));
#9700=CARTESIAN_POINT('Ctrl Pts',(11.5089218650207,39.8685907653474,-12.063890034089));
#9701=CARTESIAN_POINT('Ctrl Pts',(12.3731635446774,40.0129289851509,-10.6485408756602));
#9702=CARTESIAN_POINT('Ctrl Pts',(13.130512228173,40.1268119571922,-9.52554097039727));
#9703=CARTESIAN_POINT('Ctrl Pts',(13.7200405898182,40.2147998250855,-8.61397040938389));
#9704=CARTESIAN_POINT('Ctrl Pts',(10.6463937057844,39.9071120512622,-13.6654172558847));
#9705=CARTESIAN_POINT('Ctrl Pts',(10.6790602185749,39.9256270184998,-13.4702519352829));
#9706=CARTESIAN_POINT('Ctrl Pts',(10.7894654686933,39.9604099380245,-13.1556212453451));
#9707=CARTESIAN_POINT('Ctrl Pts',(11.0541113166285,40.0200218745807,-12.6128781501992));
#9708=CARTESIAN_POINT('Ctrl Pts',(11.4253558695496,40.0833076182048,-12.0087319217811));
#9709=CARTESIAN_POINT('Ctrl Pts',(12.3535894657754,40.2149382836831,-10.6332706612436));
#9710=CARTESIAN_POINT('Ctrl Pts',(13.141755439496,40.3015531902677,-9.53338658101756));
#9711=CARTESIAN_POINT('Ctrl Pts',(13.7489648729316,40.3643642679624,-8.63213018939474));
#9712=CARTESIAN_POINT('Ctrl Pts',(10.6341691057027,40.3041650706944,-13.6629729474563));
#9713=CARTESIAN_POINT('Ctrl Pts',(10.6782555014714,40.3150574381174,-13.4685597003372));
#9714=CARTESIAN_POINT('Ctrl Pts',(10.8068712328364,40.3348780977672,-13.1625459808775));
#9715=CARTESIAN_POINT('Ctrl Pts',(11.0963717456705,40.3673605991131,-12.6365744451489));
#9716=CARTESIAN_POINT('Ctrl Pts',(11.4883002279408,40.400009682648,-12.0495222797526));
#9717=CARTESIAN_POINT('Ctrl Pts',(12.4510811467595,40.4645488432887,-10.7009637344219));
#9718=CARTESIAN_POINT('Ctrl Pts',(13.2507384058881,40.5024447599102,-9.6048352556449));
#9719=CARTESIAN_POINT('Ctrl Pts',(13.8603529620223,40.5292361791701,-8.7020639258953));
#9720=CARTESIAN_POINT('Ctrl Pts',(10.8477960028148,40.5777545324304,-13.7056876392787));
#9721=CARTESIAN_POINT('Ctrl Pts',(10.8868083112499,40.5799620195693,-13.5370658513231));
#9722=CARTESIAN_POINT('Ctrl Pts',(11.0050262456149,40.5839555676794,-13.2533147674166));
#9723=CARTESIAN_POINT('Ctrl Pts',(11.2822409446901,40.5903824873526,-12.7468395840329));
#9724=CARTESIAN_POINT('Ctrl Pts',(11.6649586517226,40.5967523384386,-12.1650350658123));
#9725=CARTESIAN_POINT('Ctrl Pts',(12.6127356536804,40.609030985386,-10.8150498287558));
#9726=CARTESIAN_POINT('Ctrl Pts',(13.4027654859508,40.6161166083643,-9.70410505838758));
#9727=CARTESIAN_POINT('Ctrl Pts',(14.0010016582246,40.6208904171368,-8.79036859957859));
#9728=CARTESIAN_POINT('Ctrl Pts',(11.0436367127836,40.64,-13.7448459835026));
#9729=CARTESIAN_POINT('Ctrl Pts',(11.0745962614337,40.6400087027168,-13.5990679185785));
#9730=CARTESIAN_POINT('Ctrl Pts',(11.1779699390626,40.6400208255601,-13.3326191389987));
#9731=CARTESIAN_POINT('Ctrl Pts',(11.4368641496981,40.640028422742,-12.8386392469615));
#9732=CARTESIAN_POINT('Ctrl Pts',(11.8053677775044,40.6400292954544,-12.256620432501));
#9733=CARTESIAN_POINT('Ctrl Pts',(12.7302287856471,40.6400041158052,-10.897959654792));
#9734=CARTESIAN_POINT('Ctrl Pts',(13.508304415988,40.6400177815537,-9.77294522942643));
#9735=CARTESIAN_POINT('Ctrl Pts',(14.0959867514044,40.64,-8.8500039028874));
#9736=CARTESIAN_POINT('Ctrl Pts',(11.1418670854899,40.64,-13.764487143649));
#9737=CARTESIAN_POINT('Ctrl Pts',(11.1687097551399,40.64,-13.6302402140125));
#9738=CARTESIAN_POINT('Ctrl Pts',(11.264541191747,40.64,-13.3724911785028));
#9739=CARTESIAN_POINT('Ctrl Pts',(11.5140962005343,40.64,-12.8847479505539));
#9740=CARTESIAN_POINT('Ctrl Pts',(11.8754272433265,40.64,-12.3025613035841));
#9741=CARTESIAN_POINT('Ctrl Pts',(12.7886377934684,40.64,-10.9394246114805));
#9742=CARTESIAN_POINT('Ctrl Pts',(13.5611337193261,40.64,-9.80740482169083));
#9743=CARTESIAN_POINT('Ctrl Pts',(14.1434986327138,40.64,-8.87983369362413));
#9744=CARTESIAN_POINT('',(13.7153159850098,40.14,-8.61214497146531));
#9745=CARTESIAN_POINT('',(14.1434986327138,40.64,-8.87983369362413));
#9746=CARTESIAN_POINT('Origin',(14.1434986327138,40.14,-8.87983369362413));
#9747=CARTESIAN_POINT('Ctrl Pts',(14.1434986327138,40.64,-8.87983369362413));
#9748=CARTESIAN_POINT('Ctrl Pts',(13.5611337193261,40.64,-9.80740482169083));
#9749=CARTESIAN_POINT('Ctrl Pts',(12.7886377934684,40.64,-10.9394246114805));
#9750=CARTESIAN_POINT('Ctrl Pts',(11.8754272433265,40.64,-12.3025613035841));
#9751=CARTESIAN_POINT('Ctrl Pts',(11.5140962005343,40.64,-12.8847479505539));
#9752=CARTESIAN_POINT('Ctrl Pts',(11.264541191747,40.64,-13.3724911785028));
#9753=CARTESIAN_POINT('Ctrl Pts',(11.1687097551399,40.64,-13.6302402140125));
#9754=CARTESIAN_POINT('Ctrl Pts',(11.1418670854899,40.64,-13.764487143649));
#9755=CARTESIAN_POINT('Ctrl Pts',(10.9798864624866,39.6680749064964,-13.7320991228224));
#9756=CARTESIAN_POINT('Ctrl Pts',(10.9879562533216,39.6761681310944,-13.5738138867599));
#9757=CARTESIAN_POINT('Ctrl Pts',(11.054034969545,39.6945650846329,-13.2784940964798));
#9758=CARTESIAN_POINT('Ctrl Pts',(11.2573955479877,39.7344126408783,-12.7357082810996));
#9759=CARTESIAN_POINT('Ctrl Pts',(11.5747022698406,39.7875941808386,-12.1070522377274));
#9760=CARTESIAN_POINT('Ctrl Pts',(12.4053942165697,39.9212342475854,-10.6718380102664));
#9761=CARTESIAN_POINT('Ctrl Pts',(13.1428551232344,40.0427860424709,-9.53329188984273));
#9762=CARTESIAN_POINT('Ctrl Pts',(13.7200405898182,40.14,-8.61397040938389));
#9763=CARTESIAN_POINT('Origin',(0.,40.14,0.));
#9764=CARTESIAN_POINT('',(4.15301601541496,40.14,15.6567325233266));
#9765=CARTESIAN_POINT('',(4.28152724806152,40.64,16.1418253126499));
#9766=CARTESIAN_POINT('Origin',(4.28152724806152,40.14,16.1418253126499));
#9767=CARTESIAN_POINT('Origin',(0.,40.64,0.));
#9768=CARTESIAN_POINT('Origin',(0.,40.14,0.));
#9769=CARTESIAN_POINT('Ctrl Pts',(4.15333780949681,40.14,15.6585371296365));
#9770=CARTESIAN_POINT('Ctrl Pts',(3.36429907594803,40.2131078056152,15.8678251607006));
#9771=CARTESIAN_POINT('Ctrl Pts',(2.04421502572342,40.3351881425726,16.2109141011793));
#9772=CARTESIAN_POINT('Ctrl Pts',(0.459584989242893,40.4716788233638,16.6500125018982));
#9773=CARTESIAN_POINT('Ctrl Pts',(-0.590513827129874,40.5561355190838,17.0408947758199));
#9774=CARTESIAN_POINT('Ctrl Pts',(-1.11356792195266,40.5956948345092,17.3097353020416));
#9775=CARTESIAN_POINT('Ctrl Pts',(-1.34197535067068,40.6119250935036,17.5307602575105));
#9776=CARTESIAN_POINT('Ctrl Pts',(4.15333780949681,40.2708996938996,15.6585371296365));
#9777=CARTESIAN_POINT('Ctrl Pts',(3.36933184842988,40.3318569919076,15.8867391621544));
#9778=CARTESIAN_POINT('Ctrl Pts',(2.05351112294481,40.426696009983,16.2522513128924));
#9779=CARTESIAN_POINT('Ctrl Pts',(0.470540879561719,40.5248357357899,16.6980931717418));
#9780=CARTESIAN_POINT('Ctrl Pts',(-0.577860068399637,40.5834206039518,17.0813758322753));
#9781=CARTESIAN_POINT('Ctrl Pts',(-1.09934564059508,40.6102739782776,17.3405161502107));
#9782=CARTESIAN_POINT('Ctrl Pts',(-1.32653267358859,40.6211948182745,17.5522745291085));
#9783=CARTESIAN_POINT('Ctrl Pts',(4.18113822967198,40.53156509114,15.7633477497929));
#9784=CARTESIAN_POINT('Ctrl Pts',(3.39973757478586,40.552947476566,16.0076539239234));
#9785=CARTESIAN_POINT('Ctrl Pts',(2.08300460315717,40.5825448070532,16.3852476688303));
#9786=CARTESIAN_POINT('Ctrl Pts',(0.497422184931281,40.610115506167,16.8146707240145));
#9787=CARTESIAN_POINT('Ctrl Pts',(-0.550139865182998,40.6256447699288,17.169132313924));
#9788=CARTESIAN_POINT('Ctrl Pts',(-1.06950514695375,40.6324929627456,17.4046711442032));
#9789=CARTESIAN_POINT('Ctrl Pts',(-1.29473534968344,40.6352648839935,17.5965736010213));
#9790=CARTESIAN_POINT('Ctrl Pts',(4.24796733152296,40.64,16.0153007622065));
#9791=CARTESIAN_POINT('Ctrl Pts',(3.4568597167075,40.639602747077,16.237867312432));
#9792=CARTESIAN_POINT('Ctrl Pts',(2.12541131219658,40.639860415897,16.5773636447579));
#9793=CARTESIAN_POINT('Ctrl Pts',(0.529974815186327,40.6398219522587,16.9543622415279));
#9794=CARTESIAN_POINT('Ctrl Pts',(-0.519785334441387,40.6399081109261,17.2644176902706));
#9795=CARTESIAN_POINT('Ctrl Pts',(-1.03824292890777,40.6400024908588,17.4714633713865));
#9796=CARTESIAN_POINT('Ctrl Pts',(-1.26201287401434,40.64,17.6421615664474));
#9797=CARTESIAN_POINT('Ctrl Pts',(4.28152724806152,40.64,16.14182531265));
#9798=CARTESIAN_POINT('Ctrl Pts',(3.4854079756163,40.64,16.3529914163378));
#9799=CARTESIAN_POINT('Ctrl Pts',(2.14659886882526,40.64,16.6733904458718));
#9800=CARTESIAN_POINT('Ctrl Pts',(0.546224948011235,40.64,17.0241106493968));
#9801=CARTESIAN_POINT('Ctrl Pts',(-0.504620769516277,40.64,17.3120097857244));
#9802=CARTESIAN_POINT('Ctrl Pts',(-1.02261138204626,40.64,17.504860291187));
#9803=CARTESIAN_POINT('Ctrl Pts',(-1.24565150936699,40.64,17.6649557258323));
#9804=CARTESIAN_POINT('',(-1.34197535067071,40.6119250935036,17.5307602575105));
#9805=CARTESIAN_POINT('',(-1.24565150936699,40.64,17.6649557258323));
#9806=CARTESIAN_POINT('Origin',(-1.24565150936699,40.14,17.6649557258323));
#9807=CARTESIAN_POINT('Ctrl Pts',(-1.24565150936699,40.64,17.6649557258323));
#9808=CARTESIAN_POINT('Ctrl Pts',(-1.02261138204626,40.64,17.504860291187));
#9809=CARTESIAN_POINT('Ctrl Pts',(-0.504620769516277,40.64,17.3120097857244));
#9810=CARTESIAN_POINT('Ctrl Pts',(0.546224948011235,40.64,17.0241106493968));
#9811=CARTESIAN_POINT('Ctrl Pts',(2.14659886882526,40.64,16.6733904458718));
#9812=CARTESIAN_POINT('Ctrl Pts',(3.4854079756163,40.64,16.3529914163378));
#9813=CARTESIAN_POINT('Ctrl Pts',(4.28152724806152,40.64,16.14182531265));
#9814=CARTESIAN_POINT('Ctrl Pts',(4.15333780949681,40.14,15.6585371296365));
#9815=CARTESIAN_POINT('Ctrl Pts',(3.36429907594803,40.2131078056152,15.8678251607006));
#9816=CARTESIAN_POINT('Ctrl Pts',(2.04421502572342,40.3351881425726,16.2109141011793));
#9817=CARTESIAN_POINT('Ctrl Pts',(0.459584989242893,40.4716788233638,16.6500125018982));
#9818=CARTESIAN_POINT('Ctrl Pts',(-0.590513827129874,40.5561355190838,17.0408947758199));
#9819=CARTESIAN_POINT('Ctrl Pts',(-1.11356792195266,40.5956948345092,17.3097353020416));
#9820=CARTESIAN_POINT('Ctrl Pts',(-1.34197535067068,40.6119250935036,17.5307602575105));
#9821=CARTESIAN_POINT('Ctrl Pts',(-1.34197535067075,40.6119250935036,17.5307602575105));
#9822=CARTESIAN_POINT('Ctrl Pts',(-1.90124391406273,40.612464628119,17.9340936706802));
#9823=CARTESIAN_POINT('Ctrl Pts',(-2.48649677794274,40.6129344665015,18.3018218382836));
#9824=CARTESIAN_POINT('Ctrl Pts',(-3.09173759448479,40.6133552427688,18.6334735642816));
#9825=CARTESIAN_POINT('Ctrl Pts',(-1.31108999650656,40.6304645430454,17.5737888007065));
#9826=CARTESIAN_POINT('Ctrl Pts',(-1.87244821127569,40.6306505157354,17.9780644378777));
#9827=CARTESIAN_POINT('Ctrl Pts',(-2.45973522099226,40.6308141518402,18.3465808916595));
#9828=CARTESIAN_POINT('Ctrl Pts',(-3.06695402013262,40.6309589416154,18.6788947837445));
#9829=CARTESIAN_POINT('Ctrl Pts',(-1.27837423866177,40.64,17.6193674070626));
#9830=CARTESIAN_POINT('Ctrl Pts',(-1.84198338827879,40.6399992698727,18.0245893046656));
#9831=CARTESIAN_POINT('Ctrl Pts',(-2.43144936110852,40.6400005401109,18.3938927435525));
#9832=CARTESIAN_POINT('Ctrl Pts',(-3.04078041983228,40.64,18.7268635241078));
#9833=CARTESIAN_POINT('Ctrl Pts',(-1.24565150936706,40.64,17.6649557258323));
#9834=CARTESIAN_POINT('Ctrl Pts',(-1.81151245001143,40.64,18.0711236846182));
#9835=CARTESIAN_POINT('Ctrl Pts',(-2.40315783613574,40.64,18.4412139860377));
#9836=CARTESIAN_POINT('Ctrl Pts',(-3.01460179951405,40.64,18.7748414647313));
#9837=CARTESIAN_POINT('',(-3.09173759448481,40.6133552427688,18.6334735642816));
#9838=CARTESIAN_POINT('',(-3.01460179951405,40.64,18.7748414647313));
#9839=CARTESIAN_POINT('Origin',(-3.01460179951405,40.14,18.7748414647313));
#9840=CARTESIAN_POINT('Ctrl Pts',(-3.01460179951405,40.64,18.7748414647313));
#9841=CARTESIAN_POINT('Ctrl Pts',(-2.40315783613574,40.64,18.4412139860377));
#9842=CARTESIAN_POINT('Ctrl Pts',(-1.81151245001143,40.64,18.0711236846182));
#9843=CARTESIAN_POINT('Ctrl Pts',(-1.24565150936706,40.64,17.6649557258323));
#9844=CARTESIAN_POINT('Ctrl Pts',(-1.34197535067075,40.6119250935036,17.5307602575105));
#9845=CARTESIAN_POINT('Ctrl Pts',(-1.90124391406273,40.612464628119,17.9340936706802));
#9846=CARTESIAN_POINT('Ctrl Pts',(-2.48649677794274,40.6129344665015,18.3018218382836));
#9847=CARTESIAN_POINT('Ctrl Pts',(-3.09173759448479,40.6133552427688,18.6334735642816));
#9848=CARTESIAN_POINT('Ctrl Pts',(-3.0917375944848,40.6133552427688,18.6334735642816));
#9849=CARTESIAN_POINT('Ctrl Pts',(-3.38919985599109,40.5997399659596,18.7501911876123));
#9850=CARTESIAN_POINT('Ctrl Pts',(-4.40239676724369,40.5517240236674,18.8783840353941));
#9851=CARTESIAN_POINT('Ctrl Pts',(-6.80119037646349,40.4347670529174,18.6408852219804));
#9852=CARTESIAN_POINT('Ctrl Pts',(-8.76079660575043,40.3328123162627,17.919926645451));
#9853=CARTESIAN_POINT('Ctrl Pts',(-9.97616949171186,40.2648847147484,17.2792324245629));
#9854=CARTESIAN_POINT('Ctrl Pts',(-3.07934580730871,40.6221570921921,18.656184174013));
#9855=CARTESIAN_POINT('Ctrl Pts',(-3.37938061664452,40.6130001157198,18.78105519149));
#9856=CARTESIAN_POINT('Ctrl Pts',(-4.3998322317335,40.5804548227399,18.9226773720308));
#9857=CARTESIAN_POINT('Ctrl Pts',(-6.81264983465497,40.4991781750093,18.6909970131094));
#9858=CARTESIAN_POINT('Ctrl Pts',(-8.77648061091777,40.4239871814812,17.9564697243842));
#9859=CARTESIAN_POINT('Ctrl Pts',(-9.98865515825201,40.3712654988257,17.3036676994062));
#9860=CARTESIAN_POINT('Ctrl Pts',(-3.05386949799982,40.6355082164782,18.7028749789703));
#9861=CARTESIAN_POINT('Ctrl Pts',(-3.35882107650357,40.6331858838725,18.8451914750686));
#9862=CARTESIAN_POINT('Ctrl Pts',(-4.39339318451056,40.6248803297855,19.0189042079149));
#9863=CARTESIAN_POINT('Ctrl Pts',(-6.83880061094987,40.6031626163038,18.8195652622638));
#9864=CARTESIAN_POINT('Ctrl Pts',(-8.82556654518677,40.5813765349271,18.0803450666832));
#9865=CARTESIAN_POINT('Ctrl Pts',(-10.046747197468,40.5646849711729,17.4173576606018));
#9866=CARTESIAN_POINT('Ctrl Pts',(-3.02769110967317,40.64,18.7508524944195));
#9867=CARTESIAN_POINT('Ctrl Pts',(-3.33732421527635,40.6400019282599,18.911774285428));
#9868=CARTESIAN_POINT('Ctrl Pts',(-4.38576471661293,40.6399143071497,19.1233653631591));
#9869=CARTESIAN_POINT('Ctrl Pts',(-6.8684809933798,40.6399943637179,18.9788807972027));
#9870=CARTESIAN_POINT('Ctrl Pts',(-8.89558850724313,40.6397783977169,18.2648794268973));
#9871=CARTESIAN_POINT('Ctrl Pts',(-10.1464753572622,40.64,17.6125322623225));
#9872=CARTESIAN_POINT('Ctrl Pts',(-3.01460179951406,40.64,18.7748414647313));
#9873=CARTESIAN_POINT('Ctrl Pts',(-3.32657550928813,40.64,18.9450663887547));
#9874=CARTESIAN_POINT('Ctrl Pts',(-4.3819338675311,40.64,19.1755713175893));
#9875=CARTESIAN_POINT('Ctrl Pts',(-6.88331149880587,40.64,19.0585575960607));
#9876=CARTESIAN_POINT('Ctrl Pts',(-8.93057451209397,40.64,18.3571938673813));
#9877=CARTESIAN_POINT('Ctrl Pts',(-10.1964641271661,40.64,17.7103635897694));
#9878=CARTESIAN_POINT('',(-9.97616949171172,40.2648847147484,17.279232424563));
#9879=CARTESIAN_POINT('',(-10.1964641271661,40.64,17.7103635897694));
#9880=CARTESIAN_POINT('Origin',(-10.1964641271661,40.14,17.7103635897694));
#9881=CARTESIAN_POINT('Ctrl Pts',(-10.1964641271661,40.64,17.7103635897694));
#9882=CARTESIAN_POINT('Ctrl Pts',(-8.93057451209397,40.64,18.3571938673813));
#9883=CARTESIAN_POINT('Ctrl Pts',(-6.88331149880587,40.64,19.0585575960607));
#9884=CARTESIAN_POINT('Ctrl Pts',(-4.3819338675311,40.64,19.1755713175893));
#9885=CARTESIAN_POINT('Ctrl Pts',(-3.32657550928813,40.64,18.9450663887547));
#9886=CARTESIAN_POINT('Ctrl Pts',(-3.01460179951406,40.64,18.7748414647313));
#9887=CARTESIAN_POINT('Ctrl Pts',(-3.0917375944848,40.6133552427688,18.6334735642816));
#9888=CARTESIAN_POINT('Ctrl Pts',(-3.38919985599109,40.5997399659596,18.7501911876123));
#9889=CARTESIAN_POINT('Ctrl Pts',(-4.40239676724369,40.5517240236674,18.8783840353941));
#9890=CARTESIAN_POINT('Ctrl Pts',(-6.80119037646349,40.4347670529174,18.6408852219804));
#9891=CARTESIAN_POINT('Ctrl Pts',(-8.76079660575043,40.3328123162627,17.919926645451));
#9892=CARTESIAN_POINT('Ctrl Pts',(-9.97616949171186,40.2648847147484,17.2792324245629));
#9893=CARTESIAN_POINT('Ctrl Pts',(1.0547118733939E-14,40.2399410567826,
-19.9696818127048));
#9894=CARTESIAN_POINT('Ctrl Pts',(0.672923030956211,40.2066417761235,-19.9901258002722));
#9895=CARTESIAN_POINT('Ctrl Pts',(1.3471296416954,40.1733207498383,-19.9659314680424));
#9896=CARTESIAN_POINT('Ctrl Pts',(2.0168826188049,40.14,-19.8980447406765));
#9897=CARTESIAN_POINT('Ctrl Pts',(-0.00092278464940717,40.3517678036789,
-19.992475665711));
#9898=CARTESIAN_POINT('Ctrl Pts',(0.673329309059026,40.3255845681015,-20.0063705739018));
#9899=CARTESIAN_POINT('Ctrl Pts',(1.34807824679441,40.2986825395294,-19.974801519362));
#9900=CARTESIAN_POINT('Ctrl Pts',(2.0168826188049,40.2708996938996,-19.8980447406765));
#9901=CARTESIAN_POINT('Ctrl Pts',(-0.00598966208436328,40.5586119152303,
-20.1176334254609));
#9902=CARTESIAN_POINT('Ctrl Pts',(0.674419448367318,40.5501592800706,-20.1283704928109));
#9903=CARTESIAN_POINT('Ctrl Pts',(1.35463545042066,40.5413075910381,-20.0905673698758));
#9904=CARTESIAN_POINT('Ctrl Pts',(2.02781795238672,40.5315620226992,-20.0059299268724));
#9905=CARTESIAN_POINT('Ctrl Pts',(-0.0152006015296402,40.64,-20.3451543317709));
#9906=CARTESIAN_POINT('Ctrl Pts',(0.675615819227736,40.6401213450308,-20.367421910469));
#9907=CARTESIAN_POINT('Ctrl Pts',(1.3677225423167,40.6398189418331,-20.3404724142799));
#9908=CARTESIAN_POINT('Ctrl Pts',(2.05410421840338,40.64,-20.2652634609057));
#9909=CARTESIAN_POINT('Ctrl Pts',(-0.0198172459754993,40.64,-20.4591908135731));
#9910=CARTESIAN_POINT('Ctrl Pts',(0.676224064327784,40.64,-20.4873692981994));
#9911=CARTESIAN_POINT('Ctrl Pts',(1.37424437977794,40.64,-20.4657450369463));
#9912=CARTESIAN_POINT('Ctrl Pts',(2.06730468427503,40.64,-20.3954958591934));
#9913=CARTESIAN_POINT('Ctrl Pts',(2.06730468427503,40.64,-20.3954958591934));
#9914=CARTESIAN_POINT('Ctrl Pts',(1.37424437977794,40.64,-20.4657450369463));
#9915=CARTESIAN_POINT('Ctrl Pts',(0.676224064327784,40.64,-20.4873692981994));
#9916=CARTESIAN_POINT('Ctrl Pts',(-0.0198172459754993,40.64,-20.4591908135731));
#9917=CARTESIAN_POINT('Ctrl Pts',(1.0547118733939E-14,40.2399410567826,
-19.9696818127048));
#9918=CARTESIAN_POINT('Ctrl Pts',(0.672923030956211,40.2066417761235,-19.9901258002722));
#9919=CARTESIAN_POINT('Ctrl Pts',(1.3471296416954,40.1733207498383,-19.9659314680424));
#9920=CARTESIAN_POINT('Ctrl Pts',(2.0168826188049,40.14,-19.8980447406765));
#9921=CARTESIAN_POINT('Ctrl Pts',(-9.97616949171179,40.2648847147483,17.2792324245629));
#9922=CARTESIAN_POINT('Ctrl Pts',(-10.7204737060825,40.2232853005577,16.8868660864306));
#9923=CARTESIAN_POINT('Ctrl Pts',(-11.4318195865163,40.18164221611,16.4323246843733));
#9924=CARTESIAN_POINT('Ctrl Pts',(-12.1016355323957,40.14,15.9232665443073));
#9925=CARTESIAN_POINT('Ctrl Pts',(-9.98865515825193,40.3712654988257,17.3036676994062));
#9926=CARTESIAN_POINT('Ctrl Pts',(-10.7310000680091,40.3389818845641,16.9038856420832));
#9927=CARTESIAN_POINT('Ctrl Pts',(-11.4386142402201,40.3056209792093,16.4411632766201));
#9928=CARTESIAN_POINT('Ctrl Pts',(-12.1016355323957,40.2708996938996,15.9232665443073));
#9929=CARTESIAN_POINT('Ctrl Pts',(-10.0467054885216,40.5648032821928,17.4172760334366));
#9930=CARTESIAN_POINT('Ctrl Pts',(-10.7945681063309,40.5545787969859,17.0112592979332));
#9931=CARTESIAN_POINT('Ctrl Pts',(-11.5047035445214,40.5437329188184,16.538761150421));
#9932=CARTESIAN_POINT('Ctrl Pts',(-12.16725452775,40.5315535091458,16.0096076632907));
#9933=CARTESIAN_POINT('Ctrl Pts',(-10.1464753572621,40.64,17.6125322623225));
#9934=CARTESIAN_POINT('Ctrl Pts',(-10.9125262270906,40.6401364893063,17.2130265651108));
#9935=CARTESIAN_POINT('Ctrl Pts',(-11.6422003361436,40.6397737246806,16.7448375350195));
#9936=CARTESIAN_POINT('Ctrl Pts',(-12.3249714013619,40.64,16.2171306720884));
#9937=CARTESIAN_POINT('Ctrl Pts',(-10.1964641271661,40.64,17.7103635897694));
#9938=CARTESIAN_POINT('Ctrl Pts',(-10.9717051962319,40.64,17.3142394807242));
#9939=CARTESIAN_POINT('Ctrl Pts',(-11.7110509561326,40.64,16.848121513326));
#9940=CARTESIAN_POINT('Ctrl Pts',(-12.4041764207056,40.64,16.321348207915));
#9941=CARTESIAN_POINT('Ctrl Pts',(-12.4041764207056,40.64,16.321348207915));
#9942=CARTESIAN_POINT('Ctrl Pts',(-11.7110509561326,40.64,16.848121513326));
#9943=CARTESIAN_POINT('Ctrl Pts',(-10.9717051962319,40.64,17.3142394807242));
#9944=CARTESIAN_POINT('Ctrl Pts',(-10.1964641271661,40.64,17.7103635897694));
#9945=CARTESIAN_POINT('Ctrl Pts',(-9.97616949171179,40.2648847147483,17.2792324245629));
#9946=CARTESIAN_POINT('Ctrl Pts',(-10.7204737060825,40.2232853005577,16.8868660864306));
#9947=CARTESIAN_POINT('Ctrl Pts',(-11.4318195865163,40.18164221611,16.4323246843733));
#9948=CARTESIAN_POINT('Ctrl Pts',(-12.1016355323957,40.14,15.9232665443073));
#9949=CARTESIAN_POINT('Origin',(21.,40.64,0.));
#9950=CARTESIAN_POINT('',(-2.51052593825207E-15,40.64,20.5));
#9951=CARTESIAN_POINT('Origin',(0.,40.64,0.));
#9952=CARTESIAN_POINT('Origin',(0.,40.64,0.));
#9953=CARTESIAN_POINT('Origin',(21.,40.64,0.));
#9954=CARTESIAN_POINT('Origin',(0.,40.64,0.));
#9955=CARTESIAN_POINT('Ctrl Pts',(-9.44411428382689,39.1911112605664,16.3576857720751));
#9956=CARTESIAN_POINT('Ctrl Pts',(-11.1617396510504,38.7753183387557,15.3660143039417));
#9957=CARTESIAN_POINT('Ctrl Pts',(-15.8585478482852,37.5279395733236,11.5779806004855));
#9958=CARTESIAN_POINT('Ctrl Pts',(-19.223662035825,35.8647678860808,3.97307700308935));
#9959=CARTESIAN_POINT('Ctrl Pts',(-18.6626556445932,33.7858032770273,-6.06974448096393));
#9960=CARTESIAN_POINT('Ctrl Pts',(-14.4862292643752,32.1226315897845,-13.2603055881605));
#9961=CARTESIAN_POINT('Ctrl Pts',(-7.70214023811119,30.4594599025417,-17.5882931538688));
#9962=CARTESIAN_POINT('Ctrl Pts',(-1.87953582958421,29.2120811371096,-19.1123801692468));
#9963=CARTESIAN_POINT('Ctrl Pts',(2.13206955013341,28.3804952934882,-18.8720191569468));
#9964=CARTESIAN_POINT('Ctrl Pts',(4.06884781242662,27.9647023716775,-18.4447731323333));
#9965=CARTESIAN_POINT('Ctrl Pts',(-9.57958506417432,39.2637098329506,16.5923280465779));
#9966=CARTESIAN_POINT('Ctrl Pts',(-11.3218333295109,38.8479169111399,15.5864405415907));
#9967=CARTESIAN_POINT('Ctrl Pts',(-16.0860180669733,37.6005381457078,11.7440646646357));
#9968=CARTESIAN_POINT('Ctrl Pts',(-19.4993896397598,35.937366458465,4.03005686990292));
#9969=CARTESIAN_POINT('Ctrl Pts',(-18.9303508146102,33.8584018494115,-6.15679945596373));
#9970=CARTESIAN_POINT('Ctrl Pts',(-14.6940068469384,32.1952301621687,-13.4505072471259));
#9971=CARTESIAN_POINT('Ctrl Pts',(-7.81259612591844,30.5320584749259,-17.8405813391817));
#9972=CARTESIAN_POINT('Ctrl Pts',(-1.90650599213757,29.2846797094938,-19.386524988671));
#9973=CARTESIAN_POINT('Ctrl Pts',(2.16267045191939,28.4530938658724,-19.142724341487));
#9974=CARTESIAN_POINT('Ctrl Pts',(4.12721326329884,28.0373009440617,-18.709353561421));
#9975=CARTESIAN_POINT('Ctrl Pts',(-9.87166001149312,39.6148944202692,17.098216694952));
#9976=CARTESIAN_POINT('Ctrl Pts',(-11.6669805674206,39.1991014984585,16.0616878887056));
#9977=CARTESIAN_POINT('Ctrl Pts',(-16.5764322476175,37.9517227330264,12.1021457233964));
#9978=CARTESIAN_POINT('Ctrl Pts',(-20.0938340770531,36.2885510457836,4.15289428577131));
#9979=CARTESIAN_POINT('Ctrl Pts',(-19.5074914114658,34.2095864367301,-6.34447835051417));
#9980=CARTESIAN_POINT('Ctrl Pts',(-15.1419566640124,32.5464147494873,-13.8605721661909));
#9981=CARTESIAN_POINT('Ctrl Pts',(-8.0507132668778,30.8832430622445,-18.3845084258286));
#9982=CARTESIAN_POINT('Ctrl Pts',(-1.96466236829717,29.6358642968124,-19.9775696955679));
#9983=CARTESIAN_POINT('Ctrl Pts',(2.22866252290955,28.804278453191,-19.7263609607485));
#9984=CARTESIAN_POINT('Ctrl Pts',(4.25304915163597,28.3884855313803,-19.2797888589014));
#9985=CARTESIAN_POINT('Ctrl Pts',(-10.,40.2660008745726,17.3205080756888));
#9986=CARTESIAN_POINT('Ctrl Pts',(-11.8189404481902,39.8502079527619,16.2703423182862));
#9987=CARTESIAN_POINT('Ctrl Pts',(-16.7921592337862,38.6028291873298,12.2594099948851));
#9988=CARTESIAN_POINT('Ctrl Pts',(-20.3555310018473,36.9396575000871,4.20709775814469));
#9989=CARTESIAN_POINT('Ctrl Pts',(-19.7612973007609,34.8606928910335,-6.42718270212323));
#9990=CARTESIAN_POINT('Ctrl Pts',(-15.3391684042003,33.1975212037908,-14.0409575752828));
#9991=CARTESIAN_POINT('Ctrl Pts',(-8.15586874511366,31.5343495165479,-18.6236395345866));
#9992=CARTESIAN_POINT('Ctrl Pts',(-1.99003873332835,30.2869707511159,-20.2375123468497));
#9993=CARTESIAN_POINT('Ctrl Pts',(2.25732221539711,29.4553849074945,-19.9828899033137));
#9994=CARTESIAN_POINT('Ctrl Pts',(4.30834241321555,29.0395919856837,-19.5304425359613));
#9995=CARTESIAN_POINT('Ctrl Pts',(-10.,40.64,17.3205080756888));
#9996=CARTESIAN_POINT('Ctrl Pts',(-11.8187257328778,40.2242070781893,16.2704662842297));
#9997=CARTESIAN_POINT('Ctrl Pts',(-16.7919906215483,38.9768283127572,12.2594668515531));
#9998=CARTESIAN_POINT('Ctrl Pts',(-20.3551772650037,37.3136566255144,4.20693448182141));
#9999=CARTESIAN_POINT('Ctrl Pts',(-19.7611497316939,35.2346920164609,-6.42701295065691));
#10000=CARTESIAN_POINT('Ctrl Pts',(-15.3388966175293,33.5715203292181,-14.0408144052946));
#10001=CARTESIAN_POINT('Ctrl Pts',(-8.15549241213774,31.9083486419753,-18.6235496789666));
#10002=CARTESIAN_POINT('Ctrl Pts',(-1.99016633333517,30.6609698765432,-20.237345287082));
#10003=CARTESIAN_POINT('Ctrl Pts',(2.25756432637055,29.8293840329218,-19.9828364945406));
#10004=CARTESIAN_POINT('Ctrl Pts',(4.30834241321555,29.4135911111111,-19.5304425359613));
#10005=CARTESIAN_POINT('Ctrl Pts',(-12.1033681386066,40.14,15.9234567492361));
#10006=CARTESIAN_POINT('Ctrl Pts',(-13.1066400444655,39.890873744856,15.1624066292121));
#10007=CARTESIAN_POINT('Ctrl Pts',(-17.149058051887,38.8101616460905,11.4525214600563));
#10008=CARTESIAN_POINT('Ctrl Pts',(-20.3551772650037,37.3136566255144,4.20693448182141));
#10009=CARTESIAN_POINT('Ctrl Pts',(-19.7611497316939,35.2346920164609,-6.42701295065691));
#10010=CARTESIAN_POINT('Ctrl Pts',(-15.3388966175293,33.5715203292181,-14.0408144052946));
#10011=CARTESIAN_POINT('Ctrl Pts',(-8.15549241213774,31.9083486419753,-18.6235496789666));
#10012=CARTESIAN_POINT('Ctrl Pts',(-2.15746402567593,30.6948178168248,-20.1935545325142));
#10013=CARTESIAN_POINT('Ctrl Pts',(1.91200239025462,29.8970799134849,-20.0013509162495));
#10014=CARTESIAN_POINT('Ctrl Pts',(3.80611189409253,29.5151349319558,-19.6344569414032));
#10015=CARTESIAN_POINT('',(-9.4441142838269,39.1911112605664,16.3576857720751));
#10016=CARTESIAN_POINT('Origin',(-9.25,40.64,16.0214699700121));
#10017=CARTESIAN_POINT('Ctrl Pts',(-9.44411428382689,39.1911112605664,16.3576857720751));
#10018=CARTESIAN_POINT('Ctrl Pts',(-11.1617396510504,38.7753183387557,15.3660143039417));
#10019=CARTESIAN_POINT('Ctrl Pts',(-15.8585478482852,37.5279395733236,11.5779806004855));
#10020=CARTESIAN_POINT('Ctrl Pts',(-19.223662035825,35.8647678860808,3.97307700308935));
#10021=CARTESIAN_POINT('Ctrl Pts',(-18.6626556445932,33.7858032770273,-6.06974448096393));
#10022=CARTESIAN_POINT('Ctrl Pts',(-14.4862292643752,32.1226315897845,-13.2603055881605));
#10023=CARTESIAN_POINT('Ctrl Pts',(-7.70214023811119,30.4594599025417,-17.5882931538688));
#10024=CARTESIAN_POINT('Ctrl Pts',(-2.07634154345917,29.2542429003308,-19.0608655871073));
#10025=CARTESIAN_POINT('Ctrl Pts',(1.72562311511494,28.4648188199307,-18.8931623044194));
#10026=CARTESIAN_POINT('Ctrl Pts',(3.47765148245206,28.0911876613413,-18.5652632781524));
#10027=CARTESIAN_POINT('Ctrl Pts',(-9.97616949171159,40.2648847147484,17.279232424563));
#10028=CARTESIAN_POINT('Ctrl Pts',(-7.86866882257705,40.747847627893,18.4959985032052));
#10029=CARTESIAN_POINT('Ctrl Pts',(-5.53673479940245,41.2308105410375,19.3225898220464));
#10030=CARTESIAN_POINT('Ctrl Pts',(-3.13339893971085,41.713773454182,19.7047619116306));
#10031=CARTESIAN_POINT('Ctrl Pts',(-9.94315192852829,40.0092156122933,17.2220443275874));
#10032=CARTESIAN_POINT('Ctrl Pts',(-7.84256406165467,40.4921785254378,18.4348192979834));
#10033=CARTESIAN_POINT('Ctrl Pts',(-5.51848119661667,40.9751414385823,19.2586276482268));
#10034=CARTESIAN_POINT('Ctrl Pts',(-3.12302850669482,41.4581043517269,19.6395461770774));
#10035=CARTESIAN_POINT('Ctrl Pts',(-9.80801382312141,39.5340156435901,16.9879782629842));
#10036=CARTESIAN_POINT('Ctrl Pts',(-7.73606687841479,40.0169785567346,18.1842173892571));
#10037=CARTESIAN_POINT('Ctrl Pts',(-5.44337456693586,40.4999414698791,18.9968988556318));
#10038=CARTESIAN_POINT('Ctrl Pts',(-3.08058319774651,40.9829043830237,19.3726236679476));
#10039=CARTESIAN_POINT('Ctrl Pts',(-9.5716451453532,39.2594548432784,16.5785757037717));
#10040=CARTESIAN_POINT('Ctrl Pts',(-7.54957516996339,39.742417756423,17.7460183483833));
#10041=CARTESIAN_POINT('Ctrl Pts',(-5.31225558580613,40.2253806695675,18.5390720657523));
#10042=CARTESIAN_POINT('Ctrl Pts',(-3.00634254206046,40.7083435827121,18.9057522377199));
#10043=CARTESIAN_POINT('Ctrl Pts',(-9.44411428382689,39.1911112605664,16.3576857720751));
#10044=CARTESIAN_POINT('Ctrl Pts',(-7.44901213674685,39.6740741737109,17.5095585337526));
#10045=CARTESIAN_POINT('Ctrl Pts',(-5.2414462533181,40.1570370868555,18.2920655759236));
#10046=CARTESIAN_POINT('Ctrl Pts',(-2.96628658003827,40.64,18.6538554285439));
#10047=CARTESIAN_POINT('Ctrl Pts',(-9.44411428382689,39.1911112605664,16.3576857720751));
#10048=CARTESIAN_POINT('Ctrl Pts',(-7.48570164292748,39.6651925879672,17.4883758374828));
#10049=CARTESIAN_POINT('Ctrl Pts',(-5.32256774005457,40.139273915368,18.263160384487));
#10050=CARTESIAN_POINT('Ctrl Pts',(-3.09173621601617,40.6133552427688,18.633469191614));
#10051=CARTESIAN_POINT('Ctrl Pts',(-9.4441142838269,39.1911112605664,16.3576857720751));
#10052=CARTESIAN_POINT('Ctrl Pts',(-6.96708056263179,39.7907374118873,17.7878018577989));
#10053=CARTESIAN_POINT('Ctrl Pts',(-4.16147357243024,40.3903635632082,18.6447913424763));
#10054=CARTESIAN_POINT('Ctrl Pts',(-1.30810889547916,40.989989714529,18.8428774220261));
#10055=CARTESIAN_POINT('Ctrl Pts',(-9.22641771770207,39.0744480223901,15.9806242589137));
#10056=CARTESIAN_POINT('Ctrl Pts',(-6.80648217629108,39.6740741737109,17.3777746951688));
#10057=CARTESIAN_POINT('Ctrl Pts',(-4.06554731830933,40.2737003250318,18.215009689122));
#10058=CARTESIAN_POINT('Ctrl Pts',(-1.27795563747053,40.8733264763527,18.4085296804162));
#10059=CARTESIAN_POINT('Ctrl Pts',(-9.00872115157725,38.9577847842137,15.6035627457522));
#10060=CARTESIAN_POINT('Ctrl Pts',(-6.64588378995035,39.5574109355346,16.9677475325388));
#10061=CARTESIAN_POINT('Ctrl Pts',(-3.96962106418843,40.1570370868555,17.7852280357676));
#10062=CARTESIAN_POINT('Ctrl Pts',(-1.24780237946191,40.7566632381764,17.9741819388063));
#10063=CARTESIAN_POINT('Ctrl Pts',(-8.79102458545243,38.8411215460373,15.2265012325907));
#10064=CARTESIAN_POINT('Ctrl Pts',(-6.48528540360964,39.4407476973582,16.5577203699087));
#10065=CARTESIAN_POINT('Ctrl Pts',(-3.87369481006752,40.0403738486791,17.3554463824132));
#10066=CARTESIAN_POINT('Ctrl Pts',(-1.21764912145329,40.64,17.5398341971964));
#10067=CARTESIAN_POINT('',(-8.79102458545243,38.8411215460373,15.2265012325907));
#10068=CARTESIAN_POINT('Ctrl Pts',(-8.79102458545243,38.8411215460373,15.2265012325907));
#10069=CARTESIAN_POINT('Ctrl Pts',(-6.52127083208185,39.4313893951928,16.5369441730934));
#10070=CARTESIAN_POINT('Ctrl Pts',(-3.95513795071949,40.0216572443482,17.3304163850866));
#10071=CARTESIAN_POINT('Ctrl Pts',(-1.34197351893958,40.6119250935036,17.5307531552811));
#10072=CARTESIAN_POINT('',(-9.4441142838269,39.1911112605664,16.3576857720751));
#10073=CARTESIAN_POINT('Ctrl Pts',(-8.10000000000001,37.04,14.0296115413079));
#10074=CARTESIAN_POINT('Ctrl Pts',(-6.27786898962783,37.5542857142857,15.0816193706451));
#10075=CARTESIAN_POINT('Ctrl Pts',(-1.54176801763543,38.7542857142857,16.7001104423276));
#10076=CARTESIAN_POINT('Ctrl Pts',(3.49279712157798,39.9542857142857,16.0658140322813));
#10077=CARTESIAN_POINT('Ctrl Pts',(6.09222169611744,40.64,15.0108239216026));
#10078=CARTESIAN_POINT('Ctrl Pts',(-8.10000000000001,37.3886902744874,14.0296115413079));
#10079=CARTESIAN_POINT('Ctrl Pts',(-6.277938370279,37.9029759887731,15.0815793137074));
#10080=CARTESIAN_POINT('Ctrl Pts',(-1.541814464765,39.1029759887731,16.7000622150105));
#10081=CARTESIAN_POINT('Ctrl Pts',(3.49289609896688,40.3029759887731,16.0657738617884));
#10082=CARTESIAN_POINT('Ctrl Pts',(6.09222169611744,40.9886902744874,15.0108239216026));
#10083=CARTESIAN_POINT('Ctrl Pts',(-8.21686587585959,38.2031022744505,14.2320291759678));
#10084=CARTESIAN_POINT('Ctrl Pts',(-6.36837522076459,38.7173879887362,15.2992557532814));
#10085=CARTESIAN_POINT('Ctrl Pts',(-1.56396551093206,39.9173879887362,16.9411064900449));
#10086=CARTESIAN_POINT('Ctrl Pts',(3.54309073016295,41.1173879887362,16.2976503780161));
#10087=CARTESIAN_POINT('Ctrl Pts',(6.18011957567886,41.8031022744505,15.2273983765374));
#10088=CARTESIAN_POINT('Ctrl Pts',(-8.56648529111699,38.7207913008649,14.8375877665061));
#10089=CARTESIAN_POINT('Ctrl Pts',(-6.63960725881112,39.2350770151506,15.9500713171535));
#10090=CARTESIAN_POINT('Ctrl Pts',(-1.63068744609618,40.4350770151506,17.6617500638684));
#10091=CARTESIAN_POINT('Ctrl Pts',(3.69422238157422,41.6350770151506,16.990946201283));
#10092=CARTESIAN_POINT('Ctrl Pts',(6.44307747531034,42.3207913008649,15.875308929871));
#10093=CARTESIAN_POINT('Ctrl Pts',(-8.79102458545243,38.8411215460373,15.2265012325907));
#10094=CARTESIAN_POINT('Ctrl Pts',(-6.81344452247748,39.3554072603231,16.3682576142934));
#10095=CARTESIAN_POINT('Ctrl Pts',(-1.67329883309844,40.5554072603231,18.1248248738608));
#10096=CARTESIAN_POINT('Ctrl Pts',(3.79077350219623,41.7554072603231,17.4364155732212));
#10097=CARTESIAN_POINT('Ctrl Pts',(6.61195934698704,42.4411215460373,16.2914224867538));
#10098=CARTESIAN_POINT('',(-8.1,37.04,14.0296115413079));
#10099=CARTESIAN_POINT('Ctrl Pts',(-8.10000000000001,37.04,14.0296115413079));
#10100=CARTESIAN_POINT('Ctrl Pts',(-6.27786898962783,37.5542857142857,15.0816193706451));
#10101=CARTESIAN_POINT('Ctrl Pts',(-2.19955981930105,38.5876190476191,16.475320015705));
#10102=CARTESIAN_POINT('Ctrl Pts',(2.10006421576293,39.6209523809524,16.1985509308719));
#10103=CARTESIAN_POINT('Ctrl Pts',(4.15301601541496,40.14,15.6567325233266));
#10104=CARTESIAN_POINT('Origin',(-9.03232911731793,37.04,15.6444529418784));
#10105=CARTESIAN_POINT('Ctrl Pts',(6.73908057866981,42.4411215460373,-14.7317613663199));
#10106=CARTESIAN_POINT('Ctrl Pts',(8.21910892911324,42.0433022295175,-14.0547187463412));
#10107=CARTESIAN_POINT('Ctrl Pts',(12.3620192669532,40.8498442799577,-11.3542693361988));
#10108=CARTESIAN_POINT('Ctrl Pts',(15.8479081880565,39.2585670138781,-5.51918455990727));
#10109=CARTESIAN_POINT('Ctrl Pts',(16.5605891098159,37.2694704312786,2.69487402775176));
#10110=CARTESIAN_POINT('Ctrl Pts',(14.1393841739498,35.678193165199,9.04286301681067));
#10111=CARTESIAN_POINT('Ctrl Pts',(8.12005730172959,33.6890965825995,14.678293214841));
#10112=CARTESIAN_POINT('Ctrl Pts',(3.2550702772038,32.4956386330398,16.2));
#10113=CARTESIAN_POINT('Ctrl Pts',(1.98392781461871E-15,31.7,16.2));
#10114=CARTESIAN_POINT('Ctrl Pts',(6.73908057866981,42.09243127155,-14.7317613663199));
#10115=CARTESIAN_POINT('Ctrl Pts',(8.21905257458652,41.6946119550301,-14.0547445258585));
#10116=CARTESIAN_POINT('Ctrl Pts',(12.3619679990542,40.5011540054704,-11.3542827874456));
#10117=CARTESIAN_POINT('Ctrl Pts',(15.847805162975,38.9098767393908,-5.51912685052388));
#10118=CARTESIAN_POINT('Ctrl Pts',(16.5605510259868,36.9207801567913,2.69482634286373));
#10119=CARTESIAN_POINT('Ctrl Pts',(14.1392526327312,35.3295028907117,9.04285274723139));
#10120=CARTESIAN_POINT('Ctrl Pts',(8.12007486147658,33.3404063081122,14.6782303224783));
#10121=CARTESIAN_POINT('Ctrl Pts',(3.25494633502062,32.1469483585524,16.2));
#10122=CARTESIAN_POINT('Ctrl Pts',(1.98392781461871E-15,31.3513097255126,
16.2));
#10123=CARTESIAN_POINT('Ctrl Pts',(6.83631002606134,41.2780173196866,-14.9443068315403));
#10124=CARTESIAN_POINT('Ctrl Pts',(8.33774903318934,40.8801980031667,-14.2574698538435));
#10125=CARTESIAN_POINT('Ctrl Pts',(12.5404268801256,39.686740053607,-11.5180716877557));
#10126=CARTESIAN_POINT('Ctrl Pts',(16.0766617465219,38.0954627875274,-5.59887233569025));
#10127=CARTESIAN_POINT('Ctrl Pts',(16.7995590449553,36.1063662049279,2.73380330887083));
#10128=CARTESIAN_POINT('Ctrl Pts',(14.3435166252944,34.5150889388483,9.17334118353363));
#10129=CARTESIAN_POINT('Ctrl Pts',(8.23719323167294,32.5259923562488,14.8901311475035));
#10130=CARTESIAN_POINT('Ctrl Pts',(3.30215936990158,31.3325344066891,16.4337287749205));
#10131=CARTESIAN_POINT('Ctrl Pts',(2.01255133422621E-15,30.5368957736493,
16.4337287749205));
#10132=CARTESIAN_POINT('Ctrl Pts',(7.12718946331198,40.7603302451725,-15.580174945287));
#10133=CARTESIAN_POINT('Ctrl Pts',(8.69229872242986,40.3625109286526,-14.8642118537499));
#10134=CARTESIAN_POINT('Ctrl Pts',(13.073816481471,39.1690529790929,-12.0082075403778));
#10135=CARTESIAN_POINT('Ctrl Pts',(16.7603180301667,37.5777757130133,-5.83687988359496));
#10136=CARTESIAN_POINT('Ctrl Pts',(17.5142215017914,35.5886791304138,2.84994269920354));
#10137=CARTESIAN_POINT('Ctrl Pts',(14.9533203218449,33.9974018643342,9.56362026206059));
#10138=CARTESIAN_POINT('Ctrl Pts',(8.58774602845534,32.0083052817346,15.5234544574125));
#10139=CARTESIAN_POINT('Ctrl Pts',(3.44219124478575,30.8148473321749,17.132970582234));
#10140=CARTESIAN_POINT('Ctrl Pts',(2.09818375834186E-15,30.0192086991351,
17.132970582234));
#10141=CARTESIAN_POINT('Ctrl Pts',(7.31400284573225,40.64,-15.9885526368316));
#10142=CARTESIAN_POINT('Ctrl Pts',(8.92029489707975,40.2421806834801,-15.2537503753956));
#10143=CARTESIAN_POINT('Ctrl Pts',(13.4166438643978,39.0487227339204,-12.3229210968361));
#10144=CARTESIAN_POINT('Ctrl Pts',(17.1999198159503,37.4574454678408,-5.99003545157954));
#10145=CARTESIAN_POINT('Ctrl Pts',(17.973400742465,35.4683488852413,2.92477825094604));
#10146=CARTESIAN_POINT('Ctrl Pts',(15.3456387526357,33.8770716191617,9.81432482761246));
#10147=CARTESIAN_POINT('Ctrl Pts',(8.81279300923299,31.8879750365622,15.9305230276725));
#10148=CARTESIAN_POINT('Ctrl Pts',(3.53276578200914,30.6945170870025,17.5820491709048));
#10149=CARTESIAN_POINT('Ctrl Pts',(2.15318002396E-15,29.8988784539627,17.5820491709048));
#10150=CARTESIAN_POINT('',(0.221376439933595,29.9487374916647,17.5806554348795));
#10151=CARTESIAN_POINT('Ctrl Pts',(10.9829963485224,39.6680749064964,-13.7331928587613));
#10152=CARTESIAN_POINT('Ctrl Pts',(11.2392008317385,39.5942306211444,-13.5285197338823));
#10153=CARTESIAN_POINT('Ctrl Pts',(14.1868974025135,38.7247477027525,-11.0335814776261));
#10154=CARTESIAN_POINT('Ctrl Pts',(17.1999198159503,37.4574454678408,-5.99003545157954));
#10155=CARTESIAN_POINT('Ctrl Pts',(17.973400742465,35.4683488852413,2.92477825094604));
#10156=CARTESIAN_POINT('Ctrl Pts',(15.3456387526357,33.8770716191617,9.81432482761246));
#10157=CARTESIAN_POINT('Ctrl Pts',(8.8673774882827,31.9045947157962,15.8794198016623));
#10158=CARTESIAN_POINT('Ctrl Pts',(3.67955761960597,30.7277564454705,17.5356606410337));
#10159=CARTESIAN_POINT('Ctrl Pts',(0.221360209029119,29.9487374916647,17.5806098148539));
#10160=CARTESIAN_POINT('',(0.284895766010119,31.7696478747166,16.1974134614794));
#10161=CARTESIAN_POINT('Ctrl Pts',(0.284924623115582,31.7696478747166,16.1974941876558));
#10162=CARTESIAN_POINT('Ctrl Pts',(0.267627558285224,31.3022354880211,16.1977984544529));
#10163=CARTESIAN_POINT('Ctrl Pts',(0.237174819386401,30.4871628207475,16.51391081898));
#10164=CARTESIAN_POINT('Ctrl Pts',(0.223800386217476,30.0410398891308,17.241744734296));
#10165=CARTESIAN_POINT('Ctrl Pts',(0.221376439933584,29.9487374916647,17.5806554348795));
#10166=CARTESIAN_POINT('Ctrl Pts',(13.7153159850098,40.14,-8.61214497146532));
#10167=CARTESIAN_POINT('Ctrl Pts',(14.6418403321685,39.7135825657861,-7.13484595197197));
#10168=CARTESIAN_POINT('Ctrl Pts',(15.9801978448858,38.8893458150523,-3.99446998068962));
#10169=CARTESIAN_POINT('Ctrl Pts',(16.5605891098159,37.2694704312786,2.69487402775176));
#10170=CARTESIAN_POINT('Ctrl Pts',(14.1393841739498,35.678193165199,9.04286301681067));
#10171=CARTESIAN_POINT('Ctrl Pts',(8.19031253343331,33.7123125408384,14.6125186751429));
#10172=CARTESIAN_POINT('Ctrl Pts',(3.4438700787173,32.5420705495176,16.14009377599));
#10173=CARTESIAN_POINT('Ctrl Pts',(0.284895766010118,31.7696478747166,16.1974134614794));
#10174=CARTESIAN_POINT('Ctrl Pts',(6.3105149118276,40.64,-17.8028812266873));
#10175=CARTESIAN_POINT('Ctrl Pts',(8.15736261885337,40.2292181014605,-17.1482366303064));
#10176=CARTESIAN_POINT('Ctrl Pts',(13.3960555696906,38.996872405842,-14.3256054100012));
#10177=CARTESIAN_POINT('Ctrl Pts',(19.2838382614877,36.9429629131445,-5.8921629267434));
#10178=CARTESIAN_POINT('Ctrl Pts',(19.113774482057,34.8890534204471,4.3941458063169));
#10179=CARTESIAN_POINT('Ctrl Pts',(15.4252647610128,33.2459258262891,11.4143981785693));
#10180=CARTESIAN_POINT('Ctrl Pts',(9.78333163654728,31.6027982321311,16.9967993825718));
#10181=CARTESIAN_POINT('Ctrl Pts',(3.91888045263796,30.3704525365126,18.8882285676538));
#10182=CARTESIAN_POINT('Ctrl Pts',(2.31314086569408E-15,29.5488887394336,
18.8882285676538));
#10183=CARTESIAN_POINT('Ctrl Pts',(6.16505104030955,40.7566632381764,-17.3925064690655));
#10184=CARTESIAN_POINT('Ctrl Pts',(7.96932700456602,40.3458813396369,-16.7529521052233));
#10185=CARTESIAN_POINT('Ctrl Pts',(13.0872626845671,39.1135356440184,-13.9953854431847));
#10186=CARTESIAN_POINT('Ctrl Pts',(18.839325918131,37.0596261513209,-5.75634249958098));
#10187=CARTESIAN_POINT('Ctrl Pts',(18.6731822840619,35.0057166586234,4.29285621744299));
#10188=CARTESIAN_POINT('Ctrl Pts',(15.0696965129888,33.3625890644654,11.1512845383509));
#10189=CARTESIAN_POINT('Ctrl Pts',(9.55781576088872,31.7194614703074,16.6050056421006));
#10190=CARTESIAN_POINT('Ctrl Pts',(3.82854621991336,30.487115774689,18.4528354354041));
#10191=CARTESIAN_POINT('Ctrl Pts',(2.25982058511605E-15,29.66555197761,
18.4528354354041));
#10192=CARTESIAN_POINT('Ctrl Pts',(6.01958716879151,40.8733264763527,-16.9821317114437));
#10193=CARTESIAN_POINT('Ctrl Pts',(7.78129139027866,40.4625445778132,-16.3576675801401));
#10194=CARTESIAN_POINT('Ctrl Pts',(12.7784697994436,39.2301988821947,-13.6651654763682));
#10195=CARTESIAN_POINT('Ctrl Pts',(18.3948135747743,37.1762893894972,-5.62052207241858));
#10196=CARTESIAN_POINT('Ctrl Pts',(18.2325900860668,35.1223798967998,4.1915666285691));
#10197=CARTESIAN_POINT('Ctrl Pts',(14.7141282649648,33.4792523026418,10.8881708981325));
#10198=CARTESIAN_POINT('Ctrl Pts',(9.33229988523018,31.8361247084838,16.2132119016294));
#10199=CARTESIAN_POINT('Ctrl Pts',(3.73821198718875,30.6037790128653,18.0174423031545));
#10200=CARTESIAN_POINT('Ctrl Pts',(2.20650030453803E-15,29.7822152157863,
18.0174423031545));
#10201=CARTESIAN_POINT('Ctrl Pts',(5.87412329727346,40.989989714529,-16.5717569538219));
#10202=CARTESIAN_POINT('Ctrl Pts',(7.5932557759913,40.5792078159895,-15.9623830550569));
#10203=CARTESIAN_POINT('Ctrl Pts',(12.4696769143201,39.3468621203711,-13.3349455095517));
#10204=CARTESIAN_POINT('Ctrl Pts',(17.9503012314176,37.2929526276736,-5.48470164525616));
#10205=CARTESIAN_POINT('Ctrl Pts',(17.7919978880717,35.2390431349761,4.09027703969519));
#10206=CARTESIAN_POINT('Ctrl Pts',(14.3585600169408,33.5959155408181,10.6250572579142));
#10207=CARTESIAN_POINT('Ctrl Pts',(9.10678400957162,31.9527879466601,15.8214181611581));
#10208=CARTESIAN_POINT('Ctrl Pts',(3.64787775446414,30.7204422510416,17.5820491709048));
#10209=CARTESIAN_POINT('Ctrl Pts',(2.15318002396E-15,29.8988784539627,17.5820491709048));
#10210=CARTESIAN_POINT('Ctrl Pts',(10.4545214386238,39.6666447572312,-15.7345346812002));
#10211=CARTESIAN_POINT('Ctrl Pts',(10.7975916883996,39.5803146062813,-15.5068623969393));
#10212=CARTESIAN_POINT('Ctrl Pts',(14.326136174787,38.6724206582524,-12.9933923005055));
#10213=CARTESIAN_POINT('Ctrl Pts',(19.2838382614877,36.9429629131445,-5.8921629267434));
#10214=CARTESIAN_POINT('Ctrl Pts',(19.113774482057,34.8890534204471,4.3941458063169));
#10215=CARTESIAN_POINT('Ctrl Pts',(15.4252647610128,33.2459258262891,11.4143981785693));
#10216=CARTESIAN_POINT('Ctrl Pts',(11.2691743874323,32.0355274351718,15.5266347814477));
#10217=CARTESIAN_POINT('Ctrl Pts',(7.83604795010082,31.235910942594,17.2768833526272));
#10218=CARTESIAN_POINT('Ctrl Pts',(6.07998944086239,30.8470763485556,17.8739439695856));
#10219=CARTESIAN_POINT('',(5.52863844959722,30.91348,17.4707858889099));
#10220=CARTESIAN_POINT('Ctrl Pts',(5.89803158080499,30.9974917201597,17.3495655897871));
#10221=CARTESIAN_POINT('Ctrl Pts',(5.77534954541748,30.9694914078628,17.3912716783556));
#10222=CARTESIAN_POINT('Ctrl Pts',(5.65221170195118,30.9414880287452,17.4316810748134));
#10223=CARTESIAN_POINT('Ctrl Pts',(5.52863844959722,30.91348,17.4707858889099));
#10224=CARTESIAN_POINT('',(3.18204873619709,30.391,18.046295146732));
#10225=CARTESIAN_POINT('Ctrl Pts',(5.52663541177084,30.91348,17.462790703647));
#10226=CARTESIAN_POINT('Ctrl Pts',(4.75827412029686,30.73932,17.7061669950023));
#10227=CARTESIAN_POINT('Ctrl Pts',(3.97412798787331,30.56516,17.8997381112826));
#10228=CARTESIAN_POINT('Ctrl Pts',(3.18081921540366,30.391,18.0412786897033));
#10229=CARTESIAN_POINT('Ctrl Pts',(3.18204873619709,30.391,18.046295146732));
#10230=CARTESIAN_POINT('Ctrl Pts',(2.98686212866477,30.3481715391187,18.0807118119129));
#10231=CARTESIAN_POINT('Ctrl Pts',(2.79114932289383,30.3053501349483,18.1119561302633));
#10232=CARTESIAN_POINT('Ctrl Pts',(2.59498797033922,30.2625301756763,18.1400176437702));
#10233=CARTESIAN_POINT('',(2.58322056938863,30.2599615948587,18.1416971138972));
#10234=CARTESIAN_POINT('Ctrl Pts',(2.59165025405256,30.2618015969145,18.1404948014978));
#10235=CARTESIAN_POINT('Ctrl Pts',(2.58884045102412,30.2611882626111,18.1408962253185));
#10236=CARTESIAN_POINT('Ctrl Pts',(2.58603055606008,30.260574928598,18.1412969961285));
#10237=CARTESIAN_POINT('Ctrl Pts',(2.58322056938863,30.2599615948587,18.1416971138972));
#10238=CARTESIAN_POINT('',(2.6841623363893,30.113514560881,18.6965358014751));
#10239=CARTESIAN_POINT('Ctrl Pts',(2.68416233638928,30.113514560881,18.6965358014751));
#10240=CARTESIAN_POINT('Ctrl Pts',(2.6505462547948,30.1623786939075,18.5116003878861));
#10241=CARTESIAN_POINT('Ctrl Pts',(2.6168999204657,30.2111960653826,18.3266545902556));
#10242=CARTESIAN_POINT('Ctrl Pts',(2.58322057426368,30.2599616054501,18.1416971168624));
#10243=CARTESIAN_POINT('',(0.225279293501516,29.5961179678672,18.8868850704358));
#10244=CARTESIAN_POINT('Ctrl Pts',(2.68320944452736,30.113514560881,18.692597862808));
#10245=CARTESIAN_POINT('Ctrl Pts',(1.86932767003886,29.9410490298764,18.811224817915));
#10246=CARTESIAN_POINT('Ctrl Pts',(1.04780480706309,29.7685834988718,18.8767151012322));
#10247=CARTESIAN_POINT('Ctrl Pts',(0.22526940758037,29.5961179678672,18.8868412157222));
#10248=CARTESIAN_POINT('Ctrl Pts',(0.221376439933584,29.9487374916647,17.5806554348795));
#10249=CARTESIAN_POINT('Ctrl Pts',(0.222767951614785,29.8311567331344,18.0160514810441));
#10250=CARTESIAN_POINT('Ctrl Pts',(0.224063139855425,29.7136185984747,18.4514620351552));
#10251=CARTESIAN_POINT('Ctrl Pts',(0.225279293501573,29.5961179678673,18.8868850704358));
#10252=CARTESIAN_POINT('Ctrl Pts',(0.,40.54,-20.));
#10253=CARTESIAN_POINT('Ctrl Pts',(4.16851684588044,39.7146805636387,-20.));
#10254=CARTESIAN_POINT('Ctrl Pts',(10.4070190416021,38.4767014090967,-17.9779415390391));
#10255=CARTESIAN_POINT('Ctrl Pts',(16.3859121084921,36.826062536374,-12.0197005392111));
#10256=CARTESIAN_POINT('Ctrl Pts',(20.2762731482598,35.1754236636513,-4.52676553062634));
#10257=CARTESIAN_POINT('Ctrl Pts',(20.3480312975482,33.5247847909287,4.21698275807291));
#10258=CARTESIAN_POINT('Ctrl Pts',(16.5691667278539,31.874145918206,11.7732621574625));
#10259=CARTESIAN_POINT('Ctrl Pts',(12.1504422082178,30.636166763664,16.2996844118632));
#10260=CARTESIAN_POINT('Ctrl Pts',(8.41329649951889,29.8108473273027,18.263640797628));
#10261=CARTESIAN_POINT('Ctrl Pts',(6.4400480750128,29.398187609122,18.9347770198522));
#10262=CARTESIAN_POINT('Ctrl Pts',(0.,40.8204993440705,-20.));
#10263=CARTESIAN_POINT('Ctrl Pts',(4.16862026893675,39.9951799077092,-20.));
#10264=CARTESIAN_POINT('Ctrl Pts',(10.4069873067966,38.7572007531672,-17.977994269524));
#10265=CARTESIAN_POINT('Ctrl Pts',(16.385972723474,37.1065618804445,-12.0197271083527));
#10266=CARTESIAN_POINT('Ctrl Pts',(20.27631588025,35.4559230077218,-4.5267457756352));
#10267=CARTESIAN_POINT('Ctrl Pts',(20.3480967523585,33.8052841349992,4.21698189812629));
#10268=CARTESIAN_POINT('Ctrl Pts',(16.5692428030705,32.1546452622765,11.7732378633434));
#10269=CARTESIAN_POINT('Ctrl Pts',(12.1504372333117,30.9166661077345,16.2997281116753));
#10270=CARTESIAN_POINT('Ctrl Pts',(8.41334545683165,30.0913466713732,18.2636241463916));
#10271=CARTESIAN_POINT('Ctrl Pts',(6.4400480750128,29.6786869531925,18.9347770198522));
#10272=CARTESIAN_POINT('Ctrl Pts',(0.,41.4756406666219,-19.8119748103041));
#10273=CARTESIAN_POINT('Ctrl Pts',(4.12922354184877,40.6503212302606,-19.8119748103041));
#10274=CARTESIAN_POINT('Ctrl Pts',(10.3092118655846,39.4123420757186,-17.808873223283));
#10275=CARTESIAN_POINT('Ctrl Pts',(16.2318029463829,37.7617032029959,-11.9066734993122));
#10276=CARTESIAN_POINT('Ctrl Pts',(20.0856076744993,36.1110643302733,-4.48422809757996));
#10277=CARTESIAN_POINT('Ctrl Pts',(20.1566683582165,34.4604254575506,4.17733867362773));
#10278=CARTESIAN_POINT('Ctrl Pts',(16.4133191957102,32.8097865848279,11.6626030935234));
#10279=CARTESIAN_POINT('Ctrl Pts',(12.0362177506053,31.5718074302859,16.1464029074992));
#10280=CARTESIAN_POINT('Ctrl Pts',(8.33415168771582,30.7464879939246,18.0919563147524));
#10281=CARTESIAN_POINT('Ctrl Pts',(6.37950351196506,30.3338282757439,18.7567662678019));
#10282=CARTESIAN_POINT('Ctrl Pts',(0.,41.8920906429213,-19.2494839819136));
#10283=CARTESIAN_POINT('Ctrl Pts',(4.01237450699346,41.06677120656,-19.2494839819136));
#10284=CARTESIAN_POINT('Ctrl Pts',(10.016399990806,39.828792052018,-17.3034499852583));
#10285=CARTESIAN_POINT('Ctrl Pts',(15.7711844303159,38.1781531792953,-11.5687247614678));
#10286=CARTESIAN_POINT('Ctrl Pts',(19.5155073467468,36.5275143065726,-4.3568406677976));
#10287=CARTESIAN_POINT('Ctrl Pts',(19.5846352415193,34.87687543385,4.05873473631889));
#10288=CARTESIAN_POINT('Ctrl Pts',(15.947604816009,33.2262365611273,11.3313942144184));
#10289=CARTESIAN_POINT('Ctrl Pts',(11.6944734433176,31.9882574065853,15.6881459507539));
#10290=CARTESIAN_POINT('Ctrl Pts',(8.09771552838713,31.162937970224,17.5782372292377));
#10291=CARTESIAN_POINT('Ctrl Pts',(6.19838011313561,30.7502782520433,18.2242343472375));
#10292=CARTESIAN_POINT('Ctrl Pts',(0.,41.9888887394336,-18.8882285676538));
#10293=CARTESIAN_POINT('Ctrl Pts',(3.93679494865524,41.1635693030723,-18.8882285676538));
#10294=CARTESIAN_POINT('Ctrl Pts',(9.82850771828528,39.9255901485303,-16.9785734482644));
#10295=CARTESIAN_POINT('Ctrl Pts',(15.4750426597342,38.2749512758076,-11.3515425549685));
#10296=CARTESIAN_POINT('Ctrl Pts',(19.1491440862256,36.6243124030849,-4.27512910073234));
#10297=CARTESIAN_POINT('Ctrl Pts',(19.2169133024932,34.9736735303623,3.98256671001681));
#10298=CARTESIAN_POINT('Ctrl Pts',(15.6481104165634,33.3230346576396,11.118803330853));
#10299=CARTESIAN_POINT('Ctrl Pts',(11.4750164813443,32.0850555030976,15.3936082375948));
#10300=CARTESIAN_POINT('Ctrl Pts',(7.94561336451772,31.2597360667363,17.2483910931562));
#10301=CARTESIAN_POINT('Ctrl Pts',(6.08205500137602,30.8470763485556,17.8822198114264));
#10302=CARTESIAN_POINT('',(6.52102723293219,29.4151349319558,18.9070411177253));
#10303=CARTESIAN_POINT('Ctrl Pts',(2.01632429543421,40.14,-19.8955493241615));
#10304=CARTESIAN_POINT('Ctrl Pts',(5.49197031725781,39.448013896972,-19.5360585286288));
#10305=CARTESIAN_POINT('Ctrl Pts',(10.8899749173092,38.3433680757633,-17.4966538713132));
#10306=CARTESIAN_POINT('Ctrl Pts',(16.3859121084921,36.826062536374,-12.0197005392111));
#10307=CARTESIAN_POINT('Ctrl Pts',(20.2762731482598,35.1754236636513,-4.52676553062634));
#10308=CARTESIAN_POINT('Ctrl Pts',(20.3480312975482,33.5247847909287,4.21698275807291));
#10309=CARTESIAN_POINT('Ctrl Pts',(16.5691667278539,31.874145918206,11.7732621574625));
#10310=CARTESIAN_POINT('Ctrl Pts',(12.1706055932185,30.6418158712753,16.2790295839404));
#10311=CARTESIAN_POINT('Ctrl Pts',(8.46441910313716,29.8221455425252,18.2367058406913));
#10312=CARTESIAN_POINT('Ctrl Pts',(6.52102737395104,29.4151349319558,18.9070398141242));
#10313=CARTESIAN_POINT('Ctrl Pts',(6.08205500137602,30.8470763485556,17.8822198114264));
#10314=CARTESIAN_POINT('Ctrl Pts',(6.19934921914006,30.7524406341503,18.2178403287291));
#10315=CARTESIAN_POINT('Ctrl Pts',(6.40004735710986,30.3493831574429,18.7422770558225));
#10316=CARTESIAN_POINT('Ctrl Pts',(6.5028307882381,29.6956904108662,18.9133170606745));
#10317=CARTESIAN_POINT('Ctrl Pts',(6.52102723293217,29.4151349319558,18.9070411177253));
#10318=CARTESIAN_POINT('Ctrl Pts',(6.83357416834811,30.3600692383359,-17.0023901101297));
#10319=CARTESIAN_POINT('Ctrl Pts',(5.77429545235759,30.6067701629488,-17.4281337628625));
#10320=CARTESIAN_POINT('Ctrl Pts',(4.6751359607911,30.8534710875616,-17.754589214495));
#10321=CARTESIAN_POINT('Ctrl Pts',(3.55519440446568,31.1001720121744,-17.9760840596001));
#10322=CARTESIAN_POINT('Ctrl Pts',(6.84900452145519,30.348982413823,-17.0407818618837));
#10323=CARTESIAN_POINT('Ctrl Pts',(5.78730942887628,30.5956833384358,-17.4674967009337));
#10324=CARTESIAN_POINT('Ctrl Pts',(4.6857184217581,30.8423842630486,-17.7946743239287));
#10325=CARTESIAN_POINT('Ctrl Pts',(3.56322210763737,31.0890851876614,-18.0166744326155));
#10326=CARTESIAN_POINT('Ctrl Pts',(6.86951510955059,30.3079423468383,-17.0918135784635));
#10327=CARTESIAN_POINT('Ctrl Pts',(5.80467318876522,30.5546432714511,-17.5197931858081));
#10328=CARTESIAN_POINT('Ctrl Pts',(4.6997161785472,30.8013441960639,-17.8479705272885));
#10329=CARTESIAN_POINT('Ctrl Pts',(3.57389282346377,31.0480451206767,-18.0706286367599));
#10330=CARTESIAN_POINT('Ctrl Pts',(6.88429675159435,30.2061700658226,-17.128591293654));
#10331=CARTESIAN_POINT('Ctrl Pts',(5.8171478308062,30.4528709904354,-17.5574981268488));
#10332=CARTESIAN_POINT('Ctrl Pts',(4.7098455046075,30.6995719150482,-17.8863720380205));
#10333=CARTESIAN_POINT('Ctrl Pts',(3.58158303209956,30.946272839661,-18.1095125404641));
#10334=CARTESIAN_POINT('Ctrl Pts',(6.87614189072372,30.0936731773481,-17.1083014537546));
#10335=CARTESIAN_POINT('Ctrl Pts',(5.81026446314204,30.3403741019609,-17.536697250379));
#10336=CARTESIAN_POINT('Ctrl Pts',(4.70425859633027,30.5870750265737,-17.8651861071177));
#10337=CARTESIAN_POINT('Ctrl Pts',(3.577340432982,30.8337759511865,-18.0880607407333));
#10338=CARTESIAN_POINT('Ctrl Pts',(6.84834876856946,30.0397289126532,-17.0391503047945));
#10339=CARTESIAN_POINT('Ctrl Pts',(5.78678278842244,30.2864298372661,-17.4658132511768));
#10340=CARTESIAN_POINT('Ctrl Pts',(4.68524075723503,30.5331307618789,-17.7929763280939));
#10341=CARTESIAN_POINT('Ctrl Pts',(3.56288094956509,30.7798316864917,-18.014949439412));
#10342=CARTESIAN_POINT('Ctrl Pts',(6.83287239683538,30.0291133217788,-17.0006440556151));
#10343=CARTESIAN_POINT('Ctrl Pts',(5.77370246310267,30.2758142463916,-17.4263439867521));
#10344=CARTESIAN_POINT('Ctrl Pts',(4.67465584933631,30.5225151710044,-17.7527659131561));
#10345=CARTESIAN_POINT('Ctrl Pts',(3.55482930501789,30.7692160956172,-17.9742380119254));
#10346=CARTESIAN_POINT('Ctrl Pts',(6.13373400859823,30.1906744792525,-17.2651776120388));
#10347=CARTESIAN_POINT('Ctrl Pts',(5.49421166270331,30.3373465950084,-17.4923406277975));
#10348=CARTESIAN_POINT('Ctrl Pts',(4.84206760072962,30.4840187107642,-17.6839741223149));
#10349=CARTESIAN_POINT('Ctrl Pts',(4.18131501330733,30.6306908265201,-17.8388861594163));
#10350=CARTESIAN_POINT('',(6.26727070545556,30.4911111111111,-17.2191847448486));
#10351=CARTESIAN_POINT('Ctrl Pts',(6.83357416831528,30.3600692383357,-17.00239011019));
#10352=CARTESIAN_POINT('Ctrl Pts',(6.64601931560885,30.4037498625942,-17.0777718646541));
#10353=CARTESIAN_POINT('Ctrl Pts',(6.45721420469532,30.4474304868527,-17.1500409442391));
#10354=CARTESIAN_POINT('Ctrl Pts',(6.2672648483565,30.4911111111112,-17.2191658626585));
#10355=CARTESIAN_POINT('',(3.94736227124886,31.0135911111111,-17.8940586919851));
#10356=CARTESIAN_POINT('Ctrl Pts',(3.94735957899843,31.0135911111111,-17.8940491275918));
#10357=CARTESIAN_POINT('Ctrl Pts',(4.73437190510545,30.8394311111111,-17.720401709706));
#10358=CARTESIAN_POINT('Ctrl Pts',(5.50991349495077,30.6652711111111,-17.4947753805178));
#10359=CARTESIAN_POINT('Ctrl Pts',(6.26726484836172,30.4911111111111,-17.2191658626503));
#10360=CARTESIAN_POINT('Ctrl Pts',(3.9473595789982,31.0135911111111,-17.894049127592));
#10361=CARTESIAN_POINT('Ctrl Pts',(3.81694265139426,31.0424514114623,-17.9228244872348));
#10362=CARTESIAN_POINT('Ctrl Pts',(3.68621073423349,31.0713117118134,-17.9501724917486));
#10363=CARTESIAN_POINT('Ctrl Pts',(3.55519440447278,31.1001720121646,-17.976084059636));
#10364=CARTESIAN_POINT('Ctrl Pts',(6.07131575747635,29.9383685561469,-16.4422892061994));
#10365=CARTESIAN_POINT('Ctrl Pts',(5.32022012681346,30.1192539335835,-16.7196312892042));
#10366=CARTESIAN_POINT('Ctrl Pts',(4.55009544194633,30.3001393110202,-16.9454254627574));
#10367=CARTESIAN_POINT('Ctrl Pts',(3.76815307252734,30.4810246884568,-17.1175574130565));
#10368=CARTESIAN_POINT('Ctrl Pts',(6.16310816751854,30.0061541823886,-16.6908806834239));
#10369=CARTESIAN_POINT('Ctrl Pts',(5.4006566988685,30.1870395598253,-16.9724159099288));
#10370=CARTESIAN_POINT('Ctrl Pts',(4.61888847515728,30.3679249372619,-17.2016238725504));
#10371=CARTESIAN_POINT('Ctrl Pts',(3.82512389495726,30.5488103146985,-17.3763582911108));
#10372=CARTESIAN_POINT('Ctrl Pts',(6.25490057756072,30.0739398086303,-16.9394721606485));
#10373=CARTESIAN_POINT('Ctrl Pts',(5.48109327092355,30.254825186067,-17.2252005306534));
#10374=CARTESIAN_POINT('Ctrl Pts',(4.68768150836823,30.4357105635036,-17.4578222823435));
#10375=CARTESIAN_POINT('Ctrl Pts',(3.88209471738718,30.6165959409402,-17.6351591691651));
#10376=CARTESIAN_POINT('Ctrl Pts',(6.34669298760291,30.141725434872,-17.188063637873));
#10377=CARTESIAN_POINT('Ctrl Pts',(5.56152984297859,30.3226108123087,-17.477985151378));
#10378=CARTESIAN_POINT('Ctrl Pts',(4.75647454157918,30.5034961897453,-17.7140206921365));
#10379=CARTESIAN_POINT('Ctrl Pts',(3.9390655398171,30.6843815671819,-17.8939600472195));
#10380=CARTESIAN_POINT('Ctrl Pts',(5.84713348521953,29.9922243633269,-16.5233382616185));
#10381=CARTESIAN_POINT('Ctrl Pts',(5.24574756418806,30.1363442339551,-16.7361410289124));
#10382=CARTESIAN_POINT('Ctrl Pts',(4.63273621613903,30.2804641045832,-16.9160876860684));
#10383=CARTESIAN_POINT('Ctrl Pts',(4.01174680389852,30.4245839752113,-17.0621088565413));
#10384=CARTESIAN_POINT('Ctrl Pts',(5.71173639353868,28.8911111111111,-15.6928667671247));
#10385=CARTESIAN_POINT('Ctrl Pts',(5.0215280642476,29.0652711111111,-15.9440820544292));
#10386=CARTESIAN_POINT('Ctrl Pts',(4.31472567715735,29.2394311111111,-16.1496947026647));
#10387=CARTESIAN_POINT('Ctrl Pts',(3.59746591503497,29.4135911111111,-16.3079195175277));
#10388=CARTESIAN_POINT('Ctrl Pts',(5.71173639353867,29.1331787158754,-15.6928667671247));
#10389=CARTESIAN_POINT('Ctrl Pts',(5.02157534497871,29.3073387158754,-15.9440648456505));
#10390=CARTESIAN_POINT('Ctrl Pts',(4.31467654334585,29.4814987158754,-16.1497055413994));
#10391=CARTESIAN_POINT('Ctrl Pts',(3.59746591503497,29.6556587158754,-16.3079195175277));
#10392=CARTESIAN_POINT('Ctrl Pts',(5.76845786752461,29.6163913611719,-15.8487077360992));
#10393=CARTESIAN_POINT('Ctrl Pts',(5.07136813153233,29.7905513611719,-16.1024276506129));
#10394=CARTESIAN_POINT('Ctrl Pts',(4.3576021006106,29.9647113611719,-16.3100660606111));
#10395=CARTESIAN_POINT('Ctrl Pts',(3.63319122783929,30.1388713611719,-16.4698683836772));
#10396=CARTESIAN_POINT('Ctrl Pts',(5.91451441769674,29.896809553415,-16.2499948096606));
#10397=CARTESIAN_POINT('Ctrl Pts',(5.19982251905989,30.070969553415,-16.5101213874356));
#10398=CARTESIAN_POINT('Ctrl Pts',(4.46788604341758,30.245129553415,-16.723045678363));
#10399=CARTESIAN_POINT('Ctrl Pts',(3.72518312394748,30.419289553415,-16.8868831583627));
#10400=CARTESIAN_POINT('Ctrl Pts',(5.99472384653795,29.9567983158477,-16.4703684042292));
#10401=CARTESIAN_POINT('Ctrl Pts',(5.27031920920894,30.1309583158477,-16.7340301297813));
#10402=CARTESIAN_POINT('Ctrl Pts',(4.52849836301705,30.3051183158477,-16.9498298377163));
#10403=CARTESIAN_POINT('Ctrl Pts',(3.77570203211123,30.4792783158477,-17.1158938864435));
#10404=CARTESIAN_POINT('Ctrl Pts',(5.52562160519119,28.937973447424,-15.7593609951402));
#10405=CARTESIAN_POINT('Ctrl Pts',(4.95682354057399,29.080891889882,-15.9587874758145));
#10406=CARTESIAN_POINT('Ctrl Pts',(4.37722152060242,29.2238103323401,-16.1273968472962));
#10407=CARTESIAN_POINT('Ctrl Pts',(3.79020674406809,29.3667287747982,-16.2642025914621));
#10408=CARTESIAN_POINT('Ctrl Pts',(5.99472384653795,27.8254239063745,-16.4703684042292));
#10409=CARTESIAN_POINT('Ctrl Pts',(5.27031920920894,27.9995839063745,-16.7340301297813));
#10410=CARTESIAN_POINT('Ctrl Pts',(4.52849836301705,28.1737439063745,-16.9498298377163));
#10411=CARTESIAN_POINT('Ctrl Pts',(3.77570203211122,28.3479039063745,-17.1158938864435));
#10412=CARTESIAN_POINT('Ctrl Pts',(5.91451441769674,27.8854126688073,-16.2499948096606));
#10413=CARTESIAN_POINT('Ctrl Pts',(5.19982251905989,28.0595726688073,-16.5101213874356));
#10414=CARTESIAN_POINT('Ctrl Pts',(4.46788604341758,28.2337326688073,-16.723045678363));
#10415=CARTESIAN_POINT('Ctrl Pts',(3.72518312394748,28.4078926688073,-16.8868831583628));
#10416=CARTESIAN_POINT('Ctrl Pts',(5.76845555344763,28.1658256079963,-15.848701378225));
#10417=CARTESIAN_POINT('Ctrl Pts',(5.07136581745535,28.3399856079963,-16.1024212927386));
#10418=CARTESIAN_POINT('Ctrl Pts',(4.35760064311808,28.5141456079963,-16.3100594535518));
#10419=CARTESIAN_POINT('Ctrl Pts',(3.63318977034676,28.6883056079963,-16.4698617766179));
#10420=CARTESIAN_POINT('Ctrl Pts',(5.71173639353868,28.6490435063468,-15.6928667671247));
#10421=CARTESIAN_POINT('Ctrl Pts',(5.02157534497872,28.8232035063468,-15.9440648456505));
#10422=CARTESIAN_POINT('Ctrl Pts',(4.31467654334585,28.9973635063468,-16.1497055413994));
#10423=CARTESIAN_POINT('Ctrl Pts',(3.59746591503497,29.1715235063468,-16.3079195175277));
#10424=CARTESIAN_POINT('Ctrl Pts',(5.71173639353868,28.8911111111111,-15.6928667671247));
#10425=CARTESIAN_POINT('Ctrl Pts',(5.0215280642476,29.0652711111111,-15.9440820544292));
#10426=CARTESIAN_POINT('Ctrl Pts',(4.31472567715735,29.2394311111111,-16.1496947026647));
#10427=CARTESIAN_POINT('Ctrl Pts',(3.59746591503497,29.4135911111111,-16.3079195175277));
#10428=CARTESIAN_POINT('Ctrl Pts',(-8.79102458545243,38.8411215460373,15.2265012325907));
#10429=CARTESIAN_POINT('Ctrl Pts',(-11.4485503861293,38.1500104349262,13.6921779961916));
#10430=CARTESIAN_POINT('Ctrl Pts',(-14.8079210458944,37.1133437682596,10.324607964446));
#10431=CARTESIAN_POINT('Ctrl Pts',(-17.7774784580421,35.3855659904818,3.16994264944836));
#10432=CARTESIAN_POINT('Ctrl Pts',(-17.7735831727189,34.0033437682596,-3.17009178833778));
#10433=CARTESIAN_POINT('Ctrl Pts',(-14.811637527667,32.2755659904818,-10.3290894311156));
#10434=CARTESIAN_POINT('Ctrl Pts',(-10.3262386807179,30.8933437682596,-14.8100071202846));
#10435=CARTESIAN_POINT('Ctrl Pts',(-3.17046261131558,29.1655659904818,-17.7755909294719));
#10436=CARTESIAN_POINT('Ctrl Pts',(3.17199689248448,27.7833437682596,-17.7780473283592));
#10437=CARTESIAN_POINT('Ctrl Pts',(7.46226168511401,26.7466771015929,-15.9936628507903));
#10438=CARTESIAN_POINT('Ctrl Pts',(8.79102458545243,26.4011215460374,-15.2265012325907));
#10439=CARTESIAN_POINT('Ctrl Pts',(-9.00872115157725,38.9577847842137,15.6035627457522));
#10440=CARTESIAN_POINT('Ctrl Pts',(-11.7320566011263,38.2666736731026,14.0312442908614));
#10441=CARTESIAN_POINT('Ctrl Pts',(-15.1746170472312,37.2300070064359,10.5802814276012));
#10442=CARTESIAN_POINT('Ctrl Pts',(-18.217711104084,35.5022292286581,3.248441534634));
#10443=CARTESIAN_POINT('Ctrl Pts',(-18.21371935785,34.1200070064359,-3.24859436672479));
#10444=CARTESIAN_POINT('Ctrl Pts',(-15.1784255621124,32.3922292286581,-10.5848738710853));
#10445=CARTESIAN_POINT('Ctrl Pts',(-10.5819525261208,31.0100070064359,-15.1767547801314));
#10446=CARTESIAN_POINT('Ctrl Pts',(-3.24897437257862,29.2822292286581,-18.215776833694));
#10447=CARTESIAN_POINT('Ctrl Pts',(3.25054664792427,27.9000070064359,-18.2182940616231));
#10448=CARTESIAN_POINT('Ctrl Pts',(7.64705342680274,26.8633403397693,-16.3897219731976));
#10449=CARTESIAN_POINT('Ctrl Pts',(9.00872115157725,26.5177847842137,-15.6035627457522));
#10450=CARTESIAN_POINT('Ctrl Pts',(-9.22641771770207,39.0744480223901,15.9806242589137));
#10451=CARTESIAN_POINT('Ctrl Pts',(-12.0155628161233,38.3833369112789,14.3703105855312));
#10452=CARTESIAN_POINT('Ctrl Pts',(-15.541313048568,37.3466702446123,10.8359548907564));
#10453=CARTESIAN_POINT('Ctrl Pts',(-18.657943750126,35.6188924668345,3.32694041981963));
#10454=CARTESIAN_POINT('Ctrl Pts',(-18.6538555429811,34.2366702446123,-3.32709694511181));
#10455=CARTESIAN_POINT('Ctrl Pts',(-15.5452135965577,32.5088924668345,-10.840658311055));
#10456=CARTESIAN_POINT('Ctrl Pts',(-10.8376663715237,31.1266702446123,-15.5435024399781));
#10457=CARTESIAN_POINT('Ctrl Pts',(-3.32748613384166,29.3988924668345,-18.655962737916));
#10458=CARTESIAN_POINT('Ctrl Pts',(3.32909640336406,28.0166702446123,-18.6585407948871));
#10459=CARTESIAN_POINT('Ctrl Pts',(7.83184516849146,26.9800035779456,-16.7857810956049));
#10460=CARTESIAN_POINT('Ctrl Pts',(9.22641771770207,26.6344480223901,-15.9806242589137));
#10461=CARTESIAN_POINT('Ctrl Pts',(-9.44411428382689,39.1911112605664,16.3576857720751));
#10462=CARTESIAN_POINT('Ctrl Pts',(-12.2990690311203,38.5000001494553,14.7093768802011));
#10463=CARTESIAN_POINT('Ctrl Pts',(-15.9080090499048,37.4633334827886,11.0916283539115));
#10464=CARTESIAN_POINT('Ctrl Pts',(-19.098176396168,35.7355557050108,3.40543930500527));
#10465=CARTESIAN_POINT('Ctrl Pts',(-19.0939917281122,34.3533334827886,-3.40559952349882));
#10466=CARTESIAN_POINT('Ctrl Pts',(-15.912001631003,32.6255557050108,-11.0964427510247));
#10467=CARTESIAN_POINT('Ctrl Pts',(-11.0933802169266,31.2433334827886,-15.9102500998249));
#10468=CARTESIAN_POINT('Ctrl Pts',(-3.40599789510469,29.5155557050108,-19.096148642138));
#10469=CARTESIAN_POINT('Ctrl Pts',(3.40764615880385,28.1333334827886,-19.098787528151));
#10470=CARTESIAN_POINT('Ctrl Pts',(8.01663691018018,27.096666816122,-17.1818402180122));
#10471=CARTESIAN_POINT('Ctrl Pts',(9.44411428382689,26.7511112605664,-16.3576857720751));
#10472=CARTESIAN_POINT('Ctrl Pts',(6.83749021447688,27.3576258736666,-17.608463085596));
#10473=CARTESIAN_POINT('Ctrl Pts',(7.63185123063493,27.1789935131961,-17.2993927774903));
#10474=CARTESIAN_POINT('Ctrl Pts',(8.40543477901507,27.0003611527256,-16.9364547726641));
#10475=CARTESIAN_POINT('Ctrl Pts',(9.15089731162768,26.8217287922551,-16.5235228643079));
#10476=CARTESIAN_POINT('Ctrl Pts',(-8.79102458545243,38.8411215460373,15.2265012325907));
#10477=CARTESIAN_POINT('Ctrl Pts',(-11.4485503861293,38.1500104349262,13.6921779961916));
#10478=CARTESIAN_POINT('Ctrl Pts',(-14.8079210458944,37.1133437682596,10.324607964446));
#10479=CARTESIAN_POINT('Ctrl Pts',(-17.7774784580421,35.3855659904818,3.16994264944836));
#10480=CARTESIAN_POINT('Ctrl Pts',(-17.7735831727189,34.0033437682596,-3.17009178833778));
#10481=CARTESIAN_POINT('Ctrl Pts',(-14.811637527667,32.2755659904818,-10.3290894311156));
#10482=CARTESIAN_POINT('Ctrl Pts',(-10.3262386807179,30.8933437682596,-14.8100071202846));
#10483=CARTESIAN_POINT('Ctrl Pts',(-3.17046261131558,29.1655659904818,-17.7755909294719));
#10484=CARTESIAN_POINT('Ctrl Pts',(3.05456382543551,27.8089361421331,-17.7780018471929));
#10485=CARTESIAN_POINT('Ctrl Pts',(7.25014826909569,26.7978618493399,-16.080677055054));
#10486=CARTESIAN_POINT('Ctrl Pts',(8.49414669618527,26.4778986676579,-15.3941057704133));
#10487=CARTESIAN_POINT('Ctrl Pts',(-10.,40.64,17.3205080756888));
#10488=CARTESIAN_POINT('Ctrl Pts',(-11.8187257328778,40.2242070781893,16.2704662842297));
#10489=CARTESIAN_POINT('Ctrl Pts',(-16.7919795324626,38.9768283127572,12.2594643388655));
#10490=CARTESIAN_POINT('Ctrl Pts',(-20.3551879303897,37.3136566255144,4.20693644317792));
#10491=CARTESIAN_POINT('Ctrl Pts',(-19.7611437708311,35.2346920164609,-6.42700375065353));
#10492=CARTESIAN_POINT('Ctrl Pts',(-15.3389032702458,33.5715203292181,-14.0408171793603));
#10493=CARTESIAN_POINT('Ctrl Pts',(-8.15550225180058,31.9083486419753,-18.6235534300252));
#10494=CARTESIAN_POINT('Ctrl Pts',(-1.99016897187403,30.6609698765432,-20.2373458557391));
#10495=CARTESIAN_POINT('Ctrl Pts',(2.25756432637055,29.8293840329218,-19.9828364945406));
#10496=CARTESIAN_POINT('Ctrl Pts',(4.30834241321555,29.4135911111111,-19.5304425359613));
#10497=CARTESIAN_POINT('Ctrl Pts',(-10.,40.9204993440705,17.3205080756888));
#10498=CARTESIAN_POINT('Ctrl Pts',(-11.8187708564028,40.5047064222598,16.2704402321504));
#10499=CARTESIAN_POINT('Ctrl Pts',(-16.7920152526155,39.2573276568277,12.2594523395336));
#10500=CARTESIAN_POINT('Ctrl Pts',(-20.3552625963999,37.5941559695849,4.20697077895444));
#10501=CARTESIAN_POINT('Ctrl Pts',(-19.7611751006357,35.5151913605314,-6.42703954795753));
#10502=CARTESIAN_POINT('Ctrl Pts',(-15.3389607568947,33.8520196732886,-14.040847436513));
#10503=CARTESIAN_POINT('Ctrl Pts',(-8.15558158334612,32.1888479860458,-18.6235724357872));
#10504=CARTESIAN_POINT('Ctrl Pts',(-1.99014230187297,30.9414692206137,-20.237381113293));
#10505=CARTESIAN_POINT('Ctrl Pts',(2.25751344550683,30.1098833769923,-19.9828477186684));
#10506=CARTESIAN_POINT('Ctrl Pts',(4.30834241321555,29.6940904551816,-19.5304425359613));
#10507=CARTESIAN_POINT('Ctrl Pts',(-9.90598487978436,41.5756373548322,17.1576691107956));
#10508=CARTESIAN_POINT('Ctrl Pts',(-11.7075669268347,41.1598444330215,16.1175252309638));
#10509=CARTESIAN_POINT('Ctrl Pts',(-16.6340739807422,39.9124656675894,12.1442187811165));
#10510=CARTESIAN_POINT('Ctrl Pts',(-20.1637440670755,38.2492939803466,4.16735070330116));
#10511=CARTESIAN_POINT('Ctrl Pts',(-19.5753279557907,36.1703293712931,-6.36654456655625));
#10512=CARTESIAN_POINT('Ctrl Pts',(-15.1946371670535,34.5071576840503,-13.9087821512078));
#10513=CARTESIAN_POINT('Ctrl Pts',(-8.07874923618292,32.8439859968075,-18.4484449510631));
#10514=CARTESIAN_POINT('Ctrl Pts',(-1.97148492051419,31.5966072313754,-20.0470491115627));
#10515=CARTESIAN_POINT('Ctrl Pts',(2.23639045280613,30.765021387754,-19.7949564450056));
#10516=CARTESIAN_POINT('Ctrl Pts',(4.26783748022469,30.3492284659433,-19.346826845673));
#10517=CARTESIAN_POINT('Ctrl Pts',(-9.6247419909568,41.9920906429213,16.6705421380788));
#10518=CARTESIAN_POINT('Ctrl Pts',(-11.3753427527178,41.5762977211106,15.6598323170325));
#10519=CARTESIAN_POINT('Ctrl Pts',(-16.1619453446489,40.3289189556785,11.7993851017368));
#10520=CARTESIAN_POINT('Ctrl Pts',(-19.5915486628961,38.6657472684357,4.04916226724807));
#10521=CARTESIAN_POINT('Ctrl Pts',(-19.0196772358176,36.5867826593822,-6.18592379270659));
#10522=CARTESIAN_POINT('Ctrl Pts',(-14.76345682889,34.9236109721394,-13.5140075294567));
#10523=CARTESIAN_POINT('Ctrl Pts',(-7.84967879856124,33.2604392848966,-17.9247419709743));
#10524=CARTESIAN_POINT('Ctrl Pts',(-1.91541289810889,32.0130605194645,-19.4780202642791));
#10525=CARTESIAN_POINT('Ctrl Pts',(2.17270740554195,31.1814746758431,-19.2329954367303));
#10526=CARTESIAN_POINT('Ctrl Pts',(4.14666841358958,30.7656817540324,-18.7975470377836));
#10527=CARTESIAN_POINT('Ctrl Pts',(-9.44411428382689,42.0888887394336,16.3576857720751));
#10528=CARTESIAN_POINT('Ctrl Pts',(-11.1617396510504,41.6730958176229,15.3660143039417));
#10529=CARTESIAN_POINT('Ctrl Pts',(-15.8585373756259,40.4257170521908,11.5779782274746));
#10530=CARTESIAN_POINT('Ctrl Pts',(-19.2236721083374,38.762545364948,3.97307885541685));
#10531=CARTESIAN_POINT('Ctrl Pts',(-18.6626500150863,36.6835807558945,-6.0697357923756));
#10532=CARTESIAN_POINT('Ctrl Pts',(-14.4862355472767,35.0204090686517,-13.2603082080199));
#10533=CARTESIAN_POINT('Ctrl Pts',(-7.70214953080122,33.3572373814089,-17.5882966964114));
#10534=CARTESIAN_POINT('Ctrl Pts',(-1.87953832145046,32.1098586159768,-19.1123807062931));
#10535=CARTESIAN_POINT('Ctrl Pts',(2.13206955013341,31.2782727723554,-18.8720191569468));
#10536=CARTESIAN_POINT('Ctrl Pts',(4.06884781242662,30.8624798505447,-18.4447731323333));
#10537=CARTESIAN_POINT('Ctrl Pts',(-17.1185861351074,39.6666447572312,7.96606673464042));
#10538=CARTESIAN_POINT('Ctrl Pts',(-18.002625310321,39.2266806525333,6.06361015655627));
#10539=CARTESIAN_POINT('Ctrl Pts',(-19.1179904402721,38.3709236260246,2.08127919758395));
#10540=CARTESIAN_POINT('Ctrl Pts',(-18.6626500150863,36.6835807558945,-6.0697357923756));
#10541=CARTESIAN_POINT('Ctrl Pts',(-14.4862355472767,35.0204090686517,-13.2603082080199));
#10542=CARTESIAN_POINT('Ctrl Pts',(-7.70214953080122,33.3572373814089,-17.5882966964114));
#10543=CARTESIAN_POINT('Ctrl Pts',(-2.01116701655639,32.1380574486471,-19.0779265443648));
#10544=CARTESIAN_POINT('Ctrl Pts',(1.86015398155307,31.334670437696,-18.8868756219168));
#10545=CARTESIAN_POINT('Ctrl Pts',(3.67387352062479,30.9470763485556,-18.527460647781));
#10546=CARTESIAN_POINT('Ctrl Pts',(-14.6715693896221,40.64,11.89580724749));
#10547=CARTESIAN_POINT('Ctrl Pts',(-15.8944984095374,40.2329218051642,10.3875205376447));
#10548=CARTESIAN_POINT('Ctrl Pts',(-18.8701361347978,39.0116872206568,5.29994377738418));
#10549=CARTESIAN_POINT('Ctrl Pts',(-19.5445302200678,36.9762962464779,-4.86965606621318));
#10550=CARTESIAN_POINT('Ctrl Pts',(-14.1834987266366,34.9409052722989,-13.517841911942));
#10551=CARTESIAN_POINT('Ctrl Pts',(-5.83137380842093,32.9055142981199,-18.710653557911));
#10552=CARTESIAN_POINT('Ctrl Pts',(2.26277685046763,31.2772015187768,-19.4730488168124));
#10553=CARTESIAN_POINT('Ctrl Pts',(7.76248913530684,30.0559669342694,-17.3285725042492));
#10554=CARTESIAN_POINT('Ctrl Pts',(9.44411428382689,29.6488887394336,-16.3576857720751));
#10555=CARTESIAN_POINT('Ctrl Pts',(-14.3333745965697,40.7566632381764,11.6215966321551));
#10556=CARTESIAN_POINT('Ctrl Pts',(-15.5281138423834,40.3495850433406,10.1480774852169));
#10557=CARTESIAN_POINT('Ctrl Pts',(-18.4351600517692,39.1283504588332,5.17777461187895));
#10558=CARTESIAN_POINT('Ctrl Pts',(-19.0940086584304,37.0929594846542,-4.7574054758493));
#10559=CARTESIAN_POINT('Ctrl Pts',(-13.8565544653084,35.0575685104753,-13.2062417261323));
#10560=CARTESIAN_POINT('Ctrl Pts',(-5.69695463307725,33.0221775362963,-18.2793537126218));
#10561=CARTESIAN_POINT('Ctrl Pts',(2.21061751233921,31.3938647569531,-19.0241749751795));
#10562=CARTESIAN_POINT('Ctrl Pts',(7.58355576172077,30.1726301724457,-16.9291310514409));
#10563=CARTESIAN_POINT('Ctrl Pts',(9.22641771770207,29.76555197761,-15.9806242589137));
#10564=CARTESIAN_POINT('Ctrl Pts',(-13.9951798035172,40.8733264763527,11.3473860168202));
#10565=CARTESIAN_POINT('Ctrl Pts',(-15.1617292752295,40.4662482815169,9.90863443278917));
#10566=CARTESIAN_POINT('Ctrl Pts',(-18.0001839687406,39.2450136970095,5.05560544637372));
#10567=CARTESIAN_POINT('Ctrl Pts',(-18.643487096793,37.2096227228305,-4.64515488548541));
#10568=CARTESIAN_POINT('Ctrl Pts',(-13.5296102039802,35.1742317486516,-12.8946415403227));
#10569=CARTESIAN_POINT('Ctrl Pts',(-5.56253545773358,33.1388407744726,-17.8480538673325));
#10570=CARTESIAN_POINT('Ctrl Pts',(2.1584581742108,31.5105279951295,-18.5753011335467));
#10571=CARTESIAN_POINT('Ctrl Pts',(7.4046223881347,30.2892934106221,-16.5296895986325));
#10572=CARTESIAN_POINT('Ctrl Pts',(9.00872115157725,29.8822152157863,-15.6035627457522));
#10573=CARTESIAN_POINT('Ctrl Pts',(-13.6569850104647,40.989989714529,11.0731754014853));
#10574=CARTESIAN_POINT('Ctrl Pts',(-14.7953447080755,40.5829115196933,9.66919138036139));
#10575=CARTESIAN_POINT('Ctrl Pts',(-17.565207885712,39.3616769351859,4.93343628086849));
#10576=CARTESIAN_POINT('Ctrl Pts',(-18.1929655351556,37.3262859610069,-4.53290429512154));
#10577=CARTESIAN_POINT('Ctrl Pts',(-13.2026659426521,35.290894986828,-12.583041354513));
#10578=CARTESIAN_POINT('Ctrl Pts',(-5.4281162823899,33.255504012649,-17.4167540220433));
#10579=CARTESIAN_POINT('Ctrl Pts',(2.10629883608238,31.6271912333058,-18.1264272919138));
#10580=CARTESIAN_POINT('Ctrl Pts',(7.22568901454863,30.4059566487984,-16.1302481458241));
#10581=CARTESIAN_POINT('Ctrl Pts',(8.79102458545243,29.9988784539627,-15.2265012325907));
#10582=CARTESIAN_POINT('Ctrl Pts',(-16.5331668241301,39.6680749064964,5.98867248723316));
#10583=CARTESIAN_POINT('Ctrl Pts',(-17.7095515124146,38.8874785913332,2.72848228702266));
#10584=CARTESIAN_POINT('Ctrl Pts',(-18.1106841315981,37.2927258864985,-4.66563712284041));
#10585=CARTESIAN_POINT('Ctrl Pts',(-13.2026659426521,35.290894986828,-12.583041354513));
#10586=CARTESIAN_POINT('Ctrl Pts',(-5.4281162823899,33.255504012649,-17.4167540220433));
#10587=CARTESIAN_POINT('Ctrl Pts',(2.02939741758738,31.6438109125398,-18.1191838788203));
#10588=CARTESIAN_POINT('Ctrl Pts',(7.08625188915217,30.4391960072665,-16.1841115430563));
#10589=CARTESIAN_POINT('Ctrl Pts',(8.59860177888235,30.0487374916647,-15.3359975981704));
#10590=CARTESIAN_POINT('Ctrl Pts',(7.02315507075091,30.213514560881,-17.5355987133959));
#10591=CARTESIAN_POINT('Ctrl Pts',(7.78701327259783,30.0410490298764,-17.2287227927889));
#10592=CARTESIAN_POINT('Ctrl Pts',(8.5309757506879,29.8685834988718,-16.8720891182518));
#10593=CARTESIAN_POINT('Ctrl Pts',(9.24833690064285,29.6961179678672,-16.469176526379));
#10594=CARTESIAN_POINT('Ctrl Pts',(-13.4349585822302,42.4411215460374,9.05217586515853));
#10595=CARTESIAN_POINT('Ctrl Pts',(-14.3359198370284,42.0470059332212,7.71499712242143));
#10596=CARTESIAN_POINT('Ctrl Pts',(-16.443413561546,40.8646590947725,3.30038203272227));
#10597=CARTESIAN_POINT('Ctrl Pts',(-16.4210878637559,38.8940810306916,-5.13047125152929));
#10598=CARTESIAN_POINT('Ctrl Pts',(-11.6380480612474,36.9235029666106,-12.0752967540123));
#10599=CARTESIAN_POINT('Ctrl Pts',(-5.97861853936894,35.3470405153458,-15.3120383748638));
#10600=CARTESIAN_POINT('Ctrl Pts',(0.381768634711379,33.770578064081,-16.765514985993));
#10601=CARTESIAN_POINT('Ctrl Pts',(5.30727113417245,32.5882312256324,-15.6419943037671));
#10602=CARTESIAN_POINT('Ctrl Pts',(8.10000000000001,31.8,-14.0296115413079));
#10603=CARTESIAN_POINT('Ctrl Pts',(-13.4349585822302,42.09243127155,9.05217586515853));
#10604=CARTESIAN_POINT('Ctrl Pts',(-14.3358855314389,41.6983156587338,7.71504803771313));
#10605=CARTESIAN_POINT('Ctrl Pts',(-16.4433701822727,40.5159688202852,3.30041774798469));
#10606=CARTESIAN_POINT('Ctrl Pts',(-16.4209699513606,38.5453907562042,-5.13041426195049));
#10607=CARTESIAN_POINT('Ctrl Pts',(-11.6379805064887,36.5748126921232,-12.0752953145574));
#10608=CARTESIAN_POINT('Ctrl Pts',(-5.97856299802781,34.9983502408584,-15.3119634339336));
#10609=CARTESIAN_POINT('Ctrl Pts',(0.381706572351817,33.4218877895936,-16.7654702033489));
#10610=CARTESIAN_POINT('Ctrl Pts',(5.30737747194188,32.239540951145,-15.6419329096273));
#10611=CARTESIAN_POINT('Ctrl Pts',(8.10000000000001,31.4513097255126,-14.0296115413079));
#10612=CARTESIAN_POINT('Ctrl Pts',(-13.6287958694927,41.2780186688323,9.182779112112));
#10613=CARTESIAN_POINT('Ctrl Pts',(-14.5427907746982,40.8839030560161,7.82625622979942));
#10614=CARTESIAN_POINT('Ctrl Pts',(-16.6807002459899,39.7015562175675,3.34796321819859));
#10615=CARTESIAN_POINT('Ctrl Pts',(-16.6581279036514,37.7309781534866,-5.20455051777453));
#10616=CARTESIAN_POINT('Ctrl Pts',(-11.8060282315119,35.7604000894056,-12.2495185301823));
#10617=CARTESIAN_POINT('Ctrl Pts',(-6.06493326340995,34.1839376381408,-15.5330337284255));
#10618=CARTESIAN_POINT('Ctrl Pts',(0.387339567174035,32.607475186876,-17.0074503157135));
#10619=CARTESIAN_POINT('Ctrl Pts',(5.38373586555573,31.4251283484274,-15.8677364886107));
#10620=CARTESIAN_POINT('Ctrl Pts',(8.216865416236,30.636897122795,-14.2320283798763));
#10621=CARTESIAN_POINT('Ctrl Pts',(-14.2086882816594,40.7603302451725,9.57349770388699));
#10622=CARTESIAN_POINT('Ctrl Pts',(-15.161442194494,40.3662146323563,8.15944990491988));
#10623=CARTESIAN_POINT('Ctrl Pts',(-17.3902831509528,39.1838677939077,3.49055187678468));
#10624=CARTESIAN_POINT('Ctrl Pts',(-17.36646660241,37.2132897298267,-5.42578225460311));
#10625=CARTESIAN_POINT('Ctrl Pts',(-12.3081063943769,35.2427116657457,-12.7707185117114));
#10626=CARTESIAN_POINT('Ctrl Pts',(-6.32277898867662,33.6662492144809,-16.1936643387801));
#10627=CARTESIAN_POINT('Ctrl Pts',(0.403584206833389,32.0897867632161,-17.730930784879));
#10628=CARTESIAN_POINT('Ctrl Pts',(5.61321361574473,30.9074399247675,-16.5426599632724));
#10629=CARTESIAN_POINT('Ctrl Pts',(8.56648529111699,30.1192086991351,-14.8375877665061));
#10630=CARTESIAN_POINT('Ctrl Pts',(-14.5811174322125,40.64,9.82443217067255));
#10631=CARTESIAN_POINT('Ctrl Pts',(-15.5589412027644,40.2458843871838,8.3731764666545));
#10632=CARTESIAN_POINT('Ctrl Pts',(-17.8462287516435,39.0635375487352,3.58194315938851));
#10633=CARTESIAN_POINT('Ctrl Pts',(-17.8219984111299,37.0929594846542,-5.56816035890751));
#10634=CARTESIAN_POINT('Ctrl Pts',(-12.6309094608769,35.1223814205732,-13.1054605729823));
#10635=CARTESIAN_POINT('Ctrl Pts',(-6.48866451439925,33.5459189693085,-16.6183340502245));
#10636=CARTESIAN_POINT('Ctrl Pts',(0.414337957247201,31.9694565180437,-18.1958091888439));
#10637=CARTESIAN_POINT('Ctrl Pts',(5.76004333607061,30.7871096795951,-16.97643907283));
#10638=CARTESIAN_POINT('Ctrl Pts',(8.79102458545243,29.9988784539627,-15.2265012325907));
#10639=CARTESIAN_POINT('Ctrl Pts',(6.84040286651336,28.8911111111111,-18.7938524157182));
#10640=CARTESIAN_POINT('Ctrl Pts',(7.93378487914061,28.6607407407407,-18.3958939084398));
#10641=CARTESIAN_POINT('Ctrl Pts',(8.99233368653654,28.4303703703704,-17.9022844930202));
#10642=CARTESIAN_POINT('Ctrl Pts',(10.,28.2,-17.3205080756888));
#10643=CARTESIAN_POINT('Ctrl Pts',(6.84040286651336,29.1716104551816,-18.7938524157182));
#10644=CARTESIAN_POINT('Ctrl Pts',(7.93381200651316,28.9412400848113,-18.3958840348836));
#10645=CARTESIAN_POINT('Ctrl Pts',(8.99230868581477,28.7108697144409,-17.9022989271937));
#10646=CARTESIAN_POINT('Ctrl Pts',(10.,28.4804993440705,-17.3205080756888));
#10647=CARTESIAN_POINT('Ctrl Pts',(6.77610424597532,29.8267705309083,-18.6171934076878));
#10648=CARTESIAN_POINT('Ctrl Pts',(7.8591798130649,29.5964001605379,-18.2229861398062));
#10649=CARTESIAN_POINT('Ctrl Pts',(8.90783386329601,29.3660297901675,-17.7339907254282));
#10650=CARTESIAN_POINT('Ctrl Pts',(9.90600170517322,29.1356594197972,-17.157698253224));
#10651=CARTESIAN_POINT('Ctrl Pts',(6.58371127043924,30.2432017540324,-18.0885980517407));
#10652=CARTESIAN_POINT('Ctrl Pts',(7.63613789508064,30.0128313836621,-17.705546086622));
#10653=CARTESIAN_POINT('Ctrl Pts',(8.65482036722808,29.7824610132917,-17.2305266486314));
#10654=CARTESIAN_POINT('Ctrl Pts',(9.62474199095679,29.5520906429213,-16.6705421380788));
#10655=CARTESIAN_POINT('Ctrl Pts',(6.46015464187693,30.3399998505447,-17.7491290047418));
#10656=CARTESIAN_POINT('Ctrl Pts',(7.49275711019016,30.1096294801743,-17.373292442446));
#10657=CARTESIAN_POINT('Ctrl Pts',(8.49246270139575,29.879259109804,-16.9071220693665));
#10658=CARTESIAN_POINT('Ctrl Pts',(9.44411428382689,29.6488887394336,-16.3576857720751));
#10659=CARTESIAN_POINT('Ctrl Pts',(7.32004250018376,28.7895672902664,-18.612267264643));
#10660=CARTESIAN_POINT('Ctrl Pts',(8.15565611718127,28.6117868184857,-18.2835899185527));
#10661=CARTESIAN_POINT('Ctrl Pts',(8.96912062637445,28.4340063467049,-17.8986029755623));
#10662=CARTESIAN_POINT('Ctrl Pts',(9.75305990576989,28.2562258749241,-17.4607459778448));
#10663=CARTESIAN_POINT('Ctrl Pts',(6.46015464187693,27.4422223716775,-17.7491290047418));
#10664=CARTESIAN_POINT('Ctrl Pts',(7.49275711019016,27.2118520013071,-17.373292442446));
#10665=CARTESIAN_POINT('Ctrl Pts',(8.49246270139575,26.9814816309368,-16.9071220693665));
#10666=CARTESIAN_POINT('Ctrl Pts',(9.44411428382689,26.7511112605664,-16.3576857720751));
#10667=CARTESIAN_POINT('Ctrl Pts',(6.55282211329866,27.5148209440617,-18.003730789991));
#10668=CARTESIAN_POINT('Ctrl Pts',(7.60022738195112,27.2844505736914,-17.6225064489879));
#10669=CARTESIAN_POINT('Ctrl Pts',(8.61429114715701,27.054080203321,-17.1496407494149));
#10670=CARTESIAN_POINT('Ctrl Pts',(9.57958506417432,26.8237098329506,-16.5923280465779));
#10671=CARTESIAN_POINT('Ctrl Pts',(6.7526235467291,27.8659783873265,-18.5526807167158));
#10672=CARTESIAN_POINT('Ctrl Pts',(7.83193482894481,27.6356080169561,-18.1598435364816));
#10673=CARTESIAN_POINT('Ctrl Pts',(8.87697656111362,27.4052376465857,-17.6725325736797));
#10674=CARTESIAN_POINT('Ctrl Pts',(9.87167521928572,27.1748672762154,-17.0982430356215));
#10675=CARTESIAN_POINT('Ctrl Pts',(6.84040286651336,28.5171119856838,-18.7938524157182));
#10676=CARTESIAN_POINT('Ctrl Pts',(7.93391396174839,28.2867416153134,-18.3958469262128));
#10677=CARTESIAN_POINT('Ctrl Pts',(8.99221472336172,28.056371244943,-17.9023531764412));
#10678=CARTESIAN_POINT('Ctrl Pts',(10.,27.8260008745726,-17.3205080756888));
#10679=CARTESIAN_POINT('Ctrl Pts',(6.84040286651336,28.8911111111111,-18.7938524157182));
#10680=CARTESIAN_POINT('Ctrl Pts',(7.93378487914061,28.6607407407407,-18.3958939084398));
#10681=CARTESIAN_POINT('Ctrl Pts',(8.99233368653654,28.4303703703704,-17.9022844930202));
#10682=CARTESIAN_POINT('Ctrl Pts',(10.,28.2,-17.3205080756888));
#10683=CARTESIAN_POINT('Ctrl Pts',(-8.79102458545243,38.8411215460373,15.2265012325907));
#10684=CARTESIAN_POINT('Ctrl Pts',(-11.4485503861293,38.1500104349262,13.6921779961916));
#10685=CARTESIAN_POINT('Ctrl Pts',(-14.8078993129389,37.1133437682596,10.3245722433827));
#10686=CARTESIAN_POINT('Ctrl Pts',(-17.7774829137875,35.3855659904818,3.16993555096603));
#10687=CARTESIAN_POINT('Ctrl Pts',(-17.7735596940584,34.0033437682596,-3.17011191515921));
#10688=CARTESIAN_POINT('Ctrl Pts',(-14.8116445901748,32.2755659904818,-10.3291016095419));
#10689=CARTESIAN_POINT('Ctrl Pts',(-10.3262131810526,30.8933437682596,-14.8100032140079));
#10690=CARTESIAN_POINT('Ctrl Pts',(-3.17046546987974,29.1655659904818,-17.7756081570238));
#10691=CARTESIAN_POINT('Ctrl Pts',(3.1720018173877,27.7833437682596,-17.7780291880264));
#10692=CARTESIAN_POINT('Ctrl Pts',(7.46226168511401,26.7466771015929,-15.9936628507903));
#10693=CARTESIAN_POINT('Ctrl Pts',(8.79102458545243,26.4011215460373,-15.2265012325907));
#10694=CARTESIAN_POINT('Ctrl Pts',(-8.62262011470085,38.750873862158,14.9348161330272));
#10695=CARTESIAN_POINT('Ctrl Pts',(-11.2292693323262,38.0597627510469,13.4298665055483));
#10696=CARTESIAN_POINT('Ctrl Pts',(-14.524234881459,37.0230960843802,10.1268091128586));
#10697=CARTESIAN_POINT('Ctrl Pts',(-17.4369631572794,35.2953183066024,3.10919705597358));
#10698=CARTESIAN_POINT('Ctrl Pts',(-17.4330960596222,33.9130960843802,-3.10937329174683));
#10699=CARTESIAN_POINT('Ctrl Pts',(-14.5279249573653,32.1853183066024,-10.1312613321881));
#10700=CARTESIAN_POINT('Ctrl Pts',(-10.1284163668841,30.8030960843802,-14.5262996616594));
#10701=CARTESIAN_POINT('Ctrl Pts',(-3.10972952187202,29.0753183066024,-17.4351220324188));
#10702=CARTESIAN_POINT('Ctrl Pts',(3.11122547773178,27.6930960843802,-17.4374755763443));
#10703=CARTESIAN_POINT('Ctrl Pts',(7.31929550588819,26.6564294177135,-15.6872909467667));
#10704=CARTESIAN_POINT('Ctrl Pts',(8.62262011470085,26.310873862158,-14.9348161330272));
#10705=CARTESIAN_POINT('Ctrl Pts',(-8.2595329362129,38.3143272392433,14.3059306923093));
#10706=CARTESIAN_POINT('Ctrl Pts',(-10.756522568375,37.6232161281322,12.8642930560168));
#10707=CARTESIAN_POINT('Ctrl Pts',(-13.9126441219667,36.5865494614655,9.70044226721475));
#10708=CARTESIAN_POINT('Ctrl Pts',(-16.7028215455463,34.8587716836878,2.97822819612633));
#10709=CARTESIAN_POINT('Ctrl Pts',(-16.6990561710823,33.4765494614656,-2.97840744705172));
#10710=CARTESIAN_POINT('Ctrl Pts',(-13.9162319397317,31.7487716836878,-9.70473789842528));
#10711=CARTESIAN_POINT('Ctrl Pts',(-9.70197461967685,30.3665494614655,-13.9146257534983));
#10712=CARTESIAN_POINT('Ctrl Pts',(-2.97877901564711,28.6387716836878,-16.7010506213403));
#10713=CARTESIAN_POINT('Ctrl Pts',(2.98017678319433,27.2565494614656,-16.7032372790181));
#10714=CARTESIAN_POINT('Ctrl Pts',(7.01103812013184,26.2198827947989,-15.0267495104555));
#10715=CARTESIAN_POINT('Ctrl Pts',(8.2595329362129,25.8743272392433,-14.3059306923093));
#10716=CARTESIAN_POINT('Ctrl Pts',(-8.10000000000001,37.5049203659831,14.0296115413079));
#10717=CARTESIAN_POINT('Ctrl Pts',(-10.5481854903891,36.813809254872,12.6161509894056));
#10718=CARTESIAN_POINT('Ctrl Pts',(-13.6438897949759,35.7771425882054,9.51274466772096));
#10719=CARTESIAN_POINT('Ctrl Pts',(-16.3796151144014,34.0493648104276,2.92095299453456));
#10720=CARTESIAN_POINT('Ctrl Pts',(-16.3762635728905,32.6671425882054,-2.9210705351947));
#10721=CARTESIAN_POINT('Ctrl Pts',(-13.6471117991888,30.9393648104276,-9.51678492690424));
#10722=CARTESIAN_POINT('Ctrl Pts',(-9.514287732413,29.5571425882054,-13.6458119616857));
#10723=CARTESIAN_POINT('Ctrl Pts',(-2.9212655954806,27.8293648104276,-16.3779192883531));
#10724=CARTESIAN_POINT('Ctrl Pts',(2.92283280365832,26.4471425882054,-16.3804420229756));
#10725=CARTESIAN_POINT('Ctrl Pts',(6.87590725480546,25.4104759215387,-14.7363418172591));
#10726=CARTESIAN_POINT('Ctrl Pts',(8.10000000000001,25.0649203659831,-14.0296115413079));
#10727=CARTESIAN_POINT('Ctrl Pts',(-8.10000000000001,37.04,14.0296115413079));
#10728=CARTESIAN_POINT('Ctrl Pts',(-10.5486291417162,36.3488888888889,12.6158948471925));
#10729=CARTESIAN_POINT('Ctrl Pts',(-13.6439141159145,35.3122222222222,9.51300208053004));
#10730=CARTESIAN_POINT('Ctrl Pts',(-16.3800715379603,33.5844444444444,2.9207605681498));
#10731=CARTESIAN_POINT('Ctrl Pts',(-16.3764567056394,32.2022222222222,-2.92092306911324));
#10732=CARTESIAN_POINT('Ctrl Pts',(-13.6473649930353,30.4744444444444,-9.51717541272056));
#10733=CARTESIAN_POINT('Ctrl Pts',(-9.51451403115616,29.0922222222222,-13.6458526383805));
#10734=CARTESIAN_POINT('Ctrl Pts',(-2.92124883241971,27.3644444444444,-16.3783441477525));
#10735=CARTESIAN_POINT('Ctrl Pts',(2.92266441426612,25.9822222222222,-16.3805748719338));
#10736=CARTESIAN_POINT('Ctrl Pts',(6.87568542914191,24.9455555555556,-14.7364698883656));
#10737=CARTESIAN_POINT('Ctrl Pts',(8.10000000000001,24.6,-14.0296115413079));
#10738=CARTESIAN_POINT('Ctrl Pts',(-8.10000000000001,37.04,14.0296115413079));
#10739=CARTESIAN_POINT('Ctrl Pts',(-10.5486291417162,36.3488888888889,12.6158948471925));
#10740=CARTESIAN_POINT('Ctrl Pts',(-13.6439141159145,35.3122222222222,9.51300208053004));
#10741=CARTESIAN_POINT('Ctrl Pts',(-15.8328400535511,33.93,4.23920887062585));
#10742=CARTESIAN_POINT('Ctrl Pts',(-16.1964560990503,33.2388888888889,1.41301545655414));
#10743=CARTESIAN_POINT('Ctrl Pts',(-16.1960891506449,32.8933333333333,-0.000214944855953525));
#10744=CARTESIAN_POINT('Ctrl Pts',(-14.6904298601538,22.5600867081673,2.99264765548471));
#10745=CARTESIAN_POINT('Ctrl Pts',(-14.6947431431054,22.5691018619948,2.98486030284198));
#10746=CARTESIAN_POINT('Ctrl Pts',(-14.7000162161268,22.5771425045873,2.97627069115761));
#10747=CARTESIAN_POINT('Ctrl Pts',(-14.7060797552159,22.5841576208438,2.96750090670735));
#10748=CARTESIAN_POINT('Ctrl Pts',(-14.6839353535444,22.5361480448083,2.95534997896495));
#10749=CARTESIAN_POINT('Ctrl Pts',(-14.6877817524653,22.5452620712258,2.95006399845752));
#10750=CARTESIAN_POINT('Ctrl Pts',(-14.6926219727006,22.5536640031071,2.94361716840974));
#10751=CARTESIAN_POINT('Ctrl Pts',(-14.6982265047849,22.5611878674119,2.93674383656366));
#10752=CARTESIAN_POINT('Ctrl Pts',(-14.6473115649992,22.504630996275,2.88813571862944));
#10753=CARTESIAN_POINT('Ctrl Pts',(-14.6534843375375,22.5142607435841,2.8865089898172));
#10754=CARTESIAN_POINT('Ctrl Pts',(-14.6599735527938,22.5234377085586,2.88342209899722));
#10755=CARTESIAN_POINT('Ctrl Pts',(-14.6670569082764,22.5317535277801,2.87950350220135));
#10756=CARTESIAN_POINT('Ctrl Pts',(-14.5804916125821,22.502745808122,2.84242526035539));
#10757=CARTESIAN_POINT('Ctrl Pts',(-14.5921288873096,22.5123770497056,2.83983661866818));
#10758=CARTESIAN_POINT('Ctrl Pts',(-14.6033767572516,22.5213772377131,2.83653838508156));
#10759=CARTESIAN_POINT('Ctrl Pts',(-14.6145878964612,22.5294682407317,2.83278611506573));
#10760=CARTESIAN_POINT('Ctrl Pts',(-14.5499629849068,22.507429491668,2.82921009375871));
#10761=CARTESIAN_POINT('Ctrl Pts',(-14.5638969096514,22.5169519224912,2.82517703604205));
#10762=CARTESIAN_POINT('Ctrl Pts',(-14.5772799330667,22.5257225327773,2.82098232994008));
#10763=CARTESIAN_POINT('Ctrl Pts',(-14.590390463753,22.5335283859639,2.81661222436522));
#10764=CARTESIAN_POINT('',(-14.6904298601566,22.560086708173,2.99264765547975));
#10765=CARTESIAN_POINT('',(-14.5499629849245,22.5074294916654,2.82921009376623));
#10766=CARTESIAN_POINT('Origin',(-14.5056077880657,22.6348589833481,2.97683915987828));
#10767=CARTESIAN_POINT('',(-14.590390463753,22.533528385964,2.81661222436522));
#10768=CARTESIAN_POINT('Ctrl Pts',(-14.5499629849068,22.507429491668,2.82921009375871));
#10769=CARTESIAN_POINT('Ctrl Pts',(-14.5638969096514,22.5169519224912,2.82517703604205));
#10770=CARTESIAN_POINT('Ctrl Pts',(-14.5772799330667,22.5257225327773,2.82098232994008));
#10771=CARTESIAN_POINT('Ctrl Pts',(-14.590390463753,22.5335283859639,2.81661222436522));
#10772=CARTESIAN_POINT('',(-14.7059319637798,22.5839660367993,2.96763981509804));
#10773=CARTESIAN_POINT('Origin',(-14.5379695880141,22.6870567719279,2.93357840105777));
#10774=CARTESIAN_POINT('Ctrl Pts',(-14.7060797552159,22.5841576208438,2.96750090670735));
#10775=CARTESIAN_POINT('Ctrl Pts',(-14.7000162161268,22.5771425045873,2.97627069115761));
#10776=CARTESIAN_POINT('Ctrl Pts',(-14.6947431431054,22.5691018619948,2.98486030284198));
#10777=CARTESIAN_POINT('Ctrl Pts',(-14.6904298601538,22.5600867081673,2.99264765548471));
#10778=CARTESIAN_POINT('Ctrl Pts',(-14.640149229613,22.58,2.69846458614092));
#10779=CARTESIAN_POINT('Ctrl Pts',(-14.6407316252266,22.58,2.72004751526341));
#10780=CARTESIAN_POINT('Ctrl Pts',(-14.6382561712777,22.5751775780219,2.75559131958613));
#10781=CARTESIAN_POINT('Ctrl Pts',(-14.6226013521503,22.5569863843215,2.79661566288624));
#10782=CARTESIAN_POINT('Ctrl Pts',(-14.6044480002472,22.5418980750835,2.81192645533963));
#10783=CARTESIAN_POINT('Ctrl Pts',(-14.5903904637538,22.5335283859644,2.81661222436494));
#10784=CARTESIAN_POINT('Ctrl Pts',(-14.7077030763566,22.58,2.71091607555105));
#10785=CARTESIAN_POINT('Ctrl Pts',(-14.7060632241929,22.5815958838823,2.73621849566897));
#10786=CARTESIAN_POINT('Ctrl Pts',(-14.6991286590236,22.5780818320908,2.77862119189765));
#10787=CARTESIAN_POINT('Ctrl Pts',(-14.6779505158779,22.5567454318872,2.8286524235405));
#10788=CARTESIAN_POINT('Ctrl Pts',(-14.6591874190423,22.5364610583059,2.8483594191731));
#10789=CARTESIAN_POINT('Ctrl Pts',(-14.6468511400725,22.5240547137556,2.85435130266651));
#10790=CARTESIAN_POINT('Ctrl Pts',(-14.7740506179496,22.618198126277,2.72314521943191));
#10791=CARTESIAN_POINT('Ctrl Pts',(-14.7688262458753,22.6195308592914,2.75558398523942));
#10792=CARTESIAN_POINT('Ctrl Pts',(-14.7551271157587,22.6137494446545,2.80933064391234));
#10793=CARTESIAN_POINT('Ctrl Pts',(-14.7252194111448,22.585267008003,2.87399455461643));
#10794=CARTESIAN_POINT('Ctrl Pts',(-14.7038972147459,22.5594180583444,2.90244478829739));
#10795=CARTESIAN_POINT('Ctrl Pts',(-14.6923365669614,22.5439605523378,2.91367603395606));
#10796=CARTESIAN_POINT('Ctrl Pts',(-14.808806785362,22.6771008489145,2.72955145788217));
#10797=CARTESIAN_POINT('Ctrl Pts',(-14.8014501439123,22.6771008489145,2.76946390631879));
#10798=CARTESIAN_POINT('Ctrl Pts',(-14.7832060583678,22.6674560049582,2.83494301756332));
#10799=CARTESIAN_POINT('Ctrl Pts',(-14.7454298697835,22.6310736175574,2.91445951566792));
#10800=CARTESIAN_POINT('Ctrl Pts',(-14.7195838365478,22.6008969990814,2.95135511942698));
#10801=CARTESIAN_POINT('Ctrl Pts',(-14.7060797552156,22.5841576208434,2.96750090670745));
#10802=CARTESIAN_POINT('',(-14.640149229613,22.58,2.69846458614092));
#10803=CARTESIAN_POINT('Ctrl Pts',(-14.5903904637538,22.5335283859644,2.81661222436494));
#10804=CARTESIAN_POINT('Ctrl Pts',(-14.6044480002472,22.5418980750835,2.81192645533963));
#10805=CARTESIAN_POINT('Ctrl Pts',(-14.6226013521503,22.5569863843215,2.79661566288624));
#10806=CARTESIAN_POINT('Ctrl Pts',(-14.6382561712777,22.5751775780219,2.75559131958613));
#10807=CARTESIAN_POINT('Ctrl Pts',(-14.6407316252266,22.58,2.72004751526341));
#10808=CARTESIAN_POINT('Ctrl Pts',(-14.640149229613,22.58,2.69846458614092));
#10809=CARTESIAN_POINT('',(-14.808806785362,22.6771008489145,2.72955145788217));
#10810=CARTESIAN_POINT('Origin',(-14.640149229613,22.78,2.69846458614092));
#10811=CARTESIAN_POINT('Ctrl Pts',(-14.808806785362,22.6771008489145,2.72955145788217));
#10812=CARTESIAN_POINT('Ctrl Pts',(-14.8014501439123,22.6771008489145,2.76946390631879));
#10813=CARTESIAN_POINT('Ctrl Pts',(-14.7832060583678,22.6674560049582,2.83494301756332));
#10814=CARTESIAN_POINT('Ctrl Pts',(-14.7454298697835,22.6310736175574,2.91445951566792));
#10815=CARTESIAN_POINT('Ctrl Pts',(-14.7195838365478,22.6008969990814,2.95135511942698));
#10816=CARTESIAN_POINT('Ctrl Pts',(-14.7060797552156,22.5841576208434,2.96750090670745));
#10817=CARTESIAN_POINT('Origin',(0.,22.78,0.));
#10818=CARTESIAN_POINT('',(-14.640149229613,22.58,-2.69846458614092));
#10819=CARTESIAN_POINT('',(-14.808806785362,22.6771008489145,-2.72955145788217));
#10820=CARTESIAN_POINT('Origin',(-14.640149229613,22.78,-2.69846458614092));
#10821=CARTESIAN_POINT('',(-15.0582605093487,22.6771008489145,-1.84410505335009E-15));
#10822=CARTESIAN_POINT('Origin',(0.,22.6771008489145,0.));
#10823=CARTESIAN_POINT('Origin',(0.,22.6771008489145,0.));
#10824=CARTESIAN_POINT('Origin',(0.,22.58,0.));
#10825=CARTESIAN_POINT('Ctrl Pts',(-14.5903904637333,22.5335283859522,-2.81661222437178));
#10826=CARTESIAN_POINT('Ctrl Pts',(-14.5974193161575,22.5377132806289,-2.81426931180265));
#10827=CARTESIAN_POINT('Ctrl Pts',(-14.6144994264257,22.5496751553009,-2.80508670286375));
#10828=CARTESIAN_POINT('Ctrl Pts',(-14.6304958806602,22.5657446213963,-2.78013218115089));
#10829=CARTESIAN_POINT('Ctrl Pts',(-14.6393973168677,22.577448117604,-2.74135284633258));
#10830=CARTESIAN_POINT('Ctrl Pts',(-14.6405374980052,22.58,-2.71285337787069));
#10831=CARTESIAN_POINT('Ctrl Pts',(-14.640149229613,22.58,-2.69846458614092));
#10832=CARTESIAN_POINT('Ctrl Pts',(-14.6468511400544,22.5240547137376,-2.85435130267535));
#10833=CARTESIAN_POINT('Ctrl Pts',(-14.6530193534091,22.5302579603016,-2.85135532505179));
#10834=CARTESIAN_POINT('Ctrl Pts',(-14.6691422514536,22.5471405469324,-2.8394352887023));
#10835=CARTESIAN_POINT('Ctrl Pts',(-14.6880523924562,22.5673510226016,-2.80835277573917));
#10836=CARTESIAN_POINT('Ctrl Pts',(-14.7021494802374,22.5798984749191,-2.76158708672774));
#10837=CARTESIAN_POINT('Ctrl Pts',(-14.7066098284885,22.5810639353295,-2.72778455764028));
#10838=CARTESIAN_POINT('Ctrl Pts',(-14.7077030763566,22.58,-2.71091607555105));
#10839=CARTESIAN_POINT('Ctrl Pts',(-14.6923365669444,22.5439605523153,-2.91367603397253));
#10840=CARTESIAN_POINT('Ctrl Pts',(-14.698116960061,22.5516893978777,-2.90806034389319));
#10841=CARTESIAN_POINT('Ctrl Pts',(-14.7147680123238,22.5729471955152,-2.8889955762301));
#10842=CARTESIAN_POINT('Ctrl Pts',(-14.7389062440081,22.5992503314055,-2.84751293888851));
#10843=CARTESIAN_POINT('Ctrl Pts',(-14.7609544779659,22.6166033832881,-2.78782379161753));
#10844=CARTESIAN_POINT('Ctrl Pts',(-14.7705676615228,22.6190866255936,-2.74477132228968));
#10845=CARTESIAN_POINT('Ctrl Pts',(-14.7740506179496,22.618198126277,-2.7231452194319));
#10846=CARTESIAN_POINT('Ctrl Pts',(-14.7060797551959,22.5841576208189,-2.96750090673104));
#10847=CARTESIAN_POINT('Ctrl Pts',(-14.7128318767232,22.5925274101722,-2.95942791641275));
#10848=CARTESIAN_POINT('Ctrl Pts',(-14.7326666114941,22.6164511595163,-2.9335737974293));
#10849=CARTESIAN_POINT('Ctrl Pts',(-14.7625741625481,22.6485900917071,-2.88175352972418));
#10850=CARTESIAN_POINT('Ctrl Pts',(-14.7909327240758,22.6719970841225,-2.80881262902683));
#10851=CARTESIAN_POINT('Ctrl Pts',(-14.8039022989946,22.6771008489145,-2.75616007549475));
#10852=CARTESIAN_POINT('Ctrl Pts',(-14.808806785362,22.6771008489145,-2.72955145788217));
#10853=CARTESIAN_POINT('',(-14.5903904637333,22.5335283859522,-2.81661222437178));
#10854=CARTESIAN_POINT('Ctrl Pts',(-14.640149229613,22.58,-2.69846458614092));
#10855=CARTESIAN_POINT('Ctrl Pts',(-14.6405374980052,22.58,-2.71285337787069));
#10856=CARTESIAN_POINT('Ctrl Pts',(-14.6393973168677,22.577448117604,-2.74135284633258));
#10857=CARTESIAN_POINT('Ctrl Pts',(-14.6304958806602,22.5657446213963,-2.78013218115089));
#10858=CARTESIAN_POINT('Ctrl Pts',(-14.6144994264257,22.5496751553009,-2.80508670286375));
#10859=CARTESIAN_POINT('Ctrl Pts',(-14.5974193161575,22.5377132806289,-2.81426931180265));
#10860=CARTESIAN_POINT('Ctrl Pts',(-14.5903904637333,22.5335283859522,-2.81661222437178));
#10861=CARTESIAN_POINT('',(-14.705932579391,22.5839668239618,-2.96763924468044));
#10862=CARTESIAN_POINT('Origin',(-14.5379695879952,22.6870567719044,-2.9335784010801));
#10863=CARTESIAN_POINT('Ctrl Pts',(-14.7060797551959,22.5841576208189,-2.96750090673104));
#10864=CARTESIAN_POINT('Ctrl Pts',(-14.7128318767232,22.5925274101722,-2.95942791641275));
#10865=CARTESIAN_POINT('Ctrl Pts',(-14.7326666114941,22.6164511595163,-2.9335737974293));
#10866=CARTESIAN_POINT('Ctrl Pts',(-14.7625741625481,22.6485900917071,-2.88175352972418));
#10867=CARTESIAN_POINT('Ctrl Pts',(-14.7909327240758,22.6719970841225,-2.80881262902683));
#10868=CARTESIAN_POINT('Ctrl Pts',(-14.8039022989946,22.6771008489145,-2.75616007549475));
#10869=CARTESIAN_POINT('Ctrl Pts',(-14.808806785362,22.6771008489145,-2.72955145788217));
#10870=CARTESIAN_POINT('Ctrl Pts',(-14.7060797552068,22.5841576208333,-2.96750090672059));
#10871=CARTESIAN_POINT('Ctrl Pts',(-14.7000162161398,22.5771425046004,-2.97627069113961));
#10872=CARTESIAN_POINT('Ctrl Pts',(-14.6947431430703,22.5691018619612,-2.98486030289372));
#10873=CARTESIAN_POINT('Ctrl Pts',(-14.6904298600669,22.5600867079856,-2.99264765564161));
#10874=CARTESIAN_POINT('Ctrl Pts',(-14.6982265047764,22.5611878674006,-2.93674383657404));
#10875=CARTESIAN_POINT('Ctrl Pts',(-14.6926219727127,22.5536640031214,-2.94361716839531));
#10876=CARTESIAN_POINT('Ctrl Pts',(-14.6877817524328,22.5452620711878,-2.95006399850091));
#10877=CARTESIAN_POINT('Ctrl Pts',(-14.6839353534661,22.5361480446249,-2.95534997907177));
#10878=CARTESIAN_POINT('Ctrl Pts',(-14.6670569082657,22.5317535277675,-2.87950350220726));
#10879=CARTESIAN_POINT('Ctrl Pts',(-14.6599735528087,22.5234377085746,-2.88342209898843));
#10880=CARTESIAN_POINT('Ctrl Pts',(-14.6534843375017,22.51426074354,-2.88650898984544));
#10881=CARTESIAN_POINT('Ctrl Pts',(-14.6473115648751,22.5046309960809,-2.88813571866209));
#10882=CARTESIAN_POINT('Ctrl Pts',(-14.6145878964443,22.5294682407195,-2.8327861150714));
#10883=CARTESIAN_POINT('Ctrl Pts',(-14.6033767572743,22.5213772377286,-2.83653838507349));
#10884=CARTESIAN_POINT('Ctrl Pts',(-14.5921288872547,22.5123770496638,-2.83983661869081));
#10885=CARTESIAN_POINT('Ctrl Pts',(-14.5804916123477,22.502745807928,-2.84242526040773));
#10886=CARTESIAN_POINT('Ctrl Pts',(-14.5903904637332,22.5335283859522,-2.81661222437181));
#10887=CARTESIAN_POINT('Ctrl Pts',(-14.577279933093,22.5257225327922,-2.82098232993106));
#10888=CARTESIAN_POINT('Ctrl Pts',(-14.5638969095866,22.5169519224517,-2.82517703606479));
#10889=CARTESIAN_POINT('Ctrl Pts',(-14.549962984626,22.5074294914761,-2.82921009383997));
#10890=CARTESIAN_POINT('',(-14.5499629847484,22.5074294914584,-2.82921009389202));
#10891=CARTESIAN_POINT('',(-14.6904298600859,22.5600867080253,-2.99264765560732));
#10892=CARTESIAN_POINT('Origin',(-14.5056077879202,22.6348589830361,-2.97683916010386));
#10893=CARTESIAN_POINT('Ctrl Pts',(-14.6904298600669,22.5600867079856,-2.99264765564161));
#10894=CARTESIAN_POINT('Ctrl Pts',(-14.6947431430703,22.5691018619612,-2.98486030289372));
#10895=CARTESIAN_POINT('Ctrl Pts',(-14.7000162161398,22.5771425046004,-2.97627069113961));
#10896=CARTESIAN_POINT('Ctrl Pts',(-14.7060797552068,22.5841576208333,-2.96750090672059));
#10897=CARTESIAN_POINT('Ctrl Pts',(-14.5903904637332,22.5335283859522,-2.81661222437181));
#10898=CARTESIAN_POINT('Ctrl Pts',(-14.577279933093,22.5257225327922,-2.82098232993106));
#10899=CARTESIAN_POINT('Ctrl Pts',(-14.5638969095866,22.5169519224517,-2.82517703606479));
#10900=CARTESIAN_POINT('Ctrl Pts',(-14.549962984626,22.5074294914761,-2.82921009383997));
#10901=CARTESIAN_POINT('Ctrl Pts',(-14.5499629849365,22.507429491674,2.8292100937624));
#10902=CARTESIAN_POINT('Ctrl Pts',(-14.5382198775154,22.4899619005271,2.84075943471504));
#10903=CARTESIAN_POINT('Ctrl Pts',(-14.5300715472268,22.4605065277276,2.85587614202906));
#10904=CARTESIAN_POINT('Ctrl Pts',(-14.5337497415969,22.4162348506869,2.86976164745061));
#10905=CARTESIAN_POINT('Ctrl Pts',(-14.5367694805195,22.3931677056732,2.87312252962479));
#10906=CARTESIAN_POINT('Ctrl Pts',(-14.5367694805195,22.3799999999997,2.87312252962476));
#10907=CARTESIAN_POINT('Ctrl Pts',(-14.59066782183,22.5011845802828,2.84683031589467));
#10908=CARTESIAN_POINT('Ctrl Pts',(-14.5813237803509,22.4856825352894,2.85625563958172));
#10909=CARTESIAN_POINT('Ctrl Pts',(-14.5750838520831,22.4618302080151,2.86826504925145));
#10910=CARTESIAN_POINT('Ctrl Pts',(-14.5706295723783,22.4206843155143,2.88007938964174));
#10911=CARTESIAN_POINT('Ctrl Pts',(-14.5685975853107,22.3951022041547,2.88266983027512));
#10912=CARTESIAN_POINT('Ctrl Pts',(-14.5662478384449,22.3799999999997,2.88197931104046));
#10913=CARTESIAN_POINT('Ctrl Pts',(-14.6555898198546,22.5077342840527,2.8977677175405));
#10914=CARTESIAN_POINT('Ctrl Pts',(-14.6494300450612,22.4941112080042,2.90644170661839));
#10915=CARTESIAN_POINT('Ctrl Pts',(-14.6453043728413,22.4754322324873,2.91652785872077));
#10916=CARTESIAN_POINT('Ctrl Pts',(-14.6293883278338,22.4313428417359,2.91700778939577));
#10917=CARTESIAN_POINT('Ctrl Pts',(-14.6199823109115,22.399326853533,2.91349963007176));
#10918=CARTESIAN_POINT('Ctrl Pts',(-14.6141501873028,22.3799999999996,2.9096018455359));
#10919=CARTESIAN_POINT('Ctrl Pts',(-14.6855589802,22.542132710656,2.96467439809327));
#10920=CARTESIAN_POINT('Ctrl Pts',(-14.6787038854635,22.5269183162725,2.97696886687655));
#10921=CARTESIAN_POINT('Ctrl Pts',(-14.6737823246777,22.502990223273,2.99132319063954));
#10922=CARTESIAN_POINT('Ctrl Pts',(-14.6623042503779,22.4445070046801,2.97678819749248));
#10923=CARTESIAN_POINT('Ctrl Pts',(-14.6532903922966,22.4042332890305,2.96248043266849));
#10924=CARTESIAN_POINT('Ctrl Pts',(-14.6469740424241,22.3799999999995,2.95334572997619));
#10925=CARTESIAN_POINT('Ctrl Pts',(-14.6904298601566,22.560086708173,2.99264765547975));
#10926=CARTESIAN_POINT('Ctrl Pts',(-14.6825177351426,22.5435496469845,3.0069324840708));
#10927=CARTESIAN_POINT('Ctrl Pts',(-14.6766495078116,22.5158190722527,3.02395947302279));
#10928=CARTESIAN_POINT('Ctrl Pts',(-14.6703765685401,22.4501377374059,3.00431083391793));
#10929=CARTESIAN_POINT('Ctrl Pts',(-14.6632735472393,22.4063354113463,2.9853583151154));
#10930=CARTESIAN_POINT('Ctrl Pts',(-14.657448475343,22.3799999999994,2.9739177460837));
#10931=CARTESIAN_POINT('',(-14.6574484753482,22.38,2.97391774609396));
#10932=CARTESIAN_POINT('',(-14.5367694805195,22.38,2.87312252962476));
#10933=CARTESIAN_POINT('Origin',(-14.4792207792208,22.38,3.06466403159975));
#10934=CARTESIAN_POINT('Ctrl Pts',(-14.5367694805195,22.3799999999997,2.87312252962476));
#10935=CARTESIAN_POINT('Ctrl Pts',(-14.5367694805195,22.3931677056732,2.87312252962479));
#10936=CARTESIAN_POINT('Ctrl Pts',(-14.5337497415969,22.4162348506869,2.86976164745061));
#10937=CARTESIAN_POINT('Ctrl Pts',(-14.5300715472268,22.4605065277276,2.85587614202906));
#10938=CARTESIAN_POINT('Ctrl Pts',(-14.5382198775154,22.4899619005271,2.84075943471504));
#10939=CARTESIAN_POINT('Ctrl Pts',(-14.5499629849365,22.507429491674,2.8292100937624));
#10940=CARTESIAN_POINT('Ctrl Pts',(-14.6904298601566,22.560086708173,2.99264765547975));
#10941=CARTESIAN_POINT('Ctrl Pts',(-14.6825177351426,22.5435496469845,3.0069324840708));
#10942=CARTESIAN_POINT('Ctrl Pts',(-14.6766495078116,22.5158190722527,3.02395947302279));
#10943=CARTESIAN_POINT('Ctrl Pts',(-14.6703765685401,22.4501377374059,3.00431083391793));
#10944=CARTESIAN_POINT('Ctrl Pts',(-14.6632735472393,22.4063354113463,2.9853583151154));
#10945=CARTESIAN_POINT('Ctrl Pts',(-14.657448475343,22.3799999999994,2.9739177460837));
#10946=CARTESIAN_POINT('Ctrl Pts',(-14.6904298600859,22.5600867080253,-2.99264765560731));
#10947=CARTESIAN_POINT('Ctrl Pts',(-14.682517736043,22.5435496488056,-3.00693248245505));
#10948=CARTESIAN_POINT('Ctrl Pts',(-14.6766495059267,22.515819058876,-3.02395947370295));
#10949=CARTESIAN_POINT('Ctrl Pts',(-14.670376569236,22.4501377395122,-3.00431083055978));
#10950=CARTESIAN_POINT('Ctrl Pts',(-14.6632735465376,22.406335408174,-2.98535831373726));
#10951=CARTESIAN_POINT('Ctrl Pts',(-14.6574484753431,22.38,-2.97391774608394));
#10952=CARTESIAN_POINT('Ctrl Pts',(-14.6839353534896,22.536148044685,-2.95534997906828));
#10953=CARTESIAN_POINT('Ctrl Pts',(-14.6774530995812,22.5213828053132,-2.96696072089901));
#10954=CARTESIAN_POINT('Ctrl Pts',(-14.6729244777104,22.498698457566,-2.98037254004301));
#10955=CARTESIAN_POINT('Ctrl Pts',(-14.6596119757374,22.4426680893543,-2.96759337625855));
#10956=CARTESIAN_POINT('Ctrl Pts',(-14.6499722278602,22.403531211064,-2.95484572034679));
#10957=CARTESIAN_POINT('Ctrl Pts',(-14.6434825647845,22.38,-2.94648839127386));
#10958=CARTESIAN_POINT('Ctrl Pts',(-14.6473115687938,22.5046309924631,-2.88813571606987));
#10959=CARTESIAN_POINT('Ctrl Pts',(-14.6408458338006,22.4909230787753,-2.896555396741));
#10960=CARTESIAN_POINT('Ctrl Pts',(-14.6365381705162,22.4721377281875,-2.90649783531952));
#10961=CARTESIAN_POINT('Ctrl Pts',(-14.6217759084982,22.4294781417652,-2.90954000579495));
#10962=CARTESIAN_POINT('Ctrl Pts',(-14.6131899846253,22.3986302647158,-2.90747860817573));
#10963=CARTESIAN_POINT('Ctrl Pts',(-14.6077692669562,22.38,-2.90427228301768));
#10964=CARTESIAN_POINT('Ctrl Pts',(-14.5804916125177,22.5027458079877,-2.8424252604507));
#10965=CARTESIAN_POINT('Ctrl Pts',(-14.5705332441184,22.4867464606884,-2.85239765515218));
#10966=CARTESIAN_POINT('Ctrl Pts',(-14.5637618192069,22.4615127429706,-2.8652268782632));
#10967=CARTESIAN_POINT('Ctrl Pts',(-14.5614105018627,22.419543096153,-2.87751463535443));
#10968=CARTESIAN_POINT('Ctrl Pts',(-14.5606338419814,22.3946197361787,-2.88029000923752));
#10969=CARTESIAN_POINT('Ctrl Pts',(-14.5588782489636,22.38,-2.87976511568654));
#10970=CARTESIAN_POINT('Ctrl Pts',(-14.5499629848316,22.507429491518,-2.82921009386554));
#10971=CARTESIAN_POINT('Ctrl Pts',(-14.5382198788591,22.4899619024587,-2.84075943342017));
#10972=CARTESIAN_POINT('Ctrl Pts',(-14.5300715460318,22.460506516623,-2.85587614664184));
#10973=CARTESIAN_POINT('Ctrl Pts',(-14.5337497431385,22.4162348539086,-2.86976164537814));
#10974=CARTESIAN_POINT('Ctrl Pts',(-14.5367694805195,22.393167704087,-2.87312252962476));
#10975=CARTESIAN_POINT('Ctrl Pts',(-14.5367694805195,22.38,-2.87312252962476));
#10976=CARTESIAN_POINT('',(-14.5367694805195,22.38,-2.87312252962476));
#10977=CARTESIAN_POINT('',(-14.6574484753431,22.38,-2.97391774608394));
#10978=CARTESIAN_POINT('Origin',(-14.4792207792208,22.38,-3.06466403159975));
#10979=CARTESIAN_POINT('Ctrl Pts',(-14.6574484753431,22.38,-2.97391774608394));
#10980=CARTESIAN_POINT('Ctrl Pts',(-14.6632735465376,22.406335408174,-2.98535831373726));
#10981=CARTESIAN_POINT('Ctrl Pts',(-14.670376569236,22.4501377395122,-3.00431083055978));
#10982=CARTESIAN_POINT('Ctrl Pts',(-14.6766495059267,22.515819058876,-3.02395947370295));
#10983=CARTESIAN_POINT('Ctrl Pts',(-14.682517736043,22.5435496488056,-3.00693248245505));
#10984=CARTESIAN_POINT('Ctrl Pts',(-14.6904298600859,22.5600867080253,-2.99264765560731));
#10985=CARTESIAN_POINT('Ctrl Pts',(-14.5499629848316,22.507429491518,-2.82921009386554));
#10986=CARTESIAN_POINT('Ctrl Pts',(-14.5382198788591,22.4899619024587,-2.84075943342017));
#10987=CARTESIAN_POINT('Ctrl Pts',(-14.5300715460318,22.460506516623,-2.85587614664184));
#10988=CARTESIAN_POINT('Ctrl Pts',(-14.5337497431385,22.4162348539086,-2.86976164537814));
#10989=CARTESIAN_POINT('Ctrl Pts',(-14.5367694805195,22.393167704087,-2.87312252962476));
#10990=CARTESIAN_POINT('Ctrl Pts',(-14.5367694805195,22.38,-2.87312252962476));
#10991=CARTESIAN_POINT('Origin',(-14.4792207792208,22.38,-3.06466403159975));
#10992=CARTESIAN_POINT('',(-14.5943181818182,22.58,-2.68158102764978));
#10993=CARTESIAN_POINT('Origin',(-14.4792207792208,22.58,-3.06466403159975));
#10994=CARTESIAN_POINT('Origin',(-14.5943181818182,22.38,-2.68158102764978));
#10995=CARTESIAN_POINT('Origin',(-13.7,22.58,1.38777878078145E-15));
#10996=CARTESIAN_POINT('',(-14.5943181818182,22.58,2.68158102764978));
#10997=CARTESIAN_POINT('Origin',(-14.4792207792208,22.58,3.06466403159975));
#10998=CARTESIAN_POINT('Origin',(-15.4,22.58,1.88595607068692E-15));
#10999=CARTESIAN_POINT('Origin',(-14.4792207792208,22.38,3.06466403159975));
#11000=CARTESIAN_POINT('Origin',(-14.5943181818182,22.38,2.68158102764978));
#11001=CARTESIAN_POINT('Ctrl Pts',(-14.6748859248859,22.5246032070103,3.10607841040515));
#11002=CARTESIAN_POINT('Ctrl Pts',(-14.6858000592044,22.5246032070103,3.05451381514053));
#11003=CARTESIAN_POINT('Ctrl Pts',(-14.6741437771913,22.4554802085825,3.00670768528241));
#11004=CARTESIAN_POINT('Ctrl Pts',(-14.6574484753441,22.3800000000044,2.97391774608587));
#11005=CARTESIAN_POINT('Ctrl Pts',(-14.6748859248859,22.560631173695,3.10607841040515));
#11006=CARTESIAN_POINT('Ctrl Pts',(-14.6889889318573,22.560631173695,3.03944776199351));
#11007=CARTESIAN_POINT('Ctrl Pts',(-14.6676496019721,22.4925596522027,2.97754159417871));
#11008=CARTESIAN_POINT('Ctrl Pts',(-14.6395016998835,22.4185638056574,2.93866988524967));
#11009=CARTESIAN_POINT('Ctrl Pts',(-14.6846351158122,22.5966086315359,3.10814191887875));
#11010=CARTESIAN_POINT('Ctrl Pts',(-14.7024684405712,22.5966086315359,3.02388712169688));
#11011=CARTESIAN_POINT('Ctrl Pts',(-14.6774621422282,22.5295649489728,2.94510316864447));
#11012=CARTESIAN_POINT('Ctrl Pts',(-14.6431758393242,22.4568343609596,2.89275105611523));
#11013=CARTESIAN_POINT('Ctrl Pts',(-14.7027695923347,22.6275023580958,3.11198025236214));
#11014=CARTESIAN_POINT('Ctrl Pts',(-14.7243515769462,22.6275023580958,3.0100146480344));
#11015=CARTESIAN_POINT('Ctrl Pts',(-14.7008434140181,22.558379359668,2.91538820471137));
#11016=CARTESIAN_POINT('Ctrl Pts',(-14.6673272405316,22.4828991510899,2.85045445950765));
#11017=CARTESIAN_POINT('',(-14.7027695923347,22.6275023580958,3.11198025236214));
#11018=CARTESIAN_POINT('Ctrl Pts',(-14.7057841723439,22.5837744527552,2.96777872348864));
#11019=CARTESIAN_POINT('Ctrl Pts',(-14.713082144836,22.6103373870036,3.01217929688781));
#11020=CARTESIAN_POINT('Ctrl Pts',(-14.7135243748471,22.6275023580958,3.0611685259136));
#11021=CARTESIAN_POINT('Ctrl Pts',(-14.7027695923347,22.6275023580958,3.11198025236214));
#11022=CARTESIAN_POINT('',(-14.6748859248859,22.5246032070103,3.10607841040515));
#11023=CARTESIAN_POINT('Origin',(-14.8705510705511,22.5246032070103,3.14749278921056));
#11024=CARTESIAN_POINT('Ctrl Pts',(-14.6748859248859,22.5246032070103,3.10607841040515));
#11025=CARTESIAN_POINT('Ctrl Pts',(-14.6858000592044,22.5246032070103,3.05451381514053));
#11026=CARTESIAN_POINT('Ctrl Pts',(-14.6741437771913,22.4554802085825,3.00670768528241));
#11027=CARTESIAN_POINT('Ctrl Pts',(-14.6574484753441,22.3800000000044,2.97391774608587));
#11028=CARTESIAN_POINT('Origin',(0.,22.5246032070103,0.));
#11029=CARTESIAN_POINT('',(-14.7027695923347,22.6275023580958,-3.11198025236214));
#11030=CARTESIAN_POINT('Origin',(0.,22.6275023580958,-9.20230307684335E-16));
#11031=CARTESIAN_POINT('',(-14.6748859248859,22.5246032070103,-3.10607841040515));
#11032=CARTESIAN_POINT('Origin',(-14.8705510705511,22.5246032070103,-3.14749278921055));
#11033=CARTESIAN_POINT('Origin',(0.,22.5246032070103,0.));
#11034=CARTESIAN_POINT('Ctrl Pts',(-14.6574484753431,22.38,-2.97391774608394));
#11035=CARTESIAN_POINT('Ctrl Pts',(-14.6741437201538,22.4554799507129,-3.00670757325866));
#11036=CARTESIAN_POINT('Ctrl Pts',(-14.6858011546159,22.5246032070103,-3.05450863979202));
#11037=CARTESIAN_POINT('Ctrl Pts',(-14.6748859248859,22.5246032070103,-3.10607841040515));
#11038=CARTESIAN_POINT('Ctrl Pts',(-14.6395016998818,22.4185638056531,-2.93866988524738));
#11039=CARTESIAN_POINT('Ctrl Pts',(-14.6676495058081,22.4925593994042,-2.97754146137701));
#11040=CARTESIAN_POINT('Ctrl Pts',(-14.6889903473242,22.560631173695,-3.03944107452073));
#11041=CARTESIAN_POINT('Ctrl Pts',(-14.6748859248859,22.560631173695,-3.10607841040515));
#11042=CARTESIAN_POINT('Ctrl Pts',(-14.6431758393222,22.4568343609553,-2.89275105611215));
#11043=CARTESIAN_POINT('Ctrl Pts',(-14.6774620250932,22.5295647004969,-2.94510298978833));
#11044=CARTESIAN_POINT('Ctrl Pts',(-14.7024702304363,22.5966086315359,-3.02387866535319));
#11045=CARTESIAN_POINT('Ctrl Pts',(-14.6846351158122,22.5966086315359,-3.10814191887875));
#11046=CARTESIAN_POINT('Ctrl Pts',(-14.6673272405296,22.4828991510855,-2.85045445950384));
#11047=CARTESIAN_POINT('Ctrl Pts',(-14.7008432995141,22.5583791017984,-2.91538798287133));
#11048=CARTESIAN_POINT('Ctrl Pts',(-14.7243537430505,22.6275023580958,-3.01000441412223));
#11049=CARTESIAN_POINT('Ctrl Pts',(-14.7027695923347,22.6275023580958,-3.11198025236214));
#11050=CARTESIAN_POINT('Ctrl Pts',(-14.6574484753431,22.38,-2.97391774608394));
#11051=CARTESIAN_POINT('Ctrl Pts',(-14.6741437201538,22.4554799507129,-3.00670757325866));
#11052=CARTESIAN_POINT('Ctrl Pts',(-14.6858011546159,22.5246032070103,-3.05450863979202));
#11053=CARTESIAN_POINT('Ctrl Pts',(-14.6748859248859,22.5246032070103,-3.10607841040515));
#11054=CARTESIAN_POINT('Ctrl Pts',(-14.7027695923347,22.6275023580958,-3.11198025236214));
#11055=CARTESIAN_POINT('Ctrl Pts',(-14.7135252287603,22.6275023580958,-3.06116449154097));
#11056=CARTESIAN_POINT('Ctrl Pts',(-14.7130832179813,22.6103380427165,-3.01217617909724));
#11057=CARTESIAN_POINT('Ctrl Pts',(-14.7057854035862,22.5837760271048,-2.96777758262984));
#11058=CARTESIAN_POINT('Origin',(-15.4,22.38,1.88595607068692E-15));
#11059=CARTESIAN_POINT('Origin',(-15.4,22.38,1.88595607068692E-15));
#11060=CARTESIAN_POINT('Origin',(-14.4792207792208,22.58,3.06466403159975));
#11061=CARTESIAN_POINT('',(-14.6748859248859,19.585,3.10607841040515));
#11062=CARTESIAN_POINT('',(-14.6748859248859,22.58,3.10607841040515));
#11063=CARTESIAN_POINT('',(-14.5367694805195,19.585,2.87312252962476));
#11064=CARTESIAN_POINT('Origin',(-14.4792207792208,19.585,3.06466403159975));
#11065=CARTESIAN_POINT('',(-14.5367694805195,22.58,2.87312252962476));
#11066=CARTESIAN_POINT('Origin',(0.,22.58,0.));
#11067=CARTESIAN_POINT('',(-14.6748859248859,19.585,-3.10607841040515));
#11068=CARTESIAN_POINT('',(-14.6748859248859,22.58,-3.10607841040515));
#11069=CARTESIAN_POINT('Origin',(0.,19.585,0.));
#11070=CARTESIAN_POINT('Origin',(0.,23.58,0.));
#11071=CARTESIAN_POINT('',(-15.6,23.58,-1.91044900666987E-15));
#11072=CARTESIAN_POINT('',(0.2808964209986,24.58,16.1975645453466));
#11073=CARTESIAN_POINT('Origin',(0.,24.58,0.));
#11074=CARTESIAN_POINT('Origin',(0.,24.58,0.));
#11075=CARTESIAN_POINT('Origin',(-14.4792207792208,19.585,3.06466403159975));
#11076=CARTESIAN_POINT('',(-14.4792207792208,19.385,3.06466403159975));
#11077=CARTESIAN_POINT('Origin',(-14.4792207792208,19.585,3.06466403159975));
#11078=CARTESIAN_POINT('Origin',(-14.4792207792208,19.585,3.06466403159975));
#11079=CARTESIAN_POINT('Origin',(-14.4792207792208,19.585,-3.06466403159975));
#11080=CARTESIAN_POINT('',(-14.4792207792208,19.385,-3.06466403159975));
#11081=CARTESIAN_POINT('',(-14.5367694805195,19.585,-2.87312252962476));
#11082=CARTESIAN_POINT('Origin',(-14.4792207792208,19.585,-3.06466403159974));
#11083=CARTESIAN_POINT('Origin',(-14.4792207792208,19.585,-3.06466403159975));
#11084=CARTESIAN_POINT('Origin',(-14.4792207792208,19.585,-3.06466403159975));
#11085=CARTESIAN_POINT('Origin',(0.,19.585,0.));
#11086=CARTESIAN_POINT('Origin',(0.,19.385,0.));
#11087=CARTESIAN_POINT('Origin',(-14.4792207792208,22.58,-3.06466403159975));
#11088=CARTESIAN_POINT('',(-14.5367694805195,22.58,-2.87312252962476));
#11089=CARTESIAN_POINT('Origin',(-15.4,19.585,1.88595607068692E-15));
#11090=CARTESIAN_POINT('Origin',(-15.4,19.385,1.88595607068692E-15));
#11091=CARTESIAN_POINT('Origin',(-15.4,19.585,1.88595607068692E-15));
#11092=CARTESIAN_POINT('Origin',(-15.4,19.385,1.88595607068692E-15));
#11093=CARTESIAN_POINT('Origin',(0.,19.385,0.));
#11094=CARTESIAN_POINT('',(3.48711915483254,19.385,-7.));
#11095=CARTESIAN_POINT('',(3.18822322727546,19.385,-7.27428571428571));
#11096=CARTESIAN_POINT('Origin',(3.48711915483254,19.385,-7.3));
#11097=CARTESIAN_POINT('',(10.925,19.385,-7.));
#11098=CARTESIAN_POINT('',(-5.5625,19.385,-7.));
#11099=CARTESIAN_POINT('',(11.325,19.385,-6.6));
#11100=CARTESIAN_POINT('Origin',(10.925,19.385,-6.6));
#11101=CARTESIAN_POINT('',(11.325,19.385,6.6));
#11102=CARTESIAN_POINT('',(11.325,19.385,-3.4));
#11103=CARTESIAN_POINT('',(10.925,19.385,7.));
#11104=CARTESIAN_POINT('Origin',(10.925,19.385,6.6));
#11105=CARTESIAN_POINT('',(3.48711915483254,19.385,7.));
#11106=CARTESIAN_POINT('',(5.5625,19.385,7.));
#11107=CARTESIAN_POINT('',(3.18822322727546,19.385,7.27428571428572));
#11108=CARTESIAN_POINT('Origin',(3.48711915483254,19.385,7.3));
#11109=CARTESIAN_POINT('',(-3.18822322727546,19.385,7.27428571428572));
#11110=CARTESIAN_POINT('Origin',(7.33043139598816E-19,19.385,7.));
#11111=CARTESIAN_POINT('',(-3.48711915483254,19.385,7.));
#11112=CARTESIAN_POINT('Origin',(-3.48711915483254,19.385,7.3));
#11113=CARTESIAN_POINT('',(-10.925,19.385,7.));
#11114=CARTESIAN_POINT('',(5.5625,19.385,7.));
#11115=CARTESIAN_POINT('',(-11.325,19.385,6.6));
#11116=CARTESIAN_POINT('Origin',(-10.925,19.385,6.6));
#11117=CARTESIAN_POINT('',(-11.325,19.385,-6.6));
#11118=CARTESIAN_POINT('',(-11.325,19.385,3.4));
#11119=CARTESIAN_POINT('',(-10.925,19.385,-7.));
#11120=CARTESIAN_POINT('Origin',(-10.925,19.385,-6.6));
#11121=CARTESIAN_POINT('',(-3.48711915483254,19.385,-7.));
#11122=CARTESIAN_POINT('',(-5.5625,19.385,-7.));
#11123=CARTESIAN_POINT('',(-3.18822322727546,19.385,-7.27428571428572));
#11124=CARTESIAN_POINT('Origin',(-3.48711915483254,19.385,-7.3));
#11125=CARTESIAN_POINT('Origin',(8.56519716263549E-16,19.385,-7.));
#11126=CARTESIAN_POINT('',(-6.,19.385,11.96));
#11127=CARTESIAN_POINT('Origin',(-6.,19.385,10.));
#11128=CARTESIAN_POINT('',(6.,19.385,-8.04));
#11129=CARTESIAN_POINT('Origin',(6.,19.385,-10.));
#11130=CARTESIAN_POINT('',(6.,19.385,11.96));
#11131=CARTESIAN_POINT('Origin',(6.,19.385,10.));
#11132=CARTESIAN_POINT('',(-6.,19.385,-8.04));
#11133=CARTESIAN_POINT('Origin',(-6.,19.385,-10.));
#11134=CARTESIAN_POINT('Ctrl Pts',(20.3331625675889,16.585,-5.25));
#11135=CARTESIAN_POINT('Ctrl Pts',(20.3333278459971,16.5868983170833,-5.24935987947759));
#11136=CARTESIAN_POINT('Ctrl Pts',(20.3334933553339,16.5887976656279,-5.24871891995279));
#11137=CARTESIAN_POINT('Ctrl Pts',(20.3495149691707,16.7731461071456,-5.18661776574333));
#11138=CARTESIAN_POINT('Ctrl Pts',(20.3735634029916,17.0485007421387,-5.09206728097823));
#11139=CARTESIAN_POINT('Ctrl Pts',(20.4167590594234,17.3925848485649,-4.9156449391723));
#11140=CARTESIAN_POINT('Ctrl Pts',(20.4555105473786,17.6341482635447,-4.75212304649894));
#11141=CARTESIAN_POINT('Ctrl Pts',(20.5000164555805,17.8512402337771,-4.556831067217));
#11142=CARTESIAN_POINT('Ctrl Pts',(20.5656643201933,18.1011525182754,-4.2542462661009));
#11143=CARTESIAN_POINT('Ctrl Pts',(20.6540533173797,18.3231025662471,-3.8110387836373));
#11144=CARTESIAN_POINT('Ctrl Pts',(20.7220139352015,18.385,-3.41148252943336));
#11145=CARTESIAN_POINT('Ctrl Pts',(20.7526486837375,18.385,-3.21365408987439));
#11146=CARTESIAN_POINT('Ctrl Pts',(20.3331625675889,16.585,-5.25));
#11147=CARTESIAN_POINT('Ctrl Pts',(20.3334584421974,16.5867531451759,-5.24885554486035));
#11148=CARTESIAN_POINT('Ctrl Pts',(20.3337224143269,16.5884606602983,-5.24783011665077));
#11149=CARTESIAN_POINT('Ctrl Pts',(20.3616997987187,16.757618009585,-5.13943340237925));
#11150=CARTESIAN_POINT('Ctrl Pts',(20.4008188025171,17.0077579826532,-4.9837132890961));
#11151=CARTESIAN_POINT('Ctrl Pts',(20.4509560761428,17.3091506997358,-4.77377150125347));
#11152=CARTESIAN_POINT('Ctrl Pts',(20.4902177806974,17.5173505882427,-4.60274509495937));
#11153=CARTESIAN_POINT('Ctrl Pts',(20.5316697923469,17.7023644703768,-4.41423915511209));
#11154=CARTESIAN_POINT('Ctrl Pts',(20.5902784163901,17.9138594456638,-4.13434799511762));
#11155=CARTESIAN_POINT('Ctrl Pts',(20.6668437909804,18.0993967551583,-3.73822826078602));
#11156=CARTESIAN_POINT('Ctrl Pts',(20.72586474669,18.1480824179197,-3.38659168987837));
#11157=CARTESIAN_POINT('Ctrl Pts',(20.7526486837375,18.1456405597265,-3.21365408987439));
#11158=CARTESIAN_POINT('Ctrl Pts',(20.3331625675889,16.585,-5.25));
#11159=CARTESIAN_POINT('Ctrl Pts',(20.3336363096781,16.5864799255795,-5.24822946390164));
#11160=CARTESIAN_POINT('Ctrl Pts',(20.3341699103928,16.587889197659,-5.24602782524155));
#11161=CARTESIAN_POINT('Ctrl Pts',(20.3808915429119,16.7300776134862,-5.06222788564948));
#11162=CARTESIAN_POINT('Ctrl Pts',(20.4091776270506,16.9364484714382,-4.78319789423154));
#11163=CARTESIAN_POINT('Ctrl Pts',(20.4179539657909,17.1633109835812,-4.50549396379962));
#11164=CARTESIAN_POINT('Ctrl Pts',(20.4275239105746,17.3137238621092,-4.31485407785438));
#11165=CARTESIAN_POINT('Ctrl Pts',(20.4408568374517,17.4432607487118,-4.13485045154939));
#11166=CARTESIAN_POINT('Ctrl Pts',(20.4654142440363,17.5884820568556,-3.89244675841734));
#11167=CARTESIAN_POINT('Ctrl Pts',(20.5045260258822,17.7116884038116,-3.57792593753737));
#11168=CARTESIAN_POINT('Ctrl Pts',(20.5384337652996,17.7377148141954,-3.31196971918963));
#11169=CARTESIAN_POINT('Ctrl Pts',(20.5540876439149,17.7312692724364,-3.18290589443003));
#11170=CARTESIAN_POINT('Ctrl Pts',(20.3331625675889,16.585,-5.25));
#11171=CARTESIAN_POINT('Ctrl Pts',(20.3338534673783,16.5861946884558,-5.24741958418497));
#11172=CARTESIAN_POINT('Ctrl Pts',(20.3345714242319,16.587331161714,-5.2444087842311));
#11173=CARTESIAN_POINT('Ctrl Pts',(20.4011608197814,16.7020268907838,-4.97980036055378));
#11174=CARTESIAN_POINT('Ctrl Pts',(20.3439272661067,16.8694959750161,-4.58556582993766));
#11175=CARTESIAN_POINT('Ctrl Pts',(20.234614129751,17.0635046451522,-4.28692134961665));
#11176=CARTESIAN_POINT('Ctrl Pts',(20.1775912743251,17.1957090199792,-4.10021429962377));
#11177=CARTESIAN_POINT('Ctrl Pts',(20.1421061290742,17.3120468709789,-3.93910329139181));
#11178=CARTESIAN_POINT('Ctrl Pts',(20.1196043311784,17.4443826786995,-3.72737757897071));
#11179=CARTESIAN_POINT('Ctrl Pts',(20.1205511672405,17.5594430114712,-3.45817371836726));
#11180=CARTESIAN_POINT('Ctrl Pts',(20.1332376140304,17.5878739504027,-3.22972844519608));
#11181=CARTESIAN_POINT('Ctrl Pts',(20.1394766757785,17.585,-3.11870125945721));
#11182=CARTESIAN_POINT('Ctrl Pts',(20.3331625675889,16.585,-5.25));
#11183=CARTESIAN_POINT('Ctrl Pts',(20.3339574780285,16.5860546206043,-5.24692132510571));
#11184=CARTESIAN_POINT('Ctrl Pts',(20.3347306217778,16.5871098142375,-5.2438625027431));
#11185=CARTESIAN_POINT('Ctrl Pts',(20.4106468798643,16.6895256151038,-4.94080209991346));
#11186=CARTESIAN_POINT('Ctrl Pts',(20.3021318293989,16.8425004123009,-4.50487333794981));
#11187=CARTESIAN_POINT('Ctrl Pts',(20.1371259648754,17.0336582492123,-4.21220474233103));
#11188=CARTESIAN_POINT('Ctrl Pts',(20.0517023156259,17.1678601464191,-4.03444804806993));
#11189=CARTESIAN_POINT('Ctrl Pts',(19.997854862432,17.2884667965488,-3.88439387382777));
#11190=CARTESIAN_POINT('Ctrl Pts',(19.9595525417598,17.4273069546012,-3.68398819799186));
#11191=CARTESIAN_POINT('Ctrl Pts',(19.9500663968251,17.5506125368071,-3.42501759626951));
#11192=CARTESIAN_POINT('Ctrl Pts',(19.9578715482563,17.585,-3.20075465783972));
#11193=CARTESIAN_POINT('Ctrl Pts',(19.9620715910237,17.585,-3.09122917216489));
#11194=CARTESIAN_POINT('',(20.7526486837375,18.385,-3.21365408987439));
#11195=CARTESIAN_POINT('',(19.9620715910237,17.585,-3.09122917216489));
#11196=CARTESIAN_POINT('Origin',(19.9620715910237,18.385,-3.09122917216489));
#11197=CARTESIAN_POINT('',(20.3331625675889,16.585,-5.25));
#11198=CARTESIAN_POINT('Ctrl Pts',(19.9620715910237,17.585,-3.09122917216489));
#11199=CARTESIAN_POINT('Ctrl Pts',(19.9578715482563,17.585,-3.20075465783972));
#11200=CARTESIAN_POINT('Ctrl Pts',(19.9500663968251,17.5506125368071,-3.42501759626951));
#11201=CARTESIAN_POINT('Ctrl Pts',(19.9595525417598,17.4273069546012,-3.68398819799186));
#11202=CARTESIAN_POINT('Ctrl Pts',(19.997854862432,17.2884667965488,-3.88439387382777));
#11203=CARTESIAN_POINT('Ctrl Pts',(20.0517023156259,17.1678601464191,-4.03444804806993));
#11204=CARTESIAN_POINT('Ctrl Pts',(20.1371259648754,17.0336582492123,-4.21220474233103));
#11205=CARTESIAN_POINT('Ctrl Pts',(20.3021318293989,16.8425004123009,-4.50487333794981));
#11206=CARTESIAN_POINT('Ctrl Pts',(20.4106468798643,16.6895256151038,-4.94080209991346));
#11207=CARTESIAN_POINT('Ctrl Pts',(20.3347306217778,16.5871098142375,-5.2438625027431));
#11208=CARTESIAN_POINT('Ctrl Pts',(20.3339574780285,16.5860546206043,-5.24692132510571));
#11209=CARTESIAN_POINT('Ctrl Pts',(20.3331625675889,16.585,-5.25));
#11210=CARTESIAN_POINT('Ctrl Pts',(20.3331625675889,16.585,-5.25));
#11211=CARTESIAN_POINT('Ctrl Pts',(20.3333278459971,16.5868983170833,-5.24935987947759));
#11212=CARTESIAN_POINT('Ctrl Pts',(20.3334933553339,16.5887976656279,-5.24871891995279));
#11213=CARTESIAN_POINT('Ctrl Pts',(20.3495149691707,16.7731461071456,-5.18661776574333));
#11214=CARTESIAN_POINT('Ctrl Pts',(20.3735634029916,17.0485007421387,-5.09206728097823));
#11215=CARTESIAN_POINT('Ctrl Pts',(20.4167590594234,17.3925848485649,-4.9156449391723));
#11216=CARTESIAN_POINT('Ctrl Pts',(20.4555105473786,17.6341482635447,-4.75212304649894));
#11217=CARTESIAN_POINT('Ctrl Pts',(20.5000164555805,17.8512402337771,-4.556831067217));
#11218=CARTESIAN_POINT('Ctrl Pts',(20.5656643201933,18.1011525182754,-4.2542462661009));
#11219=CARTESIAN_POINT('Ctrl Pts',(20.6540533173797,18.3231025662471,-3.8110387836373));
#11220=CARTESIAN_POINT('Ctrl Pts',(20.7220139352015,18.385,-3.41148252943336));
#11221=CARTESIAN_POINT('Ctrl Pts',(20.7526486837375,18.385,-3.21365408987439));
#11222=CARTESIAN_POINT('Origin',(0.,18.385,0.));
#11223=CARTESIAN_POINT('',(20.7526486837375,18.385,3.21365408987439));
#11224=CARTESIAN_POINT('',(19.9620715910237,17.585,3.09122917216489));
#11225=CARTESIAN_POINT('Origin',(19.9620715910237,18.385,3.09122917216489));
#11226=CARTESIAN_POINT('Origin',(0.,17.585,0.));
#11227=CARTESIAN_POINT('Origin',(0.,18.385,0.));
#11228=CARTESIAN_POINT('Ctrl Pts',(20.7526486837375,18.385,3.21365408987439));
#11229=CARTESIAN_POINT('Ctrl Pts',(20.7220139352015,18.385,3.41148252943336));
#11230=CARTESIAN_POINT('Ctrl Pts',(20.6542394803846,18.3234510415119,3.81014442610707));
#11231=CARTESIAN_POINT('Ctrl Pts',(20.5476594982223,18.0559724737536,4.34443383887194));
#11232=CARTESIAN_POINT('Ctrl Pts',(20.4682588007621,17.7144317667275,4.69841232190765));
#11233=CARTESIAN_POINT('Ctrl Pts',(20.4166799265871,17.3923055651721,4.91594860476257));
#11234=CARTESIAN_POINT('Ctrl Pts',(20.3843668198581,17.1346241446858,5.04800911748566));
#11235=CARTESIAN_POINT('Ctrl Pts',(20.3573694168737,16.8643571507632,5.15566316290286));
#11236=CARTESIAN_POINT('Ctrl Pts',(20.3416042183155,16.681987830314,5.21729242186194));
#11237=CARTESIAN_POINT('Ctrl Pts',(20.3334930976869,16.5887966838039,5.24871974858218));
#11238=CARTESIAN_POINT('Ctrl Pts',(20.3333278459851,16.5868983169442,5.24935987952404));
#11239=CARTESIAN_POINT('Ctrl Pts',(20.3331625675889,16.585,5.25));
#11240=CARTESIAN_POINT('Ctrl Pts',(20.7526486837375,18.1456405597265,3.21365408987439));
#11241=CARTESIAN_POINT('Ctrl Pts',(20.7257605282269,18.1480945697915,3.38664156021017));
#11242=CARTESIAN_POINT('Ctrl Pts',(20.6674944384295,18.0996983373343,3.73706419368144));
#11243=CARTESIAN_POINT('Ctrl Pts',(20.5752426845864,17.8759209510883,4.21498102530761));
#11244=CARTESIAN_POINT('Ctrl Pts',(20.5034951856452,17.586495766632,4.54664610451587));
#11245=CARTESIAN_POINT('Ctrl Pts',(20.4509939276607,17.309075324167,4.77383999604351));
#11246=CARTESIAN_POINT('Ctrl Pts',(20.4130807249514,17.0832053496763,4.93158945747084));
#11247=CARTESIAN_POINT('Ctrl Pts',(20.374516078189,16.8407061120978,5.08752205071115));
#11248=CARTESIAN_POINT('Ctrl Pts',(20.3477054141801,16.6737833413984,5.19356225857096));
#11249=CARTESIAN_POINT('Ctrl Pts',(20.3337332007721,16.5884751870102,5.24779073699937));
#11250=CARTESIAN_POINT('Ctrl Pts',(20.3334477758872,16.5867376128645,5.24889539301079));
#11251=CARTESIAN_POINT('Ctrl Pts',(20.3331625675889,16.585,5.25));
#11252=CARTESIAN_POINT('Ctrl Pts',(20.5540876439149,17.7312692724364,3.18290589443003));
#11253=CARTESIAN_POINT('Ctrl Pts',(20.5384570948197,17.7376296505298,3.3119584490323));
#11254=CARTESIAN_POINT('Ctrl Pts',(20.5047918276537,17.7121280604026,3.57673940218807));
#11255=CARTESIAN_POINT('Ctrl Pts',(20.4574251206942,17.5632732207478,3.95600608066676));
#11256=CARTESIAN_POINT('Ctrl Pts',(20.4303955706099,17.3633837237702,4.25210742691306));
#11257=CARTESIAN_POINT('Ctrl Pts',(20.4187825664809,17.1633138375678,4.50372672255197));
#11258=CARTESIAN_POINT('Ctrl Pts',(20.4110193482665,16.9928583428975,4.7148863069985));
#11259=CARTESIAN_POINT('Ctrl Pts',(20.3922616987937,16.7990790608889,4.96500874670936));
#11260=CARTESIAN_POINT('Ctrl Pts',(20.3582119506836,16.6594005063802,5.15198313820262));
#11261=CARTESIAN_POINT('Ctrl Pts',(20.3341499900356,16.5879128969732,5.24616418696654));
#11262=CARTESIAN_POINT('Ctrl Pts',(20.3336576532157,16.5864563807251,5.2480825416126));
#11263=CARTESIAN_POINT('Ctrl Pts',(20.3331625675889,16.585,5.25));
#11264=CARTESIAN_POINT('Ctrl Pts',(20.1394766757785,17.585,3.11870125945721));
#11265=CARTESIAN_POINT('Ctrl Pts',(20.1332710029727,17.5878564588035,3.22957549842654));
#11266=CARTESIAN_POINT('Ctrl Pts',(20.1210214143121,17.5596368115696,3.45603885878276));
#11267=CARTESIAN_POINT('Ctrl Pts',(20.1196775306681,17.4208153466311,3.78115233342668));
#11268=CARTESIAN_POINT('Ctrl Pts',(20.1583899454499,17.2394991064715,4.03943100571495));
#11269=CARTESIAN_POINT('Ctrl Pts',(20.2363088923838,17.0635174769291,4.28250924342842));
#11270=CARTESIAN_POINT('Ctrl Pts',(20.315577043691,16.9179543565174,4.51414695737922));
#11271=CARTESIAN_POINT('Ctrl Pts',(20.3859370390958,16.7578475469299,4.83803143784768));
#11272=CARTESIAN_POINT('Ctrl Pts',(20.3682957486863,16.645042706046,5.1103012895012));
#11273=CARTESIAN_POINT('Ctrl Pts',(20.3345624518127,16.5873502876505,5.24453648579022));
#11274=CARTESIAN_POINT('Ctrl Pts',(20.3338675305442,16.5861751485857,5.24726969021442));
#11275=CARTESIAN_POINT('Ctrl Pts',(20.3331625675889,16.585,5.25));
#11276=CARTESIAN_POINT('Ctrl Pts',(19.9620715910237,17.585,3.09122917216489));
#11277=CARTESIAN_POINT('Ctrl Pts',(19.9578715482563,17.585,3.20075465783967));
#11278=CARTESIAN_POINT('Ctrl Pts',(19.9503970130279,17.5508061341754,3.42277766323271));
#11279=CARTESIAN_POINT('Ctrl Pts',(19.9616539259968,17.4022069298666,3.73632258434602));
#11280=CARTESIAN_POINT('Ctrl Pts',(20.0228967832578,17.2124620926316,3.97786690590307));
#11281=CARTESIAN_POINT('Ctrl Pts',(20.1386679575573,17.0335030917676,4.20715789418079));
#11282=CARTESIAN_POINT('Ctrl Pts',(20.2594906464161,16.8903467470554,4.43628202222554));
#11283=CARTESIAN_POINT('Ctrl Pts',(20.3784938540817,16.7401984170949,4.78303424758916));
#11284=CARTESIAN_POINT('Ctrl Pts',(20.3725495731503,16.6388821279652,5.09241767180947));
#11285=CARTESIAN_POINT('Ctrl Pts',(20.3347382883146,16.5871092687796,5.2438387099925));
#11286=CARTESIAN_POINT('Ctrl Pts',(20.3339574779708,16.5860546205259,5.24692132532948));
#11287=CARTESIAN_POINT('Ctrl Pts',(20.3331625675889,16.585,5.25));
#11288=CARTESIAN_POINT('',(20.3331625675889,16.585,5.25));
#11289=CARTESIAN_POINT('Ctrl Pts',(20.7526486837375,18.385,3.21365408987439));
#11290=CARTESIAN_POINT('Ctrl Pts',(20.7220139352015,18.385,3.41148252943336));
#11291=CARTESIAN_POINT('Ctrl Pts',(20.6542394803846,18.3234510415119,3.81014442610707));
#11292=CARTESIAN_POINT('Ctrl Pts',(20.5476594982223,18.0559724737536,4.34443383887194));
#11293=CARTESIAN_POINT('Ctrl Pts',(20.4682588007621,17.7144317667275,4.69841232190765));
#11294=CARTESIAN_POINT('Ctrl Pts',(20.4166799265871,17.3923055651721,4.91594860476257));
#11295=CARTESIAN_POINT('Ctrl Pts',(20.3843668198581,17.1346241446858,5.04800911748566));
#11296=CARTESIAN_POINT('Ctrl Pts',(20.3573694168737,16.8643571507632,5.15566316290286));
#11297=CARTESIAN_POINT('Ctrl Pts',(20.3416042183155,16.681987830314,5.21729242186194));
#11298=CARTESIAN_POINT('Ctrl Pts',(20.3334930976869,16.5887966838039,5.24871974858218));
#11299=CARTESIAN_POINT('Ctrl Pts',(20.3333278459851,16.5868983169442,5.24935987952404));
#11300=CARTESIAN_POINT('Ctrl Pts',(20.3331625675889,16.585,5.25));
#11301=CARTESIAN_POINT('Ctrl Pts',(20.3331625675889,16.585,5.25));
#11302=CARTESIAN_POINT('Ctrl Pts',(20.3339574779708,16.5860546205259,5.24692132532948));
#11303=CARTESIAN_POINT('Ctrl Pts',(20.3347382883146,16.5871092687796,5.2438387099925));
#11304=CARTESIAN_POINT('Ctrl Pts',(20.3725495731503,16.6388821279652,5.09241767180947));
#11305=CARTESIAN_POINT('Ctrl Pts',(20.3784938540817,16.7401984170949,4.78303424758916));
#11306=CARTESIAN_POINT('Ctrl Pts',(20.2594906464161,16.8903467470554,4.43628202222554));
#11307=CARTESIAN_POINT('Ctrl Pts',(20.1386679575573,17.0335030917676,4.20715789418079));
#11308=CARTESIAN_POINT('Ctrl Pts',(20.0228967832578,17.2124620926316,3.97786690590307));
#11309=CARTESIAN_POINT('Ctrl Pts',(19.9616539259968,17.4022069298666,3.73632258434602));
#11310=CARTESIAN_POINT('Ctrl Pts',(19.9503970130279,17.5508061341754,3.42277766323271));
#11311=CARTESIAN_POINT('Ctrl Pts',(19.9578715482563,17.585,3.20075465783967));
#11312=CARTESIAN_POINT('Ctrl Pts',(19.9620715910237,17.585,3.09122917216489));
#11313=CARTESIAN_POINT('Origin',(0.,22.82,0.));
#11314=CARTESIAN_POINT('',(20.3331625675889,14.6142135623731,-5.25));
#11315=CARTESIAN_POINT('',(20.3331625675889,22.82,-5.25));
#11316=CARTESIAN_POINT('',(-21.,14.6142135623731,-2.57175827820944E-15));
#11317=CARTESIAN_POINT('Origin',(0.,14.6142135623731,0.));
#11318=CARTESIAN_POINT('',(-21.,40.14,-2.57175827820944E-15));
#11319=CARTESIAN_POINT('',(-21.,22.82,-2.57175827820944E-15));
#11320=CARTESIAN_POINT('',(-2.57175827820944E-15,40.14,21.));
#11321=CARTESIAN_POINT('Origin',(0.,40.14,0.));
#11322=CARTESIAN_POINT('Origin',(0.,40.14,0.));
#11323=CARTESIAN_POINT('',(20.3331625675889,14.6142135623731,5.25000000000001));
#11324=CARTESIAN_POINT('Origin',(0.,14.6142135623731,0.));
#11325=CARTESIAN_POINT('',(20.3331625675889,22.82,5.25));
#11326=CARTESIAN_POINT('Ctrl Pts',(20.3331625675889,14.6142135623731,-5.24999999999998));
#11327=CARTESIAN_POINT('Ctrl Pts',(20.3340000018624,14.6135469397752,-5.24675663100518));
#11328=CARTESIAN_POINT('Ctrl Pts',(20.3348248473659,14.612879230048,-5.24350439733862));
#11329=CARTESIAN_POINT('Ctrl Pts',(20.3944089573106,14.563309331635,-5.00163170866204));
#11330=CARTESIAN_POINT('Ctrl Pts',(20.3696670986282,14.5128195661849,-4.73325360849669));
#11331=CARTESIAN_POINT('Ctrl Pts',(20.2245488066864,14.4727922061358,-4.48908641189062));
#11332=CARTESIAN_POINT('Ctrl Pts',(20.3331625675889,14.6142135623731,-5.24999999999998));
#11333=CARTESIAN_POINT('Ctrl Pts',(20.333629093297,14.6126697982447,-5.24757897360841));
#11334=CARTESIAN_POINT('Ctrl Pts',(20.3345452936188,14.6110907293412,-5.24525401469658));
#11335=CARTESIAN_POINT('Ctrl Pts',(20.3748838409532,14.4952977329666,-5.06665969021013));
#11336=CARTESIAN_POINT('Ctrl Pts',(20.3970731011692,14.3785344483211,-4.87694191345312));
#11337=CARTESIAN_POINT('Ctrl Pts',(20.3065687054041,14.2449576850689,-4.62708809636351));
#11338=CARTESIAN_POINT('Ctrl Pts',(20.3331625675889,14.6142135623731,-5.24999999999999));
#11339=CARTESIAN_POINT('Ctrl Pts',(20.3334064899659,14.6117722826033,-5.24844425250197));
#11340=CARTESIAN_POINT('Ctrl Pts',(20.3341033357563,14.6093162387919,-5.24696309799));
#11341=CARTESIAN_POINT('Ctrl Pts',(20.3581161957527,14.4278370669598,-5.13166560791702));
#11342=CARTESIAN_POINT('Ctrl Pts',(20.3629582630145,14.240287495369,-5.01019856759185));
#11343=CARTESIAN_POINT('Ctrl Pts',(20.2516420013035,14.0214239721221,-4.84295735427312));
#11344=CARTESIAN_POINT('Ctrl Pts',(20.3331625675889,14.6142135623731,-5.24999999999999));
#11345=CARTESIAN_POINT('Ctrl Pts',(20.3333366875857,14.6108804493864,-5.24932563615221));
#11346=CARTESIAN_POINT('Ctrl Pts',(20.3334973725011,14.6075419007478,-5.24864667770546));
#11347=CARTESIAN_POINT('Ctrl Pts',(20.3437651896057,14.3596924086829,-5.19780466931792));
#11348=CARTESIAN_POINT('Ctrl Pts',(20.2696004297235,14.1072435814321,-5.12424141064297));
#11349=CARTESIAN_POINT('Ctrl Pts',(20.0855485836749,13.9071067811866,-5.03537578938229));
#11350=CARTESIAN_POINT('',(20.2245488066864,14.4727922061358,-4.48908641189062));
#11351=CARTESIAN_POINT('',(20.0855485836749,13.9071067811866,-5.03537578938229));
#11352=CARTESIAN_POINT('Origin',(19.536843146167,14.4727922061358,-4.89781728237812));
#11353=CARTESIAN_POINT('Ctrl Pts',(20.0855485836749,13.9071067811866,-5.03537578938229));
#11354=CARTESIAN_POINT('Ctrl Pts',(20.2696004297235,14.1072435814321,-5.12424141064297));
#11355=CARTESIAN_POINT('Ctrl Pts',(20.3437651896057,14.3596924086829,-5.19780466931792));
#11356=CARTESIAN_POINT('Ctrl Pts',(20.3334973725011,14.6075419007478,-5.24864667770546));
#11357=CARTESIAN_POINT('Ctrl Pts',(20.3333366875857,14.6108804493864,-5.24932563615221));
#11358=CARTESIAN_POINT('Ctrl Pts',(20.3331625675889,14.6142135623731,-5.24999999999999));
#11359=CARTESIAN_POINT('Ctrl Pts',(20.3331625675889,14.6142135623731,-5.24999999999998));
#11360=CARTESIAN_POINT('Ctrl Pts',(20.3340000018624,14.6135469397752,-5.24675663100518));
#11361=CARTESIAN_POINT('Ctrl Pts',(20.3348248473659,14.612879230048,-5.24350439733862));
#11362=CARTESIAN_POINT('Ctrl Pts',(20.3944089573106,14.563309331635,-5.00163170866204));
#11363=CARTESIAN_POINT('Ctrl Pts',(20.3696670986282,14.5128195661849,-4.73325360849669));
#11364=CARTESIAN_POINT('Ctrl Pts',(20.2245488066864,14.4727922061358,-4.48908641189062));
#11365=CARTESIAN_POINT('Ctrl Pts',(19.9139861605893,13.7166252524363,-4.93609835242024));
#11366=CARTESIAN_POINT('Ctrl Pts',(19.9477153594406,13.7493100734747,-4.93587538797196));
#11367=CARTESIAN_POINT('Ctrl Pts',(20.0129898610703,13.8166610085567,-4.95248058689127));
#11368=CARTESIAN_POINT('Ctrl Pts',(20.0661350822929,13.8800766722731,-5.00165744670214));
#11369=CARTESIAN_POINT('Ctrl Pts',(20.0855485836749,13.9071067811865,-5.03537578938229));
#11370=CARTESIAN_POINT('Ctrl Pts',(19.9297102037207,13.700425366699,-4.80532799169672));
#11371=CARTESIAN_POINT('Ctrl Pts',(19.9740057763785,13.7455997205375,-4.81393654462074));
#11372=CARTESIAN_POINT('Ctrl Pts',(20.0533637442692,13.8320687826097,-4.8533614079306));
#11373=CARTESIAN_POINT('Ctrl Pts',(20.1125210816785,13.9079038778797,-4.93077242730237));
#11374=CARTESIAN_POINT('Ctrl Pts',(20.1330038458545,13.9397688357396,-4.98039909363681));
#11375=CARTESIAN_POINT('Ctrl Pts',(19.9147337551428,13.7158550341004,-4.53296383902237));
#11376=CARTESIAN_POINT('Ctrl Pts',(19.9865722879198,13.7793067256568,-4.56070926251171));
#11377=CARTESIAN_POINT('Ctrl Pts',(20.1054397704805,13.8922978468478,-4.64826999343214));
#11378=CARTESIAN_POINT('Ctrl Pts',(20.1852684364091,13.9841135423047,-4.78408821404129));
#11379=CARTESIAN_POINT('Ctrl Pts',(20.2114094442181,14.0220428655007,-4.86636187668084));
#11380=CARTESIAN_POINT('Ctrl Pts',(19.7333576774824,13.9027199332279,-4.13011080594359));
#11381=CARTESIAN_POINT('Ctrl Pts',(19.8632075374907,13.9683856226744,-4.17374471758206));
#11382=CARTESIAN_POINT('Ctrl Pts',(20.081115292045,14.0831203742516,-4.31490737753247));
#11383=CARTESIAN_POINT('Ctrl Pts',(20.2293627878542,14.1747891087221,-4.53626166998974));
#11384=CARTESIAN_POINT('Ctrl Pts',(20.279192658609,14.2125280569358,-4.66994040127652));
#11385=CARTESIAN_POINT('Ctrl Pts',(19.5035580255291,14.1394738058201,-4.0000000000002));
#11386=CARTESIAN_POINT('Ctrl Pts',(19.6656979620839,14.1847967082243,-4.02374663176153));
#11387=CARTESIAN_POINT('Ctrl Pts',(19.9600996425377,14.2700834302214,-4.14441674701834));
#11388=CARTESIAN_POINT('Ctrl Pts',(20.1812965381208,14.3440723844014,-4.39033296456578));
#11389=CARTESIAN_POINT('Ctrl Pts',(20.2597001918511,14.3751488399642,-4.54822999095042));
#11390=CARTESIAN_POINT('Ctrl Pts',(19.3649167310385,14.2823106773856,-4.));
#11391=CARTESIAN_POINT('Ctrl Pts',(19.5332863932647,14.314995498424,-4.00000000000024));
#11392=CARTESIAN_POINT('Ctrl Pts',(19.859675110732,14.3823464335059,-4.082959842662));
#11393=CARTESIAN_POINT('Ctrl Pts',(20.1265517558765,14.4457620972223,-4.32420254472438));
#11394=CARTESIAN_POINT('Ctrl Pts',(20.2245488066864,14.4727922061358,-4.48908641189061));
#11395=CARTESIAN_POINT('',(19.3649167310378,14.2823106773856,-4.));
#11396=CARTESIAN_POINT('Ctrl Pts',(20.2245488066864,14.4727922061358,-4.48908641189061));
#11397=CARTESIAN_POINT('Ctrl Pts',(20.1265517558765,14.4457620972223,-4.32420254472438));
#11398=CARTESIAN_POINT('Ctrl Pts',(19.859675110732,14.3823464335059,-4.082959842662));
#11399=CARTESIAN_POINT('Ctrl Pts',(19.5332863932647,14.314995498424,-4.00000000000024));
#11400=CARTESIAN_POINT('Ctrl Pts',(19.3649167310385,14.2823106773856,-4.));
#11401=CARTESIAN_POINT('',(19.9139861605893,13.7166252524363,-4.93609835242024));
#11402=CARTESIAN_POINT('Origin',(19.3649167310374,14.2823106773856,-4.8));
#11403=CARTESIAN_POINT('Ctrl Pts',(19.9139861605893,13.7166252524363,-4.93609835242024));
#11404=CARTESIAN_POINT('Ctrl Pts',(19.9477153594406,13.7493100734747,-4.93587538797196));
#11405=CARTESIAN_POINT('Ctrl Pts',(20.0129898610703,13.8166610085567,-4.95248058689127));
#11406=CARTESIAN_POINT('Ctrl Pts',(20.0661350822929,13.8800766722731,-5.00165744670214));
#11407=CARTESIAN_POINT('Ctrl Pts',(20.0855485836749,13.9071067811865,-5.03537578938229));
#11408=CARTESIAN_POINT('Ctrl Pts',(10.9295835164289,5.2343145750518,-5.03675802959694));
#11409=CARTESIAN_POINT('Ctrl Pts',(13.9985987230792,7.99772268464231,-4.97971031705555));
#11410=CARTESIAN_POINT('Ctrl Pts',(16.9597272191474,10.8538408374366,-4.95562726913217));
#11411=CARTESIAN_POINT('Ctrl Pts',(19.9139861605894,13.7166252524364,-4.93609835242024));
#11412=CARTESIAN_POINT('Ctrl Pts',(10.95795073764,5.203080076211,-4.9005736637868));
#11413=CARTESIAN_POINT('Ctrl Pts',(14.019776490738,7.97601227888347,-4.84579186247917));
#11414=CARTESIAN_POINT('Ctrl Pts',(16.9778663096766,10.8350087488717,-4.82355922174576));
#11415=CARTESIAN_POINT('Ctrl Pts',(19.9297102037207,13.700425366699,-4.80532799169664));
#11416=CARTESIAN_POINT('Ctrl Pts',(10.9643029664195,5.19608578230487,-4.60587678371052));
#11417=CARTESIAN_POINT('Ctrl Pts',(14.0133569770596,7.9834378582454,-4.56307591603506));
#11418=CARTESIAN_POINT('Ctrl Pts',(16.9667380410029,10.8466101915676,-4.54657098885303));
#11419=CARTESIAN_POINT('Ctrl Pts',(19.9147124923086,13.7158769403923,-4.53290707879358));
#11420=CARTESIAN_POINT('Ctrl Pts',(10.7975246880105,5.37972153234447,-4.15117018908586));
#11421=CARTESIAN_POINT('Ctrl Pts',(13.8359956218735,8.16932180703059,-4.13844041757685));
#11422=CARTESIAN_POINT('Ctrl Pts',(16.7874618609582,11.0329595044052,-4.13394083504208));
#11423=CARTESIAN_POINT('Ctrl Pts',(19.7333816577072,13.9026952273102,-4.13006090158755));
#11424=CARTESIAN_POINT('Ctrl Pts',(10.5596054129035,5.64168900766526,-4.));
#11425=CARTESIAN_POINT('Ctrl Pts',(13.6005638329216,8.41516401265804,-4.00028381761808));
#11426=CARTESIAN_POINT('Ctrl Pts',(16.5554996913366,11.2740266754175,-3.99992375777623));
#11427=CARTESIAN_POINT('Ctrl Pts',(19.5035580255282,14.1394738058201,-4.));
#11428=CARTESIAN_POINT('Ctrl Pts',(10.415827119465,5.80000000000104,-4.));
#11429=CARTESIAN_POINT('Ctrl Pts',(13.4585526213172,8.56340810959155,-4.));
#11430=CARTESIAN_POINT('Ctrl Pts',(16.4154984404239,11.4195262623858,-4.));
#11431=CARTESIAN_POINT('Ctrl Pts',(19.3649167310375,14.2823106773857,-4.));
#11432=CARTESIAN_POINT('',(10.9295835164285,5.2343145750518,-5.03675802959672));
#11433=CARTESIAN_POINT('Origin',(10.415827119465,5.80000000000104,-4.8));
#11434=CARTESIAN_POINT('Ctrl Pts',(10.9295835164289,5.2343145750518,-5.03675802959694));
#11435=CARTESIAN_POINT('Ctrl Pts',(13.9985987230792,7.99772268464231,-4.97971031705555));
#11436=CARTESIAN_POINT('Ctrl Pts',(16.9597272191474,10.8538408374366,-4.95562726913217));
#11437=CARTESIAN_POINT('Ctrl Pts',(19.9139861605894,13.7166252524364,-4.93609835242024));
#11438=CARTESIAN_POINT('Ctrl Pts',(19.3649167310375,14.2823106773857,-4.));
#11439=CARTESIAN_POINT('Ctrl Pts',(16.6375516767377,11.6350570829013,-4.));
#11440=CARTESIAN_POINT('Ctrl Pts',(13.9037498787927,8.99350376851925,-4.));
#11441=CARTESIAN_POINT('Ctrl Pts',(11.1016360810841,6.42568695685261,-4.));
#11442=CARTESIAN_POINT('Ctrl Pts',(10.9119470152273,5.25373372338512,-4.49103688883456));
#11443=CARTESIAN_POINT('Ctrl Pts',(10.7435822680757,5.07819513756629,-4.53104719565123));
#11444=CARTESIAN_POINT('Ctrl Pts',(10.6613436168099,4.86913064246984,-4.56229459765783));
#11445=CARTESIAN_POINT('Ctrl Pts',(10.6613436168102,4.66862915010061,-4.56229459765774));
#11446=CARTESIAN_POINT('Ctrl Pts',(10.9602044504303,5.20059856457944,-4.66247295083265));
#11447=CARTESIAN_POINT('Ctrl Pts',(10.801276976546,5.04156704691683,-4.71431775135509));
#11448=CARTESIAN_POINT('Ctrl Pts',(10.7210267358785,4.85119661559279,-4.75408702416075));
#11449=CARTESIAN_POINT('Ctrl Pts',(10.7210267358787,4.66862915010069,-4.75408702416064));
#11450=CARTESIAN_POINT('Ctrl Pts',(10.9665631261625,5.19359717208108,-4.85922760947988));
#11451=CARTESIAN_POINT('Ctrl Pts',(10.8004098229699,5.04603998637311,-4.92184800837475));
#11452=CARTESIAN_POINT('Ctrl Pts',(10.7049405611304,4.85597145349811,-4.96835928574283));
#11453=CARTESIAN_POINT('Ctrl Pts',(10.7049405611306,4.66862915010067,-4.9683592857427));
#11454=CARTESIAN_POINT('Ctrl Pts',(10.929583516432,5.23431457505396,-5.03675802959549));
#11455=CARTESIAN_POINT('Ctrl Pts',(10.7410584761987,5.09072892964884,-5.10278171882728));
#11456=CARTESIAN_POINT('Ctrl Pts',(10.6172907471685,4.88220129030886,-5.14909090909104));
#11457=CARTESIAN_POINT('Ctrl Pts',(10.6172907471689,4.66862915010055,-5.14909090909091));
#11458=CARTESIAN_POINT('Ctrl Pts',(10.6172907471689,4.66862915010055,-5.14909090909091));
#11459=CARTESIAN_POINT('Ctrl Pts',(10.6172907471685,4.88220129030886,-5.14909090909104));
#11460=CARTESIAN_POINT('Ctrl Pts',(10.7410584761987,5.09072892964884,-5.10278171882728));
#11461=CARTESIAN_POINT('Ctrl Pts',(10.929583516432,5.23431457505396,-5.03675802959549));
#11462=CARTESIAN_POINT('Origin',(7.,17.585,-4.));
#11463=CARTESIAN_POINT('',(19.3649167310371,16.585,-4.));
#11464=CARTESIAN_POINT('',(19.3649167310371,22.82,-4.));
#11465=CARTESIAN_POINT('',(11.625,16.585,-4.));
#11466=CARTESIAN_POINT('',(12.,16.585,-4.));
#11467=CARTESIAN_POINT('',(11.2596632070752,17.1701825166686,-4.));
#11468=CARTESIAN_POINT('Ctrl Pts',(11.625,16.585,-4.));
#11469=CARTESIAN_POINT('Ctrl Pts',(11.5006772863996,16.7608188676847,-4.));
#11470=CARTESIAN_POINT('Ctrl Pts',(11.3548545840752,16.9684714019486,-4.));
#11471=CARTESIAN_POINT('Ctrl Pts',(11.2596632070752,17.1701825166686,-4.));
#11472=CARTESIAN_POINT('',(10.925,17.085,-4.));
#11473=CARTESIAN_POINT('Origin',(10.925,17.785,-4.));
#11474=CARTESIAN_POINT('',(7.5,17.085,-4.));
#11475=CARTESIAN_POINT('',(3.5,17.085,-4.));
#11476=CARTESIAN_POINT('',(7.5,5.5,-4.));
#11477=CARTESIAN_POINT('',(7.5,17.585,-4.));
#11478=CARTESIAN_POINT('',(7.83166247903554,5.2,-4.));
#11479=CARTESIAN_POINT('Ctrl Pts',(7.5,5.5,-4.));
#11480=CARTESIAN_POINT('Ctrl Pts',(7.59857484212279,5.40142515787721,-4.));
#11481=CARTESIAN_POINT('Ctrl Pts',(7.71138846516721,5.2886452835625,-4.));
#11482=CARTESIAN_POINT('Ctrl Pts',(7.83166247903554,5.2,-4.));
#11483=CARTESIAN_POINT('',(9.8974744253269,5.2,-4.));
#11484=CARTESIAN_POINT('',(3.5,5.2,-4.));
#11485=CARTESIAN_POINT('',(10.8660950741591,4.75210501229235,-4.));
#11486=CARTESIAN_POINT('Ctrl Pts',(9.8974744253269,5.2,-4.));
#11487=CARTESIAN_POINT('Ctrl Pts',(9.89860929326635,5.19943256603028,-4.));
#11488=CARTESIAN_POINT('Ctrl Pts',(9.89974530010473,5.19886749045609,-3.99999999999999));
#11489=CARTESIAN_POINT('Ctrl Pts',(10.0061099515449,5.14623101630577,-3.99999999999999));
#11490=CARTESIAN_POINT('Ctrl Pts',(10.1169572397504,5.11608921691939,-4.00000000000039));
#11491=CARTESIAN_POINT('Ctrl Pts',(10.3611490764283,5.03817068170341,-4.00000000000039));
#11492=CARTESIAN_POINT('Ctrl Pts',(10.4666807419657,5.0018860749503,-4.));
#11493=CARTESIAN_POINT('Ctrl Pts',(10.669300696421,4.90582353894381,-4.));
#11494=CARTESIAN_POINT('Ctrl Pts',(10.7746623804754,4.84208031774456,-4.));
#11495=CARTESIAN_POINT('Ctrl Pts',(10.8660950741591,4.75210501229235,-4.));
#11496=CARTESIAN_POINT('Ctrl Pts',(10.8660950741591,4.75210501229235,-4.));
#11497=CARTESIAN_POINT('Ctrl Pts',(10.9358330915382,4.68347858160862,-4.));
#11498=CARTESIAN_POINT('Ctrl Pts',(11.0014226814988,4.58824302594171,-4.));
#11499=CARTESIAN_POINT('Ctrl Pts',(11.0777347336461,4.41035261685918,-4.));
#11500=CARTESIAN_POINT('Ctrl Pts',(11.1013512691023,4.29671853754809,-4.));
#11501=CARTESIAN_POINT('Ctrl Pts',(11.1013512691023,4.2,-4.));
#11502=CARTESIAN_POINT('Origin',(19.3649167310371,22.82,-5.));
#11503=CARTESIAN_POINT('Origin',(19.3649167310371,16.585,-5.));
#11504=CARTESIAN_POINT('Origin',(0.,14.6142135623731,0.));
#11505=CARTESIAN_POINT('',(20.0855485836749,13.9071067811865,5.03537578938228));
#11506=CARTESIAN_POINT('Origin',(0.,13.9071067811865,1.26794460195913E-15));
#11507=CARTESIAN_POINT('Ctrl Pts',(20.3331625675889,14.6142135623731,5.25000000000001));
#11508=CARTESIAN_POINT('Ctrl Pts',(20.3333366875867,14.6108804493849,5.24932563614851));
#11509=CARTESIAN_POINT('Ctrl Pts',(20.3334973725012,14.6075419007483,5.24864667770487));
#11510=CARTESIAN_POINT('Ctrl Pts',(20.3437651896062,14.3596924086879,5.19780466931583));
#11511=CARTESIAN_POINT('Ctrl Pts',(20.2696004297231,14.1072435814316,5.12424141064275));
#11512=CARTESIAN_POINT('Ctrl Pts',(20.0855485836749,13.9071067811865,5.03537578938228));
#11513=CARTESIAN_POINT('Ctrl Pts',(20.3331625675889,14.6142135623731,5.25000000000001));
#11514=CARTESIAN_POINT('Ctrl Pts',(20.3333366875867,14.6108804493849,5.24932563614851));
#11515=CARTESIAN_POINT('Ctrl Pts',(20.3334973725012,14.6075419007483,5.24864667770487));
#11516=CARTESIAN_POINT('Ctrl Pts',(20.3437651896062,14.3596924086879,5.19780466931583));
#11517=CARTESIAN_POINT('Ctrl Pts',(20.2696004297231,14.1072435814316,5.12424141064275));
#11518=CARTESIAN_POINT('Ctrl Pts',(20.0855485836749,13.9071067811865,5.03537578938228));
#11519=CARTESIAN_POINT('Ctrl Pts',(20.3331625675889,14.6142135623731,5.25000000000001));
#11520=CARTESIAN_POINT('Ctrl Pts',(20.3334064899669,14.6117722826028,5.24844425249816));
#11521=CARTESIAN_POINT('Ctrl Pts',(20.3341033357565,14.6093162387927,5.24696309798898));
#11522=CARTESIAN_POINT('Ctrl Pts',(20.3581161957534,14.4278370669652,5.1316656079148));
#11523=CARTESIAN_POINT('Ctrl Pts',(20.3629582630142,14.2402874953684,5.01019856759139));
#11524=CARTESIAN_POINT('Ctrl Pts',(20.2516420013035,14.0214239721221,4.84295735427309));
#11525=CARTESIAN_POINT('Ctrl Pts',(20.3331625675889,14.6142135623731,5.25000000000001));
#11526=CARTESIAN_POINT('Ctrl Pts',(20.3336290932977,14.6126697982465,5.24757897360574));
#11527=CARTESIAN_POINT('Ctrl Pts',(20.3345452936194,14.6110907293412,5.24525401469415));
#11528=CARTESIAN_POINT('Ctrl Pts',(20.3748838409549,14.495297732968,5.06665969020347));
#11529=CARTESIAN_POINT('Ctrl Pts',(20.3970731011691,14.3785344483209,4.87694191345256));
#11530=CARTESIAN_POINT('Ctrl Pts',(20.306568705404,14.2449576850688,4.62708809636347));
#11531=CARTESIAN_POINT('Ctrl Pts',(20.3331625675889,14.6142135623731,5.25000000000001));
#11532=CARTESIAN_POINT('Ctrl Pts',(20.3340000018632,14.613546939778,5.2467566310024));
#11533=CARTESIAN_POINT('Ctrl Pts',(20.3348248473666,14.6128792300482,5.24350439733576));
#11534=CARTESIAN_POINT('Ctrl Pts',(20.3944089573121,14.5633093316368,5.00163170865512));
#11535=CARTESIAN_POINT('Ctrl Pts',(20.3696670986279,14.5128195661848,4.73325360849606));
#11536=CARTESIAN_POINT('Ctrl Pts',(20.2245488066864,14.4727922061358,4.48908641189058));
#11537=CARTESIAN_POINT('',(20.2245488066864,14.4727922061358,4.48908641189058));
#11538=CARTESIAN_POINT('Origin',(19.5368431461669,14.4727922061358,4.89781728237812));
#11539=CARTESIAN_POINT('Ctrl Pts',(20.2245488066864,14.4727922061358,4.48908641189058));
#11540=CARTESIAN_POINT('Ctrl Pts',(20.3696670986279,14.5128195661848,4.73325360849606));
#11541=CARTESIAN_POINT('Ctrl Pts',(20.3944089573121,14.5633093316368,5.00163170865512));
#11542=CARTESIAN_POINT('Ctrl Pts',(20.3348248473666,14.6128792300482,5.24350439733576));
#11543=CARTESIAN_POINT('Ctrl Pts',(20.3340000018632,14.613546939778,5.2467566310024));
#11544=CARTESIAN_POINT('Ctrl Pts',(20.3331625675889,14.6142135623731,5.25000000000001));
#11545=CARTESIAN_POINT('Ctrl Pts',(20.0855485836749,13.9071067811865,5.03537578938228));
#11546=CARTESIAN_POINT('Ctrl Pts',(20.066135082293,13.8800766722732,5.0016574467023));
#11547=CARTESIAN_POINT('Ctrl Pts',(20.0129898610668,13.8166610085525,4.95248058688825));
#11548=CARTESIAN_POINT('Ctrl Pts',(19.9477153594405,13.7493100734746,4.93587538797196));
#11549=CARTESIAN_POINT('Ctrl Pts',(19.9139861605893,13.7166252524363,4.93609835242024));
#11550=CARTESIAN_POINT('Ctrl Pts',(20.1330038458545,13.9397688357396,4.9803990936368));
#11551=CARTESIAN_POINT('Ctrl Pts',(20.1125210816786,13.9079038778798,4.93077242730261));
#11552=CARTESIAN_POINT('Ctrl Pts',(20.0533637442652,13.8320687826047,4.85336140792573));
#11553=CARTESIAN_POINT('Ctrl Pts',(19.9740057763782,13.7455997205373,4.81393654462069));
#11554=CARTESIAN_POINT('Ctrl Pts',(19.9297102037207,13.700425366699,4.80532799169672));
#11555=CARTESIAN_POINT('Ctrl Pts',(20.2114094442181,14.0220428655007,4.86636187668082));
#11556=CARTESIAN_POINT('Ctrl Pts',(20.1852684364093,13.9841135423049,4.7840882140417));
#11557=CARTESIAN_POINT('Ctrl Pts',(20.1054397704749,13.8922978468416,4.64826999342343));
#11558=CARTESIAN_POINT('Ctrl Pts',(19.9865722879194,13.7793067256565,4.56070926251157));
#11559=CARTESIAN_POINT('Ctrl Pts',(19.9147337551428,13.7158550341004,4.53296383902238));
#11560=CARTESIAN_POINT('Ctrl Pts',(20.279192658609,14.2125280569358,4.66994040127648));
#11561=CARTESIAN_POINT('Ctrl Pts',(20.2293627878544,14.1747891087222,4.5362616699904));
#11562=CARTESIAN_POINT('Ctrl Pts',(20.0811152920347,14.0831203742454,4.31490737751832));
#11563=CARTESIAN_POINT('Ctrl Pts',(19.86320753749,13.968385622674,4.17374471758184));
#11564=CARTESIAN_POINT('Ctrl Pts',(19.7333576774824,13.9027199332279,4.13011080594359));
#11565=CARTESIAN_POINT('Ctrl Pts',(20.2597001918511,14.3751488399642,4.54822999095038));
#11566=CARTESIAN_POINT('Ctrl Pts',(20.1812965381211,14.3440723844016,4.39033296456657));
#11567=CARTESIAN_POINT('Ctrl Pts',(19.9600996425227,14.2700834302165,4.14441674700291));
#11568=CARTESIAN_POINT('Ctrl Pts',(19.6656979620831,14.1847967082241,4.02374663176141));
#11569=CARTESIAN_POINT('Ctrl Pts',(19.5035580255291,14.1394738058201,4.0000000000002));
#11570=CARTESIAN_POINT('Ctrl Pts',(20.2245488066864,14.4727922061358,4.48908641189057));
#11571=CARTESIAN_POINT('Ctrl Pts',(20.126551755877,14.4457620972225,4.3242025447252));
#11572=CARTESIAN_POINT('Ctrl Pts',(19.8596751107142,14.3823464335018,4.08295984264718));
#11573=CARTESIAN_POINT('Ctrl Pts',(19.5332863932639,14.3149954984238,4.00000000000024));
#11574=CARTESIAN_POINT('Ctrl Pts',(19.3649167310385,14.2823106773856,4.));
#11575=CARTESIAN_POINT('',(19.9139861605893,13.7166252524363,4.93609835242024));
#11576=CARTESIAN_POINT('',(19.3649167310378,14.2823106773856,4.));
#11577=CARTESIAN_POINT('Origin',(19.3649167310374,14.2823106773856,4.8));
#11578=CARTESIAN_POINT('Ctrl Pts',(19.3649167310385,14.2823106773856,4.));
#11579=CARTESIAN_POINT('Ctrl Pts',(19.5332863932639,14.3149954984238,4.00000000000024));
#11580=CARTESIAN_POINT('Ctrl Pts',(19.8596751107142,14.3823464335018,4.08295984264718));
#11581=CARTESIAN_POINT('Ctrl Pts',(20.126551755877,14.4457620972225,4.3242025447252));
#11582=CARTESIAN_POINT('Ctrl Pts',(20.2245488066864,14.4727922061358,4.48908641189057));
#11583=CARTESIAN_POINT('Ctrl Pts',(20.0855485836749,13.9071067811865,5.03537578938228));
#11584=CARTESIAN_POINT('Ctrl Pts',(20.066135082293,13.8800766722732,5.0016574467023));
#11585=CARTESIAN_POINT('Ctrl Pts',(20.0129898610668,13.8166610085525,4.95248058688825));
#11586=CARTESIAN_POINT('Ctrl Pts',(19.9477153594405,13.7493100734746,4.93587538797196));
#11587=CARTESIAN_POINT('Ctrl Pts',(19.9139861605893,13.7166252524363,4.93609835242024));
#11588=CARTESIAN_POINT('Ctrl Pts',(10.4158271194649,5.80000000000095,4.));
#11589=CARTESIAN_POINT('Ctrl Pts',(13.4585261728465,8.56338408904872,4.));
#11590=CARTESIAN_POINT('Ctrl Pts',(16.4155240778343,11.4195511467432,4.));
#11591=CARTESIAN_POINT('Ctrl Pts',(19.3649167310374,14.2823106773856,4.));
#11592=CARTESIAN_POINT('Ctrl Pts',(10.5116793150905,5.69445933844377,4.));
#11593=CARTESIAN_POINT('Ctrl Pts',(13.5532362331,8.46450498724392,4.00003092749053));
#11594=CARTESIAN_POINT('Ctrl Pts',(16.5088488235345,11.3225622576277,3.9999910958952));
#11595=CARTESIAN_POINT('Ctrl Pts',(19.4573442606978,14.1870860963419,4.));
#11596=CARTESIAN_POINT('Ctrl Pts',(10.7028122506829,5.48400723209277,4.07818973045532));
#11597=CARTESIAN_POINT('Ctrl Pts',(13.7421408973847,8.26728986353585,4.07182143680221));
#11598=CARTESIAN_POINT('Ctrl Pts',(16.6950461325013,11.1290534091707,4.06952056248769));
#11599=CARTESIAN_POINT('Ctrl Pts',(19.6417652999884,13.9970840886436,4.06756444036427));
#11600=CARTESIAN_POINT('Ctrl Pts',(10.9454651571259,5.21682766351209,4.44971337057078));
#11601=CARTESIAN_POINT('Ctrl Pts',(13.9891743236998,8.00893336721229,4.41593796548725));
#11602=CARTESIAN_POINT('Ctrl Pts',(16.9408869712309,10.8735449455728,4.40325550455104));
#11603=CARTESIAN_POINT('Ctrl Pts',(19.8874049160927,13.7440109012805,4.39265231653269));
#11604=CARTESIAN_POINT('Ctrl Pts',(10.9721343482455,5.18746282679052,4.83248148088173));
#11605=CARTESIAN_POINT('Ctrl Pts',(14.0301983495058,7.96534398081199,4.77873890906629));
#11606=CARTESIAN_POINT('Ctrl Pts',(16.9870051381251,10.8255657373077,4.75754171355606));
#11607=CARTESIAN_POINT('Ctrl Pts',(19.9375722252863,13.6923254238302,4.73994281133484));
#11608=CARTESIAN_POINT('Ctrl Pts',(10.9295835164288,5.23431457505171,5.03675802959694));
#11609=CARTESIAN_POINT('Ctrl Pts',(13.9985720460889,7.99769866409946,4.9797108129349));
#11610=CARTESIAN_POINT('Ctrl Pts',(16.9597528986346,10.8538657217942,4.95562709937977));
#11611=CARTESIAN_POINT('Ctrl Pts',(19.9139861605893,13.7166252524363,4.93609835242024));
#11612=CARTESIAN_POINT('Ctrl Pts',(11.1016360493975,6.42568699148692,4.));
#11613=CARTESIAN_POINT('Ctrl Pts',(13.9037338721782,8.99348963058842,4.));
#11614=CARTESIAN_POINT('Ctrl Pts',(16.6375769001711,11.6350815654415,4.));
#11615=CARTESIAN_POINT('Ctrl Pts',(19.3649167310374,14.2823106773856,4.));
#11616=CARTESIAN_POINT('',(10.9295835164284,5.23431457505172,5.03675802959674));
#11617=CARTESIAN_POINT('Ctrl Pts',(19.9139861605893,13.7166252524363,4.93609835242024));
#11618=CARTESIAN_POINT('Ctrl Pts',(16.9597528986346,10.8538657217942,4.95562709937977));
#11619=CARTESIAN_POINT('Ctrl Pts',(13.9985720460889,7.99769866409946,4.9797108129349));
#11620=CARTESIAN_POINT('Ctrl Pts',(10.9295835164288,5.23431457505171,5.03675802959694));
#11621=CARTESIAN_POINT('Origin',(10.4158271194649,5.80000000000095,4.8));
#11622=CARTESIAN_POINT('Ctrl Pts',(10.6613436168116,4.66862915010105,4.56229459766221));
#11623=CARTESIAN_POINT('Ctrl Pts',(10.6613436168114,4.86913064246857,4.56229459766225));
#11624=CARTESIAN_POINT('Ctrl Pts',(10.7435822680763,5.07819513756314,4.53104719565584));
#11625=CARTESIAN_POINT('Ctrl Pts',(10.9119470152254,5.25373372338082,4.49103688883925));
#11626=CARTESIAN_POINT('Ctrl Pts',(10.7210267358785,4.66862915010109,4.75408702416396));
#11627=CARTESIAN_POINT('Ctrl Pts',(10.7210267358784,4.85119661559207,4.75408702416402));
#11628=CARTESIAN_POINT('Ctrl Pts',(10.8012769765453,5.0415670469148,4.71431775135875));
#11629=CARTESIAN_POINT('Ctrl Pts',(10.9602044504277,5.20059856457652,4.66247295083661));
#11630=CARTESIAN_POINT('Ctrl Pts',(10.70494056113,4.66862915010108,4.9683592857441));
#11631=CARTESIAN_POINT('Ctrl Pts',(10.7049405611298,4.85597145349752,4.96835928574417));
#11632=CARTESIAN_POINT('Ctrl Pts',(10.8004098229685,5.04603998637143,4.92184800837667));
#11633=CARTESIAN_POINT('Ctrl Pts',(10.9665631261593,5.19359717207882,4.85922760948236));
#11634=CARTESIAN_POINT('Ctrl Pts',(10.6172907471689,4.66862915010102,5.14909090909091));
#11635=CARTESIAN_POINT('Ctrl Pts',(10.6172907471687,4.88220129030793,5.14909090909098));
#11636=CARTESIAN_POINT('Ctrl Pts',(10.7410584761974,5.09072892964667,5.10278171882779));
#11637=CARTESIAN_POINT('Ctrl Pts',(10.9295835164287,5.23431457505145,5.03675802959664));
#11638=CARTESIAN_POINT('Ctrl Pts',(10.9295835164287,5.23431457505145,5.03675802959664));
#11639=CARTESIAN_POINT('Ctrl Pts',(10.7410584761974,5.09072892964667,5.10278171882779));
#11640=CARTESIAN_POINT('Ctrl Pts',(10.6172907471687,4.88220129030793,5.14909090909098));
#11641=CARTESIAN_POINT('Ctrl Pts',(10.6172907471689,4.66862915010102,5.14909090909091));
#11642=CARTESIAN_POINT('Origin',(0.,4.66862915010151,0.));
#11643=CARTESIAN_POINT('Origin',(0.,5.23431457505075,0.));
#11644=CARTESIAN_POINT('Origin',(0.,9.6,0.));
#11645=CARTESIAN_POINT('Origin',(0.,4.2,0.));
#11646=CARTESIAN_POINT('',(10.8660950741591,4.75210501229235,4.));
#11647=CARTESIAN_POINT('Ctrl Pts',(11.1013512691023,4.2,4.));
#11648=CARTESIAN_POINT('Ctrl Pts',(11.1013512691023,4.29671853754809,4.));
#11649=CARTESIAN_POINT('Ctrl Pts',(11.0777347336461,4.41035261685918,4.));
#11650=CARTESIAN_POINT('Ctrl Pts',(11.0014226814988,4.58824302594172,4.));
#11651=CARTESIAN_POINT('Ctrl Pts',(10.9358330915382,4.68347858160863,4.));
#11652=CARTESIAN_POINT('Ctrl Pts',(10.8660950741591,4.75210501229236,4.));
#11653=CARTESIAN_POINT('',(10.3227903204512,5.,-3.8));
#11654=CARTESIAN_POINT('Origin',(10.3227903204512,4.2,-3.8));
#11655=CARTESIAN_POINT('',(10.3227903204512,5.,3.8));
#11656=CARTESIAN_POINT('Origin',(0.,5.,0.));
#11657=CARTESIAN_POINT('Origin',(10.3227903204512,4.2,3.8));
#11658=CARTESIAN_POINT('Ctrl Pts',(9.8974744253269,5.2,-4.));
#11659=CARTESIAN_POINT('Ctrl Pts',(9.8974744253269,5.17655114695061,-4.));
#11660=CARTESIAN_POINT('Ctrl Pts',(9.91801496992049,5.12992838803824,-3.99160302494572));
#11661=CARTESIAN_POINT('Ctrl Pts',(10.0096959349904,5.06303237218571,-3.95283937151008));
#11662=CARTESIAN_POINT('Ctrl Pts',(10.1551312620524,5.01290459633004,-3.88706663905311));
#11663=CARTESIAN_POINT('Ctrl Pts',(10.2691664206877,5.,-3.82913411965382));
#11664=CARTESIAN_POINT('Ctrl Pts',(10.3227903204512,5.,-3.8));
#11665=CARTESIAN_POINT('Ctrl Pts',(10.0165285389705,5.2,-4.));
#11666=CARTESIAN_POINT('Ctrl Pts',(10.0165285389705,5.18332771225004,-4.));
#11667=CARTESIAN_POINT('Ctrl Pts',(10.0342658167536,5.14993351626802,-3.99688740432674));
#11668=CARTESIAN_POINT('Ctrl Pts',(10.1158658537856,5.08993852956215,-3.97526337620889));
#11669=CARTESIAN_POINT('Ctrl Pts',(10.2500250384464,5.02903003615724,-3.92234595663129));
#11670=CARTESIAN_POINT('Ctrl Pts',(10.3582718480535,5.00465654177674,-3.86332161929593));
#11671=CARTESIAN_POINT('Ctrl Pts',(10.4095688872952,5.,-3.83194471104912));
#11672=CARTESIAN_POINT('Ctrl Pts',(10.2944391592595,5.2,-4.06291986314529));
#11673=CARTESIAN_POINT('Ctrl Pts',(10.2944391592595,5.19172731479566,-4.06291986314529));
#11674=CARTESIAN_POINT('Ctrl Pts',(10.3056352215399,5.1745595045452,-4.06783391277693));
#11675=CARTESIAN_POINT('Ctrl Pts',(10.3636683319454,5.11421619411127,-4.06870778104927));
#11676=CARTESIAN_POINT('Ctrl Pts',(10.471486711985,5.0230699619802,-4.02327389587203));
#11677=CARTESIAN_POINT('Ctrl Pts',(10.5662281335255,4.97534174694593,-3.9486250852935));
#11678=CARTESIAN_POINT('Ctrl Pts',(10.6120868111865,4.96227418907203,-3.90649510749203));
#11679=CARTESIAN_POINT('Ctrl Pts',(10.507974011417,5.2,-4.25917815522615));
#11680=CARTESIAN_POINT('Ctrl Pts',(10.507974011417,5.18094236560463,-4.25917815522615));
#11681=CARTESIAN_POINT('Ctrl Pts',(10.5158535646058,5.14211653785614,-4.26021763497012));
#11682=CARTESIAN_POINT('Ctrl Pts',(10.5615937473098,5.04393113805741,-4.23983439574098));
#11683=CARTESIAN_POINT('Ctrl Pts',(10.6555936391844,4.91669233106162,-4.15103595712929));
#11684=CARTESIAN_POINT('Ctrl Pts',(10.7432705433472,4.85626474801642,-4.03417843067748));
#11685=CARTESIAN_POINT('Ctrl Pts',(10.7862436046355,4.84133192911929,-3.97060527485592));
#11686=CARTESIAN_POINT('Ctrl Pts',(10.588094756306,5.2,-4.39621347417443));
#11687=CARTESIAN_POINT('Ctrl Pts',(10.588094756306,5.1693662062625,-4.39621347417443));
#11688=CARTESIAN_POINT('Ctrl Pts',(10.5959135376036,5.10759498971964,-4.39204395160375));
#11689=CARTESIAN_POINT('Ctrl Pts',(10.6415945516005,4.97830628517105,-4.34856019182113));
#11690=CARTESIAN_POINT('Ctrl Pts',(10.735459139099,4.83041812267568,-4.22376380475046));
#11691=CARTESIAN_POINT('Ctrl Pts',(10.8230791465896,4.76623198523647,-4.0778559268136));
#11692=CARTESIAN_POINT('Ctrl Pts',(10.8660950741591,4.75210501229235,-4.));
#11693=CARTESIAN_POINT('Ctrl Pts',(9.8974744253269,5.2,-4.));
#11694=CARTESIAN_POINT('Ctrl Pts',(9.8974744253269,5.17655114695061,-4.));
#11695=CARTESIAN_POINT('Ctrl Pts',(9.91801496992049,5.12992838803824,-3.99160302494572));
#11696=CARTESIAN_POINT('Ctrl Pts',(10.0096959349904,5.06303237218571,-3.95283937151008));
#11697=CARTESIAN_POINT('Ctrl Pts',(10.1551312620524,5.01290459633004,-3.88706663905311));
#11698=CARTESIAN_POINT('Ctrl Pts',(10.2691664206877,5.,-3.82913411965382));
#11699=CARTESIAN_POINT('Ctrl Pts',(10.3227903204512,5.,-3.8));
#11700=CARTESIAN_POINT('Ctrl Pts',(10.588094756306,5.2,4.39621347417442));
#11701=CARTESIAN_POINT('Ctrl Pts',(10.588094756306,5.17975057379459,4.39621347417442));
#11702=CARTESIAN_POINT('Ctrl Pts',(10.5918452511615,5.13859931479913,4.39366319430456));
#11703=CARTESIAN_POINT('Ctrl Pts',(10.6146721695178,5.04629647849535,4.37554097382063));
#11704=CARTESIAN_POINT('Ctrl Pts',(10.6656488410642,4.93556134781897,4.31860192526404));
#11705=CARTESIAN_POINT('Ctrl Pts',(10.757405223372,4.81465796528815,4.1869676591658));
#11706=CARTESIAN_POINT('Ctrl Pts',(10.8231632037971,4.76620437978976,4.07770378893899));
#11707=CARTESIAN_POINT('Ctrl Pts',(10.8660950741591,4.75210501229235,4.));
#11708=CARTESIAN_POINT('Ctrl Pts',(10.5280041976393,5.2,4.29343698496321));
#11709=CARTESIAN_POINT('Ctrl Pts',(10.5280041976393,5.18546083809453,4.29343698496321));
#11710=CARTESIAN_POINT('Ctrl Pts',(10.531776738263,5.15584865385318,4.29260677225148));
#11711=CARTESIAN_POINT('Ctrl Pts',(10.5546440766804,5.08445657144429,4.28418624054323));
#11712=CARTESIAN_POINT('Ctrl Pts',(10.605706403072,4.9894005606466,4.2442088281876));
#11713=CARTESIAN_POINT('Ctrl Pts',(10.6975190380647,4.87996353326861,4.13773782156248));
#11714=CARTESIAN_POINT('Ctrl Pts',(10.7632993703564,4.83371168984458,4.04497935381123));
#11715=CARTESIAN_POINT('Ctrl Pts',(10.8062064720164,4.81902519991256,3.97795395614194));
#11716=CARTESIAN_POINT('Ctrl Pts',(10.3334163219304,5.2,4.08528132043605));
#11717=CARTESIAN_POINT('Ctrl Pts',(10.3334163219304,5.19426321910256,4.08528132043605));
#11718=CARTESIAN_POINT('Ctrl Pts',(10.3382044819524,5.18248223800714,4.08688160812868));
#11719=CARTESIAN_POINT('Ctrl Pts',(10.3666416373171,5.14581033472231,4.09250191526698));
#11720=CARTESIAN_POINT('Ctrl Pts',(10.4256274829949,5.08227671443799,4.08043929257348));
#11721=CARTESIAN_POINT('Ctrl Pts',(10.5259987987204,5.0007492701606,4.02103181487341));
#11722=CARTESIAN_POINT('Ctrl Pts',(10.5958005639804,4.96286572427068,3.96176281414669));
#11723=CARTESIAN_POINT('Ctrl Pts',(10.6408217554239,4.9491632258421,3.91707294397931));
#11724=CARTESIAN_POINT('Ctrl Pts',(10.0562132435184,5.2,4.));
#11725=CARTESIAN_POINT('Ctrl Pts',(10.0562132435184,5.19051101012678,4.));
#11726=CARTESIAN_POINT('Ctrl Pts',(10.0637141417525,5.17119273080543,3.99903850015032));
#11727=CARTESIAN_POINT('Ctrl Pts',(10.1065355483652,5.1291463692837,3.99271982459297));
#11728=CARTESIAN_POINT('Ctrl Pts',(10.1858616479229,5.08045756943715,3.97125700604392));
#11729=CARTESIAN_POINT('Ctrl Pts',(10.3079411976313,5.02757271581094,3.9192441759808));
#11730=CARTESIAN_POINT('Ctrl Pts',(10.3880810467911,5.00621827364998,3.8746366660723));
#11731=CARTESIAN_POINT('Ctrl Pts',(10.4384950762432,5.,3.84259294806549));
#11732=CARTESIAN_POINT('Ctrl Pts',(9.8974744253269,5.2,4.));
#11733=CARTESIAN_POINT('Ctrl Pts',(9.8974744253269,5.18449993417421,4.));
#11734=CARTESIAN_POINT('Ctrl Pts',(9.90650786952354,5.15315249532518,3.99627219007599));
#11735=CARTESIAN_POINT('Ctrl Pts',(9.95763736052086,5.09498059747814,3.97496908460301));
#11736=CARTESIAN_POINT('Ctrl Pts',(10.0486620836719,5.04791435600211,3.93562061828195));
#11737=CARTESIAN_POINT('Ctrl Pts',(10.1832450926313,5.00977365573217,3.87274307773168));
#11738=CARTESIAN_POINT('Ctrl Pts',(10.2692712068803,5.,3.82907718881733));
#11739=CARTESIAN_POINT('Ctrl Pts',(10.3227903204512,5.,3.8));
#11740=CARTESIAN_POINT('',(9.8974744253269,5.19999999999998,4.));
#11741=CARTESIAN_POINT('Ctrl Pts',(10.8660950741591,4.75210501229236,4.));
#11742=CARTESIAN_POINT('Ctrl Pts',(10.7746232089388,4.84211886490778,4.));
#11743=CARTESIAN_POINT('Ctrl Pts',(10.6692077430921,4.90588073903829,4.));
#11744=CARTESIAN_POINT('Ctrl Pts',(10.4665676733822,5.0019265623625,4.));
#11745=CARTESIAN_POINT('Ctrl Pts',(10.361074949116,5.03819494377531,4.00000000000006));
#11746=CARTESIAN_POINT('Ctrl Pts',(10.1169314152203,5.11609659069618,4.00000000000006));
#11747=CARTESIAN_POINT('Ctrl Pts',(10.0060947075286,5.14623739412793,3.99999999999999));
#11748=CARTESIAN_POINT('Ctrl Pts',(9.89974036710477,5.19886994425613,3.99999999999999));
#11749=CARTESIAN_POINT('Ctrl Pts',(9.89860682915019,5.19943379808835,4.));
#11750=CARTESIAN_POINT('Ctrl Pts',(9.8974744253269,5.2,4.));
#11751=CARTESIAN_POINT('Ctrl Pts',(10.3227903204512,5.,3.8));
#11752=CARTESIAN_POINT('Ctrl Pts',(10.2692712068803,5.,3.82907718881733));
#11753=CARTESIAN_POINT('Ctrl Pts',(10.1832450926313,5.00977365573217,3.87274307773168));
#11754=CARTESIAN_POINT('Ctrl Pts',(10.0486620836719,5.04791435600211,3.93562061828195));
#11755=CARTESIAN_POINT('Ctrl Pts',(9.95763736052086,5.09498059747814,3.97496908460301));
#11756=CARTESIAN_POINT('Ctrl Pts',(9.90650786952354,5.15315249532518,3.99627219007599));
#11757=CARTESIAN_POINT('Ctrl Pts',(9.8974744253269,5.18449993417421,4.));
#11758=CARTESIAN_POINT('Ctrl Pts',(9.8974744253269,5.2,4.));
#11759=CARTESIAN_POINT('Origin',(13.5,5.2,3.8));
#11760=CARTESIAN_POINT('',(8.21414284285428,5.,3.8));
#11761=CARTESIAN_POINT('',(13.5,5.,3.8));
#11762=CARTESIAN_POINT('',(7.83166247903554,5.2,4.));
#11763=CARTESIAN_POINT('Ctrl Pts',(8.21414284285429,5.,3.8));
#11764=CARTESIAN_POINT('Ctrl Pts',(8.21319908526802,5.,3.80076489391071));
#11765=CARTESIAN_POINT('Ctrl Pts',(8.21225532105092,5.00000438797021,3.80152977092523));
#11766=CARTESIAN_POINT('Ctrl Pts',(8.16703785128688,5.000424826761,3.83817339932423));
#11767=CARTESIAN_POINT('Ctrl Pts',(8.12333589747889,5.01048691972361,3.87350788701861));
#11768=CARTESIAN_POINT('Ctrl Pts',(8.0348189783892,5.04875666893605,3.93598071446469));
#11769=CARTESIAN_POINT('Ctrl Pts',(7.99200731384997,5.07648327866791,3.96165907329182));
#11770=CARTESIAN_POINT('Ctrl Pts',(7.90913833095906,5.13890770359882,3.99322234144751));
#11771=CARTESIAN_POINT('Ctrl Pts',(7.8721224508753,5.17017987875092,4.));
#11772=CARTESIAN_POINT('Ctrl Pts',(7.83166247903554,5.2,4.));
#11773=CARTESIAN_POINT('',(13.5,5.2,4.));
#11774=CARTESIAN_POINT('Origin',(0.,5.,7.));
#11775=CARTESIAN_POINT('',(8.21414284285428,5.,-3.8));
#11776=CARTESIAN_POINT('',(3.5,5.,-3.8));
#11777=CARTESIAN_POINT('',(6.5,5.,-4.5));
#11778=CARTESIAN_POINT('Origin',(7.5,5.,-4.5));
#11779=CARTESIAN_POINT('',(6.5,5.,-6.3));
#11780=CARTESIAN_POINT('',(6.5,5.,0.0999999999999995));
#11781=CARTESIAN_POINT('',(3.48711915483254,5.,-6.3));
#11782=CARTESIAN_POINT('',(-5.5625,5.,-6.3));
#11783=CARTESIAN_POINT('',(2.59386942512895,5.,-7.74956080832793));
#11784=CARTESIAN_POINT('Origin',(3.48711915483254,5.,-7.3));
#11785=CARTESIAN_POINT('',(-2.59386942512895,5.,-7.74956080832793));
#11786=CARTESIAN_POINT('Origin',(8.56519716263549E-16,5.,-7.));
#11787=CARTESIAN_POINT('',(-3.48711915483254,5.,-6.3));
#11788=CARTESIAN_POINT('Origin',(-3.48711915483254,5.,-7.3));
#11789=CARTESIAN_POINT('',(-6.5,5.,-6.3));
#11790=CARTESIAN_POINT('',(-5.5625,5.,-6.3));
#11791=CARTESIAN_POINT('',(-6.5,5.,-3.46410161513776));
#11792=CARTESIAN_POINT('',(-6.5,5.,2.));
#11793=CARTESIAN_POINT('',(-7.89745859785764,5.,-2.54648150692901));
#11794=CARTESIAN_POINT('Origin',(-7.5,5.,-3.46410161513776));
#11795=CARTESIAN_POINT('',(-7.89745859785764,5.,2.546481506929));
#11796=CARTESIAN_POINT('Origin',(-7.,5.,-1.28514609596512E-15));
#11797=CARTESIAN_POINT('',(-6.5,5.,3.46410161513775));
#11798=CARTESIAN_POINT('Origin',(-7.5,5.,3.46410161513775));
#11799=CARTESIAN_POINT('',(-6.5,5.,6.3));
#11800=CARTESIAN_POINT('',(-6.5,5.,6.9));
#11801=CARTESIAN_POINT('',(-3.48711915483254,5.,6.3));
#11802=CARTESIAN_POINT('',(5.5625,5.,6.3));
#11803=CARTESIAN_POINT('',(-2.59386942512895,5.,7.74956080832793));
#11804=CARTESIAN_POINT('Origin',(-3.48711915483254,5.,7.3));
#11805=CARTESIAN_POINT('',(2.59386942512895,5.,7.74956080832793));
#11806=CARTESIAN_POINT('Origin',(7.33043139598816E-19,5.,7.));
#11807=CARTESIAN_POINT('',(3.48711915483254,5.,6.3));
#11808=CARTESIAN_POINT('Origin',(3.48711915483254,5.,7.3));
#11809=CARTESIAN_POINT('',(6.5,5.,6.3));
#11810=CARTESIAN_POINT('',(5.5625,5.,6.3));
#11811=CARTESIAN_POINT('',(6.5,5.,4.5));
#11812=CARTESIAN_POINT('',(6.5,5.,5.));
#11813=CARTESIAN_POINT('Origin',(7.5,5.,4.5));
#11814=CARTESIAN_POINT('',(-3.67394039744206E-16,5.,-3.));
#11815=CARTESIAN_POINT('Origin',(0.,5.,0.));
#11816=CARTESIAN_POINT('',(-7.,5.,-1.7));
#11817=CARTESIAN_POINT('Origin',(-7.,5.,4.29359422841172E-16));
#11818=CARTESIAN_POINT('',(6.48329760408498E-16,5.,-8.7));
#11819=CARTESIAN_POINT('Origin',(8.56519716263549E-16,5.,-7.));
#11820=CARTESIAN_POINT('',(-2.07456912715451E-16,5.,5.3));
#11821=CARTESIAN_POINT('Origin',(7.33043139598816E-19,5.,7.));
#11822=CARTESIAN_POINT('',(7.,5.,-1.7));
#11823=CARTESIAN_POINT('Origin',(7.,5.,4.27893336561975E-16));
#11824=CARTESIAN_POINT('Origin',(0.,4.8,0.));
#11825=CARTESIAN_POINT('',(-2.8,4.8,-3.42901103761259E-16));
#11826=CARTESIAN_POINT('',(-3.42901103761259E-16,4.8,-2.8));
#11827=CARTESIAN_POINT('Origin',(0.,4.8,0.));
#11828=CARTESIAN_POINT('Origin',(-3.67394039744206E-16,4.8,-3.));
#11829=CARTESIAN_POINT('Origin',(0.,4.8,0.));
#11830=CARTESIAN_POINT('Origin',(0.,2.,0.));
#11831=CARTESIAN_POINT('',(-2.8,4.12426406871193,3.42901103761259E-16));
#11832=CARTESIAN_POINT('',(-3.42901103761259E-16,4.12426406871193,-2.8));
#11833=CARTESIAN_POINT('Origin',(0.,4.12426406871193,0.));
#11834=CARTESIAN_POINT('',(-2.8,2.,3.42901103761259E-16));
#11835=CARTESIAN_POINT('Origin',(0.,4.12426406871193,0.));
#11836=CARTESIAN_POINT('Origin',(-10.925,17.785,6.6));
#11837=CARTESIAN_POINT('',(-10.925,17.585,6.6));
#11838=CARTESIAN_POINT('',(-11.125,17.785,6.6));
#11839=CARTESIAN_POINT('Origin',(-10.925,17.785,6.6));
#11840=CARTESIAN_POINT('',(-10.925,17.785,6.8));
#11841=CARTESIAN_POINT('Origin',(-10.925,17.785,6.6));
#11842=CARTESIAN_POINT('Origin',(-10.925,17.785,6.6));
#11843=CARTESIAN_POINT('Origin',(-10.925,17.785,3.4));
#11844=CARTESIAN_POINT('',(-10.925,17.585,-6.6));
#11845=CARTESIAN_POINT('',(-10.925,17.585,3.4));
#11846=CARTESIAN_POINT('',(-11.125,17.785,-6.6));
#11847=CARTESIAN_POINT('Origin',(-10.925,17.785,-6.6));
#11848=CARTESIAN_POINT('',(-11.125,17.785,3.4));
#11849=CARTESIAN_POINT('Origin',(-10.925,17.785,-6.6));
#11850=CARTESIAN_POINT('',(-10.925,17.785,-6.8));
#11851=CARTESIAN_POINT('Origin',(-10.925,17.785,-6.6));
#11852=CARTESIAN_POINT('Origin',(-10.925,17.785,-6.6));
#11853=CARTESIAN_POINT('Origin',(-5.5625,17.785,-6.6));
#11854=CARTESIAN_POINT('',(-7.83166247903554,17.585,-6.6));
#11855=CARTESIAN_POINT('',(-5.5625,17.585,-6.6));
#11856=CARTESIAN_POINT('',(-8.21414284285429,17.785,-6.8));
#11857=CARTESIAN_POINT('Ctrl Pts',(-7.83166247903554,17.585,-6.6));
#11858=CARTESIAN_POINT('Ctrl Pts',(-7.87301405228971,17.585,-6.63047725621666));
#11859=CARTESIAN_POINT('Ctrl Pts',(-7.91073636012682,17.5920869856811,-6.66242998129523));
#11860=CARTESIAN_POINT('Ctrl Pts',(-7.99397410045219,17.6244412466327,-6.72484123898435));
#11861=CARTESIAN_POINT('Ctrl Pts',(-8.03643038502178,17.6500747391596,-6.75209747991391));
#11862=CARTESIAN_POINT('Ctrl Pts',(-8.12412693201033,17.712133079439,-6.78969599903902));
#11863=CARTESIAN_POINT('Ctrl Pts',(-8.16744190283664,17.7471540401485,-6.79957882320423));
#11864=CARTESIAN_POINT('Ctrl Pts',(-8.21225482602976,17.7834698278833,-6.79999560972791));
#11865=CARTESIAN_POINT('Ctrl Pts',(-8.21319883775889,17.7842349054888,-6.8));
#11866=CARTESIAN_POINT('Ctrl Pts',(-8.21414284285439,17.7850000000001,-6.8));
#11867=CARTESIAN_POINT('',(-5.5625,17.785,-6.8));
#11868=CARTESIAN_POINT('Origin',(-2.22044604925031E-15,17.585,1.11022302462516E-15));
#11869=CARTESIAN_POINT('',(-7.83166247903554,17.585,6.6));
#11870=CARTESIAN_POINT('',(5.5625,17.585,6.6));
#11871=CARTESIAN_POINT('',(-7.5,17.585,6.3));
#11872=CARTESIAN_POINT('Ctrl Pts',(-7.83166247903554,17.585,6.6));
#11873=CARTESIAN_POINT('Ctrl Pts',(-7.71138846516721,17.585,6.5113547164375));
#11874=CARTESIAN_POINT('Ctrl Pts',(-7.59857484212279,17.585,6.39857484212279));
#11875=CARTESIAN_POINT('Ctrl Pts',(-7.5,17.585,6.3));
#11876=CARTESIAN_POINT('',(-7.5,17.585,3.46410161513775));
#11877=CARTESIAN_POINT('',(-7.5,17.585,3.4));
#11878=CARTESIAN_POINT('',(-7.5,17.585,-3.46410161513776));
#11879=CARTESIAN_POINT('Origin',(-7.,17.585,-1.28514609596512E-15));
#11880=CARTESIAN_POINT('',(-7.5,17.585,-6.3));
#11881=CARTESIAN_POINT('',(-7.5,17.585,-1.5));
#11882=CARTESIAN_POINT('Ctrl Pts',(-7.5,17.585,-6.3));
#11883=CARTESIAN_POINT('Ctrl Pts',(-7.59857484212279,17.585,-6.39857484212279));
#11884=CARTESIAN_POINT('Ctrl Pts',(-7.71138846516721,17.585,-6.5113547164375));
#11885=CARTESIAN_POINT('Ctrl Pts',(-7.83166247903554,17.585,-6.6));
#11886=CARTESIAN_POINT('Origin',(5.5625,17.785,6.6));
#11887=CARTESIAN_POINT('',(-8.21414284285429,17.785,6.8));
#11888=CARTESIAN_POINT('',(5.5625,17.785,6.8));
#11889=CARTESIAN_POINT('Ctrl Pts',(-8.21414284285428,17.785,6.8));
#11890=CARTESIAN_POINT('Ctrl Pts',(-8.2131988377588,17.7842349054887,6.8));
#11891=CARTESIAN_POINT('Ctrl Pts',(-8.21225482602973,17.7834698278833,6.79999560972792));
#11892=CARTESIAN_POINT('Ctrl Pts',(-8.16744190283664,17.7471540401485,6.79957882320424));
#11893=CARTESIAN_POINT('Ctrl Pts',(-8.12412693201033,17.712133079439,6.78969599903902));
#11894=CARTESIAN_POINT('Ctrl Pts',(-8.03643038502179,17.6500747391596,6.75209747991391));
#11895=CARTESIAN_POINT('Ctrl Pts',(-7.99397410045219,17.6244412466327,6.72484123898436));
#11896=CARTESIAN_POINT('Ctrl Pts',(-7.91073636012681,17.5920869856811,6.66242998129524));
#11897=CARTESIAN_POINT('Ctrl Pts',(-7.8730140522897,17.585,6.63047725621666));
#11898=CARTESIAN_POINT('Ctrl Pts',(-7.83166247903554,17.585,6.6));
#11899=CARTESIAN_POINT('Origin',(0.,40.14,0.));
#11900=CARTESIAN_POINT('Origin',(-2.51052593825207E-15,40.14,20.5));
#11901=CARTESIAN_POINT('Origin',(6.5,5.5,-6.3));
#11902=CARTESIAN_POINT('',(7.,5.5,-6.3));
#11903=CARTESIAN_POINT('Origin',(6.5,5.5,-6.3));
#11904=CARTESIAN_POINT('',(6.5,5.5,-6.8));
#11905=CARTESIAN_POINT('Origin',(6.5,5.5,-6.3));
#11906=CARTESIAN_POINT('Origin',(6.5,5.5,-6.3));
#11907=CARTESIAN_POINT('Origin',(6.5,20.0825,-6.3));
#11908=CARTESIAN_POINT('',(7.,17.085,-6.3));
#11909=CARTESIAN_POINT('',(6.5,17.085,-6.8));
#11910=CARTESIAN_POINT('Origin',(6.5,17.085,-6.3));
#11911=CARTESIAN_POINT('',(6.5,20.0825,-6.8));
#11912=CARTESIAN_POINT('',(7.,20.0825,-6.3));
#11913=CARTESIAN_POINT('Origin',(-5.5625,5.5,-6.3));
#11914=CARTESIAN_POINT('',(3.48711915483254,5.5,-6.8));
#11915=CARTESIAN_POINT('Origin',(3.48711915483254,5.5,-6.3));
#11916=CARTESIAN_POINT('',(-5.5625,5.5,-6.8));
#11917=CARTESIAN_POINT('Origin',(6.5,5.5,0.0999999999999995));
#11918=CARTESIAN_POINT('',(7.,5.5,-4.5));
#11919=CARTESIAN_POINT('Origin',(6.5,5.5,-4.5));
#11920=CARTESIAN_POINT('',(7.,5.5,0.0999999999999995));
#11921=CARTESIAN_POINT('Origin',(3.48711915483254,5.5,-7.3));
#11922=CARTESIAN_POINT('',(2.96623045597284,5.3,-7.44886176275014));
#11923=CARTESIAN_POINT('Ctrl Pts',(2.59386942512895,5.,-7.74956080832793));
#11924=CARTESIAN_POINT('Ctrl Pts',(2.59484271664984,5.,-7.74914280393349));
#11925=CARTESIAN_POINT('Ctrl Pts',(2.59581585798358,5.00000335371814,-7.74872445579693));
#11926=CARTESIAN_POINT('Ctrl Pts',(2.64522368403518,5.00034397355923,-7.72746291200872));
#11927=CARTESIAN_POINT('Ctrl Pts',(2.69293000859345,5.00898805043768,-7.7058973771858));
#11928=CARTESIAN_POINT('Ctrl Pts',(2.78135833747603,5.04209919439287,-7.66062585238643));
#11929=CARTESIAN_POINT('Ctrl Pts',(2.82141094695623,5.06608714555893,-7.63739542736069));
#11930=CARTESIAN_POINT('Ctrl Pts',(2.894626828261,5.131458851859,-7.58389490699163));
#11931=CARTESIAN_POINT('Ctrl Pts',(2.92253313226072,5.17198646915702,-7.55553778141118));
#11932=CARTESIAN_POINT('Ctrl Pts',(2.95463409701743,5.24424013611088,-7.50031388045462));
#11933=CARTESIAN_POINT('Ctrl Pts',(2.96214388221086,5.27399407633571,-7.4758672253654));
#11934=CARTESIAN_POINT('Ctrl Pts',(2.96623045597284,5.3,-7.44886176275015));
#11935=CARTESIAN_POINT('',(2.98895927557075,5.5,-7.25714285714286));
#11936=CARTESIAN_POINT('Origin',(3.48711915483254,5.5,-7.3));
#11937=CARTESIAN_POINT('Ctrl Pts',(2.96623045597284,5.3,-7.44886176275014));
#11938=CARTESIAN_POINT('Ctrl Pts',(2.9761056452324,5.36284321121126,-7.38360316963512));
#11939=CARTESIAN_POINT('Ctrl Pts',(2.98345194609317,5.43130906731138,-7.3205009968594));
#11940=CARTESIAN_POINT('Ctrl Pts',(2.98880362137055,5.49804368113274,-7.25894735567345));
#11941=CARTESIAN_POINT('Ctrl Pts',(2.98888165301083,5.49902184394934,-7.25804512086135));
#11942=CARTESIAN_POINT('Ctrl Pts',(2.98895927557075,5.5,-7.25714285714286));
#11943=CARTESIAN_POINT('Origin',(7.5,5.5,-4.5));
#11944=CARTESIAN_POINT('Origin',(7.5,5.5,-4.5));
#11945=CARTESIAN_POINT('Ctrl Pts',(7.83166247903554,5.2,-4.));
#11946=CARTESIAN_POINT('Ctrl Pts',(7.8721224508753,5.17017987875093,-4.));
#11947=CARTESIAN_POINT('Ctrl Pts',(7.90913833095905,5.13890770359882,-3.99322234144752));
#11948=CARTESIAN_POINT('Ctrl Pts',(7.99200731384996,5.07648327866792,-3.96165907329182));
#11949=CARTESIAN_POINT('Ctrl Pts',(8.0348189783892,5.04875666893605,-3.93598071446469));
#11950=CARTESIAN_POINT('Ctrl Pts',(8.12333589747888,5.01048691972361,-3.87350788701861));
#11951=CARTESIAN_POINT('Ctrl Pts',(8.1670378512869,5.000424826761,-3.83817339932423));
#11952=CARTESIAN_POINT('Ctrl Pts',(8.21225532105092,5.00000438797021,-3.80152977092523));
#11953=CARTESIAN_POINT('Ctrl Pts',(8.21319908526802,5.,-3.80076489391071));
#11954=CARTESIAN_POINT('Ctrl Pts',(8.21414284285429,5.,-3.8));
#11955=CARTESIAN_POINT('Origin',(7.5,17.085,-6.3));
#11956=CARTESIAN_POINT('',(8.21414284285429,17.785,-6.8));
#11957=CARTESIAN_POINT('',(7.83166247903554,17.585,-6.6));
#11958=CARTESIAN_POINT('Ctrl Pts',(8.21414284285428,17.785,-6.8));
#11959=CARTESIAN_POINT('Ctrl Pts',(8.21319778465856,17.7842340519751,-6.8));
#11960=CARTESIAN_POINT('Ctrl Pts',(8.21225271981991,17.7834681208979,-6.79999559992717));
#11961=CARTESIAN_POINT('Ctrl Pts',(8.16737827112228,17.7471024804399,-6.79957777563234));
#11962=CARTESIAN_POINT('Ctrl Pts',(8.12400548284144,17.7120347868222,-6.78966780869431));
#11963=CARTESIAN_POINT('Ctrl Pts',(8.03619994530388,17.6499242766159,-6.75197430349525));
#11964=CARTESIAN_POINT('Ctrl Pts',(7.99370225518199,17.6242898148065,-6.72465826526697));
#11965=CARTESIAN_POINT('Ctrl Pts',(7.91052535326569,17.59204645806,-6.66225286324825));
#11966=CARTESIAN_POINT('Ctrl Pts',(7.87289772334317,17.585,-6.63039151855712));
#11967=CARTESIAN_POINT('Ctrl Pts',(7.83166247903554,17.585,-6.6));
#11968=CARTESIAN_POINT('Origin',(7.5,17.085,-6.8));
#11969=CARTESIAN_POINT('',(7.5,17.585,-6.3));
#11970=CARTESIAN_POINT('Origin',(7.5,17.085,-6.3));
#11971=CARTESIAN_POINT('Ctrl Pts',(7.83166247903554,17.585,-6.6));
#11972=CARTESIAN_POINT('Ctrl Pts',(7.71138846516721,17.585,-6.5113547164375));
#11973=CARTESIAN_POINT('Ctrl Pts',(7.59857484212279,17.585,-6.39857484212279));
#11974=CARTESIAN_POINT('Ctrl Pts',(7.5,17.585,-6.3));
#11975=CARTESIAN_POINT('Origin',(7.5,17.085,-3.4));
#11976=CARTESIAN_POINT('',(7.,17.085,-4.5));
#11977=CARTESIAN_POINT('',(7.,17.085,-3.4));
#11978=CARTESIAN_POINT('',(7.5,17.585,-4.5));
#11979=CARTESIAN_POINT('Origin',(7.5,17.085,-4.5));
#11980=CARTESIAN_POINT('',(7.5,17.585,-3.4));
#11981=CARTESIAN_POINT('Origin',(7.,17.585,-6.8));
#11982=CARTESIAN_POINT('',(7.,17.585,-4.5));
#11983=CARTESIAN_POINT('Origin',(7.5,17.585,-4.5));
#11984=CARTESIAN_POINT('Origin',(7.5,17.085,-4.5));
#11985=CARTESIAN_POINT('Origin',(3.5,5.2,-3.8));
#11986=CARTESIAN_POINT('Origin',(3.48711915483254,19.185,-7.3));
#11987=CARTESIAN_POINT('',(3.48711915483254,19.185,-6.8));
#11988=CARTESIAN_POINT('Origin',(3.48711915483254,19.185,-7.));
#11989=CARTESIAN_POINT('',(2.98895927557075,19.185,-7.25714285714286));
#11990=CARTESIAN_POINT('Origin',(3.18822322727546,19.185,-7.27428571428571));
#11991=CARTESIAN_POINT('Origin',(3.48711915483254,19.185,-7.3));
#11992=CARTESIAN_POINT('Origin',(3.48711915483254,22.58,-7.3));
#11993=CARTESIAN_POINT('',(3.48711915483254,22.58,-6.8));
#11994=CARTESIAN_POINT('',(2.98895927557075,22.58,-7.25714285714286));
#11995=CARTESIAN_POINT('Origin',(-5.5625,19.185,-7.));
#11996=CARTESIAN_POINT('',(10.925,19.185,-6.8));
#11997=CARTESIAN_POINT('',(-5.5625,19.185,-6.8));
#11998=CARTESIAN_POINT('Origin',(10.925,19.185,-7.));
#11999=CARTESIAN_POINT('Origin',(-11.125,22.58,-6.8));
#12000=CARTESIAN_POINT('',(10.925,17.785,-6.8));
#12001=CARTESIAN_POINT('',(-5.5625,17.785,-6.8));
#12002=CARTESIAN_POINT('',(10.925,22.58,-6.8));
#12003=CARTESIAN_POINT('Origin',(-6.5,5.5,-6.3));
#12004=CARTESIAN_POINT('',(-6.5,5.5,-6.8));
#12005=CARTESIAN_POINT('Origin',(-6.5,5.5,-6.3));
#12006=CARTESIAN_POINT('',(-7.,5.5,-6.3));
#12007=CARTESIAN_POINT('Origin',(-6.5,5.5,-6.3));
#12008=CARTESIAN_POINT('Origin',(-6.5,5.5,-6.3));
#12009=CARTESIAN_POINT('Origin',(-6.5,20.0825,-6.3));
#12010=CARTESIAN_POINT('',(-6.5,17.085,-6.8));
#12011=CARTESIAN_POINT('',(-7.,17.085,-6.3));
#12012=CARTESIAN_POINT('Origin',(-6.5,17.085,-6.3));
#12013=CARTESIAN_POINT('',(-7.,20.0825,-6.3));
#12014=CARTESIAN_POINT('',(-6.5,20.0825,-6.8));
#12015=CARTESIAN_POINT('Origin',(-6.5,5.5,2.));
#12016=CARTESIAN_POINT('',(-7.,5.5,-3.46410161513776));
#12017=CARTESIAN_POINT('Origin',(-6.5,5.5,-3.46410161513776));
#12018=CARTESIAN_POINT('',(-7.,5.5,2.));
#12019=CARTESIAN_POINT('Origin',(-5.5625,5.5,-6.3));
#12020=CARTESIAN_POINT('',(-3.48711915483254,5.5,-6.8));
#12021=CARTESIAN_POINT('Origin',(-3.48711915483254,5.5,-6.3));
#12022=CARTESIAN_POINT('',(-5.5625,5.5,-6.8));
#12023=CARTESIAN_POINT('Origin',(-7.5,17.085,-6.3));
#12024=CARTESIAN_POINT('Origin',(-7.5,17.085,-6.3));
#12025=CARTESIAN_POINT('Origin',(-7.5,17.085,-6.8));
#12026=CARTESIAN_POINT('Origin',(-7.5,5.5,-3.46410161513776));
#12027=CARTESIAN_POINT('',(-7.61866635589108,5.3,-2.93551561741519));
#12028=CARTESIAN_POINT('Ctrl Pts',(-7.89745859785764,5.,-2.546481506929));
#12029=CARTESIAN_POINT('Ctrl Pts',(-7.89709716317441,5.,-2.54747744909458));
#12030=CARTESIAN_POINT('Ctrl Pts',(-7.8967353765217,5.00000335524782,-2.54847326102678));
#12031=CARTESIAN_POINT('Ctrl Pts',(-7.87820036550413,5.00034682117516,-2.59943255160414));
#12032=CARTESIAN_POINT('Ctrl Pts',(-7.85925280998987,5.00913200829654,-2.64869590397759));
#12033=CARTESIAN_POINT('Ctrl Pts',(-7.81876703171765,5.04277689091381,-2.74021711144008));
#12034=CARTESIAN_POINT('Ctrl Pts',(-7.7976800683428,5.06714305234231,-2.78175774689892));
#12035=CARTESIAN_POINT('Ctrl Pts',(-7.74817658484422,5.13316782755275,-2.85774197056086));
#12036=CARTESIAN_POINT('Ctrl Pts',(-7.72142490765305,5.17378710052679,-2.88690088687545));
#12037=CARTESIAN_POINT('Ctrl Pts',(-7.66845694195548,5.24536738127884,-2.92131997740384));
#12038=CARTESIAN_POINT('Ctrl Pts',(-7.64487848925155,5.27449393128005,-2.92999135280898));
#12039=CARTESIAN_POINT('Ctrl Pts',(-7.61866635589108,5.3,-2.93551561741519));
#12040=CARTESIAN_POINT('',(-7.42857142857143,5.5,-2.96922995583236));
#12041=CARTESIAN_POINT('Origin',(-7.5,5.5,-3.46410161513776));
#12042=CARTESIAN_POINT('Ctrl Pts',(-7.61866635589108,5.3,-2.93551561741519));
#12043=CARTESIAN_POINT('Ctrl Pts',(-7.55407953465865,5.36284707460101,-2.94912743167139));
#12044=CARTESIAN_POINT('Ctrl Pts',(-7.49150030320372,5.43131760521791,-2.96009025070521));
#12045=CARTESIAN_POINT('Ctrl Pts',(-7.43035640177415,5.49805196547931,-2.9689719063421));
#12046=CARTESIAN_POINT('Ctrl Pts',(-7.4294639411565,5.49902598607721,-2.96910113273705));
#12047=CARTESIAN_POINT('Ctrl Pts',(-7.42857142857143,5.5,-2.96922995583236));
#12048=CARTESIAN_POINT('Origin',(-3.48711915483254,5.5,-7.3));
#12049=CARTESIAN_POINT('',(-2.98895927557075,5.5,-7.25714285714286));
#12050=CARTESIAN_POINT('',(-2.96623045597284,5.3,-7.44886176275015));
#12051=CARTESIAN_POINT('Ctrl Pts',(-2.98895927557075,5.5,-7.25714285714286));
#12052=CARTESIAN_POINT('Ctrl Pts',(-2.98888731715064,5.49909322026876,-7.25797928242655));
#12053=CARTESIAN_POINT('Ctrl Pts',(-2.98881500720656,5.49818643514121,-7.25881568248281));
#12054=CARTESIAN_POINT('Ctrl Pts',(-2.98346775273934,5.43145598508867,-7.32036561217799));
#12055=CARTESIAN_POINT('Ctrl Pts',(-2.97611607756564,5.36290959994615,-7.38353422924596));
#12056=CARTESIAN_POINT('Ctrl Pts',(-2.96623045597284,5.3,-7.44886176275014));
#12057=CARTESIAN_POINT('Origin',(-3.48711915483254,5.5,-7.3));
#12058=CARTESIAN_POINT('Ctrl Pts',(-2.96623045597284,5.3,-7.44886176275015));
#12059=CARTESIAN_POINT('Ctrl Pts',(-2.9622692942941,5.27479216717005,-7.47503845987071));
#12060=CARTESIAN_POINT('Ctrl Pts',(-2.95509109923599,5.24603991852834,-7.49883070065528));
#12061=CARTESIAN_POINT('Ctrl Pts',(-2.92424318686236,5.17487573824555,-7.55346355520594));
#12062=CARTESIAN_POINT('Ctrl Pts',(-2.89687927803906,5.13421265332359,-7.5818578409429));
#12063=CARTESIAN_POINT('Ctrl Pts',(-2.82401445852865,5.06780422947566,-7.63581298573808));
#12064=CARTESIAN_POINT('Ctrl Pts',(-2.78364209214432,5.04320932054535,-7.65937665637396));
#12065=CARTESIAN_POINT('Ctrl Pts',(-2.69422589463925,5.00922494057758,-7.7053118666195));
#12066=CARTESIAN_POINT('Ctrl Pts',(-2.64588076150711,5.00034772637185,-7.72718025111157));
#12067=CARTESIAN_POINT('Ctrl Pts',(-2.59581139108932,5.00000333834162,-7.74872637608807));
#12068=CARTESIAN_POINT('Ctrl Pts',(-2.59484048285397,5.,-7.74914376329302));
#12069=CARTESIAN_POINT('Ctrl Pts',(-2.59386942512895,5.,-7.74956080832793));
#12070=CARTESIAN_POINT('Origin',(-11.125,22.58,-6.8));
#12071=CARTESIAN_POINT('',(-3.48711915483254,19.185,-6.8));
#12072=CARTESIAN_POINT('',(-3.48711915483254,22.58,-6.8));
#12073=CARTESIAN_POINT('',(-10.925,19.185,-6.8));
#12074=CARTESIAN_POINT('',(-5.5625,19.185,-6.8));
#12075=CARTESIAN_POINT('',(-10.925,22.58,-6.8));
#12076=CARTESIAN_POINT('Origin',(-3.48711915483254,22.58,-7.3));
#12077=CARTESIAN_POINT('',(-2.98895927557075,19.185,-7.25714285714286));
#12078=CARTESIAN_POINT('',(-2.98895927557075,22.58,-7.25714285714286));
#12079=CARTESIAN_POINT('Origin',(-3.48711915483254,19.185,-7.3));
#12080=CARTESIAN_POINT('Origin',(8.56519716263549E-16,22.58,-7.));
#12081=CARTESIAN_POINT('Origin',(8.56519716263549E-16,19.185,-7.));
#12082=CARTESIAN_POINT('Origin',(8.56519716263549E-16,5.3,-7.));
#12083=CARTESIAN_POINT('Origin',(8.56519716263549E-16,5.3,-7.));
#12084=CARTESIAN_POINT('Origin',(-6.5,5.5,6.3));
#12085=CARTESIAN_POINT('',(-7.,5.5,6.3));
#12086=CARTESIAN_POINT('Origin',(-6.5,5.5,6.3));
#12087=CARTESIAN_POINT('',(-6.5,5.5,6.8));
#12088=CARTESIAN_POINT('Origin',(-6.5,5.5,6.3));
#12089=CARTESIAN_POINT('Origin',(-6.5,5.5,6.3));
#12090=CARTESIAN_POINT('Origin',(-6.5,20.0825,6.3));
#12091=CARTESIAN_POINT('',(-7.,17.085,6.3));
#12092=CARTESIAN_POINT('',(-6.5,17.085,6.8));
#12093=CARTESIAN_POINT('Origin',(-6.5,17.085,6.3));
#12094=CARTESIAN_POINT('',(-6.5,20.0825,6.8));
#12095=CARTESIAN_POINT('',(-7.,20.0825,6.3));
#12096=CARTESIAN_POINT('Origin',(5.5625,5.5,6.3));
#12097=CARTESIAN_POINT('',(-3.48711915483254,5.5,6.8));
#12098=CARTESIAN_POINT('Origin',(-3.48711915483254,5.5,6.3));
#12099=CARTESIAN_POINT('',(5.5625,5.5,6.8));
#12100=CARTESIAN_POINT('Origin',(-6.5,5.5,6.9));
#12101=CARTESIAN_POINT('',(-7.,5.5,3.46410161513775));
#12102=CARTESIAN_POINT('Origin',(-6.5,5.5,3.46410161513775));
#12103=CARTESIAN_POINT('',(-7.,5.5,6.9));
#12104=CARTESIAN_POINT('Origin',(-3.48711915483254,5.5,7.3));
#12105=CARTESIAN_POINT('',(-2.96623045597284,5.3,7.44886176275015));
#12106=CARTESIAN_POINT('Ctrl Pts',(-2.59386942512895,5.,7.74956080832793));
#12107=CARTESIAN_POINT('Ctrl Pts',(-2.59484273151809,5.,7.74914279754796));
#12108=CARTESIAN_POINT('Ctrl Pts',(-2.59581588771987,5.00000335382062,7.74872444301333));
#12109=CARTESIAN_POINT('Ctrl Pts',(-2.64582918532536,5.00034815308038,7.72720234753534));
#12110=CARTESIAN_POINT('Ctrl Pts',(-2.69411807851233,5.00920548198472,7.70536047661262));
#12111=CARTESIAN_POINT('Ctrl Pts',(-2.78346790757028,5.04312195874982,7.65947280355923));
#12112=CARTESIAN_POINT('Ctrl Pts',(-2.82382871502792,5.06767887802296,7.63592724811009));
#12113=CARTESIAN_POINT('Ctrl Pts',(-2.89673261076494,5.13402931721119,7.58199275947578));
#12114=CARTESIAN_POINT('Ctrl Pts',(-2.92413628082892,5.17469127617436,7.55359636815455));
#12115=CARTESIAN_POINT('Ctrl Pts',(-2.9550635926079,5.24593050634301,7.49892120137095));
#12116=CARTESIAN_POINT('Ctrl Pts',(-2.96226170496862,5.27474387061884,7.47508861270223));
#12117=CARTESIAN_POINT('Ctrl Pts',(-2.96623045597284,5.3,7.44886176275015));
#12118=CARTESIAN_POINT('',(-2.98895927557075,5.5,7.25714285714286));
#12119=CARTESIAN_POINT('Origin',(-3.48711915483254,5.5,7.3));
#12120=CARTESIAN_POINT('Ctrl Pts',(-2.96623045597284,5.3,7.44886176275015));
#12121=CARTESIAN_POINT('Ctrl Pts',(-2.97610564515633,5.36284321072718,7.38360317013782));
#12122=CARTESIAN_POINT('Ctrl Pts',(-2.983451946055,5.43130906683435,7.32050099729752));
#12123=CARTESIAN_POINT('Ctrl Pts',(-2.98880362137012,5.49804368112743,7.25894735567846));
#12124=CARTESIAN_POINT('Ctrl Pts',(-2.98888165301096,5.499021843951,7.25804512085982));
#12125=CARTESIAN_POINT('Ctrl Pts',(-2.98895927557075,5.5,7.25714285714286));
#12126=CARTESIAN_POINT('Origin',(-7.5,5.5,3.46410161513775));
#12127=CARTESIAN_POINT('',(-7.42857142857143,5.5,2.96922995583236));
#12128=CARTESIAN_POINT('',(-7.61866635589108,5.3,2.93551561741518));
#12129=CARTESIAN_POINT('Ctrl Pts',(-7.42857142857143,5.5,2.96922995583236));
#12130=CARTESIAN_POINT('Ctrl Pts',(-7.42946394153633,5.49902598566269,2.96910113268223));
#12131=CARTESIAN_POINT('Ctrl Pts',(-7.43035640254666,5.4980519646364,2.96897190623024));
#12132=CARTESIAN_POINT('Ctrl Pts',(-7.4915004983044,5.43131739227365,2.96009022234135));
#12133=CARTESIAN_POINT('Ctrl Pts',(-7.5540797309902,5.36284688355796,2.94912739029409));
#12134=CARTESIAN_POINT('Ctrl Pts',(-7.61866635589108,5.3,2.93551561741518));
#12135=CARTESIAN_POINT('Origin',(-7.5,5.5,3.46410161513775));
#12136=CARTESIAN_POINT('Ctrl Pts',(-7.61866635589108,5.3,2.93551561741518));
#12137=CARTESIAN_POINT('Ctrl Pts',(-7.6447649563587,5.27460440598759,2.9300152801152));
#12138=CARTESIAN_POINT('Ctrl Pts',(-7.66825549521486,5.24561630846364,2.92139475714197));
#12139=CARTESIAN_POINT('Ctrl Pts',(-7.7211524729047,5.17418612685559,2.88715223369662));
#12140=CARTESIAN_POINT('Ctrl Pts',(-7.74791413628795,5.13354749763964,2.85806711934998));
#12141=CARTESIAN_POINT('Ctrl Pts',(-7.79748419908161,5.0673785390675,2.78212591027241));
#12142=CARTESIAN_POINT('Ctrl Pts',(-7.81861498911343,5.0429282300033,2.74053745709758));
#12143=CARTESIAN_POINT('Ctrl Pts',(-7.85918378311162,5.00916418697522,2.64887548752826));
#12144=CARTESIAN_POINT('Ctrl Pts',(-7.8781671153256,5.00034743677313,2.59952396827173));
#12145=CARTESIAN_POINT('Ctrl Pts',(-7.89673537770305,5.00000335523686,2.5484732577752));
#12146=CARTESIAN_POINT('Ctrl Pts',(-7.89709716376431,5.,2.5474774474691));
#12147=CARTESIAN_POINT('Ctrl Pts',(-7.89745859785764,5.,2.546481506929));
#12148=CARTESIAN_POINT('Origin',(-7.5,17.085,6.3));
#12149=CARTESIAN_POINT('Origin',(-7.5,17.085,6.8));
#12150=CARTESIAN_POINT('Origin',(-7.5,17.085,6.3));
#12151=CARTESIAN_POINT('Origin',(7.33043139598816E-19,5.3,7.));
#12152=CARTESIAN_POINT('',(2.96623045597284,5.3,7.44886176275015));
#12153=CARTESIAN_POINT('Origin',(7.33043139598816E-19,5.3,7.));
#12154=CARTESIAN_POINT('Ctrl Pts',(2.96623045597284,5.3,7.44886176275015));
#12155=CARTESIAN_POINT('Ctrl Pts',(2.96226171084354,5.27474390800535,7.47508857387877));
#12156=CARTESIAN_POINT('Ctrl Pts',(2.9550636139102,5.24593059104735,7.49892113132233));
#12157=CARTESIAN_POINT('Ctrl Pts',(2.92413636362479,5.17469141892283,7.55359626537986));
#12158=CARTESIAN_POINT('Ctrl Pts',(2.89673272431198,5.13402945903631,7.5819926550917));
#12159=CARTESIAN_POINT('Ctrl Pts',(2.82382885880675,5.06767897500565,7.63592715968058));
#12160=CARTESIAN_POINT('Ctrl Pts',(2.78346804247449,5.04312202638391,7.65947272910441));
#12161=CARTESIAN_POINT('Ctrl Pts',(2.69411816224648,5.00920549712205,7.70536043885053));
#12162=CARTESIAN_POINT('Ctrl Pts',(2.64582922569349,5.00034815281283,7.72720233022947));
#12163=CARTESIAN_POINT('Ctrl Pts',(2.59581588457605,5.00000335380978,7.74872444436509));
#12164=CARTESIAN_POINT('Ctrl Pts',(2.59484272995004,5.,7.74914279822139));
#12165=CARTESIAN_POINT('Ctrl Pts',(2.59386942512895,5.,7.74956080832793));
#12166=CARTESIAN_POINT('Origin',(7.33043139598816E-19,22.58,7.));
#12167=CARTESIAN_POINT('',(-2.98895927557075,19.185,7.25714285714286));
#12168=CARTESIAN_POINT('',(-2.98895927557075,22.58,7.25714285714286));
#12169=CARTESIAN_POINT('',(2.98895927557075,19.185,7.25714285714286));
#12170=CARTESIAN_POINT('Origin',(7.33043139598816E-19,19.185,7.));
#12171=CARTESIAN_POINT('',(2.98895927557075,5.5,7.25714285714286));
#12172=CARTESIAN_POINT('',(2.98895927557075,22.58,7.25714285714286));
#12173=CARTESIAN_POINT('Ctrl Pts',(2.98895927557075,5.5,7.25714285714286));
#12174=CARTESIAN_POINT('Ctrl Pts',(2.98888165297157,5.49902184345467,7.25804512131764));
#12175=CARTESIAN_POINT('Ctrl Pts',(2.98880362129114,5.49804368013734,7.25894735659165));
#12176=CARTESIAN_POINT('Ctrl Pts',(2.98345192893347,5.43130885368075,7.32050119390276));
#12177=CARTESIAN_POINT('Ctrl Pts',(2.97610561513414,5.36284301967357,7.38360336853458));
#12178=CARTESIAN_POINT('Ctrl Pts',(2.96623045597284,5.3,7.44886176275015));
#12179=CARTESIAN_POINT('Origin',(-3.48711915483254,22.58,7.3));
#12180=CARTESIAN_POINT('',(-3.48711915483254,19.185,6.8));
#12181=CARTESIAN_POINT('',(-3.48711915483254,22.58,6.8));
#12182=CARTESIAN_POINT('Origin',(-3.48711915483254,19.185,7.3));
#12183=CARTESIAN_POINT('Origin',(11.125,22.58,6.8));
#12184=CARTESIAN_POINT('',(-10.925,19.185,6.8));
#12185=CARTESIAN_POINT('',(-10.925,22.58,6.8));
#12186=CARTESIAN_POINT('',(5.5625,19.185,6.8));
#12187=CARTESIAN_POINT('Origin',(6.5,5.5,6.3));
#12188=CARTESIAN_POINT('',(6.5,5.5,6.8));
#12189=CARTESIAN_POINT('Origin',(6.5,5.5,6.3));
#12190=CARTESIAN_POINT('',(7.,5.5,6.3));
#12191=CARTESIAN_POINT('Origin',(6.5,5.5,6.3));
#12192=CARTESIAN_POINT('Origin',(6.5,5.5,6.3));
#12193=CARTESIAN_POINT('Origin',(6.5,20.0825,6.3));
#12194=CARTESIAN_POINT('',(6.5,17.085,6.8));
#12195=CARTESIAN_POINT('',(7.,17.085,6.3));
#12196=CARTESIAN_POINT('Origin',(6.5,17.085,6.3));
#12197=CARTESIAN_POINT('',(7.,20.0825,6.3));
#12198=CARTESIAN_POINT('',(6.5,20.0825,6.8));
#12199=CARTESIAN_POINT('Origin',(6.5,5.5,5.));
#12200=CARTESIAN_POINT('',(7.,5.5,4.5));
#12201=CARTESIAN_POINT('Origin',(6.5,5.5,4.5));
#12202=CARTESIAN_POINT('',(7.,5.5,5.));
#12203=CARTESIAN_POINT('Origin',(5.5625,5.5,6.3));
#12204=CARTESIAN_POINT('',(3.48711915483254,5.5,6.8));
#12205=CARTESIAN_POINT('Origin',(3.48711915483254,5.5,6.3));
#12206=CARTESIAN_POINT('',(5.5625,5.5,6.8));
#12207=CARTESIAN_POINT('Origin',(3.48711915483254,5.5,7.3));
#12208=CARTESIAN_POINT('Origin',(3.48711915483254,5.5,7.3));
#12209=CARTESIAN_POINT('Origin',(7.5,5.5,4.5));
#12210=CARTESIAN_POINT('',(7.5,5.5,4.));
#12211=CARTESIAN_POINT('Origin',(7.5,5.5,4.5));
#12212=CARTESIAN_POINT('Ctrl Pts',(7.83166247903554,5.2,4.));
#12213=CARTESIAN_POINT('Ctrl Pts',(7.71138846516721,5.2886452835625,4.));
#12214=CARTESIAN_POINT('Ctrl Pts',(7.59857484212279,5.40142515787721,4.));
#12215=CARTESIAN_POINT('Ctrl Pts',(7.5,5.5,4.));
#12216=CARTESIAN_POINT('Origin',(7.5,17.085,6.3));
#12217=CARTESIAN_POINT('',(7.5,17.585,6.3));
#12218=CARTESIAN_POINT('',(7.83166247903554,17.585,6.6));
#12219=CARTESIAN_POINT('Ctrl Pts',(7.5,17.585,6.3));
#12220=CARTESIAN_POINT('Ctrl Pts',(7.59857484212279,17.585,6.39857484212279));
#12221=CARTESIAN_POINT('Ctrl Pts',(7.71138846516721,17.585,6.5113547164375));
#12222=CARTESIAN_POINT('Ctrl Pts',(7.83166247903554,17.585,6.6));
#12223=CARTESIAN_POINT('Origin',(7.5,17.085,6.3));
#12224=CARTESIAN_POINT('',(8.21414284285429,17.785,6.8));
#12225=CARTESIAN_POINT('Origin',(7.5,17.085,6.8));
#12226=CARTESIAN_POINT('Ctrl Pts',(7.83166247903554,17.585,6.6));
#12227=CARTESIAN_POINT('Ctrl Pts',(7.87289772334319,17.585,6.63039151855714));
#12228=CARTESIAN_POINT('Ctrl Pts',(7.9105253532657,17.59204645806,6.66225286324826));
#12229=CARTESIAN_POINT('Ctrl Pts',(7.99370225518198,17.6242898148065,6.72465826526697));
#12230=CARTESIAN_POINT('Ctrl Pts',(8.03619994530386,17.6499242766159,6.75197430349525));
#12231=CARTESIAN_POINT('Ctrl Pts',(8.12400548284107,17.712034786822,6.78966780869416));
#12232=CARTESIAN_POINT('Ctrl Pts',(8.1673782711265,17.7471024804408,6.79957777563237));
#12233=CARTESIAN_POINT('Ctrl Pts',(8.2122527198197,17.7834681208979,6.79999559992718));
#12234=CARTESIAN_POINT('Ctrl Pts',(8.21319778465866,17.7842340519752,6.8));
#12235=CARTESIAN_POINT('Ctrl Pts',(8.21414284285429,17.785,6.8));
#12236=CARTESIAN_POINT('Origin',(27.,17.585,4.));
#12237=CARTESIAN_POINT('',(7.5,17.085,4.));
#12238=CARTESIAN_POINT('',(7.5,17.585,4.));
#12239=CARTESIAN_POINT('',(10.925,17.085,4.));
#12240=CARTESIAN_POINT('',(13.5,17.085,4.));
#12241=CARTESIAN_POINT('',(11.2596632070785,17.1701825166617,4.));
#12242=CARTESIAN_POINT('Origin',(10.925,17.785,4.));
#12243=CARTESIAN_POINT('',(11.625,16.585,4.));
#12244=CARTESIAN_POINT('Ctrl Pts',(11.2596632070785,17.1701825166617,4.));
#12245=CARTESIAN_POINT('Ctrl Pts',(11.3548545840785,16.9684714019438,4.));
#12246=CARTESIAN_POINT('Ctrl Pts',(11.500677286401,16.7608188676827,4.));
#12247=CARTESIAN_POINT('Ctrl Pts',(11.625,16.585,4.));
#12248=CARTESIAN_POINT('',(19.3649167310371,16.585,4.));
#12249=CARTESIAN_POINT('',(22.,16.585,4.));
#12250=CARTESIAN_POINT('',(19.3649167310371,22.82,4.));
#12251=CARTESIAN_POINT('Origin',(7.5,17.585,4.5));
#12252=CARTESIAN_POINT('',(7.,17.085,4.5));
#12253=CARTESIAN_POINT('',(7.,17.585,4.5));
#12254=CARTESIAN_POINT('Origin',(7.5,17.085,4.5));
#12255=CARTESIAN_POINT('Origin',(7.,17.585,3.));
#12256=CARTESIAN_POINT('',(7.,17.085,1.5));
#12257=CARTESIAN_POINT('Origin',(7.5,17.085,1.5));
#12258=CARTESIAN_POINT('',(7.5,17.585,4.5));
#12259=CARTESIAN_POINT('',(7.5,17.585,1.5));
#12260=CARTESIAN_POINT('Origin',(7.5,17.085,4.5));
#12261=CARTESIAN_POINT('Origin',(-2.22044604925031E-15,17.585,1.11022302462516E-15));
#12262=CARTESIAN_POINT('',(10.925,17.585,6.6));
#12263=CARTESIAN_POINT('',(5.5625,17.585,6.6));
#12264=CARTESIAN_POINT('',(10.925,17.585,4.5));
#12265=CARTESIAN_POINT('',(10.925,17.585,-3.4));
#12266=CARTESIAN_POINT('',(13.5,17.585,4.5));
#12267=CARTESIAN_POINT('Origin',(11.625,16.585,3.));
#12268=CARTESIAN_POINT('',(11.125,17.526803053492,4.16747891523948));
#12269=CARTESIAN_POINT('Ctrl Pts',(11.125,17.5268030531595,4.16747891561409));
#12270=CARTESIAN_POINT('Ctrl Pts',(11.1249999997382,17.4949408997022,4.13919285888587));
#12271=CARTESIAN_POINT('Ctrl Pts',(11.1302964280455,17.4599129850239,4.10894319154698));
#12272=CARTESIAN_POINT('Ctrl Pts',(11.1602361520197,17.3659702120789,4.04626181220253));
#12273=CARTESIAN_POINT('Ctrl Pts',(11.1860010237763,17.3143723455373,4.02316966245784));
#12274=CARTESIAN_POINT('Ctrl Pts',(11.2288662383599,17.2316843074385,4.0034773125896));
#12275=CARTESIAN_POINT('Ctrl Pts',(11.2451094425477,17.2010220334255,4.00000000000046));
#12276=CARTESIAN_POINT('Ctrl Pts',(11.2596632070785,17.1701825166617,4.));
#12277=CARTESIAN_POINT('',(11.125,18.085,3.));
#12278=CARTESIAN_POINT('Origin',(11.125,16.585,3.));
#12279=CARTESIAN_POINT('',(11.625,17.585,3.));
#12280=CARTESIAN_POINT('Origin',(11.625,18.085,3.));
#12281=CARTESIAN_POINT('Origin',(11.625,16.585,3.));
#12282=CARTESIAN_POINT('Origin',(11.625,18.085,-3.4));
#12283=CARTESIAN_POINT('',(11.125,18.085,-3.));
#12284=CARTESIAN_POINT('',(11.625,17.585,-3.));
#12285=CARTESIAN_POINT('Origin',(11.625,18.085,-3.));
#12286=CARTESIAN_POINT('',(11.625,17.585,-3.4));
#12287=CARTESIAN_POINT('',(11.125,18.085,-3.4));
#12288=CARTESIAN_POINT('Origin',(11.625,16.585,-3.));
#12289=CARTESIAN_POINT('Origin',(11.625,16.585,-3.));
#12290=CARTESIAN_POINT('',(11.125,17.526803053492,-4.16747891523948));
#12291=CARTESIAN_POINT('Origin',(11.125,16.585,-3.));
#12292=CARTESIAN_POINT('Ctrl Pts',(11.2596632070752,17.1701825166686,-4.));
#12293=CARTESIAN_POINT('Ctrl Pts',(11.2516353282312,17.1871936414302,-4.00000000000054));
#12294=CARTESIAN_POINT('Ctrl Pts',(11.2431271778516,17.2040721776839,-4.00105840691128));
#12295=CARTESIAN_POINT('Ctrl Pts',(11.2092890924605,17.2698424872614,-4.00947720820097));
#12296=CARTESIAN_POINT('Ctrl Pts',(11.1821729168039,17.3196104679306,-4.02517174230772));
#12297=CARTESIAN_POINT('Ctrl Pts',(11.1411310102137,17.4190958637044,-4.07850062789369));
#12298=CARTESIAN_POINT('Ctrl Pts',(11.1286198022389,17.4631387161811,-4.11198419345038));
#12299=CARTESIAN_POINT('Ctrl Pts',(11.12521322376,17.5138826617494,-4.15604355053533));
#12300=CARTESIAN_POINT('Ctrl Pts',(11.1249999999475,17.5204101810464,-4.1618035571205));
#12301=CARTESIAN_POINT('Ctrl Pts',(11.125,17.5268030531593,-4.16747891561395));
#12302=CARTESIAN_POINT('Origin',(11.125,22.58,-6.8));
#12303=CARTESIAN_POINT('',(11.125,17.785,4.5));
#12304=CARTESIAN_POINT('Ctrl Pts',(11.125,17.5268030531595,4.16747891561406));
#12305=CARTESIAN_POINT('Ctrl Pts',(11.125,17.6298133633991,4.25892770928938));
#12306=CARTESIAN_POINT('Ctrl Pts',(11.125,17.7143635083612,4.38831390024903));
#12307=CARTESIAN_POINT('Ctrl Pts',(11.125,17.785,4.5));
#12308=CARTESIAN_POINT('',(11.125,17.785,6.6));
#12309=CARTESIAN_POINT('',(11.125,17.785,-3.4));
#12310=CARTESIAN_POINT('',(11.125,19.185,6.6));
#12311=CARTESIAN_POINT('',(11.125,22.58,6.6));
#12312=CARTESIAN_POINT('',(11.125,19.185,-6.6));
#12313=CARTESIAN_POINT('',(11.125,19.185,-3.4));
#12314=CARTESIAN_POINT('',(11.125,17.785,-6.6));
#12315=CARTESIAN_POINT('',(11.125,22.58,-6.6));
#12316=CARTESIAN_POINT('',(11.125,17.785,-4.5));
#12317=CARTESIAN_POINT('',(11.125,17.785,-3.4));
#12318=CARTESIAN_POINT('Ctrl Pts',(11.125,17.785,-4.5));
#12319=CARTESIAN_POINT('Ctrl Pts',(11.125,17.7143635083612,-4.38831390024903));
#12320=CARTESIAN_POINT('Ctrl Pts',(11.125,17.6298133633991,-4.25892770928939));
#12321=CARTESIAN_POINT('Ctrl Pts',(11.125,17.5268030531595,-4.16747891561407));
#12322=CARTESIAN_POINT('Origin',(7.5,17.085,-4.5));
#12323=CARTESIAN_POINT('Origin',(7.5,17.085,-4.5));
#12324=CARTESIAN_POINT('Origin',(10.925,17.785,-4.5));
#12325=CARTESIAN_POINT('',(10.925,17.585,-4.5));
#12326=CARTESIAN_POINT('Origin',(10.925,17.085,-4.5));
#12327=CARTESIAN_POINT('Origin',(10.925,17.785,-4.5));
#12328=CARTESIAN_POINT('Origin',(3.5,17.085,-4.5));
#12329=CARTESIAN_POINT('',(3.5,17.585,-4.5));
#12330=CARTESIAN_POINT('Origin',(-3.48711915483254,19.185,-7.3));
#12331=CARTESIAN_POINT('Origin',(-3.18822322727546,19.185,-7.27428571428572));
#12332=CARTESIAN_POINT('Origin',(-3.48711915483254,19.185,-7.));
#12333=CARTESIAN_POINT('Origin',(8.56519716263549E-16,19.185,-7.));
#12334=CARTESIAN_POINT('Origin',(-7.5,17.085,-3.46410161513776));
#12335=CARTESIAN_POINT('',(-7.,17.085,-3.46410161513776));
#12336=CARTESIAN_POINT('',(-7.42857142857143,17.085,-2.96922995583236));
#12337=CARTESIAN_POINT('Origin',(-7.5,17.085,-3.46410161513776));
#12338=CARTESIAN_POINT('Origin',(-7.5,17.085,-3.46410161513776));
#12339=CARTESIAN_POINT('Origin',(-7.5,17.085,-3.46410161513776));
#12340=CARTESIAN_POINT('Origin',(-7.5,17.085,-1.5));
#12341=CARTESIAN_POINT('',(-7.,17.085,-1.5));
#12342=CARTESIAN_POINT('Origin',(-7.5,17.085,3.46410161513775));
#12343=CARTESIAN_POINT('',(-7.42857142857143,17.085,2.96922995583236));
#12344=CARTESIAN_POINT('',(-7.,17.085,3.46410161513775));
#12345=CARTESIAN_POINT('Origin',(-7.5,17.085,3.46410161513775));
#12346=CARTESIAN_POINT('Origin',(-7.5,17.085,3.46410161513775));
#12347=CARTESIAN_POINT('Origin',(-7.5,17.085,3.46410161513775));
#12348=CARTESIAN_POINT('Origin',(-7.,17.085,-1.28514609596512E-15));
#12349=CARTESIAN_POINT('Origin',(-7.,17.085,-1.28514609596512E-15));
#12350=CARTESIAN_POINT('Origin',(-7.5,17.085,3.4));
#12351=CARTESIAN_POINT('',(-7.,17.085,3.4));
#12352=CARTESIAN_POINT('Origin',(-7.5,22.58,3.46410161513775));
#12353=CARTESIAN_POINT('',(-7.42857142857143,22.58,2.96922995583236));
#12354=CARTESIAN_POINT('',(-7.,22.58,3.46410161513775));
#12355=CARTESIAN_POINT('Origin',(-7.5,22.58,-3.46410161513776));
#12356=CARTESIAN_POINT('',(-7.,22.58,-3.46410161513776));
#12357=CARTESIAN_POINT('',(-7.42857142857143,22.58,-2.96922995583236));
#12358=CARTESIAN_POINT('Origin',(-7.,17.585,-3.));
#12359=CARTESIAN_POINT('Origin',(-3.48711915483254,19.185,7.3));
#12360=CARTESIAN_POINT('Origin',(-3.18822322727546,19.185,7.27428571428572));
#12361=CARTESIAN_POINT('Origin',(-3.48711915483254,19.185,7.));
#12362=CARTESIAN_POINT('Origin',(5.5625,19.185,7.));
#12363=CARTESIAN_POINT('Origin',(-10.925,19.185,7.));
#12364=CARTESIAN_POINT('Origin',(3.48711915483254,19.185,7.3));
#12365=CARTESIAN_POINT('',(3.48711915483254,19.185,6.8));
#12366=CARTESIAN_POINT('Origin',(3.48711915483254,19.185,7.));
#12367=CARTESIAN_POINT('Origin',(3.48711915483254,19.185,7.3));
#12368=CARTESIAN_POINT('Origin',(3.18822322727546,19.185,7.27428571428572));
#12369=CARTESIAN_POINT('Origin',(3.48711915483254,22.58,7.3));
#12370=CARTESIAN_POINT('',(3.48711915483254,22.58,6.8));
#12371=CARTESIAN_POINT('Origin',(7.33043139598816E-19,19.185,7.));
#12372=CARTESIAN_POINT('Origin',(7.5,17.085,4.5));
#12373=CARTESIAN_POINT('Origin',(7.5,17.085,4.5));
#12374=CARTESIAN_POINT('Origin',(10.925,17.785,4.5));
#12375=CARTESIAN_POINT('Origin',(10.925,17.085,4.5));
#12376=CARTESIAN_POINT('Origin',(10.925,17.785,4.5));
#12377=CARTESIAN_POINT('Origin',(13.5,17.085,4.5));
#12378=CARTESIAN_POINT('Origin',(5.5625,17.785,6.6));
#12379=CARTESIAN_POINT('',(10.925,17.785,6.8));
#12380=CARTESIAN_POINT('',(5.5625,17.785,6.8));
#12381=CARTESIAN_POINT('Origin',(10.925,17.785,6.6));
#12382=CARTESIAN_POINT('Ctrl Pts',(0.,40.2399410567826,-19.9696818127048));
#12383=CARTESIAN_POINT('Ctrl Pts',(-2.6037519315082,40.7562373032605,-19.9696818127048));
#12384=CARTESIAN_POINT('Ctrl Pts',(-5.20649534986048,41.2725335497384,-19.454051557282));
#12385=CARTESIAN_POINT('Ctrl Pts',(-7.61358340058072,41.7888297962162,-18.4613525913752));
#12386=CARTESIAN_POINT('Ctrl Pts',(0.,39.9686380605955,-19.9142909861845));
#12387=CARTESIAN_POINT('Ctrl Pts',(-2.59662462644832,40.4849343070734,-19.9142909861845));
#12388=CARTESIAN_POINT('Ctrl Pts',(-5.19196617566913,41.0012305535513,-19.4001271172076));
#12389=CARTESIAN_POINT('Ctrl Pts',(-7.59246525351684,41.5175268000291,-18.4101454871103));
#12390=CARTESIAN_POINT('Ctrl Pts',(0.,39.4580596254037,-19.6493472748394));
#12391=CARTESIAN_POINT('Ctrl Pts',(-2.56193801278473,39.9743558718815,-19.6493472748394));
#12392=CARTESIAN_POINT('Ctrl Pts',(-5.12302119944695,40.4906521183594,-19.1419703400305));
#12393=CARTESIAN_POINT('Ctrl Pts',(-7.49145357683094,41.0069483648373,-18.1652132284052));
#12394=CARTESIAN_POINT('Ctrl Pts',(0.,39.1627781837734,-19.1556931662846));
#12395=CARTESIAN_POINT('Ctrl Pts',(-2.49766020237063,39.6790744302513,-19.1556931662846));
#12396=CARTESIAN_POINT('Ctrl Pts',(-4.99423490085764,40.1953706767292,-18.6610960268255));
#12397=CARTESIAN_POINT('Ctrl Pts',(-7.30324443250045,40.711666923207,-17.7088452881602));
#12398=CARTESIAN_POINT('Ctrl Pts',(0.,39.0911112605664,-18.8882285676538));
#12399=CARTESIAN_POINT('Ctrl Pts',(-2.46274638109197,39.6074075070443,-18.8882285676538));
#12400=CARTESIAN_POINT('Ctrl Pts',(-4.92453886481186,40.1237037535221,-18.400522142876));
#12401=CARTESIAN_POINT('Ctrl Pts',(-7.20127164958495,40.64,-17.4615825472039));
#12402=CARTESIAN_POINT('',(0.,39.0911112605664,-18.8882285676538));
#12403=CARTESIAN_POINT('Ctrl Pts',(0.,39.0911112605664,-18.8882285676538));
#12404=CARTESIAN_POINT('Ctrl Pts',(-2.42038098855236,39.5985259213005,-18.8882285676538));
#12405=CARTESIAN_POINT('Ctrl Pts',(-4.8398406162871,40.1059405820346,-18.4171573565959));
#12406=CARTESIAN_POINT('Ctrl Pts',(-7.08361181347106,40.6133552427688,-17.509638089483));
#12407=CARTESIAN_POINT('Origin',(0.,40.54,-18.5));
#12408=CARTESIAN_POINT('Ctrl Pts',(0.,36.94,-16.2));
#12409=CARTESIAN_POINT('Ctrl Pts',(-2.88328071744254,37.6447619047619,-16.2));
#12410=CARTESIAN_POINT('Ctrl Pts',(-7.92234782419559,38.8780952380952,-14.8191430349951));
#12411=CARTESIAN_POINT('Ctrl Pts',(-11.7435387170057,40.1114285714286,-11.3668612193935));
#12412=CARTESIAN_POINT('Ctrl Pts',(-13.0286973847804,40.64,-9.627722703517));
#12413=CARTESIAN_POINT('Ctrl Pts',(0.,37.2886902744874,-16.2));
#12414=CARTESIAN_POINT('Ctrl Pts',(-2.88317093176163,37.9934521792493,-16.2));
#12415=CARTESIAN_POINT('Ctrl Pts',(-7.92237200374144,39.2267855125826,-14.8190797004992));
#12416=CARTESIAN_POINT('Ctrl Pts',(-11.743587651547,40.4601188459159,-11.3667949988187));
#12417=CARTESIAN_POINT('Ctrl Pts',(-13.0286973847804,40.9886902744874,-9.627722703517));
#12418=CARTESIAN_POINT('Ctrl Pts',(0.,38.1030989537492,-16.4337368160454));
#12419=CARTESIAN_POINT('Ctrl Pts',(-2.9249913600447,38.8078608585111,-16.4337368160454));
#12420=CARTESIAN_POINT('Ctrl Pts',(-8.03662878346254,40.0411941918445,-15.033020086147));
#12421=CARTESIAN_POINT('Ctrl Pts',(-11.9129277520901,41.2745275251778,-11.5309309573953));
#12422=CARTESIAN_POINT('Ctrl Pts',(-13.2166780171222,41.8030989537492,-9.76663339799158));
#12423=CARTESIAN_POINT('Ctrl Pts',(0.,38.6207913008649,-17.132970582234));
#12424=CARTESIAN_POINT('Ctrl Pts',(-3.04902899066315,39.3255532056268,-17.132970582234));
#12425=CARTESIAN_POINT('Ctrl Pts',(-8.3786685245808,40.5588865389601,-15.6724147114648));
#12426=CARTESIAN_POINT('Ctrl Pts',(-12.4199928882996,41.7922198722934,-12.0213053630149));
#12427=CARTESIAN_POINT('Ctrl Pts',(-13.779030186313,42.3207913008649,-10.1821907316829));
#12428=CARTESIAN_POINT('Ctrl Pts',(0.,38.7411215460373,-17.5820491709048));
#12429=CARTESIAN_POINT('Ctrl Pts',(-3.12925823133312,39.4458834507992,-17.5820491709048));
#12430=CARTESIAN_POINT('Ctrl Pts',(-8.59821660456901,40.6792167841326,-16.0833889822195));
#12431=CARTESIAN_POINT('Ctrl Pts',(-12.7453997014085,41.9125501174659,-12.3365872147054));
#12432=CARTESIAN_POINT('Ctrl Pts',(-14.1401974106203,42.4411215460373,-10.4490798751279));
#12433=CARTESIAN_POINT('',(0.,38.7411215460373,-17.5820491709048));
#12434=CARTESIAN_POINT('Origin',(0.,36.94,-18.0646582346358));
#12435=CARTESIAN_POINT('Ctrl Pts',(0.,38.7411215460373,-17.5820491709048));
#12436=CARTESIAN_POINT('Ctrl Pts',(-2.76889133789272,39.3647227285261,-17.5820491709048));
#12437=CARTESIAN_POINT('Ctrl Pts',(-5.53454195713161,39.9883239110149,-16.9115563368302));
#12438=CARTESIAN_POINT('Ctrl Pts',(-8.00081671155689,40.6119250935036,-15.6552905228394));
#12439=CARTESIAN_POINT('Ctrl Pts',(0.,39.0911112605664,-18.8882285676538));
#12440=CARTESIAN_POINT('Ctrl Pts',(-3.0192330291846,39.7240707452206,-18.8882285676538));
#12441=CARTESIAN_POINT('Ctrl Pts',(-6.03583401513877,40.3570302298748,-18.1507480355534));
#12442=CARTESIAN_POINT('Ctrl Pts',(-8.71451664053366,40.989989714529,-16.7577557610139));
#12443=CARTESIAN_POINT('Ctrl Pts',(0.,38.97444802239,-18.4528354354041));
#12444=CARTESIAN_POINT('Ctrl Pts',(-2.94963659663087,39.6074075070443,-18.4528354354041));
#12445=CARTESIAN_POINT('Ctrl Pts',(-5.89670182134,40.2403669916985,-17.7323545895207));
#12446=CARTESIAN_POINT('Ctrl Pts',(-8.51363805191571,40.8733264763527,-16.371472222347));
#12447=CARTESIAN_POINT('Ctrl Pts',(0.,38.8577847842137,-18.0174423031545));
#12448=CARTESIAN_POINT('Ctrl Pts',(-2.88004016407713,39.4907442688679,-18.0174423031545));
#12449=CARTESIAN_POINT('Ctrl Pts',(-5.75756962754123,40.1237037535221,-17.313961143488));
#12450=CARTESIAN_POINT('Ctrl Pts',(-8.31275946329775,40.7566632381764,-15.9851886836801));
#12451=CARTESIAN_POINT('Ctrl Pts',(0.,38.7411215460373,-17.5820491709048));
#12452=CARTESIAN_POINT('Ctrl Pts',(-2.81044373152339,39.3740810306916,-17.5820491709048));
#12453=CARTESIAN_POINT('Ctrl Pts',(-5.61843743374246,40.0070405153458,-16.8955676974553));
#12454=CARTESIAN_POINT('Ctrl Pts',(-8.1118808746798,40.64,-15.5989051450132));
#12455=CARTESIAN_POINT('',(0.,39.0911112605664,-18.8882285676538));
#12456=CARTESIAN_POINT('Ctrl Pts',(2.55806310531071,30.2963693512756,18.0035711354649));
#12457=CARTESIAN_POINT('Ctrl Pts',(2.60014695466225,30.2354972786618,18.2345772323485));
#12458=CARTESIAN_POINT('Ctrl Pts',(2.64217823998807,30.1745423896534,18.4655646155474));
#12459=CARTESIAN_POINT('Ctrl Pts',(2.68416233638928,30.113514560881,18.6965358014751));
#12460=CARTESIAN_POINT('Ctrl Pts',(2.64070230567037,30.3140022795834,17.9936643901551));
#12461=CARTESIAN_POINT('Ctrl Pts',(2.68269988141603,30.2528826072981,18.2246239492301));
#12462=CARTESIAN_POINT('Ctrl Pts',(2.72464648343823,30.1916922458043,18.4555672572421));
#12463=CARTESIAN_POINT('Ctrl Pts',(2.76654838104831,30.1304359183485,18.6864955370904));
#12464=CARTESIAN_POINT('Ctrl Pts',(2.81298825042553,30.3071538378267,17.9614739805701));
#12465=CARTESIAN_POINT('Ctrl Pts',(2.85467189485418,30.2456493910812,18.1923856541115));
#12466=CARTESIAN_POINT('Ctrl Pts',(2.89631984347042,30.1840911818131,18.4232827136661));
#12467=CARTESIAN_POINT('Ctrl Pts',(2.93792799075692,30.1224809753365,18.6541674723356));
#12468=CARTESIAN_POINT('Ctrl Pts',(3.06489930366169,30.1518087576739,17.8759588634419));
#12469=CARTESIAN_POINT('Ctrl Pts',(3.10590326726732,30.0901687548768,18.1069216871192));
#12470=CARTESIAN_POINT('Ctrl Pts',(3.14689216316194,30.0284802529336,18.337869663726));
#12471=CARTESIAN_POINT('Ctrl Pts',(3.18787000906346,29.966748067527,18.5688041049077));
#12472=CARTESIAN_POINT('Ctrl Pts',(3.14013235903487,29.9472430032894,17.8085755589877));
#12473=CARTESIAN_POINT('Ctrl Pts',(3.18086700760158,29.8859159246662,18.0396254851825));
#12474=CARTESIAN_POINT('Ctrl Pts',(3.22161492954369,29.8245337928378,18.2706565959154));
#12475=CARTESIAN_POINT('Ctrl Pts',(3.26234428635636,29.7630920220651,18.5016738405465));
#12476=CARTESIAN_POINT('Ctrl Pts',(3.1345453782444,29.8237480543655,17.7768902164042));
#12477=CARTESIAN_POINT('Ctrl Pts',(3.17528996798082,29.7626176213017,18.0079642674241));
#12478=CARTESIAN_POINT('Ctrl Pts',(3.21603146037136,29.7014187287914,18.2390207525227));
#12479=CARTESIAN_POINT('Ctrl Pts',(3.25677020851512,29.6401593181122,18.4700616742244));
#12480=CARTESIAN_POINT('Origin',(2.76436633200902,29.6401593181122,18.5568857630579));
#12481=CARTESIAN_POINT('Ctrl Pts',(2.68416233638928,30.113514560881,18.6965358014751));
#12482=CARTESIAN_POINT('Ctrl Pts',(2.73373191547506,30.0446252814545,18.958510522754));
#12483=CARTESIAN_POINT('Ctrl Pts',(2.85392549593395,29.7089986496721,19.5283920079878));
#12484=CARTESIAN_POINT('Ctrl Pts',(2.94150871121409,29.0622097052216,19.7825220872717));
#12485=CARTESIAN_POINT('Ctrl Pts',(2.96679207757409,28.6895672902664,19.7787296045131));
#12486=CARTESIAN_POINT('Ctrl Pts',(2.76654838104831,30.1304359183485,18.6864955370904));
#12487=CARTESIAN_POINT('Ctrl Pts',(2.81644231803752,30.0601136175914,18.9514461164434));
#12488=CARTESIAN_POINT('Ctrl Pts',(2.93637257687033,29.7166688583734,19.5263038801109));
#12489=CARTESIAN_POINT('Ctrl Pts',(3.01967484695062,29.0627225208676,19.774738886154));
#12490=CARTESIAN_POINT('Ctrl Pts',(3.04197197831808,28.6895672902664,19.7674526853995));
#12491=CARTESIAN_POINT('Ctrl Pts',(2.93792776504914,30.1224808189728,18.6541674706749));
#12492=CARTESIAN_POINT('Ctrl Pts',(2.98677848660978,30.0515913000742,18.9175573516426));
#12493=CARTESIAN_POINT('Ctrl Pts',(3.101298398265,29.7040801641729,19.4868233408083));
#12494=CARTESIAN_POINT('Ctrl Pts',(3.17189167690213,29.0547948217937,19.7216699068939));
#12495=CARTESIAN_POINT('Ctrl Pts',(3.18679600046596,28.6895672902664,19.7099718174126));
#12496=CARTESIAN_POINT('Ctrl Pts',(3.18786951276847,29.9667478439411,18.5688041331351));
#12497=CARTESIAN_POINT('Ctrl Pts',(3.23004647772639,29.9030217539345,18.8040753269517));
#12498=CARTESIAN_POINT('Ctrl Pts',(3.32359892185996,29.5901779330443,19.3116105973109));
#12499=CARTESIAN_POINT('Ctrl Pts',(3.36812483375742,29.0127219302956,19.5182077886506));
#12500=CARTESIAN_POINT('Ctrl Pts',(3.37090697404024,28.6895672902664,19.5079441877199));
#12501=CARTESIAN_POINT('Ctrl Pts',(3.26234428635636,29.7630920220651,18.5016738405465));
#12502=CARTESIAN_POINT('Ctrl Pts',(3.29734980443035,29.7099262572512,18.7002794217267));
#12503=CARTESIAN_POINT('Ctrl Pts',(3.37309652494465,29.4499912884493,19.1296924626436));
#12504=CARTESIAN_POINT('Ctrl Pts',(3.40554039889515,28.9650698780857,19.3133445540864));
#12505=CARTESIAN_POINT('Ctrl Pts',(3.40482750392998,28.6895672902664,19.3097363219724));
#12506=CARTESIAN_POINT('Ctrl Pts',(3.25677020851513,29.6401593181122,18.4700616742244));
#12507=CARTESIAN_POINT('Ctrl Pts',(3.28786231584275,29.5934056926708,18.6463937772451));
#12508=CARTESIAN_POINT('Ctrl Pts',(3.35518447279706,29.3654807119395,19.0281967020376));
#12509=CARTESIAN_POINT('Ctrl Pts',(3.38502615214084,28.9363082923474,19.1974372755668));
#12510=CARTESIAN_POINT('Ctrl Pts',(3.38502615214084,28.6895672902664,19.1974372755668));
#12511=CARTESIAN_POINT('',(2.96679207757391,28.6895672902664,19.7787296045131));
#12512=CARTESIAN_POINT('Origin',(2.89262227563474,28.6895672902664,19.2842613644003));
#12513=CARTESIAN_POINT('Ctrl Pts',(2.96679207757409,28.6895672902664,19.7787296045131));
#12514=CARTESIAN_POINT('Ctrl Pts',(2.94150871121409,29.0622097052216,19.7825220872717));
#12515=CARTESIAN_POINT('Ctrl Pts',(2.85392549593395,29.7089986496721,19.5283920079878));
#12516=CARTESIAN_POINT('Ctrl Pts',(2.73373191547506,30.0446252814545,18.958510522754));
#12517=CARTESIAN_POINT('Ctrl Pts',(2.68416233638928,30.113514560881,18.6965358014751));
#12518=CARTESIAN_POINT('Ctrl Pts',(2.96679207757409,28.6895672902664,19.7787296045131));
#12519=CARTESIAN_POINT('Ctrl Pts',(2.98582744924445,28.4090118148678,19.7758743154731));
#12520=CARTESIAN_POINT('Ctrl Pts',(2.99781135946019,27.7553192268698,19.5766870360247));
#12521=CARTESIAN_POINT('Ctrl Pts',(2.93309074297625,27.3522615868873,19.0189015325836));
#12522=CARTESIAN_POINT('Ctrl Pts',(2.88179123861717,27.2576258736666,18.667095587717));
#12523=CARTESIAN_POINT('Ctrl Pts',(3.09835690387608,28.6895672902664,19.7589949960643));
#12524=CARTESIAN_POINT('Ctrl Pts',(3.11345149098163,28.4081507120385,19.7514306841981));
#12525=CARTESIAN_POINT('Ctrl Pts',(3.11532244917086,27.7605977400121,19.5420938259437));
#12526=CARTESIAN_POINT('Ctrl Pts',(3.04434989928741,27.3701918668152,18.9887719641865));
#12527=CARTESIAN_POINT('Ctrl Pts',(2.99162822229144,27.2789882694328,18.6418202048311));
#12528=CARTESIAN_POINT('Ctrl Pts',(3.34364138382895,28.6895672902664,19.6087651466357));
#12529=CARTESIAN_POINT('Ctrl Pts',(3.34766030092564,28.428437962888,19.5984976621171));
#12530=CARTESIAN_POINT('Ctrl Pts',(3.32563063288593,27.8343475759504,19.3981378020404));
#12531=CARTESIAN_POINT('Ctrl Pts',(3.24461881122022,27.481507470697,18.8902987011865));
#12532=CARTESIAN_POINT('Ctrl Pts',(3.19145390957952,27.3994714377154,18.5732637326454));
#12533=CARTESIAN_POINT('Ctrl Pts',(3.40812772922817,28.6895672902664,19.3284528297067));
#12534=CARTESIAN_POINT('Ctrl Pts',(3.40745654803111,28.4785216537259,19.3252792771531));
#12535=CARTESIAN_POINT('Ctrl Pts',(3.38106100379804,27.9913830665969,19.1758902542201));
#12536=CARTESIAN_POINT('Ctrl Pts',(3.30833327633806,27.6910330046605,18.7622653587061));
#12537=CARTESIAN_POINT('Ctrl Pts',(3.26200503224384,27.6202988249258,18.4997498348659));
#12538=CARTESIAN_POINT('Ctrl Pts',(3.38502615214084,28.6895672902664,19.1974372755668));
#12539=CARTESIAN_POINT('Ctrl Pts',(3.38502615214084,28.5038006239907,19.1974372755668));
#12540=CARTESIAN_POINT('Ctrl Pts',(3.36302159724647,28.0703573892077,19.0726432434456));
#12541=CARTESIAN_POINT('Ctrl Pts',(3.29826919721287,27.7960721209342,18.7054141343584));
#12542=CARTESIAN_POINT('Ctrl Pts',(3.25677020851513,27.7309811164354,18.4700616742244));
#12543=CARTESIAN_POINT('Ctrl Pts',(2.88179123861717,27.2576258736666,18.667095587717));
#12544=CARTESIAN_POINT('Ctrl Pts',(2.93309074297625,27.3522615868873,19.0189015325836));
#12545=CARTESIAN_POINT('Ctrl Pts',(2.99781135946019,27.7553192268698,19.5766870360247));
#12546=CARTESIAN_POINT('Ctrl Pts',(2.98582744924445,28.4090118148678,19.7758743154731));
#12547=CARTESIAN_POINT('Ctrl Pts',(2.96679207757409,28.6895672902664,19.7787296045131));
#12548=CARTESIAN_POINT('Ctrl Pts',(6.27087963733518,27.9911876613413,17.8168809559358));
#12549=CARTESIAN_POINT('Ctrl Pts',(6.34814461558812,28.0600769398932,18.072063281128));
#12550=CARTESIAN_POINT('Ctrl Pts',(6.50526089616362,28.3957038284951,18.632889132271));
#12551=CARTESIAN_POINT('Ctrl Pts',(6.54519631005962,29.0424925217314,18.8987052174033));
#12552=CARTESIAN_POINT('Ctrl Pts',(6.52102723293217,29.4151349319558,18.9070411177253));
#12553=CARTESIAN_POINT('Ctrl Pts',(6.19319679862721,27.9742663038738,17.8460981398135));
#12554=CARTESIAN_POINT('Ctrl Pts',(6.27155108667738,28.0445886037381,18.1040687159386));
#12555=CARTESIAN_POINT('Ctrl Pts',(6.43120321995101,28.3880336171425,18.6691843357371));
#12556=CARTESIAN_POINT('Ctrl Pts',(6.47229882553134,29.0419797060919,18.9279708925165));
#12557=CARTESIAN_POINT('Ctrl Pts',(6.4491606619736,29.4151349319558,18.9318278552926));
#12558=CARTESIAN_POINT('Ctrl Pts',(6.02630828714367,27.9822224723929,17.8967310567004));
#12559=CARTESIAN_POINT('Ctrl Pts',(6.1048653140177,28.0531119903915,18.1528353598658));
#12560=CARTESIAN_POINT('Ctrl Pts',(6.26672647279931,28.4006229979532,18.7104903543341));
#12561=CARTESIAN_POINT('Ctrl Pts',(6.31280152523298,29.0499074050652,18.9513501061714));
#12562=CARTESIAN_POINT('Ctrl Pts',(6.29417600341999,29.4151349319558,18.9478753275471));
#12563=CARTESIAN_POINT('Ctrl Pts',(5.76523428325821,28.1379559075321,17.9366958537878));
#12564=CARTESIAN_POINT('Ctrl Pts',(5.83669789790418,28.2016819967297,18.164784392176));
#12565=CARTESIAN_POINT('Ctrl Pts',(5.98858565957352,28.5145254913499,18.6580122933875));
#12566=CARTESIAN_POINT('Ctrl Pts',(6.04469934212684,29.0919802960291,18.8617674792846));
#12567=CARTESIAN_POINT('Ctrl Pts',(6.03748416577829,29.4151349319558,18.8539557550187));
#12568=CARTESIAN_POINT('Ctrl Pts',(5.66814764720702,28.3416102001571,17.91164223052));
#12569=CARTESIAN_POINT('Ctrl Pts',(5.72900459758921,28.394775964296,18.1039076557245));
#12570=CARTESIAN_POINT('Ctrl Pts',(5.86053267975166,28.654711110071,18.5196399766163));
#12571=CARTESIAN_POINT('Ctrl Pts',(5.91674201691291,29.1396323476341,18.6974636562511));
#12572=CARTESIAN_POINT('Ctrl Pts',(5.9157045705624,29.4151349319558,18.693935021537));
#12573=CARTESIAN_POINT('Ctrl Pts',(5.65846298690514,28.46454290411,17.8810381987889));
#12574=CARTESIAN_POINT('Ctrl Pts',(5.71248384960053,28.5112965289579,18.0517469427753));
#12575=CARTESIAN_POINT('Ctrl Pts',(5.82945242847622,28.7392216634741,18.4213737534082));
#12576=CARTESIAN_POINT('Ctrl Pts',(5.88130078736131,29.1683939330073,18.5852172720306));
#12577=CARTESIAN_POINT('Ctrl Pts',(5.88130078736131,29.4151349319558,18.5852172720306));
#12578=CARTESIAN_POINT('Origin',(6.35800155210887,29.4151349319558,18.4343650897822));
#12579=CARTESIAN_POINT('Ctrl Pts',(6.52102723293217,29.4151349319558,18.9070411177253));
#12580=CARTESIAN_POINT('Ctrl Pts',(6.54519631005962,29.0424925217314,18.8987052174033));
#12581=CARTESIAN_POINT('Ctrl Pts',(6.50526089616362,28.3957038284951,18.632889132271));
#12582=CARTESIAN_POINT('Ctrl Pts',(6.34814461558812,28.0600769398932,18.072063281128));
#12583=CARTESIAN_POINT('Ctrl Pts',(6.27087963733518,27.9911876613413,17.8168809559358));
#12584=CARTESIAN_POINT('Ctrl Pts',(6.52102723293217,29.4151349319558,18.9070411177253));
#12585=CARTESIAN_POINT('Ctrl Pts',(6.5028307882381,29.6956904108662,18.9133170606745));
#12586=CARTESIAN_POINT('Ctrl Pts',(6.40004735710986,30.3493831574429,18.7422770558225));
#12587=CARTESIAN_POINT('Ctrl Pts',(6.19934921914006,30.7524406341503,18.2178403287291));
#12588=CARTESIAN_POINT('Ctrl Pts',(6.08205500137602,30.8470763485556,17.8822198114264));
#12589=CARTESIAN_POINT('Ctrl Pts',(6.39526073375467,29.4151349319558,18.950417908468));
#12590=CARTESIAN_POINT('Ctrl Pts',(6.37837914256314,29.6965515137062,18.9506958650739));
#12591=CARTESIAN_POINT('Ctrl Pts',(6.27986514511231,30.3441045497888,18.7659789617881));
#12592=CARTESIAN_POINT('Ctrl Pts',(6.08677472932524,30.7345103542653,18.2426067375407));
#12593=CARTESIAN_POINT('Ctrl Pts',(5.97298722690164,30.8257139527894,17.9106315789513));
#12594=CARTESIAN_POINT('Ctrl Pts',(6.10830633857511,29.4151349319558,18.9307131185778));
#12595=CARTESIAN_POINT('Ctrl Pts',(6.09999292938602,29.6762642626027,18.9234701796944));
#12596=CARTESIAN_POINT('Ctrl Pts',(6.02682068960181,30.2703535200582,18.7356557851288));
#12597=CARTESIAN_POINT('Ctrl Pts',(5.86367380185065,30.6231910262569,18.2479650334859));
#12598=CARTESIAN_POINT('Ctrl Pts',(5.76412104820105,30.7052270602654,17.9423068422458));
#12599=CARTESIAN_POINT('Ctrl Pts',(5.92143853442925,29.4151349319558,18.7120546464547));
#12600=CARTESIAN_POINT('Ctrl Pts',(5.92056522401837,29.626180571138,18.7089306667493));
#12601=CARTESIAN_POINT('Ctrl Pts',(5.87484667794476,30.113319246481,18.5642808167773));
#12602=CARTESIAN_POINT('Ctrl Pts',(5.7479469390699,30.4136692166763,18.1639416584234));
#12603=CARTESIAN_POINT('Ctrl Pts',(5.66755821144214,30.4844033972964,17.9097795827565));
#12604=CARTESIAN_POINT('Ctrl Pts',(5.88130078736131,29.4151349319558,18.5852172720306));
#12605=CARTESIAN_POINT('Ctrl Pts',(5.88130078736131,29.6009016005568,18.5852172720306));
#12606=CARTESIAN_POINT('Ctrl Pts',(5.84306909369959,30.0343449245152,18.4644031257948));
#12607=CARTESIAN_POINT('Ctrl Pts',(5.73056524756374,30.3086301004732,18.1088851035118));
#12608=CARTESIAN_POINT('Ctrl Pts',(5.65846298690513,30.3737211057868,17.8810381987889));
#12609=CARTESIAN_POINT('Ctrl Pts',(0.28492462311558,24.5696478747166,16.1974941876558));
#12610=CARTESIAN_POINT('Ctrl Pts',(0.302171846869651,25.0357134238618,16.1971907975961));
#12611=CARTESIAN_POINT('Ctrl Pts',(0.330603007770982,25.8486418341223,16.511445568594));
#12612=CARTESIAN_POINT('Ctrl Pts',(0.340102070245568,26.2885041113117,17.2402091218399));
#12613=CARTESIAN_POINT('Ctrl Pts',(0.340881629273204,26.3778986676579,17.5787443454571));
#12614=CARTESIAN_POINT('Ctrl Pts',(0.210811447273879,24.5696478747166,16.1987978873793));
#12615=CARTESIAN_POINT('Ctrl Pts',(0.225274619193389,25.0352372209657,16.2032165886424));
#12616=CARTESIAN_POINT('Ctrl Pts',(0.250002294016887,25.8402907092818,16.5254955055621));
#12617=CARTESIAN_POINT('Ctrl Pts',(0.258644154621934,26.2721210685694,17.2482622976792));
#12618=CARTESIAN_POINT('Ctrl Pts',(0.259347677482928,26.3603354748497,17.5833728142365));
#12619=CARTESIAN_POINT('Ctrl Pts',(0.0621461257469431,24.5696478747166,
16.1392572686132));
#12620=CARTESIAN_POINT('Ctrl Pts',(0.0672595299941898,25.0502094271242,
16.1476974322408));
#12621=CARTESIAN_POINT('Ctrl Pts',(0.0764126768566183,25.8736118310563,
16.4880825060663));
#12622=CARTESIAN_POINT('Ctrl Pts',(0.0798031011381997,26.3110253773364,
17.2295216586589));
#12623=CARTESIAN_POINT('Ctrl Pts',(0.0800772903223944,26.4010505006103,
17.5726430894282));
#12624=CARTESIAN_POINT('Ctrl Pts',(2.83891904330693E-15,24.5696478747166,
15.9916621394171));
#12625=CARTESIAN_POINT('Ctrl Pts',(-9.69803051135247E-5,25.086667431963,
15.9945667736509));
#12626=CARTESIAN_POINT('Ctrl Pts',(-4.22500506289556E-5,25.9830426124434,
16.3519477231774));
#12627=CARTESIAN_POINT('Ctrl Pts',(6.46494961668078E-6,26.4632202449139,
17.1572930154292));
#12628=CARTESIAN_POINT('Ctrl Pts',(-2.77555756156289E-16,26.5614020422559,
17.530385277176));
#12629=CARTESIAN_POINT('Ctrl Pts',(2.84494650060196E-15,24.5696478747166,
15.9175374979926));
#12630=CARTESIAN_POINT('Ctrl Pts',(2.87874112639269E-15,25.1050654151137,
15.9175374979926));
#12631=CARTESIAN_POINT('Ctrl Pts',(-1.08414013068525E-15,26.0380547149671,
16.2831372220158));
#12632=CARTESIAN_POINT('Ctrl Pts',(-5.8241649543754E-16,26.5398456225784,
17.1207928428919));
#12633=CARTESIAN_POINT('Ctrl Pts',(-2.77555756156289E-16,26.6421767200199,
17.50909853972));
#12634=CARTESIAN_POINT('',(0.284924623115585,24.5696478747166,16.1974941876558));
#12635=CARTESIAN_POINT('Ctrl Pts',(0.280896696627385,24.5799996068018,16.1975641477524));
#12636=CARTESIAN_POINT('Ctrl Pts',(0.282239112323518,24.5765498434485,16.1975411156337));
#12637=CARTESIAN_POINT('Ctrl Pts',(0.283581972630581,24.5730988211059,16.1975178057648));
#12638=CARTESIAN_POINT('Ctrl Pts',(0.28492462311558,24.5696478747166,16.1974941876558));
#12639=CARTESIAN_POINT('',(8.84708972748172E-16,25.6357294347122,16.2016225183842));
#12640=CARTESIAN_POINT('Ctrl Pts',(0.280896696627385,24.5799996068018,16.1975641477524));
#12641=CARTESIAN_POINT('Ctrl Pts',(0.263592010415983,24.6244696552673,16.1978610489615));
#12642=CARTESIAN_POINT('Ctrl Pts',(0.246347546443016,24.6687663993009,16.1981162270603));
#12643=CARTESIAN_POINT('Ctrl Pts',(0.22937768948944,24.7129541148813,16.1983895329899));
#12644=CARTESIAN_POINT('Ctrl Pts',(0.213149663523545,24.7552101809031,16.1986508914525));
#12645=CARTESIAN_POINT('Ctrl Pts',(0.197171829003471,24.7973655781671,16.1989284830768));
#12646=CARTESIAN_POINT('Ctrl Pts',(0.181646231031322,24.8394498999728,16.1992315807496));
#12647=CARTESIAN_POINT('Ctrl Pts',(0.166358616837417,24.8808891332012,16.1995300323965));
#12648=CARTESIAN_POINT('Ctrl Pts',(0.151508703249256,24.9222589052224,16.1998530408407));
#12649=CARTESIAN_POINT('Ctrl Pts',(0.137316211657886,24.9635717424213,16.2001702380684));
#12650=CARTESIAN_POINT('Ctrl Pts',(0.123577369770545,25.003564053464,16.2004772963837));
#12651=CARTESIAN_POINT('Ctrl Pts',(0.110454053495027,25.0435026517483,16.2007786334382));
#12652=CARTESIAN_POINT('Ctrl Pts',(0.0981802644230347,25.0833906119817,
16.2010131237463));
#12653=CARTESIAN_POINT('Ctrl Pts',(0.0956143773577033,25.0917293573052,
16.2010621449284));
#12654=CARTESIAN_POINT('Ctrl Pts',(0.0930857580804905,25.1000658696087,
16.2011081323637));
#12655=CARTESIAN_POINT('Ctrl Pts',(0.0905967781109042,25.1084001485797,
16.2011503509315));
#12656=CARTESIAN_POINT('Ctrl Pts',(0.0859848497366183,25.1238430601881,
16.2012285793675));
#12657=CARTESIAN_POINT('Ctrl Pts',(0.081508975797563,25.1392783904921,16.2012938974359));
#12658=CARTESIAN_POINT('Ctrl Pts',(0.0771765261552923,25.1547031175949,
16.2013497367712));
#12659=CARTESIAN_POINT('Ctrl Pts',(0.0684921546739174,25.1856218982432,
16.2014616664117));
#12660=CARTESIAN_POINT('Ctrl Pts',(0.0600611654070923,25.2176898491537,
16.2015563482437));
#12661=CARTESIAN_POINT('Ctrl Pts',(0.0521211767301542,25.2506832983367,
16.2016303586797));
#12662=CARTESIAN_POINT('Ctrl Pts',(0.0447802400989961,25.281187475301,16.2016987852156));
#12663=CARTESIAN_POINT('Ctrl Pts',(0.0378593418754607,25.3124835657232,
16.2017495417203));
#12664=CARTESIAN_POINT('Ctrl Pts',(0.0315841455334414,25.3443736611511,
16.2017821752789));
#12665=CARTESIAN_POINT('Ctrl Pts',(0.0255429037337665,25.3750748164606,
16.2018135921792));
#12666=CARTESIAN_POINT('Ctrl Pts',(0.0201002608661404,25.4063271987855,
16.2018283114542));
#12667=CARTESIAN_POINT('Ctrl Pts',(0.0154910622560184,25.43792317339,16.201827352014));
#12668=CARTESIAN_POINT('Ctrl Pts',(0.0110230508731335,25.4685513120595,
16.2018264219631));
#12669=CARTESIAN_POINT('Ctrl Pts',(0.00733837096051483,25.4995028205401,
16.2018109206798));
#12670=CARTESIAN_POINT('Ctrl Pts',(0.00468081043080783,25.5305501978996,
16.2017811997715));
#12671=CARTESIAN_POINT('Ctrl Pts',(0.00210412068125811,25.5606527893921,
16.2017523832841));
#12672=CARTESIAN_POINT('Ctrl Pts',(0.00049319009807798,25.5908457870281,
16.2017103625748));
#12673=CARTESIAN_POINT('Ctrl Pts',(9.60855190253046E-5,25.6208795448143,
16.2016525020799));
#12674=CARTESIAN_POINT('Ctrl Pts',(3.05732807446889E-5,25.6258343572248,
16.2016429565578));
#12675=CARTESIAN_POINT('Ctrl Pts',(-1.8479150814859E-6,25.6307847348233,
16.2016329701441));
#12676=CARTESIAN_POINT('Ctrl Pts',(8.60422844084496E-16,25.6357294347122,
16.2016225183842));
#12677=CARTESIAN_POINT('',(2.14424614826236E-15,26.6421767200199,17.50909853972));
#12678=CARTESIAN_POINT('Ctrl Pts',(8.48077888136257E-16,25.6354495935754,
16.2014639132843));
#12679=CARTESIAN_POINT('Ctrl Pts',(4.36572400627189E-16,25.7776557650595,
16.2820479894862));
#12680=CARTESIAN_POINT('Ctrl Pts',(-8.85035668407933E-16,26.2371858736702,
16.6155532380278));
#12681=CARTESIAN_POINT('Ctrl Pts',(-5.8241649543754E-16,26.5398456225784,
17.1207928428919));
#12682=CARTESIAN_POINT('Ctrl Pts',(-2.77555756156289E-16,26.6421767200199,
17.50909853972));
#12683=CARTESIAN_POINT('',(0.340881629273206,26.3778986676579,17.5787443454571));
#12684=CARTESIAN_POINT('Origin',(0.280000000000002,26.6421767200199,17.50909853972));
#12685=CARTESIAN_POINT('Ctrl Pts',(0.340881629273204,26.3778986676579,17.5787443454571));
#12686=CARTESIAN_POINT('Ctrl Pts',(0.340102070245568,26.2885041113117,17.2402091218399));
#12687=CARTESIAN_POINT('Ctrl Pts',(0.330603007770982,25.8486418341223,16.511445568594));
#12688=CARTESIAN_POINT('Ctrl Pts',(0.302171846869651,25.0357134238618,16.1971907975961));
#12689=CARTESIAN_POINT('Ctrl Pts',(0.28492462311558,24.5696478747166,16.1974941876558));
#12690=CARTESIAN_POINT('Ctrl Pts',(0.340881629273204,26.3778986676579,17.5787443454571));
#12691=CARTESIAN_POINT('Ctrl Pts',(0.339436808775552,26.4923455398873,18.0142875802085));
#12692=CARTESIAN_POINT('Ctrl Pts',(0.338092134725325,26.6069680649213,18.4497772489295));
#12693=CARTESIAN_POINT('Ctrl Pts',(0.336829588322074,26.721728792255,18.885225025198));
#12694=CARTESIAN_POINT('Ctrl Pts',(0.259347677482929,26.3603354748497,17.5833728142365));
#12695=CARTESIAN_POINT('Ctrl Pts',(0.258043781031094,26.4752645725602,18.0187933800158));
#12696=CARTESIAN_POINT('Ctrl Pts',(0.256844792691136,26.5902972020419,18.4541779098363));
#12697=CARTESIAN_POINT('Ctrl Pts',(0.25571212716773,26.7054726598075,18.8895193764351));
#12698=CARTESIAN_POINT('Ctrl Pts',(0.0800805441102138,26.4010544249947,
17.5726420552262));
#12699=CARTESIAN_POINT('Ctrl Pts',(0.0795723668721668,26.5165016831475,
18.0079160419454));
#12700=CARTESIAN_POINT('Ctrl Pts',(0.0791114218573763,26.6320598404845,
18.4431537809576));
#12701=CARTESIAN_POINT('Ctrl Pts',(0.0786733326461141,26.7476745099649,
18.8783709948617));
#12702=CARTESIAN_POINT('Ctrl Pts',(4.7054068608954E-15,26.5614020422559,
17.530385277176));
#12703=CARTESIAN_POINT('Ctrl Pts',(1.19820198290158E-5,26.6763921510948,
17.965741793507));
#12704=CARTESIAN_POINT('Ctrl Pts',(-1.01769034983447E-5,26.7914971683652,
18.4010653978366));
#12705=CARTESIAN_POINT('Ctrl Pts',(3.0107202360661E-15,26.9067135867609,
18.8363579478845));
#12706=CARTESIAN_POINT('Ctrl Pts',(4.54497550705923E-15,26.6421767200199,
17.50909853972));
#12707=CARTESIAN_POINT('Ctrl Pts',(4.61295384255391E-15,26.7569193400123,
17.9445010139043));
#12708=CARTESIAN_POINT('Ctrl Pts',(2.94560071592281E-15,26.871806331141,
18.3798654368041));
#12709=CARTESIAN_POINT('Ctrl Pts',(3.01841884819964E-15,26.9868077282056,
18.8151996326143));
#12710=CARTESIAN_POINT('',(2.30419740053996E-15,26.9868077282056,18.8151996326143));
#12711=CARTESIAN_POINT('',(0.336829588322076,26.721728792255,18.885225025198));
#12712=CARTESIAN_POINT('Origin',(0.280000000000002,26.9868077282056,18.8151996326143));
#12713=CARTESIAN_POINT('Ctrl Pts',(0.336829588322074,26.721728792255,18.885225025198));
#12714=CARTESIAN_POINT('Ctrl Pts',(0.338092134725325,26.6069680649213,18.4497772489295));
#12715=CARTESIAN_POINT('Ctrl Pts',(0.339436808775552,26.4923455398873,18.0142875802085));
#12716=CARTESIAN_POINT('Ctrl Pts',(0.340881629273204,26.3778986676579,17.5787443454571));
#12717=CARTESIAN_POINT('Ctrl Pts',(4.54497550705923E-15,26.6421767200199,
17.50909853972));
#12718=CARTESIAN_POINT('Ctrl Pts',(4.61295384255391E-15,26.7569193400123,
17.9445010139043));
#12719=CARTESIAN_POINT('Ctrl Pts',(2.94560071592281E-15,26.871806331141,
18.3798654368041));
#12720=CARTESIAN_POINT('Ctrl Pts',(3.01841884819964E-15,26.9868077282056,
18.8151996326143));
#12721=CARTESIAN_POINT('Ctrl Pts',(0.336829588322074,26.7217287922551,18.885225025198));
#12722=CARTESIAN_POINT('Ctrl Pts',(0.334269329313677,26.7922208465294,19.154148290183));
#12723=CARTESIAN_POINT('Ctrl Pts',(0.321856576753889,27.1353706253694,19.7373050993531));
#12724=CARTESIAN_POINT('Ctrl Pts',(0.298052026624224,27.7834317787036,19.9977839565663));
#12725=CARTESIAN_POINT('Ctrl Pts',(0.283975659229211,28.1562258749241,19.997983844002));
#12726=CARTESIAN_POINT('Ctrl Pts',(0.255712127167729,26.7054726598075,18.8895193764351));
#12727=CARTESIAN_POINT('Ctrl Pts',(0.253415247542288,26.7776503253197,19.1614242630798));
#12728=CARTESIAN_POINT('Ctrl Pts',(0.242298775974119,27.1287498194617,19.7488721792196));
#12729=CARTESIAN_POINT('Ctrl Pts',(0.221807722057471,27.7830153290791,20.0026716577743));
#12730=CARTESIAN_POINT('Ctrl Pts',(0.210016654903774,28.1562258749241,19.9990340777242));
#12731=CARTESIAN_POINT('Ctrl Pts',(0.0786778501251374,26.7476798757682,
18.8783695773878));
#12732=CARTESIAN_POINT('Ctrl Pts',(0.077789469431385,26.8186094558569,19.141926355284));
#12733=CARTESIAN_POINT('Ctrl Pts',(0.0735128197277181,27.1641197428819,
19.7091137005856));
#12734=CARTESIAN_POINT('Ctrl Pts',(0.0660348520099222,27.7982051959496,
19.9461484258173));
#12735=CARTESIAN_POINT('Ctrl Pts',(0.0618725078454373,28.1562258749241,
19.9392590106769));
#12736=CARTESIAN_POINT('Ctrl Pts',(-6.59194920871187E-16,26.9067135867609,
18.8363579478845));
#12737=CARTESIAN_POINT('Ctrl Pts',(2.06372683021615E-5,26.9690706012475,
19.0706734421018));
#12738=CARTESIAN_POINT('Ctrl Pts',(-3.48059469247512E-6,27.2724082047328,
19.5760435180295));
#12739=CARTESIAN_POINT('Ctrl Pts',(-7.86309913726287E-5,27.8349826372085,
19.7943488011883));
#12740=CARTESIAN_POINT('Ctrl Pts',(5.23137930919298E-16,28.1562258749241,
19.7919785309076));
#12741=CARTESIAN_POINT('Ctrl Pts',(-6.59194920871187E-16,26.9868077282056,
18.8151996326143));
#12742=CARTESIAN_POINT('Ctrl Pts',(1.15182610389097E-15,27.0447886508574,
19.0346846039214));
#12743=CARTESIAN_POINT('Ctrl Pts',(-3.38660852864696E-16,27.3268122957789,
19.5088435116667));
#12744=CARTESIAN_POINT('Ctrl Pts',(5.00110391868165E-16,27.8535402954234,
19.718012070186));
#12745=CARTESIAN_POINT('Ctrl Pts',(5.20417042793042E-16,28.1562258749241,
19.718012070186));
#12746=CARTESIAN_POINT('',(2.41476003673021E-15,28.1562258749241,19.718012070186));
#12747=CARTESIAN_POINT('',(0.283975659229219,28.1562258749241,19.997983844002));
#12748=CARTESIAN_POINT('Origin',(0.280000000000003,28.1562258749241,19.718012070186));
#12749=CARTESIAN_POINT('Ctrl Pts',(0.283975659229211,28.1562258749241,19.997983844002));
#12750=CARTESIAN_POINT('Ctrl Pts',(0.298052026624224,27.7834317787036,19.9977839565663));
#12751=CARTESIAN_POINT('Ctrl Pts',(0.321856576753889,27.1353706253694,19.7373050993531));
#12752=CARTESIAN_POINT('Ctrl Pts',(0.334269329313677,26.7922208465294,19.154148290183));
#12753=CARTESIAN_POINT('Ctrl Pts',(0.336829588322074,26.7217287922551,18.885225025198));
#12754=CARTESIAN_POINT('Ctrl Pts',(-6.59194920871187E-16,26.9868077282056,
18.8151996326143));
#12755=CARTESIAN_POINT('Ctrl Pts',(1.15182610389097E-15,27.0447886508574,
19.0346846039214));
#12756=CARTESIAN_POINT('Ctrl Pts',(-3.38660852864696E-16,27.3268122957789,
19.5088435116667));
#12757=CARTESIAN_POINT('Ctrl Pts',(5.00110391868165E-16,27.8535402954234,
19.718012070186));
#12758=CARTESIAN_POINT('Ctrl Pts',(5.20417042793042E-16,28.1562258749241,
19.718012070186));
#12759=CARTESIAN_POINT('Ctrl Pts',(0.28397565922921,28.1562258749241,19.997983844002));
#12760=CARTESIAN_POINT('Ctrl Pts',(0.273396064315607,28.4364125462093,19.9981340765186));
#12761=CARTESIAN_POINT('Ctrl Pts',(0.248260489438757,29.0901221732513,19.8070690019035));
#12762=CARTESIAN_POINT('Ctrl Pts',(0.23062270456673,29.5002431991355,19.2454903561079));
#12763=CARTESIAN_POINT('Ctrl Pts',(0.225279293501573,29.5961179678672,18.8868850704358));
#12764=CARTESIAN_POINT('Ctrl Pts',(0.210016654903772,28.1562258749241,19.9990340777242));
#12765=CARTESIAN_POINT('Ctrl Pts',(0.201154658723606,28.4367255437466,19.9963001249709));
#12766=CARTESIAN_POINT('Ctrl Pts',(0.180525655992864,29.0868135787485,19.7990511623636));
#12767=CARTESIAN_POINT('Ctrl Pts',(0.166597699620263,29.4899637369065,19.2395843006255));
#12768=CARTESIAN_POINT('Ctrl Pts',(0.162391145774474,29.5840205728203,18.8836135654506));
#12769=CARTESIAN_POINT('Ctrl Pts',(0.0618732281384521,28.1562258749241,
19.9392582800829));
#12770=CARTESIAN_POINT('Ctrl Pts',(0.0587448702378998,28.4253090586712,
19.9340802949301));
#12771=CARTESIAN_POINT('Ctrl Pts',(0.0517026993728559,29.0454736723044,
19.7397181078917));
#12772=CARTESIAN_POINT('Ctrl Pts',(0.0472435218582412,29.4274762588535,
19.2046434118677));
#12773=CARTESIAN_POINT('Ctrl Pts',(0.0458831776709083,29.5164456618212,
18.8653392462809));
#12774=CARTESIAN_POINT('Ctrl Pts',(-5.19844224240146E-16,28.1562258749241,
19.7919785309076));
#12775=CARTESIAN_POINT('Ctrl Pts',(5.90979201522052E-5,28.3976676637317,
19.7901970699168));
#12776=CARTESIAN_POINT('Ctrl Pts',(8.74831894608667E-5,28.9584986167154,
19.622781739354));
#12777=CARTESIAN_POINT('Ctrl Pts',(-1.96522907448515E-5,29.3104954822998,
19.1403014552456));
#12778=CARTESIAN_POINT('Ctrl Pts',(2.70815502448858E-15,29.3929401079423,
18.8319395735704));
#12779=CARTESIAN_POINT('Ctrl Pts',(-5.20417042793042E-16,28.1562258749241,
19.718012070186));
#12780=CARTESIAN_POINT('Ctrl Pts',(-3.24065842071018E-15,28.383719995207,
19.718012070186));
#12781=CARTESIAN_POINT('Ctrl Pts',(-4.65549360836726E-15,28.9147660478682,
19.5642076178711));
#12782=CARTESIAN_POINT('Ctrl Pts',(2.29104869040136E-15,29.2518549423492,
19.1080071378017));
#12783=CARTESIAN_POINT('Ctrl Pts',(2.70616862252382E-15,29.3310390319167,
18.8151996326143));
#12784=CARTESIAN_POINT('',(2.30419740053996E-15,29.3310390319167,18.8151996326143));
#12785=CARTESIAN_POINT('Origin',(0.280000000000003,29.3310390319167,18.8151996326143));
#12786=CARTESIAN_POINT('Ctrl Pts',(0.225279293501573,29.5961179678672,18.8868850704358));
#12787=CARTESIAN_POINT('Ctrl Pts',(0.23062270456673,29.5002431991355,19.2454903561079));
#12788=CARTESIAN_POINT('Ctrl Pts',(0.248260489438757,29.0901221732513,19.8070690019035));
#12789=CARTESIAN_POINT('Ctrl Pts',(0.273396064315607,28.4364125462093,19.9981340765186));
#12790=CARTESIAN_POINT('Ctrl Pts',(0.28397565922921,28.1562258749241,19.997983844002));
#12791=CARTESIAN_POINT('Ctrl Pts',(-5.20417042793042E-16,28.1562258749241,
19.718012070186));
#12792=CARTESIAN_POINT('Ctrl Pts',(-3.24065842071018E-15,28.383719995207,
19.718012070186));
#12793=CARTESIAN_POINT('Ctrl Pts',(-4.65549360836726E-15,28.9147660478682,
19.5642076178711));
#12794=CARTESIAN_POINT('Ctrl Pts',(2.29104869040136E-15,29.2518549423492,
19.1080071378017));
#12795=CARTESIAN_POINT('Ctrl Pts',(2.70616862252382E-15,29.3310390319167,
18.8151996326143));
#12796=CARTESIAN_POINT('Ctrl Pts',(0.225279293501573,29.5961179678673,18.8868850704358));
#12797=CARTESIAN_POINT('Ctrl Pts',(0.224063139855425,29.7136185984747,18.4514620351552));
#12798=CARTESIAN_POINT('Ctrl Pts',(0.222767951614785,29.8311567331344,18.0160514810441));
#12799=CARTESIAN_POINT('Ctrl Pts',(0.221376439933584,29.9487374916647,17.5806554348795));
#12800=CARTESIAN_POINT('Ctrl Pts',(0.153407124670602,29.5822923735279,18.8831462075956));
#12801=CARTESIAN_POINT('Ctrl Pts',(0.152488143981579,29.6995236446098,18.4476489788628));
#12802=CARTESIAN_POINT('Ctrl Pts',(0.151504549591984,29.816800137508,18.0121659677391));
#12803=CARTESIAN_POINT('Ctrl Pts',(0.150457694351499,29.9340804689498,17.5766868456289));
#12804=CARTESIAN_POINT('Ctrl Pts',(0.0387938072526005,29.5080350569618,
18.8630647619296));
#12805=CARTESIAN_POINT('Ctrl Pts',(0.0385350774901436,29.6252020474942,
18.4275425814203));
#12806=CARTESIAN_POINT('Ctrl Pts',(0.0382633015412968,29.7423860924234,
17.9920264909076));
#12807=CARTESIAN_POINT('Ctrl Pts',(0.037969874108253,29.8596032879235,17.5565211308189));
#12808=CARTESIAN_POINT('Ctrl Pts',(3.29256934384491E-15,29.3840970970815,
18.8295481534338));
#12809=CARTESIAN_POINT('Ctrl Pts',(1.85613812834859E-6,29.5016670599815,
18.3941224241377));
#12810=CARTESIAN_POINT('Ctrl Pts',(-2.04236906376158E-6,29.619283762693,
17.9587097867607));
#12811=CARTESIAN_POINT('Ctrl Pts',(3.81639164714898E-16,29.7369634968293,
17.5233147309863));
#12812=CARTESIAN_POINT('Ctrl Pts',(3.29597460435593E-15,29.3310390319167,
18.8151996326143));
#12813=CARTESIAN_POINT('Ctrl Pts',(3.2428719243865E-15,29.4487803602002,
18.3798148882749));
#12814=CARTESIAN_POINT('Ctrl Pts',(4.56861206795441E-16,29.5665829698918,
17.9444467152631));
#12815=CARTESIAN_POINT('Ctrl Pts',(3.81639164714898E-16,29.6844594393027,
17.50909853972));
#12816=CARTESIAN_POINT('',(2.14424614826236E-15,29.6844594393027,17.50909853972));
#12817=CARTESIAN_POINT('Origin',(0.280000000000002,29.6844594393027,17.50909853972));
#12818=CARTESIAN_POINT('Ctrl Pts',(3.29597460435593E-15,29.3310390319167,
18.8151996326143));
#12819=CARTESIAN_POINT('Ctrl Pts',(3.2428719243865E-15,29.4487803602002,
18.3798148882749));
#12820=CARTESIAN_POINT('Ctrl Pts',(4.56861206795441E-16,29.5665829698918,
17.9444467152631));
#12821=CARTESIAN_POINT('Ctrl Pts',(3.81639164714898E-16,29.6844594393027,
17.50909853972));
#12822=CARTESIAN_POINT('Ctrl Pts',(0.221376439933584,29.9487374916647,17.5806554348795));
#12823=CARTESIAN_POINT('Ctrl Pts',(0.223800386217476,30.0410398891308,17.241744734296));
#12824=CARTESIAN_POINT('Ctrl Pts',(0.237174819386401,30.4871628207475,16.51391081898));
#12825=CARTESIAN_POINT('Ctrl Pts',(0.267627558285224,31.3022354880211,16.1977984544529));
#12826=CARTESIAN_POINT('Ctrl Pts',(0.284924623115582,31.7696478747166,16.1974941876558));
#12827=CARTESIAN_POINT('Ctrl Pts',(0.15932253754926,29.9359125967892,17.5771829192852));
#12828=CARTESIAN_POINT('Ctrl Pts',(0.161223662589461,30.0293082894127,17.2360405492774));
#12829=CARTESIAN_POINT('Ctrl Pts',(0.171668129411464,30.4813352257681,16.5041841070156));
#12830=CARTESIAN_POINT('Ctrl Pts',(0.196306479638998,31.3027130670497,16.1943664169408));
#12831=CARTESIAN_POINT('Ctrl Pts',(0.210811447273881,31.7696478747166,16.1987978873793));
#12832=CARTESIAN_POINT('Ctrl Pts',(0.0448992722467171,29.8679433127442,
17.558779306541));
#12833=CARTESIAN_POINT('Ctrl Pts',(0.0455107491006609,29.9650464825217,
17.2048410922263));
#12834=CARTESIAN_POINT('Ctrl Pts',(0.0488117300831526,30.4350669051564,
16.4461160683012));
#12835=CARTESIAN_POINT('Ctrl Pts',(0.0570233403430992,31.2876975941673,
16.1307872232567));
#12836=CARTESIAN_POINT('Ctrl Pts',(0.0621515213204914,31.7696478747166,
16.1392517772932));
#12837=CARTESIAN_POINT('Ctrl Pts',(5.28280346764388E-16,29.7457141730837,
17.5256840961974));
#12838=CARTESIAN_POINT('Ctrl Pts',(-8.66039291266175E-6,29.848247089693,
17.148592682508));
#12839=CARTESIAN_POINT('Ctrl Pts',(4.3514673822668E-5,30.3436202917105,
16.3381938090758));
#12840=CARTESIAN_POINT('Ctrl Pts',(9.72605590825003E-5,31.2511342328824,
15.988749111363));
#12841=CARTESIAN_POINT('Ctrl Pts',(4.36547570216652E-15,31.7696478747166,
15.9916621394171));
#12842=CARTESIAN_POINT('Ctrl Pts',(5.20417042793042E-16,29.6844594393027,
17.50909853972));
#12843=CARTESIAN_POINT('Ctrl Pts',(9.23198052506062E-16,29.789712389254,
17.120372274327));
#12844=CARTESIAN_POINT('Ctrl Pts',(3.74102429677765E-15,30.297724722295,
16.2841021998242));
#12845=CARTESIAN_POINT('Ctrl Pts',(4.34238473669194E-15,31.2326830831876,
15.9175374979926));
#12846=CARTESIAN_POINT('Ctrl Pts',(4.37150315946155E-15,31.7696478747166,
15.9175374979926));
#12847=CARTESIAN_POINT('',(1.98392781497851E-15,30.7005883217874,16.200000002938));
#12848=CARTESIAN_POINT('Ctrl Pts',(4.92661467177413E-15,30.7005883321333,
16.2));
#12849=CARTESIAN_POINT('Ctrl Pts',(4.89367755095687E-15,30.7987425319545,
16.2));
#12850=CARTESIAN_POINT('Ctrl Pts',(0.0125519040461452,30.8987970980318,
16.200006398422));
#12851=CARTESIAN_POINT('Ctrl Pts',(0.0816007240243061,31.2476606754364,
16.1998714838429));
#12852=CARTESIAN_POINT('Ctrl Pts',(0.182290921899592,31.5058851102084,16.1992855936488));
#12853=CARTESIAN_POINT('Ctrl Pts',(0.283437164995547,31.7658248782157,16.1975203017894));
#12854=CARTESIAN_POINT('Ctrl Pts',(0.284180919179328,31.7677363702393,16.1975072698993));
#12855=CARTESIAN_POINT('Ctrl Pts',(0.284924623115581,31.7696478747166,16.1974941876558));
#12856=CARTESIAN_POINT('Ctrl Pts',(5.20417042793042E-16,29.6844594393027,
17.50909853972));
#12857=CARTESIAN_POINT('Ctrl Pts',(9.23198052506062E-16,29.789712389254,
17.120372274327));
#12858=CARTESIAN_POINT('Ctrl Pts',(2.6236564914194E-15,30.0962798579004,
16.6157128730279));
#12859=CARTESIAN_POINT('Ctrl Pts',(3.51694558567571E-15,30.5583280674756,
16.2821058638278));
#12860=CARTESIAN_POINT('Ctrl Pts',(3.71977056944672E-15,30.7013764384577,
16.2013968581201));
#12861=CARTESIAN_POINT('Origin',(2.11244767894242E-15,28.1,17.2494443329553));
#12862=CARTESIAN_POINT('',(1.98392781461871E-15,32.61,16.2));
#12863=CARTESIAN_POINT('Ctrl Pts',(3.04360106234055,27.7253127952631,17.2611193710211));
#12864=CARTESIAN_POINT('Ctrl Pts',(3.80278474366286,27.8994727952631,17.1272548046904));
#12865=CARTESIAN_POINT('Ctrl Pts',(4.55312029548944,28.0736327952631,16.9432324107954));
#12866=CARTESIAN_POINT('Ctrl Pts',(5.28809306629322,28.2477927952631,16.7106499301955));
#12867=CARTESIAN_POINT('Ctrl Pts',(3.00287766805575,27.7853015576956,17.0301655253806));
#12868=CARTESIAN_POINT('Ctrl Pts',(3.75188229704173,27.9594615576956,16.8980958006148));
#12869=CARTESIAN_POINT('Ctrl Pts',(4.49222002436816,28.1336215576956,16.7165254078196));
#12870=CARTESIAN_POINT('Ctrl Pts',(5.21733836009405,28.3077815576956,16.4870613678563));
#12871=CARTESIAN_POINT('Ctrl Pts',(2.92872162675905,28.0657144411459,16.6096057165598));
#12872=CARTESIAN_POINT('Ctrl Pts',(3.6592790041026,28.2398744411459,16.4807887399785));
#12873=CARTESIAN_POINT('Ctrl Pts',(4.38123684862857,28.4140344411459,16.3037260771238));
#12874=CARTESIAN_POINT('Ctrl Pts',(5.08849622875924,28.5881944411459,16.0799135120971));
#12875=CARTESIAN_POINT('Ctrl Pts',(2.89992456703774,28.5489323952355,16.4462894753039));
#12876=CARTESIAN_POINT('Ctrl Pts',(3.62322060705606,28.7230923952355,16.3187528684091));
#12877=CARTESIAN_POINT('Ctrl Pts',(4.33823327504936,28.8972523952355,16.1433935341631));
#12878=CARTESIAN_POINT('Ctrl Pts',(5.03846288709495,29.0714123952355,15.9218055425686));
#12879=CARTESIAN_POINT('Ctrl Pts',(2.89992456703774,28.791,16.4462894753039));
#12880=CARTESIAN_POINT('Ctrl Pts',(3.6232701577597,28.96516,16.3187441312831));
#12881=CARTESIAN_POINT('Ctrl Pts',(4.33818530455309,29.13932,16.1434087144493));
#12882=CARTESIAN_POINT('Ctrl Pts',(5.03846288709495,29.31348,15.9218055425686));
#12883=CARTESIAN_POINT('Ctrl Pts',(3.09435181577437,28.8378623363128,16.4108177717966));
#12884=CARTESIAN_POINT('Ctrl Pts',(3.68665862969347,28.9807807787709,16.2991271379393));
#12885=CARTESIAN_POINT('Ctrl Pts',(4.27291338881444,29.123699221229,16.1553461269727));
#12886=CARTESIAN_POINT('Ctrl Pts',(4.84968596977297,29.2666176636871,15.9803159885369));
#12887=CARTESIAN_POINT('Ctrl Pts',(2.59312158975262,30.2621355767965,18.1398656498174));
#12888=CARTESIAN_POINT('Ctrl Pts',(3.71662258311433,30.5073860772157,17.9792594613133));
#12889=CARTESIAN_POINT('Ctrl Pts',(4.82513768728425,30.7526365776349,17.7139803686604));
#12890=CARTESIAN_POINT('Ctrl Pts',(5.89963028649615,30.9978870780541,17.3485840302696));
#12891=CARTESIAN_POINT('Ctrl Pts',(2.59604925108948,30.2565921645364,18.1603457474453));
#12892=CARTESIAN_POINT('Ctrl Pts',(3.72081360768856,30.5018426649556,17.9995589592305));
#12893=CARTESIAN_POINT('Ctrl Pts',(4.83059017755406,30.7470931653748,17.7339779848317));
#12894=CARTESIAN_POINT('Ctrl Pts',(5.90629103065865,30.992343665794,17.3681707626911));
#12895=CARTESIAN_POINT('Ctrl Pts',(2.60441415059792,30.2284182424746,18.2188613812115));
#12896=CARTESIAN_POINT('Ctrl Pts',(3.73281056865348,30.4736687428938,18.0575553842462));
#12897=CARTESIAN_POINT('Ctrl Pts',(4.84614759607457,30.718919243313,17.7911223556478));
#12898=CARTESIAN_POINT('Ctrl Pts',(5.92532207597426,30.9641697437322,17.4241338778031));
#12899=CARTESIAN_POINT('Ctrl Pts',(2.6130257780699,30.1310185823198,18.2791029703391));
#12900=CARTESIAN_POINT('Ctrl Pts',(3.74514786815592,30.376269082739,18.1172643828484));
#12901=CARTESIAN_POINT('Ctrl Pts',(4.86217682005271,30.6215195831582,17.8499478386611));
#12902=CARTESIAN_POINT('Ctrl Pts',(5.94491445392154,30.8667700835774,17.4817476601361));
#12903=CARTESIAN_POINT('Ctrl Pts',(2.60925977706641,29.9956136961012,18.2527583698737));
#12904=CARTESIAN_POINT('Ctrl Pts',(3.73975685354905,30.2408641965204,18.0911520805676));
#12905=CARTESIAN_POINT('Ctrl Pts',(4.85516289171394,30.4861146969396,17.8242239163677));
#12906=CARTESIAN_POINT('Ctrl Pts',(5.93634639692533,30.7313651973588,17.4565522411765));
#12907=CARTESIAN_POINT('Ctrl Pts',(2.59872807529896,29.941795251139,18.1790851353133));
#12908=CARTESIAN_POINT('Ctrl Pts',(3.72465665022639,30.1870457515582,18.0181319203046));
#12909=CARTESIAN_POINT('Ctrl Pts',(4.83557135671284,30.4322962519774,17.7522785780788));
#12910=CARTESIAN_POINT('Ctrl Pts',(5.91238564361506,30.6775467523966,17.386092717097));
#12911=CARTESIAN_POINT('Ctrl Pts',(2.59285529003649,29.9311796602574,18.1380027826491));
#12912=CARTESIAN_POINT('Ctrl Pts',(3.71624090585602,30.1764301606766,17.9774130875414));
#12913=CARTESIAN_POINT('Ctrl Pts',(4.82464217145442,30.4216806610958,17.7121612376323));
#12914=CARTESIAN_POINT('Ctrl Pts',(5.89902442602407,30.666931161515,17.3468024234908));
#12915=CARTESIAN_POINT('Ctrl Pts',(3.32064244037276,30.0905684006922,18.0189460962256));
#12916=CARTESIAN_POINT('Ctrl Pts',(3.98805889849738,30.237238838931,17.8959150170878));
#12917=CARTESIAN_POINT('Ctrl Pts',(4.64864130244908,30.3839092771699,17.7358038403937));
#12918=CARTESIAN_POINT('Ctrl Pts',(5.29831825755128,30.5305797154087,17.5395868928634));
#12919=CARTESIAN_POINT('Ctrl Pts',(2.96329070955398,29.8382711492967,17.2750877722225));
#12920=CARTESIAN_POINT('Ctrl Pts',(3.75240288127704,30.0191504987078,17.1397270262689));
#12921=CARTESIAN_POINT('Ctrl Pts',(4.53222117609417,30.2000298481188,16.950213601291));
#12922=CARTESIAN_POINT('Ctrl Pts',(5.29544393968401,30.3809091975299,16.7083219638893));
#12923=CARTESIAN_POINT('Ctrl Pts',(3.00809279311392,29.906056775538,17.5362703566315));
#12924=CARTESIAN_POINT('Ctrl Pts',(3.80913557607999,30.0869361249491,17.3988630873883));
#12925=CARTESIAN_POINT('Ctrl Pts',(4.60074396772877,30.2678154743602,17.2064844030978));
#12926=CARTESIAN_POINT('Ctrl Pts',(5.3755059198022,30.4486948237712,16.9609355985756));
#12927=CARTESIAN_POINT('Ctrl Pts',(3.05289487667387,29.9738424017794,17.7974529410405));
#12928=CARTESIAN_POINT('Ctrl Pts',(3.86586827088294,30.1547217511904,17.6579991485077));
#12929=CARTESIAN_POINT('Ctrl Pts',(4.66926675936337,30.3356011006015,17.4627552049045));
#12930=CARTESIAN_POINT('Ctrl Pts',(5.45556789992039,30.5164804500125,17.2135492332619));
#12931=CARTESIAN_POINT('Ctrl Pts',(3.09769696023381,30.0416280280207,18.0586355254495));
#12932=CARTESIAN_POINT('Ctrl Pts',(3.92260096568589,30.2225073774318,17.9171352096271));
#12933=CARTESIAN_POINT('Ctrl Pts',(4.73778955099797,30.4033867268428,17.7190260067113));
#12934=CARTESIAN_POINT('Ctrl Pts',(5.53562988003858,30.5842660762539,17.4661628679482));
#12935=CARTESIAN_POINT('Ctrl Pts',(3.19790299353321,29.8921132522161,17.2331974335524));
#12936=CARTESIAN_POINT('Ctrl Pts',(3.82511986280507,30.0362331228442,17.1167970778193));
#12937=CARTESIAN_POINT('Ctrl Pts',(4.44597659124538,30.1803529934723,16.9661297785599));
#12938=CARTESIAN_POINT('Ctrl Pts',(5.0567797826585,30.3244728641005,16.7820931143095));
#12939=CARTESIAN_POINT('Ctrl Pts',(2.89992456703774,28.791,16.4462894753039));
#12940=CARTESIAN_POINT('Ctrl Pts',(3.6232701577597,28.96516,16.3187441312831));
#12941=CARTESIAN_POINT('Ctrl Pts',(4.33818530455309,29.13932,16.1434087144493));
#12942=CARTESIAN_POINT('Ctrl Pts',(5.03846288709495,29.31348,15.9218055425686));
#12943=CARTESIAN_POINT('Ctrl Pts',(2.89992456703774,29.0330676047645,16.4462894753039));
#12944=CARTESIAN_POINT('Ctrl Pts',(3.62322060705606,29.2072276047645,16.318752868409));
#12945=CARTESIAN_POINT('Ctrl Pts',(4.33823327504936,29.3813876047645,16.1433935341631));
#12946=CARTESIAN_POINT('Ctrl Pts',(5.03846288709495,29.5555476047645,15.9218055425685));
#12947=CARTESIAN_POINT('Ctrl Pts',(2.9287227904314,29.5162803559451,16.6096123160736));
#12948=CARTESIAN_POINT('Ctrl Pts',(3.65928016777496,29.6904403559451,16.4807953394924));
#12949=CARTESIAN_POINT('Ctrl Pts',(4.38123887044667,29.8646003559451,16.3037324661745));
#12950=CARTESIAN_POINT('Ctrl Pts',(5.08849825057734,30.0387603559451,16.0799199011478));
#12951=CARTESIAN_POINT('Ctrl Pts',(3.00287766805575,29.7966984423043,17.0301655253806));
#12952=CARTESIAN_POINT('Ctrl Pts',(3.75188229704173,29.9708584423043,16.8980958006148));
#12953=CARTESIAN_POINT('Ctrl Pts',(4.49222002436816,30.1450184423043,16.7165254078196));
#12954=CARTESIAN_POINT('Ctrl Pts',(5.21733836009405,30.3191784423043,16.4870613678563));
#12955=CARTESIAN_POINT('Ctrl Pts',(3.04360106234055,29.8566872047369,17.2611193710211));
#12956=CARTESIAN_POINT('Ctrl Pts',(3.80278474366286,30.0308472047369,17.1272548046904));
#12957=CARTESIAN_POINT('Ctrl Pts',(4.55312029548944,30.2050072047369,16.9432324107954));
#12958=CARTESIAN_POINT('Ctrl Pts',(5.28809306629322,30.3791672047369,16.7106499301955));
#12959=CARTESIAN_POINT('Ctrl Pts',(0.,38.7411215460373,-17.5820491709048));
#12960=CARTESIAN_POINT('Ctrl Pts',(1.52561341969761,38.3975275885843,-17.5820491709048));
#12961=CARTESIAN_POINT('Ctrl Pts',(6.10701574374415,37.366745716225,-16.9891690323172));
#12962=CARTESIAN_POINT('Ctrl Pts',(11.5748237357351,35.9923698864126,-13.8507337945153));
#12963=CARTESIAN_POINT('Ctrl Pts',(16.2934209429548,34.2744000991471,-7.76549007604263));
#12964=CARTESIAN_POINT('Ctrl Pts',(17.9730640829885,32.9000242693348,-1.68933105372871));
#12965=CARTESIAN_POINT('Ctrl Pts',(17.0379127393122,31.1820544820693,5.95243476004362));
#12966=CARTESIAN_POINT('Ctrl Pts',(13.1879865612371,29.4640846948039,12.8360622707076));
#12967=CARTESIAN_POINT('Ctrl Pts',(6.4041442116447,27.7461149075384,16.8770611468868));
#12968=CARTESIAN_POINT('Ctrl Pts',(1.83890760280333,26.7153330351791,17.5520474071497));
#12969=CARTESIAN_POINT('Ctrl Pts',(0.313536781010588,26.371739077726,17.579253332695));
#12970=CARTESIAN_POINT('Ctrl Pts',(0.,38.8577847842137,-18.0174423031545));
#12971=CARTESIAN_POINT('Ctrl Pts',(1.56339295261482,38.5141908267606,-18.0174423031545));
#12972=CARTESIAN_POINT('Ctrl Pts',(6.25824684812343,37.4834089544013,-17.4098803753125));
#12973=CARTESIAN_POINT('Ctrl Pts',(11.8614569212388,36.1090331245889,-14.1937264862164));
#12974=CARTESIAN_POINT('Ctrl Pts',(16.6969031258596,34.3910633373235,-7.95779081498361));
#12975=CARTESIAN_POINT('Ctrl Pts',(18.4181401142947,33.0166875075111,-1.73116480881266));
#12976=CARTESIAN_POINT('Ctrl Pts',(17.4598311472553,31.2987177202457,6.09983789772655));
#12977=CARTESIAN_POINT('Ctrl Pts',(13.5145673096555,29.5807479329802,13.1539281408044));
#12978=CARTESIAN_POINT('Ctrl Pts',(6.56273325781235,27.8627781457147,17.2949963058938));
#12979=CARTESIAN_POINT('Ctrl Pts',(1.88444539725036,26.8319962733554,17.9866975906243));
#12980=CARTESIAN_POINT('Ctrl Pts',(0.321301050114418,26.4884023159024,18.014577230196));
#12981=CARTESIAN_POINT('Ctrl Pts',(0.,38.97444802239,-18.4528354354041));
#12982=CARTESIAN_POINT('Ctrl Pts',(1.60117248553204,38.6308540649369,-18.4528354354041));
#12983=CARTESIAN_POINT('Ctrl Pts',(6.40947795250271,37.6000721925777,-17.8305917183077));
#12984=CARTESIAN_POINT('Ctrl Pts',(12.1480901067426,36.2256963627653,-14.5367191779175));
#12985=CARTESIAN_POINT('Ctrl Pts',(17.1003853087643,34.5077265754998,-8.1500915539246));
#12986=CARTESIAN_POINT('Ctrl Pts',(18.8632161456008,33.1333507456875,-1.77299856389661));
#12987=CARTESIAN_POINT('Ctrl Pts',(17.8817495551984,31.415380958422,6.24724103540949));
#12988=CARTESIAN_POINT('Ctrl Pts',(13.8411480580739,29.6974111711565,13.4717940109012));
#12989=CARTESIAN_POINT('Ctrl Pts',(6.72132230397999,27.9794413838911,17.7129314649009));
#12990=CARTESIAN_POINT('Ctrl Pts',(1.92998319169739,26.9486595115318,18.4213477740989));
#12991=CARTESIAN_POINT('Ctrl Pts',(0.329065319218248,26.6050655540787,18.449901127697));
#12992=CARTESIAN_POINT('Ctrl Pts',(0.,39.0911112605664,-18.8882285676538));
#12993=CARTESIAN_POINT('Ctrl Pts',(1.63895201844925,38.7475173031133,-18.8882285676538));
#12994=CARTESIAN_POINT('Ctrl Pts',(6.56070905688198,37.716735430754,-18.2513030613029));
#12995=CARTESIAN_POINT('Ctrl Pts',(12.4347232922463,36.3423596009416,-14.8797118696186));
#12996=CARTESIAN_POINT('Ctrl Pts',(17.503867491669,34.6243898136762,-8.34239229286559));
#12997=CARTESIAN_POINT('Ctrl Pts',(19.308292176907,33.2500139838638,-1.81483231898055));
#12998=CARTESIAN_POINT('Ctrl Pts',(18.3036679631415,31.5320441965983,6.39464417309243));
#12999=CARTESIAN_POINT('Ctrl Pts',(14.1677288064923,29.8140744093329,13.7896598809981));
#13000=CARTESIAN_POINT('Ctrl Pts',(6.87991135014763,28.0961046220674,18.1308666239079));
#13001=CARTESIAN_POINT('Ctrl Pts',(1.97552098614442,27.0653227497081,18.8559979575735));
#13002=CARTESIAN_POINT('Ctrl Pts',(0.336829588322077,26.721728792255,18.885225025198));
#13003=CARTESIAN_POINT('Ctrl Pts',(0.,39.0911112605664,-18.8882285676538));
#13004=CARTESIAN_POINT('Ctrl Pts',(1.63895201844925,38.7475173031133,-18.8882285676538));
#13005=CARTESIAN_POINT('Ctrl Pts',(6.56070905688198,37.716735430754,-18.2513030613029));
#13006=CARTESIAN_POINT('Ctrl Pts',(12.4347232922463,36.3423596009416,-14.8797118696186));
#13007=CARTESIAN_POINT('Ctrl Pts',(17.503867491669,34.6243898136762,-8.34239229286559));
#13008=CARTESIAN_POINT('Ctrl Pts',(19.308292176907,33.2500139838638,-1.81483231898055));
#13009=CARTESIAN_POINT('Ctrl Pts',(18.3036679631415,31.5320441965983,6.39464417309243));
#13010=CARTESIAN_POINT('Ctrl Pts',(14.3592637108257,29.8936334082419,13.4471974867241));
#13011=CARTESIAN_POINT('Ctrl Pts',(9.00402152807191,28.5988165773385,16.8523571038988));
#13012=CARTESIAN_POINT('Ctrl Pts',(6.27049360391336,27.9911876613413,17.8175137640062));
#13013=CARTESIAN_POINT('Ctrl Pts',(0.,38.7411215460373,-17.5820491709048));
#13014=CARTESIAN_POINT('Ctrl Pts',(1.52561341969761,38.3975275885843,-17.5820491709048));
#13015=CARTESIAN_POINT('Ctrl Pts',(6.10701574374415,37.366745716225,-16.9891690323172));
#13016=CARTESIAN_POINT('Ctrl Pts',(11.5748237357351,35.9923698864126,-13.8507337945153));
#13017=CARTESIAN_POINT('Ctrl Pts',(16.2934209429548,34.2744000991471,-7.76549007604263));
#13018=CARTESIAN_POINT('Ctrl Pts',(17.9730640829885,32.9000242693348,-1.68933105372871));
#13019=CARTESIAN_POINT('Ctrl Pts',(17.0379127393122,31.1820544820693,5.95243476004362));
#13020=CARTESIAN_POINT('Ctrl Pts',(13.1879865612371,29.4640846948039,12.8360622707076));
#13021=CARTESIAN_POINT('Ctrl Pts',(6.41225178283049,27.7481681041823,16.8722316292827));
#13022=CARTESIAN_POINT('Ctrl Pts',(1.85709247133605,26.719439428467,17.5493514783961));
#13023=CARTESIAN_POINT('Ctrl Pts',(0.340881620314562,26.3778986676579,17.5787444260678));
#13024=CARTESIAN_POINT('Ctrl Pts',(2.88175351527076,27.2576258736666,18.6678554741761));
#13025=CARTESIAN_POINT('Ctrl Pts',(2.03966783800531,27.0789935131961,18.7974030498261));
#13026=CARTESIAN_POINT('Ctrl Pts',(1.18877504931203,26.9003611527256,18.8700300546051));
#13027=CARTESIAN_POINT('Ctrl Pts',(0.336829588322077,26.721728792255,18.885225025198));
#13028=CARTESIAN_POINT('Ctrl Pts',(0.,39.0911112605664,-18.8882285676538));
#13029=CARTESIAN_POINT('Ctrl Pts',(1.96540343114216,38.6790792210092,-18.8882285676538));
#13030=CARTESIAN_POINT('Ctrl Pts',(7.8721055258103,37.4429831023376,-17.9738304811342));
#13031=CARTESIAN_POINT('Ctrl Pts',(14.5521821424299,35.7948549441088,-13.1534872229985));
#13032=CARTESIAN_POINT('Ctrl Pts',(19.1313105565398,33.7346947463229,-4.31089845639746));
#13033=CARTESIAN_POINT('Ctrl Pts',(19.2613265501147,31.6745345485369,5.99875195172959));
#13034=CARTESIAN_POINT('Ctrl Pts',(13.2930073425258,29.6143743507509,14.4280949903864));
#13035=CARTESIAN_POINT('Ctrl Pts',(8.01653081785205,28.3782782320794,17.2152032435724));
#13036=CARTESIAN_POINT('Ctrl Pts',(6.15853264357589,27.9662461925222,17.8560257084812));
#13037=CARTESIAN_POINT('Ctrl Pts',(0.,39.1637098329506,-19.1591701283486));
#13038=CARTESIAN_POINT('Ctrl Pts',(1.99357833433094,38.7516777933934,-19.1591701283486));
#13039=CARTESIAN_POINT('Ctrl Pts',(7.98501358718205,37.5155816747219,-18.2316527399069));
#13040=CARTESIAN_POINT('Ctrl Pts',(14.7609067319109,35.8674535164931,-13.3421435035802));
#13041=CARTESIAN_POINT('Ctrl Pts',(19.4057252803247,33.8072933187071,-4.37274369137125));
#13042=CARTESIAN_POINT('Ctrl Pts',(19.5375860994169,31.7471331209211,6.08479625455166));
#13043=CARTESIAN_POINT('Ctrl Pts',(13.4836745898814,29.6869729231352,14.6350585896064));
#13044=CARTESIAN_POINT('Ctrl Pts',(8.13150688529717,28.4508768044636,17.4621519394514));
#13045=CARTESIAN_POINT('Ctrl Pts',(6.2468735083671,28.0388447649064,18.1121608699091));
#13046=CARTESIAN_POINT('Ctrl Pts',(0.,39.5148903467971,-19.7433245874127));
#13047=CARTESIAN_POINT('Ctrl Pts',(2.05430663051032,39.1028583072399,-19.7433245874127));
#13048=CARTESIAN_POINT('Ctrl Pts',(8.22843250167293,37.8667621885683,-18.7875190968069));
#13049=CARTESIAN_POINT('Ctrl Pts',(15.2109022080042,36.2186340303395,-13.7488667342247));
#13050=CARTESIAN_POINT('Ctrl Pts',(19.9973546055784,34.1584738325535,-4.50609051387393));
#13051=CARTESIAN_POINT('Ctrl Pts',(20.1331732848824,32.0983136347676,6.2703047226304));
#13052=CARTESIAN_POINT('Ctrl Pts',(13.894742850956,30.0381534369816,15.081275779096));
#13053=CARTESIAN_POINT('Ctrl Pts',(8.3793808617306,28.80205731831,17.994583014623));
#13054=CARTESIAN_POINT('Ctrl Pts',(6.43733786515688,28.3900252787529,18.6643924887405));
#13055=CARTESIAN_POINT('Ctrl Pts',(0.,40.1660008745726,-20.));
#13056=CARTESIAN_POINT('Ctrl Pts',(2.08133383806225,39.7539688350155,-20.));
#13057=CARTESIAN_POINT('Ctrl Pts',(8.33564306009636,38.5178727163439,-19.0318179756657));
#13058=CARTESIAN_POINT('Ctrl Pts',(15.4089901893855,36.8697445581151,-13.9280334014858));
#13059=CARTESIAN_POINT('Ctrl Pts',(20.257579701029,34.8095843603291,-4.56453381628622));
#13060=CARTESIAN_POINT('Ctrl Pts',(20.3955277312694,32.7494241625432,6.35190530280797));
#13061=CARTESIAN_POINT('Ctrl Pts',(14.0756326017145,30.6892639647572,15.277336725384));
#13062=CARTESIAN_POINT('Ctrl Pts',(8.48862045572997,29.4531678460856,18.228419385784));
#13063=CARTESIAN_POINT('Ctrl Pts',(6.52102723293217,29.0411358065284,18.9070411177253));
#13064=CARTESIAN_POINT('Ctrl Pts',(0.,40.54,-20.));
#13065=CARTESIAN_POINT('Ctrl Pts',(2.08108814874035,40.1279679604428,-20.));
#13066=CARTESIAN_POINT('Ctrl Pts',(8.33546194934483,38.8918718417712,-19.03177994353));
#13067=CARTESIAN_POINT('Ctrl Pts',(15.4087315179472,37.2437436835424,-13.9277086529162));
#13068=CARTESIAN_POINT('Ctrl Pts',(20.2573899272929,35.1835834857565,-4.56464029006924));
#13069=CARTESIAN_POINT('Ctrl Pts',(20.3950587331412,33.1234232879705,6.35184176244298));
#13070=CARTESIAN_POINT('Ctrl Pts',(14.0754410027525,31.0632630901846,15.2773405284756));
#13071=CARTESIAN_POINT('Ctrl Pts',(8.48838819282441,29.827166971513,18.2284994931219));
#13072=CARTESIAN_POINT('Ctrl Pts',(6.52102723293217,29.4151349319558,18.9070411177253));
#13073=CARTESIAN_POINT('Origin',(0.,44.14,0.));
#13074=CARTESIAN_POINT('Ctrl Pts',(0.327269037139346,24.58,16.1966941617478));
#13075=CARTESIAN_POINT('Ctrl Pts',(0.313154596760052,24.5765492915722,16.1969792164357));
#13076=CARTESIAN_POINT('Ctrl Pts',(0.299039776104461,24.5730985831444,16.19724589279));
#13077=CARTESIAN_POINT('Ctrl Pts',(0.284924623115582,24.5696478747166,16.1974941876558));
#13078=CARTESIAN_POINT('Ctrl Pts',(3.47296355333862,28.7911111111111,19.6961550602442));
#13079=CARTESIAN_POINT('Ctrl Pts',(2.32708770072328,28.5607407407407,19.8982038896026));
#13080=CARTESIAN_POINT('Ctrl Pts',(1.16355283466289,28.3303703703704,20.));
#13081=CARTESIAN_POINT('Ctrl Pts',(2.44929359829471E-15,28.1,20.));
#13082=CARTESIAN_POINT('Ctrl Pts',(3.47296355333862,29.0716104551816,19.6961550602442));
#13083=CARTESIAN_POINT('Ctrl Pts',(2.32705927095144,28.8412400848113,19.8982089025384));
#13084=CARTESIAN_POINT('Ctrl Pts',(1.16358170300979,28.6108697144409,20.));
#13085=CARTESIAN_POINT('Ctrl Pts',(2.44929359829471E-15,28.3804993440705,
20.));
#13086=CARTESIAN_POINT('Ctrl Pts',(3.44032027107357,29.7267780185762,19.5110258070017));
#13087=CARTESIAN_POINT('Ctrl Pts',(2.30524568181496,29.4964076482059,19.7111700822046));
#13088=CARTESIAN_POINT('Ctrl Pts',(1.15258494440847,29.2660372778355,19.8120148296191));
#13089=CARTESIAN_POINT('Ctrl Pts',(2.42627205457529E-15,29.0356669074651,
19.8120148296191));
#13090=CARTESIAN_POINT('Ctrl Pts',(3.34263781448808,30.1432017540324,18.9570410668728));
#13091=CARTESIAN_POINT('Ctrl Pts',(2.23968363937016,29.9128313836621,19.1515216464311));
#13092=CARTESIAN_POINT('Ctrl Pts',(1.11996902110523,29.6824610132917,19.2494839819136));
#13093=CARTESIAN_POINT('Ctrl Pts',(2.35738189436887E-15,29.4520906429213,
19.2494839819136));
#13094=CARTESIAN_POINT('Ctrl Pts',(3.27990647012955,30.2399998505447,18.6012739340921));
#13095=CARTESIAN_POINT('Ctrl Pts',(2.19772821941186,30.0096294801743,18.7920911576295));
#13096=CARTESIAN_POINT('Ctrl Pts',(1.09887259458271,29.779259109804,18.8882285676538));
#13097=CARTESIAN_POINT('Ctrl Pts',(2.31314086569408E-15,29.5488887394336,
18.8882285676538));
#13098=CARTESIAN_POINT('Ctrl Pts',(2.96679087038032,28.6895672902664,19.7787175232983));
#13099=CARTESIAN_POINT('Ctrl Pts',(2.07878957726722,28.5117868184856,19.9118814004343));
#13100=CARTESIAN_POINT('Ctrl Pts',(1.18181517573379,28.3340063467049,19.9852051822759));
#13101=CARTESIAN_POINT('Ctrl Pts',(0.28397534589425,28.1562258749241,19.9979795387255));
#13102=CARTESIAN_POINT('Ctrl Pts',(3.27990647012955,27.3422223716775,18.6012739340921));
#13103=CARTESIAN_POINT('Ctrl Pts',(2.19772821941186,27.1118520013071,18.7920911576295));
#13104=CARTESIAN_POINT('Ctrl Pts',(1.09887259458271,26.8814816309368,18.8882285676538));
#13105=CARTESIAN_POINT('Ctrl Pts',(2.31314086569408E-15,26.6511112605664,
18.8882285676538));
#13106=CARTESIAN_POINT('Ctrl Pts',(3.32695497839844,27.4148209440617,18.8680992836776));
#13107=CARTESIAN_POINT('Ctrl Pts',(2.2292632371862,27.1844505736914,19.0616519541542));
#13108=CARTESIAN_POINT('Ctrl Pts',(1.11462540567411,26.954080203321,19.1591701283486));
#13109=CARTESIAN_POINT('Ctrl Pts',(2.34632163720017E-15,26.7237098329506,
19.1591701283486));
#13110=CARTESIAN_POINT('Ctrl Pts',(3.42839865367454,27.7659689875712,19.4434149549861));
#13111=CARTESIAN_POINT('Ctrl Pts',(2.29726907456747,27.5355986172009,19.6428636184601));
#13112=CARTESIAN_POINT('Ctrl Pts',(1.14857907611644,27.3052282468305,19.7433609712302));
#13113=CARTESIAN_POINT('Ctrl Pts',(2.41786438178279E-15,27.0748578764601,
19.7433609712302));
#13114=CARTESIAN_POINT('Ctrl Pts',(3.47296355333862,28.4171119856838,19.6961550602442));
#13115=CARTESIAN_POINT('Ctrl Pts',(2.32695242079225,28.1867416153134,19.8982277431043));
#13116=CARTESIAN_POINT('Ctrl Pts',(1.16369020150491,27.956371244943,20.));
#13117=CARTESIAN_POINT('Ctrl Pts',(2.44929359829471E-15,27.7260008745726,
20.));
#13118=CARTESIAN_POINT('Ctrl Pts',(3.47296355333862,28.7911111111111,19.6961550602442));
#13119=CARTESIAN_POINT('Ctrl Pts',(2.32708770072328,28.5607407407407,19.8982038896026));
#13120=CARTESIAN_POINT('Ctrl Pts',(1.16355283466289,28.3303703703704,20.));
#13121=CARTESIAN_POINT('Ctrl Pts',(2.44929359829471E-15,28.1,20.));
#13122=CARTESIAN_POINT('Ctrl Pts',(0.,38.7411215460373,-17.5820491709048));
#13123=CARTESIAN_POINT('Ctrl Pts',(1.52573301513359,38.3975006536684,-17.5820491709048));
#13124=CARTESIAN_POINT('Ctrl Pts',(6.10748342072339,37.3666379765614,-16.9890629602885));
#13125=CARTESIAN_POINT('Ctrl Pts',(11.5756422864159,35.9921544070855,-13.8501685137849));
#13126=CARTESIAN_POINT('Ctrl Pts',(16.2941502076017,34.2740499452406,-7.76409220982139));
#13127=CARTESIAN_POINT('Ctrl Pts',(17.9733497211558,32.8995663757646,-1.68725556078367));
#13128=CARTESIAN_POINT('Ctrl Pts',(17.0370963445003,31.1814619139197,5.95499343970723));
#13129=CARTESIAN_POINT('Ctrl Pts',(13.1857440555964,29.4633574520748,12.8385940162249));
#13130=CARTESIAN_POINT('Ctrl Pts',(6.40049026757207,27.7452529902299,16.8785212683313));
#13131=CARTESIAN_POINT('Ctrl Pts',(1.83472903568892,26.7143903131229,17.5524950832406));
#13132=CARTESIAN_POINT('Ctrl Pts',(0.309232020593808,26.370769420754,17.5793295835067));
#13133=CARTESIAN_POINT('Ctrl Pts',(0.,38.650873862158,-17.2452402294017));
#13134=CARTESIAN_POINT('Ctrl Pts',(1.49652386034792,38.307252969789,-17.2452402294017));
#13135=CARTESIAN_POINT('Ctrl Pts',(5.99050104171089,37.276390292682,-16.6636156987018));
#13136=CARTESIAN_POINT('Ctrl Pts',(11.3539079016497,35.9019067232061,-13.5848754586066));
#13137=CARTESIAN_POINT('Ctrl Pts',(15.9820283132889,34.1838022613612,-7.61535473257896));
#13138=CARTESIAN_POINT('Ctrl Pts',(17.6290721829682,32.8093186918853,-1.65494732947137));
#13139=CARTESIAN_POINT('Ctrl Pts',(16.7107345678563,31.0912142300404,5.84093266832883));
#13140=CARTESIAN_POINT('Ctrl Pts',(12.9331793246649,29.3731097681955,12.5926697875976));
#13141=CARTESIAN_POINT('Ctrl Pts',(6.2778949500649,27.6550053063505,16.5551933098838));
#13142=CARTESIAN_POINT('Ctrl Pts',(1.79960062361565,26.6241426292436,17.2162519681215));
#13143=CARTESIAN_POINT('Ctrl Pts',(0.303308245240737,26.2805217368746,17.2425727395346));
#13144=CARTESIAN_POINT('Ctrl Pts',(0.,38.2143330418517,-16.5190593704592));
#13145=CARTESIAN_POINT('Ctrl Pts',(1.43356633424433,37.8707121494827,-16.5190593704592));
#13146=CARTESIAN_POINT('Ctrl Pts',(5.7382955481801,36.8398494723758,-15.9619336111127));
#13147=CARTESIAN_POINT('Ctrl Pts',(10.8758488330611,35.4653659028999,-13.0129148651275));
#13148=CARTESIAN_POINT('Ctrl Pts',(15.3090904538541,33.747261441055,-7.29466197787349));
#13149=CARTESIAN_POINT('Ctrl Pts',(16.886817074964,32.372777871579,-1.58530290611292));
#13150=CARTESIAN_POINT('Ctrl Pts',(16.0070866066917,30.6546734097341,5.59502680762619));
#13151=CARTESIAN_POINT('Ctrl Pts',(12.388662135217,28.9365689478892,12.0624598647696));
#13152=CARTESIAN_POINT('Ctrl Pts',(6.01358763650545,27.2184644860443,15.8580823667201));
#13153=CARTESIAN_POINT('Ctrl Pts',(1.72388081061071,26.1876018089373,16.4912907278431));
#13154=CARTESIAN_POINT('Ctrl Pts',(0.290536220083458,25.8439809165684,16.5165042060836));
#13155=CARTESIAN_POINT('Ctrl Pts',(0.,37.4049203659831,-16.2));
#13156=CARTESIAN_POINT('Ctrl Pts',(1.4055470050023,37.0612994736142,-16.2));
#13157=CARTESIAN_POINT('Ctrl Pts',(5.62719187977157,36.0304367965072,-15.6535955450737));
#13158=CARTESIAN_POINT('Ctrl Pts',(10.6655460204377,34.6559532270313,-12.7611005039776));
#13159=CARTESIAN_POINT('Ctrl Pts',(15.0131224384065,32.9378487651864,-7.15386428354921));
#13160=CARTESIAN_POINT('Ctrl Pts',(16.5601642063018,31.5633651957104,-1.55444052802272));
#13161=CARTESIAN_POINT('Ctrl Pts',(15.697775319131,29.8452607338655,5.4866822952423));
#13162=CARTESIAN_POINT('Ctrl Pts',(12.1488989299582,28.1271562720206,11.829170301151));
#13163=CARTESIAN_POINT('Ctrl Pts',(5.89716643273379,26.4090518101757,15.5517192495148));
#13164=CARTESIAN_POINT('Ctrl Pts',(1.69025421842433,25.3781891330688,16.1727735116884));
#13165=CARTESIAN_POINT('Ctrl Pts',(0.284924623115582,25.0345682406998,16.1974941876558));
#13166=CARTESIAN_POINT('Ctrl Pts',(0.,36.94,-16.2));
#13167=CARTESIAN_POINT('Ctrl Pts',(1.40580171315105,36.596379107631,-16.2));
#13168=CARTESIAN_POINT('Ctrl Pts',(5.62740044996854,35.5655164305241,-15.6536258817953));
#13169=CARTESIAN_POINT('Ctrl Pts',(10.6657308950232,34.1910328610481,-12.7614664105599));
#13170=CARTESIAN_POINT('Ctrl Pts',(15.0133372280611,32.4729283992032,-7.15379035608928));
#13171=CARTESIAN_POINT('Ctrl Pts',(16.560542099072,31.0984448297273,-1.55462766705986));
#13172=CARTESIAN_POINT('Ctrl Pts',(15.6978835685226,29.3803403678824,5.48689704968516));
#13173=CARTESIAN_POINT('Ctrl Pts',(12.1492694977868,27.6622359060375,11.8294074280614));
#13174=CARTESIAN_POINT('Ctrl Pts',(5.89737529037586,25.9441314441926,15.5517733962119));
#13175=CARTESIAN_POINT('Ctrl Pts',(1.69050888717489,24.9132687670856,16.1727690318968));
#13176=CARTESIAN_POINT('Ctrl Pts',(0.284924623115582,24.5696478747166,16.1974941876558));
#13177=CARTESIAN_POINT('Origin',(22.,16.585,3.));
#13178=CARTESIAN_POINT('',(19.3649167310371,17.585,3.));
#13179=CARTESIAN_POINT('',(22.,17.585,3.));
#13180=CARTESIAN_POINT('Origin',(19.3649167310371,16.585,3.));
#13181=CARTESIAN_POINT('Origin',(19.3649167310371,16.585,5.));
#13182=CARTESIAN_POINT('Origin',(19.3649167310371,16.585,5.));
#13183=CARTESIAN_POINT('Origin',(19.3649167310371,17.585,5.));
#13184=CARTESIAN_POINT('Origin',(17.,17.585,2.77555756156289E-16));
#13185=CARTESIAN_POINT('',(19.3649167310371,17.585,-3.));
#13186=CARTESIAN_POINT('',(12.,17.585,-3.));
#13187=CARTESIAN_POINT('Origin',(19.3649167310371,17.585,-5.));
#13188=CARTESIAN_POINT('Origin',(19.3649167310371,16.585,-5.));
#13189=CARTESIAN_POINT('Origin',(19.3649167310371,16.585,-3.));
#13190=CARTESIAN_POINT('Origin',(12.,16.585,-3.));
#13191=CARTESIAN_POINT('Origin',(19.3649167310371,22.82,5.));
#13192=CARTESIAN_POINT('Origin',(7.33043139598816E-19,2.3,7.));
#13193=CARTESIAN_POINT('',(-2.07456912715451E-16,2.,5.3));
#13194=CARTESIAN_POINT('Origin',(7.33043139598816E-19,2.,7.));
#13195=CARTESIAN_POINT('',(-1.70717508741031E-16,2.3,5.6));
#13196=CARTESIAN_POINT('Origin',(-2.07456912715451E-16,2.3,5.3));
#13197=CARTESIAN_POINT('',(-1.4,2.3,7.));
#13198=CARTESIAN_POINT('Origin',(7.33043139598816E-19,2.3,7.));
#13199=CARTESIAN_POINT('Origin',(7.33043139598816E-19,2.3,7.));
#13200=CARTESIAN_POINT('Origin',(0.,2.,0.));
#13201=CARTESIAN_POINT('',(-1.26138620312177E-15,2.,10.3));
#13202=CARTESIAN_POINT('Origin',(0.,2.,0.));
#13203=CARTESIAN_POINT('',(-7.,2.,-1.7));
#13204=CARTESIAN_POINT('Origin',(-7.,2.,4.29359422841172E-16));
#13205=CARTESIAN_POINT('',(6.48329760408498E-16,2.,-8.7));
#13206=CARTESIAN_POINT('Origin',(8.56519716263549E-16,2.,-7.));
#13207=CARTESIAN_POINT('',(4.8,2.,5.87830463590729E-16));
#13208=CARTESIAN_POINT('Origin',(0.,2.,0.));
#13209=CARTESIAN_POINT('',(7.,2.,-1.7));
#13210=CARTESIAN_POINT('Origin',(7.,2.,4.27893336561975E-16));
#13211=CARTESIAN_POINT('Origin',(7.33043139598816E-19,2.,7.));
#13212=CARTESIAN_POINT('',(-1.4,4.7,7.));
#13213=CARTESIAN_POINT('',(-1.4,2.,7.));
#13214=CARTESIAN_POINT('',(-1.70717508741031E-16,4.7,5.6));
#13215=CARTESIAN_POINT('Origin',(7.33043139598816E-19,4.7,7.));
#13216=CARTESIAN_POINT('Origin',(7.33043139598816E-19,4.7,7.));
#13217=CARTESIAN_POINT('Origin',(-7.,2.3,4.29359422841172E-16));
#13218=CARTESIAN_POINT('',(-7.,2.3,-1.4));
#13219=CARTESIAN_POINT('Origin',(-7.,2.3,-1.7));
#13220=CARTESIAN_POINT('',(-8.4,2.3,6.00809974721802E-16));
#13221=CARTESIAN_POINT('Origin',(-7.,2.3,4.29359422841172E-16));
#13222=CARTESIAN_POINT('Origin',(-7.,2.3,4.29359422841172E-16));
#13223=CARTESIAN_POINT('Origin',(-7.,2.,4.29359422841172E-16));
#13224=CARTESIAN_POINT('',(-8.4,4.7,2.57908870960543E-16));
#13225=CARTESIAN_POINT('',(-8.4,2.,6.00809974721802E-16));
#13226=CARTESIAN_POINT('',(-7.,4.7,-1.4));
#13227=CARTESIAN_POINT('Origin',(-7.,4.7,4.29359422841172E-16));
#13228=CARTESIAN_POINT('Origin',(-7.,4.7,4.29359422841172E-16));
#13229=CARTESIAN_POINT('Origin',(7.,2.3,4.27893336561975E-16));
#13230=CARTESIAN_POINT('',(7.,2.3,-1.4));
#13231=CARTESIAN_POINT('Origin',(7.,2.3,-1.7));
#13232=CARTESIAN_POINT('',(5.6,2.3,5.99343888442604E-16));
#13233=CARTESIAN_POINT('Origin',(7.,2.3,4.27893336561975E-16));
#13234=CARTESIAN_POINT('Origin',(7.,2.3,4.27893336561975E-16));
#13235=CARTESIAN_POINT('Origin',(7.,2.,4.27893336561975E-16));
#13236=CARTESIAN_POINT('',(5.6,4.7,2.56442784681345E-16));
#13237=CARTESIAN_POINT('',(5.6,2.,5.99343888442604E-16));
#13238=CARTESIAN_POINT('',(7.,4.7,-1.4));
#13239=CARTESIAN_POINT('Origin',(7.,4.7,4.27893336561975E-16));
#13240=CARTESIAN_POINT('Origin',(7.,4.7,4.27893336561975E-16));
#13241=CARTESIAN_POINT('Origin',(8.56519716263549E-16,2.3,-7.));
#13242=CARTESIAN_POINT('',(6.85069164382919E-16,2.3,-8.4));
#13243=CARTESIAN_POINT('Origin',(6.48329760408498E-16,2.3,-8.7));
#13244=CARTESIAN_POINT('',(-1.4,2.3,-7.));
#13245=CARTESIAN_POINT('Origin',(8.56519716263549E-16,2.3,-7.));
#13246=CARTESIAN_POINT('Origin',(8.56519716263549E-16,2.3,-7.));
#13247=CARTESIAN_POINT('Origin',(8.56519716263549E-16,2.,-7.));
#13248=CARTESIAN_POINT('',(-1.4,4.7,-7.));
#13249=CARTESIAN_POINT('',(-1.4,2.,-7.));
#13250=CARTESIAN_POINT('',(6.85069164382919E-16,4.7,-8.4));
#13251=CARTESIAN_POINT('Origin',(8.56519716263549E-16,4.7,-7.));
#13252=CARTESIAN_POINT('Origin',(8.56519716263549E-16,4.7,-7.));
#13253=CARTESIAN_POINT('Origin',(0.,4.12426406871193,0.));
#13254=CARTESIAN_POINT('',(2.88786796564404,3.91213203435596,7.07323652097229E-16));
#13255=CARTESIAN_POINT('',(-3.53661826048615E-16,3.91213203435596,-2.88786796564404));
#13256=CARTESIAN_POINT('Origin',(0.,3.91213203435596,1.76830913024307E-16));
#13257=CARTESIAN_POINT('Origin',(-3.79640507735679E-16,4.12426406871193,
-3.1));
#13258=CARTESIAN_POINT('Origin',(0.,3.91213203435596,1.76830913024307E-16));
#13259=CARTESIAN_POINT('Origin',(0.,3.,0.));
#13260=CARTESIAN_POINT('',(3.8,3.,4.65365783675994E-16));
#13261=CARTESIAN_POINT('Origin',(-7.,5.3,-1.28514609596512E-15));
#13262=CARTESIAN_POINT('Origin',(-7.,5.3,-1.28514609596512E-15));
#13263=CARTESIAN_POINT('Origin',(7.,4.7,4.27893336561975E-16));
#13264=CARTESIAN_POINT('Origin',(7.,4.7,-1.7));
#13265=CARTESIAN_POINT('Origin',(-7.,4.7,4.29359422841172E-16));
#13266=CARTESIAN_POINT('Origin',(-7.,4.7,-1.7));
#13267=CARTESIAN_POINT('Origin',(8.56519716263549E-16,4.7,-7.));
#13268=CARTESIAN_POINT('Origin',(6.48329760408498E-16,4.7,-8.7));
#13269=CARTESIAN_POINT('Origin',(7.33043139598816E-19,4.7,7.));
#13270=CARTESIAN_POINT('Origin',(-2.07456912715451E-16,4.7,5.3));
#13271=CARTESIAN_POINT('Origin',(-6.,15.685,-10.));
#13272=CARTESIAN_POINT('',(-6.,15.385,-8.64));
#13273=CARTESIAN_POINT('Origin',(-6.,15.385,-10.));
#13274=CARTESIAN_POINT('',(-6.,15.685,-8.34));
#13275=CARTESIAN_POINT('Origin',(-6.,15.685,-8.64));
#13276=CARTESIAN_POINT('',(-7.66,15.685,-10.));
#13277=CARTESIAN_POINT('Origin',(-6.,15.685,-10.));
#13278=CARTESIAN_POINT('Origin',(-6.,15.685,-10.));
#13279=CARTESIAN_POINT('Origin',(-6.,19.385,-10.));
#13280=CARTESIAN_POINT('',(-7.66,19.085,-10.));
#13281=CARTESIAN_POINT('',(-6.,19.085,-8.34));
#13282=CARTESIAN_POINT('Origin',(-6.,19.085,-10.));
#13283=CARTESIAN_POINT('',(-7.66,19.385,-10.));
#13284=CARTESIAN_POINT('Origin',(-6.,19.085,-10.));
#13285=CARTESIAN_POINT('Origin',(-6.,15.385,-10.));
#13286=CARTESIAN_POINT('Origin',(-6.,19.085,-10.));
#13287=CARTESIAN_POINT('Origin',(-6.,19.085,-8.04));
#13288=CARTESIAN_POINT('Origin',(-6.,15.685,10.));
#13289=CARTESIAN_POINT('',(-6.,15.385,11.36));
#13290=CARTESIAN_POINT('Origin',(-6.,15.385,10.));
#13291=CARTESIAN_POINT('',(-6.,15.685,11.66));
#13292=CARTESIAN_POINT('Origin',(-6.,15.685,11.36));
#13293=CARTESIAN_POINT('',(-7.66,15.685,10.));
#13294=CARTESIAN_POINT('Origin',(-6.,15.685,10.));
#13295=CARTESIAN_POINT('Origin',(-6.,15.685,10.));
#13296=CARTESIAN_POINT('Origin',(-6.,19.385,10.));
#13297=CARTESIAN_POINT('',(-7.66,19.085,10.));
#13298=CARTESIAN_POINT('',(-6.,19.085,11.66));
#13299=CARTESIAN_POINT('Origin',(-6.,19.085,10.));
#13300=CARTESIAN_POINT('',(-7.66,19.385,10.));
#13301=CARTESIAN_POINT('Origin',(-6.,19.085,10.));
#13302=CARTESIAN_POINT('Origin',(-6.,15.385,10.));
#13303=CARTESIAN_POINT('Origin',(-6.,19.085,10.));
#13304=CARTESIAN_POINT('Origin',(-6.,19.085,11.96));
#13305=CARTESIAN_POINT('Origin',(6.,15.685,10.));
#13306=CARTESIAN_POINT('',(6.,15.385,11.36));
#13307=CARTESIAN_POINT('Origin',(6.,15.385,10.));
#13308=CARTESIAN_POINT('',(6.,15.685,11.66));
#13309=CARTESIAN_POINT('Origin',(6.,15.685,11.36));
#13310=CARTESIAN_POINT('',(4.34,15.685,10.));
#13311=CARTESIAN_POINT('Origin',(6.,15.685,10.));
#13312=CARTESIAN_POINT('Origin',(6.,15.685,10.));
#13313=CARTESIAN_POINT('Origin',(6.,19.385,10.));
#13314=CARTESIAN_POINT('',(4.34,19.085,10.));
#13315=CARTESIAN_POINT('',(6.,19.085,11.66));
#13316=CARTESIAN_POINT('Origin',(6.,19.085,10.));
#13317=CARTESIAN_POINT('',(4.34,19.385,10.));
#13318=CARTESIAN_POINT('Origin',(6.,19.085,10.));
#13319=CARTESIAN_POINT('Origin',(6.,15.385,10.));
#13320=CARTESIAN_POINT('Origin',(6.,19.085,10.));
#13321=CARTESIAN_POINT('Origin',(6.,19.085,11.96));
#13322=CARTESIAN_POINT('Origin',(6.,15.685,-10.));
#13323=CARTESIAN_POINT('',(6.,15.385,-8.64));
#13324=CARTESIAN_POINT('Origin',(6.,15.385,-10.));
#13325=CARTESIAN_POINT('',(6.,15.685,-8.34));
#13326=CARTESIAN_POINT('Origin',(6.,15.685,-8.64));
#13327=CARTESIAN_POINT('',(4.34,15.685,-10.));
#13328=CARTESIAN_POINT('Origin',(6.,15.685,-10.));
#13329=CARTESIAN_POINT('Origin',(6.,15.685,-10.));
#13330=CARTESIAN_POINT('Origin',(6.,19.385,-10.));
#13331=CARTESIAN_POINT('',(4.34,19.085,-10.));
#13332=CARTESIAN_POINT('',(6.,19.085,-8.34));
#13333=CARTESIAN_POINT('Origin',(6.,19.085,-10.));
#13334=CARTESIAN_POINT('',(4.34,19.385,-10.));
#13335=CARTESIAN_POINT('Origin',(6.,19.085,-10.));
#13336=CARTESIAN_POINT('Origin',(6.,15.385,-10.));
#13337=CARTESIAN_POINT('Origin',(6.,19.085,-10.));
#13338=CARTESIAN_POINT('Origin',(6.,19.085,-8.04));
#13339=CARTESIAN_POINT('Origin',(0.,0.2,0.));
#13340=CARTESIAN_POINT('',(-1.28587913910472E-15,0.2,10.5));
#13341=CARTESIAN_POINT('',(-10.5,0.2,-1.28587913910472E-15));
#13342=CARTESIAN_POINT('Origin',(0.,0.2,0.));
#13343=CARTESIAN_POINT('Origin',(0.,0.2,0.));
#13344=CARTESIAN_POINT('Origin',(-1.31037207508767E-15,0.2,10.7));
#13345=CARTESIAN_POINT('Origin',(0.,1.,0.));
#13346=CARTESIAN_POINT('',(-10.5,1.8,-1.28587913910472E-15));
#13347=CARTESIAN_POINT('',(-10.5,1.,-1.28587913910472E-15));
#13348=CARTESIAN_POINT('',(-1.28587913910472E-15,1.8,10.5));
#13349=CARTESIAN_POINT('Origin',(0.,1.8,0.));
#13350=CARTESIAN_POINT('Origin',(0.,1.8,0.));
#13351=CARTESIAN_POINT('Origin',(0.,1.8,0.));
#13352=CARTESIAN_POINT('Origin',(-1.26138620312177E-15,1.8,10.3));
#13353=CARTESIAN_POINT('Origin',(10.925,17.785,-6.6));
#13354=CARTESIAN_POINT('',(10.925,17.585,-6.6));
#13355=CARTESIAN_POINT('Origin',(10.925,17.785,-6.6));
#13356=CARTESIAN_POINT('Origin',(10.925,17.785,-6.6));
#13357=CARTESIAN_POINT('Origin',(10.925,17.785,-6.6));
#13358=CARTESIAN_POINT('Origin',(10.925,17.785,6.6));
#13359=CARTESIAN_POINT('Origin',(10.925,17.785,6.6));
#13360=CARTESIAN_POINT('Origin',(10.925,17.785,6.6));
#13361=CARTESIAN_POINT('Origin',(10.925,19.185,-6.6));
#13362=CARTESIAN_POINT('Origin',(10.925,19.185,-6.6));
#13363=CARTESIAN_POINT('Origin',(11.325,19.185,-6.6));
#13364=CARTESIAN_POINT('Origin',(10.925,22.58,-6.6));
#13365=CARTESIAN_POINT('Origin',(10.925,19.185,6.6));
#13366=CARTESIAN_POINT('Origin',(11.325,19.185,6.6));
#13367=CARTESIAN_POINT('',(10.925,19.185,6.8));
#13368=CARTESIAN_POINT('Origin',(10.925,19.185,6.6));
#13369=CARTESIAN_POINT('Origin',(10.925,19.185,7.));
#13370=CARTESIAN_POINT('Origin',(10.925,22.58,6.6));
#13371=CARTESIAN_POINT('',(10.925,22.58,6.8));
#13372=CARTESIAN_POINT('Origin',(-10.925,19.185,-6.6));
#13373=CARTESIAN_POINT('',(-11.125,19.185,-6.6));
#13374=CARTESIAN_POINT('Origin',(-11.325,19.185,-6.6));
#13375=CARTESIAN_POINT('Origin',(-10.925,19.185,-6.6));
#13376=CARTESIAN_POINT('Origin',(-10.925,19.185,-7.));
#13377=CARTESIAN_POINT('Origin',(-10.925,22.58,-6.6));
#13378=CARTESIAN_POINT('',(-11.125,22.58,-6.6));
#13379=CARTESIAN_POINT('Origin',(-5.5625,19.185,-7.));
#13380=CARTESIAN_POINT('Origin',(-10.925,19.185,6.6));
#13381=CARTESIAN_POINT('',(-11.125,19.185,6.6));
#13382=CARTESIAN_POINT('Origin',(-10.925,19.185,6.6));
#13383=CARTESIAN_POINT('Origin',(-11.325,19.185,6.6));
#13384=CARTESIAN_POINT('Origin',(-10.925,22.58,6.6));
#13385=CARTESIAN_POINT('',(-11.125,22.58,6.6));
#13386=CARTESIAN_POINT('Origin',(-11.325,19.185,3.4));
#13387=CARTESIAN_POINT('',(-11.125,19.185,3.4));
#13388=CARTESIAN_POINT('Origin',(5.5625,19.185,7.));
#13389=CARTESIAN_POINT('',(5.5625,19.185,6.8));
#13390=CARTESIAN_POINT('Origin',(11.325,19.185,-3.4));
#13391=CARTESIAN_POINT('Origin',(10.925,17.785,-3.4));
#13392=CARTESIAN_POINT('Origin',(-5.5625,17.785,-6.6));
#13393=CARTESIAN_POINT('',(-5.5625,17.585,-6.6));
#13394=CARTESIAN_POINT('Origin',(10.925,17.785,-3.4));
#13395=CARTESIAN_POINT('',(10.925,17.585,-3.4));
#13396=CARTESIAN_POINT('Origin',(11.125,22.58,6.8));
#13397=CARTESIAN_POINT('Origin',(-2.22044604925031E-15,17.585,1.11022302462516E-15));
#13398=CARTESIAN_POINT('Origin',(-7.,17.585,6.8));
#13399=CARTESIAN_POINT('Origin',(-7.,22.58,-1.28514609596512E-15));
#13400=CARTESIAN_POINT('Origin',(-11.125,22.58,6.8));
#13401=CARTESIAN_POINT('Origin',(0.,32.61,0.));
#13402=UNCERTAINTY_MEASURE_WITH_UNIT(LENGTH_MEASURE(0.01),#13406,
'DISTANCE_ACCURACY_VALUE',
'Maximum model space distance between geometric entities at asserted c
onnectivities');
#13403=UNCERTAINTY_MEASURE_WITH_UNIT(LENGTH_MEASURE(0.01),#13406,
'DISTANCE_ACCURACY_VALUE',
'Maximum model space distance between geometric entities at asserted c
onnectivities');
#13404=(
GEOMETRIC_REPRESENTATION_CONTEXT(3)
GLOBAL_UNCERTAINTY_ASSIGNED_CONTEXT((#13402))
GLOBAL_UNIT_ASSIGNED_CONTEXT((#13406,#13408,#13409))
REPRESENTATION_CONTEXT('','3D')
);
#13405=(
GEOMETRIC_REPRESENTATION_CONTEXT(3)
GLOBAL_UNCERTAINTY_ASSIGNED_CONTEXT((#13403))
GLOBAL_UNIT_ASSIGNED_CONTEXT((#13406,#13408,#13409))
REPRESENTATION_CONTEXT('','3D')
);
#13406=(
LENGTH_UNIT()
NAMED_UNIT(*)
SI_UNIT(.MILLI.,.METRE.)
);
#13407=(
LENGTH_UNIT()
NAMED_UNIT(*)
SI_UNIT($,.METRE.)
);
#13408=(
NAMED_UNIT(*)
PLANE_ANGLE_UNIT()
SI_UNIT($,.RADIAN.)
);
#13409=(
NAMED_UNIT(*)
SI_UNIT($,.STERADIAN.)
SOLID_ANGLE_UNIT()
);
#13410=SHAPE_DEFINITION_REPRESENTATION(#13411,#13412);
#13411=PRODUCT_DEFINITION_SHAPE('',$,#13414);
#13412=SHAPE_REPRESENTATION('',(#5008),#13404);
#13413=PRODUCT_DEFINITION_CONTEXT('part definition',#13418,'design');
#13414=PRODUCT_DEFINITION('2026-06-07-22-42-06-878','ConnectorPartA',#13415,
#13413);
#13415=PRODUCT_DEFINITION_FORMATION('',$,#13420);
#13416=PRODUCT_RELATED_PRODUCT_CATEGORY('ConnectorPartA',
'ConnectorPartA',(#13420));
#13417=APPLICATION_PROTOCOL_DEFINITION('international standard',
'automotive_design',2009,#13418);
#13418=APPLICATION_CONTEXT(
'Core Data for Automotive Mechanical Design Process');
#13419=PRODUCT_CONTEXT('part definition',#13418,'mechanical');
#13420=PRODUCT('2026-06-07-22-42-06-878','ConnectorPartA',$,(#13419));
#13421=PRESENTATION_STYLE_ASSIGNMENT((#13422));
#13422=SURFACE_STYLE_USAGE(.BOTH.,#13423);
#13423=SURFACE_SIDE_STYLE('',(#13424));
#13424=SURFACE_STYLE_FILL_AREA(#13425);
#13425=FILL_AREA_STYLE('Default',(#13426));
#13426=FILL_AREA_STYLE_COLOUR('Default',#13427);
#13427=COLOUR_RGB('Default',0.749019607843137,0.749019607843137,0.749019607843137);
ENDSEC;
END-ISO-10303-21;
